time_s,x,y,yaw_rad,speed_mps,command_speed_mps,steering_rad,tracking_error_m,center_error_m,minimum_clearance_m,planning_ms,planner_status,collision_count,progress_percent
0.100,0.00000,-0.00000,-0.00000,0.0000,0.0000,0.00000,inf,0.0000,3.2500,0.000,WAITING,0,0.00
0.200,-0.00133,0.00005,-0.00107,0.0684,0.1000,0.00557,0.0283,0.0001,3.2499,9.268,FEASIBLE,0,0.00
0.300,-0.00039,-0.00019,-0.00092,0.0210,0.3000,-0.01468,0.0061,0.0002,3.2498,9.387,FEASIBLE,0,0.00
0.400,0.00475,-0.00019,-0.00095,0.0833,0.5000,0.02793,0.0177,0.0002,3.2498,9.503,FEASIBLE,0,0.00
0.500,0.01867,-0.00012,-0.00087,0.1820,0.7000,0.02304,0.0074,0.0001,3.2499,9.304,FEASIBLE,0,0.00
0.600,0.04432,0.00009,-0.00063,0.3158,0.9000,0.00689,0.0123,0.0001,3.2499,9.670,FEASIBLE,0,0.00
0.700,0.08588,0.00050,-0.00018,0.4854,1.1000,0.00376,0.0268,0.0005,3.2495,9.219,FEASIBLE,0,0.00
0.800,0.14769,-0.00019,-0.00124,0.7167,1.3000,-0.00118,0.0133,0.0002,3.2498,9.616,FEASIBLE,0,0.00
0.900,0.25450,-0.00143,-0.00288,1.0044,1.6000,-0.00324,0.0002,0.0014,3.2486,9.582,FEASIBLE,0,0.50
1.000,0.34219,-0.00110,-0.00230,1.1483,1.7000,-0.00798,0.0165,0.0011,3.2489,9.382,FEASIBLE,0,0.50
1.102,0.49461,-0.00214,-0.00341,1.3630,2.0000,0.00372,0.0087,0.0021,3.2479,9.356,FEASIBLE,0,0.50
1.200,0.61110,-0.00337,-0.00456,1.5138,2.1000,-0.00958,0.0025,0.0034,3.2466,9.371,FEASIBLE,0,0.50
1.300,0.80394,-0.00481,-0.00444,1.7172,2.4000,-0.00398,0.0073,0.0048,3.2452,9.347,FEASIBLE,0,1.00
1.400,0.99444,-0.00585,-0.00449,1.9986,2.5000,0.01569,0.0125,0.0058,3.2442,9.237,FEASIBLE,0,1.00
1.500,1.16313,-0.00661,-0.00430,2.1754,2.7000,-0.00024,0.0134,0.0066,3.2434,9.292,FEASIBLE,0,1.00
1.600,1.39276,-0.00669,-0.00272,2.3668,2.9000,-0.01098,0.0037,0.0067,3.2433,9.449,FEASIBLE,0,1.50
1.700,1.63851,-0.00605,-0.00065,2.5177,3.1000,0.01760,0.0059,0.0060,3.2440,9.282,FEASIBLE,0,1.50
1.800,1.90149,-0.00809,-0.00248,2.7062,3.3000,0.00530,0.0007,0.0081,3.2419,9.353,FEASIBLE,0,2.00
1.900,2.18419,-0.01274,-0.00625,2.9075,3.5000,0.01318,0.0118,0.0127,3.2373,9.242,FEASIBLE,0,2.00
2.000,2.48753,-0.01488,-0.00588,3.1205,3.7000,0.02221,0.0066,0.0149,3.2351,9.397,FEASIBLE,0,2.50
2.100,2.81298,-0.01251,-0.00100,3.3416,3.9000,0.00764,0.0074,0.0125,3.2375,9.700,FEASIBLE,0,3.00
2.200,3.15889,-0.00917,0.00242,3.5401,4.1000,-0.00514,0.0013,0.0092,3.2408,9.312,FEASIBLE,0,3.00
2.300,3.52229,-0.00824,0.00150,3.7025,4.3000,0.00387,0.0001,0.0082,3.2418,9.895,FEASIBLE,0,3.50
2.400,3.90415,-0.00822,-0.00067,3.8948,4.5000,-0.00955,0.0193,0.0082,3.2418,9.833,FEASIBLE,0,4.00
2.500,4.30850,-0.00707,-0.00025,4.1481,4.7000,-0.00520,0.0075,0.0071,3.2429,9.549,FEASIBLE,0,4.50
2.600,4.73426,-0.00591,-0.00033,4.3330,4.9000,0.00469,0.0119,0.0059,3.2441,9.262,FEASIBLE,0,4.50
2.700,5.18024,-0.00817,-0.00309,4.5321,5.0000,0.00985,0.0014,0.0082,3.2418,9.413,FEASIBLE,0,5.00
2.800,5.64577,-0.01213,-0.00492,4.7307,5.0000,0.00517,0.0183,0.0121,3.2379,9.407,FEASIBLE,0,5.50
2.900,6.13037,-0.01386,-0.00259,4.9221,5.0000,0.01347,0.0033,0.0139,3.2361,9.284,FEASIBLE,0,6.00
3.000,6.62974,-0.01262,0.00203,4.9960,5.0000,0.00409,0.0082,0.0126,3.2374,10.204,FEASIBLE,0,6.50
3.100,7.12774,-0.00952,0.00527,4.9919,5.0000,-0.00830,0.0100,0.0095,3.2405,9.583,FEASIBLE,0,7.00
3.200,7.62765,-0.00798,0.00331,4.9808,5.0000,0.00665,0.0099,0.0080,3.2420,9.433,FEASIBLE,0,7.50
3.300,8.12483,-0.01182,-0.00247,4.9717,5.0000,-0.00580,0.0076,0.0118,3.2382,9.632,FEASIBLE,0,8.00
3.400,8.62176,-0.01709,-0.00713,4.9689,5.0000,0.01100,0.0207,0.0171,3.2329,9.827,FEASIBLE,0,8.50
3.500,9.12132,-0.02141,-0.00697,5.0176,5.0000,0.02224,0.0218,0.0214,3.2286,9.744,FEASIBLE,0,9.00
3.600,9.62454,-0.01993,-0.00194,5.0435,5.0000,0.02160,0.0219,0.0199,3.2301,9.452,FEASIBLE,0,9.50
3.700,10.12869,-0.01261,0.00702,5.0333,5.0000,0.00806,0.0048,0.0126,3.2374,9.490,FEASIBLE,0,10.00
3.800,10.63093,-0.00167,0.01531,5.0071,5.0000,-0.01103,0.0046,0.0017,3.2483,9.400,FEASIBLE,0,10.50
3.900,11.23665,0.00936,0.01649,5.0523,5.0000,-0.02645,0.0153,0.0094,3.2406,9.440,FEASIBLE,0,11.00
4.000,11.63618,0.01159,0.00975,4.9324,5.0000,-0.03615,0.0114,0.0116,3.2384,9.360,FEASIBLE,0,11.50
4.100,12.11776,0.00313,-0.00533,4.7338,5.0000,-0.01487,0.0020,0.0031,3.2469,9.245,FEASIBLE,0,12.00
4.200,12.58045,-0.01410,-0.02146,4.5698,5.0000,0.00742,0.0147,0.0141,3.2359,9.404,FEASIBLE,0,12.50
4.300,13.03032,-0.03538,-0.03284,4.4676,5.0000,0.04306,0.0265,0.0354,3.2146,9.386,FEASIBLE,0,13.00
4.400,13.47993,-0.05111,-0.03288,4.5513,4.7500,0.07269,0.0259,0.0511,3.1989,9.580,FEASIBLE,0,13.50
4.500,14.03266,-0.04802,-0.01078,4.6427,4.6221,0.07293,0.0299,0.0480,3.2020,9.922,FEASIBLE,0,14.00
4.600,14.40724,-0.02605,0.01908,4.7228,4.3721,0.02542,0.0009,0.0260,3.2240,9.205,FEASIBLE,0,14.50
4.700,14.88401,0.02819,0.06834,4.8591,3.9026,-0.05417,0.0301,0.0282,3.2218,9.873,FEASIBLE,0,15.00
4.800,15.37144,0.11209,0.12364,4.9810,3.7526,-0.12311,0.1169,0.1121,3.1379,9.609,FEASIBLE,0,15.50
4.900,15.85018,0.22080,0.17756,4.8548,3.2526,-0.20423,0.2093,0.2208,3.0292,9.369,FEASIBLE,0,16.00
5.000,16.31175,0.34641,0.22058,4.7468,2.7526,-0.28765,0.2996,0.3464,2.9036,9.498,FEASIBLE,0,16.50
5.100,16.75960,0.47608,0.24753,4.6059,2.2526,-0.40899,0.3861,0.4761,2.7739,9.795,FEASIBLE,0,17.00
5.200,17.18872,0.59231,0.24866,4.3495,1.8000,-0.46120,0.4117,0.5923,2.6577,9.422,FEASIBLE,0,17.00
5.300,17.59726,0.67469,0.21503,4.0765,1.3000,-0.50714,0.2953,0.6747,2.5753,9.386,FEASIBLE,0,17.50
5.400,17.97329,0.69627,0.14856,3.5941,1.0000,-0.49511,0.2249,0.6963,2.5537,9.750,FEASIBLE,0,18.00
5.500,18.30870,0.66490,0.05738,3.3450,1.0000,-0.53603,0.1470,0.6649,2.5851,9.876,FEASIBLE,0,18.50
5.600,18.61434,0.59943,-0.04108,2.9575,1.0000,-0.35510,0.1348,0.5994,2.6506,9.272,FEASIBLE,0,18.50
5.700,18.87499,0.51335,-0.13237,2.6869,1.0000,-0.30879,0.0314,0.5134,2.7366,9.380,FEASIBLE,0,19.00
5.800,19.11804,0.40517,-0.22149,2.6455,1.0000,-0.11785,0.0478,0.4052,2.8448,9.299,FEASIBLE,0,19.00
5.900,19.34676,0.28350,-0.30220,2.5652,1.0000,-0.04360,0.0034,0.2835,2.9665,9.745,FEASIBLE,0,19.50
6.000,19.55884,0.16135,-0.36715,2.3645,1.0000,0.18626,0.0230,0.1613,3.0887,9.308,FEASIBLE,0,19.50
6.100,19.74685,0.05329,-0.40938,2.0460,1.0000,0.33638,0.0881,0.0533,3.1967,9.589,FEASIBLE,0,19.50
6.200,19.90630,-0.03160,-0.42865,1.6515,1.0000,0.42073,0.1067,0.0316,3.2184,9.412,FEASIBLE,0,20.00
6.300,20.03257,-0.08719,-0.42692,1.2205,1.0000,0.51514,0.0789,0.0872,3.1628,9.567,FEASIBLE,0,20.00
6.400,20.12888,-0.11469,-0.40750,0.8896,1.0000,0.51000,0.0336,0.1147,3.1353,9.620,FEASIBLE,0,20.00
6.500,20.20464,-0.12583,-0.38083,0.6948,1.0000,0.52019,0.0388,0.1258,3.1242,9.806,FEASIBLE,0,20.00
6.600,20.26151,-0.13114,-0.35897,0.4996,1.0000,0.50487,0.0133,0.1311,3.1189,9.531,FEASIBLE,0,20.50
6.700,20.30087,-0.13390,-0.34368,0.3334,1.0000,0.61090,0.0156,0.1339,3.1161,9.619,FEASIBLE,0,20.50
6.800,20.32725,-0.13555,-0.33334,0.2280,1.0000,0.61090,0.0025,0.1356,3.1144,9.497,FEASIBLE,0,20.50
6.900,20.34918,-0.13807,-0.32391,0.1637,1.0000,0.61090,0.0110,0.1381,3.1119,9.938,FEASIBLE,0,20.50
7.000,20.36135,-0.14104,-0.31771,0.1580,1.0000,0.61090,0.0135,0.1410,3.1090,9.616,FEASIBLE,0,20.50
7.100,20.38871,-0.14150,-0.30719,0.3097,1.0000,0.61090,0.0022,0.1415,3.1085,9.603,FEASIBLE,0,20.50
7.200,20.43038,-0.14823,-0.29813,0.5256,1.0000,0.59010,0.0240,0.1482,3.1018,9.562,FEASIBLE,0,20.50
7.300,20.47850,-0.16131,-0.29647,0.4804,1.0000,0.49713,0.0285,0.1613,3.0887,9.434,FEASIBLE,0,20.50
7.400,20.52235,-0.17866,-0.30249,0.4799,1.0000,0.61090,0.0021,0.1787,3.0713,9.604,FEASIBLE,0,20.50
7.504,20.57727,-0.20906,-0.32012,0.5712,1.0000,0.51867,0.0913,0.2091,3.0409,9.725,FEASIBLE,0,20.50
7.600,20.63093,-0.24676,-0.34477,0.7260,1.0000,0.47386,0.0906,0.2468,3.0032,9.124,FEASIBLE,0,20.50
7.702,20.70085,-0.29855,-0.37826,0.9698,1.0000,0.56410,0.1067,0.2986,2.9514,10.181,FEASIBLE,0,20.50
7.802,20.78826,-0.36882,-0.42176,1.2287,1.0000,0.57770,0.1034,0.3688,2.8812,9.361,FEASIBLE,0,21.00
7.904,20.89080,-0.45877,-0.47430,1.4359,1.0000,0.61090,0.1893,0.4588,2.7912,9.686,FEASIBLE,0,21.00
8.000,20.98069,-0.53733,-0.51265,1.5311,1.0000,0.61090,0.1602,0.5373,2.7127,9.998,FEASIBLE,0,21.00
8.100,21.13073,-0.65230,-0.54683,1.6032,1.0000,0.61090,0.1714,0.6523,2.5977,10.414,FEASIBLE,0,21.00
8.200,21.26743,-0.73700,-0.54968,1.6080,1.0000,0.61090,0.2157,0.7370,2.5130,9.518,FEASIBLE,0,21.50
8.300,21.38094,-0.79264,-0.53562,1.5699,1.0000,0.61090,0.1872,0.7926,2.4574,9.319,FEASIBLE,0,21.50
8.400,21.55215,-0.84996,-0.48950,1.5145,1.0000,0.61090,0.1532,0.8500,2.4000,9.615,FEASIBLE,0,21.50
8.500,21.67103,-0.87430,-0.44613,1.4809,1.0000,0.61090,0.1433,0.8743,2.3757,9.617,FEASIBLE,0,21.50
8.600,21.80197,-0.89276,-0.39630,1.2044,1.0000,0.61090,0.1576,0.8928,2.3572,9.409,FEASIBLE,0,22.00
8.700,21.90232,-0.90187,-0.35764,0.8817,1.0000,0.61090,0.0708,0.9019,2.3481,9.546,FEASIBLE,0,22.00
8.800,21.97266,-0.90600,-0.33062,0.5840,1.0000,0.61090,0.0634,0.9060,2.3440,9.397,FEASIBLE,0,22.00
8.900,22.01353,-0.90744,-0.31493,0.3003,1.0000,0.61090,0.0155,0.9074,2.3426,9.647,FEASIBLE,0,22.00
9.000,22.03299,-0.90796,-0.30755,0.1323,1.0000,0.61090,0.0438,0.9080,2.3420,9.644,FEASIBLE,0,22.00
9.100,22.03960,-0.90810,-0.30503,0.0312,1.0000,0.61090,0.0321,0.9081,2.3419,10.004,FEASIBLE,0,22.00
9.200,22.03979,-0.90828,-0.30519,0.0226,1.0000,0.61090,0.0202,0.9083,2.3417,9.431,FEASIBLE,0,22.00
9.300,22.03833,-0.90995,-0.30800,0.0215,1.0000,0.61090,0.0170,0.9099,2.3401,9.895,FEASIBLE,0,22.00
9.400,22.04574,-0.91388,-0.31015,0.1334,1.0000,0.61090,0.0102,0.9139,2.3361,9.446,FEASIBLE,0,22.00
9.500,22.06563,-0.92441,-0.31580,0.2933,1.0000,0.61090,0.0234,0.9244,2.3256,9.435,FEASIBLE,0,22.00
9.600,22.10056,-0.94627,-0.32966,0.5018,1.0000,0.61090,0.0224,0.9463,2.3037,9.527,FEASIBLE,0,22.00
9.700,22.15373,-0.98307,-0.35378,0.7448,1.0000,0.61090,0.0492,0.9831,2.2669,9.860,FEASIBLE,0,22.00
9.800,22.22517,-1.03622,-0.38769,0.9891,1.0000,0.61090,0.0788,1.0362,2.2138,9.588,FEASIBLE,0,22.00
9.900,22.31313,-1.10260,-0.42532,1.1752,1.0000,0.61090,0.1234,1.1026,2.1474,9.823,FEASIBLE,0,22.50
10.000,22.41963,-1.17302,-0.45246,1.3348,1.0000,0.61090,0.1264,1.1730,2.0770,9.437,FEASIBLE,0,22.50
10.100,22.54323,-1.23998,-0.46169,1.4475,1.0000,0.61090,0.1581,1.2400,2.0100,9.802,FEASIBLE,0,22.50
10.200,22.68308,-1.29554,-0.44712,1.5299,1.0000,0.61090,0.1831,1.2955,1.9545,9.528,FEASIBLE,0,22.50
10.302,22.86405,-1.33783,-0.39897,1.5727,1.0000,0.61090,0.2338,1.3378,1.9122,9.925,FEASIBLE,0,23.00
10.400,22.98970,-1.35192,-0.35426,1.5608,1.1000,0.61090,0.1108,1.3519,1.8981,10.657,FEASIBLE,0,23.00
10.500,23.13507,-1.35886,-0.30002,1.3720,1.3000,0.61090,0.1011,1.3589,1.8911,10.325,FEASIBLE,0,23.00
10.600,23.25844,-1.35828,-0.25327,1.1324,1.5000,0.61090,0.0817,1.3583,1.8917,9.596,FEASIBLE,0,23.50
10.700,23.35814,-1.35350,-0.21533,0.9118,1.7000,0.61090,0.0957,1.3535,1.8965,10.146,FEASIBLE,0,23.50
10.800,23.43566,-1.34731,-0.18566,0.6844,1.9000,0.61090,0.0511,1.3473,1.9027,9.667,FEASIBLE,0,23.50
10.900,23.49081,-1.34125,-0.16429,0.4707,2.1000,0.61090,0.0299,1.3413,1.9087,9.587,FEASIBLE,0,23.50
11.000,23.52264,-1.33753,-0.15196,0.1757,2.2882,0.61090,0.0312,1.3375,1.9125,9.415,FEASIBLE,0,23.50
11.100,23.52991,-1.33667,-0.14918,0.0558,2.2882,0.61090,0.0007,1.3367,1.9133,9.668,FEASIBLE,0,23.50
11.202,23.53707,-1.33579,-0.14644,0.0763,2.2882,0.61090,0.0097,1.3358,1.9142,9.626,FEASIBLE,0,23.50
11.302,23.54943,-1.33425,-0.14170,0.1657,2.2882,0.61090,0.0036,1.3342,1.9158,9.372,FEASIBLE,0,23.50
11.400,23.57456,-1.33091,-0.13207,0.3208,2.2882,0.61090,0.0056,1.3309,1.9191,9.231,FEASIBLE,0,23.50
11.500,23.61868,-1.32422,-0.11506,0.5380,2.2882,0.61090,0.0163,1.3242,1.9258,9.314,FEASIBLE,0,23.50
11.600,23.67106,-1.31477,-0.09462,0.7429,2.2882,0.61090,0.0492,1.3148,1.9352,9.505,FEASIBLE,0,23.50
11.700,23.75878,-1.29616,-0.06010,1.0011,2.2049,0.57810,0.0366,1.2962,1.9538,9.283,FEASIBLE,0,24.00
11.800,23.87191,-1.26909,-0.01566,1.2681,2.0796,0.56594,0.0442,1.2691,1.9809,9.271,FEASIBLE,0,24.00
11.900,24.03922,-1.22058,0.05074,1.5839,1.8296,0.61090,0.0899,1.2206,2.0294,10.031,FEASIBLE,0,24.00
12.000,24.16902,-1.17570,0.10291,1.8005,1.3296,0.61090,0.0428,1.1757,2.0743,9.494,FEASIBLE,0,24.00
12.100,24.34615,-1.09888,0.17705,2.0422,1.0000,0.47127,0.0797,1.0989,2.1511,9.765,FEASIBLE,0,24.50
12.200,24.53943,-0.99630,0.26123,2.2942,1.0000,0.35244,0.0113,0.9963,2.2537,9.187,FEASIBLE,0,24.50
12.300,24.74359,-0.86369,0.35496,2.5378,1.0000,0.21281,0.0087,0.8637,2.3863,9.294,FEASIBLE,0,24.50
12.400,24.94437,-0.70405,0.45383,2.5945,1.0000,0.00337,0.0708,0.7040,2.5460,9.371,FEASIBLE,0,25.00
12.500,25.13291,-0.52505,0.54989,2.5863,1.0000,-0.17806,0.0966,0.5250,2.7250,9.301,FEASIBLE,0,25.00
12.600,25.31353,-0.34551,0.62021,2.5197,1.0000,-0.31830,0.1349,0.3455,2.9045,9.227,FEASIBLE,0,25.50
12.700,25.49201,-0.17851,0.65460,2.4012,1.0000,-0.47269,0.0750,0.1785,3.0715,9.506,FEASIBLE,0,25.50
12.800,25.68020,-0.03543,0.65240,2.3613,1.0000,-0.61090,0.1506,0.0354,3.2146,10.333,FEASIBLE,0,25.50
12.900,25.87649,0.07461,0.61525,2.2068,1.0000,-0.61090,0.1240,0.0746,3.1754,9.400,FEASIBLE,0,26.00
13.000,26.08062,0.15452,0.54923,2.0773,1.0000,-0.61090,0.1203,0.1545,3.0955,9.484,FEASIBLE,0,26.00
13.100,26.25845,0.20015,0.48095,1.6793,1.0000,-0.61090,0.1028,0.2002,3.0498,9.623,FEASIBLE,0,26.50
13.200,26.39892,0.22535,0.42590,1.2759,1.0000,-0.61090,0.0737,0.2254,3.0246,9.506,FEASIBLE,0,26.50
13.300,26.50090,0.23824,0.38598,0.8735,1.0000,-0.61090,0.0566,0.2382,3.0118,9.464,FEASIBLE,0,26.50
13.400,26.56184,0.24343,0.36262,0.4363,1.0000,-0.61090,0.0522,0.2434,3.0066,9.525,FEASIBLE,0,26.50
13.500,26.58037,0.24494,0.35530,0.0206,1.0000,-0.61090,0.0537,0.2449,3.0051,9.549,FEASIBLE,0,26.50
13.600,26.56521,0.24214,0.35937,0.2856,1.0000,-0.61090,0.0221,0.2421,3.0079,9.670,FEASIBLE,0,26.50
13.700,26.51813,0.23164,0.36891,0.6062,1.0000,-0.61090,0.0406,0.2316,3.0184,9.420,FEASIBLE,0,26.50
13.800,26.44651,0.21534,0.38582,0.8292,1.0000,-0.61090,0.1152,0.2153,3.0347,10.084,FEASIBLE,0,26.50
13.900,26.35931,0.19466,0.40667,0.9390,1.0000,-0.61090,0.1254,0.1947,3.0553,9.368,FEASIBLE,0,26.50
14.000,26.26731,0.16734,0.42328,0.9658,1.0000,-0.61090,0.1115,0.1673,3.0827,9.763,FEASIBLE,0,26.50
14.100,26.18194,0.13158,0.42820,0.8990,1.0000,-0.60736,0.1368,0.1316,3.1184,10.289,FEASIBLE,0,26.00
14.200,26.11117,0.08875,0.41633,0.7546,1.0000,-0.56440,0.1151,0.0887,3.1613,9.962,FEASIBLE,0,26.00
14.304,26.04137,0.03746,0.38834,0.6787,1.0000,-0.51796,0.1186,0.0375,3.2125,9.817,FEASIBLE,0,26.00
14.400,25.99744,0.00404,0.36738,0.4586,1.0000,-0.45277,0.0916,0.0040,3.2460,9.999,FEASIBLE,0,26.00
14.500,25.97284,-0.01423,0.35550,0.2054,1.0000,-0.54054,0.0739,0.0142,3.2358,9.846,FEASIBLE,0,26.00
14.600,25.96933,-0.01730,0.35317,0.0678,1.0000,-0.51737,0.0275,0.0173,3.2327,9.684,FEASIBLE,0,26.00
14.704,25.99453,-0.00576,0.35616,0.4093,1.0000,-0.51290,0.0108,0.0058,3.2442,9.654,FEASIBLE,0,26.00
14.800,26.04679,0.01271,0.35499,0.6502,1.0000,-0.40312,0.0441,0.0127,3.2373,12.803,FEASIBLE,0,26.00
14.900,26.12149,0.02982,0.34170,0.8221,1.0000,-0.41694,0.0245,0.0298,3.2202,10.220,FEASIBLE,0,26.00
15.000,26.18996,0.04182,0.32628,0.9218,1.0000,-0.40338,0.0191,0.0418,3.2082,12.006,FEASIBLE,0,26.00
15.100,26.28998,0.06641,0.31495,1.1074,1.0000,-0.41667,0.0061,0.0664,3.1836,10.523,FEASIBLE,0,26.50
15.200,26.42762,0.10872,0.31190,1.2620,1.0000,-0.41248,0.0689,0.1087,3.1413,9.916,FEASIBLE,0,26.50
15.300,26.52581,0.13947,0.31058,1.3053,1.0000,-0.44167,0.0708,0.1395,3.1105,10.578,FEASIBLE,0,26.50
15.400,26.65133,0.17358,0.30209,1.3012,1.0000,-0.42768,0.0727,0.1736,3.0764,9.591,FEASIBLE,0,26.50
15.500,26.77516,0.19629,0.27914,1.2299,1.0000,-0.44697,0.0633,0.1963,3.0537,9.697,FEASIBLE,0,27.00
15.600,26.88093,0.19968,0.24536,0.9457,1.0000,-0.43773,0.0636,0.1997,3.0503,9.974,FEASIBLE,0,27.00
15.700,26.95755,0.19619,0.21628,0.6650,1.0000,-0.46688,0.0225,0.1962,3.0538,10.106,FEASIBLE,0,27.00
15.800,27.01021,0.19203,0.19571,0.4519,1.0000,-0.46413,0.0192,0.1920,3.0580,9.862,FEASIBLE,0,27.00
15.900,27.04566,0.18856,0.18177,0.3048,1.0000,-0.46052,0.0025,0.1886,3.0614,10.085,FEASIBLE,0,27.00
16.000,27.07028,0.18579,0.17206,0.2209,1.0000,-0.45810,0.0357,0.1858,3.0642,10.510,FEASIBLE,0,27.00
16.100,27.09024,0.18298,0.16408,0.1986,1.0000,-0.43678,0.0121,0.1830,3.0670,9.957,FEASIBLE,0,27.00
16.200,27.11201,0.17968,0.15537,0.2476,1.0000,-0.43340,0.0038,0.1797,3.0703,10.035,FEASIBLE,0,27.00
16.300,27.14234,0.17570,0.14343,0.3567,1.0000,-0.40277,0.0109,0.1757,3.0743,10.240,FEASIBLE,0,27.00
16.400,27.18718,0.16915,0.12578,0.5301,1.0000,-0.41632,0.0271,0.1692,3.0808,9.380,FEASIBLE,0,27.00
16.500,27.25269,0.15848,0.10032,0.7663,1.0000,-0.26394,0.0200,0.1585,3.0915,9.540,FEASIBLE,0,27.50
16.600,27.34266,0.14533,0.07100,1.0161,1.0000,-0.24966,0.0061,0.1453,3.1047,9.303,FEASIBLE,0,27.50
16.700,27.45751,0.13581,0.04804,1.2103,1.0000,-0.26826,0.0057,0.1358,3.1142,9.860,FEASIBLE,0,27.50
16.800,27.58109,0.13287,0.03650,1.2550,1.0000,-0.22156,0.0091,0.1329,3.1171,10.562,FEASIBLE,0,27.50
16.900,27.70538,0.13176,0.02910,1.2355,1.0000,-0.16838,0.0082,0.1318,3.1182,11.313,FEASIBLE,0,27.50
17.000,27.82475,0.12720,0.01859,1.1724,1.0000,-0.14781,0.0199,0.1272,3.1228,10.202,FEASIBLE,0,28.00
17.100,27.93470,0.11848,0.00450,1.0533,1.0000,-0.16623,0.0046,0.1185,3.1315,9.438,FEASIBLE,0,28.00
17.200,28.03075,0.10877,-0.00879,0.9153,1.0000,-0.14853,0.0159,0.1088,3.1412,9.766,FEASIBLE,0,28.00
17.300,28.11426,0.10000,-0.01936,0.8003,1.0000,-0.09950,0.0105,0.1000,3.1500,10.236,FEASIBLE,0,28.00
17.400,28.19021,0.08933,-0.03163,0.7671,1.0000,-0.05971,0.0049,0.0893,3.1607,9.477,FEASIBLE,0,28.00
17.500,28.26850,0.07442,-0.04806,0.8312,1.0000,-0.02007,0.0003,0.0744,3.1756,9.730,FEASIBLE,0,28.50
17.600,28.35628,0.05742,-0.06475,0.9463,1.0000,0.03328,0.0114,0.0574,3.1926,10.090,FEASIBLE,0,28.50
17.700,28.45727,0.04311,-0.07453,1.0667,1.0000,0.01626,0.0052,0.0431,3.2069,10.508,FEASIBLE,0,28.50
17.802,28.58700,0.03748,-0.06867,1.0803,1.0000,0.05288,0.0271,0.0375,3.2125,9.938,FEASIBLE,0,28.50
17.902,28.67054,0.04079,-0.05637,1.0243,1.0000,0.07842,0.0027,0.0408,3.2092,9.745,FEASIBLE,0,28.50
18.000,28.76547,0.04878,-0.03847,0.9121,1.0000,0.05055,0.0162,0.0488,3.2012,11.541,FEASIBLE,0,29.00
18.100,28.85695,0.05716,-0.02313,0.9360,1.0000,-0.01637,0.0068,0.0572,3.1928,9.652,FEASIBLE,0,29.00
18.200,28.95284,0.05887,-0.01791,0.9809,1.0000,-0.05020,0.0261,0.0589,3.1911,10.129,FEASIBLE,0,29.00
18.300,29.05397,0.04944,-0.02744,1.0474,1.0000,-0.03364,0.0259,0.0494,3.2006,9.428,FEASIBLE,0,29.00
18.400,29.15617,0.03172,-0.04683,1.0414,1.0000,0.01653,0.0003,0.0317,3.2183,9.549,FEASIBLE,0,29.00
18.500,29.25808,0.00906,-0.07024,1.0382,1.0000,0.06853,0.0244,0.0091,3.2409,9.837,FEASIBLE,0,29.50
18.600,29.35586,-0.01460,-0.09209,0.9920,1.0000,0.09038,0.0417,0.0146,3.2354,10.539,FEASIBLE,0,29.50
18.700,29.45234,-0.03520,-0.10712,0.9906,1.0000,0.15637,0.0172,0.0352,3.2148,9.354,FEASIBLE,0,29.50
18.800,29.55280,-0.04725,-0.10834,1.0333,1.0000,0.18951,0.0089,0.0472,3.2028,10.271,FEASIBLE,0,29.50
18.900,29.64450,-0.04658,-0.09462,0.9182,1.0000,0.18147,0.0174,0.0466,3.2034,9.579,FEASIBLE,0,29.50
19.000,29.73712,-0.03632,-0.06853,0.9431,1.0000,0.17792,0.0127,0.0363,3.2137,9.328,FEASIBLE,0,29.50
19.100,29.82799,-0.01877,-0.03701,0.9192,1.0000,0.13627,0.0008,0.0188,3.2312,9.179,FEASIBLE,0,30.00
19.200,29.91966,0.00161,-0.00554,0.9625,1.1000,0.08642,0.0284,0.0016,3.2484,9.619,FEASIBLE,0,30.00
19.300,30.04047,0.02189,0.02084,1.0737,1.4000,-0.04164,0.0409,0.0219,3.2281,10.583,FEASIBLE,0,30.00
19.400,30.13101,0.02715,0.02402,1.1724,1.5000,-0.03242,0.0029,0.0271,3.2229,9.514,FEASIBLE,0,30.00
19.500,30.25536,0.02255,0.01058,1.2904,1.7000,-0.03485,0.0171,0.0225,3.2275,10.963,FEASIBLE,0,30.50
19.600,30.38473,0.00218,-0.01770,1.3472,1.9000,-0.02868,0.0243,0.0022,3.2478,10.353,FEASIBLE,0,30.50
19.700,30.52371,-0.02946,-0.05432,1.4862,2.1000,0.04912,0.0287,0.0295,3.2205,9.508,FEASIBLE,0,30.50
19.800,30.67814,-0.06920,-0.09300,1.6719,2.3000,0.10958,0.0390,0.0692,3.1808,10.547,FEASIBLE,0,30.50
19.900,30.85296,-0.11323,-0.12700,1.8855,2.5000,0.17468,0.0718,0.1132,3.1368,10.413,FEASIBLE,0,31.00
20.000,31.05399,-0.15793,-0.15006,2.1886,2.7000,0.23239,0.0937,0.1579,3.0921,10.444,FEASIBLE,0,31.00
20.100,31.28578,-0.19790,-0.15575,2.4331,2.9000,0.28710,0.1197,0.1979,3.0521,11.052,FEASIBLE,0,31.50
20.200,31.53771,-0.22288,-0.13816,2.5976,2.4000,0.32041,0.1031,0.2229,3.0271,11.628,FEASIBLE,0,31.50
20.300,31.80708,-0.22484,-0.09597,2.7622,2.2500,0.30755,0.0822,0.2248,3.0252,10.562,FEASIBLE,0,32.00
20.400,32.09175,-0.19644,-0.02988,2.9236,2.1000,0.22620,0.0757,0.1964,3.0536,9.995,FEASIBLE,0,32.00
20.500,32.38458,-0.13431,0.05496,3.0348,1.9500,0.11041,0.0208,0.1343,3.1157,9.873,FEASIBLE,0,32.50
20.600,32.67426,-0.03934,0.15062,3.0511,1.9000,-0.02922,0.0698,0.0393,3.2107,9.366,FEASIBLE,0,32.50
20.704,33.00053,0.11341,0.26898,2.9730,2.1000,-0.19378,0.1607,0.1134,3.1366,9.734,FEASIBLE,0,33.00
20.800,33.20308,0.23552,0.34417,2.9463,2.3000,-0.33165,0.2049,0.2355,3.0145,9.396,FEASIBLE,0,33.00
20.904,33.49884,0.43549,0.44322,2.9573,1.8000,-0.50059,0.3275,0.4355,2.8145,9.556,FEASIBLE,0,33.50
21.006,33.73361,0.60590,0.50489,2.8623,1.4000,-0.61090,0.3727,0.6059,2.6441,10.017,FEASIBLE,0,33.50
21.100,33.91690,0.73733,0.53408,2.7973,1.5000,-0.61090,0.3501,0.7373,2.5127,10.111,FEASIBLE,0,34.00
21.200,34.14686,0.88068,0.53919,2.6508,1.3500,-0.61090,0.2325,0.8807,2.3693,10.517,FEASIBLE,0,34.00
21.302,34.37934,0.98810,0.50503,2.5024,1.5500,-0.61090,0.3028,0.9881,2.2619,10.775,FEASIBLE,0,34.50
21.402,34.63831,1.05952,0.42831,2.0355,1.4000,-0.61090,0.2272,1.0595,2.1905,10.500,FEASIBLE,0,34.50
21.502,34.81910,1.08385,0.36101,1.6914,1.7000,-0.61090,0.1412,1.0839,2.1661,11.841,FEASIBLE,0,35.00
21.600,34.94206,1.09202,0.31398,1.4567,1.8000,-0.61090,0.1524,1.0920,2.1580,10.944,FEASIBLE,0,35.00
21.700,35.09651,1.09360,0.25461,1.1795,1.9000,-0.61090,0.1101,1.0936,2.1564,10.281,FEASIBLE,0,35.00
21.800,35.18386,1.09025,0.22095,1.0449,2.1000,-0.61090,0.0759,1.0902,2.1598,10.658,FEASIBLE,0,35.00
21.900,35.28054,1.08261,0.18347,0.9263,2.3000,-0.61090,0.0644,1.0826,2.1674,11.729,FEASIBLE,0,35.50
22.000,35.36711,1.07113,0.15016,0.8486,2.5000,-0.61090,0.0292,1.0711,2.1789,10.430,FEASIBLE,0,35.50
22.100,35.45267,1.05758,0.11771,0.8996,2.7000,-0.61090,0.0462,1.0576,2.1924,10.337,FEASIBLE,0,35.50
22.200,35.54439,1.04168,0.08237,0.9630,2.9000,-0.61090,0.0430,1.0417,2.2083,14.243,FEASIBLE,0,35.50
22.300,35.64254,1.02070,0.04381,1.0195,3.1000,-0.61090,0.0440,1.0207,2.2293,12.249,FEASIBLE,0,35.50
22.400,35.76180,0.98965,-0.00366,1.0391,3.3000,-0.48156,0.0347,0.9896,2.2603,11.509,FEASIBLE,0,36.00
22.500,35.84387,0.96468,-0.03671,1.0971,3.5000,-0.44435,0.0349,0.9647,2.2853,10.867,FEASIBLE,0,36.00
22.600,35.95425,0.92637,-0.08168,1.2239,3.7000,-0.38857,0.0098,0.9264,2.3236,10.875,FEASIBLE,0,36.00
22.700,36.07675,0.87779,-0.13158,1.3699,3.7424,-0.33464,0.0234,0.8778,2.3722,10.234,FEASIBLE,0,36.00
22.800,36.21486,0.82480,-0.17556,1.5646,3.6612,-0.23717,0.0030,0.8248,2.4252,11.975,FEASIBLE,0,36.00
22.900,36.37728,0.76908,-0.20898,1.8243,3.6538,-0.26581,0.0850,0.7691,2.4809,11.174,FEASIBLE,0,36.50
23.000,36.56585,0.70653,-0.23648,2.0953,3.5618,-0.24419,0.0327,0.7065,2.5435,10.686,FEASIBLE,0,36.50
23.100,36.77633,0.63183,-0.26527,2.3171,3.4134,-0.13209,0.0343,0.6318,2.6182,10.586,FEASIBLE,0,37.00
23.200,37.05183,0.51802,-0.30941,2.6098,3.1634,-0.06228,0.0284,0.5180,2.7320,9.676,FEASIBLE,0,37.00
23.300,37.24949,0.42503,-0.34383,2.8004,2.9075,0.07735,0.0578,0.4250,2.8250,10.051,FEASIBLE,0,37.00
23.400,37.50316,0.28867,-0.38673,2.8963,2.7887,0.15755,0.0091,0.2887,2.9613,9.564,FEASIBLE,0,37.50
23.500,37.76933,0.14312,-0.42542,3.0918,2.5903,0.29205,0.0899,0.1431,3.1069,9.779,FEASIBLE,0,38.00
23.600,38.04745,-0.00211,-0.45261,3.1742,2.3403,0.42966,0.1059,0.0021,3.2479,10.014,FEASIBLE,0,38.00
23.700,38.34470,-0.15568,-0.46143,3.4394,2.0319,0.52052,0.1876,0.1557,3.0943,10.267,FEASIBLE,0,38.50
23.800,38.64182,-0.28427,-0.45158,3.2418,1.7002,0.57329,0.2378,0.2843,2.9657,10.270,FEASIBLE,0,38.50
23.900,38.93918,-0.41681,-0.41518,3.2501,1.2002,0.61090,0.2776,0.4168,2.8332,10.912,FEASIBLE,0,39.00
24.000,39.25457,-0.51717,-0.35346,3.3944,1.0000,0.61090,0.1996,0.5172,2.7328,10.486,FEASIBLE,0,39.50
24.104,39.68171,-0.56475,-0.25948,3.4715,1.0000,0.58645,0.3495,0.5647,2.6852,10.518,FEASIBLE,0,39.50
24.202,39.95751,-0.56181,-0.18545,3.4132,1.0000,0.52392,0.1382,0.5618,2.6881,9.546,FEASIBLE,0,40.00
24.302,40.26682,-0.51836,-0.06321,3.0662,1.0000,0.48693,0.0685,0.5184,2.7316,9.480,FEASIBLE,0,40.50
24.402,40.54250,-0.44075,0.05312,2.7856,1.0000,0.39261,0.1144,0.4408,2.8092,9.476,FEASIBLE,0,40.50
24.502,40.79535,-0.35046,0.15295,2.5938,1.1000,0.25299,0.0295,0.3505,2.8994,10.526,FEASIBLE,0,41.00
24.600,41.04955,-0.21892,0.26492,2.1875,1.2000,-0.01486,0.0083,0.2189,3.0310,11.059,FEASIBLE,0,41.00
24.700,41.18665,-0.13026,0.32781,1.9523,1.3000,-0.17125,0.0784,0.1303,3.1196,10.245,FEASIBLE,0,41.00
24.800,41.35481,-0.00248,0.40938,1.6268,1.5000,-0.29690,0.1188,0.0025,3.2474,9.783,FEASIBLE,0,41.50
24.900,41.44537,0.07723,0.45616,1.4394,1.7000,-0.41958,0.1390,0.0772,3.1726,9.679,FEASIBLE,0,41.50
25.000,41.53852,0.16937,0.50723,1.2269,1.9000,-0.59429,0.1200,0.1694,3.0805,9.374,FEASIBLE,0,41.50
25.100,41.61625,0.25186,0.55133,1.0754,2.1000,-0.61090,0.1169,0.2519,2.9980,9.463,FEASIBLE,0,41.50
25.200,41.68042,0.31903,0.58290,0.8262,2.3000,-0.61090,0.1052,0.3190,2.9308,9.461,FEASIBLE,0,41.50
25.300,41.75453,0.37771,0.59290,1.1068,2.5000,-0.61090,0.0955,0.3777,2.8721,9.428,FEASIBLE,0,42.00
25.400,41.84556,0.43354,0.58579,1.0113,2.7000,-0.61090,0.0932,0.4335,2.8163,9.503,FEASIBLE,0,42.00
25.500,41.95075,0.47850,0.55900,0.9382,2.9000,-0.61090,0.0974,0.4785,2.7713,9.755,FEASIBLE,0,42.00
25.602,42.04052,0.50460,0.52580,0.9402,3.2000,-0.61090,0.0815,0.5046,2.7452,9.472,FEASIBLE,0,42.00
25.700,42.11611,0.52179,0.49601,1.0010,3.3000,-0.61090,0.0924,0.5218,2.7280,9.513,FEASIBLE,0,42.00
25.800,42.22123,0.54271,0.45477,1.1264,3.5000,-0.61090,0.0545,0.5427,2.7071,9.463,FEASIBLE,0,42.00
25.900,42.34236,0.56125,0.40752,1.2930,3.7000,-0.61090,0.1347,0.5612,2.6885,9.335,FEASIBLE,0,42.50
26.000,42.47613,0.57878,0.36048,1.3980,3.9000,-0.61090,0.0751,0.5788,2.6709,9.564,FEASIBLE,0,42.50
26.100,42.65726,0.60961,0.31750,1.6408,4.1000,-0.61090,0.1080,0.6096,2.6401,9.594,FEASIBLE,0,42.50
26.200,42.79604,0.63577,0.29408,1.8405,4.3000,-0.61090,0.1243,0.6358,2.6139,9.627,FEASIBLE,0,43.00
26.300,42.99204,0.66976,0.26415,2.0856,4.1500,-0.61090,0.1628,0.6698,2.5799,9.420,FEASIBLE,0,43.00
26.400,43.21299,0.69709,0.22558,2.3192,3.6500,-0.61090,0.1501,0.6971,2.5525,9.688,FEASIBLE,0,43.00
26.500,43.45882,0.70687,0.16941,2.5553,3.5000,-0.61090,0.1537,0.7069,2.5426,9.318,FEASIBLE,0,43.50
26.600,43.72934,0.68532,0.08700,2.8114,3.3500,-0.51690,0.1287,0.6853,2.5642,9.962,FEASIBLE,0,43.50
26.700,43.99999,0.63038,-0.00990,2.7717,3.2000,-0.48413,0.1099,0.6304,2.6190,10.568,FEASIBLE,0,44.00
26.800,44.28253,0.53573,-0.11358,3.1141,3.0500,-0.31420,0.0266,0.5357,2.7134,9.352,FEASIBLE,0,44.50
26.900,44.58521,0.41131,-0.21845,3.3096,2.9000,-0.10517,0.0013,0.4113,2.8379,10.504,FEASIBLE,0,44.50
27.000,44.88484,0.25698,-0.31640,3.3922,3.1000,0.16539,0.0123,0.2570,2.9919,10.255,FEASIBLE,0,45.00
27.100,45.17786,0.08237,-0.40260,3.4236,2.9500,0.29598,0.0528,0.0824,3.1666,10.733,FEASIBLE,0,45.00
27.200,45.46603,-0.10443,-0.47163,3.4304,2.9000,0.53814,0.1839,0.1044,3.1442,10.759,FEASIBLE,0,45.50
27.300,45.74833,-0.29341,-0.51846,3.3656,3.0000,0.59461,0.2715,0.2934,2.9552,10.685,FEASIBLE,0,45.50
27.400,46.02527,-0.47417,-0.54175,3.2638,2.5000,0.61090,0.3526,0.4742,2.7740,11.526,FEASIBLE,0,46.00
27.502,46.35187,-0.67175,-0.53881,3.1133,2.0000,0.61090,0.4253,0.6718,2.5760,11.325,FEASIBLE,0,46.50
27.604,46.63010,-0.80933,-0.51032,3.0687,1.2500,0.61090,0.3863,0.8093,2.4384,11.187,FEASIBLE,0,46.50
27.700,46.90514,-0.91461,-0.45999,2.9078,1.3500,0.61090,0.3492,0.9146,2.3325,11.645,FEASIBLE,0,47.00
27.800,47.12123,-0.97027,-0.40441,2.7333,1.3000,0.61090,0.2526,0.9703,2.2768,11.478,FEASIBLE,0,47.00
27.900,47.43745,-1.00413,-0.29653,2.6153,1.6000,0.61090,0.2260,1.0041,2.2422,10.869,FEASIBLE,0,47.50
28.000,47.63875,-1.00082,-0.22034,2.4458,1.7000,0.61090,0.1536,1.0008,2.2455,10.527,FEASIBLE,0,47.50
28.100,47.86482,-0.97764,-0.13275,2.1529,1.9000,0.61090,0.1240,0.9776,2.2678,10.813,FEASIBLE,0,48.00
28.200,48.05948,-0.94110,-0.05636,1.8730,2.1000,0.61090,0.0635,0.9411,2.3043,10.329,FEASIBLE,0,48.00
28.300,48.22712,-0.89691,0.01040,1.6526,2.3000,0.47023,0.0311,0.8969,2.3485,9.780,FEASIBLE,0,48.00
28.400,48.37481,-0.84780,0.07026,1.5045,2.5000,0.45320,0.0371,0.8478,2.3965,9.647,FEASIBLE,0,48.50
28.500,48.50930,-0.79427,0.12584,1.4189,2.3500,0.50484,0.0219,0.7943,2.4500,9.638,FEASIBLE,0,48.50
28.600,48.65953,-0.72479,0.18935,1.3635,2.6500,0.45258,0.0196,0.7248,2.5195,9.565,FEASIBLE,0,48.50
28.700,48.75576,-0.67380,0.23131,1.3528,2.7500,0.38276,0.0177,0.6738,2.5691,9.666,FEASIBLE,0,49.00
28.800,48.86488,-0.61254,0.27607,1.1695,2.9500,0.24314,0.0000,0.6125,2.6304,9.462,FEASIBLE,0,49.00
28.900,48.96299,-0.56514,0.30114,1.0486,2.8000,0.10351,0.0036,0.5651,2.6778,9.292,FEASIBLE,0,49.00
29.000,49.05814,-0.52823,0.30952,1.0155,3.0000,0.02395,0.0023,0.5282,2.7147,9.755,FEASIBLE,0,49.00
29.100,49.16501,-0.50035,0.29899,1.2363,3.2000,-0.00796,0.0178,0.5004,2.7426,9.357,FEASIBLE,0,49.00
29.200,49.30698,-0.48282,0.26651,1.5602,3.4000,-0.02431,0.0757,0.4828,2.7585,9.763,FEASIBLE,0,49.50
29.300,49.48005,-0.47494,0.21902,1.8447,3.6000,0.03888,0.1211,0.4749,2.7664,9.740,FEASIBLE,0,49.50
29.400,49.68130,-0.48050,0.15868,2.1225,3.4500,0.05026,0.1269,0.4805,2.7608,9.854,FEASIBLE,0,49.50
29.500,49.90701,-0.50535,0.08621,2.3693,3.6500,0.19634,0.2010,0.5053,2.7340,9.847,FEASIBLE,0,50.00
29.600,50.15524,-0.55231,0.00582,2.6097,3.5000,0.30223,0.2125,0.5523,2.6871,9.796,FEASIBLE,0,50.00
29.700,50.42084,-0.61421,-0.06770,2.8081,3.3500,0.46269,0.1920,0.6196,2.6176,9.807,FEASIBLE,0,50.50
29.800,50.70756,-0.68965,-0.13106,3.0523,3.2000,0.55459,0.2323,0.7045,2.5326,9.855,FEASIBLE,0,50.50
29.900,51.01517,-0.77634,-0.18242,3.2948,2.7000,0.61090,0.3118,0.8089,2.4255,10.311,FEASIBLE,0,51.00
30.000,51.34410,-0.86704,-0.21477,3.4447,2.5500,0.61090,0.3500,0.9220,2.3094,9.881,FEASIBLE,0,51.50
30.100,51.68292,-0.94799,-0.22156,3.5006,2.0500,0.61090,0.3923,1.0363,2.1950,10.632,FEASIBLE,0,51.50
30.200,52.03157,-1.01112,-0.20329,3.5755,1.8000,0.61090,0.3319,1.1391,2.0887,10.637,FEASIBLE,0,52.00
30.300,52.39194,-1.04718,-0.16021,3.6643,1.6500,0.61090,0.3221,1.2227,2.0050,11.389,FEASIBLE,0,52.00
30.400,52.76095,-1.04579,-0.09173,3.7061,1.5000,0.61090,0.3620,1.2815,1.9422,10.022,FEASIBLE,0,52.50
30.500,53.12705,-0.99648,0.00163,3.6925,1.3500,0.61090,0.3385,1.2989,1.9201,10.398,FEASIBLE,0,53.00
30.600,53.48023,-0.89208,0.12009,3.6842,1.3000,0.61090,0.3672,1.2667,1.9523,10.103,FEASIBLE,0,53.00
30.700,53.80376,-0.73598,0.25312,3.5423,1.3000,0.61090,0.2514,1.1891,2.0246,9.775,FEASIBLE,0,53.50
30.800,54.14031,-0.50447,0.40952,3.3005,1.3000,0.61090,0.1373,1.0475,2.1602,9.733,FEASIBLE,0,54.00
30.900,54.33042,-0.33459,0.50750,3.1181,1.5000,0.43968,0.0290,0.9337,2.2740,9.630,FEASIBLE,0,54.00
31.000,54.52910,-0.11580,0.62083,2.8394,1.7000,0.34036,0.0121,0.7791,2.4220,9.936,FEASIBLE,0,54.50
31.100,54.68605,0.10012,0.72321,2.5561,1.9000,0.20074,0.0649,0.6192,2.5819,9.978,FEASIBLE,0,54.50
31.200,54.82413,0.33866,0.82899,2.1124,2.1000,-0.00091,0.0785,0.4328,2.7611,10.280,FEASIBLE,0,55.00
31.300,54.89046,0.48102,0.88944,1.8939,2.3000,-0.12684,0.0478,0.3199,2.8739,9.350,FEASIBLE,0,55.00
31.400,54.96404,0.67622,0.96991,1.6444,2.2500,-0.26956,0.1375,0.1596,3.0343,10.438,FEASIBLE,0,55.00
31.500,54.99942,0.79678,1.01862,1.5329,2.3500,-0.33453,0.1548,0.0572,3.1367,9.617,FEASIBLE,0,55.00
31.600,55.03156,0.93956,1.07544,1.4114,2.2000,-0.49430,0.1308,0.0672,3.1267,9.465,FEASIBLE,0,55.00
31.700,55.06865,1.07054,1.11541,1.2716,2.0500,-0.50557,0.1336,0.1788,3.0150,9.491,FEASIBLE,0,55.00
31.800,55.10547,1.17883,1.13351,1.0781,1.9000,-0.51649,0.1531,0.2672,2.9187,9.985,FEASIBLE,0,55.50
31.900,55.15849,1.27553,1.12705,1.2686,1.7500,-0.51061,0.1078,0.3385,2.8474,9.486,FEASIBLE,0,55.50
32.000,55.24810,1.39509,1.08945,1.5549,1.9500,-0.50533,0.1437,0.4180,2.7679,9.986,FEASIBLE,0,55.50
32.100,55.35709,1.51036,1.03361,1.6227,1.9000,-0.49877,0.1556,0.4865,2.6994,9.457,FEASIBLE,0,55.50
32.200,55.48481,1.62409,0.96855,1.7796,2.1000,-0.49575,0.1935,0.5441,2.6332,9.553,FEASIBLE,0,56.00
32.300,55.63612,1.73823,0.89534,1.9610,1.9500,-0.48992,0.1437,0.5903,2.5870,9.471,FEASIBLE,0,56.00
32.400,55.80292,1.85457,0.82518,2.0856,2.1500,-0.49107,0.1460,0.6325,2.5448,9.526,FEASIBLE,0,56.00
32.500,55.98164,1.97666,0.76604,2.2225,2.3500,-0.48525,0.1701,0.6687,2.4992,9.616,FEASIBLE,0,56.50
32.600,56.17731,2.10380,0.71222,2.4153,2.2000,-0.46414,0.1423,0.7019,2.4660,9.416,FEASIBLE,0,56.50
32.700,56.39867,2.23308,0.65554,2.6686,2.4000,-0.44201,0.1893,0.7194,2.4387,10.007,FEASIBLE,0,57.00
32.800,56.65166,2.35669,0.58803,2.9099,2.2500,-0.32387,0.1551,0.7155,2.4321,9.784,FEASIBLE,0,57.50
32.900,56.93337,2.46002,0.50253,2.9976,2.1000,-0.29741,0.1545,0.6711,2.4764,9.482,FEASIBLE,0,57.50
33.000,57.21886,2.52432,0.40800,2.8402,1.9500,-0.13116,0.0526,0.5869,2.5497,9.536,FEASIBLE,0,58.00
33.100,57.49851,2.56302,0.31714,2.8515,1.8000,0.06211,0.0362,0.4780,2.6585,9.700,FEASIBLE,0,58.00
33.200,57.77636,2.58018,0.23470,2.7323,1.6500,0.19433,0.0961,0.3469,2.7782,9.846,FEASIBLE,0,58.50
33.300,58.04687,2.58371,0.16637,2.6692,1.8500,0.38727,0.0985,0.2047,2.9205,9.632,FEASIBLE,0,58.50
33.400,58.31255,2.58551,0.11787,2.6601,2.0500,0.52187,0.1038,0.0603,3.0532,10.065,FEASIBLE,0,59.00
33.500,58.57048,2.59340,0.09221,2.4446,1.9000,0.61090,0.1899,0.0789,3.0346,9.632,FEASIBLE,0,59.00
33.600,58.79833,2.61286,0.09041,2.1961,1.9000,0.61090,0.1775,0.1919,2.9097,9.668,FEASIBLE,0,59.50
33.700,58.99833,2.64666,0.10999,1.9053,1.8000,0.61090,0.1608,0.2830,2.8186,9.787,FEASIBLE,0,59.50
33.800,59.15983,2.69439,0.14791,1.5292,1.6500,0.61090,0.1511,0.3402,2.7615,9.538,FEASIBLE,0,59.50
33.900,59.28820,2.75171,0.19660,1.2997,1.8500,0.61090,0.1155,0.3699,2.7317,10.172,FEASIBLE,0,59.50
34.002,59.38715,2.80467,0.23924,1.0065,2.0500,0.61090,0.0955,0.3889,2.7008,9.632,FEASIBLE,0,60.00
34.100,59.46056,2.84803,0.27205,0.7595,2.2500,0.61090,0.0347,0.4002,2.6895,9.539,FEASIBLE,0,60.00
34.202,59.52331,2.88786,0.30070,0.5305,2.4500,0.61090,0.0414,0.4077,2.6820,9.608,FEASIBLE,0,60.00
34.300,59.55401,2.90830,0.31492,0.4238,2.6500,0.61090,0.0529,0.4106,2.6791,9.919,FEASIBLE,0,60.00
34.402,59.58994,2.93292,0.33179,0.3289,2.8251,0.61090,0.0266,0.4135,2.6762,9.341,FEASIBLE,0,60.00
34.500,59.61055,2.94673,0.34180,0.3020,2.7639,0.61090,0.0072,0.4154,2.6743,10.398,FEASIBLE,0,60.00
34.600,59.63798,2.96597,0.35500,0.3598,2.6960,0.61090,0.0265,0.4172,2.6725,10.132,FEASIBLE,0,60.00
34.700,59.67601,2.99256,0.37091,0.5632,2.6367,0.61090,0.0119,0.4198,2.6699,9.308,FEASIBLE,0,60.00
34.800,59.73723,3.02384,0.38019,0.7701,2.6160,0.61090,0.0543,0.4331,2.6566,9.793,FEASIBLE,0,60.00
34.900,59.82098,3.05377,0.37579,0.9683,2.5190,0.61090,0.0873,0.4638,2.6141,9.413,FEASIBLE,0,60.50
35.000,59.92493,3.07732,0.35445,1.1238,2.6190,0.61090,0.1090,0.5128,2.5651,9.286,FEASIBLE,0,60.50
35.100,60.04601,3.09319,0.31919,1.2953,2.8190,0.61090,0.1216,0.5786,2.4993,9.638,FEASIBLE,0,60.50
35.200,60.18725,3.10918,0.28188,1.5073,2.6690,0.61090,0.1486,0.6574,2.4205,10.225,FEASIBLE,0,60.50
35.300,60.34934,3.13005,0.25024,1.7201,2.3170,0.61090,0.1665,0.7461,2.3203,9.533,FEASIBLE,0,61.00
35.400,60.53191,3.16019,0.23036,1.9396,2.1670,0.61090,0.2311,0.8459,2.2205,9.556,FEASIBLE,0,61.00
35.500,60.73429,3.20567,0.22803,2.1668,2.0170,0.61090,0.2326,0.9476,2.1188,9.932,FEASIBLE,0,61.00
35.600,60.96121,3.27649,0.24941,2.5232,1.8000,0.61090,0.2978,1.0478,2.0075,9.510,FEASIBLE,0,61.50
35.700,61.21224,3.38165,0.29681,2.8443,1.6500,0.61090,0.3051,1.1462,1.9091,9.558,FEASIBLE,0,61.50
35.800,61.47584,3.52778,0.37058,3.1127,1.5000,0.61090,0.2950,1.2250,1.8198,9.338,FEASIBLE,0,62.00
35.900,61.73189,3.71846,0.46963,3.2510,1.3500,0.61090,0.3281,1.2759,1.7689,9.733,FEASIBLE,0,62.00
36.000,61.96086,3.94987,0.58846,3.2431,1.3000,0.61090,0.2896,1.2834,1.7517,9.678,FEASIBLE,0,62.50
36.100,62.15416,4.20517,0.71083,3.1774,1.3000,0.61090,0.1944,1.2548,1.7803,10.694,FEASIBLE,0,62.50
36.200,62.30848,4.47075,0.82905,2.9988,1.5000,0.61090,0.2175,1.1975,1.8287,10.408,FEASIBLE,0,63.00
36.300,62.44080,4.78193,0.95904,2.6783,1.7000,0.61090,0.1378,1.0969,1.9293,9.501,FEASIBLE,0,63.00
36.400,62.51177,5.02075,1.05502,2.3418,2.0000,0.55584,0.1183,1.0040,2.0146,12.294,FEASIBLE,0,63.50
36.500,62.54695,5.18695,1.12036,1.9957,2.1000,0.45643,0.0076,0.9283,2.0903,9.963,FEASIBLE,0,63.50
36.602,62.57474,5.38784,1.19830,1.4857,2.1952,0.34921,0.0189,0.8259,2.1861,9.472,FEASIBLE,0,64.00
36.700,62.58289,5.49175,1.23834,1.1993,2.1451,0.39448,0.0305,0.7706,2.2414,9.700,FEASIBLE,0,64.00
36.800,62.58711,5.61002,1.28380,0.8469,2.3451,0.28670,0.0423,0.7036,2.3084,9.306,FEASIBLE,0,64.00
36.900,62.58850,5.67487,1.30690,0.5030,2.3110,0.24049,0.0279,0.6662,2.3459,9.781,FEASIBLE,0,64.00
37.000,62.59180,5.70826,1.31457,0.2775,2.2180,0.10086,0.0115,0.6489,2.3631,9.792,FEASIBLE,0,64.00
37.100,62.59699,5.73312,1.31643,0.2437,2.1799,0.03133,0.0012,0.6383,2.3737,9.270,FEASIBLE,0,64.00
37.200,62.60324,5.75184,1.31458,0.2526,2.1199,0.03892,0.0015,0.6322,2.3799,10.185,FEASIBLE,0,64.00
37.304,62.61505,5.77730,1.30638,0.3027,2.0769,-0.01178,0.0140,0.6265,2.3855,9.730,FEASIBLE,0,64.00
37.402,62.63627,5.81569,1.28889,0.4679,2.0719,0.04386,0.0220,0.6207,2.3913,9.566,FEASIBLE,0,64.00
37.500,62.66544,5.86091,1.26840,0.6065,2.0330,0.10660,0.0205,0.6173,2.3948,9.345,FEASIBLE,0,64.00
37.602,62.70699,5.92185,1.24021,0.8325,1.9642,0.24623,0.0181,0.6146,2.3922,9.459,FEASIBLE,0,64.50
37.700,62.76455,6.00118,1.20313,1.0789,1.9082,0.27639,0.0441,0.6169,2.3899,9.379,FEASIBLE,0,64.50
37.800,62.82349,6.07730,1.16726,1.2779,1.9000,0.27833,0.0489,0.6222,2.3847,10.199,FEASIBLE,0,64.50
37.900,62.90628,6.18117,1.12240,1.3681,2.1000,0.33374,0.0867,0.6313,2.3755,9.490,FEASIBLE,0,64.50
38.000,62.99151,6.30217,1.09201,1.5569,2.1297,0.45335,0.0592,0.6327,2.3741,9.438,FEASIBLE,0,64.50
38.100,63.07669,6.44959,1.08299,1.8166,1.9533,0.46286,0.1048,0.6235,2.3796,9.493,FEASIBLE,0,65.00
38.200,63.15699,6.63234,1.10162,2.1154,1.9000,0.41972,0.0517,0.5923,2.4108,9.471,FEASIBLE,0,65.00
38.300,63.22654,6.85015,1.14615,2.3962,2.1000,0.43664,0.0365,0.5341,2.4667,9.522,FEASIBLE,0,65.50
38.400,63.27606,7.09789,1.21445,2.6122,2.2055,0.38921,0.1264,0.4498,2.5509,9.736,FEASIBLE,0,65.50
38.500,63.29665,7.36788,1.30310,2.7524,2.0555,0.29051,0.0045,0.3293,2.6715,10.214,FEASIBLE,0,65.50
38.600,63.28713,7.64446,1.40035,2.7679,2.0940,0.17106,0.0334,0.1872,2.8128,9.382,FEASIBLE,0,66.00
38.700,63.24821,7.91789,1.50043,2.7532,1.9440,-0.00219,0.1452,0.0211,2.9789,9.426,FEASIBLE,0,66.00
38.800,63.17902,8.17859,1.60401,2.6275,1.9000,-0.20770,0.2120,0.1606,2.8402,9.288,FEASIBLE,0,66.50
38.900,63.09153,8.41198,1.69888,2.3960,1.9000,-0.34265,0.2811,0.3444,2.6563,9.318,FEASIBLE,0,66.50
39.000,62.99908,8.61508,1.77794,2.1174,1.8000,-0.43633,0.3082,0.5189,2.4818,9.542,FEASIBLE,0,66.50
39.100,62.91283,8.78910,1.83624,1.8210,1.6500,-0.43633,0.2708,0.6720,2.3311,9.426,FEASIBLE,0,67.00
39.200,62.83078,8.96877,1.86866,1.5106,1.8500,-0.43633,0.2490,0.8224,2.1807,9.361,FEASIBLE,0,67.00
39.300,62.80244,9.07382,1.86219,1.2184,1.9000,-0.43633,0.1761,0.8926,2.1105,9.556,FEASIBLE,0,67.00
39.400,62.79098,9.17218,1.84024,0.8851,1.9000,-0.43633,0.1134,0.9446,2.0584,9.268,FEASIBLE,0,67.00
39.500,62.79084,9.25084,1.81310,0.7391,2.1000,-0.43633,0.0940,0.9781,2.0250,9.506,FEASIBLE,0,67.00
39.600,62.79483,9.32087,1.78627,0.6873,2.2778,-0.43633,0.1015,1.0027,2.0041,9.400,FEASIBLE,0,67.50
39.700,62.79986,9.38911,1.75989,0.6830,2.3778,-0.43633,0.0753,1.0249,1.9819,9.264,FEASIBLE,0,67.50
39.800,62.80688,9.46098,1.73165,0.7530,2.4844,-0.43633,0.0811,1.0467,1.9601,9.606,FEASIBLE,0,67.50
39.900,62.81764,9.54367,1.69917,0.8925,2.4323,-0.43633,0.1108,1.0694,1.9375,9.993,FEASIBLE,0,67.50
40.000,62.83419,9.64264,1.66016,1.0852,2.3957,-0.43633,0.0897,1.0931,1.9138,10.313,FEASIBLE,0,67.50
40.100,62.85987,9.76284,1.61259,1.3270,2.3530,-0.43633,0.1195,1.1164,1.8957,10.427,FEASIBLE,0,68.00
40.200,62.89835,9.90504,1.55582,1.5712,2.2959,-0.43633,0.1510,1.1320,1.8800,9.737,FEASIBLE,0,68.00
40.300,62.95344,10.06779,1.48969,1.8168,2.1459,-0.43633,0.1046,1.1397,1.8724,9.773,FEASIBLE,0,68.00
40.400,63.02958,10.24909,1.41431,2.0651,2.3420,-0.43633,0.1519,1.1323,1.8862,9.561,FEASIBLE,0,68.50
40.500,63.15499,10.48730,1.31225,2.3853,2.2920,-0.29926,0.0967,1.0929,1.9257,10.134,FEASIBLE,0,68.50
40.600,63.26007,10.65976,1.24256,2.5991,2.3485,-0.28210,0.1218,1.0487,1.9776,9.456,FEASIBLE,0,69.00
40.700,63.41300,10.89029,1.16112,2.8826,2.1929,-0.20976,0.1244,0.9718,2.0544,9.470,FEASIBLE,0,69.00
40.800,63.57480,11.11964,1.09495,2.8152,2.0429,-0.27957,0.0579,0.8819,2.1532,9.467,FEASIBLE,0,69.50
40.900,63.74141,11.35570,1.04872,2.9044,1.8929,-0.13994,0.0172,0.7845,2.2506,9.499,FEASIBLE,0,69.50
41.000,63.90998,11.59498,1.01838,2.9203,2.0929,-0.03113,0.0702,0.6794,2.3654,9.498,FEASIBLE,0,70.00
41.100,64.07248,11.83183,1.00207,2.8195,1.9429,0.11832,0.0055,0.5772,2.4677,9.537,FEASIBLE,0,70.00
41.200,64.22698,12.07289,1.00235,2.8154,2.0578,0.11758,0.0209,0.4750,2.5803,9.771,FEASIBLE,0,70.50
41.300,64.35788,12.30581,1.01993,2.5417,1.9078,0.25645,0.0305,0.3931,2.6733,9.718,FEASIBLE,0,71.00
41.400,64.45542,12.51013,1.04864,2.1026,1.8646,0.25848,0.0820,0.3317,2.7347,9.462,FEASIBLE,0,71.00
41.500,64.52536,12.68555,1.08172,1.7422,1.7146,0.30933,0.0342,0.2926,2.7738,9.562,FEASIBLE,0,71.00
41.600,64.57430,12.82979,1.11267,1.3768,1.8587,0.28205,0.0341,0.2658,2.8121,9.327,FEASIBLE,0,71.50
41.700,64.60826,12.94038,1.13652,1.0131,1.7087,0.17366,0.0044,0.2473,2.8306,9.471,FEASIBLE,0,71.50
41.800,64.63326,13.03270,1.15780,0.6621,1.9087,0.12503,0.0151,0.2352,2.8427,9.270,FEASIBLE,0,71.50
41.900,64.64344,13.07509,1.16828,0.4793,1.8880,0.28121,0.0180,0.2309,2.8470,10.451,FEASIBLE,0,71.50
42.000,64.65106,13.11022,1.17756,0.2852,1.8356,0.39659,0.0243,0.2282,2.8497,9.327,FEASIBLE,0,71.50
42.100,64.65410,13.13134,1.18494,0.1764,1.8050,0.37151,0.0058,0.2281,2.8498,9.367,FEASIBLE,0,71.50
42.200,64.65562,13.14492,1.19013,0.1161,1.7530,0.35534,0.0133,0.2284,2.8495,9.268,FEASIBLE,0,71.50
42.300,64.65686,13.15589,1.19446,0.1172,1.7533,0.36185,0.0052,0.2287,2.8492,9.857,FEASIBLE,0,71.50
42.400,64.65825,13.17056,1.20012,0.1754,1.7499,0.36823,0.0101,0.2293,2.8486,9.555,FEASIBLE,0,71.50
42.500,64.66034,13.19462,1.20940,0.2934,1.7290,0.35923,0.0112,0.2306,2.8474,10.162,FEASIBLE,0,71.50
42.600,64.66330,13.23457,1.22479,0.4951,1.4790,0.33473,0.0240,0.2326,2.8571,9.466,FEASIBLE,0,72.00
42.700,64.66678,13.29988,1.24998,0.7561,1.3290,0.26779,0.0284,0.2359,2.8538,9.554,FEASIBLE,0,72.00
42.800,64.66893,13.39104,1.28508,1.0141,1.5290,0.12816,0.0223,0.2433,2.8464,9.429,FEASIBLE,0,72.00
42.900,64.66698,13.50798,1.33012,1.2731,1.7290,-0.01146,0.0391,0.2574,2.8323,10.039,FEASIBLE,0,72.00
43.000,64.65767,13.64997,1.38475,1.5058,1.8781,0.06128,0.0741,0.2814,2.8083,9.799,FEASIBLE,0,72.00
43.100,64.64747,13.80562,1.43344,1.5947,1.7847,0.05873,0.0872,0.3047,2.7969,9.409,FEASIBLE,0,72.50
43.200,64.64684,13.96698,1.46165,1.6222,1.6347,-0.14132,0.0690,0.3168,2.7848,9.527,FEASIBLE,0,72.50
43.300,64.66191,14.13014,1.46485,1.6542,1.8347,-0.28264,0.0602,0.3133,2.7883,9.750,FEASIBLE,0,72.50
43.400,64.70215,14.29490,1.43622,1.7283,1.8099,-0.01898,0.0428,0.2818,2.8317,9.273,FEASIBLE,0,73.00
43.500,64.77043,14.45761,1.37895,1.7900,1.6599,-0.16279,0.0375,0.2196,2.8939,10.169,FEASIBLE,0,73.00
43.600,64.85341,14.61064,1.31383,1.6863,1.8502,0.11646,0.0283,0.1424,2.9710,9.679,FEASIBLE,0,73.00
43.700,64.93806,14.74343,1.25363,1.4996,1.7716,0.24611,0.0919,0.0610,3.0642,9.488,FEASIBLE,0,73.50
43.800,65.02336,14.86288,1.19735,1.4622,1.6513,0.34171,0.0853,0.0238,3.1014,9.742,FEASIBLE,0,73.50
43.900,65.11096,14.97207,1.14346,1.3677,1.7513,0.43591,0.1309,0.1109,3.0142,9.407,FEASIBLE,0,73.50
44.000,65.20060,15.07224,1.09167,1.3323,1.8661,0.54675,0.1494,0.2002,2.9250,9.494,FEASIBLE,0,73.50
44.102,65.30371,15.18552,1.04171,1.2574,1.7442,0.61090,0.1496,0.3028,2.8224,10.465,FEASIBLE,0,73.50
44.200,65.36680,15.26428,1.02235,1.2697,1.4942,0.61090,0.1474,0.3668,2.7698,9.296,FEASIBLE,0,74.00
44.300,65.45494,15.39717,1.01689,1.4195,1.3442,0.61090,0.1766,0.4549,2.6816,9.546,FEASIBLE,0,74.00
44.400,65.50820,15.50815,1.03373,1.6274,1.5442,0.61090,0.1535,0.5082,2.6284,9.466,FEASIBLE,0,74.00
44.502,65.57624,15.71446,1.09156,1.9320,1.8000,0.61090,0.2152,0.5762,2.5713,9.647,FEASIBLE,0,74.50
44.600,65.60908,15.87381,1.14749,2.0776,1.6127,0.61090,0.1372,0.6091,2.5385,9.724,FEASIBLE,0,74.50
44.700,65.63610,16.08316,1.22279,2.1270,1.7127,0.61090,0.1222,0.6361,2.5114,9.428,FEASIBLE,0,74.50
44.800,65.64368,16.33862,1.31868,2.1210,1.7145,0.61090,0.1353,0.6437,2.5143,9.365,FEASIBLE,0,75.00
44.900,65.63419,16.50190,1.38173,1.9944,1.8145,0.61090,0.0650,0.6342,2.5238,9.525,FEASIBLE,0,75.00
45.000,65.61079,16.68646,1.45346,1.7588,1.8247,0.55684,0.0668,0.6108,2.5472,9.537,FEASIBLE,0,75.00
45.100,65.58327,16.83214,1.51061,1.3435,1.6346,0.50978,0.0467,0.5833,2.5847,9.526,FEASIBLE,0,75.50
45.200,65.55413,16.94791,1.55689,1.1011,1.7346,0.37627,0.0060,0.5541,2.6138,10.023,FEASIBLE,0,75.50
45.300,65.52633,17.04316,1.59492,0.9061,1.7983,0.35738,0.0078,0.5263,2.6416,9.618,FEASIBLE,0,75.50
45.400,65.50454,17.12162,1.62101,0.7666,1.6996,0.28328,0.0043,0.5045,2.6634,9.370,FEASIBLE,0,75.50
45.500,65.49046,17.19311,1.63480,0.7170,1.7996,0.28091,0.0311,0.4905,2.6868,9.528,FEASIBLE,0,76.00
45.600,65.48208,17.26562,1.63968,0.7495,1.7549,0.26988,0.0167,0.4821,2.6952,9.245,FEASIBLE,0,76.00
45.700,65.47636,17.34590,1.63987,0.8504,1.8549,0.36041,0.0306,0.4764,2.7009,9.665,FEASIBLE,0,76.00
45.800,65.46909,17.43939,1.64099,1.0038,1.8673,0.38886,0.0700,0.4691,2.7082,9.594,FEASIBLE,0,76.00
45.900,65.45467,17.55046,1.64979,1.2060,1.7871,0.44391,0.0474,0.4547,2.7226,9.488,FEASIBLE,0,76.00
46.000,65.42630,17.68247,1.67312,1.4498,1.7103,0.35648,0.0534,0.4263,2.7510,9.531,FEASIBLE,0,76.00
46.100,65.37675,17.83387,1.71666,1.6874,1.6029,0.17978,0.0341,0.3768,2.8092,9.358,FEASIBLE,0,76.50
46.200,65.30295,17.99824,1.77910,1.8660,1.3997,0.22279,0.0311,0.3030,2.8830,9.581,FEASIBLE,0,76.50
46.300,65.21029,18.16946,1.84843,1.9963,1.3194,-0.01450,0.0480,0.2103,2.9756,9.686,FEASIBLE,0,76.50
46.400,65.10063,18.34036,1.92098,2.0509,1.2000,-0.18328,0.0853,0.1006,3.0932,9.419,FEASIBLE,0,77.00
46.500,64.97602,18.50592,1.99484,2.0887,1.0016,-0.35916,0.1010,0.0240,3.1699,9.624,FEASIBLE,0,77.00
46.600,64.84437,18.66005,2.06378,1.9508,1.0000,-0.52103,0.1609,0.1556,3.0382,10.458,FEASIBLE,0,77.00
46.700,64.72468,18.79660,2.11244,1.7316,1.0000,-0.61090,0.1940,0.2753,2.9258,9.651,FEASIBLE,0,77.50
46.800,64.62200,18.92147,2.13476,1.5523,1.0000,-0.61090,0.1860,0.3780,2.8231,9.544,FEASIBLE,0,77.50
46.900,64.54270,19.03781,2.13000,1.3196,1.0000,-0.61090,0.1020,0.4573,2.7438,9.455,FEASIBLE,0,77.50
47.000,64.49960,19.13098,2.11120,0.8035,1.0000,-0.61090,0.1199,0.5004,2.7007,9.687,FEASIBLE,0,77.50
47.100,64.48459,19.17624,2.09695,0.2601,1.0000,-0.61090,0.0765,0.5154,2.6857,9.718,FEASIBLE,0,77.50
47.200,64.48425,19.18394,2.09385,0.0484,1.0000,-0.61090,0.0146,0.5158,2.6854,9.205,FEASIBLE,0,77.50
47.300,64.49429,19.17307,2.09583,0.2156,1.0000,-0.61090,0.0258,0.5057,2.6954,9.314,FEASIBLE,0,77.50
47.400,64.51002,19.15079,2.09830,0.3062,1.0000,-0.61090,0.0427,0.4900,2.7112,9.350,FEASIBLE,0,77.50
47.500,64.52754,19.12226,2.09672,0.3628,1.0000,-0.61090,0.0121,0.4725,2.7287,9.614,FEASIBLE,0,77.50
47.602,64.55777,19.08197,2.08272,0.4580,1.0000,-0.61090,0.0761,0.4422,2.7589,9.828,FEASIBLE,0,77.50
47.700,64.58523,19.05107,2.06646,0.5397,1.0000,-0.61090,0.0758,0.4148,2.7864,9.470,FEASIBLE,0,77.50
47.800,64.62295,19.01283,2.04729,0.5328,1.0000,-0.61090,0.0879,0.3770,2.8241,9.703,FEASIBLE,0,77.50
47.900,64.65634,18.98268,2.03318,0.3403,1.0000,-0.61090,0.0710,0.3437,2.8575,9.491,FEASIBLE,0,77.50
48.000,64.66778,18.96965,2.02536,0.1086,1.0000,-0.61090,0.0180,0.3322,2.8689,9.933,FEASIBLE,0,77.50
48.100,64.66804,18.97291,2.02439,0.1550,1.0000,-0.61090,0.0277,0.3320,2.8692,9.585,FEASIBLE,0,77.50
48.200,64.64947,19.00387,2.02794,0.4852,1.0000,-0.61090,0.0036,0.3505,2.8506,9.761,FEASIBLE,0,77.50
48.300,64.62371,19.06127,2.02447,0.7241,1.0000,-0.61090,0.0747,0.3763,2.8249,9.475,FEASIBLE,0,77.50
48.400,64.59828,19.14275,2.00677,0.9412,1.0000,-0.61090,0.0915,0.4017,2.7994,9.529,FEASIBLE,0,77.50
48.500,64.57849,19.24751,1.97114,1.1549,1.0000,-0.61090,0.0821,0.4215,2.7862,9.798,FEASIBLE,0,78.00
48.600,64.56546,19.37229,1.92334,1.3229,1.0000,-0.61090,0.0730,0.4345,2.7732,9.380,FEASIBLE,0,78.00
48.700,64.55843,19.51055,1.86962,1.4159,1.0000,-0.61090,0.0536,0.4416,2.7662,10.179,FEASIBLE,0,78.00
48.800,64.55611,19.64867,1.81934,1.3613,1.0000,-0.55537,0.0693,0.4439,2.7639,9.306,FEASIBLE,0,78.00
48.900,64.55010,19.77980,1.78371,1.2852,1.0000,-0.56448,0.0941,0.4499,2.7638,9.792,FEASIBLE,0,78.50
49.000,64.54177,19.90037,1.75916,1.1571,1.0000,-0.61090,0.0741,0.4582,2.7554,9.288,FEASIBLE,0,78.50
49.100,64.53663,20.00463,1.73848,0.9754,1.0000,-0.61090,0.0588,0.4634,2.7503,9.449,FEASIBLE,0,78.50
49.200,64.53913,20.09208,1.71382,0.8062,1.0000,-0.61090,0.0653,0.4609,2.7528,9.372,FEASIBLE,0,78.50
49.300,64.54781,20.15863,1.68913,0.6200,1.0000,-0.47127,0.0188,0.4522,2.7615,9.730,FEASIBLE,0,78.50
49.400,64.56173,20.21534,1.66585,0.5590,1.0000,-0.41639,0.0105,0.4383,2.7807,9.466,FEASIBLE,0,79.00
49.500,64.57424,20.27053,1.64280,0.5828,1.0000,-0.48978,0.0004,0.4258,2.7932,9.384,FEASIBLE,0,79.00
49.600,64.58782,20.32958,1.61895,0.6405,1.0000,-0.45181,0.0207,0.4122,2.8068,9.559,FEASIBLE,0,79.00
49.700,64.60493,20.39825,1.59130,0.7666,1.0000,-0.45655,0.0089,0.3951,2.8239,9.417,FEASIBLE,0,79.00
49.800,64.62851,20.48205,1.55731,0.9549,1.0000,-0.42560,0.0118,0.3715,2.8475,9.711,FEASIBLE,0,79.00
49.900,64.66204,20.58573,1.51475,1.1840,1.0000,-0.40100,0.0282,0.3380,2.8810,10.044,FEASIBLE,0,79.00
50.000,64.70601,20.70391,1.46594,1.2864,1.0000,-0.26138,0.0223,0.2940,2.9297,9.575,FEASIBLE,0,79.50
50.100,64.74786,20.82375,1.42814,1.2677,1.0000,-0.12275,0.0178,0.2521,2.9715,9.768,FEASIBLE,0,79.50
50.200,64.77946,20.94240,1.40944,1.2148,1.0000,-0.10566,0.0010,0.2205,3.0031,9.780,FEASIBLE,0,79.50
50.300,64.79746,21.05857,1.41057,1.1545,1.0000,-0.08284,0.0140,0.2025,3.0211,9.663,FEASIBLE,0,79.50
50.402,64.80341,21.18527,1.42877,0.9825,1.0000,0.06982,0.0357,0.1966,3.0271,9.537,FEASIBLE,0,79.50
50.500,64.80145,21.25665,1.44381,0.8507,1.0000,0.02490,0.0229,0.1985,3.0292,9.540,FEASIBLE,0,80.00
50.602,64.79769,21.33423,1.45959,0.7413,1.0000,-0.04930,0.0379,0.2023,3.0255,9.489,FEASIBLE,0,80.00
50.704,64.80111,21.41729,1.46452,0.6702,1.0000,-0.12313,0.0101,0.1989,3.0289,9.486,FEASIBLE,0,80.00
50.800,64.81399,21.48291,1.45622,0.6659,1.0000,-0.10581,0.0060,0.1860,3.0418,9.894,FEASIBLE,0,80.00
50.900,64.82912,21.53276,1.44307,0.6571,1.0000,-0.02729,0.0077,0.1709,3.0569,9.659,FEASIBLE,0,80.00
51.000,64.86116,21.61019,1.41335,0.7515,1.0000,0.07488,0.0156,0.1388,3.0889,9.774,FEASIBLE,0,80.00
51.100,64.89816,21.68521,1.38106,0.9066,1.0000,0.11988,0.0542,0.1018,3.1259,9.467,FEASIBLE,0,80.00
51.200,64.93410,21.75365,1.35327,1.0123,1.0000,0.17713,0.0082,0.0659,3.1654,9.858,FEASIBLE,0,80.50
51.300,64.97905,21.85456,1.32673,1.1976,1.0000,0.18769,0.0577,0.0209,3.2104,9.938,FEASIBLE,0,80.50
51.400,65.01616,21.97020,1.31629,1.2242,1.0000,0.29412,0.0785,0.0162,3.2152,9.295,FEASIBLE,0,80.50
51.500,65.03946,22.09219,1.32650,1.2430,1.0000,0.31815,0.0283,0.0395,3.1919,9.781,FEASIBLE,0,80.50
51.600,65.04605,22.21377,1.35583,1.1981,1.0000,0.30840,0.0014,0.0460,3.1884,9.297,FEASIBLE,0,81.00
51.700,65.03901,22.32982,1.39632,1.1293,1.0000,0.28626,0.0127,0.0390,3.1954,9.591,FEASIBLE,0,81.00
51.800,65.02658,22.43059,1.43446,0.9381,1.0000,0.23888,0.0145,0.0266,3.2079,9.354,FEASIBLE,0,81.00
51.900,65.01374,22.51211,1.46600,0.7663,1.0000,0.19708,0.0063,0.0137,3.2207,9.568,FEASIBLE,0,81.00
52.000,65.00157,22.58050,1.49245,0.6568,1.0000,0.17208,0.0003,0.0016,3.2329,9.358,FEASIBLE,0,81.00
52.100,64.99103,22.63874,1.51259,0.5378,1.0000,0.09660,0.0220,0.0090,3.2255,9.353,FEASIBLE,0,81.00
52.200,64.98595,22.68503,1.52168,0.4316,1.0000,0.12145,0.0081,0.0141,3.2204,9.326,FEASIBLE,0,81.00
52.300,64.98703,22.73013,1.52313,0.4933,1.0000,0.10353,0.0112,0.0130,3.2242,9.641,FEASIBLE,0,81.50
52.400,64.99612,22.79026,1.51473,0.7140,1.0000,0.04029,0.0252,0.0039,3.2332,9.247,FEASIBLE,0,81.50
52.500,65.02627,22.88229,1.48216,1.0887,1.0000,0.08572,0.0362,0.0263,3.2108,9.739,FEASIBLE,0,81.50
52.600,65.07137,22.99450,1.43685,1.2815,1.0000,0.15350,0.0593,0.0714,3.1658,9.979,FEASIBLE,0,81.50
52.700,65.12766,23.11763,1.38553,1.3876,1.0000,0.21825,0.0703,0.1277,3.1095,9.667,FEASIBLE,0,81.50
52.800,65.18689,23.24323,1.33793,1.3813,1.0000,0.30425,0.0993,0.1869,3.0525,9.427,FEASIBLE,0,82.00
52.900,65.23952,23.36594,1.30360,1.2943,1.0000,0.44738,0.0887,0.2395,2.9999,9.613,FEASIBLE,0,82.00
53.000,65.27867,23.47569,1.28714,1.0588,1.0000,0.55709,0.0791,0.2787,2.9607,9.597,FEASIBLE,0,82.00
53.100,65.30244,23.56141,1.28873,0.7844,1.0000,0.48455,0.0547,0.3024,2.9370,9.513,FEASIBLE,0,82.00
53.200,65.31188,23.63127,1.30522,0.6913,1.0000,0.50026,0.0404,0.3119,2.9275,9.618,FEASIBLE,0,82.00
53.300,65.31420,23.69398,1.32886,0.6057,1.0000,0.48464,0.0428,0.3142,2.9271,9.931,FEASIBLE,0,82.50
53.400,65.31346,23.75297,1.35247,0.6096,1.0000,0.46216,0.0366,0.3135,2.9279,10.076,FEASIBLE,0,82.50
53.500,65.30822,23.81660,1.37635,0.6426,1.1000,0.52165,0.0207,0.3082,2.9331,9.595,FEASIBLE,0,82.50
53.600,65.30189,23.88412,1.40236,0.7263,1.3000,0.53087,0.0020,0.3019,2.9394,9.861,FEASIBLE,0,82.50
53.700,65.29171,23.96423,1.43306,0.8740,1.3593,0.51051,0.0016,0.2917,2.9496,9.502,FEASIBLE,0,82.50
53.800,65.27740,24.06473,1.46914,1.1425,1.3371,0.32509,0.0490,0.2774,2.9639,9.280,FEASIBLE,0,82.50
53.902,65.26612,24.22064,1.50246,1.4075,1.2811,0.27616,0.0534,0.2661,2.9768,9.503,FEASIBLE,0,83.00
54.002,65.26444,24.34087,1.51500,1.5585,1.2000,0.28901,0.0374,0.2644,2.9785,9.651,FEASIBLE,0,83.00
54.100,65.26548,24.50523,1.52495,1.6916,1.3000,0.35147,0.0491,0.2655,2.9775,9.578,FEASIBLE,0,83.00
54.202,65.26503,24.71298,1.53696,1.7482,1.3052,0.24300,0.0626,0.2650,2.9793,9.776,FEASIBLE,0,83.50
54.300,65.25711,24.88559,1.55401,1.7079,1.2000,0.25825,0.0752,0.2571,2.9872,10.040,FEASIBLE,0,83.50
54.400,65.24275,25.01854,1.57512,1.6521,1.0000,0.30929,0.0088,0.2428,3.0015,9.466,FEASIBLE,0,83.50
54.500,65.21534,25.17392,1.60836,1.5250,1.0000,0.21957,0.0344,0.2153,3.0290,9.755,FEASIBLE,0,83.50
54.600,65.18462,25.30824,1.64231,1.2756,1.0000,0.13172,0.0185,0.1846,3.0608,9.592,FEASIBLE,0,84.00
54.700,65.15757,25.41224,1.66857,0.9356,1.0000,0.14817,0.0413,0.1576,3.0878,9.644,FEASIBLE,0,84.00
54.800,65.14147,25.48254,1.68093,0.5899,1.0000,0.08847,0.0035,0.1415,3.1039,9.830,FEASIBLE,0,84.00
54.900,65.13623,25.52324,1.68170,0.3000,1.0000,-0.03747,0.0179,0.1362,3.1092,10.131,FEASIBLE,0,84.00
55.000,65.13593,25.54616,1.67686,0.2249,1.0000,-0.08696,0.0072,0.1359,3.1095,9.564,FEASIBLE,0,84.00
55.100,65.13843,25.56087,1.67197,0.0971,1.0000,-0.05701,0.0081,0.1384,3.1070,9.667,FEASIBLE,0,84.00
55.200,65.13891,25.56574,1.66982,0.0347,1.0000,-0.04168,0.0058,0.1389,3.1065,9.712,FEASIBLE,0,84.00
55.300,65.13942,25.56849,1.66874,0.0324,1.0000,-0.04419,0.0090,0.1394,3.1060,9.301,FEASIBLE,0,84.00
55.400,65.14056,25.57512,1.66626,0.1054,1.0000,-0.03647,0.0030,0.1406,3.1049,9.421,FEASIBLE,0,84.00
55.500,65.14136,25.59808,1.66216,0.2965,1.0000,-0.01052,0.0340,0.1414,3.1041,9.403,FEASIBLE,0,84.00
55.600,65.13754,25.63776,1.66246,0.4736,1.0000,-0.01215,0.0181,0.1375,3.1079,9.551,FEASIBLE,0,84.00
55.700,65.12603,25.69239,1.67115,0.6180,1.0000,-0.01651,0.0109,0.1260,3.1203,9.653,FEASIBLE,0,84.50
55.800,65.11136,25.76369,1.68103,0.8092,1.0000,-0.00475,0.0040,0.1114,3.1350,9.741,FEASIBLE,0,84.50
55.900,65.10092,25.85802,1.68093,1.0572,1.0000,-0.02169,0.0149,0.1009,3.1454,9.520,FEASIBLE,0,84.50
56.000,65.09695,25.97931,1.66875,1.3143,1.0000,-0.04682,0.0277,0.0970,3.1494,9.786,FEASIBLE,0,84.50
56.100,65.09835,26.12116,1.64927,1.4806,1.0000,0.00067,0.0365,0.0984,3.1480,9.397,FEASIBLE,0,84.50
56.200,65.10224,26.27386,1.62929,1.5531,1.0000,-0.00872,0.0313,0.1022,3.1449,9.459,FEASIBLE,0,85.00
56.300,65.10436,26.42807,1.61543,1.5336,1.0000,0.05533,0.0113,0.1044,3.1427,9.583,FEASIBLE,0,85.00
56.400,65.09969,26.57494,1.61364,1.4240,1.0000,0.07983,0.0110,0.0997,3.1474,9.436,FEASIBLE,0,85.00
56.500,65.08708,26.70481,1.62473,1.2247,1.0000,0.05252,0.0023,0.0871,3.1606,10.045,FEASIBLE,0,85.50
56.600,65.07135,26.81043,1.64207,0.9648,1.0000,0.06664,0.0038,0.0714,3.1764,9.427,FEASIBLE,0,85.50
56.700,65.05418,26.88765,1.65852,0.6792,1.0000,0.00625,0.0307,0.0542,3.1935,9.347,FEASIBLE,0,85.50
56.800,65.04273,26.94099,1.66693,0.4628,1.0000,-0.06413,0.0007,0.0427,3.2050,9.361,FEASIBLE,0,85.50
56.900,65.03782,26.97550,1.66670,0.2930,1.0000,-0.14322,0.0101,0.0378,3.2099,9.369,FEASIBLE,0,85.50
57.000,65.03892,27.00830,1.65785,0.4240,1.0000,-0.12208,0.0025,0.0389,3.2088,9.494,FEASIBLE,0,85.50
57.100,65.04561,27.04721,1.64381,0.3973,1.0000,-0.09428,0.0161,0.0456,3.2021,9.821,FEASIBLE,0,85.50
57.202,65.05812,27.10402,1.62167,0.5420,1.0000,-0.09370,0.0432,0.0581,3.1896,9.602,FEASIBLE,0,85.50
57.300,65.06979,27.15189,1.60272,0.6710,1.0000,-0.04682,0.0407,0.0698,3.1779,9.441,FEASIBLE,0,85.50
57.400,65.08633,27.23195,1.57780,0.9258,1.0000,-0.00688,0.0367,0.0863,3.1619,9.542,FEASIBLE,0,86.00
57.500,65.09432,27.33603,1.56700,1.1298,1.0000,0.09907,0.0309,0.0943,3.1539,9.805,FEASIBLE,0,86.00
57.600,65.08662,27.48203,1.57837,1.2814,1.0000,0.13231,0.0020,0.0866,3.1616,9.621,FEASIBLE,0,86.00
57.700,65.06984,27.61257,1.59935,1.3408,1.0000,0.08206,0.0149,0.0698,3.1784,10.362,FEASIBLE,0,86.00
57.800,65.05357,27.71801,1.61718,1.3329,1.0000,0.04953,0.0149,0.0536,3.1950,9.680,FEASIBLE,0,86.50
57.900,65.03481,27.84501,1.63419,1.2520,1.0000,-0.04055,0.0164,0.0348,3.2138,9.395,FEASIBLE,0,86.50
58.000,65.02396,27.95962,1.63911,1.0885,1.0000,-0.03012,0.0273,0.0240,3.2246,9.646,FEASIBLE,0,86.50
58.100,65.02478,28.05611,1.62960,0.8855,1.0000,-0.08104,0.0020,0.0248,3.2238,10.191,FEASIBLE,0,86.50
58.200,65.03585,28.13379,1.60896,0.7524,1.0000,-0.06313,0.0054,0.0359,3.2128,10.592,FEASIBLE,0,86.50
58.300,65.05250,28.20222,1.58329,0.6706,1.0000,-0.03861,0.0277,0.0525,3.1964,10.377,FEASIBLE,0,87.00
58.400,65.06960,28.26185,1.55940,0.5987,1.0000,0.01315,0.0289,0.0696,3.1793,9.507,FEASIBLE,0,87.00
58.500,65.08708,28.31739,1.53677,0.5836,1.0000,0.10281,0.0457,0.0871,3.1618,9.430,FEASIBLE,0,87.00
58.600,65.10661,28.37903,1.51354,0.7014,1.0000,0.16001,0.0366,0.1066,3.1423,9.490,FEASIBLE,0,87.00
58.700,65.12063,28.45393,1.50087,0.8237,1.0000,0.19462,0.0488,0.1206,3.1283,10.163,FEASIBLE,0,87.00
58.800,65.12926,28.51678,1.49436,0.6022,1.0000,0.18470,0.0106,0.1293,3.1197,10.583,FEASIBLE,0,87.00
58.900,65.13147,28.58794,1.50045,0.8246,1.0000,0.19678,0.0216,0.1315,3.1175,9.691,FEASIBLE,0,87.00
59.000,65.11731,28.68817,1.52879,1.1322,1.0000,0.16354,0.0131,0.1173,3.1319,11.407,FEASIBLE,0,87.50
59.100,65.08860,28.80984,1.57285,1.3069,1.0000,0.15328,0.0052,0.0886,3.1606,10.321,FEASIBLE,0,87.50
59.200,65.05559,28.93866,1.61497,1.3411,1.0000,0.10317,0.0296,0.0556,3.1936,10.725,FEASIBLE,0,87.50
59.300,65.02467,29.06812,1.64539,1.3228,1.0000,0.00082,0.0435,0.0247,3.2245,10.632,FEASIBLE,0,87.50
59.400,65.00124,29.19476,1.65670,1.2621,1.0000,-0.09724,0.0156,0.0012,3.2481,9.811,FEASIBLE,0,88.00
59.500,64.99569,29.30797,1.64783,1.0049,1.0000,-0.12305,0.0123,0.0043,3.2451,9.366,FEASIBLE,0,88.00
59.600,65.00355,29.39135,1.62960,0.7452,1.0000,-0.10519,0.0027,0.0035,3.2458,10.503,FEASIBLE,0,88.00
59.700,65.01809,29.45522,1.60688,0.6293,1.0000,-0.05933,0.0145,0.0181,3.2313,10.554,FEASIBLE,0,88.00
59.800,65.03523,29.51184,1.58377,0.5763,1.0000,-0.03343,0.0272,0.0352,3.2141,11.160,FEASIBLE,0,88.00
59.900,65.05637,29.57927,1.55597,0.6176,1.0000,0.03608,0.0261,0.0564,3.1930,10.402,FEASIBLE,0,88.00
60.000,65.07218,29.62894,1.53562,0.6802,1.0000,0.07364,0.0183,0.0722,3.1772,10.980,FEASIBLE,0,88.00
60.100,65.09662,29.70110,1.50597,0.8237,1.0000,0.09489,0.0315,0.0966,3.1529,10.016,FEASIBLE,0,88.50
60.200,65.12523,29.78303,1.47486,0.8995,1.0000,0.20606,0.0334,0.1252,3.1243,10.712,FEASIBLE,0,88.50
60.300,65.14997,29.87412,1.45370,0.9674,1.0000,0.22848,0.0365,0.1500,3.0995,11.378,FEASIBLE,0,88.50
60.400,65.16679,29.97219,1.44689,1.0165,1.0000,0.34262,0.0361,0.1668,3.0827,9.567,FEASIBLE,0,88.50
60.500,65.17012,30.07872,1.46002,1.1118,1.0000,0.26375,0.0336,0.1701,3.0794,9.748,FEASIBLE,0,88.50
60.600,65.15114,30.21681,1.50402,1.1762,1.0000,0.26122,0.0154,0.1511,3.0985,10.108,FEASIBLE,0,89.00
60.702,65.12524,30.32714,1.54643,1.0892,1.0000,0.21685,0.0021,0.1252,3.1244,9.318,FEASIBLE,0,89.00
60.800,65.10233,30.40495,1.57673,0.9678,1.1000,0.19983,0.0206,0.1023,3.1473,10.069,FEASIBLE,0,89.00
60.900,65.07324,30.50037,1.61377,0.7813,1.3000,0.13587,0.0495,0.0732,3.1764,11.448,FEASIBLE,0,89.00
61.000,65.06075,30.55860,1.62706,0.7246,1.3069,0.04535,0.0178,0.0608,3.1889,10.118,FEASIBLE,0,89.00
61.102,65.05489,30.64445,1.62842,0.7177,1.2782,-0.04480,0.0055,0.0549,3.1947,9.585,FEASIBLE,0,89.00
61.200,65.05940,30.71303,1.61729,0.6806,1.2596,-0.04510,0.0197,0.0594,3.1903,10.835,FEASIBLE,0,89.50
61.300,65.06889,30.76772,1.60127,0.7086,1.2173,-0.03325,0.0131,0.0689,3.1808,10.696,FEASIBLE,0,89.50
61.400,65.08763,30.84240,1.57328,0.8247,1.3173,0.04336,0.0374,0.0876,3.1621,10.839,FEASIBLE,0,89.50
61.500,65.11387,30.93259,1.53802,1.0233,1.5173,0.11513,0.0376,0.1139,3.1359,10.403,FEASIBLE,0,89.50
61.600,65.14791,31.04134,1.49844,1.2111,1.7173,0.16240,0.0613,0.1479,3.1018,9.686,FEASIBLE,0,89.50
61.700,65.18255,31.17265,1.46686,1.4675,1.6614,0.20723,0.0957,0.1825,3.0672,9.866,FEASIBLE,0,89.50
61.800,65.21150,31.33605,1.45243,1.7785,1.5281,0.25620,0.0828,0.2115,3.0383,9.938,FEASIBLE,0,90.00
61.900,65.22630,31.52382,1.46215,1.9485,1.6281,0.27418,0.0763,0.2263,3.0235,9.801,FEASIBLE,0,90.00
62.000,65.22061,31.72471,1.49622,2.0443,1.8281,0.27827,0.0617,0.2206,3.0292,9.499,FEASIBLE,0,90.50
62.100,65.19338,31.92939,1.54917,2.0701,1.6256,0.26281,0.0441,0.1934,3.0565,10.936,FEASIBLE,0,90.50
62.200,65.14706,32.12825,1.61282,2.0129,1.4756,0.16343,0.0127,0.1471,3.1028,9.298,FEASIBLE,0,90.50
62.300,65.08232,32.30169,1.67448,1.8441,1.6756,0.08369,0.0359,0.0823,3.1676,9.819,FEASIBLE,0,91.00
62.400,65.01534,32.46788,1.73832,1.7404,1.8739,-0.04193,0.0644,0.0153,3.2346,9.492,FEASIBLE,0,91.00
62.500,64.95272,32.61380,1.79151,1.5219,1.8953,-0.22532,0.0623,0.0473,3.2026,9.373,FEASIBLE,0,91.00
62.600,64.90123,32.75215,1.82364,1.3977,1.7450,-0.30067,0.0898,0.0988,3.1511,9.509,FEASIBLE,0,91.50
62.700,64.86287,32.87359,1.83428,1.2181,1.6164,-0.35498,0.1014,0.1371,3.1128,9.419,FEASIBLE,0,91.50
62.800,64.84030,32.99349,1.81921,1.3150,1.3664,-0.42633,0.0799,0.1597,3.0902,9.673,FEASIBLE,0,91.50
62.900,64.83500,33.14197,1.77889,1.6249,1.0000,-0.38070,0.0338,0.1650,3.0849,9.749,FEASIBLE,0,91.50
63.000,64.84478,33.32747,1.71889,2.0243,1.0000,-0.35525,0.0381,0.1552,3.0947,9.934,FEASIBLE,0,92.00
63.100,64.88228,33.55800,1.62781,1.9580,1.0000,-0.21986,0.0209,0.1177,3.1322,9.492,FEASIBLE,0,92.00
63.200,64.91914,33.71660,1.56760,2.0938,1.0000,-0.15005,0.0280,0.0809,3.1691,9.564,FEASIBLE,0,92.50
63.300,64.97372,33.90890,1.49733,1.9087,1.0000,-0.02564,0.0370,0.0263,3.2237,9.564,FEASIBLE,0,92.50
63.400,65.02773,34.07726,1.44556,1.6548,1.0000,0.10759,0.0300,0.0277,3.2222,9.421,FEASIBLE,0,92.50
63.500,65.06823,34.22991,1.41609,1.5531,1.0000,0.18857,0.0496,0.0682,3.1817,9.581,FEASIBLE,0,93.00
63.600,65.09451,34.36677,1.40962,1.2762,1.0000,0.22980,0.0605,0.0945,3.1555,9.733,FEASIBLE,0,93.00
63.704,65.10383,34.49254,1.42560,0.8565,1.0000,0.29155,0.0228,0.1038,3.1461,10.171,FEASIBLE,0,93.00
63.800,65.10110,34.54365,1.43922,0.5122,1.0000,0.24884,0.0120,0.1011,3.1489,9.602,FEASIBLE,0,93.00
63.902,65.09769,34.56673,1.44740,0.0500,1.0000,0.36534,0.0118,0.0977,3.1523,9.511,FEASIBLE,0,93.00
64.000,65.09580,34.55763,1.44645,0.1659,1.0000,0.34598,0.0099,0.0958,3.1542,9.467,FEASIBLE,0,93.00
64.100,65.08918,34.52321,1.44345,0.3905,1.0000,0.34168,0.0289,0.0892,3.1608,10.079,FEASIBLE,0,93.00
64.200,65.08171,34.48041,1.44376,0.6262,1.0000,0.22662,0.0714,0.0817,3.1683,9.700,FEASIBLE,0,93.00
64.300,65.07796,34.41218,1.43936,0.7171,1.0000,0.21031,0.1006,0.0780,3.1720,9.742,FEASIBLE,0,93.00
64.400,65.07968,34.31797,1.42069,0.8209,1.0000,0.23084,0.1318,0.0797,3.1703,10.016,FEASIBLE,0,93.00
64.500,65.08451,34.25524,1.40307,0.7924,1.0000,0.29567,0.1185,0.0845,3.1655,10.184,FEASIBLE,0,93.00
64.600,65.08917,34.16618,1.37787,0.7030,1.0000,0.28946,0.1277,0.0892,3.1608,9.702,FEASIBLE,0,92.50
64.700,65.08929,34.11332,1.36570,0.6335,1.0000,0.31453,0.0884,0.0893,3.1607,10.175,FEASIBLE,0,92.50
64.800,65.08523,34.05884,1.36043,0.4543,1.0000,0.30207,0.1001,0.0852,3.1647,9.727,FEASIBLE,0,92.50
64.900,65.07757,34.02630,1.36380,0.2026,1.0000,0.42228,0.0364,0.0776,3.1724,9.372,FEASIBLE,0,92.50
65.000,65.07525,34.02270,1.36549,0.0339,1.0000,0.42317,0.0178,0.0752,3.1747,9.999,FEASIBLE,0,92.50
65.100,65.07892,34.03461,1.36188,0.1859,1.0000,0.41982,0.0122,0.0789,3.1710,9.261,FEASIBLE,0,92.50
65.200,65.08538,34.06339,1.36138,0.3937,1.0000,0.42823,0.0014,0.0854,3.1646,9.845,FEASIBLE,0,92.50
65.300,65.08624,34.12109,1.37313,0.6978,1.0000,0.30809,0.0110,0.0862,3.1637,9.478,FEASIBLE,0,92.50
65.400,65.07835,34.20730,1.40046,0.9702,1.0000,0.30801,0.0053,0.0784,3.1716,9.398,FEASIBLE,0,93.00
65.500,65.06152,34.31492,1.44243,1.1347,1.0000,0.25621,0.0017,0.0615,3.1885,9.533,FEASIBLE,0,93.00
65.600,65.03610,34.44884,1.49401,1.1042,1.0000,0.23485,0.0300,0.0361,3.2139,9.314,FEASIBLE,0,93.00
65.700,65.02474,34.53033,1.51631,0.9848,1.0000,0.18763,0.0279,0.0247,3.2252,9.618,FEASIBLE,0,93.00
65.800,65.01997,34.63305,1.52893,0.7528,1.0000,0.10549,0.0060,0.0200,3.2300,9.466,FEASIBLE,0,93.00
65.900,65.02739,34.68973,1.52490,0.7384,1.0000,0.07704,0.0146,0.0274,3.2226,9.989,FEASIBLE,0,93.50
66.000,65.04619,34.75736,1.50787,0.7122,1.0000,0.09889,0.0503,0.0462,3.2038,9.733,FEASIBLE,0,93.50
66.100,65.06701,34.81775,1.48477,0.5902,1.1000,0.14209,0.0171,0.0670,3.1830,9.744,FEASIBLE,0,93.50
66.200,65.08601,34.86656,1.46471,0.4863,1.3000,0.21075,0.0260,0.0860,3.1640,9.996,FEASIBLE,0,93.50
66.300,65.10337,34.90844,1.44722,0.4396,1.5000,0.36409,0.0375,0.1034,3.1466,10.828,FEASIBLE,0,93.50
66.400,65.12112,34.94918,1.43005,0.4563,1.7000,0.39874,0.0160,0.1211,3.1289,10.473,FEASIBLE,0,93.50
66.500,65.14196,34.99477,1.41072,0.5399,1.8538,0.38484,0.0385,0.1420,3.1080,9.921,FEASIBLE,0,93.50
66.600,65.16861,35.05050,1.38727,0.6783,1.8382,0.29042,0.0521,0.1686,3.0814,9.879,FEASIBLE,0,93.50
66.700,65.20169,35.12499,1.36224,0.9254,1.7441,0.33494,0.0548,0.2017,3.0483,9.407,FEASIBLE,0,93.50
66.800,65.23290,35.23137,1.35153,1.2147,1.7017,0.37821,0.0742,0.2329,3.0171,9.768,FEASIBLE,0,94.00
66.900,65.25450,35.36517,1.36224,1.4498,1.5517,0.47275,0.0532,0.2545,2.9955,9.707,FEASIBLE,0,94.00
67.000,65.25955,35.52299,1.39788,1.6543,1.7517,0.46794,0.0589,0.2595,2.9904,9.474,FEASIBLE,0,94.00
67.100,65.24226,35.69701,1.45764,1.8247,1.8674,0.35415,0.0519,0.2423,3.0077,9.251,FEASIBLE,0,94.50
67.200,65.19357,35.92965,1.54795,2.1040,1.6174,0.30639,0.0371,0.1936,3.0564,9.297,FEASIBLE,0,94.50
67.300,65.14336,36.10014,1.61618,2.2901,1.4674,0.18014,0.0092,0.1434,3.1066,9.844,FEASIBLE,0,94.50
67.402,65.03784,36.36892,1.72709,2.4770,1.6674,0.08092,0.0607,0.0378,3.2122,9.749,FEASIBLE,0,95.00
67.500,64.94750,36.54911,1.80438,2.5374,1.8674,-0.19047,0.1320,0.0525,3.1975,9.949,FEASIBLE,0,95.00
67.602,64.78528,36.80593,1.92102,2.4926,1.8000,-0.45128,0.2101,0.2147,3.0353,9.619,FEASIBLE,0,95.50
67.700,64.66732,36.95903,1.99183,2.3779,1.9000,-0.46747,0.1814,0.3327,2.9173,10.103,FEASIBLE,0,95.50
67.800,64.51917,37.14452,2.06449,2.3386,1.9000,-0.61090,0.2606,0.4808,2.7692,9.484,FEASIBLE,0,95.50
67.900,64.38155,37.32038,2.10861,2.1574,1.7500,-0.61090,0.2554,0.6184,2.6315,9.372,FEASIBLE,0,96.00
68.000,64.27213,37.48641,2.11882,1.8686,1.8000,-0.61090,0.2237,0.7279,2.5221,9.868,FEASIBLE,0,96.00
68.100,64.19870,37.63800,2.09751,1.5192,1.9000,-0.61090,0.2005,0.8013,2.4487,9.870,FEASIBLE,0,96.00
68.200,64.15978,37.75399,2.06485,1.0465,1.8000,-0.61090,0.1791,0.8402,2.4098,9.326,FEASIBLE,0,96.50
68.300,64.13848,37.84920,2.02952,0.6668,1.9000,-0.61090,0.0843,0.8615,2.3885,9.370,FEASIBLE,0,96.50
68.400,64.13065,37.89210,2.01291,0.4772,2.1000,-0.61090,0.0440,0.8693,2.3807,9.589,FEASIBLE,0,96.50
68.500,64.12469,37.92830,1.99884,0.3018,2.2036,-0.61090,0.0465,0.8753,2.3747,9.505,FEASIBLE,0,96.50
68.600,64.12121,37.95103,1.99002,0.1906,2.1716,-0.61090,0.0165,0.8788,2.3712,9.906,FEASIBLE,0,96.50
68.700,64.11912,37.96654,1.98397,0.1420,2.1619,-0.61090,0.0096,0.8809,2.3691,10.216,FEASIBLE,0,96.50
68.800,64.11775,37.98104,1.97824,0.1559,2.1354,-0.61090,0.0145,0.8823,2.3677,9.834,FEASIBLE,0,96.50
68.900,64.11713,38.00058,1.97036,0.2298,2.1310,-0.61090,0.0211,0.8829,2.3671,9.903,FEASIBLE,0,96.50
69.000,64.11455,38.03234,1.95767,0.3915,2.1143,-0.61090,0.0386,0.8854,2.3645,9.520,FEASIBLE,0,96.50
69.100,64.10928,38.08307,1.93806,0.5965,2.1093,-0.61090,0.0381,0.8907,2.3593,9.544,FEASIBLE,0,96.50
69.200,64.10416,38.15753,1.90910,0.8525,2.0826,-0.61090,0.0499,0.8958,2.3542,10.046,FEASIBLE,0,96.50
69.300,64.09993,38.25804,1.87030,1.1076,2.0568,-0.61090,0.1052,0.9001,2.3499,9.656,FEASIBLE,0,97.00
69.400,64.10007,38.38424,1.82164,1.3632,1.9068,-0.47127,0.0413,0.8999,2.3501,9.711,FEASIBLE,0,97.00
69.500,64.10804,38.53027,1.76516,1.5270,2.1068,-0.43633,0.0637,0.8920,2.3580,9.508,FEASIBLE,0,97.00
69.600,64.12719,38.69692,1.70039,1.7759,2.1385,-0.56881,0.1082,0.8728,2.3772,10.509,FEASIBLE,0,97.50
69.700,64.16202,38.88563,1.62633,2.0159,2.0392,-0.61090,0.1278,0.8380,2.4120,9.426,FEASIBLE,0,97.50
69.800,64.21496,39.09043,1.54664,2.1771,2.1392,-0.50017,0.0729,0.7850,2.4650,9.643,FEASIBLE,0,97.50
69.900,64.28532,39.30456,1.46624,2.2919,2.0958,-0.42173,0.0816,0.7147,2.5353,9.593,FEASIBLE,0,98.00
70.000,64.37313,39.51825,1.38640,2.3112,2.1958,-0.27250,0.0087,0.6269,2.6231,9.475,FEASIBLE,0,98.00
70.100,64.47357,39.72267,1.31150,2.2546,2.0868,-0.15163,0.0225,0.5264,2.7236,9.288,FEASIBLE,0,98.50
70.200,64.58019,39.91508,1.24612,2.1447,1.8368,-0.01201,0.0312,0.4198,2.8302,9.684,FEASIBLE,0,98.50
70.300,64.68408,40.09235,1.19589,1.9889,1.9517,0.17154,0.0227,0.3159,2.9341,9.296,FEASIBLE,0,98.50
70.402,64.79358,40.29068,1.16205,1.8194,1.8426,0.25655,0.0281,0.2064,3.0436,9.911,FEASIBLE,0,99.00
70.502,64.86599,40.45238,1.15978,1.7511,2.0027,0.30677,0.0488,0.1340,3.1160,9.652,FEASIBLE,0,99.00
70.602,64.91950,40.61862,1.18239,1.7555,1.9229,0.41966,0.0496,0.0805,3.1695,9.998,FEASIBLE,0,99.00
70.700,64.95105,40.79489,1.23046,1.8207,1.7994,0.38851,0.0314,0.0489,3.2011,10.236,FEASIBLE,0,99.50
70.800,64.95993,40.93764,1.28131,1.7657,1.6191,0.35949,0.0033,0.0401,3.2099,9.466,FEASIBLE,0,99.50
70.900,64.95470,41.11872,1.35042,1.8383,1.7191,0.31926,0.0010,0.0453,3.2047,9.482,FEASIBLE,0,99.50
71.000,64.93706,41.30563,1.42291,1.8847,1.7602,0.24612,0.0307,0.0629,3.1871,9.558,FEASIBLE,0,100.00
71.100,64.90674,41.48907,1.49451,1.8334,1.8602,0.15375,0.0485,0.0933,3.1567,9.541,FEASIBLE,0,100.00
71.200,64.86607,41.66025,1.56226,1.7016,1.8773,0.07895,0.0673,0.1339,3.1161,9.452,FEASIBLE,0,100.00
71.300,64.82063,41.81054,1.62225,1.4596,1.7221,-0.06067,0.1094,0.1794,3.0706,9.466,FEASIBLE,0,100.50
71.400,64.78250,41.93055,1.66342,1.1277,1.8221,-0.23758,0.0928,0.2175,3.0325,9.587,FEASIBLE,0,100.50
71.500,64.75786,42.03977,1.68165,1.1272,1.9157,-0.27669,0.0784,0.2421,3.0079,10.007,FEASIBLE,0,100.50
71.600,64.74759,42.14417,1.67930,0.9504,1.8463,-0.28460,0.0571,0.2524,2.9976,9.888,FEASIBLE,0,100.50
71.700,64.74946,42.22607,1.66487,0.7479,1.7627,-0.27665,0.0454,0.2505,2.9995,9.472,FEASIBLE,0,101.00
71.800,64.75909,42.29324,1.64368,0.6472,1.6127,-0.37097,0.0224,0.2409,3.0091,9.479,FEASIBLE,0,101.00
71.900,64.77337,42.35496,1.61978,0.6338,1.8127,-0.33108,0.0136,0.2266,3.0234,9.561,FEASIBLE,0,101.00
72.000,64.78989,42.42044,1.59380,0.7075,1.9507,-0.31089,0.0018,0.2101,3.0399,9.626,FEASIBLE,0,101.00
72.100,64.81078,42.49565,1.56366,0.8376,1.8919,-0.20735,0.0075,0.1892,3.0608,9.567,FEASIBLE,0,101.00
72.200,64.83890,42.58605,1.52710,1.0189,1.8381,-0.13722,0.0069,0.1611,3.0889,9.551,FEASIBLE,0,101.00
72.300,64.87081,42.68798,1.49166,1.1092,1.7737,0.00238,0.0002,0.1292,3.1208,10.013,FEASIBLE,0,101.00
72.400,64.89805,42.80418,1.46888,1.2566,1.6756,0.04407,0.0094,0.1019,3.1481,9.724,FEASIBLE,0,101.50
72.500,64.91598,42.94224,1.46442,1.5045,1.7756,0.02388,0.0035,0.0840,3.1660,9.600,FEASIBLE,0,101.50
72.600,64.91803,43.11210,1.48478,1.8146,1.9235,0.12388,0.0278,0.0820,3.1680,9.385,FEASIBLE,0,101.50
72.700,64.90679,43.30592,1.51896,2.0116,1.7677,0.07948,0.0595,0.0932,3.1568,9.806,FEASIBLE,0,102.00
72.800,64.88787,43.51251,1.55520,2.1077,1.8677,0.03868,0.0548,0.1121,3.1379,9.556,FEASIBLE,0,102.00
72.900,64.86669,43.72414,1.58462,2.1171,1.8335,-0.03237,0.0746,0.1333,3.1167,9.821,FEASIBLE,0,102.50
73.000,64.85237,43.91868,1.59824,1.8890,1.6730,-0.11439,0.0647,0.1476,3.1024,10.071,FEASIBLE,0,102.50
73.100,64.85230,44.09732,1.59127,1.7130,1.7730,-0.15064,0.0369,0.1477,3.1023,9.755,FEASIBLE,0,102.50
73.200,64.87002,44.25574,1.56420,1.5226,1.7125,-0.15161,0.0098,0.1300,3.1200,9.544,FEASIBLE,0,103.00
73.300,64.90500,44.39710,1.52042,1.4467,1.8125,-0.19561,0.0235,0.0950,3.1550,9.482,FEASIBLE,0,103.00
73.400,64.95304,44.53146,1.46771,1.4041,1.9223,-0.07216,0.0360,0.0470,3.2030,10.179,FEASIBLE,0,103.00
73.500,65.01854,44.68171,1.40514,1.3514,1.8150,0.11655,0.0786,0.0185,3.2315,9.439,FEASIBLE,0,103.00
73.600,65.06727,44.77897,1.36354,1.3676,1.6955,0.24117,0.0757,0.0673,3.1827,9.434,FEASIBLE,0,103.50
73.702,65.13580,44.90125,1.31007,1.4241,1.7955,0.31294,0.0848,0.1358,3.1142,9.620,FEASIBLE,0,103.50
73.802,65.22191,45.04847,1.25249,1.4509,1.9438,0.43316,0.1333,0.2219,3.0281,9.457,FEASIBLE,0,103.50
73.900,65.27813,45.15414,1.22661,1.5272,1.8308,0.46705,0.1305,0.2781,2.9719,9.659,FEASIBLE,0,103.50
74.000,65.35710,45.33621,1.21319,1.7701,1.7107,0.57479,0.1630,0.3571,2.8929,10.039,FEASIBLE,0,104.00
74.100,65.40185,45.47989,1.22397,1.9449,1.5607,0.61090,0.1296,0.4019,2.8481,9.828,FEASIBLE,0,104.00
74.200,65.44410,45.68027,1.25904,2.1093,1.7607,0.59129,0.1514,0.4441,2.8059,9.878,FEASIBLE,0,104.00
74.300,65.46410,45.89794,1.31759,2.2375,1.8176,0.61090,0.1693,0.4641,2.7859,9.770,FEASIBLE,0,104.50
74.400,65.45652,46.12809,1.39668,2.3327,1.6676,0.50588,0.1202,0.4565,2.7935,9.722,FEASIBLE,0,104.50
74.500,65.42564,46.35795,1.48218,2.3069,1.8676,0.45985,0.0957,0.4256,2.8244,9.654,FEASIBLE,0,105.00
74.600,65.37483,46.57400,1.56750,2.1423,1.7176,0.34701,0.0590,0.3748,2.8752,9.276,FEASIBLE,0,105.00
74.700,65.31352,46.76329,1.64488,1.8817,1.9130,0.24830,0.0351,0.3135,2.9365,10.222,FEASIBLE,0,105.50
74.800,65.24877,46.92170,1.71180,1.5995,1.6630,0.16666,0.0132,0.2488,3.0012,9.289,FEASIBLE,0,105.50
74.900,65.18504,47.04969,1.76805,1.3177,1.5130,0.14296,0.0396,0.1850,3.0650,9.430,FEASIBLE,0,105.50
75.000,65.12695,47.15115,1.81321,1.0730,1.7130,-0.13630,0.0483,0.1269,3.1231,9.713,FEASIBLE,0,105.50
75.100,65.07631,47.24096,1.84747,1.0086,1.6816,-0.22574,0.0499,0.0763,3.1737,9.361,FEASIBLE,0,106.00
75.200,65.03966,47.33405,1.86012,1.0004,1.7816,-0.26415,0.0473,0.0397,3.2103,9.454,FEASIBLE,0,106.00
75.300,65.01605,47.42300,1.85540,0.8805,1.9768,-0.30572,0.0046,0.0161,3.2339,9.513,FEASIBLE,0,106.00
75.400,65.00516,47.50698,1.83813,0.8453,1.8761,-0.34056,0.0020,0.0052,3.2448,9.412,FEASIBLE,0,106.00
75.500,65.00418,47.59433,1.80917,0.9070,1.8035,-0.30596,0.0023,0.0042,3.2458,9.640,FEASIBLE,0,106.00
75.600,65.01154,47.69519,1.77050,1.1098,1.7445,-0.29237,0.0155,0.0115,3.2385,9.529,FEASIBLE,0,106.50
75.700,65.02673,47.81971,1.72164,1.3560,1.6374,-0.23661,0.0299,0.0267,3.2233,9.997,FEASIBLE,0,106.50
75.800,65.04780,47.97075,1.66390,1.5968,1.7374,-0.17562,0.0340,0.0478,3.2022,9.692,FEASIBLE,0,106.50
75.900,65.07200,48.13490,1.61338,1.7021,1.8963,-0.12416,0.0383,0.0720,3.1780,9.527,FEASIBLE,0,106.50
76.000,65.08921,48.31455,1.58385,1.8927,1.7416,-0.00451,0.0508,0.0892,3.1608,10.193,FEASIBLE,0,107.00
76.100,65.09146,48.51141,1.57785,2.0514,1.8416,0.09349,0.0086,0.0915,3.1585,9.562,FEASIBLE,0,107.00
76.200,65.07972,48.72504,1.58999,2.1442,1.8577,0.03903,0.0083,0.0797,3.1703,9.665,FEASIBLE,0,107.50
76.300,65.05860,48.93469,1.61059,2.0740,1.6509,0.05139,0.0150,0.0586,3.1914,9.712,FEASIBLE,0,107.50
76.400,65.03378,49.13225,1.63126,1.9255,1.7509,-0.04722,0.0140,0.0338,3.2162,9.833,FEASIBLE,0,107.50
76.500,65.01218,49.31172,1.64444,1.7372,1.7609,-0.07563,0.0075,0.0122,3.2378,10.551,FEASIBLE,0,108.00
76.600,65.00067,49.47592,1.64362,1.6005,1.8609,-0.09738,0.0304,0.0007,3.2493,9.643,FEASIBLE,0,108.00
76.700,65.00406,49.63432,1.62480,1.5862,1.8978,-0.09854,0.0130,0.0041,3.2459,10.628,FEASIBLE,0,108.00
76.800,65.02375,49.79536,1.58935,1.6593,1.7347,-0.06673,0.0308,0.0238,3.2262,9.463,FEASIBLE,0,108.50
76.900,65.05973,49.96525,1.54082,1.7970,1.8347,-0.02808,0.0704,0.0597,3.1903,9.747,FEASIBLE,0,108.50
77.004,65.12116,50.18499,1.47526,1.9759,1.8963,0.10592,0.0860,0.1212,3.1288,9.564,FEASIBLE,0,108.50
77.100,65.17082,50.34284,1.43261,2.1229,1.7226,0.22700,0.1142,0.1708,3.0792,9.596,FEASIBLE,0,109.00
77.200,65.24010,50.54888,1.38454,2.1916,1.8226,0.30538,0.1208,0.2401,3.0099,9.536,FEASIBLE,0,109.00
77.300,65.32015,50.79637,1.34690,2.1404,1.7790,0.36421,0.1443,0.3201,2.9299,9.823,FEASIBLE,0,109.50
77.400,65.36381,50.95666,1.33832,2.0324,1.5290,0.46875,0.1673,0.3638,2.8862,9.388,FEASIBLE,0,109.50
77.500,65.39840,51.13290,1.34696,1.6499,1.4790,0.49191,0.1097,0.3984,2.8516,9.566,FEASIBLE,0,109.50
77.600,65.41021,51.28466,1.37553,1.4434,1.5790,0.48884,0.0839,0.4102,2.8398,9.601,FEASIBLE,0,110.00
77.700,65.40133,51.42928,1.42367,1.4683,1.7790,0.56533,0.0591,0.4013,2.8487,9.548,FEASIBLE,0,110.00
77.800,65.37937,51.57358,1.47867,1.4525,1.9790,0.57205,0.0637,0.3794,2.8706,9.611,FEASIBLE,0,110.00
77.900,65.34884,51.71473,1.53423,1.4483,1.8148,0.34059,0.0484,0.3488,2.9012,9.409,FEASIBLE,0,110.50
78.002,65.30074,51.88504,1.60224,1.5024,1.3148,0.24547,0.0477,0.3007,2.9493,9.709,FEASIBLE,0,110.50
78.100,65.26039,52.00264,1.64950,1.5871,1.4148,0.30292,0.0005,0.2604,2.9896,9.405,FEASIBLE,0,110.50
78.200,65.19901,52.15497,1.71131,1.6768,1.6148,0.20711,0.0259,0.1990,3.0510,9.567,FEASIBLE,0,110.50
78.300,65.12717,52.31465,1.77174,1.7707,1.7394,-0.03899,0.0599,0.1272,3.1228,9.483,FEASIBLE,0,111.00
78.400,65.06389,52.47510,1.80769,1.7048,1.8394,-0.15179,0.0479,0.0639,3.1861,9.353,FEASIBLE,0,111.00
78.500,65.01954,52.64162,1.81146,1.7493,1.8820,-0.25733,0.0355,0.0195,3.2305,9.746,FEASIBLE,0,111.00
78.600,64.99536,52.81385,1.78994,1.6206,1.7195,-0.28980,0.0413,0.0046,3.2454,9.279,FEASIBLE,0,111.50
78.700,64.99447,52.97339,1.74608,1.7073,1.8195,-0.28062,0.0160,0.0055,3.2445,9.502,FEASIBLE,0,111.50
78.800,65.01171,53.16068,1.68374,2.0008,1.8908,-0.23368,0.0128,0.0117,3.2383,9.285,FEASIBLE,0,111.50
78.900,65.05016,53.37521,1.60718,2.2959,1.6828,-0.14852,0.0442,0.0502,3.1998,9.781,FEASIBLE,0,112.00
79.000,65.11013,53.61420,1.52517,2.5378,1.7828,-0.02875,0.1047,0.1101,3.1399,9.297,FEASIBLE,0,112.00
79.100,65.18403,53.86587,1.45218,2.6950,1.7545,0.11088,0.1299,0.1840,3.0660,9.752,FEASIBLE,0,112.50
79.200,65.26367,54.12604,1.39620,2.6646,1.8545,0.26027,0.1497,0.2637,2.9863,9.661,FEASIBLE,0,112.50
79.300,65.32953,54.36232,1.36742,2.3825,1.7959,0.35266,0.1645,0.3295,2.9205,9.670,FEASIBLE,0,113.00
79.400,65.37943,54.58600,1.36251,2.2198,1.6459,0.43052,0.1546,0.3794,2.8706,9.708,FEASIBLE,0,113.00
79.500,65.40879,54.79300,1.37953,1.9945,1.8459,0.46928,0.1615,0.4088,2.8412,9.474,FEASIBLE,0,113.50
79.600,65.41390,54.97558,1.41652,1.7104,1.9000,0.61090,0.1012,0.4139,2.8361,9.902,FEASIBLE,0,113.50
79.700,65.39710,55.13228,1.46910,1.4857,1.9714,0.61090,0.0689,0.3971,2.8529,9.814,FEASIBLE,0,113.50
79.800,65.37152,55.26087,1.51878,1.1965,1.7943,0.45656,0.0598,0.3715,2.8785,9.544,FEASIBLE,0,114.00
79.900,65.34459,55.35999,1.55868,0.9138,1.8943,0.51625,0.0131,0.3446,2.9054,9.963,FEASIBLE,0,114.00
80.000,65.32170,55.43280,1.58975,0.6498,2.0536,0.48716,0.0006,0.3217,2.9283,9.665,FEASIBLE,0,114.00
80.100,65.30338,55.47817,1.61331,0.3940,1.9181,0.47361,0.0305,0.3034,2.9466,9.398,FEASIBLE,0,114.00
80.200,65.29341,55.50260,1.62553,0.1812,1.9000,0.22071,0.0128,0.2934,2.9566,9.460,FEASIBLE,0,114.00
80.300,65.29060,55.51301,1.63029,0.0702,1.8229,0.18506,0.0176,0.2906,2.9594,9.562,FEASIBLE,0,114.00
80.400,65.29166,55.51990,1.63254,0.1106,1.8372,0.19410,0.0075,0.2917,2.9583,9.370,FEASIBLE,0,114.00
80.502,65.28913,55.53606,1.63464,0.1924,1.8164,0.18336,0.0321,0.2891,2.9609,9.447,FEASIBLE,0,114.00
80.602,65.28834,55.56202,1.63343,0.3120,1.7934,0.19451,0.0224,0.2883,2.9617,9.701,FEASIBLE,0,114.00
80.700,65.29049,55.59327,1.62779,0.4430,1.8233,0.18095,0.0078,0.2905,2.9595,9.361,FEASIBLE,0,114.00
80.800,65.29897,55.64660,1.61215,0.5980,1.7509,0.25579,0.0344,0.2990,2.9510,9.292,FEASIBLE,0,114.00
80.900,65.30785,55.71683,1.59642,0.7853,1.6696,0.30378,0.0208,0.3079,2.9421,9.438,FEASIBLE,0,114.50
81.000,65.31019,55.80752,1.59023,0.9937,1.4196,0.33668,0.0512,0.3102,2.9398,9.299,FEASIBLE,0,114.50
81.100,65.29825,55.92180,1.60282,1.2601,1.3000,0.43534,0.0399,0.2983,2.9517,9.319,FEASIBLE,0,114.50
81.200,65.26541,56.06050,1.63884,1.5337,1.5000,0.41784,0.0139,0.2654,2.9846,9.410,FEASIBLE,0,114.50
81.300,65.20988,56.22200,1.69425,1.8213,1.7000,0.27821,0.0149,0.2099,3.0401,9.368,FEASIBLE,0,115.00
81.400,65.13042,56.40166,1.76380,2.0288,1.5500,0.17355,0.0379,0.1304,3.1196,9.408,FEASIBLE,0,115.00
81.500,65.03099,56.58432,1.83989,2.1054,1.7372,0.04840,0.1014,0.0310,3.2190,9.275,FEASIBLE,0,115.00
81.600,64.91408,56.75928,1.92017,2.0709,1.7681,-0.08013,0.1444,0.0859,3.1641,9.283,FEASIBLE,0,115.50
81.700,64.78995,56.91654,1.99688,1.9567,1.8681,-0.20698,0.1792,0.2100,3.0400,9.321,FEASIBLE,0,115.50
81.800,64.66554,57.05922,2.06346,1.8410,1.9000,-0.35968,0.1985,0.3345,2.9155,9.420,FEASIBLE,0,115.50
81.900,64.55077,57.18977,2.11002,1.6897,1.8360,-0.43633,0.2020,0.4492,2.8008,9.614,FEASIBLE,0,116.00
82.000,64.45661,57.31108,2.12924,1.4209,1.7534,-0.43633,0.2005,0.5434,2.7066,9.136,FEASIBLE,0,116.00
82.100,64.39226,57.41990,2.12379,1.1311,1.8534,-0.43633,0.1771,0.6077,2.6423,9.320,FEASIBLE,0,116.00
82.200,64.35769,57.50383,2.10485,0.7896,1.9000,-0.43633,0.0866,0.6423,2.6077,9.488,FEASIBLE,0,116.00
82.300,64.34056,57.56736,2.08255,0.5862,2.0260,-0.43633,0.0473,0.6594,2.5906,9.489,FEASIBLE,0,116.00
82.400,64.33069,57.62072,2.06131,0.5301,2.0092,-0.43633,0.0357,0.6693,2.5807,9.427,FEASIBLE,0,116.00
82.500,64.32041,57.66990,2.04202,0.4942,1.9786,-0.57596,0.0436,0.6796,2.5704,9.464,FEASIBLE,0,116.00
82.600,64.31099,57.71973,2.02250,0.5247,1.9423,-0.47127,0.0551,0.6890,2.5610,9.421,FEASIBLE,0,116.50
82.700,64.30148,57.77651,2.00034,0.6183,2.0423,-0.43633,0.0665,0.6985,2.5515,9.768,FEASIBLE,0,116.50
82.800,64.29154,57.84673,1.97303,0.7786,2.2362,-0.43633,0.0263,0.7085,2.5415,9.472,FEASIBLE,0,116.50
82.900,64.28232,57.93058,1.94036,0.9190,2.1915,-0.43633,0.0484,0.7177,2.5323,10.062,FEASIBLE,0,116.50
83.000,64.27462,58.03628,1.89932,1.1524,2.1389,-0.43633,0.0689,0.7254,2.5246,9.368,FEASIBLE,0,116.50
83.100,64.27120,58.16616,1.84909,1.3962,2.0818,-0.43633,0.0671,0.7288,2.5212,9.586,FEASIBLE,0,116.50
83.200,64.27563,58.31999,1.78966,1.6371,1.9940,-0.43633,0.1079,0.7244,2.5256,9.573,FEASIBLE,0,117.00
83.300,64.29214,58.49720,1.72119,1.8749,2.0940,-0.41788,0.0670,0.7079,2.5421,9.368,FEASIBLE,0,117.00
83.400,64.32541,58.69736,1.64384,2.1452,2.1284,-0.32016,0.0591,0.6746,2.5754,9.514,FEASIBLE,0,117.50
83.500,64.37397,58.92160,1.56628,2.3595,1.9310,-0.25573,0.0899,0.6260,2.6240,9.366,FEASIBLE,0,117.50
83.600,64.43584,59.20438,1.49778,2.4304,1.7810,-0.13095,0.0498,0.5642,2.6858,9.379,FEASIBLE,0,118.00
83.700,64.47307,59.39521,1.47149,2.4273,1.9728,-0.05957,0.0486,0.5269,2.7231,9.612,FEASIBLE,0,118.00
83.800,64.51426,59.67481,1.46086,2.2569,1.9000,0.02753,0.0216,0.4857,2.7643,9.662,FEASIBLE,0,118.00
83.900,64.52709,59.84714,1.46853,2.0955,1.8176,0.01537,0.0919,0.4729,2.7771,10.122,FEASIBLE,0,118.50
84.000,64.53136,60.04116,1.48745,1.8250,1.6676,-0.15103,0.1060,0.4686,2.7814,9.589,FEASIBLE,0,118.50
84.100,64.52723,60.20422,1.50912,1.5018,1.8676,-0.15103,0.1074,0.4728,2.7772,9.588,FEASIBLE,0,119.00
84.200,64.52151,60.33902,1.52648,1.2727,1.8181,-0.02550,0.0861,0.4785,2.7715,9.429,FEASIBLE,0,119.00
84.300,64.52139,60.45728,1.53287,1.1300,1.6681,-0.20136,0.0628,0.4786,2.7714,9.486,FEASIBLE,0,119.00
84.400,64.53329,60.56389,1.52252,1.0526,1.8681,-0.22669,0.0475,0.4667,2.7833,9.649,FEASIBLE,0,119.00
84.500,64.55685,60.66186,1.49799,0.9617,1.8694,-0.19514,0.0339,0.4431,2.8069,9.846,FEASIBLE,0,119.00
84.600,64.58896,60.74944,1.46492,0.9275,1.8083,-0.05551,0.0171,0.4110,2.8390,9.513,FEASIBLE,0,119.50
84.700,64.62625,60.83618,1.42877,0.9230,1.9083,-0.05715,0.0227,0.3738,2.8762,10.440,FEASIBLE,0,119.50
84.800,64.67676,60.94241,1.38322,1.0486,1.9752,-0.03819,0.0140,0.3232,2.9268,9.597,FEASIBLE,0,119.50
84.900,64.73110,61.04427,1.33855,1.2330,1.9273,0.04502,0.0185,0.2689,2.9811,9.762,FEASIBLE,0,119.50
85.000,64.78589,61.13707,1.29688,1.4175,1.8681,0.18465,0.0589,0.2141,3.0359,9.933,FEASIBLE,0,119.50
85.100,64.87242,61.27361,1.23879,1.7439,1.7593,0.32860,0.0615,0.1276,3.1224,10.017,FEASIBLE,0,120.00
85.200,64.97063,61.43831,1.19146,2.0314,1.8593,0.38747,0.0892,0.0294,3.2206,10.504,FEASIBLE,0,120.00
85.300,65.06750,61.62486,1.16669,2.0372,1.9123,0.53645,0.1245,0.0675,3.1825,10.428,FEASIBLE,0,120.00
85.400,65.15023,61.81606,1.16679,2.1166,1.7425,0.61090,0.1215,0.1502,3.0998,10.401,FEASIBLE,0,120.50
85.500,65.21679,62.01919,1.19033,2.1410,1.8425,0.61090,0.1280,0.2168,3.0332,10.477,FEASIBLE,0,120.50
85.600,65.26025,62.22554,1.23518,2.0802,1.8814,0.61090,0.1123,0.2602,2.9898,10.564,FEASIBLE,0,121.00
85.700,65.27576,62.42705,1.29961,2.0146,1.6314,0.61090,0.1259,0.2758,2.9742,10.530,FEASIBLE,0,121.00
85.800,65.26953,62.62600,1.37379,1.9305,1.4814,0.53851,0.0707,0.2695,2.9805,10.590,FEASIBLE,0,121.00
85.900,65.25062,62.80058,1.44082,1.6293,1.6814,0.51902,0.0616,0.2506,2.9994,10.188,FEASIBLE,0,121.50
86.000,65.22599,62.94287,1.49618,1.3286,1.5314,0.51998,0.0023,0.2260,3.0240,10.241,FEASIBLE,0,121.50
86.100,65.19970,63.05799,1.54153,1.0911,1.7314,0.44648,0.0230,0.1997,3.0503,10.433,FEASIBLE,0,121.50
86.200,65.17363,63.15232,1.57918,0.9107,1.8271,0.31432,0.0165,0.1736,3.0764,9.824,FEASIBLE,0,121.50
86.300,65.14706,63.23091,1.61159,0.7983,1.6415,0.27444,0.0232,0.1471,3.1029,10.101,FEASIBLE,0,122.00
86.400,65.12223,63.30312,1.64092,0.7463,1.7415,0.25836,0.0423,0.1222,3.1278,9.618,FEASIBLE,0,122.00
86.500,65.10105,63.36698,1.66326,0.6140,1.9415,0.21919,0.0128,0.1010,3.1490,9.483,FEASIBLE,0,122.00
86.600,65.08817,63.42107,1.67400,0.5287,1.9682,0.19050,0.0100,0.0882,3.1618,9.434,FEASIBLE,0,122.00
86.700,65.08039,63.48091,1.67630,0.6760,1.8798,0.14305,0.0045,0.0804,3.1696,9.843,FEASIBLE,0,122.00
86.802,65.08258,63.58636,1.65916,1.0568,1.8369,0.11818,0.0320,0.0826,3.1674,9.807,FEASIBLE,0,122.00
86.900,65.09603,63.68411,1.63020,1.3438,1.7589,0.14009,0.0501,0.0960,3.1540,9.865,FEASIBLE,0,122.00
87.000,65.14405,63.87330,1.55605,1.7699,1.6561,0.17353,0.0784,0.1441,3.1059,9.515,FEASIBLE,0,122.50
87.102,65.20464,64.05611,1.48238,2.0190,1.8561,0.31974,0.1102,0.2046,3.0454,9.985,FEASIBLE,0,122.50
87.200,65.28991,64.25550,1.39895,2.2526,1.8315,0.39442,0.1649,0.2899,2.9601,9.653,FEASIBLE,0,123.00
87.300,65.39625,64.46114,1.31479,2.3517,1.3315,0.59948,0.2449,0.3963,2.8537,10.057,FEASIBLE,0,123.00
87.400,65.48864,64.62723,1.25730,2.3874,1.4315,0.61090,0.2427,0.4886,2.7614,10.094,FEASIBLE,0,123.00
87.500,65.60523,64.83827,1.20360,2.4549,1.6315,0.61090,0.1992,0.6052,2.6448,10.556,FEASIBLE,0,123.50
87.600,65.71688,65.05583,1.17208,2.4366,1.8315,0.61090,0.2528,0.7169,2.5331,10.730,FEASIBLE,0,123.50
87.700,65.81648,65.27484,1.16360,2.3734,1.6815,0.61090,0.2427,0.8178,2.4322,10.636,FEASIBLE,0,124.00
87.800,65.89626,65.48974,1.17757,2.2303,1.6169,0.61090,0.3088,0.9038,2.3462,10.927,FEASIBLE,0,124.00
87.900,65.94911,65.69343,1.21309,2.0114,1.4669,0.61090,0.2254,0.9626,2.2874,11.292,FEASIBLE,0,124.00
88.000,65.97095,65.87961,1.26840,1.8174,1.6669,0.61090,0.1609,0.9947,2.2553,10.672,FEASIBLE,0,124.50
88.100,65.97038,66.07484,1.34058,1.4760,1.8771,0.61090,0.0726,1.0063,2.2437,10.575,FEASIBLE,0,124.50
88.200,65.96223,66.20556,1.39529,1.2067,1.8355,0.61090,0.0792,1.0064,2.2436,10.420,FEASIBLE,0,124.50
88.300,65.95319,66.28447,1.42622,0.8369,1.6810,0.61090,0.0759,1.0029,2.2471,10.103,FEASIBLE,0,125.00
88.400,65.94400,66.34798,1.45087,0.3852,1.6099,0.61090,0.0520,0.9998,2.2502,10.285,FEASIBLE,0,125.00
88.500,65.94052,66.36973,1.45933,0.2146,1.7099,0.61090,0.0283,0.9984,2.2516,10.321,FEASIBLE,0,125.00
88.600,65.93860,66.38121,1.46380,0.0594,1.8880,0.61090,0.0195,0.9976,2.2524,9.947,FEASIBLE,0,125.00
88.700,65.93847,66.38163,1.46406,0.0171,1.8937,0.61090,0.0117,0.9975,2.2525,10.170,FEASIBLE,0,125.00
88.800,65.93867,66.37867,1.46327,0.0340,1.8726,0.61090,0.0199,0.9974,2.2526,10.553,FEASIBLE,0,125.00
88.900,65.93868,66.37634,1.46289,0.0116,1.8768,0.61090,0.0329,0.9972,2.2528,10.373,FEASIBLE,0,125.00
89.000,65.93854,66.38036,1.46330,0.0880,1.8883,0.61090,0.0050,0.9975,2.2525,9.888,FEASIBLE,0,125.00
89.100,65.93710,66.39901,1.46746,0.2634,1.8750,0.61090,0.0017,0.9978,2.2522,10.531,FEASIBLE,0,125.00
89.200,65.93159,66.43777,1.48036,0.4847,1.8932,0.61090,0.0128,0.9961,2.2539,10.188,FEASIBLE,0,125.00
89.300,65.91930,66.50021,1.50426,0.7374,1.8615,0.61090,0.0266,0.9898,2.2602,10.290,FEASIBLE,0,125.00
89.400,65.89903,66.58701,1.53848,0.9941,1.8014,0.61090,0.0425,0.9779,2.2721,10.179,FEASIBLE,0,125.00
89.500,65.86853,66.69764,1.58269,1.2517,1.7520,0.61090,0.0482,0.9582,2.2918,10.072,FEASIBLE,0,125.00
89.600,65.81418,66.86058,1.64883,1.5609,1.6758,0.61090,0.0627,0.9221,2.3279,10.050,FEASIBLE,0,125.50
89.700,65.75005,67.01988,1.71474,1.8183,1.3158,0.61090,0.0633,0.8790,2.3710,9.832,FEASIBLE,0,125.50
89.800,65.68508,67.15954,1.77349,1.9841,1.4158,0.52251,0.0157,0.8326,2.4174,9.604,FEASIBLE,0,125.50
89.900,65.58578,67.33762,1.85166,2.0797,1.6158,0.58334,0.0578,0.7586,2.4914,9.785,FEASIBLE,0,126.00
90.000,65.46873,67.51065,1.93197,2.0779,1.8158,0.49300,0.0067,0.6711,2.5789,10.061,FEASIBLE,0,126.00
90.100,65.35015,67.66584,2.00198,1.8580,1.8001,0.39451,0.0055,0.5792,2.6708,9.607,FEASIBLE,0,126.00
90.204,65.23358,67.83040,2.04776,1.5524,1.6161,0.26575,0.0089,0.4931,2.7569,9.418,FEASIBLE,0,126.50
90.300,65.17567,67.92762,2.05657,1.3333,1.6732,0.23463,0.0876,0.4553,2.7947,9.446,FEASIBLE,0,126.50
90.400,65.12835,68.03200,2.04753,1.0251,1.7732,0.32197,0.0435,0.4292,2.8208,9.666,FEASIBLE,0,126.50
90.502,65.10204,68.12335,2.01961,0.8830,1.8259,0.35645,0.0347,0.4211,2.8289,9.369,FEASIBLE,0,126.50
90.600,65.08730,68.21236,1.98663,0.6402,1.7157,0.37457,0.0582,0.4240,2.8260,9.440,FEASIBLE,0,126.50
90.700,65.08303,68.25403,1.97149,0.4574,1.6261,0.27179,0.0300,0.4279,2.8221,9.606,FEASIBLE,0,126.50
90.800,65.07951,68.28779,1.95819,0.2554,1.5893,0.22425,0.0230,0.4321,2.8179,9.889,FEASIBLE,0,127.00
90.900,65.07759,68.30326,1.95190,0.1053,1.6893,0.33682,0.0246,0.4338,2.8162,9.948,FEASIBLE,0,127.00
91.000,65.07568,68.30812,1.94882,0.0294,1.8893,0.32311,0.0086,0.4330,2.8170,9.342,FEASIBLE,0,127.00
91.102,65.07490,68.31620,1.94580,0.0832,1.9331,0.32765,0.0196,0.4341,2.8159,10.034,FEASIBLE,0,127.00
91.200,65.07402,68.32586,1.94208,0.1495,1.9405,0.33652,0.0066,0.4354,2.8146,11.450,FEASIBLE,0,127.00
91.300,65.07199,68.34845,1.93355,0.2845,1.9507,0.35033,0.0085,0.4386,2.8114,11.029,FEASIBLE,0,127.00
91.400,65.06107,68.40467,1.92066,0.6459,1.9339,0.34891,0.0284,0.4407,2.8093,10.563,FEASIBLE,0,127.00
91.500,65.04060,68.46662,1.91833,0.8850,1.9063,0.47409,0.0206,0.4349,2.8151,10.924,FEASIBLE,0,127.00
91.600,64.99932,68.55698,1.92943,1.0633,1.8461,0.48302,0.0579,0.4152,2.8348,11.074,FEASIBLE,0,127.00
91.700,64.93156,68.67038,1.96040,1.0907,1.7497,0.41727,0.0343,0.3750,2.8750,10.633,FEASIBLE,0,127.00
91.800,64.87246,68.75383,1.99097,1.3717,1.6560,0.34745,0.0031,0.3371,2.9129,10.675,FEASIBLE,0,127.50
91.900,64.77535,68.87413,2.04181,1.6616,1.4060,0.25390,0.0148,0.2745,2.9755,10.900,FEASIBLE,0,127.50
92.000,64.65177,69.00705,2.10458,1.9044,1.3000,0.23641,0.0537,0.1897,3.0603,9.910,FEASIBLE,0,127.50
92.100,64.50664,69.14285,2.17405,2.0318,1.5000,0.07394,0.0740,0.0848,3.1652,10.745,FEASIBLE,0,127.50
92.200,64.34473,69.27410,2.24667,2.1288,1.5230,-0.03173,0.0916,0.0324,3.2176,12.511,FEASIBLE,0,128.00
92.300,64.16882,69.40055,2.31728,2.1440,1.6230,-0.16075,0.1483,0.1638,3.0862,10.438,FEASIBLE,0,128.00
92.400,64.00246,69.52180,2.36339,2.0059,1.6413,-0.29240,0.2091,0.2875,2.9625,9.877,FEASIBLE,0,128.00
92.500,63.85316,69.64708,2.37549,1.8846,1.3913,-0.41766,0.2243,0.3884,2.8616,9.822,FEASIBLE,0,128.50
92.600,63.73580,69.77480,2.35820,1.5998,1.3000,-0.43633,0.1579,0.4582,2.7918,9.663,FEASIBLE,0,128.50
92.700,63.65341,69.89980,2.31955,1.0025,1.6000,-0.43633,0.1099,0.4957,2.7543,9.768,FEASIBLE,0,128.50
92.800,63.62373,69.95803,2.29588,0.7148,1.5968,-0.43633,0.0743,0.5035,2.7465,10.381,FEASIBLE,0,129.00
92.900,63.60226,70.00717,2.27515,0.4252,1.6968,-0.43633,0.0231,0.5061,2.7439,9.775,FEASIBLE,0,129.00
93.000,63.59408,70.03835,2.26183,0.1784,1.7640,-0.61090,0.0046,0.5027,2.7473,9.570,FEASIBLE,0,129.00
93.100,63.58983,70.04685,2.25829,0.0820,1.7433,-0.61090,0.0144,0.5037,2.7463,9.707,FEASIBLE,0,129.00
93.200,63.58852,70.04789,2.25786,0.0152,1.7453,-0.61090,0.0169,0.5045,2.7455,10.717,FEASIBLE,0,129.00
93.300,63.59176,70.04511,2.25859,0.0587,1.7348,-0.61090,0.0151,0.5025,2.7475,9.760,FEASIBLE,0,129.00
93.400,63.59386,70.04253,2.25880,0.0211,1.7371,-0.61090,0.0347,0.5014,2.7486,10.169,FEASIBLE,0,129.00
93.500,63.59254,70.04425,2.25869,0.0675,1.7335,-0.61090,0.0166,0.5020,2.7480,9.801,FEASIBLE,0,129.00
93.602,63.58379,70.05787,2.25598,0.2314,1.7419,-0.61090,0.0117,0.5054,2.7446,9.398,FEASIBLE,0,129.00
93.700,63.56770,70.08946,2.24547,0.4438,1.7263,-0.61090,0.0179,0.5092,2.7408,9.576,FEASIBLE,0,129.00
93.800,63.53887,70.15793,2.21795,0.7458,1.7179,-0.47127,0.0227,0.5119,2.7381,9.530,FEASIBLE,0,129.00
93.900,63.51413,70.22326,2.19118,0.9505,1.7670,-0.30211,0.0065,0.5119,2.7381,9.545,FEASIBLE,0,129.00
94.000,63.47135,70.35199,2.13896,1.2599,1.6596,-0.42962,0.0766,0.5062,2.7438,9.391,FEASIBLE,0,129.00
94.100,63.44143,70.45905,2.09618,1.4674,1.6136,-0.22833,0.0755,0.4930,2.7570,10.034,FEASIBLE,0,129.50
94.200,63.40538,70.61395,2.03686,1.6417,1.7136,-0.32941,0.0570,0.4666,2.7834,9.419,FEASIBLE,0,129.50
94.300,63.36083,70.78720,1.98934,1.8843,1.7071,-0.29006,0.0491,0.4409,2.8091,10.093,FEASIBLE,0,129.50
94.400,63.30212,70.97126,1.96332,1.9539,1.6128,-0.15043,0.0797,0.4195,2.8305,9.585,FEASIBLE,0,130.00
94.500,63.23475,71.15502,1.95357,1.9505,1.4628,-0.12090,0.0778,0.4043,2.8457,10.048,FEASIBLE,0,130.00
94.600,63.15131,71.36766,1.95196,1.8524,1.6386,0.06809,0.0899,0.3892,2.8608,9.345,FEASIBLE,0,130.50
94.700,63.08474,71.53216,1.95350,1.7169,1.5245,0.08074,0.0947,0.3754,2.8746,9.885,FEASIBLE,0,130.50
94.800,63.03375,71.65154,1.95836,1.5478,1.3745,-0.07024,0.0570,0.3677,2.8823,9.514,FEASIBLE,0,130.50
94.900,62.97264,71.77818,1.96945,1.3208,1.5745,0.11423,0.0596,0.3648,2.8852,10.007,FEASIBLE,0,131.00
95.000,62.91713,71.88598,1.98124,1.1517,1.3361,0.12321,0.0962,0.3623,2.8877,11.875,FEASIBLE,0,131.00
95.100,62.86610,71.98297,1.99110,1.0678,1.3000,-0.03637,0.0412,0.3611,2.8889,11.785,FEASIBLE,0,131.00
95.200,62.81693,72.07508,2.00060,1.0322,1.5000,-0.05491,0.0328,0.3605,2.8895,10.658,FEASIBLE,0,131.00
95.300,62.76944,72.16954,2.00568,1.1044,1.5750,0.11078,0.0286,0.3573,2.8927,10.566,FEASIBLE,0,131.00
95.400,62.72435,72.27632,2.00046,1.2010,1.5142,0.11645,0.0544,0.3428,2.9072,9.892,FEASIBLE,0,131.50
95.500,62.68106,72.39690,1.98593,1.3399,1.3642,0.00101,0.0098,0.3193,2.9307,10.812,FEASIBLE,0,131.50
95.600,62.63664,72.53318,1.96752,1.4890,1.5642,0.00846,0.0268,0.2888,2.9612,11.315,FEASIBLE,0,131.50
95.700,62.58876,72.67964,1.95186,1.5648,1.5505,0.23121,0.0321,0.2553,2.9947,10.795,FEASIBLE,0,132.00
95.800,62.53539,72.82689,1.94484,1.5562,1.3005,0.24807,0.0169,0.2219,3.0281,10.396,FEASIBLE,0,132.00
95.900,62.47452,72.96485,1.95133,1.4647,1.3000,0.18957,0.0084,0.1998,3.0502,9.807,FEASIBLE,0,132.00
96.000,62.40679,73.08440,1.97443,1.3317,1.5000,0.31793,0.0294,0.1934,3.0566,9.937,FEASIBLE,0,132.00
96.100,62.32962,73.19010,2.01372,1.3086,1.2997,0.28611,0.0394,0.1987,3.0513,10.182,FEASIBLE,0,132.50
96.200,62.23890,73.29256,2.06525,1.4575,1.3000,0.20557,0.0432,0.2163,3.0337,10.353,FEASIBLE,0,132.50
96.300,62.13230,73.39558,2.12151,1.5089,1.5000,0.08504,0.0755,0.2467,3.0033,10.678,FEASIBLE,0,132.50
96.400,62.01771,73.49955,2.17635,1.5679,1.5281,0.15924,0.0946,0.2817,2.9683,10.631,FEASIBLE,0,133.00
96.500,61.88032,73.62386,2.22659,1.5178,1.2000,0.02877,0.1315,0.3197,2.9303,10.085,FEASIBLE,0,133.00
96.600,61.79603,73.70645,2.24338,1.4448,1.3000,-0.11086,0.0803,0.3392,2.9108,10.063,FEASIBLE,0,133.00
96.700,61.71186,73.81174,2.24245,1.3005,1.5000,0.02200,0.0794,0.3453,2.9047,11.293,FEASIBLE,0,133.00
96.800,61.64687,73.92171,2.22039,1.2581,1.4544,0.01421,0.0407,0.3293,2.9207,10.544,FEASIBLE,0,133.50
96.902,61.59159,74.05509,2.17445,1.1895,1.3044,-0.05569,0.0125,0.2908,2.9592,9.766,FEASIBLE,0,133.50
97.002,61.55527,74.17053,2.12873,1.2028,1.5044,-0.04400,0.0050,0.2485,3.0015,9.780,FEASIBLE,0,133.50
97.100,61.53014,74.26358,2.09139,1.2464,1.5158,0.22377,0.0083,0.2110,3.0390,10.151,FEASIBLE,0,133.50
97.200,61.49577,74.42385,2.02802,1.4638,1.4241,0.28240,0.0693,0.1358,3.1142,10.109,FEASIBLE,0,134.00
97.300,61.47543,74.55080,1.97930,1.7194,1.3000,0.34161,0.0808,0.0701,3.1799,10.057,FEASIBLE,0,134.00
97.400,61.44815,74.73444,1.92158,1.9560,1.5000,0.43089,0.1270,0.0267,3.2233,10.023,FEASIBLE,0,134.00
97.500,61.41345,74.93213,1.87841,1.9008,1.4645,0.60165,0.1393,0.1286,3.1214,10.035,FEASIBLE,0,134.50
97.600,61.37201,75.11120,1.86025,1.8161,1.3277,0.61090,0.1572,0.2170,3.0330,10.256,FEASIBLE,0,134.50
97.700,61.31875,75.27810,1.86486,1.6969,1.4277,0.61090,0.1544,0.2885,2.9615,10.025,FEASIBLE,0,134.50
97.800,61.25445,75.42293,1.89035,1.4964,1.4649,0.61090,0.1521,0.3377,2.9123,9.903,FEASIBLE,0,135.00
97.900,61.18150,75.54049,1.93288,1.3416,1.4037,0.61090,0.1247,0.3661,2.8839,9.610,FEASIBLE,0,135.00
98.000,61.10424,75.64212,1.98006,1.2066,1.3000,0.61090,0.0675,0.3805,2.8695,9.634,FEASIBLE,0,135.00
98.100,61.03324,75.72595,2.02196,1.0358,1.5000,0.61090,0.0582,0.3870,2.8630,11.742,FEASIBLE,0,135.00
98.200,60.96768,75.79702,2.05910,0.9278,1.5008,0.61090,0.0706,0.3887,2.8613,10.144,FEASIBLE,0,135.00
98.300,60.90442,75.86084,2.09364,0.8850,1.4028,0.61090,0.0774,0.3892,2.8608,9.757,FEASIBLE,0,135.50
98.400,60.83951,75.92154,2.12791,0.8991,1.5028,0.61090,0.0331,0.3872,2.8628,9.930,FEASIBLE,0,135.50
98.500,60.76838,75.98241,2.16424,0.9683,1.6383,0.61090,0.0311,0.3809,2.8691,10.194,FEASIBLE,0,135.50
98.600,60.68645,76.04895,2.20473,1.1031,1.5844,0.61090,0.0646,0.3711,2.8789,9.576,FEASIBLE,0,135.50
98.700,60.59664,76.12201,2.24239,1.2200,1.5006,0.61090,0.0608,0.3604,2.8896,9.966,FEASIBLE,0,135.50
98.800,60.49763,76.21471,2.26795,1.4578,1.4175,0.56361,0.0700,0.3604,2.8896,9.699,FEASIBLE,0,136.00
98.900,60.38596,76.33208,2.28115,1.7234,1.5175,0.61090,0.0657,0.3715,2.8785,9.770,FEASIBLE,0,136.00
99.000,60.26139,76.47002,2.28710,1.9305,1.5634,0.61090,0.1217,0.3891,2.8609,9.699,FEASIBLE,0,136.00
99.100,60.12916,76.61611,2.29225,1.9869,1.4264,0.55199,0.1534,0.4115,2.8385,10.455,FEASIBLE,0,136.50
99.200,59.99227,76.75947,2.30263,1.9666,1.5264,0.61090,0.0938,0.4314,2.8186,9.835,FEASIBLE,0,136.50
99.300,59.85205,76.89052,2.32371,1.8766,1.5610,0.61090,0.1085,0.4397,2.8103,10.028,FEASIBLE,0,136.50
99.400,59.71077,76.99908,2.36003,1.7127,1.4207,0.59841,0.1174,0.4360,2.8140,10.374,FEASIBLE,0,137.00
99.500,59.56806,77.08113,2.41361,1.6203,1.5207,0.61090,0.0624,0.4109,2.8391,9.948,FEASIBLE,0,137.00
99.600,59.43416,77.14217,2.46878,1.3592,1.4763,0.61090,0.0127,0.3749,2.8751,11.765,FEASIBLE,0,137.00
99.700,59.32259,77.18461,2.51424,1.0849,1.4002,0.45518,0.0293,0.3409,2.9091,10.752,FEASIBLE,0,137.50
99.800,59.23329,77.21440,2.55068,0.8402,1.5002,0.50144,0.0309,0.3114,2.9386,9.802,FEASIBLE,0,137.50
99.900,59.16418,77.23590,2.57886,0.6572,1.5709,0.44067,0.0126,0.2872,2.9628,9.698,FEASIBLE,0,137.50
100.000,59.10818,77.25259,2.60169,0.5613,1.5199,0.39153,0.0175,0.2671,2.9829,10.933,FEASIBLE,0,137.50
100.100,59.05513,77.26609,2.62270,0.5399,1.4608,0.29702,0.0143,0.2461,3.0039,10.696,FEASIBLE,0,137.50
100.200,59.00114,77.27863,2.64400,0.5750,1.4398,0.23967,0.0086,0.2239,3.0261,10.578,FEASIBLE,0,137.50
100.302,58.91820,77.30561,2.66450,0.8235,1.3606,0.20963,0.0083,0.1959,3.0541,10.192,FEASIBLE,0,137.50
100.402,58.83498,77.34729,2.66559,0.9903,1.3283,0.20784,0.0032,0.1814,3.0686,10.222,FEASIBLE,0,138.00
100.500,58.76366,77.39328,2.65434,1.1091,1.5283,0.24806,0.0153,0.1784,3.0716,10.625,FEASIBLE,0,138.00
100.600,58.68007,77.45386,2.63448,1.0674,1.5311,0.22705,0.0069,0.1803,3.0697,9.947,FEASIBLE,0,138.00
100.700,58.58509,77.53806,2.59862,1.3986,1.4693,0.28290,0.0357,0.1951,3.0549,9.835,FEASIBLE,0,138.00
100.800,58.47531,77.65090,2.54771,1.6881,1.4150,0.28365,0.0837,0.2257,3.0243,11.064,FEASIBLE,0,138.50
100.900,58.35608,77.78860,2.48849,1.8812,1.3038,0.37759,0.1461,0.2764,2.9736,10.232,FEASIBLE,0,138.50
101.000,58.23366,77.94053,2.43110,1.9740,1.3000,0.52984,0.1392,0.3374,2.9126,10.798,FEASIBLE,0,138.50
101.100,58.12287,78.08139,2.38761,1.7412,1.4419,0.55285,0.1577,0.3966,2.8534,10.337,FEASIBLE,0,139.00
101.200,57.99548,78.23050,2.36154,1.5487,1.3101,0.61090,0.1650,0.4587,2.7913,10.356,FEASIBLE,0,139.00
101.300,57.91382,78.31219,2.36129,1.3758,1.3000,0.61090,0.1388,0.4866,2.7634,9.951,FEASIBLE,0,139.00
101.400,57.81918,78.38775,2.37898,1.0925,1.4856,0.61090,0.1160,0.5026,2.7474,9.562,FEASIBLE,0,139.00
101.500,57.73017,78.43836,2.41166,0.9694,1.4132,0.61090,0.0706,0.5016,2.7484,9.597,FEASIBLE,0,139.50
101.600,57.65345,78.47472,2.44330,0.7677,1.5132,0.61090,0.0035,0.4960,2.7540,9.843,FEASIBLE,0,139.50
101.700,57.59320,78.50084,2.46846,0.5890,1.6011,0.61090,0.0259,0.4895,2.7605,9.461,FEASIBLE,0,139.50
101.800,57.53630,78.52394,2.49211,0.4701,1.5644,0.61090,0.0462,0.4820,2.7680,9.913,FEASIBLE,0,139.50
101.900,57.50270,78.53675,2.50595,0.4423,1.5269,0.61090,0.0114,0.4769,2.7731,10.185,FEASIBLE,0,139.50
102.000,57.46033,78.55216,2.52332,0.4656,1.5094,0.61090,0.0095,0.4697,2.7803,10.119,FEASIBLE,0,139.50
102.100,57.41167,78.56885,2.54314,0.5560,1.4535,0.61090,0.0179,0.4606,2.7894,10.131,FEASIBLE,0,139.50
102.200,57.35150,78.58855,2.56689,0.6897,1.3879,0.61090,0.0244,0.4485,2.8015,10.021,FEASIBLE,0,139.50
102.300,57.27606,78.61277,2.59453,0.8764,1.4418,0.54623,0.0477,0.4333,2.8167,9.885,FEASIBLE,0,140.00
102.400,57.17759,78.64125,2.62996,1.1243,1.5049,0.52157,0.0546,0.4136,2.8364,10.151,FEASIBLE,0,140.00
102.500,57.05395,78.67177,2.67408,1.3724,1.6049,0.57486,0.0203,0.3843,2.8657,9.903,FEASIBLE,0,140.00
102.600,56.90473,78.70104,2.72677,1.6200,1.4974,0.54021,0.0314,0.3420,2.9080,9.634,FEASIBLE,0,140.00
102.700,56.73128,78.72632,2.78580,1.8439,1.3917,0.40058,0.0306,0.2864,2.9636,10.101,FEASIBLE,0,140.50
102.800,56.53470,78.75220,2.84075,2.0835,1.2000,0.30173,0.0109,0.2258,3.0242,9.798,FEASIBLE,0,140.50
102.900,56.32877,78.78350,2.87875,2.0533,1.3000,0.25959,0.0155,0.1661,3.0839,9.903,FEASIBLE,0,140.50
103.000,56.13325,78.82614,2.88902,1.9664,1.3484,0.16462,0.0018,0.1248,3.1252,9.839,FEASIBLE,0,141.00
103.100,55.94986,78.87784,2.87872,1.8581,1.4484,0.09481,0.0100,0.0994,3.1506,10.512,FEASIBLE,0,141.00
103.200,55.76384,78.95195,2.84890,1.5484,1.4010,0.14405,0.0355,0.0936,3.1564,9.547,FEASIBLE,0,141.00
103.300,55.66329,79.00224,2.82396,1.3156,1.2815,0.18723,0.0481,0.1035,3.1465,11.094,FEASIBLE,0,141.50
103.400,55.56802,79.05903,2.79256,0.9666,1.3815,0.26138,0.0140,0.1214,3.1286,13.553,FEASIBLE,0,141.50
103.500,55.50560,79.10307,2.76607,0.6353,1.4296,0.31863,0.0379,0.1396,3.1104,10.431,FEASIBLE,0,141.50
103.602,55.46473,79.13388,2.74739,0.2834,1.3534,0.31133,0.0337,0.1533,3.0967,10.247,FEASIBLE,0,141.50
103.702,55.45320,79.14149,2.74346,0.0788,1.3301,0.33784,0.0166,0.1561,3.0939,9.839,FEASIBLE,0,141.50
103.800,55.45039,79.14318,2.74248,0.0062,1.3282,0.34509,0.0110,0.1567,3.0933,9.444,FEASIBLE,0,141.50
103.900,55.45199,79.14231,2.74291,0.0404,1.3097,0.34977,0.0169,0.1564,3.0936,10.493,FEASIBLE,0,141.50
104.000,55.45621,79.13971,2.74433,0.0463,1.3053,0.34888,0.0111,0.1556,3.0944,9.464,FEASIBLE,0,141.50
104.100,55.45758,79.13862,2.74517,0.0033,1.3142,0.31955,0.0257,0.1551,3.0949,9.589,FEASIBLE,0,141.50
104.200,55.45427,79.14101,2.74353,0.0719,1.3074,0.32315,0.0175,0.1561,3.0939,9.545,FEASIBLE,0,141.50
104.300,55.44210,79.14770,2.74169,0.1898,1.3004,0.34451,0.0231,0.1578,3.0922,10.700,FEASIBLE,0,141.50
104.400,55.41583,79.15952,2.74409,0.3626,1.3020,0.34982,0.0201,0.1592,3.0908,9.586,FEASIBLE,0,141.50
104.500,55.35723,79.17254,2.75989,0.7874,1.2908,0.22542,0.0103,0.1499,3.1001,9.327,FEASIBLE,0,141.50
104.600,55.26274,79.19730,2.77518,1.0833,1.2709,0.20045,0.0122,0.1400,3.1100,9.588,FEASIBLE,0,142.00
104.700,55.12576,79.25344,2.76987,1.3437,1.1965,0.19944,0.0425,0.1470,3.1030,9.670,FEASIBLE,0,142.00
104.800,55.02269,79.30522,2.75507,1.4952,1.2965,0.33907,0.0647,0.1612,3.0888,9.703,FEASIBLE,0,142.00
104.900,54.88472,79.38096,2.73055,1.6167,1.3846,0.38103,0.0827,0.1864,3.0636,9.576,FEASIBLE,0,142.00
105.000,54.74458,79.46342,2.70567,1.6278,1.2622,0.30908,0.0800,0.2212,3.0288,9.561,FEASIBLE,0,142.50
105.100,54.60668,79.54465,2.68660,1.5765,1.3622,0.39933,0.1015,0.2567,2.9933,9.568,FEASIBLE,0,142.50
105.200,54.46645,79.62048,2.67840,1.5512,1.3889,0.39641,0.1040,0.2864,2.9636,9.646,FEASIBLE,0,142.50
105.300,54.33316,79.68041,2.68734,1.3924,1.3809,0.43169,0.0962,0.3054,2.9446,9.435,FEASIBLE,0,143.00
105.400,54.20646,79.71941,2.71470,1.2721,1.3000,0.51051,0.0798,0.3086,2.9414,9.761,FEASIBLE,0,143.00
105.500,54.09097,79.73994,2.75337,1.1281,1.2586,0.51637,0.0462,0.2970,2.9530,9.860,FEASIBLE,0,143.00
105.600,53.98093,79.75121,2.79483,1.1013,1.3075,0.38520,0.0381,0.2780,2.9720,9.650,FEASIBLE,0,143.00
105.700,53.86898,79.75694,2.83777,1.1417,1.3919,0.34698,0.0129,0.2540,2.9960,9.426,FEASIBLE,0,143.50
105.800,53.74959,79.75630,2.88399,1.2348,1.4919,0.28812,0.0286,0.2248,3.0252,9.232,FEASIBLE,0,143.50
105.900,53.62096,79.74687,2.93467,1.3212,1.3419,0.30258,0.0210,0.1849,3.0651,9.435,FEASIBLE,0,143.50
106.000,53.48790,79.73749,2.98270,1.2908,1.3914,0.18466,0.0114,0.1440,3.1060,9.736,FEASIBLE,0,143.50
106.100,53.36540,79.73321,3.01269,1.1830,1.2954,0.11330,0.0024,0.1107,3.1393,10.440,FEASIBLE,0,144.00
106.200,53.22602,79.74241,3.02409,1.1755,1.4828,0.03139,0.0235,0.0909,3.1591,10.351,FEASIBLE,0,144.00
106.300,53.12820,79.76147,3.01469,1.3105,1.4566,0.00414,0.0248,0.0893,3.1607,10.086,FEASIBLE,0,144.00
106.400,52.99057,79.80779,2.97888,1.5318,1.3834,0.04397,0.0505,0.1062,3.1438,9.664,FEASIBLE,0,144.00
106.500,52.84591,79.87515,2.92509,1.6300,1.2876,0.12027,0.0772,0.1434,3.1066,9.941,FEASIBLE,0,144.50
106.600,52.70470,79.95625,2.86412,1.6025,1.1781,0.22979,0.1282,0.1987,3.0513,9.725,FEASIBLE,0,144.50
106.702,52.55460,80.05730,2.79509,1.4163,1.2442,0.36230,0.1365,0.2721,2.9779,9.591,FEASIBLE,0,144.50
106.800,52.47185,80.12028,2.75543,1.2298,1.3050,0.41334,0.1318,0.3197,2.9303,9.532,FEASIBLE,0,144.50
106.900,52.38661,80.19040,2.71282,1.0320,1.4050,0.51890,0.1141,0.3752,2.8748,10.026,FEASIBLE,0,145.00
107.002,52.29577,80.26201,2.67706,0.9212,1.1954,0.61090,0.1200,0.4333,2.8167,10.008,FEASIBLE,0,145.00
107.100,52.22682,80.30562,2.66620,0.6660,1.2061,0.61090,0.0983,0.4667,2.7833,9.721,FEASIBLE,0,145.00
107.200,52.18922,80.32625,2.66476,0.5259,1.2448,0.61090,0.0504,0.4818,2.7682,10.080,FEASIBLE,0,145.00
107.300,52.13104,80.34888,2.67422,0.7105,1.2504,0.61090,0.0308,0.4960,2.7540,9.630,FEASIBLE,0,145.00
107.400,52.04625,80.36788,2.70257,0.9595,1.2668,0.61090,0.0481,0.5029,2.7471,9.917,FEASIBLE,0,145.00
107.500,51.94111,80.38584,2.73989,1.1454,1.3020,0.61090,0.0497,0.5058,2.7442,9.643,FEASIBLE,0,145.00
107.600,51.81360,80.40227,2.78484,1.3822,1.2551,0.61090,0.0349,0.5081,2.7419,10.019,FEASIBLE,0,145.50
107.700,51.66384,80.41418,2.83738,1.5718,1.1859,0.61090,0.0821,0.5037,2.7463,9.842,FEASIBLE,0,145.50
107.800,51.49917,80.41786,2.89532,1.6874,1.2338,0.61090,0.0993,0.4896,2.7604,9.845,FEASIBLE,0,145.50
107.900,51.32696,80.41075,2.95678,1.7516,1.2890,0.50582,0.1088,0.4668,2.7832,9.708,FEASIBLE,0,146.00
108.000,51.14641,80.39513,3.01707,1.8157,1.1870,0.56672,0.0679,0.4378,2.8122,10.235,FEASIBLE,0,146.00
108.100,50.97635,80.38452,3.05507,1.6175,1.2281,0.53892,0.0508,0.4144,2.8356,10.352,FEASIBLE,0,146.00
108.200,50.82992,80.38527,3.06827,1.3340,1.3132,0.35895,0.0926,0.4065,2.8435,9.816,FEASIBLE,0,146.50
108.300,50.71484,80.39814,3.06254,1.0602,1.2000,0.36021,0.0891,0.4145,2.8355,9.558,FEASIBLE,0,146.50
108.400,50.62297,80.41840,3.04543,0.8710,1.2278,0.48127,0.0643,0.4310,2.8190,11.173,FEASIBLE,0,146.50
108.500,50.54808,80.44276,3.02266,0.7396,1.2581,0.53603,0.0683,0.4522,2.7978,9.641,FEASIBLE,0,146.50
108.600,50.48411,80.46781,2.99943,0.6583,1.2856,0.44196,0.0780,0.4746,2.7754,9.404,FEASIBLE,0,146.50
108.700,50.42551,80.49065,2.98097,0.6149,1.3124,0.45241,0.0502,0.4949,2.7551,9.777,FEASIBLE,0,146.50
108.800,50.36515,80.50783,2.97141,0.6288,1.3354,0.49654,0.0545,0.5103,2.7397,9.639,FEASIBLE,0,147.00
108.900,50.30032,80.51860,2.97206,0.6843,1.1820,0.61090,0.0367,0.5206,2.7294,9.383,FEASIBLE,0,147.00
109.000,50.21767,80.51991,2.98879,0.9557,1.1987,0.61090,0.0503,0.5212,2.7288,9.595,FEASIBLE,0,147.00
109.100,50.10414,80.51089,3.02268,1.2569,1.2987,0.47127,0.0017,0.5112,2.7388,9.602,FEASIBLE,0,147.00
109.200,49.96450,80.48541,3.07615,1.4984,1.2511,0.56808,0.0658,0.4846,2.7654,9.495,FEASIBLE,0,147.00
109.300,49.81128,80.44756,3.13673,1.6213,1.3048,0.54109,0.0568,0.4476,2.8024,9.808,FEASIBLE,0,147.50
109.400,49.65349,80.39777,-3.08270,1.6683,1.1904,0.41479,0.0201,0.3978,2.8522,9.658,FEASIBLE,0,147.50
109.500,49.49836,80.33879,-3.01903,1.6459,1.2300,0.35082,0.0187,0.3388,2.9112,9.691,FEASIBLE,0,147.50
109.600,49.35378,80.27422,-2.95852,1.5290,1.3285,0.11298,0.0062,0.2742,2.9758,9.763,FEASIBLE,0,148.00
109.700,49.20761,80.19679,-2.89562,1.2373,1.2000,-0.02515,0.0258,0.1968,3.0532,9.573,FEASIBLE,0,148.00
109.800,49.13203,80.15573,-2.86870,0.9776,1.2308,-0.06269,0.0738,0.1557,3.0943,9.210,FEASIBLE,0,148.00
109.900,49.05878,80.12324,-2.85402,0.6875,1.2735,-0.16994,0.0253,0.1232,3.1268,10.028,FEASIBLE,0,148.00
110.000,49.00291,80.10519,-2.85269,0.5956,1.3249,-0.27906,0.0278,0.1052,3.1448,9.659,FEASIBLE,0,148.00
110.100,48.93932,80.09487,-2.86349,0.6975,1.3861,-0.28819,0.0031,0.0949,3.1551,11.251,FEASIBLE,0,148.00
110.202,48.84396,80.09336,-2.89559,0.8490,1.4659,-0.28496,0.0119,0.0934,3.1566,11.055,FEASIBLE,0,148.50
110.302,48.75302,80.09733,-2.92938,0.9535,1.5228,-0.23427,0.0126,0.0973,3.1527,10.007,FEASIBLE,0,148.50
110.402,48.65049,80.10467,-2.96646,1.0885,1.2728,-0.17589,0.0321,0.1047,3.1453,10.256,FEASIBLE,0,148.50
110.500,48.52932,80.11800,-3.01012,1.3150,1.2840,-0.10744,0.0249,0.1180,3.1320,10.392,FEASIBLE,0,148.50
110.600,48.41618,80.13512,-3.05088,1.4824,1.3079,-0.11683,0.0504,0.1351,3.1149,10.414,FEASIBLE,0,148.50
110.700,48.22158,80.15851,-3.09986,1.7638,1.4149,0.04878,0.0820,0.1585,3.0915,10.098,FEASIBLE,0,149.00
110.800,48.08413,80.16658,-3.11716,1.7277,1.2115,0.11860,0.0542,0.1666,3.0834,10.337,FEASIBLE,0,149.00
110.900,47.90245,80.16197,-3.11570,1.8684,1.2863,0.12630,0.0312,0.1620,3.0880,10.030,FEASIBLE,0,149.00
111.000,47.71245,80.13928,-3.09311,1.9369,1.3863,0.11529,0.0202,0.1393,3.1107,9.801,FEASIBLE,0,149.50
111.100,47.52296,80.10172,-3.05762,1.9207,1.2373,0.13953,0.0130,0.1017,3.1483,10.603,FEASIBLE,0,149.50
111.200,47.34194,80.05388,-3.01748,1.8336,1.3363,-0.00010,0.0379,0.0539,3.1961,10.828,FEASIBLE,0,150.00
111.300,47.17458,80.00096,-2.98040,1.6962,1.4363,-0.15776,0.0303,0.0010,3.2490,10.498,FEASIBLE,0,150.00
111.400,47.02412,79.95143,-2.95370,1.4729,1.2709,-0.19283,0.0731,0.0486,3.2014,11.359,FEASIBLE,0,150.00
111.500,46.90299,79.92101,-2.94488,1.1316,1.2701,-0.24829,0.0413,0.0790,3.1710,10.896,FEASIBLE,0,150.00
111.600,46.78890,79.90744,-2.95671,0.7870,1.1906,-0.28645,0.0410,0.0926,3.1574,10.447,FEASIBLE,0,150.50
111.700,46.73872,79.90744,-2.96913,0.5414,1.2906,-0.33045,0.0036,0.0926,3.1574,11.665,FEASIBLE,0,150.50
111.800,46.69808,79.91099,-2.98328,0.3324,1.4058,-0.45535,0.0169,0.0890,3.1610,10.547,FEASIBLE,0,150.50
111.900,46.67346,79.91441,-2.99279,0.2015,1.3669,-0.42174,0.0322,0.0856,3.1644,10.664,FEASIBLE,0,150.50
112.000,46.65744,79.91660,-2.99901,0.1488,1.3456,-0.37856,0.0064,0.0834,3.1666,10.468,FEASIBLE,0,150.50
112.100,46.64388,79.91855,-3.00432,0.1390,1.3400,-0.40115,0.0293,0.0815,3.1685,12.402,FEASIBLE,0,150.50
112.200,46.62618,79.92086,-3.01115,0.2075,1.3354,-0.42644,0.0014,0.0791,3.1709,11.932,FEASIBLE,0,150.50
112.300,46.59855,79.92523,-3.02198,0.3365,1.3197,-0.34081,0.0098,0.0748,3.1752,11.941,FEASIBLE,0,150.50
112.400,46.55460,79.93290,-3.03927,0.5272,1.3270,-0.32699,0.0370,0.0671,3.1829,12.972,FEASIBLE,0,150.50
112.500,46.49391,79.94272,-3.06084,0.6678,1.2880,-0.18404,0.0282,0.0573,3.1927,11.132,FEASIBLE,0,150.50
112.600,46.41708,79.95014,-3.07741,0.8505,1.2374,-0.14007,0.0103,0.0499,3.2001,10.864,FEASIBLE,0,150.50
112.700,46.31403,79.95010,-3.08382,1.2009,1.1889,-0.12862,0.0172,0.0499,3.2001,10.042,FEASIBLE,0,151.00
112.800,46.18004,79.94184,-3.08406,1.4274,1.2889,-0.13222,0.0056,0.0582,3.1918,10.284,FEASIBLE,0,151.00
112.900,46.02617,79.93771,-3.09047,1.6032,1.3793,-0.19625,0.0139,0.0623,3.1877,10.112,FEASIBLE,0,151.00
113.000,45.86224,79.94231,-3.10815,1.6365,1.2919,-0.10731,0.0124,0.0577,3.1923,11.274,FEASIBLE,0,151.50
113.100,45.70236,79.95661,-3.13318,1.5673,1.1918,-0.08212,0.0108,0.0434,3.2066,11.216,FEASIBLE,0,151.50
113.200,45.55087,79.97611,3.12319,1.4854,1.2918,-0.05499,0.0183,0.0239,3.2261,10.838,FEASIBLE,0,151.50
113.300,45.41368,79.99637,3.10020,1.3106,1.3030,0.02285,0.0250,0.0036,3.2464,11.497,FEASIBLE,0,151.50
113.404,45.27241,80.01370,3.08565,1.1104,1.1829,0.05878,0.0152,0.0137,3.2363,10.807,FEASIBLE,0,152.00
113.502,45.18913,80.01637,3.08831,1.0055,1.2023,0.10423,0.0000,0.0164,3.2336,9.949,FEASIBLE,0,152.00
113.602,45.07643,80.00649,3.10915,0.9088,1.2579,0.08713,0.0087,0.0065,3.2435,10.094,FEASIBLE,0,152.00
113.700,45.00617,79.99329,3.12985,0.8893,1.2975,0.05664,0.0023,0.0067,3.2433,10.199,FEASIBLE,0,152.00
113.804,44.90047,79.97035,-3.12176,0.9209,1.3790,-0.01472,0.0378,0.0297,3.2203,10.980,FEASIBLE,0,152.00
113.900,44.82506,79.95697,-3.10592,0.9835,1.2126,-0.04816,0.0350,0.0430,3.2070,10.698,FEASIBLE,0,152.50
114.000,44.71945,79.94717,-3.09806,1.1225,1.3126,-0.12009,0.0015,0.0528,3.1972,10.319,FEASIBLE,0,152.50
114.100,44.59169,79.95037,-3.10922,1.3874,1.4021,-0.13340,0.0021,0.0496,3.2004,9.640,FEASIBLE,0,152.50
114.200,44.44069,79.96923,-3.13900,1.6003,1.3413,-0.05679,0.0024,0.0308,3.2192,9.665,FEASIBLE,0,152.50
114.300,44.27586,80.00302,3.10168,1.7222,1.2335,-0.01004,0.0456,0.0030,3.2470,10.174,FEASIBLE,0,153.00
114.400,44.10773,80.04887,3.05348,1.7419,1.1372,0.08259,0.0518,0.0489,3.2011,10.340,FEASIBLE,0,153.00
114.500,43.94585,80.10157,3.00631,1.6610,1.2372,0.16709,0.0469,0.1016,3.1484,10.699,FEASIBLE,0,153.00
114.600,43.79827,80.15416,2.96653,1.4893,1.3840,0.23927,0.0880,0.1542,3.0958,10.846,FEASIBLE,0,153.50
114.700,43.67052,80.19937,2.94016,1.2657,1.2036,0.37300,0.1078,0.1994,3.0506,10.341,FEASIBLE,0,153.50
114.800,43.56160,80.22937,2.93153,1.0346,1.2593,0.43592,0.0571,0.2294,3.0206,10.146,FEASIBLE,0,153.50
114.900,43.44765,80.24358,2.94413,0.8893,1.3154,0.37828,0.0649,0.2436,3.0064,10.179,FEASIBLE,0,153.50
115.000,43.38295,80.24383,2.96062,0.7701,1.3853,0.38762,0.0555,0.2438,3.0062,9.699,FEASIBLE,0,153.50
115.100,43.31015,80.23746,2.98625,0.7191,1.2000,0.36021,0.0291,0.2375,3.0125,9.970,FEASIBLE,0,154.00
115.200,43.23820,80.22781,3.01402,0.7342,1.2116,0.40517,0.0074,0.2278,3.0222,10.426,FEASIBLE,0,154.00
115.300,43.16021,80.21488,3.04463,0.8351,1.2271,0.35796,0.0208,0.2149,3.0351,10.196,FEASIBLE,0,154.00
115.400,43.06956,80.19672,3.08044,0.9925,1.2654,0.34442,0.0033,0.1967,3.0533,9.928,FEASIBLE,0,154.00
115.500,42.95593,80.17179,3.12211,1.3068,1.3089,0.26577,0.0018,0.1718,3.0782,10.773,FEASIBLE,0,154.00
115.600,42.81215,80.15009,-3.12987,1.5320,1.3755,0.17828,0.0156,0.1501,3.0999,10.531,FEASIBLE,0,154.50
115.700,42.65070,80.13750,-3.11663,1.6694,1.4755,0.13124,0.0404,0.1375,3.1125,9.769,FEASIBLE,0,154.50
115.800,42.47935,80.13174,-3.11541,1.7367,1.2945,0.13359,0.0162,0.1317,3.1183,10.438,FEASIBLE,0,154.50
115.900,42.30526,80.12882,-3.11936,1.7343,1.3449,0.10980,0.0450,0.1288,3.1212,10.825,FEASIBLE,0,155.00
116.002,42.13729,80.12555,-3.12236,1.6118,1.4449,0.11452,0.0336,0.1256,3.1244,11.768,FEASIBLE,0,155.00
116.100,41.98644,80.11955,-3.11858,1.4296,1.2730,0.14688,0.0209,0.1195,3.1305,9.677,FEASIBLE,0,155.00
116.200,41.85602,80.10640,-3.10565,1.2409,1.3627,0.09931,0.0081,0.1064,3.1436,9.996,FEASIBLE,0,155.50
116.300,41.74075,80.08782,-3.08702,1.1290,1.2102,0.07655,0.0123,0.0878,3.1622,9.907,FEASIBLE,0,155.50
116.400,41.63275,80.06786,-3.06883,1.0862,1.2263,0.00365,0.0114,0.0679,3.1821,10.071,FEASIBLE,0,155.50
116.500,41.52497,80.05237,-3.05902,1.0974,1.2617,0.00103,0.0095,0.0524,3.1976,9.679,FEASIBLE,0,155.50
116.600,41.41391,80.04709,-3.06411,1.1296,1.3617,-0.09393,0.0069,0.0471,3.2029,9.802,FEASIBLE,0,155.50
116.704,41.27169,80.05377,-3.08657,1.2372,1.4735,-0.07499,0.0141,0.0538,3.1962,10.259,FEASIBLE,0,156.00
116.802,41.16780,80.06383,-3.10696,1.3469,1.2310,-0.04546,0.0459,0.0638,3.1862,9.513,FEASIBLE,0,156.00
116.902,40.99912,80.08221,-3.13693,1.4456,1.2557,0.06375,0.0396,0.0822,3.1678,9.696,FEASIBLE,0,156.00
117.000,40.85210,80.09541,3.12876,1.5294,1.3347,0.08245,0.0440,0.0954,3.1546,9.848,FEASIBLE,0,156.50
117.100,40.70256,80.10092,3.12422,1.4625,1.4347,0.13240,0.0430,0.1009,3.1491,9.774,FEASIBLE,0,156.50
117.200,40.59178,80.09645,3.13253,1.3360,1.2306,0.15051,0.0255,0.0965,3.1535,9.978,FEASIBLE,0,156.50
117.300,40.46992,80.08120,-3.12967,1.1663,1.2952,0.10101,0.0141,0.0812,3.1688,10.234,FEASIBLE,0,156.50
117.400,40.36217,80.06001,-3.10380,1.0592,1.3952,0.03591,0.0129,0.0600,3.1900,9.846,FEASIBLE,0,157.00
117.500,40.26241,80.03828,-3.08041,1.0032,1.4960,-0.01775,0.0011,0.0383,3.2117,9.480,FEASIBLE,0,157.00
117.600,40.16414,80.02162,-3.06661,1.0025,1.2760,-0.07563,0.0132,0.0216,3.2284,9.579,FEASIBLE,0,157.00
117.700,40.06021,80.01519,-3.06848,1.0901,1.2723,-0.07724,0.0020,0.0152,3.2348,9.818,FEASIBLE,0,157.00
117.800,39.93929,80.02265,-3.08946,1.3078,1.3145,-0.11181,0.0024,0.0227,3.2273,10.076,FEASIBLE,0,157.00
117.900,39.79424,80.04540,-3.12775,1.5681,1.2075,-0.06410,0.0660,0.0454,3.2046,10.392,FEASIBLE,0,157.50
118.000,39.63168,80.08215,3.10673,1.7207,1.2119,0.03777,0.0600,0.0822,3.1678,10.397,FEASIBLE,0,157.50
118.100,39.46387,80.12874,3.05569,1.7134,1.2843,0.16048,0.0811,0.1287,3.1213,9.997,FEASIBLE,0,157.50
118.200,39.30414,80.17813,3.01017,1.6328,1.3486,0.20697,0.0957,0.1781,3.0719,10.235,FEASIBLE,0,158.00
118.300,39.15772,80.22484,2.97514,1.4602,1.1982,0.34063,0.0998,0.2248,3.0252,9.750,FEASIBLE,0,158.00
118.400,39.03198,80.26093,2.95569,1.1943,1.2448,0.41834,0.1026,0.2609,2.9891,9.787,FEASIBLE,0,158.00
118.500,38.93453,80.28001,2.95433,0.8583,1.3448,0.37885,0.0394,0.2800,2.9700,10.112,FEASIBLE,0,158.00
118.600,38.86378,80.28343,2.96733,0.6689,1.3850,0.39299,0.0660,0.2834,2.9666,9.894,FEASIBLE,0,158.50
118.700,38.80131,80.27819,2.98876,0.5949,1.2000,0.38926,0.0358,0.2782,2.9718,10.124,FEASIBLE,0,158.50
118.800,38.74772,80.27083,3.00904,0.5054,1.2072,0.44601,0.0240,0.2708,2.9792,10.348,FEASIBLE,0,158.50
118.900,38.70058,80.26347,3.02741,0.4642,1.2215,0.55692,0.0034,0.2635,2.9865,9.817,FEASIBLE,0,158.50
119.000,38.65486,80.25614,3.04577,0.4681,1.2503,0.52988,0.0107,0.2561,2.9939,10.095,FEASIBLE,0,158.50
119.100,38.60497,80.24796,3.06640,0.5763,1.2630,0.50310,0.0129,0.2480,3.0020,10.816,FEASIBLE,0,158.50
119.200,38.54096,80.23382,3.09162,0.7197,1.3023,0.36391,0.0079,0.2338,3.0162,10.468,FEASIBLE,0,158.50
119.300,38.46003,80.21356,3.12379,0.9209,1.3281,0.22428,0.0062,0.2136,3.0364,9.988,FEASIBLE,0,158.50
119.400,38.35476,80.18548,-3.12048,1.2193,1.3683,0.18970,0.0174,0.1855,3.0645,9.570,FEASIBLE,0,159.00
119.500,38.21728,80.15961,-3.09170,1.4764,1.4683,0.14115,0.0148,0.1596,3.0904,10.078,FEASIBLE,0,159.00
119.600,38.06280,80.14785,-3.08754,1.5937,1.2470,0.12609,0.0085,0.1478,3.1022,10.597,FEASIBLE,0,159.00
119.700,37.89864,80.14912,-3.10316,1.6669,1.3035,0.07597,0.0331,0.1491,3.1009,9.714,FEASIBLE,0,159.00
119.800,37.73441,80.16342,-3.13170,1.6155,1.4035,0.10910,0.0442,0.1634,3.0866,10.142,FEASIBLE,0,159.50
119.900,37.58065,80.18916,3.11716,1.5093,1.2222,0.19175,0.0743,0.1892,3.0608,10.641,FEASIBLE,0,159.50
120.002,37.41865,80.22524,3.07712,1.2860,1.2918,0.18170,0.1000,0.2252,3.0248,11.236,FEASIBLE,0,159.50
120.100,37.32542,80.24804,3.05535,1.1517,1.3904,0.24938,0.0771,0.2480,3.0020,10.336,FEASIBLE,0,160.00
120.204,37.20045,80.27391,3.03641,1.0114,1.2000,0.27521,0.1159,0.2739,2.9761,10.774,FEASIBLE,0,160.00
120.300,37.12296,80.28254,3.03633,0.9577,1.2231,0.40068,0.0676,0.2825,2.9675,14.387,FEASIBLE,0,160.00
120.400,37.00511,80.27735,3.05959,1.0375,1.2577,0.42303,0.0339,0.2774,2.9726,10.471,FEASIBLE,0,160.00
120.500,36.90922,80.26235,3.08921,1.2651,1.3181,0.27621,0.0310,0.2623,2.9877,9.495,FEASIBLE,0,160.00
120.600,36.78130,80.23112,3.13767,1.3506,1.3941,0.26537,0.0137,0.2311,3.0189,9.592,FEASIBLE,0,160.50
120.700,36.65000,80.19040,-3.09280,1.3815,1.2085,0.26847,0.0056,0.1904,3.0596,10.073,FEASIBLE,0,160.50
120.800,36.52226,80.14315,-3.04034,1.3371,1.2611,0.18568,0.0377,0.1431,3.1069,10.248,FEASIBLE,0,160.50
120.900,36.40577,80.09321,-2.99146,1.2128,1.3217,-0.00877,0.0453,0.0932,3.1568,10.347,FEASIBLE,0,160.50
121.000,36.30323,80.04360,-2.94757,1.0889,1.4217,-0.15832,0.0693,0.0436,3.2064,10.166,FEASIBLE,0,161.00
121.100,36.21307,80.00067,-2.91520,0.9419,1.2163,-0.21443,0.0664,0.0007,3.2493,10.120,FEASIBLE,0,161.00
121.200,36.13332,79.96977,-2.89907,0.7979,1.2307,-0.27208,0.0609,0.0302,3.2198,10.693,FEASIBLE,0,161.00
121.300,36.05934,79.94950,-2.89654,0.8119,1.3307,-0.31386,0.0351,0.0505,3.1995,10.395,FEASIBLE,0,161.00
121.400,35.93905,79.93635,-2.91801,1.1747,1.2829,-0.32269,0.0308,0.0636,3.1864,10.785,FEASIBLE,0,161.00
121.500,35.83255,79.93701,-2.94956,1.4244,1.2468,-0.31055,0.0162,0.0630,3.1870,10.343,FEASIBLE,0,161.50
121.600,35.67236,79.94933,-3.00316,1.7237,1.1627,-0.28527,0.0022,0.0507,3.1993,10.157,FEASIBLE,0,161.50
121.700,35.48691,79.97971,-3.07191,1.9564,1.2627,-0.25473,0.0431,0.0203,3.2297,9.725,FEASIBLE,0,161.50
121.800,35.28890,80.02582,3.13865,2.0772,1.2768,-0.10857,0.0409,0.0258,3.2242,10.139,FEASIBLE,0,162.00
121.900,35.08526,80.07772,3.07747,2.0661,1.1440,0.02712,0.0815,0.0777,3.1723,9.527,FEASIBLE,0,162.00
122.000,34.89246,80.12023,3.04184,1.9033,1.2440,0.13594,0.0816,0.1202,3.1298,10.315,FEASIBLE,0,162.00
122.100,34.71620,80.14763,3.03207,1.7025,1.3742,0.22030,0.0933,0.1476,3.1024,10.199,FEASIBLE,0,162.50
122.200,34.53601,80.15418,3.05021,1.3437,1.2295,0.30577,0.0450,0.1542,3.0958,9.387,FEASIBLE,0,162.50
122.300,34.44207,80.14466,3.07370,1.0727,1.3062,0.22182,0.0217,0.1447,3.1053,9.519,FEASIBLE,0,162.50
122.400,34.35827,80.12768,3.10339,0.7341,1.4025,0.20203,0.0089,0.1277,3.1223,9.714,FEASIBLE,0,163.00
122.500,34.30264,80.11334,3.12537,0.4882,1.2086,0.20341,0.0161,0.1133,3.1367,10.209,FEASIBLE,0,163.00
122.600,34.25984,80.10131,-3.14078,0.2978,1.2171,0.16697,0.0011,0.1013,3.1487,9.538,FEASIBLE,0,163.00
122.700,34.24105,80.09576,-3.13326,0.2179,1.2307,0.13940,0.0038,0.0958,3.1542,9.933,FEASIBLE,0,163.00
122.800,34.22032,80.09078,-3.12600,0.2321,1.2481,0.10348,0.0185,0.0908,3.1592,9.125,FEASIBLE,0,163.00
122.900,34.19588,80.08846,-3.12269,0.2538,1.2517,0.10957,0.0181,0.0885,3.1615,9.597,FEASIBLE,0,163.00
123.000,34.16701,80.08837,-3.12404,0.3212,1.2522,0.07191,0.0022,0.0884,3.1616,9.560,FEASIBLE,0,163.00
123.100,34.12867,80.09334,-3.13180,0.4406,1.2721,0.08838,0.0527,0.0933,3.1567,9.722,FEASIBLE,0,163.00
123.200,34.07628,80.10610,3.13348,0.6005,1.2963,0.13569,0.0213,0.1061,3.1439,9.352,FEASIBLE,0,163.00
123.302,33.99342,80.12524,3.10996,0.7857,1.3511,0.11610,0.0251,0.1252,3.1248,10.503,FEASIBLE,0,163.00
123.400,33.92383,80.13472,3.10080,0.9288,1.3644,0.14331,0.0176,0.1347,3.1153,9.550,FEASIBLE,0,163.00
123.500,33.81916,80.13749,3.10319,1.1359,1.4575,0.18143,0.0477,0.1375,3.1125,10.642,FEASIBLE,0,163.50
123.600,33.69412,80.12530,3.12541,1.3241,1.2075,0.23315,0.0219,0.1253,3.1247,10.815,FEASIBLE,0,163.50
123.700,33.52950,80.09625,-3.11785,1.4210,1.2434,0.15783,0.0164,0.0963,3.1537,9.721,FEASIBLE,0,163.50
123.800,33.41804,80.07279,-3.09087,1.4197,1.3434,0.03877,0.0124,0.0728,3.1772,10.137,FEASIBLE,0,163.50
123.900,33.28229,80.04394,-3.06424,1.3617,1.4336,-0.01102,0.0269,0.0439,3.2061,9.642,FEASIBLE,0,164.00
124.000,33.15009,80.02104,-3.05264,1.3373,1.2027,-0.08285,0.0089,0.0210,3.2290,9.541,FEASIBLE,0,164.00
124.100,33.02117,80.01587,-3.06191,1.2867,1.2645,-0.09438,0.0109,0.0159,3.2341,9.565,FEASIBLE,0,164.00
124.200,32.89107,80.02794,-3.09074,1.3244,1.3448,-0.10750,0.0088,0.0279,3.2221,9.512,FEASIBLE,0,164.00
124.300,32.75917,80.05732,-3.13687,1.3799,1.4448,-0.03089,0.0396,0.0573,3.1927,9.240,FEASIBLE,0,164.50
124.400,32.61944,80.10037,3.09079,1.5279,1.2184,0.06935,0.0641,0.1004,3.1496,9.591,FEASIBLE,0,164.50
124.500,32.46655,80.15698,3.02876,1.6807,1.2649,0.15309,0.0958,0.1570,3.0930,9.671,FEASIBLE,0,164.50
124.600,32.30718,80.22243,2.96918,1.7386,1.3649,0.24970,0.1216,0.2224,3.0276,9.781,FEASIBLE,0,165.00
124.700,32.14785,80.28984,2.91981,1.7157,1.2002,0.42111,0.1375,0.2898,2.9602,9.544,FEASIBLE,0,165.00
124.800,31.99547,80.35104,2.88640,1.5831,1.2412,0.55829,0.1490,0.3510,2.8990,9.890,FEASIBLE,0,165.00
124.900,31.85645,80.39797,2.87321,1.3834,1.3059,0.49320,0.1309,0.3980,2.8520,9.764,FEASIBLE,0,165.50
125.000,31.73615,80.42528,2.88078,1.1254,1.3908,0.53416,0.0804,0.4253,2.8247,9.652,FEASIBLE,0,165.50
125.100,31.63812,80.43256,2.90624,0.9333,1.2211,0.61090,0.0400,0.4326,2.8174,10.008,FEASIBLE,0,165.50
125.200,31.55162,80.42972,2.93785,0.8217,1.2524,0.61090,0.0550,0.4297,2.8203,9.507,FEASIBLE,0,165.50
125.300,31.47899,80.42341,2.96554,0.6757,1.2712,0.61090,0.0401,0.4234,2.8266,9.426,FEASIBLE,0,165.50
125.400,31.41781,80.41635,2.98911,0.5849,1.3301,0.45400,0.0316,0.4163,2.8337,9.628,FEASIBLE,0,165.50
125.500,31.36449,80.40898,3.00977,0.5123,1.3607,0.42998,0.0199,0.4090,2.8410,9.745,FEASIBLE,0,166.00
125.600,31.31221,80.40065,3.03014,0.5486,1.3973,0.41513,0.0201,0.4007,2.8493,9.677,FEASIBLE,0,166.00
125.700,31.25308,80.38988,3.05327,0.6441,1.1986,0.47869,0.0145,0.3899,2.8601,9.367,FEASIBLE,0,166.00
125.800,31.18131,80.37496,3.08148,0.7999,1.2144,0.46559,0.0106,0.3750,2.8750,9.597,FEASIBLE,0,166.00
125.900,31.09634,80.35870,3.10953,0.9219,1.2318,0.45107,0.0175,0.3587,2.8913,10.264,FEASIBLE,0,166.00
126.000,30.99239,80.34703,3.12899,1.1418,1.2849,0.45243,0.0231,0.3470,2.9030,10.286,FEASIBLE,0,166.00
126.100,30.86174,80.34401,3.13494,1.4087,1.3322,0.31280,0.0526,0.3440,2.9060,9.717,FEASIBLE,0,166.50
126.200,30.71010,80.34818,3.13112,1.5757,1.4315,0.25630,0.1054,0.3482,2.9018,9.916,FEASIBLE,0,166.50
126.300,30.54823,80.35426,3.12595,1.6363,1.2218,0.35660,0.0734,0.3543,2.8957,10.366,FEASIBLE,0,166.50
126.400,30.39180,80.35701,3.12587,1.5162,1.2799,0.35218,0.0698,0.3570,2.8930,9.755,FEASIBLE,0,166.50
126.502,30.22089,80.34887,3.14015,1.3434,1.3710,0.27318,0.0942,0.3489,2.9011,9.269,FEASIBLE,0,167.00
126.600,30.12136,80.33349,-3.12240,1.2120,1.2169,0.37663,0.0319,0.3335,2.9165,9.607,FEASIBLE,0,167.00
126.700,30.00948,80.30327,-3.08559,1.1453,1.2729,0.34481,0.0158,0.3033,2.9467,10.278,FEASIBLE,0,167.00
126.802,29.88419,80.25749,-3.03550,1.0844,1.3169,0.20519,0.0047,0.2575,2.9925,9.648,FEASIBLE,0,167.00
126.900,29.78563,80.21552,-2.99438,1.0853,1.4169,0.09884,0.0173,0.2155,3.0345,9.560,FEASIBLE,0,167.50
127.000,29.70337,80.18030,-2.96420,1.1355,1.2099,0.04815,0.0190,0.1803,3.0697,9.459,FEASIBLE,0,167.50
127.100,29.59229,80.14333,-2.94254,1.2022,1.2367,-0.03206,0.0330,0.1433,3.1067,9.807,FEASIBLE,0,167.50
127.200,29.46633,80.11849,-2.94348,1.3435,1.3111,-0.16446,0.0088,0.1185,3.1315,9.488,FEASIBLE,0,167.50
127.300,29.32569,80.10774,-2.96640,1.4475,1.3576,-0.19120,0.0178,0.1077,3.1423,9.350,FEASIBLE,0,168.00
127.400,29.17806,80.11254,-3.00933,1.4867,1.1998,-0.12784,0.0288,0.1125,3.1375,9.447,FEASIBLE,0,168.00
127.500,29.03841,80.13498,-3.06172,1.3802,1.2532,-0.00795,0.0284,0.1350,3.1150,9.659,FEASIBLE,0,168.00
127.600,28.91155,80.16393,-3.11172,1.2385,1.3261,-0.01425,0.0609,0.1639,3.0861,9.747,FEASIBLE,0,168.00
127.700,28.80312,80.19434,3.12789,1.0563,1.4261,0.11504,0.0814,0.1943,3.0557,9.868,FEASIBLE,0,168.50
127.800,28.71036,80.22459,3.09008,0.9308,1.2055,0.26692,0.0578,0.2246,3.0254,9.486,FEASIBLE,0,168.50
127.900,28.62879,80.25369,3.05737,0.8151,1.2371,0.32006,0.0704,0.2537,2.9963,9.771,FEASIBLE,0,168.50
128.000,28.55645,80.27509,3.03691,0.7183,1.2954,0.38519,0.0388,0.2751,2.9749,9.713,FEASIBLE,0,168.50
128.100,28.48922,80.28855,3.02834,0.6719,1.3118,0.31567,0.0417,0.2885,2.9615,9.453,FEASIBLE,0,168.50
128.200,28.42005,80.29503,3.03192,0.7524,1.3698,0.30201,0.0174,0.2950,2.9550,9.579,FEASIBLE,0,168.50
128.300,28.32439,80.28840,3.05422,1.0828,1.3805,0.33123,0.0311,0.2884,2.9616,9.443,FEASIBLE,0,169.00
128.400,28.20025,80.26818,3.09394,1.3742,1.2000,0.28270,0.0278,0.2682,2.9818,9.461,FEASIBLE,0,169.00
128.500,28.05147,80.23088,-3.13297,1.6247,1.2352,0.32694,0.0065,0.2309,3.0191,9.677,FEASIBLE,0,169.00
128.600,27.89173,80.17851,-3.06909,1.7001,1.2997,0.24367,0.0125,0.1785,3.0715,9.738,FEASIBLE,0,169.00
128.700,27.73173,80.12203,-3.01333,1.6842,1.3997,0.10405,0.0119,0.1220,3.1280,9.639,FEASIBLE,0,169.50
128.800,27.57642,80.07094,-2.97503,1.5916,1.2221,-0.02383,0.0503,0.0709,3.1791,9.511,FEASIBLE,0,169.50
128.900,27.43197,80.03439,-2.96013,1.4091,1.2938,-0.19590,0.0256,0.0344,3.2156,9.285,FEASIBLE,0,169.50
129.000,27.30538,80.01814,-2.96930,1.1836,1.3938,-0.19854,0.0125,0.0181,3.2319,9.990,FEASIBLE,0,170.00
129.100,27.19488,80.02259,-2.99988,1.0826,1.2036,-0.24292,0.0018,0.0226,3.2274,10.266,FEASIBLE,0,170.00
129.200,27.08070,80.03936,-3.04237,0.8660,1.2567,-0.16628,0.0250,0.0394,3.2106,10.437,FEASIBLE,0,170.00
129.300,27.01938,80.05120,-3.06624,0.7322,1.3161,-0.13305,0.0548,0.0512,3.1988,10.696,FEASIBLE,0,170.00
129.400,26.95526,80.06533,-3.09148,0.6153,1.3772,-0.08940,0.0255,0.0653,3.1847,9.699,FEASIBLE,0,170.00
129.500,26.89920,80.07913,-3.11366,0.5620,1.4263,-0.03844,0.0454,0.0791,3.1709,9.671,FEASIBLE,0,170.00
129.600,26.84472,80.09383,-3.13534,0.5739,1.5263,0.03543,0.0237,0.0938,3.1562,10.401,FEASIBLE,0,170.50
129.700,26.78558,80.11122,3.12418,0.6536,1.2915,0.10397,0.0224,0.1112,3.1388,9.600,FEASIBLE,0,170.50
129.802,26.71627,80.13317,3.09680,0.7849,1.2116,0.15734,0.0521,0.1332,3.1168,9.624,FEASIBLE,0,170.50
129.900,26.63105,80.16251,3.06351,0.9826,1.2423,0.20811,0.0318,0.1625,3.0875,10.218,FEASIBLE,0,170.50
130.002,26.49765,80.20059,3.02946,1.3107,1.2770,0.23930,0.0559,0.2006,3.0494,9.833,FEASIBLE,0,170.50
130.100,26.38366,80.21795,3.02434,1.5008,1.3251,0.26691,0.0413,0.2179,3.0321,9.592,FEASIBLE,0,170.50
130.202,26.19208,80.22288,3.04743,1.6505,1.4251,0.28556,0.0642,0.2229,3.0271,10.337,FEASIBLE,0,171.00
130.300,26.02400,80.20585,3.08958,1.7071,1.2282,0.33543,0.0270,0.2058,3.0442,9.829,FEASIBLE,0,171.00
130.400,25.89009,80.18042,3.13163,1.6961,1.2957,0.26914,0.0188,0.1804,3.0696,9.976,FEASIBLE,0,171.00
130.500,25.72997,80.13821,-3.09568,1.6188,1.3957,0.17249,0.0070,0.1382,3.1118,9.403,FEASIBLE,0,171.50
130.600,25.58507,80.09111,-3.04372,1.4514,1.2315,0.13294,0.0340,0.0911,3.1589,9.497,FEASIBLE,0,171.50
130.700,25.45771,80.04528,-3.00164,1.2988,1.3020,-0.05468,0.0754,0.0453,3.2047,10.067,FEASIBLE,0,171.50
130.800,25.34273,80.00796,-2.97525,1.1651,1.3866,-0.20510,0.0570,0.0080,3.2420,9.485,FEASIBLE,0,172.00
130.900,25.23065,79.98502,-2.97056,1.1561,1.2041,-0.20586,0.0238,0.0150,3.2350,9.933,FEASIBLE,0,172.00
131.000,25.11873,79.97607,-2.98425,1.0763,1.2379,-0.25036,0.0348,0.0239,3.2261,9.738,FEASIBLE,0,172.00
131.100,25.01511,79.98062,-3.01158,1.0232,1.3329,-0.24343,0.0047,0.0194,3.2306,9.565,FEASIBLE,0,172.00
131.200,24.91151,79.99599,-3.04934,1.0777,1.2546,-0.19247,0.0218,0.0040,3.2460,9.759,FEASIBLE,0,172.00
131.300,24.79851,80.01936,-3.09341,1.2155,1.3546,-0.14062,0.0178,0.0194,3.2306,9.734,FEASIBLE,0,172.50
131.400,24.67029,80.05291,3.13862,1.4004,1.2078,-0.02560,0.0260,0.0529,3.1971,9.798,FEASIBLE,0,172.50
131.500,24.52935,80.09810,3.08142,1.5214,1.2505,0.08864,0.0686,0.0981,3.1519,9.903,FEASIBLE,0,172.50
131.600,24.38612,80.15274,3.02283,1.5057,1.3281,0.22621,0.0603,0.1527,3.0973,9.574,FEASIBLE,0,172.50
131.700,24.25151,80.20320,2.97900,1.3885,1.4281,0.30986,0.0895,0.2032,3.0468,9.637,FEASIBLE,0,173.00
131.800,24.12801,80.24031,2.95726,1.2166,1.2165,0.38881,0.0787,0.2403,3.0097,9.922,FEASIBLE,0,173.00
131.900,24.01860,80.26134,2.95621,1.0568,1.2650,0.45930,0.0453,0.2613,2.9887,9.541,FEASIBLE,0,173.00
132.000,23.91868,80.26591,2.97509,0.9838,1.3320,0.36749,0.0448,0.2659,2.9841,9.189,FEASIBLE,0,173.00
132.100,23.81477,80.25747,3.01227,1.1196,1.4004,0.37527,0.0408,0.2575,2.9925,10.246,FEASIBLE,0,173.50
132.200,23.69634,80.23663,3.05729,1.2244,1.1963,0.39029,0.0171,0.2366,3.0134,10.016,FEASIBLE,0,173.50
132.300,23.57065,80.20897,3.10698,1.3378,1.2351,0.35824,0.0035,0.2090,3.0410,9.926,FEASIBLE,0,173.50
132.400,23.43969,80.17251,-3.12406,1.3651,1.2966,0.24842,0.0027,0.1725,3.0775,9.977,FEASIBLE,0,173.50
132.500,23.31293,80.12995,-3.07286,1.3077,1.3966,0.15016,0.0362,0.1299,3.1201,9.564,FEASIBLE,0,174.00
132.600,23.19939,80.08617,-3.02679,1.1363,1.1984,0.06039,0.0625,0.0862,3.1638,9.597,FEASIBLE,0,174.00
132.700,23.10416,80.05211,-2.99721,0.9301,1.2483,-0.05954,0.0453,0.0521,3.1979,10.396,FEASIBLE,0,174.00
132.800,23.02624,80.03112,-2.98486,0.7316,1.2963,-0.17223,0.0209,0.0311,3.2189,9.471,FEASIBLE,0,174.00
132.900,22.95685,80.02058,-2.98569,0.7363,1.3626,-0.19019,0.0118,0.0206,3.2294,9.503,FEASIBLE,0,174.00
133.000,22.86960,80.02082,-3.00424,0.9880,1.4534,-0.18652,0.0146,0.0208,3.2292,9.582,FEASIBLE,0,174.50
133.100,22.73058,80.04051,-3.05386,1.2816,1.5441,-0.17421,0.0289,0.0405,3.2095,9.245,FEASIBLE,0,174.50
133.204,22.59329,80.06923,-3.10595,1.4922,1.2941,-0.08428,0.0458,0.0692,3.1808,9.745,FEASIBLE,0,174.50
133.302,22.43431,80.11198,3.11618,1.7515,1.2662,0.05323,0.0641,0.1120,3.1380,10.069,FEASIBLE,0,174.50
133.400,22.29182,80.15929,3.06064,1.9447,1.3662,0.15770,0.0776,0.1593,3.0907,9.467,FEASIBLE,0,175.00
133.500,22.10530,80.23474,2.98535,2.0270,1.1990,0.30292,0.1196,0.2347,3.0153,9.616,FEASIBLE,0,175.00
133.600,21.88354,80.33061,2.91219,1.9882,1.2592,0.31832,0.1731,0.3306,2.9194,9.764,FEASIBLE,0,175.00
133.700,21.73909,80.38859,2.88180,1.9178,1.3592,0.47159,0.1738,0.3886,2.8614,9.530,FEASIBLE,0,175.50
133.800,21.56504,80.44884,2.86476,1.7863,1.2095,0.61090,0.1543,0.4488,2.8012,9.309,FEASIBLE,0,175.50
133.900,21.40257,80.49080,2.86985,1.5978,1.2653,0.61090,0.1470,0.4908,2.7592,9.826,FEASIBLE,0,175.50
134.000,21.25938,80.51041,2.89507,1.3354,1.3350,0.60011,0.1236,0.5104,2.7396,9.780,FEASIBLE,0,176.00
134.100,21.13666,80.51024,2.93563,1.1410,1.1934,0.61090,0.0999,0.5102,2.7398,9.625,FEASIBLE,0,176.00
134.200,21.03972,80.50200,2.97259,0.8627,1.2257,0.61090,0.0566,0.5020,2.7480,9.534,FEASIBLE,0,176.00
134.300,20.97074,80.49044,3.00116,0.5915,1.2754,0.61090,0.0361,0.4904,2.7596,9.721,FEASIBLE,0,176.00
134.400,20.92587,80.48185,3.02050,0.3543,1.3105,0.59232,0.0183,0.4818,2.7682,9.368,FEASIBLE,0,176.00
134.500,20.90710,80.47586,3.03300,0.0837,1.3595,0.55664,0.0007,0.4759,2.7741,9.792,FEASIBLE,0,176.00
134.600,20.92347,80.47351,3.03487,0.3360,1.3543,0.52287,0.0170,0.4735,2.7765,9.566,FEASIBLE,0,176.00
134.700,20.96493,80.46747,3.03864,0.4463,1.3651,0.54234,0.0627,0.4675,2.7825,9.875,FEASIBLE,0,176.00
134.800,21.00756,80.45903,3.04688,0.3937,1.3421,0.51708,0.0843,0.4590,2.7910,9.253,FEASIBLE,0,176.00
134.900,21.04272,80.45300,3.05073,0.3338,1.3094,0.61090,0.0612,0.4530,2.7970,9.182,FEASIBLE,0,176.00
135.000,21.07156,80.45162,3.04899,0.2558,1.3026,0.61090,0.0344,0.4516,2.7984,10.011,FEASIBLE,0,176.00
135.100,21.09218,80.45348,3.04367,0.1652,1.2813,0.61090,0.0128,0.4535,2.7965,9.889,FEASIBLE,0,176.00
135.200,21.09686,80.45434,3.04183,0.0501,1.2714,0.61090,0.0093,0.4543,2.7957,9.586,FEASIBLE,0,176.00
135.300,21.07840,80.45344,3.04560,0.2602,1.2694,0.61090,0.0006,0.4534,2.7966,9.741,FEASIBLE,0,176.00
135.400,21.03676,80.44739,3.05924,0.5341,1.2873,0.61090,0.0350,0.4474,2.8026,9.872,FEASIBLE,0,176.00
135.500,20.96971,80.43519,3.08292,0.7811,1.2969,0.50999,0.0340,0.4352,2.8148,9.719,FEASIBLE,0,176.00
135.600,20.87885,80.41601,3.11521,1.0274,1.3228,0.37037,0.0325,0.4160,2.8340,9.335,FEASIBLE,0,176.00
135.700,20.76485,80.38757,-3.12711,1.2740,1.3700,0.29567,0.0445,0.3876,2.8624,9.535,FEASIBLE,0,176.50
135.800,20.62994,80.34742,-3.07812,1.4873,1.2160,0.38513,0.0101,0.3474,2.9026,9.566,FEASIBLE,0,176.50
135.900,20.48150,80.29446,-3.02303,1.6248,1.2666,0.32838,0.0062,0.2945,2.9555,9.502,FEASIBLE,0,176.50
136.000,20.32754,80.22848,-2.96340,1.7046,1.3518,0.08829,0.0049,0.2285,3.0215,9.404,FEASIBLE,0,177.00
136.100,20.17388,80.14766,-2.89770,1.7381,1.2000,-0.07764,0.0347,0.1477,3.1023,9.631,FEASIBLE,0,177.00
136.200,20.02628,80.05942,-2.83548,1.6800,1.2532,-0.14315,0.0976,0.0594,3.1906,9.282,FEASIBLE,0,177.00
136.300,19.88990,79.98110,-2.79568,1.4982,1.3513,-0.31761,0.1105,0.0189,3.2311,9.869,FEASIBLE,0,177.00
136.404,19.73819,79.91382,-2.78673,1.3070,1.4513,-0.41303,0.1061,0.0862,3.1638,9.681,FEASIBLE,0,177.50
136.500,19.64775,79.88955,-2.79852,1.0921,1.4368,-0.46202,0.0765,0.1105,3.1395,9.784,FEASIBLE,0,177.50
136.602,19.53218,79.87454,-2.82997,0.9060,1.3545,-0.47858,0.0415,0.1255,3.1245,10.124,FEASIBLE,0,177.50
136.700,19.46011,79.87480,-2.85680,0.9203,1.2808,-0.43650,0.0439,0.1252,3.1248,10.014,FEASIBLE,0,177.50
136.800,19.34334,79.87654,-2.90140,1.0145,1.2421,-0.40661,0.0271,0.1235,3.1265,9.596,FEASIBLE,0,178.00
136.900,19.25833,79.88174,-2.93437,1.1004,1.1609,-0.36084,0.0132,0.1183,3.1317,9.847,FEASIBLE,0,178.00
137.000,19.13736,79.89273,-2.98109,1.2925,1.2609,-0.38239,0.0031,0.1073,3.1427,10.127,FEASIBLE,0,178.00
137.100,19.00044,79.90813,-3.02594,1.4641,1.3585,-0.30640,0.0177,0.0919,3.1581,10.206,FEASIBLE,0,178.00
137.200,18.84138,79.91299,-3.05545,1.6311,1.2705,-0.21834,0.0271,0.0870,3.1630,10.128,FEASIBLE,0,178.50
137.300,18.67924,79.90631,-3.06468,1.6106,1.1649,-0.19253,0.0280,0.0937,3.1563,9.840,FEASIBLE,0,178.50
137.400,18.52279,79.89238,-3.06237,1.5351,1.2649,-0.18205,0.0244,0.1076,3.1424,9.675,FEASIBLE,0,178.50
137.500,18.37836,79.87688,-3.05730,1.3880,1.2918,-0.18602,0.0288,0.1231,3.1269,9.215,FEASIBLE,0,178.50
137.600,18.25291,79.86614,-3.05717,1.1657,1.2107,-0.19213,0.0410,0.1339,3.1161,10.154,FEASIBLE,0,179.00
137.700,18.14942,79.86575,-3.06812,0.9654,1.3107,-0.24961,0.0047,0.1343,3.1157,9.470,FEASIBLE,0,179.00
137.800,18.05858,79.87787,-3.09285,0.9184,1.3604,-0.26825,0.0186,0.1221,3.1279,9.448,FEASIBLE,0,179.00
137.900,17.96864,79.89911,-3.12637,0.9215,1.3029,-0.17199,0.0131,0.1009,3.1491,9.396,FEASIBLE,0,179.00
138.000,17.87975,79.92464,3.12162,0.9327,1.2397,-0.13860,0.0047,0.0754,3.1746,9.755,FEASIBLE,0,179.00
138.100,17.78771,79.95495,3.08453,0.9990,1.1728,0.00102,0.0033,0.0451,3.2049,9.500,FEASIBLE,0,179.50
138.200,17.68732,79.99146,3.04489,1.1233,1.2728,0.00960,0.0608,0.0085,3.2415,9.593,FEASIBLE,0,179.50
138.300,17.56963,80.03050,3.01009,1.3280,1.3935,0.12786,0.0669,0.0305,3.2195,9.475,FEASIBLE,0,179.50
138.400,17.43293,80.06195,2.99414,1.4293,1.2941,0.19866,0.0567,0.0619,3.1881,10.142,FEASIBLE,0,179.50
138.500,17.28965,80.07719,3.00269,1.4425,1.3941,0.25399,0.0295,0.0772,3.1728,9.499,FEASIBLE,0,180.00
138.600,17.14891,80.07451,3.03175,1.3788,1.2085,0.25151,0.0317,0.0745,3.1755,9.533,FEASIBLE,0,180.00
138.700,17.01934,80.05702,3.07304,1.2452,1.2656,0.22946,0.0001,0.0570,3.1930,9.896,FEASIBLE,0,180.00
138.800,16.88700,80.02696,3.12370,1.0669,1.3449,0.07537,0.0247,0.0270,3.2230,10.216,FEASIBLE,0,180.00
138.900,16.80792,80.00494,-3.12803,1.0049,1.4449,0.05283,0.0290,0.0049,3.2451,9.508,FEASIBLE,0,180.50
139.000,16.71609,79.97884,-3.09510,0.9301,1.2498,0.01460,0.0478,0.0212,3.2288,9.839,FEASIBLE,0,180.50
139.100,16.60910,79.95776,-3.07403,0.9528,1.2995,-0.09013,0.0241,0.0422,3.2078,9.287,FEASIBLE,0,180.50
139.200,16.51417,79.95306,-3.07615,1.2910,1.3632,-0.11452,0.0108,0.0469,3.2031,10.614,FEASIBLE,0,180.50
139.300,16.37369,79.96077,-3.09881,1.4872,1.2771,-0.11605,0.0099,0.0392,3.2108,10.229,FEASIBLE,0,181.00
139.400,16.22004,79.99044,3.13775,1.6367,1.1729,-0.08381,0.0120,0.0096,3.2404,9.836,FEASIBLE,0,181.00
139.500,16.05156,80.04286,3.07245,1.8507,1.2729,-0.04672,0.0787,0.0429,3.2071,10.273,FEASIBLE,0,181.00
139.600,15.87148,80.11540,2.99792,1.9959,1.3077,0.09290,0.1315,0.1154,3.1346,10.301,FEASIBLE,0,181.50
139.700,15.68834,80.20600,2.91912,2.0613,1.4077,0.26312,0.1510,0.2060,3.0440,9.493,FEASIBLE,0,181.50
139.800,15.51257,80.30882,2.84289,2.0088,1.2198,0.44762,0.1783,0.3088,2.9412,9.616,FEASIBLE,0,181.50
139.902,15.32028,80.43348,2.76668,1.8128,1.3114,0.50497,0.2294,0.4335,2.8165,9.516,FEASIBLE,0,182.00
140.000,15.20783,80.50812,2.73015,1.6058,1.4114,0.61090,0.1954,0.5081,2.7419,10.803,FEASIBLE,0,182.00
140.100,15.06556,80.59668,2.70081,1.2401,1.2080,0.61090,0.1682,0.5967,2.6533,10.302,FEASIBLE,0,182.00
140.200,14.99050,80.63638,2.69811,0.9495,1.3080,0.61090,0.0522,0.6364,2.6136,10.566,FEASIBLE,0,182.00
140.300,14.90199,80.66534,2.71301,0.6701,1.3696,0.61090,0.1039,0.6653,2.5847,10.135,FEASIBLE,0,182.00
140.400,14.85273,80.67432,2.73004,0.5842,1.3041,0.61090,0.0332,0.6743,2.5757,10.119,FEASIBLE,0,182.50
140.500,14.80505,80.68067,2.74802,0.4192,1.2790,0.61090,0.0469,0.6807,2.5693,9.947,FEASIBLE,0,182.50
140.600,14.77098,80.68435,2.76114,0.2999,1.3000,0.61090,0.0336,0.6844,2.5656,10.194,FEASIBLE,0,182.50
140.700,14.74495,80.68684,2.77120,0.2448,1.5000,0.61090,0.0133,0.6868,2.5632,9.921,FEASIBLE,0,182.50
140.800,14.72053,80.68890,2.78061,0.2538,1.4941,0.61090,0.0157,0.6889,2.5611,9.973,FEASIBLE,0,182.50
140.900,14.69121,80.69110,2.79190,0.3295,1.4778,0.61090,0.0245,0.6911,2.5589,10.651,FEASIBLE,0,182.50
141.000,14.65168,80.69414,2.80628,0.4451,1.4721,0.61090,0.0305,0.6941,2.5559,10.182,FEASIBLE,0,182.50
141.100,14.59614,80.69822,2.82553,0.6406,1.4566,0.61090,0.0258,0.6982,2.5518,9.806,FEASIBLE,0,182.50
141.200,14.51759,80.70213,2.85271,0.8863,1.4301,0.61090,0.0434,0.7021,2.5479,10.160,FEASIBLE,0,182.50
141.300,14.41517,80.70549,2.88625,1.1106,1.3738,0.61090,0.0595,0.7055,2.5445,9.670,FEASIBLE,0,182.50
141.400,14.29104,80.70953,2.92118,1.3346,1.3297,0.61090,0.0708,0.7095,2.5405,9.905,FEASIBLE,0,183.00
141.500,14.14218,80.71229,2.95851,1.5845,1.4297,0.61090,0.0638,0.7123,2.5377,9.390,FEASIBLE,0,183.00
141.600,13.97474,80.70742,3.00243,1.7277,1.4745,0.61090,0.1024,0.7074,2.5426,9.310,FEASIBLE,0,183.00
141.700,13.79861,80.68621,3.05998,1.7909,1.3814,0.56587,0.0751,0.6862,2.5638,9.522,FEASIBLE,0,183.50
141.800,13.62678,80.64906,3.12518,1.7329,1.4814,0.60562,0.0150,0.6491,2.6009,9.541,FEASIBLE,0,183.50
141.900,13.46673,80.60215,-3.09449,1.6149,1.4523,0.56867,0.0138,0.6021,2.6479,9.663,FEASIBLE,0,183.50
142.000,13.32464,80.55066,-3.03664,1.4439,1.3570,0.44137,0.0072,0.5507,2.6993,10.290,FEASIBLE,0,184.00
142.100,13.19888,80.49699,-2.98422,1.3233,1.2576,0.37846,0.0031,0.4970,2.7530,9.828,FEASIBLE,0,184.00
142.200,13.08413,80.44108,-2.93550,1.2358,1.2174,0.33561,0.0042,0.4411,2.8089,9.889,FEASIBLE,0,184.00
142.300,12.97786,80.38963,-2.89881,1.1574,1.2528,0.26086,0.0069,0.3896,2.8604,11.848,FEASIBLE,0,184.00
142.400,12.87204,80.34368,-2.87897,1.1721,1.3054,0.08354,0.0232,0.3437,2.9063,10.018,FEASIBLE,0,184.50
142.500,12.74399,80.30779,-2.87620,1.3727,1.2000,-0.12180,0.0386,0.3078,2.9422,9.510,FEASIBLE,0,184.50
142.600,12.60050,80.27647,-2.88523,1.5152,1.2183,-0.05394,0.0014,0.2765,2.9735,10.368,FEASIBLE,0,184.50
142.700,12.44850,80.24954,-2.90022,1.5507,1.2657,0.08569,0.0179,0.2495,3.0005,9.517,FEASIBLE,0,184.50
142.800,12.29821,80.22500,-2.91475,1.4919,1.3657,0.07431,0.0129,0.2250,3.0250,9.855,FEASIBLE,0,185.00
142.900,12.16123,80.20006,-2.92270,1.2678,1.1961,0.00450,0.0033,0.2001,3.0499,9.439,FEASIBLE,0,185.00
143.000,12.05208,80.17398,-2.92084,1.0300,1.2515,0.13561,0.0170,0.1740,3.0760,9.209,FEASIBLE,0,185.00
143.100,11.95268,80.14374,-2.91113,0.7611,1.3177,0.05119,0.0033,0.1437,3.1063,9.465,FEASIBLE,0,185.00
143.200,11.90125,80.12687,-2.90502,0.6304,1.3993,0.03388,0.0247,0.1269,3.1231,9.548,FEASIBLE,0,185.00
143.300,11.84893,80.11268,-2.90307,0.4863,1.4931,-0.11731,0.0202,0.1127,3.1373,10.003,FEASIBLE,0,185.50
143.400,11.80670,80.10560,-2.90720,0.4050,1.5213,-0.32723,0.0017,0.1056,3.1444,9.485,FEASIBLE,0,185.50
143.500,11.76739,80.10315,-2.91624,0.3827,1.2713,-0.33090,0.0156,0.1031,3.1469,9.724,FEASIBLE,0,185.50
143.600,11.72853,80.10460,-2.92977,0.4051,1.2298,-0.30544,0.0071,0.1046,3.1454,9.498,FEASIBLE,0,185.50
143.700,11.68297,80.10859,-2.94735,0.5007,1.2441,-0.28633,0.0528,0.1086,3.1414,9.778,FEASIBLE,0,185.50
143.800,11.62451,80.11605,-2.97054,0.6565,1.2591,-0.07689,0.0135,0.1160,3.1340,9.878,FEASIBLE,0,185.50
143.900,11.54425,80.12544,-3.00145,0.9013,1.2958,0.06274,0.0456,0.1254,3.1246,10.246,FEASIBLE,0,185.50
144.000,11.44053,80.14248,-3.04219,1.1548,1.3368,0.10108,0.0496,0.1425,3.1075,9.354,FEASIBLE,0,185.50
144.100,11.31241,80.16899,-3.09278,1.4106,1.3772,0.14845,0.0526,0.1690,3.0810,9.440,FEASIBLE,0,186.00
144.200,11.16130,80.20881,3.13004,1.6650,1.4772,0.22870,0.0974,0.2088,3.0412,9.344,FEASIBLE,0,186.00
144.300,10.99451,80.25977,3.06719,1.7840,1.2834,0.39343,0.1210,0.2598,2.9902,9.924,FEASIBLE,0,186.00
144.400,10.82152,80.31179,3.02007,1.8287,1.3141,0.38894,0.1416,0.3118,2.9382,9.317,FEASIBLE,0,186.50
144.500,10.64154,80.35397,2.99528,1.8518,1.2000,0.48198,0.1363,0.3540,2.8960,9.096,FEASIBLE,0,186.50
144.600,10.46059,80.38208,2.99352,1.8165,1.2364,0.50955,0.1131,0.3821,2.8679,9.376,FEASIBLE,0,186.50
144.700,10.27021,80.39246,3.01665,1.8961,1.3364,0.39325,0.1078,0.3925,2.8575,9.515,FEASIBLE,0,187.00
144.800,10.09332,80.37978,3.06112,1.6923,1.1944,0.49498,0.0457,0.3798,2.8702,9.680,FEASIBLE,0,187.00
144.900,9.94686,80.35105,3.11360,1.3611,1.2575,0.52359,0.0507,0.3510,2.8990,9.521,FEASIBLE,0,187.00
145.000,9.83650,80.32146,-3.12627,0.9919,1.3356,0.38396,0.0321,0.3215,2.9285,10.114,FEASIBLE,0,187.50
145.100,9.76250,80.29833,-3.09653,0.6380,1.2000,0.36111,0.0214,0.2983,2.9517,9.475,FEASIBLE,0,187.50
145.200,9.71987,80.28249,-3.07875,0.3406,1.2233,0.30898,0.0083,0.2825,2.9675,10.444,FEASIBLE,0,187.50
145.300,9.70144,80.27437,-3.07065,0.1157,1.2396,0.23928,0.0020,0.2744,2.9756,10.509,FEASIBLE,0,187.50
145.400,9.70098,80.27210,-3.06954,0.0406,1.2598,0.20616,0.0124,0.2721,2.9779,9.889,FEASIBLE,0,187.50
145.500,9.71126,80.27545,-3.07319,0.1493,1.2548,0.22715,0.0117,0.2755,2.9745,9.554,FEASIBLE,0,187.50
145.600,9.73191,80.28271,-3.08145,0.1941,1.2518,0.25974,0.0261,0.2827,2.9673,9.499,FEASIBLE,0,187.50
145.700,9.74596,80.28761,-3.08718,0.1765,1.2405,0.26168,0.0131,0.2876,2.9624,9.792,FEASIBLE,0,187.50
145.800,9.75878,80.29203,-3.09240,0.1001,1.2385,0.27459,0.0265,0.2920,2.9580,9.729,FEASIBLE,0,187.50
145.900,9.76133,80.29288,-3.09342,0.0194,1.2332,0.26091,0.0204,0.2929,2.9571,9.559,FEASIBLE,0,187.50
146.000,9.75298,80.29078,-3.09107,0.1379,1.2300,0.27907,0.0143,0.2908,2.9592,9.545,FEASIBLE,0,187.50
146.100,9.72785,80.28718,-3.08789,0.3707,1.2347,0.27965,0.0127,0.2872,2.9628,9.472,FEASIBLE,0,187.50
146.200,9.66657,80.28242,-3.08594,0.7579,1.2384,0.36903,0.0066,0.2824,2.9676,9.321,FEASIBLE,0,187.50
146.300,9.57482,80.26649,-3.07153,1.0429,1.2699,0.37315,0.0173,0.2665,2.9835,9.513,FEASIBLE,0,187.50
146.400,9.46373,80.23271,-3.03757,1.2323,1.3012,0.31869,0.0062,0.2327,3.0173,9.693,FEASIBLE,0,187.50
146.500,9.33833,80.18067,-2.98754,1.4395,1.3674,0.20075,0.0330,0.1807,3.0693,9.730,FEASIBLE,0,188.00
146.602,9.17198,80.09734,-2.91629,1.6148,1.4000,0.08634,0.0508,0.0973,3.1527,9.422,FEASIBLE,0,188.00
146.700,9.05765,80.03091,-2.86540,1.6694,1.2397,0.05975,0.1030,0.0309,3.2191,9.659,FEASIBLE,0,188.00
146.800,8.91857,79.93973,-2.80197,1.6403,1.3397,-0.08090,0.0888,0.0603,3.1897,9.852,FEASIBLE,0,188.00
146.900,8.78954,79.85045,-2.74920,1.5129,1.2218,-0.19675,0.1442,0.1495,3.1005,9.607,FEASIBLE,0,188.50
147.000,8.67269,79.77429,-2.71595,1.3040,1.3218,-0.40644,0.1214,0.2257,3.0243,9.780,FEASIBLE,0,188.50
147.100,8.55795,79.71314,-2.70516,0.9127,1.3801,-0.61090,0.1259,0.2869,2.9631,9.431,FEASIBLE,0,188.50
147.200,8.49753,79.69029,-2.71142,0.8002,1.3232,-0.61090,0.0624,0.3097,2.9403,9.542,FEASIBLE,0,188.50
147.300,8.41433,79.67222,-2.73533,0.8751,1.2744,-0.61090,0.0819,0.3278,2.9222,9.773,FEASIBLE,0,188.50
147.400,8.32815,79.66163,-2.76706,0.8616,1.2382,-0.61090,0.0821,0.3384,2.9116,10.029,FEASIBLE,0,189.00
147.500,8.24253,79.65484,-2.79974,0.8663,1.3000,-0.61090,0.0371,0.3452,2.9048,9.882,FEASIBLE,0,189.00
147.600,8.15297,79.65092,-2.83400,0.9284,1.4144,-0.61090,0.0412,0.3491,2.9009,9.598,FEASIBLE,0,189.00
147.700,8.05404,79.64976,-2.87133,1.0358,1.3798,-0.61090,0.0583,0.3502,2.8998,9.939,FEASIBLE,0,189.00
147.800,7.94001,79.65222,-2.91334,1.2074,1.3282,-0.49717,0.0418,0.3478,2.9022,9.532,FEASIBLE,0,189.00
147.900,7.80890,79.65604,-2.95541,1.3834,1.2450,-0.46733,0.0497,0.3440,2.9060,9.803,FEASIBLE,0,189.50
148.000,7.65686,79.65880,-2.99384,1.6090,1.3450,-0.30305,0.0643,0.3412,2.9088,9.521,FEASIBLE,0,189.50
148.100,7.48608,79.66594,-3.03373,1.7613,1.4044,-0.31662,0.0677,0.3341,2.9159,10.136,FEASIBLE,0,189.50
148.200,7.30728,79.68165,-3.07690,1.8044,1.3021,-0.10403,0.0576,0.3184,2.9316,10.503,FEASIBLE,0,190.00
148.300,7.13050,79.70400,-3.11894,1.7564,1.2000,-0.11258,0.0620,0.2960,2.9540,9.693,FEASIBLE,0,190.00
148.400,6.93092,79.73004,3.12332,1.6076,1.3000,-0.12277,0.0305,0.2700,2.9800,10.127,FEASIBLE,0,190.00
148.500,6.81394,79.74452,3.10560,1.3783,1.2685,0.01686,0.0439,0.2555,2.9945,9.651,FEASIBLE,0,190.50
148.600,6.69498,79.75373,3.09872,1.0663,1.3000,-0.03503,0.0199,0.2463,3.0037,9.800,FEASIBLE,0,190.50
148.700,6.60473,79.75092,3.10705,0.8067,1.3975,-0.02158,0.0548,0.2491,3.0009,9.469,FEASIBLE,0,190.50
148.800,6.53483,79.73953,3.12539,0.6506,1.3191,-0.03370,0.0418,0.2605,2.9895,9.706,FEASIBLE,0,190.50
148.900,6.47702,79.72438,-3.13624,0.5612,1.2968,0.04607,0.0465,0.2756,2.9744,9.708,FEASIBLE,0,190.50
149.000,6.42728,79.70956,-3.11641,0.5095,1.2776,0.02862,0.0186,0.2904,2.9596,9.622,FEASIBLE,0,190.50
149.100,6.37511,79.69748,-3.10072,0.5578,1.2225,0.00136,0.0366,0.3025,2.9475,9.514,FEASIBLE,0,190.50
149.200,6.31363,79.69293,-3.09627,0.6613,1.2000,-0.10771,0.0237,0.3071,2.9429,9.667,FEASIBLE,0,191.00
149.300,6.24187,79.69594,-3.10376,0.7569,1.3000,-0.18506,0.0064,0.3041,2.9459,9.440,FEASIBLE,0,191.00
149.400,6.15863,79.70783,-3.12452,0.9058,1.4119,-0.15123,0.0095,0.2922,2.9578,9.201,FEASIBLE,0,191.00
149.500,6.05926,79.73229,3.12275,1.1064,1.3629,-0.13268,0.0147,0.2677,2.9823,9.485,FEASIBLE,0,191.00
149.600,5.94233,79.76519,3.08147,1.2803,1.3234,-0.06261,0.0273,0.2348,3.0152,9.494,FEASIBLE,0,191.00
149.704,5.78511,79.80654,3.04113,1.3894,1.2000,0.00721,0.0081,0.1935,3.0565,9.565,FEASIBLE,0,191.50
149.802,5.64827,79.83546,3.02277,1.3932,1.3000,-0.09349,0.0338,0.1645,3.0855,10.026,FEASIBLE,0,191.50
149.900,5.53976,79.85044,3.02105,1.3530,1.3848,-0.01666,0.0065,0.1496,3.1004,9.816,FEASIBLE,0,191.50
150.000,5.38284,79.85688,3.03759,1.2900,1.2585,0.22332,0.0282,0.1431,3.1069,9.923,FEASIBLE,0,191.50
150.100,5.28109,79.85198,3.05680,1.2678,1.2140,0.07674,0.0412,0.1480,3.1020,9.884,FEASIBLE,0,192.00
150.200,5.15410,79.84167,3.08429,1.2867,1.3140,-0.01469,0.0433,0.1583,3.0917,9.805,FEASIBLE,0,192.00
150.300,5.02449,79.83048,3.10765,1.2987,1.3737,-0.04236,0.0267,0.1695,3.0805,9.784,FEASIBLE,0,192.00
150.400,4.89104,79.82572,3.11895,1.3603,1.2872,0.05429,0.0330,0.1743,3.0757,9.707,FEASIBLE,0,192.00
150.500,4.75253,79.83335,3.11264,1.4015,1.2167,0.09907,0.0236,0.1666,3.0834,10.390,FEASIBLE,0,192.50
150.600,4.61410,79.85492,3.08987,1.3917,1.3167,-0.11037,0.0035,0.1451,3.1049,9.776,FEASIBLE,0,192.50
150.700,4.48442,79.88798,3.05583,1.2917,1.3118,-0.18018,0.0196,0.1120,3.1380,9.437,FEASIBLE,0,192.50
150.800,4.37216,79.92785,3.01676,1.1250,1.2346,-0.04056,0.0147,0.0721,3.1779,9.939,FEASIBLE,0,193.00
150.900,4.27753,79.96936,2.97816,0.9746,1.3346,-0.12652,0.0588,0.0306,3.2194,9.799,FEASIBLE,0,193.00
151.000,4.19553,80.00927,2.94392,0.8856,1.4219,0.02921,0.0345,0.0093,3.2407,9.973,FEASIBLE,0,193.00
151.100,4.12127,80.04249,2.92004,0.6972,1.2566,0.20833,0.0387,0.0425,3.2075,9.730,FEASIBLE,0,193.00
151.200,4.06255,80.06312,2.91037,0.5833,1.2880,0.42881,0.0219,0.0631,3.1869,10.287,FEASIBLE,0,193.00
151.300,4.00662,80.07534,2.91189,0.6358,1.3559,0.38178,0.0205,0.0753,3.1747,10.357,FEASIBLE,0,193.00
151.400,3.91880,80.07962,2.93292,0.9822,1.3885,0.36189,0.0134,0.0796,3.1704,10.521,FEASIBLE,0,193.00
151.500,3.81276,80.07322,2.96984,1.1317,1.4663,0.28666,0.0104,0.0732,3.1768,10.290,FEASIBLE,0,193.50
151.600,3.68697,80.05730,3.01788,1.3631,1.2163,0.20774,0.0072,0.0573,3.1927,10.695,FEASIBLE,0,193.50
151.700,3.53898,80.03005,3.07567,1.5935,1.2403,0.11198,0.0168,0.0300,3.2200,10.103,FEASIBLE,0,193.50
151.800,3.37461,79.98919,3.14088,1.7495,1.3403,-0.03704,0.0497,0.0108,3.2392,9.819,FEASIBLE,0,193.50
151.900,3.20274,79.93765,-3.07749,1.8653,1.4491,-0.17666,0.0790,0.0624,3.1876,9.906,FEASIBLE,0,194.00
152.000,3.02125,79.88419,-3.02577,1.8988,1.4090,-0.29338,0.0847,0.1158,3.1342,9.664,FEASIBLE,0,194.00
152.100,2.83795,79.84001,-3.00013,1.8654,1.2857,-0.35127,0.0950,0.1600,3.0900,9.579,FEASIBLE,0,194.50
152.200,2.65882,79.81811,-3.00555,1.7706,1.1595,-0.41057,0.0683,0.1819,3.0681,9.842,FEASIBLE,0,194.50
152.300,2.46810,79.82259,-3.04378,1.3985,1.3595,-0.40131,0.0481,0.1774,3.0726,9.530,FEASIBLE,0,194.50
152.400,2.37096,79.83830,-3.07647,1.1434,1.2895,-0.38344,0.0016,0.1617,3.0883,9.501,FEASIBLE,0,195.00
152.500,2.27244,79.86128,-3.11453,0.9350,1.1789,-0.33113,0.0041,0.1387,3.1113,9.563,FEASIBLE,0,195.00
152.600,2.19061,79.88398,3.13590,0.8009,1.2789,-0.32112,0.0294,0.1160,3.1340,9.819,FEASIBLE,0,195.00
152.700,2.11864,79.90652,3.10667,0.7315,1.3851,-0.24498,0.0174,0.0935,3.1565,9.898,FEASIBLE,0,195.00
152.800,2.05027,79.93015,3.07861,0.7261,1.3294,-0.18616,0.0170,0.0699,3.1801,9.740,FEASIBLE,0,195.00
152.900,1.98110,79.95593,3.05030,0.7271,1.2924,-0.15758,0.0340,0.0441,3.2059,9.426,FEASIBLE,0,195.00
153.000,1.91213,79.97764,3.02992,0.7341,1.2045,-0.10417,0.0281,0.0224,3.2276,10.414,FEASIBLE,0,195.00
153.102,1.81588,79.99762,3.01851,0.9153,1.2002,-0.06115,0.0304,0.0024,3.2476,10.423,FEASIBLE,0,195.50
153.202,1.70570,80.00562,3.02586,1.2396,1.1372,-0.05256,0.0134,0.0056,3.2444,10.377,FEASIBLE,0,195.50
153.300,1.59692,80.00607,3.04153,1.4069,1.2372,-0.03678,0.0154,0.0061,3.2439,9.876,FEASIBLE,0,195.50
153.400,1.45101,80.00704,3.05857,1.4834,1.3478,-0.07207,0.0064,0.0070,3.2430,9.673,FEASIBLE,0,195.50
153.500,1.30224,80.01433,3.06457,1.4860,1.3944,-0.09098,0.0201,0.0143,3.2357,10.231,FEASIBLE,0,196.00
153.600,1.15664,80.03285,3.05485,1.4510,1.2116,-0.07584,0.0362,0.0329,3.2171,9.628,FEASIBLE,0,196.00
153.700,1.02007,80.06286,3.03145,1.3536,1.3116,-0.06760,0.0418,0.0629,3.1871,9.646,FEASIBLE,0,196.00
153.800,0.90051,80.10057,2.99973,1.1785,1.2856,-0.01622,0.0672,0.1006,3.1494,9.782,FEASIBLE,0,196.00
153.900,0.80047,80.14184,2.96484,1.0294,1.1869,0.03217,0.0797,0.1418,3.1082,10.165,FEASIBLE,0,196.50
154.000,0.71316,80.18378,2.93080,0.9349,1.2869,0.17711,0.0698,0.1838,3.0662,10.189,FEASIBLE,0,196.50
154.100,0.63250,80.22199,2.90398,0.8681,1.4193,0.21820,0.0650,0.2220,3.0280,10.131,FEASIBLE,0,196.50
154.200,0.55272,80.25092,2.89194,0.8520,1.3599,0.32932,0.0754,0.2509,2.9991,9.907,FEASIBLE,0,196.50
154.300,0.46444,80.27053,2.89597,0.9500,1.3106,0.22607,0.0732,0.2705,2.9795,10.629,FEASIBLE,0,196.50
154.400,0.36717,80.28028,2.91491,0.9972,1.2577,0.24991,0.0676,0.2803,2.9697,10.113,FEASIBLE,0,197.00
154.500,0.26158,80.27811,2.94900,1.1111,1.2000,0.25016,0.0498,0.2781,2.9719,11.504,FEASIBLE,0,197.00
154.600,0.13921,80.26584,2.99510,1.3114,1.3000,0.27088,0.0220,0.2658,2.9842,10.587,FEASIBLE,0,197.00
154.700,0.00058,80.24418,3.04885,1.4492,1.4029,0.23309,0.0311,0.2442,3.0058,10.237,FEASIBLE,0,197.00
154.800,-0.14355,80.21722,3.10029,1.4719,1.3232,0.09395,0.0188,0.2160,3.0340,10.635,FEASIBLE,0,197.50
154.900,-0.28647,80.19405,3.13755,1.4217,1.2182,0.01725,0.0230,0.1965,3.0535,9.848,FEASIBLE,0,197.50
155.000,-0.42052,80.18190,-3.12908,1.2840,1.3182,0.09057,0.0452,0.1877,3.0623,9.569,FEASIBLE,0,197.50
155.100,-0.53882,80.18459,-3.13415,1.1273,1.3480,-0.00031,0.0268,0.1933,3.0567,9.607,FEASIBLE,0,197.50
155.200,-0.64844,80.20509,3.12163,1.1505,1.2648,0.04072,0.0729,0.2170,3.0330,10.043,FEASIBLE,0,198.00
155.300,-0.76229,80.24062,3.07909,1.2081,1.2129,0.07509,0.1157,0.2591,2.9909,10.338,FEASIBLE,0,198.00
155.400,-0.87707,80.28425,3.03256,1.2453,1.3000,0.21379,0.0944,0.3094,2.9406,9.928,FEASIBLE,0,198.00
155.500,-0.99066,80.33295,2.98528,1.2670,1.4051,0.33200,0.0992,0.3646,2.8854,10.949,FEASIBLE,0,198.00
155.600,-1.10826,80.39130,2.93470,1.3326,1.3552,0.30138,0.1517,0.4297,2.8203,10.775,FEASIBLE,0,198.00
155.700,-1.22434,80.45679,2.88321,1.3187,1.2993,0.40288,0.1379,0.5040,2.7460,10.473,FEASIBLE,0,198.50
155.800,-1.33140,80.52504,2.83419,1.2311,1.3993,0.43633,0.1546,0.5817,2.6683,10.496,FEASIBLE,0,198.50
155.900,-1.43296,80.58838,2.79587,1.1811,1.5464,0.43633,0.1328,0.6541,2.5959,11.277,FEASIBLE,0,198.50
156.000,-1.53712,80.64369,2.77413,1.1885,1.5067,0.43633,0.1251,0.7187,2.5313,11.491,FEASIBLE,0,198.50
156.100,-1.65193,80.69091,2.77048,1.2965,1.4464,0.43633,0.1022,0.7763,2.4737,11.089,FEASIBLE,0,198.50
156.202,-1.82275,80.73258,2.79958,1.6012,1.4150,0.43633,0.1919,0.8371,2.4129,10.755,FEASIBLE,0,199.00
156.302,-1.95981,80.74795,2.83979,1.7939,1.5150,0.43633,0.0972,0.8694,2.3806,10.800,FEASIBLE,0,199.00
156.400,-2.15054,80.75122,2.90598,1.9511,1.5912,0.43633,0.1594,0.8965,2.3535,11.828,FEASIBLE,0,199.00
156.502,-2.38734,80.73572,2.99058,1.9881,1.4434,0.43633,0.1385,0.9153,2.3347,10.473,FEASIBLE,0,199.50
156.600,-2.54470,80.71184,3.05013,1.9881,1.4403,0.43633,0.2156,0.9165,2.3335,10.273,FEASIBLE,0,199.50
156.700,-2.73064,80.66914,3.12352,1.8377,1.5371,0.43633,0.0842,0.9037,2.3463,10.270,FEASIBLE,0,199.50
156.800,-2.89357,80.61962,-3.09428,1.6167,1.4086,0.42692,0.0834,0.8848,2.3652,9.866,FEASIBLE,0,200.00
156.900,-3.03243,80.57224,-3.04296,1.3630,1.5086,0.43633,0.0821,0.8647,2.3853,9.659,FEASIBLE,0,200.00
157.000,-3.14727,80.53721,-3.01373,1.0959,1.5971,0.43633,0.0916,0.8522,2.3978,10.103,FEASIBLE,0,200.00
157.100,-3.24232,80.51700,-3.00457,0.9000,1.5303,0.43633,0.0708,0.8505,2.3995,9.913,FEASIBLE,0,200.00
157.200,-3.32352,80.50939,-3.00836,0.7675,1.4688,0.43633,0.1164,0.8599,2.3901,10.165,FEASIBLE,0,200.50
157.300,-3.39911,80.50723,-3.01918,0.7451,1.5688,0.39060,0.0475,0.8747,2.3753,9.725,FEASIBLE,0,200.50
157.400,-3.48951,80.50651,-3.03300,0.7713,1.6826,0.43312,0.0841,0.8942,2.3558,9.729,FEASIBLE,0,200.50
157.500,-3.57112,80.50195,-3.03889,0.8575,1.6425,0.43633,0.0935,0.9080,2.3420,9.796,FEASIBLE,0,200.50
157.600,-3.64479,80.49191,-3.03581,0.9785,1.5334,0.37867,0.0166,0.9146,2.3354,9.751,FEASIBLE,0,200.50
157.700,-3.75403,80.46503,-3.01613,1.2781,1.4976,0.39360,0.0494,0.9128,2.3372,10.242,FEASIBLE,0,200.50
157.800,-3.89569,80.41088,-2.96979,1.6293,1.5103,0.43633,0.1232,0.8947,2.3553,9.623,FEASIBLE,0,201.00
157.900,-4.05283,80.33202,-2.90502,1.8415,1.6103,0.42972,0.0803,0.8586,2.3914,9.642,FEASIBLE,0,201.00
158.000,-4.21870,80.23151,-2.83109,2.0007,1.6360,0.42686,0.0736,0.8038,2.4462,9.589,FEASIBLE,0,201.00
158.100,-4.38454,80.11311,-2.75308,2.0490,1.5210,0.38779,0.0816,0.7356,2.5144,9.942,FEASIBLE,0,201.50
158.200,-4.53942,79.98345,-2.67614,1.9789,1.6210,0.15768,0.0117,0.6559,2.5941,10.181,FEASIBLE,0,201.50
158.300,-4.67741,79.85584,-2.61056,1.8070,1.5731,0.05058,0.0206,0.5734,2.6766,9.756,FEASIBLE,0,201.50
158.400,-4.79885,79.74259,-2.56460,1.5579,1.4643,-0.03631,0.0146,0.5031,2.7469,10.663,FEASIBLE,0,202.00
158.500,-4.90588,79.65264,-2.54285,1.2942,1.5643,-0.13828,0.0370,0.4521,2.7979,9.982,FEASIBLE,0,202.00
158.600,-5.00081,79.58776,-2.54346,1.0639,1.5123,-0.06847,0.0144,0.4209,2.8291,11.008,FEASIBLE,0,202.00
158.700,-5.09519,79.54106,-2.56691,1.1501,1.4590,0.03759,0.0505,0.4068,2.8432,9.796,FEASIBLE,0,202.00
158.800,-5.21869,79.50333,-2.61120,1.3095,1.3914,-0.14597,0.0571,0.4124,2.8376,10.141,FEASIBLE,0,202.50
158.900,-5.34680,79.47138,-2.65912,1.3519,1.4914,-0.00437,0.0732,0.4274,2.8226,9.919,FEASIBLE,0,202.50
159.000,-5.48636,79.44445,-2.71083,1.4695,1.5161,0.12620,0.0571,0.4511,2.7989,9.283,FEASIBLE,0,202.50
159.100,-5.63327,79.42495,-2.76678,1.4815,1.4712,0.25274,0.1305,0.4844,2.7656,9.188,FEASIBLE,0,202.50
159.200,-5.78170,79.41448,-2.82408,1.4808,1.4064,0.14697,0.1429,0.5300,2.7200,9.426,FEASIBLE,0,203.00
159.300,-5.92127,79.41044,-2.87490,1.3337,1.5064,0.34345,0.1413,0.5795,2.6705,9.712,FEASIBLE,0,203.00
159.400,-6.04518,79.40224,-2.90695,1.1842,1.6033,0.33194,0.0846,0.6192,2.6308,9.846,FEASIBLE,0,203.00
159.504,-6.17717,79.38235,-2.91988,1.1005,1.5145,0.38863,0.1171,0.6513,2.5987,9.847,FEASIBLE,0,203.00
159.600,-6.26067,79.35851,-2.91308,1.0983,1.4733,0.40306,0.0842,0.6625,2.5875,9.362,FEASIBLE,0,203.50
159.700,-6.36797,79.30982,-2.88302,1.2652,1.4166,0.42494,0.0859,0.6624,2.5876,9.623,FEASIBLE,0,203.50
159.802,-6.51350,79.22284,-2.82420,1.4945,1.3000,0.38339,0.0534,0.6432,2.6068,9.508,FEASIBLE,0,203.50
159.900,-6.64656,79.13211,-2.76791,1.6966,1.5000,0.34270,0.0597,0.6154,2.6346,9.484,FEASIBLE,0,203.50
160.000,-6.76191,79.04412,-2.71731,1.8766,1.4796,0.30069,0.0726,0.5865,2.6635,10.300,FEASIBLE,0,204.00
160.100,-6.91131,78.91535,-2.64856,2.0299,1.5796,0.15319,0.0187,0.5371,2.7129,9.883,FEASIBLE,0,204.00
160.200,-7.06377,78.76958,-2.58018,2.1645,1.6082,0.10083,0.0087,0.4739,2.7761,9.961,FEASIBLE,0,204.00
160.300,-7.21814,78.61048,-2.51700,2.2140,1.4482,0.06387,0.0719,0.4059,2.8441,9.789,FEASIBLE,0,204.50
160.400,-7.36003,78.47007,-2.47857,1.8061,1.3000,0.10549,0.0079,0.3491,2.9009,9.433,FEASIBLE,0,204.50
160.500,-7.48518,78.36322,-2.47105,1.5484,1.4659,0.01107,0.0327,0.3152,2.9348,9.648,FEASIBLE,0,205.00
160.600,-7.60569,78.28663,-2.49116,1.3240,1.2159,-0.11498,0.0724,0.3093,2.9407,9.412,FEASIBLE,0,205.00
160.700,-7.72188,78.23700,-2.53134,1.2136,1.3000,0.02273,0.0488,0.3246,2.9254,10.052,FEASIBLE,0,205.00
160.800,-7.82420,78.20301,-2.57177,0.9878,1.5000,0.09244,0.0731,0.3465,2.9035,9.682,FEASIBLE,0,205.00
160.900,-7.90696,78.17959,-2.60474,0.7817,1.4335,0.03754,0.0952,0.3677,2.8823,9.756,FEASIBLE,0,205.00
161.000,-7.97353,78.16290,-2.63116,0.6325,1.3931,0.09701,0.0668,0.3881,2.8619,10.232,FEASIBLE,0,205.50
161.100,-8.04051,78.14804,-2.65754,0.5420,1.4931,0.22115,0.0340,0.4110,2.8390,9.781,FEASIBLE,0,205.50
161.200,-8.08230,78.13970,-2.67393,0.5325,1.6060,0.25075,0.0341,0.4261,2.8239,9.535,FEASIBLE,0,205.50
161.300,-8.13708,78.12985,-2.69529,0.5822,1.6106,0.31165,0.0578,0.4467,2.8033,9.936,FEASIBLE,0,205.50
161.400,-8.20113,78.11954,-2.71976,0.7139,1.5810,0.34481,0.0670,0.4719,2.7781,10.406,FEASIBLE,0,205.50
161.500,-8.28401,78.09841,-2.73877,0.9423,1.5598,0.41358,0.0853,0.4979,2.7521,10.076,FEASIBLE,0,205.50
161.600,-8.38466,78.05770,-2.74093,1.1857,1.5138,0.43633,0.1065,0.5167,2.7333,10.966,FEASIBLE,0,205.50
161.700,-8.50099,77.99311,-2.72225,1.4157,1.4958,0.31887,0.1035,0.5258,2.7242,9.987,FEASIBLE,0,206.00
161.800,-8.62173,77.90390,-2.68035,1.5619,1.5958,0.24579,0.0200,0.5191,2.7309,10.043,FEASIBLE,0,206.00
161.900,-8.74394,77.78939,-2.61933,1.7556,1.6208,0.37008,0.0840,0.4923,2.7577,9.616,FEASIBLE,0,206.00
162.000,-8.86991,77.65204,-2.54833,1.9224,1.5522,0.43320,0.0820,0.4501,2.7999,9.578,FEASIBLE,0,206.50
162.100,-8.99272,77.49638,-2.47228,2.0143,1.4353,0.15395,0.0822,0.3957,2.8543,10.124,FEASIBLE,0,206.50
162.200,-9.10737,77.32833,-2.39463,2.0361,1.3000,0.19811,0.0139,0.3265,2.9235,9.850,FEASIBLE,0,206.50
162.300,-9.20507,77.16054,-2.32354,1.8757,1.5000,0.08890,0.0096,0.2508,2.9992,9.828,FEASIBLE,0,207.00
162.400,-9.29097,77.00638,-2.27194,1.7131,1.3500,-0.09303,0.0453,0.1814,3.0686,9.889,FEASIBLE,0,207.00
162.500,-9.37302,76.87705,-2.24533,1.3853,1.5500,-0.19468,0.0279,0.1293,3.1207,9.668,FEASIBLE,0,207.00
162.600,-9.46247,76.76630,-2.24655,1.4431,1.4730,-0.27650,0.0298,0.0976,3.1524,9.856,FEASIBLE,0,207.50
162.700,-9.55084,76.67873,-2.26644,1.0610,1.3292,-0.26778,0.0093,0.0865,3.1635,10.456,FEASIBLE,0,207.50
162.800,-9.61995,76.62591,-2.29213,0.7621,1.5292,-0.23643,0.0138,0.0899,3.1601,9.646,FEASIBLE,0,207.50
162.902,-9.68386,76.58476,-2.32021,0.5568,1.5597,-0.24288,0.0321,0.0990,3.1510,10.285,FEASIBLE,0,207.50
163.002,-9.72642,76.55933,-2.33919,0.4639,1.5027,-0.17675,0.0267,0.1065,3.1435,9.707,FEASIBLE,0,207.50
163.100,-9.75710,76.54176,-2.35279,0.4339,1.4683,-0.03712,0.0276,0.1126,3.1374,10.500,FEASIBLE,0,207.50
163.200,-9.79572,76.52047,-2.36977,0.4535,1.4232,0.09435,0.0185,0.1208,3.1292,9.907,FEASIBLE,0,207.50
163.300,-9.84979,76.49202,-2.39331,0.5605,1.3833,0.08144,0.0294,0.1335,3.1165,9.364,FEASIBLE,0,208.00
163.400,-9.88938,76.47074,-2.40910,0.5649,1.3410,0.01163,0.0298,0.1438,3.1062,9.306,FEASIBLE,0,208.00
163.500,-9.93982,76.43877,-2.42267,0.6309,1.3418,-0.04901,0.0432,0.1533,3.0967,10.896,FEASIBLE,0,208.00
163.600,-9.99783,76.39608,-2.42790,0.7908,1.4418,-0.02430,0.0501,0.1599,3.0901,9.645,FEASIBLE,0,208.00
163.700,-10.08515,76.30813,-2.41373,1.2158,1.6180,0.02117,0.0008,0.1520,3.0980,10.031,FEASIBLE,0,208.00
163.800,-10.15406,76.22014,-2.38802,1.4922,1.5543,-0.03039,0.0222,0.1318,3.1182,9.754,FEASIBLE,0,208.00
163.900,-10.24802,76.09137,-2.35124,1.6435,1.4800,-0.06551,0.0016,0.0998,3.1502,9.880,FEASIBLE,0,208.50
164.000,-10.34960,75.95721,-2.32434,1.7003,1.5800,-0.10483,0.0124,0.0723,3.1777,10.085,FEASIBLE,0,208.50
164.100,-10.45976,75.82664,-2.31636,1.7089,1.5995,-0.11042,0.0143,0.0533,3.1967,9.344,FEASIBLE,0,208.50
164.200,-10.57849,75.71181,-2.33343,1.5712,1.4638,-0.14689,0.0015,0.0536,3.1964,9.561,FEASIBLE,0,209.00
164.300,-10.69878,75.62699,-2.36969,1.4040,1.5638,-0.11345,0.0415,0.0796,3.1704,9.322,FEASIBLE,0,209.00
164.400,-10.81336,75.56524,-2.41569,1.2526,1.6058,-0.01435,0.0558,0.1178,3.1322,10.706,FEASIBLE,0,209.00
164.500,-10.92365,75.51470,-2.46184,1.1975,1.5332,0.02790,0.0591,0.1607,3.0893,9.416,FEASIBLE,0,209.00
164.600,-11.03503,75.46993,-2.50796,1.2121,1.4546,0.11798,0.1011,0.2102,3.0398,9.740,FEASIBLE,0,209.50
164.700,-11.15334,75.42863,-2.55613,1.2898,1.5546,0.25681,0.1185,0.2691,2.9809,9.428,FEASIBLE,0,209.50
164.800,-11.28452,75.38999,-2.60866,1.4230,1.6794,0.32665,0.1269,0.3392,2.9108,9.425,FEASIBLE,0,209.50
164.900,-11.42567,75.35227,-2.65902,1.4959,1.6050,0.43633,0.1724,0.4173,2.8327,10.180,FEASIBLE,0,209.50
165.000,-11.57544,75.30728,-2.69343,1.6122,1.5541,0.43633,0.1911,0.4976,2.7524,9.558,FEASIBLE,0,210.00
165.100,-11.73711,75.24149,-2.70580,1.8168,1.5035,0.43633,0.1806,0.5770,2.6730,9.773,FEASIBLE,0,210.00
165.200,-11.90490,75.15207,-2.69326,1.9454,1.6035,0.43633,0.1733,0.6455,2.6045,10.934,FEASIBLE,0,210.00
165.300,-12.06852,75.04063,-2.65720,1.9983,1.7010,0.43633,0.1999,0.6974,2.5526,9.336,FEASIBLE,0,210.50
165.400,-12.21904,74.90909,-2.60038,1.9932,1.6135,0.43633,0.1851,0.7319,2.5181,9.359,FEASIBLE,0,210.50
165.502,-12.37513,74.73374,-2.51613,1.9106,1.5635,0.43633,0.1595,0.7433,2.5067,9.536,FEASIBLE,0,210.50
165.600,-12.46105,74.61868,-2.46135,1.7149,1.6635,0.43633,0.1121,0.7405,2.5095,9.925,FEASIBLE,0,211.00
165.700,-12.54660,74.48875,-2.40151,1.4472,1.8487,0.43633,0.0751,0.7306,2.5194,9.640,FEASIBLE,0,211.00
165.800,-12.61131,74.37764,-2.35190,1.1824,1.8517,0.43633,0.0805,0.7154,2.5346,9.835,FEASIBLE,0,211.00
165.900,-12.66112,74.28240,-2.31044,1.0177,1.7560,0.37251,0.0508,0.6979,2.5521,9.787,FEASIBLE,0,211.00
166.000,-12.70468,74.19548,-2.27564,0.9330,1.6804,0.37291,0.0432,0.6817,2.5683,9.695,FEASIBLE,0,211.50
166.100,-12.74650,74.11743,-2.25081,0.8622,1.7804,0.28475,0.0337,0.6711,2.5789,9.669,FEASIBLE,0,211.50
166.200,-12.78847,74.04298,-2.23194,0.8595,1.9331,0.26330,0.0275,0.6626,2.5874,9.965,FEASIBLE,0,211.50
166.302,-12.84036,73.94782,-2.20894,0.9489,1.8353,0.26077,0.0369,0.6504,2.5996,9.877,FEASIBLE,0,211.50
166.402,-12.88476,73.85402,-2.18221,1.1085,1.7925,0.28787,0.0326,0.6328,2.6172,9.770,FEASIBLE,0,211.50
166.504,-12.92926,73.73714,-2.14226,1.3531,1.7348,0.21381,0.0393,0.6028,2.6472,9.715,FEASIBLE,0,212.00
166.600,-12.96592,73.62506,-2.10338,1.5453,1.6606,0.19504,0.0443,0.5721,2.6779,9.657,FEASIBLE,0,212.00
166.700,-13.01429,73.46331,-2.05237,1.7804,1.7606,0.05867,0.0327,0.5241,2.7259,9.531,FEASIBLE,0,212.00
166.800,-13.06512,73.27923,-2.00246,1.9986,1.8114,0.05459,0.0136,0.4659,2.7841,9.657,FEASIBLE,0,212.00
166.900,-13.11574,73.07398,-1.95379,2.1582,1.6451,0.00054,0.0718,0.4014,2.8486,9.304,FEASIBLE,0,212.50
167.000,-13.17105,72.86554,-1.92196,2.1448,1.4951,0.02542,0.0337,0.3405,2.9095,9.570,FEASIBLE,0,212.50
167.100,-13.23777,72.66584,-1.91639,2.0700,1.6672,-0.13269,0.0448,0.2960,2.9540,9.608,FEASIBLE,0,213.00
167.200,-13.31884,72.48566,-1.93779,1.8759,1.4172,-0.13490,0.0724,0.2783,2.9717,9.827,FEASIBLE,0,213.00
167.300,-13.43117,72.31319,-1.99032,1.5832,1.3000,-0.11013,0.0915,0.2917,2.9583,9.350,FEASIBLE,0,213.00
167.400,-13.50461,72.22597,-2.03119,1.3632,1.5000,-0.04616,0.1021,0.3152,2.9348,9.766,FEASIBLE,0,213.50
167.500,-13.58837,72.13710,-2.07780,1.1273,1.6928,0.09239,0.0768,0.3485,2.9015,9.556,FEASIBLE,0,213.50
167.600,-13.66054,72.06745,-2.11653,0.9250,1.7835,0.21017,0.0827,0.3805,2.8695,9.570,FEASIBLE,0,213.50
167.700,-13.72300,72.01140,-2.14898,0.7881,1.7223,0.31332,0.0640,0.4101,2.8399,9.816,FEASIBLE,0,213.50
167.800,-13.77946,71.96378,-2.17752,0.7134,1.6752,0.19805,0.0913,0.4382,2.8118,9.570,FEASIBLE,0,213.50
167.900,-13.83444,71.91996,-2.20466,0.7048,1.6443,0.25424,0.0703,0.4668,2.7832,10.541,FEASIBLE,0,213.50
168.000,-13.89409,71.87352,-2.23209,0.8254,1.6343,0.30591,0.0899,0.4999,2.7501,10.307,FEASIBLE,0,214.00
168.100,-13.95780,71.81146,-2.24799,0.9466,1.7343,0.43633,0.0839,0.5306,2.7194,10.684,FEASIBLE,0,214.00
168.200,-14.02324,71.72818,-2.24622,1.1422,1.8469,0.43633,0.0723,0.5537,2.6963,10.272,FEASIBLE,0,214.00
168.300,-14.08838,71.62041,-2.22460,1.3244,1.8062,0.43633,0.1222,0.5661,2.6839,10.130,FEASIBLE,0,214.00
168.400,-14.14530,71.49077,-2.18121,1.4831,1.8216,0.57596,0.0452,0.5615,2.6885,10.694,FEASIBLE,0,214.00
168.500,-14.20438,71.30360,-2.10793,1.7526,1.7011,0.57112,0.0514,0.5400,2.7100,10.636,FEASIBLE,0,214.50
168.600,-14.23884,71.15878,-2.05088,1.9230,1.8011,0.45470,0.0330,0.5136,2.7364,10.175,FEASIBLE,0,214.50
168.700,-14.27713,70.91910,-1.95748,2.0814,1.8966,0.43911,0.0171,0.4540,2.7960,10.234,FEASIBLE,0,215.00
168.800,-14.29359,70.70831,-1.87669,2.1147,1.6752,0.33257,0.0832,0.3913,2.8587,10.775,FEASIBLE,0,215.00
168.900,-14.29982,70.54158,-1.81817,2.0648,1.5252,0.22858,0.0018,0.3354,2.9146,10.600,FEASIBLE,0,215.00
169.000,-14.30533,70.34435,-1.76255,1.8905,1.7087,0.17233,0.0178,0.2700,2.9800,10.014,FEASIBLE,0,215.50
169.100,-14.31485,70.13873,-1.73111,1.5826,1.2087,-0.02758,0.0444,0.2092,3.0408,10.850,FEASIBLE,0,215.50
169.200,-14.33715,70.01769,-1.73287,1.4652,1.3087,0.04224,0.0011,0.1892,3.0608,10.098,FEASIBLE,0,215.50
169.300,-14.37489,69.89006,-1.75498,1.2627,1.5087,-0.07613,0.0174,0.1820,3.0680,9.767,FEASIBLE,0,216.00
169.400,-14.42936,69.77404,-1.79600,1.2917,1.5625,0.01180,0.0651,0.1982,3.0518,10.831,FEASIBLE,0,216.00
169.502,-14.50377,69.64458,-1.85153,1.1852,1.6625,0.19559,0.0884,0.2292,3.0208,9.830,FEASIBLE,0,216.00
169.602,-14.55449,69.56525,-1.88742,1.1771,1.7898,0.29976,0.0963,0.2531,2.9969,10.020,FEASIBLE,0,216.00
169.700,-14.63816,69.44731,-1.94289,1.2355,1.7214,0.25675,0.1152,0.2969,2.9531,9.686,FEASIBLE,0,216.50
169.802,-14.71952,69.34638,-1.99298,1.3442,1.2214,0.38576,0.1061,0.3473,2.9027,9.798,FEASIBLE,0,216.50
169.900,-14.79524,69.26181,-2.03699,1.4574,1.3214,0.52539,0.1357,0.3968,2.8532,9.814,FEASIBLE,0,216.50
170.000,-14.89742,69.15130,-2.08806,1.5441,1.5214,0.61090,0.1499,0.4646,2.7854,9.571,FEASIBLE,0,216.50
170.100,-14.99916,69.02549,-2.12115,1.6571,1.7214,0.61090,0.1770,0.5278,2.7222,9.563,FEASIBLE,0,217.00
170.200,-15.09482,68.88560,-2.13180,1.7119,1.8765,0.61090,0.0746,0.5866,2.6634,10.435,FEASIBLE,0,217.00
170.300,-15.19158,68.70527,-2.11456,1.6890,2.0765,0.61090,0.1447,0.6366,2.6134,10.506,FEASIBLE,0,217.00
170.400,-15.23922,68.58260,-2.08567,1.6153,1.9954,0.61090,0.1280,0.6530,2.5970,10.181,FEASIBLE,0,217.00
170.500,-15.27938,68.42307,-2.03109,1.6765,1.8860,0.61090,0.1129,0.6576,2.5924,9.761,FEASIBLE,0,217.50
170.600,-15.30575,68.25594,-1.96807,1.7035,1.9860,0.61090,0.0646,0.6482,2.6018,10.479,FEASIBLE,0,217.50
170.700,-15.32042,68.08388,-1.90225,1.7452,2.0737,0.61090,0.0654,0.6262,2.6238,9.994,FEASIBLE,0,217.50
170.800,-15.32473,67.90564,-1.83561,1.8138,1.8912,0.58044,0.0719,0.5972,2.6528,10.138,FEASIBLE,0,218.00
170.900,-15.31903,67.71804,-1.76856,1.9200,1.9000,0.46213,0.0141,0.5582,2.6918,9.458,FEASIBLE,0,218.00
171.000,-15.30097,67.51534,-1.69851,2.1271,2.0500,0.42171,0.0161,0.5043,2.7457,9.468,FEASIBLE,0,218.00
171.100,-15.26039,67.29634,-1.61465,2.3015,1.8046,0.33717,0.0712,0.4321,2.8179,9.879,FEASIBLE,0,218.50
171.200,-15.19721,67.06746,-1.52495,2.3889,1.6546,0.22760,0.0086,0.3364,2.9136,10.074,FEASIBLE,0,218.50
171.300,-15.12542,66.84143,-1.45187,2.3483,1.8393,0.01816,0.0227,0.2365,3.0135,9.903,FEASIBLE,0,219.00
171.400,-15.06182,66.61747,-1.41003,2.3171,1.6893,-0.11993,0.0519,0.1482,3.1018,10.239,FEASIBLE,0,219.00
171.500,-15.01973,66.39610,-1.40326,2.2170,1.8801,-0.17800,0.0515,0.0831,3.1669,10.265,FEASIBLE,0,219.50
171.600,-15.00648,66.18275,-1.43064,2.0883,1.6363,-0.20604,0.0104,0.0530,3.1970,9.609,FEASIBLE,0,219.50
171.700,-15.02513,65.98370,-1.48747,1.9896,1.7363,-0.18460,0.0167,0.0559,3.1941,9.633,FEASIBLE,0,219.50
171.800,-15.06583,65.79984,-1.55629,1.7781,1.7549,-0.10953,0.0515,0.0866,3.1634,10.402,FEASIBLE,0,220.00
171.900,-15.12179,65.61902,-1.62875,1.4330,1.9549,0.09991,0.0962,0.1343,3.1157,11.162,FEASIBLE,0,220.00
172.000,-15.15817,65.52192,-1.66885,1.2183,1.8543,0.15561,0.0799,0.1662,3.0838,9.978,FEASIBLE,0,220.00
172.100,-15.19977,65.42386,-1.71038,0.9627,1.7587,0.22552,0.0952,0.2039,3.0461,10.303,FEASIBLE,0,220.50
172.200,-15.23423,65.34844,-1.74504,0.7368,1.6830,0.30284,0.0846,0.2374,3.0126,9.708,FEASIBLE,0,220.50
172.300,-15.25666,65.29566,-1.77785,0.4740,1.5330,0.43669,0.0433,0.2592,2.9908,9.969,FEASIBLE,0,220.50
172.400,-15.27021,65.26271,-1.79802,0.2570,1.7330,0.59247,0.0216,0.2723,2.9777,9.399,FEASIBLE,0,220.50
172.500,-15.27430,65.24983,-1.79995,0.0954,1.9330,0.61090,0.0107,0.2762,2.9738,9.853,FEASIBLE,0,220.50
172.600,-15.27598,65.24394,-1.80057,0.0735,1.9427,0.61090,0.0000,0.2778,2.9722,9.807,FEASIBLE,0,220.50
172.704,-15.27762,65.23273,-1.79896,0.1540,1.9433,0.61090,0.0027,0.2793,2.9707,9.696,FEASIBLE,0,220.50
172.804,-15.27703,65.20111,-1.78830,0.3515,1.9213,0.61090,0.0261,0.2783,2.9717,10.248,FEASIBLE,0,220.50
172.902,-15.27392,65.15344,-1.77017,0.5684,1.9086,0.61090,0.0012,0.2746,2.9754,10.235,FEASIBLE,0,220.50
173.000,-15.26903,65.09847,-1.74891,0.7618,1.8740,0.51452,0.0202,0.2691,2.9809,9.655,FEASIBLE,0,220.50
173.100,-15.25549,64.98759,-1.70575,1.0523,1.8455,0.35998,0.0451,0.2542,2.9958,9.458,FEASIBLE,0,220.50
173.200,-15.24044,64.89509,-1.66951,1.2410,1.7703,0.32701,0.0317,0.2404,3.0096,10.981,FEASIBLE,0,221.00
173.300,-15.21209,64.75942,-1.61588,1.4846,1.2703,0.30467,0.0336,0.2121,3.0379,9.935,FEASIBLE,0,221.00
173.400,-15.16959,64.60238,-1.55294,1.7209,1.3000,0.28889,0.0186,0.1696,3.0804,10.416,FEASIBLE,0,221.00
173.500,-15.11251,64.42316,-1.48591,2.0130,1.5000,0.14926,0.0266,0.1125,3.1375,9.572,FEASIBLE,0,221.50
173.600,-15.05579,64.21844,-1.43896,2.1614,1.7000,0.00963,0.0394,0.0558,3.1942,9.252,FEASIBLE,0,221.50
173.700,-15.01751,64.00169,-1.43175,2.2269,1.8091,-0.15180,0.0263,0.0175,3.2325,10.251,FEASIBLE,0,221.50
173.800,-15.00205,63.78137,-1.45239,2.1913,1.7896,-0.17551,0.0148,0.0020,3.2480,9.532,FEASIBLE,0,222.00
173.900,-15.02328,63.57311,-1.50839,2.0028,1.8896,-0.16769,0.0015,0.0233,3.2267,10.016,FEASIBLE,0,222.00
174.000,-15.06660,63.39407,-1.57561,1.7346,1.8165,-0.07065,0.0680,0.0666,3.1834,9.419,FEASIBLE,0,222.50
174.100,-15.11472,63.24455,-1.63595,1.4513,1.6259,0.05160,0.0898,0.1147,3.1353,10.525,FEASIBLE,0,222.50
174.200,-15.16030,63.12620,-1.68495,1.1536,1.7259,0.23682,0.0769,0.1603,3.0897,9.934,FEASIBLE,0,222.50
174.300,-15.20033,63.03645,-1.72325,0.8742,1.8423,0.24942,0.0950,0.2003,3.0497,9.599,FEASIBLE,0,222.50
174.400,-15.23246,62.97036,-1.75150,0.6443,1.7835,0.30719,0.0563,0.2325,3.0175,9.573,FEASIBLE,0,222.50
174.500,-15.25673,62.92149,-1.77295,0.4874,1.7150,0.35626,0.0542,0.2567,2.9933,9.500,FEASIBLE,0,223.00
174.600,-15.27698,62.87745,-1.78827,0.4986,1.4650,0.53257,0.0693,0.2770,2.9730,10.486,FEASIBLE,0,223.00
174.700,-15.29195,62.82799,-1.79344,0.5058,1.3150,0.50463,0.0258,0.2919,2.9581,10.053,FEASIBLE,0,223.00
174.800,-15.30020,62.77886,-1.78962,0.5064,1.5150,0.61090,0.0328,0.3002,2.9498,9.597,FEASIBLE,0,223.00
174.900,-15.30307,62.72422,-1.77732,0.5827,1.7150,0.52479,0.0101,0.3031,2.9469,9.572,FEASIBLE,0,223.00
175.000,-15.29968,62.65789,-1.75459,0.7308,1.9150,0.52862,0.0420,0.2997,2.9503,9.852,FEASIBLE,0,223.00
175.100,-15.29054,62.57228,-1.72196,0.9554,1.8872,0.40618,0.0175,0.2905,2.9595,10.182,FEASIBLE,0,223.00
175.200,-15.27435,62.46348,-1.67965,1.1978,1.8200,0.34397,0.0231,0.2743,2.9757,9.620,FEASIBLE,0,223.00
175.300,-15.24833,62.33168,-1.62790,1.4440,1.7027,0.31184,0.0227,0.2483,3.0017,10.040,FEASIBLE,0,223.50
175.400,-15.20885,62.17766,-1.56667,1.6884,1.5527,0.33136,0.0154,0.2088,3.0412,10.167,FEASIBLE,0,223.50
175.500,-15.15247,62.00501,-1.49675,1.8920,1.7527,0.24068,0.0407,0.1525,3.0975,9.498,FEASIBLE,0,223.50
175.600,-15.07796,61.82247,-1.42091,2.0143,1.7535,0.10106,0.0417,0.0780,3.1720,9.768,FEASIBLE,0,224.00
175.700,-14.99436,61.64313,-1.35141,1.9471,1.8535,-0.15602,0.0978,0.0056,3.2444,9.579,FEASIBLE,0,224.00
175.800,-14.91986,61.46975,-1.30782,1.8324,1.8679,-0.27080,0.1166,0.0801,3.1699,10.404,FEASIBLE,0,224.00
175.900,-14.86404,61.30675,-1.29320,1.6449,1.7118,-0.35628,0.1089,0.1360,3.1140,9.787,FEASIBLE,0,224.50
176.004,-14.83332,61.15958,-1.30663,1.4144,1.8118,-0.48490,0.0598,0.1667,3.0833,9.659,FEASIBLE,0,224.50
176.100,-14.82856,61.01523,-1.34837,1.4344,1.8390,-0.39214,0.0272,0.1714,3.0786,9.604,FEASIBLE,0,224.50
176.200,-14.83978,60.86571,-1.40366,1.1029,1.7513,-0.36717,0.0269,0.1602,3.0898,9.999,FEASIBLE,0,225.00
176.300,-14.84969,60.78857,-1.43324,0.8929,1.8513,-0.36878,0.0329,0.1503,3.0997,9.340,FEASIBLE,0,225.00
176.400,-14.86135,60.71442,-1.46190,0.3834,2.0143,-0.31982,0.0222,0.1387,3.1113,9.752,FEASIBLE,0,225.00
176.500,-14.86485,60.69392,-1.46989,0.1935,1.9068,-0.41628,0.0168,0.1352,3.1148,9.353,FEASIBLE,0,225.00
176.600,-14.86630,60.68565,-1.47312,0.0195,1.8780,-0.40727,0.0088,0.1337,3.1163,9.852,FEASIBLE,0,225.00
176.700,-14.86613,60.68873,-1.47264,0.0538,1.8828,-0.39270,0.0014,0.1339,3.1161,9.578,FEASIBLE,0,225.00
176.800,-14.86610,60.69616,-1.47167,0.0835,1.8488,-0.37401,0.0246,0.1339,3.1161,10.924,FEASIBLE,0,225.00
176.900,-14.86682,60.70449,-1.47154,0.0785,1.8661,-0.43229,0.0176,0.1332,3.1168,9.543,FEASIBLE,0,225.00
177.000,-14.86825,60.70987,-1.47248,0.0357,1.8665,-0.36329,0.0207,0.1318,3.1182,9.423,FEASIBLE,0,225.00
177.100,-14.86740,60.70340,-1.47154,0.1576,1.8925,-0.38100,0.0015,0.1326,3.1174,9.786,FEASIBLE,0,225.00
177.200,-14.86430,60.67446,-1.47119,0.3866,1.8702,-0.42115,0.0106,0.1357,3.1143,9.954,FEASIBLE,0,225.00
177.300,-14.86573,60.60735,-1.48190,0.6789,1.8880,-0.29518,0.0134,0.1343,3.1157,9.514,FEASIBLE,0,225.00
177.400,-14.87383,60.54441,-1.50032,0.8612,1.8056,-0.21504,0.0174,0.1262,3.1238,9.874,FEASIBLE,0,225.00
177.500,-14.89434,60.44610,-1.53680,1.1029,1.7879,-0.18687,0.0089,0.1057,3.1443,9.332,FEASIBLE,0,225.00
177.600,-14.92659,60.32494,-1.58456,1.3561,1.6572,-0.14652,0.0489,0.0734,3.1766,11.496,FEASIBLE,0,225.50
177.700,-14.97283,60.18150,-1.64228,1.5948,1.7572,-0.10267,0.0573,0.0272,3.2228,9.749,FEASIBLE,0,225.50
177.800,-15.02681,60.02654,-1.69630,1.6792,1.9327,0.03696,0.0695,0.0268,3.2232,9.429,FEASIBLE,0,225.50
177.900,-15.07653,59.86120,-1.73000,1.7528,1.7358,0.19005,0.0605,0.0765,3.1735,9.428,FEASIBLE,0,226.00
178.000,-15.11352,59.68558,-1.73894,1.8232,1.6277,0.24664,0.0819,0.1135,3.1365,9.674,FEASIBLE,0,226.00
178.100,-15.13278,59.50658,-1.72514,1.7817,1.7277,0.27111,0.0330,0.1328,3.1172,9.302,FEASIBLE,0,226.00
178.200,-15.13353,59.33151,-1.69259,1.7190,1.7761,0.27648,0.0392,0.1335,3.1165,9.299,FEASIBLE,0,226.50
178.300,-15.11750,59.16823,-1.64871,1.5801,1.8761,0.29912,0.0022,0.1175,3.1325,9.737,FEASIBLE,0,226.50
178.400,-15.08877,59.02442,-1.60142,1.3838,1.9198,0.24752,0.0124,0.0888,3.1612,9.515,FEASIBLE,0,226.50
178.500,-15.05556,58.90583,-1.55581,1.1021,1.7453,0.13308,0.0332,0.0556,3.1944,9.370,FEASIBLE,0,227.00
178.600,-15.02725,58.81506,-1.52043,0.8755,1.6441,0.01014,0.0243,0.0273,3.2227,10.614,FEASIBLE,0,227.00
178.700,-15.00836,58.73868,-1.50056,0.7400,1.7441,-0.07224,0.0001,0.0084,3.2416,9.496,FEASIBLE,0,227.00
178.800,-15.00077,58.66797,-1.49712,0.6680,1.9231,-0.11599,0.0117,0.0008,3.2492,9.768,FEASIBLE,0,227.00
178.900,-15.00159,58.61029,-1.50388,0.5322,1.8638,-0.10821,0.0140,0.0016,3.2484,10.343,FEASIBLE,0,227.00
179.000,-15.00804,58.56064,-1.51697,0.4909,1.7861,-0.14626,0.0251,0.0080,3.2420,9.664,FEASIBLE,0,227.00
179.100,-15.01905,58.51077,-1.53536,0.5356,1.7710,-0.07645,0.0365,0.0191,3.2309,9.903,FEASIBLE,0,227.00
179.200,-15.03421,58.45268,-1.55832,0.6530,1.7224,-0.04370,0.0117,0.0342,3.2158,10.007,FEASIBLE,0,227.00
179.300,-15.05542,58.37999,-1.58753,0.8344,1.6715,0.01509,0.0680,0.0554,3.1946,9.873,FEASIBLE,0,227.50
179.404,-15.09365,58.26581,-1.63407,1.1351,1.7715,0.10159,0.0631,0.0936,3.1564,10.517,FEASIBLE,0,227.50
179.502,-15.13953,58.14527,-1.68370,1.3927,1.9715,0.20216,0.0687,0.1395,3.1105,9.563,FEASIBLE,0,227.50
179.600,-15.19489,58.00880,-1.73403,1.5250,1.8980,0.26502,0.1179,0.1949,3.0551,9.683,FEASIBLE,0,227.50
179.700,-15.23759,57.88748,-1.76286,1.6576,1.7855,0.32208,0.1131,0.2376,3.0124,10.309,FEASIBLE,0,228.00
179.800,-15.29180,57.67646,-1.77797,1.9758,1.5355,0.38951,0.1532,0.2918,2.9582,10.205,FEASIBLE,0,228.00
179.900,-15.31749,57.50690,-1.76582,2.1983,1.3855,0.39167,0.1023,0.3175,2.9325,9.913,FEASIBLE,0,228.00
180.000,-15.33124,57.28239,-1.72842,2.2773,1.5855,0.40787,0.1158,0.3312,2.9188,9.888,FEASIBLE,0,228.50
180.100,-15.32131,57.05427,-1.67032,2.2604,1.4355,0.36419,0.0586,0.3213,2.9287,9.524,FEASIBLE,0,228.50
180.200,-15.28519,56.83629,-1.59891,2.1687,1.6355,0.32375,0.0519,0.2852,2.9648,9.531,FEASIBLE,0,229.00
180.300,-15.22965,56.63781,-1.52303,1.9756,1.4855,0.21001,0.0010,0.2296,3.0204,9.529,FEASIBLE,0,229.00
180.400,-15.16521,56.46685,-1.45303,1.7194,1.6855,0.09548,0.0337,0.1652,3.0848,9.967,FEASIBLE,0,229.00
180.500,-15.10169,56.32783,-1.39404,1.3922,1.7518,-0.07719,0.0275,0.1017,3.1483,9.869,FEASIBLE,0,229.50
180.600,-15.04901,56.22599,-1.35035,0.9731,1.8518,-0.10549,0.0875,0.0490,3.2010,10.028,FEASIBLE,0,229.50
180.700,-15.01714,56.16130,-1.32822,0.5620,1.9121,-0.22133,0.0309,0.0171,3.2329,9.289,FEASIBLE,0,229.50
180.800,-15.00494,56.12944,-1.32233,0.2304,1.8519,-0.41793,0.0067,0.0049,3.2451,10.431,FEASIBLE,0,229.50
180.900,-15.00112,56.11515,-1.32198,0.0944,1.8187,-0.43479,0.0126,0.0011,3.2489,9.846,FEASIBLE,0,229.50
181.000,-15.00077,56.11420,-1.32183,0.0543,1.7851,-0.42269,0.0170,0.0008,3.2492,9.462,FEASIBLE,0,229.50
181.100,-15.00390,56.12830,-1.32128,0.1864,1.7956,-0.42565,0.0124,0.0039,3.2461,9.637,FEASIBLE,0,229.50
181.200,-15.01070,56.14848,-1.32368,0.2210,1.7907,-0.41481,0.0304,0.0107,3.2393,9.672,FEASIBLE,0,229.50
181.300,-15.01916,56.16738,-1.32884,0.1902,1.8223,-0.41121,0.0261,0.0192,3.2308,10.346,FEASIBLE,0,229.50
181.400,-15.02599,56.18022,-1.33395,0.1094,1.8374,-0.41415,0.0131,0.0260,3.2240,9.311,FEASIBLE,0,229.50
181.500,-15.02772,56.18330,-1.33531,0.0146,1.8416,-0.39039,0.0172,0.0277,3.2223,9.852,FEASIBLE,0,229.50
181.600,-15.02446,56.17602,-1.33322,0.1295,1.8651,-0.36275,0.0024,0.0245,3.2255,10.038,FEASIBLE,0,229.50
181.700,-15.01704,56.15445,-1.33018,0.2997,1.8591,-0.40257,0.0331,0.0170,3.2330,9.763,FEASIBLE,0,229.50
181.800,-15.00775,56.11241,-1.33133,0.5296,1.8547,-0.41405,0.0135,0.0077,3.2423,9.513,FEASIBLE,0,229.50
181.900,-15.00256,56.03940,-1.34742,0.8789,1.8125,-0.29540,0.0191,0.0026,3.2474,9.967,FEASIBLE,0,229.50
182.000,-15.00951,55.92732,-1.38845,1.2548,1.7223,-0.27543,0.0207,0.0095,3.2405,11.135,FEASIBLE,0,230.00
182.100,-15.02613,55.78744,-1.44241,1.5126,1.6359,-0.22125,0.0173,0.0261,3.2239,9.710,FEASIBLE,0,230.00
182.200,-15.05620,55.62442,-1.50641,1.7583,1.7359,-0.12701,0.0442,0.0562,3.1938,10.096,FEASIBLE,0,230.00
182.300,-15.10310,55.44257,-1.57911,1.9478,1.8237,-0.04723,0.0792,0.1031,3.1469,9.791,FEASIBLE,0,230.00
182.400,-15.16824,55.25179,-1.65726,2.0436,1.6957,0.07858,0.1266,0.1682,3.0818,9.715,FEASIBLE,0,230.50
182.500,-15.24525,55.06142,-1.73116,2.1153,1.7957,0.24462,0.1297,0.2453,3.0047,9.501,FEASIBLE,0,230.50
182.600,-15.32260,54.87481,-1.78836,1.9326,1.8190,0.33946,0.1689,0.3226,2.9274,10.768,FEASIBLE,0,231.00
182.702,-15.38502,54.71006,-1.81990,1.6821,1.5500,0.49157,0.1581,0.3850,2.8650,9.945,FEASIBLE,0,231.00
182.802,-15.43707,54.53378,-1.82805,1.4349,1.4000,0.61090,0.1285,0.4371,2.8129,9.763,FEASIBLE,0,231.00
182.902,-15.45939,54.39980,-1.81156,1.3201,1.6000,0.54234,0.1120,0.4594,2.7906,9.456,FEASIBLE,0,231.50
183.000,-15.46245,54.26569,-1.77401,1.4225,1.5376,0.53722,0.1165,0.4625,2.7875,9.600,FEASIBLE,0,231.50
183.100,-15.45465,54.15484,-1.73435,1.3813,1.6376,0.61090,0.0836,0.4547,2.7953,9.457,FEASIBLE,0,231.50
183.200,-15.43595,54.01657,-1.68138,1.4159,1.8376,0.61090,0.0743,0.4359,2.8141,11.008,FEASIBLE,0,231.50
183.300,-15.40713,53.87243,-1.62472,1.5141,1.8631,0.47127,0.0417,0.4071,2.8429,9.403,FEASIBLE,0,232.00
183.400,-15.36584,53.71686,-1.56275,1.6980,1.9631,0.44337,0.0230,0.3658,2.8842,9.765,FEASIBLE,0,232.00
183.500,-15.30884,53.54494,-1.49292,1.8880,1.9598,0.37114,0.0291,0.3088,2.9412,9.576,FEASIBLE,0,232.00
183.600,-15.23276,53.36198,-1.41670,2.0278,1.8603,0.23151,0.0262,0.2328,3.0172,10.018,FEASIBLE,0,232.50
183.700,-15.14043,53.17859,-1.33872,2.0336,1.7103,-0.04774,0.0795,0.1404,3.1096,9.682,FEASIBLE,0,232.50
183.800,-15.03048,52.96899,-1.26790,1.9190,1.9103,-0.23074,0.1185,0.0305,3.2195,9.875,FEASIBLE,0,232.50
183.900,-14.96778,52.83332,-1.24291,1.8416,1.7269,-0.33577,0.1096,0.0322,3.2178,9.503,FEASIBLE,0,233.00
184.000,-14.90597,52.66257,-1.23808,1.8159,1.8269,-0.38971,0.0861,0.0940,3.1560,9.559,FEASIBLE,0,233.00
184.100,-14.86945,52.48255,-1.26807,1.8631,1.9131,-0.43961,0.0696,0.1305,3.1195,9.624,FEASIBLE,0,233.00
184.200,-14.86197,52.28536,-1.33143,2.0448,1.7095,-0.43102,0.0624,0.1380,3.1120,9.737,FEASIBLE,0,233.50
184.300,-14.87619,52.08632,-1.40594,1.9494,1.8095,-0.36167,0.0214,0.1238,3.1262,9.360,FEASIBLE,0,233.50
184.400,-14.90431,51.90042,-1.47767,1.8389,1.8517,-0.29215,0.0187,0.0957,3.1543,9.310,FEASIBLE,0,234.00
184.500,-14.94153,51.72843,-1.54516,1.7447,1.6684,-0.20180,0.0218,0.0585,3.1915,9.378,FEASIBLE,0,234.00
184.600,-14.98533,51.56490,-1.60626,1.6658,1.7684,-0.13337,0.0594,0.0147,3.2353,9.625,FEASIBLE,0,234.00
184.700,-15.02431,51.40367,-1.64855,1.6672,1.7664,0.00626,0.0394,0.0243,3.2257,10.025,FEASIBLE,0,234.50
184.800,-15.05303,51.23883,-1.66835,1.6695,1.6594,0.13865,0.0468,0.0530,3.1970,9.534,FEASIBLE,0,234.50
184.900,-15.06720,51.07562,-1.66526,1.6122,1.7594,0.20260,0.0478,0.0672,3.1828,9.951,FEASIBLE,0,234.50
185.000,-15.06340,50.88471,-1.63486,1.5917,1.8302,0.16303,0.0310,0.0634,3.1866,10.299,FEASIBLE,0,235.00
185.100,-15.04627,50.75177,-1.60208,1.7070,1.6456,0.14573,0.0054,0.0463,3.2037,9.948,FEASIBLE,0,235.00
185.200,-15.01195,50.57546,-1.55295,1.8594,1.7456,0.06827,0.0309,0.0120,3.2380,9.838,FEASIBLE,0,235.00
185.300,-14.96716,50.38798,-1.50265,1.9607,1.8293,-0.03137,0.0497,0.0328,3.2172,9.823,FEASIBLE,0,235.50
185.400,-14.91874,50.19658,-1.46030,1.9768,1.6332,-0.10930,0.0597,0.0813,3.1687,9.647,FEASIBLE,0,235.50
185.500,-14.86582,49.96819,-1.43180,1.9304,1.8332,-0.24166,0.0941,0.1342,3.1158,9.661,FEASIBLE,0,235.50
185.600,-14.84171,49.78532,-1.43631,1.7861,1.7640,-0.25969,0.0854,0.1583,3.0917,9.830,FEASIBLE,0,236.00
185.700,-14.84123,49.64295,-1.45987,1.7825,1.8640,-0.33342,0.0313,0.1588,3.0912,9.551,FEASIBLE,0,236.00
185.800,-14.86197,49.47519,-1.50890,1.6420,1.8910,-0.23634,0.0270,0.1380,3.1120,9.450,FEASIBLE,0,236.00
185.900,-14.89990,49.31668,-1.56909,1.6435,1.7133,-0.19902,0.0287,0.1001,3.1499,9.871,FEASIBLE,0,236.50
186.000,-14.94953,49.15602,-1.63244,1.7166,1.8133,-0.10054,0.0211,0.0505,3.1995,9.729,FEASIBLE,0,236.50
186.102,-15.02841,48.95320,-1.71390,1.8956,1.8914,0.03430,0.0768,0.0284,3.2216,9.863,FEASIBLE,0,236.50
186.202,-15.09503,48.80758,-1.77110,2.0624,1.7253,0.21962,0.1206,0.0950,3.1550,9.615,FEASIBLE,0,237.00
186.300,-15.20854,48.56826,-1.84595,2.3145,1.8253,0.29861,0.1670,0.2085,3.0415,9.578,FEASIBLE,0,237.00
186.400,-15.29984,48.36096,-1.88373,2.1524,1.8449,0.41787,0.1819,0.2998,2.9502,10.565,FEASIBLE,0,237.50
186.500,-15.35867,48.20779,-1.89453,2.0281,1.5500,0.59086,0.1943,0.3587,2.8913,10.087,FEASIBLE,0,237.50
186.600,-15.41599,48.01927,-1.88714,1.9606,1.4000,0.55466,0.1268,0.4160,2.8340,9.807,FEASIBLE,0,237.50
186.700,-15.45335,47.82274,-1.85481,1.9317,1.6000,0.59294,0.1538,0.4533,2.7967,9.594,FEASIBLE,0,238.00
186.800,-15.46235,47.64486,-1.80265,1.6479,1.8000,0.61090,0.1078,0.4623,2.7877,9.654,FEASIBLE,0,238.00
186.900,-15.45371,47.50060,-1.74939,1.3312,1.8892,0.61090,0.0295,0.4537,2.7963,9.594,FEASIBLE,0,238.00
187.000,-15.43926,47.38217,-1.70367,1.1104,1.8429,0.49034,0.0615,0.4393,2.8107,9.615,FEASIBLE,0,238.50
187.100,-15.42253,47.28241,-1.66463,0.9558,1.9429,0.52774,0.0401,0.4225,2.8275,9.712,FEASIBLE,0,238.50
187.200,-15.40370,47.18949,-1.62819,0.9274,1.9928,0.50158,0.0268,0.4037,2.8463,9.884,FEASIBLE,0,238.50
187.300,-15.38252,47.10193,-1.59329,0.8910,1.9317,0.50053,0.0074,0.3825,2.8675,9.633,FEASIBLE,0,238.50
187.400,-15.35825,47.01495,-1.55833,0.9191,1.8839,0.45850,0.0139,0.3583,2.8917,9.654,FEASIBLE,0,238.50
187.500,-15.32892,46.92258,-1.52092,1.0098,1.8071,0.31888,0.0382,0.3289,2.9211,9.634,FEASIBLE,0,239.00
187.600,-15.29432,46.81413,-1.48280,1.2440,1.5571,0.18357,0.0230,0.2943,2.9557,9.842,FEASIBLE,0,239.00
187.700,-15.26535,46.68510,-1.46034,1.3803,1.4071,0.19058,0.0142,0.2653,2.9847,9.526,FEASIBLE,0,239.00
187.800,-15.24588,46.53760,-1.45653,1.5638,1.6071,0.20646,0.0285,0.2459,3.0041,9.437,FEASIBLE,0,239.00
187.900,-15.23312,46.36975,-1.46479,1.7654,1.8071,-0.04468,0.0614,0.2331,3.0169,10.113,FEASIBLE,0,239.50
188.000,-15.22383,46.18058,-1.47838,1.9800,1.3071,-0.03558,0.0762,0.2238,3.0262,11.141,FEASIBLE,0,239.50
188.100,-15.21435,45.97010,-1.49085,2.1847,1.3000,-0.04300,0.0278,0.2143,3.0357,10.227,FEASIBLE,0,239.50
188.200,-15.20039,45.74264,-1.49627,2.3362,1.2000,-0.01295,0.0647,0.2004,3.0496,9.584,FEASIBLE,0,240.00
188.300,-15.18025,45.50281,-1.49408,2.4440,1.3000,-0.04635,0.0294,0.1803,3.0697,9.688,FEASIBLE,0,240.00
188.400,-15.15785,45.25864,-1.49038,2.4125,1.5000,-0.01928,0.0286,0.1578,3.0922,9.552,FEASIBLE,0,240.50
188.500,-15.13726,44.97685,-1.49377,2.3060,1.8000,-0.06394,0.0221,0.1373,3.1127,9.695,FEASIBLE,0,240.50
188.600,-15.12935,44.79811,-1.50140,2.1851,1.8004,-0.06056,0.0423,0.1294,3.1206,9.526,FEASIBLE,0,241.00
188.700,-15.12423,44.59183,-1.51279,1.9677,1.9000,-0.06512,0.0116,0.1242,3.1258,10.025,FEASIBLE,0,241.00
188.800,-15.12087,44.41267,-1.52088,1.6609,1.8658,-0.04592,0.0302,0.1209,3.1291,10.371,FEASIBLE,0,241.50
188.900,-15.11792,44.27011,-1.52352,1.2638,1.7104,-0.00987,0.0207,0.1179,3.1321,9.828,FEASIBLE,0,241.50
189.000,-15.11559,44.16502,-1.52499,0.8942,1.8104,0.05253,0.0286,0.1156,3.1344,9.591,FEASIBLE,0,241.50
189.100,-15.11309,44.08675,-1.52667,0.5137,1.8759,0.12925,0.0022,0.1131,3.1369,9.282,FEASIBLE,0,241.50
189.202,-15.10939,44.05501,-1.52434,0.3386,1.7937,0.05493,0.0091,0.1094,3.1406,9.486,FEASIBLE,0,241.50
189.300,-15.10341,44.03634,-1.51978,0.1103,1.7575,0.02681,0.0001,0.1034,3.1466,9.812,FEASIBLE,0,241.50
189.402,-15.10200,44.03271,-1.51826,0.0033,1.7332,0.01316,0.0121,0.1020,3.1480,9.376,FEASIBLE,0,241.50
189.502,-15.10303,44.03671,-1.51984,0.0553,1.7100,-0.01937,0.0188,0.1030,3.1470,9.960,FEASIBLE,0,241.50
189.602,-15.10450,44.04582,-1.52126,0.0843,1.7352,-0.03123,0.0248,0.1045,3.1455,9.595,FEASIBLE,0,241.50
189.700,-15.10545,44.05014,-1.52230,0.0102,1.7228,0.00549,0.0409,0.1054,3.1446,9.854,FEASIBLE,0,241.50
189.800,-15.10516,44.04757,-1.52207,0.0556,1.7478,0.01661,0.0125,0.1052,3.1448,9.662,FEASIBLE,0,241.50
189.900,-15.10354,44.03570,-1.52061,0.1710,1.7472,0.04377,0.0189,0.1035,3.1465,9.672,FEASIBLE,0,241.50
190.000,-15.10206,44.00662,-1.52051,0.4099,1.7336,-0.00571,0.0007,0.1021,3.1479,9.619,FEASIBLE,0,241.50
190.100,-15.10290,43.94289,-1.52571,0.7638,1.7198,-0.02557,0.0134,0.1029,3.1471,9.935,FEASIBLE,0,241.50
190.200,-15.09627,43.85112,-1.52205,1.0087,1.6560,-0.01116,0.0160,0.0963,3.1537,9.496,FEASIBLE,0,242.00
190.300,-15.07929,43.73897,-1.50675,1.2185,1.7560,0.02974,0.0071,0.0793,3.1707,10.505,FEASIBLE,0,242.00
190.400,-15.05569,43.60653,-1.48706,1.4302,1.9492,0.03740,0.0118,0.0557,3.1943,10.331,FEASIBLE,0,242.00
190.500,-15.03035,43.45307,-1.47102,1.6339,1.8482,-0.10824,0.0413,0.0304,3.2196,9.652,FEASIBLE,0,242.00
190.600,-15.00990,43.28192,-1.46654,1.7734,1.6915,-0.14060,0.0274,0.0099,3.2401,9.782,FEASIBLE,0,242.50
190.700,-15.00200,43.09888,-1.48008,1.8701,1.7915,-0.14575,0.0050,0.0020,3.2480,10.542,FEASIBLE,0,242.50
190.800,-15.01079,42.89807,-1.51440,2.0472,1.8833,-0.12738,0.0091,0.0108,3.2392,9.513,FEASIBLE,0,243.00
190.900,-15.03784,42.70084,-1.56268,1.9513,1.6393,-0.05327,0.0308,0.0378,3.2122,9.573,FEASIBLE,0,243.00
191.000,-15.08001,42.51981,-1.61785,1.7855,1.7393,0.02797,0.0914,0.0800,3.1700,9.855,FEASIBLE,0,243.00
191.100,-15.13134,42.36210,-1.67383,1.5776,1.7770,0.13836,0.0924,0.1313,3.1187,9.888,FEASIBLE,0,243.50
191.200,-15.18603,42.22547,-1.72580,1.4045,1.6436,0.27030,0.1066,0.1860,3.0640,9.481,FEASIBLE,0,243.50
191.300,-15.23807,42.10359,-1.76828,1.2792,1.7436,0.40993,0.1254,0.2381,3.0119,9.995,FEASIBLE,0,243.50
191.400,-15.28225,41.98956,-1.79587,1.1942,1.8260,0.36870,0.1108,0.2823,2.9677,9.449,FEASIBLE,0,243.50
191.500,-15.31526,41.87699,-1.80523,1.1694,1.7510,0.44073,0.0740,0.3153,2.9347,9.555,FEASIBLE,0,244.00
191.600,-15.33614,41.75935,-1.79322,1.2221,1.5010,0.47035,0.0840,0.3361,2.9139,9.749,FEASIBLE,0,244.00
191.700,-15.33997,41.62381,-1.75745,1.4844,1.3510,0.58512,0.0804,0.3400,2.9100,9.865,FEASIBLE,0,244.00
191.800,-15.32585,41.45983,-1.70187,1.7686,1.5510,0.44681,0.0579,0.3258,2.9242,9.842,FEASIBLE,0,244.00
191.900,-15.29412,41.26931,-1.63272,2.0354,1.7510,0.35287,0.0535,0.2941,2.9559,9.396,FEASIBLE,0,244.50
192.000,-15.24184,41.06291,-1.55407,2.1762,1.6010,0.26123,0.0031,0.2418,3.0082,10.308,FEASIBLE,0,244.50
192.100,-15.16943,40.85325,-1.47095,2.2424,1.8010,0.16819,0.0295,0.1694,3.0806,9.671,FEASIBLE,0,245.00
192.200,-15.07952,40.65225,-1.38670,2.1338,1.6788,-0.04125,0.0391,0.0795,3.1705,9.666,FEASIBLE,0,245.00
192.300,-14.98047,40.47133,-1.30733,2.0066,1.7788,-0.18806,0.0762,0.0195,3.2305,9.331,FEASIBLE,0,245.00
192.400,-14.87743,40.31342,-1.23471,1.7918,1.7012,-0.33310,0.1241,0.1226,3.1274,9.656,FEASIBLE,0,245.50
192.500,-14.78077,40.18536,-1.17378,1.4528,1.8012,-0.51018,0.1677,0.2192,3.0308,9.806,FEASIBLE,0,245.50
192.604,-14.69769,40.07085,-1.13334,0.9799,1.8823,-0.57150,0.1463,0.3023,2.9477,11.023,FEASIBLE,0,245.50
192.702,-14.65979,40.00696,-1.12357,0.5913,1.8227,-0.61090,0.0946,0.3402,2.9098,9.485,FEASIBLE,0,245.50
192.802,-14.63688,39.95658,-1.12584,0.5414,1.7554,-0.61090,0.0669,0.3631,2.8869,9.757,FEASIBLE,0,245.50
192.900,-14.62233,39.90275,-1.13942,0.5702,1.7140,-0.61090,0.0620,0.3777,2.8723,9.787,FEASIBLE,0,246.00
193.000,-14.61480,39.85811,-1.15548,0.5621,1.8140,-0.61090,0.0246,0.3852,2.8648,9.677,FEASIBLE,0,246.00
193.100,-14.60760,39.80279,-1.17664,0.5604,2.0140,-0.61090,0.0285,0.3924,2.8576,10.129,FEASIBLE,0,246.00
193.200,-14.60146,39.74416,-1.19929,0.6163,2.0767,-0.61090,0.0303,0.3985,2.8515,9.619,FEASIBLE,0,246.00
193.300,-14.59586,39.67673,-1.22497,0.7237,2.0021,-0.61090,0.0442,0.4041,2.8459,9.861,FEASIBLE,0,246.00
193.400,-14.59100,39.59425,-1.25584,0.9034,1.9600,-0.61090,0.0291,0.4090,2.8410,9.425,FEASIBLE,0,246.00
193.500,-14.58857,39.46585,-1.30388,1.1930,1.8719,-0.58880,0.0709,0.4114,2.8386,9.968,FEASIBLE,0,246.00
193.600,-14.59167,39.36786,-1.34166,1.2954,1.8051,-0.54561,0.0662,0.4083,2.8417,9.980,FEASIBLE,0,246.50
193.700,-14.60292,39.22448,-1.39701,1.5358,1.5551,-0.51370,0.1130,0.3971,2.8529,10.517,FEASIBLE,0,246.50
193.800,-14.62606,39.05822,-1.46146,1.7805,1.4051,-0.58113,0.0478,0.3739,2.8761,9.406,FEASIBLE,0,246.50
193.900,-14.66029,38.86578,-1.52844,2.0251,1.6051,-0.35707,0.0674,0.3397,2.9103,9.816,FEASIBLE,0,247.00
194.000,-14.69442,38.66123,-1.57949,2.0936,1.8051,-0.35500,0.0357,0.3056,2.9444,10.150,FEASIBLE,0,247.00
194.100,-14.72239,38.45360,-1.60978,2.0801,1.9521,-0.21537,0.0613,0.2776,2.9724,9.856,FEASIBLE,0,247.00
194.200,-14.74225,38.25178,-1.62205,1.9877,1.7516,-0.16424,0.0612,0.2578,2.9922,9.721,FEASIBLE,0,247.50
194.300,-14.75374,38.06608,-1.62407,1.7629,1.6016,-0.12693,0.0582,0.2463,3.0037,9.511,FEASIBLE,0,247.50
194.400,-14.76192,37.90515,-1.62376,1.5041,1.8016,-0.12537,0.0578,0.2381,3.0119,9.775,FEASIBLE,0,248.00
194.500,-14.77268,37.77016,-1.62851,1.2595,1.5975,-0.13450,0.0395,0.2273,3.0227,9.652,FEASIBLE,0,248.00
194.600,-14.78934,37.66578,-1.64234,0.9296,1.4475,-0.21815,0.0250,0.2107,3.0393,10.221,FEASIBLE,0,248.00
194.700,-14.80944,37.59299,-1.66180,0.6396,1.6475,-0.20545,0.0301,0.1906,3.0594,9.375,FEASIBLE,0,248.00
194.800,-14.82634,37.54793,-1.67903,0.3890,1.8277,-0.00081,0.0370,0.1737,3.0763,9.423,FEASIBLE,0,248.00
194.900,-14.83713,37.52171,-1.68984,0.2219,1.7375,0.05151,0.0120,0.1629,3.0871,10.472,FEASIBLE,0,248.00
195.000,-14.84405,37.50468,-1.69653,0.1751,1.6900,0.05451,0.0029,0.1559,3.0941,9.432,FEASIBLE,0,248.00
195.100,-14.84584,37.50009,-1.69854,0.0367,1.6845,0.09501,0.0153,0.1542,3.0958,9.962,FEASIBLE,0,248.00
195.200,-14.84696,37.49588,-1.69962,0.0528,1.6548,0.11945,0.0108,0.1530,3.0970,10.136,FEASIBLE,0,248.00
195.300,-14.84813,37.48731,-1.69935,0.1137,1.6768,0.10095,0.0188,0.1519,3.0981,10.255,FEASIBLE,0,248.00
195.400,-14.84646,37.46603,-1.69286,0.2832,1.6816,0.11627,0.0048,0.1535,3.0965,9.853,FEASIBLE,0,248.00
195.500,-14.84148,37.42194,-1.67879,0.5633,1.6325,0.07504,0.0344,0.1585,3.0915,10.475,FEASIBLE,0,248.50
195.600,-14.84273,37.35229,-1.67042,0.7792,1.6186,0.06575,0.0097,0.1573,3.0927,10.111,FEASIBLE,0,248.50
195.700,-14.85218,37.26250,-1.67105,0.9867,1.7186,-0.00187,0.0132,0.1478,3.1022,9.808,FEASIBLE,0,248.50
195.800,-14.86552,37.15204,-1.67388,1.1985,1.9186,-0.06022,0.0108,0.1345,3.1155,9.549,FEASIBLE,0,248.50
195.900,-14.88250,36.98810,-1.67386,1.5053,1.8302,0.06804,0.0270,0.1175,3.1325,9.637,FEASIBLE,0,248.50
196.000,-14.89627,36.85802,-1.67442,1.7086,1.7717,0.08904,0.0133,0.1037,3.1463,9.795,FEASIBLE,0,249.00
196.102,-14.92183,36.63958,-1.67821,1.9068,1.6097,0.08215,0.0025,0.0782,3.1718,10.381,FEASIBLE,0,249.00
196.200,-14.93929,36.48495,-1.67929,1.9607,1.7097,0.12838,0.0034,0.0607,3.1893,9.903,FEASIBLE,0,249.00
196.300,-14.95861,36.24959,-1.67171,1.9562,1.7250,0.12503,0.0005,0.0414,3.2086,9.294,FEASIBLE,0,249.50
196.400,-14.96333,36.08979,-1.65733,1.9957,1.8250,0.12721,0.0058,0.0367,3.2133,9.549,FEASIBLE,0,249.50
196.500,-14.95995,35.89880,-1.63294,1.8433,1.8383,0.12417,0.0026,0.0400,3.2100,9.627,FEASIBLE,0,250.00
196.600,-14.95095,35.72612,-1.60847,1.6587,1.6665,0.05591,0.0483,0.0491,3.2009,10.022,FEASIBLE,0,250.00
196.700,-14.94279,35.56855,-1.59095,1.5315,1.7665,-0.03389,0.0060,0.0572,3.1928,9.414,FEASIBLE,0,250.00
196.800,-14.94225,35.41915,-1.58670,1.4852,1.8259,0.00170,0.0132,0.0577,3.1923,9.593,FEASIBLE,0,250.50
196.900,-14.95254,35.26819,-1.59684,1.5430,1.6667,0.00749,0.0085,0.0475,3.2025,9.350,FEASIBLE,0,250.50
197.000,-14.97902,35.07458,-1.62322,1.7031,1.7667,-0.02456,0.0228,0.0210,3.2290,9.931,FEASIBLE,0,250.50
197.100,-15.00394,34.93339,-1.64525,1.8472,1.8571,0.05709,0.0231,0.0039,3.2461,9.268,FEASIBLE,0,251.00
197.200,-15.03981,34.74364,-1.67146,1.9725,1.6646,0.12545,0.0584,0.0398,3.2102,9.786,FEASIBLE,0,251.00
197.300,-15.07523,34.54647,-1.68987,2.0094,1.7646,0.17277,0.0525,0.0752,3.1748,9.607,FEASIBLE,0,251.00
197.400,-15.10084,34.36223,-1.69440,1.8090,1.7820,0.21711,0.0670,0.1008,3.1492,9.508,FEASIBLE,0,251.50
197.500,-15.11137,34.19197,-1.68151,1.6299,1.8820,0.26479,0.0448,0.1114,3.1386,9.303,FEASIBLE,0,251.50
197.600,-15.10411,34.04026,-1.65118,1.4541,1.9178,0.29174,0.0427,0.1041,3.1459,9.992,FEASIBLE,0,251.50
197.700,-15.08107,33.90280,-1.60749,1.3716,1.8209,0.19892,0.0109,0.0811,3.1689,9.601,FEASIBLE,0,252.00
197.800,-15.04759,33.77143,-1.55646,1.3442,1.6360,0.10800,0.0145,0.0476,3.2024,9.569,FEASIBLE,0,252.00
197.900,-14.99583,33.61466,-1.49314,1.4101,1.8360,0.00673,0.0587,0.0042,3.2458,10.221,FEASIBLE,0,252.00
198.000,-14.95660,33.50341,-1.45354,1.5114,1.8593,-0.06308,0.0838,0.0434,3.2066,9.623,FEASIBLE,0,252.00
198.100,-14.90903,33.35070,-1.41684,1.6612,1.7043,-0.18498,0.0665,0.0910,3.1590,10.161,FEASIBLE,0,252.50
198.200,-14.87197,33.17663,-1.40526,1.8706,1.8043,-0.27973,0.0766,0.1280,3.1220,10.357,FEASIBLE,0,252.50
198.300,-14.85406,32.97302,-1.42621,2.1638,1.9409,-0.27183,0.0486,0.1459,3.1041,9.608,FEASIBLE,0,252.50
198.400,-14.86247,32.74271,-1.48211,2.3739,1.7352,-0.28001,0.0281,0.1375,3.1125,9.781,FEASIBLE,0,253.00
198.500,-14.90859,32.51514,-1.56478,2.3270,1.8352,-0.20383,0.0161,0.0914,3.1586,10.885,FEASIBLE,0,253.00
198.600,-14.99691,32.25287,-1.67071,2.2897,1.7552,-0.00697,0.0542,0.0031,3.2469,10.581,FEASIBLE,0,253.50
198.700,-15.06866,32.08952,-1.73946,2.1904,1.8552,0.13266,0.0923,0.0687,3.1813,10.390,FEASIBLE,0,253.50
198.800,-15.16132,31.90573,-1.81401,1.9656,1.8369,0.25842,0.1566,0.1613,3.0887,9.906,FEASIBLE,0,254.00
198.900,-15.24539,31.74705,-1.86846,1.6875,1.6724,0.39032,0.1444,0.2454,3.0046,9.715,FEASIBLE,0,254.00
199.000,-15.31450,31.60835,-1.90071,1.4695,1.5224,0.59132,0.1491,0.3145,2.9355,9.808,FEASIBLE,0,254.00
199.104,-15.37496,31.45754,-1.91069,1.2894,1.7224,0.53546,0.1518,0.3750,2.8750,9.542,FEASIBLE,0,254.00
199.200,-15.40140,31.36130,-1.90038,1.2289,1.8004,0.59060,0.1500,0.4014,2.8486,9.959,FEASIBLE,0,254.50
199.300,-15.41839,31.23713,-1.86853,1.2982,1.6504,0.61090,0.1074,0.4184,2.8316,9.595,FEASIBLE,0,254.50
199.402,-15.42076,31.06360,-1.80722,1.4922,1.8504,0.61090,0.0700,0.4208,2.8292,9.810,FEASIBLE,0,254.50
199.500,-15.40980,30.90738,-1.74749,1.6241,1.8480,0.48023,0.0684,0.4098,2.8402,9.567,FEASIBLE,0,255.00
199.600,-15.38609,30.73457,-1.68036,1.8303,1.8049,0.47198,0.1033,0.3861,2.8639,9.935,FEASIBLE,0,255.00
199.700,-15.35572,30.58280,-1.62073,1.9896,1.6549,0.53215,0.0227,0.3557,2.8943,9.487,FEASIBLE,0,255.00
199.800,-15.30146,30.38290,-1.54101,2.1184,1.8549,0.39252,0.0401,0.3015,2.9485,9.826,FEASIBLE,0,255.50
199.900,-15.22921,30.17982,-1.45828,2.1667,1.6222,0.25290,0.0183,0.2292,3.0208,9.484,FEASIBLE,0,255.50
200.000,-15.14046,29.98468,-1.37582,2.1182,1.4722,0.04346,0.0574,0.1405,3.1095,9.892,FEASIBLE,0,255.50
200.100,-15.02826,29.77573,-1.29216,1.8655,1.6722,-0.23580,0.0849,0.0283,3.2217,9.706,FEASIBLE,0,256.00
200.200,-14.96481,29.65111,-1.25747,1.6608,1.8476,-0.28682,0.0966,0.0352,3.2148,9.460,FEASIBLE,0,256.00
200.300,-14.90674,29.51610,-1.23958,1.3427,1.8812,-0.37962,0.0756,0.0933,3.1567,9.733,FEASIBLE,0,256.00
200.400,-14.87093,29.38810,-1.24849,1.4741,1.7284,-0.43388,0.0789,0.1291,3.1209,9.507,FEASIBLE,0,256.50
200.500,-14.84832,29.23963,-1.28259,1.4301,1.5984,-0.46782,0.0529,0.1517,3.0983,9.516,FEASIBLE,0,256.50
200.600,-14.84618,29.10490,-1.32912,1.3199,1.6984,-0.48261,0.0480,0.1538,3.0962,10.052,FEASIBLE,0,256.50
200.700,-14.85408,28.97352,-1.37917,1.3228,1.8165,-0.36967,0.0076,0.1459,3.1041,9.942,FEASIBLE,0,256.50
200.800,-14.87110,28.83882,-1.43184,1.3890,1.6946,-0.29987,0.0191,0.1289,3.1211,10.149,FEASIBLE,0,257.00
200.900,-14.89390,28.69156,-1.48879,1.5459,1.7946,-0.32493,0.0263,0.1061,3.1439,10.700,FEASIBLE,0,257.00
201.000,-14.92368,28.53846,-1.54194,1.5971,1.9046,-0.23886,0.0051,0.0763,3.1737,9.838,FEASIBLE,0,257.00
201.100,-14.94870,28.37114,-1.57699,1.7745,1.7838,-0.09924,0.0111,0.0513,3.1987,10.183,FEASIBLE,0,257.50
201.200,-14.96278,28.18102,-1.59281,1.9644,1.6021,-0.02735,0.0070,0.0372,3.2128,10.059,FEASIBLE,0,257.50
201.300,-14.96976,27.97570,-1.59595,2.0968,1.7021,0.01406,0.0182,0.0302,3.2198,9.765,FEASIBLE,0,257.50
201.400,-14.97341,27.76263,-1.59478,2.1368,1.7129,0.01184,0.0036,0.0266,3.2234,9.633,FEASIBLE,0,258.00
201.500,-14.97613,27.55229,-1.59347,2.0577,1.8129,0.02554,0.0120,0.0239,3.2261,9.950,FEASIBLE,0,258.00
201.600,-14.98034,27.35438,-1.59280,1.9110,1.8028,0.02191,0.0008,0.0197,3.2303,9.656,FEASIBLE,0,258.50
201.700,-14.98383,27.17722,-1.59196,1.6788,1.9028,-0.01392,0.0007,0.0162,3.2338,10.078,FEASIBLE,0,258.50
201.800,-14.98431,27.02167,-1.58867,1.4669,1.9050,0.02303,0.0175,0.0157,3.2343,10.564,FEASIBLE,0,258.50
201.900,-14.98504,26.88564,-1.58680,1.3036,1.7595,0.00543,0.0050,0.0150,3.2350,9.636,FEASIBLE,0,259.00
202.000,-14.98779,26.76033,-1.58795,1.2294,1.6142,0.01696,0.0137,0.0122,3.2378,9.528,FEASIBLE,0,259.00
202.100,-14.98993,26.63883,-1.58805,1.2107,1.7142,0.01523,0.0098,0.0101,3.2399,9.688,FEASIBLE,0,259.00
202.200,-14.98912,26.51768,-1.58431,1.2177,1.8494,0.02547,0.0076,0.0109,3.2391,9.932,FEASIBLE,0,259.00
202.300,-14.98812,26.39208,-1.58089,1.2950,1.7252,0.01293,0.0084,0.0119,3.2381,9.785,FEASIBLE,0,259.50
202.402,-14.98825,26.25316,-1.57918,1.4587,1.6309,-0.00733,0.0100,0.0118,3.2382,9.497,FEASIBLE,0,259.50
202.504,-14.98862,26.06210,-1.57749,1.7004,1.7309,-0.02628,0.0058,0.0114,3.2386,10.012,FEASIBLE,0,259.50
202.600,-14.99068,25.91685,-1.57866,1.8788,1.8226,-0.00516,0.0151,0.0093,3.2407,9.721,FEASIBLE,0,260.00
202.700,-14.99708,25.67702,-1.58363,2.0704,1.6776,-0.01890,0.0113,0.0029,3.2471,9.529,FEASIBLE,0,260.00
202.800,-15.00149,25.50842,-1.58600,2.1213,1.7776,0.02523,0.0011,0.0015,3.2485,9.685,FEASIBLE,0,260.00
202.900,-15.00414,25.25766,-1.58480,2.0568,1.7439,0.01603,0.0040,0.0041,3.2459,10.998,FEASIBLE,0,260.50
203.000,-15.00299,25.09610,-1.58102,1.9919,1.8439,0.02979,0.0039,0.0030,3.2470,9.782,FEASIBLE,0,260.50
203.102,-15.00153,24.86948,-1.57752,1.7937,1.8359,0.01636,0.0251,0.0015,3.2485,9.490,FEASIBLE,0,261.00
203.200,-15.00205,24.73379,-1.57765,1.6414,1.6463,0.00639,0.0005,0.0021,3.2479,9.798,FEASIBLE,0,261.00
203.300,-15.00218,24.57767,-1.57713,1.5212,1.7463,0.00782,0.0068,0.0022,3.2478,9.242,FEASIBLE,0,261.00
203.400,-15.00153,24.42810,-1.57573,1.4832,1.8059,0.00800,0.0088,0.0015,3.2485,9.396,FEASIBLE,0,261.50
203.500,-15.00185,24.28061,-1.57571,1.4744,1.6728,0.00154,0.0031,0.0019,3.2481,9.916,FEASIBLE,0,261.50
203.600,-15.00152,24.12955,-1.57474,1.5468,1.7728,-0.05551,0.0015,0.0015,3.2485,9.404,FEASIBLE,0,261.50
203.700,-15.00294,23.96645,-1.57514,1.6962,1.8703,-0.16339,0.0028,0.0029,3.2471,9.713,FEASIBLE,0,261.50
203.800,-15.01235,23.78540,-1.58446,1.8894,1.6882,-0.16446,0.0296,0.0123,3.2377,9.788,FEASIBLE,0,262.00
203.900,-15.03538,23.58937,-1.60997,2.0194,1.7882,-0.12710,0.0305,0.0354,3.2146,9.910,FEASIBLE,0,262.00
204.000,-15.07428,23.38895,-1.65118,2.0195,1.8339,-0.10882,0.0616,0.0743,3.1757,9.519,FEASIBLE,0,262.50
204.100,-15.13058,23.19872,-1.70148,1.9464,1.6499,-0.03916,0.0694,0.1306,3.1194,10.099,FEASIBLE,0,262.50
204.200,-15.19741,23.02277,-1.75528,1.8487,1.7499,0.01283,0.1145,0.1974,3.0526,9.763,FEASIBLE,0,262.50
204.300,-15.27047,22.85761,-1.80732,1.7846,1.7925,0.14194,0.1294,0.2705,2.9795,9.587,FEASIBLE,0,263.00
204.400,-15.34553,22.69740,-1.85168,1.7607,1.6425,0.28628,0.1319,0.3455,2.9045,10.031,FEASIBLE,0,263.00
204.500,-15.41734,22.53665,-1.88214,1.7541,1.8425,0.41399,0.1541,0.4173,2.8327,10.275,FEASIBLE,0,263.00
204.600,-15.47912,22.37588,-1.89314,1.7116,1.8400,0.35341,0.1602,0.4791,2.7709,10.191,FEASIBLE,0,263.50
204.700,-15.52383,22.21468,-1.88205,1.6954,1.7752,0.42341,0.1783,0.5238,2.7262,11.439,FEASIBLE,0,263.50
204.800,-15.55194,22.01146,-1.83654,1.6716,1.6252,0.43633,0.1384,0.5519,2.6981,10.037,FEASIBLE,0,263.50
204.900,-15.55240,21.88339,-1.79285,1.5737,1.8252,0.43633,0.1536,0.5524,2.6976,10.701,FEASIBLE,0,264.00
205.000,-15.54099,21.72790,-1.73438,1.5629,1.9000,0.43633,0.0840,0.5410,2.7090,10.402,FEASIBLE,0,264.00
205.100,-15.51884,21.56997,-1.67336,1.6234,2.1000,0.29671,0.0137,0.5188,2.7312,9.684,FEASIBLE,0,264.00
205.200,-15.48421,21.40419,-1.60823,1.7485,1.9051,0.19364,0.0641,0.4842,2.7658,9.873,FEASIBLE,0,264.50
205.300,-15.43377,21.22644,-1.53701,1.9097,1.8181,0.12790,0.0754,0.4338,2.8162,10.274,FEASIBLE,0,264.50
205.400,-15.37132,21.03864,-1.46901,2.0268,1.6681,0.01754,0.0315,0.3713,2.8787,11.517,FEASIBLE,0,264.50
205.500,-15.31045,20.83577,-1.42108,2.1712,1.8171,-0.07353,0.0186,0.3104,2.9396,9.452,FEASIBLE,0,265.00
205.600,-15.26175,20.62187,-1.40134,2.2112,1.5671,-0.13609,0.0629,0.2618,2.9882,12.395,FEASIBLE,0,265.00
205.700,-15.23598,20.40131,-1.41539,2.2266,1.4171,-0.20346,0.0415,0.2360,3.0140,10.998,FEASIBLE,0,265.50
205.800,-15.24155,20.16742,-1.46623,2.4181,1.2671,-0.17109,0.1052,0.2415,3.0085,10.409,FEASIBLE,0,265.50
205.900,-15.28099,19.94175,-1.54373,2.1858,1.3000,-0.16351,0.1265,0.2810,2.9690,10.429,FEASIBLE,0,265.50
206.000,-15.33792,19.74661,-1.62074,1.9223,1.5000,-0.04785,0.1825,0.3379,2.9121,13.182,FEASIBLE,0,266.00
206.100,-15.39874,19.58511,-1.68725,1.5851,1.3500,0.16159,0.1181,0.3987,2.8513,12.618,FEASIBLE,0,266.00
206.200,-15.45374,19.46232,-1.73925,1.1837,1.5500,0.15379,0.1353,0.4537,2.7963,12.486,FEASIBLE,0,266.00
206.300,-15.49682,19.37732,-1.77617,0.8074,1.7500,0.25319,0.1257,0.4968,2.7532,11.713,FEASIBLE,0,266.50
206.402,-15.53075,19.31590,-1.80342,0.4331,1.9046,0.42566,0.0894,0.5307,2.7193,11.112,FEASIBLE,0,266.50
206.500,-15.54126,19.29357,-1.81166,0.1188,2.0281,0.61090,0.0491,0.5413,2.7087,11.129,FEASIBLE,0,266.50
206.600,-15.54347,19.28892,-1.81316,0.0109,1.9980,0.61090,0.0241,0.5435,2.7065,10.125,FEASIBLE,0,266.50
206.700,-15.54179,19.29486,-1.81197,0.1090,2.1637,0.61090,0.0038,0.5418,2.7082,10.500,FEASIBLE,0,266.50
206.800,-15.53766,19.30547,-1.80880,0.1519,1.9808,0.61090,0.0320,0.5377,2.7123,10.226,FEASIBLE,0,266.50
206.900,-15.53011,19.31906,-1.80305,0.1577,2.0808,0.61090,0.0139,0.5301,2.7199,10.054,FEASIBLE,0,266.50
207.000,-15.52389,19.33049,-1.79809,0.1043,2.1799,0.61090,0.0178,0.5239,2.7261,9.488,FEASIBLE,0,266.50
207.100,-15.52181,19.33436,-1.79646,0.0025,1.9943,0.61090,0.0340,0.5218,2.7282,9.589,FEASIBLE,0,266.50
207.200,-15.52448,19.32963,-1.79861,0.0982,2.0064,0.61090,0.0122,0.5245,2.7255,10.324,FEASIBLE,0,266.50
207.300,-15.53102,19.31212,-1.80198,0.2547,2.1064,0.61090,0.0086,0.5310,2.7190,13.214,FEASIBLE,0,266.50
207.400,-15.53978,19.27522,-1.80209,0.4723,1.9828,0.61090,0.0087,0.5398,2.7102,11.211,FEASIBLE,0,266.50
207.500,-15.54563,19.20976,-1.78957,0.7934,1.9833,0.47127,0.0499,0.5456,2.7044,11.202,FEASIBLE,0,266.50
207.600,-15.54454,19.11156,-1.76020,1.1017,2.0833,0.34051,0.0349,0.5445,2.7055,10.002,FEASIBLE,0,266.50
207.700,-15.53521,18.98419,-1.71752,1.3914,2.0381,0.29093,0.0302,0.5352,2.7148,9.911,FEASIBLE,0,266.50
207.800,-15.51486,18.83022,-1.66364,1.6542,1.9464,0.26054,0.0137,0.5149,2.7351,8.818,FEASIBLE,0,267.00
207.900,-15.48107,18.65278,-1.60141,1.9068,2.0464,0.35092,0.0623,0.4811,2.7689,8.830,FEASIBLE,0,267.00
208.000,-15.43862,18.45562,-1.54194,2.0198,1.9480,0.24274,0.0768,0.4386,2.8114,9.082,FEASIBLE,0,267.00
208.100,-15.38763,18.24795,-1.48798,2.2308,1.8272,0.10311,0.0613,0.3876,2.8624,8.842,FEASIBLE,0,267.50
208.200,-15.33709,18.01766,-1.45103,2.4339,1.6772,-0.03652,0.0224,0.3371,2.9129,8.729,FEASIBLE,0,267.50
208.300,-15.29486,17.76928,-1.43722,2.5679,1.8626,-0.10488,0.0685,0.2949,2.9551,9.375,FEASIBLE,0,268.00
208.400,-15.27181,17.50734,-1.45197,2.6659,1.7126,-0.16854,0.0617,0.2718,2.9782,8.269,FEASIBLE,0,268.00
208.500,-15.27581,17.23666,-1.49490,2.7225,1.8401,-0.13636,0.1132,0.2758,2.9742,8.351,FEASIBLE,0,268.50
208.600,-15.31179,16.96732,-1.56136,2.7042,1.6901,-0.11158,0.1348,0.3118,2.9382,10.098,FEASIBLE,0,268.50
208.700,-15.37891,16.71254,-1.64499,2.5712,1.8076,-0.01676,0.1951,0.3789,2.8711,8.639,FEASIBLE,0,269.00
208.800,-15.46658,16.49114,-1.73266,2.2584,1.6576,0.09734,0.1450,0.4666,2.7834,8.767,FEASIBLE,0,269.00
208.900,-15.55951,16.30836,-1.81085,1.9050,1.8000,0.28862,0.2128,0.5595,2.6905,8.818,FEASIBLE,0,269.50
209.004,-15.66106,16.14290,-1.88543,1.4141,1.9000,0.44019,0.2241,0.6611,2.5889,8.220,FEASIBLE,0,269.50
209.100,-15.71675,16.06366,-1.92279,1.0889,1.9000,0.43633,0.1413,0.7168,2.5332,8.954,FEASIBLE,0,269.50
209.202,-15.77686,15.98503,-1.96100,0.6488,1.9000,0.43633,0.1180,0.7769,2.4731,9.145,FEASIBLE,0,269.50
209.308,-15.80444,15.95116,-1.97703,0.2959,2.0063,0.43633,0.0749,0.8044,2.4456,8.144,FEASIBLE,0,269.50
209.406,-15.81323,15.94266,-1.98058,0.0545,2.0078,0.61090,0.0383,0.8132,2.4368,13.891,FEASIBLE,0,269.50
209.500,-15.81278,15.94296,-1.98023,0.0677,2.0032,0.61090,0.0125,0.8128,2.4372,10.094,FEASIBLE,0,269.50
209.600,-15.80720,15.95303,-1.97780,0.1701,2.0104,0.61090,0.0196,0.8072,2.4428,9.303,FEASIBLE,0,269.50
209.700,-15.79474,15.97006,-1.97107,0.2295,2.0085,0.61090,0.0009,0.7947,2.4553,8.337,FEASIBLE,0,269.50
209.800,-15.77740,15.99224,-1.96052,0.2268,2.0027,0.61090,0.0331,0.7774,2.4726,8.582,FEASIBLE,0,269.50
209.900,-15.76759,16.00483,-1.95439,0.1784,2.0094,0.61090,0.0288,0.7676,2.4824,8.307,FEASIBLE,0,269.50
210.000,-15.76061,16.01387,-1.95000,0.0634,2.0158,0.61090,0.0292,0.7606,2.4894,8.170,FEASIBLE,0,269.50
210.100,-15.76157,16.01238,-1.95048,0.0636,2.0191,0.61090,0.0008,0.7616,2.4884,8.940,FEASIBLE,0,269.50
210.200,-15.76903,15.99966,-1.95360,0.2094,2.0428,0.61090,0.0178,0.7690,2.4810,8.446,FEASIBLE,0,269.50
210.300,-15.78249,15.97073,-1.95602,0.4000,2.0314,0.61090,0.0391,0.7825,2.4675,10.365,FEASIBLE,0,269.50
210.400,-15.79914,15.91729,-1.94993,0.6849,1.9981,0.47127,0.0500,0.7991,2.4509,8.343,FEASIBLE,0,270.00
210.500,-15.81368,15.82785,-1.92438,1.0458,2.0981,0.44910,0.0613,0.8137,2.4363,8.315,FEASIBLE,0,270.00
210.600,-15.82385,15.70531,-1.88227,1.3387,2.2981,0.44183,0.0638,0.8238,2.4262,8.286,FEASIBLE,0,270.00
210.700,-15.82853,15.55678,-1.83048,1.5861,2.2539,0.43633,0.0951,0.8285,2.4215,8.483,FEASIBLE,0,270.00
210.800,-15.82450,15.38394,-1.77060,1.8181,2.1173,0.43633,0.0815,0.8245,2.4255,8.810,FEASIBLE,0,270.50
210.900,-15.81560,15.18965,-1.71307,2.0296,2.0434,0.43633,0.1476,0.8156,2.4344,8.101,FEASIBLE,0,270.50
211.000,-15.80714,14.97188,-1.66638,2.2848,1.8934,0.39381,0.1413,0.8071,2.4429,8.095,FEASIBLE,0,270.50
211.100,-15.80329,14.73198,-1.63564,2.4298,1.8000,0.41404,0.1769,0.8054,2.4446,8.735,FEASIBLE,0,271.00
211.200,-15.80201,14.48831,-1.61645,2.4336,1.9000,0.34172,0.1125,0.8093,2.4407,9.009,FEASIBLE,0,271.00
211.300,-15.80015,14.24816,-1.60206,2.3708,2.1000,0.37690,0.1823,0.8177,2.4323,10.450,FEASIBLE,0,271.50
211.400,-15.79361,14.01726,-1.58600,2.2837,1.9500,0.37149,0.1674,0.8237,2.4263,8.448,FEASIBLE,0,271.50
211.500,-15.77850,13.79714,-1.56213,2.1345,1.9000,0.37592,0.1592,0.8232,2.4268,7.691,FEASIBLE,0,272.00
211.600,-15.74731,13.59920,-1.52471,1.9142,1.9000,0.38928,0.1673,0.8095,2.4405,9.106,FEASIBLE,0,272.00
211.700,-15.69770,13.43029,-1.47109,1.6473,1.7500,0.39810,0.0915,0.7748,2.4752,10.360,FEASIBLE,0,272.00
211.800,-15.64073,13.29124,-1.41553,1.4224,1.9500,0.29093,0.0564,0.7326,2.5174,12.438,FEASIBLE,0,272.50
211.900,-15.58273,13.17147,-1.36474,1.2785,2.1378,0.25321,0.0416,0.6895,2.5605,8.260,FEASIBLE,0,272.50
212.000,-15.52369,13.06416,-1.31771,1.1955,1.9878,0.19074,0.0098,0.6438,2.6062,8.403,FEASIBLE,0,272.50
212.100,-15.46171,12.96338,-1.27219,1.1793,2.1878,0.10155,0.0087,0.5945,2.6555,10.571,FEASIBLE,0,272.50
212.200,-15.39746,12.86715,-1.22966,1.1327,2.1839,0.03591,0.0076,0.5423,2.7077,8.757,FEASIBLE,0,273.00
212.300,-15.33971,12.77275,-1.20191,1.0933,2.0865,-0.02737,0.0006,0.4998,2.7502,8.733,FEASIBLE,0,273.00
212.400,-15.28914,12.67218,-1.19116,1.2167,2.1865,0.08229,0.0074,0.4653,2.7847,10.549,FEASIBLE,0,273.00
212.500,-15.24692,12.54439,-1.20131,1.4582,2.1852,0.06750,0.0583,0.4432,2.8068,9.708,FEASIBLE,0,273.00
212.600,-15.21411,12.38362,-1.23524,1.7617,2.1007,0.09459,0.0834,0.4355,2.8145,8.632,FEASIBLE,0,273.00
212.702,-15.18797,12.14808,-1.29790,2.1244,1.7351,0.02264,0.1458,0.4534,2.7966,8.263,FEASIBLE,0,273.50
212.800,-15.18177,11.96646,-1.35072,2.3567,1.8351,0.06662,0.1554,0.4812,2.7688,6.837,FEASIBLE,0,273.50
212.904,-15.19839,11.66066,-1.44620,2.6849,1.8000,0.21394,0.2607,0.5607,2.6893,6.742,FEASIBLE,0,274.00
213.000,-15.22929,11.44240,-1.51613,2.7818,1.8000,0.31392,0.2631,0.6387,2.6113,9.236,FEASIBLE,0,274.00
213.100,-15.28830,11.17419,-1.60314,2.7523,1.8000,0.44544,0.2816,0.7591,2.4909,10.626,FEASIBLE,0,274.50
213.200,-15.36699,10.90143,-1.68516,2.8313,1.6500,0.50372,0.3192,0.9038,2.3462,6.871,FEASIBLE,0,274.50
213.300,-15.45393,10.64284,-1.75142,2.6444,1.5000,0.47222,0.3585,1.0551,2.1949,8.052,FEASIBLE,0,275.00
213.400,-15.53522,10.40859,-1.79309,2.3730,1.3500,0.45983,0.3206,1.1995,2.0505,7.023,FEASIBLE,0,275.00
213.500,-15.60069,10.19699,-1.81101,2.0720,1.3000,0.51160,0.2787,1.3223,1.9277,8.049,FEASIBLE,0,275.00
213.600,-15.64003,10.02008,-1.80524,1.6431,1.5000,0.49434,0.2555,1.4124,1.8376,7.426,FEASIBLE,0,275.50
213.700,-15.65334,9.87869,-1.77985,1.2714,1.3500,0.54558,0.1550,1.4696,1.7804,7.752,FEASIBLE,0,275.50
213.802,-15.65023,9.78074,-1.74925,0.8131,1.5500,0.53539,0.1310,1.4976,1.7524,7.910,FEASIBLE,0,275.50
213.900,-15.64437,9.72434,-1.72808,0.4153,1.7500,0.52512,0.0590,1.5098,1.7402,10.377,FEASIBLE,0,275.50
214.000,-15.64170,9.70334,-1.71995,0.0847,1.9500,0.61090,0.0323,1.5139,1.7361,7.255,FEASIBLE,0,275.50
214.100,-15.64196,9.70755,-1.72132,0.1024,2.1500,0.61090,0.0084,1.5128,1.7372,7.128,FEASIBLE,0,275.50
214.200,-15.64158,9.72565,-1.72495,0.2310,2.3500,0.61090,0.0524,1.5068,1.7432,6.225,FEASIBLE,0,275.50
214.300,-15.63792,9.75534,-1.72644,0.3431,2.5500,0.61090,0.0786,1.4939,1.7561,7.139,FEASIBLE,0,275.50
214.400,-15.62439,9.80965,-1.71834,0.5620,2.6576,0.61090,0.0776,1.4639,1.7861,7.329,FEASIBLE,0,275.50
214.500,-15.61152,9.85499,-1.71124,0.5970,2.6547,0.51959,0.0964,1.4374,1.8126,6.250,FEASIBLE,0,275.50
214.600,-15.59633,9.91046,-1.70556,0.5216,2.6804,0.52394,0.0915,1.4055,1.8445,6.538,FEASIBLE,0,275.50
214.700,-15.58670,9.95205,-1.69998,0.3682,2.7077,0.61090,0.0750,1.3833,1.8667,6.897,FEASIBLE,0,275.50
214.800,-15.57812,9.97757,-1.69256,0.2149,2.7534,0.61090,0.0234,1.3671,1.8829,6.393,FEASIBLE,0,275.50
214.900,-15.57467,9.98618,-1.68920,0.0003,2.7548,0.61090,0.0371,1.3611,1.8889,5.778,FEASIBLE,0,275.50
215.000,-15.58011,9.96602,-1.69335,0.3382,2.7885,0.61090,0.0141,1.3726,1.8774,6.200,FEASIBLE,0,275.50
215.100,-15.58695,9.91673,-1.69425,0.5986,2.7606,0.61090,0.0454,1.3946,1.8554,6.873,FEASIBLE,0,275.50
215.200,-15.58824,9.84303,-1.68369,0.8276,2.7502,0.53454,0.0907,1.4191,1.8309,6.053,FEASIBLE,0,275.50
215.300,-15.57855,9.74786,-1.65657,1.0435,2.6915,0.52652,0.0922,1.4399,1.8101,6.300,FEASIBLE,0,275.50
215.400,-15.55514,9.63189,-1.61322,1.2799,2.6432,0.51932,0.1089,1.4543,1.7957,6.022,FEASIBLE,0,275.50
215.500,-15.51823,9.49331,-1.55836,1.5364,2.5757,0.50951,0.1533,1.4648,1.7852,6.561,FEASIBLE,0,276.00
215.600,-15.46481,9.33269,-1.49321,1.7958,2.4257,0.54794,0.0905,1.4705,1.7795,6.410,FEASIBLE,0,276.00
215.700,-15.37243,9.11420,-1.40181,2.1075,2.6257,0.54261,0.1917,1.4596,1.7904,5.809,FEASIBLE,0,276.00
215.802,-15.26654,8.91374,-1.31470,2.3743,2.4757,0.52151,0.1945,1.4345,1.8155,5.816,FEASIBLE,0,276.50
215.900,-15.12881,8.70161,-1.21765,2.6338,2.3257,0.52441,0.1093,1.3871,1.8629,5.527,FEASIBLE,0,276.50
216.000,-14.95418,8.48565,-1.11094,2.8795,2.5257,0.45415,0.1306,1.3106,1.9394,6.115,FEASIBLE,0,277.00
216.102,-14.74025,8.27363,-0.99614,3.0778,2.3667,0.35110,0.1338,1.2020,2.0480,6.029,FEASIBLE,0,277.00
216.200,-14.54880,8.11146,-0.90874,3.1656,2.4667,0.29426,0.1002,1.0960,2.1540,5.388,FEASIBLE,0,277.50
216.302,-14.24339,7.87887,-0.79983,3.2022,2.6451,0.17324,0.1128,0.9237,2.3263,6.826,FEASIBLE,0,277.50
216.400,-14.03791,7.72922,-0.74819,3.1515,2.4951,0.08787,0.0032,0.8083,2.4417,5.528,FEASIBLE,0,278.00
216.500,-13.79228,7.54383,-0.71301,3.0230,2.6634,0.03129,0.1024,0.6782,2.5718,5.296,FEASIBLE,0,278.00
216.600,-13.57189,7.35445,-0.71360,2.8300,2.5134,-0.13711,0.0360,0.5768,2.6732,5.440,FEASIBLE,0,278.50
216.700,-13.37575,7.14804,-0.74987,2.9089,2.7134,-0.12014,0.0009,0.5094,2.7406,6.307,FEASIBLE,0,278.50
216.800,-13.21509,6.92643,-0.81525,2.6134,2.5634,-0.13293,0.1473,0.4859,2.7641,6.146,FEASIBLE,0,279.00
216.900,-13.10791,6.71787,-0.89540,2.1526,2.5387,0.02814,0.1623,0.5045,2.7455,6.422,FEASIBLE,0,279.00
217.000,-13.02870,6.50880,-0.98014,1.6667,2.3887,0.13515,0.1769,0.5507,2.6993,5.552,FEASIBLE,0,279.50
217.100,-12.99447,6.39418,-1.02623,1.3977,2.3967,0.23990,0.1909,0.5857,2.6643,5.782,FEASIBLE,0,279.50
217.200,-12.96561,6.27503,-1.07370,1.1201,2.2467,0.32826,0.1192,0.6278,2.6222,5.346,FEASIBLE,0,279.50
217.300,-12.94718,6.17823,-1.11201,0.9069,2.4467,0.42745,0.1168,0.6661,2.5839,4.534,FEASIBLE,0,279.50
217.400,-12.93383,6.10196,-1.14006,0.6856,2.6467,0.50649,0.1059,0.6972,2.5528,5.018,FEASIBLE,0,279.50
217.500,-12.91907,6.04497,-1.15341,0.5249,2.8467,0.50276,0.0817,0.7175,2.5325,5.273,FEASIBLE,0,280.00
217.600,-12.90347,6.00299,-1.15691,0.4375,2.9669,0.61090,0.0660,0.7293,2.5207,5.053,FEASIBLE,0,280.00
217.700,-12.87343,5.94960,-1.14901,0.5916,3.1669,0.61090,0.0386,0.7359,2.5141,4.319,FEASIBLE,0,280.00
217.800,-12.83885,5.90509,-1.13125,0.7676,3.3203,0.54677,0.0324,0.7337,2.5163,4.429,FEASIBLE,0,280.00
217.900,-12.78280,5.83991,-1.10125,0.9246,3.2583,0.54573,0.0575,0.7260,2.5240,4.176,FEASIBLE,0,280.00
218.000,-12.71194,5.76253,-1.06485,1.1406,3.2053,0.54097,0.0456,0.7134,2.5366,4.466,FEASIBLE,0,280.00
218.100,-12.62105,5.67095,-1.02011,1.3911,3.0775,0.53074,0.0639,0.6927,2.5573,4.631,FEASIBLE,0,280.00
218.200,-12.48174,5.54502,-0.95510,1.6899,2.9492,0.39993,0.0791,0.6583,2.5917,4.909,FEASIBLE,0,280.50
218.300,-12.36899,5.45777,-0.90151,1.8435,3.0492,0.34307,0.0297,0.6219,2.6281,4.907,FEASIBLE,0,280.50
218.400,-12.20339,5.34925,-0.82486,2.0748,3.2492,0.29288,0.0237,0.5566,2.6934,4.351,FEASIBLE,0,280.50
218.500,-12.00821,5.24133,-0.73890,2.3261,3.0294,0.18319,0.0128,0.4733,2.7767,3.842,FEASIBLE,0,281.00
218.600,-11.78211,5.14214,-0.64355,2.5697,2.8136,0.13205,0.0006,0.3615,2.8885,3.773,FEASIBLE,0,281.00
218.700,-11.52389,5.05824,-0.53882,2.8121,2.5799,-0.14720,0.0303,0.2190,3.0310,3.897,FEASIBLE,0,281.50
218.800,-11.23450,4.99723,-0.42498,3.0335,2.3299,-0.26691,0.1010,0.0419,3.2081,3.999,FEASIBLE,0,281.50
218.904,-10.86636,4.95062,-0.30222,3.1405,2.5299,-0.48582,0.2435,0.1995,3.0505,3.663,FEASIBLE,0,282.00
219.004,-10.61294,4.91982,-0.24635,3.2200,2.3799,-0.61090,0.3282,0.3631,2.8869,3.773,FEASIBLE,0,282.00
219.102,-10.21497,4.85773,-0.20806,3.5307,1.8799,-0.61090,0.4287,0.6054,2.6446,3.561,FEASIBLE,0,282.50
219.202,-9.88884,4.78116,-0.21683,3.2109,1.7299,-0.61090,0.2636,0.7812,2.4688,3.233,FEASIBLE,0,282.50
219.300,-9.59536,4.67920,-0.26126,3.0270,1.8000,-0.61090,0.4040,0.9078,2.3422,3.542,FEASIBLE,0,283.00
219.400,-9.32663,4.54186,-0.33596,3.0156,1.6500,-0.61090,0.3452,0.9882,2.2618,3.505,FEASIBLE,0,283.50
219.500,-9.12613,4.40887,-0.40797,3.0629,1.2000,-0.61090,0.2521,1.0196,2.2304,3.189,FEASIBLE,0,283.50
219.600,-8.90527,4.23633,-0.49440,2.6187,1.3000,-0.61090,0.2030,1.0305,2.2195,2.860,FEASIBLE,0,284.00
219.700,-8.73269,4.07719,-0.56577,2.1697,1.5000,-0.56321,0.1147,1.0160,2.2340,3.056,FEASIBLE,0,284.00
219.800,-8.59841,3.94167,-0.61864,1.7366,1.7000,-0.57086,0.1249,0.9930,2.2570,3.254,FEASIBLE,0,284.50
219.900,-8.49406,3.83651,-0.65072,1.3196,1.9000,-0.51403,0.0725,0.9724,2.2776,2.713,FEASIBLE,0,284.50
220.000,-8.40267,3.75084,-0.66665,0.8520,2.2000,-0.51747,0.0532,0.9595,2.2905,2.758,FEASIBLE,0,284.50
220.100,-8.36210,3.71650,-0.66889,0.5523,2.3000,-0.39459,0.0509,0.9567,2.2933,2.709,FEASIBLE,0,284.50
220.200,-8.33489,3.69521,-0.66853,0.2168,2.4596,-0.47753,0.0242,0.9563,2.2937,2.921,FEASIBLE,0,284.50
220.300,-8.33220,3.69282,-0.66850,0.0741,2.3928,-0.47567,0.0014,0.9560,2.2940,2.929,FEASIBLE,0,284.50
220.400,-8.35023,3.70326,-0.67049,0.3012,2.3893,-0.46907,0.0321,0.9534,2.2966,2.707,FEASIBLE,0,284.50
220.500,-8.39095,3.72257,-0.68281,0.5328,2.3562,-0.45003,0.0535,0.9441,2.3059,3.458,FEASIBLE,0,284.50
220.600,-8.44946,3.74925,-0.70634,0.7039,2.3747,-0.40655,0.1125,0.9300,2.3200,2.849,FEASIBLE,0,284.50
220.700,-8.51788,3.78164,-0.73528,0.7827,2.4747,-0.36092,0.0873,0.9143,2.3357,3.191,FEASIBLE,0,284.50
220.800,-8.58854,3.81756,-0.76583,0.7911,2.6329,-0.45436,0.1183,0.9002,2.3498,2.724,FEASIBLE,0,284.50
220.900,-8.65526,3.85401,-0.79519,0.7323,2.7034,-0.36941,0.1129,0.8888,2.3612,2.678,FEASIBLE,0,284.50
221.000,-8.71252,3.88738,-0.82080,0.6084,2.8034,-0.40211,0.0869,0.8808,2.3692,2.601,FEASIBLE,0,284.50
221.100,-8.75517,3.91356,-0.84013,0.4196,3.0034,-0.32816,0.0899,0.8749,2.3751,2.746,FEASIBLE,0,284.00
221.200,-8.77834,3.92826,-0.85075,0.1719,3.2034,-0.37331,0.0607,0.8717,2.3783,2.581,FEASIBLE,0,284.00
221.300,-8.78033,3.92900,-0.85214,0.0726,3.0022,-0.47248,0.0229,0.8710,2.3790,2.853,FEASIBLE,0,284.00
221.400,-8.76389,3.91276,-0.84942,0.3506,2.5070,-0.39308,0.0335,0.8688,2.3812,2.961,FEASIBLE,0,284.00
221.500,-8.72888,3.87074,-0.85122,0.6737,2.5102,-0.53270,0.0236,0.8576,2.3924,2.917,FEASIBLE,0,284.50
221.600,-8.68548,3.80427,-0.86622,0.8719,2.4297,-0.39308,0.0354,0.8309,2.4191,2.884,FEASIBLE,0,284.50
221.700,-8.64172,3.71595,-0.89790,1.0661,2.5297,-0.29075,0.0138,0.7871,2.4629,2.694,FEASIBLE,0,284.50
221.800,-8.59699,3.60434,-0.94304,1.2965,2.7297,-0.24540,0.0118,0.7253,2.5247,2.583,FEASIBLE,0,284.50
221.900,-8.55189,3.47049,-0.99737,1.4811,2.7749,-0.21538,0.0358,0.6460,2.6040,2.748,FEASIBLE,0,284.50
222.000,-8.50840,3.31262,-1.05981,1.7523,2.5249,0.06388,0.0685,0.5448,2.7052,2.715,FEASIBLE,0,285.00
222.100,-8.45800,3.12615,-1.11770,2.0537,2.3749,0.29092,0.1309,0.4218,2.8282,2.702,FEASIBLE,0,285.00
222.200,-8.38939,2.91306,-1.15466,2.3425,2.5749,0.41114,0.0982,0.2876,2.9624,2.765,FEASIBLE,0,285.00
222.300,-8.30052,2.68698,-1.16629,2.3794,2.7749,0.45417,0.0738,0.1512,3.0988,2.701,FEASIBLE,0,285.50
222.404,-8.17036,2.41498,-1.14878,2.6240,2.2749,0.56079,0.1108,0.0042,3.2458,2.653,FEASIBLE,0,285.50
222.502,-8.02897,2.18255,-1.10764,2.7757,2.1249,0.61090,0.1850,0.1238,3.1262,2.533,FEASIBLE,0,286.00
222.600,-7.89404,2.00220,-1.05850,2.8382,2.3249,0.61090,0.1903,0.2071,3.0429,3.427,FEASIBLE,0,286.00
222.700,-7.65784,1.75760,-0.96009,2.8230,2.1749,0.61090,0.1938,0.2967,2.9533,2.832,FEASIBLE,0,286.50
222.800,-7.47980,1.61857,-0.87977,2.8317,1.6749,0.61090,0.1965,0.3297,2.9203,2.779,FEASIBLE,0,286.50
222.900,-7.19522,1.44737,-0.75396,2.6998,1.5249,0.61090,0.1688,0.3440,2.9060,2.295,FEASIBLE,0,287.00
223.000,-7.00594,1.35908,-0.67366,2.5561,1.7249,0.53803,0.0826,0.3343,2.9157,2.539,FEASIBLE,0,287.00
223.100,-6.78046,1.27773,-0.58168,2.2846,1.9249,0.43603,0.0781,0.3054,2.9446,2.319,FEASIBLE,0,287.50
223.200,-6.57596,1.22438,-0.50075,2.0086,1.7749,0.41247,0.0828,0.2645,2.9855,2.342,FEASIBLE,0,287.50
223.300,-6.39548,1.19111,-0.42943,1.7215,1.6249,0.30819,0.0093,0.2160,3.0340,1.885,FEASIBLE,0,287.50
223.400,-6.24230,1.17289,-0.36985,1.4220,1.8249,0.22814,0.0009,0.1704,3.0796,1.811,FEASIBLE,0,288.00
223.500,-6.11815,1.16572,-0.32105,1.1251,1.9000,0.19556,0.0324,0.1268,3.1232,1.898,FEASIBLE,0,288.00
223.600,-6.01227,1.16329,-0.28068,0.6737,2.1000,0.09240,0.0241,0.0861,3.1639,1.862,FEASIBLE,0,288.00
223.700,-5.97811,1.16207,-0.26927,0.2797,2.3000,-0.04723,0.0060,0.0734,3.1766,1.863,FEASIBLE,0,288.00
223.800,-5.96800,1.15896,-0.26934,0.0078,2.5000,-0.07405,0.0177,0.0722,3.1778,2.418,FEASIBLE,0,288.00
223.900,-5.97150,1.15994,-0.26968,0.0545,2.8000,-0.05867,0.0007,0.0727,3.1773,2.004,FEASIBLE,0,288.00
224.000,-5.97688,1.16115,-0.27031,0.0744,2.9000,-0.09966,0.0314,0.0738,3.1762,1.810,FEASIBLE,0,288.00
224.100,-5.98418,1.16179,-0.27219,0.0691,3.1000,-0.06696,0.0092,0.0762,3.1738,2.076,FEASIBLE,0,288.00
224.200,-5.98782,1.16045,-0.27264,0.0242,3.3000,-0.05972,0.0159,0.0789,3.1711,1.978,FEASIBLE,0,288.00
224.300,-5.97753,1.15486,-0.27279,0.2249,3.5000,-0.03389,0.0159,0.0798,3.1702,1.710,FEASIBLE,0,288.00
224.400,-5.94169,1.14404,-0.27393,0.4693,3.7000,-0.04208,0.0076,0.0752,3.1748,1.624,FEASIBLE,0,288.00
224.500,-5.88718,1.12087,-0.28454,0.6357,3.8647,-0.05466,0.0089,0.0743,3.1757,1.791,FEASIBLE,0,288.00
224.600,-5.82349,1.09372,-0.29579,0.7414,3.7068,-0.03985,0.0179,0.0750,3.1750,1.656,FEASIBLE,0,288.50
224.700,-5.71910,1.06349,-0.29279,1.0504,3.8068,0.00432,0.0085,0.0641,3.1859,1.377,FEASIBLE,0,288.50
224.800,-5.62371,1.04757,-0.27696,1.3010,4.0068,-0.00988,0.0110,0.0432,3.2068,1.491,FEASIBLE,0,288.50
224.900,-5.47732,1.02881,-0.24964,1.5895,4.2068,-0.02118,0.0113,0.0058,3.2442,1.554,FEASIBLE,0,288.50
225.000,-5.30340,1.00647,-0.22399,1.8635,4.0936,-0.08377,0.0328,0.0364,3.2136,1.396,FEASIBLE,0,289.00
225.100,-5.10354,0.97416,-0.20953,2.1322,3.8436,-0.14136,0.0644,0.0745,3.1755,1.763,FEASIBLE,0,289.00
225.200,-4.87942,0.92292,-0.21544,2.4142,3.8058,-0.13512,0.0603,0.1032,3.1468,1.528,FEASIBLE,0,289.00
225.300,-4.63697,0.84152,-0.25013,2.5946,3.6558,-0.14940,0.0369,0.1015,3.1485,1.348,FEASIBLE,0,289.50
225.400,-4.39996,0.73162,-0.30868,2.7221,3.5058,-0.04926,0.0204,0.0705,3.1795,1.102,FEASIBLE,0,290.00
225.500,-4.15064,0.58170,-0.38829,3.0476,3.3558,0.12369,0.0529,0.0038,3.2462,1.087,FEASIBLE,0,290.00
225.600,-3.88702,0.38885,-0.47830,3.4102,3.5558,0.25870,0.1590,0.1186,3.1314,1.106,FEASIBLE,0,290.50
225.702,-3.55883,0.10755,-0.58330,3.7135,3.1558,0.50221,0.2937,0.3100,2.9400,1.094,FEASIBLE,0,290.50
225.804,-3.28892,-0.15363,-0.66097,3.7557,2.9058,0.60154,0.4089,0.5064,2.7436,0.765,FEASIBLE,0,291.00
225.900,-3.07844,-0.37336,-0.71098,3.8457,2.7558,0.61090,0.2761,0.6769,2.5731,0.717,FEASIBLE,0,291.50
226.000,-2.74130,-0.72439,-0.75894,4.2195,2.2558,0.61090,0.5386,0.9607,2.2893,0.774,FEASIBLE,0,291.50
226.100,-2.49421,-0.97432,-0.77202,4.4812,1.8000,0.61090,0.4713,1.1677,2.0823,0.410,FEASIBLE,0,292.00
226.202,-2.16616,-1.28786,-0.76597,4.5847,1.6500,0.61090,0.4722,1.4292,1.8208,0.449,FEASIBLE,0,292.50
226.300,-1.81555,-1.59230,-0.73510,4.6751,1.5000,0.61090,0.5182,1.6909,1.5591,0.714,FEASIBLE,0,292.50
226.400,-1.37007,-1.90909,-0.66587,4.5067,1.3500,0.61090,0.5374,1.9645,1.2855,0.073,FEASIBLE,0,293.00
226.500,-1.05751,-2.08238,-0.60131,4.3381,1.3500,0.61090,0.4293,2.1139,1.1361,0.109,FEASIBLE,0,293.50
226.600,-0.68238,-2.23695,-0.50711,3.9154,1.3500,0.61090,0.4633,2.2495,1.0005,0.073,FEASIBLE,0,293.50
226.700,-0.31806,-2.32902,-0.39278,3.7297,1.3500,0.61090,inf,2.3319,0.9181,0.000,INFEASIBLE: centerline unavailable or goal reached,0,294.00
226.800,0.11301,-2.35660,-0.23628,3.4363,1.3500,0.61090,inf,2.3524,0.8976,0.000,INFEASIBLE: centerline unavailable or goal reached,0,294.00
226.900,0.37079,-2.33504,-0.13737,3.1219,1.3500,0.61090,inf,2.3266,0.9234,0.000,INFEASIBLE: centerline unavailable or goal reached,0,294.00
227.000,0.65026,-2.28104,-0.02805,2.6726,1.3500,0.61090,inf,2.2679,0.9821,0.000,INFEASIBLE: centerline unavailable or goal reached,0,294.00
227.100,0.88686,-2.20621,0.07034,2.2804,1.3500,0.61090,inf,2.1892,1.0608,0.000,INFEASIBLE: centerline unavailable or goal reached,0,294.00
227.200,1.07593,-2.13129,0.14809,1.8858,1.3500,0.61090,inf,2.1112,1.1388,0.000,INFEASIBLE: centerline unavailable or goal reached,0,294.00
227.300,1.22558,-2.05742,0.21287,1.4734,1.3500,0.61090,inf,2.0348,1.2152,0.000,INFEASIBLE: centerline unavailable or goal reached,0,294.00
227.400,1.33030,-1.99765,0.25943,1.0427,1.3500,0.61090,inf,1.9734,1.2766,0.000,INFEASIBLE: centerline unavailable or goal reached,0,294.00
227.500,1.39860,-1.95555,0.29032,0.6423,1.3500,0.61090,inf,1.9301,1.3199,0.000,INFEASIBLE: centerline unavailable or goal reached,0,294.00
227.600,1.43969,-1.93041,0.30687,0.3727,1.3500,0.61090,inf,1.9043,1.3457,0.000,INFEASIBLE: centerline unavailable or goal reached,0,294.00
227.700,1.44761,-1.92666,0.30845,0.1132,1.3500,0.61090,inf,1.9004,1.3496,0.000,INFEASIBLE: centerline unavailable or goal reached,0,294.00
227.800,1.41826,-1.94318,0.29882,0.4694,1.3500,0.61090,inf,1.9174,1.3326,0.000,INFEASIBLE: centerline unavailable or goal reached,0,294.00
227.900,1.36080,-1.97820,0.27451,0.8073,1.3500,0.61090,inf,1.9534,1.2966,0.000,INFEASIBLE: centerline unavailable or goal reached,0,294.00
228.000,1.27945,-2.02587,0.23841,1.0162,1.3500,0.61090,inf,2.0024,1.2476,0.000,INFEASIBLE: centerline unavailable or goal reached,0,294.00
228.100,1.19138,-2.07335,0.19999,0.9821,1.3500,0.61090,inf,2.0513,1.1987,0.000,INFEASIBLE: centerline unavailable or goal reached,0,294.00
228.200,1.10798,-2.11442,0.16427,0.8875,1.3500,0.61090,inf,2.0938,1.1562,0.000,INFEASIBLE: centerline unavailable or goal reached,0,294.00
228.300,1.03522,-2.14727,0.13361,0.7306,1.3500,0.61090,inf,2.1278,1.1222,0.000,INFEASIBLE: centerline unavailable or goal reached,0,294.00
228.400,0.97938,-2.17069,0.11035,0.5139,1.3500,0.61090,inf,2.1522,1.0978,0.000,INFEASIBLE: centerline unavailable or goal reached,0,294.00
228.500,0.94587,-2.18401,0.09650,0.2451,1.3500,0.61090,inf,2.1660,1.0840,0.000,INFEASIBLE: centerline unavailable or goal reached,0,294.00
228.600,0.93795,-2.18687,0.09353,0.0131,1.3500,0.61090,inf,2.1690,1.0810,0.000,INFEASIBLE: centerline unavailable or goal reached,0,294.00
228.700,0.94827,-2.18339,0.09707,0.1865,1.3500,0.61090,inf,2.1654,1.0846,0.000,INFEASIBLE: centerline unavailable or goal reached,0,294.00
228.800,0.97950,-2.17138,0.10942,0.3286,1.3500,0.61090,inf,2.1529,1.0971,0.000,INFEASIBLE: centerline unavailable or goal reached,0,294.00
228.900,1.00558,-2.16075,0.12016,0.3584,1.3500,0.61090,inf,2.1418,1.1082,0.000,INFEASIBLE: centerline unavailable or goal reached,0,294.00
229.002,1.03732,-2.14725,0.13341,0.3249,1.3500,0.61090,inf,2.1278,1.1222,0.000,INFEASIBLE: centerline unavailable or goal reached,0,294.00
229.102,1.06119,-2.13707,0.14317,0.1936,1.3500,0.61090,inf,2.1172,1.1328,0.000,INFEASIBLE: centerline unavailable or goal reached,0,294.00
229.204,1.06664,-2.13499,0.14482,0.0400,1.3500,0.61090,inf,2.1150,1.1350,0.000,INFEASIBLE: centerline unavailable or goal reached,0,294.00
229.300,1.05544,-2.13899,0.14147,0.2062,1.3500,0.61090,inf,2.1192,1.1308,0.000,INFEASIBLE: centerline unavailable or goal reached,0,294.00
229.400,1.02815,-2.15069,0.13062,0.3517,1.3500,0.61090,inf,2.1314,1.1186,0.000,INFEASIBLE: centerline unavailable or goal reached,0,294.00
229.500,0.98194,-2.17004,0.11148,0.4514,1.3500,0.61090,inf,2.1515,1.0985,0.000,INFEASIBLE: centerline unavailable or goal reached,0,294.00
229.602,0.93819,-2.18714,0.09349,0.4749,1.3500,0.61090,inf,2.1693,1.0807,0.000,INFEASIBLE: centerline unavailable or goal reached,0,294.00
229.700,0.89600,-2.20285,0.07624,0.4267,1.3500,0.61090,inf,2.1857,1.0643,0.000,INFEASIBLE: centerline unavailable or goal reached,0,294.00
229.800,0.86128,-2.21530,0.06207,0.3221,1.3500,0.61090,inf,2.1987,1.0513,0.000,INFEASIBLE: centerline unavailable or goal reached,0,294.00
229.900,0.84174,-2.22205,0.05416,0.1048,1.3500,0.61090,inf,2.2058,1.0442,0.000,INFEASIBLE: centerline unavailable or goal reached,0,294.00
230.000,0.83991,-2.22269,0.05339,0.0188,1.3500,0.61090,inf,2.2065,1.0435,0.000,INFEASIBLE: centerline unavailable or goal reached,0,294.00
230.100,0.85343,-2.21854,0.05819,0.2107,1.3500,0.61090,inf,2.2021,1.0479,0.000,INFEASIBLE: centerline unavailable or goal reached,0,294.00
230.200,0.88003,-2.20942,0.06870,0.3176,1.3500,0.61090,inf,2.1925,1.0575,0.000,INFEASIBLE: centerline unavailable or goal reached,0,294.00
230.300,0.91198,-2.19779,0.08170,0.3442,1.3500,0.61090,inf,2.1804,1.0696,0.000,INFEASIBLE: centerline unavailable or goal reached,0,294.00
230.400,0.94179,-2.18653,0.09392,0.2914,1.3500,0.61090,inf,2.1686,1.0814,0.000,INFEASIBLE: centerline unavailable or goal reached,0,294.00
230.500,0.96105,-2.17986,0.10114,0.1128,1.3500,0.61090,inf,2.1616,1.0884,0.000,INFEASIBLE: centerline unavailable or goal reached,0,294.00
230.600,0.96190,-2.17927,0.10131,0.0653,1.3500,0.61090,inf,2.1610,1.0890,0.000,INFEASIBLE: centerline unavailable or goal reached,0,294.00
230.700,0.94494,-2.18512,0.09571,0.2450,1.3500,0.61090,inf,2.1672,1.0828,0.000,INFEASIBLE: centerline unavailable or goal reached,0,294.00
230.800,0.91469,-2.19681,0.08354,0.3706,1.3500,0.61090,inf,2.1794,1.0706,0.000,INFEASIBLE: centerline unavailable or goal reached,0,294.00
230.900,0.87547,-2.21095,0.06763,0.4426,1.3500,0.61090,inf,2.1941,1.0559,0.000,INFEASIBLE: centerline unavailable or goal reached,0,294.00
231.000,0.83292,-2.22514,0.05058,0.4413,1.3500,0.61090,inf,2.2090,1.0410,0.000,INFEASIBLE: centerline unavailable or goal reached,0,294.00
231.100,0.79368,-2.23805,0.03471,0.3860,1.3500,0.61090,inf,2.2226,1.0274,0.000,INFEASIBLE: centerline unavailable or goal reached,0,294.00
231.200,0.76323,-2.24775,0.02240,0.2651,1.3500,0.61090,inf,2.2328,1.0172,0.000,INFEASIBLE: centerline unavailable or goal reached,0,294.00
231.300,0.75153,-2.25228,0.01744,0.0469,1.3500,0.61090,inf,2.2375,1.0125,0.000,INFEASIBLE: centerline unavailable or goal reached,0,294.00
231.400,0.75576,-2.25093,0.01882,0.1199,1.3500,0.61090,inf,2.2361,1.0139,0.000,INFEASIBLE: centerline unavailable or goal reached,0,294.00
231.500,0.77595,-2.24436,0.02665,0.2665,1.3500,0.61090,inf,2.2292,1.0208,0.000,INFEASIBLE: centerline unavailable or goal reached,0,294.00
231.602,0.81189,-2.23301,0.04097,0.3312,1.3500,0.61090,inf,2.2173,1.0327,0.000,INFEASIBLE: centerline unavailable or goal reached,0,294.00
231.700,0.83630,-2.22490,0.05084,0.3093,1.3500,0.61090,inf,2.2087,1.0413,0.000,INFEASIBLE: centerline unavailable or goal reached,0,294.00
231.800,0.86058,-2.21692,0.06047,0.2033,1.3500,0.61090,inf,2.2004,1.0496,0.000,INFEASIBLE: centerline unavailable or goal reached,0,294.00
231.900,0.86810,-2.21511,0.06249,0.0130,1.3500,0.61090,inf,2.1984,1.0516,0.000,INFEASIBLE: centerline unavailable or goal reached,0,294.00
232.000,0.85786,-2.21786,0.05961,0.1830,1.3500,0.61090,inf,2.2013,1.0487,0.000,INFEASIBLE: centerline unavailable or goal reached,0,294.00
232.100,0.83218,-2.22652,0.04975,0.3219,1.3500,0.61090,inf,2.2104,1.0396,0.000,INFEASIBLE: centerline unavailable or goal reached,0,294.00
232.204,0.78781,-2.24053,0.03211,0.4203,1.3500,0.61090,inf,2.2252,1.0248,0.000,INFEASIBLE: centerline unavailable or goal reached,0,294.00
232.304,0.74815,-2.25427,0.01566,0.4011,1.3500,0.61090,inf,2.2396,1.0104,0.000,INFEASIBLE: centerline unavailable or goal reached,0,294.00
232.404,0.71294,-2.26649,0.00068,0.3478,1.3500,0.61090,inf,2.2524,0.9976,0.000,INFEASIBLE: centerline unavailable or goal reached,0,294.00
232.500,0.68867,-2.27321,-0.00915,0.2897,1.3500,0.61090,inf,2.2595,0.9905,0.000,INFEASIBLE: centerline unavailable or goal reached,0,294.00
232.600,0.66952,-2.27623,-0.01514,0.0894,1.3500,0.61090,inf,2.2628,0.9872,0.000,INFEASIBLE: centerline unavailable or goal reached,0,294.00
232.702,0.67243,-2.27568,-0.01435,0.1182,1.3500,0.61090,inf,2.2622,0.9878,0.000,INFEASIBLE: centerline unavailable or goal reached,0,294.00
232.802,0.69213,-2.27065,-0.00717,0.2486,1.3500,0.61090,inf,2.2569,0.9931,0.000,INFEASIBLE: centerline unavailable or goal reached,0,294.00
232.900,0.71372,-2.26480,0.00142,0.2914,1.3500,0.61090,inf,2.2507,0.9993,0.000,INFEASIBLE: centerline unavailable or goal reached,0,294.00
233.002,0.74717,-2.25468,0.01511,0.2801,1.3500,0.61090,inf,2.2400,1.0100,0.000,INFEASIBLE: centerline unavailable or goal reached,0,294.00
233.100,0.76445,-2.24767,0.02261,0.1987,1.3500,0.61090,inf,2.2327,1.0173,0.000,INFEASIBLE: centerline unavailable or goal reached,0,294.00
233.200,0.77396,-2.24625,0.02513,0.0346,1.3500,0.61090,inf,2.2311,1.0189,0.000,INFEASIBLE: centerline unavailable or goal reached,0,294.00
233.300,0.76574,-2.24832,0.02286,0.1658,1.3500,0.61090,inf,2.2333,1.0167,0.000,INFEASIBLE: centerline unavailable or goal reached,0,294.00
233.400,0.74187,-2.25579,0.01377,0.2950,1.3500,0.61090,inf,2.2412,1.0088,0.000,INFEASIBLE: centerline unavailable or goal reached,0,294.00
233.500,0.70999,-2.26609,0.00053,0.3592,1.3500,0.61090,inf,2.2520,0.9980,0.000,INFEASIBLE: centerline unavailable or goal reached,0,294.00
233.600,0.67281,-2.27764,-0.01492,0.4014,1.3500,0.61090,inf,2.2642,0.9858,0.000,INFEASIBLE: centerline unavailable or goal reached,0,294.00
233.700,0.63498,-2.28817,-0.03018,0.3777,1.3500,0.61090,inf,2.2753,0.9747,0.000,INFEASIBLE: centerline unavailable or goal reached,0,294.00
233.800,0.60237,-2.29490,-0.04266,0.2965,1.3500,0.61090,inf,2.2826,0.9674,0.000,INFEASIBLE: centerline unavailable or goal reached,0,294.00
233.900,0.58491,-2.29737,-0.04821,0.0745,1.3500,0.61090,inf,2.2853,0.9647,0.000,INFEASIBLE: centerline unavailable or goal reached,0,294.00
234.000,0.58631,-2.29718,-0.04785,0.0925,1.3500,0.61090,inf,2.2851,0.9649,0.000,INFEASIBLE: centerline unavailable or goal reached,0,294.00
234.100,0.60462,-2.29368,-0.04176,0.2369,1.3500,0.61090,inf,2.2813,0.9687,0.000,INFEASIBLE: centerline unavailable or goal reached,0,294.00
234.200,0.63206,-2.28713,-0.03117,0.3020,1.3500,0.61090,inf,2.2743,0.9757,0.000,INFEASIBLE: centerline unavailable or goal reached,0,294.00
234.300,0.66122,-2.27971,-0.01966,0.2893,1.3500,0.61090,inf,2.2664,0.9836,0.000,INFEASIBLE: centerline unavailable or goal reached,0,294.00
234.400,0.68414,-2.27389,-0.01066,0.1831,1.3500,0.61090,inf,2.2602,0.9898,0.000,INFEASIBLE: centerline unavailable or goal reached,0,294.00
234.500,0.69167,-2.27371,-0.00849,0.0267,1.3500,0.61090,inf,2.2599,0.9901,0.000,INFEASIBLE: centerline unavailable or goal reached,0,294.00
234.600,0.68221,-2.27632,-0.01182,0.1758,1.3500,0.61090,inf,2.2627,0.9873,0.000,INFEASIBLE: centerline unavailable or goal reached,0,294.00
234.700,0.65698,-2.28279,-0.02147,0.3095,1.3500,0.61090,inf,2.2696,0.9804,0.000,INFEASIBLE: centerline unavailable or goal reached,0,294.00
234.800,0.62235,-2.29151,-0.03511,0.3811,1.3500,0.61090,inf,2.2789,0.9711,0.000,INFEASIBLE: centerline unavailable or goal reached,0,294.00
234.900,0.58397,-2.30045,-0.05020,0.3953,1.3500,0.61090,inf,2.2884,0.9616,0.000,INFEASIBLE: centerline unavailable or goal reached,0,294.00
235.000,0.54703,-2.30748,-0.06436,0.3564,1.3500,0.61090,inf,2.2961,0.9539,0.000,INFEASIBLE: centerline unavailable or goal reached,0,294.00
235.100,0.51866,-2.31249,-0.07511,0.2338,1.3500,0.61090,inf,2.3016,0.9484,0.000,INFEASIBLE: centerline unavailable or goal reached,0,294.00
235.200,0.50821,-2.31395,-0.07826,0.0383,1.3500,0.61090,inf,2.3032,0.9468,0.000,INFEASIBLE: centerline unavailable or goal reached,0,294.00
235.300,0.51480,-2.31323,-0.07654,0.1415,1.3500,0.61090,inf,2.3024,0.9476,0.000,INFEASIBLE: centerline unavailable or goal reached,0,294.00
235.400,0.54131,-2.30834,-0.06704,0.2685,1.3500,0.61090,inf,2.2970,0.9530,0.000,INFEASIBLE: centerline unavailable or goal reached,0,294.00
235.500,0.56383,-2.30359,-0.05832,0.2933,1.3500,0.61090,inf,2.2919,0.9581,0.000,INFEASIBLE: centerline unavailable or goal reached,0,294.00
235.606,0.59500,-2.29662,-0.04610,0.2324,1.3500,0.61090,inf,2.2844,0.9656,0.000,INFEASIBLE: centerline unavailable or goal reached,0,294.00
235.702,0.60836,-2.29502,-0.04137,0.0682,1.3500,0.61090,inf,2.2826,0.9674,0.000,INFEASIBLE: centerline unavailable or goal reached,0,294.00
235.800,0.60788,-2.29581,-0.04171,0.0754,1.3500,0.61090,inf,2.2834,0.9666,0.000,INFEASIBLE: centerline unavailable or goal reached,0,294.00
235.902,0.58537,-2.30044,-0.04986,0.2617,1.3500,0.61090,inf,2.2884,0.9616,0.000,INFEASIBLE: centerline unavailable or goal reached,0,294.00
236.000,0.55401,-2.30732,-0.06204,0.3529,1.3500,0.61090,inf,2.2958,0.9542,0.000,INFEASIBLE: centerline unavailable or goal reached,0,294.00
236.100,0.51704,-2.31480,-0.07644,0.3852,1.3500,0.61090,inf,2.3039,0.9461,0.000,INFEASIBLE: centerline unavailable or goal reached,0,294.00
236.200,0.48715,-2.31996,-0.08791,0.3712,1.3500,0.61090,inf,2.3095,0.9405,0.000,INFEASIBLE: centerline unavailable or goal reached,0,294.00
236.300,0.45476,-2.32483,-0.10017,0.2830,1.3500,0.61090,inf,2.3150,0.9350,0.000,INFEASIBLE: centerline unavailable or goal reached,0,294.00
236.400,0.43604,-2.32773,-0.10696,0.1037,1.3500,0.61090,inf,2.3182,0.9318,0.000,INFEASIBLE: centerline unavailable or goal reached,0,294.00
236.500,0.43501,-2.32779,-0.10719,0.0593,1.3500,0.61090,inf,2.3182,0.9318,0.000,INFEASIBLE: centerline unavailable or goal reached,0,294.00
236.600,0.45057,-2.32596,-0.10235,0.2081,1.3500,0.61090,inf,2.3162,0.9338,0.000,INFEASIBLE: centerline unavailable or goal reached,0,294.00
236.700,0.47561,-2.32164,-0.09291,0.2747,1.3500,0.61090,inf,2.3114,0.9386,0.000,INFEASIBLE: centerline unavailable or goal reached,0,294.00
236.800,0.50756,-2.31564,-0.08050,0.2521,1.3500,0.61090,inf,2.3049,0.9451,0.000,INFEASIBLE: centerline unavailable or goal reached,0,294.00
236.900,0.52347,-2.31291,-0.07438,0.1565,1.3500,0.61090,inf,2.3019,0.9481,0.000,INFEASIBLE: centerline unavailable or goal reached,0,294.00
237.000,0.52946,-2.31351,-0.07256,0.0057,1.3500,0.61090,inf,2.3024,0.9476,0.000,INFEASIBLE: centerline unavailable or goal reached,0,294.00
237.100,0.51785,-2.31530,-0.07649,0.1834,1.3500,0.61090,inf,2.3044,0.9456,0.000,INFEASIBLE: centerline unavailable or goal reached,0,294.00
237.200,0.49257,-2.32002,-0.08607,0.2983,1.3500,0.61090,inf,2.3095,0.9405,0.000,INFEASIBLE: centerline unavailable or goal reached,0,294.00
237.300,0.45942,-2.32609,-0.09895,0.3547,1.3500,0.61090,inf,2.3161,0.9339,0.000,INFEASIBLE: centerline unavailable or goal reached,0,294.00
237.400,0.42395,-2.33176,-0.11264,0.3551,1.3500,0.61090,inf,2.3224,0.9276,0.000,INFEASIBLE: centerline unavailable or goal reached,0,294.00
237.500,0.39160,-2.33539,-0.12472,0.2917,1.3500,0.61090,inf,2.3266,0.9234,0.000,INFEASIBLE: centerline unavailable or goal reached,0,294.00
237.600,0.36983,-2.33826,-0.13260,0.0821,1.3500,0.61090,inf,2.3298,0.9202,0.000,INFEASIBLE: centerline unavailable or goal reached,0,294.00
237.700,0.36860,-2.33827,-0.13284,0.0323,1.3500,0.61090,inf,2.3298,0.9202,0.000,INFEASIBLE: centerline unavailable or goal reached,0,294.00
237.800,0.38193,-2.33712,-0.12881,0.1878,1.3500,0.61090,inf,2.3284,0.9216,0.000,INFEASIBLE: centerline unavailable or goal reached,0,294.00
237.900,0.40527,-2.33386,-0.12015,0.2590,1.3500,0.61090,inf,2.3248,0.9252,0.000,INFEASIBLE: centerline unavailable or goal reached,0,294.00
238.000,0.43071,-2.32968,-0.11028,0.2482,1.3500,0.61090,inf,2.3202,0.9298,0.000,INFEASIBLE: centerline unavailable or goal reached,0,294.00
238.100,0.45019,-2.32667,-0.10278,0.1417,1.3500,0.61090,inf,2.3169,0.9331,0.000,INFEASIBLE: centerline unavailable or goal reached,0,294.00
238.200,0.45457,-2.32769,-0.10161,0.0432,1.3500,0.61090,inf,2.3178,0.9322,0.000,INFEASIBLE: centerline unavailable or goal reached,0,294.00
238.300,0.44373,-2.32912,-0.10535,0.1822,1.3500,0.61090,inf,2.3194,0.9306,0.000,INFEASIBLE: centerline unavailable or goal reached,0,294.00
238.400,0.41895,-2.33303,-0.11471,0.2887,1.3500,0.61090,inf,2.3237,0.9263,0.000,INFEASIBLE: centerline unavailable or goal reached,0,294.00
238.500,0.38709,-2.33782,-0.12700,0.3365,1.3500,0.61090,inf,2.3291,0.9209,0.000,INFEASIBLE: centerline unavailable or goal reached,0,294.00
238.600,0.35369,-2.34195,-0.13975,0.3295,1.3500,0.61090,inf,2.3337,0.9163,0.000,INFEASIBLE: centerline unavailable or goal reached,0,294.00
238.700,0.32510,-2.34490,-0.15054,0.2465,1.3500,0.61090,inf,2.3372,0.9128,0.000,INFEASIBLE: centerline unavailable or goal reached,0,294.00
238.800,0.30906,-2.34629,-0.15597,0.0465,1.3500,0.61090,inf,2.3388,0.9112,0.000,INFEASIBLE: centerline unavailable or goal reached,0,294.00
238.902,0.31102,-2.34626,-0.15550,0.0798,1.3500,0.61090,inf,2.3388,0.9112,0.000,INFEASIBLE: centerline unavailable or goal reached,0,294.00
239.002,0.33131,-2.34449,-0.14874,0.2166,1.3500,0.61090,inf,2.3367,0.9133,0.000,INFEASIBLE: centerline unavailable or goal reached,0,294.00
239.100,0.35019,-2.34207,-0.14157,0.2445,1.3500,0.61090,inf,2.3339,0.9161,0.000,INFEASIBLE: centerline unavailable or goal reached,0,294.00
239.200,0.37669,-2.33835,-0.13132,0.1921,1.3500,0.61090,inf,2.3298,0.9202,0.000,INFEASIBLE: centerline unavailable or goal reached,0,294.00
239.300,0.38641,-2.33816,-0.12794,0.0454,1.3500,0.61090,inf,2.3294,0.9206,0.000,INFEASIBLE: centerline unavailable or goal reached,0,294.00
239.400,0.38150,-2.33917,-0.12958,0.1250,1.3500,0.61090,inf,2.3305,0.9195,0.000,INFEASIBLE: centerline unavailable or goal reached,0,294.00
239.500,0.36619,-2.34104,-0.13512,0.2284,1.3500,0.61090,inf,2.3326,0.9174,0.000,INFEASIBLE: centerline unavailable or goal reached,0,294.00
239.600,0.33858,-2.34465,-0.14566,0.3040,1.3500,0.61090,inf,2.3367,0.9133,0.000,INFEASIBLE: centerline unavailable or goal reached,0,294.00
239.700,0.30044,-2.34890,-0.16026,0.3201,1.3500,0.61090,inf,2.3416,0.9084,0.000,INFEASIBLE: centerline unavailable or goal reached,0,294.00
239.800,0.27637,-2.35055,-0.16922,0.2831,1.3500,0.61090,inf,2.3436,0.9064,0.000,INFEASIBLE: centerline unavailable or goal reached,0,294.00
239.900,0.25548,-2.35261,-0.17708,0.1508,1.3500,0.61090,inf,2.3460,0.9040,0.000,INFEASIBLE: centerline unavailable or goal reached,0,294.00
240.000,0.25068,-2.35266,-0.17834,0.0017,1.3500,0.61090,inf,2.3462,0.9038,0.000,INFEASIBLE: centerline unavailable or goal reached,0,294.00
240.100,0.26115,-2.35237,-0.17534,0.1590,1.3500,0.61090,inf,2.3457,0.9043,0.000,INFEASIBLE: centerline unavailable or goal reached,0,294.00
240.200,0.28170,-2.35047,-0.16782,0.2278,1.3500,0.61090,inf,2.3434,0.9066,0.000,INFEASIBLE: centerline unavailable or goal reached,0,294.00
240.300,0.30449,-2.34797,-0.15910,0.2204,1.3500,0.61090,inf,2.3406,0.9094,0.000,INFEASIBLE: centerline unavailable or goal reached,0,294.00
240.400,0.32089,-2.34666,-0.15294,0.1049,1.3500,0.61090,inf,2.3390,0.9110,0.000,INFEASIBLE: centerline unavailable or goal reached,0,294.00
240.500,0.32308,-2.34727,-0.15223,0.0391,1.3500,0.61090,inf,2.3396,0.9104,0.000,INFEASIBLE: centerline unavailable or goal reached,0,294.00
240.600,0.30959,-2.34840,-0.15689,0.1898,1.3500,0.61090,inf,2.3409,0.9091,0.000,INFEASIBLE: centerline unavailable or goal reached,0,294.00
240.700,0.28496,-2.35094,-0.16615,0.2783,1.3500,0.61090,inf,2.3439,0.9061,0.000,INFEASIBLE: centerline unavailable or goal reached,0,294.00
240.800,0.25506,-2.35374,-0.17757,0.3079,1.3500,0.61090,inf,2.3472,0.9028,0.000,INFEASIBLE: centerline unavailable or goal reached,0,294.00
240.900,0.22557,-2.35563,-0.18866,0.2721,1.3500,0.61090,inf,2.3495,0.9005,0.000,INFEASIBLE: centerline unavailable or goal reached,0,294.00
241.000,0.20392,-2.35740,-0.19691,0.1687,1.3500,0.61090,inf,2.3517,0.8983,0.000,INFEASIBLE: centerline unavailable or goal reached,0,294.00
241.100,0.19749,-2.35737,-0.19861,0.0153,1.3500,0.61090,inf,2.3517,0.8983,0.000,INFEASIBLE: centerline unavailable or goal reached,0,294.00
241.200,0.20599,-2.35744,-0.19637,0.1425,1.3500,0.61090,inf,2.3517,0.8983,0.000,INFEASIBLE: centerline unavailable or goal reached,0,294.00
241.300,0.22517,-2.35618,-0.18950,0.2152,1.3500,0.61090,inf,2.3501,0.8999,0.000,INFEASIBLE: centerline unavailable or goal reached,0,294.00
241.400,0.24695,-2.35421,-0.18117,0.2106,1.3500,0.61090,inf,2.3478,0.9022,0.000,INFEASIBLE: centerline unavailable or goal reached,0,294.00
241.500,0.26269,-2.35301,-0.17521,0.1005,1.3500,0.61090,inf,2.3463,0.9037,0.000,INFEASIBLE: centerline unavailable or goal reached,0,294.00
241.600,0.26499,-2.35376,-0.17457,0.0376,1.3500,0.61090,inf,2.3470,0.9030,0.000,INFEASIBLE: centerline unavailable or goal reached,0,294.00
241.700,0.25191,-2.35454,-0.17902,0.1835,1.3500,0.61090,inf,2.3480,0.9020,0.000,INFEASIBLE: centerline unavailable or goal reached,0,294.00
241.800,0.22824,-2.35653,-0.18794,0.2658,1.3500,0.61090,inf,2.3504,0.8996,0.000,INFEASIBLE: centerline unavailable or goal reached,0,294.00
241.900,0.19978,-2.35863,-0.19880,0.2912,1.3500,0.61090,inf,2.3530,0.8970,0.000,INFEASIBLE: centerline unavailable or goal reached,0,294.00
242.000,0.17227,-2.35987,-0.20917,0.2494,1.3500,0.61090,inf,2.3547,0.8953,0.000,INFEASIBLE: centerline unavailable or goal reached,0,294.00
242.100,0.15332,-2.36098,-0.21627,0.1319,1.3500,0.61090,inf,2.3561,0.8939,0.000,INFEASIBLE: centerline unavailable or goal reached,0,294.00
242.200,0.14945,-2.36081,-0.21721,0.0101,1.3500,0.61090,inf,2.3560,0.8940,0.000,INFEASIBLE: centerline unavailable or goal reached,0,294.00
242.302,0.16346,-2.36079,-0.21300,0.1717,1.3500,0.61090,inf,2.3557,0.8943,0.000,INFEASIBLE: centerline unavailable or goal reached,0,294.00
242.400,0.18366,-2.35958,-0.20548,0.2125,1.3500,0.61090,inf,2.3542,0.8958,0.000,INFEASIBLE: centerline unavailable or goal reached,0,294.00
242.500,0.20322,-2.35811,-0.19798,0.1750,1.3500,0.61090,inf,2.3524,0.8976,0.000,INFEASIBLE: centerline unavailable or goal reached,0,294.00
242.602,0.21215,-2.35833,-0.19479,0.0408,1.3500,0.61090,inf,2.3525,0.8975,0.000,INFEASIBLE: centerline unavailable or goal reached,0,294.00
242.700,0.20962,-2.35852,-0.19554,0.0824,1.3500,0.61090,inf,2.3527,0.8973,0.000,INFEASIBLE: centerline unavailable or goal reached,0,294.00
242.800,0.19350,-2.35925,-0.20130,0.2054,1.3500,0.61090,inf,2.3537,0.8963,0.000,INFEASIBLE: centerline unavailable or goal reached,0,294.00
242.900,0.16897,-2.36083,-0.21060,0.2655,1.3500,0.61090,inf,2.3557,0.8943,0.000,INFEASIBLE: centerline unavailable or goal reached,0,294.00
243.000,0.14163,-2.36202,-0.22097,0.2719,1.3500,0.61090,inf,2.3573,0.8927,0.000,INFEASIBLE: centerline unavailable or goal reached,0,294.00
243.100,0.11811,-2.36307,-0.22996,0.2052,1.3500,0.61090,inf,2.3588,0.8912,0.000,INFEASIBLE: centerline unavailable or goal reached,0,294.00
243.200,0.10626,-2.36319,-0.23391,0.0495,1.3500,0.61090,inf,2.3591,0.8909,0.000,INFEASIBLE: centerline unavailable or goal reached,0,294.00
243.300,0.10847,-2.36329,-0.23335,0.0837,1.3500,0.61090,inf,2.3591,0.8909,0.000,INFEASIBLE: centerline unavailable or goal reached,0,294.00
243.400,0.12316,-2.36314,-0.22843,0.1780,1.3500,0.61090,inf,2.3587,0.8913,0.000,INFEASIBLE: centerline unavailable or goal reached,0,294.00
243.500,0.14240,-2.36222,-0.22119,0.1922,1.3500,0.61090,inf,2.3575,0.8925,0.000,INFEASIBLE: centerline unavailable or goal reached,0,294.00
243.600,0.15781,-2.36150,-0.21532,0.1082,1.3500,0.61090,inf,2.3565,0.8935,0.000,INFEASIBLE: centerline unavailable or goal reached,0,294.00
243.700,0.16084,-2.36199,-0.21431,0.0180,1.3500,0.61090,inf,2.3570,0.8930,0.000,INFEASIBLE: centerline unavailable or goal reached,0,294.00
243.800,0.14999,-2.36219,-0.21796,0.1592,1.3500,0.61090,inf,2.3573,0.8927,0.000,INFEASIBLE: centerline unavailable or goal reached,0,294.00
243.900,0.12900,-2.36309,-0.22579,0.2361,1.3500,0.61090,inf,2.3586,0.8914,0.000,INFEASIBLE: centerline unavailable or goal reached,0,294.00
244.000,0.10358,-2.36368,-0.23537,0.2582,1.3500,0.61090,inf,2.3596,0.8904,0.000,INFEASIBLE: centerline unavailable or goal reached,0,294.00
244.100,0.08056,-2.36457,-0.24423,0.2079,1.3500,0.61090,inf,2.3609,0.8891,0.000,INFEASIBLE: centerline unavailable or goal reached,0,294.00
244.200,0.06687,-2.36466,-0.24902,0.0691,1.3500,0.61090,inf,2.3612,0.8888,0.000,INFEASIBLE: centerline unavailable or goal reached,0,294.00
244.300,0.06691,-2.36464,-0.24898,0.0588,1.3500,0.61090,inf,2.3612,0.8888,0.000,INFEASIBLE: centerline unavailable or goal reached,0,294.00
244.400,0.07956,-2.36489,-0.24500,0.1594,1.3500,0.61090,inf,2.3612,0.8888,0.000,INFEASIBLE: centerline unavailable or goal reached,0,294.00
244.500,0.09735,-2.36438,-0.23836,0.1799,1.3500,0.61090,inf,2.3604,0.8896,0.000,INFEASIBLE: centerline unavailable or goal reached,0,294.00
244.600,0.11193,-2.36389,-0.23277,0.1025,1.3500,0.61090,inf,2.3597,0.8903,0.000,INFEASIBLE: centerline unavailable or goal reached,0,294.00
244.700,0.11471,-2.36427,-0.23186,0.0176,1.3500,0.61090,inf,2.3600,0.8900,0.000,INFEASIBLE: centerline unavailable or goal reached,0,294.00
244.800,0.10430,-2.36424,-0.23533,0.1520,1.3500,0.61090,inf,2.3601,0.8899,0.000,INFEASIBLE: centerline unavailable or goal reached,0,294.00
244.900,0.08446,-2.36479,-0.24276,0.2223,1.3500,0.61090,inf,2.3610,0.8890,0.000,INFEASIBLE: centerline unavailable or goal reached,0,294.00
245.000,0.06097,-2.36513,-0.25166,0.2339,1.3500,0.61090,inf,2.3617,0.8883,0.000,INFEASIBLE: centerline unavailable or goal reached,0,294.00
245.100,0.04034,-2.36561,-0.25960,0.1814,1.3500,0.61090,inf,2.3626,0.8874,0.000,INFEASIBLE: centerline unavailable or goal reached,0,294.00
245.200,0.03032,-2.36539,-0.26292,0.0426,1.3500,0.61090,inf,2.3625,0.8875,0.000,INFEASIBLE: centerline unavailable or goal reached,0,294.00
245.300,0.03309,-2.36562,-0.26223,0.0860,1.3500,0.61090,inf,2.3627,0.8873,0.000,INFEASIBLE: centerline unavailable or goal reached,0,294.00
245.400,0.04694,-2.36583,-0.25753,0.1632,1.3500,0.61090,inf,2.3627,0.8873,0.000,INFEASIBLE: centerline unavailable or goal reached,0,294.00
245.500,0.06385,-2.36551,-0.25115,0.1626,1.3500,0.61090,inf,2.3621,0.8879,0.000,INFEASIBLE: centerline unavailable or goal reached,0,294.00
245.600,0.07439,-2.36557,-0.24716,0.0499,1.3500,0.61090,inf,2.3620,0.8880,0.000,INFEASIBLE: centerline unavailable or goal reached,0,294.00
245.704,0.07116,-2.36539,-0.24806,0.0942,1.3500,0.61090,inf,2.3618,0.8882,0.000,INFEASIBLE: centerline unavailable or goal reached,0,294.00
245.802,0.05929,-2.36543,-0.25233,0.1760,1.3500,0.61090,inf,2.3621,0.8879,0.000,INFEASIBLE: centerline unavailable or goal reached,0,294.00
245.900,0.03379,-2.36564,-0.26193,0.2274,1.3500,0.61090,inf,2.3627,0.8873,0.000,INFEASIBLE: centerline unavailable or goal reached,0,294.00
246.000,0.01236,-2.36592,-0.27017,0.1994,1.3500,0.61090,inf,2.3633,0.8867,0.000,INFEASIBLE: centerline unavailable or goal reached,0,294.00
246.100,-0.00144,-2.36596,-0.27540,0.1629,1.3500,0.61090,inf,2.3636,0.8864,0.000,INFEASIBLE: centerline unavailable or goal reached,0,294.00
246.200,-0.01024,-2.36514,-0.27766,0.0038,1.3500,0.61090,inf,2.3629,0.8871,0.000,INFEASIBLE: centerline unavailable or goal reached,0,294.00
246.300,-0.00346,-2.36578,-0.27593,0.1114,1.3500,0.61090,inf,2.3635,0.8865,0.000,INFEASIBLE: centerline unavailable or goal reached,0,294.00
246.400,0.01133,-2.36600,-0.27064,0.1616,1.3500,0.61090,inf,2.3634,0.8866,0.000,INFEASIBLE: centerline unavailable or goal reached,0,294.00
246.500,0.02535,-2.36595,-0.26530,0.1075,1.3500,0.61090,inf,2.3632,0.8868,0.000,INFEASIBLE: centerline unavailable or goal reached,0,294.00
246.600,0.02860,-2.36597,-0.26407,0.0036,1.3500,0.61090,inf,2.3631,0.8869,0.000,INFEASIBLE: centerline unavailable or goal reached,0,294.00
246.700,0.02019,-2.36572,-0.26691,0.1303,1.3500,0.61090,inf,2.3630,0.8870,0.000,INFEASIBLE: centerline unavailable or goal reached,0,294.00
246.800,0.00291,-2.36562,-0.27328,0.1925,1.3500,0.61090,inf,2.3632,0.8868,0.000,INFEASIBLE: centerline unavailable or goal reached,0,294.00
246.900,-0.01732,-2.36558,-0.28096,0.2002,1.3500,0.61090,inf,2.3635,0.8865,0.000,INFEASIBLE: centerline unavailable or goal reached,0,294.00
247.000,-0.03460,-2.36548,-0.28758,0.1523,1.3500,0.61090,inf,2.3637,0.8863,0.000,INFEASIBLE: centerline unavailable or goal reached,0,294.00
247.100,-0.04533,-2.36454,-0.29059,0.0375,1.3500,0.61090,inf,2.3629,0.8871,0.000,INFEASIBLE: centerline unavailable or goal reached,0,294.00
247.200,-0.04047,-2.36507,-0.28936,0.0909,1.3500,0.61090,inf,2.3634,0.8866,0.000,INFEASIBLE: centerline unavailable or goal reached,0,294.00
247.300,-0.02758,-2.36556,-0.28492,0.1441,1.3500,0.61090,inf,2.3636,0.8864,0.000,INFEASIBLE: centerline unavailable or goal reached,0,294.00
247.400,-0.01396,-2.36579,-0.27994,0.1297,1.3500,0.61090,inf,2.3637,0.8863,0.000,INFEASIBLE: centerline unavailable or goal reached,0,294.00
247.500,-0.00687,-2.36652,-0.27829,0.0030,1.3500,0.61090,inf,2.3643,0.8857,0.000,INFEASIBLE: centerline unavailable or goal reached,0,294.00
247.600,-0.01383,-2.36584,-0.28011,0.1115,1.3500,0.61090,inf,2.3637,0.8863,0.000,INFEASIBLE: centerline unavailable or goal reached,0,294.00
247.700,-0.02956,-2.36538,-0.28569,0.1806,1.3500,0.61090,inf,2.3635,0.8865,0.000,INFEASIBLE: centerline unavailable or goal reached,0,294.00
247.800,-0.04818,-2.36525,-0.29267,0.1784,1.3500,0.61090,inf,2.3637,0.8863,0.000,INFEASIBLE: centerline unavailable or goal reached,0,294.00
247.900,-0.06351,-2.36491,-0.29845,0.1434,1.3500,0.61090,inf,2.3636,0.8864,0.000,INFEASIBLE: centerline unavailable or goal reached,0,294.00
248.000,-0.07020,-2.36414,-0.30018,0.0083,1.3500,0.61090,inf,2.3629,0.8871,0.000,INFEASIBLE: centerline unavailable or goal reached,0,294.00
248.100,-0.06090,-2.36494,-0.29743,0.1168,1.3500,0.61090,inf,2.3636,0.8864,0.000,INFEASIBLE: centerline unavailable or goal reached,0,294.00
248.200,-0.05050,-2.36527,-0.29364,0.1310,1.3500,0.61090,inf,2.3637,0.8863,0.000,INFEASIBLE: centerline unavailable or goal reached,0,294.00
248.300,-0.03854,-2.36599,-0.28986,0.1099,1.3500,0.61090,inf,2.3643,0.8857,0.000,INFEASIBLE: centerline unavailable or goal reached,0,294.00
248.400,-0.03761,-2.36594,-0.28968,0.0455,1.3500,0.61090,inf,2.3642,0.8858,0.000,INFEASIBLE: centerline unavailable or goal reached,0,294.00
248.500,-0.04783,-2.36510,-0.29280,0.1370,1.3500,0.61090,inf,2.3635,0.8865,0.000,INFEASIBLE: centerline unavailable or goal reached,0,294.00
248.600,-0.06437,-2.36478,-0.29882,0.1778,1.3500,0.61090,inf,2.3635,0.8865,0.000,INFEASIBLE: centerline unavailable or goal reached,0,294.00
248.700,-0.08010,-2.36449,-0.30477,0.1375,1.3500,0.61090,inf,2.3634,0.8866,0.000,INFEASIBLE: centerline unavailable or goal reached,0,294.00
248.802,-0.09182,-2.36343,-0.30830,0.0236,1.3500,0.61090,inf,2.3626,0.8874,0.000,INFEASIBLE: centerline unavailable or goal reached,0,294.00
248.902,-0.08704,-2.36406,-0.30714,0.0855,1.3500,0.61090,inf,2.3631,0.8869,0.000,INFEASIBLE: centerline unavailable or goal reached,0,294.00
249.000,-0.07824,-2.36454,-0.30406,0.1189,1.3500,0.61090,inf,2.3635,0.8865,0.000,INFEASIBLE: centerline unavailable or goal reached,0,294.00
249.100,-0.06686,-2.36515,-0.30016,0.1131,1.3500,0.61090,inf,2.3639,0.8861,0.000,INFEASIBLE: centerline unavailable or goal reached,0,294.00
249.200,-0.06279,-2.36542,-0.29941,0.0213,1.3500,0.61090,inf,2.3641,0.8859,0.000,INFEASIBLE: centerline unavailable or goal reached,0,294.00
249.300,-0.07052,-2.36455,-0.30155,0.1129,1.3500,0.61090,inf,2.3633,0.8867,0.000,INFEASIBLE: centerline unavailable or goal reached,0,294.00
249.400,-0.08483,-2.36404,-0.30669,0.1565,1.3500,0.61090,inf,2.3631,0.8869,0.000,INFEASIBLE: centerline unavailable or goal reached,0,294.00
249.500,-0.09925,-2.36382,-0.31203,0.1256,1.3500,0.61090,inf,2.3631,0.8869,0.000,INFEASIBLE: centerline unavailable or goal reached,0,294.00
249.600,-0.10923,-2.36283,-0.31500,0.0496,1.3500,0.61090,inf,2.3623,0.8877,0.000,INFEASIBLE: centerline unavailable or goal reached,0,294.00
249.700,-0.10599,-2.36327,-0.31419,0.0701,1.3500,0.61090,inf,2.3626,0.8874,0.000,INFEASIBLE: centerline unavailable or goal reached,0,294.00
249.800,-0.09606,-2.36392,-0.31083,0.1108,1.3500,0.61090,inf,2.3631,0.8869,0.000,INFEASIBLE: centerline unavailable or goal reached,0,294.00
249.900,-0.08565,-2.36477,-0.30757,0.1017,1.3500,0.61090,inf,2.3638,0.8862,0.000,INFEASIBLE: centerline unavailable or goal reached,0,294.00
250.000,-0.08423,-2.36458,-0.30750,0.0402,1.3500,0.61090,inf,2.3636,0.8864,0.000,INFEASIBLE: centerline unavailable or goal reached,0,294.00
250.100,-0.09327,-2.36369,-0.31022,0.1184,1.3500,0.61090,inf,2.3629,0.8871,0.000,INFEASIBLE: centerline unavailable or goal reached,0,294.00
250.200,-0.10740,-2.36321,-0.31532,0.1496,1.3500,0.61090,inf,2.3626,0.8874,0.000,INFEASIBLE: centerline unavailable or goal reached,0,294.00
250.300,-0.12055,-2.36289,-0.32013,0.1230,1.3500,0.61090,inf,2.3625,0.8875,0.000,INFEASIBLE: centerline unavailable or goal reached,0,294.00
250.400,-0.12659,-2.36211,-0.32176,0.0058,1.3500,0.61090,inf,2.3618,0.8882,0.000,INFEASIBLE: centerline unavailable or goal reached,0,294.00
250.500,-0.12074,-2.36278,-0.32008,0.0866,1.3500,0.61090,inf,2.3624,0.8876,0.000,INFEASIBLE: centerline unavailable or goal reached,0,294.00
250.600,-0.11086,-2.36335,-0.31653,0.0978,1.3500,0.61090,inf,2.3628,0.8872,0.000,INFEASIBLE: centerline unavailable or goal reached,0,294.00
250.700,-0.10287,-2.36418,-0.31472,0.0399,1.3500,0.61090,inf,2.3635,0.8865,0.000,INFEASIBLE: centerline unavailable or goal reached,0,294.00
250.800,-0.10639,-2.36335,-0.31560,0.0748,1.3500,0.61090,inf,2.3627,0.8873,0.000,INFEASIBLE: centerline unavailable or goal reached,0,294.00
250.900,-0.12020,-2.36247,-0.32041,0.1334,1.3500,0.61090,inf,2.3621,0.8879,0.000,INFEASIBLE: centerline unavailable or goal reached,0,294.00
251.000,-0.13085,-2.36239,-0.32416,0.1230,1.3500,0.61090,inf,2.3622,0.8878,0.000,INFEASIBLE: centerline unavailable or goal reached,0,294.00
251.100,-0.14074,-2.36145,-0.32731,0.0598,1.3500,0.61090,inf,2.3614,0.8886,0.000,INFEASIBLE: centerline unavailable or goal reached,0,294.00
251.200,-0.13858,-2.36175,-0.32675,0.0582,1.3500,0.61090,inf,2.3617,0.8883,0.000,INFEASIBLE: centerline unavailable or goal reached,0,294.00
251.300,-0.13023,-2.36239,-0.32388,0.0905,1.3500,0.61090,inf,2.3622,0.8878,0.000,INFEASIBLE: centerline unavailable or goal reached,0,294.00
251.400,-0.12173,-2.36332,-0.32165,0.0651,1.3500,0.61090,inf,2.3630,0.8870,0.000,INFEASIBLE: centerline unavailable or goal reached,0,294.00
251.500,-0.12257,-2.36269,-0.32199,0.0516,1.3500,0.61090,inf,2.3623,0.8877,0.000,INFEASIBLE: centerline unavailable or goal reached,0,294.00
251.600,-0.13397,-2.36174,-0.32575,0.1164,1.3500,0.61090,inf,2.3616,0.8884,0.000,INFEASIBLE: centerline unavailable or goal reached,0,294.00
251.700,-0.14361,-2.36167,-0.32907,0.1195,1.3500,0.61090,inf,2.3617,0.8883,0.000,INFEASIBLE: centerline unavailable or goal reached,0,294.00
251.800,-0.15231,-2.36063,-0.33172,0.0588,1.3500,0.61090,inf,2.3608,0.8892,0.000,INFEASIBLE: centerline unavailable or goal reached,0,294.00
251.900,-0.14897,-2.36123,-0.33081,0.0672,1.3500,0.61090,inf,2.3613,0.8887,0.000,INFEASIBLE: centerline unavailable or goal reached,0,294.00
252.000,-0.14263,-2.36171,-0.32858,0.0806,1.3500,0.61090,inf,2.3617,0.8883,0.000,INFEASIBLE: centerline unavailable or goal reached,0,294.00
252.102,-0.13524,-2.36243,-0.32710,0.0189,1.3500,0.61090,inf,2.3623,0.8877,0.000,INFEASIBLE: centerline unavailable or goal reached,0,294.00
252.202,-0.13950,-2.36157,-0.32816,0.0743,1.3500,0.61090,inf,2.3615,0.8885,0.000,INFEASIBLE: centerline unavailable or goal reached,0,294.00
252.300,-0.14715,-2.36098,-0.33080,0.1047,1.3500,0.61090,inf,2.3610,0.8890,0.000,INFEASIBLE: centerline unavailable or goal reached,0,294.00
252.400,-0.15807,-2.36087,-0.33450,0.1141,1.3500,0.61090,inf,2.3611,0.8889,0.000,INFEASIBLE: centerline unavailable or goal reached,0,294.00
