time_s,x,y,yaw_rad,speed_mps,command_speed_mps,steering_rad,tracking_error_m,center_error_m,minimum_clearance_m,planning_ms,planner_status,collision_count,progress_percent
0.100,0.00000,-0.00000,-0.00000,0.0000,0.0000,0.00000,inf,0.0000,3.2500,0.000,WAITING,0,0.00
0.200,-0.00283,-0.00126,-0.00110,0.0935,0.0750,0.00557,0.0270,0.0013,3.2487,9.813,FEASIBLE,0,0.00
0.300,-0.01306,0.00076,-0.00138,0.0255,0.2250,-0.01329,0.0084,0.0008,3.2492,10.641,FEASIBLE,0,0.00
0.400,0.00150,-0.00004,-0.00134,0.2217,0.3750,0.02716,0.0086,0.0000,3.2500,10.446,FEASIBLE,0,0.00
0.500,0.01647,-0.00059,0.00104,0.1404,0.5250,0.02365,0.0060,0.0006,3.2494,9.413,FEASIBLE,0,0.00
0.600,0.04175,-0.00018,0.00140,0.3105,0.6750,0.00356,0.0139,0.0002,3.2498,9.845,FEASIBLE,0,0.00
0.700,0.08340,-0.00014,0.00138,0.4884,0.8250,-0.00002,0.0270,0.0001,3.2499,9.454,FEASIBLE,0,0.00
0.800,0.14538,-0.00124,-0.00026,0.7082,0.9750,-0.00339,0.0140,0.0012,3.2488,9.543,FEASIBLE,0,0.00
0.900,0.23103,-0.00161,-0.00069,0.9433,1.1250,-0.00493,0.0005,0.0016,3.2484,9.178,FEASIBLE,0,0.00
1.000,0.33788,-0.00177,-0.00084,1.1378,1.2750,-0.01144,0.0167,0.0018,3.2482,9.385,FEASIBLE,0,0.50
1.102,0.45728,-0.00274,-0.00002,1.0726,1.4250,-0.00504,0.0093,0.0027,3.2473,9.296,FEASIBLE,0,0.50
1.200,0.55594,-0.00202,0.00101,1.0277,1.5750,-0.01642,0.0001,0.0020,3.2480,9.330,FEASIBLE,0,0.50
1.300,0.69098,-0.00213,0.00014,1.2313,1.7250,-0.00629,0.0105,0.0021,3.2479,9.458,FEASIBLE,0,0.50
1.400,0.80546,-0.00254,-0.00046,1.5836,1.8750,0.00697,0.0124,0.0025,3.2475,9.182,FEASIBLE,0,1.00
1.500,0.98786,-0.00417,-0.00222,1.9095,2.0250,-0.00956,0.0118,0.0042,3.2458,9.290,FEASIBLE,0,1.00
1.600,1.18954,-0.00652,-0.00421,2.0917,2.1750,-0.01319,0.0031,0.0065,3.2435,9.384,FEASIBLE,0,1.00
1.700,1.41069,-0.00748,-0.00366,2.2862,2.3250,0.02230,0.0082,0.0075,3.2425,9.279,FEASIBLE,0,1.50
1.800,1.64813,-0.00740,-0.00197,2.4316,2.4750,0.00994,0.0036,0.0074,3.2426,9.343,FEASIBLE,0,1.50
1.900,1.89750,-0.00726,-0.00081,2.5202,2.6250,0.01221,0.0060,0.0073,3.2427,9.314,FEASIBLE,0,2.00
2.000,2.15673,-0.00784,-0.00054,2.6420,2.7750,0.00170,0.0002,0.0078,3.2422,9.438,FEASIBLE,0,2.00
2.100,2.43176,-0.00725,0.00075,2.8302,2.9250,-0.00452,0.0064,0.0072,3.2428,9.455,FEASIBLE,0,2.50
2.200,2.72663,-0.00697,0.00080,3.0205,3.0750,-0.01109,0.0013,0.0070,3.2430,9.564,FEASIBLE,0,2.50
2.300,3.03598,-0.00822,-0.00130,3.1344,3.2250,0.00673,0.0014,0.0082,3.2418,9.222,FEASIBLE,0,3.00
2.400,3.35491,-0.00874,-0.00203,3.2296,3.3750,-0.00424,0.0215,0.0087,3.2413,9.524,FEASIBLE,0,3.50
2.500,3.68759,-0.00588,0.00086,3.4038,3.5250,-0.00425,0.0050,0.0059,3.2441,9.272,FEASIBLE,0,3.50
2.600,4.04120,-0.00241,0.00263,3.6245,3.6750,0.00154,0.0120,0.0024,3.2476,9.341,FEASIBLE,0,4.00
2.700,4.41405,-0.00355,-0.00113,3.7898,3.8250,0.00413,0.0057,0.0035,3.2465,9.175,FEASIBLE,0,4.50
2.800,4.79729,-0.00907,-0.00811,3.8886,3.9750,0.00214,0.0215,0.0091,3.2409,9.160,FEASIBLE,0,5.00
2.900,5.19446,-0.01602,-0.01219,4.0276,4.1250,0.02631,0.0069,0.0160,3.2340,9.353,FEASIBLE,0,5.00
3.000,5.60834,-0.01836,-0.00829,4.2121,4.2750,0.02260,0.0133,0.0184,3.2316,9.345,FEASIBLE,0,5.50
3.100,6.03888,-0.01174,0.00439,4.3667,4.4250,0.00839,0.0102,0.0117,3.2383,9.356,FEASIBLE,0,6.00
3.200,6.48287,0.00279,0.01970,4.4855,4.5750,0.00621,0.0025,0.0028,3.2472,9.258,FEASIBLE,0,6.50
3.300,6.93527,0.02078,0.03040,4.5530,4.7250,-0.04381,0.0244,0.0208,3.2292,9.423,FEASIBLE,0,7.00
3.400,7.40754,0.03369,0.02874,4.8101,4.8750,-0.05664,0.0175,0.0337,3.2163,9.288,FEASIBLE,0,7.50
3.500,7.90033,0.02968,0.00791,5.0099,5.0000,-0.04645,0.0239,0.0297,3.2203,9.452,FEASIBLE,0,8.00
3.600,8.40615,-0.00267,-0.03104,5.0810,5.0000,-0.00261,0.0098,0.0027,3.2473,10.142,FEASIBLE,0,8.50
3.700,8.90977,-0.06790,-0.08255,5.0822,5.0000,0.07511,0.0694,0.0679,3.1821,9.430,FEASIBLE,0,9.00
3.800,9.50810,-0.18809,-0.15300,5.1121,5.0000,0.18880,0.1881,0.1881,3.0619,9.361,FEASIBLE,0,9.50
3.900,9.90319,-0.29058,-0.19973,5.0976,5.0000,0.38892,0.2227,0.2906,2.9594,9.422,FEASIBLE,0,10.00
4.000,10.38644,-0.43865,-0.25232,5.0029,5.0000,0.47557,0.3871,0.4387,2.8113,9.297,FEASIBLE,0,10.50
4.100,10.85510,-0.59887,-0.29358,4.9300,4.5000,0.58678,0.4776,0.5989,2.6511,9.255,FEASIBLE,0,11.00
4.204,11.40760,-0.79517,-0.32013,4.8468,4.0000,0.61090,0.4867,0.7952,2.4548,9.115,FEASIBLE,0,11.50
4.300,11.77397,-0.91894,-0.32003,4.8768,3.5000,0.61090,0.4824,0.9189,2.3311,9.514,FEASIBLE,0,12.00
4.402,12.32464,-1.07234,-0.29252,4.7391,3.0000,0.61090,0.5683,1.0723,2.1777,9.651,FEASIBLE,0,12.50
4.500,12.68513,-1.14640,-0.25615,4.5114,2.5000,0.61090,0.4300,1.1464,2.1036,9.753,FEASIBLE,0,12.50
4.600,13.13151,-1.19896,-0.18837,4.5421,2.0000,0.61090,0.2118,1.1990,2.0510,9.651,FEASIBLE,0,13.00
4.700,13.65047,-1.18987,-0.07316,4.1584,1.5000,0.61090,0.3981,1.1899,2.0601,9.798,FEASIBLE,0,13.50
4.800,13.96302,-1.13201,0.02291,3.8737,1.0000,0.61090,0.2303,1.1320,2.1180,9.881,FEASIBLE,0,14.00
4.900,14.36378,-0.98136,0.18029,3.3946,1.0000,0.42797,0.1033,0.9814,2.2686,9.049,FEASIBLE,0,14.50
5.000,14.58936,-0.85786,0.27882,3.1204,1.0000,0.38084,0.0738,0.8579,2.3921,9.479,FEASIBLE,0,14.50
5.100,14.83281,-0.68759,0.39338,2.8801,1.0000,0.24121,0.0920,0.6876,2.5624,9.196,FEASIBLE,0,15.00
5.200,15.03926,-0.50592,0.49937,2.6461,1.0000,-0.03804,0.1343,0.5059,2.7441,9.517,FEASIBLE,0,15.00
5.300,15.20818,-0.32129,0.59615,2.4412,1.0000,-0.31729,0.1749,0.3213,2.9287,9.496,FEASIBLE,0,15.00
5.400,15.34880,-0.13300,0.68731,2.3276,1.0000,-0.59340,0.1486,0.1330,3.1170,9.367,FEASIBLE,0,15.50
5.500,15.46463,0.05115,0.77145,2.0998,1.0000,-0.61090,0.2369,0.0512,3.1988,9.165,FEASIBLE,0,15.50
5.600,15.55457,0.22355,0.84667,1.8234,1.0000,-0.61090,0.2447,0.2236,3.0264,9.208,FEASIBLE,0,15.50
5.700,15.61904,0.37447,0.90941,1.5241,1.0000,-0.61090,0.2373,0.3745,2.8755,9.340,FEASIBLE,0,15.50
5.800,15.66297,0.50224,0.96248,1.2367,1.0000,-0.61090,0.2130,0.5022,2.7478,9.264,FEASIBLE,0,15.50
5.900,15.69162,0.60657,1.00630,0.9914,1.0000,-0.61090,0.1763,0.6066,2.6434,9.581,FEASIBLE,0,15.50
6.000,15.71586,0.68716,1.03702,0.7456,1.0000,-0.61090,0.1415,0.6872,2.5628,9.293,FEASIBLE,0,15.50
6.100,15.73959,0.73691,1.04425,0.2988,1.0000,-0.61090,0.1087,0.7369,2.5131,9.902,FEASIBLE,0,15.50
6.200,15.74979,0.75144,1.04270,0.1841,1.0000,-0.61090,0.0258,0.7514,2.4986,9.115,FEASIBLE,0,15.50
6.300,15.75855,0.76195,1.04016,0.1149,1.0000,-0.61090,0.0268,0.7620,2.4880,9.216,FEASIBLE,0,16.00
6.400,15.76649,0.76952,1.03644,0.1146,1.0000,-0.61090,0.0367,0.7695,2.4805,9.204,FEASIBLE,0,16.00
6.500,15.77804,0.77856,1.03054,0.1766,1.0000,-0.61090,0.0277,0.7786,2.4714,9.498,FEASIBLE,0,16.00
6.600,15.79849,0.79443,1.02003,0.3205,1.0000,-0.61090,0.0285,0.7944,2.4556,9.575,FEASIBLE,0,16.00
6.700,15.83226,0.82181,1.00266,0.5189,1.1500,-0.61090,0.0590,0.8218,2.4282,9.934,FEASIBLE,0,16.00
6.800,15.88057,0.86097,0.97839,0.6605,1.3000,-0.61090,0.0890,0.8610,2.3890,9.203,FEASIBLE,0,16.00
6.900,15.93235,0.91209,0.95956,0.7845,1.4500,-0.61090,0.1015,0.9121,2.3379,10.324,FEASIBLE,0,16.00
7.000,15.98635,0.97794,0.95075,0.9117,1.6000,-0.61090,0.1466,0.9779,2.2721,9.350,FEASIBLE,0,16.00
7.100,16.04628,1.06736,0.95392,1.1772,1.7500,-0.61090,0.1487,1.0674,2.1826,9.578,FEASIBLE,0,16.00
7.200,16.12001,1.17911,0.95804,1.4473,1.9000,-0.61090,0.1773,1.1791,2.0709,9.609,FEASIBLE,0,16.00
7.300,16.21530,1.30928,0.95194,1.7214,2.0500,-0.61090,0.2204,1.3093,1.9407,9.310,FEASIBLE,0,16.00
7.400,16.33811,1.45015,0.92652,1.9540,2.2000,-0.61090,0.2633,1.4501,1.7999,9.238,FEASIBLE,0,16.50
7.500,16.49229,1.58912,0.87489,2.1706,1.7000,-0.61090,0.2396,1.5891,1.6609,9.231,FEASIBLE,0,16.50
7.600,16.67558,1.71547,0.79722,2.2689,1.2000,-0.61090,0.2749,1.7155,1.5345,9.323,FEASIBLE,0,16.50
7.700,16.87846,1.82881,0.70984,2.3658,1.0000,-0.61090,0.3009,1.8288,1.4212,9.202,FEASIBLE,0,17.00
7.804,17.14259,1.94386,0.59989,2.4332,1.0000,-0.61090,0.2248,1.9439,1.3061,9.296,FEASIBLE,0,17.00
7.900,17.32873,2.00359,0.52495,2.4519,1.0000,-0.61090,0.3028,2.0036,1.2464,9.736,FEASIBLE,0,17.50
8.000,17.61150,2.05857,0.41299,2.4016,1.0000,-0.61090,0.3654,2.0586,1.1914,9.518,FEASIBLE,0,17.50
8.100,17.80036,2.07509,0.33906,2.3563,1.0000,-0.61090,0.2346,2.0751,1.1749,9.711,FEASIBLE,0,18.00
8.200,18.02963,2.07513,0.24917,2.2620,1.0000,-0.61090,0.2443,2.0751,1.1749,9.253,FEASIBLE,0,18.00
8.300,18.25043,2.05374,0.16150,2.2656,1.0000,-0.61090,0.1595,2.0537,1.1963,9.379,FEASIBLE,0,18.50
8.400,18.46848,2.01985,0.07560,2.1801,1.0000,-0.61090,0.1868,2.0199,1.2301,9.481,FEASIBLE,0,18.50
8.500,18.66559,1.97157,-0.00478,1.9229,1.0000,-0.61090,0.1042,1.9716,1.2784,9.282,FEASIBLE,0,18.50
8.600,18.83251,1.91560,-0.07389,1.6718,1.0000,-0.61090,0.0835,1.9156,1.3344,9.189,FEASIBLE,0,19.00
8.700,18.97311,1.85907,-0.13322,1.4069,1.0000,-0.61090,0.0608,1.8591,1.3909,9.494,FEASIBLE,0,19.00
8.800,19.08074,1.80950,-0.17937,1.0745,1.0000,-0.61090,0.0342,1.8095,1.4405,9.545,FEASIBLE,0,19.00
8.900,19.16202,1.76812,-0.21479,0.8203,1.0000,-0.61090,0.0417,1.7681,1.4819,9.159,FEASIBLE,0,19.00
9.000,19.22280,1.73506,-0.24137,0.6243,1.0000,-0.61090,0.0100,1.7351,1.5149,9.338,FEASIBLE,0,19.00
9.100,19.26979,1.70820,-0.26204,0.4974,1.0000,-0.61090,0.0179,1.7082,1.5418,9.323,FEASIBLE,0,19.50
9.200,19.30813,1.68516,-0.27930,0.4233,1.0000,-0.47127,0.0121,1.6852,1.5648,9.288,FEASIBLE,0,19.50
9.300,19.33998,1.66528,-0.29381,0.3461,1.0000,-0.40017,0.0077,1.6653,1.5847,9.445,FEASIBLE,0,19.50
9.400,19.36646,1.64836,-0.30592,0.3036,1.0000,-0.53007,0.0193,1.6484,1.6016,9.494,FEASIBLE,0,19.50
9.500,19.39116,1.63208,-0.31691,0.2919,1.0000,-0.53142,0.0042,1.6321,1.6179,9.487,FEASIBLE,0,19.50
9.600,19.41741,1.61548,-0.32495,0.3363,1.0000,-0.50207,0.0180,1.6155,1.6345,9.204,FEASIBLE,0,19.50
9.700,19.45595,1.59741,-0.33094,0.4848,1.0000,-0.52213,0.0250,1.5974,1.6526,9.251,FEASIBLE,0,19.50
9.800,19.50388,1.57084,-0.34329,0.6098,1.0000,-0.51688,0.0187,1.5708,1.6792,10.531,FEASIBLE,0,19.50
9.900,19.56206,1.53120,-0.36719,0.7717,1.0000,-0.51058,0.0019,1.5312,1.7188,9.388,FEASIBLE,0,19.50
10.000,19.63263,1.47671,-0.40112,0.9843,1.0000,-0.43570,0.0204,1.4767,1.7733,9.173,FEASIBLE,0,19.50
10.100,19.71810,1.40481,-0.44422,1.2101,1.0000,-0.39702,0.0041,1.4048,1.8452,9.303,FEASIBLE,0,19.50
10.200,19.81446,1.31584,-0.49484,1.3724,1.0000,-0.29821,0.0082,1.3158,1.9342,9.278,FEASIBLE,0,20.00
10.300,19.91451,1.21688,-0.54598,1.4283,1.0000,-0.08877,0.0579,1.2169,2.0331,9.381,FEASIBLE,0,20.00
10.400,20.01546,1.11669,-0.58896,1.4187,1.0000,0.04020,0.0395,1.1167,2.1333,9.561,FEASIBLE,0,20.00
10.500,20.11471,1.02367,-0.61805,1.3308,1.0000,0.08120,0.0276,1.0237,2.2263,9.189,FEASIBLE,0,20.00
10.600,20.21421,0.94311,-0.62899,1.2654,1.0000,0.14044,0.0171,0.9431,2.3069,9.216,FEASIBLE,0,20.00
10.700,20.32121,0.87512,-0.61950,1.2791,1.0000,0.41969,0.0117,0.8751,2.3749,9.395,FEASIBLE,0,20.50
10.800,20.43506,0.82123,-0.59179,1.2433,1.0000,0.43997,0.0395,0.8212,2.4288,9.481,FEASIBLE,0,20.50
10.900,20.54920,0.78296,-0.55146,1.1808,1.0000,0.28267,0.0318,0.7830,2.4670,9.547,FEASIBLE,0,20.50
11.000,20.65093,0.75667,-0.51196,0.9518,1.0000,0.14304,0.0441,0.7567,2.4933,9.278,FEASIBLE,0,20.50
11.100,20.72787,0.74001,-0.48178,0.6886,1.0000,-0.05076,0.0519,0.7400,2.5100,9.324,FEASIBLE,0,20.50
11.200,20.79224,0.72790,-0.45655,0.4600,1.0000,-0.10182,0.0435,0.7279,2.5221,9.377,FEASIBLE,0,21.00
11.300,20.83286,0.71974,-0.44237,0.4179,1.0000,0.10762,0.0187,0.7197,2.5303,9.405,FEASIBLE,0,21.00
11.400,20.86363,0.70919,-0.43760,0.3742,1.0000,0.18036,0.0077,0.7092,2.5408,9.202,FEASIBLE,0,21.00
11.500,20.89369,0.69464,-0.43844,0.3240,1.0000,0.16176,0.0031,0.6946,2.5554,9.549,FEASIBLE,0,21.00
11.600,20.92228,0.67633,-0.44474,0.3610,1.0000,0.16217,0.0114,0.6763,2.5737,9.479,FEASIBLE,0,21.00
11.700,20.95476,0.65034,-0.45794,0.4643,1.0000,0.19610,0.0130,0.6503,2.5997,9.571,FEASIBLE,0,21.00
11.800,20.99671,0.61253,-0.47905,0.6425,1.0000,0.19223,0.0165,0.6125,2.6375,9.150,FEASIBLE,0,21.00
11.900,21.05291,0.55847,-0.50896,0.8776,1.0000,0.26024,0.0603,0.5585,2.6915,9.225,FEASIBLE,0,21.00
12.000,21.12457,0.48428,-0.54872,1.1666,1.0000,0.39970,0.0359,0.4843,2.7657,9.366,FEASIBLE,0,21.00
12.100,21.21186,0.38470,-0.59992,1.4071,1.0000,0.46434,0.0622,0.3847,2.8653,9.302,FEASIBLE,0,21.00
12.200,21.30621,0.27476,-0.64804,1.4790,1.0000,0.57019,0.0804,0.2748,2.9752,9.107,FEASIBLE,0,21.50
12.300,21.40975,0.16740,-0.67756,1.5001,1.0000,0.61090,0.1311,0.1674,3.0826,9.143,FEASIBLE,0,21.50
12.400,21.52228,0.07026,-0.68424,1.4774,1.0000,0.61090,0.0960,0.0703,3.1797,9.359,FEASIBLE,0,21.50
12.500,21.64021,-0.00941,-0.66803,1.3840,1.0000,0.61090,0.0671,0.0094,3.2406,9.557,FEASIBLE,0,21.50
12.600,21.75738,-0.06627,-0.63225,1.2822,1.0000,0.61090,0.0941,0.0663,3.1837,9.183,FEASIBLE,0,22.00
12.700,21.87045,-0.10666,-0.58860,1.1287,1.0000,0.61090,0.0806,0.1067,3.1433,9.172,FEASIBLE,0,22.00
12.800,21.96490,-0.13292,-0.55238,0.8750,1.0000,0.61090,0.0460,0.1329,3.1171,9.508,FEASIBLE,0,22.00
12.900,22.03636,-0.14685,-0.52754,0.6575,1.0000,0.61090,0.0506,0.1468,3.1032,9.220,FEASIBLE,0,22.00
13.000,22.08663,-0.15503,-0.51006,0.4189,1.0000,0.61090,0.0331,0.1550,3.0950,9.564,FEASIBLE,0,22.00
13.100,22.11052,-0.15715,-0.49438,0.1446,1.0000,0.61090,0.0200,0.1571,3.0929,9.332,FEASIBLE,0,22.00
13.200,22.11136,-0.15601,-0.49131,0.0921,1.0000,0.61090,0.0135,0.1560,3.0940,9.291,FEASIBLE,0,22.00
13.300,22.09574,-0.15114,-0.49343,0.1965,1.0000,0.61090,0.0100,0.1511,3.0989,9.713,FEASIBLE,0,22.00
13.400,22.07566,-0.14473,-0.49327,0.2046,1.0000,0.61090,0.0255,0.1447,3.1053,9.392,FEASIBLE,0,22.00
13.500,22.05912,-0.14020,-0.49179,0.1438,1.0000,0.61090,0.0495,0.1402,3.1098,9.816,FEASIBLE,0,22.00
13.600,22.05917,-0.13932,-0.49132,0.0577,1.0000,0.61090,0.0147,0.1393,3.1107,9.804,FEASIBLE,0,22.00
13.700,22.07218,-0.14605,-0.49311,0.1793,1.0000,0.61090,0.0053,0.1460,3.1040,9.485,FEASIBLE,0,22.00
13.800,22.08919,-0.15688,-0.49343,0.2976,1.0000,0.61090,0.0054,0.1569,3.0931,9.358,FEASIBLE,0,22.00
13.900,22.13186,-0.17513,-0.48647,0.5889,1.0000,0.61090,0.0361,0.1751,3.0749,10.392,FEASIBLE,0,22.00
14.000,22.20704,-0.19457,-0.46323,0.8945,1.0000,0.61090,0.0462,0.1946,3.0554,9.865,FEASIBLE,0,22.00
14.100,22.31070,-0.21384,-0.42634,1.1565,1.0000,0.61090,0.0456,0.2138,3.0362,9.839,FEASIBLE,0,22.50
14.200,22.43722,-0.22922,-0.37830,1.3298,1.0000,0.61090,0.0521,0.2292,3.0208,9.387,FEASIBLE,0,22.50
14.302,22.57529,-0.23893,-0.32604,1.4239,1.0000,0.61090,0.0447,0.2389,3.0111,9.417,FEASIBLE,0,22.50
14.402,22.74864,-0.24926,-0.27125,1.4254,1.0000,0.61090,0.0914,0.2493,3.0007,9.227,FEASIBLE,0,22.50
14.500,22.88470,-0.25971,-0.24232,1.3158,1.0000,0.59131,0.0703,0.2597,2.9903,9.288,FEASIBLE,0,23.00
14.600,23.00441,-0.27114,-0.22376,1.0740,1.0000,0.61090,0.0470,0.2711,2.9789,9.408,FEASIBLE,0,23.00
14.700,23.07676,-0.27928,-0.21262,0.8373,1.0000,0.61090,0.0480,0.2793,2.9707,9.615,FEASIBLE,0,23.00
14.800,23.14845,-0.28429,-0.19791,0.6465,1.0000,0.53010,0.0257,0.2843,2.9657,9.230,FEASIBLE,0,23.00
14.900,23.20631,-0.28286,-0.17862,0.5521,1.0000,0.51277,0.0310,0.2829,2.9671,9.425,FEASIBLE,0,23.00
15.000,23.26207,-0.27734,-0.15755,0.5546,1.0000,0.51677,0.0289,0.2773,2.9727,9.241,FEASIBLE,0,23.50
15.100,23.31790,-0.27059,-0.13622,0.5752,1.0000,0.47560,0.0098,0.2706,2.9794,9.473,FEASIBLE,0,23.50
15.200,23.37823,-0.26044,-0.11264,0.6439,1.0000,0.53402,0.0055,0.2604,2.9896,9.194,FEASIBLE,0,23.50
15.300,23.45053,-0.24721,-0.08452,0.7976,1.0000,0.49995,0.0046,0.2472,3.0028,9.409,FEASIBLE,0,23.50
15.400,23.53981,-0.22826,-0.04991,0.9861,1.1500,0.45408,0.0038,0.2283,3.0217,9.276,FEASIBLE,0,23.50
15.500,23.64638,-0.20953,-0.01875,1.1477,1.3000,0.33233,0.0146,0.2095,3.0405,9.441,FEASIBLE,0,23.50
15.600,23.76966,-0.19639,0.00134,1.2955,1.4500,0.31101,0.0060,0.1964,3.0536,9.610,FEASIBLE,0,24.00
15.700,23.90385,-0.18740,0.01310,1.3697,1.6000,0.29234,0.0309,0.1874,3.0626,9.535,FEASIBLE,0,24.00
15.800,24.04146,-0.17884,0.02249,1.3885,1.4250,0.22742,0.0111,0.1788,3.0712,9.356,FEASIBLE,0,24.00
15.900,24.18338,-0.16579,0.03602,1.4622,1.0000,0.21370,0.0215,0.1658,3.0842,9.539,FEASIBLE,0,24.00
16.000,24.33378,-0.14249,0.05961,1.5709,1.0000,0.11087,0.0462,0.1425,3.1075,9.508,FEASIBLE,0,24.50
16.100,24.49549,-0.10673,0.09347,1.7260,1.0000,0.06511,0.0296,0.1067,3.1433,9.136,FEASIBLE,0,24.50
16.200,24.71013,-0.05046,0.13857,1.9398,1.0000,-0.21087,0.0378,0.0505,3.1995,9.518,FEASIBLE,0,24.50
16.300,24.86421,-0.00892,0.16469,2.0351,1.0000,-0.21812,0.0379,0.0089,3.2411,9.731,FEASIBLE,0,25.00
16.400,25.06315,0.04090,0.18592,2.0706,1.0000,-0.29012,0.0861,0.0409,3.2091,9.503,FEASIBLE,0,25.00
16.500,25.26377,0.07974,0.18787,2.0326,1.0000,-0.31293,0.0429,0.0797,3.1703,9.464,FEASIBLE,0,25.50
16.600,25.48012,0.09968,0.16085,2.2329,1.0000,-0.36300,0.0561,0.0997,3.1503,9.424,FEASIBLE,0,25.50
16.700,25.69224,0.08916,0.10464,2.0411,1.0000,-0.18943,0.0210,0.0892,3.1608,9.485,FEASIBLE,0,25.50
16.800,25.87289,0.05533,0.03810,1.7245,1.0000,-0.07162,0.0189,0.0553,3.1947,9.206,FEASIBLE,0,26.00
16.900,26.01714,0.01602,-0.01948,1.3513,1.0000,-0.08213,0.0548,0.0160,3.2340,9.189,FEASIBLE,0,26.00
17.000,26.12174,-0.01874,-0.06236,0.9355,1.0000,0.05749,0.0443,0.0187,3.2313,9.365,FEASIBLE,0,26.00
17.100,26.19231,-0.04516,-0.09175,0.4233,1.0000,0.15419,0.0135,0.0452,3.2048,9.355,FEASIBLE,0,26.00
17.200,26.21020,-0.05224,-0.09926,0.1375,1.0000,0.24521,0.0386,0.0522,3.1978,9.986,FEASIBLE,0,26.00
17.300,26.20828,-0.05177,-0.09898,0.0923,1.0000,0.28085,0.0146,0.0518,3.1982,9.509,FEASIBLE,0,26.00
17.400,26.18707,-0.04640,-0.09452,0.3468,1.0000,0.26702,0.0497,0.0464,3.2036,9.236,FEASIBLE,0,26.00
17.500,26.13707,-0.03427,-0.08374,0.6019,1.0000,0.15982,0.0746,0.0343,3.2157,9.425,FEASIBLE,0,26.00
17.604,26.06186,-0.00988,-0.05688,0.6975,1.0000,0.10953,0.1019,0.0099,3.2401,9.071,FEASIBLE,0,26.00
17.702,25.99392,0.01256,-0.02947,0.7258,1.0000,0.05673,0.1243,0.0126,3.2374,9.575,FEASIBLE,0,26.00
17.800,25.92624,0.03312,-0.00199,0.6926,1.0000,0.00708,0.1060,0.0331,3.2169,10.830,FEASIBLE,0,26.00
17.900,25.87633,0.04699,0.01817,0.6200,1.0000,-0.07263,0.0847,0.0470,3.2030,9.474,FEASIBLE,0,26.00
18.000,25.82542,0.05961,0.03801,0.4429,1.0000,-0.11717,0.0707,0.0596,3.1904,9.898,FEASIBLE,0,26.00
18.100,25.79897,0.06343,0.04521,0.1558,1.0000,-0.14684,0.0765,0.0634,3.1866,9.626,FEASIBLE,0,26.00
18.200,25.79278,0.06395,0.04594,0.0050,1.0000,-0.19852,0.0178,0.0639,3.1861,9.253,FEASIBLE,0,26.00
18.300,25.80913,0.06253,0.04352,0.2701,1.0000,-0.14341,0.0277,0.0625,3.1875,9.435,FEASIBLE,0,26.00
18.400,25.85058,0.05522,0.03166,0.5232,1.0000,-0.17787,0.0114,0.0552,3.1948,9.801,FEASIBLE,0,26.00
18.500,25.91603,0.03986,0.00721,0.7793,1.0000,-0.07580,0.0152,0.0399,3.2101,9.324,FEASIBLE,0,26.00
18.600,26.00418,0.01408,-0.02818,1.0238,1.0000,-0.06847,0.0409,0.0141,3.2359,9.514,FEASIBLE,0,26.00
18.700,26.11488,-0.02392,-0.07374,1.2783,1.0000,0.07116,0.0327,0.0239,3.2261,9.169,FEASIBLE,0,26.00
18.800,26.24560,-0.07646,-0.12869,1.4971,1.0000,0.21079,0.0574,0.0765,3.1735,9.920,FEASIBLE,0,26.00
18.900,26.38839,-0.14339,-0.19012,1.6243,1.0000,0.34320,0.1099,0.1434,3.1066,9.285,FEASIBLE,0,26.50
19.000,26.53057,-0.21559,-0.24616,1.5809,1.0000,0.50258,0.1364,0.2156,3.0344,9.325,FEASIBLE,0,26.50
19.100,26.66895,-0.27939,-0.28186,1.4904,1.0000,0.53478,0.1432,0.2794,2.9706,9.458,FEASIBLE,0,26.50
19.200,26.79978,-0.32784,-0.29454,1.3339,1.0000,0.60886,0.1144,0.3278,2.9222,9.269,FEASIBLE,0,27.00
19.300,26.91567,-0.35641,-0.28587,1.1024,1.0000,0.61090,0.0711,0.3564,2.8936,9.484,FEASIBLE,0,27.00
19.400,27.01142,-0.36473,-0.26029,0.9087,1.0000,0.61090,0.0795,0.3647,2.8853,9.494,FEASIBLE,0,27.00
19.500,27.08777,-0.36356,-0.23218,0.6717,1.0000,0.61090,0.0130,0.3636,2.8864,9.354,FEASIBLE,0,27.00
19.600,27.13741,-0.36084,-0.21283,0.3637,1.0000,0.59083,0.0301,0.3608,2.8892,9.727,FEASIBLE,0,27.00
19.700,27.15990,-0.35932,-0.20411,0.1434,1.0000,0.58806,0.0062,0.3593,2.8907,9.485,FEASIBLE,0,27.00
19.800,27.16427,-0.35896,-0.20233,0.0109,1.0000,0.56744,0.0158,0.3590,2.8910,9.559,FEASIBLE,0,27.00
19.900,27.15953,-0.35873,-0.20331,0.0685,1.0000,0.56370,0.0185,0.3587,2.8913,9.380,FEASIBLE,0,27.00
20.000,27.15066,-0.35766,-0.20433,0.1003,1.0000,0.57136,0.0140,0.3577,2.8923,9.539,FEASIBLE,0,27.00
20.100,27.14051,-0.35499,-0.20392,0.1067,1.0000,0.57371,0.0266,0.3550,2.8950,9.429,FEASIBLE,0,27.00
20.200,27.13395,-0.35253,-0.20236,0.0414,1.0000,0.56018,0.0259,0.3525,2.8975,9.889,FEASIBLE,0,27.00
20.300,27.14000,-0.35480,-0.20379,0.1568,1.0000,0.56729,0.0069,0.3548,2.8952,9.405,FEASIBLE,0,27.00
20.400,27.17722,-0.36337,-0.20502,0.4403,1.0000,0.56618,0.0221,0.3634,2.8866,9.554,FEASIBLE,0,27.00
20.500,27.22118,-0.36830,-0.19947,0.6221,1.0000,0.55641,0.0583,0.3683,2.8817,9.935,FEASIBLE,0,27.00
20.600,27.29538,-0.36877,-0.18045,0.8255,1.0000,0.58321,0.0405,0.3688,2.8812,9.348,FEASIBLE,0,27.50
20.700,27.38940,-0.35978,-0.14646,1.0338,1.0000,0.61090,0.0187,0.3598,2.8902,9.726,FEASIBLE,0,27.50
20.800,27.50249,-0.34431,-0.10501,1.2215,1.0000,0.61090,0.0088,0.3443,2.9057,9.770,FEASIBLE,0,27.50
20.902,27.65927,-0.31751,-0.05012,1.3979,1.0000,0.61090,0.0378,0.3175,2.9325,9.354,FEASIBLE,0,27.50
21.002,27.79804,-0.28481,0.00237,1.4349,1.0000,0.47127,0.0160,0.2848,2.9652,9.386,FEASIBLE,0,28.00
21.102,27.93003,-0.24238,0.05609,1.3618,1.0000,0.33165,0.0242,0.2424,3.0076,9.685,FEASIBLE,0,28.00
21.200,28.02739,-0.20593,0.09632,1.2675,1.0000,0.22049,0.0394,0.2059,3.0441,9.428,FEASIBLE,0,28.00
21.300,28.13868,-0.16195,0.13912,1.1668,1.0000,0.02489,0.0264,0.1619,3.0881,9.463,FEASIBLE,0,28.00
21.400,28.23651,-0.12482,0.16787,0.9639,1.0000,-0.23877,0.0306,0.1248,3.1252,9.246,FEASIBLE,0,28.00
21.500,28.32137,-0.10396,0.17601,0.8529,1.0000,-0.26760,0.0224,0.1040,3.1460,9.089,FEASIBLE,0,28.50
21.600,28.39262,-0.09560,0.17047,0.6438,1.0000,-0.20264,0.0230,0.0956,3.1544,9.211,FEASIBLE,0,28.50
21.700,28.44959,-0.09549,0.15786,0.5359,1.0000,-0.08413,0.0048,0.0955,3.1545,9.325,FEASIBLE,0,28.50
21.800,28.50059,-0.10130,0.13997,0.5132,1.0000,-0.08427,0.0085,0.1013,3.1487,9.310,FEASIBLE,0,28.50
21.900,28.55471,-0.11024,0.11876,0.5848,1.0000,-0.08248,0.0314,0.1102,3.1398,9.553,FEASIBLE,0,28.50
22.000,28.61929,-0.12176,0.09317,0.7163,1.0000,0.09019,0.0249,0.1218,3.1282,9.201,FEASIBLE,0,28.50
22.100,28.70033,-0.13855,0.06085,0.9111,1.0000,0.15620,0.0288,0.1385,3.1115,9.240,FEASIBLE,0,28.50
22.200,28.80252,-0.16361,0.01977,1.1507,1.0000,0.18034,0.0563,0.1636,3.0864,9.218,FEASIBLE,0,29.00
22.300,28.92040,-0.19720,-0.02686,1.2638,1.0000,0.13386,0.0930,0.1972,3.0528,9.645,FEASIBLE,0,29.00
22.400,29.05930,-0.22927,-0.06265,1.4703,1.0000,0.34330,0.0811,0.2293,3.0207,9.355,FEASIBLE,0,29.00
22.500,29.19858,-0.24859,-0.07630,1.2856,1.0000,0.36184,0.0875,0.2486,3.0014,9.178,FEASIBLE,0,29.00
22.600,29.30880,-0.25365,-0.07302,1.0466,1.0000,0.39531,0.0655,0.2536,2.9964,9.666,FEASIBLE,0,29.50
22.700,29.40795,-0.24280,-0.04911,0.9868,1.0000,0.39947,0.0290,0.2428,3.0072,9.101,FEASIBLE,0,29.50
22.800,29.49774,-0.22257,-0.01546,0.8633,1.0000,0.43969,0.0177,0.2226,3.0274,9.849,FEASIBLE,0,29.50
22.900,29.57227,-0.20076,0.01400,0.7236,1.0000,0.38363,0.0037,0.2008,3.0492,9.396,FEASIBLE,0,29.50
23.000,29.63462,-0.17942,0.03854,0.6236,1.0000,0.24400,0.0147,0.1794,3.0706,9.150,FEASIBLE,0,29.50
23.100,29.69050,-0.15899,0.06079,0.5819,1.0000,0.10437,0.0254,0.1590,3.0910,9.532,FEASIBLE,0,29.50
23.200,29.74395,-0.14051,0.08339,0.5790,1.0000,-0.03525,0.0396,0.1405,3.1095,9.311,FEASIBLE,0,29.50
23.300,29.80916,-0.12783,0.09859,0.7268,1.0000,-0.08643,0.0041,0.1278,3.1222,9.352,FEASIBLE,0,30.00
23.400,29.89321,-0.11996,0.09719,0.9078,1.0750,-0.02917,0.0044,0.1200,3.1300,9.323,FEASIBLE,0,30.00
23.500,29.99202,-0.11979,0.08268,1.0531,1.2250,0.01820,0.0161,0.1198,3.1302,9.423,FEASIBLE,0,30.00
23.600,30.13317,-0.13735,0.04044,1.2638,1.4500,0.02120,0.0299,0.1373,3.1127,9.551,FEASIBLE,0,30.00
23.700,30.26222,-0.17265,-0.01048,1.4017,1.5250,0.00701,0.0704,0.1727,3.0773,9.336,FEASIBLE,0,30.50
23.800,30.37290,-0.20808,-0.05532,1.4684,1.6750,0.14664,0.0902,0.2081,3.0419,9.810,FEASIBLE,0,30.50
23.900,30.51228,-0.26169,-0.11321,1.5159,1.8250,0.35608,0.1040,0.2617,2.9883,9.358,FEASIBLE,0,30.50
24.000,30.65505,-0.32599,-0.17377,1.6081,1.9750,0.55578,0.1278,0.3260,2.9240,9.228,FEASIBLE,0,30.50
24.100,30.80317,-0.40335,-0.23759,1.6974,2.1250,0.53893,0.1710,0.4034,2.8466,9.327,FEASIBLE,0,31.00
24.202,30.99145,-0.50249,-0.30020,1.8531,1.9500,0.61090,0.2167,0.5025,2.7475,9.519,FEASIBLE,0,31.00
24.300,31.13429,-0.56785,-0.32569,2.0354,1.4500,0.61090,0.1971,0.5679,2.6821,9.242,FEASIBLE,0,31.00
24.402,31.38288,-0.66147,-0.33580,2.3615,1.0000,0.61090,0.1973,0.6615,2.5885,9.624,FEASIBLE,0,31.50
24.500,31.63359,-0.73174,-0.31563,2.7272,1.0000,0.61090,0.2166,0.7317,2.5183,9.783,FEASIBLE,0,31.50
24.600,31.85359,-0.77451,-0.28182,2.8433,1.0000,0.61090,0.2357,0.7745,2.4755,9.580,FEASIBLE,0,32.00
24.700,32.14317,-0.80398,-0.21832,2.9508,1.0000,0.61090,0.2673,0.8040,2.4460,9.319,FEASIBLE,0,32.00
24.800,32.43871,-0.79633,-0.13096,2.9524,1.0000,0.61090,0.2067,0.7963,2.4537,9.260,FEASIBLE,0,32.50
24.900,32.72460,-0.74534,-0.02598,2.8392,1.0000,0.61090,0.1127,0.7453,2.5047,9.277,FEASIBLE,0,32.50
25.000,32.98633,-0.66393,0.07886,2.6652,1.0000,0.59968,0.1042,0.6639,2.5861,9.409,FEASIBLE,0,33.00
25.100,33.21566,-0.56544,0.17518,2.3765,1.0000,0.41276,0.0079,0.5654,2.6846,9.110,FEASIBLE,0,33.00
25.200,33.40703,-0.46175,0.25931,2.0470,1.0000,0.20332,0.0212,0.4618,2.7882,9.141,FEASIBLE,0,33.50
25.300,33.56489,-0.35976,0.33135,1.8330,1.0000,0.17616,0.0166,0.3598,2.8902,9.747,FEASIBLE,0,33.50
25.400,33.70284,-0.25695,0.39788,1.6214,1.0000,-0.10310,0.0458,0.2569,2.9931,9.165,FEASIBLE,0,33.50
25.500,33.81732,-0.15983,0.45599,1.4284,1.0000,-0.38235,0.0645,0.1598,3.0902,9.367,FEASIBLE,0,34.00
25.600,33.91284,-0.06928,0.50697,1.2374,1.0000,-0.52970,0.0878,0.0693,3.1807,9.301,FEASIBLE,0,34.00
25.700,33.98925,0.01048,0.54969,1.0043,1.0000,-0.61090,0.1103,0.0105,3.2395,9.183,FEASIBLE,0,34.00
25.800,34.04976,0.07553,0.58112,0.8215,1.0000,-0.61090,0.0757,0.0755,3.1745,9.167,FEASIBLE,0,34.00
25.900,34.10188,0.12074,0.59109,0.5744,1.0000,-0.61090,0.0991,0.1207,3.1293,9.226,FEASIBLE,0,34.00
26.000,34.13407,0.14642,0.59016,0.2968,1.0000,-0.61090,0.0531,0.1464,3.1036,9.671,FEASIBLE,0,34.00
26.100,34.14714,0.15225,0.58805,0.0808,1.0000,-0.61090,0.0271,0.1522,3.0977,9.307,FEASIBLE,0,34.00
26.200,34.14987,0.14830,0.58697,0.0609,1.0000,-0.61090,0.0004,0.1483,3.1017,9.222,FEASIBLE,0,34.00
26.300,34.15180,0.15044,0.58648,0.0326,1.0000,-0.61090,0.0100,0.1504,3.0996,9.518,FEASIBLE,0,34.00
26.400,34.15620,0.15151,0.58466,0.0656,1.1500,-0.61090,0.0150,0.1515,3.0985,9.518,FEASIBLE,0,34.00
26.500,34.16936,0.15486,0.57930,0.1934,1.3000,-0.61090,0.0115,0.1549,3.0951,9.214,FEASIBLE,0,34.00
26.600,34.19737,0.16308,0.56797,0.3698,1.4500,-0.61090,0.0319,0.1631,3.0869,9.414,FEASIBLE,0,34.00
26.700,34.24301,0.17681,0.55035,0.5321,1.6000,-0.61090,0.0221,0.1768,3.0732,9.473,FEASIBLE,0,34.00
26.800,34.30275,0.19969,0.53463,0.7239,1.4250,-0.61090,0.0259,0.1997,3.0503,9.544,FEASIBLE,0,34.50
26.900,34.38251,0.23948,0.52619,1.0184,1.0000,-0.61090,0.0670,0.2395,3.0105,9.316,FEASIBLE,0,34.50
27.000,34.48694,0.29996,0.52579,1.3250,1.0000,-0.61090,0.1117,0.3000,2.9500,9.576,FEASIBLE,0,34.50
27.100,34.61773,0.37224,0.52111,1.6009,1.0000,-0.61090,0.1389,0.3722,2.8778,11.264,FEASIBLE,0,34.50
27.200,34.77488,0.44546,0.50149,1.8160,1.0000,-0.61090,0.1784,0.4455,2.8045,9.342,FEASIBLE,0,35.00
27.300,34.95674,0.50872,0.45806,1.9983,1.0000,-0.61090,0.2072,0.5087,2.7413,9.438,FEASIBLE,0,35.00
27.400,35.14306,0.54951,0.39399,1.8540,1.0000,-0.61090,0.1503,0.5495,2.7005,9.626,FEASIBLE,0,35.00
27.500,35.35390,0.56414,0.31279,1.7033,1.0000,-0.61090,0.1048,0.5641,2.6859,9.874,FEASIBLE,0,35.50
27.602,35.51598,0.56093,0.24956,1.6066,1.0000,-0.61090,0.0990,0.5609,2.6891,9.621,FEASIBLE,0,35.50
27.702,35.66449,0.55446,0.19222,1.3906,1.0000,-0.61090,0.0573,0.5545,2.6955,9.482,FEASIBLE,0,35.50
27.800,35.78320,0.54311,0.14604,1.0597,1.0000,-0.61090,0.0310,0.5431,2.7069,9.616,FEASIBLE,0,36.00
27.900,35.86286,0.52909,0.11450,0.9622,1.0000,-0.61090,0.0248,0.5291,2.7209,9.686,FEASIBLE,0,36.00
28.000,35.95036,0.51290,0.08003,0.8459,1.0000,-0.61090,0.0190,0.5129,2.7371,9.722,FEASIBLE,0,36.00
28.100,36.02804,0.49619,0.04946,0.7624,1.0000,-0.61090,0.0199,0.4962,2.7538,9.103,FEASIBLE,0,36.00
28.200,36.09689,0.47927,0.02218,0.6707,1.0000,-0.61090,0.0293,0.4793,2.7707,9.736,FEASIBLE,0,36.00
28.300,36.15770,0.46290,-0.00199,0.6119,1.0000,-0.61090,0.0451,0.4629,2.7871,9.766,FEASIBLE,0,36.00
28.400,36.21360,0.44598,-0.02453,0.5612,1.0000,-0.54109,0.0317,0.4460,2.8040,9.520,FEASIBLE,0,36.00
28.500,36.27040,0.42763,-0.04750,0.6320,1.0000,-0.40146,0.0234,0.4276,2.8224,9.479,FEASIBLE,0,36.50
28.600,36.33869,0.40567,-0.07253,0.7765,1.0000,-0.26183,0.0249,0.4057,2.8443,9.446,FEASIBLE,0,36.50
28.700,36.42142,0.38354,-0.09380,0.9038,1.0000,-0.34153,0.0432,0.3835,2.8665,9.276,FEASIBLE,0,36.50
28.800,36.51638,0.36456,-0.10696,1.0139,1.1500,-0.41457,0.0146,0.3646,2.8854,9.677,FEASIBLE,0,36.50
28.900,36.62493,0.34550,-0.11661,1.1685,1.3000,-0.43131,0.0200,0.3455,2.9045,10.070,FEASIBLE,0,36.50
29.000,36.75093,0.32004,-0.13038,1.3635,1.4500,-0.15206,0.0122,0.3200,2.9299,9.664,FEASIBLE,0,37.00
29.100,36.89172,0.28201,-0.15518,1.5186,1.6000,0.11266,0.0340,0.2820,2.9680,9.289,FEASIBLE,0,37.00
29.200,37.04143,0.22809,-0.19324,1.6325,1.7500,-0.01259,0.0216,0.2281,3.0219,9.506,FEASIBLE,0,37.00
29.300,37.20106,0.15644,-0.24305,1.8479,1.9000,0.07478,0.0336,0.1564,3.0935,9.569,FEASIBLE,0,37.00
29.400,37.40388,0.04965,-0.31050,1.9656,2.0500,0.34416,0.0942,0.0496,3.2003,9.240,FEASIBLE,0,37.50
29.500,37.53963,-0.03297,-0.35584,2.0389,2.2000,0.43311,0.1370,0.0330,3.2170,9.498,FEASIBLE,0,37.50
29.600,37.72501,-0.14107,-0.40200,2.2428,2.3500,0.54509,0.1577,0.1411,3.1089,9.645,FEASIBLE,0,37.50
29.700,37.93249,-0.25841,-0.43468,2.4727,2.1750,0.61090,0.1888,0.2584,2.9916,9.589,FEASIBLE,0,38.00
29.800,38.16737,-0.37807,-0.44607,2.6967,1.6750,0.61090,0.2288,0.3781,2.8719,10.164,FEASIBLE,0,38.00
29.900,38.41216,-0.47968,-0.43457,2.5175,1.1750,0.61090,0.2648,0.4797,2.7703,10.395,FEASIBLE,0,38.50
30.000,38.65053,-0.56150,-0.40345,2.5048,1.0000,0.61090,0.2501,0.5615,2.6885,10.218,FEASIBLE,0,38.50
30.100,38.90330,-0.63374,-0.34151,2.7458,1.0000,0.61090,0.1918,0.6337,2.6162,11.097,FEASIBLE,0,39.00
30.200,39.18615,-0.67614,-0.26174,2.9150,1.0000,0.61090,0.1736,0.6761,2.5738,10.233,FEASIBLE,0,39.00
30.300,39.46639,-0.66007,-0.16510,2.8069,1.0000,0.61090,0.1528,0.6601,2.5899,9.680,FEASIBLE,0,39.50
30.400,39.74637,-0.60863,-0.06345,2.8047,1.0000,0.61090,0.0703,0.6086,2.6413,9.620,FEASIBLE,0,39.50
30.500,40.00561,-0.53684,0.04435,2.5814,1.0000,0.56060,0.0743,0.5368,2.7131,9.371,FEASIBLE,0,40.00
30.600,40.23269,-0.44753,0.14249,2.3572,1.0000,0.36858,0.0131,0.4475,2.8024,9.298,FEASIBLE,0,40.00
30.700,40.43046,-0.34581,0.22877,2.1388,1.0000,0.08933,0.0217,0.3458,2.9041,9.436,FEASIBLE,0,40.50
30.800,40.58060,-0.25376,0.29636,1.6100,1.0000,0.01952,0.0530,0.2538,2.9962,9.410,FEASIBLE,0,40.50
30.902,40.69807,-0.17240,0.35154,1.3128,1.0000,-0.11508,0.0491,0.1724,3.0775,9.246,FEASIBLE,0,40.50
31.000,40.80430,-0.08862,0.40405,1.0043,1.0000,-0.39433,0.0624,0.0886,3.1613,9.200,FEASIBLE,0,41.00
31.100,40.85736,-0.04078,0.43219,0.8285,1.0000,-0.51651,0.0848,0.0408,3.2091,9.271,FEASIBLE,0,41.00
31.200,40.91277,0.00608,0.45886,0.6066,1.0000,-0.58677,0.0557,0.0061,3.2438,9.363,FEASIBLE,0,41.00
31.300,40.95010,0.03514,0.47118,0.3044,1.0000,-0.61090,0.0290,0.0351,3.2147,9.267,FEASIBLE,0,41.00
31.400,40.96991,0.04711,0.47358,0.2821,1.0000,-0.61090,0.0171,0.0471,3.2028,9.172,FEASIBLE,0,41.00
31.500,40.99581,0.05920,0.47225,0.2943,1.0000,-0.61090,0.0256,0.0592,3.1907,9.468,FEASIBLE,0,41.00
31.600,41.02681,0.06831,0.46419,0.3459,1.0000,-0.61090,0.0074,0.0683,3.1816,9.990,FEASIBLE,0,41.00
31.700,41.06374,0.07558,0.45069,0.3977,1.0000,-0.61090,0.0097,0.0756,3.1743,9.677,FEASIBLE,0,41.00
31.800,41.10602,0.08256,0.43441,0.4516,1.0000,-0.61090,0.0266,0.0826,3.1673,10.114,FEASIBLE,0,41.00
31.900,41.15595,0.08984,0.41519,0.5473,1.1500,-0.61090,0.0040,0.0898,3.1601,9.397,FEASIBLE,0,41.00
32.000,41.21758,0.09811,0.39237,0.6771,1.3000,-0.61090,0.0207,0.0981,3.1518,9.745,FEASIBLE,0,41.00
32.100,41.29479,0.10861,0.36662,0.8532,1.4500,-0.61090,0.0219,0.1086,3.1412,9.458,FEASIBLE,0,41.50
32.200,41.39186,0.13248,0.35113,1.0863,1.6000,-0.61090,0.0622,0.1325,3.1174,9.669,FEASIBLE,0,41.50
32.300,41.52877,0.17909,0.34779,1.2975,1.8250,-0.61090,0.0633,0.1791,3.0708,9.236,FEASIBLE,0,41.50
32.400,41.63321,0.21696,0.34836,1.4418,1.9000,-0.61090,0.1047,0.2170,3.0329,9.352,FEASIBLE,0,41.50
32.500,41.77904,0.26634,0.34471,1.6032,2.0500,-0.61090,0.1119,0.2663,2.9835,9.592,FEASIBLE,0,42.00
32.600,41.94255,0.31111,0.32887,1.7584,1.8750,-0.61090,0.1246,0.3111,2.9387,9.093,FEASIBLE,0,42.00
32.700,42.12733,0.34312,0.29296,1.9575,1.3750,-0.61090,0.1227,0.3431,2.9067,9.919,FEASIBLE,0,42.00
32.800,42.33727,0.35225,0.22923,2.2463,1.0000,-0.61090,0.1290,0.3523,2.8975,9.519,FEASIBLE,0,42.50
32.900,42.57899,0.33184,0.13914,2.4777,1.0000,-0.55849,0.0679,0.3318,2.9179,9.477,FEASIBLE,0,42.50
33.000,42.82507,0.28716,0.04341,2.4960,1.0000,-0.48342,0.0614,0.2872,2.9625,9.435,FEASIBLE,0,43.00
33.100,43.06274,0.21778,-0.05219,2.4469,1.0000,-0.34379,0.0438,0.2178,3.0319,10.112,FEASIBLE,0,43.00
33.200,43.28559,0.13112,-0.14300,2.3561,1.0000,-0.20416,0.0496,0.1311,3.1184,9.382,FEASIBLE,0,43.50
33.300,43.49632,0.03508,-0.22166,2.2819,1.0000,0.07509,0.0697,0.0351,3.2144,9.482,FEASIBLE,0,43.50
33.400,43.69565,-0.05945,-0.28080,2.1468,1.0000,0.35434,0.0989,0.0594,3.1901,9.558,FEASIBLE,0,43.50
33.500,43.88038,-0.14284,-0.31673,1.9372,1.1500,0.49585,0.1453,0.1428,3.1065,10.034,FEASIBLE,0,44.00
33.600,44.04626,-0.20788,-0.32967,1.6745,1.3000,0.61090,0.1238,0.2079,3.0415,9.749,FEASIBLE,0,44.00
33.700,44.19084,-0.25033,-0.32140,1.3981,1.4500,0.60407,0.0844,0.2503,2.9990,10.150,FEASIBLE,0,44.00
33.800,44.31309,-0.26931,-0.29454,1.1546,1.6000,0.61090,0.1002,0.2693,2.9799,10.317,FEASIBLE,0,44.50
33.900,44.42399,-0.27245,-0.25549,1.0688,1.1000,0.61090,0.0277,0.2724,2.9767,9.961,FEASIBLE,0,44.50
34.004,44.52426,-0.26856,-0.21750,0.9639,1.0000,0.61090,0.0152,0.2686,2.9806,9.947,FEASIBLE,0,44.50
34.102,44.61469,-0.26157,-0.18264,0.8756,1.0000,0.61090,0.0073,0.2616,2.9876,9.784,FEASIBLE,0,44.50
34.200,44.71315,-0.25042,-0.14438,0.7832,1.0000,0.51664,0.0125,0.2504,2.9987,9.795,FEASIBLE,0,44.50
34.300,44.77221,-0.24196,-0.12130,0.7290,1.0000,0.44996,0.0259,0.2420,3.0070,9.974,FEASIBLE,0,45.00
34.400,44.85701,-0.22745,-0.08796,0.7295,1.0000,0.43529,0.0101,0.2274,3.0215,9.831,FEASIBLE,0,45.00
34.500,44.91618,-0.21517,-0.06473,0.7751,1.0000,0.49676,0.0169,0.2152,3.0337,9.480,FEASIBLE,0,45.00
34.600,44.99401,-0.19843,-0.03612,0.7868,1.0000,0.44518,0.0035,0.1984,3.0505,9.399,FEASIBLE,0,45.00
34.700,45.07153,-0.18729,-0.01788,0.7854,1.1500,0.39807,0.0081,0.1873,3.0616,9.498,FEASIBLE,0,45.00
34.800,45.15312,-0.18327,-0.01091,0.8516,1.3750,0.22423,0.0047,0.1833,3.0656,9.559,FEASIBLE,0,45.00
34.900,45.25028,-0.19087,-0.01979,1.0912,1.4500,0.19928,0.0139,0.1909,3.0577,9.478,FEASIBLE,0,45.50
35.000,45.37787,-0.21719,-0.05058,1.4414,1.6000,0.27101,0.0675,0.2172,3.0314,9.152,FEASIBLE,0,45.50
35.100,45.53536,-0.26341,-0.09924,1.7879,1.7500,0.43080,0.0928,0.2634,2.9852,9.479,FEASIBLE,0,45.50
35.200,45.71106,-0.32923,-0.15967,1.9164,1.9000,0.40788,0.1496,0.3292,2.9194,9.597,FEASIBLE,0,45.50
35.300,45.89157,-0.40175,-0.21415,1.9526,2.0500,0.50195,0.1556,0.4017,2.8465,9.463,FEASIBLE,0,46.00
35.400,46.07336,-0.47755,-0.25778,1.9869,2.2000,0.61090,0.1843,0.4776,2.7707,9.793,FEASIBLE,0,46.00
35.500,46.26279,-0.55330,-0.28568,2.1098,1.7000,0.61090,0.2190,0.5533,2.6944,9.644,FEASIBLE,0,46.50
35.600,46.47613,-0.62266,-0.29333,2.3190,1.2000,0.61090,0.2588,0.6227,2.6251,10.067,FEASIBLE,0,46.50
35.700,46.71045,-0.67981,-0.27771,2.4675,1.0000,0.61090,0.1721,0.6798,2.5679,10.017,FEASIBLE,0,46.50
35.800,46.95924,-0.71677,-0.23867,2.5406,1.0000,0.61090,0.2053,0.7168,2.5303,10.199,FEASIBLE,0,47.00
35.900,47.21327,-0.72546,-0.17687,2.5314,1.0000,0.61090,0.1368,0.7255,2.5216,10.196,FEASIBLE,0,47.00
36.000,47.46489,-0.69938,-0.09300,2.5513,1.0000,0.61090,0.1437,0.6994,2.5470,9.913,FEASIBLE,0,47.50
36.100,47.70862,-0.64360,0.00065,2.4497,1.0000,0.58835,0.0661,0.6436,2.6027,10.105,FEASIBLE,0,47.50
36.200,47.93049,-0.56906,0.09047,2.2736,1.0000,0.52600,0.0561,0.5691,2.6764,10.034,FEASIBLE,0,48.00
36.300,48.13127,-0.48124,0.17464,2.1455,1.0000,0.31161,0.0095,0.4812,2.7642,9.274,FEASIBLE,0,48.00
36.400,48.31297,-0.38330,0.25395,2.0028,1.0000,0.03235,0.0265,0.3833,2.8610,10.236,FEASIBLE,0,48.50
36.500,48.47110,-0.28188,0.32623,1.7826,1.0000,-0.18217,0.0197,0.2819,2.9624,9.650,FEASIBLE,0,48.50
36.600,48.60084,-0.18490,0.38877,1.5081,1.0000,-0.20605,0.0725,0.1849,3.0594,9.699,FEASIBLE,0,48.50
36.700,48.70439,-0.09795,0.44137,1.2468,1.0000,-0.45731,0.0942,0.0979,3.1464,9.615,FEASIBLE,0,48.50
36.800,48.78470,-0.02453,0.48359,0.9830,1.0000,-0.55349,0.0696,0.0245,3.2184,9.569,FEASIBLE,0,49.00
36.900,48.85155,0.04181,0.51999,0.6465,1.0000,-0.61090,0.1038,0.0418,3.2011,9.373,FEASIBLE,0,49.00
37.000,48.87941,0.06995,0.53360,0.3983,1.0000,-0.61090,0.0665,0.0700,3.1730,9.503,FEASIBLE,0,49.00
37.100,48.89229,0.08211,0.53541,0.0491,1.0000,-0.61090,0.0461,0.0821,3.1608,9.631,FEASIBLE,0,49.00
37.204,48.88060,0.06927,0.52986,0.2264,1.0000,-0.61090,0.0231,0.0693,3.1737,9.369,FEASIBLE,0,49.00
37.300,48.86753,0.05483,0.52332,0.2270,1.0000,-0.61090,0.0520,0.0548,3.1881,9.395,FEASIBLE,0,49.00
37.400,48.85064,0.03743,0.51417,0.2314,1.1500,-0.61090,0.0325,0.0374,3.2055,9.390,FEASIBLE,0,49.00
37.502,48.83531,0.02196,0.50577,0.1325,1.3000,-0.61090,0.0408,0.0220,3.2210,9.358,FEASIBLE,0,49.00
37.600,48.83181,0.01847,0.50386,0.0142,1.4500,-0.61090,0.0308,0.0185,3.2245,9.365,FEASIBLE,0,49.00
37.702,48.84447,0.02804,0.50703,0.2596,1.6000,-0.61090,0.0122,0.0280,3.2149,9.279,FEASIBLE,0,49.00
37.800,48.87344,0.04478,0.50773,0.5180,1.7500,-0.61090,0.0078,0.0448,3.1982,9.320,FEASIBLE,0,49.00
37.900,48.93849,0.07430,0.49983,0.6728,1.9000,-0.61090,0.0203,0.0743,3.1686,9.997,FEASIBLE,0,49.00
38.000,48.99589,0.10145,0.49486,0.8703,2.0500,-0.61090,0.0680,0.1015,3.1415,9.350,FEASIBLE,0,49.00
38.100,49.08838,0.14712,0.48973,1.1409,2.2000,-0.61090,0.0513,0.1471,3.0958,9.595,FEASIBLE,0,49.00
38.200,49.20722,0.20121,0.47889,1.4174,2.3500,-0.61090,0.0885,0.2012,3.0417,9.178,FEASIBLE,0,49.00
38.300,49.35679,0.25630,0.45315,1.7137,2.1750,-0.61090,0.1166,0.2563,2.9850,9.304,FEASIBLE,0,49.50
38.400,49.53292,0.30051,0.40592,1.7999,1.6750,-0.61090,0.1177,0.3005,2.9408,9.340,FEASIBLE,0,49.50
38.500,49.73049,0.32765,0.34016,2.1183,1.1750,-0.61090,0.0937,0.3276,2.9137,9.263,FEASIBLE,0,49.50
38.600,49.96057,0.33895,0.25992,2.4221,1.0000,-0.61090,0.1253,0.3389,2.9005,9.165,FEASIBLE,0,50.00
38.700,50.22120,0.32704,0.16666,2.7313,1.0000,-0.52664,0.0881,0.3270,2.9124,9.220,FEASIBLE,0,50.00
38.800,50.50484,0.28754,0.06655,2.9325,1.0000,-0.41520,0.0877,0.2789,2.9582,9.676,FEASIBLE,0,50.50
38.900,50.79545,0.22093,-0.03200,3.0072,1.0000,-0.27557,0.0087,0.2008,3.0337,9.206,FEASIBLE,0,51.00
39.000,51.08387,0.12934,-0.12648,3.0404,1.0000,0.00368,0.0234,0.0902,3.1443,9.353,FEASIBLE,0,51.00
39.100,51.36350,0.01661,-0.21418,2.9706,1.0000,0.28293,0.1392,0.0447,3.1867,9.549,FEASIBLE,0,51.50
39.200,51.61364,-0.09564,-0.28151,2.5865,1.0000,0.56218,0.1960,0.1813,3.0500,9.721,FEASIBLE,0,51.50
39.300,51.83395,-0.19650,-0.32461,2.3016,1.0000,0.61090,0.2243,0.3054,2.9223,9.718,FEASIBLE,0,52.00
39.400,52.02664,-0.27844,-0.34464,1.9467,1.0000,0.61090,0.2494,0.4122,2.8155,9.785,FEASIBLE,0,52.00
39.500,52.18614,-0.33427,-0.34319,1.5202,1.0000,0.61090,0.1781,0.4888,2.7390,9.963,FEASIBLE,0,52.00
39.600,52.31097,-0.36217,-0.32323,1.1290,1.0000,0.61090,0.1234,0.5330,2.6947,10.093,FEASIBLE,0,52.00
39.700,52.41364,-0.37105,-0.28901,0.9535,1.0000,0.61090,0.1000,0.5585,2.6652,10.162,FEASIBLE,0,52.50
39.800,52.51159,-0.37146,-0.25204,0.7133,1.0000,0.61090,0.0450,0.5751,2.6485,10.206,FEASIBLE,0,52.50
39.900,52.57032,-0.36919,-0.22942,0.5147,1.0000,0.61090,0.0126,0.5826,2.6410,10.055,FEASIBLE,0,52.50
40.000,52.60564,-0.36714,-0.21579,0.4043,1.0000,0.61090,0.0291,0.5865,2.6372,9.944,FEASIBLE,0,52.50
40.100,52.64060,-0.36463,-0.20229,0.3234,1.0000,0.61090,0.0143,0.5898,2.6339,10.420,FEASIBLE,0,52.50
40.200,52.67139,-0.36204,-0.19038,0.3082,1.0000,0.61090,0.0084,0.5923,2.6313,9.796,FEASIBLE,0,52.50
40.300,52.70407,-0.35888,-0.17774,0.3411,1.0000,0.61090,0.0375,0.5946,2.6290,10.100,FEASIBLE,0,52.50
40.400,52.74285,-0.35461,-0.16275,0.3132,1.1500,0.61090,0.0122,0.5969,2.6268,9.784,FEASIBLE,0,52.50
40.504,52.78114,-0.35421,-0.15389,0.3720,1.3000,0.61090,0.0528,0.6028,2.6208,9.863,FEASIBLE,0,52.50
40.600,52.80971,-0.35770,-0.15275,0.3612,1.4500,0.61090,0.0187,0.6110,2.6126,9.680,FEASIBLE,0,52.50
40.702,52.85646,-0.36942,-0.15898,0.4449,1.6000,0.61090,0.0668,0.6305,2.5884,9.483,FEASIBLE,0,53.00
40.802,52.90502,-0.38832,-0.17402,0.5806,1.7500,0.61090,0.0636,0.6587,2.5603,9.585,FEASIBLE,0,53.00
40.902,52.96825,-0.41883,-0.19981,0.7928,1.9000,0.61090,0.0984,0.7012,2.5178,9.791,FEASIBLE,0,53.00
41.000,53.05082,-0.46310,-0.23563,1.0338,2.0500,0.61090,0.1316,0.7610,2.4580,9.786,FEASIBLE,0,53.00
41.100,53.13062,-0.50977,-0.27118,1.2287,2.2000,0.61090,0.1484,0.8226,2.3964,9.900,FEASIBLE,0,53.00
41.200,53.27100,-0.60171,-0.33576,1.5195,2.3500,0.61090,0.1948,0.9406,2.2784,10.123,FEASIBLE,0,53.00
41.300,53.37614,-0.67961,-0.38614,1.7051,2.5000,0.61090,0.2235,1.0378,2.1812,11.010,FEASIBLE,0,53.00
41.400,53.51492,-0.79043,-0.44929,1.8156,2.0000,0.61090,0.2094,1.1753,2.0384,9.835,FEASIBLE,0,53.50
41.500,53.67052,-0.90844,-0.49670,2.0630,1.5000,0.61090,0.2438,1.3260,1.8876,10.102,FEASIBLE,0,53.50
41.600,53.85594,-1.03307,-0.52269,2.3201,1.0000,0.61090,0.2900,1.4902,1.7235,10.348,FEASIBLE,0,53.50
41.700,54.06253,-1.15318,-0.52341,2.3475,1.0000,0.61090,0.3181,1.6548,1.5589,10.126,FEASIBLE,0,53.50
41.800,54.26718,-1.25168,-0.50221,2.2662,1.0000,0.61090,0.3161,1.8017,1.4060,10.242,FEASIBLE,0,54.00
41.900,54.48024,-1.33014,-0.45792,2.2879,1.0000,0.61090,0.2818,1.9336,1.2742,10.721,FEASIBLE,0,54.00
42.000,54.70374,-1.38100,-0.39272,2.2987,1.0000,0.61090,0.1913,2.0415,1.1662,10.029,FEASIBLE,0,54.00
42.100,54.93436,-1.40307,-0.30958,2.3320,1.0000,0.61090,0.3154,2.1287,1.0725,10.602,FEASIBLE,0,54.50
42.200,55.16414,-1.40101,-0.22211,2.2761,1.0000,0.61090,0.2562,2.1946,1.0066,10.362,FEASIBLE,0,54.50
42.300,55.38450,-1.37902,-0.13712,2.1695,1.0000,0.61090,0.2628,2.2392,0.9546,10.178,FEASIBLE,0,55.00
42.400,55.59025,-1.34052,-0.05694,2.0331,1.0000,0.61090,0.2445,2.2702,0.9237,9.884,FEASIBLE,0,55.00
42.500,55.77560,-1.28945,0.01588,1.8448,1.0000,0.61090,0.1946,2.2826,0.9113,9.876,FEASIBLE,0,55.00
42.600,55.93693,-1.23299,0.08114,1.5936,1.0000,0.61090,0.1705,2.2824,0.9035,9.788,FEASIBLE,0,55.50
42.700,56.06593,-1.17952,0.13549,1.2694,1.0000,0.61090,0.1453,2.2787,0.9072,9.812,FEASIBLE,0,55.50
42.800,56.16539,-1.13283,0.17793,0.9949,1.0000,0.61090,0.1040,2.2708,0.9151,9.576,FEASIBLE,0,55.50
42.900,56.24149,-1.09357,0.21090,0.7697,1.0000,0.61090,0.0801,2.2614,0.9245,9.676,FEASIBLE,0,55.50
43.000,56.30318,-1.06047,0.23694,0.6897,1.0000,0.61090,0.0583,2.2526,0.9333,10.041,FEASIBLE,0,55.50
43.100,56.36619,-1.03560,0.24935,0.6587,1.0000,0.61090,0.0719,2.2520,0.9339,9.290,FEASIBLE,0,55.50
43.200,56.41851,-1.02259,0.24909,0.4736,1.0000,0.61090,0.0631,2.2586,0.9273,9.532,FEASIBLE,0,55.50
43.300,56.45805,-1.01747,0.24280,0.3582,1.1500,0.61090,0.0503,2.2680,0.9179,9.409,FEASIBLE,0,55.50
43.400,56.49071,-1.01703,0.23311,0.3141,1.3000,0.61090,0.0406,2.2803,0.8970,9.385,FEASIBLE,0,56.00
43.500,56.52266,-1.01999,0.22088,0.3288,1.4500,0.61090,0.0513,2.2954,0.8818,9.417,FEASIBLE,0,56.00
43.600,56.55805,-1.02245,0.20720,0.3786,1.6000,0.61090,0.0438,2.3115,0.8658,9.517,FEASIBLE,0,56.00
43.700,56.60163,-1.02548,0.19045,0.4819,1.7500,0.61090,0.0725,2.3312,0.8460,9.265,FEASIBLE,0,56.00
43.800,56.65740,-1.03109,0.16878,0.6170,1.9000,0.61090,0.0405,2.3581,0.8191,9.350,FEASIBLE,0,56.00
43.900,56.72809,-1.04073,0.14100,0.7798,2.0500,0.61090,0.1043,2.3945,0.7827,9.475,FEASIBLE,0,56.00
44.000,56.81645,-1.05559,0.10638,0.9985,2.2000,0.61090,0.1256,2.4426,0.7346,9.745,FEASIBLE,0,56.00
44.104,56.94116,-1.07371,0.06546,1.0899,2.4250,0.61090,0.1575,2.5079,0.6694,9.532,FEASIBLE,0,56.00
44.200,57.05887,-1.08156,0.04556,1.2405,2.5000,0.61090,0.1701,2.5610,0.6163,9.755,FEASIBLE,0,56.00
44.300,57.16503,-1.07893,0.04240,1.3860,2.6500,0.61090,0.1897,2.6014,0.5666,10.285,FEASIBLE,0,56.50
44.400,57.35113,-1.04783,0.07113,1.7168,2.8000,0.61090,0.2349,2.6513,0.5167,10.476,FEASIBLE,0,56.50
44.500,57.49237,-1.00449,0.11303,1.9233,2.3000,0.61090,0.2119,2.6712,0.4967,9.843,FEASIBLE,0,56.50
44.600,57.68721,-0.92532,0.18201,2.2214,1.8000,0.61090,0.1889,2.6812,0.4867,9.487,FEASIBLE,0,56.50
44.700,57.89911,-0.81668,0.26413,2.4688,1.3000,0.61090,0.2284,2.6794,0.4787,9.725,FEASIBLE,0,57.00
44.800,58.11418,-0.68064,0.35424,2.5522,1.0000,0.61090,0.1981,2.6546,0.5034,9.274,FEASIBLE,0,57.00
44.900,58.31602,-0.51864,0.45379,2.6040,1.0000,0.61090,0.1722,2.6058,0.5417,9.259,FEASIBLE,0,57.50
45.000,58.50097,-0.33715,0.55342,2.5737,1.0000,0.61090,0.1047,2.5352,0.6123,9.248,FEASIBLE,0,57.50
45.100,58.66575,-0.14042,0.65193,2.5661,1.0000,0.61090,0.1423,2.4434,0.6931,9.473,FEASIBLE,0,58.00
45.200,58.81076,0.07263,0.75104,2.5796,1.0000,0.61090,0.0450,2.3337,0.8029,9.183,FEASIBLE,0,58.00
45.300,58.93242,0.29700,0.84919,2.5244,1.0000,0.55590,0.0493,2.2023,0.9342,9.271,FEASIBLE,0,58.00
45.400,59.02683,0.52218,0.94331,2.3765,1.0000,0.55386,0.0675,2.0607,1.0645,9.349,FEASIBLE,0,58.50
45.500,59.10386,0.77770,1.04659,2.1077,1.0750,0.26302,0.0272,1.8864,1.2387,9.269,FEASIBLE,0,58.50
45.600,59.13626,0.93221,1.10773,1.8983,1.1500,0.40265,0.0288,1.7735,1.3517,9.162,FEASIBLE,0,58.50
45.700,59.16184,1.10585,1.17529,1.6709,1.3000,0.28859,0.0357,1.6407,1.4845,9.329,FEASIBLE,0,58.50
45.800,59.18143,1.26228,1.22810,1.5129,1.4500,0.13743,0.0172,1.5225,1.5910,9.314,FEASIBLE,0,59.00
45.900,59.20471,1.40151,1.25747,1.3316,1.6000,-0.07201,0.0376,1.4207,1.6928,10.272,FEASIBLE,0,59.00
46.000,59.24111,1.51665,1.25893,1.1516,1.7500,-0.17331,0.0213,1.3462,1.7673,9.419,FEASIBLE,0,59.00
46.100,59.28276,1.60685,1.24370,0.8858,1.9000,-0.18583,0.0153,1.2953,1.8182,9.270,FEASIBLE,0,59.00
46.200,59.32305,1.67243,1.22117,0.7076,2.0500,-0.14657,0.0004,1.2639,1.8496,9.499,FEASIBLE,0,59.00
46.300,59.36166,1.72523,1.19700,0.6298,2.2000,0.00642,0.0446,1.2421,1.8713,9.554,FEASIBLE,0,59.00
46.400,59.40012,1.77426,1.17309,0.6264,2.3500,0.28568,0.0293,1.2240,1.8776,9.434,FEASIBLE,0,59.50
46.500,59.44235,1.82440,1.14761,0.6851,2.5000,0.38375,0.0392,1.2086,1.8930,9.420,FEASIBLE,0,59.50
46.600,59.49216,1.88166,1.11834,0.8106,2.6128,0.34370,0.0447,1.1920,1.9097,9.805,FEASIBLE,0,59.50
46.700,59.55207,1.94622,1.08436,0.9196,2.7628,0.20407,0.0410,1.1754,1.9262,9.417,FEASIBLE,0,59.50
46.800,59.63507,2.02884,1.03917,1.0180,2.7951,0.31582,0.0548,1.1579,1.9437,10.823,FEASIBLE,0,59.50
46.900,59.69287,2.08634,1.01179,1.0281,2.6524,0.35900,0.0651,1.1458,1.9559,9.465,FEASIBLE,0,59.50
47.000,59.76381,2.16648,0.98900,1.1098,2.5396,0.51883,0.0668,1.1233,1.9664,9.985,FEASIBLE,0,60.00
47.100,59.83479,2.26350,0.98148,1.2752,2.4129,0.44901,0.0543,1.0910,1.9987,9.363,FEASIBLE,0,60.00
47.200,59.91588,2.41717,1.00458,1.5836,2.4879,0.28286,0.0213,1.0204,2.0693,10.031,FEASIBLE,0,60.00
47.300,59.97647,2.57915,1.04938,1.8318,2.6379,0.25926,0.0044,0.9305,2.1592,9.319,FEASIBLE,0,60.00
47.400,60.02205,2.73179,1.09579,2.1091,2.3943,0.23976,0.0579,0.8396,2.2383,9.217,FEASIBLE,0,60.50
47.500,60.07338,2.95392,1.16394,2.3969,2.3367,0.16995,0.0064,0.7028,2.3751,9.578,FEASIBLE,0,60.50
47.600,60.11663,3.26269,1.25936,2.7077,2.4117,-0.03692,0.0967,0.4945,2.5834,9.449,FEASIBLE,0,60.50
47.700,60.13556,3.48434,1.32021,2.8271,2.3019,-0.31617,0.1413,0.3398,2.7266,9.716,FEASIBLE,0,61.00
47.800,60.14927,3.77275,1.38832,2.8802,2.0519,-0.52029,0.0989,0.1347,2.9317,9.391,FEASIBLE,0,61.00
47.900,60.16372,4.06192,1.43280,2.9006,1.5519,-0.61090,0.2123,0.0705,2.9959,9.215,FEASIBLE,0,61.00
48.000,60.19249,4.34929,1.44479,2.8763,1.0519,-0.61090,0.2705,0.2581,2.7972,9.548,FEASIBLE,0,61.50
48.100,60.24714,4.62951,1.41827,2.8438,1.0000,-0.61090,0.2584,0.4221,2.6332,9.392,FEASIBLE,0,61.50
48.200,60.33750,4.89441,1.35364,2.7442,1.0000,-0.61090,0.2807,0.5437,2.5011,9.210,FEASIBLE,0,62.00
48.300,60.46431,5.12300,1.26391,2.5425,1.0000,-0.61090,0.2393,0.6120,2.4328,9.273,FEASIBLE,0,62.00
48.400,60.60644,5.31855,1.17235,2.3471,1.0000,-0.61090,0.1786,0.6394,2.3957,10.068,FEASIBLE,0,62.50
48.500,60.78241,5.51470,1.07082,2.0986,1.0000,-0.61090,0.1108,0.6411,2.3940,9.335,FEASIBLE,0,62.50
48.600,60.90323,5.62893,1.00666,2.0125,1.0000,-0.61090,0.0962,0.6233,2.4030,9.275,FEASIBLE,0,63.00
48.700,61.04488,5.74563,0.93579,1.7176,1.0000,-0.52877,0.0137,0.5909,2.4354,9.267,FEASIBLE,0,63.00
48.800,61.16926,5.83558,0.87682,1.4140,1.0000,-0.46975,0.0090,0.5541,2.4644,9.222,FEASIBLE,0,63.50
48.900,61.27261,5.90232,0.82950,1.1101,1.0000,-0.43542,0.0101,0.5147,2.5039,9.399,FEASIBLE,0,63.50
49.000,61.35295,5.94962,0.79366,0.8292,1.0000,-0.44707,0.0041,0.4811,2.5374,9.307,FEASIBLE,0,63.50
49.100,61.41848,5.98808,0.76742,0.7139,1.0000,-0.48672,0.0076,0.4537,2.5649,9.293,FEASIBLE,0,63.50
49.200,61.46897,6.02545,0.75693,0.5747,1.0000,-0.44619,0.0261,0.4374,2.5812,9.276,FEASIBLE,0,63.50
49.300,61.50572,6.06160,0.75850,0.4769,1.0000,-0.31819,0.0111,0.4311,2.5875,9.432,FEASIBLE,0,63.50
49.400,61.53203,6.09412,0.76596,0.3819,1.0000,-0.17856,0.0187,0.4307,2.5879,9.224,FEASIBLE,0,63.50
49.500,61.55239,6.12106,0.77175,0.3105,1.1500,-0.05612,0.0003,0.4315,2.5871,9.418,FEASIBLE,0,63.50
49.600,61.57310,6.14231,0.77204,0.2910,1.3000,-0.05480,0.0274,0.4280,2.5840,9.408,FEASIBLE,0,64.00
49.700,61.59770,6.16099,0.76626,0.3504,1.4500,-0.12756,0.0050,0.4194,2.5927,9.788,FEASIBLE,0,64.00
49.800,61.63583,6.18256,0.75160,0.5052,1.6000,-0.08867,0.0227,0.4016,2.6105,9.472,FEASIBLE,0,64.00
49.900,61.68947,6.21332,0.73274,0.6913,1.7500,-0.17821,0.0168,0.3768,2.6353,9.817,FEASIBLE,0,64.00
50.000,61.75458,6.25838,0.71967,0.8545,1.9750,-0.12596,0.0025,0.3513,2.6608,9.547,FEASIBLE,0,64.00
50.100,61.82929,6.31731,0.71343,1.0186,2.0500,-0.11898,0.0225,0.3263,2.6857,12.460,FEASIBLE,0,64.00
50.200,61.91803,6.38741,0.70704,1.2094,2.2000,0.02155,0.0117,0.2967,2.7153,9.451,FEASIBLE,0,64.00
50.300,62.05082,6.48392,0.69103,1.4824,1.9595,0.33392,0.0043,0.2447,2.7622,9.389,FEASIBLE,0,64.50
50.404,62.18379,6.57467,0.67273,1.6905,1.7095,0.19429,0.0321,0.1868,2.8200,9.270,FEASIBLE,0,64.50
50.500,62.30195,6.65454,0.65885,1.8362,1.2095,0.32442,0.0561,0.1349,2.8719,9.621,FEASIBLE,0,64.50
50.600,62.46044,6.76533,0.64768,1.9773,1.0000,0.48519,0.0417,0.0657,2.9374,9.472,FEASIBLE,0,65.00
50.702,62.64548,6.90758,0.65064,1.9622,1.0000,0.52899,0.0744,0.0132,2.9899,9.447,FEASIBLE,0,65.00
50.800,62.78936,7.03928,0.67281,1.9467,1.0000,0.60648,0.1007,0.0631,2.9400,9.642,FEASIBLE,0,65.00
50.900,62.91824,7.18576,0.71559,1.9474,1.0000,0.60810,0.0801,0.0975,2.9033,9.403,FEASIBLE,0,65.50
51.000,63.00651,7.31298,0.76416,1.9470,1.0000,0.60449,0.0495,0.1082,2.8926,9.459,FEASIBLE,0,65.50
51.100,63.10119,7.48456,0.83666,1.9525,1.0000,0.54250,0.0517,0.1016,2.8991,9.229,FEASIBLE,0,65.50
51.200,63.17932,7.65954,0.91013,1.8851,1.1500,0.47850,0.0068,0.0855,2.9145,9.286,FEASIBLE,0,66.00
51.300,63.24084,7.83048,0.98003,1.7643,1.3000,0.37569,0.0025,0.0568,2.9432,9.292,FEASIBLE,0,66.00
51.400,63.28623,7.98929,1.04365,1.5670,1.4500,0.27786,0.0021,0.0208,2.9800,9.578,FEASIBLE,0,66.50
51.500,63.31752,8.12879,1.09886,1.3347,1.6000,0.16619,0.0412,0.0146,2.9862,9.348,FEASIBLE,0,66.50
51.600,63.33794,8.24962,1.14624,1.1424,1.7500,0.04160,0.0284,0.0512,2.9496,9.366,FEASIBLE,0,66.50
51.700,63.35070,8.35251,1.18631,0.9754,1.9000,0.04160,0.0425,0.0865,2.9143,9.185,FEASIBLE,0,66.50
51.800,63.35845,8.44274,1.22132,0.8672,2.0462,-0.03398,0.0426,0.1205,2.8803,9.298,FEASIBLE,0,66.50
51.900,63.36391,8.52152,1.25018,0.7107,1.9505,-0.17361,0.0441,0.1500,2.8530,9.098,FEASIBLE,0,67.00
52.000,63.37191,8.58065,1.26479,0.5286,2.0255,-0.34842,0.0237,0.1678,2.8352,9.502,FEASIBLE,0,67.00
52.100,63.38490,8.63530,1.27009,0.6111,2.1755,-0.42825,0.0189,0.1792,2.8239,9.324,FEASIBLE,0,67.00
52.200,63.41070,8.70380,1.26397,0.8364,2.1760,-0.42797,0.0070,0.1849,2.8182,9.339,FEASIBLE,0,67.00
52.300,63.46097,8.79446,1.23665,1.1628,2.1426,-0.45165,0.0019,0.1777,2.8253,9.161,FEASIBLE,0,67.00
52.400,63.53703,8.90339,1.18985,1.4326,2.0882,-0.31202,0.0059,0.1550,2.8481,9.357,FEASIBLE,0,67.00
52.500,63.63226,9.02130,1.13309,1.5799,1.9775,-0.17240,0.0085,0.1149,2.8919,10.184,FEASIBLE,0,67.50
52.600,63.74594,9.14648,1.07049,1.7646,2.0525,-0.03579,0.0406,0.0596,2.9472,9.347,FEASIBLE,0,67.50
52.700,63.87398,9.28148,1.01216,1.9354,2.1111,0.24347,0.0586,0.0050,3.0019,9.312,FEASIBLE,0,67.50
52.800,64.00932,9.43882,0.97526,2.1933,1.9224,0.40223,0.0948,0.0724,2.9397,9.420,FEASIBLE,0,68.00
52.900,64.15184,9.62854,0.96299,2.4591,1.9974,0.49674,0.1040,0.1365,2.8756,9.406,FEASIBLE,0,68.00
53.000,64.28781,9.84133,0.97650,2.5684,2.0262,0.56518,0.1146,0.1899,2.8286,9.331,FEASIBLE,0,68.50
53.100,64.40697,10.07182,1.01433,2.5947,2.1012,0.58449,0.0986,0.2261,2.7925,9.349,FEASIBLE,0,68.50
53.200,64.49711,10.31135,1.07441,2.4577,2.0110,0.58628,0.1029,0.2359,2.7904,9.580,FEASIBLE,0,69.00
53.300,64.55017,10.53683,1.14979,2.3279,1.5110,0.53534,0.0640,0.2190,2.8073,9.613,FEASIBLE,0,69.00
53.400,64.57602,10.77577,1.24002,2.4301,1.0110,0.46612,0.0308,0.1748,2.8603,9.447,FEASIBLE,0,69.50
53.500,64.57816,11.01575,1.33241,2.3790,1.0000,0.27862,0.0152,0.1127,2.9224,9.249,FEASIBLE,0,69.50
53.600,64.55882,11.24528,1.42123,2.2481,1.0000,0.09026,0.0592,0.0335,3.0113,9.275,FEASIBLE,0,70.00
53.704,64.51283,11.49540,1.51865,2.0215,1.0000,-0.04937,0.1173,0.0700,2.9748,9.235,FEASIBLE,0,70.00
53.800,64.47220,11.64434,1.57716,1.8734,1.0000,-0.16752,0.1122,0.1445,2.9003,9.357,FEASIBLE,0,70.00
53.904,64.40149,11.84982,1.65986,1.7290,1.0000,-0.44671,0.1552,0.2589,2.7964,9.347,FEASIBLE,0,70.50
54.002,64.35223,11.96801,1.70924,1.5224,1.0000,-0.54014,0.1953,0.3311,2.7242,9.512,FEASIBLE,0,70.50
54.100,64.28206,12.11166,1.77062,1.1995,1.0000,-0.61090,0.1348,0.4290,2.6263,9.006,FEASIBLE,0,70.50
54.200,64.23453,12.20887,1.80569,0.9987,1.0000,-0.61090,0.1357,0.4952,2.5601,8.943,FEASIBLE,0,70.50
54.300,64.21109,12.27634,1.81442,0.8280,1.0000,-0.61090,0.1332,0.5318,2.5235,9.133,FEASIBLE,0,70.50
54.400,64.19601,12.33828,1.81170,0.5301,1.0000,-0.61090,0.1116,0.5581,2.5082,9.072,FEASIBLE,0,71.00
54.500,64.19235,12.37823,1.80387,0.3332,1.0000,-0.61090,0.0304,0.5685,2.4979,9.963,FEASIBLE,0,71.00
54.600,64.19674,12.40477,1.79431,0.2411,1.0000,-0.61090,0.0646,0.5687,2.4977,8.988,FEASIBLE,0,71.00
54.700,64.20063,12.43106,1.78380,0.3128,1.0000,-0.61090,0.0338,0.5694,2.4970,9.302,FEASIBLE,0,71.00
54.800,64.20015,12.46447,1.77165,0.3447,1.0000,-0.61090,0.0143,0.5755,2.4909,9.261,FEASIBLE,0,71.00
54.900,64.20670,12.50450,1.75533,0.4669,1.0000,-0.61090,0.0297,0.5759,2.4905,9.008,FEASIBLE,0,71.00
55.000,64.21052,12.56129,1.73398,0.6055,1.0000,-0.61090,0.0268,0.5817,2.4846,8.881,FEASIBLE,0,71.00
55.100,64.21591,12.61787,1.71426,0.5475,1.0000,-0.61090,0.0175,0.5861,2.4803,9.046,FEASIBLE,0,71.00
55.200,64.21704,12.67974,1.70141,0.6695,1.0000,-0.61090,0.0432,0.5955,2.4709,9.121,FEASIBLE,0,71.00
55.300,64.21070,12.75664,1.69672,0.8745,1.0000,-0.61090,0.0606,0.6148,2.4516,8.930,FEASIBLE,0,71.00
55.400,64.19315,12.86125,1.70154,1.1813,1.1500,-0.61090,0.0971,0.6477,2.4303,8.906,FEASIBLE,0,71.50
55.500,64.17247,12.99410,1.70451,1.4465,1.0000,-0.61090,0.1216,0.6864,2.3916,8.804,FEASIBLE,0,71.50
55.600,64.15839,13.15007,1.69460,1.6365,1.0000,-0.61090,0.1288,0.7217,2.3562,8.872,FEASIBLE,0,71.50
55.700,64.16136,13.32210,1.66275,1.7715,1.0000,-0.61090,0.1179,0.7409,2.3488,8.513,FEASIBLE,0,72.00
55.800,64.18793,13.48788,1.61039,1.5470,1.0000,-0.61090,0.1124,0.7317,2.3580,8.631,FEASIBLE,0,72.00
55.900,64.22596,13.63479,1.55355,1.4870,1.0000,-0.61090,0.0680,0.7092,2.3805,8.659,FEASIBLE,0,72.00
56.000,64.26999,13.76808,1.49961,1.3410,1.0000,-0.57019,0.0384,0.6786,2.4230,8.829,FEASIBLE,0,72.50
56.100,64.31514,13.88090,1.45346,1.1306,1.0000,-0.51905,0.0394,0.6416,2.4600,9.474,FEASIBLE,0,72.50
56.200,64.35640,13.97250,1.41533,0.9102,1.0000,-0.42850,0.0052,0.6069,2.4947,8.400,FEASIBLE,0,72.50
56.300,64.39235,14.04669,1.38365,0.7749,1.0000,-0.35751,0.0168,0.5763,2.5253,9.104,FEASIBLE,0,72.50
56.400,64.42512,14.11402,1.35627,0.7492,1.0000,-0.26459,0.0027,0.5483,2.5533,8.437,FEASIBLE,0,72.50
56.500,64.44895,14.18360,1.34312,0.7364,1.0000,-0.12497,0.0160,0.5295,2.5721,8.498,FEASIBLE,0,72.50
56.600,64.46527,14.25822,1.34461,0.7767,1.0000,-0.06990,0.0118,0.5171,2.5964,8.496,FEASIBLE,0,73.00
56.700,64.47547,14.33936,1.35570,0.8530,1.1500,-0.20786,0.0442,0.5099,2.6035,8.189,FEASIBLE,0,73.00
56.800,64.48598,14.42934,1.36755,0.9327,1.3000,-0.40663,0.0262,0.5028,2.6107,8.638,FEASIBLE,0,73.00
56.900,64.50201,14.52310,1.37189,0.9620,1.4500,-0.44465,0.0486,0.4903,2.6232,8.327,FEASIBLE,0,73.00
57.000,64.52894,14.61868,1.36212,1.0204,1.6000,-0.45645,0.0390,0.4670,2.6465,8.311,FEASIBLE,0,73.00
57.100,64.57387,14.71994,1.33235,1.2055,1.7500,-0.17719,0.0124,0.4251,2.7001,8.143,FEASIBLE,0,73.50
57.202,64.65959,14.86594,1.27131,1.5566,1.7815,0.10206,0.0188,0.3400,2.7852,9.175,FEASIBLE,0,73.50
57.302,64.75720,15.00543,1.20619,1.7985,1.2815,0.12638,0.0887,0.2429,2.8822,7.871,FEASIBLE,0,73.50
57.402,64.87875,15.15527,1.13189,2.0129,1.0000,0.39937,0.1110,0.1220,3.0031,8.586,FEASIBLE,0,73.50
57.500,65.02484,15.30938,1.05031,2.2093,1.0000,0.54803,0.1672,0.0248,3.1117,8.040,FEASIBLE,0,74.00
57.600,65.19228,15.46665,0.96988,2.3334,1.0000,0.61090,0.2383,0.1923,2.9443,8.128,FEASIBLE,0,74.00
57.700,65.33305,15.59406,0.91646,2.4351,1.0000,0.61090,0.2501,0.3330,2.8035,8.365,FEASIBLE,0,74.00
57.800,65.50973,15.75717,0.86801,2.3455,1.0000,0.61090,0.2968,0.5097,2.6378,8.058,FEASIBLE,0,74.50
57.900,65.67008,15.91558,0.84522,2.1972,1.0000,0.61090,0.2843,0.6701,2.4775,7.669,FEASIBLE,0,74.50
58.000,65.81335,16.07662,0.84671,2.1321,1.0000,0.61090,0.2462,0.8134,2.3342,8.014,FEASIBLE,0,74.50
58.100,65.93597,16.24516,0.87234,2.0519,1.0000,0.61090,0.2757,0.9360,2.2221,7.788,FEASIBLE,0,75.00
58.200,66.03089,16.41831,0.92117,1.9171,1.0000,0.61090,0.1920,1.0309,2.1271,7.713,FEASIBLE,0,75.00
58.300,66.09336,16.58071,0.98252,1.6239,1.0000,0.61090,0.1859,1.0934,2.0647,7.959,FEASIBLE,0,75.00
58.400,66.13451,16.71884,1.03727,1.3158,1.0000,0.61090,0.1687,1.1345,2.0334,8.114,FEASIBLE,0,75.50
58.500,66.16102,16.82816,1.08052,1.0001,1.0000,0.61090,0.1060,1.1610,2.0069,7.531,FEASIBLE,0,75.50
58.600,66.17651,16.91035,1.11299,0.7326,1.0000,0.61090,0.0895,1.1765,1.9914,7.371,FEASIBLE,0,75.50
58.700,66.18458,16.97201,1.13747,0.5455,1.0000,0.61090,0.0673,1.1846,1.9834,7.232,FEASIBLE,0,75.50
58.800,66.18879,17.01716,1.15542,0.4087,1.0000,0.61090,0.0263,1.1888,1.9792,7.385,FEASIBLE,0,75.50
58.900,66.19359,17.05223,1.16908,0.3213,1.0000,0.61090,0.0499,1.1936,1.9744,7.378,FEASIBLE,0,75.50
59.000,66.19692,17.08236,1.18086,0.3001,1.1500,0.61090,0.0375,1.1969,1.9710,7.271,FEASIBLE,0,75.50
59.100,66.20023,17.10833,1.19098,0.2062,1.3000,0.61090,0.0362,1.2002,1.9677,7.368,FEASIBLE,0,75.50
59.200,66.20633,17.12855,1.19654,0.2187,1.4500,0.61090,0.0240,1.2063,1.9616,7.371,FEASIBLE,0,75.50
59.300,66.21490,17.14977,1.19969,0.2344,1.6000,0.61090,0.0211,1.2149,1.9531,7.326,FEASIBLE,0,75.50
59.400,66.22410,17.17395,1.19845,0.2835,1.7452,0.61090,0.0308,1.2241,1.9439,7.730,FEASIBLE,0,75.50
59.500,66.24254,17.20727,1.18595,0.5135,1.7736,0.61090,0.0398,1.2425,1.9347,7.574,FEASIBLE,0,76.00
59.600,66.28413,17.25906,1.16200,0.7268,1.8486,0.61090,0.0669,1.2841,1.8931,7.526,FEASIBLE,0,76.00
59.700,66.33951,17.32513,1.12827,0.9741,1.8882,0.61090,0.1060,1.3395,1.8377,7.778,FEASIBLE,0,76.00
59.800,66.41380,17.40603,1.08579,1.1861,1.8709,0.61090,0.1415,1.4138,1.7635,7.607,FEASIBLE,0,76.00
59.900,66.50716,17.49943,1.03564,1.4354,1.7418,0.61090,0.1650,1.5072,1.6701,7.427,FEASIBLE,0,76.00
60.000,66.61746,17.61427,0.99039,1.6699,1.7361,0.61090,0.1999,1.6175,1.5598,7.560,FEASIBLE,0,76.00
60.100,66.73004,17.75113,0.96815,1.8472,1.7488,0.61090,0.2472,1.7300,1.4559,7.594,FEASIBLE,0,76.50
60.200,66.84107,17.91416,0.97172,2.0582,1.2488,0.61090,0.2238,1.8411,1.3448,7.189,FEASIBLE,0,76.50
60.300,66.94353,18.10068,1.00037,2.1719,1.0000,0.61090,0.2600,1.9435,1.2424,7.172,FEASIBLE,0,76.50
60.404,67.04381,18.34917,1.06566,2.2734,1.0000,0.61090,0.3194,2.0438,1.1501,7.075,FEASIBLE,0,77.00
60.500,67.09259,18.52442,1.12596,2.2568,1.0000,0.61090,0.2645,2.0926,1.1013,6.935,FEASIBLE,0,77.00
60.600,67.12703,18.73800,1.20871,2.0986,1.0000,0.61090,0.1187,2.1270,1.0741,7.050,FEASIBLE,0,77.50
60.700,67.12812,18.98677,1.30640,2.0713,1.0000,0.61090,0.2489,2.1281,1.0730,6.972,FEASIBLE,0,77.50
60.800,67.12056,19.15440,1.37304,2.1079,1.0000,0.61090,0.1884,2.1206,1.0806,6.885,FEASIBLE,0,77.50
60.900,67.08953,19.39270,1.46749,1.9089,1.0000,0.61090,0.1958,2.0895,1.1182,6.736,FEASIBLE,0,78.00
61.000,67.05950,19.53347,1.52346,1.7468,1.0000,0.61090,0.1179,2.0595,1.1482,6.725,FEASIBLE,0,78.00
61.100,67.01633,19.68825,1.58556,1.5492,1.0000,0.61090,0.1104,2.0163,1.1973,6.927,FEASIBLE,0,78.50
61.200,66.97140,19.82229,1.64115,1.3039,1.0000,0.61090,0.1119,1.9714,1.2423,6.837,FEASIBLE,0,78.50
61.300,66.92995,19.92722,1.68551,1.0407,1.0000,0.61090,0.0449,1.9299,1.2837,6.410,FEASIBLE,0,78.50
61.400,66.89488,20.00961,1.71951,0.8301,1.0000,0.61090,0.0599,1.8949,1.3188,6.231,FEASIBLE,0,78.50
61.500,66.87190,20.08401,1.73464,0.7421,1.0000,0.61090,0.0414,1.8719,1.3418,6.487,FEASIBLE,0,78.50
61.600,66.86018,20.14861,1.73465,0.5789,1.0000,0.61090,0.0682,1.8602,1.3535,6.458,FEASIBLE,0,78.50
61.700,66.85628,20.19454,1.72770,0.3888,1.0000,0.61090,0.0897,1.8563,1.3627,6.459,FEASIBLE,0,79.00
61.800,66.86134,20.22558,1.71785,0.2950,1.0000,0.61090,0.0328,1.8613,1.3576,6.468,FEASIBLE,0,79.00
61.900,66.86665,20.25486,1.70640,0.3162,1.0000,0.61090,0.0424,1.8666,1.3523,6.368,FEASIBLE,0,79.00
62.000,66.86896,20.28676,1.69455,0.3313,1.0000,0.61090,0.0337,1.8690,1.3500,6.516,FEASIBLE,0,79.00
62.100,66.87324,20.32084,1.68142,0.3457,1.0000,0.61090,0.0241,1.8732,1.3457,6.642,FEASIBLE,0,79.00
62.200,66.88224,20.36021,1.66520,0.4449,1.0000,0.61090,0.0330,1.8822,1.3367,6.343,FEASIBLE,0,79.00
62.300,66.89395,20.41133,1.64443,0.6090,1.0000,0.61090,0.0652,1.8940,1.3250,6.627,FEASIBLE,0,79.00
62.400,66.90628,20.47662,1.62022,0.6860,1.0000,0.61090,0.0692,1.9063,1.3127,6.561,FEASIBLE,0,79.00
62.500,66.91596,20.54769,1.60321,0.7644,1.0000,0.61090,0.0990,1.9160,1.3030,6.303,FEASIBLE,0,79.00
62.600,66.91823,20.63045,1.59644,0.8835,1.0000,0.61090,0.0781,1.9182,1.3007,6.436,FEASIBLE,0,79.00
62.700,66.90835,20.72754,1.60601,1.0740,1.0000,0.61090,0.0774,1.9083,1.3153,6.376,FEASIBLE,0,79.50
62.800,66.88119,20.84429,1.63569,1.2814,1.0000,0.61090,0.1039,1.8812,1.3425,6.941,FEASIBLE,0,79.50
62.900,66.83165,20.97562,1.68792,1.4585,1.0000,0.61090,0.0502,1.8316,1.3920,6.359,FEASIBLE,0,79.50
63.000,66.77244,21.10588,1.74348,1.4324,1.0000,0.61090,0.0499,1.7724,1.4512,6.467,FEASIBLE,0,79.50
63.100,66.70564,21.23344,1.79946,1.4597,1.0000,0.61090,0.0359,1.7056,1.5221,6.364,FEASIBLE,0,80.00
63.200,66.63164,21.35760,1.85559,1.4368,1.0000,0.56445,0.0574,1.6316,1.5961,6.201,FEASIBLE,0,80.00
63.300,66.55506,21.47170,1.90885,1.3311,1.0000,0.54959,0.0046,1.5551,1.6727,6.448,FEASIBLE,0,80.00
63.400,66.48142,21.57250,1.95602,1.1806,1.0000,0.51091,0.0076,1.4814,1.7463,6.354,FEASIBLE,0,80.00
63.500,66.42615,21.65699,1.98522,0.8987,1.0000,0.45794,0.0011,1.4261,1.8016,6.529,FEASIBLE,0,80.00
63.600,66.39082,21.72344,1.99671,0.6733,1.0000,0.29955,0.0222,1.3908,1.8405,6.383,FEASIBLE,0,80.50
63.700,66.36687,21.77311,1.99712,0.4927,1.0000,0.16446,0.0049,1.3669,1.8645,6.379,FEASIBLE,0,80.50
63.804,66.34997,21.81317,1.98883,0.4089,1.0000,0.02484,0.0145,1.3500,1.8814,5.927,FEASIBLE,0,80.50
63.904,66.33785,21.87313,1.97223,0.5382,1.0000,0.14546,0.0156,1.3379,1.8935,5.914,FEASIBLE,0,80.50
64.002,66.32336,21.92743,1.96202,0.5912,1.0000,0.15803,0.0368,1.3234,1.9080,5.948,FEASIBLE,0,80.50
64.100,66.30298,21.97474,1.96109,0.6892,1.0000,0.19963,0.0323,1.3030,1.9284,5.850,FEASIBLE,0,80.50
64.200,66.25507,22.06166,1.97592,0.9391,1.0000,0.32101,0.0258,1.2551,1.9763,5.763,FEASIBLE,0,80.50
64.300,66.20896,22.13062,1.99636,1.1055,1.0000,0.42632,0.0036,1.2090,2.0224,5.711,FEASIBLE,0,80.50
64.400,66.13585,22.23164,2.02901,1.3446,1.0000,0.38967,0.0008,1.1359,2.0986,5.957,FEASIBLE,0,81.00
64.500,66.04469,22.34534,2.07004,1.5245,1.0000,0.18023,0.0265,1.0447,2.1898,5.758,FEASIBLE,0,81.00
64.600,65.93948,22.46242,2.11784,1.5991,1.0000,0.04060,0.0576,0.9395,2.2950,6.096,FEASIBLE,0,81.00
64.700,65.82874,22.57718,2.16531,1.5826,1.0000,-0.16884,0.0540,0.8287,2.4057,6.260,FEASIBLE,0,81.00
64.800,65.72264,22.68677,2.20460,1.4779,1.0000,-0.05968,0.0506,0.7226,2.5118,6.098,FEASIBLE,0,81.00
64.900,65.63236,22.78937,2.22866,1.2825,1.0000,-0.08178,0.0244,0.6324,2.6048,5.812,FEASIBLE,0,81.50
65.000,65.56916,22.87778,2.23403,0.9489,1.0000,-0.23590,0.0546,0.5692,2.6680,5.582,FEASIBLE,0,81.50
65.100,65.53193,22.94284,2.22681,0.6268,1.0000,-0.51516,0.0412,0.5319,2.7052,5.329,FEASIBLE,0,81.50
65.200,65.50900,22.98870,2.21000,0.4384,1.0000,-0.54625,0.0287,0.5090,2.7281,5.474,FEASIBLE,0,81.50
65.300,65.49469,23.01692,2.19599,0.2348,1.0000,-0.41062,0.0021,0.4947,2.7424,5.447,FEASIBLE,0,81.50
65.400,65.48596,23.02833,2.18807,0.0969,1.0000,-0.28770,0.0022,0.4860,2.7512,5.551,FEASIBLE,0,81.50
65.500,65.48004,23.02970,2.18395,0.0479,1.0000,-0.31712,0.0032,0.4800,2.7571,5.467,FEASIBLE,0,81.50
65.600,65.47664,23.04446,2.17905,0.1330,1.0000,-0.28222,0.0069,0.4766,2.7605,5.406,FEASIBLE,0,81.50
65.700,65.47322,23.05548,2.17479,0.1551,1.0000,-0.30184,0.0109,0.4732,2.7639,5.457,FEASIBLE,0,81.50
65.800,65.46564,23.07442,2.16613,0.2785,1.0000,-0.27282,0.0147,0.4656,2.7715,6.089,FEASIBLE,0,81.50
65.900,65.45333,23.11247,2.15185,0.4976,1.0000,-0.52742,0.0114,0.4533,2.7838,5.451,FEASIBLE,0,81.50
66.000,65.42416,23.17405,2.14084,0.7900,1.0000,-0.50211,0.0306,0.4242,2.8130,5.732,FEASIBLE,0,81.50
66.100,65.37453,23.25184,2.14259,1.0012,1.0000,-0.52013,0.0124,0.3745,2.8649,5.633,FEASIBLE,0,82.00
66.200,65.30709,23.34055,2.15606,1.1863,1.0000,-0.43302,0.0512,0.3071,2.9323,5.530,FEASIBLE,0,82.00
66.300,65.23020,23.44042,2.16997,1.3018,1.0000,-0.46836,0.0608,0.2302,3.0092,5.692,FEASIBLE,0,82.00
66.400,65.15383,23.54839,2.17531,1.3298,1.0000,-0.54708,0.0796,0.1538,3.0856,5.959,FEASIBLE,0,82.00
66.500,65.08850,23.65988,2.16543,1.2561,1.0000,-0.61090,0.0611,0.0885,3.1509,5.496,FEASIBLE,0,82.00
66.600,65.04331,23.76973,2.13645,1.1781,1.0000,-0.61090,0.0421,0.0433,3.1980,5.538,FEASIBLE,0,82.50
66.700,65.01268,23.87932,2.09675,1.0884,1.0750,-0.61090,0.0411,0.0127,3.2286,5.319,FEASIBLE,0,82.50
66.800,64.99107,23.97915,2.05941,0.9698,1.2250,-0.61090,0.0278,0.0089,3.2324,5.156,FEASIBLE,0,82.50
66.900,64.97585,24.06284,2.02778,0.7755,1.2971,-0.61090,0.0305,0.0241,3.2172,5.512,FEASIBLE,0,82.50
67.000,64.96437,24.13021,2.00142,0.6291,1.2836,-0.61090,0.0229,0.0356,3.2057,5.287,FEASIBLE,0,82.50
67.100,64.95560,24.19043,1.97815,0.6098,1.2506,-0.61090,0.0072,0.0444,3.1985,5.774,FEASIBLE,0,83.00
67.200,64.94888,24.25201,1.95482,0.6330,1.2267,-0.60168,0.0085,0.0511,3.1918,5.215,FEASIBLE,0,83.00
67.302,64.94201,24.33479,1.92352,0.7461,1.3725,-0.59783,0.0001,0.0580,3.1850,5.233,FEASIBLE,0,83.00
67.400,64.93707,24.41766,1.89302,0.8975,1.3570,-0.58331,0.0095,0.0629,3.1800,5.103,FEASIBLE,0,83.00
67.500,64.93378,24.52009,1.85602,1.1260,1.3273,-0.54230,0.0253,0.0662,3.1767,5.207,FEASIBLE,0,83.00
67.600,64.93501,24.64811,1.80921,1.3846,1.3031,-0.39484,0.0118,0.0650,3.1780,5.121,FEASIBLE,0,83.00
67.700,64.94159,24.76882,1.76491,1.5847,1.2591,-0.32934,0.0246,0.0584,3.1859,5.393,FEASIBLE,0,83.50
67.800,64.95967,24.93696,1.70260,1.7546,1.0091,-0.29869,0.0156,0.0403,3.2040,4.937,FEASIBLE,0,83.50
67.900,64.99078,25.11402,1.63412,1.8210,1.0000,-0.12973,0.0490,0.0092,3.2351,5.139,FEASIBLE,0,83.50
68.000,65.03488,25.29098,1.56402,1.8198,1.0000,-0.01978,0.0435,0.0349,3.2105,4.788,FEASIBLE,0,84.00
68.100,65.08954,25.45916,1.49596,1.7293,1.0000,0.11985,0.0765,0.0895,3.1559,5.009,FEASIBLE,0,84.00
68.200,65.14806,25.60947,1.43512,1.5237,1.0000,0.25947,0.0728,0.1481,3.0974,4.829,FEASIBLE,0,84.00
68.300,65.19812,25.73372,1.39229,1.2153,1.0000,0.39511,0.1028,0.1981,3.0482,4.846,FEASIBLE,0,84.50
68.400,65.23495,25.84201,1.37020,0.7504,1.0000,0.52163,0.0866,0.2350,3.0114,4.452,FEASIBLE,0,84.50
68.500,65.24454,25.88285,1.36885,0.3933,1.0000,0.60979,0.0399,0.2445,3.0018,4.455,FEASIBLE,0,84.50
68.600,65.24736,25.90943,1.37301,0.1986,1.0000,0.59471,0.0231,0.2474,2.9990,4.467,FEASIBLE,0,84.50
68.700,65.24672,25.91521,1.37565,0.0743,1.0000,0.61090,0.0173,0.2467,2.9996,4.537,FEASIBLE,0,84.50
68.800,65.24525,25.89787,1.37241,0.2806,1.0000,0.61090,0.0282,0.2452,3.0011,4.757,FEASIBLE,0,84.50
68.900,65.23808,25.86278,1.37203,0.3997,1.0000,0.60178,0.0498,0.2381,3.0083,4.373,FEASIBLE,0,84.50
69.000,65.22501,25.82227,1.37872,0.4377,1.0000,0.59255,0.0722,0.2250,3.0213,4.450,FEASIBLE,0,84.50
69.100,65.20846,25.78290,1.39135,0.4148,1.0000,0.54970,0.0615,0.2085,3.0379,4.568,FEASIBLE,0,84.50
69.200,65.19265,25.74868,1.40526,0.3459,1.0000,0.53805,0.0639,0.1926,3.0537,4.577,FEASIBLE,0,84.50
69.300,65.18128,25.72392,1.41567,0.2161,1.0000,0.49640,0.0367,0.1813,3.0651,4.490,FEASIBLE,0,84.50
69.400,65.17696,25.71436,1.41970,0.0225,1.0000,0.45985,0.0523,0.1770,3.0694,4.747,FEASIBLE,0,84.50
69.500,65.18103,25.72418,1.41670,0.2093,1.0000,0.46250,0.0067,0.1810,3.0653,4.557,FEASIBLE,0,84.50
69.600,65.19358,25.75751,1.40804,0.4511,1.0000,0.49483,0.0160,0.1936,3.0528,4.529,FEASIBLE,0,84.50
69.700,65.21261,25.81268,1.39701,0.6728,1.0000,0.50186,0.0329,0.2126,3.0337,4.725,FEASIBLE,0,84.50
69.800,65.23227,25.89308,1.38901,0.9100,1.0000,0.51863,0.0648,0.2323,3.0141,4.488,FEASIBLE,0,84.50
69.900,65.25035,25.99456,1.38960,1.1087,1.0000,0.59158,0.0492,0.2503,2.9960,4.835,FEASIBLE,0,84.50
70.000,65.26046,26.11162,1.40390,1.2230,1.0000,0.48246,0.0629,0.2605,2.9859,4.538,FEASIBLE,0,84.50
70.100,65.25589,26.23896,1.43669,1.3924,1.0000,0.49135,0.0465,0.2559,2.9912,4.752,FEASIBLE,0,85.00
70.200,65.23246,26.40474,1.49646,1.3767,1.0000,0.44222,0.0301,0.2325,3.0146,4.599,FEASIBLE,0,85.00
70.300,65.21052,26.50658,1.53614,1.2647,1.0000,0.40219,0.0060,0.2105,3.0366,4.497,FEASIBLE,0,85.00
70.402,65.17539,26.63808,1.58846,1.0310,1.0000,0.31726,0.0185,0.1754,3.0717,4.673,FEASIBLE,0,85.00
70.504,65.14831,26.72347,1.62303,0.8169,1.0000,0.25917,0.0068,0.1483,3.0994,4.560,FEASIBLE,0,85.50
70.602,65.12368,26.79049,1.65081,0.6572,1.0000,0.24316,0.0211,0.1237,3.1240,4.469,FEASIBLE,0,85.50
70.700,65.10494,26.83412,1.66950,0.5547,1.0000,0.12248,0.0167,0.1049,3.1428,4.163,FEASIBLE,0,85.50
70.800,65.08809,26.87482,1.68298,0.3964,1.0000,-0.01715,0.0289,0.0881,3.1596,4.201,FEASIBLE,0,85.50
70.900,65.08116,26.91054,1.68811,0.3568,1.0000,-0.10740,0.0074,0.0812,3.1666,4.183,FEASIBLE,0,85.50
71.000,65.07605,26.95211,1.68747,0.4682,1.0000,-0.12058,0.0013,0.0761,3.1717,4.518,FEASIBLE,0,85.50
71.100,65.07863,27.01394,1.67458,0.7409,1.0000,-0.10178,0.0112,0.0786,3.1691,4.468,FEASIBLE,0,85.50
71.200,65.09387,27.10514,1.64244,1.0507,1.0000,0.04350,0.0339,0.0939,3.1538,4.492,FEASIBLE,0,85.50
71.300,65.12027,27.22120,1.59789,1.2783,1.0000,0.15940,0.0307,0.1203,3.1279,4.415,FEASIBLE,0,86.00
71.400,65.15718,27.35236,1.54633,1.4200,1.0000,0.23162,0.0649,0.1572,3.0910,4.440,FEASIBLE,0,86.00
71.500,65.20503,27.49065,1.48993,1.5003,1.0000,0.34682,0.0776,0.2050,3.0432,4.458,FEASIBLE,0,86.00
71.600,65.25775,27.63084,1.43800,1.4791,1.0000,0.36420,0.0722,0.2577,2.9905,4.273,FEASIBLE,0,86.00
71.700,65.30269,27.76293,1.40563,1.3426,1.0000,0.47369,0.1116,0.3027,2.9459,4.247,FEASIBLE,0,86.50
71.800,65.33197,27.88051,1.39441,1.1030,1.0000,0.61090,0.0859,0.3320,2.9166,3.917,FEASIBLE,0,86.50
71.900,65.34148,27.97750,1.40414,0.9026,1.0000,0.61090,0.0406,0.3415,2.9071,3.884,FEASIBLE,0,86.50
72.000,65.33974,28.05351,1.42273,0.6876,1.0000,0.61090,0.0289,0.3397,2.9089,3.987,FEASIBLE,0,86.50
72.100,65.33224,28.11450,1.44460,0.5878,1.0000,0.49890,0.0009,0.3322,2.9164,3.881,FEASIBLE,0,86.50
72.200,65.32300,28.17133,1.46691,0.5793,1.0000,0.48736,0.0052,0.3230,2.9256,3.974,FEASIBLE,0,86.50
72.300,65.31190,28.23025,1.49037,0.6265,1.0000,0.46713,0.0020,0.3119,2.9370,3.920,FEASIBLE,0,87.00
72.400,65.29760,28.29685,1.51701,0.7324,1.0000,0.47377,0.0187,0.2976,2.9513,3.804,FEASIBLE,0,87.00
72.500,65.27797,28.37702,1.54924,0.9016,1.0000,0.44679,0.0102,0.2780,2.9709,4.170,FEASIBLE,0,87.00
72.600,65.25055,28.47633,1.58849,1.1464,1.0000,0.39914,0.0119,0.2506,2.9984,4.364,FEASIBLE,0,87.00
72.700,65.22197,28.60363,1.62245,1.3617,1.0000,0.33350,0.0208,0.2220,3.0269,3.796,FEASIBLE,0,87.00
72.800,65.20738,28.74107,1.63071,1.3996,1.0000,0.25067,0.0226,0.2074,3.0418,3.813,FEASIBLE,0,87.50
72.900,65.20615,28.90864,1.61368,1.3812,1.0000,0.24167,0.0066,0.2061,3.0430,3.595,FEASIBLE,0,87.50
73.000,65.21833,29.01113,1.59156,1.2543,1.0000,0.26472,0.0447,0.2183,3.0308,3.642,FEASIBLE,0,87.50
73.100,65.24235,29.12400,1.55796,1.0820,1.0000,0.26983,0.0605,0.2423,3.0068,3.757,FEASIBLE,0,87.50
73.200,65.27001,29.21460,1.52401,0.8636,1.0000,0.32184,0.0622,0.2700,2.9794,3.972,FEASIBLE,0,88.00
73.300,65.29639,29.28600,1.49448,0.6976,1.0000,0.40278,0.0483,0.2964,2.9530,3.608,FEASIBLE,0,88.00
73.400,65.31808,29.34280,1.47241,0.5660,1.0000,0.48302,0.0345,0.3181,2.9313,3.549,FEASIBLE,0,88.00
73.500,65.33120,29.38983,1.46058,0.4440,1.0000,0.53364,0.0449,0.3312,2.9182,3.992,FEASIBLE,0,88.00
73.600,65.33734,29.43054,1.45670,0.4210,1.0000,0.60812,0.0243,0.3373,2.9120,3.572,FEASIBLE,0,88.00
73.702,65.33953,29.49104,1.46514,0.6287,1.0000,0.60418,0.0169,0.3395,2.9098,3.713,FEASIBLE,0,88.00
73.802,65.32778,29.56977,1.49186,0.9026,1.0000,0.61090,0.0285,0.3278,2.9216,3.540,FEASIBLE,0,88.00
73.902,65.30619,29.67086,1.53054,1.1137,1.0000,0.41419,0.0234,0.3062,2.9432,3.561,FEASIBLE,0,88.00
74.000,65.27556,29.78772,1.57612,1.2645,1.0000,0.39524,0.0160,0.2756,2.9740,3.545,FEASIBLE,0,88.50
74.100,65.24417,29.88754,1.61623,1.3294,1.0000,0.34310,0.0098,0.2442,3.0054,3.966,FEASIBLE,0,88.50
74.200,65.19813,30.01241,1.66745,1.3239,1.0000,0.25097,0.0239,0.1981,3.0514,3.341,FEASIBLE,0,88.50
74.300,65.14785,30.13196,1.71616,1.2914,1.0000,0.18504,0.0342,0.1479,3.1017,3.425,FEASIBLE,0,88.50
74.400,65.10365,30.24574,1.74850,1.1598,1.0000,-0.06855,0.0256,0.1036,3.1460,3.195,FEASIBLE,0,89.00
74.500,65.07446,30.35125,1.75542,1.0600,1.0750,-0.13324,0.0567,0.0745,3.1752,3.176,FEASIBLE,0,89.00
74.600,65.06064,30.44114,1.74984,0.7871,1.2250,-0.18839,0.0005,0.0606,3.1890,3.321,FEASIBLE,0,89.00
74.700,65.06171,30.51089,1.73238,0.6554,1.3258,-0.19491,0.0059,0.0617,3.1879,3.495,FEASIBLE,0,89.00
74.800,65.06913,30.57506,1.70924,0.6519,1.2950,-0.21754,0.0105,0.0691,3.1805,3.517,FEASIBLE,0,89.00
74.900,65.07977,30.64206,1.68319,0.7060,1.2688,-0.17879,0.0215,0.0798,3.1699,3.366,FEASIBLE,0,89.00
75.000,65.09426,30.71801,1.65321,0.8272,1.2443,-0.07664,0.0283,0.0943,3.1555,3.229,FEASIBLE,0,89.50
75.100,65.11459,30.80903,1.61706,1.0115,1.2147,-0.03776,0.0398,0.1146,3.1351,3.306,FEASIBLE,0,89.50
75.200,65.14266,30.92145,1.57332,1.2618,1.2897,0.10186,0.0487,0.1427,3.1071,2.927,FEASIBLE,0,89.50
75.300,65.18361,31.05783,1.52021,1.5324,1.4397,0.21412,0.1082,0.1836,3.0661,2.998,FEASIBLE,0,89.50
75.400,65.23769,31.21537,1.46238,1.7449,1.5897,0.31143,0.1179,0.2377,3.0121,2.873,FEASIBLE,0,90.00
75.500,65.29510,31.39531,1.41618,1.9485,1.4911,0.43029,0.1425,0.2951,2.9547,2.990,FEASIBLE,0,90.00
75.600,65.34145,31.58402,1.39600,1.9360,1.5661,0.46839,0.1364,0.3414,2.9083,2.998,FEASIBLE,0,90.00
75.700,65.37087,31.77235,1.40161,1.8714,1.7161,0.53880,0.1373,0.3709,2.8790,3.120,FEASIBLE,0,90.50
75.800,65.37860,31.95394,1.43141,1.7741,1.6603,0.56392,0.1349,0.3786,2.8713,2.899,FEASIBLE,0,90.50
75.900,65.36224,32.12355,1.48223,1.6461,1.7353,0.61090,0.0657,0.3622,2.8876,2.762,FEASIBLE,0,90.50
76.000,65.33023,32.27395,1.54047,1.4866,1.8148,0.46102,0.0559,0.3302,2.9197,2.563,FEASIBLE,0,91.00
76.100,65.28878,32.42237,1.59976,1.5656,1.8898,0.42825,0.0166,0.2888,2.9611,2.633,FEASIBLE,0,91.00
76.200,65.23639,32.58016,1.66128,1.7294,1.9813,0.28147,0.0336,0.2364,3.0135,2.575,FEASIBLE,0,91.00
76.300,65.16974,32.74543,1.72788,1.8314,1.8039,0.21902,0.0117,0.1697,3.0802,2.600,FEASIBLE,0,91.50
76.400,65.08153,32.92014,1.80317,2.0458,1.6394,0.08280,0.0473,0.0815,3.1684,2.575,FEASIBLE,0,91.50
76.500,64.96898,33.10450,1.88658,2.2272,1.3894,-0.09978,0.1088,0.0310,3.2189,2.262,FEASIBLE,0,91.50
76.600,64.83301,33.29224,1.97391,2.3522,1.0000,-0.37903,0.1922,0.1670,3.0830,2.386,FEASIBLE,0,92.00
76.700,64.68545,33.47264,2.04586,2.3077,1.0000,-0.50301,0.2161,0.3145,2.9354,2.313,FEASIBLE,0,92.00
76.800,64.54771,33.65318,2.08568,2.2593,1.0000,-0.61090,0.2442,0.4523,2.7977,2.369,FEASIBLE,0,92.00
76.900,64.43541,33.84056,2.09096,2.1063,1.0000,-0.61090,0.2354,0.5646,2.6854,2.305,FEASIBLE,0,92.50
77.002,64.35492,34.06135,2.06644,2.0591,1.0000,-0.61090,0.2348,0.6451,2.6049,1.947,FEASIBLE,0,92.50
77.100,64.32150,34.20971,2.02439,1.7590,1.0000,-0.61090,0.1495,0.6785,2.5715,1.985,FEASIBLE,0,93.00
77.200,64.29208,34.38309,1.96142,1.2638,1.0000,-0.61090,0.1503,0.7079,2.5420,1.998,FEASIBLE,0,93.00
77.300,64.27802,34.46464,1.93105,0.8932,1.0000,-0.61090,0.0827,0.7220,2.5280,1.982,FEASIBLE,0,93.00
77.400,64.26532,34.53942,1.90218,0.5168,1.0000,-0.61090,0.0674,0.7347,2.5153,1.958,FEASIBLE,0,93.00
77.500,64.26639,34.56031,1.89332,0.1137,1.0000,-0.61090,0.0389,0.7336,2.5164,2.078,FEASIBLE,0,93.00
77.600,64.27089,34.55438,1.89358,0.1474,1.0000,-0.61090,0.0136,0.7291,2.5209,1.976,FEASIBLE,0,93.00
77.700,64.28224,34.52929,1.89614,0.3893,1.0000,-0.61090,0.0417,0.7178,2.5322,1.991,FEASIBLE,0,93.00
77.800,64.29847,34.47981,1.90143,0.5885,1.0000,-0.61090,0.0780,0.7015,2.5484,2.021,FEASIBLE,0,93.00
77.900,64.31276,34.41636,1.91412,0.6795,1.0000,-0.61090,0.1215,0.6872,2.5627,2.004,FEASIBLE,0,93.00
78.000,64.32464,34.34853,1.92972,0.6852,1.0000,-0.61090,0.1005,0.6754,2.5746,1.981,FEASIBLE,0,93.00
78.100,64.33708,34.28394,1.94037,0.6267,1.0000,-0.61090,0.0776,0.6629,2.5870,2.075,FEASIBLE,0,93.00
78.200,64.35227,34.23145,1.94029,0.4808,1.0000,-0.61090,0.0783,0.6477,2.6022,1.973,FEASIBLE,0,93.00
78.300,64.37307,34.18824,1.92740,0.3660,1.0000,-0.61090,0.0493,0.6269,2.6230,1.989,FEASIBLE,0,93.00
78.400,64.38640,34.16797,1.91779,0.2594,1.0000,-0.61090,0.0702,0.6136,2.6364,1.978,FEASIBLE,0,92.50
78.500,64.39769,34.15631,1.91314,0.1017,1.0000,-0.61090,0.0399,0.6023,2.6476,2.021,FEASIBLE,0,92.50
78.600,64.39993,34.16590,1.91755,0.1389,1.0000,-0.61090,0.0116,0.6001,2.6499,2.077,FEASIBLE,0,92.50
78.700,64.38861,34.20504,1.91759,0.5609,1.0000,-0.61090,0.0267,0.6114,2.6386,2.035,FEASIBLE,0,93.00
78.800,64.37438,34.27357,1.90980,0.7909,1.0000,-0.61090,0.0644,0.6256,2.6243,1.972,FEASIBLE,0,93.00
78.900,64.36501,34.36491,1.88565,0.9989,1.0000,-0.61090,0.0472,0.6350,2.6150,2.037,FEASIBLE,0,93.00
79.000,64.36269,34.47782,1.84416,1.2155,1.0000,-0.61090,0.0265,0.6373,2.6127,2.044,FEASIBLE,0,93.00
79.100,64.36406,34.60985,1.79453,1.3877,1.0000,-0.61090,0.0556,0.6359,2.6140,2.050,FEASIBLE,0,93.00
79.200,64.36071,34.75735,1.74621,1.5171,1.0000,-0.61090,0.0942,0.6393,2.6107,1.944,FEASIBLE,0,93.50
79.300,64.37157,34.91573,1.69187,1.6212,1.0000,-0.61090,0.0706,0.6284,2.6216,1.772,FEASIBLE,0,93.50
79.400,64.39974,35.08158,1.63246,1.6737,1.0000,-0.61090,0.0389,0.6003,2.6497,1.980,FEASIBLE,0,93.50
79.500,64.43389,35.23635,1.57807,1.5018,1.0000,-0.53757,0.0378,0.5661,2.6839,1.637,FEASIBLE,0,94.00
79.600,64.46806,35.37363,1.53377,1.3498,1.0000,-0.43648,0.0097,0.5319,2.7180,1.648,FEASIBLE,0,94.00
79.700,64.49727,35.49187,1.50306,1.1026,1.1500,-0.35502,0.0034,0.5027,2.7473,1.684,FEASIBLE,0,94.00
79.800,64.51579,35.57908,1.48693,0.7524,1.3000,-0.27160,0.0067,0.4842,2.7658,1.690,FEASIBLE,0,94.00
79.900,64.52673,35.63441,1.47878,0.4445,1.4500,-0.34141,0.0234,0.4733,2.7767,1.684,FEASIBLE,0,94.00
80.000,64.53397,35.66252,1.47254,0.2143,1.6000,-0.33620,0.0235,0.4660,2.7840,1.685,FEASIBLE,0,94.00
80.104,64.53882,35.67556,1.46772,0.0499,1.7500,-0.28781,0.0214,0.4612,2.7888,1.748,FEASIBLE,0,94.00
80.200,64.53871,35.67508,1.46779,0.0420,1.8040,-0.34562,0.0029,0.4613,2.7887,1.710,FEASIBLE,0,94.00
80.302,64.53549,35.66443,1.46918,0.1137,1.9540,-0.31990,0.0362,0.4645,2.7855,1.344,FEASIBLE,0,94.00
80.402,64.53326,35.65722,1.46887,0.0452,1.7830,-0.29021,0.0248,0.4667,2.7832,1.653,FEASIBLE,0,94.00
80.500,64.53318,35.65593,1.46892,0.0159,1.8090,-0.30550,0.0216,0.4668,2.7832,1.640,FEASIBLE,0,94.00
80.602,64.53427,35.66632,1.46872,0.1479,1.7863,-0.29880,0.0169,0.4657,2.7843,1.816,FEASIBLE,0,94.00
80.700,64.53821,35.68484,1.46594,0.2995,1.8042,-0.30726,0.0396,0.4618,2.7882,1.658,FEASIBLE,0,94.00
80.800,64.55344,35.72860,1.45165,0.5748,1.7878,-0.30054,0.0111,0.4466,2.8034,1.660,FEASIBLE,0,94.50
80.900,64.58206,35.79601,1.42450,0.8346,1.8628,-0.09110,0.0437,0.4179,2.8320,1.363,FEASIBLE,0,94.50
81.000,64.62421,35.88482,1.38695,1.0844,2.0128,-0.16454,0.0067,0.3758,2.8742,1.375,FEASIBLE,0,94.50
81.100,64.68119,35.99816,1.34190,1.3780,1.9545,-0.25385,0.0403,0.3188,2.9312,1.452,FEASIBLE,0,94.50
81.200,64.74835,36.13458,1.29889,1.6165,1.8815,-0.06093,0.0310,0.2517,2.9983,1.638,FEASIBLE,0,94.50
81.300,64.82451,36.29396,1.26158,1.8673,1.7643,0.21832,0.0311,0.1755,3.0745,1.338,FEASIBLE,0,95.00
81.400,64.90661,36.47792,1.23532,2.1065,1.2643,0.40177,0.0637,0.0934,3.1566,1.344,FEASIBLE,0,95.00
81.500,64.98293,36.67208,1.22582,2.0805,1.0000,0.46479,0.0695,0.0171,3.2329,1.475,FEASIBLE,0,95.00
81.600,65.04594,36.87349,1.23767,2.1222,1.0000,0.50739,0.0732,0.0459,3.2041,1.382,FEASIBLE,0,95.50
81.700,65.08855,37.07975,1.27121,2.0852,1.0000,0.53782,0.0708,0.0886,3.1614,1.030,FEASIBLE,0,95.50
81.800,65.10668,37.28168,1.32414,1.9902,1.0000,0.50609,0.0610,0.1067,3.1433,1.092,FEASIBLE,0,96.00
81.900,65.09999,37.47436,1.39065,1.8976,1.0000,0.50784,0.0274,0.1000,3.1500,1.050,FEASIBLE,0,96.00
82.000,65.07630,37.65177,1.45782,1.7064,1.0000,0.40646,0.0197,0.0763,3.1737,1.052,FEASIBLE,0,96.00
82.100,65.04356,37.80415,1.51706,1.4481,1.0000,0.23862,0.0365,0.0436,3.2064,1.187,FEASIBLE,0,96.50
82.200,65.01118,37.92541,1.56647,1.1219,1.1500,0.13509,0.0295,0.0112,3.2388,0.712,FEASIBLE,0,96.50
82.300,64.98227,38.01291,1.60466,0.7872,1.3000,0.02265,0.0383,0.0177,3.2323,0.705,FEASIBLE,0,96.50
82.400,64.95865,38.06603,1.63370,0.4467,1.4500,-0.06778,0.0250,0.0413,3.2086,0.707,FEASIBLE,0,96.50
82.500,64.94177,38.08637,1.65504,0.1666,1.6000,-0.17614,0.0211,0.0582,3.1918,0.698,FEASIBLE,0,96.50
82.600,64.93191,38.07652,1.67011,0.2366,1.7357,-0.23730,0.0210,0.0681,3.1819,0.776,FEASIBLE,0,96.50
82.700,64.93178,38.03887,1.67593,0.4738,1.7052,-0.23408,0.0644,0.0682,3.1818,0.720,FEASIBLE,0,96.50
82.800,64.94395,37.97932,1.66783,0.6979,1.7331,-0.20390,0.1006,0.0560,3.1940,0.689,FEASIBLE,0,96.50
82.900,64.96861,37.90070,1.64343,0.9052,1.7847,-0.21118,0.1213,0.0314,3.2186,0.712,FEASIBLE,0,96.50
83.000,65.00085,37.80847,1.60617,0.9950,1.8561,-0.12943,0.1346,0.0008,3.2492,0.689,FEASIBLE,0,96.50
83.100,65.03088,37.71394,1.56864,0.9843,1.9311,-0.05763,0.1452,0.0309,3.2191,0.768,FEASIBLE,0,96.50
83.200,65.05729,37.62316,1.53331,0.8830,2.0137,0.06428,0.1224,0.0573,3.1927,0.691,FEASIBLE,0,96.00
83.300,65.07500,37.54710,1.50292,0.7158,1.7816,0.13314,0.1358,0.0750,3.1750,1.077,FEASIBLE,0,96.00
83.400,65.08589,37.48488,1.48075,0.5647,1.6825,0.17949,0.0998,0.0859,3.1641,1.066,FEASIBLE,0,96.00
83.500,65.08650,37.43987,1.47392,0.3636,1.7537,0.28618,0.1046,0.0865,3.1635,1.018,FEASIBLE,0,96.00
83.600,65.08456,37.42407,1.47446,0.0336,1.8222,0.27266,0.0522,0.0846,3.1654,1.014,FEASIBLE,0,96.00
83.700,65.08570,37.43146,1.47388,0.1436,1.8666,0.32630,0.0179,0.0857,3.1643,1.000,FEASIBLE,0,96.00
83.800,65.08593,37.45843,1.47721,0.3654,1.8576,0.29630,0.0227,0.0859,3.1641,1.053,FEASIBLE,0,96.00
83.900,65.07579,37.52585,1.49930,0.7087,1.8325,0.18300,0.0167,0.0758,3.1742,1.006,FEASIBLE,0,96.00
84.000,65.06170,37.59134,1.52447,0.9137,1.8459,0.12204,0.0077,0.0617,3.1883,1.029,FEASIBLE,0,96.00
84.100,65.03547,37.69384,1.56505,1.1542,1.7288,0.07785,0.0284,0.0355,3.2145,1.003,FEASIBLE,0,96.50
84.200,64.99783,37.81911,1.61423,1.4224,1.6453,-0.02287,0.0151,0.0022,3.2478,1.036,FEASIBLE,0,96.50
84.300,64.95598,37.97733,1.65758,1.7710,1.7203,-0.11344,0.0548,0.0440,3.2060,1.447,FEASIBLE,0,96.50
84.400,64.92632,38.16486,1.67279,1.9825,1.8698,-0.16969,0.0518,0.0737,3.1763,0.739,FEASIBLE,0,96.50
84.500,64.91785,38.37412,1.65384,2.1630,1.7115,-0.19375,0.0388,0.0821,3.1678,0.801,FEASIBLE,0,97.00
84.600,64.93719,38.59252,1.60260,2.1499,1.7865,-0.14036,0.0014,0.0628,3.1872,0.743,FEASIBLE,0,97.00
84.700,64.98987,38.79432,1.52977,2.0385,1.7677,-0.01925,0.0478,0.0101,3.2399,0.750,FEASIBLE,0,97.50
84.800,65.05750,38.97723,1.45549,1.8860,1.8427,0.10509,0.0759,0.0575,3.1925,0.436,FEASIBLE,0,97.50
84.900,65.13009,39.13726,1.38785,1.6634,1.8835,0.31452,0.0981,0.1301,3.1199,0.384,FEASIBLE,0,97.50
85.000,65.20187,39.27254,1.32888,1.4522,1.7251,0.43230,0.1466,0.2019,3.0481,0.384,FEASIBLE,0,98.00
85.100,65.27168,39.38871,1.27687,1.2849,1.2251,0.59018,0.1218,0.2717,2.9783,0.385,FEASIBLE,0,98.00
85.200,65.33274,39.48955,1.23851,1.1203,1.0000,0.47979,0.0719,0.3327,2.9173,0.383,FEASIBLE,0,98.00
85.300,65.38117,39.58315,1.21843,1.0166,1.0000,0.54683,0.0838,0.3812,2.8688,0.372,FEASIBLE,0,98.00
85.400,65.41814,39.67483,1.21502,0.9808,1.0000,0.60898,0.0616,0.4181,2.8319,0.374,FEASIBLE,0,98.00
85.500,65.44385,39.77300,1.23203,1.0956,1.0000,0.61090,0.0661,0.4438,2.8062,0.377,FEASIBLE,0,98.50
85.600,65.45688,39.90282,1.27133,1.4259,1.0000,0.61090,0.0368,0.4569,2.7931,0.067,FEASIBLE,0,98.50
85.700,65.46012,40.06300,1.32663,1.7171,1.0000,0.61090,0.0634,0.4601,2.7899,0.068,FEASIBLE,0,98.50
85.800,65.45087,40.24740,1.39387,1.9136,1.0000,0.61090,0.0521,0.4509,2.7991,0.067,FEASIBLE,0,99.00
85.900,65.42377,40.44669,1.47099,2.0677,1.0000,0.61090,0.0238,0.4238,2.8262,0.085,FEASIBLE,0,99.00
86.000,65.37962,40.65448,1.55223,2.1539,1.0000,0.61090,0.0148,0.3796,2.8704,0.067,FEASIBLE,0,99.00
86.100,65.31863,40.86132,1.63446,2.1584,1.0000,0.61090,0.0341,0.3186,2.9314,0.067,FEASIBLE,0,99.50
86.200,65.24021,41.06420,1.71321,2.2269,1.0000,0.61090,inf,0.2402,3.0098,0.000,INFEASIBLE: centerline unavailable or goal reached,0,99.50
86.300,65.14669,41.27179,1.78430,2.2987,1.0000,0.61090,inf,0.1467,3.1033,0.000,INFEASIBLE: centerline unavailable or goal reached,0,100.00
86.400,65.02866,41.46273,1.86900,2.1486,1.0000,0.61090,inf,0.0287,3.2213,0.000,INFEASIBLE: centerline unavailable or goal reached,0,100.00
86.500,64.91494,41.61886,1.95408,1.7930,1.0000,0.61090,inf,0.0851,3.1649,0.000,INFEASIBLE: centerline unavailable or goal reached,0,100.00
86.600,64.81451,41.74203,2.00767,1.4462,1.0000,0.61090,inf,0.1855,3.0645,0.000,INFEASIBLE: centerline unavailable or goal reached,0,100.00
86.704,64.74989,41.86820,2.01400,0.9154,1.0000,0.61090,inf,0.2501,2.9999,0.000,INFEASIBLE: centerline unavailable or goal reached,0,100.00
86.800,64.73491,41.91846,2.00530,0.4919,1.0000,0.61090,inf,0.2651,2.9849,0.000,INFEASIBLE: centerline unavailable or goal reached,0,100.00
86.904,64.73370,41.93236,1.99744,0.1529,1.0000,0.61090,inf,0.2663,2.9837,0.000,INFEASIBLE: centerline unavailable or goal reached,0,100.00
87.000,64.74574,41.90622,1.99641,0.4486,1.0000,0.61090,inf,0.2543,2.9957,0.000,INFEASIBLE: centerline unavailable or goal reached,0,100.00
87.102,64.78376,41.84036,1.98383,0.7783,1.0000,0.61090,inf,0.2162,3.0338,0.000,INFEASIBLE: centerline unavailable or goal reached,0,100.00
87.200,64.82603,41.78206,1.96082,0.9328,1.0000,0.61090,inf,0.1740,3.0760,0.000,INFEASIBLE: centerline unavailable or goal reached,0,100.00
87.300,64.88320,41.70659,1.92583,0.9345,1.0000,0.61090,inf,0.1168,3.1332,0.000,INFEASIBLE: centerline unavailable or goal reached,0,100.00
87.400,64.93671,41.63205,1.89402,0.8987,1.0000,0.61090,inf,0.0633,3.1867,0.000,INFEASIBLE: centerline unavailable or goal reached,0,100.00
87.500,64.97151,41.56320,1.88079,0.6348,1.0000,0.61090,inf,0.0285,3.2215,0.000,INFEASIBLE: centerline unavailable or goal reached,0,100.00
87.600,64.98628,41.50842,1.88411,0.5001,1.0000,0.61090,inf,0.0137,3.2363,0.000,INFEASIBLE: centerline unavailable or goal reached,0,100.00
87.700,64.98960,41.47910,1.89252,0.1746,1.0000,0.61090,inf,0.0104,3.2396,0.000,INFEASIBLE: centerline unavailable or goal reached,0,100.00
87.800,64.98890,41.47557,1.89466,0.0319,1.0000,0.61090,inf,0.0111,3.2389,0.000,INFEASIBLE: centerline unavailable or goal reached,0,100.00
87.900,64.99078,41.48410,1.88884,0.1269,1.0000,0.61090,inf,0.0092,3.2408,0.000,INFEASIBLE: centerline unavailable or goal reached,0,100.00
88.000,64.98905,41.50120,1.88345,0.1914,1.0000,0.61090,inf,0.0110,3.2390,0.000,INFEASIBLE: centerline unavailable or goal reached,0,100.00
88.100,64.97889,41.53041,1.88512,0.4427,1.0000,0.61090,inf,0.0211,3.2289,0.000,INFEASIBLE: centerline unavailable or goal reached,0,100.00
88.200,64.96117,41.57162,1.89000,0.3996,1.0000,0.61090,inf,0.0388,3.2112,0.000,INFEASIBLE: centerline unavailable or goal reached,0,100.00
88.300,64.95169,41.59771,1.89039,0.1728,1.0000,0.61090,inf,0.0483,3.2017,0.000,INFEASIBLE: centerline unavailable or goal reached,0,100.00
88.400,64.95094,41.60070,1.89048,0.0609,1.0000,0.61090,inf,0.0491,3.2009,0.000,INFEASIBLE: centerline unavailable or goal reached,0,100.00
88.500,64.95602,41.58755,1.88875,0.1920,1.0000,0.61090,inf,0.0440,3.2060,0.000,INFEASIBLE: centerline unavailable or goal reached,0,100.00
88.600,64.96643,41.56310,1.88484,0.3111,1.0000,0.61090,inf,0.0336,3.2164,0.000,INFEASIBLE: centerline unavailable or goal reached,0,100.00
88.700,64.98282,41.53007,1.87350,0.4171,1.0000,0.61090,inf,0.0172,3.2328,0.000,INFEASIBLE: centerline unavailable or goal reached,0,100.00
88.800,65.00781,41.49011,1.85617,0.4789,1.0000,0.61090,inf,0.0078,3.2422,0.000,INFEASIBLE: centerline unavailable or goal reached,0,100.00
88.900,65.02864,41.44648,1.84998,0.4915,1.0000,0.61090,inf,0.0286,3.2214,0.000,INFEASIBLE: centerline unavailable or goal reached,0,100.00
89.000,65.03646,41.40879,1.85455,0.3257,1.0000,0.61090,inf,0.0365,3.2135,0.000,INFEASIBLE: centerline unavailable or goal reached,0,100.00
89.100,65.03812,41.38799,1.86146,0.1126,1.0000,0.61090,inf,0.0381,3.2119,0.000,INFEASIBLE: centerline unavailable or goal reached,0,100.00
89.200,65.03841,41.38746,1.86132,0.0477,1.0000,0.61090,inf,0.0384,3.2116,0.000,INFEASIBLE: centerline unavailable or goal reached,0,100.00
89.300,65.03983,41.39765,1.85552,0.1394,1.0000,0.61090,inf,0.0398,3.2102,0.000,INFEASIBLE: centerline unavailable or goal reached,0,100.00
89.400,65.03802,41.41519,1.85128,0.2053,1.0000,0.61090,inf,0.0380,3.2120,0.000,INFEASIBLE: centerline unavailable or goal reached,0,100.00
89.500,65.02331,41.45105,1.85725,0.4651,1.0000,0.61090,inf,0.0233,3.2267,0.000,INFEASIBLE: centerline unavailable or goal reached,0,100.00
89.600,65.00837,41.48917,1.86070,0.3406,1.0000,0.61090,inf,0.0084,3.2416,0.000,INFEASIBLE: centerline unavailable or goal reached,0,100.00
89.700,65.00297,41.50816,1.86144,0.1018,1.0000,0.61090,inf,0.0030,3.2470,0.000,INFEASIBLE: centerline unavailable or goal reached,0,100.00
89.800,65.00427,41.50506,1.86059,0.1015,1.0000,0.61090,inf,0.0043,3.2457,0.000,INFEASIBLE: centerline unavailable or goal reached,0,100.00
89.900,65.01089,41.48819,1.85837,0.2319,1.0000,0.61090,inf,0.0109,3.2391,0.000,INFEASIBLE: centerline unavailable or goal reached,0,100.00
90.000,65.02274,41.46058,1.85249,0.3400,1.0000,0.61090,inf,0.0227,3.2273,0.000,INFEASIBLE: centerline unavailable or goal reached,0,100.00
90.104,65.04524,41.41754,1.83468,0.4333,1.0000,0.61090,inf,0.0452,3.2048,0.000,INFEASIBLE: centerline unavailable or goal reached,0,100.00
90.200,65.06161,41.38554,1.82551,0.4449,1.0000,0.61090,inf,0.0616,3.1884,0.000,INFEASIBLE: centerline unavailable or goal reached,0,100.00
90.300,65.07516,41.33664,1.82676,0.3473,1.0000,0.61090,inf,0.0752,3.1748,0.000,INFEASIBLE: centerline unavailable or goal reached,0,100.00
90.400,65.07735,41.31080,1.83351,0.1672,1.0000,0.61090,inf,0.0773,3.1727,0.000,INFEASIBLE: centerline unavailable or goal reached,0,100.00
90.500,65.07576,41.30236,1.83889,0.0939,1.0000,0.61090,inf,0.0758,3.1742,0.000,INFEASIBLE: centerline unavailable or goal reached,0,100.00
90.600,65.07514,41.30948,1.83651,0.0905,1.0000,0.61090,inf,0.0751,3.1749,0.000,INFEASIBLE: centerline unavailable or goal reached,0,100.00
90.700,65.07581,41.32318,1.83105,0.1576,1.0000,0.61090,inf,0.0758,3.1742,0.000,INFEASIBLE: centerline unavailable or goal reached,0,100.00
90.800,65.06860,41.34905,1.83188,0.4052,1.0000,0.61090,inf,0.0686,3.1814,0.000,INFEASIBLE: centerline unavailable or goal reached,0,100.00
90.900,65.05319,41.38932,1.83750,0.3873,1.0000,0.61090,inf,0.0532,3.1968,0.000,INFEASIBLE: centerline unavailable or goal reached,0,100.00
91.000,65.04605,41.41512,1.83831,0.1796,1.0000,0.61090,inf,0.0461,3.2039,0.000,INFEASIBLE: centerline unavailable or goal reached,0,100.00
91.100,65.04506,41.41721,1.83881,0.0440,1.0000,0.61090,inf,0.0451,3.2049,0.000,INFEASIBLE: centerline unavailable or goal reached,0,100.00
91.200,65.05000,41.40483,1.83668,0.1822,1.0000,0.61090,inf,0.0500,3.2000,0.000,INFEASIBLE: centerline unavailable or goal reached,0,100.00
91.300,65.05876,41.38148,1.83283,0.2937,1.0000,0.61090,inf,0.0588,3.1912,0.000,INFEASIBLE: centerline unavailable or goal reached,0,100.00
91.400,65.07298,41.34919,1.82209,0.3974,1.0000,0.61090,inf,0.0730,3.1770,0.000,INFEASIBLE: centerline unavailable or goal reached,0,100.00
91.500,65.09677,41.30260,1.80611,0.4364,1.0000,0.61090,inf,0.0968,3.1532,0.000,INFEASIBLE: centerline unavailable or goal reached,0,100.00
91.600,65.10597,41.27028,1.80604,0.3668,1.0000,0.61090,inf,0.1060,3.1440,0.000,INFEASIBLE: centerline unavailable or goal reached,0,100.00
91.700,65.10984,41.23786,1.81130,0.2509,1.0000,0.61090,inf,0.1098,3.1402,0.000,INFEASIBLE: centerline unavailable or goal reached,0,100.00
91.800,65.10861,41.22131,1.81832,0.1317,1.0000,0.61090,inf,0.1086,3.1414,0.000,INFEASIBLE: centerline unavailable or goal reached,0,100.00
91.900,65.10547,41.22917,1.81987,0.2350,1.0000,0.61090,inf,0.1055,3.1445,0.000,INFEASIBLE: centerline unavailable or goal reached,0,100.00
92.000,65.10631,41.24321,1.81395,0.1563,1.0000,0.61090,inf,0.1063,3.1437,0.000,INFEASIBLE: centerline unavailable or goal reached,0,100.00
92.100,65.10308,41.26433,1.81171,0.3108,1.0000,0.61090,inf,0.1031,3.1469,0.000,INFEASIBLE: centerline unavailable or goal reached,0,100.00
92.200,65.09050,41.30257,1.81578,0.3812,1.0000,0.61090,inf,0.0905,3.1595,0.000,INFEASIBLE: centerline unavailable or goal reached,0,100.00
92.300,65.08385,41.32698,1.81764,0.1245,1.0000,0.61090,inf,0.0838,3.1662,0.000,INFEASIBLE: centerline unavailable or goal reached,0,100.00
92.400,65.08219,41.32736,1.82009,0.0262,1.0000,0.61090,inf,0.0822,3.1678,0.000,INFEASIBLE: centerline unavailable or goal reached,0,100.00
92.500,65.08708,41.31384,1.81696,0.1668,1.0000,0.61090,inf,0.0871,3.1629,0.000,INFEASIBLE: centerline unavailable or goal reached,0,100.00
92.600,65.09488,41.29181,1.81363,0.2772,1.0000,0.61090,inf,0.0949,3.1551,0.000,INFEASIBLE: centerline unavailable or goal reached,0,100.00
92.700,65.10773,41.26055,1.80437,0.3805,1.0000,0.61090,inf,0.1077,3.1423,0.000,INFEASIBLE: centerline unavailable or goal reached,0,100.00
92.800,65.12589,41.22306,1.79046,0.4163,1.0000,0.61090,inf,0.1259,3.1241,0.000,INFEASIBLE: centerline unavailable or goal reached,0,100.00
92.900,65.13984,41.19573,1.78102,0.1752,1.0000,0.61090,inf,0.1398,3.1102,0.000,INFEASIBLE: centerline unavailable or goal reached,0,100.00
93.000,65.14188,41.18035,1.78241,0.1962,1.0000,0.61090,inf,0.1419,3.1081,0.000,INFEASIBLE: centerline unavailable or goal reached,0,99.50
93.100,65.14034,41.16449,1.78899,0.1188,1.0000,0.61090,inf,0.1403,3.1097,0.000,INFEASIBLE: centerline unavailable or goal reached,0,99.50
93.200,65.13677,41.17254,1.79145,0.1790,1.0000,0.61090,inf,0.1368,3.1132,0.000,INFEASIBLE: centerline unavailable or goal reached,0,99.50
93.300,65.12524,41.19170,1.80098,0.2555,1.0000,0.61090,inf,0.1252,3.1248,0.000,INFEASIBLE: centerline unavailable or goal reached,0,100.00
93.400,65.11904,41.21576,1.80203,0.3181,1.0000,0.61090,inf,0.1190,3.1310,0.000,INFEASIBLE: centerline unavailable or goal reached,0,100.00
93.504,65.10939,41.25045,1.80540,0.1433,1.0000,0.61090,inf,0.1094,3.1406,0.000,INFEASIBLE: centerline unavailable or goal reached,0,100.00
93.600,65.10680,41.25876,1.80625,0.0863,1.0000,0.61090,inf,0.1068,3.1432,0.000,INFEASIBLE: centerline unavailable or goal reached,0,100.00
93.700,65.10669,41.25975,1.80479,0.0436,1.0000,0.61090,inf,0.1067,3.1433,0.000,INFEASIBLE: centerline unavailable or goal reached,0,100.00
93.800,65.11426,41.23942,1.80125,0.2308,1.0000,0.61090,inf,0.1143,3.1357,0.000,INFEASIBLE: centerline unavailable or goal reached,0,100.00
93.900,65.12096,41.22041,1.79792,0.2842,1.0000,0.61090,inf,0.1210,3.1290,0.000,INFEASIBLE: centerline unavailable or goal reached,0,100.00
94.000,65.13734,41.19366,1.78215,0.3402,1.0000,0.61090,inf,0.1373,3.1127,0.000,INFEASIBLE: centerline unavailable or goal reached,0,100.00
94.100,65.15773,41.16905,1.76135,0.2645,1.0000,0.61090,inf,0.1577,3.0923,0.000,INFEASIBLE: centerline unavailable or goal reached,0,99.50
94.200,65.16281,41.14241,1.76209,0.2729,1.0000,0.61090,inf,0.1628,3.0872,0.000,INFEASIBLE: centerline unavailable or goal reached,0,99.50
94.300,65.16658,41.12414,1.76138,0.0828,1.0000,0.61090,inf,0.1666,3.0834,0.000,INFEASIBLE: centerline unavailable or goal reached,0,99.50
94.400,65.16701,41.12167,1.76165,0.0178,1.0000,0.61090,inf,0.1670,3.0830,0.000,INFEASIBLE: centerline unavailable or goal reached,0,99.50
94.500,65.16189,41.13501,1.76426,0.2523,1.0000,0.61090,inf,0.1619,3.0881,0.000,INFEASIBLE: centerline unavailable or goal reached,0,99.50
94.600,65.15877,41.17206,1.75865,0.3676,1.0000,0.61090,inf,0.1588,3.0912,0.000,INFEASIBLE: centerline unavailable or goal reached,0,99.50
94.700,65.15226,41.20163,1.76095,0.2798,1.0000,0.61090,inf,0.1523,3.0977,0.000,INFEASIBLE: centerline unavailable or goal reached,0,100.00
94.800,65.14776,41.21568,1.76457,0.1133,1.0000,0.61090,inf,0.1478,3.1022,0.000,INFEASIBLE: centerline unavailable or goal reached,0,100.00
94.900,65.14585,41.22321,1.76359,0.0584,1.0000,0.61090,inf,0.1458,3.1042,0.000,INFEASIBLE: centerline unavailable or goal reached,0,100.00
95.000,65.14902,41.21877,1.76054,0.1381,1.0000,0.61090,inf,0.1490,3.1010,0.000,INFEASIBLE: centerline unavailable or goal reached,0,100.00
95.100,65.15619,41.19498,1.75682,0.3165,1.0000,0.61090,inf,0.1562,3.0938,0.000,INFEASIBLE: centerline unavailable or goal reached,0,100.00
95.200,65.16968,41.16420,1.74599,0.3247,1.0000,0.61090,inf,0.1697,3.0803,0.000,INFEASIBLE: centerline unavailable or goal reached,0,99.50
95.300,65.18933,41.13621,1.72554,0.3260,1.0000,0.61090,inf,0.1893,3.0607,0.000,INFEASIBLE: centerline unavailable or goal reached,0,99.50
95.400,65.19981,41.11035,1.71684,0.3031,1.0000,0.61090,inf,0.1998,3.0502,0.000,INFEASIBLE: centerline unavailable or goal reached,0,99.50
95.500,65.20347,41.09131,1.71495,0.1042,1.0000,0.61090,inf,0.2035,3.0465,0.000,INFEASIBLE: centerline unavailable or goal reached,0,99.50
95.600,65.20735,41.08454,1.71382,0.0414,1.0000,0.61090,inf,0.2074,3.0426,0.000,INFEASIBLE: centerline unavailable or goal reached,0,99.50
95.700,65.20350,41.08630,1.71666,0.1028,1.0000,0.61090,inf,0.2035,3.0465,0.000,INFEASIBLE: centerline unavailable or goal reached,0,99.50
95.800,65.19699,41.10824,1.72023,0.3319,1.0000,0.61090,inf,0.1970,3.0530,0.000,INFEASIBLE: centerline unavailable or goal reached,0,99.50
95.900,65.19521,41.14230,1.71682,0.2271,1.0000,0.61090,inf,0.1952,3.0548,0.000,INFEASIBLE: centerline unavailable or goal reached,0,99.50
96.000,65.19126,41.15735,1.72073,0.1275,1.0000,0.61090,inf,0.1913,3.0587,0.000,INFEASIBLE: centerline unavailable or goal reached,0,99.50
96.100,65.18928,41.16806,1.71902,0.1029,1.0000,0.61090,inf,0.1893,3.0607,0.000,INFEASIBLE: centerline unavailable or goal reached,0,99.50
96.200,65.19155,41.17052,1.71620,0.0582,1.0000,0.61090,inf,0.1916,3.0584,0.000,INFEASIBLE: centerline unavailable or goal reached,0,99.50
96.300,65.19665,41.15361,1.71302,0.2464,1.0000,0.61090,inf,0.1967,3.0533,0.000,INFEASIBLE: centerline unavailable or goal reached,0,99.50
96.400,65.20649,41.12387,1.70404,0.3036,1.0000,0.61090,inf,0.2065,3.0435,0.000,INFEASIBLE: centerline unavailable or goal reached,0,99.50
96.500,65.22261,41.09691,1.68588,0.3353,1.0000,0.61090,inf,0.2226,3.0274,0.000,INFEASIBLE: centerline unavailable or goal reached,0,99.50
96.604,65.23379,41.06652,1.67658,0.3004,1.0000,0.61090,inf,0.2338,3.0162,0.000,INFEASIBLE: centerline unavailable or goal reached,0,99.50
96.700,65.24027,41.05439,1.66835,0.1331,1.0000,0.61090,inf,0.2403,3.0097,0.000,INFEASIBLE: centerline unavailable or goal reached,0,99.50
96.802,65.24190,41.04628,1.66723,0.0470,1.0000,0.61090,inf,0.2419,3.0081,0.000,INFEASIBLE: centerline unavailable or goal reached,0,99.50
96.902,65.23980,41.04848,1.66907,0.0877,1.0000,0.61090,inf,0.2398,3.0102,0.000,INFEASIBLE: centerline unavailable or goal reached,0,99.50
97.000,65.22769,41.06444,1.68327,0.2087,1.0000,0.61090,inf,0.2277,3.0223,0.000,INFEASIBLE: centerline unavailable or goal reached,0,99.50
97.102,65.21725,41.07867,1.69522,0.1528,1.0000,0.61090,inf,0.2173,3.0327,0.000,INFEASIBLE: centerline unavailable or goal reached,0,99.50
97.200,65.21678,41.09310,1.69347,0.1940,1.0000,0.61090,inf,0.2168,3.0332,0.000,INFEASIBLE: centerline unavailable or goal reached,0,99.50
97.300,65.21863,41.10841,1.68851,0.1058,1.0000,0.61090,inf,0.2186,3.0314,0.000,INFEASIBLE: centerline unavailable or goal reached,0,99.50
97.400,65.22063,41.10963,1.68572,0.0622,1.0000,0.61090,inf,0.2206,3.0294,0.000,INFEASIBLE: centerline unavailable or goal reached,0,99.50
97.500,65.22596,41.09324,1.68236,0.2276,1.0000,0.61090,inf,0.2260,3.0240,0.000,INFEASIBLE: centerline unavailable or goal reached,0,99.50
97.600,65.23692,41.06793,1.66949,0.2996,1.0000,0.61090,inf,0.2369,3.0131,0.000,INFEASIBLE: centerline unavailable or goal reached,0,99.50
97.700,65.25408,41.04493,1.64877,0.2591,1.0000,0.61090,inf,0.2541,2.9959,0.000,INFEASIBLE: centerline unavailable or goal reached,0,99.50
97.800,65.26675,41.02898,1.63346,0.1757,1.0000,0.61090,inf,0.2667,2.9833,0.000,INFEASIBLE: centerline unavailable or goal reached,0,99.50
97.900,65.27188,41.01409,1.62684,0.0972,1.0000,0.61090,inf,0.2719,2.9781,0.000,INFEASIBLE: centerline unavailable or goal reached,0,99.50
98.000,65.27388,41.01096,1.62433,0.0239,1.0000,0.61090,inf,0.2739,2.9761,0.000,INFEASIBLE: centerline unavailable or goal reached,0,99.50
98.100,65.27100,41.01652,1.62786,0.1239,1.0000,0.61090,inf,0.2710,2.9790,0.000,INFEASIBLE: centerline unavailable or goal reached,0,99.50
98.200,65.26618,41.03750,1.63275,0.2822,1.0000,0.61090,inf,0.2662,2.9838,0.000,INFEASIBLE: centerline unavailable or goal reached,0,99.50
98.300,65.26746,41.06111,1.63284,0.1663,1.0000,0.61090,inf,0.2675,2.9825,0.000,INFEASIBLE: centerline unavailable or goal reached,0,99.50
98.400,65.26651,41.07461,1.63221,0.1199,1.0000,0.61090,inf,0.2665,2.9835,0.000,INFEASIBLE: centerline unavailable or goal reached,0,99.50
98.500,65.26636,41.08112,1.62960,0.0381,1.0000,0.61090,inf,0.2664,2.9836,0.000,INFEASIBLE: centerline unavailable or goal reached,0,99.50
98.600,65.26947,41.07483,1.62584,0.1473,1.0000,0.61090,inf,0.2695,2.9805,0.000,INFEASIBLE: centerline unavailable or goal reached,0,99.50
98.700,65.27439,41.05200,1.62133,0.2821,1.0000,0.61090,inf,0.2744,2.9756,0.000,INFEASIBLE: centerline unavailable or goal reached,0,99.50
98.800,65.28555,41.02654,1.60557,0.2922,1.0000,0.61090,inf,0.2855,2.9645,0.000,INFEASIBLE: centerline unavailable or goal reached,0,99.50
98.900,65.29742,41.00520,1.59003,0.1888,1.0000,0.61090,inf,0.2974,2.9526,0.000,INFEASIBLE: centerline unavailable or goal reached,0,99.50
99.000,65.30204,40.99040,1.58526,0.1324,1.0000,0.61090,inf,0.3020,2.9480,0.000,INFEASIBLE: centerline unavailable or goal reached,0,99.50
99.100,65.30002,40.97988,1.58721,0.0770,1.0000,0.61090,inf,0.3000,2.9500,0.000,INFEASIBLE: centerline unavailable or goal reached,0,99.50
99.200,65.29982,40.98180,1.58744,0.1364,1.0000,0.61090,inf,0.2998,2.9502,0.000,INFEASIBLE: centerline unavailable or goal reached,0,99.50
99.300,65.30519,41.00875,1.57965,0.3552,1.0000,0.61090,inf,0.3052,2.9448,0.000,INFEASIBLE: centerline unavailable or goal reached,0,99.50
99.400,65.30888,41.03597,1.57647,0.1582,1.0000,0.61090,inf,0.3089,2.9411,0.000,INFEASIBLE: centerline unavailable or goal reached,0,99.50
99.500,65.30807,41.04904,1.57915,0.1246,1.0000,0.61090,inf,0.3081,2.9419,0.000,INFEASIBLE: centerline unavailable or goal reached,0,99.50
99.600,65.30772,41.05738,1.57665,0.0390,1.0000,0.61090,inf,0.3077,2.9423,0.000,INFEASIBLE: centerline unavailable or goal reached,0,99.50
99.700,65.31029,41.05319,1.57303,0.1218,1.0000,0.61090,inf,0.3103,2.9397,0.000,INFEASIBLE: centerline unavailable or goal reached,0,99.50
99.800,65.31338,41.03776,1.56980,0.2286,1.0000,0.61090,inf,0.3134,2.9366,0.000,INFEASIBLE: centerline unavailable or goal reached,0,99.50
99.900,65.31868,41.00902,1.56067,0.2931,1.0000,0.61090,inf,0.3187,2.9313,0.000,INFEASIBLE: centerline unavailable or goal reached,0,99.50
100.002,65.32556,40.99160,1.55146,0.1257,1.0000,0.61090,inf,0.3256,2.9244,0.000,INFEASIBLE: centerline unavailable or goal reached,0,99.50
100.100,65.31868,40.98080,1.56086,0.0748,1.0000,0.61090,inf,0.3187,2.9313,0.000,INFEASIBLE: centerline unavailable or goal reached,0,99.50
100.202,65.31447,40.97133,1.56678,0.0855,1.0000,0.61090,inf,0.3145,2.9355,0.000,INFEASIBLE: centerline unavailable or goal reached,0,99.50
100.300,65.31255,40.97214,1.56944,0.0713,1.0000,0.61090,inf,0.3125,2.9375,0.000,INFEASIBLE: centerline unavailable or goal reached,0,99.50
100.400,65.30733,40.98100,1.57659,0.1567,1.0000,0.61090,inf,0.3073,2.9427,0.000,INFEASIBLE: centerline unavailable or goal reached,0,99.50
100.500,65.29979,40.99369,1.58678,0.1247,1.0000,0.61090,inf,0.2998,2.9502,0.000,INFEASIBLE: centerline unavailable or goal reached,0,99.50
100.600,65.30177,41.01022,1.58378,0.1764,1.0000,0.61090,inf,0.3018,2.9482,0.000,INFEASIBLE: centerline unavailable or goal reached,0,99.50
100.700,65.30482,41.02247,1.57944,0.0747,1.0000,0.61090,inf,0.3048,2.9452,0.000,INFEASIBLE: centerline unavailable or goal reached,0,99.50
100.800,65.30707,41.02126,1.57661,0.0813,1.0000,0.61090,inf,0.3071,2.9429,0.000,INFEASIBLE: centerline unavailable or goal reached,0,99.50
100.900,65.31075,41.00416,1.57271,0.2192,1.0000,0.61090,inf,0.3108,2.9392,0.000,INFEASIBLE: centerline unavailable or goal reached,0,99.50
101.000,65.31885,40.98311,1.56023,0.1658,1.0000,0.61090,inf,0.3189,2.9311,0.000,INFEASIBLE: centerline unavailable or goal reached,0,99.50
101.100,65.31973,40.97449,1.55895,0.0574,1.0000,0.61090,inf,0.3197,2.9303,0.000,INFEASIBLE: centerline unavailable or goal reached,0,99.50
101.200,65.31587,40.97236,1.56421,0.0613,1.0000,0.61090,inf,0.3159,2.9341,0.000,INFEASIBLE: centerline unavailable or goal reached,0,99.50
101.300,65.31537,40.97385,1.56742,0.0203,1.0000,0.61090,inf,0.3154,2.9346,0.000,INFEASIBLE: centerline unavailable or goal reached,0,99.50
101.400,65.31702,40.97842,1.56425,0.1146,1.0000,0.61090,inf,0.3170,2.9330,0.000,INFEASIBLE: centerline unavailable or goal reached,0,99.50
101.500,65.31994,41.00085,1.56046,0.1989,1.0000,0.61090,inf,0.3199,2.9301,0.000,INFEASIBLE: centerline unavailable or goal reached,0,99.50
101.600,65.31742,41.02044,1.56638,0.1176,1.0000,0.61090,inf,0.3174,2.9326,0.000,INFEASIBLE: centerline unavailable or goal reached,0,99.50
101.700,65.31606,41.03071,1.56915,0.0935,1.0000,0.61090,inf,0.3161,2.9339,0.000,INFEASIBLE: centerline unavailable or goal reached,0,99.50
101.800,65.31509,41.03536,1.56781,0.0150,1.0000,0.61090,inf,0.3151,2.9349,0.000,INFEASIBLE: centerline unavailable or goal reached,0,99.50
101.900,65.31819,41.03045,1.56401,0.1230,1.0000,0.61090,inf,0.3182,2.9318,0.000,INFEASIBLE: centerline unavailable or goal reached,0,99.50
102.000,65.32183,41.01060,1.55932,0.2512,1.0000,0.61090,inf,0.3218,2.9282,0.000,INFEASIBLE: centerline unavailable or goal reached,0,99.50
102.100,65.32732,40.99165,1.55051,0.0565,1.0000,0.61090,inf,0.3273,2.9227,0.000,INFEASIBLE: centerline unavailable or goal reached,0,99.50
102.200,65.32150,40.98274,1.55883,0.1577,1.0000,0.61090,inf,0.3215,2.9285,0.000,INFEASIBLE: centerline unavailable or goal reached,0,99.50
102.300,65.31755,40.97393,1.56417,0.0942,1.0000,0.61090,inf,0.3176,2.9324,0.000,INFEASIBLE: centerline unavailable or goal reached,0,99.50
102.400,65.31492,40.96846,1.56732,0.0131,1.0000,0.61090,inf,0.3149,2.9351,0.000,INFEASIBLE: centerline unavailable or goal reached,0,99.50
102.500,65.31175,40.97412,1.57165,0.1115,1.0000,0.61090,inf,0.3118,2.9382,0.000,INFEASIBLE: centerline unavailable or goal reached,0,99.50
102.600,65.30531,40.98498,1.58044,0.1096,1.0000,0.61090,inf,0.3053,2.9447,0.000,INFEASIBLE: centerline unavailable or goal reached,0,99.50
102.700,65.30700,40.99989,1.57797,0.1691,1.0000,0.61090,inf,0.3070,2.9430,0.000,INFEASIBLE: centerline unavailable or goal reached,0,99.50
102.800,65.31029,41.01229,1.57341,0.0828,1.0000,0.61090,inf,0.3103,2.9397,0.000,INFEASIBLE: centerline unavailable or goal reached,0,99.50
102.900,65.31255,41.01269,1.57044,0.0575,1.0000,0.61090,inf,0.3126,2.9374,0.000,INFEASIBLE: centerline unavailable or goal reached,0,99.50
103.000,65.31598,40.99846,1.56650,0.1902,1.0000,0.61090,inf,0.3160,2.9340,0.000,INFEASIBLE: centerline unavailable or goal reached,0,99.50
103.100,65.32158,40.98237,1.55767,0.0871,1.0000,0.61090,inf,0.3216,2.9284,0.000,INFEASIBLE: centerline unavailable or goal reached,0,99.50
103.200,65.32091,40.97986,1.55855,0.0234,1.0000,0.61090,inf,0.3209,2.9291,0.000,INFEASIBLE: centerline unavailable or goal reached,0,99.50
103.300,65.31904,40.97864,1.56250,0.0323,1.0000,0.61090,inf,0.3190,2.9310,0.000,INFEASIBLE: centerline unavailable or goal reached,0,99.50
103.400,65.31921,40.97578,1.56018,0.0353,1.0000,0.61090,inf,0.3192,2.9308,0.000,INFEASIBLE: centerline unavailable or goal reached,0,99.50
103.504,65.32185,40.98923,1.55686,0.2421,1.0000,0.61090,inf,0.3218,2.9282,0.000,INFEASIBLE: centerline unavailable or goal reached,0,99.50
103.600,65.32425,41.00702,1.55569,0.0983,1.0000,0.61090,inf,0.3242,2.9258,0.000,INFEASIBLE: centerline unavailable or goal reached,0,99.50
103.702,65.32284,41.01619,1.55830,0.0905,1.0000,0.61090,inf,0.3228,2.9272,0.000,INFEASIBLE: centerline unavailable or goal reached,0,99.50
103.800,65.32291,41.02183,1.55614,0.0767,1.0000,0.61090,inf,0.3229,2.9271,0.000,INFEASIBLE: centerline unavailable or goal reached,0,99.50
103.900,65.32663,41.02422,1.55135,0.0540,1.0000,0.61090,inf,0.3266,2.9234,0.000,INFEASIBLE: centerline unavailable or goal reached,0,99.50
104.000,65.33007,41.01125,1.54720,0.1713,1.0000,0.61090,inf,0.3301,2.9199,0.000,INFEASIBLE: centerline unavailable or goal reached,0,99.50
104.100,65.33199,40.99201,1.54265,0.1105,1.0000,0.61090,inf,0.3320,2.9180,0.000,INFEASIBLE: centerline unavailable or goal reached,0,99.50
104.200,65.32312,40.98189,1.55515,0.1052,1.0000,0.61090,inf,0.3231,2.9269,0.000,INFEASIBLE: centerline unavailable or goal reached,0,99.50
104.300,65.31993,40.97252,1.56008,0.1380,1.0000,0.61090,inf,0.3199,2.9301,0.000,INFEASIBLE: centerline unavailable or goal reached,0,99.50
104.400,65.31731,40.96661,1.56359,0.0134,1.0000,0.61090,inf,0.3173,2.9327,0.000,INFEASIBLE: centerline unavailable or goal reached,0,99.50
104.500,65.31415,40.97250,1.56798,0.1079,1.0000,0.61090,inf,0.3142,2.9358,0.000,INFEASIBLE: centerline unavailable or goal reached,0,99.50
104.600,65.31054,40.98201,1.57296,0.1195,1.0000,0.61090,inf,0.3105,2.9395,0.000,INFEASIBLE: centerline unavailable or goal reached,0,99.50
104.700,65.31390,40.99672,1.56839,0.1431,1.0000,0.61090,inf,0.3139,2.9361,0.000,INFEASIBLE: centerline unavailable or goal reached,0,99.50
104.800,65.31633,41.00451,1.56513,0.0296,1.0000,0.61090,inf,0.3163,2.9337,0.000,INFEASIBLE: centerline unavailable or goal reached,0,99.50
104.900,65.31917,41.00104,1.56154,0.0993,1.0000,0.61090,inf,0.3192,2.9308,0.000,INFEASIBLE: centerline unavailable or goal reached,0,99.50
105.000,65.32240,40.98504,1.55683,0.1765,1.0000,0.61090,inf,0.3224,2.9276,0.000,INFEASIBLE: centerline unavailable or goal reached,0,99.50
105.100,65.32321,40.97651,1.55549,0.0463,1.0000,0.61090,inf,0.3232,2.9268,0.000,INFEASIBLE: centerline unavailable or goal reached,0,99.50
105.200,65.32323,40.97741,1.55550,0.0461,1.0000,0.61090,inf,0.3232,2.9268,0.000,INFEASIBLE: centerline unavailable or goal reached,0,99.50
105.300,65.32276,40.98589,1.55589,0.0715,1.0000,0.61090,inf,0.3228,2.9272,0.000,INFEASIBLE: centerline unavailable or goal reached,0,99.50
105.400,65.32115,40.98540,1.55812,0.0416,1.0000,0.61090,inf,0.3212,2.9288,0.000,INFEASIBLE: centerline unavailable or goal reached,0,99.50
105.500,65.31883,40.99554,1.56196,0.1593,1.0000,0.61090,inf,0.3188,2.9312,0.000,INFEASIBLE: centerline unavailable or goal reached,0,99.50
105.600,65.31715,41.00354,1.56699,0.0690,1.0000,0.61090,inf,0.3172,2.9328,0.000,INFEASIBLE: centerline unavailable or goal reached,0,99.50
105.700,65.31529,41.00966,1.56685,0.0289,1.0000,0.61090,inf,0.3153,2.9347,0.000,INFEASIBLE: centerline unavailable or goal reached,0,99.50
105.800,65.31744,41.01081,1.56399,0.0426,1.0000,0.61090,inf,0.3174,2.9326,0.000,INFEASIBLE: centerline unavailable or goal reached,0,99.50
105.900,65.32080,41.00014,1.55972,0.1521,1.0000,0.61090,inf,0.3208,2.9292,0.000,INFEASIBLE: centerline unavailable or goal reached,0,99.50
106.000,65.32348,40.98573,1.55528,0.0836,1.0000,0.61090,inf,0.3235,2.9265,0.000,INFEASIBLE: centerline unavailable or goal reached,0,99.50
106.100,65.31958,40.98177,1.56140,0.0462,1.0000,0.61090,inf,0.3196,2.9304,0.000,INFEASIBLE: centerline unavailable or goal reached,0,99.50
106.200,65.31734,40.97592,1.56430,0.0610,1.0000,0.61090,inf,0.3173,2.9327,0.000,INFEASIBLE: centerline unavailable or goal reached,0,99.50
106.300,65.31691,40.97482,1.56373,0.0661,1.0000,0.61090,inf,0.3169,2.9331,0.000,INFEASIBLE: centerline unavailable or goal reached,0,99.50
106.400,65.32075,40.98991,1.55974,0.1123,1.0000,0.61090,inf,0.3208,2.9292,0.000,INFEASIBLE: centerline unavailable or goal reached,0,99.50
106.504,65.32010,40.99988,1.56223,0.0859,1.0000,0.61090,inf,0.3201,2.9299,0.000,INFEASIBLE: centerline unavailable or goal reached,0,99.50
106.600,65.32076,41.00593,1.55910,0.0839,1.0000,0.61090,inf,0.3208,2.9292,0.000,INFEASIBLE: centerline unavailable or goal reached,0,99.50
106.700,65.32442,41.00948,1.55417,0.0435,1.0000,0.61090,inf,0.3244,2.9256,0.000,INFEASIBLE: centerline unavailable or goal reached,0,99.50
106.800,65.32781,40.99942,1.54978,0.1430,1.0000,0.61090,inf,0.3278,2.9222,0.000,INFEASIBLE: centerline unavailable or goal reached,0,99.50
106.900,65.32353,40.98417,1.55533,0.1288,1.0000,0.61090,inf,0.3235,2.9265,0.000,INFEASIBLE: centerline unavailable or goal reached,0,99.50
107.000,65.32036,40.97673,1.55962,0.0820,1.0000,0.61090,inf,0.3204,2.9296,0.000,INFEASIBLE: centerline unavailable or goal reached,0,99.50
107.102,65.31647,40.96784,1.56467,0.0454,1.0000,0.61090,inf,0.3165,2.9335,0.000,INFEASIBLE: centerline unavailable or goal reached,0,99.50
107.200,65.31547,40.96922,1.56605,0.0532,1.0000,0.61090,inf,0.3155,2.9345,0.000,INFEASIBLE: centerline unavailable or goal reached,0,99.50
107.300,65.31473,40.97730,1.56716,0.1087,1.0000,0.61090,inf,0.3147,2.9353,0.000,INFEASIBLE: centerline unavailable or goal reached,0,99.50
107.400,65.31804,40.98973,1.56276,0.1218,1.0000,0.61090,inf,0.3180,2.9320,0.000,INFEASIBLE: centerline unavailable or goal reached,0,99.50
107.500,65.32014,40.99641,1.56000,0.0258,1.0000,0.61090,inf,0.3201,2.9299,0.000,INFEASIBLE: centerline unavailable or goal reached,0,99.50
107.600,65.32302,40.99399,1.55615,0.0798,1.0000,0.61090,inf,0.3230,2.9270,0.000,INFEASIBLE: centerline unavailable or goal reached,0,99.50
107.700,65.32274,40.98569,1.55593,0.0576,1.0000,0.61090,inf,0.3227,2.9273,0.000,INFEASIBLE: centerline unavailable or goal reached,0,99.50
107.800,65.32001,40.98003,1.55975,0.0813,1.0000,0.61090,inf,0.3200,2.9300,0.000,INFEASIBLE: centerline unavailable or goal reached,0,99.50
107.900,65.31646,40.97123,1.56400,0.0990,1.0000,0.61090,inf,0.3165,2.9335,0.000,INFEASIBLE: centerline unavailable or goal reached,0,99.50
108.000,65.31449,40.96787,1.56671,0.0120,1.0000,0.61090,inf,0.3145,2.9355,0.000,INFEASIBLE: centerline unavailable or goal reached,0,99.50
108.100,65.31379,40.97365,1.56769,0.0975,1.0000,0.61090,inf,0.3138,2.9362,0.000,INFEASIBLE: centerline unavailable or goal reached,0,99.50
108.200,65.31709,40.98501,1.56329,0.1209,1.0000,0.61090,inf,0.3171,2.9329,0.000,INFEASIBLE: centerline unavailable or goal reached,0,99.50
108.300,65.31957,40.99316,1.56002,0.0481,1.0000,0.61090,inf,0.3196,2.9304,0.000,INFEASIBLE: centerline unavailable or goal reached,0,99.50
108.400,65.32199,40.99305,1.55678,0.0519,1.0000,0.61090,inf,0.3220,2.9280,0.000,INFEASIBLE: centerline unavailable or goal reached,0,99.50
108.500,65.32151,40.98630,1.55725,0.0797,1.0000,0.61090,inf,0.3215,2.9285,0.000,INFEASIBLE: centerline unavailable or goal reached,0,99.50
108.600,65.31855,40.97940,1.56178,0.0805,1.0000,0.61090,inf,0.3185,2.9314,0.000,INFEASIBLE: centerline unavailable or goal reached,0,99.50
108.700,65.31548,40.97153,1.56526,0.0842,1.0000,0.61090,inf,0.3155,2.9345,0.000,INFEASIBLE: centerline unavailable or goal reached,0,99.50
108.800,65.31378,40.96915,1.56767,0.0208,1.0000,0.61090,inf,0.3138,2.9362,0.000,INFEASIBLE: centerline unavailable or goal reached,0,99.50
108.900,65.31427,40.97529,1.56698,0.0971,1.0000,0.61090,inf,0.3143,2.9357,0.000,INFEASIBLE: centerline unavailable or goal reached,0,99.50
109.000,65.31743,40.98588,1.56276,0.1084,1.0000,0.61090,inf,0.3174,2.9326,0.000,INFEASIBLE: centerline unavailable or goal reached,0,99.50
109.100,65.31932,40.99211,1.56027,0.0248,1.0000,0.61090,inf,0.3193,2.9307,0.000,INFEASIBLE: centerline unavailable or goal reached,0,99.50
109.200,65.32223,40.99045,1.55634,0.0678,1.0000,0.61090,inf,0.3222,2.9278,0.000,INFEASIBLE: centerline unavailable or goal reached,0,99.50
109.300,65.31951,40.98382,1.56002,0.1146,1.0000,0.61090,inf,0.3195,2.9305,0.000,INFEASIBLE: centerline unavailable or goal reached,0,99.50
109.400,65.31610,40.97601,1.56493,0.0930,1.0000,0.61090,inf,0.3161,2.9339,0.000,INFEASIBLE: centerline unavailable or goal reached,0,99.50
109.500,65.31293,40.96932,1.56884,0.0315,1.0000,0.61090,inf,0.3129,2.9371,0.000,INFEASIBLE: centerline unavailable or goal reached,0,99.50
109.600,65.31218,40.97048,1.56985,0.0340,1.0000,0.61090,inf,0.3122,2.9378,0.000,INFEASIBLE: centerline unavailable or goal reached,0,99.50
109.700,65.31474,40.97861,1.56640,0.1032,1.0000,0.61090,inf,0.3147,2.9353,0.000,INFEASIBLE: centerline unavailable or goal reached,0,99.50
109.800,65.31760,40.98807,1.56259,0.0814,1.0000,0.61090,inf,0.3176,2.9324,0.000,INFEASIBLE: centerline unavailable or goal reached,0,99.50
109.900,65.31914,40.99085,1.56053,0.0362,1.0000,0.61090,inf,0.3191,2.9309,0.000,INFEASIBLE: centerline unavailable or goal reached,0,99.50
110.004,65.31980,40.98618,1.55956,0.0735,1.0000,0.61090,inf,0.3198,2.9302,0.000,INFEASIBLE: centerline unavailable or goal reached,0,99.50
110.100,65.31590,40.97783,1.56488,0.1142,1.0000,0.61090,inf,0.3159,2.9341,0.000,INFEASIBLE: centerline unavailable or goal reached,0,99.50
110.200,65.31241,40.97089,1.56954,0.0245,1.0000,0.61090,inf,0.3124,2.9376,0.000,INFEASIBLE: centerline unavailable or goal reached,0,99.50
110.300,65.31180,40.96992,1.57036,0.0069,1.0000,0.61090,inf,0.3118,2.9382,0.000,INFEASIBLE: centerline unavailable or goal reached,0,99.50
110.400,65.31345,40.97511,1.56811,0.0844,1.0000,0.61090,inf,0.3135,2.9365,0.000,INFEASIBLE: centerline unavailable or goal reached,0,99.50
110.500,65.31638,40.98380,1.56418,0.0865,1.0000,0.61090,inf,0.3164,2.9336,0.000,INFEASIBLE: centerline unavailable or goal reached,0,99.50
110.600,65.31769,40.98792,1.56245,0.0107,1.0000,0.61090,inf,0.3177,2.9323,0.000,INFEASIBLE: centerline unavailable or goal reached,0,99.50
110.700,65.31973,40.98723,1.55962,0.0334,1.0000,0.61090,inf,0.3197,2.9303,0.000,INFEASIBLE: centerline unavailable or goal reached,0,99.50
110.800,65.31506,40.97833,1.56591,0.1162,1.0000,0.61090,inf,0.3151,2.9349,0.000,INFEASIBLE: centerline unavailable or goal reached,0,99.50
110.900,65.31110,40.97120,1.57132,0.0309,1.0000,0.61090,inf,0.3111,2.9389,0.000,INFEASIBLE: centerline unavailable or goal reached,0,99.50
111.000,65.31060,40.97084,1.57202,0.0062,1.0000,0.61090,inf,0.3106,2.9394,0.000,INFEASIBLE: centerline unavailable or goal reached,0,99.50
111.100,65.31343,40.97503,1.56814,0.0694,1.0000,0.61090,inf,0.3134,2.9366,0.000,INFEASIBLE: centerline unavailable or goal reached,0,99.50
111.200,65.31746,40.98065,1.56265,0.0592,1.0000,0.61090,inf,0.3175,2.9325,0.000,INFEASIBLE: centerline unavailable or goal reached,0,99.50
111.300,65.31938,40.98278,1.56005,0.0341,1.0000,0.61090,inf,0.3194,2.9306,0.000,INFEASIBLE: centerline unavailable or goal reached,0,99.50
111.400,65.32079,40.98074,1.55841,0.0560,1.0000,0.61090,inf,0.3208,2.9292,0.000,INFEASIBLE: centerline unavailable or goal reached,0,99.50
111.500,65.31844,40.97428,1.56121,0.0707,1.0000,0.61090,inf,0.3184,2.9316,0.000,INFEASIBLE: centerline unavailable or goal reached,0,99.50
111.600,65.31485,40.96829,1.56609,0.0470,1.0000,0.61090,inf,0.3149,2.9351,0.000,INFEASIBLE: centerline unavailable or goal reached,0,99.50
111.700,65.31491,40.96895,1.56604,0.0379,1.0000,0.61090,inf,0.3149,2.9351,0.000,INFEASIBLE: centerline unavailable or goal reached,0,99.50
111.800,65.31815,40.97415,1.56164,0.0670,1.0000,0.61090,inf,0.3182,2.9318,0.000,INFEASIBLE: centerline unavailable or goal reached,0,99.50
111.900,65.32071,40.97812,1.55819,0.0242,1.0000,0.61090,inf,0.3207,2.9293,0.000,INFEASIBLE: centerline unavailable or goal reached,0,99.50
112.000,65.32257,40.97873,1.55573,0.0111,1.0000,0.61090,inf,0.3226,2.9274,0.000,INFEASIBLE: centerline unavailable or goal reached,0,99.50
112.100,65.32107,40.97454,1.55778,0.0496,1.0000,0.61090,inf,0.3211,2.9289,0.000,INFEASIBLE: centerline unavailable or goal reached,0,99.50
112.200,65.31756,40.96797,1.56238,0.0646,1.0000,0.61090,inf,0.3176,2.9324,0.000,INFEASIBLE: centerline unavailable or goal reached,0,99.50
112.300,65.31642,40.96637,1.56395,0.0093,1.0000,0.61090,inf,0.3164,2.9336,0.000,INFEASIBLE: centerline unavailable or goal reached,0,99.50
112.400,65.31879,40.97049,1.56072,0.0617,1.0000,0.61090,inf,0.3188,2.9312,0.000,INFEASIBLE: centerline unavailable or goal reached,0,99.50
112.500,65.32154,40.97506,1.55702,0.0377,1.0000,0.61090,inf,0.3215,2.9285,0.000,INFEASIBLE: centerline unavailable or goal reached,0,99.50
112.600,65.32189,40.97639,1.55658,0.0180,1.0000,0.61090,inf,0.3219,2.9281,0.000,INFEASIBLE: centerline unavailable or goal reached,0,99.50
112.700,65.31925,40.97038,1.56006,0.0813,1.0000,0.61090,inf,0.3193,2.9307,0.000,INFEASIBLE: centerline unavailable or goal reached,0,99.50
112.800,65.31639,40.96459,1.56392,0.0233,1.0000,0.61090,inf,0.3164,2.9336,0.000,INFEASIBLE: centerline unavailable or goal reached,0,99.50
112.900,65.31649,40.96511,1.56381,0.0105,1.0000,0.61090,inf,0.3165,2.9335,0.000,INFEASIBLE: centerline unavailable or goal reached,0,99.50
113.000,65.31859,40.96881,1.56097,0.0536,1.0000,0.61090,inf,0.3186,2.9314,0.000,INFEASIBLE: centerline unavailable or goal reached,0,99.50
113.100,65.32067,40.97239,1.55817,0.0234,1.0000,0.61090,inf,0.3207,2.9293,0.000,INFEASIBLE: centerline unavailable or goal reached,0,99.50
113.202,65.31967,40.97180,1.55968,0.0461,1.0000,0.61090,inf,0.3197,2.9303,0.000,INFEASIBLE: centerline unavailable or goal reached,0,99.50
113.302,65.31698,40.96626,1.56315,0.0682,1.0000,0.61090,inf,0.3170,2.9330,0.000,INFEASIBLE: centerline unavailable or goal reached,0,99.50
113.402,65.31633,40.96508,1.56403,0.0016,1.0000,0.61090,inf,0.3163,2.9337,0.000,INFEASIBLE: centerline unavailable or goal reached,0,99.50
113.500,65.31751,40.96708,1.56244,0.0419,1.0000,0.61090,inf,0.3175,2.9325,0.000,INFEASIBLE: centerline unavailable or goal reached,0,99.50
113.600,65.31933,40.97019,1.55999,0.0409,1.0000,0.61090,inf,0.3193,2.9307,0.000,INFEASIBLE: centerline unavailable or goal reached,0,99.50
113.700,65.31987,40.97162,1.55934,0.0052,1.0000,0.61090,inf,0.3199,2.9301,0.000,INFEASIBLE: centerline unavailable or goal reached,0,99.50
113.800,65.31833,40.96857,1.56133,0.0588,1.0000,0.61090,inf,0.3183,2.9317,0.000,INFEASIBLE: centerline unavailable or goal reached,0,99.50
113.900,65.31635,40.96521,1.56399,0.0048,1.0000,0.61090,inf,0.3164,2.9336,0.000,INFEASIBLE: centerline unavailable or goal reached,0,99.50
114.000,65.31667,40.96578,1.56356,0.0217,1.0000,0.61090,inf,0.3167,2.9333,0.000,INFEASIBLE: centerline unavailable or goal reached,0,99.50
114.100,65.31856,40.96906,1.56101,0.0385,1.0000,0.61090,inf,0.3186,2.9314,0.000,INFEASIBLE: centerline unavailable or goal reached,0,99.50
114.200,65.31935,40.97055,1.55996,0.0080,1.0000,0.61090,inf,0.3194,2.9306,0.000,INFEASIBLE: centerline unavailable or goal reached,0,99.50
114.300,65.31741,40.96714,1.56255,0.0522,1.0000,0.61090,inf,0.3174,2.9326,0.000,INFEASIBLE: centerline unavailable or goal reached,0,99.50
114.400,65.31616,40.96500,1.56424,0.0021,1.0000,0.61090,inf,0.3162,2.9338,0.000,INFEASIBLE: centerline unavailable or goal reached,0,99.50
114.500,65.31659,40.96572,1.56367,0.0244,1.0000,0.61090,inf,0.3166,2.9334,0.000,INFEASIBLE: centerline unavailable or goal reached,0,99.50
114.600,65.31831,40.96870,1.56133,0.0312,1.0000,0.61090,inf,0.3183,2.9317,0.000,INFEASIBLE: centerline unavailable or goal reached,0,99.50
114.700,65.31841,40.96940,1.56130,0.0113,1.0000,0.61090,inf,0.3184,2.9316,0.000,INFEASIBLE: centerline unavailable or goal reached,0,99.50
114.800,65.31664,40.96599,1.56359,0.0432,1.0000,0.61090,inf,0.3166,2.9334,0.000,INFEASIBLE: centerline unavailable or goal reached,0,99.50
114.900,65.31653,40.96599,1.56372,0.0008,1.0000,0.61090,inf,0.3165,2.9335,0.000,INFEASIBLE: centerline unavailable or goal reached,0,99.50
115.000,65.31752,40.96763,1.56239,0.0316,1.0000,0.61090,inf,0.3175,2.9325,0.000,INFEASIBLE: centerline unavailable or goal reached,0,99.50
115.100,65.31823,40.97020,1.56147,0.0229,1.0000,0.61090,inf,0.3182,2.9318,0.000,INFEASIBLE: centerline unavailable or goal reached,0,99.50
115.200,65.31785,40.96873,1.56193,0.0408,1.0000,0.61090,inf,0.3179,2.9321,0.000,INFEASIBLE: centerline unavailable or goal reached,0,99.50
115.300,65.31691,40.96754,1.56320,0.0008,1.0000,0.61090,inf,0.3169,2.9331,0.000,INFEASIBLE: centerline unavailable or goal reached,0,99.50
115.400,65.31726,40.96819,1.56273,0.0199,1.0000,0.61090,inf,0.3173,2.9327,0.000,INFEASIBLE: centerline unavailable or goal reached,0,99.50
115.500,65.31831,40.97090,1.56133,0.0354,1.0000,0.61090,inf,0.3183,2.9317,0.000,INFEASIBLE: centerline unavailable or goal reached,0,99.50
115.600,65.31843,40.97048,1.56112,0.0140,1.0000,0.61090,inf,0.3184,2.9316,0.000,INFEASIBLE: centerline unavailable or goal reached,0,99.50
115.700,65.31745,40.96944,1.56246,0.0004,1.0000,0.61090,inf,0.3175,2.9325,0.000,INFEASIBLE: centerline unavailable or goal reached,0,99.50
115.800,65.31755,40.96967,1.56245,0.0108,1.0000,0.61090,inf,0.3176,2.9324,0.000,INFEASIBLE: centerline unavailable or goal reached,0,99.50
115.900,65.31822,40.97260,1.56160,0.0369,1.0000,0.61090,inf,0.3182,2.9318,0.000,INFEASIBLE: centerline unavailable or goal reached,0,99.50
116.000,65.31818,40.97203,1.56214,0.0135,1.0000,0.61090,inf,0.3182,2.9318,0.000,INFEASIBLE: centerline unavailable or goal reached,0,99.50
116.100,65.31846,40.97190,1.56119,0.0198,1.0000,0.61090,inf,0.3185,2.9315,0.000,INFEASIBLE: centerline unavailable or goal reached,0,99.50
116.200,65.31837,40.97195,1.56179,0.0069,1.0000,0.61090,inf,0.3184,2.9316,0.000,INFEASIBLE: centerline unavailable or goal reached,0,99.50
116.300,65.31950,40.97517,1.56083,0.0093,1.0000,0.61090,inf,0.3195,2.9305,0.000,INFEASIBLE: centerline unavailable or goal reached,0,99.50
116.400,65.31941,40.97321,1.56080,0.0263,1.0000,0.61090,inf,0.3194,2.9306,0.000,INFEASIBLE: centerline unavailable or goal reached,0,99.50
116.500,65.31989,40.97285,1.56017,0.0032,1.0000,0.61090,inf,0.3199,2.9301,0.000,INFEASIBLE: centerline unavailable or goal reached,0,99.50
116.600,65.32011,40.97444,1.56064,0.0179,1.0000,0.61090,inf,0.3201,2.9299,0.000,INFEASIBLE: centerline unavailable or goal reached,0,99.50
116.700,65.31957,40.97328,1.56125,0.0171,1.0000,0.61090,inf,0.3196,2.9304,0.000,INFEASIBLE: centerline unavailable or goal reached,0,99.50
116.800,65.32009,40.97251,1.56052,0.0032,1.0000,0.61090,inf,0.3201,2.9299,0.000,INFEASIBLE: centerline unavailable or goal reached,0,99.50
116.900,65.31967,40.97320,1.56121,0.0139,1.0000,0.61090,inf,0.3197,2.9303,0.000,INFEASIBLE: centerline unavailable or goal reached,0,99.50
117.000,65.31978,40.97293,1.56105,0.0147,1.0000,0.61090,inf,0.3198,2.9302,0.000,INFEASIBLE: centerline unavailable or goal reached,0,99.50
117.102,65.32006,40.97238,1.56067,0.0122,1.0000,0.61090,inf,0.3201,2.9299,0.000,INFEASIBLE: centerline unavailable or goal reached,0,99.50
117.200,65.31982,40.97294,1.56132,0.0013,1.0000,0.61090,inf,0.3198,2.9302,0.000,INFEASIBLE: centerline unavailable or goal reached,0,99.50
117.300,65.32060,40.97306,1.55989,0.0122,1.0000,0.61090,inf,0.3206,2.9294,0.000,INFEASIBLE: centerline unavailable or goal reached,0,99.50
117.400,65.32045,40.97326,1.56035,0.0095,1.0000,0.61090,inf,0.3204,2.9296,0.000,INFEASIBLE: centerline unavailable or goal reached,0,99.50
117.500,65.32140,40.97448,1.55882,0.0261,1.0000,0.61090,inf,0.3214,2.9286,0.000,INFEASIBLE: centerline unavailable or goal reached,0,99.50
117.600,65.32132,40.97439,1.55981,0.0008,1.0000,0.61090,inf,0.3213,2.9287,0.000,INFEASIBLE: centerline unavailable or goal reached,0,99.50
117.700,65.32241,40.97542,1.55825,0.0077,1.0000,0.61090,inf,0.3224,2.9276,0.000,INFEASIBLE: centerline unavailable or goal reached,0,99.50
117.800,65.32240,40.97613,1.55859,0.0044,1.0000,0.61090,inf,0.3224,2.9276,0.000,INFEASIBLE: centerline unavailable or goal reached,0,99.50
117.900,65.32232,40.97600,1.55851,0.0004,1.0000,0.61090,inf,0.3223,2.9277,0.000,INFEASIBLE: centerline unavailable or goal reached,0,99.50
118.000,65.32238,40.97626,1.55844,0.0003,1.0000,0.61090,inf,0.3224,2.9276,0.000,INFEASIBLE: centerline unavailable or goal reached,0,99.50
118.100,65.32238,40.97634,1.55844,0.0009,1.0000,0.61090,inf,0.3224,2.9276,0.000,INFEASIBLE: centerline unavailable or goal reached,0,99.50
118.200,65.32237,40.97643,1.55846,0.0003,1.0000,0.61090,inf,0.3224,2.9276,0.000,INFEASIBLE: centerline unavailable or goal reached,0,99.50
118.300,65.32237,40.97647,1.55845,0.0003,1.0000,0.61090,inf,0.3224,2.9276,0.000,INFEASIBLE: centerline unavailable or goal reached,0,99.50
118.400,65.32237,40.97650,1.55845,0.0002,1.0000,0.61090,inf,0.3224,2.9276,0.000,INFEASIBLE: centerline unavailable or goal reached,0,99.50
118.500,65.32237,40.97651,1.55845,0.0001,1.0000,0.61090,inf,0.3224,2.9276,0.000,INFEASIBLE: centerline unavailable or goal reached,0,99.50
118.600,65.32237,40.97652,1.55845,0.0001,1.0000,0.61090,inf,0.3224,2.9276,0.000,INFEASIBLE: centerline unavailable or goal reached,0,99.50
118.700,65.32237,40.97653,1.55845,0.0001,1.0000,0.61090,inf,0.3224,2.9276,0.000,INFEASIBLE: centerline unavailable or goal reached,0,99.50
118.800,65.32237,40.97653,1.55845,0.0001,1.0000,0.61090,inf,0.3224,2.9276,0.000,INFEASIBLE: centerline unavailable or goal reached,0,99.50
118.900,65.32238,40.97654,1.55845,0.0000,1.0000,0.61090,inf,0.3224,2.9276,0.000,INFEASIBLE: centerline unavailable or goal reached,0,99.50
119.000,65.32238,40.97654,1.55845,0.0000,1.0000,0.61090,inf,0.3224,2.9276,0.000,INFEASIBLE: centerline unavailable or goal reached,0,99.50
119.100,65.32238,40.97654,1.55845,0.0000,1.0000,0.61090,inf,0.3224,2.9276,0.000,INFEASIBLE: centerline unavailable or goal reached,0,99.50
119.200,65.32238,40.97654,1.55845,0.0000,1.0000,0.61090,inf,0.3224,2.9276,0.000,INFEASIBLE: centerline unavailable or goal reached,0,99.50
119.300,65.32238,40.97654,1.55845,0.0000,1.0000,0.61090,inf,0.3224,2.9276,0.000,INFEASIBLE: centerline unavailable or goal reached,0,99.50
119.400,65.32238,40.97654,1.55845,0.0000,1.0000,0.61090,inf,0.3224,2.9276,0.000,INFEASIBLE: centerline unavailable or goal reached,0,99.50
119.500,65.32238,40.97654,1.55845,0.0000,1.0000,0.61090,inf,0.3224,2.9276,0.000,INFEASIBLE: centerline unavailable or goal reached,0,99.50
119.600,65.32238,40.97654,1.55845,0.0000,1.0000,0.61090,inf,0.3224,2.9276,0.000,INFEASIBLE: centerline unavailable or goal reached,0,99.50
119.700,65.32238,40.97654,1.55845,0.0000,1.0000,0.61090,inf,0.3224,2.9276,0.000,INFEASIBLE: centerline unavailable or goal reached,0,99.50
119.800,65.32238,40.97654,1.55845,0.0000,1.0000,0.61090,inf,0.3224,2.9276,0.000,INFEASIBLE: centerline unavailable or goal reached,0,99.50
119.902,65.32238,40.97654,1.55845,0.0000,1.0000,0.61090,inf,0.3224,2.9276,0.000,INFEASIBLE: centerline unavailable or goal reached,0,99.50
120.002,65.32238,40.97654,1.55845,0.0000,1.0000,0.61090,inf,0.3224,2.9276,0.000,INFEASIBLE: centerline unavailable or goal reached,0,99.50
120.100,65.32238,40.97654,1.55845,0.0000,1.0000,0.61090,inf,0.3224,2.9276,0.000,INFEASIBLE: centerline unavailable or goal reached,0,99.50
120.200,65.32238,40.97654,1.55845,0.0000,1.0000,0.61090,inf,0.3224,2.9276,0.000,INFEASIBLE: centerline unavailable or goal reached,0,99.50
120.300,65.32238,40.97654,1.55845,0.0000,1.0000,0.61090,inf,0.3224,2.9276,0.000,INFEASIBLE: centerline unavailable or goal reached,0,99.50
120.400,65.32238,40.97654,1.55845,0.0000,1.0000,0.61090,inf,0.3224,2.9276,0.000,INFEASIBLE: centerline unavailable or goal reached,0,99.50
120.500,65.32238,40.97654,1.55845,0.0000,1.0000,0.61090,inf,0.3224,2.9276,0.000,INFEASIBLE: centerline unavailable or goal reached,0,99.50
120.604,65.32238,40.97654,1.55845,0.0000,1.0000,0.61090,inf,0.3224,2.9276,0.000,INFEASIBLE: centerline unavailable or goal reached,0,99.50
120.700,65.32238,40.97654,1.55845,0.0000,1.0000,0.61090,inf,0.3224,2.9276,0.000,INFEASIBLE: centerline unavailable or goal reached,0,99.50
120.800,65.32238,40.97654,1.55845,0.0000,1.0000,0.61090,inf,0.3224,2.9276,0.000,INFEASIBLE: centerline unavailable or goal reached,0,99.50
120.900,65.32238,40.97654,1.55845,0.0000,1.0000,0.61090,inf,0.3224,2.9276,0.000,INFEASIBLE: centerline unavailable or goal reached,0,99.50
121.000,65.32238,40.97654,1.55845,0.0000,1.0000,0.61090,inf,0.3224,2.9276,0.000,INFEASIBLE: centerline unavailable or goal reached,0,99.50
121.100,65.32238,40.97654,1.55845,0.0000,1.0000,0.61090,inf,0.3224,2.9276,0.000,INFEASIBLE: centerline unavailable or goal reached,0,99.50
121.200,65.32238,40.97654,1.55845,0.0000,1.0000,0.61090,inf,0.3224,2.9276,0.000,INFEASIBLE: centerline unavailable or goal reached,0,99.50
121.300,65.32238,40.97654,1.55845,0.0000,1.0000,0.61090,inf,0.3224,2.9276,0.000,INFEASIBLE: centerline unavailable or goal reached,0,99.50
121.400,65.32238,40.97654,1.55845,0.0000,1.0000,0.61090,inf,0.3224,2.9276,0.000,INFEASIBLE: centerline unavailable or goal reached,0,99.50
121.500,65.32238,40.97654,1.55845,0.0000,1.0000,0.61090,inf,0.3224,2.9276,0.000,INFEASIBLE: centerline unavailable or goal reached,0,99.50
121.600,65.32237,40.97654,1.55845,0.0000,1.0000,0.61090,inf,0.3224,2.9276,0.000,INFEASIBLE: centerline unavailable or goal reached,0,99.50
121.700,65.32237,40.97654,1.55845,0.0000,1.0000,0.61090,inf,0.3224,2.9276,0.000,INFEASIBLE: centerline unavailable or goal reached,0,99.50
121.800,65.32237,40.97654,1.55845,0.0000,1.0000,0.61090,inf,0.3224,2.9276,0.000,INFEASIBLE: centerline unavailable or goal reached,0,99.50
121.900,65.32237,40.97654,1.55845,0.0000,1.0000,0.61090,inf,0.3224,2.9276,0.000,INFEASIBLE: centerline unavailable or goal reached,0,99.50
122.000,65.32237,40.97654,1.55845,0.0000,1.0000,0.61090,inf,0.3224,2.9276,0.000,INFEASIBLE: centerline unavailable or goal reached,0,99.50
122.100,65.32237,40.97654,1.55845,0.0000,1.0000,0.61090,inf,0.3224,2.9276,0.000,INFEASIBLE: centerline unavailable or goal reached,0,99.50
122.200,65.32237,40.97654,1.55845,0.0000,1.0000,0.61090,inf,0.3224,2.9276,0.000,INFEASIBLE: centerline unavailable or goal reached,0,99.50
122.300,65.32237,40.97654,1.55845,0.0000,1.0000,0.61090,inf,0.3224,2.9276,0.000,INFEASIBLE: centerline unavailable or goal reached,0,99.50
122.400,65.32237,40.97654,1.55845,0.0000,1.0000,0.61090,inf,0.3224,2.9276,0.000,INFEASIBLE: centerline unavailable or goal reached,0,99.50
122.500,65.32237,40.97654,1.55845,0.0000,1.0000,0.61090,inf,0.3224,2.9276,0.000,INFEASIBLE: centerline unavailable or goal reached,0,99.50
122.600,65.32237,40.97654,1.55845,0.0000,1.0000,0.61090,inf,0.3224,2.9276,0.000,INFEASIBLE: centerline unavailable or goal reached,0,99.50
122.700,65.32237,40.97654,1.55845,0.0000,1.0000,0.61090,inf,0.3224,2.9276,0.000,INFEASIBLE: centerline unavailable or goal reached,0,99.50
122.800,65.32237,40.97654,1.55845,0.0000,1.0000,0.61090,inf,0.3224,2.9276,0.000,INFEASIBLE: centerline unavailable or goal reached,0,99.50
122.900,65.32237,40.97654,1.55845,0.0000,1.0000,0.61090,inf,0.3224,2.9276,0.000,INFEASIBLE: centerline unavailable or goal reached,0,99.50
123.000,65.32237,40.97654,1.55845,0.0000,1.0000,0.61090,inf,0.3224,2.9276,0.000,INFEASIBLE: centerline unavailable or goal reached,0,99.50
123.100,65.32237,40.97654,1.55845,0.0000,1.0000,0.61090,inf,0.3224,2.9276,0.000,INFEASIBLE: centerline unavailable or goal reached,0,99.50
123.202,65.32237,40.97654,1.55845,0.0000,1.0000,0.61090,inf,0.3224,2.9276,0.000,INFEASIBLE: centerline unavailable or goal reached,0,99.50
123.302,65.32237,40.97654,1.55845,0.0000,1.0000,0.61090,inf,0.3224,2.9276,0.000,INFEASIBLE: centerline unavailable or goal reached,0,99.50
123.402,65.32237,40.97654,1.55845,0.0000,1.0000,0.61090,inf,0.3224,2.9276,0.000,INFEASIBLE: centerline unavailable or goal reached,0,99.50
123.500,65.32237,40.97654,1.55845,0.0000,1.0000,0.61090,inf,0.3224,2.9276,0.000,INFEASIBLE: centerline unavailable or goal reached,0,99.50
123.602,65.32237,40.97654,1.55845,0.0000,1.0000,0.61090,inf,0.3224,2.9276,0.000,INFEASIBLE: centerline unavailable or goal reached,0,99.50
123.702,65.32237,40.97654,1.55845,0.0000,1.0000,0.61090,inf,0.3224,2.9276,0.000,INFEASIBLE: centerline unavailable or goal reached,0,99.50
123.800,65.32237,40.97654,1.55845,0.0000,1.0000,0.61090,inf,0.3224,2.9276,0.000,INFEASIBLE: centerline unavailable or goal reached,0,99.50
123.900,65.32237,40.97654,1.55845,0.0000,1.0000,0.61090,inf,0.3224,2.9276,0.000,INFEASIBLE: centerline unavailable or goal reached,0,99.50
124.000,65.32237,40.97655,1.55845,0.0000,1.0000,0.61090,inf,0.3224,2.9276,0.000,INFEASIBLE: centerline unavailable or goal reached,0,99.50
124.100,65.32237,40.97655,1.55845,0.0000,1.0000,0.61090,inf,0.3224,2.9276,0.000,INFEASIBLE: centerline unavailable or goal reached,0,99.50
124.200,65.32237,40.97655,1.55845,0.0000,1.0000,0.61090,inf,0.3224,2.9276,0.000,INFEASIBLE: centerline unavailable or goal reached,0,99.50
124.300,65.32237,40.97655,1.55845,0.0000,1.0000,0.61090,inf,0.3224,2.9276,0.000,INFEASIBLE: centerline unavailable or goal reached,0,99.50
124.400,65.32237,40.97655,1.55845,0.0000,1.0000,0.61090,inf,0.3224,2.9276,0.000,INFEASIBLE: centerline unavailable or goal reached,0,99.50
124.500,65.32237,40.97655,1.55845,0.0000,1.0000,0.61090,inf,0.3224,2.9276,0.000,INFEASIBLE: centerline unavailable or goal reached,0,99.50
124.600,65.32237,40.97655,1.55845,0.0000,1.0000,0.61090,inf,0.3224,2.9276,0.000,INFEASIBLE: centerline unavailable or goal reached,0,99.50
124.700,65.32237,40.97655,1.55845,0.0000,1.0000,0.61090,inf,0.3224,2.9276,0.000,INFEASIBLE: centerline unavailable or goal reached,0,99.50
124.800,65.32237,40.97655,1.55845,0.0000,1.0000,0.61090,inf,0.3224,2.9276,0.000,INFEASIBLE: centerline unavailable or goal reached,0,99.50
124.900,65.32237,40.97655,1.55845,0.0000,1.0000,0.61090,inf,0.3224,2.9276,0.000,INFEASIBLE: centerline unavailable or goal reached,0,99.50
125.000,65.32237,40.97655,1.55845,0.0000,1.0000,0.61090,inf,0.3224,2.9276,0.000,INFEASIBLE: centerline unavailable or goal reached,0,99.50
125.100,65.32237,40.97655,1.55845,0.0000,1.0000,0.61090,inf,0.3224,2.9276,0.000,INFEASIBLE: centerline unavailable or goal reached,0,99.50
125.200,65.32237,40.97655,1.55845,0.0000,1.0000,0.61090,inf,0.3224,2.9276,0.000,INFEASIBLE: centerline unavailable or goal reached,0,99.50
125.300,65.32237,40.97655,1.55845,0.0000,1.0000,0.61090,inf,0.3224,2.9276,0.000,INFEASIBLE: centerline unavailable or goal reached,0,99.50
125.400,65.32237,40.97655,1.55845,0.0000,1.0000,0.61090,inf,0.3224,2.9276,0.000,INFEASIBLE: centerline unavailable or goal reached,0,99.50
125.500,65.32237,40.97655,1.55845,0.0000,1.0000,0.61090,inf,0.3224,2.9276,0.000,INFEASIBLE: centerline unavailable or goal reached,0,99.50
125.600,65.32237,40.97655,1.55845,0.0000,1.0000,0.61090,inf,0.3224,2.9276,0.000,INFEASIBLE: centerline unavailable or goal reached,0,99.50
125.700,65.32237,40.97655,1.55845,0.0000,1.0000,0.61090,inf,0.3224,2.9276,0.000,INFEASIBLE: centerline unavailable or goal reached,0,99.50
125.800,65.32237,40.97655,1.55845,0.0000,1.0000,0.61090,inf,0.3224,2.9276,0.000,INFEASIBLE: centerline unavailable or goal reached,0,99.50
125.900,65.32237,40.97655,1.55845,0.0000,1.0000,0.61090,inf,0.3224,2.9276,0.000,INFEASIBLE: centerline unavailable or goal reached,0,99.50
126.000,65.32237,40.97655,1.55845,0.0000,1.0000,0.61090,inf,0.3224,2.9276,0.000,INFEASIBLE: centerline unavailable or goal reached,0,99.50
126.100,65.32237,40.97655,1.55845,0.0000,1.0000,0.61090,inf,0.3224,2.9276,0.000,INFEASIBLE: centerline unavailable or goal reached,0,99.50
126.200,65.32237,40.97655,1.55845,0.0000,1.0000,0.61090,inf,0.3224,2.9276,0.000,INFEASIBLE: centerline unavailable or goal reached,0,99.50
126.300,65.32237,40.97655,1.55845,0.0000,1.0000,0.61090,inf,0.3224,2.9276,0.000,INFEASIBLE: centerline unavailable or goal reached,0,99.50
126.400,65.32237,40.97655,1.55845,0.0000,1.0000,0.61090,inf,0.3224,2.9276,0.000,INFEASIBLE: centerline unavailable or goal reached,0,99.50
126.502,65.32237,40.97655,1.55845,0.0000,1.0000,0.61090,inf,0.3224,2.9276,0.000,INFEASIBLE: centerline unavailable or goal reached,0,99.50
126.602,65.32237,40.97655,1.55845,0.0000,1.0000,0.61090,inf,0.3224,2.9276,0.000,INFEASIBLE: centerline unavailable or goal reached,0,99.50
126.700,65.32237,40.97655,1.55845,0.0000,1.0000,0.61090,inf,0.3224,2.9276,0.000,INFEASIBLE: centerline unavailable or goal reached,0,99.50
126.800,65.32237,40.97655,1.55845,0.0000,1.0000,0.61090,inf,0.3224,2.9276,0.000,INFEASIBLE: centerline unavailable or goal reached,0,99.50
126.900,65.32237,40.97655,1.55845,0.0000,1.0000,0.61090,inf,0.3224,2.9276,0.000,INFEASIBLE: centerline unavailable or goal reached,0,99.50
127.004,65.32237,40.97655,1.55845,0.0000,1.0000,0.61090,inf,0.3224,2.9276,0.000,INFEASIBLE: centerline unavailable or goal reached,0,99.50
127.100,65.32237,40.97655,1.55845,0.0000,1.0000,0.61090,inf,0.3224,2.9276,0.000,INFEASIBLE: centerline unavailable or goal reached,0,99.50
127.200,65.32237,40.97655,1.55845,0.0000,1.0000,0.61090,inf,0.3224,2.9276,0.000,INFEASIBLE: centerline unavailable or goal reached,0,99.50
127.300,65.32237,40.97655,1.55845,0.0000,1.0000,0.61090,inf,0.3224,2.9276,0.000,INFEASIBLE: centerline unavailable or goal reached,0,99.50
127.400,65.32237,40.97655,1.55845,0.0000,1.0000,0.61090,inf,0.3224,2.9276,0.000,INFEASIBLE: centerline unavailable or goal reached,0,99.50
127.500,65.32237,40.97655,1.55845,0.0000,1.0000,0.61090,inf,0.3224,2.9276,0.000,INFEASIBLE: centerline unavailable or goal reached,0,99.50
127.600,65.32237,40.97655,1.55845,0.0000,1.0000,0.61090,inf,0.3224,2.9276,0.000,INFEASIBLE: centerline unavailable or goal reached,0,99.50
127.700,65.32237,40.97655,1.55845,0.0000,1.0000,0.61090,inf,0.3224,2.9276,0.000,INFEASIBLE: centerline unavailable or goal reached,0,99.50
127.800,65.32237,40.97655,1.55845,0.0000,1.0000,0.61090,inf,0.3224,2.9276,0.000,INFEASIBLE: centerline unavailable or goal reached,0,99.50
127.900,65.32237,40.97655,1.55845,0.0000,1.0000,0.61090,inf,0.3224,2.9276,0.000,INFEASIBLE: centerline unavailable or goal reached,0,99.50
128.000,65.32237,40.97655,1.55845,0.0000,1.0000,0.61090,inf,0.3224,2.9276,0.000,INFEASIBLE: centerline unavailable or goal reached,0,99.50
128.100,65.32237,40.97655,1.55845,0.0000,1.0000,0.61090,inf,0.3224,2.9276,0.000,INFEASIBLE: centerline unavailable or goal reached,0,99.50
128.200,65.32237,40.97655,1.55845,0.0000,1.0000,0.61090,inf,0.3224,2.9276,0.000,INFEASIBLE: centerline unavailable or goal reached,0,99.50
128.300,65.32237,40.97655,1.55845,0.0000,1.0000,0.61090,inf,0.3224,2.9276,0.000,INFEASIBLE: centerline unavailable or goal reached,0,99.50
128.400,65.32237,40.97655,1.55845,0.0000,1.0000,0.61090,inf,0.3224,2.9276,0.000,INFEASIBLE: centerline unavailable or goal reached,0,99.50
128.500,65.32237,40.97655,1.55845,0.0000,1.0000,0.61090,inf,0.3224,2.9276,0.000,INFEASIBLE: centerline unavailable or goal reached,0,99.50
128.600,65.32237,40.97655,1.55845,0.0000,1.0000,0.61090,inf,0.3224,2.9276,0.000,INFEASIBLE: centerline unavailable or goal reached,0,99.50
128.700,65.32237,40.97655,1.55845,0.0000,1.0000,0.61090,inf,0.3224,2.9276,0.000,INFEASIBLE: centerline unavailable or goal reached,0,99.50
128.800,65.32237,40.97655,1.55845,0.0000,1.0000,0.61090,inf,0.3224,2.9276,0.000,INFEASIBLE: centerline unavailable or goal reached,0,99.50
128.900,65.32237,40.97655,1.55845,0.0000,1.0000,0.61090,inf,0.3224,2.9276,0.000,INFEASIBLE: centerline unavailable or goal reached,0,99.50
129.000,65.32237,40.97655,1.55845,0.0000,1.0000,0.61090,inf,0.3224,2.9276,0.000,INFEASIBLE: centerline unavailable or goal reached,0,99.50
129.100,65.32237,40.97655,1.55845,0.0000,1.0000,0.61090,inf,0.3224,2.9276,0.000,INFEASIBLE: centerline unavailable or goal reached,0,99.50
129.200,65.32237,40.97655,1.55845,0.0000,1.0000,0.61090,inf,0.3224,2.9276,0.000,INFEASIBLE: centerline unavailable or goal reached,0,99.50
129.300,65.32237,40.97655,1.55845,0.0000,1.0000,0.61090,inf,0.3224,2.9276,0.000,INFEASIBLE: centerline unavailable or goal reached,0,99.50
129.400,65.32237,40.97655,1.55845,0.0000,1.0000,0.61090,inf,0.3224,2.9276,0.000,INFEASIBLE: centerline unavailable or goal reached,0,99.50
129.500,65.32237,40.97655,1.55845,0.0000,1.0000,0.61090,inf,0.3224,2.9276,0.000,INFEASIBLE: centerline unavailable or goal reached,0,99.50
129.602,65.32237,40.97655,1.55845,0.0000,1.0000,0.61090,inf,0.3224,2.9276,0.000,INFEASIBLE: centerline unavailable or goal reached,0,99.50
129.700,65.32237,40.97655,1.55845,0.0000,1.0000,0.61090,inf,0.3224,2.9276,0.000,INFEASIBLE: centerline unavailable or goal reached,0,99.50
129.800,65.32237,40.97655,1.55845,0.0000,1.0000,0.61090,inf,0.3224,2.9276,0.000,INFEASIBLE: centerline unavailable or goal reached,0,99.50
129.900,65.32237,40.97655,1.55845,0.0000,1.0000,0.61090,inf,0.3224,2.9276,0.000,INFEASIBLE: centerline unavailable or goal reached,0,99.50
130.000,65.32237,40.97655,1.55845,0.0000,1.0000,0.61090,inf,0.3224,2.9276,0.000,INFEASIBLE: centerline unavailable or goal reached,0,99.50
130.102,65.32237,40.97655,1.55845,0.0000,1.0000,0.61090,inf,0.3224,2.9276,0.000,INFEASIBLE: centerline unavailable or goal reached,0,99.50
130.202,65.32237,40.97655,1.55845,0.0000,1.0000,0.61090,inf,0.3224,2.9276,0.000,INFEASIBLE: centerline unavailable or goal reached,0,99.50
130.300,65.32237,40.97655,1.55845,0.0000,1.0000,0.61090,inf,0.3224,2.9276,0.000,INFEASIBLE: centerline unavailable or goal reached,0,99.50
130.400,65.32237,40.97655,1.55845,0.0001,1.0000,0.61090,inf,0.3224,2.9276,0.000,INFEASIBLE: centerline unavailable or goal reached,0,99.50
130.500,65.32237,40.97655,1.55845,0.0000,1.0000,0.61090,inf,0.3224,2.9276,0.000,INFEASIBLE: centerline unavailable or goal reached,0,99.50
130.600,65.32237,40.97655,1.55845,0.0000,1.0000,0.61090,inf,0.3224,2.9276,0.000,INFEASIBLE: centerline unavailable or goal reached,0,99.50
130.700,65.32237,40.97655,1.55845,0.0000,1.0000,0.61090,inf,0.3224,2.9276,0.000,INFEASIBLE: centerline unavailable or goal reached,0,99.50
130.800,65.32237,40.97655,1.55845,0.0000,1.0000,0.61090,inf,0.3224,2.9276,0.000,INFEASIBLE: centerline unavailable or goal reached,0,99.50
130.900,65.32237,40.97655,1.55845,0.0000,1.0000,0.61090,inf,0.3224,2.9276,0.000,INFEASIBLE: centerline unavailable or goal reached,0,99.50
131.000,65.32237,40.97655,1.55845,0.0000,1.0000,0.61090,inf,0.3224,2.9276,0.000,INFEASIBLE: centerline unavailable or goal reached,0,99.50
131.100,65.32237,40.97655,1.55845,0.0000,1.0000,0.61090,inf,0.3224,2.9276,0.000,INFEASIBLE: centerline unavailable or goal reached,0,99.50
131.200,65.32237,40.97655,1.55845,0.0000,1.0000,0.61090,inf,0.3224,2.9276,0.000,INFEASIBLE: centerline unavailable or goal reached,0,99.50
131.300,65.32237,40.97655,1.55845,0.0000,1.0000,0.61090,inf,0.3224,2.9276,0.000,INFEASIBLE: centerline unavailable or goal reached,0,99.50
131.400,65.32237,40.97655,1.55845,0.0000,1.0000,0.61090,inf,0.3224,2.9276,0.000,INFEASIBLE: centerline unavailable or goal reached,0,99.50
131.500,65.32237,40.97655,1.55845,0.0000,1.0000,0.61090,inf,0.3224,2.9276,0.000,INFEASIBLE: centerline unavailable or goal reached,0,99.50
131.600,65.32237,40.97655,1.55845,0.0000,1.0000,0.61090,inf,0.3224,2.9276,0.000,INFEASIBLE: centerline unavailable or goal reached,0,99.50
131.700,65.32237,40.97655,1.55845,0.0000,1.0000,0.61090,inf,0.3224,2.9276,0.000,INFEASIBLE: centerline unavailable or goal reached,0,99.50
131.800,65.32237,40.97655,1.55845,0.0000,1.0000,0.61090,inf,0.3224,2.9276,0.000,INFEASIBLE: centerline unavailable or goal reached,0,99.50
131.900,65.32237,40.97655,1.55845,0.0000,1.0000,0.61090,inf,0.3224,2.9276,0.000,INFEASIBLE: centerline unavailable or goal reached,0,99.50
132.000,65.32237,40.97655,1.55845,0.0000,1.0000,0.61090,inf,0.3224,2.9276,0.000,INFEASIBLE: centerline unavailable or goal reached,0,99.50
132.100,65.32237,40.97656,1.55845,0.0000,1.0000,0.61090,inf,0.3224,2.9276,0.000,INFEASIBLE: centerline unavailable or goal reached,0,99.50
132.200,65.32237,40.97656,1.55845,0.0000,1.0000,0.61090,inf,0.3224,2.9276,0.000,INFEASIBLE: centerline unavailable or goal reached,0,99.50
132.300,65.32237,40.97656,1.55845,0.0000,1.0000,0.61090,inf,0.3224,2.9276,0.000,INFEASIBLE: centerline unavailable or goal reached,0,99.50
132.400,65.32237,40.97656,1.55845,0.0000,1.0000,0.61090,inf,0.3224,2.9276,0.000,INFEASIBLE: centerline unavailable or goal reached,0,99.50
132.500,65.32237,40.97656,1.55845,0.0000,1.0000,0.61090,inf,0.3224,2.9276,0.000,INFEASIBLE: centerline unavailable or goal reached,0,99.50
132.600,65.32237,40.97656,1.55845,0.0000,1.0000,0.61090,inf,0.3224,2.9276,0.000,INFEASIBLE: centerline unavailable or goal reached,0,99.50
132.700,65.32237,40.97656,1.55845,0.0000,1.0000,0.61090,inf,0.3224,2.9276,0.000,INFEASIBLE: centerline unavailable or goal reached,0,99.50
132.800,65.32237,40.97656,1.55845,0.0000,1.0000,0.61090,inf,0.3224,2.9276,0.000,INFEASIBLE: centerline unavailable or goal reached,0,99.50
132.900,65.32237,40.97656,1.55845,0.0000,1.0000,0.61090,inf,0.3224,2.9276,0.000,INFEASIBLE: centerline unavailable or goal reached,0,99.50
133.000,65.32237,40.97656,1.55845,0.0000,1.0000,0.61090,inf,0.3224,2.9276,0.000,INFEASIBLE: centerline unavailable or goal reached,0,99.50
133.100,65.32237,40.97656,1.55845,0.0000,1.0000,0.61090,inf,0.3224,2.9276,0.000,INFEASIBLE: centerline unavailable or goal reached,0,99.50
133.202,65.32237,40.97656,1.55845,0.0000,1.0000,0.61090,inf,0.3224,2.9276,0.000,INFEASIBLE: centerline unavailable or goal reached,0,99.50
133.300,65.32237,40.97656,1.55845,0.0000,1.0000,0.61090,inf,0.3224,2.9276,0.000,INFEASIBLE: centerline unavailable or goal reached,0,99.50
133.400,65.32237,40.97656,1.55845,0.0000,1.0000,0.61090,inf,0.3224,2.9276,0.000,INFEASIBLE: centerline unavailable or goal reached,0,99.50
133.500,65.32237,40.97656,1.55845,0.0000,1.0000,0.61090,inf,0.3224,2.9276,0.000,INFEASIBLE: centerline unavailable or goal reached,0,99.50
133.600,65.32237,40.97656,1.55845,0.0000,1.0000,0.61090,inf,0.3224,2.9276,0.000,INFEASIBLE: centerline unavailable or goal reached,0,99.50
133.700,65.32237,40.97656,1.55845,0.0000,1.0000,0.61090,inf,0.3224,2.9276,0.000,INFEASIBLE: centerline unavailable or goal reached,0,99.50
133.800,65.32237,40.97656,1.55845,0.0000,1.0000,0.61090,inf,0.3224,2.9276,0.000,INFEASIBLE: centerline unavailable or goal reached,0,99.50
133.900,65.32237,40.97656,1.55845,0.0000,1.0000,0.61090,inf,0.3224,2.9276,0.000,INFEASIBLE: centerline unavailable or goal reached,0,99.50
134.000,65.32237,40.97656,1.55845,0.0000,1.0000,0.61090,inf,0.3224,2.9276,0.000,INFEASIBLE: centerline unavailable or goal reached,0,99.50
134.100,65.32237,40.97656,1.55845,0.0000,1.0000,0.61090,inf,0.3224,2.9276,0.000,INFEASIBLE: centerline unavailable or goal reached,0,99.50
134.200,65.32237,40.97656,1.55845,0.0000,1.0000,0.61090,inf,0.3224,2.9276,0.000,INFEASIBLE: centerline unavailable or goal reached,0,99.50
134.300,65.32237,40.97656,1.55845,0.0000,1.0000,0.61090,inf,0.3224,2.9276,0.000,INFEASIBLE: centerline unavailable or goal reached,0,99.50
134.400,65.32237,40.97656,1.55845,0.0000,1.0000,0.61090,inf,0.3224,2.9276,0.000,INFEASIBLE: centerline unavailable or goal reached,0,99.50
134.500,65.32237,40.97656,1.55845,0.0000,1.0000,0.61090,inf,0.3224,2.9276,0.000,INFEASIBLE: centerline unavailable or goal reached,0,99.50
134.600,65.32237,40.97656,1.55845,0.0000,1.0000,0.61090,inf,0.3224,2.9276,0.000,INFEASIBLE: centerline unavailable or goal reached,0,99.50
134.700,65.32237,40.97656,1.55845,0.0000,1.0000,0.61090,inf,0.3224,2.9276,0.000,INFEASIBLE: centerline unavailable or goal reached,0,99.50
134.800,65.32237,40.97656,1.55845,0.0000,1.0000,0.61090,inf,0.3224,2.9276,0.000,INFEASIBLE: centerline unavailable or goal reached,0,99.50
134.900,65.32237,40.97656,1.55845,0.0000,1.0000,0.61090,inf,0.3224,2.9276,0.000,INFEASIBLE: centerline unavailable or goal reached,0,99.50
135.000,65.32237,40.97656,1.55845,0.0000,1.0000,0.61090,inf,0.3224,2.9276,0.000,INFEASIBLE: centerline unavailable or goal reached,0,99.50
135.100,65.32237,40.97656,1.55845,0.0000,1.0000,0.61090,inf,0.3224,2.9276,0.000,INFEASIBLE: centerline unavailable or goal reached,0,99.50
135.200,65.32237,40.97656,1.55845,0.0000,1.0000,0.61090,inf,0.3224,2.9276,0.000,INFEASIBLE: centerline unavailable or goal reached,0,99.50
135.300,65.32237,40.97656,1.55845,0.0000,1.0000,0.61090,inf,0.3224,2.9276,0.000,INFEASIBLE: centerline unavailable or goal reached,0,99.50
135.400,65.32237,40.97656,1.55845,0.0000,1.0000,0.61090,inf,0.3224,2.9276,0.000,INFEASIBLE: centerline unavailable or goal reached,0,99.50
135.500,65.32237,40.97656,1.55845,0.0000,1.0000,0.61090,inf,0.3224,2.9276,0.000,INFEASIBLE: centerline unavailable or goal reached,0,99.50
135.600,65.32237,40.97656,1.55845,0.0000,1.0000,0.61090,inf,0.3224,2.9276,0.000,INFEASIBLE: centerline unavailable or goal reached,0,99.50
135.700,65.32237,40.97656,1.55845,0.0000,1.0000,0.61090,inf,0.3224,2.9276,0.000,INFEASIBLE: centerline unavailable or goal reached,0,99.50
135.800,65.32237,40.97656,1.55845,0.0000,1.0000,0.61090,inf,0.3224,2.9276,0.000,INFEASIBLE: centerline unavailable or goal reached,0,99.50
135.900,65.32237,40.97656,1.55845,0.0000,1.0000,0.61090,inf,0.3224,2.9276,0.000,INFEASIBLE: centerline unavailable or goal reached,0,99.50
136.000,65.32237,40.97656,1.55845,0.0000,1.0000,0.61090,inf,0.3224,2.9276,0.000,INFEASIBLE: centerline unavailable or goal reached,0,99.50
136.100,65.32237,40.97656,1.55845,0.0000,1.0000,0.61090,inf,0.3224,2.9276,0.000,INFEASIBLE: centerline unavailable or goal reached,0,99.50
136.200,65.32237,40.97656,1.55845,0.0000,1.0000,0.61090,inf,0.3224,2.9276,0.000,INFEASIBLE: centerline unavailable or goal reached,0,99.50
136.300,65.32237,40.97656,1.55845,0.0000,1.0000,0.61090,inf,0.3224,2.9276,0.000,INFEASIBLE: centerline unavailable or goal reached,0,99.50
136.402,65.32237,40.97656,1.55845,0.0000,1.0000,0.61090,inf,0.3224,2.9276,0.000,INFEASIBLE: centerline unavailable or goal reached,0,99.50
136.502,65.32237,40.97656,1.55845,0.0000,1.0000,0.61090,inf,0.3224,2.9276,0.000,INFEASIBLE: centerline unavailable or goal reached,0,99.50
136.602,65.32237,40.97656,1.55845,0.0000,1.0000,0.61090,inf,0.3224,2.9276,0.000,INFEASIBLE: centerline unavailable or goal reached,0,99.50
136.702,65.32237,40.97656,1.55845,0.0000,1.0000,0.61090,inf,0.3224,2.9276,0.000,INFEASIBLE: centerline unavailable or goal reached,0,99.50
136.802,65.32237,40.97656,1.55845,0.0000,1.0000,0.61090,inf,0.3224,2.9276,0.000,INFEASIBLE: centerline unavailable or goal reached,0,99.50
136.900,65.32237,40.97656,1.55845,0.0000,1.0000,0.61090,inf,0.3224,2.9276,0.000,INFEASIBLE: centerline unavailable or goal reached,0,99.50
137.000,65.32237,40.97656,1.55845,0.0000,1.0000,0.61090,inf,0.3224,2.9276,0.000,INFEASIBLE: centerline unavailable or goal reached,0,99.50
137.100,65.32237,40.97656,1.55845,0.0000,1.0000,0.61090,inf,0.3224,2.9276,0.000,INFEASIBLE: centerline unavailable or goal reached,0,99.50
137.200,65.32237,40.97656,1.55845,0.0000,1.0000,0.61090,inf,0.3224,2.9276,0.000,INFEASIBLE: centerline unavailable or goal reached,0,99.50
137.300,65.32237,40.97656,1.55845,0.0000,1.0000,0.61090,inf,0.3224,2.9276,0.000,INFEASIBLE: centerline unavailable or goal reached,0,99.50
137.400,65.32237,40.97656,1.55845,0.0000,1.0000,0.61090,inf,0.3224,2.9276,0.000,INFEASIBLE: centerline unavailable or goal reached,0,99.50
137.500,65.32237,40.97656,1.55845,0.0000,1.0000,0.61090,inf,0.3224,2.9276,0.000,INFEASIBLE: centerline unavailable or goal reached,0,99.50
137.600,65.32237,40.97656,1.55845,0.0000,1.0000,0.61090,inf,0.3224,2.9276,0.000,INFEASIBLE: centerline unavailable or goal reached,0,99.50
137.700,65.32237,40.97656,1.55845,0.0000,1.0000,0.61090,inf,0.3224,2.9276,0.000,INFEASIBLE: centerline unavailable or goal reached,0,99.50
137.800,65.32237,40.97656,1.55845,0.0000,1.0000,0.61090,inf,0.3224,2.9276,0.000,INFEASIBLE: centerline unavailable or goal reached,0,99.50
137.900,65.32237,40.97656,1.55845,0.0000,1.0000,0.61090,inf,0.3224,2.9276,0.000,INFEASIBLE: centerline unavailable or goal reached,0,99.50
138.000,65.32237,40.97656,1.55845,0.0000,1.0000,0.61090,inf,0.3224,2.9276,0.000,INFEASIBLE: centerline unavailable or goal reached,0,99.50
138.100,65.32237,40.97656,1.55845,0.0000,1.0000,0.61090,inf,0.3224,2.9276,0.000,INFEASIBLE: centerline unavailable or goal reached,0,99.50
138.200,65.32237,40.97656,1.55845,0.0000,1.0000,0.61090,inf,0.3224,2.9276,0.000,INFEASIBLE: centerline unavailable or goal reached,0,99.50
138.300,65.32237,40.97656,1.55845,0.0000,1.0000,0.61090,inf,0.3224,2.9276,0.000,INFEASIBLE: centerline unavailable or goal reached,0,99.50
138.400,65.32237,40.97656,1.55845,0.0000,1.0000,0.61090,inf,0.3224,2.9276,0.000,INFEASIBLE: centerline unavailable or goal reached,0,99.50
138.500,65.32237,40.97656,1.55845,0.0000,1.0000,0.61090,inf,0.3224,2.9276,0.000,INFEASIBLE: centerline unavailable or goal reached,0,99.50
138.600,65.32237,40.97656,1.55845,0.0000,1.0000,0.61090,inf,0.3224,2.9276,0.000,INFEASIBLE: centerline unavailable or goal reached,0,99.50
138.700,65.32237,40.97656,1.55845,0.0000,1.0000,0.61090,inf,0.3224,2.9276,0.000,INFEASIBLE: centerline unavailable or goal reached,0,99.50
138.800,65.32237,40.97656,1.55845,0.0000,1.0000,0.61090,inf,0.3224,2.9276,0.000,INFEASIBLE: centerline unavailable or goal reached,0,99.50
138.900,65.32237,40.97656,1.55845,0.0000,1.0000,0.61090,inf,0.3224,2.9276,0.000,INFEASIBLE: centerline unavailable or goal reached,0,99.50
139.000,65.32237,40.97656,1.55845,0.0000,1.0000,0.61090,inf,0.3224,2.9276,0.000,INFEASIBLE: centerline unavailable or goal reached,0,99.50
139.100,65.32237,40.97656,1.55845,0.0000,1.0000,0.61090,inf,0.3224,2.9276,0.000,INFEASIBLE: centerline unavailable or goal reached,0,99.50
139.200,65.32237,40.97656,1.55845,0.0000,1.0000,0.61090,inf,0.3224,2.9276,0.000,INFEASIBLE: centerline unavailable or goal reached,0,99.50
139.300,65.32237,40.97656,1.55845,0.0000,1.0000,0.61090,inf,0.3224,2.9276,0.000,INFEASIBLE: centerline unavailable or goal reached,0,99.50
139.400,65.32237,40.97656,1.55845,0.0000,1.0000,0.61090,inf,0.3224,2.9276,0.000,INFEASIBLE: centerline unavailable or goal reached,0,99.50
139.500,65.32237,40.97656,1.55845,0.0000,1.0000,0.61090,inf,0.3224,2.9276,0.000,INFEASIBLE: centerline unavailable or goal reached,0,99.50
139.600,65.32237,40.97656,1.55845,0.0000,1.0000,0.61090,inf,0.3224,2.9276,0.000,INFEASIBLE: centerline unavailable or goal reached,0,99.50
139.702,65.32237,40.97656,1.55845,0.0000,1.0000,0.61090,inf,0.3224,2.9276,0.000,INFEASIBLE: centerline unavailable or goal reached,0,99.50
139.800,65.32237,40.97656,1.55845,0.0000,1.0000,0.61090,inf,0.3224,2.9276,0.000,INFEASIBLE: centerline unavailable or goal reached,0,99.50
139.900,65.32237,40.97656,1.55845,0.0000,1.0000,0.61090,inf,0.3224,2.9276,0.000,INFEASIBLE: centerline unavailable or goal reached,0,99.50
140.000,65.32237,40.97656,1.55845,0.0000,1.0000,0.61090,inf,0.3224,2.9276,0.000,INFEASIBLE: centerline unavailable or goal reached,0,99.50
140.100,65.32237,40.97657,1.55845,0.0001,1.0000,0.61090,inf,0.3224,2.9276,0.000,INFEASIBLE: centerline unavailable or goal reached,0,99.50
140.200,65.32237,40.97657,1.55845,0.0000,1.0000,0.61090,inf,0.3224,2.9276,0.000,INFEASIBLE: centerline unavailable or goal reached,0,99.50
140.300,65.32237,40.97657,1.55845,0.0000,1.0000,0.61090,inf,0.3224,2.9276,0.000,INFEASIBLE: centerline unavailable or goal reached,0,99.50
140.400,65.32237,40.97657,1.55845,0.0000,1.0000,0.61090,inf,0.3224,2.9276,0.000,INFEASIBLE: centerline unavailable or goal reached,0,99.50
140.500,65.32237,40.97657,1.55845,0.0000,1.0000,0.61090,inf,0.3224,2.9276,0.000,INFEASIBLE: centerline unavailable or goal reached,0,99.50
140.600,65.32237,40.97657,1.55845,0.0000,1.0000,0.61090,inf,0.3224,2.9276,0.000,INFEASIBLE: centerline unavailable or goal reached,0,99.50
140.700,65.32237,40.97657,1.55845,0.0000,1.0000,0.61090,inf,0.3224,2.9276,0.000,INFEASIBLE: centerline unavailable or goal reached,0,99.50
140.800,65.32237,40.97657,1.55845,0.0000,1.0000,0.61090,inf,0.3224,2.9276,0.000,INFEASIBLE: centerline unavailable or goal reached,0,99.50
140.900,65.32237,40.97657,1.55845,0.0001,1.0000,0.61090,inf,0.3224,2.9276,0.000,INFEASIBLE: centerline unavailable or goal reached,0,99.50
141.000,65.32237,40.97657,1.55845,0.0000,1.0000,0.61090,inf,0.3224,2.9276,0.000,INFEASIBLE: centerline unavailable or goal reached,0,99.50
141.100,65.32237,40.97657,1.55845,0.0000,1.0000,0.61090,inf,0.3224,2.9276,0.000,INFEASIBLE: centerline unavailable or goal reached,0,99.50
141.200,65.32237,40.97657,1.55845,0.0000,1.0000,0.61090,inf,0.3224,2.9276,0.000,INFEASIBLE: centerline unavailable or goal reached,0,99.50
141.300,65.32237,40.97657,1.55845,0.0000,1.0000,0.61090,inf,0.3224,2.9276,0.000,INFEASIBLE: centerline unavailable or goal reached,0,99.50
141.400,65.32237,40.97657,1.55845,0.0000,1.0000,0.61090,inf,0.3224,2.9276,0.000,INFEASIBLE: centerline unavailable or goal reached,0,99.50
141.500,65.32237,40.97657,1.55845,0.0000,1.0000,0.61090,inf,0.3224,2.9276,0.000,INFEASIBLE: centerline unavailable or goal reached,0,99.50
141.600,65.32237,40.97657,1.55845,0.0000,1.0000,0.61090,inf,0.3224,2.9276,0.000,INFEASIBLE: centerline unavailable or goal reached,0,99.50
141.700,65.32237,40.97657,1.55845,0.0001,1.0000,0.61090,inf,0.3224,2.9276,0.000,INFEASIBLE: centerline unavailable or goal reached,0,99.50
141.800,65.32237,40.97657,1.55845,0.0000,1.0000,0.61090,inf,0.3224,2.9276,0.000,INFEASIBLE: centerline unavailable or goal reached,0,99.50
141.900,65.32237,40.97657,1.55845,0.0000,1.0000,0.61090,inf,0.3224,2.9276,0.000,INFEASIBLE: centerline unavailable or goal reached,0,99.50
142.000,65.32237,40.97657,1.55845,0.0000,1.0000,0.61090,inf,0.3224,2.9276,0.000,INFEASIBLE: centerline unavailable or goal reached,0,99.50
142.100,65.32237,40.97657,1.55845,0.0000,1.0000,0.61090,inf,0.3224,2.9276,0.000,INFEASIBLE: centerline unavailable or goal reached,0,99.50
142.200,65.32237,40.97657,1.55845,0.0000,1.0000,0.61090,inf,0.3224,2.9276,0.000,INFEASIBLE: centerline unavailable or goal reached,0,99.50
142.300,65.32237,40.97657,1.55845,0.0000,1.0000,0.61090,inf,0.3224,2.9276,0.000,INFEASIBLE: centerline unavailable or goal reached,0,99.50
142.400,65.32237,40.97657,1.55845,0.0000,1.0000,0.61090,inf,0.3224,2.9276,0.000,INFEASIBLE: centerline unavailable or goal reached,0,99.50
142.500,65.32237,40.97657,1.55845,0.0000,1.0000,0.61090,inf,0.3224,2.9276,0.000,INFEASIBLE: centerline unavailable or goal reached,0,99.50
142.600,65.32237,40.97657,1.55845,0.0000,1.0000,0.61090,inf,0.3224,2.9276,0.000,INFEASIBLE: centerline unavailable or goal reached,0,99.50
142.700,65.32237,40.97657,1.55845,0.0000,1.0000,0.61090,inf,0.3224,2.9276,0.000,INFEASIBLE: centerline unavailable or goal reached,0,99.50
142.800,65.32237,40.97657,1.55845,0.0000,1.0000,0.61090,inf,0.3224,2.9276,0.000,INFEASIBLE: centerline unavailable or goal reached,0,99.50
142.900,65.32237,40.97657,1.55845,0.0000,1.0000,0.61090,inf,0.3224,2.9276,0.000,INFEASIBLE: centerline unavailable or goal reached,0,99.50
143.002,65.32237,40.97657,1.55845,0.0000,1.0000,0.61090,inf,0.3224,2.9276,0.000,INFEASIBLE: centerline unavailable or goal reached,0,99.50
143.100,65.32237,40.97657,1.55845,0.0000,1.0000,0.61090,inf,0.3224,2.9276,0.000,INFEASIBLE: centerline unavailable or goal reached,0,99.50
143.202,65.32237,40.97657,1.55845,0.0000,1.0000,0.61090,inf,0.3224,2.9276,0.000,INFEASIBLE: centerline unavailable or goal reached,0,99.50
143.302,65.32237,40.97657,1.55845,0.0001,1.0000,0.61090,inf,0.3224,2.9276,0.000,INFEASIBLE: centerline unavailable or goal reached,0,99.50
143.400,65.32237,40.97657,1.55845,0.0000,1.0000,0.61090,inf,0.3224,2.9276,0.000,INFEASIBLE: centerline unavailable or goal reached,0,99.50
143.500,65.32237,40.97657,1.55845,0.0000,1.0000,0.61090,inf,0.3224,2.9276,0.000,INFEASIBLE: centerline unavailable or goal reached,0,99.50
143.600,65.32237,40.97657,1.55845,0.0000,1.0000,0.61090,inf,0.3224,2.9276,0.000,INFEASIBLE: centerline unavailable or goal reached,0,99.50
143.702,65.32237,40.97657,1.55845,0.0000,1.0000,0.61090,inf,0.3224,2.9276,0.000,INFEASIBLE: centerline unavailable or goal reached,0,99.50
143.800,65.32237,40.97657,1.55845,0.0000,1.0000,0.61090,inf,0.3224,2.9276,0.000,INFEASIBLE: centerline unavailable or goal reached,0,99.50
143.900,65.32237,40.97657,1.55845,0.0000,1.0000,0.61090,inf,0.3224,2.9276,0.000,INFEASIBLE: centerline unavailable or goal reached,0,99.50
144.000,65.32237,40.97657,1.55845,0.0000,1.0000,0.61090,inf,0.3224,2.9276,0.000,INFEASIBLE: centerline unavailable or goal reached,0,99.50
144.100,65.32237,40.97657,1.55845,0.0000,1.0000,0.61090,inf,0.3224,2.9276,0.000,INFEASIBLE: centerline unavailable or goal reached,0,99.50
144.200,65.32237,40.97657,1.55845,0.0000,1.0000,0.61090,inf,0.3224,2.9276,0.000,INFEASIBLE: centerline unavailable or goal reached,0,99.50
144.300,65.32237,40.97657,1.55845,0.0000,1.0000,0.61090,inf,0.3224,2.9276,0.000,INFEASIBLE: centerline unavailable or goal reached,0,99.50
144.400,65.32237,40.97657,1.55845,0.0000,1.0000,0.61090,inf,0.3224,2.9276,0.000,INFEASIBLE: centerline unavailable or goal reached,0,99.50
144.500,65.32237,40.97657,1.55845,0.0000,1.0000,0.61090,inf,0.3224,2.9276,0.000,INFEASIBLE: centerline unavailable or goal reached,0,99.50
144.600,65.32237,40.97657,1.55845,0.0000,1.0000,0.61090,inf,0.3224,2.9276,0.000,INFEASIBLE: centerline unavailable or goal reached,0,99.50
144.700,65.32237,40.97657,1.55845,0.0000,1.0000,0.61090,inf,0.3224,2.9276,0.000,INFEASIBLE: centerline unavailable or goal reached,0,99.50
144.800,65.32237,40.97657,1.55845,0.0000,1.0000,0.61090,inf,0.3224,2.9276,0.000,INFEASIBLE: centerline unavailable or goal reached,0,99.50
144.900,65.32237,40.97657,1.55845,0.0000,1.0000,0.61090,inf,0.3224,2.9276,0.000,INFEASIBLE: centerline unavailable or goal reached,0,99.50
145.000,65.32237,40.97657,1.55845,0.0000,1.0000,0.61090,inf,0.3224,2.9276,0.000,INFEASIBLE: centerline unavailable or goal reached,0,99.50
145.100,65.32237,40.97657,1.55845,0.0000,1.0000,0.61090,inf,0.3224,2.9276,0.000,INFEASIBLE: centerline unavailable or goal reached,0,99.50
145.200,65.32237,40.97657,1.55845,0.0000,1.0000,0.61090,inf,0.3224,2.9276,0.000,INFEASIBLE: centerline unavailable or goal reached,0,99.50
145.300,65.32237,40.97657,1.55845,0.0000,1.0000,0.61090,inf,0.3224,2.9276,0.000,INFEASIBLE: centerline unavailable or goal reached,0,99.50
145.400,65.32237,40.97657,1.55845,0.0000,1.0000,0.61090,inf,0.3224,2.9276,0.000,INFEASIBLE: centerline unavailable or goal reached,0,99.50
145.500,65.32237,40.97657,1.55845,0.0000,1.0000,0.61090,inf,0.3224,2.9276,0.000,INFEASIBLE: centerline unavailable or goal reached,0,99.50
145.600,65.32237,40.97657,1.55845,0.0000,1.0000,0.61090,inf,0.3224,2.9276,0.000,INFEASIBLE: centerline unavailable or goal reached,0,99.50
145.700,65.32237,40.97657,1.55845,0.0000,1.0000,0.61090,inf,0.3224,2.9276,0.000,INFEASIBLE: centerline unavailable or goal reached,0,99.50
145.800,65.32237,40.97657,1.55845,0.0000,1.0000,0.61090,inf,0.3224,2.9276,0.000,INFEASIBLE: centerline unavailable or goal reached,0,99.50
145.900,65.32237,40.97657,1.55845,0.0000,1.0000,0.61090,inf,0.3224,2.9276,0.000,INFEASIBLE: centerline unavailable or goal reached,0,99.50
146.000,65.32237,40.97657,1.55845,0.0000,1.0000,0.61090,inf,0.3224,2.9276,0.000,INFEASIBLE: centerline unavailable or goal reached,0,99.50
146.100,65.32237,40.97657,1.55845,0.0000,1.0000,0.61090,inf,0.3224,2.9276,0.000,INFEASIBLE: centerline unavailable or goal reached,0,99.50
146.202,65.32237,40.97657,1.55845,0.0000,1.0000,0.61090,inf,0.3224,2.9276,0.000,INFEASIBLE: centerline unavailable or goal reached,0,99.50
146.302,65.32237,40.97657,1.55845,0.0000,1.0000,0.61090,inf,0.3224,2.9276,0.000,INFEASIBLE: centerline unavailable or goal reached,0,99.50
146.400,65.32237,40.97657,1.55845,0.0000,1.0000,0.61090,inf,0.3224,2.9276,0.000,INFEASIBLE: centerline unavailable or goal reached,0,99.50
146.500,65.32237,40.97657,1.55845,0.0000,1.0000,0.61090,inf,0.3224,2.9276,0.000,INFEASIBLE: centerline unavailable or goal reached,0,99.50
146.600,65.32237,40.97657,1.55845,0.0000,1.0000,0.61090,inf,0.3224,2.9276,0.000,INFEASIBLE: centerline unavailable or goal reached,0,99.50
146.700,65.32237,40.97657,1.55845,0.0000,1.0000,0.61090,inf,0.3224,2.9276,0.000,INFEASIBLE: centerline unavailable or goal reached,0,99.50
146.802,65.32237,40.97657,1.55845,0.0000,1.0000,0.61090,inf,0.3224,2.9276,0.000,INFEASIBLE: centerline unavailable or goal reached,0,99.50
146.900,65.32237,40.97657,1.55845,0.0000,1.0000,0.61090,inf,0.3224,2.9276,0.000,INFEASIBLE: centerline unavailable or goal reached,0,99.50
147.000,65.32237,40.97657,1.55845,0.0000,1.0000,0.61090,inf,0.3224,2.9276,0.000,INFEASIBLE: centerline unavailable or goal reached,0,99.50
147.100,65.32237,40.97657,1.55845,0.0000,1.0000,0.61090,inf,0.3224,2.9276,0.000,INFEASIBLE: centerline unavailable or goal reached,0,99.50
147.200,65.32237,40.97657,1.55845,0.0000,1.0000,0.61090,inf,0.3224,2.9276,0.000,INFEASIBLE: centerline unavailable or goal reached,0,99.50
147.300,65.32237,40.97657,1.55845,0.0000,1.0000,0.61090,inf,0.3224,2.9276,0.000,INFEASIBLE: centerline unavailable or goal reached,0,99.50
147.400,65.32237,40.97657,1.55845,0.0000,1.0000,0.61090,inf,0.3224,2.9276,0.000,INFEASIBLE: centerline unavailable or goal reached,0,99.50
147.500,65.32237,40.97657,1.55845,0.0000,1.0000,0.61090,inf,0.3224,2.9276,0.000,INFEASIBLE: centerline unavailable or goal reached,0,99.50
147.600,65.32237,40.97657,1.55845,0.0000,1.0000,0.61090,inf,0.3224,2.9276,0.000,INFEASIBLE: centerline unavailable or goal reached,0,99.50
147.700,65.32237,40.97657,1.55845,0.0000,1.0000,0.61090,inf,0.3224,2.9276,0.000,INFEASIBLE: centerline unavailable or goal reached,0,99.50
147.800,65.32237,40.97657,1.55845,0.0000,1.0000,0.61090,inf,0.3224,2.9276,0.000,INFEASIBLE: centerline unavailable or goal reached,0,99.50
147.900,65.32237,40.97657,1.55845,0.0000,1.0000,0.61090,inf,0.3224,2.9276,0.000,INFEASIBLE: centerline unavailable or goal reached,0,99.50
148.000,65.32237,40.97657,1.55845,0.0000,1.0000,0.61090,inf,0.3224,2.9276,0.000,INFEASIBLE: centerline unavailable or goal reached,0,99.50
148.100,65.32237,40.97657,1.55845,0.0000,1.0000,0.61090,inf,0.3224,2.9276,0.000,INFEASIBLE: centerline unavailable or goal reached,0,99.50
148.200,65.32237,40.97658,1.55845,0.0000,1.0000,0.61090,inf,0.3224,2.9276,0.000,INFEASIBLE: centerline unavailable or goal reached,0,99.50
148.300,65.32237,40.97658,1.55845,0.0000,1.0000,0.61090,inf,0.3224,2.9276,0.000,INFEASIBLE: centerline unavailable or goal reached,0,99.50
148.400,65.32237,40.97658,1.55845,0.0000,1.0000,0.61090,inf,0.3224,2.9276,0.000,INFEASIBLE: centerline unavailable or goal reached,0,99.50
148.500,65.32237,40.97658,1.55845,0.0000,1.0000,0.61090,inf,0.3224,2.9276,0.000,INFEASIBLE: centerline unavailable or goal reached,0,99.50
148.600,65.32237,40.97658,1.55845,0.0000,1.0000,0.61090,inf,0.3224,2.9276,0.000,INFEASIBLE: centerline unavailable or goal reached,0,99.50
148.700,65.32237,40.97658,1.55845,0.0000,1.0000,0.61090,inf,0.3224,2.9276,0.000,INFEASIBLE: centerline unavailable or goal reached,0,99.50
148.800,65.32237,40.97658,1.55845,0.0000,1.0000,0.61090,inf,0.3224,2.9276,0.000,INFEASIBLE: centerline unavailable or goal reached,0,99.50
148.900,65.32237,40.97658,1.55845,0.0000,1.0000,0.61090,inf,0.3224,2.9276,0.000,INFEASIBLE: centerline unavailable or goal reached,0,99.50
149.000,65.32237,40.97658,1.55845,0.0000,1.0000,0.61090,inf,0.3224,2.9276,0.000,INFEASIBLE: centerline unavailable or goal reached,0,99.50
149.100,65.32237,40.97658,1.55845,0.0000,1.0000,0.61090,inf,0.3224,2.9276,0.000,INFEASIBLE: centerline unavailable or goal reached,0,99.50
149.200,65.32237,40.97658,1.55845,0.0000,1.0000,0.61090,inf,0.3224,2.9276,0.000,INFEASIBLE: centerline unavailable or goal reached,0,99.50
149.300,65.32237,40.97658,1.55845,0.0000,1.0000,0.61090,inf,0.3224,2.9276,0.000,INFEASIBLE: centerline unavailable or goal reached,0,99.50
149.402,65.32237,40.97658,1.55845,0.0000,1.0000,0.61090,inf,0.3224,2.9276,0.000,INFEASIBLE: centerline unavailable or goal reached,0,99.50
149.500,65.32237,40.97658,1.55845,0.0000,1.0000,0.61090,inf,0.3224,2.9276,0.000,INFEASIBLE: centerline unavailable or goal reached,0,99.50
149.600,65.32237,40.97658,1.55845,0.0000,1.0000,0.61090,inf,0.3224,2.9276,0.000,INFEASIBLE: centerline unavailable or goal reached,0,99.50
149.702,65.32237,40.97658,1.55845,0.0000,1.0000,0.61090,inf,0.3224,2.9276,0.000,INFEASIBLE: centerline unavailable or goal reached,0,99.50
149.800,65.32237,40.97658,1.55845,0.0000,1.0000,0.61090,inf,0.3224,2.9276,0.000,INFEASIBLE: centerline unavailable or goal reached,0,99.50
149.902,65.32237,40.97658,1.55845,0.0000,1.0000,0.61090,inf,0.3224,2.9276,0.000,INFEASIBLE: centerline unavailable or goal reached,0,99.50
150.002,65.32237,40.97658,1.55845,0.0000,1.0000,0.61090,inf,0.3224,2.9276,0.000,INFEASIBLE: centerline unavailable or goal reached,0,99.50
150.100,65.32237,40.97658,1.55845,0.0000,1.0000,0.61090,inf,0.3224,2.9276,0.000,INFEASIBLE: centerline unavailable or goal reached,0,99.50
150.200,65.32237,40.97658,1.55845,0.0000,1.0000,0.61090,inf,0.3224,2.9276,0.000,INFEASIBLE: centerline unavailable or goal reached,0,99.50
150.300,65.32237,40.97658,1.55845,0.0000,1.0000,0.61090,inf,0.3224,2.9276,0.000,INFEASIBLE: centerline unavailable or goal reached,0,99.50
150.400,65.32237,40.97658,1.55845,0.0000,1.0000,0.61090,inf,0.3224,2.9276,0.000,INFEASIBLE: centerline unavailable or goal reached,0,99.50
150.500,65.32237,40.97658,1.55845,0.0000,1.0000,0.61090,inf,0.3224,2.9276,0.000,INFEASIBLE: centerline unavailable or goal reached,0,99.50
150.600,65.32237,40.97658,1.55845,0.0001,1.0000,0.61090,inf,0.3224,2.9276,0.000,INFEASIBLE: centerline unavailable or goal reached,0,99.50
150.700,65.32237,40.97658,1.55845,0.0000,1.0000,0.61090,inf,0.3224,2.9276,0.000,INFEASIBLE: centerline unavailable or goal reached,0,99.50
150.800,65.32237,40.97658,1.55845,0.0000,1.0000,0.61090,inf,0.3224,2.9276,0.000,INFEASIBLE: centerline unavailable or goal reached,0,99.50
150.900,65.32237,40.97658,1.55845,0.0000,1.0000,0.61090,inf,0.3224,2.9276,0.000,INFEASIBLE: centerline unavailable or goal reached,0,99.50
151.000,65.32237,40.97658,1.55845,0.0000,1.0000,0.61090,inf,0.3224,2.9276,0.000,INFEASIBLE: centerline unavailable or goal reached,0,99.50
151.100,65.32237,40.97658,1.55845,0.0000,1.0000,0.61090,inf,0.3224,2.9276,0.000,INFEASIBLE: centerline unavailable or goal reached,0,99.50
151.200,65.32237,40.97658,1.55845,0.0000,1.0000,0.61090,inf,0.3224,2.9276,0.000,INFEASIBLE: centerline unavailable or goal reached,0,99.50
151.300,65.32237,40.97658,1.55845,0.0000,1.0000,0.61090,inf,0.3224,2.9276,0.000,INFEASIBLE: centerline unavailable or goal reached,0,99.50
151.400,65.32237,40.97658,1.55845,0.0001,1.0000,0.61090,inf,0.3224,2.9276,0.000,INFEASIBLE: centerline unavailable or goal reached,0,99.50
151.500,65.32237,40.97658,1.55845,0.0000,1.0000,0.61090,inf,0.3224,2.9276,0.000,INFEASIBLE: centerline unavailable or goal reached,0,99.50
151.600,65.32237,40.97658,1.55845,0.0000,1.0000,0.61090,inf,0.3224,2.9276,0.000,INFEASIBLE: centerline unavailable or goal reached,0,99.50
151.700,65.32237,40.97658,1.55845,0.0000,1.0000,0.61090,inf,0.3224,2.9276,0.000,INFEASIBLE: centerline unavailable or goal reached,0,99.50
151.800,65.32237,40.97658,1.55845,0.0000,1.0000,0.61090,inf,0.3224,2.9276,0.000,INFEASIBLE: centerline unavailable or goal reached,0,99.50
151.900,65.32237,40.97658,1.55845,0.0000,1.0000,0.61090,inf,0.3224,2.9276,0.000,INFEASIBLE: centerline unavailable or goal reached,0,99.50
152.000,65.32237,40.97658,1.55845,0.0000,1.0000,0.61090,inf,0.3224,2.9276,0.000,INFEASIBLE: centerline unavailable or goal reached,0,99.50
152.100,65.32237,40.97658,1.55845,0.0000,1.0000,0.61090,inf,0.3224,2.9276,0.000,INFEASIBLE: centerline unavailable or goal reached,0,99.50
152.200,65.32237,40.97658,1.55845,0.0000,1.0000,0.61090,inf,0.3224,2.9276,0.000,INFEASIBLE: centerline unavailable or goal reached,0,99.50
152.300,65.32237,40.97658,1.55845,0.0000,1.0000,0.61090,inf,0.3224,2.9276,0.000,INFEASIBLE: centerline unavailable or goal reached,0,99.50
152.400,65.32237,40.97658,1.55845,0.0000,1.0000,0.61090,inf,0.3224,2.9276,0.000,INFEASIBLE: centerline unavailable or goal reached,0,99.50
152.500,65.32237,40.97658,1.55845,0.0000,1.0000,0.61090,inf,0.3224,2.9276,0.000,INFEASIBLE: centerline unavailable or goal reached,0,99.50
152.600,65.32237,40.97658,1.55845,0.0000,1.0000,0.61090,inf,0.3224,2.9276,0.000,INFEASIBLE: centerline unavailable or goal reached,0,99.50
152.700,65.32237,40.97658,1.55845,0.0000,1.0000,0.61090,inf,0.3224,2.9276,0.000,INFEASIBLE: centerline unavailable or goal reached,0,99.50
152.800,65.32237,40.97658,1.55845,0.0000,1.0000,0.61090,inf,0.3224,2.9276,0.000,INFEASIBLE: centerline unavailable or goal reached,0,99.50
152.902,65.32237,40.97658,1.55845,0.0000,1.0000,0.61090,inf,0.3224,2.9276,0.000,INFEASIBLE: centerline unavailable or goal reached,0,99.50
153.002,65.32237,40.97658,1.55845,0.0001,1.0000,0.61090,inf,0.3224,2.9276,0.000,INFEASIBLE: centerline unavailable or goal reached,0,99.50
153.100,65.32237,40.97658,1.55845,0.0000,1.0000,0.61090,inf,0.3224,2.9276,0.000,INFEASIBLE: centerline unavailable or goal reached,0,99.50
153.202,65.32237,40.97658,1.55845,0.0000,1.0000,0.61090,inf,0.3224,2.9276,0.000,INFEASIBLE: centerline unavailable or goal reached,0,99.50
153.300,65.32237,40.97658,1.55845,0.0000,1.0000,0.61090,inf,0.3224,2.9276,0.000,INFEASIBLE: centerline unavailable or goal reached,0,99.50
153.402,65.32237,40.97658,1.55845,0.0000,1.0000,0.61090,inf,0.3224,2.9276,0.000,INFEASIBLE: centerline unavailable or goal reached,0,99.50
153.500,65.32237,40.97658,1.55845,0.0000,1.0000,0.61090,inf,0.3224,2.9276,0.000,INFEASIBLE: centerline unavailable or goal reached,0,99.50
153.600,65.32237,40.97658,1.55845,0.0000,1.0000,0.61090,inf,0.3224,2.9276,0.000,INFEASIBLE: centerline unavailable or goal reached,0,99.50
153.700,65.32237,40.97658,1.55845,0.0000,1.0000,0.61090,inf,0.3224,2.9276,0.000,INFEASIBLE: centerline unavailable or goal reached,0,99.50
153.800,65.32237,40.97658,1.55845,0.0000,1.0000,0.61090,inf,0.3224,2.9276,0.000,INFEASIBLE: centerline unavailable or goal reached,0,99.50
153.900,65.32237,40.97658,1.55846,0.0000,1.0000,0.61090,inf,0.3224,2.9276,0.000,INFEASIBLE: centerline unavailable or goal reached,0,99.50
154.000,65.32237,40.97658,1.55846,0.0000,1.0000,0.61090,inf,0.3224,2.9276,0.000,INFEASIBLE: centerline unavailable or goal reached,0,99.50
154.100,65.32237,40.97658,1.55846,0.0000,1.0000,0.61090,inf,0.3224,2.9276,0.000,INFEASIBLE: centerline unavailable or goal reached,0,99.50
154.200,65.32237,40.97658,1.55846,0.0000,1.0000,0.61090,inf,0.3224,2.9276,0.000,INFEASIBLE: centerline unavailable or goal reached,0,99.50
154.300,65.32237,40.97658,1.55846,0.0000,1.0000,0.61090,inf,0.3224,2.9276,0.000,INFEASIBLE: centerline unavailable or goal reached,0,99.50
154.400,65.32237,40.97658,1.55846,0.0000,1.0000,0.61090,inf,0.3224,2.9276,0.000,INFEASIBLE: centerline unavailable or goal reached,0,99.50
154.500,65.32237,40.97658,1.55846,0.0000,1.0000,0.61090,inf,0.3224,2.9276,0.000,INFEASIBLE: centerline unavailable or goal reached,0,99.50
154.600,65.32237,40.97658,1.55846,0.0000,1.0000,0.61090,inf,0.3224,2.9276,0.000,INFEASIBLE: centerline unavailable or goal reached,0,99.50
154.700,65.32237,40.97658,1.55846,0.0000,1.0000,0.61090,inf,0.3224,2.9276,0.000,INFEASIBLE: centerline unavailable or goal reached,0,99.50
154.800,65.32237,40.97658,1.55846,0.0000,1.0000,0.61090,inf,0.3224,2.9276,0.000,INFEASIBLE: centerline unavailable or goal reached,0,99.50
154.900,65.32237,40.97658,1.55846,0.0000,1.0000,0.61090,inf,0.3224,2.9276,0.000,INFEASIBLE: centerline unavailable or goal reached,0,99.50
155.000,65.32237,40.97658,1.55846,0.0000,1.0000,0.61090,inf,0.3224,2.9276,0.000,INFEASIBLE: centerline unavailable or goal reached,0,99.50
155.100,65.32237,40.97658,1.55846,0.0000,1.0000,0.61090,inf,0.3224,2.9276,0.000,INFEASIBLE: centerline unavailable or goal reached,0,99.50
155.200,65.32237,40.97658,1.55846,0.0000,1.0000,0.61090,inf,0.3224,2.9276,0.000,INFEASIBLE: centerline unavailable or goal reached,0,99.50
155.300,65.32237,40.97658,1.55846,0.0000,1.0000,0.61090,inf,0.3224,2.9276,0.000,INFEASIBLE: centerline unavailable or goal reached,0,99.50
155.400,65.32237,40.97658,1.55846,0.0000,1.0000,0.61090,inf,0.3224,2.9276,0.000,INFEASIBLE: centerline unavailable or goal reached,0,99.50
155.500,65.32237,40.97658,1.55846,0.0000,1.0000,0.61090,inf,0.3224,2.9276,0.000,INFEASIBLE: centerline unavailable or goal reached,0,99.50
155.600,65.32237,40.97658,1.55846,0.0000,1.0000,0.61090,inf,0.3224,2.9276,0.000,INFEASIBLE: centerline unavailable or goal reached,0,99.50
155.700,65.32237,40.97658,1.55846,0.0000,1.0000,0.61090,inf,0.3224,2.9276,0.000,INFEASIBLE: centerline unavailable or goal reached,0,99.50
155.800,65.32237,40.97658,1.55846,0.0000,1.0000,0.61090,inf,0.3224,2.9276,0.000,INFEASIBLE: centerline unavailable or goal reached,0,99.50
155.900,65.32237,40.97658,1.55846,0.0000,1.0000,0.61090,inf,0.3224,2.9276,0.000,INFEASIBLE: centerline unavailable or goal reached,0,99.50
156.000,65.32237,40.97658,1.55846,0.0000,1.0000,0.61090,inf,0.3224,2.9276,0.000,INFEASIBLE: centerline unavailable or goal reached,0,99.50
156.100,65.32237,40.97658,1.55846,0.0000,1.0000,0.61090,inf,0.3224,2.9276,0.000,INFEASIBLE: centerline unavailable or goal reached,0,99.50
156.200,65.32237,40.97658,1.55846,0.0000,1.0000,0.61090,inf,0.3224,2.9276,0.000,INFEASIBLE: centerline unavailable or goal reached,0,99.50
156.302,65.32237,40.97659,1.55846,0.0000,1.0000,0.61090,inf,0.3224,2.9276,0.000,INFEASIBLE: centerline unavailable or goal reached,0,99.50
156.402,65.32237,40.97659,1.55846,0.0000,1.0000,0.61090,inf,0.3224,2.9276,0.000,INFEASIBLE: centerline unavailable or goal reached,0,99.50
156.500,65.32237,40.97659,1.55846,0.0000,1.0000,0.61090,inf,0.3224,2.9276,0.000,INFEASIBLE: centerline unavailable or goal reached,0,99.50
156.602,65.32237,40.97659,1.55846,0.0000,1.0000,0.61090,inf,0.3224,2.9276,0.000,INFEASIBLE: centerline unavailable or goal reached,0,99.50
156.700,65.32237,40.97659,1.55846,0.0000,1.0000,0.61090,inf,0.3224,2.9276,0.000,INFEASIBLE: centerline unavailable or goal reached,0,99.50
156.800,65.32237,40.97659,1.55846,0.0000,1.0000,0.61090,inf,0.3224,2.9276,0.000,INFEASIBLE: centerline unavailable or goal reached,0,99.50
156.900,65.32237,40.97659,1.55846,0.0000,1.0000,0.61090,inf,0.3224,2.9276,0.000,INFEASIBLE: centerline unavailable or goal reached,0,99.50
157.000,65.32237,40.97659,1.55846,0.0000,1.0000,0.61090,inf,0.3224,2.9276,0.000,INFEASIBLE: centerline unavailable or goal reached,0,99.50
157.100,65.32237,40.97659,1.55846,0.0000,1.0000,0.61090,inf,0.3224,2.9276,0.000,INFEASIBLE: centerline unavailable or goal reached,0,99.50
157.200,65.32237,40.97659,1.55846,0.0000,1.0000,0.61090,inf,0.3224,2.9276,0.000,INFEASIBLE: centerline unavailable or goal reached,0,99.50
157.300,65.32237,40.97659,1.55846,0.0000,1.0000,0.61090,inf,0.3224,2.9276,0.000,INFEASIBLE: centerline unavailable or goal reached,0,99.50
157.400,65.32237,40.97659,1.55846,0.0000,1.0000,0.61090,inf,0.3224,2.9276,0.000,INFEASIBLE: centerline unavailable or goal reached,0,99.50
157.500,65.32237,40.97659,1.55846,0.0000,1.0000,0.61090,inf,0.3224,2.9276,0.000,INFEASIBLE: centerline unavailable or goal reached,0,99.50
157.600,65.32237,40.97659,1.55846,0.0000,1.0000,0.61090,inf,0.3224,2.9276,0.000,INFEASIBLE: centerline unavailable or goal reached,0,99.50
157.700,65.32237,40.97659,1.55846,0.0000,1.0000,0.61090,inf,0.3224,2.9276,0.000,INFEASIBLE: centerline unavailable or goal reached,0,99.50
157.800,65.32237,40.97659,1.55846,0.0000,1.0000,0.61090,inf,0.3224,2.9276,0.000,INFEASIBLE: centerline unavailable or goal reached,0,99.50
157.900,65.32237,40.97659,1.55846,0.0000,1.0000,0.61090,inf,0.3224,2.9276,0.000,INFEASIBLE: centerline unavailable or goal reached,0,99.50
158.000,65.32237,40.97659,1.55846,0.0000,1.0000,0.61090,inf,0.3224,2.9276,0.000,INFEASIBLE: centerline unavailable or goal reached,0,99.50
158.100,65.32237,40.97659,1.55846,0.0000,1.0000,0.61090,inf,0.3224,2.9276,0.000,INFEASIBLE: centerline unavailable or goal reached,0,99.50
158.200,65.32237,40.97659,1.55846,0.0000,1.0000,0.61090,inf,0.3224,2.9276,0.000,INFEASIBLE: centerline unavailable or goal reached,0,99.50
158.300,65.32237,40.97659,1.55846,0.0000,1.0000,0.61090,inf,0.3224,2.9276,0.000,INFEASIBLE: centerline unavailable or goal reached,0,99.50
158.400,65.32237,40.97659,1.55846,0.0000,1.0000,0.61090,inf,0.3224,2.9276,0.000,INFEASIBLE: centerline unavailable or goal reached,0,99.50
158.500,65.32237,40.97659,1.55846,0.0000,1.0000,0.61090,inf,0.3224,2.9276,0.000,INFEASIBLE: centerline unavailable or goal reached,0,99.50
158.600,65.32237,40.97659,1.55846,0.0000,1.0000,0.61090,inf,0.3224,2.9276,0.000,INFEASIBLE: centerline unavailable or goal reached,0,99.50
158.700,65.32237,40.97659,1.55846,0.0000,1.0000,0.61090,inf,0.3224,2.9276,0.000,INFEASIBLE: centerline unavailable or goal reached,0,99.50
158.800,65.32237,40.97659,1.55846,0.0000,1.0000,0.61090,inf,0.3224,2.9276,0.000,INFEASIBLE: centerline unavailable or goal reached,0,99.50
158.900,65.32237,40.97659,1.55846,0.0000,1.0000,0.61090,inf,0.3224,2.9276,0.000,INFEASIBLE: centerline unavailable or goal reached,0,99.50
159.000,65.32237,40.97659,1.55846,0.0000,1.0000,0.61090,inf,0.3224,2.9276,0.000,INFEASIBLE: centerline unavailable or goal reached,0,99.50
159.100,65.32237,40.97659,1.55846,0.0000,1.0000,0.61090,inf,0.3224,2.9276,0.000,INFEASIBLE: centerline unavailable or goal reached,0,99.50
159.200,65.32237,40.97659,1.55846,0.0000,1.0000,0.61090,inf,0.3224,2.9276,0.000,INFEASIBLE: centerline unavailable or goal reached,0,99.50
159.300,65.32237,40.97659,1.55846,0.0000,1.0000,0.61090,inf,0.3224,2.9276,0.000,INFEASIBLE: centerline unavailable or goal reached,0,99.50
159.400,65.32237,40.97659,1.55846,0.0000,1.0000,0.61090,inf,0.3224,2.9276,0.000,INFEASIBLE: centerline unavailable or goal reached,0,99.50
159.502,65.32237,40.97659,1.55846,0.0000,1.0000,0.61090,inf,0.3224,2.9276,0.000,INFEASIBLE: centerline unavailable or goal reached,0,99.50
159.600,65.32237,40.97659,1.55846,0.0000,1.0000,0.61090,inf,0.3224,2.9276,0.000,INFEASIBLE: centerline unavailable or goal reached,0,99.50
159.700,65.32237,40.97659,1.55846,0.0000,1.0000,0.61090,inf,0.3224,2.9276,0.000,INFEASIBLE: centerline unavailable or goal reached,0,99.50
159.800,65.32237,40.97659,1.55846,0.0000,1.0000,0.61090,inf,0.3224,2.9276,0.000,INFEASIBLE: centerline unavailable or goal reached,0,99.50
159.900,65.32237,40.97659,1.55846,0.0000,1.0000,0.61090,inf,0.3224,2.9276,0.000,INFEASIBLE: centerline unavailable or goal reached,0,99.50
160.000,65.32237,40.97659,1.55846,0.0000,1.0000,0.61090,inf,0.3224,2.9276,0.000,INFEASIBLE: centerline unavailable or goal reached,0,99.50
160.100,65.32237,40.97659,1.55846,0.0000,1.0000,0.61090,inf,0.3224,2.9276,0.000,INFEASIBLE: centerline unavailable or goal reached,0,99.50
160.200,65.32237,40.97659,1.55846,0.0000,1.0000,0.61090,inf,0.3224,2.9276,0.000,INFEASIBLE: centerline unavailable or goal reached,0,99.50
160.300,65.32237,40.97659,1.55846,0.0001,1.0000,0.61090,inf,0.3224,2.9276,0.000,INFEASIBLE: centerline unavailable or goal reached,0,99.50
160.400,65.32237,40.97659,1.55846,0.0000,1.0000,0.61090,inf,0.3224,2.9276,0.000,INFEASIBLE: centerline unavailable or goal reached,0,99.50
160.500,65.32237,40.97659,1.55846,0.0000,1.0000,0.61090,inf,0.3224,2.9276,0.000,INFEASIBLE: centerline unavailable or goal reached,0,99.50
160.600,65.32237,40.97659,1.55846,0.0000,1.0000,0.61090,inf,0.3224,2.9276,0.000,INFEASIBLE: centerline unavailable or goal reached,0,99.50
160.700,65.32237,40.97659,1.55846,0.0000,1.0000,0.61090,inf,0.3224,2.9276,0.000,INFEASIBLE: centerline unavailable or goal reached,0,99.50
160.800,65.32237,40.97659,1.55846,0.0000,1.0000,0.61090,inf,0.3224,2.9276,0.000,INFEASIBLE: centerline unavailable or goal reached,0,99.50
160.900,65.32237,40.97659,1.55846,0.0000,1.0000,0.61090,inf,0.3224,2.9276,0.000,INFEASIBLE: centerline unavailable or goal reached,0,99.50
161.000,65.32237,40.97659,1.55846,0.0000,1.0000,0.61090,inf,0.3224,2.9276,0.000,INFEASIBLE: centerline unavailable or goal reached,0,99.50
161.100,65.32237,40.97659,1.55846,0.0001,1.0000,0.61090,inf,0.3224,2.9276,0.000,INFEASIBLE: centerline unavailable or goal reached,0,99.50
161.200,65.32237,40.97659,1.55846,0.0000,1.0000,0.61090,inf,0.3224,2.9276,0.000,INFEASIBLE: centerline unavailable or goal reached,0,99.50
161.300,65.32237,40.97659,1.55846,0.0000,1.0000,0.61090,inf,0.3224,2.9276,0.000,INFEASIBLE: centerline unavailable or goal reached,0,99.50
161.400,65.32237,40.97659,1.55846,0.0000,1.0000,0.61090,inf,0.3224,2.9276,0.000,INFEASIBLE: centerline unavailable or goal reached,0,99.50
161.500,65.32237,40.97659,1.55846,0.0000,1.0000,0.61090,inf,0.3224,2.9276,0.000,INFEASIBLE: centerline unavailable or goal reached,0,99.50
161.600,65.32237,40.97659,1.55846,0.0000,1.0000,0.61090,inf,0.3224,2.9276,0.000,INFEASIBLE: centerline unavailable or goal reached,0,99.50
161.700,65.32237,40.97659,1.55846,0.0000,1.0000,0.61090,inf,0.3224,2.9276,0.000,INFEASIBLE: centerline unavailable or goal reached,0,99.50
161.800,65.32237,40.97659,1.55846,0.0000,1.0000,0.61090,inf,0.3224,2.9276,0.000,INFEASIBLE: centerline unavailable or goal reached,0,99.50
161.900,65.32237,40.97659,1.55846,0.0001,1.0000,0.61090,inf,0.3224,2.9276,0.000,INFEASIBLE: centerline unavailable or goal reached,0,99.50
162.000,65.32237,40.97659,1.55846,0.0000,1.0000,0.61090,inf,0.3224,2.9276,0.000,INFEASIBLE: centerline unavailable or goal reached,0,99.50
162.100,65.32237,40.97659,1.55846,0.0000,1.0000,0.61090,inf,0.3224,2.9276,0.000,INFEASIBLE: centerline unavailable or goal reached,0,99.50
162.200,65.32237,40.97659,1.55846,0.0000,1.0000,0.61090,inf,0.3224,2.9276,0.000,INFEASIBLE: centerline unavailable or goal reached,0,99.50
