time_s,x,y,yaw_rad,speed_mps,command_speed_mps,steering_rad,tracking_error_m,center_error_m,minimum_clearance_m,planning_ms,planner_status,collision_count,progress_percent
0.100,-0.00000,-0.00000,-0.00000,0.0000,0.0000,0.00000,inf,0.0000,3.2250,0.000,WAITING,0,0.00
0.200,-0.00226,-0.00008,0.00004,0.1042,0.0000,0.00000,inf,0.0001,3.2249,0.000,WAITING,0,0.00
0.300,-0.00267,-0.00009,0.00005,0.0001,0.0000,0.00000,inf,0.0001,3.2249,0.000,WAITING,0,0.00
0.400,-0.00266,-0.00009,0.00005,0.0002,0.0000,0.00000,inf,0.0001,3.2249,0.000,WAITING,0,0.00
0.500,-0.00263,-0.00009,0.00005,0.0003,0.0000,0.00000,inf,0.0001,3.2249,0.000,WAITING,0,0.00
0.600,-0.00261,-0.00009,0.00005,0.0004,0.0000,0.00000,inf,0.0001,3.2249,0.000,WAITING,0,0.00
0.700,-0.00258,-0.00009,0.00005,0.0004,0.0000,0.00000,inf,0.0001,3.2249,0.000,WAITING,0,0.00
0.800,-0.00254,-0.00009,0.00005,0.0004,0.0000,0.00000,inf,0.0001,3.2249,0.000,WAITING,0,0.00
0.904,-0.00251,-0.00009,0.00005,0.0004,0.0000,0.00000,inf,0.0001,3.2249,0.000,WAITING,0,0.00
1.000,-0.00247,-0.00009,0.00005,0.0004,0.0000,0.00000,inf,0.0001,3.2249,0.000,WAITING,0,0.00
1.104,-0.00243,-0.00009,0.00005,0.0004,0.0000,0.00000,inf,0.0001,3.2249,0.000,WAITING,0,0.00
1.200,-0.00240,-0.00009,0.00005,0.0004,0.0000,0.00000,0.0127,0.0001,3.2249,35.871,FEASIBLE,0,0.00
1.300,-0.00236,-0.00009,0.00005,0.0004,0.0000,0.00000,0.0268,0.0001,3.2249,34.818,FEASIBLE,0,0.00
1.400,-0.00232,-0.00009,0.00005,0.0004,0.0000,0.00000,0.0184,0.0001,3.2249,34.761,FEASIBLE,0,0.00
1.500,-0.00229,-0.00009,0.00005,0.0004,0.0000,0.00000,0.0199,0.0001,3.2249,34.557,FEASIBLE,0,0.00
1.600,-0.00224,-0.00009,0.00005,0.0004,0.0000,0.00000,0.0244,0.0001,3.2249,34.704,FEASIBLE,0,0.00
1.700,-0.00221,-0.00009,0.00005,0.0004,0.0000,0.00000,0.0291,0.0001,3.2249,35.645,FEASIBLE,0,0.00
1.800,-0.00217,-0.00009,0.00005,0.0004,0.0000,0.00000,0.0038,0.0001,3.2249,34.220,FEASIBLE,0,0.00
1.900,-0.00214,-0.00009,0.00005,0.0004,0.0000,0.00000,0.0258,0.0001,3.2249,35.448,FEASIBLE,0,0.00
2.000,-0.00210,-0.00009,0.00005,0.0004,0.0000,0.00000,0.0223,0.0001,3.2249,36.674,FEASIBLE,0,0.00
2.100,-0.00206,-0.00009,0.00005,0.0004,0.0000,0.00000,0.0101,0.0001,3.2249,35.314,FEASIBLE,0,0.00
2.200,-0.00202,-0.00009,0.00005,0.0004,0.0000,0.00000,0.0089,0.0001,3.2249,34.752,FEASIBLE,0,0.00
2.300,-0.00198,-0.00009,0.00005,0.0004,0.0000,0.00000,0.0295,0.0001,3.2249,35.920,FEASIBLE,0,0.00
2.400,-0.00195,-0.00009,0.00005,0.0004,0.0000,0.00000,0.0034,0.0001,3.2249,34.588,FEASIBLE,0,0.00
2.500,-0.00191,-0.00009,0.00005,0.0004,0.0000,0.00000,0.0126,0.0001,3.2249,34.718,FEASIBLE,0,0.00
2.600,-0.00188,-0.00008,0.00005,0.0003,0.0000,0.00000,0.0168,0.0001,3.2249,34.972,FEASIBLE,0,0.00
2.700,-0.00186,-0.00006,0.00005,0.0002,0.0000,0.00000,0.0057,0.0001,3.2249,34.896,FEASIBLE,0,0.00
2.800,-0.00185,-0.00005,0.00005,0.0002,0.0000,0.00000,0.0046,0.0001,3.2249,33.945,FEASIBLE,0,0.00
2.900,-0.00184,-0.00004,0.00005,0.0001,0.0000,0.00000,0.0157,0.0000,3.2250,34.900,FEASIBLE,0,0.00
3.000,-0.00184,-0.00004,0.00005,0.0001,0.0000,0.00000,0.0245,0.0000,3.2250,34.702,FEASIBLE,0,0.00
3.100,-0.00184,-0.00004,0.00005,0.0000,0.0000,0.00000,0.0138,0.0000,3.2250,35.449,FEASIBLE,0,0.00
3.200,-0.00184,-0.00003,0.00005,0.0000,0.0000,0.00000,0.0064,0.0000,3.2250,34.741,FEASIBLE,0,0.00
3.300,-0.00184,-0.00003,0.00005,0.0000,0.0000,0.00000,0.0306,0.0000,3.2250,35.486,FEASIBLE,0,0.00
3.400,-0.00183,-0.00003,0.00005,0.0000,0.0000,0.00000,0.0141,0.0000,3.2250,35.979,FEASIBLE,0,0.00
3.500,-0.00183,-0.00003,0.00005,0.0000,0.0000,0.00000,0.0325,0.0000,3.2250,37.513,FEASIBLE,0,0.00
3.600,-0.00183,-0.00003,0.00005,0.0000,0.0000,0.00000,0.0197,0.0000,3.2250,34.595,FEASIBLE,0,0.00
3.700,-0.00183,-0.00003,0.00005,0.0000,0.0000,0.00000,0.0208,0.0000,3.2250,34.500,FEASIBLE,0,0.00
3.800,-0.00183,-0.00003,0.00005,0.0000,0.0000,0.00000,0.0086,0.0000,3.2250,36.001,FEASIBLE,0,0.00
3.900,-0.00183,-0.00003,0.00005,0.0000,0.0000,0.00000,0.0149,0.0000,3.2250,35.024,FEASIBLE,0,0.00
4.000,-0.00183,-0.00003,0.00005,0.0000,0.0000,0.00000,0.0124,0.0000,3.2250,35.340,FEASIBLE,0,0.00
4.100,-0.00183,-0.00003,0.00005,0.0000,0.0000,0.00000,0.0032,0.0000,3.2250,35.498,FEASIBLE,0,0.00
4.200,-0.00183,-0.00003,0.00005,0.0000,0.0000,0.00000,0.0227,0.0000,3.2250,33.915,FEASIBLE,0,0.00
4.300,-0.00183,-0.00003,0.00005,0.0000,0.0000,0.00000,0.0106,0.0000,3.2250,35.125,FEASIBLE,0,0.00
4.400,-0.00183,-0.00003,0.00005,0.0000,0.0000,0.00000,0.0171,0.0000,3.2250,34.936,FEASIBLE,0,0.00
4.502,-0.00183,-0.00003,0.00005,0.0000,0.0000,0.00000,0.0109,0.0000,3.2250,34.742,FEASIBLE,0,0.00
4.602,-0.00183,-0.00003,0.00005,0.0000,0.0000,0.00000,0.0057,0.0000,3.2250,34.108,FEASIBLE,0,0.00
4.700,-0.00183,-0.00003,0.00005,0.0000,0.0000,0.00000,0.0283,0.0000,3.2250,35.735,FEASIBLE,0,0.00
4.800,-0.00183,-0.00003,0.00005,0.0000,0.0000,0.00000,0.0168,0.0000,3.2250,34.897,FEASIBLE,0,0.00
4.900,-0.00183,-0.00003,0.00005,0.0000,0.0000,0.00000,0.0219,0.0000,3.2250,37.180,FEASIBLE,0,0.00
5.000,-0.00183,-0.00003,0.00005,0.0000,0.0000,0.00000,0.0043,0.0000,3.2250,35.059,FEASIBLE,0,0.00
5.100,-0.00183,-0.00003,0.00005,0.0000,0.0000,0.00000,0.0028,0.0000,3.2250,36.226,FEASIBLE,0,0.00
5.200,-0.00183,-0.00003,0.00005,0.0000,0.0000,0.00000,0.0306,0.0000,3.2250,34.628,FEASIBLE,0,0.00
5.300,-0.00183,-0.00003,0.00005,0.0000,0.0000,0.00000,0.0079,0.0000,3.2250,34.961,FEASIBLE,0,0.00
5.400,-0.00183,-0.00003,0.00005,0.0000,0.0000,0.00000,0.0244,0.0000,3.2250,35.298,FEASIBLE,0,0.00
5.500,-0.00183,-0.00003,0.00005,0.0000,0.0000,0.00000,0.0040,0.0000,3.2250,35.939,FEASIBLE,0,0.00
5.600,-0.00183,-0.00003,0.00005,0.0000,0.0000,0.00000,0.0019,0.0000,3.2250,35.034,FEASIBLE,0,0.00
5.700,-0.00183,-0.00003,0.00005,0.0000,0.0000,0.00000,0.0296,0.0000,3.2250,35.290,FEASIBLE,0,0.00
5.800,-0.00183,-0.00003,0.00005,0.0000,0.0000,0.00000,0.0341,0.0000,3.2250,35.530,FEASIBLE,0,0.00
5.900,-0.00183,-0.00003,0.00005,0.0000,0.0000,0.00000,0.0114,0.0000,3.2250,34.186,FEASIBLE,0,0.00
6.000,-0.00183,-0.00003,0.00005,0.0000,0.0000,0.00000,0.0136,0.0000,3.2250,35.866,FEASIBLE,0,0.00
6.100,-0.00183,-0.00003,0.00005,0.0000,0.0000,0.00000,0.0196,0.0000,3.2250,34.390,FEASIBLE,0,0.00
6.200,-0.00183,-0.00003,0.00005,0.0000,0.0000,0.00000,0.0073,0.0000,3.2250,35.279,FEASIBLE,0,0.00
6.300,-0.00183,-0.00003,0.00005,0.0000,0.0000,0.00000,0.0118,0.0000,3.2250,34.917,FEASIBLE,0,0.00
6.400,-0.00183,-0.00003,0.00005,0.0000,0.0000,0.00000,0.0068,0.0000,3.2250,35.377,FEASIBLE,0,0.00
6.500,-0.00183,-0.00003,0.00005,0.0000,0.0000,0.00000,0.0244,0.0000,3.2250,42.030,FEASIBLE,0,0.00
6.600,-0.00183,-0.00003,0.00005,0.0000,0.0000,0.00000,0.0096,0.0000,3.2250,35.226,FEASIBLE,0,0.00
6.700,-0.00183,-0.00003,0.00005,0.0000,0.0000,0.00000,0.0207,0.0000,3.2250,34.921,FEASIBLE,0,0.00
6.800,-0.00183,-0.00003,0.00005,0.0000,0.0000,0.00000,0.0126,0.0000,3.2250,35.161,FEASIBLE,0,0.00
6.900,-0.00183,-0.00003,0.00005,0.0000,0.0000,0.00000,0.0005,0.0000,3.2250,34.700,FEASIBLE,0,0.00
7.000,-0.00183,-0.00003,0.00005,0.0000,0.0000,0.00000,0.0310,0.0000,3.2250,33.861,FEASIBLE,0,0.00
7.100,-0.00183,-0.00003,0.00005,0.0000,0.0000,0.00000,0.0143,0.0000,3.2250,34.863,FEASIBLE,0,0.00
7.200,-0.00183,-0.00003,0.00005,0.0000,0.0000,0.00000,0.0323,0.0000,3.2250,34.580,FEASIBLE,0,0.00
7.300,-0.00183,-0.00003,0.00005,0.0000,0.0000,0.00000,0.0145,0.0000,3.2250,34.012,FEASIBLE,0,0.00
7.400,-0.00183,-0.00003,0.00005,0.0000,0.0000,0.00000,0.0281,0.0000,3.2250,34.535,FEASIBLE,0,0.00
7.500,-0.00183,-0.00003,0.00005,0.0000,0.0000,0.00000,0.0024,0.0000,3.2250,34.981,FEASIBLE,0,0.00
7.600,-0.00183,-0.00003,0.00005,0.0000,0.0000,0.00000,0.0034,0.0000,3.2250,35.317,FEASIBLE,0,0.00
7.700,-0.00183,-0.00003,0.00005,0.0000,0.0000,0.00000,0.0034,0.0000,3.2250,35.013,FEASIBLE,0,0.00
7.800,-0.00183,-0.00003,0.00005,0.0000,0.0000,0.00000,0.0222,0.0000,3.2250,34.422,FEASIBLE,0,0.00
7.900,-0.00183,-0.00003,0.00005,0.0000,0.0000,0.00000,0.0048,0.0000,3.2250,36.650,FEASIBLE,0,0.00
8.000,-0.00183,-0.00003,0.00005,0.0000,0.0000,0.00000,0.0222,0.0000,3.2250,34.610,FEASIBLE,0,0.00
8.100,-0.00183,-0.00003,0.00005,0.0000,0.0000,0.00000,0.0213,0.0000,3.2250,35.414,FEASIBLE,0,0.00
8.200,-0.00183,-0.00003,0.00005,0.0000,0.0000,0.00000,0.0128,0.0000,3.2250,34.813,FEASIBLE,0,0.00
8.300,-0.00183,-0.00003,0.00005,0.0000,0.0000,0.00000,0.0003,0.0000,3.2250,34.367,FEASIBLE,0,0.00
8.400,-0.00183,-0.00003,0.00005,0.0000,0.0000,0.00000,0.0100,0.0000,3.2250,34.553,FEASIBLE,0,0.00
8.500,-0.00183,-0.00003,0.00005,0.0000,0.0000,0.00000,0.0008,0.0000,3.2250,34.854,FEASIBLE,0,0.00
8.600,-0.00183,-0.00003,0.00005,0.0000,0.0000,0.00000,0.0138,0.0000,3.2250,35.351,FEASIBLE,0,0.00
8.700,-0.00183,-0.00003,0.00005,0.0000,0.0000,0.00000,0.0197,0.0000,3.2250,36.522,FEASIBLE,0,0.00
8.800,-0.00183,-0.00003,0.00005,0.0000,0.0000,0.00000,0.0028,0.0000,3.2250,36.071,FEASIBLE,0,0.00
8.900,-0.00183,-0.00003,0.00005,0.0000,0.0000,0.00000,0.0005,0.0000,3.2250,34.449,FEASIBLE,0,0.00
9.000,-0.00183,-0.00003,0.00005,0.0000,0.0000,0.00000,0.0175,0.0000,3.2250,35.391,FEASIBLE,0,0.00
9.100,-0.00183,-0.00003,0.00005,0.0000,0.0000,0.00000,0.0166,0.0000,3.2250,35.115,FEASIBLE,0,0.00
9.200,-0.00183,-0.00003,0.00005,0.0000,0.0000,0.00000,0.0131,0.0000,3.2250,36.336,FEASIBLE,0,0.00
9.300,-0.00183,-0.00003,0.00005,0.0000,0.0000,0.00000,0.0139,0.0000,3.2250,35.438,FEASIBLE,0,0.00
9.400,-0.00183,-0.00003,0.00005,0.0000,0.0000,0.00000,0.0166,0.0000,3.2250,36.538,FEASIBLE,0,0.00
9.500,-0.00183,-0.00003,0.00005,0.0000,0.0000,0.00000,0.0225,0.0000,3.2250,34.794,FEASIBLE,0,0.00
9.600,-0.00183,-0.00003,0.00005,0.0000,0.0000,0.00000,0.0216,0.0000,3.2250,34.516,FEASIBLE,0,0.00
9.700,-0.00183,-0.00003,0.00005,0.0000,0.0000,0.00000,0.0108,0.0000,3.2250,34.663,FEASIBLE,0,0.00
9.800,-0.00183,-0.00003,0.00005,0.0000,0.0000,0.00000,0.0080,0.0000,3.2250,35.777,FEASIBLE,0,0.00
9.900,-0.00183,-0.00003,0.00005,0.0000,0.0000,0.00000,0.0397,0.0000,3.2250,35.585,FEASIBLE,0,0.00
10.000,-0.00183,-0.00003,0.00005,0.0000,0.0000,0.00000,0.0124,0.0000,3.2250,34.225,FEASIBLE,0,0.00
10.100,-0.00183,-0.00003,0.00005,0.0000,0.0000,0.00000,0.0025,0.0000,3.2250,35.241,FEASIBLE,0,0.00
10.200,-0.00183,-0.00003,0.00005,0.0000,0.0000,0.00000,0.0248,0.0000,3.2250,34.615,FEASIBLE,0,0.00
10.300,-0.00183,-0.00003,0.00005,0.0000,0.0000,0.00000,0.0078,0.0000,3.2250,34.346,FEASIBLE,0,0.00
10.400,-0.00183,-0.00003,0.00005,0.0000,0.0000,0.00000,0.0062,0.0000,3.2250,34.781,FEASIBLE,0,0.00
10.500,-0.00183,-0.00003,0.00005,0.0000,0.0000,0.00000,0.0255,0.0000,3.2250,35.041,FEASIBLE,0,0.00
10.600,-0.00183,-0.00003,0.00005,0.0000,0.0000,0.00000,0.0056,0.0000,3.2250,34.669,FEASIBLE,0,0.00
10.700,-0.00183,-0.00003,0.00005,0.0000,0.0000,0.00000,0.0215,0.0000,3.2250,34.445,FEASIBLE,0,0.00
10.800,-0.00183,-0.00003,0.00005,0.0000,0.0000,0.00000,0.0138,0.0000,3.2250,34.810,FEASIBLE,0,0.00
10.900,-0.00183,-0.00003,0.00005,0.0000,0.0000,0.00000,0.0288,0.0000,3.2250,36.078,FEASIBLE,0,0.00
11.002,-0.00183,-0.00003,0.00005,0.0000,0.0000,0.00000,0.0029,0.0000,3.2250,35.672,FEASIBLE,0,0.00
11.100,-0.00183,-0.00003,0.00005,0.0000,0.0000,0.00000,0.0210,0.0000,3.2250,36.144,FEASIBLE,0,0.00
11.202,-0.00183,-0.00003,0.00005,0.0000,0.0000,0.00000,0.0243,0.0000,3.2250,33.866,FEASIBLE,0,0.00
11.300,-0.00183,-0.00003,0.00005,0.0000,0.0000,0.00000,0.0052,0.0000,3.2250,34.971,FEASIBLE,0,0.00
11.406,-0.00183,-0.00003,0.00005,0.0000,0.0000,0.00000,0.0015,0.0000,3.2250,35.139,FEASIBLE,0,0.00
11.500,-0.00183,-0.00003,0.00005,0.0000,0.0000,0.00000,0.0055,0.0000,3.2250,34.898,FEASIBLE,0,0.00
11.600,-0.00183,-0.00003,0.00005,0.0000,0.0000,0.00000,0.0055,0.0000,3.2250,34.741,FEASIBLE,0,0.00
11.700,-0.00183,-0.00003,0.00005,0.0000,0.0000,0.00000,0.0110,0.0000,3.2250,35.373,FEASIBLE,0,0.00
11.800,-0.00183,-0.00003,0.00005,0.0000,0.0000,0.00000,0.0092,0.0000,3.2250,34.858,FEASIBLE,0,0.00
11.900,-0.00183,-0.00003,0.00005,0.0000,0.0000,0.00000,0.0146,0.0000,3.2250,35.105,FEASIBLE,0,0.00
12.000,-0.00183,-0.00003,0.00005,0.0000,0.0000,0.00000,0.0215,0.0000,3.2250,35.736,FEASIBLE,0,0.00
12.100,-0.00183,-0.00003,0.00005,0.0000,0.0000,0.00000,0.0249,0.0000,3.2250,33.936,FEASIBLE,0,0.00
12.200,-0.00183,-0.00003,0.00005,0.0000,0.0000,0.00000,0.0010,0.0000,3.2250,34.581,FEASIBLE,0,0.00
12.300,-0.00183,-0.00003,0.00005,0.0000,0.0000,0.00000,0.0047,0.0000,3.2250,36.076,FEASIBLE,0,0.00
12.400,-0.00183,-0.00003,0.00005,0.0000,0.0000,0.00000,0.0114,0.0000,3.2250,34.788,FEASIBLE,0,0.00
12.500,-0.00183,-0.00003,0.00005,0.0000,0.0000,0.00000,0.0120,0.0000,3.2250,34.585,FEASIBLE,0,0.00
12.600,-0.00183,-0.00003,0.00005,0.0000,0.0000,0.00000,0.0178,0.0000,3.2250,35.020,FEASIBLE,0,0.00
12.700,-0.00183,-0.00003,0.00005,0.0000,0.0000,0.00000,0.0315,0.0000,3.2250,35.017,FEASIBLE,0,0.00
12.800,-0.00183,-0.00003,0.00005,0.0000,0.0000,0.00000,0.0159,0.0000,3.2250,35.042,FEASIBLE,0,0.00
12.900,-0.00183,-0.00003,0.00005,0.0000,0.0000,0.00000,0.0180,0.0000,3.2250,34.000,FEASIBLE,0,0.00
13.000,-0.00183,-0.00003,0.00005,0.0000,0.0000,0.00000,0.0126,0.0000,3.2250,34.789,FEASIBLE,0,0.00
13.100,-0.00183,-0.00003,0.00005,0.0000,0.0000,0.00000,0.0066,0.0000,3.2250,35.145,FEASIBLE,0,0.00
13.200,-0.00183,-0.00003,0.00005,0.0000,0.0000,0.00000,0.0134,0.0000,3.2250,34.520,FEASIBLE,0,0.00
13.300,-0.00183,-0.00003,0.00005,0.0000,0.0000,0.00000,0.0067,0.0000,3.2250,34.674,FEASIBLE,0,0.00
13.400,-0.00183,-0.00003,0.00005,0.0000,0.0000,0.00000,0.0171,0.0000,3.2250,34.882,FEASIBLE,0,0.00
13.500,-0.00183,-0.00003,0.00005,0.0000,0.0000,0.00000,0.0012,0.0000,3.2250,34.847,FEASIBLE,0,0.00
13.600,-0.00183,-0.00003,0.00005,0.0000,0.0000,0.00000,0.0099,0.0000,3.2250,34.508,FEASIBLE,0,0.00
13.700,-0.00183,-0.00003,0.00005,0.0000,0.0000,0.00000,0.0102,0.0000,3.2250,35.389,FEASIBLE,0,0.00
13.800,-0.00183,-0.00003,0.00005,0.0000,0.0000,0.00000,0.0238,0.0000,3.2250,34.147,FEASIBLE,0,0.00
13.900,-0.00183,-0.00003,0.00005,0.0000,0.0000,0.00000,0.0170,0.0000,3.2250,34.906,FEASIBLE,0,0.00
14.000,-0.00183,-0.00003,0.00005,0.0000,0.0000,0.00000,0.0219,0.0000,3.2250,34.245,FEASIBLE,0,0.00
14.100,-0.00183,-0.00003,0.00005,0.0000,0.0000,0.00000,0.0386,0.0000,3.2250,35.478,FEASIBLE,0,0.00
14.202,-0.00183,-0.00003,0.00005,0.0000,0.0000,0.00000,0.0239,0.0000,3.2250,37.808,FEASIBLE,0,0.00
14.304,-0.00183,-0.00003,0.00005,0.0000,0.0000,0.00000,0.0338,0.0000,3.2250,35.143,FEASIBLE,0,0.00
14.400,-0.00183,-0.00003,0.00005,0.0000,0.0000,0.00000,0.0031,0.0000,3.2250,34.873,FEASIBLE,0,0.00
14.500,-0.00183,-0.00003,0.00005,0.0000,0.0000,0.00000,0.0286,0.0000,3.2250,35.156,FEASIBLE,0,0.00
14.602,-0.00183,-0.00003,0.00005,0.0000,0.0000,0.00000,0.0169,0.0000,3.2250,35.249,FEASIBLE,0,0.00
14.700,-0.00183,-0.00003,0.00005,0.0000,0.0000,0.00000,0.0009,0.0000,3.2250,34.809,FEASIBLE,0,0.00
14.802,-0.00183,-0.00003,0.00005,0.0000,0.0000,0.00000,0.0356,0.0000,3.2250,35.504,FEASIBLE,0,0.00
14.900,-0.00183,-0.00003,0.00005,0.0000,0.0000,0.00000,0.0001,0.0000,3.2250,34.823,FEASIBLE,0,0.00
15.000,-0.00183,-0.00003,0.00005,0.0000,0.0000,0.00000,0.0037,0.0000,3.2250,34.809,FEASIBLE,0,0.00
15.100,-0.00183,-0.00003,0.00005,0.0000,0.0000,0.00000,0.0206,0.0000,3.2250,35.910,FEASIBLE,0,0.00
15.200,-0.00183,-0.00003,0.00005,0.0000,0.0000,0.00000,0.0085,0.0000,3.2250,34.744,FEASIBLE,0,0.00
15.300,-0.00183,-0.00003,0.00005,0.0000,0.0000,0.00000,0.0117,0.0000,3.2250,34.635,FEASIBLE,0,0.00
15.400,-0.00183,-0.00003,0.00005,0.0000,0.0000,0.00000,0.0019,0.0000,3.2250,36.197,FEASIBLE,0,0.00
15.500,-0.00183,-0.00003,0.00005,0.0000,0.0000,0.00000,0.0289,0.0000,3.2250,35.969,FEASIBLE,0,0.00
15.600,-0.00183,-0.00003,0.00005,0.0000,0.0000,0.00000,0.0109,0.0000,3.2250,34.622,FEASIBLE,0,0.00
15.700,-0.00183,-0.00003,0.00005,0.0000,0.0000,0.00000,0.0088,0.0000,3.2250,35.474,FEASIBLE,0,0.00
15.800,-0.00183,-0.00003,0.00005,0.0000,0.0000,0.00000,0.0342,0.0000,3.2250,35.239,FEASIBLE,0,0.00
15.900,-0.00183,-0.00003,0.00005,0.0000,0.0000,0.00000,0.0065,0.0000,3.2250,34.462,FEASIBLE,0,0.00
16.000,-0.00183,-0.00003,0.00005,0.0000,0.0000,0.00000,0.0201,0.0000,3.2250,34.519,FEASIBLE,0,0.00
16.100,-0.00183,-0.00003,0.00005,0.0000,0.0000,0.00000,0.0053,0.0000,3.2250,35.252,FEASIBLE,0,0.00
16.200,-0.00183,-0.00003,0.00005,0.0000,0.0000,0.00000,0.0032,0.0000,3.2250,34.615,FEASIBLE,0,0.00
16.300,-0.00183,-0.00003,0.00005,0.0000,0.0000,0.00000,0.0057,0.0000,3.2250,34.301,FEASIBLE,0,0.00
16.400,-0.00183,-0.00003,0.00005,0.0000,0.0000,0.00000,0.0171,0.0000,3.2250,34.599,FEASIBLE,0,0.00
16.500,-0.00183,-0.00003,0.00005,0.0000,0.0000,0.00000,0.0142,0.0000,3.2250,35.704,FEASIBLE,0,0.00
16.600,-0.00183,-0.00003,0.00005,0.0000,0.0000,0.00000,0.0275,0.0000,3.2250,34.940,FEASIBLE,0,0.00
16.700,-0.00183,-0.00003,0.00005,0.0000,0.0000,0.00000,0.0117,0.0000,3.2250,34.998,FEASIBLE,0,0.00
16.800,-0.00183,-0.00003,0.00005,0.0000,0.0000,0.00000,0.0244,0.0000,3.2250,35.094,FEASIBLE,0,0.00
16.900,-0.00183,-0.00003,0.00005,0.0000,0.0000,0.00000,0.0096,0.0000,3.2250,35.510,FEASIBLE,0,0.00
17.000,-0.00183,-0.00003,0.00005,0.0000,0.0000,0.00000,0.0113,0.0000,3.2250,34.902,FEASIBLE,0,0.00
17.100,-0.00183,-0.00003,0.00005,0.0000,0.0000,0.00000,0.0101,0.0000,3.2250,34.317,FEASIBLE,0,0.00
17.200,-0.00183,-0.00003,0.00005,0.0000,0.0000,0.00000,0.0123,0.0000,3.2250,34.712,FEASIBLE,0,0.00
17.300,-0.00183,-0.00003,0.00005,0.0000,0.0000,0.00000,0.0170,0.0000,3.2250,34.736,FEASIBLE,0,0.00
17.400,-0.00183,-0.00003,0.00005,0.0000,0.0000,0.00000,0.0245,0.0000,3.2250,35.134,FEASIBLE,0,0.00
17.500,-0.00183,-0.00003,0.00005,0.0000,0.0000,0.00000,0.0255,0.0000,3.2250,33.567,FEASIBLE,0,0.00
17.602,-0.00183,-0.00003,0.00005,0.0000,0.0000,0.00000,0.0082,0.0000,3.2250,34.955,FEASIBLE,0,0.00
17.704,-0.00183,-0.00003,0.00005,0.0000,0.0000,0.00000,0.0177,0.0000,3.2250,34.877,FEASIBLE,0,0.00
17.800,-0.00183,-0.00003,0.00005,0.0000,0.0000,0.00000,0.0161,0.0000,3.2250,34.456,FEASIBLE,0,0.00
17.902,-0.00183,-0.00003,0.00005,0.0000,0.0000,0.00000,0.0209,0.0000,3.2250,34.701,FEASIBLE,0,0.00
18.000,-0.00183,-0.00003,0.00005,0.0000,0.0000,0.00000,0.0056,0.0000,3.2250,34.822,FEASIBLE,0,0.00
18.100,-0.00183,-0.00003,0.00005,0.0000,0.0000,0.00000,0.0116,0.0000,3.2250,34.213,FEASIBLE,0,0.00
18.200,-0.00183,-0.00003,0.00005,0.0000,0.0000,0.00000,0.0074,0.0000,3.2250,34.630,FEASIBLE,0,0.00
18.300,-0.00183,-0.00003,0.00005,0.0000,0.0000,0.00000,0.0113,0.0000,3.2250,35.542,FEASIBLE,0,0.00
18.400,-0.00183,-0.00003,0.00005,0.0000,0.0000,0.00000,0.0253,0.0000,3.2250,35.318,FEASIBLE,0,0.00
18.500,-0.00183,-0.00003,0.00005,0.0000,0.0000,0.00000,0.0238,0.0000,3.2250,34.252,FEASIBLE,0,0.00
18.600,-0.00183,-0.00003,0.00005,0.0000,0.0000,0.00000,0.0056,0.0000,3.2250,35.382,FEASIBLE,0,0.00
18.700,-0.00183,-0.00003,0.00005,0.0000,0.0000,0.00000,0.0170,0.0000,3.2250,34.968,FEASIBLE,0,0.00
18.800,-0.00183,-0.00003,0.00005,0.0000,0.0000,0.00000,0.0068,0.0000,3.2250,34.737,FEASIBLE,0,0.00
18.900,-0.00183,-0.00003,0.00005,0.0000,0.0000,0.00000,0.0036,0.0000,3.2250,34.365,FEASIBLE,0,0.00
19.000,-0.00183,-0.00003,0.00005,0.0000,0.0000,0.00000,0.0247,0.0000,3.2250,34.669,FEASIBLE,0,0.00
19.100,-0.00183,-0.00003,0.00005,0.0000,0.0000,0.00000,0.0163,0.0000,3.2250,34.985,FEASIBLE,0,0.00
19.200,-0.00183,-0.00003,0.00005,0.0000,0.0000,0.00000,0.0140,0.0000,3.2250,35.192,FEASIBLE,0,0.00
19.300,-0.00183,-0.00003,0.00005,0.0000,0.0000,0.00000,0.0001,0.0000,3.2250,34.332,FEASIBLE,0,0.00
19.400,-0.00183,-0.00003,0.00005,0.0000,0.0000,0.00000,0.0146,0.0000,3.2250,35.080,FEASIBLE,0,0.00
19.500,-0.00183,-0.00003,0.00005,0.0000,0.0000,0.00000,0.0122,0.0000,3.2250,35.340,FEASIBLE,0,0.00
19.600,-0.00183,-0.00003,0.00005,0.0000,0.0000,0.00000,0.0112,0.0000,3.2250,34.864,FEASIBLE,0,0.00
19.700,-0.00183,-0.00003,0.00005,0.0000,0.0000,0.00000,0.0135,0.0000,3.2250,35.644,FEASIBLE,0,0.00
19.800,-0.00183,-0.00003,0.00005,0.0000,0.0000,0.00000,0.0021,0.0000,3.2250,34.366,FEASIBLE,0,0.00
19.900,-0.00183,-0.00003,0.00005,0.0000,0.0000,0.00000,0.0343,0.0000,3.2250,35.770,FEASIBLE,0,0.00
20.000,-0.00183,-0.00003,0.00005,0.0000,0.0000,0.00000,0.0111,0.0000,3.2250,34.765,FEASIBLE,0,0.00
20.100,-0.00183,-0.00003,0.00005,0.0000,0.0000,0.00000,0.0325,0.0000,3.2250,35.855,FEASIBLE,0,0.00
20.200,-0.00183,-0.00003,0.00005,0.0000,0.0000,0.00000,0.0176,0.0000,3.2250,35.593,FEASIBLE,0,0.00
20.300,-0.00183,-0.00003,0.00005,0.0000,0.0000,0.00000,0.0107,0.0000,3.2250,35.460,FEASIBLE,0,0.00
20.400,-0.00183,-0.00003,0.00005,0.0000,0.0000,0.00000,0.0251,0.0000,3.2250,34.842,FEASIBLE,0,0.00
20.500,-0.00183,-0.00003,0.00005,0.0000,0.0000,0.00000,0.0078,0.0000,3.2250,34.411,FEASIBLE,0,0.00
20.600,-0.00183,-0.00003,0.00005,0.0000,0.0000,0.00000,0.0079,0.0000,3.2250,35.152,FEASIBLE,0,0.00
20.700,-0.00183,-0.00003,0.00005,0.0000,0.0000,0.00000,0.0007,0.0000,3.2250,36.096,FEASIBLE,0,0.00
20.800,-0.00183,-0.00003,0.00005,0.0000,0.0000,0.00000,0.0008,0.0000,3.2250,35.264,FEASIBLE,0,0.00
20.900,-0.00183,-0.00003,0.00005,0.0000,0.0000,0.00000,0.0175,0.0000,3.2250,34.896,FEASIBLE,0,0.00
21.000,-0.00183,-0.00003,0.00005,0.0000,0.0000,0.00000,0.0151,0.0000,3.2250,34.131,FEASIBLE,0,0.00
21.100,-0.00183,-0.00003,0.00005,0.0000,0.0000,0.00000,0.0092,0.0000,3.2250,36.290,FEASIBLE,0,0.00
21.200,-0.00183,-0.00003,0.00005,0.0000,0.0000,0.00000,0.0042,0.0000,3.2250,35.866,FEASIBLE,0,0.00
21.300,-0.00183,-0.00003,0.00005,0.0000,0.0000,0.00000,0.0258,0.0000,3.2250,34.706,FEASIBLE,0,0.00
21.406,-0.00183,-0.00003,0.00005,0.0000,0.0000,0.00000,0.0085,0.0000,3.2250,35.169,FEASIBLE,0,0.00
21.500,-0.00183,-0.00003,0.00005,0.0000,0.0000,0.00000,0.0091,0.0000,3.2250,35.554,FEASIBLE,0,0.00
21.600,-0.00183,-0.00003,0.00005,0.0000,0.0000,0.00000,0.0175,0.0000,3.2250,34.525,FEASIBLE,0,0.00
21.700,-0.00183,-0.00003,0.00005,0.0000,0.0000,0.00000,0.0083,0.0000,3.2250,34.758,FEASIBLE,0,0.00
21.800,-0.00183,-0.00003,0.00005,0.0000,0.0000,0.00000,0.0087,0.0000,3.2250,34.799,FEASIBLE,0,0.00
21.900,-0.00183,-0.00003,0.00005,0.0000,0.0000,0.00000,0.0030,0.0000,3.2250,34.764,FEASIBLE,0,0.00
22.000,-0.00183,-0.00003,0.00005,0.0000,0.0000,0.00000,0.0117,0.0000,3.2250,35.260,FEASIBLE,0,0.00
22.100,-0.00183,-0.00003,0.00005,0.0000,0.0000,0.00000,0.0333,0.0000,3.2250,35.112,FEASIBLE,0,0.00
22.200,-0.00183,-0.00003,0.00005,0.0000,0.0000,0.00000,0.0219,0.0000,3.2250,35.077,FEASIBLE,0,0.00
22.300,-0.00183,-0.00003,0.00005,0.0000,0.0000,0.00000,0.0018,0.0000,3.2250,34.977,FEASIBLE,0,0.00
22.400,-0.00183,-0.00003,0.00005,0.0000,0.0000,0.00000,0.0004,0.0000,3.2250,34.447,FEASIBLE,0,0.00
22.500,-0.00183,-0.00003,0.00005,0.0000,0.0000,0.00000,0.0008,0.0000,3.2250,35.458,FEASIBLE,0,0.00
22.600,-0.00183,-0.00003,0.00005,0.0000,0.0000,0.00000,0.0248,0.0000,3.2250,35.037,FEASIBLE,0,0.00
22.700,-0.00183,-0.00003,0.00005,0.0000,0.0000,0.00000,0.0237,0.0000,3.2250,35.485,FEASIBLE,0,0.00
22.800,-0.00183,-0.00003,0.00005,0.0000,0.0000,0.00000,0.0051,0.0000,3.2250,35.233,FEASIBLE,0,0.00
22.900,-0.00183,-0.00003,0.00005,0.0000,0.0000,0.00000,0.0012,0.0000,3.2250,34.878,FEASIBLE,0,0.00
23.000,-0.00183,-0.00003,0.00005,0.0000,0.0000,0.00000,0.0146,0.0000,3.2250,35.558,FEASIBLE,0,0.00
23.100,-0.00183,-0.00003,0.00005,0.0000,0.0000,0.00000,0.0138,0.0000,3.2250,35.339,FEASIBLE,0,0.00
23.200,-0.00183,-0.00003,0.00005,0.0000,0.0000,0.00000,0.0188,0.0000,3.2250,34.629,FEASIBLE,0,0.00
23.300,-0.00183,-0.00003,0.00005,0.0000,0.0000,0.00000,0.0283,0.0000,3.2250,36.287,FEASIBLE,0,0.00
23.400,-0.00183,-0.00003,0.00005,0.0000,0.0000,0.00000,0.0088,0.0000,3.2250,35.781,FEASIBLE,0,0.00
23.500,-0.00183,-0.00003,0.00005,0.0000,0.0000,0.00000,0.0217,0.0000,3.2250,34.630,FEASIBLE,0,0.00
23.600,-0.00183,-0.00003,0.00005,0.0000,0.0000,0.00000,0.0237,0.0000,3.2250,35.275,FEASIBLE,0,0.00
23.700,-0.00183,-0.00003,0.00005,0.0000,0.0000,0.00000,0.0209,0.0000,3.2250,35.574,FEASIBLE,0,0.00
23.800,-0.00183,-0.00003,0.00005,0.0000,0.0000,0.00000,0.0187,0.0000,3.2250,34.584,FEASIBLE,0,0.00
23.900,-0.00183,-0.00003,0.00005,0.0000,0.0000,0.00000,0.0308,0.0000,3.2250,36.272,FEASIBLE,0,0.00
24.004,-0.00183,-0.00003,0.00005,0.0000,0.0000,0.00000,0.0146,0.0000,3.2250,34.989,FEASIBLE,0,0.00
24.106,-0.00183,-0.00003,0.00005,0.0000,0.0000,0.00000,0.0181,0.0000,3.2250,34.824,FEASIBLE,0,0.00
24.200,-0.00183,-0.00003,0.00005,0.0000,0.0000,0.00000,0.0124,0.0000,3.2250,34.746,FEASIBLE,0,0.00
24.300,-0.00183,-0.00003,0.00005,0.0000,0.0000,0.00000,0.0451,0.0000,3.2250,33.594,FEASIBLE,0,0.00
24.402,-0.00183,-0.00003,0.00005,0.0000,0.0000,0.00000,0.0289,0.0000,3.2250,34.816,FEASIBLE,0,0.00
24.500,-0.00183,-0.00003,0.00005,0.0000,0.0000,0.00000,0.0146,0.0000,3.2250,35.064,FEASIBLE,0,0.00
24.600,-0.00183,-0.00003,0.00005,0.0000,0.0000,0.00000,0.0036,0.0000,3.2250,34.774,FEASIBLE,0,0.00
24.700,-0.00183,-0.00003,0.00005,0.0000,0.0000,0.00000,0.0243,0.0000,3.2250,34.164,FEASIBLE,0,0.00
24.800,-0.00183,-0.00003,0.00005,0.0000,0.0000,0.00000,0.0149,0.0000,3.2250,34.555,FEASIBLE,0,0.00
24.900,-0.00183,-0.00003,0.00005,0.0000,0.0000,0.00000,0.0157,0.0000,3.2250,35.176,FEASIBLE,0,0.00
25.000,-0.00183,-0.00003,0.00005,0.0000,0.0000,0.00000,0.0346,0.0000,3.2250,34.890,FEASIBLE,0,0.00
25.100,-0.00183,-0.00003,0.00005,0.0000,0.0000,0.00000,0.0149,0.0000,3.2250,35.314,FEASIBLE,0,0.00
25.200,-0.00183,-0.00003,0.00005,0.0000,0.0000,0.00000,0.0137,0.0000,3.2250,34.808,FEASIBLE,0,0.00
25.300,-0.00183,-0.00003,0.00005,0.0000,0.0000,0.00000,0.0046,0.0000,3.2250,35.152,FEASIBLE,0,0.00
25.400,-0.00183,-0.00003,0.00005,0.0000,0.0000,0.00000,0.0163,0.0000,3.2250,35.517,FEASIBLE,0,0.00
25.500,-0.00183,-0.00003,0.00005,0.0000,0.0000,0.00000,0.0168,0.0000,3.2250,34.598,FEASIBLE,0,0.00
25.600,-0.00183,-0.00003,0.00005,0.0000,0.0000,0.00000,0.0124,0.0000,3.2250,34.761,FEASIBLE,0,0.00
25.700,-0.00183,-0.00003,0.00005,0.0000,0.0000,0.00000,0.0356,0.0000,3.2250,35.313,FEASIBLE,0,0.00
25.800,-0.00183,-0.00003,0.00005,0.0000,0.0000,0.00000,0.0215,0.0000,3.2250,34.670,FEASIBLE,0,0.00
25.900,-0.00183,-0.00003,0.00005,0.0000,0.0000,0.00000,0.0209,0.0000,3.2250,35.102,FEASIBLE,0,0.00
26.000,-0.00183,-0.00003,0.00005,0.0000,0.0000,0.00000,0.0065,0.0000,3.2250,34.392,FEASIBLE,0,0.00
26.100,-0.00183,-0.00003,0.00005,0.0000,0.0000,0.00000,0.0006,0.0000,3.2250,34.530,FEASIBLE,0,0.00
26.200,-0.00183,-0.00003,0.00005,0.0000,0.0000,0.00000,0.0183,0.0000,3.2250,34.979,FEASIBLE,0,0.00
26.300,-0.00183,-0.00003,0.00005,0.0000,0.0000,0.00000,0.0397,0.0000,3.2250,34.632,FEASIBLE,0,0.00
26.400,-0.00183,-0.00003,0.00005,0.0000,0.0000,0.00000,0.0120,0.0000,3.2250,34.953,FEASIBLE,0,0.00
26.500,-0.00183,-0.00003,0.00005,0.0000,0.0000,0.00000,0.0094,0.0000,3.2250,33.831,FEASIBLE,0,0.00
26.600,-0.00183,-0.00003,0.00005,0.0000,0.0000,0.00000,0.0304,0.0000,3.2250,35.621,FEASIBLE,0,0.00
26.700,-0.00183,-0.00003,0.00005,0.0000,0.0000,0.00000,0.0202,0.0000,3.2250,34.616,FEASIBLE,0,0.00
26.800,-0.00183,-0.00003,0.00005,0.0000,0.0000,0.00000,0.0251,0.0000,3.2250,34.935,FEASIBLE,0,0.00
26.900,-0.00183,-0.00003,0.00005,0.0000,0.0000,0.00000,0.0177,0.0000,3.2250,35.961,FEASIBLE,0,0.00
27.000,-0.00183,-0.00003,0.00005,0.0000,0.0000,0.00000,0.0109,0.0000,3.2250,35.112,FEASIBLE,0,0.00
27.100,-0.00183,-0.00003,0.00005,0.0000,0.0000,0.00000,0.0250,0.0000,3.2250,35.163,FEASIBLE,0,0.00
27.200,-0.00183,-0.00003,0.00005,0.0000,0.0000,0.00000,0.0021,0.0000,3.2250,35.095,FEASIBLE,0,0.00
27.300,-0.00183,-0.00003,0.00005,0.0000,0.0000,0.00000,0.0249,0.0000,3.2250,35.219,FEASIBLE,0,0.00
27.400,-0.00183,-0.00003,0.00005,0.0000,0.0000,0.00000,0.0062,0.0000,3.2250,34.643,FEASIBLE,0,0.00
27.502,-0.00183,-0.00003,0.00005,0.0000,0.0000,0.00000,0.0242,0.0000,3.2250,34.604,FEASIBLE,0,0.00
27.602,-0.00183,-0.00003,0.00005,0.0000,0.0000,0.00000,0.0344,0.0000,3.2250,35.101,FEASIBLE,0,0.00
27.702,-0.00183,-0.00003,0.00005,0.0000,0.0000,0.00000,0.0255,0.0000,3.2250,35.623,FEASIBLE,0,0.00
27.802,-0.00183,-0.00003,0.00005,0.0000,0.0000,0.00000,0.0249,0.0000,3.2250,35.497,FEASIBLE,0,0.00
27.904,-0.00183,-0.00003,0.00005,0.0000,0.0000,0.00000,0.0121,0.0000,3.2250,35.127,FEASIBLE,0,0.00
28.000,-0.00183,-0.00003,0.00005,0.0000,0.0000,0.00000,0.0060,0.0000,3.2250,35.450,FEASIBLE,0,0.00
28.100,-0.00183,-0.00003,0.00005,0.0000,0.0000,0.00000,0.0144,0.0000,3.2250,35.677,FEASIBLE,0,0.00
28.200,-0.00183,-0.00003,0.00005,0.0000,0.0000,0.00000,0.0163,0.0000,3.2250,34.925,FEASIBLE,0,0.00
28.300,-0.00183,-0.00003,0.00005,0.0000,0.0000,0.00000,0.0250,0.0000,3.2250,35.003,FEASIBLE,0,0.00
28.400,-0.00183,-0.00003,0.00005,0.0000,0.0000,0.00000,0.0215,0.0000,3.2250,34.809,FEASIBLE,0,0.00
28.500,-0.00183,-0.00003,0.00005,0.0000,0.0000,0.00000,0.0411,0.0000,3.2250,34.949,FEASIBLE,0,0.00
28.600,-0.00183,-0.00003,0.00005,0.0000,0.0000,0.00000,0.0234,0.0000,3.2250,34.924,FEASIBLE,0,0.00
28.700,-0.00183,-0.00003,0.00005,0.0000,0.0000,0.00000,0.0257,0.0000,3.2250,35.533,FEASIBLE,0,0.00
28.800,-0.00183,-0.00003,0.00005,0.0000,0.0000,0.00000,0.0045,0.0000,3.2250,34.861,FEASIBLE,0,0.00
28.900,-0.00183,-0.00003,0.00005,0.0000,0.0000,0.00000,0.0074,0.0000,3.2250,34.520,FEASIBLE,0,0.00
29.000,-0.00183,-0.00003,0.00005,0.0000,0.0000,0.00000,0.0301,0.0000,3.2250,35.082,FEASIBLE,0,0.00
29.100,-0.00183,-0.00003,0.00005,0.0000,0.0000,0.00000,0.0214,0.0000,3.2250,34.698,FEASIBLE,0,0.00
29.200,-0.00183,-0.00003,0.00005,0.0000,0.0000,0.00000,0.0085,0.0000,3.2250,34.908,FEASIBLE,0,0.00
29.300,-0.00183,-0.00003,0.00005,0.0000,0.0000,0.00000,0.0344,0.0000,3.2250,35.052,FEASIBLE,0,0.00
29.400,-0.00183,-0.00003,0.00005,0.0000,0.0000,0.00000,0.0104,0.0000,3.2250,35.734,FEASIBLE,0,0.00
29.500,-0.00183,-0.00003,0.00005,0.0000,0.0000,0.00000,0.0085,0.0000,3.2250,34.296,FEASIBLE,0,0.00
29.600,-0.00183,-0.00003,0.00005,0.0000,0.0000,0.00000,0.0087,0.0000,3.2250,34.658,FEASIBLE,0,0.00
29.700,-0.00183,-0.00003,0.00005,0.0000,0.0000,0.00000,0.0288,0.0000,3.2250,35.238,FEASIBLE,0,0.00
29.800,-0.00183,-0.00003,0.00005,0.0000,0.0000,0.00000,0.0012,0.0000,3.2250,35.112,FEASIBLE,0,0.00
29.900,-0.00183,-0.00003,0.00005,0.0000,0.0000,0.00000,0.0186,0.0000,3.2250,34.848,FEASIBLE,0,0.00
30.000,-0.00183,-0.00003,0.00005,0.0000,0.0000,0.00000,0.0319,0.0000,3.2250,34.949,FEASIBLE,0,0.00
30.100,-0.00183,-0.00003,0.00005,0.0000,0.0000,0.00000,0.0071,0.0000,3.2250,35.701,FEASIBLE,0,0.00
30.200,-0.00183,-0.00003,0.00005,0.0000,0.0000,0.00000,0.0340,0.0000,3.2250,35.160,FEASIBLE,0,0.00
30.300,-0.00183,-0.00003,0.00005,0.0000,0.0000,0.00000,0.0040,0.0000,3.2250,34.929,FEASIBLE,0,0.00
30.400,-0.00183,-0.00003,0.00005,0.0000,0.0000,0.00000,0.0192,0.0000,3.2250,34.623,FEASIBLE,0,0.00
30.500,-0.00183,-0.00003,0.00005,0.0000,0.0000,0.00000,0.0249,0.0000,3.2250,35.440,FEASIBLE,0,0.00
30.600,-0.00183,-0.00003,0.00005,0.0000,0.0000,0.00000,0.0136,0.0000,3.2250,35.276,FEASIBLE,0,0.00
30.700,-0.00183,-0.00003,0.00005,0.0000,0.0000,0.00000,0.0082,0.0000,3.2250,34.830,FEASIBLE,0,0.00
30.802,-0.00183,-0.00003,0.00005,0.0000,0.0000,0.00000,0.0222,0.0000,3.2250,34.577,FEASIBLE,0,0.00
30.900,-0.00183,-0.00003,0.00005,0.0000,0.0000,0.00000,0.0054,0.0000,3.2250,34.389,FEASIBLE,0,0.00
31.002,-0.00183,-0.00003,0.00005,0.0000,0.0000,0.00000,0.0185,0.0000,3.2250,35.475,FEASIBLE,0,0.00
31.100,-0.00183,-0.00003,0.00005,0.0000,0.0000,0.00000,0.0155,0.0000,3.2250,35.471,FEASIBLE,0,0.00
31.200,-0.00183,-0.00003,0.00005,0.0000,0.0000,0.00000,0.0174,0.0000,3.2250,34.946,FEASIBLE,0,0.00
31.300,-0.00183,-0.00003,0.00005,0.0000,0.0000,0.00000,0.0022,0.0000,3.2250,35.376,FEASIBLE,0,0.00
31.400,-0.00183,-0.00003,0.00005,0.0000,0.0000,0.00000,0.0159,0.0000,3.2250,35.666,FEASIBLE,0,0.00
31.500,-0.00183,-0.00003,0.00005,0.0000,0.0000,0.00000,0.0202,0.0000,3.2250,34.959,FEASIBLE,0,0.00
31.600,-0.00183,-0.00003,0.00005,0.0000,0.0000,0.00000,0.0158,0.0000,3.2250,35.601,FEASIBLE,0,0.00
31.700,-0.00183,-0.00003,0.00005,0.0000,0.0000,0.00000,0.0083,0.0000,3.2250,35.212,FEASIBLE,0,0.00
31.800,-0.00183,-0.00003,0.00005,0.0000,0.0000,0.00000,0.0037,0.0000,3.2250,34.945,FEASIBLE,0,0.00
31.900,-0.00183,-0.00003,0.00005,0.0000,0.0000,0.00000,0.0237,0.0000,3.2250,34.730,FEASIBLE,0,0.00
32.000,-0.00183,-0.00003,0.00005,0.0000,0.0000,0.00000,0.0271,0.0000,3.2250,34.731,FEASIBLE,0,0.00
32.100,-0.00183,-0.00003,0.00005,0.0000,0.0000,0.00000,0.0009,0.0000,3.2250,34.905,FEASIBLE,0,0.00
32.200,-0.00183,-0.00003,0.00005,0.0000,0.0000,0.00000,0.0123,0.0000,3.2250,35.923,FEASIBLE,0,0.00
32.300,-0.00183,-0.00003,0.00005,0.0000,0.0000,0.00000,0.0260,0.0000,3.2250,35.389,FEASIBLE,0,0.00
32.400,-0.00183,-0.00003,0.00005,0.0000,0.0000,0.00000,0.0173,0.0000,3.2250,36.068,FEASIBLE,0,0.00
32.500,-0.00183,-0.00003,0.00005,0.0000,0.0000,0.00000,0.0055,0.0000,3.2250,34.978,FEASIBLE,0,0.00
32.600,-0.00183,-0.00003,0.00005,0.0000,0.0000,0.00000,0.0158,0.0000,3.2250,34.794,FEASIBLE,0,0.00
32.700,-0.00183,-0.00003,0.00005,0.0000,0.0000,0.00000,0.0063,0.0000,3.2250,35.320,FEASIBLE,0,0.00
32.800,-0.00183,-0.00003,0.00005,0.0000,0.0000,0.00000,0.0226,0.0000,3.2250,35.110,FEASIBLE,0,0.00
32.900,-0.00183,-0.00003,0.00005,0.0000,0.0000,0.00000,0.0182,0.0000,3.2250,34.416,FEASIBLE,0,0.00
33.000,-0.00183,-0.00003,0.00005,0.0000,0.0000,0.00000,0.0231,0.0000,3.2250,35.479,FEASIBLE,0,0.00
33.100,-0.00183,-0.00003,0.00005,0.0000,0.0000,0.00000,0.0072,0.0000,3.2250,35.893,FEASIBLE,0,0.00
33.200,-0.00183,-0.00003,0.00005,0.0000,0.0000,0.00000,0.0178,0.0000,3.2250,36.533,FEASIBLE,0,0.00
33.300,-0.00183,-0.00003,0.00005,0.0000,0.0000,0.00000,0.0015,0.0000,3.2250,35.344,FEASIBLE,0,0.00
33.400,-0.00183,-0.00003,0.00005,0.0000,0.0000,0.00000,0.0060,0.0000,3.2250,35.015,FEASIBLE,0,0.00
33.500,-0.00183,-0.00003,0.00005,0.0000,0.0000,0.00000,0.0004,0.0000,3.2250,35.167,FEASIBLE,0,0.00
33.600,-0.00183,-0.00003,0.00005,0.0000,0.0000,0.00000,0.0017,0.0000,3.2250,35.068,FEASIBLE,0,0.00
33.700,-0.00183,-0.00003,0.00005,0.0000,0.0000,0.00000,0.0168,0.0000,3.2250,34.781,FEASIBLE,0,0.00
33.800,-0.00183,-0.00003,0.00005,0.0000,0.0000,0.00000,0.0029,0.0000,3.2250,36.574,FEASIBLE,0,0.00
33.904,-0.00183,-0.00003,0.00005,0.0000,0.0000,0.00000,0.0227,0.0000,3.2250,35.309,FEASIBLE,0,0.00
34.004,-0.00183,-0.00003,0.00005,0.0000,0.0000,0.00000,0.0142,0.0000,3.2250,35.675,FEASIBLE,0,0.00
34.104,-0.00183,-0.00003,0.00005,0.0000,0.0000,0.00000,0.0119,0.0000,3.2250,35.172,FEASIBLE,0,0.00
34.204,-0.00183,-0.00003,0.00005,0.0000,0.0000,0.00000,0.0249,0.0000,3.2250,35.410,FEASIBLE,0,0.00
34.300,-0.00183,-0.00003,0.00005,0.0000,0.0000,0.00000,0.0109,0.0000,3.2250,35.575,FEASIBLE,0,0.00
34.402,-0.00183,-0.00003,0.00005,0.0000,0.0000,0.00000,0.0101,0.0000,3.2250,36.420,FEASIBLE,0,0.00
34.500,-0.00183,-0.00003,0.00005,0.0000,0.0000,0.00000,0.0235,0.0000,3.2250,36.540,FEASIBLE,0,0.00
34.600,-0.00183,-0.00003,0.00005,0.0000,0.0000,0.00000,0.0197,0.0000,3.2250,36.426,FEASIBLE,0,0.00
34.700,-0.00183,-0.00003,0.00005,0.0000,0.0000,0.00000,0.0039,0.0000,3.2250,34.986,FEASIBLE,0,0.00
34.800,-0.00183,-0.00003,0.00005,0.0000,0.0000,0.00000,0.0236,0.0000,3.2250,35.324,FEASIBLE,0,0.00
34.900,-0.00183,-0.00003,0.00005,0.0000,0.0000,0.00000,0.0304,0.0000,3.2250,35.067,FEASIBLE,0,0.00
35.000,-0.00183,-0.00003,0.00005,0.0000,0.0000,0.00000,0.0004,0.0000,3.2250,35.221,FEASIBLE,0,0.00
35.100,-0.00183,-0.00003,0.00005,0.0000,0.0000,0.00000,0.0013,0.0000,3.2250,36.907,FEASIBLE,0,0.00
35.200,-0.00183,-0.00003,0.00005,0.0000,0.0000,0.00000,0.0084,0.0000,3.2250,38.371,FEASIBLE,0,0.00
35.300,-0.00183,-0.00003,0.00005,0.0000,0.0000,0.00000,0.0007,0.0000,3.2250,35.402,FEASIBLE,0,0.00
35.400,-0.00183,-0.00003,0.00005,0.0000,0.0000,0.00000,0.0053,0.0000,3.2250,37.442,FEASIBLE,0,0.00
35.500,-0.00183,-0.00003,0.00005,0.0000,0.0000,0.00000,0.0183,0.0000,3.2250,35.228,FEASIBLE,0,0.00
35.600,-0.00183,-0.00003,0.00005,0.0000,0.0000,0.00000,0.0383,0.0000,3.2250,35.775,FEASIBLE,0,0.00
35.700,-0.00183,-0.00003,0.00005,0.0000,0.0000,0.00000,0.0270,0.0000,3.2250,34.558,FEASIBLE,0,0.00
35.800,-0.00183,-0.00003,0.00005,0.0000,0.0000,0.00000,0.0299,0.0000,3.2250,43.460,FEASIBLE,0,0.00
35.900,-0.00183,-0.00003,0.00005,0.0000,0.0000,0.00000,0.0038,0.0000,3.2250,48.244,FEASIBLE,0,0.00
36.000,-0.00183,-0.00003,0.00005,0.0000,0.0000,0.00000,0.0205,0.0000,3.2250,36.832,FEASIBLE,0,0.00
36.100,-0.00183,-0.00003,0.00005,0.0000,0.0000,0.00000,0.0236,0.0000,3.2250,35.489,FEASIBLE,0,0.00
36.200,-0.00183,-0.00003,0.00005,0.0000,0.0000,0.00000,0.0171,0.0000,3.2250,36.452,FEASIBLE,0,0.00
36.300,-0.00183,-0.00003,0.00005,0.0000,0.0000,0.00000,0.0146,0.0000,3.2250,36.016,FEASIBLE,0,0.00
36.400,-0.00183,-0.00003,0.00005,0.0000,0.0000,0.00000,0.0228,0.0000,3.2250,36.299,FEASIBLE,0,0.00
36.500,-0.00183,-0.00003,0.00005,0.0000,0.0000,0.00000,0.0013,0.0000,3.2250,36.518,FEASIBLE,0,0.00
36.600,-0.00183,-0.00003,0.00005,0.0000,0.0000,0.00000,0.0017,0.0000,3.2250,35.375,FEASIBLE,0,0.00
36.700,-0.00183,-0.00003,0.00005,0.0000,0.0000,0.00000,0.0033,0.0000,3.2250,36.610,FEASIBLE,0,0.00
36.800,-0.00183,-0.00003,0.00005,0.0000,0.0000,0.00000,0.0258,0.0000,3.2250,38.214,FEASIBLE,0,0.00
36.900,-0.00183,-0.00003,0.00005,0.0000,0.0000,0.00000,0.0093,0.0000,3.2250,44.298,FEASIBLE,0,0.00
37.000,-0.00183,-0.00003,0.00005,0.0000,0.0000,0.00000,0.0473,0.0000,3.2250,41.621,FEASIBLE,0,0.00
37.100,-0.00183,-0.00003,0.00005,0.0000,0.0000,0.00000,0.0062,0.0000,3.2250,41.422,FEASIBLE,0,0.00
37.200,-0.00183,-0.00003,0.00005,0.0000,0.0000,0.00000,0.0176,0.0000,3.2250,52.272,FEASIBLE,0,0.00
37.304,-0.00183,-0.00003,0.00005,0.0000,0.0000,0.00000,0.0218,0.0000,3.2250,36.697,FEASIBLE,0,0.00
37.400,-0.00183,-0.00003,0.00005,0.0000,0.0000,0.00000,0.0122,0.0000,3.2250,36.735,FEASIBLE,0,0.00
37.506,-0.00183,-0.00003,0.00005,0.0000,0.0000,0.00000,0.0237,0.0000,3.2250,36.580,FEASIBLE,0,0.00
37.602,-0.00183,-0.00003,0.00005,0.0000,0.0000,0.00000,0.0199,0.0000,3.2250,38.286,FEASIBLE,0,0.00
37.700,-0.00183,-0.00003,0.00005,0.0000,0.0000,0.00000,0.0189,0.0000,3.2250,36.320,FEASIBLE,0,0.00
37.800,-0.00183,-0.00003,0.00005,0.0000,0.0000,0.00000,0.0063,0.0000,3.2250,35.581,FEASIBLE,0,0.00
37.900,-0.00183,-0.00003,0.00005,0.0000,0.0000,0.00000,0.0091,0.0000,3.2250,35.822,FEASIBLE,0,0.00
38.000,-0.00183,-0.00003,0.00005,0.0000,0.0000,0.00000,0.0113,0.0000,3.2250,35.328,FEASIBLE,0,0.00
38.100,-0.00183,-0.00003,0.00005,0.0000,0.0000,0.00000,0.0192,0.0000,3.2250,35.810,FEASIBLE,0,0.00
38.200,-0.00183,-0.00003,0.00005,0.0000,0.0000,0.00000,0.0096,0.0000,3.2250,35.126,FEASIBLE,0,0.00
38.300,-0.00183,-0.00003,0.00005,0.0000,0.0000,0.00000,0.0151,0.0000,3.2250,34.877,FEASIBLE,0,0.00
38.400,-0.00183,-0.00003,0.00005,0.0000,0.0000,0.00000,0.0222,0.0000,3.2250,34.984,FEASIBLE,0,0.00
38.500,-0.00183,-0.00003,0.00005,0.0000,0.0000,0.00000,0.0056,0.0000,3.2250,36.182,FEASIBLE,0,0.00
38.600,-0.00183,-0.00003,0.00005,0.0000,0.0000,0.00000,0.0068,0.0000,3.2250,35.732,FEASIBLE,0,0.00
38.700,-0.00183,-0.00003,0.00005,0.0000,0.0000,0.00000,0.0119,0.0000,3.2250,35.539,FEASIBLE,0,0.00
38.800,-0.00183,-0.00003,0.00005,0.0000,0.0000,0.00000,0.0150,0.0000,3.2250,37.371,FEASIBLE,0,0.00
38.900,-0.00183,-0.00003,0.00005,0.0000,0.0000,0.00000,0.0085,0.0000,3.2250,36.118,FEASIBLE,0,0.00
39.000,-0.00183,-0.00003,0.00005,0.0000,0.0000,0.00000,0.0107,0.0000,3.2250,34.999,FEASIBLE,0,0.00
39.100,-0.00183,-0.00003,0.00005,0.0000,0.0000,0.00000,0.0008,0.0000,3.2250,35.021,FEASIBLE,0,0.00
39.200,-0.00183,-0.00003,0.00005,0.0000,0.0000,0.00000,0.0101,0.0000,3.2250,34.778,FEASIBLE,0,0.00
39.300,-0.00183,-0.00003,0.00005,0.0000,0.0000,0.00000,0.0017,0.0000,3.2250,35.552,FEASIBLE,0,0.00
39.400,-0.00183,-0.00003,0.00005,0.0000,0.0000,0.00000,0.0046,0.0000,3.2250,34.346,FEASIBLE,0,0.00
39.500,-0.00183,-0.00003,0.00005,0.0000,0.0000,0.00000,0.0132,0.0000,3.2250,34.439,FEASIBLE,0,0.00
39.600,-0.00183,-0.00003,0.00005,0.0000,0.0000,0.00000,0.0050,0.0000,3.2250,35.010,FEASIBLE,0,0.00
39.700,-0.00183,-0.00003,0.00005,0.0000,0.0000,0.00000,0.0140,0.0000,3.2250,34.691,FEASIBLE,0,0.00
39.800,-0.00183,-0.00003,0.00005,0.0000,0.0000,0.00000,0.0247,0.0000,3.2250,34.716,FEASIBLE,0,0.00
39.900,-0.00183,-0.00003,0.00005,0.0000,0.0000,0.00000,0.0185,0.0000,3.2250,34.399,FEASIBLE,0,0.00
40.000,-0.00183,-0.00003,0.00005,0.0000,0.0000,0.00000,0.0129,0.0000,3.2250,34.616,FEASIBLE,0,0.00
40.100,-0.00183,-0.00003,0.00005,0.0000,0.0000,0.00000,0.0122,0.0000,3.2250,35.536,FEASIBLE,0,0.00
40.200,-0.00183,-0.00003,0.00005,0.0000,0.0000,0.00000,0.0376,0.0000,3.2250,35.446,FEASIBLE,0,0.00
40.300,-0.00183,-0.00003,0.00005,0.0000,0.0000,0.00000,0.0079,0.0000,3.2250,34.848,FEASIBLE,0,0.00
40.400,-0.00183,-0.00003,0.00005,0.0000,0.0000,0.00000,0.0317,0.0000,3.2250,35.487,FEASIBLE,0,0.00
40.502,-0.00183,-0.00003,0.00005,0.0000,0.0000,0.00000,0.0221,0.0000,3.2250,35.265,FEASIBLE,0,0.00
40.604,-0.00183,-0.00003,0.00005,0.0000,0.0000,0.00000,0.0170,0.0000,3.2250,35.293,FEASIBLE,0,0.00
40.700,-0.00183,-0.00003,0.00005,0.0000,0.0000,0.00000,0.0345,0.0000,3.2250,34.754,FEASIBLE,0,0.00
40.800,-0.00183,-0.00003,0.00005,0.0000,0.0000,0.00000,0.0198,0.0000,3.2250,35.768,FEASIBLE,0,0.00
40.900,-0.00183,-0.00003,0.00005,0.0000,0.0000,0.00000,0.0030,0.0000,3.2250,35.628,FEASIBLE,0,0.00
41.002,-0.00183,-0.00003,0.00005,0.0000,0.0000,0.00000,0.0207,0.0000,3.2250,35.956,FEASIBLE,0,0.00
41.100,-0.00183,-0.00003,0.00005,0.0000,0.0000,0.00000,0.0024,0.0000,3.2250,35.865,FEASIBLE,0,0.00
41.200,-0.00183,-0.00003,0.00005,0.0000,0.0000,0.00000,0.0056,0.0000,3.2250,34.718,FEASIBLE,0,0.00
41.300,-0.00183,-0.00003,0.00005,0.0000,0.0000,0.00000,0.0148,0.0000,3.2250,35.465,FEASIBLE,0,0.00
41.400,-0.00183,-0.00003,0.00005,0.0000,0.0000,0.00000,0.0038,0.0000,3.2250,34.947,FEASIBLE,0,0.00
41.500,-0.00183,-0.00003,0.00005,0.0000,0.0000,0.00000,0.0044,0.0000,3.2250,36.453,FEASIBLE,0,0.00
41.600,-0.00183,-0.00003,0.00005,0.0000,0.0000,0.00000,0.0328,0.0000,3.2250,35.055,FEASIBLE,0,0.00
41.700,-0.00183,-0.00003,0.00005,0.0000,0.0000,0.00000,0.0100,0.0000,3.2250,35.325,FEASIBLE,0,0.00
41.800,-0.00183,-0.00003,0.00005,0.0000,0.0000,0.00000,0.0041,0.0000,3.2250,37.681,FEASIBLE,0,0.00
41.900,-0.00183,-0.00003,0.00005,0.0000,0.0000,0.00000,0.0186,0.0000,3.2250,35.041,FEASIBLE,0,0.00
42.000,-0.00183,-0.00003,0.00005,0.0000,0.0000,0.00000,0.0259,0.0000,3.2250,35.261,FEASIBLE,0,0.00
42.100,-0.00183,-0.00003,0.00005,0.0000,0.0000,0.00000,0.0020,0.0000,3.2250,34.897,FEASIBLE,0,0.00
42.200,-0.00183,-0.00003,0.00005,0.0000,0.0000,0.00000,0.0187,0.0000,3.2250,35.454,FEASIBLE,0,0.00
42.300,-0.00183,-0.00003,0.00005,0.0000,0.0000,0.00000,0.0091,0.0000,3.2250,36.114,FEASIBLE,0,0.00
42.400,-0.00183,-0.00003,0.00005,0.0000,0.0000,0.00000,0.0008,0.0000,3.2250,35.111,FEASIBLE,0,0.00
42.500,-0.00183,-0.00003,0.00005,0.0000,0.0000,0.00000,0.0196,0.0000,3.2250,35.664,FEASIBLE,0,0.00
42.600,-0.00183,-0.00003,0.00005,0.0000,0.0000,0.00000,0.0175,0.0000,3.2250,35.427,FEASIBLE,0,0.00
42.700,-0.00183,-0.00003,0.00005,0.0000,0.0000,0.00000,0.0365,0.0000,3.2250,35.333,FEASIBLE,0,0.00
42.800,-0.00183,-0.00003,0.00005,0.0000,0.0000,0.00000,0.0268,0.0000,3.2250,34.736,FEASIBLE,0,0.00
42.900,-0.00183,-0.00003,0.00005,0.0000,0.0000,0.00000,0.0271,0.0000,3.2250,35.251,FEASIBLE,0,0.00
43.000,-0.00183,-0.00003,0.00005,0.0000,0.0000,0.00000,0.0257,0.0000,3.2250,35.431,FEASIBLE,0,0.00
43.100,-0.00183,-0.00003,0.00005,0.0000,0.0000,0.00000,0.0413,0.0000,3.2250,35.072,FEASIBLE,0,0.00
43.200,-0.00183,-0.00003,0.00005,0.0000,0.0000,0.00000,0.0139,0.0000,3.2250,35.056,FEASIBLE,0,0.00
43.300,-0.00183,-0.00003,0.00005,0.0000,0.0000,0.00000,0.0314,0.0000,3.2250,35.912,FEASIBLE,0,0.00
43.400,-0.00183,-0.00003,0.00005,0.0000,0.0000,0.00000,0.0104,0.0000,3.2250,35.706,FEASIBLE,0,0.00
43.500,-0.00183,-0.00003,0.00005,0.0000,0.0000,0.00000,0.0249,0.0000,3.2250,35.881,FEASIBLE,0,0.00
43.600,-0.00183,-0.00003,0.00005,0.0000,0.0000,0.00000,0.0328,0.0000,3.2250,35.869,FEASIBLE,0,0.00
43.700,-0.00183,-0.00003,0.00005,0.0000,0.0000,0.00000,0.0055,0.0000,3.2250,34.752,FEASIBLE,0,0.00
43.800,-0.00183,-0.00003,0.00005,0.0000,0.0000,0.00000,0.0253,0.0000,3.2250,35.754,FEASIBLE,0,0.00
43.900,-0.00183,-0.00003,0.00005,0.0000,0.0000,0.00000,0.0058,0.0000,3.2250,35.161,FEASIBLE,0,0.00
44.000,-0.00183,-0.00003,0.00005,0.0000,0.0000,0.00000,0.0056,0.0000,3.2250,35.204,FEASIBLE,0,0.00
44.104,-0.00183,-0.00003,0.00005,0.0000,0.0000,0.00000,0.0065,0.0000,3.2250,36.436,FEASIBLE,0,0.00
44.202,-0.00183,-0.00003,0.00005,0.0000,0.0000,0.00000,0.0074,0.0000,3.2250,34.950,FEASIBLE,0,0.00
44.302,-0.00183,-0.00003,0.00005,0.0000,0.0000,0.00000,0.0182,0.0000,3.2250,35.567,FEASIBLE,0,0.00
44.400,-0.00183,-0.00003,0.00005,0.0000,0.0000,0.00000,0.0008,0.0000,3.2250,34.875,FEASIBLE,0,0.00
44.500,-0.00183,-0.00003,0.00005,0.0000,0.0000,0.00000,0.0159,0.0000,3.2250,35.857,FEASIBLE,0,0.00
44.600,-0.00183,-0.00003,0.00005,0.0000,0.0000,0.00000,0.0148,0.0000,3.2250,35.373,FEASIBLE,0,0.00
44.700,-0.00183,-0.00003,0.00005,0.0000,0.0000,0.00000,0.0018,0.0000,3.2250,35.284,FEASIBLE,0,0.00
44.800,-0.00183,-0.00003,0.00005,0.0000,0.0000,0.00000,0.0048,0.0000,3.2250,35.441,FEASIBLE,0,0.00
44.900,-0.00183,-0.00003,0.00005,0.0000,0.0000,0.00000,0.0038,0.0000,3.2250,35.497,FEASIBLE,0,0.00
45.000,-0.00183,-0.00003,0.00005,0.0000,0.0000,0.00000,0.0179,0.0000,3.2250,34.973,FEASIBLE,0,0.00
45.100,-0.00183,-0.00003,0.00005,0.0000,0.0000,0.00000,0.0085,0.0000,3.2250,35.007,FEASIBLE,0,0.00
45.200,-0.00183,-0.00003,0.00005,0.0000,0.0000,0.00000,0.0305,0.0000,3.2250,35.363,FEASIBLE,0,0.00
45.300,-0.00183,-0.00003,0.00005,0.0000,0.0000,0.00000,0.0193,0.0000,3.2250,34.815,FEASIBLE,0,0.00
45.400,-0.00183,-0.00003,0.00005,0.0000,0.0000,0.00000,0.0082,0.0000,3.2250,35.707,FEASIBLE,0,0.00
45.500,-0.00183,-0.00003,0.00005,0.0000,0.0000,0.00000,0.0079,0.0000,3.2250,33.910,FEASIBLE,0,0.00
45.600,-0.00183,-0.00003,0.00005,0.0000,0.0000,0.00000,0.0168,0.0000,3.2250,35.178,FEASIBLE,0,0.00
45.700,-0.00183,-0.00003,0.00005,0.0000,0.0000,0.00000,0.0100,0.0000,3.2250,36.224,FEASIBLE,0,0.00
45.800,-0.00183,-0.00003,0.00005,0.0000,0.0000,0.00000,0.0066,0.0000,3.2250,35.208,FEASIBLE,0,0.00
45.900,-0.00183,-0.00003,0.00005,0.0000,0.0000,0.00000,0.0153,0.0000,3.2250,35.548,FEASIBLE,0,0.00
46.000,-0.00183,-0.00003,0.00005,0.0000,0.0000,0.00000,0.0130,0.0000,3.2250,34.610,FEASIBLE,0,0.00
46.100,-0.00183,-0.00003,0.00005,0.0000,0.0000,0.00000,0.0106,0.0000,3.2250,35.721,FEASIBLE,0,0.00
46.200,-0.00183,-0.00003,0.00005,0.0000,0.0000,0.00000,0.0181,0.0000,3.2250,36.077,FEASIBLE,0,0.00
46.300,-0.00183,-0.00003,0.00005,0.0000,0.0000,0.00000,0.0059,0.0000,3.2250,34.372,FEASIBLE,0,0.00
46.400,-0.00183,-0.00003,0.00005,0.0000,0.0000,0.00000,0.0338,0.0000,3.2250,35.167,FEASIBLE,0,0.00
46.500,-0.00183,-0.00003,0.00005,0.0000,0.0000,0.00000,0.0031,0.0000,3.2250,34.425,FEASIBLE,0,0.00
46.600,-0.00183,-0.00003,0.00005,0.0000,0.0000,0.00000,0.0346,0.0000,3.2250,36.473,FEASIBLE,0,0.00
46.700,-0.00183,-0.00003,0.00005,0.0000,0.0000,0.00000,0.0236,0.0000,3.2250,36.026,FEASIBLE,0,0.00
46.800,-0.00183,-0.00003,0.00005,0.0000,0.0000,0.00000,0.0026,0.0000,3.2250,34.678,FEASIBLE,0,0.00
46.900,-0.00183,-0.00003,0.00005,0.0000,0.0000,0.00000,0.0023,0.0000,3.2250,35.483,FEASIBLE,0,0.00
47.000,-0.00183,-0.00003,0.00005,0.0000,0.0000,0.00000,0.0050,0.0000,3.2250,35.628,FEASIBLE,0,0.00
47.100,-0.00183,-0.00003,0.00005,0.0000,0.0000,0.00000,0.0254,0.0000,3.2250,35.953,FEASIBLE,0,0.00
47.200,-0.00183,-0.00003,0.00005,0.0000,0.0000,0.00000,0.0358,0.0000,3.2250,35.101,FEASIBLE,0,0.00
47.300,-0.00183,-0.00003,0.00005,0.0000,0.0000,0.00000,0.0080,0.0000,3.2250,35.227,FEASIBLE,0,0.00
47.404,-0.00183,-0.00003,0.00005,0.0000,0.0000,0.00000,0.0198,0.0000,3.2250,36.294,FEASIBLE,0,0.00
47.500,-0.00183,-0.00003,0.00005,0.0000,0.0000,0.00000,0.0035,0.0000,3.2250,34.039,FEASIBLE,0,0.00
47.600,-0.00183,-0.00003,0.00005,0.0000,0.0000,0.00000,0.0014,0.0000,3.2250,34.053,FEASIBLE,0,0.00
47.700,-0.00183,-0.00003,0.00005,0.0000,0.0000,0.00000,0.0205,0.0000,3.2250,34.978,FEASIBLE,0,0.00
47.802,-0.00183,-0.00003,0.00005,0.0000,0.0000,0.00000,0.0290,0.0000,3.2250,34.384,FEASIBLE,0,0.00
47.900,-0.00183,-0.00003,0.00005,0.0000,0.0000,0.00000,0.0336,0.0000,3.2250,34.059,FEASIBLE,0,0.00
48.000,-0.00183,-0.00003,0.00005,0.0000,0.0000,0.00000,0.0346,0.0000,3.2250,34.567,FEASIBLE,0,0.00
48.100,-0.00183,-0.00003,0.00005,0.0000,0.0000,0.00000,0.0063,0.0000,3.2250,36.011,FEASIBLE,0,0.00
48.200,-0.00183,-0.00003,0.00005,0.0000,0.0000,0.00000,0.0234,0.0000,3.2250,34.601,FEASIBLE,0,0.00
48.300,-0.00183,-0.00003,0.00005,0.0000,0.0000,0.00000,0.0096,0.0000,3.2250,34.973,FEASIBLE,0,0.00
48.400,-0.00183,-0.00003,0.00005,0.0000,0.0000,0.00000,0.0113,0.0000,3.2250,34.864,FEASIBLE,0,0.00
48.500,-0.00183,-0.00003,0.00005,0.0000,0.0000,0.00000,0.0314,0.0000,3.2250,36.557,FEASIBLE,0,0.00
48.600,-0.00183,-0.00003,0.00005,0.0000,0.0000,0.00000,0.0098,0.0000,3.2250,35.360,FEASIBLE,0,0.00
48.700,-0.00183,-0.00003,0.00005,0.0000,0.0000,0.00000,0.0064,0.0000,3.2250,35.217,FEASIBLE,0,0.00
48.800,-0.00183,-0.00003,0.00005,0.0000,0.0000,0.00000,0.0214,0.0000,3.2250,34.783,FEASIBLE,0,0.00
48.900,-0.00183,-0.00003,0.00005,0.0000,0.0000,0.00000,0.0241,0.0000,3.2250,36.299,FEASIBLE,0,0.00
49.000,-0.00183,-0.00003,0.00005,0.0000,0.0000,0.00000,0.0212,0.0000,3.2250,35.902,FEASIBLE,0,0.00
49.100,-0.00183,-0.00003,0.00005,0.0000,0.0000,0.00000,0.0260,0.0000,3.2250,35.398,FEASIBLE,0,0.00
49.200,-0.00183,-0.00003,0.00005,0.0000,0.0000,0.00000,0.0148,0.0000,3.2250,35.399,FEASIBLE,0,0.00
49.300,-0.00183,-0.00003,0.00005,0.0000,0.0000,0.00000,0.0190,0.0000,3.2250,35.193,FEASIBLE,0,0.00
49.400,-0.00183,-0.00003,0.00005,0.0000,0.0000,0.00000,0.0085,0.0000,3.2250,35.040,FEASIBLE,0,0.00
49.500,-0.00183,-0.00003,0.00005,0.0000,0.0000,0.00000,0.0150,0.0000,3.2250,34.847,FEASIBLE,0,0.00
49.600,-0.00183,-0.00003,0.00005,0.0000,0.0000,0.00000,0.0195,0.0000,3.2250,34.734,FEASIBLE,0,0.00
49.700,-0.00183,-0.00003,0.00005,0.0000,0.0000,0.00000,0.0437,0.0000,3.2250,34.147,FEASIBLE,0,0.00
49.800,-0.00183,-0.00003,0.00005,0.0000,0.0000,0.00000,0.0069,0.0000,3.2250,38.315,FEASIBLE,0,0.00
49.900,-0.00183,-0.00003,0.00005,0.0000,0.0000,0.00000,0.0334,0.0000,3.2250,38.539,FEASIBLE,0,0.00
50.000,-0.00183,-0.00003,0.00005,0.0000,0.0000,0.00000,0.0133,0.0000,3.2250,35.232,FEASIBLE,0,0.00
50.100,-0.00183,-0.00003,0.00005,0.0000,0.0000,0.00000,0.0239,0.0000,3.2250,35.403,FEASIBLE,0,0.00
50.200,-0.00183,-0.00003,0.00005,0.0000,0.0000,0.00000,0.0476,0.0000,3.2250,34.978,FEASIBLE,0,0.00
50.300,-0.00183,-0.00003,0.00005,0.0000,0.0000,0.00000,0.0172,0.0000,3.2250,35.486,FEASIBLE,0,0.00
50.400,-0.00183,-0.00003,0.00005,0.0000,0.0000,0.00000,0.0231,0.0000,3.2250,36.087,FEASIBLE,0,0.00
50.500,-0.00183,-0.00003,0.00005,0.0000,0.0000,0.00000,0.0030,0.0000,3.2250,36.132,FEASIBLE,0,0.00
50.602,-0.00183,-0.00003,0.00005,0.0000,0.0000,0.00000,0.0263,0.0000,3.2250,34.579,FEASIBLE,0,0.00
50.700,-0.00183,-0.00003,0.00005,0.0000,0.0000,0.00000,0.0067,0.0000,3.2250,34.319,FEASIBLE,0,0.00
50.800,-0.00183,-0.00003,0.00005,0.0000,0.0000,0.00000,0.0060,0.0000,3.2250,35.719,FEASIBLE,0,0.00
50.900,-0.00183,-0.00003,0.00005,0.0000,0.0000,0.00000,0.0119,0.0000,3.2250,35.216,FEASIBLE,0,0.00
51.000,-0.00183,-0.00003,0.00005,0.0000,0.0000,0.00000,0.0109,0.0000,3.2250,35.849,FEASIBLE,0,0.00
51.100,-0.00183,-0.00003,0.00005,0.0000,0.0000,0.00000,0.0107,0.0000,3.2250,35.274,FEASIBLE,0,0.00
51.202,-0.00183,-0.00003,0.00005,0.0000,0.0000,0.00000,0.0165,0.0000,3.2250,34.823,FEASIBLE,0,0.00
51.300,-0.00183,-0.00003,0.00005,0.0000,0.0000,0.00000,0.0154,0.0000,3.2250,37.919,FEASIBLE,0,0.00
51.400,-0.00183,-0.00003,0.00005,0.0000,0.0000,0.00000,0.0110,0.0000,3.2250,36.051,FEASIBLE,0,0.00
51.500,-0.00183,-0.00003,0.00005,0.0000,0.0000,0.00000,0.0107,0.0000,3.2250,34.576,FEASIBLE,0,0.00
51.600,-0.00183,-0.00003,0.00005,0.0000,0.0000,0.00000,0.0107,0.0000,3.2250,34.967,FEASIBLE,0,0.00
51.700,-0.00183,-0.00003,0.00005,0.0000,0.0000,0.00000,0.0304,0.0000,3.2250,37.104,FEASIBLE,0,0.00
51.800,-0.00183,-0.00003,0.00005,0.0000,0.0000,0.00000,0.0100,0.0000,3.2250,34.915,FEASIBLE,0,0.00
51.900,-0.00183,-0.00003,0.00005,0.0000,0.0000,0.00000,0.0162,0.0000,3.2250,34.173,FEASIBLE,0,0.00
52.000,-0.00183,-0.00003,0.00005,0.0000,0.0000,0.00000,0.0057,0.0000,3.2250,35.924,FEASIBLE,0,0.00
52.100,-0.00183,-0.00003,0.00005,0.0000,0.0000,0.00000,0.0256,0.0000,3.2250,35.545,FEASIBLE,0,0.00
52.200,-0.00183,-0.00003,0.00005,0.0000,0.0000,0.00000,0.0245,0.0000,3.2250,34.592,FEASIBLE,0,0.00
52.300,-0.00183,-0.00003,0.00005,0.0000,0.0000,0.00000,0.0142,0.0000,3.2250,35.289,FEASIBLE,0,0.00
52.400,-0.00183,-0.00003,0.00005,0.0000,0.0000,0.00000,0.0204,0.0000,3.2250,36.208,FEASIBLE,0,0.00
52.500,-0.00183,-0.00003,0.00005,0.0000,0.0000,0.00000,0.0159,0.0000,3.2250,35.908,FEASIBLE,0,0.00
52.600,-0.00183,-0.00003,0.00005,0.0000,0.0000,0.00000,0.0090,0.0000,3.2250,35.332,FEASIBLE,0,0.00
52.700,-0.00183,-0.00003,0.00005,0.0000,0.0000,0.00000,0.0224,0.0000,3.2250,36.507,FEASIBLE,0,0.00
52.800,-0.00183,-0.00003,0.00005,0.0000,0.0000,0.00000,0.0151,0.0000,3.2250,35.427,FEASIBLE,0,0.00
52.900,-0.00183,-0.00003,0.00005,0.0000,0.0000,0.00000,0.0141,0.0000,3.2250,35.302,FEASIBLE,0,0.00
53.000,-0.00183,-0.00003,0.00005,0.0000,0.0000,0.00000,0.0194,0.0000,3.2250,35.516,FEASIBLE,0,0.00
53.100,-0.00183,-0.00003,0.00005,0.0000,0.0000,0.00000,0.0101,0.0000,3.2250,35.227,FEASIBLE,0,0.00
53.200,-0.00183,-0.00003,0.00005,0.0000,0.0000,0.00000,0.0207,0.0000,3.2250,34.879,FEASIBLE,0,0.00
53.300,-0.00183,-0.00003,0.00005,0.0000,0.0000,0.00000,0.0295,0.0000,3.2250,35.052,FEASIBLE,0,0.00
53.400,-0.00183,-0.00003,0.00005,0.0000,0.0000,0.00000,0.0039,0.0000,3.2250,34.642,FEASIBLE,0,0.00
53.500,-0.00183,-0.00003,0.00005,0.0000,0.0000,0.00000,0.0367,0.0000,3.2250,35.620,FEASIBLE,0,0.00
53.600,-0.00183,-0.00003,0.00005,0.0000,0.0000,0.00000,0.0045,0.0000,3.2250,35.419,FEASIBLE,0,0.00
53.700,-0.00183,-0.00003,0.00005,0.0000,0.0000,0.00000,0.0211,0.0000,3.2250,35.397,FEASIBLE,0,0.00
53.800,-0.00183,-0.00003,0.00005,0.0000,0.0000,0.00000,0.0031,0.0000,3.2250,36.081,FEASIBLE,0,0.00
53.902,-0.00183,-0.00003,0.00005,0.0000,0.0000,0.00000,0.0172,0.0000,3.2250,35.758,FEASIBLE,0,0.00
54.000,-0.00183,-0.00003,0.00005,0.0000,0.0000,0.00000,0.0083,0.0000,3.2250,35.245,FEASIBLE,0,0.00
54.100,-0.00183,-0.00003,0.00005,0.0000,0.0000,0.00000,0.0017,0.0000,3.2250,36.132,FEASIBLE,0,0.00
54.200,-0.00183,-0.00003,0.00005,0.0000,0.0000,0.00000,0.0145,0.0000,3.2250,36.759,FEASIBLE,0,0.00
54.300,-0.00183,-0.00003,0.00005,0.0000,0.0000,0.00000,0.0165,0.0000,3.2250,35.270,FEASIBLE,0,0.00
54.400,-0.00183,-0.00003,0.00005,0.0000,0.0000,0.00000,0.0277,0.0000,3.2250,35.073,FEASIBLE,0,0.00
54.500,-0.00183,-0.00003,0.00005,0.0000,0.0000,0.00000,0.0069,0.0000,3.2250,35.727,FEASIBLE,0,0.00
54.600,-0.00183,-0.00003,0.00005,0.0000,0.0000,0.00000,0.0360,0.0000,3.2250,35.096,FEASIBLE,0,0.00
54.700,-0.00183,-0.00003,0.00005,0.0000,0.0000,0.00000,0.0307,0.0000,3.2250,35.645,FEASIBLE,0,0.00
54.800,-0.00183,-0.00003,0.00005,0.0000,0.0000,0.00000,0.0048,0.0000,3.2250,35.236,FEASIBLE,0,0.00
54.900,-0.00183,-0.00003,0.00005,0.0000,0.0000,0.00000,0.0163,0.0000,3.2250,34.983,FEASIBLE,0,0.00
55.000,-0.00183,-0.00003,0.00005,0.0000,0.0000,0.00000,0.0213,0.0000,3.2250,35.832,FEASIBLE,0,0.00
55.100,-0.00183,-0.00003,0.00005,0.0000,0.0000,0.00000,0.0053,0.0000,3.2250,35.199,FEASIBLE,0,0.00
55.200,-0.00183,-0.00003,0.00005,0.0000,0.0000,0.00000,0.0257,0.0000,3.2250,34.668,FEASIBLE,0,0.00
55.300,-0.00183,-0.00003,0.00005,0.0000,0.0000,0.00000,0.0340,0.0000,3.2250,35.576,FEASIBLE,0,0.00
55.400,-0.00183,-0.00003,0.00005,0.0000,0.0000,0.00000,0.0080,0.0000,3.2250,36.278,FEASIBLE,0,0.00
55.500,-0.00183,-0.00003,0.00005,0.0000,0.0000,0.00000,0.0305,0.0000,3.2250,35.022,FEASIBLE,0,0.00
55.600,-0.00183,-0.00003,0.00005,0.0000,0.0000,0.00000,0.0074,0.0000,3.2250,35.018,FEASIBLE,0,0.00
55.700,-0.00183,-0.00003,0.00005,0.0000,0.0000,0.00000,0.0216,0.0000,3.2250,34.611,FEASIBLE,0,0.00
55.800,-0.00183,-0.00003,0.00005,0.0000,0.0000,0.00000,0.0211,0.0000,3.2250,35.621,FEASIBLE,0,0.00
55.900,-0.00183,-0.00003,0.00005,0.0000,0.0000,0.00000,0.0156,0.0000,3.2250,35.767,FEASIBLE,0,0.00
56.000,-0.00183,-0.00003,0.00005,0.0000,0.0000,0.00000,0.0061,0.0000,3.2250,35.603,FEASIBLE,0,0.00
56.100,-0.00183,-0.00003,0.00005,0.0000,0.0000,0.00000,0.0000,0.0000,3.2250,36.121,FEASIBLE,0,0.00
56.200,-0.00183,-0.00003,0.00005,0.0000,0.0000,0.00000,0.0071,0.0000,3.2250,36.226,FEASIBLE,0,0.00
56.300,-0.00183,-0.00003,0.00005,0.0000,0.0000,0.00000,0.0029,0.0000,3.2250,36.463,FEASIBLE,0,0.00
56.400,-0.00183,-0.00003,0.00005,0.0000,0.0000,0.00000,0.0154,0.0000,3.2250,35.805,FEASIBLE,0,0.00
56.500,-0.00183,-0.00003,0.00005,0.0000,0.0000,0.00000,0.0120,0.0000,3.2250,35.866,FEASIBLE,0,0.00
56.600,-0.00183,-0.00003,0.00005,0.0000,0.0000,0.00000,0.0261,0.0000,3.2250,35.574,FEASIBLE,0,0.00
56.700,-0.00183,-0.00003,0.00005,0.0000,0.0000,0.00000,0.0202,0.0000,3.2250,35.702,FEASIBLE,0,0.00
56.800,-0.00183,-0.00003,0.00005,0.0000,0.0000,0.00000,0.0138,0.0000,3.2250,35.230,FEASIBLE,0,0.00
56.900,-0.00183,-0.00003,0.00005,0.0000,0.0000,0.00000,0.0107,0.0000,3.2250,35.208,FEASIBLE,0,0.00
57.000,-0.00183,-0.00003,0.00005,0.0000,0.0000,0.00000,0.0065,0.0000,3.2250,36.910,FEASIBLE,0,0.00
57.104,-0.00183,-0.00003,0.00005,0.0000,0.0000,0.00000,0.0006,0.0000,3.2250,35.793,FEASIBLE,0,0.00
57.204,-0.00183,-0.00003,0.00005,0.0000,0.0000,0.00000,0.0257,0.0000,3.2250,35.691,FEASIBLE,0,0.00
57.304,-0.00183,-0.00003,0.00005,0.0000,0.0000,0.00000,0.0289,0.0000,3.2250,34.692,FEASIBLE,0,0.00
57.400,-0.00183,-0.00003,0.00005,0.0000,0.0000,0.00000,0.0191,0.0000,3.2250,36.031,FEASIBLE,0,0.00
57.500,-0.00183,-0.00003,0.00005,0.0000,0.0000,0.00000,0.0009,0.0000,3.2250,36.269,FEASIBLE,0,0.00
57.600,-0.00183,-0.00003,0.00005,0.0000,0.0000,0.00000,0.0099,0.0000,3.2250,35.339,FEASIBLE,0,0.00
57.700,-0.00183,-0.00003,0.00005,0.0000,0.0000,0.00000,0.0032,0.0000,3.2250,35.437,FEASIBLE,0,0.00
57.800,-0.00183,-0.00003,0.00005,0.0000,0.0000,0.00000,0.0087,0.0000,3.2250,35.447,FEASIBLE,0,0.00
57.900,-0.00183,-0.00003,0.00005,0.0000,0.0000,0.00000,0.0172,0.0000,3.2250,35.505,FEASIBLE,0,0.00
58.000,-0.00183,-0.00003,0.00005,0.0000,0.0000,0.00000,0.0003,0.0000,3.2250,35.889,FEASIBLE,0,0.00
58.100,-0.00183,-0.00003,0.00005,0.0000,0.0000,0.00000,0.0105,0.0000,3.2250,35.393,FEASIBLE,0,0.00
58.200,-0.00183,-0.00003,0.00005,0.0000,0.0000,0.00000,0.0051,0.0000,3.2250,34.613,FEASIBLE,0,0.00
58.300,-0.00183,-0.00003,0.00005,0.0000,0.0000,0.00000,0.0096,0.0000,3.2250,35.598,FEASIBLE,0,0.00
58.400,-0.00183,-0.00003,0.00005,0.0000,0.0000,0.00000,0.0122,0.0000,3.2250,35.772,FEASIBLE,0,0.00
58.500,-0.00183,-0.00003,0.00005,0.0000,0.0000,0.00000,0.0350,0.0000,3.2250,37.696,FEASIBLE,0,0.00
58.600,-0.00183,-0.00003,0.00005,0.0000,0.0000,0.00000,0.0156,0.0000,3.2250,35.446,FEASIBLE,0,0.00
58.700,-0.00183,-0.00003,0.00005,0.0000,0.0000,0.00000,0.0047,0.0000,3.2250,36.118,FEASIBLE,0,0.00
58.800,-0.00183,-0.00003,0.00005,0.0000,0.0000,0.00000,0.0137,0.0000,3.2250,35.288,FEASIBLE,0,0.00
58.900,-0.00183,-0.00003,0.00005,0.0000,0.0000,0.00000,0.0146,0.0000,3.2250,35.748,FEASIBLE,0,0.00
59.000,-0.00183,-0.00003,0.00005,0.0000,0.0000,0.00000,0.0124,0.0000,3.2250,34.773,FEASIBLE,0,0.00
59.100,-0.00183,-0.00003,0.00005,0.0000,0.0000,0.00000,0.0129,0.0000,3.2250,35.389,FEASIBLE,0,0.00
59.200,-0.00183,-0.00003,0.00005,0.0000,0.0000,0.00000,0.0280,0.0000,3.2250,35.911,FEASIBLE,0,0.00
59.300,-0.00183,-0.00003,0.00005,0.0000,0.0000,0.00000,0.0097,0.0000,3.2250,35.727,FEASIBLE,0,0.00
59.400,-0.00183,-0.00003,0.00005,0.0000,0.0000,0.00000,0.0100,0.0000,3.2250,36.011,FEASIBLE,0,0.00
59.500,-0.00183,-0.00003,0.00005,0.0000,0.0000,0.00000,0.0333,0.0000,3.2250,35.693,FEASIBLE,0,0.00
59.600,-0.00183,-0.00003,0.00005,0.0000,0.0000,0.00000,0.0059,0.0000,3.2250,36.599,FEASIBLE,0,0.00
59.700,-0.00183,-0.00003,0.00005,0.0000,0.0000,0.00000,0.0142,0.0000,3.2250,38.698,FEASIBLE,0,0.00
59.800,-0.00183,-0.00003,0.00005,0.0000,0.0000,0.00000,0.0294,0.0000,3.2250,37.332,FEASIBLE,0,0.00
59.900,-0.00183,-0.00003,0.00005,0.0000,0.0000,0.00000,0.0165,0.0000,3.2250,45.251,FEASIBLE,0,0.00
60.000,-0.00183,-0.00003,0.00005,0.0000,0.0000,0.00000,0.0113,0.0000,3.2250,34.914,FEASIBLE,0,0.00
60.100,-0.00183,-0.00003,0.00005,0.0000,0.0000,0.00000,0.0067,0.0000,3.2250,36.339,FEASIBLE,0,0.00
60.200,-0.00183,-0.00003,0.00005,0.0000,0.0000,0.00000,0.0068,0.0000,3.2250,35.895,FEASIBLE,0,0.00
60.300,-0.00183,-0.00003,0.00005,0.0000,0.0000,0.00000,0.0305,0.0000,3.2250,35.532,FEASIBLE,0,0.00
60.400,-0.00183,-0.00003,0.00005,0.0000,0.0000,0.00000,0.0004,0.0000,3.2250,35.147,FEASIBLE,0,0.00
60.500,-0.00183,-0.00003,0.00005,0.0000,0.0000,0.00000,0.0074,0.0000,3.2250,42.813,FEASIBLE,0,0.00
60.600,-0.00183,-0.00003,0.00005,0.0000,0.0000,0.00000,0.0391,0.0000,3.2250,50.954,FEASIBLE,0,0.00
60.702,-0.00183,-0.00003,0.00005,0.0000,0.0000,0.00000,0.0235,0.0000,3.2250,37.858,FEASIBLE,0,0.00
60.800,-0.00183,-0.00003,0.00005,0.0000,0.0000,0.00000,0.0203,0.0000,3.2250,36.553,FEASIBLE,0,0.00
60.900,-0.00183,-0.00003,0.00005,0.0000,0.0000,0.00000,0.0267,0.0000,3.2250,34.946,FEASIBLE,0,0.00
61.000,-0.00183,-0.00003,0.00005,0.0000,0.0000,0.00000,0.0288,0.0000,3.2250,35.205,FEASIBLE,0,0.00
61.100,-0.00183,-0.00003,0.00005,0.0000,0.0000,0.00000,0.0286,0.0000,3.2250,35.078,FEASIBLE,0,0.00
61.200,-0.00183,-0.00003,0.00005,0.0000,0.0000,0.00000,0.0154,0.0000,3.2250,35.898,FEASIBLE,0,0.00
61.300,-0.00183,-0.00003,0.00005,0.0000,0.0000,0.00000,0.0097,0.0000,3.2250,35.348,FEASIBLE,0,0.00
61.400,-0.00183,-0.00003,0.00005,0.0000,0.0000,0.00000,0.0097,0.0000,3.2250,34.905,FEASIBLE,0,0.00
61.500,-0.00183,-0.00003,0.00005,0.0000,0.0000,0.00000,0.0207,0.0000,3.2250,35.851,FEASIBLE,0,0.00
61.600,-0.00183,-0.00003,0.00005,0.0000,0.0000,0.00000,0.0173,0.0000,3.2250,36.626,FEASIBLE,0,0.00
61.700,-0.00183,-0.00003,0.00005,0.0000,0.0000,0.00000,0.0155,0.0000,3.2250,35.246,FEASIBLE,0,0.00
61.800,-0.00183,-0.00003,0.00005,0.0000,0.0000,0.00000,0.0167,0.0000,3.2250,35.683,FEASIBLE,0,0.00
61.900,-0.00183,-0.00003,0.00005,0.0000,0.0000,0.00000,0.0144,0.0000,3.2250,36.594,FEASIBLE,0,0.00
62.000,-0.00183,-0.00003,0.00005,0.0000,0.0000,0.00000,0.0066,0.0000,3.2250,36.018,FEASIBLE,0,0.00
62.100,-0.00183,-0.00003,0.00005,0.0000,0.0000,0.00000,0.0136,0.0000,3.2250,35.768,FEASIBLE,0,0.00
62.200,-0.00183,-0.00003,0.00005,0.0000,0.0000,0.00000,0.0024,0.0000,3.2250,35.266,FEASIBLE,0,0.00
62.300,-0.00183,-0.00003,0.00005,0.0000,0.0000,0.00000,0.0295,0.0000,3.2250,34.862,FEASIBLE,0,0.00
62.400,-0.00183,-0.00003,0.00005,0.0000,0.0000,0.00000,0.0091,0.0000,3.2250,35.415,FEASIBLE,0,0.00
62.500,-0.00183,-0.00003,0.00005,0.0000,0.0000,0.00000,0.0177,0.0000,3.2250,35.360,FEASIBLE,0,0.00
62.600,-0.00183,-0.00003,0.00005,0.0000,0.0000,0.00000,0.0021,0.0000,3.2250,35.833,FEASIBLE,0,0.00
62.700,-0.00183,-0.00003,0.00005,0.0000,0.0000,0.00000,0.0134,0.0000,3.2250,36.281,FEASIBLE,0,0.00
62.800,-0.00183,-0.00003,0.00005,0.0000,0.0000,0.00000,0.0229,0.0000,3.2250,35.060,FEASIBLE,0,0.00
62.900,-0.00183,-0.00003,0.00005,0.0000,0.0000,0.00000,0.0157,0.0000,3.2250,35.091,FEASIBLE,0,0.00
63.000,-0.00183,-0.00003,0.00005,0.0000,0.0000,0.00000,0.0187,0.0000,3.2250,36.420,FEASIBLE,0,0.00
63.100,-0.00183,-0.00003,0.00005,0.0000,0.0000,0.00000,0.0023,0.0000,3.2250,36.552,FEASIBLE,0,0.00
63.200,-0.00183,-0.00003,0.00005,0.0000,0.0000,0.00000,0.0064,0.0000,3.2250,36.650,FEASIBLE,0,0.00
63.300,-0.00183,-0.00003,0.00005,0.0000,0.0000,0.00000,0.0201,0.0000,3.2250,35.212,FEASIBLE,0,0.00
63.400,-0.00183,-0.00003,0.00005,0.0000,0.0000,0.00000,0.0213,0.0000,3.2250,35.254,FEASIBLE,0,0.00
63.500,-0.00183,-0.00003,0.00005,0.0000,0.0000,0.00000,0.0242,0.0000,3.2250,34.976,FEASIBLE,0,0.00
63.600,-0.00183,-0.00003,0.00005,0.0000,0.0000,0.00000,0.0100,0.0000,3.2250,35.247,FEASIBLE,0,0.00
63.700,-0.00183,-0.00003,0.00005,0.0000,0.0000,0.00000,0.0191,0.0000,3.2250,35.893,FEASIBLE,0,0.00
63.804,-0.00183,-0.00003,0.00005,0.0000,0.0000,0.00000,0.0026,0.0000,3.2250,36.270,FEASIBLE,0,0.00
63.904,-0.00183,-0.00003,0.00005,0.0000,0.0000,0.00000,0.0227,0.0000,3.2250,39.612,FEASIBLE,0,0.00
64.002,-0.00183,-0.00003,0.00005,0.0000,0.0000,0.00000,0.0109,0.0000,3.2250,38.961,FEASIBLE,0,0.00
64.100,-0.00183,-0.00003,0.00005,0.0000,0.0000,0.00000,0.0041,0.0000,3.2250,38.209,FEASIBLE,0,0.00
64.200,-0.00183,-0.00003,0.00005,0.0000,0.0000,0.00000,0.0050,0.0000,3.2250,35.167,FEASIBLE,0,0.00
64.300,-0.00183,-0.00003,0.00005,0.0000,0.0000,0.00000,0.0214,0.0000,3.2250,34.830,FEASIBLE,0,0.00
64.400,-0.00183,-0.00003,0.00005,0.0000,0.0000,0.00000,0.0054,0.0000,3.2250,35.869,FEASIBLE,0,0.00
64.500,-0.00183,-0.00003,0.00005,0.0000,0.0000,0.00000,0.0040,0.0000,3.2250,35.536,FEASIBLE,0,0.00
64.600,-0.00183,-0.00003,0.00005,0.0000,0.0000,0.00000,0.0131,0.0000,3.2250,36.222,FEASIBLE,0,0.00
64.700,-0.00183,-0.00003,0.00005,0.0000,0.0000,0.00000,0.0119,0.0000,3.2250,38.476,FEASIBLE,0,0.00
64.800,-0.00183,-0.00003,0.00005,0.0000,0.0000,0.00000,0.0177,0.0000,3.2250,54.661,FEASIBLE,0,0.00
64.904,-0.00183,-0.00003,0.00005,0.0000,0.0000,0.00000,0.0180,0.0000,3.2250,47.999,FEASIBLE,0,0.00
65.000,-0.00183,-0.00003,0.00005,0.0000,0.0000,0.00000,0.0288,0.0000,3.2250,53.800,FEASIBLE,0,0.00
65.100,-0.00183,-0.00003,0.00005,0.0000,0.0000,0.00000,0.0186,0.0000,3.2250,43.431,FEASIBLE,0,0.00
65.202,-0.00183,-0.00003,0.00005,0.0000,0.0000,0.00000,0.0175,0.0000,3.2250,44.790,FEASIBLE,0,0.00
65.300,-0.00183,-0.00003,0.00005,0.0000,0.0000,0.00000,0.0303,0.0000,3.2250,46.097,FEASIBLE,0,0.00
65.400,-0.00183,-0.00003,0.00005,0.0000,0.0000,0.00000,0.0197,0.0000,3.2250,41.140,FEASIBLE,0,0.00
65.500,-0.00183,-0.00003,0.00005,0.0000,0.0000,0.00000,0.0161,0.0000,3.2250,39.589,FEASIBLE,0,0.00
65.600,-0.00183,-0.00003,0.00005,0.0000,0.0000,0.00000,0.0074,0.0000,3.2250,36.720,FEASIBLE,0,0.00
65.700,-0.00183,-0.00003,0.00005,0.0000,0.0000,0.00000,0.0173,0.0000,3.2250,37.105,FEASIBLE,0,0.00
65.800,-0.00183,-0.00003,0.00005,0.0000,0.0000,0.00000,0.0066,0.0000,3.2250,36.411,FEASIBLE,0,0.00
65.900,-0.00183,-0.00003,0.00005,0.0000,0.0000,0.00000,0.0095,0.0000,3.2250,38.198,FEASIBLE,0,0.00
66.000,-0.00183,-0.00003,0.00005,0.0000,0.0000,0.00000,0.0312,0.0000,3.2250,40.294,FEASIBLE,0,0.00
66.100,-0.00183,-0.00003,0.00005,0.0000,0.0000,0.00000,0.0220,0.0000,3.2250,38.727,FEASIBLE,0,0.00
66.200,-0.00183,-0.00003,0.00005,0.0000,0.0000,0.00000,0.0220,0.0000,3.2250,36.999,FEASIBLE,0,0.00
66.300,-0.00183,-0.00003,0.00005,0.0000,0.0000,0.00000,0.0065,0.0000,3.2250,37.532,FEASIBLE,0,0.00
66.400,-0.00183,-0.00003,0.00005,0.0000,0.0000,0.00000,0.0106,0.0000,3.2250,36.008,FEASIBLE,0,0.00
66.500,-0.00183,-0.00003,0.00005,0.0000,0.0000,0.00000,0.0125,0.0000,3.2250,36.985,FEASIBLE,0,0.00
66.600,-0.00183,-0.00003,0.00005,0.0000,0.0000,0.00000,0.0147,0.0000,3.2250,35.116,FEASIBLE,0,0.00
66.700,-0.00183,-0.00003,0.00005,0.0000,0.0000,0.00000,0.0209,0.0000,3.2250,34.838,FEASIBLE,0,0.00
66.800,-0.00183,-0.00003,0.00005,0.0000,0.0000,0.00000,0.0031,0.0000,3.2250,35.292,FEASIBLE,0,0.00
66.900,-0.00183,-0.00003,0.00005,0.0000,0.0000,0.00000,0.0201,0.0000,3.2250,37.619,FEASIBLE,0,0.00
67.004,-0.00183,-0.00003,0.00005,0.0000,0.0000,0.00000,0.0064,0.0000,3.2250,36.067,FEASIBLE,0,0.00
67.100,-0.00183,-0.00003,0.00005,0.0000,0.0000,0.00000,0.0257,0.0000,3.2250,35.746,FEASIBLE,0,0.00
67.200,-0.00183,-0.00003,0.00005,0.0000,0.0000,0.00000,0.0352,0.0000,3.2250,36.427,FEASIBLE,0,0.00
67.302,-0.00183,-0.00003,0.00005,0.0000,0.0000,0.00000,0.0467,0.0000,3.2250,35.672,FEASIBLE,0,0.00
67.400,-0.00183,-0.00003,0.00005,0.0000,0.0000,0.00000,0.0028,0.0000,3.2250,36.359,FEASIBLE,0,0.00
67.500,-0.00183,-0.00003,0.00005,0.0000,0.0000,0.00000,0.0127,0.0000,3.2250,35.320,FEASIBLE,0,0.00
67.600,-0.00183,-0.00003,0.00005,0.0000,0.0000,0.00000,0.0297,0.0000,3.2250,35.250,FEASIBLE,0,0.00
67.700,-0.00183,-0.00003,0.00005,0.0000,0.0000,0.00000,0.0308,0.0000,3.2250,36.108,FEASIBLE,0,0.00
67.800,-0.00183,-0.00003,0.00005,0.0000,0.0000,0.00000,0.0208,0.0000,3.2250,36.051,FEASIBLE,0,0.00
67.900,-0.00183,-0.00003,0.00005,0.0000,0.0000,0.00000,0.0096,0.0000,3.2250,37.244,FEASIBLE,0,0.00
68.000,-0.00183,-0.00003,0.00005,0.0000,0.0000,0.00000,0.0122,0.0000,3.2250,37.002,FEASIBLE,0,0.00
68.100,-0.00183,-0.00003,0.00005,0.0000,0.0000,0.00000,0.0196,0.0000,3.2250,35.181,FEASIBLE,0,0.00
68.200,-0.00183,-0.00003,0.00005,0.0000,0.0000,0.00000,0.0189,0.0000,3.2250,35.905,FEASIBLE,0,0.00
68.300,-0.00183,-0.00003,0.00005,0.0000,0.0000,0.00000,0.0079,0.0000,3.2250,36.474,FEASIBLE,0,0.00
68.400,-0.00183,-0.00003,0.00005,0.0000,0.0000,0.00000,0.0361,0.0000,3.2250,35.648,FEASIBLE,0,0.00
68.500,-0.00183,-0.00003,0.00005,0.0000,0.0000,0.00000,0.0143,0.0000,3.2250,36.272,FEASIBLE,0,0.00
68.600,-0.00183,-0.00003,0.00005,0.0000,0.0000,0.00000,0.0011,0.0000,3.2250,35.025,FEASIBLE,0,0.00
68.700,-0.00183,-0.00003,0.00005,0.0000,0.0000,0.00000,0.0319,0.0000,3.2250,35.090,FEASIBLE,0,0.00
68.800,-0.00183,-0.00003,0.00005,0.0000,0.0000,0.00000,0.0021,0.0000,3.2250,35.006,FEASIBLE,0,0.00
68.900,-0.00183,-0.00003,0.00005,0.0000,0.0000,0.00000,0.0312,0.0000,3.2250,35.763,FEASIBLE,0,0.00
69.000,-0.00183,-0.00003,0.00005,0.0000,0.0000,0.00000,0.0312,0.0000,3.2250,36.219,FEASIBLE,0,0.00
69.100,-0.00183,-0.00003,0.00005,0.0000,0.0000,0.00000,0.0285,0.0000,3.2250,35.966,FEASIBLE,0,0.00
69.200,-0.00183,-0.00003,0.00005,0.0000,0.0000,0.00000,0.0091,0.0000,3.2250,36.154,FEASIBLE,0,0.00
69.300,-0.00183,-0.00003,0.00005,0.0000,0.0000,0.00000,0.0233,0.0000,3.2250,34.910,FEASIBLE,0,0.00
69.400,-0.00183,-0.00003,0.00005,0.0000,0.0000,0.00000,0.0271,0.0000,3.2250,36.294,FEASIBLE,0,0.00
69.500,-0.00183,-0.00003,0.00005,0.0000,0.0000,0.00000,0.0090,0.0000,3.2250,35.682,FEASIBLE,0,0.00
69.600,-0.00183,-0.00003,0.00005,0.0000,0.0000,0.00000,0.0170,0.0000,3.2250,35.897,FEASIBLE,0,0.00
69.700,-0.00183,-0.00003,0.00005,0.0000,0.0000,0.00000,0.0041,0.0000,3.2250,34.829,FEASIBLE,0,0.00
69.800,-0.00183,-0.00003,0.00005,0.0000,0.0000,0.00000,0.0214,0.0000,3.2250,34.924,FEASIBLE,0,0.00
69.900,-0.00183,-0.00003,0.00005,0.0000,0.0000,0.00000,0.0007,0.0000,3.2250,35.989,FEASIBLE,0,0.00
70.000,-0.00183,-0.00003,0.00005,0.0000,0.0000,0.00000,0.0090,0.0000,3.2250,35.188,FEASIBLE,0,0.00
70.100,-0.00183,-0.00003,0.00005,0.0000,0.0000,0.00000,0.0402,0.0000,3.2250,35.057,FEASIBLE,0,0.00
70.200,-0.00183,-0.00003,0.00005,0.0000,0.0000,0.00000,0.0070,0.0000,3.2250,37.529,FEASIBLE,0,0.00
70.300,-0.00183,-0.00003,0.00005,0.0000,0.0000,0.00000,0.0196,0.0000,3.2250,34.976,FEASIBLE,0,0.00
70.400,-0.00183,-0.00003,0.00005,0.0000,0.0000,0.00000,0.0210,0.0000,3.2250,36.621,FEASIBLE,0,0.00
70.504,-0.00183,-0.00003,0.00005,0.0000,0.0000,0.00000,0.0049,0.0000,3.2250,34.845,FEASIBLE,0,0.00
70.600,-0.00183,-0.00003,0.00005,0.0000,0.0000,0.00000,0.0064,0.0000,3.2250,35.878,FEASIBLE,0,0.00
70.700,-0.00183,-0.00003,0.00005,0.0000,0.0000,0.00000,0.0135,0.0000,3.2250,35.222,FEASIBLE,0,0.00
70.800,-0.00183,-0.00003,0.00005,0.0000,0.0000,0.00000,0.0116,0.0000,3.2250,44.402,FEASIBLE,0,0.00
70.900,-0.00183,-0.00003,0.00005,0.0000,0.0000,0.00000,0.0187,0.0000,3.2250,37.595,FEASIBLE,0,0.00
71.000,-0.00183,-0.00003,0.00005,0.0000,0.0000,0.00000,0.0077,0.0000,3.2250,37.270,FEASIBLE,0,0.00
71.100,-0.00183,-0.00003,0.00005,0.0000,0.0000,0.00000,0.0093,0.0000,3.2250,36.394,FEASIBLE,0,0.00
71.200,-0.00183,-0.00003,0.00005,0.0000,0.0000,0.00000,0.0071,0.0000,3.2250,36.298,FEASIBLE,0,0.00
71.300,-0.00183,-0.00003,0.00005,0.0000,0.0000,0.00000,0.0185,0.0000,3.2250,35.765,FEASIBLE,0,0.00
71.400,-0.00183,-0.00003,0.00005,0.0000,0.0000,0.00000,0.0029,0.0000,3.2250,35.074,FEASIBLE,0,0.00
71.500,-0.00183,-0.00003,0.00005,0.0000,0.0000,0.00000,0.0027,0.0000,3.2250,36.620,FEASIBLE,0,0.00
71.600,-0.00183,-0.00003,0.00005,0.0000,0.0000,0.00000,0.0137,0.0000,3.2250,38.310,FEASIBLE,0,0.00
71.700,-0.00183,-0.00003,0.00005,0.0000,0.0000,0.00000,0.0176,0.0000,3.2250,36.220,FEASIBLE,0,0.00
71.800,-0.00183,-0.00003,0.00005,0.0000,0.0000,0.00000,0.0090,0.0000,3.2250,36.432,FEASIBLE,0,0.00
71.900,-0.00183,-0.00003,0.00005,0.0000,0.0000,0.00000,0.0251,0.0000,3.2250,36.935,FEASIBLE,0,0.00
72.000,-0.00183,-0.00003,0.00005,0.0000,0.0000,0.00000,0.0006,0.0000,3.2250,35.168,FEASIBLE,0,0.00
72.100,-0.00183,-0.00003,0.00005,0.0000,0.0000,0.00000,0.0055,0.0000,3.2250,36.888,FEASIBLE,0,0.00
72.200,-0.00183,-0.00003,0.00005,0.0000,0.0000,0.00000,0.0029,0.0000,3.2250,35.589,FEASIBLE,0,0.00
72.300,-0.00183,-0.00003,0.00005,0.0000,0.0000,0.00000,0.0300,0.0000,3.2250,35.017,FEASIBLE,0,0.00
72.400,-0.00183,-0.00003,0.00005,0.0000,0.0000,0.00000,0.0131,0.0000,3.2250,35.609,FEASIBLE,0,0.00
72.500,-0.00183,-0.00003,0.00005,0.0000,0.0000,0.00000,0.0081,0.0000,3.2250,35.310,FEASIBLE,0,0.00
72.600,-0.00183,-0.00003,0.00005,0.0000,0.0000,0.00000,0.0276,0.0000,3.2250,35.571,FEASIBLE,0,0.00
72.700,-0.00183,-0.00003,0.00005,0.0000,0.0000,0.00000,0.0111,0.0000,3.2250,35.662,FEASIBLE,0,0.00
72.800,-0.00183,-0.00003,0.00005,0.0000,0.0000,0.00000,0.0144,0.0000,3.2250,36.083,FEASIBLE,0,0.00
72.900,-0.00183,-0.00003,0.00005,0.0000,0.0000,0.00000,0.0337,0.0000,3.2250,35.570,FEASIBLE,0,0.00
73.000,-0.00183,-0.00003,0.00005,0.0000,0.0000,0.00000,0.0065,0.0000,3.2250,44.141,FEASIBLE,0,0.00
73.100,-0.00183,-0.00003,0.00005,0.0000,0.0000,0.00000,0.0116,0.0000,3.2250,36.797,FEASIBLE,0,0.00
73.200,-0.00183,-0.00003,0.00005,0.0000,0.0000,0.00000,0.0109,0.0000,3.2250,36.478,FEASIBLE,0,0.00
73.300,-0.00183,-0.00003,0.00005,0.0000,0.0000,0.00000,0.0252,0.0000,3.2250,35.884,FEASIBLE,0,0.00
73.400,-0.00183,-0.00003,0.00005,0.0000,0.0000,0.00000,0.0133,0.0000,3.2250,36.381,FEASIBLE,0,0.00
73.500,-0.00183,-0.00003,0.00005,0.0000,0.0000,0.00000,0.0130,0.0000,3.2250,35.522,FEASIBLE,0,0.00
73.600,-0.00183,-0.00003,0.00005,0.0000,0.0000,0.00000,0.0060,0.0000,3.2250,35.033,FEASIBLE,0,0.00
73.702,-0.00183,-0.00003,0.00005,0.0000,0.0000,0.00000,0.0143,0.0000,3.2250,36.787,FEASIBLE,0,0.00
73.804,-0.00183,-0.00003,0.00005,0.0000,0.0000,0.00000,0.0141,0.0000,3.2250,35.223,FEASIBLE,0,0.00
73.900,-0.00183,-0.00003,0.00005,0.0000,0.0000,0.00000,0.0159,0.0000,3.2250,34.915,FEASIBLE,0,0.00
74.002,-0.00183,-0.00003,0.00005,0.0000,0.0000,0.00000,0.0101,0.0000,3.2250,36.234,FEASIBLE,0,0.00
74.100,-0.00183,-0.00003,0.00005,0.0000,0.0000,0.00000,0.0106,0.0000,3.2250,35.156,FEASIBLE,0,0.00
74.200,-0.00183,-0.00003,0.00005,0.0000,0.0000,0.00000,0.0262,0.0000,3.2250,35.948,FEASIBLE,0,0.00
74.300,-0.00183,-0.00003,0.00005,0.0000,0.0000,0.00000,0.0244,0.0000,3.2250,35.881,FEASIBLE,0,0.00
74.400,-0.00183,-0.00003,0.00005,0.0000,0.0000,0.00000,0.0149,0.0000,3.2250,36.695,FEASIBLE,0,0.00
74.500,-0.00183,-0.00003,0.00005,0.0000,0.0000,0.00000,0.0032,0.0000,3.2250,35.353,FEASIBLE,0,0.00
74.600,-0.00183,-0.00003,0.00005,0.0000,0.0000,0.00000,0.0186,0.0000,3.2250,35.070,FEASIBLE,0,0.00
74.700,-0.00183,-0.00003,0.00005,0.0000,0.0000,0.00000,0.0189,0.0000,3.2250,35.310,FEASIBLE,0,0.00
74.800,-0.00183,-0.00003,0.00005,0.0000,0.0000,0.00000,0.0058,0.0000,3.2250,34.797,FEASIBLE,0,0.00
74.900,-0.00183,-0.00003,0.00005,0.0000,0.0000,0.00000,0.0316,0.0000,3.2250,37.721,FEASIBLE,0,0.00
75.000,-0.00183,-0.00003,0.00005,0.0000,0.0000,0.00000,0.0121,0.0000,3.2250,36.483,FEASIBLE,0,0.00
75.100,-0.00183,-0.00003,0.00005,0.0000,0.0000,0.00000,0.0167,0.0000,3.2250,36.390,FEASIBLE,0,0.00
75.200,-0.00183,-0.00003,0.00005,0.0000,0.0000,0.00000,0.0010,0.0000,3.2250,35.461,FEASIBLE,0,0.00
75.300,-0.00183,-0.00003,0.00005,0.0000,0.0000,0.00000,0.0141,0.0000,3.2250,35.761,FEASIBLE,0,0.00
75.400,-0.00183,-0.00003,0.00005,0.0000,0.0000,0.00000,0.0223,0.0000,3.2250,35.958,FEASIBLE,0,0.00
75.500,-0.00183,-0.00003,0.00005,0.0000,0.0000,0.00000,0.0058,0.0000,3.2250,36.081,FEASIBLE,0,0.00
75.600,-0.00183,-0.00003,0.00005,0.0000,0.0000,0.00000,0.0244,0.0000,3.2250,35.024,FEASIBLE,0,0.00
75.700,-0.00183,-0.00003,0.00005,0.0000,0.0000,0.00000,0.0349,0.0000,3.2250,36.011,FEASIBLE,0,0.00
75.800,-0.00183,-0.00003,0.00005,0.0000,0.0000,0.00000,0.0167,0.0000,3.2250,36.259,FEASIBLE,0,0.00
75.900,-0.00183,-0.00003,0.00005,0.0000,0.0000,0.00000,0.0212,0.0000,3.2250,36.315,FEASIBLE,0,0.00
76.000,-0.00183,-0.00003,0.00005,0.0000,0.0000,0.00000,0.0088,0.0000,3.2250,35.623,FEASIBLE,0,0.00
76.100,-0.00183,-0.00003,0.00005,0.0000,0.0000,0.00000,0.0012,0.0000,3.2250,37.778,FEASIBLE,0,0.00
76.200,-0.00183,-0.00003,0.00005,0.0000,0.0000,0.00000,0.0013,0.0000,3.2250,35.305,FEASIBLE,0,0.00
76.300,-0.00183,-0.00003,0.00005,0.0000,0.0000,0.00000,0.0194,0.0000,3.2250,35.656,FEASIBLE,0,0.00
76.400,-0.00183,-0.00003,0.00005,0.0000,0.0000,0.00000,0.0198,0.0000,3.2250,36.560,FEASIBLE,0,0.00
76.500,-0.00183,-0.00003,0.00005,0.0000,0.0000,0.00000,0.0285,0.0000,3.2250,37.510,FEASIBLE,0,0.00
76.600,-0.00183,-0.00003,0.00005,0.0000,0.0000,0.00000,0.0332,0.0000,3.2250,36.087,FEASIBLE,0,0.00
76.700,-0.00183,-0.00003,0.00005,0.0000,0.0000,0.00000,0.0272,0.0000,3.2250,37.761,FEASIBLE,0,0.00
76.800,-0.00183,-0.00003,0.00005,0.0000,0.0000,0.00000,0.0301,0.0000,3.2250,35.451,FEASIBLE,0,0.00
76.900,-0.00183,-0.00003,0.00005,0.0000,0.0000,0.00000,0.0117,0.0000,3.2250,35.283,FEASIBLE,0,0.00
77.004,-0.00183,-0.00003,0.00005,0.0000,0.0000,0.00000,0.0051,0.0000,3.2250,36.033,FEASIBLE,0,0.00
77.102,-0.00183,-0.00003,0.00005,0.0000,0.0000,0.00000,0.0181,0.0000,3.2250,35.997,FEASIBLE,0,0.00
77.200,-0.00183,-0.00003,0.00005,0.0000,0.0000,0.00000,0.0249,0.0000,3.2250,35.838,FEASIBLE,0,0.00
77.302,-0.00183,-0.00003,0.00005,0.0000,0.0000,0.00000,0.0107,0.0000,3.2250,37.081,FEASIBLE,0,0.00
77.400,-0.00183,-0.00003,0.00005,0.0000,0.0000,0.00000,0.0033,0.0000,3.2250,34.628,FEASIBLE,0,0.00
77.500,-0.00183,-0.00003,0.00005,0.0000,0.0000,0.00000,0.0201,0.0000,3.2250,36.434,FEASIBLE,0,0.00
77.600,-0.00183,-0.00003,0.00005,0.0000,0.0000,0.00000,0.0154,0.0000,3.2250,37.550,FEASIBLE,0,0.00
77.700,-0.00183,-0.00003,0.00005,0.0000,0.0000,0.00000,0.0021,0.0000,3.2250,35.956,FEASIBLE,0,0.00
77.800,-0.00183,-0.00003,0.00005,0.0000,0.0000,0.00000,0.0158,0.0000,3.2250,35.895,FEASIBLE,0,0.00
77.900,-0.00183,-0.00003,0.00005,0.0000,0.0000,0.00000,0.0146,0.0000,3.2250,35.720,FEASIBLE,0,0.00
78.000,-0.00183,-0.00003,0.00005,0.0000,0.0000,0.00000,0.0127,0.0000,3.2250,36.247,FEASIBLE,0,0.00
78.100,-0.00183,-0.00003,0.00005,0.0000,0.0000,0.00000,0.0080,0.0000,3.2250,37.447,FEASIBLE,0,0.00
78.200,-0.00183,-0.00003,0.00005,0.0000,0.0000,0.00000,0.0307,0.0000,3.2250,35.512,FEASIBLE,0,0.00
78.300,-0.00183,-0.00003,0.00005,0.0000,0.0000,0.00000,0.0131,0.0000,3.2250,35.928,FEASIBLE,0,0.00
78.400,-0.00183,-0.00003,0.00005,0.0000,0.0000,0.00000,0.0126,0.0000,3.2250,36.475,FEASIBLE,0,0.00
78.500,-0.00183,-0.00003,0.00005,0.0000,0.0000,0.00000,0.0085,0.0000,3.2250,36.155,FEASIBLE,0,0.00
78.600,-0.00183,-0.00003,0.00005,0.0000,0.0000,0.00000,0.0160,0.0000,3.2250,36.003,FEASIBLE,0,0.00
78.700,-0.00183,-0.00003,0.00005,0.0000,0.0000,0.00000,0.0023,0.0000,3.2250,36.875,FEASIBLE,0,0.00
78.800,-0.00183,-0.00003,0.00005,0.0000,0.0000,0.00000,0.0351,0.0000,3.2250,36.031,FEASIBLE,0,0.00
78.900,-0.00183,-0.00003,0.00005,0.0000,0.0000,0.00000,0.0167,0.0000,3.2250,41.457,FEASIBLE,0,0.00
79.000,-0.00183,-0.00003,0.00005,0.0000,0.0000,0.00000,0.0066,0.0000,3.2250,37.416,FEASIBLE,0,0.00
79.100,-0.00183,-0.00003,0.00005,0.0000,0.0000,0.00000,0.0384,0.0000,3.2250,35.262,FEASIBLE,0,0.00
79.200,-0.00183,-0.00003,0.00005,0.0000,0.0000,0.00000,0.0050,0.0000,3.2250,36.397,FEASIBLE,0,0.00
79.300,-0.00183,-0.00003,0.00005,0.0000,0.0000,0.00000,0.0252,0.0000,3.2250,35.728,FEASIBLE,0,0.00
79.400,-0.00183,-0.00003,0.00005,0.0000,0.0000,0.00000,0.0009,0.0000,3.2250,37.203,FEASIBLE,0,0.00
79.500,-0.00183,-0.00003,0.00005,0.0000,0.0000,0.00000,0.0220,0.0000,3.2250,35.518,FEASIBLE,0,0.00
79.600,-0.00183,-0.00003,0.00005,0.0000,0.0000,0.00000,0.0346,0.0000,3.2250,37.904,FEASIBLE,0,0.00
79.700,-0.00183,-0.00003,0.00005,0.0000,0.0000,0.00000,0.0114,0.0000,3.2250,34.938,FEASIBLE,0,0.00
79.800,-0.00183,-0.00003,0.00005,0.0000,0.0000,0.00000,0.0147,0.0000,3.2250,37.611,FEASIBLE,0,0.00
79.900,-0.00183,-0.00003,0.00005,0.0000,0.0000,0.00000,0.0142,0.0000,3.2250,35.355,FEASIBLE,0,0.00
80.000,-0.00183,-0.00003,0.00005,0.0000,0.0000,0.00000,0.0068,0.0000,3.2250,35.613,FEASIBLE,0,0.00
80.100,-0.00183,-0.00003,0.00005,0.0000,0.0000,0.00000,0.0092,0.0000,3.2250,36.042,FEASIBLE,0,0.00
80.200,-0.00183,-0.00003,0.00005,0.0000,0.0000,0.00000,0.0109,0.0000,3.2250,35.690,FEASIBLE,0,0.00
80.300,-0.00183,-0.00003,0.00005,0.0000,0.0000,0.00000,0.0151,0.0000,3.2250,37.431,FEASIBLE,0,0.00
80.400,-0.00183,-0.00003,0.00005,0.0000,0.0000,0.00000,0.0055,0.0000,3.2250,35.485,FEASIBLE,0,0.00
80.500,-0.00183,-0.00003,0.00005,0.0000,0.0000,0.00000,0.0170,0.0000,3.2250,35.594,FEASIBLE,0,0.00
80.602,-0.00183,-0.00003,0.00005,0.0000,0.0000,0.00000,0.0288,0.0000,3.2250,37.113,FEASIBLE,0,0.00
80.700,-0.00183,-0.00003,0.00005,0.0000,0.0000,0.00000,0.0199,0.0000,3.2250,35.770,FEASIBLE,0,0.00
80.800,-0.00184,-0.00003,0.00005,0.0000,0.0000,0.00000,0.0158,0.0000,3.2250,36.706,FEASIBLE,0,0.00
80.900,-0.00184,-0.00003,0.00005,0.0000,0.0000,0.00000,0.0107,0.0000,3.2250,36.110,FEASIBLE,0,0.00
81.000,-0.00184,-0.00003,0.00005,0.0000,0.0000,0.00000,0.0166,0.0000,3.2250,35.139,FEASIBLE,0,0.00
81.100,-0.00184,-0.00003,0.00005,0.0000,0.0000,0.00000,0.0071,0.0000,3.2250,36.153,FEASIBLE,0,0.00
81.200,-0.00184,-0.00003,0.00005,0.0000,0.0000,0.00000,0.0074,0.0000,3.2250,35.647,FEASIBLE,0,0.00
81.300,-0.00184,-0.00003,0.00005,0.0000,0.0000,0.00000,0.0109,0.0000,3.2250,35.405,FEASIBLE,0,0.00
81.400,-0.00184,-0.00003,0.00005,0.0000,0.0000,0.00000,0.0064,0.0000,3.2250,36.129,FEASIBLE,0,0.00
81.500,-0.00184,-0.00003,0.00005,0.0000,0.0000,0.00000,0.0184,0.0000,3.2250,38.069,FEASIBLE,0,0.00
81.600,-0.00184,-0.00003,0.00005,0.0000,0.0000,0.00000,0.0005,0.0000,3.2250,37.675,FEASIBLE,0,0.00
81.700,-0.00184,-0.00003,0.00005,0.0000,0.0000,0.00000,0.0436,0.0000,3.2250,37.233,FEASIBLE,0,0.00
81.800,-0.00184,-0.00003,0.00005,0.0000,0.0000,0.00000,0.0115,0.0000,3.2250,35.368,FEASIBLE,0,0.00
81.900,-0.00184,-0.00003,0.00005,0.0000,0.0000,0.00000,0.0247,0.0000,3.2250,35.841,FEASIBLE,0,0.00
82.000,-0.00184,-0.00003,0.00005,0.0000,0.0000,0.00000,0.0205,0.0000,3.2250,35.880,FEASIBLE,0,0.00
82.100,-0.00184,-0.00003,0.00005,0.0000,0.0000,0.00000,0.0004,0.0000,3.2250,36.111,FEASIBLE,0,0.00
82.200,-0.00184,-0.00003,0.00005,0.0000,0.0000,0.00000,0.0315,0.0000,3.2250,35.419,FEASIBLE,0,0.00
82.300,-0.00184,-0.00003,0.00005,0.0000,0.0000,0.00000,0.0155,0.0000,3.2250,35.254,FEASIBLE,0,0.00
82.400,-0.00184,-0.00003,0.00005,0.0000,0.0000,0.00000,0.0192,0.0000,3.2250,35.451,FEASIBLE,0,0.00
82.500,-0.00184,-0.00003,0.00005,0.0000,0.0000,0.00000,0.0322,0.0000,3.2250,37.093,FEASIBLE,0,0.00
82.600,-0.00184,-0.00003,0.00005,0.0000,0.0000,0.00000,0.0324,0.0000,3.2250,34.647,FEASIBLE,0,0.00
82.700,-0.00184,-0.00003,0.00005,0.0000,0.0000,0.00000,0.0136,0.0000,3.2250,35.917,FEASIBLE,0,0.00
82.800,-0.00184,-0.00003,0.00005,0.0000,0.0000,0.00000,0.0021,0.0000,3.2250,36.265,FEASIBLE,0,0.00
82.900,-0.00184,-0.00003,0.00005,0.0000,0.0000,0.00000,0.0066,0.0000,3.2250,36.436,FEASIBLE,0,0.00
83.000,-0.00184,-0.00003,0.00005,0.0000,0.0000,0.00000,0.0333,0.0000,3.2250,36.459,FEASIBLE,0,0.00
83.100,-0.00184,-0.00003,0.00005,0.0000,0.0000,0.00000,0.0159,0.0000,3.2250,36.932,FEASIBLE,0,0.00
83.200,-0.00184,-0.00003,0.00005,0.0000,0.0000,0.00000,0.0353,0.0000,3.2250,35.588,FEASIBLE,0,0.00
83.300,-0.00184,-0.00003,0.00005,0.0000,0.0000,0.00000,0.0006,0.0000,3.2250,36.175,FEASIBLE,0,0.00
83.400,-0.00184,-0.00003,0.00005,0.0000,0.0000,0.00000,0.0243,0.0000,3.2250,39.036,FEASIBLE,0,0.00
83.500,-0.00184,-0.00003,0.00005,0.0000,0.0000,0.00000,0.0027,0.0000,3.2250,37.045,FEASIBLE,0,0.00
83.600,-0.00184,-0.00003,0.00005,0.0000,0.0000,0.00000,0.0367,0.0000,3.2250,37.221,FEASIBLE,0,0.00
83.700,-0.00184,-0.00003,0.00005,0.0000,0.0000,0.00000,0.0342,0.0000,3.2250,37.921,FEASIBLE,0,0.00
83.802,-0.00184,-0.00003,0.00005,0.0000,0.0000,0.00000,0.0256,0.0000,3.2250,41.381,FEASIBLE,0,0.00
83.900,-0.00184,-0.00003,0.00005,0.0000,0.0000,0.00000,0.0220,0.0000,3.2250,36.635,FEASIBLE,0,0.00
84.000,-0.00184,-0.00003,0.00005,0.0000,0.0000,0.00000,0.0193,0.0000,3.2250,37.132,FEASIBLE,0,0.00
84.100,-0.00184,-0.00003,0.00005,0.0000,0.0000,0.00000,0.0071,0.0000,3.2250,35.280,FEASIBLE,0,0.00
84.200,-0.00184,-0.00003,0.00005,0.0000,0.0000,0.00000,0.0056,0.0000,3.2250,36.468,FEASIBLE,0,0.00
84.300,-0.00184,-0.00003,0.00005,0.0000,0.0000,0.00000,0.0064,0.0000,3.2250,36.614,FEASIBLE,0,0.00
84.400,-0.00184,-0.00003,0.00005,0.0000,0.0000,0.00000,0.0098,0.0000,3.2250,36.135,FEASIBLE,0,0.00
84.500,-0.00184,-0.00003,0.00005,0.0000,0.0000,0.00000,0.0124,0.0000,3.2250,35.405,FEASIBLE,0,0.00
84.600,-0.00184,-0.00003,0.00005,0.0000,0.0000,0.00000,0.0208,0.0000,3.2250,34.380,FEASIBLE,0,0.00
84.700,-0.00184,-0.00003,0.00005,0.0000,0.0000,0.00000,0.0227,0.0000,3.2250,35.172,FEASIBLE,0,0.00
84.800,-0.00184,-0.00003,0.00005,0.0000,0.0000,0.00000,0.0227,0.0000,3.2250,36.135,FEASIBLE,0,0.00
84.900,-0.00184,-0.00003,0.00005,0.0000,0.0000,0.00000,0.0165,0.0000,3.2250,35.992,FEASIBLE,0,0.00
85.000,-0.00184,-0.00003,0.00005,0.0000,0.0000,0.00000,0.0039,0.0000,3.2250,36.678,FEASIBLE,0,0.00
85.100,-0.00184,-0.00003,0.00005,0.0000,0.0000,0.00000,0.0223,0.0000,3.2250,36.171,FEASIBLE,0,0.00
85.200,-0.00184,-0.00003,0.00005,0.0000,0.0000,0.00000,0.0018,0.0000,3.2250,35.532,FEASIBLE,0,0.00
85.300,-0.00184,-0.00003,0.00005,0.0000,0.0000,0.00000,0.0113,0.0000,3.2250,36.410,FEASIBLE,0,0.00
85.400,-0.00184,-0.00003,0.00005,0.0000,0.0000,0.00000,0.0240,0.0000,3.2250,35.157,FEASIBLE,0,0.00
85.500,-0.00184,-0.00003,0.00005,0.0000,0.0000,0.00000,0.0079,0.0000,3.2250,34.511,FEASIBLE,0,0.00
85.600,-0.00184,-0.00003,0.00005,0.0000,0.0000,0.00000,0.0247,0.0000,3.2250,35.436,FEASIBLE,0,0.00
85.700,-0.00184,-0.00003,0.00005,0.0000,0.0000,0.00000,0.0236,0.0000,3.2250,35.628,FEASIBLE,0,0.00
85.800,-0.00184,-0.00003,0.00005,0.0000,0.0000,0.00000,0.0227,0.0000,3.2250,36.152,FEASIBLE,0,0.00
85.900,-0.00184,-0.00003,0.00005,0.0000,0.0000,0.00000,0.0152,0.0000,3.2250,34.706,FEASIBLE,0,0.00
86.000,-0.00184,-0.00003,0.00005,0.0000,0.0000,0.00000,0.0059,0.0000,3.2250,36.098,FEASIBLE,0,0.00
86.100,-0.00184,-0.00003,0.00005,0.0000,0.0000,0.00000,0.0222,0.0000,3.2250,35.364,FEASIBLE,0,0.00
86.200,-0.00184,-0.00003,0.00005,0.0000,0.0000,0.00000,0.0043,0.0000,3.2250,36.046,FEASIBLE,0,0.00
86.300,-0.00184,-0.00003,0.00005,0.0000,0.0000,0.00000,0.0176,0.0000,3.2250,35.239,FEASIBLE,0,0.00
86.400,-0.00184,-0.00003,0.00005,0.0000,0.0000,0.00000,0.0098,0.0000,3.2250,36.706,FEASIBLE,0,0.00
86.500,-0.00184,-0.00003,0.00005,0.0000,0.0000,0.00000,0.0173,0.0000,3.2250,38.641,FEASIBLE,0,0.00
86.600,-0.00184,-0.00003,0.00005,0.0000,0.0000,0.00000,0.0118,0.0000,3.2250,35.567,FEASIBLE,0,0.00
86.700,-0.00184,-0.00003,0.00005,0.0000,0.0000,0.00000,0.0111,0.0000,3.2250,37.121,FEASIBLE,0,0.00
86.802,-0.00184,-0.00003,0.00005,0.0000,0.0000,0.00000,0.0241,0.0000,3.2250,36.467,FEASIBLE,0,0.00
86.900,-0.00184,-0.00003,0.00005,0.0000,0.0000,0.00000,0.0169,0.0000,3.2250,35.631,FEASIBLE,0,0.00
87.000,-0.00184,-0.00003,0.00005,0.0000,0.0000,0.00000,0.0019,0.0000,3.2250,37.431,FEASIBLE,0,0.00
87.100,-0.00184,-0.00003,0.00005,0.0000,0.0000,0.00000,0.0191,0.0000,3.2250,36.295,FEASIBLE,0,0.00
87.200,-0.00184,-0.00003,0.00005,0.0000,0.0000,0.00000,0.0253,0.0000,3.2250,36.682,FEASIBLE,0,0.00
87.300,-0.00184,-0.00003,0.00005,0.0000,0.0000,0.00000,0.0268,0.0000,3.2250,36.378,FEASIBLE,0,0.00
87.400,-0.00184,-0.00003,0.00005,0.0000,0.0000,0.00000,0.0143,0.0000,3.2250,34.831,FEASIBLE,0,0.00
87.500,-0.00184,-0.00003,0.00005,0.0000,0.0000,0.00000,0.0251,0.0000,3.2250,36.670,FEASIBLE,0,0.00
87.600,-0.00184,-0.00003,0.00005,0.0000,0.0000,0.00000,0.0118,0.0000,3.2250,35.688,FEASIBLE,0,0.00
87.700,-0.00184,-0.00003,0.00005,0.0000,0.0000,0.00000,0.0072,0.0000,3.2250,34.870,FEASIBLE,0,0.00
87.800,-0.00184,-0.00003,0.00005,0.0000,0.0000,0.00000,0.0205,0.0000,3.2250,37.335,FEASIBLE,0,0.00
87.900,-0.00184,-0.00003,0.00005,0.0000,0.0000,0.00000,0.0098,0.0000,3.2250,38.700,FEASIBLE,0,0.00
88.000,-0.00184,-0.00003,0.00005,0.0000,0.0000,0.00000,0.0048,0.0000,3.2250,36.132,FEASIBLE,0,0.00
88.100,-0.00184,-0.00003,0.00005,0.0000,0.0000,0.00000,0.0249,0.0000,3.2250,34.284,FEASIBLE,0,0.00
88.200,-0.00184,-0.00003,0.00005,0.0000,0.0000,0.00000,0.0162,0.0000,3.2250,36.084,FEASIBLE,0,0.00
88.300,-0.00184,-0.00003,0.00005,0.0000,0.0000,0.00000,0.0275,0.0000,3.2250,35.656,FEASIBLE,0,0.00
88.400,-0.00184,-0.00003,0.00005,0.0000,0.0000,0.00000,0.0141,0.0000,3.2250,34.748,FEASIBLE,0,0.00
88.500,-0.00184,-0.00003,0.00005,0.0000,0.0000,0.00000,0.0121,0.0000,3.2250,36.832,FEASIBLE,0,0.00
88.600,-0.00184,-0.00003,0.00005,0.0000,0.0000,0.00000,0.0135,0.0000,3.2250,36.168,FEASIBLE,0,0.00
88.700,-0.00184,-0.00003,0.00005,0.0000,0.0000,0.00000,0.0271,0.0000,3.2250,36.474,FEASIBLE,0,0.00
88.800,-0.00184,-0.00003,0.00005,0.0000,0.0000,0.00000,0.0104,0.0000,3.2250,35.100,FEASIBLE,0,0.00
88.900,-0.00184,-0.00003,0.00005,0.0000,0.0000,0.00000,0.0214,0.0000,3.2250,36.962,FEASIBLE,0,0.00
89.000,-0.00184,-0.00003,0.00005,0.0000,0.0000,0.00000,0.0126,0.0000,3.2250,35.698,FEASIBLE,0,0.00
89.100,-0.00184,-0.00003,0.00005,0.0000,0.0000,0.00000,0.0168,0.0000,3.2250,36.187,FEASIBLE,0,0.00
89.200,-0.00184,-0.00003,0.00005,0.0000,0.0000,0.00000,0.0360,0.0000,3.2250,35.268,FEASIBLE,0,0.00
89.300,-0.00184,-0.00003,0.00005,0.0000,0.0000,0.00000,0.0257,0.0000,3.2250,38.666,FEASIBLE,0,0.00
89.400,-0.00184,-0.00003,0.00005,0.0000,0.0000,0.00000,0.0047,0.0000,3.2250,35.764,FEASIBLE,0,0.00
89.500,-0.00184,-0.00003,0.00005,0.0000,0.0000,0.00000,0.0319,0.0000,3.2250,36.179,FEASIBLE,0,0.00
89.600,-0.00184,-0.00003,0.00005,0.0000,0.0000,0.00000,0.0126,0.0000,3.2250,35.200,FEASIBLE,0,0.00
89.700,-0.00184,-0.00003,0.00005,0.0000,0.0000,0.00000,0.0178,0.0000,3.2250,35.890,FEASIBLE,0,0.00
89.800,-0.00184,-0.00003,0.00005,0.0000,0.0000,0.00000,0.0352,0.0000,3.2250,34.813,FEASIBLE,0,0.00
89.900,-0.00184,-0.00003,0.00005,0.0000,0.0000,0.00000,0.0319,0.0000,3.2250,35.335,FEASIBLE,0,0.00
90.000,-0.00184,-0.00003,0.00005,0.0000,0.0000,0.00000,0.0291,0.0000,3.2250,36.601,FEASIBLE,0,0.00
90.100,-0.00184,-0.00003,0.00005,0.0000,0.0000,0.00000,0.0211,0.0000,3.2250,36.727,FEASIBLE,0,0.00
90.202,-0.00184,-0.00003,0.00005,0.0000,0.0000,0.00000,0.0059,0.0000,3.2250,35.646,FEASIBLE,0,0.00
90.300,-0.00184,-0.00003,0.00005,0.0000,0.0000,0.00000,0.0013,0.0000,3.2250,35.114,FEASIBLE,0,0.00
90.400,-0.00184,-0.00003,0.00005,0.0000,0.0000,0.00000,0.0599,0.0000,3.2250,36.112,FEASIBLE,0,0.00
90.500,-0.00184,-0.00003,0.00005,0.0000,0.0000,0.00000,0.0006,0.0000,3.2250,41.558,FEASIBLE,0,0.00
90.600,-0.00184,-0.00003,0.00005,0.0000,0.0000,0.00000,0.0181,0.0000,3.2250,36.399,FEASIBLE,0,0.00
90.700,-0.00184,-0.00003,0.00005,0.0000,0.0000,0.00000,0.0194,0.0000,3.2250,35.541,FEASIBLE,0,0.00
90.802,-0.00184,-0.00003,0.00005,0.0000,0.0000,0.00000,0.0101,0.0000,3.2250,36.510,FEASIBLE,0,0.00
90.900,-0.00184,-0.00003,0.00005,0.0000,0.0000,0.00000,0.0139,0.0000,3.2250,35.490,FEASIBLE,0,0.00
91.000,-0.00184,-0.00003,0.00005,0.0000,0.0000,0.00000,0.0131,0.0000,3.2250,36.768,FEASIBLE,0,0.00
91.100,-0.00184,-0.00003,0.00005,0.0000,0.0000,0.00000,0.0026,0.0000,3.2250,36.547,FEASIBLE,0,0.00
91.200,-0.00184,-0.00003,0.00005,0.0000,0.0000,0.00000,0.0042,0.0000,3.2250,36.035,FEASIBLE,0,0.00
91.300,-0.00184,-0.00003,0.00005,0.0000,0.0000,0.00000,0.0068,0.0000,3.2250,36.655,FEASIBLE,0,0.00
91.400,-0.00184,-0.00003,0.00005,0.0000,0.0000,0.00000,0.0008,0.0000,3.2250,34.993,FEASIBLE,0,0.00
91.500,-0.00184,-0.00003,0.00005,0.0000,0.0000,0.00000,0.0128,0.0000,3.2250,34.842,FEASIBLE,0,0.00
91.600,-0.00184,-0.00003,0.00005,0.0000,0.0000,0.00000,0.0173,0.0000,3.2250,36.095,FEASIBLE,0,0.00
91.700,-0.00184,-0.00003,0.00005,0.0000,0.0000,0.00000,0.0218,0.0000,3.2250,34.805,FEASIBLE,0,0.00
91.800,-0.00184,-0.00003,0.00005,0.0000,0.0000,0.00000,0.0076,0.0000,3.2250,35.277,FEASIBLE,0,0.00
91.900,-0.00184,-0.00003,0.00005,0.0000,0.0000,0.00000,0.0174,0.0000,3.2250,36.271,FEASIBLE,0,0.00
92.000,-0.00184,-0.00003,0.00005,0.0000,0.0000,0.00000,0.0269,0.0000,3.2250,38.162,FEASIBLE,0,0.00
92.100,-0.00184,-0.00003,0.00005,0.0000,0.0000,0.00000,0.0187,0.0000,3.2250,36.143,FEASIBLE,0,0.00
92.200,-0.00184,-0.00003,0.00005,0.0000,0.0000,0.00000,0.0087,0.0000,3.2250,35.414,FEASIBLE,0,0.00
92.300,-0.00184,-0.00003,0.00005,0.0000,0.0000,0.00000,0.0047,0.0000,3.2250,36.034,FEASIBLE,0,0.00
92.400,-0.00184,-0.00003,0.00005,0.0000,0.0000,0.00000,0.0143,0.0000,3.2250,35.783,FEASIBLE,0,0.00
92.500,-0.00184,-0.00003,0.00005,0.0000,0.0000,0.00000,0.0186,0.0000,3.2250,35.642,FEASIBLE,0,0.00
92.600,-0.00184,-0.00003,0.00005,0.0000,0.0000,0.00000,0.0249,0.0000,3.2250,34.732,FEASIBLE,0,0.00
92.700,-0.00184,-0.00003,0.00005,0.0000,0.0000,0.00000,0.0292,0.0000,3.2250,35.373,FEASIBLE,0,0.00
92.800,-0.00184,-0.00003,0.00005,0.0000,0.0000,0.00000,0.0016,0.0000,3.2250,35.291,FEASIBLE,0,0.00
92.900,-0.00184,-0.00003,0.00005,0.0000,0.0000,0.00000,0.0121,0.0000,3.2250,35.805,FEASIBLE,0,0.00
93.000,-0.00184,-0.00003,0.00005,0.0000,0.0000,0.00000,0.0192,0.0000,3.2250,35.940,FEASIBLE,0,0.00
93.100,-0.00184,-0.00003,0.00005,0.0000,0.0000,0.00000,0.0024,0.0000,3.2250,34.713,FEASIBLE,0,0.00
93.200,-0.00184,-0.00003,0.00005,0.0000,0.0000,0.00000,0.0060,0.0000,3.2250,37.395,FEASIBLE,0,0.00
93.300,-0.00184,-0.00003,0.00005,0.0000,0.0000,0.00000,0.0075,0.0000,3.2250,35.954,FEASIBLE,0,0.00
93.400,-0.00184,-0.00003,0.00005,0.0000,0.0000,0.00000,0.0339,0.0000,3.2250,36.108,FEASIBLE,0,0.00
93.500,-0.00184,-0.00003,0.00005,0.0000,0.0000,0.00000,0.0228,0.0000,3.2250,36.347,FEASIBLE,0,0.00
93.600,-0.00184,-0.00003,0.00005,0.0000,0.0000,0.00000,0.0254,0.0000,3.2250,35.703,FEASIBLE,0,0.00
93.700,-0.00184,-0.00003,0.00005,0.0000,0.0000,0.00000,0.0084,0.0000,3.2250,35.869,FEASIBLE,0,0.00
93.800,-0.00184,-0.00003,0.00005,0.0000,0.0000,0.00000,0.0237,0.0000,3.2250,36.502,FEASIBLE,0,0.00
93.900,-0.00184,-0.00003,0.00005,0.0000,0.0000,0.00000,0.0248,0.0000,3.2250,35.797,FEASIBLE,0,0.00
94.000,-0.00184,-0.00003,0.00005,0.0000,0.0000,0.00000,0.0114,0.0000,3.2250,37.124,FEASIBLE,0,0.00
94.100,-0.00184,-0.00003,0.00005,0.0000,0.0000,0.00000,0.0207,0.0000,3.2250,35.332,FEASIBLE,0,0.00
94.200,-0.00184,-0.00003,0.00005,0.0000,0.0000,0.00000,0.0239,0.0000,3.2250,35.200,FEASIBLE,0,0.00
94.300,-0.00184,-0.00003,0.00005,0.0000,0.0000,0.00000,0.0249,0.0000,3.2250,35.006,FEASIBLE,0,0.00
94.400,-0.00184,-0.00003,0.00005,0.0000,0.0000,0.00000,0.0046,0.0000,3.2250,36.873,FEASIBLE,0,0.00
94.500,-0.00184,-0.00003,0.00005,0.0000,0.0000,0.00000,0.0129,0.0000,3.2250,36.261,FEASIBLE,0,0.00
94.600,-0.00184,-0.00003,0.00005,0.0000,0.0000,0.00000,0.0089,0.0000,3.2250,37.082,FEASIBLE,0,0.00
94.700,-0.00184,-0.00003,0.00005,0.0000,0.0000,0.00000,0.0051,0.0000,3.2250,37.551,FEASIBLE,0,0.00
94.800,-0.00184,-0.00003,0.00005,0.0000,0.0000,0.00000,0.0057,0.0000,3.2250,35.937,FEASIBLE,0,0.00
94.900,-0.00184,-0.00003,0.00005,0.0000,0.0000,0.00000,0.0024,0.0000,3.2250,35.963,FEASIBLE,0,0.00
95.000,-0.00184,-0.00003,0.00005,0.0000,0.0000,0.00000,0.0081,0.0000,3.2250,35.486,FEASIBLE,0,0.00
95.100,-0.00184,-0.00003,0.00005,0.0000,0.0000,0.00000,0.0155,0.0000,3.2250,35.429,FEASIBLE,0,0.00
95.200,-0.00184,-0.00003,0.00005,0.0000,0.0000,0.00000,0.0255,0.0000,3.2250,35.193,FEASIBLE,0,0.00
95.300,-0.00184,-0.00003,0.00005,0.0000,0.0000,0.00000,0.0197,0.0000,3.2250,35.178,FEASIBLE,0,0.00
95.400,-0.00184,-0.00003,0.00005,0.0000,0.0000,0.00000,0.0195,0.0000,3.2250,35.674,FEASIBLE,0,0.00
95.500,-0.00184,-0.00003,0.00005,0.0000,0.0000,0.00000,0.0225,0.0000,3.2250,36.016,FEASIBLE,0,0.00
95.600,-0.00184,-0.00003,0.00005,0.0000,0.0000,0.00000,0.0158,0.0000,3.2250,36.683,FEASIBLE,0,0.00
95.700,-0.00184,-0.00003,0.00005,0.0000,0.0000,0.00000,0.0393,0.0000,3.2250,36.189,FEASIBLE,0,0.00
95.800,-0.00184,-0.00003,0.00005,0.0000,0.0000,0.00000,0.0192,0.0000,3.2250,35.969,FEASIBLE,0,0.00
95.900,-0.00184,-0.00003,0.00005,0.0000,0.0000,0.00000,0.0402,0.0000,3.2250,36.833,FEASIBLE,0,0.00
96.000,-0.00184,-0.00003,0.00005,0.0000,0.0000,0.00000,0.0038,0.0000,3.2250,34.879,FEASIBLE,0,0.00
96.100,-0.00184,-0.00003,0.00005,0.0000,0.0000,0.00000,0.0241,0.0000,3.2250,36.853,FEASIBLE,0,0.00
96.200,-0.00184,-0.00003,0.00005,0.0000,0.0000,0.00000,0.0163,0.0000,3.2250,36.665,FEASIBLE,0,0.00
96.300,-0.00184,-0.00003,0.00005,0.0000,0.0000,0.00000,0.0315,0.0000,3.2250,34.950,FEASIBLE,0,0.00
96.400,-0.00184,-0.00003,0.00005,0.0000,0.0000,0.00000,0.0147,0.0000,3.2250,40.611,FEASIBLE,0,0.00
96.500,-0.00184,-0.00003,0.00005,0.0000,0.0000,0.00000,0.0001,0.0000,3.2250,36.947,FEASIBLE,0,0.00
96.600,-0.00184,-0.00003,0.00005,0.0000,0.0000,0.00000,0.0198,0.0000,3.2250,37.133,FEASIBLE,0,0.00
96.700,-0.00184,-0.00003,0.00005,0.0000,0.0000,0.00000,0.0095,0.0000,3.2250,38.217,FEASIBLE,0,0.00
96.800,-0.00184,-0.00003,0.00005,0.0000,0.0000,0.00000,0.0222,0.0000,3.2250,36.330,FEASIBLE,0,0.00
96.900,-0.00184,-0.00003,0.00005,0.0000,0.0000,0.00000,0.0160,0.0000,3.2250,36.163,FEASIBLE,0,0.00
97.000,-0.00184,-0.00003,0.00005,0.0000,0.0000,0.00000,0.0030,0.0000,3.2250,35.786,FEASIBLE,0,0.00
97.104,-0.00184,-0.00003,0.00005,0.0000,0.0000,0.00000,0.0465,0.0000,3.2250,38.156,FEASIBLE,0,0.00
97.200,-0.00184,-0.00003,0.00005,0.0000,0.0000,0.00000,0.0001,0.0000,3.2250,38.913,FEASIBLE,0,0.00
97.300,-0.00184,-0.00003,0.00005,0.0000,0.0000,0.00000,0.0236,0.0000,3.2250,40.715,FEASIBLE,0,0.00
97.400,-0.00184,-0.00003,0.00005,0.0000,0.0000,0.00000,0.0157,0.0000,3.2250,39.980,FEASIBLE,0,0.00
97.500,-0.00184,-0.00003,0.00005,0.0000,0.0000,0.00000,0.0035,0.0000,3.2250,36.682,FEASIBLE,0,0.00
97.600,-0.00184,-0.00003,0.00005,0.0000,0.0000,0.00000,0.0216,0.0000,3.2250,35.574,FEASIBLE,0,0.00
97.700,-0.00184,-0.00003,0.00005,0.0000,0.0000,0.00000,0.0102,0.0000,3.2250,36.853,FEASIBLE,0,0.00
97.800,-0.00184,-0.00003,0.00005,0.0000,0.0000,0.00000,0.0080,0.0000,3.2250,39.581,FEASIBLE,0,0.00
97.900,-0.00184,-0.00003,0.00005,0.0000,0.0000,0.00000,0.0226,0.0000,3.2250,41.462,FEASIBLE,0,0.00
98.000,-0.00184,-0.00003,0.00005,0.0000,0.0000,0.00000,0.0139,0.0000,3.2250,37.712,FEASIBLE,0,0.00
98.100,-0.00184,-0.00003,0.00005,0.0000,0.0000,0.00000,0.0127,0.0000,3.2250,35.778,FEASIBLE,0,0.00
98.200,-0.00184,-0.00003,0.00005,0.0000,0.0000,0.00000,0.0023,0.0000,3.2250,36.868,FEASIBLE,0,0.00
98.300,-0.00184,-0.00003,0.00005,0.0000,0.0000,0.00000,0.0111,0.0000,3.2250,35.751,FEASIBLE,0,0.00
98.400,-0.00184,-0.00003,0.00005,0.0000,0.0000,0.00000,0.0157,0.0000,3.2250,36.693,FEASIBLE,0,0.00
98.500,-0.00184,-0.00003,0.00005,0.0000,0.0000,0.00000,0.0043,0.0000,3.2250,36.123,FEASIBLE,0,0.00
98.600,-0.00184,-0.00003,0.00005,0.0000,0.0000,0.00000,0.0090,0.0000,3.2250,35.850,FEASIBLE,0,0.00
98.700,-0.00184,-0.00003,0.00005,0.0000,0.0000,0.00000,0.0106,0.0000,3.2250,36.027,FEASIBLE,0,0.00
98.800,-0.00184,-0.00003,0.00005,0.0000,0.0000,0.00000,0.0186,0.0000,3.2250,36.772,FEASIBLE,0,0.00
98.900,-0.00184,-0.00003,0.00005,0.0000,0.0000,0.00000,0.0459,0.0000,3.2250,35.664,FEASIBLE,0,0.00
99.000,-0.00184,-0.00003,0.00005,0.0000,0.0000,0.00000,0.0234,0.0000,3.2250,35.763,FEASIBLE,0,0.00
99.100,-0.00184,-0.00003,0.00005,0.0000,0.0000,0.00000,0.0154,0.0000,3.2250,36.329,FEASIBLE,0,0.00
99.200,-0.00184,-0.00003,0.00005,0.0000,0.0000,0.00000,0.0343,0.0000,3.2250,35.061,FEASIBLE,0,0.00
99.300,-0.00184,-0.00003,0.00005,0.0000,0.0000,0.00000,0.0039,0.0000,3.2250,35.717,FEASIBLE,0,0.00
99.400,-0.00184,-0.00003,0.00005,0.0000,0.0000,0.00000,0.0143,0.0000,3.2250,38.425,FEASIBLE,0,0.00
99.500,-0.00184,-0.00003,0.00005,0.0000,0.0000,0.00000,0.0058,0.0000,3.2250,39.024,FEASIBLE,0,0.00
99.600,-0.00184,-0.00003,0.00005,0.0000,0.0000,0.00000,0.0017,0.0000,3.2250,40.245,FEASIBLE,0,0.00
99.700,-0.00184,-0.00003,0.00005,0.0000,0.0000,0.00000,0.0128,0.0000,3.2250,36.087,FEASIBLE,0,0.00
99.800,-0.00184,-0.00003,0.00005,0.0000,0.0000,0.00000,0.0208,0.0000,3.2250,37.676,FEASIBLE,0,0.00
99.900,-0.00184,-0.00003,0.00005,0.0000,0.0000,0.00000,0.0172,0.0000,3.2250,39.289,FEASIBLE,0,0.00
100.000,-0.00184,-0.00003,0.00005,0.0000,0.0000,0.00000,0.0013,0.0000,3.2250,43.697,FEASIBLE,0,0.00
100.104,-0.00184,-0.00003,0.00005,0.0000,0.0000,0.00000,0.0012,0.0000,3.2250,39.174,FEASIBLE,0,0.00
100.200,-0.00184,-0.00003,0.00005,0.0000,0.0000,0.00000,0.0022,0.0000,3.2250,36.670,FEASIBLE,0,0.00
100.300,-0.00184,-0.00003,0.00005,0.0000,0.0000,0.00000,0.0008,0.0000,3.2250,37.382,FEASIBLE,0,0.00
100.402,-0.00184,-0.00003,0.00005,0.0000,0.0000,0.00000,0.0104,0.0000,3.2250,36.820,FEASIBLE,0,0.00
100.502,-0.00184,-0.00003,0.00005,0.0000,0.0000,0.00000,0.0160,0.0000,3.2250,36.157,FEASIBLE,0,0.00
100.600,-0.00184,-0.00003,0.00005,0.0000,0.0000,0.00000,0.0100,0.0000,3.2250,39.827,FEASIBLE,0,0.00
100.700,-0.00184,-0.00003,0.00005,0.0000,0.0000,0.00000,0.0374,0.0000,3.2250,40.558,FEASIBLE,0,0.00
100.800,-0.00184,-0.00003,0.00005,0.0000,0.0000,0.00000,0.0233,0.0000,3.2250,36.388,FEASIBLE,0,0.00
100.900,-0.00184,-0.00003,0.00005,0.0000,0.0000,0.00000,0.0040,0.0000,3.2250,36.794,FEASIBLE,0,0.00
101.000,-0.00184,-0.00003,0.00005,0.0000,0.0000,0.00000,0.0225,0.0000,3.2250,37.580,FEASIBLE,0,0.00
101.100,-0.00184,-0.00003,0.00005,0.0000,0.0000,0.00000,0.0176,0.0000,3.2250,43.460,FEASIBLE,0,0.00
101.200,-0.00184,-0.00003,0.00005,0.0000,0.0000,0.00000,0.0175,0.0000,3.2250,39.479,FEASIBLE,0,0.00
101.300,-0.00184,-0.00003,0.00005,0.0000,0.0000,0.00000,0.0236,0.0000,3.2250,36.935,FEASIBLE,0,0.00
101.400,-0.00184,-0.00003,0.00005,0.0000,0.0000,0.00000,0.0270,0.0000,3.2250,36.175,FEASIBLE,0,0.00
101.500,-0.00184,-0.00003,0.00005,0.0000,0.0000,0.00000,0.0227,0.0000,3.2250,39.069,FEASIBLE,0,0.00
101.600,-0.00184,-0.00003,0.00005,0.0000,0.0000,0.00000,0.0491,0.0000,3.2250,34.793,FEASIBLE,0,0.00
101.700,-0.00184,-0.00003,0.00005,0.0000,0.0000,0.00000,0.0080,0.0000,3.2250,35.940,FEASIBLE,0,0.00
101.800,-0.00184,-0.00003,0.00005,0.0000,0.0000,0.00000,0.0166,0.0000,3.2250,35.665,FEASIBLE,0,0.00
101.900,-0.00184,-0.00003,0.00005,0.0000,0.0000,0.00000,0.0274,0.0000,3.2250,36.362,FEASIBLE,0,0.00
102.000,-0.00184,-0.00003,0.00005,0.0000,0.0000,0.00000,0.0195,0.0000,3.2250,36.049,FEASIBLE,0,0.00
102.100,-0.00184,-0.00003,0.00005,0.0000,0.0000,0.00000,0.0082,0.0000,3.2250,35.573,FEASIBLE,0,0.00
102.200,-0.00184,-0.00003,0.00005,0.0000,0.0000,0.00000,0.0172,0.0000,3.2250,36.306,FEASIBLE,0,0.00
102.300,-0.00184,-0.00003,0.00005,0.0000,0.0000,0.00000,0.0100,0.0000,3.2250,35.016,FEASIBLE,0,0.00
102.400,-0.00184,-0.00003,0.00005,0.0000,0.0000,0.00000,0.0242,0.0000,3.2250,36.245,FEASIBLE,0,0.00
102.500,-0.00184,-0.00003,0.00005,0.0000,0.0000,0.00000,0.0109,0.0000,3.2250,35.671,FEASIBLE,0,0.00
102.600,-0.00184,-0.00003,0.00005,0.0000,0.0000,0.00000,0.0080,0.0000,3.2250,35.621,FEASIBLE,0,0.00
102.700,-0.00184,-0.00003,0.00005,0.0000,0.0000,0.00000,0.0071,0.0000,3.2250,36.548,FEASIBLE,0,0.00
102.800,-0.00184,-0.00003,0.00005,0.0000,0.0000,0.00000,0.0215,0.0000,3.2250,36.473,FEASIBLE,0,0.00
102.900,-0.00184,-0.00003,0.00005,0.0000,0.0000,0.00000,0.0040,0.0000,3.2250,35.124,FEASIBLE,0,0.00
103.000,-0.00184,-0.00003,0.00005,0.0000,0.0000,0.00000,0.0133,0.0000,3.2250,35.284,FEASIBLE,0,0.00
103.100,-0.00184,-0.00003,0.00005,0.0000,0.0000,0.00000,0.0060,0.0000,3.2250,36.288,FEASIBLE,0,0.00
103.200,-0.00184,-0.00003,0.00005,0.0000,0.0000,0.00000,0.0328,0.0000,3.2250,37.346,FEASIBLE,0,0.00
103.300,-0.00184,-0.00003,0.00005,0.0000,0.0000,0.00000,0.0173,0.0000,3.2250,35.626,FEASIBLE,0,0.00
103.402,-0.00184,-0.00003,0.00005,0.0000,0.0000,0.00000,0.0024,0.0000,3.2250,36.894,FEASIBLE,0,0.00
103.502,-0.00184,-0.00003,0.00005,0.0000,0.0000,0.00000,0.0233,0.0000,3.2250,36.212,FEASIBLE,0,0.00
103.602,-0.00184,-0.00003,0.00005,0.0000,0.0000,0.00000,0.0163,0.0000,3.2250,35.494,FEASIBLE,0,0.00
103.700,-0.00184,-0.00003,0.00005,0.0000,0.0000,0.00000,0.0082,0.0000,3.2250,36.265,FEASIBLE,0,0.00
103.800,-0.00184,-0.00003,0.00005,0.0000,0.0000,0.00000,0.0080,0.0000,3.2250,36.253,FEASIBLE,0,0.00
103.900,-0.00184,-0.00003,0.00005,0.0000,0.0000,0.00000,0.0267,0.0000,3.2250,36.410,FEASIBLE,0,0.00
104.000,-0.00184,-0.00003,0.00005,0.0000,0.0000,0.00000,0.0228,0.0000,3.2250,37.090,FEASIBLE,0,0.00
104.100,-0.00184,-0.00003,0.00005,0.0000,0.0000,0.00000,0.0363,0.0000,3.2250,34.227,FEASIBLE,0,0.00
104.200,-0.00184,-0.00003,0.00005,0.0000,0.0000,0.00000,0.0037,0.0000,3.2250,36.757,FEASIBLE,0,0.00
104.300,-0.00184,-0.00003,0.00005,0.0000,0.0000,0.00000,0.0154,0.0000,3.2250,35.221,FEASIBLE,0,0.00
104.400,-0.00184,-0.00003,0.00005,0.0000,0.0000,0.00000,0.0010,0.0000,3.2250,35.416,FEASIBLE,0,0.00
104.500,-0.00184,-0.00003,0.00005,0.0000,0.0000,0.00000,0.0022,0.0000,3.2250,35.067,FEASIBLE,0,0.00
104.600,-0.00184,-0.00003,0.00005,0.0000,0.0000,0.00000,0.0070,0.0000,3.2250,35.539,FEASIBLE,0,0.00
104.700,-0.00184,-0.00003,0.00005,0.0000,0.0000,0.00000,0.0253,0.0000,3.2250,36.168,FEASIBLE,0,0.00
104.800,-0.00184,-0.00003,0.00005,0.0000,0.0000,0.00000,0.0092,0.0000,3.2250,36.353,FEASIBLE,0,0.00
104.900,-0.00184,-0.00003,0.00005,0.0000,0.0000,0.00000,0.0108,0.0000,3.2250,35.213,FEASIBLE,0,0.00
105.000,-0.00184,-0.00003,0.00005,0.0000,0.0000,0.00000,0.0084,0.0000,3.2250,34.955,FEASIBLE,0,0.00
105.100,-0.00184,-0.00003,0.00005,0.0000,0.0000,0.00000,0.0198,0.0000,3.2250,36.674,FEASIBLE,0,0.00
105.200,-0.00184,-0.00003,0.00005,0.0000,0.0000,0.00000,0.0083,0.0000,3.2250,35.218,FEASIBLE,0,0.00
105.300,-0.00184,-0.00003,0.00005,0.0000,0.0000,0.00000,0.0047,0.0000,3.2250,35.511,FEASIBLE,0,0.00
105.400,-0.00184,-0.00003,0.00005,0.0000,0.0000,0.00000,0.0062,0.0000,3.2250,35.822,FEASIBLE,0,0.00
105.500,-0.00184,-0.00003,0.00005,0.0000,0.0000,0.00000,0.0258,0.0000,3.2250,36.168,FEASIBLE,0,0.00
105.600,-0.00184,-0.00003,0.00005,0.0000,0.0000,0.00000,0.0295,0.0000,3.2250,34.900,FEASIBLE,0,0.00
105.700,-0.00184,-0.00003,0.00005,0.0000,0.0000,0.00000,0.0246,0.0000,3.2250,36.069,FEASIBLE,0,0.00
105.800,-0.00184,-0.00003,0.00005,0.0000,0.0000,0.00000,0.0069,0.0000,3.2250,35.386,FEASIBLE,0,0.00
105.900,-0.00184,-0.00003,0.00005,0.0000,0.0000,0.00000,0.0438,0.0000,3.2250,36.754,FEASIBLE,0,0.00
106.000,-0.00184,-0.00003,0.00005,0.0000,0.0000,0.00000,0.0318,0.0000,3.2250,36.473,FEASIBLE,0,0.00
106.100,-0.00184,-0.00003,0.00005,0.0000,0.0000,0.00000,0.0107,0.0000,3.2250,36.004,FEASIBLE,0,0.00
106.200,-0.00184,-0.00003,0.00005,0.0000,0.0000,0.00000,0.0183,0.0000,3.2250,36.436,FEASIBLE,0,0.00
106.300,-0.00184,-0.00003,0.00005,0.0000,0.0000,0.00000,0.0084,0.0000,3.2250,37.580,FEASIBLE,0,0.00
106.400,-0.00184,-0.00003,0.00005,0.0000,0.0000,0.00000,0.0003,0.0000,3.2250,36.516,FEASIBLE,0,0.00
106.502,-0.00184,-0.00003,0.00005,0.0000,0.0000,0.00000,0.0160,0.0000,3.2250,35.442,FEASIBLE,0,0.00
106.600,-0.00184,-0.00003,0.00005,0.0000,0.0000,0.00000,0.0067,0.0000,3.2250,35.927,FEASIBLE,0,0.00
106.700,-0.00184,-0.00003,0.00005,0.0000,0.0000,0.00000,0.0003,0.0000,3.2250,44.378,FEASIBLE,0,0.00
106.800,-0.00184,-0.00003,0.00005,0.0000,0.0000,0.00000,0.0215,0.0000,3.2250,42.261,FEASIBLE,0,0.00
106.900,-0.00184,-0.00003,0.00005,0.0000,0.0000,0.00000,0.0145,0.0000,3.2250,42.743,FEASIBLE,0,0.00
107.004,-0.00184,-0.00003,0.00005,0.0000,0.0000,0.00000,0.0032,0.0000,3.2250,44.808,FEASIBLE,0,0.00
107.100,-0.00184,-0.00003,0.00005,0.0000,0.0000,0.00000,0.0404,0.0000,3.2250,39.922,FEASIBLE,0,0.00
107.200,-0.00184,-0.00003,0.00005,0.0000,0.0000,0.00000,0.0122,0.0000,3.2250,36.515,FEASIBLE,0,0.00
107.300,-0.00184,-0.00003,0.00005,0.0000,0.0000,0.00000,0.0274,0.0000,3.2250,36.126,FEASIBLE,0,0.00
107.400,-0.00184,-0.00003,0.00005,0.0000,0.0000,0.00000,0.0114,0.0000,3.2250,36.234,FEASIBLE,0,0.00
107.500,-0.00184,-0.00003,0.00005,0.0000,0.0000,0.00000,0.0087,0.0000,3.2250,36.408,FEASIBLE,0,0.00
107.600,-0.00184,-0.00003,0.00005,0.0000,0.0000,0.00000,0.0369,0.0000,3.2250,39.105,FEASIBLE,0,0.00
107.700,-0.00184,-0.00003,0.00005,0.0000,0.0000,0.00000,0.0191,0.0000,3.2250,39.483,FEASIBLE,0,0.00
107.800,-0.00184,-0.00003,0.00005,0.0000,0.0000,0.00000,0.0180,0.0000,3.2250,42.051,FEASIBLE,0,0.00
107.900,-0.00184,-0.00003,0.00005,0.0000,0.0000,0.00000,0.0088,0.0000,3.2250,40.627,FEASIBLE,0,0.00
108.000,-0.00184,-0.00003,0.00005,0.0000,0.0000,0.00000,0.0149,0.0000,3.2250,39.179,FEASIBLE,0,0.00
108.100,-0.00184,-0.00003,0.00005,0.0000,0.0000,0.00000,0.0113,0.0000,3.2250,37.630,FEASIBLE,0,0.00
108.200,-0.00184,-0.00003,0.00005,0.0000,0.0000,0.00000,0.0091,0.0000,3.2250,38.229,FEASIBLE,0,0.00
108.300,-0.00184,-0.00003,0.00005,0.0000,0.0000,0.00000,0.0229,0.0000,3.2250,38.291,FEASIBLE,0,0.00
108.400,-0.00184,-0.00003,0.00005,0.0000,0.0000,0.00000,0.0459,0.0000,3.2250,37.079,FEASIBLE,0,0.00
108.500,-0.00184,-0.00003,0.00005,0.0000,0.0000,0.00000,0.0008,0.0000,3.2250,36.140,FEASIBLE,0,0.00
108.600,-0.00184,-0.00003,0.00005,0.0000,0.0000,0.00000,0.0047,0.0000,3.2250,34.785,FEASIBLE,0,0.00
108.700,-0.00184,-0.00003,0.00005,0.0000,0.0000,0.00000,0.0056,0.0000,3.2250,36.781,FEASIBLE,0,0.00
108.800,-0.00184,-0.00003,0.00005,0.0000,0.0000,0.00000,0.0070,0.0000,3.2250,37.213,FEASIBLE,0,0.00
108.900,-0.00184,-0.00003,0.00005,0.0000,0.0000,0.00000,0.0080,0.0000,3.2250,35.109,FEASIBLE,0,0.00
109.000,-0.00184,-0.00003,0.00005,0.0000,0.0000,0.00000,0.0257,0.0000,3.2250,35.316,FEASIBLE,0,0.00
109.100,-0.00184,-0.00003,0.00005,0.0000,0.0000,0.00000,0.0076,0.0000,3.2250,35.224,FEASIBLE,0,0.00
109.200,-0.00184,-0.00003,0.00005,0.0000,0.0000,0.00000,0.0035,0.0000,3.2250,36.060,FEASIBLE,0,0.00
109.300,-0.00184,-0.00003,0.00005,0.0000,0.0000,0.00000,0.0187,0.0000,3.2250,35.260,FEASIBLE,0,0.00
109.400,-0.00184,-0.00003,0.00005,0.0000,0.0000,0.00000,0.0089,0.0000,3.2250,36.060,FEASIBLE,0,0.00
109.500,-0.00184,-0.00003,0.00005,0.0000,0.0000,0.00000,0.0120,0.0000,3.2250,36.033,FEASIBLE,0,0.00
109.600,-0.00184,-0.00003,0.00005,0.0000,0.0000,0.00000,0.0031,0.0000,3.2250,35.161,FEASIBLE,0,0.00
109.700,-0.00184,-0.00003,0.00005,0.0000,0.0000,0.00000,0.0217,0.0000,3.2250,37.816,FEASIBLE,0,0.00
109.800,-0.00184,-0.00003,0.00005,0.0000,0.0000,0.00000,0.0001,0.0000,3.2250,36.871,FEASIBLE,0,0.00
109.900,-0.00184,-0.00003,0.00005,0.0000,0.0000,0.00000,0.0115,0.0000,3.2250,37.203,FEASIBLE,0,0.00
110.002,-0.00184,-0.00003,0.00005,0.0000,0.0000,0.00000,0.0052,0.0000,3.2250,37.205,FEASIBLE,0,0.00
110.102,-0.00184,-0.00003,0.00005,0.0000,0.0000,0.00000,0.0299,0.0000,3.2250,36.695,FEASIBLE,0,0.00
110.200,-0.00184,-0.00003,0.00005,0.0000,0.0000,0.00000,0.0141,0.0000,3.2250,37.617,FEASIBLE,0,0.00
110.300,-0.00184,-0.00003,0.00005,0.0000,0.0000,0.00000,0.0106,0.0000,3.2250,36.152,FEASIBLE,0,0.00
110.400,-0.00184,-0.00003,0.00005,0.0000,0.0000,0.00000,0.0152,0.0000,3.2250,37.383,FEASIBLE,0,0.00
110.500,-0.00184,-0.00003,0.00005,0.0000,0.0000,0.00000,0.0123,0.0000,3.2250,38.162,FEASIBLE,0,0.00
110.600,-0.00184,-0.00003,0.00005,0.0000,0.0000,0.00000,0.0242,0.0000,3.2250,36.414,FEASIBLE,0,0.00
110.700,-0.00184,-0.00003,0.00005,0.0000,0.0000,0.00000,0.0204,0.0000,3.2250,37.669,FEASIBLE,0,0.00
110.800,-0.00184,-0.00003,0.00005,0.0000,0.0000,0.00000,0.0165,0.0000,3.2250,41.884,FEASIBLE,0,0.00
110.900,-0.00184,-0.00003,0.00005,0.0000,0.0000,0.00000,0.0122,0.0000,3.2250,39.346,FEASIBLE,0,0.00
111.000,-0.00184,-0.00003,0.00005,0.0000,0.0000,0.00000,0.0040,0.0000,3.2250,39.954,FEASIBLE,0,0.00
111.100,-0.00184,-0.00003,0.00005,0.0000,0.0000,0.00000,0.0097,0.0000,3.2250,37.892,FEASIBLE,0,0.00
111.200,-0.00184,-0.00003,0.00005,0.0000,0.0000,0.00000,0.0291,0.0000,3.2250,38.220,FEASIBLE,0,0.00
111.300,-0.00184,-0.00003,0.00005,0.0000,0.0000,0.00000,0.0134,0.0000,3.2250,41.897,FEASIBLE,0,0.00
111.400,-0.00184,-0.00003,0.00005,0.0000,0.0000,0.00000,0.0123,0.0000,3.2250,38.239,FEASIBLE,0,0.00
111.500,-0.00184,-0.00003,0.00005,0.0000,0.0000,0.00000,0.0111,0.0000,3.2250,36.145,FEASIBLE,0,0.00
111.600,-0.00184,-0.00003,0.00005,0.0000,0.0000,0.00000,0.0096,0.0000,3.2250,35.498,FEASIBLE,0,0.00
111.700,-0.00184,-0.00003,0.00005,0.0000,0.0000,0.00000,0.0260,0.0000,3.2250,35.862,FEASIBLE,0,0.00
111.800,-0.00184,-0.00003,0.00005,0.0000,0.0000,0.00000,0.0103,0.0000,3.2250,37.266,FEASIBLE,0,0.00
111.900,-0.00184,-0.00003,0.00005,0.0000,0.0000,0.00000,0.0115,0.0000,3.2250,35.741,FEASIBLE,0,0.00
112.000,-0.00184,-0.00003,0.00005,0.0000,0.0000,0.00000,0.0051,0.0000,3.2250,35.090,FEASIBLE,0,0.00
112.100,-0.00184,-0.00003,0.00005,0.0000,0.0000,0.00000,0.0220,0.0000,3.2250,36.220,FEASIBLE,0,0.00
112.200,-0.00184,-0.00003,0.00005,0.0000,0.0000,0.00000,0.0326,0.0000,3.2250,34.809,FEASIBLE,0,0.00
112.300,-0.00184,-0.00003,0.00005,0.0000,0.0000,0.00000,0.0011,0.0000,3.2250,34.589,FEASIBLE,0,0.00
112.400,-0.00184,-0.00003,0.00005,0.0000,0.0000,0.00000,0.0094,0.0000,3.2250,36.622,FEASIBLE,0,0.00
112.500,-0.00184,-0.00003,0.00005,0.0000,0.0000,0.00000,0.0032,0.0000,3.2250,34.562,FEASIBLE,0,0.00
112.600,-0.00184,-0.00003,0.00005,0.0000,0.0000,0.00000,0.0076,0.0000,3.2250,36.910,FEASIBLE,0,0.00
112.700,-0.00184,-0.00003,0.00005,0.0000,0.0000,0.00000,0.0254,0.0000,3.2250,34.814,FEASIBLE,0,0.00
112.800,-0.00184,-0.00003,0.00005,0.0000,0.0000,0.00000,0.0259,0.0000,3.2250,36.275,FEASIBLE,0,0.00
112.900,-0.00184,-0.00003,0.00005,0.0000,0.0000,0.00000,0.0013,0.0000,3.2250,35.927,FEASIBLE,0,0.00
113.000,-0.00184,-0.00003,0.00005,0.0000,0.0000,0.00000,0.0076,0.0000,3.2250,35.374,FEASIBLE,0,0.00
113.100,-0.00184,-0.00003,0.00005,0.0000,0.0000,0.00000,0.0310,0.0000,3.2250,36.656,FEASIBLE,0,0.00
113.202,-0.00184,-0.00003,0.00005,0.0000,0.0000,0.00000,0.0258,0.0000,3.2250,35.394,FEASIBLE,0,0.00
113.302,-0.00184,-0.00003,0.00005,0.0000,0.0000,0.00000,0.0143,0.0000,3.2250,35.554,FEASIBLE,0,0.00
113.402,-0.00184,-0.00003,0.00005,0.0000,0.0000,0.00000,0.0180,0.0000,3.2250,34.927,FEASIBLE,0,0.00
113.502,-0.00184,-0.00003,0.00005,0.0000,0.0000,0.00000,0.0234,0.0000,3.2250,36.174,FEASIBLE,0,0.00
113.600,-0.00184,-0.00003,0.00005,0.0000,0.0000,0.00000,0.0247,0.0000,3.2250,37.911,FEASIBLE,0,0.00
113.700,-0.00184,-0.00003,0.00005,0.0000,0.0000,0.00000,0.0130,0.0000,3.2250,34.700,FEASIBLE,0,0.00
113.800,-0.00184,-0.00003,0.00005,0.0000,0.0000,0.00000,0.0127,0.0000,3.2250,37.153,FEASIBLE,0,0.00
113.900,-0.00184,-0.00003,0.00005,0.0000,0.0000,0.00000,0.0187,0.0000,3.2250,37.440,FEASIBLE,0,0.00
114.000,-0.00184,-0.00003,0.00005,0.0000,0.0000,0.00000,0.0184,0.0000,3.2250,36.488,FEASIBLE,0,0.00
114.100,-0.00184,-0.00003,0.00005,0.0000,0.0000,0.00000,0.0033,0.0000,3.2250,37.233,FEASIBLE,0,0.00
114.200,-0.00184,-0.00003,0.00005,0.0000,0.0000,0.00000,0.0275,0.0000,3.2250,36.444,FEASIBLE,0,0.00
114.300,-0.00184,-0.00003,0.00005,0.0000,0.0000,0.00000,0.0213,0.0000,3.2250,38.217,FEASIBLE,0,0.00
114.400,-0.00184,-0.00003,0.00005,0.0000,0.0000,0.00000,0.0174,0.0000,3.2250,41.589,FEASIBLE,0,0.00
114.500,-0.00184,-0.00003,0.00005,0.0000,0.0000,0.00000,0.0075,0.0000,3.2250,57.758,FEASIBLE,0,0.00
114.600,-0.00184,-0.00003,0.00005,0.0000,0.0000,0.00000,0.0001,0.0000,3.2250,42.462,FEASIBLE,0,0.00
114.700,-0.00184,-0.00003,0.00005,0.0000,0.0000,0.00000,0.0090,0.0000,3.2250,40.939,FEASIBLE,0,0.00
114.802,-0.00184,-0.00003,0.00005,0.0000,0.0000,0.00000,0.0181,0.0000,3.2250,41.034,FEASIBLE,0,0.00
114.900,-0.00184,-0.00003,0.00005,0.0000,0.0000,0.00000,0.0003,0.0000,3.2250,46.758,FEASIBLE,0,0.00
115.000,-0.00184,-0.00003,0.00005,0.0000,0.0000,0.00000,0.0130,0.0000,3.2250,43.679,FEASIBLE,0,0.00
115.100,-0.00184,-0.00003,0.00005,0.0000,0.0000,0.00000,0.0000,0.0000,3.2250,42.364,FEASIBLE,0,0.00
115.200,-0.00184,-0.00003,0.00005,0.0000,0.0000,0.00000,0.0511,0.0000,3.2250,39.593,FEASIBLE,0,0.00
115.300,-0.00184,-0.00003,0.00005,0.0000,0.0000,0.00000,0.0166,0.0000,3.2250,38.177,FEASIBLE,0,0.00
115.400,-0.00184,-0.00003,0.00005,0.0000,0.0000,0.00000,0.0137,0.0000,3.2250,36.634,FEASIBLE,0,0.00
115.500,-0.00184,-0.00003,0.00005,0.0000,0.0000,0.00000,0.0028,0.0000,3.2250,36.099,FEASIBLE,0,0.00
115.600,-0.00184,-0.00003,0.00005,0.0000,0.0000,0.00000,0.0166,0.0000,3.2250,36.254,FEASIBLE,0,0.00
115.700,-0.00184,-0.00003,0.00005,0.0000,0.0000,0.00000,0.0239,0.0000,3.2250,36.053,FEASIBLE,0,0.00
115.800,-0.00184,-0.00003,0.00005,0.0000,0.0000,0.00000,0.0130,0.0000,3.2250,35.534,FEASIBLE,0,0.00
115.900,-0.00184,-0.00003,0.00005,0.0000,0.0000,0.00000,0.0074,0.0000,3.2250,37.259,FEASIBLE,0,0.00
116.000,-0.00184,-0.00003,0.00005,0.0000,0.0000,0.00000,0.0024,0.0000,3.2250,37.734,FEASIBLE,0,0.00
116.100,-0.00184,-0.00003,0.00005,0.0000,0.0000,0.00000,0.0229,0.0000,3.2250,39.791,FEASIBLE,0,0.00
116.200,-0.00184,-0.00003,0.00005,0.0000,0.0000,0.00000,0.0344,0.0000,3.2250,45.863,FEASIBLE,0,0.00
116.300,-0.00184,-0.00003,0.00005,0.0000,0.0000,0.00000,0.0245,0.0000,3.2250,49.786,FEASIBLE,0,0.00
116.400,-0.00184,-0.00003,0.00005,0.0000,0.0000,0.00000,0.0016,0.0000,3.2250,44.549,FEASIBLE,0,0.00
116.500,-0.00184,-0.00003,0.00005,0.0000,0.0000,0.00000,0.0107,0.0000,3.2250,45.780,FEASIBLE,0,0.00
116.600,-0.00184,-0.00003,0.00005,0.0000,0.0000,0.00000,0.0147,0.0000,3.2250,43.580,FEASIBLE,0,0.00
116.700,-0.00184,-0.00003,0.00005,0.0000,0.0000,0.00000,0.0053,0.0000,3.2250,42.652,FEASIBLE,0,0.00
116.804,-0.00184,-0.00003,0.00005,0.0000,0.0000,0.00000,0.0069,0.0000,3.2250,44.136,FEASIBLE,0,0.00
116.902,-0.00184,-0.00003,0.00005,0.0000,0.0000,0.00000,0.0234,0.0000,3.2250,46.291,FEASIBLE,0,0.00
117.000,-0.00184,-0.00003,0.00005,0.0000,0.0000,0.00000,0.0106,0.0000,3.2250,41.688,FEASIBLE,0,0.00
117.100,-0.00184,-0.00003,0.00005,0.0000,0.0000,0.00000,0.0093,0.0000,3.2250,61.801,FEASIBLE,0,0.00
117.200,-0.00184,-0.00003,0.00005,0.0000,0.0000,0.00000,0.0026,0.0000,3.2250,46.695,FEASIBLE,0,0.00
117.300,-0.00184,-0.00003,0.00005,0.0000,0.0000,0.00000,0.0142,0.0000,3.2250,43.796,FEASIBLE,0,0.00
117.404,-0.00184,-0.00003,0.00005,0.0000,0.0000,0.00000,0.0233,0.0000,3.2250,42.124,FEASIBLE,0,0.00
117.500,-0.00184,-0.00003,0.00005,0.0000,0.0000,0.00000,0.0063,0.0000,3.2250,44.983,FEASIBLE,0,0.00
117.600,-0.00184,-0.00003,0.00005,0.0000,0.0000,0.00000,0.0168,0.0000,3.2250,40.321,FEASIBLE,0,0.00
117.700,-0.00184,-0.00003,0.00005,0.0000,0.0000,0.00000,0.0307,0.0000,3.2250,41.245,FEASIBLE,0,0.00
117.800,-0.00184,-0.00003,0.00005,0.0000,0.0000,0.00000,0.0060,0.0000,3.2250,45.230,FEASIBLE,0,0.00
117.900,-0.00184,-0.00003,0.00005,0.0000,0.0000,0.00000,0.0163,0.0000,3.2250,49.719,FEASIBLE,0,0.00
118.000,-0.00184,-0.00003,0.00005,0.0000,0.0000,0.00000,0.0101,0.0000,3.2250,44.258,FEASIBLE,0,0.00
118.100,-0.00184,-0.00003,0.00005,0.0000,0.0000,0.00000,0.0223,0.0000,3.2250,41.750,FEASIBLE,0,0.00
118.200,-0.00184,-0.00003,0.00005,0.0000,0.0000,0.00000,0.0093,0.0000,3.2250,42.332,FEASIBLE,0,0.00
118.302,-0.00184,-0.00003,0.00005,0.0000,0.0000,0.00000,0.0054,0.0000,3.2250,45.288,FEASIBLE,0,0.00
118.400,-0.00184,-0.00003,0.00005,0.0000,0.0000,0.00000,0.0191,0.0000,3.2250,46.115,FEASIBLE,0,0.00
118.500,-0.00184,-0.00003,0.00005,0.0000,0.0000,0.00000,0.0392,0.0000,3.2250,58.737,FEASIBLE,0,0.00
118.600,-0.00184,-0.00003,0.00005,0.0000,0.0000,0.00000,0.0273,0.0000,3.2250,49.507,FEASIBLE,0,0.00
118.700,-0.00184,-0.00003,0.00005,0.0000,0.0000,0.00000,0.0180,0.0000,3.2250,47.749,FEASIBLE,0,0.00
118.800,-0.00184,-0.00003,0.00005,0.0000,0.0000,0.00000,0.0203,0.0000,3.2250,48.017,FEASIBLE,0,0.00
118.900,-0.00184,-0.00003,0.00005,0.0000,0.0000,0.00000,0.0033,0.0000,3.2250,49.345,FEASIBLE,0,0.00
119.000,-0.00184,-0.00003,0.00005,0.0000,0.0000,0.00000,0.0154,0.0000,3.2250,44.374,FEASIBLE,0,0.00
119.100,-0.00184,-0.00003,0.00005,0.0000,0.0000,0.00000,0.0412,0.0000,3.2250,44.148,FEASIBLE,0,0.00
119.200,-0.00184,-0.00003,0.00005,0.0000,0.0000,0.00000,0.0145,0.0000,3.2250,46.130,FEASIBLE,0,0.00
119.300,-0.00184,-0.00003,0.00005,0.0000,0.0000,0.00000,0.0028,0.0000,3.2250,45.872,FEASIBLE,0,0.00
119.400,-0.00184,-0.00003,0.00005,0.0000,0.0000,0.00000,0.0272,0.0000,3.2250,53.818,FEASIBLE,0,0.00
119.500,-0.00184,-0.00003,0.00005,0.0000,0.0000,0.00000,0.0023,0.0000,3.2250,43.036,FEASIBLE,0,0.00
119.600,-0.00184,-0.00003,0.00005,0.0000,0.0000,0.00000,0.0039,0.0000,3.2250,40.581,FEASIBLE,0,0.00
119.700,-0.00184,-0.00003,0.00005,0.0000,0.0000,0.00000,0.0201,0.0000,3.2250,39.958,FEASIBLE,0,0.00
119.800,-0.00184,-0.00003,0.00005,0.0000,0.0000,0.00000,0.0120,0.0000,3.2250,39.567,FEASIBLE,0,0.00
119.900,-0.00184,-0.00003,0.00005,0.0000,0.0000,0.00000,0.0054,0.0000,3.2250,41.574,FEASIBLE,0,0.00
120.000,-0.00184,-0.00003,0.00005,0.0000,0.0000,0.00000,0.0175,0.0000,3.2250,45.989,FEASIBLE,0,0.00
120.100,-0.00184,-0.00003,0.00005,0.0000,0.0000,0.00000,0.0263,0.0000,3.2250,51.552,FEASIBLE,0,0.00
120.202,-0.00184,-0.00003,0.00005,0.0000,0.0000,0.00000,0.0279,0.0000,3.2250,43.167,FEASIBLE,0,0.00
120.300,-0.00184,-0.00003,0.00005,0.0000,0.0000,0.00000,0.0076,0.0000,3.2250,40.359,FEASIBLE,0,0.00
120.400,-0.00184,-0.00003,0.00005,0.0000,0.0000,0.00000,0.0139,0.0000,3.2250,39.525,FEASIBLE,0,0.00
120.500,-0.00184,-0.00003,0.00005,0.0000,0.0000,0.00000,0.0255,0.0000,3.2250,37.422,FEASIBLE,0,0.00
120.600,-0.00184,-0.00003,0.00005,0.0000,0.0000,0.00000,0.0140,0.0000,3.2250,35.656,FEASIBLE,0,0.00
120.700,-0.00184,-0.00003,0.00005,0.0000,0.0000,0.00000,0.0222,0.0000,3.2250,44.690,FEASIBLE,0,0.00
120.800,-0.00184,-0.00003,0.00005,0.0000,0.0000,0.00000,0.0228,0.0000,3.2250,37.831,FEASIBLE,0,0.00
120.900,-0.00184,-0.00003,0.00005,0.0000,0.0000,0.00000,0.0371,0.0000,3.2250,36.985,FEASIBLE,0,0.00
121.000,-0.00184,-0.00003,0.00005,0.0000,0.0000,0.00000,0.0101,0.0000,3.2250,38.103,FEASIBLE,0,0.00
121.100,-0.00184,-0.00003,0.00005,0.0000,0.0000,0.00000,0.0205,0.0000,3.2250,37.609,FEASIBLE,0,0.00
121.200,-0.00184,-0.00003,0.00005,0.0000,0.0000,0.00000,0.0187,0.0000,3.2250,38.228,FEASIBLE,0,0.00
121.300,-0.00184,-0.00003,0.00005,0.0000,0.0000,0.00000,0.0152,0.0000,3.2250,37.507,FEASIBLE,0,0.00
121.400,-0.00184,-0.00003,0.00005,0.0000,0.0000,0.00000,0.0193,0.0000,3.2250,37.000,FEASIBLE,0,0.00
121.500,-0.00184,-0.00003,0.00005,0.0000,0.0000,0.00000,0.0195,0.0000,3.2250,37.041,FEASIBLE,0,0.00
121.600,-0.00184,-0.00003,0.00005,0.0000,0.0000,0.00000,0.0049,0.0000,3.2250,39.168,FEASIBLE,0,0.00
121.700,-0.00184,-0.00003,0.00005,0.0000,0.0000,0.00000,0.0056,0.0000,3.2250,39.173,FEASIBLE,0,0.00
121.800,-0.00184,-0.00003,0.00005,0.0000,0.0000,0.00000,0.0118,0.0000,3.2250,45.578,FEASIBLE,0,0.00
121.900,-0.00184,-0.00003,0.00005,0.0000,0.0000,0.00000,0.0165,0.0000,3.2250,43.315,FEASIBLE,0,0.00
122.000,-0.00184,-0.00003,0.00005,0.0000,0.0000,0.00000,0.0114,0.0000,3.2250,41.598,FEASIBLE,0,0.00
122.100,-0.00184,-0.00003,0.00005,0.0000,0.0000,0.00000,0.0286,0.0000,3.2250,40.958,FEASIBLE,0,0.00
122.200,-0.00184,-0.00003,0.00005,0.0000,0.0000,0.00000,0.0065,0.0000,3.2250,42.132,FEASIBLE,0,0.00
122.300,-0.00184,-0.00003,0.00005,0.0000,0.0000,0.00000,0.0374,0.0000,3.2250,47.542,FEASIBLE,0,0.00
122.400,-0.00184,-0.00003,0.00005,0.0000,0.0000,0.00000,0.0088,0.0000,3.2250,47.018,FEASIBLE,0,0.00
122.500,-0.00184,-0.00003,0.00005,0.0000,0.0000,0.00000,0.0217,0.0000,3.2250,44.992,FEASIBLE,0,0.00
122.600,-0.00184,-0.00003,0.00005,0.0000,0.0000,0.00000,0.0196,0.0000,3.2250,45.268,FEASIBLE,0,0.00
122.700,-0.00184,-0.00003,0.00005,0.0000,0.0000,0.00000,0.0027,0.0000,3.2250,41.807,FEASIBLE,0,0.00
122.800,-0.00184,-0.00003,0.00005,0.0000,0.0000,0.00000,0.0204,0.0000,3.2250,42.678,FEASIBLE,0,0.00
122.900,-0.00184,-0.00003,0.00005,0.0000,0.0000,0.00000,0.0099,0.0000,3.2250,42.063,FEASIBLE,0,0.00
123.000,-0.00184,-0.00003,0.00005,0.0000,0.0000,0.00000,0.0067,0.0000,3.2250,42.656,FEASIBLE,0,0.00
123.100,-0.00184,-0.00003,0.00005,0.0000,0.0000,0.00000,0.0225,0.0000,3.2250,40.994,FEASIBLE,0,0.00
123.202,-0.00184,-0.00003,0.00005,0.0000,0.0000,0.00000,0.0078,0.0000,3.2250,38.677,FEASIBLE,0,0.00
123.300,-0.00184,-0.00003,0.00005,0.0000,0.0000,0.00000,0.0324,0.0000,3.2250,38.191,FEASIBLE,0,0.00
123.402,-0.00184,-0.00003,0.00005,0.0000,0.0000,0.00000,0.0219,0.0000,3.2250,38.126,FEASIBLE,0,0.00
123.502,-0.00184,-0.00003,0.00005,0.0000,0.0000,0.00000,0.0048,0.0000,3.2250,38.284,FEASIBLE,0,0.00
123.600,-0.00184,-0.00003,0.00005,0.0000,0.0000,0.00000,0.0070,0.0000,3.2250,37.552,FEASIBLE,0,0.00
123.702,-0.00184,-0.00003,0.00005,0.0000,0.0000,0.00000,0.0275,0.0000,3.2250,37.990,FEASIBLE,0,0.00
123.800,-0.00184,-0.00003,0.00005,0.0000,0.0000,0.00000,0.0147,0.0000,3.2250,42.397,FEASIBLE,0,0.00
123.900,-0.00184,-0.00003,0.00005,0.0000,0.0000,0.00000,0.0002,0.0000,3.2250,43.225,FEASIBLE,0,0.00
124.000,-0.00184,-0.00003,0.00005,0.0000,0.0000,0.00000,0.0212,0.0000,3.2250,43.366,FEASIBLE,0,0.00
124.100,-0.00184,-0.00003,0.00005,0.0000,0.0000,0.00000,0.0193,0.0000,3.2250,40.134,FEASIBLE,0,0.00
124.200,-0.00184,-0.00003,0.00005,0.0000,0.0000,0.00000,0.0014,0.0000,3.2250,39.776,FEASIBLE,0,0.00
124.300,-0.00184,-0.00003,0.00005,0.0000,0.0000,0.00000,0.0010,0.0000,3.2250,39.413,FEASIBLE,0,0.00
124.400,-0.00184,-0.00003,0.00005,0.0000,0.0000,0.00000,0.0164,0.0000,3.2250,40.526,FEASIBLE,0,0.00
124.500,-0.00184,-0.00003,0.00005,0.0000,0.0000,0.00000,0.0127,0.0000,3.2250,40.392,FEASIBLE,0,0.00
124.600,-0.00184,-0.00003,0.00005,0.0000,0.0000,0.00000,0.0017,0.0000,3.2250,38.865,FEASIBLE,0,0.00
124.700,-0.00184,-0.00003,0.00005,0.0000,0.0000,0.00000,0.0245,0.0000,3.2250,38.902,FEASIBLE,0,0.00
124.800,-0.00184,-0.00003,0.00005,0.0000,0.0000,0.00000,0.0127,0.0000,3.2250,40.862,FEASIBLE,0,0.00
124.900,-0.00184,-0.00003,0.00005,0.0000,0.0000,0.00000,0.0156,0.0000,3.2250,38.673,FEASIBLE,0,0.00
125.000,-0.00184,-0.00003,0.00005,0.0000,0.0000,0.00000,0.0328,0.0000,3.2250,38.918,FEASIBLE,0,0.00
125.100,-0.00184,-0.00003,0.00005,0.0000,0.0000,0.00000,0.0231,0.0000,3.2250,39.146,FEASIBLE,0,0.00
125.200,-0.00184,-0.00003,0.00005,0.0000,0.0000,0.00000,0.0171,0.0000,3.2250,39.104,FEASIBLE,0,0.00
125.300,-0.00184,-0.00003,0.00005,0.0000,0.0000,0.00000,0.0144,0.0000,3.2250,38.145,FEASIBLE,0,0.00
125.400,-0.00184,-0.00003,0.00005,0.0000,0.0000,0.00000,0.0218,0.0000,3.2250,42.062,FEASIBLE,0,0.00
125.500,-0.00184,-0.00003,0.00005,0.0000,0.0000,0.00000,0.0003,0.0000,3.2250,39.507,FEASIBLE,0,0.00
125.600,-0.00184,-0.00003,0.00005,0.0000,0.0000,0.00000,0.0005,0.0000,3.2250,37.908,FEASIBLE,0,0.00
125.700,-0.00184,-0.00003,0.00005,0.0000,0.0000,0.00000,0.0256,0.0000,3.2250,37.959,FEASIBLE,0,0.00
125.800,-0.00184,-0.00003,0.00005,0.0000,0.0000,0.00000,0.0241,0.0000,3.2250,38.855,FEASIBLE,0,0.00
125.900,-0.00184,-0.00003,0.00005,0.0000,0.0000,0.00000,0.0177,0.0000,3.2250,38.820,FEASIBLE,0,0.00
126.000,-0.00184,-0.00003,0.00005,0.0000,0.0000,0.00000,0.0190,0.0000,3.2250,36.846,FEASIBLE,0,0.00
126.100,-0.00184,-0.00003,0.00005,0.0000,0.0000,0.00000,0.0208,0.0000,3.2250,39.072,FEASIBLE,0,0.00
126.200,-0.00184,-0.00003,0.00005,0.0000,0.0000,0.00000,0.0290,0.0000,3.2250,39.741,FEASIBLE,0,0.00
126.300,-0.00184,-0.00003,0.00005,0.0000,0.0000,0.00000,0.0263,0.0000,3.2250,40.614,FEASIBLE,0,0.00
126.400,-0.00184,-0.00003,0.00005,0.0000,0.0000,0.00000,0.0296,0.0000,3.2250,39.957,FEASIBLE,0,0.00
126.504,-0.00184,-0.00003,0.00005,0.0000,0.0000,0.00000,0.0265,0.0000,3.2250,40.067,FEASIBLE,0,0.00
126.600,-0.00184,-0.00003,0.00005,0.0000,0.0000,0.00000,0.0059,0.0000,3.2250,40.872,FEASIBLE,0,0.00
126.700,-0.00184,-0.00003,0.00005,0.0000,0.0000,0.00000,0.0033,0.0000,3.2250,40.122,FEASIBLE,0,0.00
126.802,-0.00184,-0.00003,0.00005,0.0000,0.0000,0.00000,0.0100,0.0000,3.2250,44.268,FEASIBLE,0,0.00
126.900,-0.00184,-0.00003,0.00005,0.0000,0.0000,0.00000,0.0262,0.0000,3.2250,41.819,FEASIBLE,0,0.00
127.000,-0.00184,-0.00003,0.00005,0.0000,0.0000,0.00000,0.0093,0.0000,3.2250,41.285,FEASIBLE,0,0.00
127.100,-0.00184,-0.00003,0.00005,0.0000,0.0000,0.00000,0.0035,0.0000,3.2250,41.333,FEASIBLE,0,0.00
127.200,-0.00184,-0.00003,0.00005,0.0000,0.0000,0.00000,0.0055,0.0000,3.2250,40.719,FEASIBLE,0,0.00
127.300,-0.00184,-0.00003,0.00005,0.0000,0.0000,0.00000,0.0070,0.0000,3.2250,40.475,FEASIBLE,0,0.00
127.400,-0.00184,-0.00003,0.00005,0.0000,0.0000,0.00000,0.0180,0.0000,3.2250,40.977,FEASIBLE,0,0.00
127.500,-0.00184,-0.00003,0.00005,0.0000,0.0000,0.00000,0.0166,0.0000,3.2250,41.038,FEASIBLE,0,0.00
127.600,-0.00184,-0.00003,0.00005,0.0000,0.0000,0.00000,0.0043,0.0000,3.2250,39.146,FEASIBLE,0,0.00
127.700,-0.00184,-0.00003,0.00005,0.0000,0.0000,0.00000,0.0136,0.0000,3.2250,39.998,FEASIBLE,0,0.00
127.800,-0.00184,-0.00003,0.00005,0.0000,0.0000,0.00000,0.0244,0.0000,3.2250,38.157,FEASIBLE,0,0.00
127.900,-0.00184,-0.00003,0.00005,0.0000,0.0000,0.00000,0.0096,0.0000,3.2250,43.554,FEASIBLE,0,0.00
128.000,-0.00184,-0.00003,0.00005,0.0000,0.0000,0.00000,0.0077,0.0000,3.2250,40.639,FEASIBLE,0,0.00
128.100,-0.00184,-0.00003,0.00005,0.0000,0.0000,0.00000,0.0066,0.0000,3.2250,41.438,FEASIBLE,0,0.00
128.200,-0.00184,-0.00003,0.00005,0.0000,0.0000,0.00000,0.0090,0.0000,3.2250,41.194,FEASIBLE,0,0.00
128.300,-0.00184,-0.00003,0.00005,0.0000,0.0000,0.00000,0.0134,0.0000,3.2250,44.455,FEASIBLE,0,0.00
128.400,-0.00184,-0.00003,0.00005,0.0000,0.0000,0.00000,0.0162,0.0000,3.2250,40.981,FEASIBLE,0,0.00
128.500,-0.00184,-0.00003,0.00005,0.0000,0.0000,0.00000,0.0047,0.0000,3.2250,39.904,FEASIBLE,0,0.00
128.600,-0.00184,-0.00003,0.00005,0.0000,0.0000,0.00000,0.0220,0.0000,3.2250,40.705,FEASIBLE,0,0.00
128.700,-0.00184,-0.00003,0.00005,0.0000,0.0000,0.00000,0.0301,0.0000,3.2250,44.157,FEASIBLE,0,0.00
128.800,-0.00184,-0.00003,0.00005,0.0000,0.0000,0.00000,0.0286,0.0000,3.2250,43.080,FEASIBLE,0,0.00
128.900,-0.00184,-0.00003,0.00005,0.0000,0.0000,0.00000,0.0117,0.0000,3.2250,41.376,FEASIBLE,0,0.00
129.000,-0.00184,-0.00003,0.00005,0.0000,0.0000,0.00000,0.0085,0.0000,3.2250,42.010,FEASIBLE,0,0.00
129.100,-0.00184,-0.00003,0.00005,0.0000,0.0000,0.00000,0.0298,0.0000,3.2250,43.210,FEASIBLE,0,0.00
129.200,-0.00184,-0.00003,0.00005,0.0000,0.0000,0.00000,0.0240,0.0000,3.2250,43.135,FEASIBLE,0,0.00
129.300,-0.00184,-0.00003,0.00005,0.0000,0.0000,0.00000,0.0001,0.0000,3.2250,42.487,FEASIBLE,0,0.00
129.400,-0.00184,-0.00003,0.00005,0.0000,0.0000,0.00000,0.0222,0.0000,3.2250,39.946,FEASIBLE,0,0.00
129.500,-0.00184,-0.00003,0.00005,0.0000,0.0000,0.00000,0.0088,0.0000,3.2250,39.502,FEASIBLE,0,0.00
129.600,-0.00184,-0.00003,0.00005,0.0000,0.0000,0.00000,0.0188,0.0000,3.2250,42.199,FEASIBLE,0,0.00
129.700,-0.00184,-0.00003,0.00005,0.0000,0.0000,0.00000,0.0058,0.0000,3.2250,43.137,FEASIBLE,0,0.00
129.800,-0.00184,-0.00003,0.00005,0.0000,0.0000,0.00000,0.0026,0.0000,3.2250,43.153,FEASIBLE,0,0.00
129.906,-0.00184,-0.00003,0.00005,0.0000,0.0000,0.00000,0.0086,0.0000,3.2250,40.798,FEASIBLE,0,0.00
130.002,-0.00184,-0.00003,0.00005,0.0000,0.0000,0.00000,0.0180,0.0000,3.2250,40.606,FEASIBLE,0,0.00
130.104,-0.00184,-0.00003,0.00005,0.0000,0.0000,0.00000,0.0139,0.0000,3.2250,40.543,FEASIBLE,0,0.00
130.200,-0.00184,-0.00003,0.00005,0.0000,0.0000,0.00000,0.0191,0.0000,3.2250,39.654,FEASIBLE,0,0.00
130.300,-0.00184,-0.00003,0.00005,0.0000,0.0000,0.00000,0.0106,0.0000,3.2250,39.858,FEASIBLE,0,0.00
130.400,-0.00184,-0.00003,0.00005,0.0000,0.0000,0.00000,0.0152,0.0000,3.2250,39.876,FEASIBLE,0,0.00
130.500,-0.00184,-0.00003,0.00005,0.0000,0.0000,0.00000,0.0014,0.0000,3.2250,37.951,FEASIBLE,0,0.00
130.600,-0.00184,-0.00003,0.00005,0.0000,0.0000,0.00000,0.0164,0.0000,3.2250,37.810,FEASIBLE,0,0.00
130.700,-0.00184,-0.00003,0.00005,0.0000,0.0000,0.00000,0.0124,0.0000,3.2250,37.667,FEASIBLE,0,0.00
130.800,-0.00184,-0.00003,0.00005,0.0000,0.0000,0.00000,0.0126,0.0000,3.2250,38.209,FEASIBLE,0,0.00
130.900,-0.00184,-0.00003,0.00005,0.0000,0.0000,0.00000,0.0295,0.0000,3.2250,37.924,FEASIBLE,0,0.00
131.000,-0.00184,-0.00003,0.00005,0.0000,0.0000,0.00000,0.0179,0.0000,3.2250,39.138,FEASIBLE,0,0.00
131.100,-0.00184,-0.00003,0.00005,0.0000,0.0000,0.00000,0.0291,0.0000,3.2250,58.171,FEASIBLE,0,0.00
131.200,-0.00184,-0.00003,0.00005,0.0000,0.0000,0.00000,0.0332,0.0000,3.2250,43.363,FEASIBLE,0,0.00
131.300,-0.00184,-0.00003,0.00005,0.0000,0.0000,0.00000,0.0250,0.0000,3.2250,49.822,FEASIBLE,0,0.00
131.400,-0.00184,-0.00003,0.00005,0.0000,0.0000,0.00000,0.0061,0.0000,3.2250,43.449,FEASIBLE,0,0.00
131.500,-0.00184,-0.00003,0.00005,0.0000,0.0000,0.00000,0.0068,0.0000,3.2250,41.169,FEASIBLE,0,0.00
131.600,-0.00184,-0.00003,0.00005,0.0000,0.0000,0.00000,0.0055,0.0000,3.2250,41.367,FEASIBLE,0,0.00
131.700,-0.00184,-0.00003,0.00005,0.0000,0.0000,0.00000,0.0068,0.0000,3.2250,43.347,FEASIBLE,0,0.00
131.800,-0.00184,-0.00003,0.00005,0.0000,0.0000,0.00000,0.0095,0.0000,3.2250,43.634,FEASIBLE,0,0.00
131.900,-0.00184,-0.00003,0.00005,0.0000,0.0000,0.00000,0.0222,0.0000,3.2250,52.412,FEASIBLE,0,0.00
132.000,-0.00184,-0.00003,0.00005,0.0000,0.0000,0.00000,0.0287,0.0000,3.2250,46.803,FEASIBLE,0,0.00
132.100,-0.00184,-0.00003,0.00005,0.0000,0.0000,0.00000,0.0068,0.0000,3.2250,54.634,FEASIBLE,0,0.00
132.200,-0.00184,-0.00003,0.00005,0.0000,0.0000,0.00000,0.0147,0.0000,3.2250,54.929,FEASIBLE,0,0.00
132.300,-0.00184,-0.00003,0.00005,0.0000,0.0000,0.00000,0.0160,0.0000,3.2250,45.178,FEASIBLE,0,0.00
132.400,-0.00184,-0.00003,0.00005,0.0000,0.0000,0.00000,0.0029,0.0000,3.2250,44.602,FEASIBLE,0,0.00
132.500,-0.00184,-0.00003,0.00005,0.0000,0.0000,0.00000,0.0105,0.0000,3.2250,58.813,FEASIBLE,0,0.00
132.600,-0.00184,-0.00003,0.00005,0.0000,0.0000,0.00000,0.0054,0.0000,3.2250,49.826,FEASIBLE,0,0.00
132.700,-0.00184,-0.00003,0.00005,0.0000,0.0000,0.00000,0.0301,0.0000,3.2250,51.347,FEASIBLE,0,0.00
132.800,-0.00184,-0.00003,0.00005,0.0000,0.0000,0.00000,0.0288,0.0000,3.2250,50.304,FEASIBLE,0,0.00
132.900,-0.00184,-0.00003,0.00005,0.0000,0.0000,0.00000,0.0114,0.0000,3.2250,79.753,FEASIBLE,0,0.00
133.000,-0.00184,-0.00003,0.00005,0.0000,0.0000,0.00000,0.0053,0.0000,3.2250,54.720,FEASIBLE,0,0.00
133.100,-0.00184,-0.00003,0.00005,0.0000,0.0000,0.00000,0.0420,0.0000,3.2250,49.334,FEASIBLE,0,0.00
133.200,-0.00184,-0.00003,0.00005,0.0000,0.0000,0.00000,0.0182,0.0000,3.2250,49.734,FEASIBLE,0,0.00
133.300,-0.00184,-0.00003,0.00005,0.0000,0.0000,0.00000,0.0063,0.0000,3.2250,46.615,FEASIBLE,0,0.00
133.400,-0.00184,-0.00003,0.00005,0.0000,0.0000,0.00000,0.0176,0.0000,3.2250,45.009,FEASIBLE,0,0.00
133.500,-0.00184,-0.00003,0.00005,0.0000,0.0000,0.00000,0.0217,0.0000,3.2250,50.106,FEASIBLE,0,0.00
133.602,-0.00184,-0.00003,0.00005,0.0000,0.0000,0.00000,0.0204,0.0000,3.2250,56.363,FEASIBLE,0,0.00
133.700,-0.00184,-0.00003,0.00005,0.0000,0.0000,0.00000,0.0404,0.0000,3.2250,46.312,FEASIBLE,0,0.00
133.804,-0.00184,-0.00003,0.00005,0.0000,0.0000,0.00000,0.0232,0.0000,3.2250,53.901,FEASIBLE,0,0.00
133.900,-0.00184,-0.00003,0.00005,0.0000,0.0000,0.00000,0.0038,0.0000,3.2250,50.293,FEASIBLE,0,0.00
134.004,-0.00184,-0.00003,0.00005,0.0000,0.0000,0.00000,0.0286,0.0000,3.2250,49.422,FEASIBLE,0,0.00
134.100,-0.00184,-0.00003,0.00005,0.0000,0.0000,0.00000,0.0160,0.0000,3.2250,53.390,FEASIBLE,0,0.00
134.200,-0.00184,-0.00003,0.00005,0.0000,0.0000,0.00000,0.0221,0.0000,3.2250,51.376,FEASIBLE,0,0.00
134.300,-0.00184,-0.00003,0.00005,0.0000,0.0000,0.00000,0.0117,0.0000,3.2250,47.147,FEASIBLE,0,0.00
134.400,-0.00184,-0.00003,0.00005,0.0000,0.0000,0.00000,0.0148,0.0000,3.2250,44.792,FEASIBLE,0,0.00
134.500,-0.00184,-0.00003,0.00005,0.0000,0.0000,0.00000,0.0106,0.0000,3.2250,41.527,FEASIBLE,0,0.00
134.600,-0.00184,-0.00003,0.00005,0.0000,0.0000,0.00000,0.0155,0.0000,3.2250,45.790,FEASIBLE,0,0.00
134.700,-0.00184,-0.00003,0.00005,0.0000,0.0000,0.00000,0.0297,0.0000,3.2250,46.434,FEASIBLE,0,0.00
134.800,-0.00184,-0.00003,0.00005,0.0000,0.0000,0.00000,0.0147,0.0000,3.2250,47.900,FEASIBLE,0,0.00
134.900,-0.00184,-0.00003,0.00005,0.0000,0.0000,0.00000,0.0037,0.0000,3.2250,44.462,FEASIBLE,0,0.00
135.000,-0.00184,-0.00003,0.00005,0.0000,0.0000,0.00000,0.0167,0.0000,3.2250,44.970,FEASIBLE,0,0.00
135.100,-0.00184,-0.00003,0.00005,0.0000,0.0000,0.00000,0.0077,0.0000,3.2250,43.222,FEASIBLE,0,0.00
135.200,-0.00184,-0.00003,0.00005,0.0000,0.0000,0.00000,0.0282,0.0000,3.2250,40.973,FEASIBLE,0,0.00
135.300,-0.00184,-0.00003,0.00005,0.0000,0.0000,0.00000,0.0065,0.0000,3.2250,41.470,FEASIBLE,0,0.00
135.400,-0.00184,-0.00003,0.00005,0.0000,0.0000,0.00000,0.0262,0.0000,3.2250,47.109,FEASIBLE,0,0.00
135.500,-0.00184,-0.00003,0.00005,0.0000,0.0000,0.00000,0.0067,0.0000,3.2250,49.514,FEASIBLE,0,0.00
135.600,-0.00184,-0.00003,0.00005,0.0000,0.0000,0.00000,0.0204,0.0000,3.2250,44.768,FEASIBLE,0,0.00
135.700,-0.00184,-0.00003,0.00005,0.0000,0.0000,0.00000,0.0271,0.0000,3.2250,47.519,FEASIBLE,0,0.00
135.800,-0.00184,-0.00003,0.00005,0.0000,0.0000,0.00000,0.0161,0.0000,3.2250,45.014,FEASIBLE,0,0.00
135.900,-0.00184,-0.00003,0.00005,0.0000,0.0000,0.00000,0.0247,0.0000,3.2250,46.413,FEASIBLE,0,0.00
136.000,-0.00184,-0.00003,0.00005,0.0000,0.0000,0.00000,0.0198,0.0000,3.2250,49.357,FEASIBLE,0,0.00
136.100,-0.00184,-0.00003,0.00005,0.0000,0.0000,0.00000,0.0267,0.0000,3.2250,43.848,FEASIBLE,0,0.00
136.200,-0.00184,-0.00003,0.00005,0.0000,0.0000,0.00000,0.0110,0.0000,3.2250,46.255,FEASIBLE,0,0.00
136.300,-0.00184,-0.00003,0.00005,0.0000,0.0000,0.00000,0.0308,0.0000,3.2250,44.495,FEASIBLE,0,0.00
136.400,-0.00184,-0.00003,0.00005,0.0000,0.0000,0.00000,0.0282,0.0000,3.2250,43.219,FEASIBLE,0,0.00
136.504,-0.00184,-0.00003,0.00005,0.0000,0.0000,0.00000,0.0192,0.0000,3.2250,45.726,FEASIBLE,0,0.00
136.600,-0.00184,-0.00003,0.00005,0.0000,0.0000,0.00000,0.0072,0.0000,3.2250,43.259,FEASIBLE,0,0.00
136.704,-0.00184,-0.00003,0.00005,0.0000,0.0000,0.00000,0.0084,0.0000,3.2250,41.420,FEASIBLE,0,0.00
136.802,-0.00184,-0.00003,0.00005,0.0000,0.0000,0.00000,0.0393,0.0000,3.2250,45.387,FEASIBLE,0,0.00
136.900,-0.00184,-0.00003,0.00005,0.0000,0.0000,0.00000,0.0112,0.0000,3.2250,43.720,FEASIBLE,0,0.00
137.000,-0.00184,-0.00003,0.00005,0.0000,0.0000,0.00000,0.0137,0.0000,3.2250,42.082,FEASIBLE,0,0.00
137.100,-0.00184,-0.00003,0.00005,0.0000,0.0000,0.00000,0.0039,0.0000,3.2250,41.903,FEASIBLE,0,0.00
137.200,-0.00184,-0.00003,0.00005,0.0000,0.0000,0.00000,0.0171,0.0000,3.2250,42.914,FEASIBLE,0,0.00
137.300,-0.00184,-0.00003,0.00005,0.0000,0.0000,0.00000,0.0224,0.0000,3.2250,44.432,FEASIBLE,0,0.00
137.400,-0.00184,-0.00003,0.00005,0.0000,0.0000,0.00000,0.0256,0.0000,3.2250,45.510,FEASIBLE,0,0.00
137.500,-0.00184,-0.00003,0.00005,0.0000,0.0000,0.00000,0.0135,0.0000,3.2250,43.695,FEASIBLE,0,0.00
137.600,-0.00184,-0.00003,0.00005,0.0000,0.0000,0.00000,0.0114,0.0000,3.2250,42.929,FEASIBLE,0,0.00
137.700,-0.00184,-0.00003,0.00005,0.0000,0.0000,0.00000,0.0031,0.0000,3.2250,49.093,FEASIBLE,0,0.00
137.800,-0.00184,-0.00003,0.00005,0.0000,0.0000,0.00000,0.0014,0.0000,3.2250,52.930,FEASIBLE,0,0.00
137.900,-0.00184,-0.00003,0.00005,0.0000,0.0000,0.00000,0.0102,0.0000,3.2250,54.016,FEASIBLE,0,0.00
138.000,-0.00184,-0.00003,0.00005,0.0000,0.0000,0.00000,0.0098,0.0000,3.2250,50.919,FEASIBLE,0,0.00
138.100,-0.00184,-0.00003,0.00005,0.0000,0.0000,0.00000,0.0180,0.0000,3.2250,44.072,FEASIBLE,0,0.00
138.200,-0.00184,-0.00003,0.00005,0.0000,0.0000,0.00000,0.0140,0.0000,3.2250,41.636,FEASIBLE,0,0.00
138.300,-0.00184,-0.00003,0.00005,0.0000,0.0000,0.00000,0.0033,0.0000,3.2250,39.658,FEASIBLE,0,0.00
138.400,-0.00184,-0.00003,0.00005,0.0000,0.0000,0.00000,0.0065,0.0000,3.2250,40.038,FEASIBLE,0,0.00
138.500,-0.00184,-0.00003,0.00005,0.0000,0.0000,0.00000,0.0174,0.0000,3.2250,41.751,FEASIBLE,0,0.00
138.600,-0.00184,-0.00003,0.00005,0.0000,0.0000,0.00000,0.0399,0.0000,3.2250,41.759,FEASIBLE,0,0.00
138.700,-0.00184,-0.00003,0.00005,0.0000,0.0000,0.00000,0.0001,0.0000,3.2250,42.836,FEASIBLE,0,0.00
138.800,-0.00184,-0.00003,0.00005,0.0000,0.0000,0.00000,0.0311,0.0000,3.2250,41.012,FEASIBLE,0,0.00
138.900,-0.00184,-0.00003,0.00005,0.0000,0.0000,0.00000,0.0304,0.0000,3.2250,41.710,FEASIBLE,0,0.00
139.000,-0.00184,-0.00003,0.00005,0.0000,0.0000,0.00000,0.0216,0.0000,3.2250,39.766,FEASIBLE,0,0.00
139.100,-0.00184,-0.00003,0.00005,0.0000,0.0000,0.00000,0.0112,0.0000,3.2250,39.074,FEASIBLE,0,0.00
139.200,-0.00184,-0.00003,0.00005,0.0000,0.0000,0.00000,0.0297,0.0000,3.2250,44.178,FEASIBLE,0,0.00
139.300,-0.00184,-0.00003,0.00005,0.0000,0.0000,0.00000,0.0126,0.0000,3.2250,42.373,FEASIBLE,0,0.00
139.400,-0.00184,-0.00003,0.00005,0.0000,0.0000,0.00000,0.0304,0.0000,3.2250,42.457,FEASIBLE,0,0.00
139.500,-0.00184,-0.00003,0.00005,0.0000,0.0000,0.00000,0.0330,0.0000,3.2250,40.827,FEASIBLE,0,0.00
139.600,-0.00184,-0.00003,0.00005,0.0000,0.0000,0.00000,0.0161,0.0000,3.2250,42.131,FEASIBLE,0,0.00
139.704,-0.00184,-0.00003,0.00005,0.0000,0.0000,0.00000,0.0249,0.0000,3.2250,44.873,FEASIBLE,0,0.00
139.800,-0.00184,-0.00003,0.00005,0.0000,0.0000,0.00000,0.0030,0.0000,3.2250,41.914,FEASIBLE,0,0.00
139.902,-0.00184,-0.00003,0.00005,0.0000,0.0000,0.00000,0.0052,0.0000,3.2250,42.760,FEASIBLE,0,0.00
140.002,-0.00184,-0.00003,0.00005,0.0000,0.0000,0.00000,0.0188,0.0000,3.2250,39.770,FEASIBLE,0,0.00
140.100,-0.00184,-0.00003,0.00005,0.0000,0.0000,0.00000,0.0115,0.0000,3.2250,40.997,FEASIBLE,0,0.00
140.202,-0.00184,-0.00003,0.00005,0.0000,0.0000,0.00000,0.0358,0.0000,3.2250,40.143,FEASIBLE,0,0.00
140.300,-0.00184,-0.00003,0.00005,0.0000,0.0000,0.00000,0.0153,0.0000,3.2250,41.151,FEASIBLE,0,0.00
140.400,-0.00184,-0.00003,0.00005,0.0000,0.0000,0.00000,0.0195,0.0000,3.2250,42.850,FEASIBLE,0,0.00
140.500,-0.00184,-0.00003,0.00005,0.0000,0.0000,0.00000,0.0193,0.0000,3.2250,44.192,FEASIBLE,0,0.00
140.600,-0.00184,-0.00003,0.00005,0.0000,0.0000,0.00000,0.0170,0.0000,3.2250,44.724,FEASIBLE,0,0.00
140.700,-0.00184,-0.00003,0.00005,0.0000,0.0000,0.00000,0.0029,0.0000,3.2250,41.932,FEASIBLE,0,0.00
140.800,-0.00184,-0.00003,0.00005,0.0000,0.0000,0.00000,0.0151,0.0000,3.2250,43.346,FEASIBLE,0,0.00
140.900,-0.00184,-0.00003,0.00005,0.0000,0.0000,0.00000,0.0222,0.0000,3.2250,43.847,FEASIBLE,0,0.00
141.000,-0.00184,-0.00003,0.00005,0.0000,0.0000,0.00000,0.0391,0.0000,3.2250,42.552,FEASIBLE,0,0.00
141.100,-0.00184,-0.00003,0.00005,0.0000,0.0000,0.00000,0.0117,0.0000,3.2250,42.901,FEASIBLE,0,0.00
141.200,-0.00184,-0.00003,0.00005,0.0000,0.0000,0.00000,0.0326,0.0000,3.2250,47.328,FEASIBLE,0,0.00
141.300,-0.00184,-0.00003,0.00005,0.0000,0.0000,0.00000,0.0151,0.0000,3.2250,43.977,FEASIBLE,0,0.00
141.400,-0.00184,-0.00003,0.00005,0.0000,0.0000,0.00000,0.0128,0.0000,3.2250,42.387,FEASIBLE,0,0.00
141.500,-0.00184,-0.00003,0.00005,0.0000,0.0000,0.00000,0.0164,0.0000,3.2250,42.370,FEASIBLE,0,0.00
141.600,-0.00184,-0.00003,0.00005,0.0000,0.0000,0.00000,0.0290,0.0000,3.2250,46.681,FEASIBLE,0,0.00
141.700,-0.00184,-0.00003,0.00005,0.0000,0.0000,0.00000,0.0042,0.0000,3.2250,42.815,FEASIBLE,0,0.00
141.800,-0.00184,-0.00003,0.00005,0.0000,0.0000,0.00000,0.0003,0.0000,3.2250,42.564,FEASIBLE,0,0.00
141.900,-0.00184,-0.00003,0.00005,0.0000,0.0000,0.00000,0.0181,0.0000,3.2250,44.374,FEASIBLE,0,0.00
142.000,-0.00184,-0.00003,0.00005,0.0000,0.0000,0.00000,0.0059,0.0000,3.2250,42.675,FEASIBLE,0,0.00
142.100,-0.00184,-0.00003,0.00005,0.0000,0.0000,0.00000,0.0086,0.0000,3.2250,45.569,FEASIBLE,0,0.00
142.200,-0.00184,-0.00003,0.00005,0.0000,0.0000,0.00000,0.0057,0.0000,3.2250,47.610,FEASIBLE,0,0.00
142.300,-0.00184,-0.00003,0.00005,0.0000,0.0000,0.00000,0.0067,0.0000,3.2250,43.583,FEASIBLE,0,0.00
142.400,-0.00184,-0.00003,0.00005,0.0000,0.0000,0.00000,0.0214,0.0000,3.2250,43.583,FEASIBLE,0,0.00
142.500,-0.00184,-0.00003,0.00005,0.0000,0.0000,0.00000,0.0044,0.0000,3.2250,44.834,FEASIBLE,0,0.00
142.600,-0.00184,-0.00003,0.00005,0.0000,0.0000,0.00000,0.0145,0.0000,3.2250,43.271,FEASIBLE,0,0.00
142.700,-0.00184,-0.00003,0.00005,0.0000,0.0000,0.00000,0.0301,0.0000,3.2250,41.839,FEASIBLE,0,0.00
142.800,-0.00184,-0.00003,0.00005,0.0000,0.0000,0.00000,0.0121,0.0000,3.2250,46.790,FEASIBLE,0,0.00
142.900,-0.00184,-0.00003,0.00005,0.0000,0.0000,0.00000,0.0025,0.0000,3.2250,43.654,FEASIBLE,0,0.00
143.000,-0.00184,-0.00003,0.00005,0.0000,0.0000,0.00000,0.0033,0.0000,3.2250,40.457,FEASIBLE,0,0.00
143.100,-0.00184,-0.00003,0.00005,0.0000,0.0000,0.00000,0.0072,0.0000,3.2250,42.140,FEASIBLE,0,0.00
143.202,-0.00184,-0.00003,0.00005,0.0000,0.0000,0.00000,0.0089,0.0000,3.2250,40.962,FEASIBLE,0,0.00
143.302,-0.00184,-0.00003,0.00005,0.0000,0.0000,0.00000,0.0134,0.0000,3.2250,41.024,FEASIBLE,0,0.00
143.402,-0.00184,-0.00003,0.00005,0.0000,0.0000,0.00000,0.0381,0.0000,3.2250,43.598,FEASIBLE,0,0.00
143.502,-0.00184,-0.00003,0.00005,0.0000,0.0000,0.00000,0.0184,0.0000,3.2250,42.048,FEASIBLE,0,0.00
143.600,-0.00184,-0.00003,0.00005,0.0000,0.0000,0.00000,0.0002,0.0000,3.2250,44.938,FEASIBLE,0,0.00
143.700,-0.00184,-0.00003,0.00005,0.0000,0.0000,0.00000,0.0130,0.0000,3.2250,43.532,FEASIBLE,0,0.00
143.800,-0.00184,-0.00003,0.00005,0.0000,0.0000,0.00000,0.0167,0.0000,3.2250,44.586,FEASIBLE,0,0.00
143.900,-0.00184,-0.00003,0.00005,0.0000,0.0000,0.00000,0.0001,0.0000,3.2250,44.708,FEASIBLE,0,0.00
144.000,-0.00184,-0.00003,0.00005,0.0000,0.0000,0.00000,0.0307,0.0000,3.2250,44.562,FEASIBLE,0,0.00
144.100,-0.00184,-0.00003,0.00005,0.0000,0.0000,0.00000,0.0303,0.0000,3.2250,41.733,FEASIBLE,0,0.00
144.200,-0.00184,-0.00003,0.00005,0.0000,0.0000,0.00000,0.0171,0.0000,3.2250,52.728,FEASIBLE,0,0.00
144.300,-0.00184,-0.00003,0.00005,0.0000,0.0000,0.00000,0.0096,0.0000,3.2250,41.770,FEASIBLE,0,0.00
144.400,-0.00184,-0.00003,0.00005,0.0000,0.0000,0.00000,0.0135,0.0000,3.2250,41.558,FEASIBLE,0,0.00
144.500,-0.00184,-0.00003,0.00005,0.0000,0.0000,0.00000,0.0233,0.0000,3.2250,41.389,FEASIBLE,0,0.00
144.600,-0.00184,-0.00003,0.00005,0.0000,0.0000,0.00000,0.0039,0.0000,3.2250,39.726,FEASIBLE,0,0.00
144.700,-0.00184,-0.00003,0.00005,0.0000,0.0000,0.00000,0.0071,0.0000,3.2250,45.066,FEASIBLE,0,0.00
144.800,-0.00184,-0.00003,0.00005,0.0000,0.0000,0.00000,0.0091,0.0000,3.2250,45.542,FEASIBLE,0,0.00
144.900,-0.00184,-0.00003,0.00005,0.0000,0.0000,0.00000,0.0062,0.0000,3.2250,47.100,FEASIBLE,0,0.00
145.000,-0.00184,-0.00003,0.00005,0.0000,0.0000,0.00000,0.0264,0.0000,3.2250,57.726,FEASIBLE,0,0.00
145.100,-0.00184,-0.00003,0.00005,0.0000,0.0000,0.00000,0.0231,0.0000,3.2250,44.593,FEASIBLE,0,0.00
145.200,-0.00184,-0.00003,0.00005,0.0000,0.0000,0.00000,0.0144,0.0000,3.2250,44.286,FEASIBLE,0,0.00
145.300,-0.00184,-0.00003,0.00005,0.0000,0.0000,0.00000,0.0240,0.0000,3.2250,44.328,FEASIBLE,0,0.00
145.400,-0.00184,-0.00003,0.00005,0.0000,0.0000,0.00000,0.0133,0.0000,3.2250,43.933,FEASIBLE,0,0.00
145.500,-0.00184,-0.00003,0.00005,0.0000,0.0000,0.00000,0.0146,0.0000,3.2250,44.429,FEASIBLE,0,0.00
145.600,-0.00184,-0.00003,0.00005,0.0000,0.0000,0.00000,0.0087,0.0000,3.2250,44.339,FEASIBLE,0,0.00
145.700,-0.00184,-0.00003,0.00005,0.0000,0.0000,0.00000,0.0024,0.0000,3.2250,44.270,FEASIBLE,0,0.00
145.800,-0.00184,-0.00003,0.00005,0.0000,0.0000,0.00000,0.0055,0.0000,3.2250,41.480,FEASIBLE,0,0.00
145.900,-0.00184,-0.00003,0.00005,0.0000,0.0000,0.00000,0.0061,0.0000,3.2250,40.359,FEASIBLE,0,0.00
146.000,-0.00184,-0.00003,0.00005,0.0000,0.0000,0.00000,0.0377,0.0000,3.2250,38.631,FEASIBLE,0,0.00
146.100,-0.00184,-0.00003,0.00005,0.0000,0.0000,0.00000,0.0030,0.0000,3.2250,41.933,FEASIBLE,0,0.00
146.200,-0.00184,-0.00003,0.00005,0.0000,0.0000,0.00000,0.0226,0.0000,3.2250,41.028,FEASIBLE,0,0.00
146.306,-0.00184,-0.00003,0.00005,0.0000,0.0000,0.00000,0.0080,0.0000,3.2250,39.786,FEASIBLE,0,0.00
146.404,-0.00184,-0.00003,0.00005,0.0000,0.0000,0.00000,0.0187,0.0000,3.2250,42.200,FEASIBLE,0,0.00
146.502,-0.00184,-0.00003,0.00005,0.0000,0.0000,0.00000,0.0395,0.0000,3.2250,42.495,FEASIBLE,0,0.00
146.604,-0.00184,-0.00003,0.00005,0.0000,0.0000,0.00000,0.0236,0.0000,3.2250,39.834,FEASIBLE,0,0.00
146.700,-0.00184,-0.00003,0.00005,0.0000,0.0000,0.00000,0.0412,0.0000,3.2250,42.141,FEASIBLE,0,0.00
146.800,-0.00184,-0.00003,0.00005,0.0000,0.0000,0.00000,0.0041,0.0000,3.2250,41.037,FEASIBLE,0,0.00
146.900,-0.00184,-0.00003,0.00005,0.0000,0.0000,0.00000,0.0066,0.0000,3.2250,41.192,FEASIBLE,0,0.00
147.000,-0.00184,-0.00003,0.00005,0.0000,0.0000,0.00000,0.0007,0.0000,3.2250,45.123,FEASIBLE,0,0.00
147.100,-0.00184,-0.00003,0.00005,0.0000,0.0000,0.00000,0.0142,0.0000,3.2250,43.998,FEASIBLE,0,0.00
147.200,-0.00184,-0.00003,0.00005,0.0000,0.0000,0.00000,0.0113,0.0000,3.2250,42.551,FEASIBLE,0,0.00
147.300,-0.00184,-0.00003,0.00005,0.0000,0.0000,0.00000,0.0082,0.0000,3.2250,41.039,FEASIBLE,0,0.00
147.400,-0.00184,-0.00003,0.00005,0.0000,0.0000,0.00000,0.0075,0.0000,3.2250,41.223,FEASIBLE,0,0.00
147.500,-0.00184,-0.00003,0.00005,0.0000,0.0000,0.00000,0.0184,0.0000,3.2250,48.193,FEASIBLE,0,0.00
147.600,-0.00184,-0.00003,0.00005,0.0000,0.0000,0.00000,0.0249,0.0000,3.2250,45.979,FEASIBLE,0,0.00
147.700,-0.00184,-0.00003,0.00005,0.0000,0.0000,0.00000,0.0048,0.0000,3.2250,46.070,FEASIBLE,0,0.00
147.800,-0.00184,-0.00003,0.00005,0.0000,0.0000,0.00000,0.0206,0.0000,3.2250,48.896,FEASIBLE,0,0.00
147.900,-0.00184,-0.00003,0.00005,0.0000,0.0000,0.00000,0.0132,0.0000,3.2250,46.377,FEASIBLE,0,0.00
148.000,-0.00184,-0.00003,0.00005,0.0000,0.0000,0.00000,0.0137,0.0000,3.2250,44.834,FEASIBLE,0,0.00
148.100,-0.00184,-0.00003,0.00005,0.0000,0.0000,0.00000,0.0065,0.0000,3.2250,44.355,FEASIBLE,0,0.00
148.200,-0.00184,-0.00003,0.00005,0.0000,0.0000,0.00000,0.0096,0.0000,3.2250,42.351,FEASIBLE,0,0.00
148.300,-0.00184,-0.00003,0.00005,0.0000,0.0000,0.00000,0.0194,0.0000,3.2250,40.240,FEASIBLE,0,0.00
148.400,-0.00184,-0.00003,0.00005,0.0000,0.0000,0.00000,0.0173,0.0000,3.2250,40.172,FEASIBLE,0,0.00
148.500,-0.00184,-0.00003,0.00005,0.0000,0.0000,0.00000,0.0020,0.0000,3.2250,39.238,FEASIBLE,0,0.00
148.600,-0.00184,-0.00003,0.00005,0.0000,0.0000,0.00000,0.0047,0.0000,3.2250,44.566,FEASIBLE,0,0.00
148.700,-0.00184,-0.00003,0.00005,0.0000,0.0000,0.00000,0.0137,0.0000,3.2250,42.639,FEASIBLE,0,0.00
148.800,-0.00184,-0.00003,0.00005,0.0000,0.0000,0.00000,0.0101,0.0000,3.2250,40.974,FEASIBLE,0,0.00
148.900,-0.00184,-0.00003,0.00005,0.0000,0.0000,0.00000,0.0143,0.0000,3.2250,42.646,FEASIBLE,0,0.00
149.000,-0.00184,-0.00003,0.00005,0.0000,0.0000,0.00000,0.0110,0.0000,3.2250,40.652,FEASIBLE,0,0.00
149.100,-0.00184,-0.00003,0.00005,0.0000,0.0000,0.00000,0.0084,0.0000,3.2250,42.114,FEASIBLE,0,0.00
149.200,-0.00184,-0.00003,0.00005,0.0000,0.0000,0.00000,0.0017,0.0000,3.2250,40.775,FEASIBLE,0,0.00
149.300,-0.00184,-0.00003,0.00005,0.0000,0.0000,0.00000,0.0078,0.0000,3.2250,41.093,FEASIBLE,0,0.00
149.400,-0.00184,-0.00003,0.00005,0.0000,0.0000,0.00000,0.0010,0.0000,3.2250,40.010,FEASIBLE,0,0.00
149.500,-0.00184,-0.00003,0.00005,0.0000,0.0000,0.00000,0.0010,0.0000,3.2250,41.753,FEASIBLE,0,0.00
149.600,-0.00184,-0.00003,0.00005,0.0000,0.0000,0.00000,0.0043,0.0000,3.2250,39.908,FEASIBLE,0,0.00
149.704,-0.00184,-0.00003,0.00005,0.0000,0.0000,0.00000,0.0033,0.0000,3.2250,42.398,FEASIBLE,0,0.00
149.802,-0.00184,-0.00003,0.00005,0.0000,0.0000,0.00000,0.0131,0.0000,3.2250,41.857,FEASIBLE,0,0.00
149.902,-0.00184,-0.00003,0.00005,0.0000,0.0000,0.00000,0.0076,0.0000,3.2250,41.106,FEASIBLE,0,0.00
150.000,-0.00184,-0.00003,0.00005,0.0000,0.0000,0.00000,0.0257,0.0000,3.2250,42.645,FEASIBLE,0,0.00
150.100,-0.00184,-0.00003,0.00005,0.0000,0.0000,0.00000,0.0199,0.0000,3.2250,43.676,FEASIBLE,0,0.00
150.200,-0.00184,-0.00003,0.00005,0.0000,0.0000,0.00000,0.0093,0.0000,3.2250,44.936,FEASIBLE,0,0.00
150.302,-0.00184,-0.00003,0.00005,0.0000,0.0000,0.00000,0.0234,0.0000,3.2250,40.953,FEASIBLE,0,0.00
150.400,-0.00184,-0.00003,0.00005,0.0000,0.0000,0.00000,0.0026,0.0000,3.2250,43.033,FEASIBLE,0,0.00
150.500,-0.00184,-0.00003,0.00005,0.0000,0.0000,0.00000,0.0018,0.0000,3.2250,42.176,FEASIBLE,0,0.00
150.600,-0.00184,-0.00003,0.00005,0.0000,0.0000,0.00000,0.0263,0.0000,3.2250,41.539,FEASIBLE,0,0.00
150.700,-0.00184,-0.00003,0.00005,0.0000,0.0000,0.00000,0.0287,0.0000,3.2250,40.405,FEASIBLE,0,0.00
150.800,-0.00184,-0.00003,0.00005,0.0000,0.0000,0.00000,0.0415,0.0000,3.2250,40.144,FEASIBLE,0,0.00
150.900,-0.00184,-0.00003,0.00005,0.0000,0.0000,0.00000,0.0120,0.0000,3.2250,41.679,FEASIBLE,0,0.00
151.000,-0.00184,-0.00003,0.00005,0.0000,0.0000,0.00000,0.0083,0.0000,3.2250,39.808,FEASIBLE,0,0.00
151.100,-0.00184,-0.00003,0.00005,0.0000,0.0000,0.00000,0.0369,0.0000,3.2250,39.577,FEASIBLE,0,0.00
151.200,-0.00184,-0.00003,0.00005,0.0000,0.0000,0.00000,0.0010,0.0000,3.2250,40.576,FEASIBLE,0,0.00
151.300,-0.00184,-0.00003,0.00005,0.0000,0.0000,0.00000,0.0197,0.0000,3.2250,39.159,FEASIBLE,0,0.00
151.400,-0.00184,-0.00003,0.00005,0.0000,0.0000,0.00000,0.0210,0.0000,3.2250,42.608,FEASIBLE,0,0.00
151.500,-0.00184,-0.00003,0.00005,0.0000,0.0000,0.00000,0.0196,0.0000,3.2250,44.260,FEASIBLE,0,0.00
151.600,-0.00184,-0.00003,0.00005,0.0000,0.0000,0.00000,0.0204,0.0000,3.2250,43.345,FEASIBLE,0,0.00
151.700,-0.00184,-0.00003,0.00005,0.0000,0.0000,0.00000,0.0119,0.0000,3.2250,39.963,FEASIBLE,0,0.00
151.800,-0.00184,-0.00003,0.00005,0.0000,0.0000,0.00000,0.0018,0.0000,3.2250,41.249,FEASIBLE,0,0.00
151.900,-0.00184,-0.00003,0.00005,0.0000,0.0000,0.00000,0.0142,0.0000,3.2250,39.508,FEASIBLE,0,0.00
152.000,-0.00184,-0.00003,0.00005,0.0000,0.0000,0.00000,0.0158,0.0000,3.2250,41.903,FEASIBLE,0,0.00
152.100,-0.00184,-0.00003,0.00005,0.0000,0.0000,0.00000,0.0052,0.0000,3.2250,40.363,FEASIBLE,0,0.00
152.200,-0.00184,-0.00003,0.00005,0.0000,0.0000,0.00000,0.0096,0.0000,3.2250,44.041,FEASIBLE,0,0.00
152.300,-0.00184,-0.00003,0.00005,0.0000,0.0000,0.00000,0.0015,0.0000,3.2250,43.187,FEASIBLE,0,0.00
152.400,-0.00184,-0.00003,0.00005,0.0000,0.0000,0.00000,0.0137,0.0000,3.2250,40.457,FEASIBLE,0,0.00
152.500,-0.00184,-0.00003,0.00005,0.0000,0.0000,0.00000,0.0257,0.0000,3.2250,40.488,FEASIBLE,0,0.00
152.600,-0.00184,-0.00003,0.00005,0.0000,0.0000,0.00000,0.0086,0.0000,3.2250,41.945,FEASIBLE,0,0.00
152.700,-0.00184,-0.00003,0.00005,0.0000,0.0000,0.00000,0.0203,0.0000,3.2250,41.323,FEASIBLE,0,0.00
152.800,-0.00184,-0.00003,0.00005,0.0000,0.0000,0.00000,0.0165,0.0000,3.2250,43.840,FEASIBLE,0,0.00
152.900,-0.00184,-0.00003,0.00005,0.0000,0.0000,0.00000,0.0234,0.0000,3.2250,48.263,FEASIBLE,0,0.00
153.000,-0.00184,-0.00003,0.00005,0.0000,0.0000,0.00000,0.0161,0.0000,3.2250,42.437,FEASIBLE,0,0.00
153.102,-0.00184,-0.00003,0.00005,0.0000,0.0000,0.00000,0.0053,0.0000,3.2250,42.747,FEASIBLE,0,0.00
153.200,-0.00184,-0.00003,0.00005,0.0000,0.0000,0.00000,0.0300,0.0000,3.2250,42.132,FEASIBLE,0,0.00
153.300,-0.00184,-0.00003,0.00005,0.0000,0.0000,0.00000,0.0128,0.0000,3.2250,45.860,FEASIBLE,0,0.00
153.402,-0.00184,-0.00003,0.00005,0.0000,0.0000,0.00000,0.0088,0.0000,3.2250,58.609,FEASIBLE,0,0.00
153.504,-0.00184,-0.00003,0.00005,0.0000,0.0000,0.00000,0.0082,0.0000,3.2250,48.610,FEASIBLE,0,0.00
153.600,-0.00184,-0.00003,0.00005,0.0000,0.0000,0.00000,0.0120,0.0000,3.2250,45.989,FEASIBLE,0,0.00
153.700,-0.00184,-0.00003,0.00005,0.0000,0.0000,0.00000,0.0373,0.0000,3.2250,45.398,FEASIBLE,0,0.00
153.800,-0.00184,-0.00003,0.00005,0.0000,0.0000,0.00000,0.0395,0.0000,3.2250,43.127,FEASIBLE,0,0.00
153.900,-0.00184,-0.00003,0.00005,0.0000,0.0000,0.00000,0.0124,0.0000,3.2250,43.479,FEASIBLE,0,0.00
154.000,-0.00184,-0.00003,0.00005,0.0000,0.0000,0.00000,0.0013,0.0000,3.2250,42.802,FEASIBLE,0,0.00
154.100,-0.00184,-0.00003,0.00005,0.0000,0.0000,0.00000,0.0272,0.0000,3.2250,43.642,FEASIBLE,0,0.00
154.200,-0.00184,-0.00003,0.00005,0.0000,0.0000,0.00000,0.0120,0.0000,3.2250,45.426,FEASIBLE,0,0.00
154.300,-0.00184,-0.00003,0.00005,0.0000,0.0000,0.00000,0.0220,0.0000,3.2250,46.403,FEASIBLE,0,0.00
154.400,-0.00184,-0.00003,0.00005,0.0000,0.0000,0.00000,0.0132,0.0000,3.2250,45.001,FEASIBLE,0,0.00
154.500,-0.00184,-0.00003,0.00005,0.0000,0.0000,0.00000,0.0249,0.0000,3.2250,46.894,FEASIBLE,0,0.00
154.600,-0.00184,-0.00003,0.00005,0.0000,0.0000,0.00000,0.0128,0.0000,3.2250,48.705,FEASIBLE,0,0.00
154.700,-0.00184,-0.00003,0.00005,0.0000,0.0000,0.00000,0.0159,0.0000,3.2250,45.791,FEASIBLE,0,0.00
154.800,-0.00184,-0.00003,0.00005,0.0000,0.0000,0.00000,0.0331,0.0000,3.2250,46.227,FEASIBLE,0,0.00
154.900,-0.00184,-0.00003,0.00005,0.0000,0.0000,0.00000,0.0068,0.0000,3.2250,45.789,FEASIBLE,0,0.00
155.000,-0.00184,-0.00003,0.00005,0.0000,0.0000,0.00000,0.0162,0.0000,3.2250,45.889,FEASIBLE,0,0.00
155.100,-0.00184,-0.00003,0.00005,0.0000,0.0000,0.00000,0.0055,0.0000,3.2250,45.070,FEASIBLE,0,0.00
155.200,-0.00184,-0.00003,0.00005,0.0000,0.0000,0.00000,0.0130,0.0000,3.2250,46.432,FEASIBLE,0,0.00
155.300,-0.00184,-0.00003,0.00005,0.0000,0.0000,0.00000,0.0183,0.0000,3.2250,42.991,FEASIBLE,0,0.00
155.400,-0.00184,-0.00003,0.00005,0.0000,0.0000,0.00000,0.0065,0.0000,3.2250,44.479,FEASIBLE,0,0.00
155.500,-0.00184,-0.00003,0.00005,0.0000,0.0000,0.00000,0.0101,0.0000,3.2250,43.886,FEASIBLE,0,0.00
155.600,-0.00184,-0.00003,0.00005,0.0000,0.0000,0.00000,0.0117,0.0000,3.2250,41.256,FEASIBLE,0,0.00
155.700,-0.00184,-0.00003,0.00005,0.0000,0.0000,0.00000,0.0072,0.0000,3.2250,40.009,FEASIBLE,0,0.00
155.800,-0.00184,-0.00003,0.00005,0.0000,0.0000,0.00000,0.0049,0.0000,3.2250,45.513,FEASIBLE,0,0.00
155.900,-0.00184,-0.00003,0.00005,0.0000,0.0000,0.00000,0.0174,0.0000,3.2250,57.374,FEASIBLE,0,0.00
156.000,-0.00184,-0.00003,0.00005,0.0000,0.0000,0.00000,0.0060,0.0000,3.2250,44.526,FEASIBLE,0,0.00
156.100,-0.00184,-0.00003,0.00005,0.0000,0.0000,0.00000,0.0173,0.0000,3.2250,41.982,FEASIBLE,0,0.00
156.200,-0.00184,-0.00003,0.00005,0.0000,0.0000,0.00000,0.0032,0.0000,3.2250,41.439,FEASIBLE,0,0.00
156.300,-0.00184,-0.00003,0.00005,0.0000,0.0000,0.00000,0.0018,0.0000,3.2250,41.460,FEASIBLE,0,0.00
156.400,-0.00184,-0.00003,0.00005,0.0000,0.0000,0.00000,0.0170,0.0000,3.2250,41.187,FEASIBLE,0,0.00
156.502,-0.00184,-0.00003,0.00005,0.0000,0.0000,0.00000,0.0238,0.0000,3.2250,41.049,FEASIBLE,0,0.00
156.600,-0.00184,-0.00003,0.00005,0.0000,0.0000,0.00000,0.0107,0.0000,3.2250,39.106,FEASIBLE,0,0.00
156.700,-0.00184,-0.00003,0.00005,0.0000,0.0000,0.00000,0.0250,0.0000,3.2250,39.392,FEASIBLE,0,0.00
156.800,-0.00184,-0.00003,0.00005,0.0000,0.0000,0.00000,0.0193,0.0000,3.2250,37.335,FEASIBLE,0,0.00
156.900,-0.00184,-0.00003,0.00005,0.0000,0.0000,0.00000,0.0172,0.0000,3.2250,40.372,FEASIBLE,0,0.00
157.000,-0.00184,-0.00003,0.00005,0.0000,0.0000,0.00000,0.0066,0.0000,3.2250,38.490,FEASIBLE,0,0.00
157.100,-0.00184,-0.00003,0.00005,0.0000,0.0000,0.00000,0.0030,0.0000,3.2250,38.625,FEASIBLE,0,0.00
157.200,-0.00184,-0.00003,0.00005,0.0000,0.0000,0.00000,0.0150,0.0000,3.2250,37.753,FEASIBLE,0,0.00
157.300,-0.00184,-0.00003,0.00005,0.0000,0.0000,0.00000,0.0039,0.0000,3.2250,38.182,FEASIBLE,0,0.00
157.400,-0.00184,-0.00003,0.00005,0.0000,0.0000,0.00000,0.0031,0.0000,3.2250,38.909,FEASIBLE,0,0.00
157.500,-0.00184,-0.00003,0.00005,0.0000,0.0000,0.00000,0.0082,0.0000,3.2250,37.717,FEASIBLE,0,0.00
157.600,-0.00184,-0.00003,0.00005,0.0000,0.0000,0.00000,0.0167,0.0000,3.2250,40.990,FEASIBLE,0,0.00
157.700,-0.00184,-0.00003,0.00005,0.0000,0.0000,0.00000,0.0230,0.0000,3.2250,40.400,FEASIBLE,0,0.00
157.800,-0.00184,-0.00003,0.00005,0.0000,0.0000,0.00000,0.0025,0.0000,3.2250,38.860,FEASIBLE,0,0.00
157.900,-0.00184,-0.00003,0.00005,0.0000,0.0000,0.00000,0.0115,0.0000,3.2250,40.002,FEASIBLE,0,0.00
158.000,-0.00184,-0.00003,0.00005,0.0000,0.0000,0.00000,0.0314,0.0000,3.2250,42.355,FEASIBLE,0,0.00
158.100,-0.00184,-0.00003,0.00005,0.0000,0.0000,0.00000,0.0008,0.0000,3.2250,38.991,FEASIBLE,0,0.00
158.200,-0.00184,-0.00003,0.00005,0.0000,0.0000,0.00000,0.0100,0.0000,3.2250,38.085,FEASIBLE,0,0.00
158.300,-0.00184,-0.00003,0.00005,0.0000,0.0000,0.00000,0.0103,0.0000,3.2250,38.852,FEASIBLE,0,0.00
158.400,-0.00184,-0.00003,0.00005,0.0000,0.0000,0.00000,0.0035,0.0000,3.2250,39.814,FEASIBLE,0,0.00
158.500,-0.00184,-0.00003,0.00005,0.0000,0.0000,0.00000,0.0139,0.0000,3.2250,39.267,FEASIBLE,0,0.00
158.600,-0.00184,-0.00003,0.00005,0.0000,0.0000,0.00000,0.0243,0.0000,3.2250,38.834,FEASIBLE,0,0.00
158.700,-0.00184,-0.00003,0.00005,0.0000,0.0000,0.00000,0.0271,0.0000,3.2250,39.259,FEASIBLE,0,0.00
158.800,-0.00184,-0.00003,0.00005,0.0000,0.0000,0.00000,0.0111,0.0000,3.2250,39.402,FEASIBLE,0,0.00
158.900,-0.00184,-0.00003,0.00005,0.0000,0.0000,0.00000,0.0106,0.0000,3.2250,39.788,FEASIBLE,0,0.00
159.000,-0.00184,-0.00003,0.00005,0.0000,0.0000,0.00000,0.0038,0.0000,3.2250,39.590,FEASIBLE,0,0.00
159.100,-0.00184,-0.00003,0.00005,0.0000,0.0000,0.00000,0.0080,0.0000,3.2250,40.509,FEASIBLE,0,0.00
159.200,-0.00184,-0.00003,0.00005,0.0000,0.0000,0.00000,0.0113,0.0000,3.2250,43.028,FEASIBLE,0,0.00
159.300,-0.00184,-0.00003,0.00005,0.0000,0.0000,0.00000,0.0221,0.0000,3.2250,40.589,FEASIBLE,0,0.00
159.400,-0.00184,-0.00003,0.00005,0.0000,0.0000,0.00000,0.0261,0.0000,3.2250,40.753,FEASIBLE,0,0.00
159.500,-0.00184,-0.00003,0.00005,0.0000,0.0000,0.00000,0.0019,0.0000,3.2250,39.866,FEASIBLE,0,0.00
159.600,-0.00184,-0.00003,0.00005,0.0000,0.0000,0.00000,0.0239,0.0000,3.2250,39.976,FEASIBLE,0,0.00
159.700,-0.00184,-0.00003,0.00005,0.0000,0.0000,0.00000,0.0116,0.0000,3.2250,38.513,FEASIBLE,0,0.00
159.800,-0.00184,-0.00003,0.00005,0.0000,0.0000,0.00000,0.0214,0.0000,3.2250,40.414,FEASIBLE,0,0.00
159.900,-0.00184,-0.00003,0.00005,0.0000,0.0000,0.00000,0.0016,0.0000,3.2250,40.618,FEASIBLE,0,0.00
160.000,-0.00184,-0.00003,0.00005,0.0000,0.0000,0.00000,0.0234,0.0000,3.2250,39.358,FEASIBLE,0,0.00
160.100,-0.00184,-0.00003,0.00005,0.0000,0.0000,0.00000,0.0025,0.0000,3.2250,38.785,FEASIBLE,0,0.00
160.200,-0.00184,-0.00003,0.00005,0.0000,0.0000,0.00000,0.0222,0.0000,3.2250,39.517,FEASIBLE,0,0.00
160.300,-0.00184,-0.00003,0.00005,0.0000,0.0000,0.00000,0.0196,0.0000,3.2250,38.467,FEASIBLE,0,0.00
160.400,-0.00184,-0.00003,0.00005,0.0000,0.0000,0.00000,0.0164,0.0000,3.2250,40.982,FEASIBLE,0,0.00
160.500,-0.00184,-0.00003,0.00005,0.0000,0.0000,0.00000,0.0201,0.0000,3.2250,39.790,FEASIBLE,0,0.00
160.600,-0.00184,-0.00003,0.00005,0.0000,0.0000,0.00000,0.0045,0.0000,3.2250,43.337,FEASIBLE,0,0.00
160.700,-0.00184,-0.00003,0.00005,0.0000,0.0000,0.00000,0.0079,0.0000,3.2250,41.591,FEASIBLE,0,0.00
160.800,-0.00184,-0.00003,0.00005,0.0000,0.0000,0.00000,0.0386,0.0000,3.2250,40.456,FEASIBLE,0,0.00
160.900,-0.00184,-0.00003,0.00005,0.0000,0.0000,0.00000,0.0020,0.0000,3.2250,40.962,FEASIBLE,0,0.00
161.000,-0.00184,-0.00003,0.00005,0.0000,0.0000,0.00000,0.0241,0.0000,3.2250,39.929,FEASIBLE,0,0.00
161.100,-0.00184,-0.00003,0.00005,0.0000,0.0000,0.00000,0.0179,0.0000,3.2250,40.895,FEASIBLE,0,0.00
161.200,-0.00184,-0.00003,0.00005,0.0000,0.0000,0.00000,0.0101,0.0000,3.2250,39.648,FEASIBLE,0,0.00
161.300,-0.00184,-0.00003,0.00005,0.0000,0.0000,0.00000,0.0118,0.0000,3.2250,38.467,FEASIBLE,0,0.00
161.400,-0.00184,-0.00003,0.00005,0.0000,0.0000,0.00000,0.0095,0.0000,3.2250,40.386,FEASIBLE,0,0.00
161.500,-0.00184,-0.00003,0.00005,0.0000,0.0000,0.00000,0.0078,0.0000,3.2250,40.680,FEASIBLE,0,0.00
161.600,-0.00184,-0.00003,0.00005,0.0000,0.0000,0.00000,0.0021,0.0000,3.2250,52.100,FEASIBLE,0,0.00
161.700,-0.00184,-0.00003,0.00005,0.0000,0.0000,0.00000,0.0015,0.0000,3.2250,41.323,FEASIBLE,0,0.00
161.800,-0.00184,-0.00003,0.00005,0.0000,0.0000,0.00000,0.0118,0.0000,3.2250,40.517,FEASIBLE,0,0.00
161.900,-0.00184,-0.00003,0.00005,0.0000,0.0000,0.00000,0.0333,0.0000,3.2250,44.100,FEASIBLE,0,0.00
162.000,-0.00184,-0.00003,0.00005,0.0000,0.0000,0.00000,0.0021,0.0000,3.2250,40.426,FEASIBLE,0,0.00
162.100,-0.00184,-0.00003,0.00005,0.0000,0.0000,0.00000,0.0009,0.0000,3.2250,40.475,FEASIBLE,0,0.00
162.200,-0.00184,-0.00003,0.00005,0.0000,0.0000,0.00000,0.0202,0.0000,3.2250,41.909,FEASIBLE,0,0.00
162.300,-0.00184,-0.00003,0.00005,0.0000,0.0000,0.00000,0.0108,0.0000,3.2250,46.578,FEASIBLE,0,0.00
162.400,-0.00184,-0.00003,0.00005,0.0000,0.0000,0.00000,0.0096,0.0000,3.2250,47.634,FEASIBLE,0,0.00
162.500,-0.00184,-0.00003,0.00005,0.0000,0.0000,0.00000,0.0050,0.0000,3.2250,51.479,FEASIBLE,0,0.00
162.600,-0.00184,-0.00003,0.00005,0.0000,0.0000,0.00000,0.0139,0.0000,3.2250,46.336,FEASIBLE,0,0.00
162.700,-0.00184,-0.00003,0.00005,0.0000,0.0000,0.00000,0.0140,0.0000,3.2250,44.322,FEASIBLE,0,0.00
162.800,-0.00184,-0.00003,0.00005,0.0000,0.0000,0.00000,0.0128,0.0000,3.2250,45.042,FEASIBLE,0,0.00
162.900,-0.00184,-0.00003,0.00005,0.0000,0.0000,0.00000,0.0132,0.0000,3.2250,43.162,FEASIBLE,0,0.00
163.002,-0.00184,-0.00003,0.00005,0.0000,0.0000,0.00000,0.0147,0.0000,3.2250,44.371,FEASIBLE,0,0.00
163.100,-0.00184,-0.00003,0.00005,0.0000,0.0000,0.00000,0.0036,0.0000,3.2250,40.678,FEASIBLE,0,0.00
163.200,-0.00184,-0.00003,0.00005,0.0000,0.0000,0.00000,0.0092,0.0000,3.2250,50.924,FEASIBLE,0,0.00
163.304,-0.00184,-0.00003,0.00005,0.0000,0.0000,0.00000,0.0108,0.0000,3.2250,46.370,FEASIBLE,0,0.00
163.400,-0.00184,-0.00003,0.00005,0.0000,0.0000,0.00000,0.0193,0.0000,3.2250,46.693,FEASIBLE,0,0.00
163.502,-0.00184,-0.00003,0.00005,0.0000,0.0000,0.00000,0.0089,0.0000,3.2250,45.214,FEASIBLE,0,0.00
163.600,-0.00184,-0.00003,0.00005,0.0000,0.0000,0.00000,0.0239,0.0000,3.2250,42.945,FEASIBLE,0,0.00
163.700,-0.00184,-0.00003,0.00005,0.0000,0.0000,0.00000,0.0177,0.0000,3.2250,44.900,FEASIBLE,0,0.00
163.800,-0.00184,-0.00003,0.00005,0.0000,0.0000,0.00000,0.0035,0.0000,3.2250,42.361,FEASIBLE,0,0.00
163.900,-0.00184,-0.00003,0.00005,0.0000,0.0000,0.00000,0.0227,0.0000,3.2250,42.625,FEASIBLE,0,0.00
164.000,-0.00184,-0.00003,0.00005,0.0000,0.0000,0.00000,0.0236,0.0000,3.2250,45.529,FEASIBLE,0,0.00
164.100,-0.00184,-0.00003,0.00005,0.0000,0.0000,0.00000,0.0077,0.0000,3.2250,42.306,FEASIBLE,0,0.00
164.200,-0.00184,-0.00003,0.00005,0.0000,0.0000,0.00000,0.0104,0.0000,3.2250,41.795,FEASIBLE,0,0.00
164.300,-0.00184,-0.00003,0.00005,0.0000,0.0000,0.00000,0.0131,0.0000,3.2250,44.685,FEASIBLE,0,0.00
164.400,-0.00184,-0.00003,0.00005,0.0000,0.0000,0.00000,0.0111,0.0000,3.2250,41.356,FEASIBLE,0,0.00
164.500,-0.00184,-0.00003,0.00005,0.0000,0.0000,0.00000,0.0242,0.0000,3.2250,40.992,FEASIBLE,0,0.00
164.600,-0.00184,-0.00003,0.00005,0.0000,0.0000,0.00000,0.0274,0.0000,3.2250,43.057,FEASIBLE,0,0.00
164.700,-0.00184,-0.00003,0.00005,0.0000,0.0000,0.00000,0.0019,0.0000,3.2250,41.468,FEASIBLE,0,0.00
164.800,-0.00184,-0.00003,0.00005,0.0000,0.0000,0.00000,0.0164,0.0000,3.2250,39.113,FEASIBLE,0,0.00
164.900,-0.00184,-0.00003,0.00005,0.0000,0.0000,0.00000,0.0273,0.0000,3.2250,38.545,FEASIBLE,0,0.00
165.000,-0.00184,-0.00003,0.00005,0.0000,0.0000,0.00000,0.0286,0.0000,3.2250,37.354,FEASIBLE,0,0.00
165.100,-0.00184,-0.00003,0.00005,0.0000,0.0000,0.00000,0.0070,0.0000,3.2250,38.852,FEASIBLE,0,0.00
165.200,-0.00184,-0.00003,0.00005,0.0000,0.0000,0.00000,0.0175,0.0000,3.2250,42.195,FEASIBLE,0,0.00
165.300,-0.00184,-0.00003,0.00005,0.0000,0.0000,0.00000,0.0177,0.0000,3.2250,42.920,FEASIBLE,0,0.00
165.400,-0.00184,-0.00003,0.00005,0.0000,0.0000,0.00000,0.0042,0.0000,3.2250,40.050,FEASIBLE,0,0.00
165.500,-0.00184,-0.00003,0.00005,0.0000,0.0000,0.00000,0.0380,0.0000,3.2250,42.906,FEASIBLE,0,0.00
165.600,-0.00184,-0.00003,0.00005,0.0000,0.0000,0.00000,0.0066,0.0000,3.2250,42.231,FEASIBLE,0,0.00
165.700,-0.00184,-0.00003,0.00005,0.0000,0.0000,0.00000,0.0096,0.0000,3.2250,44.447,FEASIBLE,0,0.00
165.800,-0.00184,-0.00003,0.00005,0.0000,0.0000,0.00000,0.0129,0.0000,3.2250,40.844,FEASIBLE,0,0.00
165.900,-0.00184,-0.00003,0.00005,0.0000,0.0000,0.00000,0.0122,0.0000,3.2250,40.105,FEASIBLE,0,0.00
166.000,-0.00184,-0.00003,0.00005,0.0000,0.0000,0.00000,0.0008,0.0000,3.2250,39.671,FEASIBLE,0,0.00
166.100,-0.00184,-0.00003,0.00005,0.0000,0.0000,0.00000,0.0204,0.0000,3.2250,38.451,FEASIBLE,0,0.00
166.200,-0.00184,-0.00003,0.00005,0.0000,0.0000,0.00000,0.0082,0.0000,3.2250,38.540,FEASIBLE,0,0.00
166.302,-0.00184,-0.00003,0.00005,0.0000,0.0000,0.00000,0.0341,0.0000,3.2250,37.744,FEASIBLE,0,0.00
166.400,-0.00184,-0.00003,0.00005,0.0000,0.0000,0.00000,0.0246,0.0000,3.2250,43.257,FEASIBLE,0,0.00
166.500,-0.00184,-0.00003,0.00005,0.0000,0.0000,0.00000,0.0136,0.0000,3.2250,46.807,FEASIBLE,0,0.00
166.600,-0.00184,-0.00003,0.00005,0.0000,0.0000,0.00000,0.0148,0.0000,3.2250,46.416,FEASIBLE,0,0.00
166.700,-0.00184,-0.00003,0.00005,0.0000,0.0000,0.00000,0.0101,0.0000,3.2250,43.499,FEASIBLE,0,0.00
166.800,-0.00184,-0.00003,0.00005,0.0000,0.0000,0.00000,0.0085,0.0000,3.2250,41.893,FEASIBLE,0,0.00
166.900,-0.00184,-0.00003,0.00005,0.0000,0.0000,0.00000,0.0323,0.0000,3.2250,43.570,FEASIBLE,0,0.00
167.000,-0.00184,-0.00003,0.00005,0.0000,0.0000,0.00000,0.0049,0.0000,3.2250,43.967,FEASIBLE,0,0.00
167.100,-0.00184,-0.00003,0.00005,0.0000,0.0000,0.00000,0.0058,0.0000,3.2250,43.344,FEASIBLE,0,0.00
167.200,-0.00184,-0.00003,0.00005,0.0000,0.0000,0.00000,0.0044,0.0000,3.2250,45.635,FEASIBLE,0,0.00
167.300,-0.00184,-0.00003,0.00005,0.0000,0.0000,0.00000,0.0260,0.0000,3.2250,47.520,FEASIBLE,0,0.00
167.400,-0.00184,-0.00003,0.00005,0.0000,0.0000,0.00000,0.0153,0.0000,3.2250,46.263,FEASIBLE,0,0.00
167.500,-0.00184,-0.00003,0.00005,0.0000,0.0000,0.00000,0.0140,0.0000,3.2250,43.153,FEASIBLE,0,0.00
167.600,-0.00184,-0.00003,0.00005,0.0000,0.0000,0.00000,0.0316,0.0000,3.2250,40.155,FEASIBLE,0,0.00
167.700,-0.00184,-0.00003,0.00005,0.0000,0.0000,0.00000,0.0315,0.0000,3.2250,42.908,FEASIBLE,0,0.00
167.800,-0.00184,-0.00003,0.00005,0.0000,0.0000,0.00000,0.0139,0.0000,3.2250,43.835,FEASIBLE,0,0.00
167.900,-0.00184,-0.00003,0.00005,0.0000,0.0000,0.00000,0.0156,0.0000,3.2250,41.105,FEASIBLE,0,0.00
168.000,-0.00184,-0.00003,0.00005,0.0000,0.0000,0.00000,0.0162,0.0000,3.2250,39.247,FEASIBLE,0,0.00
168.100,-0.00184,-0.00003,0.00005,0.0000,0.0000,0.00000,0.0044,0.0000,3.2250,40.888,FEASIBLE,0,0.00
168.200,-0.00184,-0.00003,0.00005,0.0000,0.0000,0.00000,0.0392,0.0000,3.2250,40.972,FEASIBLE,0,0.00
168.300,-0.00184,-0.00003,0.00005,0.0000,0.0000,0.00000,0.0165,0.0000,3.2250,42.826,FEASIBLE,0,0.00
168.400,-0.00184,-0.00003,0.00005,0.0000,0.0000,0.00000,0.0040,0.0000,3.2250,40.984,FEASIBLE,0,0.00
168.500,-0.00184,-0.00003,0.00005,0.0000,0.0000,0.00000,0.0409,0.0000,3.2250,39.542,FEASIBLE,0,0.00
168.600,-0.00184,-0.00003,0.00005,0.0000,0.0000,0.00000,0.0083,0.0000,3.2250,40.239,FEASIBLE,0,0.00
168.700,-0.00184,-0.00003,0.00005,0.0000,0.0000,0.00000,0.0063,0.0000,3.2250,41.691,FEASIBLE,0,0.00
168.800,-0.00184,-0.00003,0.00005,0.0000,0.0000,0.00000,0.0019,0.0000,3.2250,40.832,FEASIBLE,0,0.00
168.900,-0.00184,-0.00003,0.00005,0.0000,0.0000,0.00000,0.0074,0.0000,3.2250,38.839,FEASIBLE,0,0.00
169.000,-0.00184,-0.00003,0.00005,0.0000,0.0000,0.00000,0.0221,0.0000,3.2250,40.879,FEASIBLE,0,0.00
169.100,-0.00184,-0.00003,0.00005,0.0000,0.0000,0.00000,0.0342,0.0000,3.2250,39.732,FEASIBLE,0,0.00
169.200,-0.00184,-0.00003,0.00005,0.0000,0.0000,0.00000,0.0186,0.0000,3.2250,43.430,FEASIBLE,0,0.00
169.300,-0.00184,-0.00003,0.00005,0.0000,0.0000,0.00000,0.0355,0.0000,3.2250,42.531,FEASIBLE,0,0.00
169.404,-0.00184,-0.00003,0.00005,0.0000,0.0000,0.00000,0.0131,0.0000,3.2250,41.136,FEASIBLE,0,0.00
169.500,-0.00184,-0.00003,0.00005,0.0000,0.0000,0.00000,0.0118,0.0000,3.2250,40.550,FEASIBLE,0,0.00
169.602,-0.00184,-0.00003,0.00005,0.0000,0.0000,0.00000,0.0110,0.0000,3.2250,42.780,FEASIBLE,0,0.00
169.700,-0.00184,-0.00003,0.00005,0.0000,0.0000,0.00000,0.0027,0.0000,3.2250,41.267,FEASIBLE,0,0.00
169.800,-0.00184,-0.00003,0.00005,0.0000,0.0000,0.00000,0.0018,0.0000,3.2250,40.852,FEASIBLE,0,0.00
169.900,-0.00184,-0.00003,0.00005,0.0000,0.0000,0.00000,0.0167,0.0000,3.2250,39.351,FEASIBLE,0,0.00
170.000,-0.00184,-0.00003,0.00005,0.0000,0.0000,0.00000,0.0038,0.0000,3.2250,40.423,FEASIBLE,0,0.00
170.100,-0.00184,-0.00003,0.00005,0.0000,0.0000,0.00000,0.0350,0.0000,3.2250,42.133,FEASIBLE,0,0.00
170.200,-0.00184,-0.00003,0.00005,0.0000,0.0000,0.00000,0.0036,0.0000,3.2250,41.392,FEASIBLE,0,0.00
170.300,-0.00184,-0.00003,0.00005,0.0000,0.0000,0.00000,0.0138,0.0000,3.2250,43.350,FEASIBLE,0,0.00
170.400,-0.00184,-0.00003,0.00005,0.0000,0.0000,0.00000,0.0339,0.0000,3.2250,40.118,FEASIBLE,0,0.00
170.500,-0.00184,-0.00003,0.00005,0.0000,0.0000,0.00000,0.0168,0.0000,3.2250,39.123,FEASIBLE,0,0.00
170.600,-0.00184,-0.00003,0.00005,0.0000,0.0000,0.00000,0.0138,0.0000,3.2250,39.842,FEASIBLE,0,0.00
170.700,-0.00184,-0.00003,0.00005,0.0000,0.0000,0.00000,0.0057,0.0000,3.2250,40.156,FEASIBLE,0,0.00
170.800,-0.00184,-0.00003,0.00005,0.0000,0.0000,0.00000,0.0307,0.0000,3.2250,39.059,FEASIBLE,0,0.00
170.900,-0.00184,-0.00003,0.00005,0.0000,0.0000,0.00000,0.0126,0.0000,3.2250,42.372,FEASIBLE,0,0.00
171.000,-0.00184,-0.00003,0.00005,0.0000,0.0000,0.00000,0.0168,0.0000,3.2250,41.637,FEASIBLE,0,0.00
171.100,-0.00184,-0.00003,0.00005,0.0000,0.0000,0.00000,0.0064,0.0000,3.2250,41.667,FEASIBLE,0,0.00
171.200,-0.00184,-0.00003,0.00005,0.0000,0.0000,0.00000,0.0085,0.0000,3.2250,42.697,FEASIBLE,0,0.00
171.300,-0.00184,-0.00003,0.00005,0.0000,0.0000,0.00000,0.0163,0.0000,3.2250,42.342,FEASIBLE,0,0.00
171.400,-0.00184,-0.00003,0.00005,0.0000,0.0000,0.00000,0.0222,0.0000,3.2250,41.893,FEASIBLE,0,0.00
171.500,-0.00184,-0.00003,0.00005,0.0000,0.0000,0.00000,0.0073,0.0000,3.2250,40.201,FEASIBLE,0,0.00
171.600,-0.00184,-0.00003,0.00005,0.0000,0.0000,0.00000,0.0004,0.0000,3.2250,43.203,FEASIBLE,0,0.00
171.700,-0.00184,-0.00003,0.00005,0.0000,0.0000,0.00000,0.0162,0.0000,3.2250,42.855,FEASIBLE,0,0.00
171.800,-0.00184,-0.00003,0.00005,0.0000,0.0000,0.00000,0.0107,0.0000,3.2250,40.830,FEASIBLE,0,0.00
171.900,-0.00184,-0.00003,0.00005,0.0000,0.0000,0.00000,0.0047,0.0000,3.2250,41.296,FEASIBLE,0,0.00
172.000,-0.00184,-0.00003,0.00005,0.0000,0.0000,0.00000,0.0193,0.0000,3.2250,42.771,FEASIBLE,0,0.00
172.100,-0.00184,-0.00003,0.00005,0.0000,0.0000,0.00000,0.0164,0.0000,3.2250,42.239,FEASIBLE,0,0.00
172.200,-0.00184,-0.00003,0.00005,0.0000,0.0000,0.00000,0.0124,0.0000,3.2250,41.097,FEASIBLE,0,0.00
172.300,-0.00184,-0.00003,0.00005,0.0000,0.0000,0.00000,0.0055,0.0000,3.2250,40.432,FEASIBLE,0,0.00
172.400,-0.00184,-0.00003,0.00005,0.0000,0.0000,0.00000,0.0094,0.0000,3.2250,58.880,FEASIBLE,0,0.00
172.500,-0.00184,-0.00003,0.00005,0.0000,0.0000,0.00000,0.0130,0.0000,3.2250,42.787,FEASIBLE,0,0.00
172.600,-0.00184,-0.00003,0.00005,0.0000,0.0000,0.00000,0.0379,0.0000,3.2250,39.030,FEASIBLE,0,0.00
172.704,-0.00184,-0.00003,0.00005,0.0000,0.0000,0.00000,0.0192,0.0000,3.2250,39.064,FEASIBLE,0,0.00
172.800,-0.00184,-0.00003,0.00005,0.0000,0.0000,0.00000,0.0070,0.0000,3.2250,42.800,FEASIBLE,0,0.00
172.900,-0.00184,-0.00003,0.00005,0.0000,0.0000,0.00000,0.0155,0.0000,3.2250,41.576,FEASIBLE,0,0.00
173.000,-0.00184,-0.00003,0.00005,0.0000,0.0000,0.00000,0.0123,0.0000,3.2250,40.777,FEASIBLE,0,0.00
173.100,-0.00184,-0.00003,0.00005,0.0000,0.0000,0.00000,0.0085,0.0000,3.2250,40.255,FEASIBLE,0,0.00
173.200,-0.00184,-0.00003,0.00005,0.0000,0.0000,0.00000,0.0078,0.0000,3.2250,41.871,FEASIBLE,0,0.00
173.300,-0.00184,-0.00003,0.00005,0.0000,0.0000,0.00000,0.0130,0.0000,3.2250,48.916,FEASIBLE,0,0.00
173.400,-0.00184,-0.00003,0.00005,0.0000,0.0000,0.00000,0.0048,0.0000,3.2250,43.354,FEASIBLE,0,0.00
173.500,-0.00184,-0.00003,0.00005,0.0000,0.0000,0.00000,0.0122,0.0000,3.2250,43.168,FEASIBLE,0,0.00
173.600,-0.00184,-0.00003,0.00005,0.0000,0.0000,0.00000,0.0167,0.0000,3.2250,38.637,FEASIBLE,0,0.00
173.700,-0.00184,-0.00003,0.00005,0.0000,0.0000,0.00000,0.0132,0.0000,3.2250,38.231,FEASIBLE,0,0.00
173.800,-0.00184,-0.00003,0.00005,0.0000,0.0000,0.00000,0.0143,0.0000,3.2250,40.588,FEASIBLE,0,0.00
173.900,-0.00184,-0.00003,0.00005,0.0000,0.0000,0.00000,0.0150,0.0000,3.2250,40.954,FEASIBLE,0,0.00
174.000,-0.00184,-0.00003,0.00005,0.0000,0.0000,0.00000,0.0088,0.0000,3.2250,38.953,FEASIBLE,0,0.00
174.100,-0.00184,-0.00003,0.00005,0.0000,0.0000,0.00000,0.0063,0.0000,3.2250,39.137,FEASIBLE,0,0.00
174.200,-0.00184,-0.00003,0.00005,0.0000,0.0000,0.00000,0.0177,0.0000,3.2250,40.721,FEASIBLE,0,0.00
174.300,-0.00184,-0.00003,0.00005,0.0000,0.0000,0.00000,0.0112,0.0000,3.2250,42.367,FEASIBLE,0,0.00
174.400,-0.00184,-0.00003,0.00005,0.0000,0.0000,0.00000,0.0152,0.0000,3.2250,46.373,FEASIBLE,0,0.00
174.500,-0.00184,-0.00003,0.00005,0.0000,0.0000,0.00000,0.0163,0.0000,3.2250,44.213,FEASIBLE,0,0.00
174.600,-0.00184,-0.00003,0.00005,0.0000,0.0000,0.00000,0.0156,0.0000,3.2250,43.095,FEASIBLE,0,0.00
174.700,-0.00184,-0.00003,0.00005,0.0000,0.0000,0.00000,0.0182,0.0000,3.2250,41.289,FEASIBLE,0,0.00
174.800,-0.00184,-0.00003,0.00005,0.0000,0.0000,0.00000,0.0311,0.0000,3.2250,43.918,FEASIBLE,0,0.00
174.900,-0.00184,-0.00003,0.00005,0.0000,0.0000,0.00000,0.0190,0.0000,3.2250,43.973,FEASIBLE,0,0.00
175.000,-0.00184,-0.00003,0.00005,0.0000,0.0000,0.00000,0.0212,0.0000,3.2250,40.719,FEASIBLE,0,0.00
175.100,-0.00184,-0.00003,0.00005,0.0000,0.0000,0.00000,0.0104,0.0000,3.2250,38.450,FEASIBLE,0,0.00
175.200,-0.00184,-0.00003,0.00005,0.0000,0.0000,0.00000,0.0006,0.0000,3.2250,38.750,FEASIBLE,0,0.00
175.300,-0.00184,-0.00003,0.00005,0.0000,0.0000,0.00000,0.0101,0.0000,3.2250,38.799,FEASIBLE,0,0.00
175.400,-0.00184,-0.00003,0.00005,0.0000,0.0000,0.00000,0.0074,0.0000,3.2250,38.182,FEASIBLE,0,0.00
175.500,-0.00184,-0.00003,0.00005,0.0000,0.0000,0.00000,0.0029,0.0000,3.2250,37.912,FEASIBLE,0,0.00
175.600,-0.00184,-0.00003,0.00005,0.0000,0.0000,0.00000,0.0222,0.0000,3.2250,37.837,FEASIBLE,0,0.00
175.700,-0.00184,-0.00003,0.00005,0.0000,0.0000,0.00000,0.0166,0.0000,3.2250,38.379,FEASIBLE,0,0.00
175.800,-0.00184,-0.00003,0.00005,0.0000,0.0000,0.00000,0.0112,0.0000,3.2250,38.113,FEASIBLE,0,0.00
175.900,-0.00184,-0.00003,0.00005,0.0000,0.0000,0.00000,0.0212,0.0000,3.2250,41.531,FEASIBLE,0,0.00
176.000,-0.00184,-0.00003,0.00005,0.0000,0.0000,0.00000,0.0132,0.0000,3.2250,41.937,FEASIBLE,0,0.00
176.100,-0.00184,-0.00003,0.00005,0.0000,0.0000,0.00000,0.0149,0.0000,3.2250,38.694,FEASIBLE,0,0.00
176.200,-0.00184,-0.00003,0.00005,0.0000,0.0000,0.00000,0.0096,0.0000,3.2250,44.398,FEASIBLE,0,0.00
176.302,-0.00184,-0.00003,0.00005,0.0000,0.0000,0.00000,0.0126,0.0000,3.2250,40.626,FEASIBLE,0,0.00
176.402,-0.00184,-0.00003,0.00005,0.0000,0.0000,0.00000,0.0072,0.0000,3.2250,43.234,FEASIBLE,0,0.00
176.500,-0.00184,-0.00003,0.00005,0.0000,0.0000,0.00000,0.0261,0.0000,3.2250,43.331,FEASIBLE,0,0.00
176.600,-0.00184,-0.00003,0.00005,0.0000,0.0000,0.00000,0.0180,0.0000,3.2250,41.485,FEASIBLE,0,0.00
176.700,-0.00184,-0.00003,0.00005,0.0000,0.0000,0.00000,0.0149,0.0000,3.2250,41.598,FEASIBLE,0,0.00
176.800,-0.00184,-0.00003,0.00005,0.0000,0.0000,0.00000,0.0008,0.0000,3.2250,42.450,FEASIBLE,0,0.00
176.900,-0.00184,-0.00003,0.00005,0.0000,0.0000,0.00000,0.0131,0.0000,3.2250,41.347,FEASIBLE,0,0.00
177.000,-0.00184,-0.00003,0.00005,0.0000,0.0000,0.00000,0.0083,0.0000,3.2250,41.499,FEASIBLE,0,0.00
177.100,-0.00184,-0.00003,0.00005,0.0000,0.0000,0.00000,0.0203,0.0000,3.2250,40.096,FEASIBLE,0,0.00
177.200,-0.00184,-0.00003,0.00005,0.0000,0.0000,0.00000,0.0179,0.0000,3.2250,38.813,FEASIBLE,0,0.00
177.300,-0.00184,-0.00003,0.00005,0.0000,0.0000,0.00000,0.0146,0.0000,3.2250,40.705,FEASIBLE,0,0.00
177.400,-0.00184,-0.00003,0.00005,0.0000,0.0000,0.00000,0.0065,0.0000,3.2250,39.465,FEASIBLE,0,0.00
177.500,-0.00184,-0.00003,0.00005,0.0000,0.0000,0.00000,0.0084,0.0000,3.2250,39.861,FEASIBLE,0,0.00
177.600,-0.00184,-0.00003,0.00005,0.0000,0.0000,0.00000,0.0015,0.0000,3.2250,42.897,FEASIBLE,0,0.00
177.700,-0.00184,-0.00003,0.00005,0.0000,0.0000,0.00000,0.0083,0.0000,3.2250,40.540,FEASIBLE,0,0.00
177.800,-0.00184,-0.00003,0.00005,0.0000,0.0000,0.00000,0.0068,0.0000,3.2250,41.174,FEASIBLE,0,0.00
177.900,-0.00184,-0.00003,0.00005,0.0000,0.0000,0.00000,0.0197,0.0000,3.2250,39.281,FEASIBLE,0,0.00
178.000,-0.00184,-0.00003,0.00005,0.0000,0.0000,0.00000,0.0119,0.0000,3.2250,37.765,FEASIBLE,0,0.00
178.100,-0.00184,-0.00003,0.00005,0.0000,0.0000,0.00000,0.0072,0.0000,3.2250,38.130,FEASIBLE,0,0.00
178.200,-0.00184,-0.00003,0.00005,0.0000,0.0000,0.00000,0.0177,0.0000,3.2250,38.659,FEASIBLE,0,0.00
178.300,-0.00184,-0.00003,0.00005,0.0000,0.0000,0.00000,0.0171,0.0000,3.2250,38.787,FEASIBLE,0,0.00
178.400,-0.00184,-0.00003,0.00005,0.0000,0.0000,0.00000,0.0044,0.0000,3.2250,39.290,FEASIBLE,0,0.00
178.500,-0.00184,-0.00003,0.00005,0.0000,0.0000,0.00000,0.0130,0.0000,3.2250,40.323,FEASIBLE,0,0.00
178.600,-0.00184,-0.00003,0.00005,0.0000,0.0000,0.00000,0.0242,0.0000,3.2250,42.483,FEASIBLE,0,0.00
178.700,-0.00184,-0.00003,0.00005,0.0000,0.0000,0.00000,0.0135,0.0000,3.2250,41.676,FEASIBLE,0,0.00
178.800,-0.00184,-0.00003,0.00005,0.0000,0.0000,0.00000,0.0145,0.0000,3.2250,40.442,FEASIBLE,0,0.00
178.900,-0.00184,-0.00003,0.00005,0.0000,0.0000,0.00000,0.0057,0.0000,3.2250,44.886,FEASIBLE,0,0.00
179.000,-0.00184,-0.00003,0.00005,0.0000,0.0000,0.00000,0.0138,0.0000,3.2250,46.535,FEASIBLE,0,0.00
179.100,-0.00184,-0.00003,0.00005,0.0000,0.0000,0.00000,0.0194,0.0000,3.2250,41.387,FEASIBLE,0,0.00
179.200,-0.00184,-0.00003,0.00005,0.0000,0.0000,0.00000,0.0307,0.0000,3.2250,40.326,FEASIBLE,0,0.00
179.300,-0.00184,-0.00003,0.00005,0.0000,0.0000,0.00000,0.0133,0.0000,3.2250,38.846,FEASIBLE,0,0.00
179.400,-0.00184,-0.00003,0.00005,0.0000,0.0000,0.00000,0.0068,0.0000,3.2250,38.051,FEASIBLE,0,0.00
179.500,-0.00184,-0.00003,0.00005,0.0000,0.0000,0.00000,0.0131,0.0000,3.2250,43.414,FEASIBLE,0,0.00
179.600,-0.00184,-0.00003,0.00005,0.0000,0.0000,0.00000,0.0272,0.0000,3.2250,45.690,FEASIBLE,0,0.00
179.700,-0.00184,-0.00003,0.00005,0.0000,0.0000,0.00000,0.0162,0.0000,3.2250,41.060,FEASIBLE,0,0.00
179.800,-0.00184,-0.00003,0.00005,0.0000,0.0000,0.00000,0.0016,0.0000,3.2250,40.161,FEASIBLE,0,0.00
179.900,-0.00184,-0.00003,0.00005,0.0000,0.0000,0.00000,0.0314,0.0000,3.2250,40.778,FEASIBLE,0,0.00
180.000,-0.00184,-0.00003,0.00005,0.0000,0.0000,0.00000,0.0182,0.0000,3.2250,42.523,FEASIBLE,0,0.00
180.100,-0.00184,-0.00003,0.00005,0.0000,0.0000,0.00000,0.0273,0.0000,3.2250,45.521,FEASIBLE,0,0.00
180.200,-0.00184,-0.00003,0.00005,0.0000,0.0000,0.00000,0.0184,0.0000,3.2250,42.835,FEASIBLE,0,0.00
180.300,-0.00184,-0.00003,0.00005,0.0000,0.0000,0.00000,0.0271,0.0000,3.2250,42.051,FEASIBLE,0,0.00
180.400,-0.00184,-0.00003,0.00005,0.0000,0.0000,0.00000,0.0008,0.0000,3.2250,41.444,FEASIBLE,0,0.00
180.500,-0.00184,-0.00003,0.00005,0.0000,0.0000,0.00000,0.0152,0.0000,3.2250,39.900,FEASIBLE,0,0.00
180.600,-0.00184,-0.00003,0.00005,0.0000,0.0000,0.00000,0.0028,0.0000,3.2250,39.665,FEASIBLE,0,0.00
180.700,-0.00184,-0.00003,0.00005,0.0000,0.0000,0.00000,0.0102,0.0000,3.2250,38.089,FEASIBLE,0,0.00
180.800,-0.00184,-0.00003,0.00005,0.0000,0.0000,0.00000,0.0011,0.0000,3.2250,46.035,FEASIBLE,0,0.00
180.900,-0.00184,-0.00003,0.00005,0.0000,0.0000,0.00000,0.0199,0.0000,3.2250,44.067,FEASIBLE,0,0.00
181.000,-0.00184,-0.00003,0.00005,0.0000,0.0000,0.00000,0.0112,0.0000,3.2250,43.299,FEASIBLE,0,0.00
181.100,-0.00184,-0.00003,0.00005,0.0000,0.0000,0.00000,0.0131,0.0000,3.2250,39.540,FEASIBLE,0,0.00
181.200,-0.00184,-0.00003,0.00005,0.0000,0.0000,0.00000,0.0030,0.0000,3.2250,40.121,FEASIBLE,0,0.00
181.300,-0.00184,-0.00003,0.00005,0.0000,0.0000,0.00000,0.0266,0.0000,3.2250,42.214,FEASIBLE,0,0.00
181.400,-0.00184,-0.00003,0.00005,0.0000,0.0000,0.00000,0.0008,0.0000,3.2250,40.510,FEASIBLE,0,0.00
181.500,-0.00184,-0.00003,0.00005,0.0000,0.0000,0.00000,0.0126,0.0000,3.2250,43.367,FEASIBLE,0,0.00
181.600,-0.00184,-0.00003,0.00005,0.0000,0.0000,0.00000,0.0208,0.0000,3.2250,41.452,FEASIBLE,0,0.00
181.700,-0.00184,-0.00003,0.00005,0.0000,0.0000,0.00000,0.0036,0.0000,3.2250,40.724,FEASIBLE,0,0.00
181.800,-0.00184,-0.00003,0.00005,0.0000,0.0000,0.00000,0.0125,0.0000,3.2250,40.576,FEASIBLE,0,0.00
181.900,-0.00184,-0.00003,0.00005,0.0000,0.0000,0.00000,0.0144,0.0000,3.2250,41.502,FEASIBLE,0,0.00
182.000,-0.00184,-0.00003,0.00005,0.0000,0.0000,0.00000,0.0416,0.0000,3.2250,44.695,FEASIBLE,0,0.00
182.100,-0.00184,-0.00003,0.00005,0.0000,0.0000,0.00000,0.0100,0.0000,3.2250,41.855,FEASIBLE,0,0.00
182.200,-0.00184,-0.00003,0.00005,0.0000,0.0000,0.00000,0.0076,0.0000,3.2250,43.832,FEASIBLE,0,0.00
182.300,-0.00184,-0.00003,0.00005,0.0000,0.0000,0.00000,0.0134,0.0000,3.2250,41.765,FEASIBLE,0,0.00
182.400,-0.00184,-0.00003,0.00005,0.0000,0.0000,0.00000,0.0062,0.0000,3.2250,53.083,FEASIBLE,0,0.00
182.500,-0.00184,-0.00003,0.00005,0.0000,0.0000,0.00000,0.0169,0.0000,3.2250,41.942,FEASIBLE,0,0.00
182.600,-0.00184,-0.00003,0.00005,0.0000,0.0000,0.00000,0.0140,0.0000,3.2250,42.277,FEASIBLE,0,0.00
182.700,-0.00184,-0.00003,0.00005,0.0000,0.0000,0.00000,0.0238,0.0000,3.2250,41.321,FEASIBLE,0,0.00
182.802,-0.00184,-0.00003,0.00005,0.0000,0.0000,0.00000,0.0079,0.0000,3.2250,41.712,FEASIBLE,0,0.00
182.902,-0.00184,-0.00003,0.00005,0.0000,0.0000,0.00000,0.0300,0.0000,3.2250,40.152,FEASIBLE,0,0.00
183.000,-0.00184,-0.00003,0.00005,0.0000,0.0000,0.00000,0.0100,0.0000,3.2250,40.122,FEASIBLE,0,0.00
183.100,-0.00184,-0.00003,0.00005,0.0000,0.0000,0.00000,0.0218,0.0000,3.2250,40.686,FEASIBLE,0,0.00
183.200,-0.00184,-0.00003,0.00005,0.0000,0.0000,0.00000,0.0143,0.0000,3.2250,38.755,FEASIBLE,0,0.00
183.300,-0.00184,-0.00003,0.00005,0.0000,0.0000,0.00000,0.0172,0.0000,3.2250,39.568,FEASIBLE,0,0.00
183.400,-0.00184,-0.00003,0.00005,0.0000,0.0000,0.00000,0.0191,0.0000,3.2250,39.032,FEASIBLE,0,0.00
183.500,-0.00184,-0.00003,0.00005,0.0000,0.0000,0.00000,0.0028,0.0000,3.2250,40.040,FEASIBLE,0,0.00
183.600,-0.00184,-0.00003,0.00005,0.0000,0.0000,0.00000,0.0227,0.0000,3.2250,39.492,FEASIBLE,0,0.00
183.700,-0.00184,-0.00003,0.00005,0.0000,0.0000,0.00000,0.0066,0.0000,3.2250,39.626,FEASIBLE,0,0.00
183.800,-0.00184,-0.00003,0.00005,0.0000,0.0000,0.00000,0.0048,0.0000,3.2250,39.386,FEASIBLE,0,0.00
183.900,-0.00184,-0.00003,0.00005,0.0000,0.0000,0.00000,0.0127,0.0000,3.2250,43.053,FEASIBLE,0,0.00
184.000,-0.00184,-0.00003,0.00005,0.0000,0.0000,0.00000,0.0073,0.0000,3.2250,45.133,FEASIBLE,0,0.00
184.100,-0.00184,-0.00003,0.00005,0.0000,0.0000,0.00000,0.0007,0.0000,3.2250,51.747,FEASIBLE,0,0.00
184.200,-0.00184,-0.00003,0.00005,0.0000,0.0000,0.00000,0.0036,0.0000,3.2250,45.439,FEASIBLE,0,0.00
184.300,-0.00184,-0.00003,0.00005,0.0000,0.0000,0.00000,0.0051,0.0000,3.2250,42.724,FEASIBLE,0,0.00
184.400,-0.00184,-0.00003,0.00005,0.0000,0.0000,0.00000,0.0063,0.0000,3.2250,39.870,FEASIBLE,0,0.00
184.500,-0.00184,-0.00003,0.00005,0.0000,0.0000,0.00000,0.0079,0.0000,3.2250,39.950,FEASIBLE,0,0.00
184.600,-0.00184,-0.00003,0.00005,0.0000,0.0000,0.00000,0.0142,0.0000,3.2250,46.290,FEASIBLE,0,0.00
184.700,-0.00184,-0.00003,0.00005,0.0000,0.0000,0.00000,0.0085,0.0000,3.2250,49.474,FEASIBLE,0,0.00
184.800,-0.00184,-0.00003,0.00005,0.0000,0.0000,0.00000,0.0075,0.0000,3.2250,43.092,FEASIBLE,0,0.00
184.900,-0.00184,-0.00003,0.00005,0.0000,0.0000,0.00000,0.0034,0.0000,3.2250,44.014,FEASIBLE,0,0.00
185.000,-0.00184,-0.00003,0.00005,0.0000,0.0000,0.00000,0.0230,0.0000,3.2250,47.891,FEASIBLE,0,0.00
185.100,-0.00184,-0.00003,0.00005,0.0000,0.0000,0.00000,0.0351,0.0000,3.2250,69.135,FEASIBLE,0,0.00
185.200,-0.00184,-0.00003,0.00005,0.0000,0.0000,0.00000,0.0019,0.0000,3.2250,62.370,FEASIBLE,0,0.00
185.300,-0.00184,-0.00003,0.00005,0.0000,0.0000,0.00000,0.0129,0.0000,3.2250,63.412,FEASIBLE,0,0.00
185.400,-0.00184,-0.00003,0.00005,0.0000,0.0000,0.00000,0.0211,0.0000,3.2250,50.181,FEASIBLE,0,0.00
185.500,-0.00184,-0.00003,0.00005,0.0000,0.0000,0.00000,0.0081,0.0000,3.2250,51.463,FEASIBLE,0,0.00
185.600,-0.00184,-0.00003,0.00005,0.0000,0.0000,0.00000,0.0223,0.0000,3.2250,50.673,FEASIBLE,0,0.00
185.700,-0.00184,-0.00003,0.00005,0.0000,0.0000,0.00000,0.0127,0.0000,3.2250,44.039,FEASIBLE,0,0.00
185.800,-0.00184,-0.00003,0.00005,0.0000,0.0000,0.00000,0.0140,0.0000,3.2250,45.224,FEASIBLE,0,0.00
185.902,-0.00184,-0.00003,0.00005,0.0000,0.0000,0.00000,0.0033,0.0000,3.2250,46.331,FEASIBLE,0,0.00
186.000,-0.00184,-0.00003,0.00005,0.0000,0.0000,0.00000,0.0000,0.0000,3.2250,52.528,FEASIBLE,0,0.00
186.100,-0.00184,-0.00003,0.00005,0.0000,0.0000,0.00000,0.0016,0.0000,3.2250,51.995,FEASIBLE,0,0.00
186.200,-0.00184,-0.00003,0.00005,0.0000,0.0000,0.00000,0.0005,0.0000,3.2250,54.763,FEASIBLE,0,0.00
186.304,-0.00184,-0.00003,0.00005,0.0000,0.0000,0.00000,0.0216,0.0000,3.2250,44.468,FEASIBLE,0,0.00
186.404,-0.00184,-0.00003,0.00005,0.0000,0.0000,0.00000,0.0050,0.0000,3.2250,43.915,FEASIBLE,0,0.00
186.502,-0.00184,-0.00003,0.00005,0.0000,0.0000,0.00000,0.0117,0.0000,3.2250,45.999,FEASIBLE,0,0.00
186.600,-0.00184,-0.00003,0.00005,0.0000,0.0000,0.00000,0.0152,0.0000,3.2250,46.845,FEASIBLE,0,0.00
186.700,-0.00184,-0.00003,0.00005,0.0000,0.0000,0.00000,0.0080,0.0000,3.2250,42.831,FEASIBLE,0,0.00
186.800,-0.00184,-0.00003,0.00005,0.0000,0.0000,0.00000,0.0179,0.0000,3.2250,46.139,FEASIBLE,0,0.00
186.900,-0.00184,-0.00003,0.00005,0.0000,0.0000,0.00000,0.0058,0.0000,3.2250,48.494,FEASIBLE,0,0.00
187.002,-0.00184,-0.00003,0.00005,0.0000,0.0000,0.00000,0.0226,0.0000,3.2250,44.765,FEASIBLE,0,0.00
187.100,-0.00184,-0.00003,0.00005,0.0000,0.0000,0.00000,0.0018,0.0000,3.2250,50.112,FEASIBLE,0,0.00
187.200,-0.00184,-0.00003,0.00005,0.0000,0.0000,0.00000,0.0012,0.0000,3.2250,45.921,FEASIBLE,0,0.00
187.300,-0.00184,-0.00003,0.00005,0.0000,0.0000,0.00000,0.0071,0.0000,3.2250,43.937,FEASIBLE,0,0.00
187.400,-0.00184,-0.00003,0.00005,0.0000,0.0000,0.00000,0.0013,0.0000,3.2250,49.862,FEASIBLE,0,0.00
187.500,-0.00184,-0.00003,0.00005,0.0000,0.0000,0.00000,0.0030,0.0000,3.2250,49.408,FEASIBLE,0,0.00
187.600,-0.00184,-0.00003,0.00005,0.0000,0.0000,0.00000,0.0124,0.0000,3.2250,45.300,FEASIBLE,0,0.00
187.700,-0.00184,-0.00003,0.00005,0.0000,0.0000,0.00000,0.0297,0.0000,3.2250,43.469,FEASIBLE,0,0.00
187.800,-0.00184,-0.00003,0.00005,0.0000,0.0000,0.00000,0.0126,0.0000,3.2250,44.574,FEASIBLE,0,0.00
187.900,-0.00184,-0.00003,0.00005,0.0000,0.0000,0.00000,0.0003,0.0000,3.2250,42.410,FEASIBLE,0,0.00
188.000,-0.00184,-0.00003,0.00005,0.0000,0.0000,0.00000,0.0069,0.0000,3.2250,42.347,FEASIBLE,0,0.00
188.100,-0.00184,-0.00003,0.00005,0.0000,0.0000,0.00000,0.0252,0.0000,3.2250,41.088,FEASIBLE,0,0.00
188.200,-0.00184,-0.00003,0.00005,0.0000,0.0000,0.00000,0.0173,0.0000,3.2250,42.031,FEASIBLE,0,0.00
188.300,-0.00184,-0.00003,0.00005,0.0000,0.0000,0.00000,0.0124,0.0000,3.2250,40.711,FEASIBLE,0,0.00
188.400,-0.00184,-0.00003,0.00005,0.0000,0.0000,0.00000,0.0149,0.0000,3.2250,42.667,FEASIBLE,0,0.00
188.500,-0.00184,-0.00003,0.00005,0.0000,0.0000,0.00000,0.0145,0.0000,3.2250,42.472,FEASIBLE,0,0.00
188.602,-0.00184,-0.00003,0.00005,0.0000,0.0000,0.00000,0.0114,0.0000,3.2250,43.189,FEASIBLE,0,0.00
188.700,-0.00184,-0.00003,0.00005,0.0000,0.0000,0.00000,0.0056,0.0000,3.2250,43.539,FEASIBLE,0,0.00
188.800,-0.00184,-0.00003,0.00005,0.0000,0.0000,0.00000,0.0054,0.0000,3.2250,41.123,FEASIBLE,0,0.00
188.900,-0.00184,-0.00003,0.00005,0.0000,0.0000,0.00000,0.0251,0.0000,3.2250,42.491,FEASIBLE,0,0.00
189.000,-0.00184,-0.00003,0.00005,0.0000,0.0000,0.00000,0.0028,0.0000,3.2250,41.796,FEASIBLE,0,0.00
189.100,-0.00184,-0.00003,0.00005,0.0000,0.0000,0.00000,0.0134,0.0000,3.2250,43.170,FEASIBLE,0,0.00
189.200,-0.00184,-0.00003,0.00005,0.0000,0.0000,0.00000,0.0042,0.0000,3.2250,41.209,FEASIBLE,0,0.00
189.300,-0.00184,-0.00003,0.00005,0.0000,0.0000,0.00000,0.0334,0.0000,3.2250,41.867,FEASIBLE,0,0.00
189.400,-0.00184,-0.00003,0.00005,0.0000,0.0000,0.00000,0.0139,0.0000,3.2250,41.795,FEASIBLE,0,0.00
189.500,-0.00184,-0.00003,0.00005,0.0000,0.0000,0.00000,0.0198,0.0000,3.2250,40.019,FEASIBLE,0,0.00
189.602,-0.00184,-0.00003,0.00005,0.0000,0.0000,0.00000,0.0092,0.0000,3.2250,40.062,FEASIBLE,0,0.00
189.700,-0.00184,-0.00003,0.00005,0.0000,0.0000,0.00000,0.0137,0.0000,3.2250,43.384,FEASIBLE,0,0.00
189.800,-0.00184,-0.00003,0.00005,0.0000,0.0000,0.00000,0.0235,0.0000,3.2250,44.358,FEASIBLE,0,0.00
189.902,-0.00184,-0.00003,0.00005,0.0000,0.0000,0.00000,0.0097,0.0000,3.2250,42.405,FEASIBLE,0,0.00
190.000,-0.00184,-0.00003,0.00005,0.0000,0.0000,0.00000,0.0005,0.0000,3.2250,40.770,FEASIBLE,0,0.00
190.100,-0.00184,-0.00003,0.00005,0.0000,0.0000,0.00000,0.0231,0.0000,3.2250,45.562,FEASIBLE,0,0.00
190.200,-0.00184,-0.00003,0.00005,0.0000,0.0000,0.00000,0.0176,0.0000,3.2250,43.432,FEASIBLE,0,0.00
190.306,-0.00184,-0.00003,0.00005,0.0000,0.0000,0.00000,0.0119,0.0000,3.2250,43.592,FEASIBLE,0,0.00
190.400,-0.00184,-0.00003,0.00005,0.0000,0.0000,0.00000,0.0012,0.0000,3.2250,46.475,FEASIBLE,0,0.00
190.500,-0.00184,-0.00003,0.00005,0.0000,0.0000,0.00000,0.0336,0.0000,3.2250,43.480,FEASIBLE,0,0.00
190.600,-0.00184,-0.00003,0.00005,0.0000,0.0000,0.00000,0.0424,0.0000,3.2250,45.178,FEASIBLE,0,0.00
190.700,-0.00184,-0.00003,0.00005,0.0000,0.0000,0.00000,0.0220,0.0000,3.2250,49.313,FEASIBLE,0,0.00
190.800,-0.00184,-0.00003,0.00005,0.0000,0.0000,0.00000,0.0131,0.0000,3.2250,58.882,FEASIBLE,0,0.00
190.900,-0.00184,-0.00003,0.00005,0.0000,0.0000,0.00000,0.0076,0.0000,3.2250,42.293,FEASIBLE,0,0.00
191.000,-0.00184,-0.00003,0.00005,0.0000,0.0000,0.00000,0.0370,0.0000,3.2250,42.860,FEASIBLE,0,0.00
191.100,-0.00184,-0.00003,0.00005,0.0000,0.0000,0.00000,0.0292,0.0000,3.2250,42.010,FEASIBLE,0,0.00
191.200,-0.00184,-0.00003,0.00005,0.0000,0.0000,0.00000,0.0197,0.0000,3.2250,43.827,FEASIBLE,0,0.00
191.300,-0.00184,-0.00003,0.00005,0.0000,0.0000,0.00000,0.0004,0.0000,3.2250,39.699,FEASIBLE,0,0.00
191.400,-0.00184,-0.00003,0.00005,0.0000,0.0000,0.00000,0.0315,0.0000,3.2250,41.178,FEASIBLE,0,0.00
191.500,-0.00184,-0.00003,0.00005,0.0000,0.0000,0.00000,0.0173,0.0000,3.2250,41.984,FEASIBLE,0,0.00
191.600,-0.00184,-0.00003,0.00005,0.0000,0.0000,0.00000,0.0238,0.0000,3.2250,42.497,FEASIBLE,0,0.00
191.700,-0.00184,-0.00003,0.00005,0.0000,0.0000,0.00000,0.0092,0.0000,3.2250,39.986,FEASIBLE,0,0.00
191.800,-0.00184,-0.00003,0.00005,0.0000,0.0000,0.00000,0.0044,0.0000,3.2250,41.467,FEASIBLE,0,0.00
191.900,-0.00184,-0.00003,0.00005,0.0000,0.0000,0.00000,0.0235,0.0000,3.2250,42.810,FEASIBLE,0,0.00
192.000,-0.00184,-0.00003,0.00005,0.0000,0.0000,0.00000,0.0046,0.0000,3.2250,41.619,FEASIBLE,0,0.00
192.100,-0.00184,-0.00003,0.00005,0.0000,0.0000,0.00000,0.0203,0.0000,3.2250,45.295,FEASIBLE,0,0.00
192.200,-0.00184,-0.00003,0.00005,0.0000,0.0000,0.00000,0.0118,0.0000,3.2250,42.390,FEASIBLE,0,0.00
192.300,-0.00184,-0.00003,0.00005,0.0000,0.0000,0.00000,0.0068,0.0000,3.2250,42.913,FEASIBLE,0,0.00
192.400,-0.00184,-0.00003,0.00005,0.0000,0.0000,0.00000,0.0106,0.0000,3.2250,42.934,FEASIBLE,0,0.00
192.500,-0.00184,-0.00003,0.00005,0.0000,0.0000,0.00000,0.0146,0.0000,3.2250,44.992,FEASIBLE,0,0.00
192.600,-0.00184,-0.00003,0.00005,0.0000,0.0000,0.00000,0.0153,0.0000,3.2250,40.598,FEASIBLE,0,0.00
192.704,-0.00184,-0.00003,0.00005,0.0000,0.0000,0.00000,0.0156,0.0000,3.2250,42.222,FEASIBLE,0,0.00
192.800,-0.00184,-0.00003,0.00005,0.0000,0.0000,0.00000,0.0141,0.0000,3.2250,45.212,FEASIBLE,0,0.00
192.900,-0.00184,-0.00003,0.00005,0.0000,0.0000,0.00000,0.0069,0.0000,3.2250,41.704,FEASIBLE,0,0.00
193.002,-0.00184,-0.00003,0.00005,0.0000,0.0000,0.00000,0.0227,0.0000,3.2250,42.144,FEASIBLE,0,0.00
193.100,-0.00184,-0.00003,0.00005,0.0000,0.0000,0.00000,0.0039,0.0000,3.2250,41.208,FEASIBLE,0,0.00
193.200,-0.00184,-0.00003,0.00005,0.0000,0.0000,0.00000,0.0186,0.0000,3.2250,42.909,FEASIBLE,0,0.00
193.300,-0.00184,-0.00003,0.00005,0.0000,0.0000,0.00000,0.0271,0.0000,3.2250,43.077,FEASIBLE,0,0.00
193.400,-0.00184,-0.00003,0.00005,0.0000,0.0000,0.00000,0.0017,0.0000,3.2250,42.733,FEASIBLE,0,0.00
193.500,-0.00184,-0.00003,0.00005,0.0000,0.0000,0.00000,0.0186,0.0000,3.2250,41.741,FEASIBLE,0,0.00
193.600,-0.00184,-0.00003,0.00005,0.0000,0.0000,0.00000,0.0116,0.0000,3.2250,42.197,FEASIBLE,0,0.00
193.700,-0.00184,-0.00003,0.00005,0.0000,0.0000,0.00000,0.0132,0.0000,3.2250,41.142,FEASIBLE,0,0.00
193.800,-0.00184,-0.00003,0.00005,0.0000,0.0000,0.00000,0.0247,0.0000,3.2250,40.748,FEASIBLE,0,0.00
193.900,-0.00184,-0.00003,0.00005,0.0000,0.0000,0.00000,0.0249,0.0000,3.2250,43.148,FEASIBLE,0,0.00
194.000,-0.00184,-0.00003,0.00005,0.0000,0.0000,0.00000,0.0122,0.0000,3.2250,46.696,FEASIBLE,0,0.00
194.100,-0.00184,-0.00003,0.00005,0.0000,0.0000,0.00000,0.0131,0.0000,3.2250,45.333,FEASIBLE,0,0.00
194.200,-0.00184,-0.00003,0.00005,0.0000,0.0000,0.00000,0.0162,0.0000,3.2250,42.008,FEASIBLE,0,0.00
194.300,-0.00184,-0.00003,0.00005,0.0000,0.0000,0.00000,0.0126,0.0000,3.2250,43.204,FEASIBLE,0,0.00
194.400,-0.00184,-0.00003,0.00005,0.0000,0.0000,0.00000,0.0234,0.0000,3.2250,43.077,FEASIBLE,0,0.00
194.500,-0.00184,-0.00003,0.00005,0.0000,0.0000,0.00000,0.0039,0.0000,3.2250,48.050,FEASIBLE,0,0.00
194.600,-0.00184,-0.00003,0.00005,0.0000,0.0000,0.00000,0.0274,0.0000,3.2250,42.515,FEASIBLE,0,0.00
194.700,-0.00184,-0.00003,0.00005,0.0000,0.0000,0.00000,0.0088,0.0000,3.2250,40.188,FEASIBLE,0,0.00
194.800,-0.00184,-0.00003,0.00005,0.0000,0.0000,0.00000,0.0244,0.0000,3.2250,42.369,FEASIBLE,0,0.00
194.900,-0.00184,-0.00003,0.00005,0.0000,0.0000,0.00000,0.0163,0.0000,3.2250,41.659,FEASIBLE,0,0.00
195.000,-0.00184,-0.00003,0.00005,0.0000,0.0000,0.00000,0.0150,0.0000,3.2250,41.298,FEASIBLE,0,0.00
195.100,-0.00184,-0.00003,0.00005,0.0000,0.0000,0.00000,0.0069,0.0000,3.2250,39.535,FEASIBLE,0,0.00
195.200,-0.00184,-0.00003,0.00005,0.0000,0.0000,0.00000,0.0134,0.0000,3.2250,40.325,FEASIBLE,0,0.00
195.300,-0.00184,-0.00003,0.00005,0.0000,0.0000,0.00000,0.0230,0.0000,3.2250,42.012,FEASIBLE,0,0.00
195.400,-0.00184,-0.00003,0.00005,0.0000,0.0000,0.00000,0.0101,0.0000,3.2250,40.726,FEASIBLE,0,0.00
195.500,-0.00184,-0.00003,0.00005,0.0000,0.0000,0.00000,0.0197,0.0000,3.2250,39.837,FEASIBLE,0,0.00
195.600,-0.00184,-0.00003,0.00005,0.0000,0.0000,0.00000,0.0114,0.0000,3.2250,41.484,FEASIBLE,0,0.00
195.700,-0.00184,-0.00003,0.00005,0.0000,0.0000,0.00000,0.0367,0.0000,3.2250,40.966,FEASIBLE,0,0.00
195.800,-0.00184,-0.00003,0.00005,0.0000,0.0000,0.00000,0.0257,0.0000,3.2250,40.769,FEASIBLE,0,0.00
195.900,-0.00184,-0.00003,0.00005,0.0000,0.0000,0.00000,0.0095,0.0000,3.2250,41.477,FEASIBLE,0,0.00
196.002,-0.00184,-0.00003,0.00005,0.0000,0.0000,0.00000,0.0132,0.0000,3.2250,46.629,FEASIBLE,0,0.00
196.100,-0.00184,-0.00003,0.00005,0.0000,0.0000,0.00000,0.0156,0.0000,3.2250,43.416,FEASIBLE,0,0.00
196.200,-0.00184,-0.00003,0.00005,0.0000,0.0000,0.00000,0.0113,0.0000,3.2250,40.466,FEASIBLE,0,0.00
196.300,-0.00184,-0.00003,0.00005,0.0000,0.0000,0.00000,0.0008,0.0000,3.2250,41.154,FEASIBLE,0,0.00
196.400,-0.00184,-0.00003,0.00005,0.0000,0.0000,0.00000,0.0052,0.0000,3.2250,41.398,FEASIBLE,0,0.00
196.500,-0.00184,-0.00003,0.00005,0.0000,0.0000,0.00000,0.0022,0.0000,3.2250,43.664,FEASIBLE,0,0.00
196.600,-0.00184,-0.00003,0.00005,0.0000,0.0000,0.00000,0.0211,0.0000,3.2250,43.142,FEASIBLE,0,0.00
196.700,-0.00184,-0.00003,0.00005,0.0000,0.0000,0.00000,0.0288,0.0000,3.2250,42.864,FEASIBLE,0,0.00
196.800,-0.00184,-0.00003,0.00005,0.0000,0.0000,0.00000,0.0095,0.0000,3.2250,45.134,FEASIBLE,0,0.00
196.900,-0.00184,-0.00003,0.00005,0.0000,0.0000,0.00000,0.0205,0.0000,3.2250,47.695,FEASIBLE,0,0.00
197.000,-0.00184,-0.00003,0.00005,0.0000,0.0000,0.00000,0.0025,0.0000,3.2250,42.806,FEASIBLE,0,0.00
197.100,-0.00184,-0.00003,0.00005,0.0000,0.0000,0.00000,0.0091,0.0000,3.2250,43.379,FEASIBLE,0,0.00
197.200,-0.00184,-0.00003,0.00005,0.0000,0.0000,0.00000,0.0037,0.0000,3.2250,42.962,FEASIBLE,0,0.00
197.300,-0.00184,-0.00003,0.00005,0.0000,0.0000,0.00000,0.0197,0.0000,3.2250,42.769,FEASIBLE,0,0.00
197.400,-0.00184,-0.00003,0.00005,0.0000,0.0000,0.00000,0.0012,0.0000,3.2250,48.100,FEASIBLE,0,0.00
197.500,-0.00184,-0.00003,0.00005,0.0000,0.0000,0.00000,0.0194,0.0000,3.2250,40.950,FEASIBLE,0,0.00
197.600,-0.00184,-0.00003,0.00005,0.0000,0.0000,0.00000,0.0416,0.0000,3.2250,40.796,FEASIBLE,0,0.00
197.700,-0.00184,-0.00003,0.00005,0.0000,0.0000,0.00000,0.0066,0.0000,3.2250,38.775,FEASIBLE,0,0.00
197.800,-0.00184,-0.00003,0.00005,0.0000,0.0000,0.00000,0.0200,0.0000,3.2250,40.116,FEASIBLE,0,0.00
197.900,-0.00184,-0.00003,0.00005,0.0000,0.0000,0.00000,0.0093,0.0000,3.2250,41.100,FEASIBLE,0,0.00
198.000,-0.00184,-0.00003,0.00005,0.0000,0.0000,0.00000,0.0057,0.0000,3.2250,40.171,FEASIBLE,0,0.00
198.100,-0.00184,-0.00003,0.00005,0.0000,0.0000,0.00000,0.0066,0.0000,3.2250,41.527,FEASIBLE,0,0.00
198.200,-0.00184,-0.00003,0.00005,0.0000,0.0000,0.00000,0.0183,0.0000,3.2250,41.967,FEASIBLE,0,0.00
198.300,-0.00184,-0.00003,0.00005,0.0000,0.0000,0.00000,0.0077,0.0000,3.2250,39.761,FEASIBLE,0,0.00
198.400,-0.00184,-0.00003,0.00005,0.0000,0.0000,0.00000,0.0025,0.0000,3.2250,41.475,FEASIBLE,0,0.00
198.500,-0.00184,-0.00003,0.00005,0.0000,0.0000,0.00000,0.0164,0.0000,3.2250,41.413,FEASIBLE,0,0.00
198.600,-0.00184,-0.00003,0.00005,0.0000,0.0000,0.00000,0.0138,0.0000,3.2250,40.381,FEASIBLE,0,0.00
198.700,-0.00184,-0.00003,0.00005,0.0000,0.0000,0.00000,0.0248,0.0000,3.2250,41.221,FEASIBLE,0,0.00
198.800,-0.00184,-0.00003,0.00005,0.0000,0.0000,0.00000,0.0191,0.0000,3.2250,43.852,FEASIBLE,0,0.00
198.900,-0.00184,-0.00003,0.00005,0.0000,0.0000,0.00000,0.0100,0.0000,3.2250,41.739,FEASIBLE,0,0.00
199.000,-0.00184,-0.00003,0.00005,0.0000,0.0000,0.00000,0.0196,0.0000,3.2250,47.993,FEASIBLE,0,0.00
199.100,-0.00184,-0.00003,0.00005,0.0000,0.0000,0.00000,0.0124,0.0000,3.2250,43.113,FEASIBLE,0,0.00
199.200,-0.00184,-0.00003,0.00005,0.0000,0.0000,0.00000,0.0483,0.0000,3.2250,41.919,FEASIBLE,0,0.00
199.304,-0.00184,-0.00003,0.00005,0.0000,0.0000,0.00000,0.0102,0.0000,3.2250,43.808,FEASIBLE,0,0.00
199.402,-0.00184,-0.00003,0.00005,0.0000,0.0000,0.00000,0.0395,0.0000,3.2250,40.053,FEASIBLE,0,0.00
199.500,-0.00184,-0.00003,0.00005,0.0000,0.0000,0.00000,0.0080,0.0000,3.2250,40.854,FEASIBLE,0,0.00
199.600,-0.00184,-0.00003,0.00005,0.0000,0.0000,0.00000,0.0228,0.0000,3.2250,40.439,FEASIBLE,0,0.00
199.700,-0.00184,-0.00003,0.00005,0.0000,0.0000,0.00000,0.0087,0.0000,3.2250,40.915,FEASIBLE,0,0.00
199.800,-0.00184,-0.00003,0.00005,0.0000,0.0000,0.00000,0.0088,0.0000,3.2250,40.627,FEASIBLE,0,0.00
199.900,-0.00184,-0.00003,0.00005,0.0000,0.0000,0.00000,0.0103,0.0000,3.2250,41.723,FEASIBLE,0,0.00
200.000,-0.00184,-0.00003,0.00005,0.0000,0.0000,0.00000,0.0186,0.0000,3.2250,44.363,FEASIBLE,0,0.00
200.100,-0.00184,-0.00003,0.00005,0.0000,0.0000,0.00000,0.0128,0.0000,3.2250,44.606,FEASIBLE,0,0.00
200.200,-0.00184,-0.00003,0.00005,0.0000,0.0000,0.00000,0.0013,0.0000,3.2250,42.384,FEASIBLE,0,0.00
200.300,-0.00184,-0.00003,0.00005,0.0000,0.0000,0.00000,0.0157,0.0000,3.2250,41.091,FEASIBLE,0,0.00
200.400,-0.00184,-0.00003,0.00005,0.0000,0.0000,0.00000,0.0079,0.0000,3.2250,42.679,FEASIBLE,0,0.00
200.500,-0.00184,-0.00003,0.00005,0.0000,0.0000,0.00000,0.0176,0.0000,3.2250,44.294,FEASIBLE,0,0.00
200.600,-0.00184,-0.00003,0.00005,0.0000,0.0000,0.00000,0.0149,0.0000,3.2250,42.128,FEASIBLE,0,0.00
200.700,-0.00184,-0.00003,0.00005,0.0000,0.0000,0.00000,0.0032,0.0000,3.2250,42.672,FEASIBLE,0,0.00
200.800,-0.00184,-0.00003,0.00005,0.0000,0.0000,0.00000,0.0088,0.0000,3.2250,40.063,FEASIBLE,0,0.00
200.900,-0.00184,-0.00003,0.00005,0.0000,0.0000,0.00000,0.0104,0.0000,3.2250,41.414,FEASIBLE,0,0.00
201.000,-0.00184,-0.00003,0.00005,0.0000,0.0000,0.00000,0.0327,0.0000,3.2250,41.713,FEASIBLE,0,0.00
201.100,-0.00184,-0.00003,0.00005,0.0000,0.0000,0.00000,0.0057,0.0000,3.2250,42.322,FEASIBLE,0,0.00
201.200,-0.00184,-0.00003,0.00005,0.0000,0.0000,0.00000,0.0125,0.0000,3.2250,42.948,FEASIBLE,0,0.00
201.300,-0.00184,-0.00003,0.00005,0.0000,0.0000,0.00000,0.0170,0.0000,3.2250,42.306,FEASIBLE,0,0.00
201.400,-0.00184,-0.00003,0.00005,0.0000,0.0000,0.00000,0.0182,0.0000,3.2250,42.476,FEASIBLE,0,0.00
201.500,-0.00184,-0.00003,0.00005,0.0000,0.0000,0.00000,0.0168,0.0000,3.2250,40.301,FEASIBLE,0,0.00
201.600,-0.00184,-0.00003,0.00005,0.0000,0.0000,0.00000,0.0213,0.0000,3.2250,43.193,FEASIBLE,0,0.00
201.700,-0.00184,-0.00003,0.00005,0.0000,0.0000,0.00000,0.0150,0.0000,3.2250,41.692,FEASIBLE,0,0.00
201.800,-0.00184,-0.00003,0.00005,0.0000,0.0000,0.00000,0.0251,0.0000,3.2250,43.321,FEASIBLE,0,0.00
201.900,-0.00184,-0.00003,0.00005,0.0000,0.0000,0.00000,0.0174,0.0000,3.2250,44.078,FEASIBLE,0,0.00
202.000,-0.00184,-0.00003,0.00005,0.0000,0.0000,0.00000,0.0248,0.0000,3.2250,41.921,FEASIBLE,0,0.00
202.100,-0.00184,-0.00003,0.00005,0.0000,0.0000,0.00000,0.0038,0.0000,3.2250,42.474,FEASIBLE,0,0.00
202.200,-0.00184,-0.00003,0.00005,0.0000,0.0000,0.00000,0.0120,0.0000,3.2250,42.414,FEASIBLE,0,0.00
202.300,-0.00184,-0.00003,0.00005,0.0000,0.0000,0.00000,0.0155,0.0000,3.2250,41.925,FEASIBLE,0,0.00
202.400,-0.00184,-0.00003,0.00005,0.0000,0.0000,0.00000,0.0120,0.0000,3.2250,45.353,FEASIBLE,0,0.00
202.504,-0.00184,-0.00003,0.00005,0.0000,0.0000,0.00000,0.0193,0.0000,3.2250,41.917,FEASIBLE,0,0.00
202.604,-0.00184,-0.00003,0.00005,0.0000,0.0000,0.00000,0.0451,0.0000,3.2250,40.347,FEASIBLE,0,0.00
202.702,-0.00184,-0.00003,0.00005,0.0000,0.0000,0.00000,0.0119,0.0000,3.2250,41.446,FEASIBLE,0,0.00
202.802,-0.00184,-0.00003,0.00005,0.0000,0.0000,0.00000,0.0060,0.0000,3.2250,43.269,FEASIBLE,0,0.00
202.902,-0.00184,-0.00003,0.00005,0.0000,0.0000,0.00000,0.0008,0.0000,3.2250,42.557,FEASIBLE,0,0.00
203.000,-0.00184,-0.00003,0.00005,0.0000,0.0000,0.00000,0.0103,0.0000,3.2250,42.431,FEASIBLE,0,0.00
203.100,-0.00184,-0.00003,0.00005,0.0000,0.0000,0.00000,0.0155,0.0000,3.2250,42.098,FEASIBLE,0,0.00
203.200,-0.00184,-0.00003,0.00005,0.0000,0.0000,0.00000,0.0020,0.0000,3.2250,41.388,FEASIBLE,0,0.00
203.300,-0.00184,-0.00003,0.00005,0.0000,0.0000,0.00000,0.0150,0.0000,3.2250,45.276,FEASIBLE,0,0.00
203.400,-0.00184,-0.00003,0.00005,0.0000,0.0000,0.00000,0.0121,0.0000,3.2250,42.920,FEASIBLE,0,0.00
203.500,-0.00184,-0.00003,0.00005,0.0000,0.0000,0.00000,0.0271,0.0000,3.2250,42.904,FEASIBLE,0,0.00
203.600,-0.00184,-0.00003,0.00005,0.0000,0.0000,0.00000,0.0056,0.0000,3.2250,43.260,FEASIBLE,0,0.00
203.700,-0.00184,-0.00003,0.00005,0.0000,0.0000,0.00000,0.0014,0.0000,3.2250,42.369,FEASIBLE,0,0.00
203.800,-0.00184,-0.00003,0.00005,0.0000,0.0000,0.00000,0.0106,0.0000,3.2250,45.744,FEASIBLE,0,0.00
203.900,-0.00184,-0.00003,0.00005,0.0000,0.0000,0.00000,0.0280,0.0000,3.2250,40.938,FEASIBLE,0,0.00
204.000,-0.00184,-0.00003,0.00005,0.0000,0.0000,0.00000,0.0040,0.0000,3.2250,45.039,FEASIBLE,0,0.00
204.100,-0.00184,-0.00003,0.00005,0.0000,0.0000,0.00000,0.0320,0.0000,3.2250,42.351,FEASIBLE,0,0.00
204.200,-0.00184,-0.00003,0.00005,0.0000,0.0000,0.00000,0.0313,0.0000,3.2250,42.578,FEASIBLE,0,0.00
204.300,-0.00184,-0.00003,0.00005,0.0000,0.0000,0.00000,0.0190,0.0000,3.2250,46.642,FEASIBLE,0,0.00
204.400,-0.00184,-0.00003,0.00005,0.0000,0.0000,0.00000,0.0005,0.0000,3.2250,45.005,FEASIBLE,0,0.00
204.500,-0.00184,-0.00003,0.00005,0.0000,0.0000,0.00000,0.0297,0.0000,3.2250,40.264,FEASIBLE,0,0.00
204.600,-0.00184,-0.00003,0.00005,0.0000,0.0000,0.00000,0.0161,0.0000,3.2250,44.330,FEASIBLE,0,0.00
204.700,-0.00184,-0.00003,0.00005,0.0000,0.0000,0.00000,0.0150,0.0000,3.2250,44.495,FEASIBLE,0,0.00
204.800,-0.00184,-0.00003,0.00005,0.0000,0.0000,0.00000,0.0234,0.0000,3.2250,42.054,FEASIBLE,0,0.00
204.900,-0.00184,-0.00003,0.00005,0.0000,0.0000,0.00000,0.0103,0.0000,3.2250,39.930,FEASIBLE,0,0.00
205.000,-0.00184,-0.00003,0.00005,0.0000,0.0000,0.00000,0.0236,0.0000,3.2250,42.473,FEASIBLE,0,0.00
205.100,-0.00184,-0.00003,0.00005,0.0000,0.0000,0.00000,0.0199,0.0000,3.2250,42.173,FEASIBLE,0,0.00
205.200,-0.00184,-0.00003,0.00005,0.0000,0.0000,0.00000,0.0252,0.0000,3.2250,41.844,FEASIBLE,0,0.00
205.300,-0.00184,-0.00003,0.00005,0.0000,0.0000,0.00000,0.0067,0.0000,3.2250,43.151,FEASIBLE,0,0.00
205.400,-0.00184,-0.00003,0.00005,0.0000,0.0000,0.00000,0.0018,0.0000,3.2250,43.535,FEASIBLE,0,0.00
205.500,-0.00184,-0.00003,0.00005,0.0000,0.0000,0.00000,0.0398,0.0000,3.2250,42.707,FEASIBLE,0,0.00
205.600,-0.00184,-0.00003,0.00005,0.0000,0.0000,0.00000,0.0277,0.0000,3.2250,44.408,FEASIBLE,0,0.00
205.700,-0.00184,-0.00003,0.00005,0.0000,0.0000,0.00000,0.0161,0.0000,3.2250,42.881,FEASIBLE,0,0.00
205.800,-0.00184,-0.00003,0.00005,0.0000,0.0000,0.00000,0.0212,0.0000,3.2250,42.570,FEASIBLE,0,0.00
205.904,-0.00184,-0.00003,0.00005,0.0000,0.0000,0.00000,0.0005,0.0000,3.2250,42.208,FEASIBLE,0,0.00
206.004,-0.00184,-0.00003,0.00005,0.0000,0.0000,0.00000,0.0092,0.0000,3.2250,42.233,FEASIBLE,0,0.00
206.102,-0.00184,-0.00003,0.00005,0.0000,0.0000,0.00000,0.0036,0.0000,3.2250,44.401,FEASIBLE,0,0.00
206.200,-0.00184,-0.00003,0.00005,0.0000,0.0000,0.00000,0.0087,0.0000,3.2250,44.047,FEASIBLE,0,0.00
206.300,-0.00184,-0.00003,0.00005,0.0000,0.0000,0.00000,0.0283,0.0000,3.2250,49.530,FEASIBLE,0,0.00
206.400,-0.00184,-0.00003,0.00005,0.0000,0.0000,0.00000,0.0047,0.0000,3.2250,42.197,FEASIBLE,0,0.00
206.500,-0.00184,-0.00003,0.00005,0.0000,0.0000,0.00000,0.0175,0.0000,3.2250,43.204,FEASIBLE,0,0.00
206.600,-0.00184,-0.00003,0.00005,0.0000,0.0000,0.00000,0.0079,0.0000,3.2250,42.594,FEASIBLE,0,0.00
206.700,-0.00184,-0.00003,0.00005,0.0000,0.0000,0.00000,0.0090,0.0000,3.2250,41.279,FEASIBLE,0,0.00
206.800,-0.00184,-0.00003,0.00005,0.0000,0.0000,0.00000,0.0240,0.0000,3.2250,41.873,FEASIBLE,0,0.00
206.900,-0.00184,-0.00003,0.00005,0.0000,0.0000,0.00000,0.0549,0.0000,3.2250,46.332,FEASIBLE,0,0.00
207.000,-0.00184,-0.00003,0.00005,0.0000,0.0000,0.00000,0.0037,0.0000,3.2250,41.214,FEASIBLE,0,0.00
207.100,-0.00184,-0.00003,0.00005,0.0000,0.0000,0.00000,0.0145,0.0000,3.2250,42.887,FEASIBLE,0,0.00
207.200,-0.00184,-0.00003,0.00005,0.0000,0.0000,0.00000,0.0080,0.0000,3.2250,41.283,FEASIBLE,0,0.00
207.300,-0.00184,-0.00003,0.00005,0.0000,0.0000,0.00000,0.0001,0.0000,3.2250,44.450,FEASIBLE,0,0.00
207.400,-0.00184,-0.00003,0.00005,0.0000,0.0000,0.00000,0.0183,0.0000,3.2250,41.968,FEASIBLE,0,0.00
207.500,-0.00184,-0.00003,0.00005,0.0000,0.0000,0.00000,0.0194,0.0000,3.2250,41.574,FEASIBLE,0,0.00
207.600,-0.00184,-0.00003,0.00005,0.0000,0.0000,0.00000,0.0227,0.0000,3.2250,43.562,FEASIBLE,0,0.00
207.700,-0.00184,-0.00003,0.00005,0.0000,0.0000,0.00000,0.0251,0.0000,3.2250,44.186,FEASIBLE,0,0.00
207.800,-0.00184,-0.00003,0.00005,0.0000,0.0000,0.00000,0.0069,0.0000,3.2250,42.729,FEASIBLE,0,0.00
207.900,-0.00184,-0.00003,0.00005,0.0000,0.0000,0.00000,0.0022,0.0000,3.2250,42.199,FEASIBLE,0,0.00
208.000,-0.00184,-0.00003,0.00005,0.0000,0.0000,0.00000,0.0211,0.0000,3.2250,42.167,FEASIBLE,0,0.00
208.100,-0.00184,-0.00003,0.00005,0.0000,0.0000,0.00000,0.0072,0.0000,3.2250,39.994,FEASIBLE,0,0.00
208.200,-0.00184,-0.00003,0.00005,0.0000,0.0000,0.00000,0.0275,0.0000,3.2250,40.566,FEASIBLE,0,0.00
208.300,-0.00184,-0.00003,0.00005,0.0000,0.0000,0.00000,0.0027,0.0000,3.2250,39.361,FEASIBLE,0,0.00
208.400,-0.00184,-0.00003,0.00005,0.0000,0.0000,0.00000,0.0097,0.0000,3.2250,42.269,FEASIBLE,0,0.00
208.500,-0.00184,-0.00003,0.00005,0.0000,0.0000,0.00000,0.0066,0.0000,3.2250,40.863,FEASIBLE,0,0.00
208.600,-0.00184,-0.00003,0.00005,0.0000,0.0000,0.00000,0.0029,0.0000,3.2250,42.626,FEASIBLE,0,0.00
208.702,-0.00184,-0.00003,0.00005,0.0000,0.0000,0.00000,0.0104,0.0000,3.2250,44.564,FEASIBLE,0,0.00
208.800,-0.00184,-0.00003,0.00005,0.0000,0.0000,0.00000,0.0238,0.0000,3.2250,42.785,FEASIBLE,0,0.00
208.900,-0.00184,-0.00003,0.00005,0.0000,0.0000,0.00000,0.0175,0.0000,3.2250,41.712,FEASIBLE,0,0.00
209.000,-0.00184,-0.00003,0.00005,0.0000,0.0000,0.00000,0.0258,0.0000,3.2250,42.940,FEASIBLE,0,0.00
209.100,-0.00184,-0.00003,0.00005,0.0000,0.0000,0.00000,0.0178,0.0000,3.2250,42.981,FEASIBLE,0,0.00
209.204,-0.00184,-0.00003,0.00005,0.0000,0.0000,0.00000,0.0185,0.0000,3.2250,47.407,FEASIBLE,0,0.00
209.300,-0.00184,-0.00003,0.00005,0.0000,0.0000,0.00000,0.0181,0.0000,3.2250,44.415,FEASIBLE,0,0.00
209.400,-0.00184,-0.00003,0.00005,0.0000,0.0000,0.00000,0.0016,0.0000,3.2250,42.202,FEASIBLE,0,0.00
209.500,-0.00184,-0.00003,0.00005,0.0000,0.0000,0.00000,0.0019,0.0000,3.2250,41.453,FEASIBLE,0,0.00
209.600,-0.00184,-0.00003,0.00005,0.0000,0.0000,0.00000,0.0257,0.0000,3.2250,42.714,FEASIBLE,0,0.00
209.700,-0.00184,-0.00003,0.00005,0.0000,0.0000,0.00000,0.0226,0.0000,3.2250,40.526,FEASIBLE,0,0.00
209.800,-0.00184,-0.00003,0.00005,0.0000,0.0000,0.00000,0.0247,0.0000,3.2250,42.163,FEASIBLE,0,0.00
209.900,-0.00184,-0.00003,0.00005,0.0000,0.0000,0.00000,0.0114,0.0000,3.2250,42.222,FEASIBLE,0,0.00
210.000,-0.00184,-0.00003,0.00005,0.0000,0.0000,0.00000,0.0139,0.0000,3.2250,41.080,FEASIBLE,0,0.00
210.100,-0.00184,-0.00003,0.00005,0.0000,0.0000,0.00000,0.0090,0.0000,3.2250,41.293,FEASIBLE,0,0.00
210.200,-0.00184,-0.00003,0.00005,0.0000,0.0000,0.00000,0.0230,0.0000,3.2250,41.682,FEASIBLE,0,0.00
210.300,-0.00184,-0.00003,0.00005,0.0000,0.0000,0.00000,0.0239,0.0000,3.2250,39.796,FEASIBLE,0,0.00
210.400,-0.00184,-0.00003,0.00005,0.0000,0.0000,0.00000,0.0203,0.0000,3.2250,40.111,FEASIBLE,0,0.00
210.504,-0.00184,-0.00003,0.00005,0.0000,0.0000,0.00000,0.0321,0.0000,3.2250,39.614,FEASIBLE,0,0.00
210.600,-0.00184,-0.00003,0.00005,0.0000,0.0000,0.00000,0.0229,0.0000,3.2250,43.228,FEASIBLE,0,0.00
210.700,-0.00184,-0.00003,0.00005,0.0000,0.0000,0.00000,0.0078,0.0000,3.2250,41.740,FEASIBLE,0,0.00
210.800,-0.00184,-0.00003,0.00005,0.0000,0.0000,0.00000,0.0066,0.0000,3.2250,42.477,FEASIBLE,0,0.00
210.900,-0.00184,-0.00003,0.00005,0.0000,0.0000,0.00000,0.0032,0.0000,3.2250,40.700,FEASIBLE,0,0.00
211.000,-0.00184,-0.00003,0.00005,0.0000,0.0000,0.00000,0.0240,0.0000,3.2250,39.739,FEASIBLE,0,0.00
211.100,-0.00184,-0.00003,0.00005,0.0000,0.0000,0.00000,0.0248,0.0000,3.2250,39.655,FEASIBLE,0,0.00
211.200,-0.00184,-0.00003,0.00005,0.0000,0.0000,0.00000,0.0075,0.0000,3.2250,39.479,FEASIBLE,0,0.00
211.300,-0.00184,-0.00003,0.00005,0.0000,0.0000,0.00000,0.0055,0.0000,3.2250,38.866,FEASIBLE,0,0.00
211.400,-0.00184,-0.00003,0.00005,0.0000,0.0000,0.00000,0.0024,0.0000,3.2250,41.389,FEASIBLE,0,0.00
211.500,-0.00184,-0.00003,0.00005,0.0000,0.0000,0.00000,0.0246,0.0000,3.2250,43.221,FEASIBLE,0,0.00
211.600,-0.00184,-0.00003,0.00005,0.0000,0.0000,0.00000,0.0129,0.0000,3.2250,42.876,FEASIBLE,0,0.00
211.700,-0.00184,-0.00003,0.00005,0.0000,0.0000,0.00000,0.0022,0.0000,3.2250,42.847,FEASIBLE,0,0.00
211.800,-0.00184,-0.00003,0.00005,0.0000,0.0000,0.00000,0.0270,0.0000,3.2250,42.464,FEASIBLE,0,0.00
211.900,-0.00184,-0.00003,0.00005,0.0000,0.0000,0.00000,0.0009,0.0000,3.2250,41.575,FEASIBLE,0,0.00
212.000,-0.00184,-0.00003,0.00005,0.0000,0.0000,0.00000,0.0241,0.0000,3.2250,43.886,FEASIBLE,0,0.00
212.100,-0.00184,-0.00003,0.00005,0.0000,0.0000,0.00000,0.0076,0.0000,3.2250,43.128,FEASIBLE,0,0.00
212.200,-0.00184,-0.00003,0.00005,0.0000,0.0000,0.00000,0.0053,0.0000,3.2250,43.355,FEASIBLE,0,0.00
212.300,-0.00184,-0.00003,0.00005,0.0000,0.0000,0.00000,0.0078,0.0000,3.2250,43.083,FEASIBLE,0,0.00
212.404,-0.00184,-0.00003,0.00005,0.0000,0.0000,0.00000,0.0147,0.0000,3.2250,42.423,FEASIBLE,0,0.00
212.502,-0.00184,-0.00003,0.00005,0.0000,0.0000,0.00000,0.0144,0.0000,3.2250,39.900,FEASIBLE,0,0.00
212.600,-0.00184,-0.00003,0.00005,0.0000,0.0000,0.00000,0.0054,0.0000,3.2250,39.751,FEASIBLE,0,0.00
212.700,-0.00184,-0.00003,0.00005,0.0000,0.0000,0.00000,0.0143,0.0000,3.2250,42.906,FEASIBLE,0,0.00
212.800,-0.00184,-0.00003,0.00005,0.0000,0.0000,0.00000,0.0100,0.0000,3.2250,40.677,FEASIBLE,0,0.00
212.900,-0.00184,-0.00003,0.00005,0.0000,0.0000,0.00000,0.0078,0.0000,3.2250,42.063,FEASIBLE,0,0.00
213.000,-0.00184,-0.00003,0.00005,0.0000,0.0000,0.00000,0.0113,0.0000,3.2250,42.056,FEASIBLE,0,0.00
213.100,-0.00184,-0.00003,0.00005,0.0000,0.0000,0.00000,0.0305,0.0000,3.2250,40.897,FEASIBLE,0,0.00
213.200,-0.00184,-0.00003,0.00005,0.0000,0.0000,0.00000,0.0221,0.0000,3.2250,39.903,FEASIBLE,0,0.00
213.300,-0.00184,-0.00003,0.00005,0.0000,0.0000,0.00000,0.0242,0.0000,3.2250,42.030,FEASIBLE,0,0.00
213.400,-0.00184,-0.00003,0.00005,0.0000,0.0000,0.00000,0.0082,0.0000,3.2250,40.762,FEASIBLE,0,0.00
213.500,-0.00184,-0.00003,0.00005,0.0000,0.0000,0.00000,0.0193,0.0000,3.2250,43.328,FEASIBLE,0,0.00
213.600,-0.00184,-0.00003,0.00005,0.0000,0.0000,0.00000,0.0031,0.0000,3.2250,42.106,FEASIBLE,0,0.00
213.700,-0.00184,-0.00003,0.00005,0.0000,0.0000,0.00000,0.0101,0.0000,3.2250,40.943,FEASIBLE,0,0.00
213.800,-0.00184,-0.00003,0.00005,0.0000,0.0000,0.00000,0.0258,0.0000,3.2250,40.384,FEASIBLE,0,0.00
213.900,-0.00184,-0.00003,0.00005,0.0000,0.0000,0.00000,0.0276,0.0000,3.2250,42.150,FEASIBLE,0,0.00
214.000,-0.00184,-0.00003,0.00005,0.0000,0.0000,0.00000,0.0020,0.0000,3.2250,39.854,FEASIBLE,0,0.00
214.100,-0.00184,-0.00003,0.00005,0.0000,0.0000,0.00000,0.0409,0.0000,3.2250,42.428,FEASIBLE,0,0.00
214.200,-0.00184,-0.00003,0.00005,0.0000,0.0000,0.00000,0.0078,0.0000,3.2250,39.935,FEASIBLE,0,0.00
214.300,-0.00184,-0.00003,0.00005,0.0000,0.0000,0.00000,0.0202,0.0000,3.2250,40.957,FEASIBLE,0,0.00
214.400,-0.00184,-0.00003,0.00005,0.0000,0.0000,0.00000,0.0060,0.0000,3.2250,41.159,FEASIBLE,0,0.00
214.500,-0.00184,-0.00003,0.00005,0.0000,0.0000,0.00000,0.0132,0.0000,3.2250,42.380,FEASIBLE,0,0.00
214.600,-0.00184,-0.00003,0.00005,0.0000,0.0000,0.00000,0.0137,0.0000,3.2250,39.795,FEASIBLE,0,0.00
214.700,-0.00184,-0.00003,0.00005,0.0000,0.0000,0.00000,0.0106,0.0000,3.2250,40.004,FEASIBLE,0,0.00
214.800,-0.00184,-0.00003,0.00005,0.0000,0.0000,0.00000,0.0296,0.0000,3.2250,41.327,FEASIBLE,0,0.00
214.900,-0.00184,-0.00003,0.00005,0.0000,0.0000,0.00000,0.0115,0.0000,3.2250,40.200,FEASIBLE,0,0.00
215.000,-0.00184,-0.00003,0.00005,0.0000,0.0000,0.00000,0.0102,0.0000,3.2250,44.563,FEASIBLE,0,0.00
215.100,-0.00184,-0.00003,0.00005,0.0000,0.0000,0.00000,0.0302,0.0000,3.2250,41.389,FEASIBLE,0,0.00
215.200,-0.00184,-0.00003,0.00005,0.0000,0.0000,0.00000,0.0121,0.0000,3.2250,42.355,FEASIBLE,0,0.00
215.300,-0.00184,-0.00003,0.00005,0.0000,0.0000,0.00000,0.0210,0.0000,3.2250,47.238,FEASIBLE,0,0.00
215.400,-0.00184,-0.00003,0.00005,0.0000,0.0000,0.00000,0.0048,0.0000,3.2250,42.369,FEASIBLE,0,0.00
215.500,-0.00184,-0.00003,0.00005,0.0000,0.0000,0.00000,0.0056,0.0000,3.2250,40.391,FEASIBLE,0,0.00
215.604,-0.00184,-0.00003,0.00005,0.0000,0.0000,0.00000,0.0142,0.0000,3.2250,41.757,FEASIBLE,0,0.00
215.702,-0.00184,-0.00003,0.00005,0.0000,0.0000,0.00000,0.0224,0.0000,3.2250,39.591,FEASIBLE,0,0.00
215.800,-0.00184,-0.00003,0.00005,0.0000,0.0000,0.00000,0.0147,0.0000,3.2250,40.634,FEASIBLE,0,0.00
215.904,-0.00184,-0.00003,0.00005,0.0000,0.0000,0.00000,0.0088,0.0000,3.2250,41.515,FEASIBLE,0,0.00
216.002,-0.00184,-0.00003,0.00005,0.0000,0.0000,0.00000,0.0084,0.0000,3.2250,41.680,FEASIBLE,0,0.00
216.100,-0.00184,-0.00003,0.00005,0.0000,0.0000,0.00000,0.0174,0.0000,3.2250,42.570,FEASIBLE,0,0.00
216.200,-0.00184,-0.00003,0.00005,0.0000,0.0000,0.00000,0.0111,0.0000,3.2250,41.578,FEASIBLE,0,0.00
216.300,-0.00184,-0.00003,0.00005,0.0000,0.0000,0.00000,0.0090,0.0000,3.2250,41.808,FEASIBLE,0,0.00
216.406,-0.00184,-0.00003,0.00005,0.0000,0.0000,0.00000,0.0076,0.0000,3.2250,41.544,FEASIBLE,0,0.00
216.500,-0.00184,-0.00003,0.00005,0.0000,0.0000,0.00000,0.0326,0.0000,3.2250,43.714,FEASIBLE,0,0.00
216.600,-0.00184,-0.00003,0.00005,0.0000,0.0000,0.00000,0.0026,0.0000,3.2250,42.680,FEASIBLE,0,0.00
216.700,-0.00184,-0.00003,0.00005,0.0000,0.0000,0.00000,0.0173,0.0000,3.2250,41.890,FEASIBLE,0,0.00
216.800,-0.00184,-0.00003,0.00005,0.0000,0.0000,0.00000,0.0062,0.0000,3.2250,40.382,FEASIBLE,0,0.00
216.900,-0.00184,-0.00003,0.00005,0.0000,0.0000,0.00000,0.0104,0.0000,3.2250,39.231,FEASIBLE,0,0.00
217.000,-0.00184,-0.00003,0.00005,0.0000,0.0000,0.00000,0.0247,0.0000,3.2250,43.064,FEASIBLE,0,0.00
217.100,-0.00184,-0.00003,0.00005,0.0000,0.0000,0.00000,0.0026,0.0000,3.2250,40.497,FEASIBLE,0,0.00
217.200,-0.00184,-0.00003,0.00005,0.0000,0.0000,0.00000,0.0045,0.0000,3.2250,40.200,FEASIBLE,0,0.00
217.300,-0.00184,-0.00003,0.00005,0.0000,0.0000,0.00000,0.0329,0.0000,3.2250,40.928,FEASIBLE,0,0.00
217.400,-0.00184,-0.00003,0.00005,0.0000,0.0000,0.00000,0.0226,0.0000,3.2250,40.424,FEASIBLE,0,0.00
217.500,-0.00184,-0.00003,0.00005,0.0000,0.0000,0.00000,0.0290,0.0000,3.2250,41.572,FEASIBLE,0,0.00
217.600,-0.00184,-0.00003,0.00005,0.0000,0.0000,0.00000,0.0078,0.0000,3.2250,41.020,FEASIBLE,0,0.00
217.700,-0.00184,-0.00003,0.00005,0.0000,0.0000,0.00000,0.0028,0.0000,3.2250,42.607,FEASIBLE,0,0.00
217.800,-0.00184,-0.00003,0.00005,0.0000,0.0000,0.00000,0.0203,0.0000,3.2250,42.429,FEASIBLE,0,0.00
217.900,-0.00184,-0.00003,0.00005,0.0000,0.0000,0.00000,0.0188,0.0000,3.2250,43.116,FEASIBLE,0,0.00
218.000,-0.00184,-0.00003,0.00005,0.0000,0.0000,0.00000,0.0220,0.0000,3.2250,44.848,FEASIBLE,0,0.00
218.100,-0.00184,-0.00003,0.00005,0.0000,0.0000,0.00000,0.0405,0.0000,3.2250,42.237,FEASIBLE,0,0.00
218.200,-0.00184,-0.00003,0.00005,0.0000,0.0000,0.00000,0.0079,0.0000,3.2250,41.154,FEASIBLE,0,0.00
218.300,-0.00184,-0.00003,0.00005,0.0000,0.0000,0.00000,0.0099,0.0000,3.2250,40.465,FEASIBLE,0,0.00
218.400,-0.00184,-0.00003,0.00005,0.0000,0.0000,0.00000,0.0051,0.0000,3.2250,41.434,FEASIBLE,0,0.00
218.500,-0.00184,-0.00003,0.00005,0.0000,0.0000,0.00000,0.0296,0.0000,3.2250,41.121,FEASIBLE,0,0.00
218.600,-0.00184,-0.00003,0.00005,0.0000,0.0000,0.00000,0.0142,0.0000,3.2250,42.151,FEASIBLE,0,0.00
218.700,-0.00184,-0.00003,0.00005,0.0000,0.0000,0.00000,0.0038,0.0000,3.2250,46.659,FEASIBLE,0,0.00
218.800,-0.00184,-0.00003,0.00005,0.0000,0.0000,0.00000,0.0144,0.0000,3.2250,43.900,FEASIBLE,0,0.00
218.904,-0.00184,-0.00003,0.00005,0.0000,0.0000,0.00000,0.0063,0.0000,3.2250,43.247,FEASIBLE,0,0.00
219.000,-0.00184,-0.00003,0.00005,0.0000,0.0000,0.00000,0.0155,0.0000,3.2250,42.026,FEASIBLE,0,0.00
219.100,-0.00184,-0.00003,0.00005,0.0000,0.0000,0.00000,0.0295,0.0000,3.2250,41.046,FEASIBLE,0,0.00
219.200,-0.00184,-0.00003,0.00005,0.0000,0.0000,0.00000,0.0159,0.0000,3.2250,42.002,FEASIBLE,0,0.00
219.300,-0.00184,-0.00003,0.00005,0.0000,0.0000,0.00000,0.0296,0.0000,3.2250,40.780,FEASIBLE,0,0.00
219.400,-0.00184,-0.00003,0.00005,0.0000,0.0000,0.00000,0.0005,0.0000,3.2250,46.081,FEASIBLE,0,0.00
219.500,-0.00184,-0.00003,0.00005,0.0000,0.0000,0.00000,0.0441,0.0000,3.2250,42.795,FEASIBLE,0,0.00
219.600,-0.00184,-0.00003,0.00005,0.0000,0.0000,0.00000,0.0084,0.0000,3.2250,43.508,FEASIBLE,0,0.00
219.700,-0.00184,-0.00003,0.00005,0.0000,0.0000,0.00000,0.0119,0.0000,3.2250,43.669,FEASIBLE,0,0.00
219.800,-0.00184,-0.00003,0.00005,0.0000,0.0000,0.00000,0.0014,0.0000,3.2250,42.400,FEASIBLE,0,0.00
219.900,-0.00184,-0.00003,0.00005,0.0000,0.0000,0.00000,0.0250,0.0000,3.2250,42.642,FEASIBLE,0,0.00
220.000,-0.00184,-0.00003,0.00005,0.0000,0.0000,0.00000,0.0427,0.0000,3.2250,41.733,FEASIBLE,0,0.00
220.100,-0.00184,-0.00003,0.00005,0.0000,0.0000,0.00000,0.0117,0.0000,3.2250,44.569,FEASIBLE,0,0.00
220.200,-0.00184,-0.00003,0.00005,0.0000,0.0000,0.00000,0.0107,0.0000,3.2250,41.755,FEASIBLE,0,0.00
220.300,-0.00184,-0.00003,0.00005,0.0000,0.0000,0.00000,0.0341,0.0000,3.2250,42.124,FEASIBLE,0,0.00
220.400,-0.00184,-0.00003,0.00005,0.0000,0.0000,0.00000,0.0027,0.0000,3.2250,41.543,FEASIBLE,0,0.00
220.500,-0.00184,-0.00003,0.00005,0.0000,0.0000,0.00000,0.0255,0.0000,3.2250,42.327,FEASIBLE,0,0.00
220.600,-0.00184,-0.00003,0.00005,0.0000,0.0000,0.00000,0.0064,0.0000,3.2250,41.275,FEASIBLE,0,0.00
220.700,-0.00184,-0.00003,0.00005,0.0000,0.0000,0.00000,0.0038,0.0000,3.2250,40.197,FEASIBLE,0,0.00
220.800,-0.00184,-0.00003,0.00005,0.0000,0.0000,0.00000,0.0123,0.0000,3.2250,44.028,FEASIBLE,0,0.00
220.900,-0.00184,-0.00003,0.00005,0.0000,0.0000,0.00000,0.0143,0.0000,3.2250,41.233,FEASIBLE,0,0.00
221.000,-0.00184,-0.00003,0.00005,0.0000,0.0000,0.00000,0.0008,0.0000,3.2250,40.100,FEASIBLE,0,0.00
221.100,-0.00184,-0.00003,0.00005,0.0000,0.0000,0.00000,0.0066,0.0000,3.2250,42.425,FEASIBLE,0,0.00
221.200,-0.00184,-0.00003,0.00005,0.0000,0.0000,0.00000,0.0047,0.0000,3.2250,41.499,FEASIBLE,0,0.00
221.300,-0.00184,-0.00003,0.00005,0.0000,0.0000,0.00000,0.0171,0.0000,3.2250,40.712,FEASIBLE,0,0.00
221.400,-0.00184,-0.00003,0.00005,0.0000,0.0000,0.00000,0.0253,0.0000,3.2250,55.413,FEASIBLE,0,0.00
221.500,-0.00184,-0.00003,0.00005,0.0000,0.0000,0.00000,0.0008,0.0000,3.2250,42.849,FEASIBLE,0,0.00
221.600,-0.00184,-0.00003,0.00005,0.0000,0.0000,0.00000,0.0145,0.0000,3.2250,42.553,FEASIBLE,0,0.00
221.700,-0.00184,-0.00003,0.00005,0.0000,0.0000,0.00000,0.0283,0.0000,3.2250,43.155,FEASIBLE,0,0.00
221.800,-0.00184,-0.00003,0.00005,0.0000,0.0000,0.00000,0.0133,0.0000,3.2250,46.370,FEASIBLE,0,0.00
221.900,-0.00184,-0.00003,0.00005,0.0000,0.0000,0.00000,0.0325,0.0000,3.2250,47.097,FEASIBLE,0,0.00
222.000,-0.00184,-0.00003,0.00005,0.0000,0.0000,0.00000,0.0189,0.0000,3.2250,43.123,FEASIBLE,0,0.00
222.100,-0.00184,-0.00003,0.00005,0.0000,0.0000,0.00000,0.0172,0.0000,3.2250,42.861,FEASIBLE,0,0.00
222.200,-0.00184,-0.00003,0.00005,0.0000,0.0000,0.00000,0.0372,0.0000,3.2250,41.106,FEASIBLE,0,0.00
222.300,-0.00184,-0.00003,0.00005,0.0000,0.0000,0.00000,0.0119,0.0000,3.2250,44.249,FEASIBLE,0,0.00
222.400,-0.00184,-0.00003,0.00005,0.0000,0.0000,0.00000,0.0035,0.0000,3.2250,42.815,FEASIBLE,0,0.00
222.500,-0.00184,-0.00003,0.00005,0.0000,0.0000,0.00000,0.0115,0.0000,3.2250,40.422,FEASIBLE,0,0.00
222.600,-0.00184,-0.00003,0.00005,0.0000,0.0000,0.00000,0.0130,0.0000,3.2250,39.373,FEASIBLE,0,0.00
222.702,-0.00184,-0.00003,0.00005,0.0000,0.0000,0.00000,0.0113,0.0000,3.2250,39.785,FEASIBLE,0,0.00
222.802,-0.00184,-0.00003,0.00005,0.0000,0.0000,0.00000,0.0079,0.0000,3.2250,41.961,FEASIBLE,0,0.00
222.900,-0.00184,-0.00003,0.00005,0.0000,0.0000,0.00000,0.0147,0.0000,3.2250,43.240,FEASIBLE,0,0.00
223.000,-0.00184,-0.00003,0.00005,0.0000,0.0000,0.00000,0.0082,0.0000,3.2250,44.755,FEASIBLE,0,0.00
223.100,-0.00184,-0.00003,0.00005,0.0000,0.0000,0.00000,0.0057,0.0000,3.2250,41.197,FEASIBLE,0,0.00
223.200,-0.00184,-0.00003,0.00005,0.0000,0.0000,0.00000,0.0072,0.0000,3.2250,41.253,FEASIBLE,0,0.00
223.300,-0.00184,-0.00003,0.00005,0.0000,0.0000,0.00000,0.0040,0.0000,3.2250,42.839,FEASIBLE,0,0.00
223.400,-0.00184,-0.00003,0.00005,0.0000,0.0000,0.00000,0.0400,0.0000,3.2250,40.197,FEASIBLE,0,0.00
223.500,-0.00184,-0.00003,0.00005,0.0000,0.0000,0.00000,0.0179,0.0000,3.2250,41.066,FEASIBLE,0,0.00
223.600,-0.00184,-0.00003,0.00005,0.0000,0.0000,0.00000,0.0149,0.0000,3.2250,40.989,FEASIBLE,0,0.00
223.700,-0.00184,-0.00003,0.00005,0.0000,0.0000,0.00000,0.0033,0.0000,3.2250,40.286,FEASIBLE,0,0.00
223.800,-0.00184,-0.00003,0.00005,0.0000,0.0000,0.00000,0.0053,0.0000,3.2250,42.462,FEASIBLE,0,0.00
223.900,-0.00184,-0.00003,0.00005,0.0000,0.0000,0.00000,0.0078,0.0000,3.2250,42.754,FEASIBLE,0,0.00
224.000,-0.00184,-0.00003,0.00005,0.0000,0.0000,0.00000,0.0240,0.0000,3.2250,42.642,FEASIBLE,0,0.00
224.100,-0.00184,-0.00003,0.00005,0.0000,0.0000,0.00000,0.0112,0.0000,3.2250,39.554,FEASIBLE,0,0.00
224.200,-0.00184,-0.00003,0.00005,0.0000,0.0000,0.00000,0.0063,0.0000,3.2250,41.573,FEASIBLE,0,0.00
224.300,-0.00184,-0.00003,0.00005,0.0000,0.0000,0.00000,0.0117,0.0000,3.2250,41.996,FEASIBLE,0,0.00
224.400,-0.00184,-0.00003,0.00005,0.0000,0.0000,0.00000,0.0331,0.0000,3.2250,42.590,FEASIBLE,0,0.00
224.500,-0.00184,-0.00003,0.00005,0.0000,0.0000,0.00000,0.0131,0.0000,3.2250,40.808,FEASIBLE,0,0.00
224.600,-0.00184,-0.00003,0.00005,0.0000,0.0000,0.00000,0.0215,0.0000,3.2250,42.760,FEASIBLE,0,0.00
224.700,-0.00184,-0.00003,0.00005,0.0000,0.0000,0.00000,0.0135,0.0000,3.2250,45.207,FEASIBLE,0,0.00
224.800,-0.00184,-0.00003,0.00005,0.0000,0.0000,0.00000,0.0098,0.0000,3.2250,42.718,FEASIBLE,0,0.00
224.900,-0.00184,-0.00003,0.00005,0.0000,0.0000,0.00000,0.0260,0.0000,3.2250,42.138,FEASIBLE,0,0.00
225.000,-0.00184,-0.00003,0.00005,0.0000,0.0000,0.00000,0.0397,0.0000,3.2250,42.696,FEASIBLE,0,0.00
225.100,-0.00184,-0.00003,0.00005,0.0000,0.0000,0.00000,0.0128,0.0000,3.2250,40.822,FEASIBLE,0,0.00
225.200,-0.00184,-0.00003,0.00005,0.0000,0.0000,0.00000,0.0135,0.0000,3.2250,45.779,FEASIBLE,0,0.00
225.300,-0.00184,-0.00003,0.00005,0.0000,0.0000,0.00000,0.0050,0.0000,3.2250,40.746,FEASIBLE,0,0.00
225.400,-0.00184,-0.00003,0.00005,0.0000,0.0000,0.00000,0.0384,0.0000,3.2250,41.870,FEASIBLE,0,0.00
225.500,-0.00184,-0.00003,0.00005,0.0000,0.0000,0.00000,0.0016,0.0000,3.2250,40.912,FEASIBLE,0,0.00
225.600,-0.00184,-0.00003,0.00005,0.0000,0.0000,0.00000,0.0173,0.0000,3.2250,44.163,FEASIBLE,0,0.00
225.702,-0.00184,-0.00003,0.00005,0.0000,0.0000,0.00000,0.0038,0.0000,3.2250,41.864,FEASIBLE,0,0.00
225.800,-0.00184,-0.00003,0.00005,0.0000,0.0000,0.00000,0.0154,0.0000,3.2250,42.337,FEASIBLE,0,0.00
225.900,-0.00184,-0.00003,0.00005,0.0000,0.0000,0.00000,0.0392,0.0000,3.2250,42.922,FEASIBLE,0,0.00
226.000,-0.00184,-0.00003,0.00005,0.0000,0.0000,0.00000,0.0137,0.0000,3.2250,40.720,FEASIBLE,0,0.00
226.100,-0.00184,-0.00003,0.00005,0.0000,0.0000,0.00000,0.0034,0.0000,3.2250,40.371,FEASIBLE,0,0.00
226.200,-0.00184,-0.00003,0.00005,0.0000,0.0000,0.00000,0.0074,0.0000,3.2250,41.378,FEASIBLE,0,0.00
226.300,-0.00184,-0.00003,0.00005,0.0000,0.0000,0.00000,0.0139,0.0000,3.2250,41.451,FEASIBLE,0,0.00
226.400,-0.00184,-0.00003,0.00005,0.0000,0.0000,0.00000,0.0123,0.0000,3.2250,42.665,FEASIBLE,0,0.00
226.500,-0.00184,-0.00003,0.00005,0.0000,0.0000,0.00000,0.0211,0.0000,3.2250,43.589,FEASIBLE,0,0.00
226.600,-0.00184,-0.00003,0.00005,0.0000,0.0000,0.00000,0.0126,0.0000,3.2250,45.024,FEASIBLE,0,0.00
226.700,-0.00184,-0.00003,0.00005,0.0000,0.0000,0.00000,0.0076,0.0000,3.2250,40.826,FEASIBLE,0,0.00
226.800,-0.00184,-0.00003,0.00005,0.0000,0.0000,0.00000,0.0121,0.0000,3.2250,44.109,FEASIBLE,0,0.00
226.900,-0.00184,-0.00003,0.00005,0.0000,0.0000,0.00000,0.0155,0.0000,3.2250,43.429,FEASIBLE,0,0.00
227.000,-0.00184,-0.00003,0.00005,0.0000,0.0000,0.00000,0.0142,0.0000,3.2250,43.207,FEASIBLE,0,0.00
227.100,-0.00184,-0.00003,0.00005,0.0000,0.0000,0.00000,0.0066,0.0000,3.2250,41.775,FEASIBLE,0,0.00
227.200,-0.00184,-0.00003,0.00005,0.0000,0.0000,0.00000,0.0297,0.0000,3.2250,41.818,FEASIBLE,0,0.00
227.300,-0.00184,-0.00003,0.00005,0.0000,0.0000,0.00000,0.0031,0.0000,3.2250,42.731,FEASIBLE,0,0.00
227.400,-0.00184,-0.00003,0.00005,0.0000,0.0000,0.00000,0.0212,0.0000,3.2250,44.524,FEASIBLE,0,0.00
227.500,-0.00184,-0.00003,0.00005,0.0000,0.0000,0.00000,0.0255,0.0000,3.2250,42.125,FEASIBLE,0,0.00
227.600,-0.00184,-0.00003,0.00005,0.0000,0.0000,0.00000,0.0199,0.0000,3.2250,40.861,FEASIBLE,0,0.00
227.700,-0.00184,-0.00003,0.00005,0.0000,0.0000,0.00000,0.0037,0.0000,3.2250,42.944,FEASIBLE,0,0.00
227.800,-0.00184,-0.00003,0.00005,0.0000,0.0000,0.00000,0.0418,0.0000,3.2250,42.394,FEASIBLE,0,0.00
227.900,-0.00184,-0.00003,0.00005,0.0000,0.0000,0.00000,0.0131,0.0000,3.2250,43.417,FEASIBLE,0,0.00
228.000,-0.00184,-0.00003,0.00005,0.0000,0.0000,0.00000,0.0224,0.0000,3.2250,43.286,FEASIBLE,0,0.00
228.100,-0.00184,-0.00003,0.00005,0.0000,0.0000,0.00000,0.0105,0.0000,3.2250,43.853,FEASIBLE,0,0.00
228.200,-0.00184,-0.00003,0.00005,0.0000,0.0000,0.00000,0.0079,0.0000,3.2250,44.488,FEASIBLE,0,0.00
228.300,-0.00184,-0.00003,0.00005,0.0000,0.0000,0.00000,0.0187,0.0000,3.2250,42.283,FEASIBLE,0,0.00
228.400,-0.00184,-0.00003,0.00005,0.0000,0.0000,0.00000,0.0046,0.0000,3.2250,40.765,FEASIBLE,0,0.00
228.500,-0.00184,-0.00003,0.00005,0.0000,0.0000,0.00000,0.0212,0.0000,3.2250,43.619,FEASIBLE,0,0.00
228.600,-0.00184,-0.00003,0.00005,0.0000,0.0000,0.00000,0.0156,0.0000,3.2250,42.987,FEASIBLE,0,0.00
228.700,-0.00184,-0.00003,0.00005,0.0000,0.0000,0.00000,0.0363,0.0000,3.2250,41.548,FEASIBLE,0,0.00
228.800,-0.00184,-0.00003,0.00005,0.0000,0.0000,0.00000,0.0209,0.0000,3.2250,41.345,FEASIBLE,0,0.00
228.906,-0.00184,-0.00003,0.00005,0.0000,0.0000,0.00000,0.0277,0.0000,3.2250,42.865,FEASIBLE,0,0.00
229.004,-0.00184,-0.00003,0.00005,0.0000,0.0000,0.00000,0.0073,0.0000,3.2250,42.735,FEASIBLE,0,0.00
229.100,-0.00184,-0.00003,0.00005,0.0000,0.0000,0.00000,0.0168,0.0000,3.2250,42.389,FEASIBLE,0,0.00
229.204,-0.00184,-0.00003,0.00005,0.0000,0.0000,0.00000,0.0018,0.0000,3.2250,40.707,FEASIBLE,0,0.00
229.304,-0.00184,-0.00003,0.00005,0.0000,0.0000,0.00000,0.0055,0.0000,3.2250,44.579,FEASIBLE,0,0.00
229.402,-0.00184,-0.00003,0.00005,0.0000,0.0000,0.00000,0.0016,0.0000,3.2250,44.965,FEASIBLE,0,0.00
229.500,-0.00184,-0.00003,0.00005,0.0000,0.0000,0.00000,0.0092,0.0000,3.2250,41.986,FEASIBLE,0,0.00
229.600,-0.00184,-0.00003,0.00005,0.0000,0.0000,0.00000,0.0140,0.0000,3.2250,42.203,FEASIBLE,0,0.00
229.700,-0.00184,-0.00003,0.00005,0.0000,0.0000,0.00000,0.0310,0.0000,3.2250,41.833,FEASIBLE,0,0.00
229.800,-0.00184,-0.00003,0.00005,0.0000,0.0000,0.00000,0.0079,0.0000,3.2250,41.168,FEASIBLE,0,0.00
229.900,-0.00184,-0.00003,0.00005,0.0000,0.0000,0.00000,0.0001,0.0000,3.2250,40.915,FEASIBLE,0,0.00
230.000,-0.00184,-0.00003,0.00005,0.0000,0.0000,0.00000,0.0152,0.0000,3.2250,41.273,FEASIBLE,0,0.00
230.100,-0.00184,-0.00003,0.00005,0.0000,0.0000,0.00000,0.0060,0.0000,3.2250,41.403,FEASIBLE,0,0.00
230.200,-0.00184,-0.00003,0.00005,0.0000,0.0000,0.00000,0.0315,0.0000,3.2250,38.847,FEASIBLE,0,0.00
230.300,-0.00184,-0.00003,0.00005,0.0000,0.0000,0.00000,0.0108,0.0000,3.2250,38.918,FEASIBLE,0,0.00
230.400,-0.00184,-0.00003,0.00005,0.0000,0.0000,0.00000,0.0096,0.0000,3.2250,40.350,FEASIBLE,0,0.00
230.500,-0.00184,-0.00003,0.00005,0.0000,0.0000,0.00000,0.0191,0.0000,3.2250,39.790,FEASIBLE,0,0.00
230.600,-0.00184,-0.00003,0.00005,0.0000,0.0000,0.00000,0.0395,0.0000,3.2250,40.462,FEASIBLE,0,0.00
230.700,-0.00184,-0.00003,0.00005,0.0000,0.0000,0.00000,0.0264,0.0000,3.2250,39.659,FEASIBLE,0,0.00
230.800,-0.00184,-0.00003,0.00005,0.0000,0.0000,0.00000,0.0064,0.0000,3.2250,41.684,FEASIBLE,0,0.00
230.900,-0.00184,-0.00003,0.00005,0.0000,0.0000,0.00000,0.0082,0.0000,3.2250,39.793,FEASIBLE,0,0.00
231.000,-0.00184,-0.00003,0.00005,0.0000,0.0000,0.00000,0.0080,0.0000,3.2250,39.661,FEASIBLE,0,0.00
231.100,-0.00184,-0.00003,0.00005,0.0000,0.0000,0.00000,0.0202,0.0000,3.2250,46.082,FEASIBLE,0,0.00
231.200,-0.00184,-0.00003,0.00005,0.0000,0.0000,0.00000,0.0142,0.0000,3.2250,40.705,FEASIBLE,0,0.00
231.300,-0.00184,-0.00003,0.00005,0.0000,0.0000,0.00000,0.0062,0.0000,3.2250,42.269,FEASIBLE,0,0.00
231.400,-0.00184,-0.00003,0.00005,0.0000,0.0000,0.00000,0.0092,0.0000,3.2250,68.078,FEASIBLE,0,0.00
231.500,-0.00184,-0.00003,0.00005,0.0000,0.0000,0.00000,0.0222,0.0000,3.2250,57.720,FEASIBLE,0,0.00
231.600,-0.00184,-0.00003,0.00005,0.0000,0.0000,0.00000,0.0035,0.0000,3.2250,49.900,FEASIBLE,0,0.00
231.700,-0.00184,-0.00003,0.00005,0.0000,0.0000,0.00000,0.0223,0.0000,3.2250,49.600,FEASIBLE,0,0.00
231.800,-0.00184,-0.00003,0.00005,0.0000,0.0000,0.00000,0.0203,0.0000,3.2250,43.731,FEASIBLE,0,0.00
231.900,-0.00184,-0.00003,0.00005,0.0000,0.0000,0.00000,0.0012,0.0000,3.2250,47.347,FEASIBLE,0,0.00
232.000,-0.00184,-0.00003,0.00005,0.0000,0.0000,0.00000,0.0103,0.0000,3.2250,44.485,FEASIBLE,0,0.00
232.100,-0.00184,-0.00003,0.00005,0.0000,0.0000,0.00000,0.0174,0.0000,3.2250,45.019,FEASIBLE,0,0.00
232.200,-0.00184,-0.00003,0.00005,0.0000,0.0000,0.00000,0.0075,0.0000,3.2250,43.667,FEASIBLE,0,0.00
232.302,-0.00184,-0.00003,0.00005,0.0000,0.0000,0.00000,0.0049,0.0000,3.2250,43.293,FEASIBLE,0,0.00
232.404,-0.00184,-0.00003,0.00005,0.0000,0.0000,0.00000,0.0264,0.0000,3.2250,41.789,FEASIBLE,0,0.00
232.500,-0.00184,-0.00003,0.00005,0.0000,0.0000,0.00000,0.0068,0.0000,3.2250,39.634,FEASIBLE,0,0.00
232.602,-0.00184,-0.00003,0.00005,0.0000,0.0000,0.00000,0.0140,0.0000,3.2250,43.682,FEASIBLE,0,0.00
232.700,-0.00184,-0.00003,0.00005,0.0000,0.0000,0.00000,0.0211,0.0000,3.2250,42.579,FEASIBLE,0,0.00
232.800,-0.00184,-0.00003,0.00005,0.0000,0.0000,0.00000,0.0193,0.0000,3.2250,39.784,FEASIBLE,0,0.00
232.900,-0.00184,-0.00003,0.00005,0.0000,0.0000,0.00000,0.0020,0.0000,3.2250,41.194,FEASIBLE,0,0.00
233.000,-0.00184,-0.00003,0.00005,0.0000,0.0000,0.00000,0.0295,0.0000,3.2250,45.362,FEASIBLE,0,0.00
233.100,-0.00184,-0.00003,0.00005,0.0000,0.0000,0.00000,0.0231,0.0000,3.2250,42.785,FEASIBLE,0,0.00
233.200,-0.00184,-0.00003,0.00005,0.0000,0.0000,0.00000,0.0222,0.0000,3.2250,40.096,FEASIBLE,0,0.00
233.300,-0.00184,-0.00003,0.00005,0.0000,0.0000,0.00000,0.0016,0.0000,3.2250,38.895,FEASIBLE,0,0.00
233.400,-0.00184,-0.00003,0.00005,0.0000,0.0000,0.00000,0.0198,0.0000,3.2250,41.110,FEASIBLE,0,0.00
233.500,-0.00184,-0.00003,0.00005,0.0000,0.0000,0.00000,0.0215,0.0000,3.2250,38.587,FEASIBLE,0,0.00
233.600,-0.00184,-0.00003,0.00005,0.0000,0.0000,0.00000,0.0065,0.0000,3.2250,44.520,FEASIBLE,0,0.00
233.700,-0.00184,-0.00003,0.00005,0.0000,0.0000,0.00000,0.0293,0.0000,3.2250,43.276,FEASIBLE,0,0.00
233.800,-0.00184,-0.00003,0.00005,0.0000,0.0000,0.00000,0.0209,0.0000,3.2250,45.818,FEASIBLE,0,0.00
233.900,-0.00184,-0.00003,0.00005,0.0000,0.0000,0.00000,0.0058,0.0000,3.2250,48.659,FEASIBLE,0,0.00
234.000,-0.00184,-0.00003,0.00005,0.0000,0.0000,0.00000,0.0215,0.0000,3.2250,43.322,FEASIBLE,0,0.00
234.100,-0.00184,-0.00003,0.00005,0.0000,0.0000,0.00000,0.0121,0.0000,3.2250,43.506,FEASIBLE,0,0.00
234.200,-0.00184,-0.00003,0.00005,0.0000,0.0000,0.00000,0.0011,0.0000,3.2250,50.911,FEASIBLE,0,0.00
234.300,-0.00184,-0.00003,0.00005,0.0000,0.0000,0.00000,0.0152,0.0000,3.2250,42.653,FEASIBLE,0,0.00
234.400,-0.00184,-0.00003,0.00005,0.0000,0.0000,0.00000,0.0003,0.0000,3.2250,40.226,FEASIBLE,0,0.00
234.500,-0.00184,-0.00003,0.00005,0.0000,0.0000,0.00000,0.0032,0.0000,3.2250,40.706,FEASIBLE,0,0.00
234.600,-0.00184,-0.00003,0.00005,0.0000,0.0000,0.00000,0.0315,0.0000,3.2250,40.693,FEASIBLE,0,0.00
234.700,-0.00184,-0.00003,0.00005,0.0000,0.0000,0.00000,0.0005,0.0000,3.2250,40.013,FEASIBLE,0,0.00
234.800,-0.00184,-0.00003,0.00005,0.0000,0.0000,0.00000,0.0117,0.0000,3.2250,41.223,FEASIBLE,0,0.00
234.900,-0.00184,-0.00003,0.00005,0.0000,0.0000,0.00000,0.0017,0.0000,3.2250,38.678,FEASIBLE,0,0.00
235.000,-0.00184,-0.00003,0.00005,0.0000,0.0000,0.00000,0.0192,0.0000,3.2250,52.244,FEASIBLE,0,0.00
235.100,-0.00184,-0.00003,0.00005,0.0000,0.0000,0.00000,0.0039,0.0000,3.2250,41.255,FEASIBLE,0,0.00
235.200,-0.00184,-0.00003,0.00005,0.0000,0.0000,0.00000,0.0119,0.0000,3.2250,39.713,FEASIBLE,0,0.00
235.300,-0.00184,-0.00003,0.00005,0.0000,0.0000,0.00000,0.0272,0.0000,3.2250,43.058,FEASIBLE,0,0.00
235.404,-0.00184,-0.00003,0.00005,0.0000,0.0000,0.00000,0.0069,0.0000,3.2250,41.726,FEASIBLE,0,0.00
235.500,-0.00184,-0.00003,0.00005,0.0000,0.0000,0.00000,0.0017,0.0000,3.2250,40.660,FEASIBLE,0,0.00
235.602,-0.00184,-0.00003,0.00005,0.0000,0.0000,0.00000,0.0175,0.0000,3.2250,40.801,FEASIBLE,0,0.00
235.706,-0.00184,-0.00003,0.00005,0.0000,0.0000,0.00000,0.0085,0.0000,3.2250,41.386,FEASIBLE,0,0.00
235.802,-0.00184,-0.00003,0.00005,0.0000,0.0000,0.00000,0.0006,0.0000,3.2250,40.049,FEASIBLE,0,0.00
235.900,-0.00184,-0.00003,0.00005,0.0000,0.0000,0.00000,0.0179,0.0000,3.2250,41.262,FEASIBLE,0,0.00
236.000,-0.00184,-0.00003,0.00005,0.0000,0.0000,0.00000,0.0287,0.0000,3.2250,41.938,FEASIBLE,0,0.00
236.100,-0.00184,-0.00003,0.00005,0.0000,0.0000,0.00000,0.0073,0.0000,3.2250,42.463,FEASIBLE,0,0.00
236.200,-0.00184,-0.00003,0.00005,0.0000,0.0000,0.00000,0.0111,0.0000,3.2250,41.209,FEASIBLE,0,0.00
236.300,-0.00184,-0.00003,0.00005,0.0000,0.0000,0.00000,0.0089,0.0000,3.2250,43.345,FEASIBLE,0,0.00
236.400,-0.00184,-0.00003,0.00005,0.0000,0.0000,0.00000,0.0096,0.0000,3.2250,40.829,FEASIBLE,0,0.00
236.500,-0.00184,-0.00003,0.00005,0.0000,0.0000,0.00000,0.0156,0.0000,3.2250,43.348,FEASIBLE,0,0.00
236.600,-0.00184,-0.00003,0.00005,0.0000,0.0000,0.00000,0.0012,0.0000,3.2250,42.441,FEASIBLE,0,0.00
236.700,-0.00184,-0.00003,0.00005,0.0000,0.0000,0.00000,0.0157,0.0000,3.2250,42.445,FEASIBLE,0,0.00
236.800,-0.00184,-0.00003,0.00005,0.0000,0.0000,0.00000,0.0231,0.0000,3.2250,42.537,FEASIBLE,0,0.00
236.900,-0.00184,-0.00003,0.00005,0.0000,0.0000,0.00000,0.0139,0.0000,3.2250,43.634,FEASIBLE,0,0.00
237.000,-0.00184,-0.00003,0.00005,0.0000,0.0000,0.00000,0.0192,0.0000,3.2250,41.491,FEASIBLE,0,0.00
237.100,-0.00184,-0.00003,0.00005,0.0000,0.0000,0.00000,0.0110,0.0000,3.2250,41.115,FEASIBLE,0,0.00
237.200,-0.00184,-0.00003,0.00005,0.0000,0.0000,0.00000,0.0095,0.0000,3.2250,40.384,FEASIBLE,0,0.00
237.300,-0.00184,-0.00003,0.00005,0.0000,0.0000,0.00000,0.0261,0.0000,3.2250,40.533,FEASIBLE,0,0.00
237.400,-0.00184,-0.00003,0.00005,0.0000,0.0000,0.00000,0.0021,0.0000,3.2250,39.691,FEASIBLE,0,0.00
237.500,-0.00184,-0.00003,0.00005,0.0000,0.0000,0.00000,0.0161,0.0000,3.2250,39.286,FEASIBLE,0,0.00
237.600,-0.00184,-0.00003,0.00005,0.0000,0.0000,0.00000,0.0039,0.0000,3.2250,39.756,FEASIBLE,0,0.00
237.700,-0.00184,-0.00003,0.00005,0.0000,0.0000,0.00000,0.0192,0.0000,3.2250,41.455,FEASIBLE,0,0.00
237.800,-0.00184,-0.00003,0.00005,0.0000,0.0000,0.00000,0.0212,0.0000,3.2250,50.503,FEASIBLE,0,0.00
237.900,-0.00184,-0.00003,0.00005,0.0000,0.0000,0.00000,0.0201,0.0000,3.2250,41.129,FEASIBLE,0,0.00
238.000,-0.00184,-0.00003,0.00005,0.0000,0.0000,0.00000,0.0180,0.0000,3.2250,46.746,FEASIBLE,0,0.00
238.100,-0.00184,-0.00003,0.00005,0.0000,0.0000,0.00000,0.0186,0.0000,3.2250,40.402,FEASIBLE,0,0.00
238.200,-0.00184,-0.00003,0.00005,0.0000,0.0000,0.00000,0.0280,0.0000,3.2250,39.634,FEASIBLE,0,0.00
238.300,-0.00184,-0.00003,0.00005,0.0000,0.0000,0.00000,0.0168,0.0000,3.2250,42.586,FEASIBLE,0,0.00
238.400,-0.00184,-0.00003,0.00005,0.0000,0.0000,0.00000,0.0049,0.0000,3.2250,48.153,FEASIBLE,0,0.00
238.500,-0.00184,-0.00003,0.00005,0.0000,0.0000,0.00000,0.0080,0.0000,3.2250,45.605,FEASIBLE,0,0.00
238.600,-0.00184,-0.00003,0.00005,0.0000,0.0000,0.00000,0.0196,0.0000,3.2250,44.414,FEASIBLE,0,0.00
238.700,-0.00184,-0.00003,0.00005,0.0000,0.0000,0.00000,0.0152,0.0000,3.2250,40.696,FEASIBLE,0,0.00
238.806,-0.00184,-0.00003,0.00005,0.0000,0.0000,0.00000,0.0303,0.0000,3.2250,42.951,FEASIBLE,0,0.00
238.900,-0.00184,-0.00003,0.00005,0.0000,0.0000,0.00000,0.0261,0.0000,3.2250,42.556,FEASIBLE,0,0.00
239.004,-0.00184,-0.00003,0.00005,0.0000,0.0000,0.00000,0.0193,0.0000,3.2250,42.326,FEASIBLE,0,0.00
239.100,-0.00184,-0.00003,0.00005,0.0000,0.0000,0.00000,0.0203,0.0000,3.2250,47.917,FEASIBLE,0,0.00
239.204,-0.00184,-0.00003,0.00005,0.0000,0.0000,0.00000,0.0118,0.0000,3.2250,44.179,FEASIBLE,0,0.00
239.300,-0.00184,-0.00003,0.00005,0.0000,0.0000,0.00000,0.0167,0.0000,3.2250,42.112,FEASIBLE,0,0.00
239.404,-0.00184,-0.00003,0.00005,0.0000,0.0000,0.00000,0.0223,0.0000,3.2250,54.866,FEASIBLE,0,0.00
239.500,-0.00184,-0.00003,0.00005,0.0000,0.0000,0.00000,0.0083,0.0000,3.2250,50.906,FEASIBLE,0,0.00
239.600,-0.00184,-0.00003,0.00005,0.0000,0.0000,0.00000,0.0149,0.0000,3.2250,52.266,FEASIBLE,0,0.00
239.700,-0.00184,-0.00003,0.00005,0.0000,0.0000,0.00000,0.0032,0.0000,3.2250,47.862,FEASIBLE,0,0.00
239.800,-0.00184,-0.00003,0.00005,0.0000,0.0000,0.00000,0.0043,0.0000,3.2250,57.949,FEASIBLE,0,0.00
239.900,-0.00184,-0.00003,0.00005,0.0000,0.0000,0.00000,0.0056,0.0000,3.2250,49.539,FEASIBLE,0,0.00
240.000,-0.00184,-0.00003,0.00005,0.0000,0.0000,0.00000,0.0095,0.0000,3.2250,45.321,FEASIBLE,0,0.00
240.100,-0.00184,-0.00003,0.00005,0.0000,0.0000,0.00000,0.0232,0.0000,3.2250,43.553,FEASIBLE,0,0.00
240.200,-0.00184,-0.00003,0.00005,0.0000,0.0000,0.00000,0.0050,0.0000,3.2250,43.014,FEASIBLE,0,0.00
240.300,-0.00184,-0.00003,0.00005,0.0000,0.0000,0.00000,0.0245,0.0000,3.2250,44.896,FEASIBLE,0,0.00
240.400,-0.00184,-0.00003,0.00005,0.0000,0.0000,0.00000,0.0087,0.0000,3.2250,42.853,FEASIBLE,0,0.00
240.500,-0.00184,-0.00003,0.00005,0.0000,0.0000,0.00000,0.0044,0.0000,3.2250,42.441,FEASIBLE,0,0.00
240.600,-0.00184,-0.00003,0.00005,0.0000,0.0000,0.00000,0.0082,0.0000,3.2250,40.571,FEASIBLE,0,0.00
240.700,-0.00184,-0.00003,0.00005,0.0000,0.0000,0.00000,0.0243,0.0000,3.2250,42.238,FEASIBLE,0,0.00
240.800,-0.00184,-0.00003,0.00005,0.0000,0.0000,0.00000,0.0163,0.0000,3.2250,42.681,FEASIBLE,0,0.00
240.900,-0.00184,-0.00003,0.00005,0.0000,0.0000,0.00000,0.0031,0.0000,3.2250,41.792,FEASIBLE,0,0.00
241.000,-0.00184,-0.00003,0.00005,0.0000,0.0000,0.00000,0.0026,0.0000,3.2250,47.213,FEASIBLE,0,0.00
241.100,-0.00184,-0.00003,0.00005,0.0000,0.0000,0.00000,0.0262,0.0000,3.2250,52.433,FEASIBLE,0,0.00
241.200,-0.00184,-0.00003,0.00005,0.0000,0.0000,0.00000,0.0367,0.0000,3.2250,51.199,FEASIBLE,0,0.00
241.300,-0.00184,-0.00003,0.00005,0.0000,0.0000,0.00000,0.0291,0.0000,3.2250,45.116,FEASIBLE,0,0.00
241.400,-0.00184,-0.00003,0.00005,0.0000,0.0000,0.00000,0.0077,0.0000,3.2250,45.286,FEASIBLE,0,0.00
241.500,-0.00184,-0.00003,0.00005,0.0000,0.0000,0.00000,0.0124,0.0000,3.2250,44.859,FEASIBLE,0,0.00
241.600,-0.00184,-0.00003,0.00005,0.0000,0.0000,0.00000,0.0192,0.0000,3.2250,43.457,FEASIBLE,0,0.00
241.700,-0.00184,-0.00003,0.00005,0.0000,0.0000,0.00000,0.0264,0.0000,3.2250,42.422,FEASIBLE,0,0.00
241.800,-0.00184,-0.00003,0.00005,0.0000,0.0000,0.00000,0.0169,0.0000,3.2250,42.204,FEASIBLE,0,0.00
241.900,-0.00184,-0.00003,0.00005,0.0000,0.0000,0.00000,0.0331,0.0000,3.2250,41.603,FEASIBLE,0,0.00
242.000,-0.00184,-0.00003,0.00005,0.0000,0.0000,0.00000,0.0068,0.0000,3.2250,40.506,FEASIBLE,0,0.00
242.104,-0.00184,-0.00003,0.00005,0.0000,0.0000,0.00000,0.0081,0.0000,3.2250,39.745,FEASIBLE,0,0.00
242.200,-0.00184,-0.00003,0.00005,0.0000,0.0000,0.00000,0.0180,0.0000,3.2250,41.600,FEASIBLE,0,0.00
242.300,-0.00184,-0.00003,0.00005,0.0000,0.0000,0.00000,0.0107,0.0000,3.2250,40.867,FEASIBLE,0,0.00
242.402,-0.00184,-0.00003,0.00005,0.0000,0.0000,0.00000,0.0019,0.0000,3.2250,42.946,FEASIBLE,0,0.00
242.500,-0.00184,-0.00003,0.00005,0.0000,0.0000,0.00000,0.0089,0.0000,3.2250,42.268,FEASIBLE,0,0.00
242.602,-0.00184,-0.00003,0.00005,0.0000,0.0000,0.00000,0.0307,0.0000,3.2250,47.007,FEASIBLE,0,0.00
242.700,-0.00184,-0.00003,0.00005,0.0000,0.0000,0.00000,0.0094,0.0000,3.2250,41.396,FEASIBLE,0,0.00
242.800,-0.00184,-0.00003,0.00005,0.0000,0.0000,0.00000,0.0002,0.0000,3.2250,40.638,FEASIBLE,0,0.00
242.900,-0.00184,-0.00003,0.00005,0.0000,0.0000,0.00000,0.0277,0.0000,3.2250,43.145,FEASIBLE,0,0.00
243.000,-0.00184,-0.00003,0.00005,0.0000,0.0000,0.00000,0.0122,0.0000,3.2250,41.497,FEASIBLE,0,0.00
243.100,-0.00184,-0.00003,0.00005,0.0000,0.0000,0.00000,0.0184,0.0000,3.2250,41.553,FEASIBLE,0,0.00
243.200,-0.00184,-0.00003,0.00005,0.0000,0.0000,0.00000,0.0028,0.0000,3.2250,41.765,FEASIBLE,0,0.00
243.300,-0.00184,-0.00003,0.00005,0.0000,0.0000,0.00000,0.0124,0.0000,3.2250,45.112,FEASIBLE,0,0.00
243.400,-0.00184,-0.00003,0.00005,0.0000,0.0000,0.00000,0.0122,0.0000,3.2250,47.227,FEASIBLE,0,0.00
243.500,-0.00184,-0.00003,0.00005,0.0000,0.0000,0.00000,0.0099,0.0000,3.2250,46.452,FEASIBLE,0,0.00
243.600,-0.00184,-0.00003,0.00005,0.0000,0.0000,0.00000,0.0100,0.0000,3.2250,43.289,FEASIBLE,0,0.00
243.700,-0.00184,-0.00003,0.00005,0.0000,0.0000,0.00000,0.0234,0.0000,3.2250,49.753,FEASIBLE,0,0.00
243.800,-0.00184,-0.00003,0.00005,0.0000,0.0000,0.00000,0.0269,0.0000,3.2250,49.078,FEASIBLE,0,0.00
243.900,-0.00184,-0.00003,0.00005,0.0000,0.0000,0.00000,0.0162,0.0000,3.2250,43.407,FEASIBLE,0,0.00
244.000,-0.00184,-0.00003,0.00005,0.0000,0.0000,0.00000,0.0296,0.0000,3.2250,41.545,FEASIBLE,0,0.00
244.100,-0.00184,-0.00003,0.00005,0.0000,0.0000,0.00000,0.0170,0.0000,3.2250,42.933,FEASIBLE,0,0.00
244.200,-0.00184,-0.00003,0.00005,0.0000,0.0000,0.00000,0.0115,0.0000,3.2250,43.190,FEASIBLE,0,0.00
244.300,-0.00184,-0.00003,0.00005,0.0000,0.0000,0.00000,0.0208,0.0000,3.2250,72.785,FEASIBLE,0,0.00
244.400,-0.00184,-0.00003,0.00005,0.0000,0.0000,0.00000,0.0033,0.0000,3.2250,67.775,FEASIBLE,0,0.00
244.500,-0.00184,-0.00003,0.00005,0.0000,0.0000,0.00000,0.0089,0.0000,3.2250,61.011,FEASIBLE,0,0.00
244.600,-0.00184,-0.00003,0.00005,0.0000,0.0000,0.00000,0.0089,0.0000,3.2250,59.388,FEASIBLE,0,0.00
244.700,-0.00184,-0.00003,0.00005,0.0000,0.0000,0.00000,0.0152,0.0000,3.2250,51.089,FEASIBLE,0,0.00
244.800,-0.00184,-0.00003,0.00005,0.0000,0.0000,0.00000,0.0001,0.0000,3.2250,54.577,FEASIBLE,0,0.00
244.900,-0.00184,-0.00003,0.00005,0.0000,0.0000,0.00000,0.0235,0.0000,3.2250,50.157,FEASIBLE,0,0.00
245.000,-0.00184,-0.00003,0.00005,0.0000,0.0000,0.00000,0.0153,0.0000,3.2250,49.912,FEASIBLE,0,0.00
245.100,-0.00184,-0.00003,0.00005,0.0000,0.0000,0.00000,0.0082,0.0000,3.2250,47.604,FEASIBLE,0,0.00
245.200,-0.00184,-0.00003,0.00005,0.0000,0.0000,0.00000,0.0113,0.0000,3.2250,46.021,FEASIBLE,0,0.00
245.300,-0.00184,-0.00003,0.00005,0.0000,0.0000,0.00000,0.0152,0.0000,3.2250,46.271,FEASIBLE,0,0.00
245.404,-0.00184,-0.00003,0.00005,0.0000,0.0000,0.00000,0.0010,0.0000,3.2250,45.558,FEASIBLE,0,0.00
245.500,-0.00184,-0.00003,0.00005,0.0000,0.0000,0.00000,0.0123,0.0000,3.2250,41.504,FEASIBLE,0,0.00
245.602,-0.00184,-0.00003,0.00005,0.0000,0.0000,0.00000,0.0140,0.0000,3.2250,47.665,FEASIBLE,0,0.00
245.700,-0.00184,-0.00003,0.00005,0.0000,0.0000,0.00000,0.0171,0.0000,3.2250,43.533,FEASIBLE,0,0.00
245.802,-0.00184,-0.00003,0.00005,0.0000,0.0000,0.00000,0.0371,0.0000,3.2250,42.744,FEASIBLE,0,0.00
245.900,-0.00184,-0.00003,0.00005,0.0000,0.0000,0.00000,0.0208,0.0000,3.2250,39.527,FEASIBLE,0,0.00
246.000,-0.00184,-0.00003,0.00005,0.0000,0.0000,0.00000,0.0066,0.0000,3.2250,39.062,FEASIBLE,0,0.00
246.102,-0.00184,-0.00003,0.00005,0.0000,0.0000,0.00000,0.0096,0.0000,3.2250,41.778,FEASIBLE,0,0.00
246.200,-0.00184,-0.00003,0.00005,0.0000,0.0000,0.00000,0.0153,0.0000,3.2250,43.029,FEASIBLE,0,0.00
246.300,-0.00184,-0.00003,0.00005,0.0000,0.0000,0.00000,0.0085,0.0000,3.2250,42.178,FEASIBLE,0,0.00
246.400,-0.00184,-0.00003,0.00005,0.0000,0.0000,0.00000,0.0350,0.0000,3.2250,40.556,FEASIBLE,0,0.00
246.500,-0.00184,-0.00003,0.00005,0.0000,0.0000,0.00000,0.0163,0.0000,3.2250,41.040,FEASIBLE,0,0.00
246.600,-0.00184,-0.00003,0.00005,0.0000,0.0000,0.00000,0.0026,0.0000,3.2250,41.470,FEASIBLE,0,0.00
246.700,-0.00184,-0.00003,0.00005,0.0000,0.0000,0.00000,0.0083,0.0000,3.2250,40.323,FEASIBLE,0,0.00
246.800,-0.00184,-0.00003,0.00005,0.0000,0.0000,0.00000,0.0177,0.0000,3.2250,40.734,FEASIBLE,0,0.00
246.900,-0.00184,-0.00003,0.00005,0.0000,0.0000,0.00000,0.0212,0.0000,3.2250,40.088,FEASIBLE,0,0.00
247.000,-0.00184,-0.00003,0.00005,0.0000,0.0000,0.00000,0.0010,0.0000,3.2250,42.720,FEASIBLE,0,0.00
247.100,-0.00184,-0.00003,0.00005,0.0000,0.0000,0.00000,0.0154,0.0000,3.2250,47.426,FEASIBLE,0,0.00
247.200,-0.00184,-0.00003,0.00005,0.0000,0.0000,0.00000,0.0084,0.0000,3.2250,47.471,FEASIBLE,0,0.00
247.300,-0.00184,-0.00003,0.00005,0.0000,0.0000,0.00000,0.0104,0.0000,3.2250,42.647,FEASIBLE,0,0.00
247.400,-0.00184,-0.00003,0.00005,0.0000,0.0000,0.00000,0.0328,0.0000,3.2250,44.675,FEASIBLE,0,0.00
247.500,-0.00184,-0.00003,0.00005,0.0000,0.0000,0.00000,0.0028,0.0000,3.2250,45.237,FEASIBLE,0,0.00
247.600,-0.00184,-0.00003,0.00005,0.0000,0.0000,0.00000,0.0243,0.0000,3.2250,42.918,FEASIBLE,0,0.00
247.700,-0.00184,-0.00003,0.00005,0.0000,0.0000,0.00000,0.0085,0.0000,3.2250,40.403,FEASIBLE,0,0.00
247.800,-0.00184,-0.00003,0.00005,0.0000,0.0000,0.00000,0.0123,0.0000,3.2250,42.519,FEASIBLE,0,0.00
247.900,-0.00184,-0.00003,0.00005,0.0000,0.0000,0.00000,0.0227,0.0000,3.2250,43.697,FEASIBLE,0,0.00
248.000,-0.00184,-0.00003,0.00005,0.0000,0.0000,0.00000,0.0121,0.0000,3.2250,47.593,FEASIBLE,0,0.00
248.100,-0.00184,-0.00003,0.00005,0.0000,0.0000,0.00000,0.0091,0.0000,3.2250,43.086,FEASIBLE,0,0.00
248.200,-0.00184,-0.00003,0.00005,0.0000,0.0000,0.00000,0.0109,0.0000,3.2250,41.634,FEASIBLE,0,0.00
248.300,-0.00184,-0.00003,0.00005,0.0000,0.0000,0.00000,0.0169,0.0000,3.2250,42.261,FEASIBLE,0,0.00
248.400,-0.00184,-0.00003,0.00005,0.0000,0.0000,0.00000,0.0155,0.0000,3.2250,41.218,FEASIBLE,0,0.00
248.500,-0.00184,-0.00003,0.00005,0.0000,0.0000,0.00000,0.0207,0.0000,3.2250,43.645,FEASIBLE,0,0.00
248.600,-0.00184,-0.00003,0.00005,0.0000,0.0000,0.00000,0.0128,0.0000,3.2250,44.186,FEASIBLE,0,0.00
248.704,-0.00184,-0.00003,0.00005,0.0000,0.0000,0.00000,0.0095,0.0000,3.2250,41.540,FEASIBLE,0,0.00
248.800,-0.00184,-0.00003,0.00005,0.0000,0.0000,0.00000,0.0192,0.0000,3.2250,41.435,FEASIBLE,0,0.00
248.904,-0.00184,-0.00003,0.00005,0.0000,0.0000,0.00000,0.0245,0.0000,3.2250,42.653,FEASIBLE,0,0.00
249.000,-0.00184,-0.00003,0.00005,0.0000,0.0000,0.00000,0.0144,0.0000,3.2250,39.652,FEASIBLE,0,0.00
249.100,-0.00184,-0.00003,0.00005,0.0000,0.0000,0.00000,0.0211,0.0000,3.2250,43.495,FEASIBLE,0,0.00
249.200,-0.00184,-0.00003,0.00005,0.0000,0.0000,0.00000,0.0156,0.0000,3.2250,41.612,FEASIBLE,0,0.00
249.300,-0.00184,-0.00003,0.00005,0.0000,0.0000,0.00000,0.0199,0.0000,3.2250,43.460,FEASIBLE,0,0.00
249.400,-0.00184,-0.00003,0.00005,0.0000,0.0000,0.00000,0.0127,0.0000,3.2250,41.675,FEASIBLE,0,0.00
249.500,-0.00184,-0.00003,0.00005,0.0000,0.0000,0.00000,0.0147,0.0000,3.2250,41.750,FEASIBLE,0,0.00
249.600,-0.00184,-0.00003,0.00005,0.0000,0.0000,0.00000,0.0242,0.0000,3.2250,43.497,FEASIBLE,0,0.00
249.700,-0.00184,-0.00003,0.00005,0.0000,0.0000,0.00000,0.0295,0.0000,3.2250,53.261,FEASIBLE,0,0.00
249.800,-0.00184,-0.00003,0.00005,0.0000,0.0000,0.00000,0.0118,0.0000,3.2250,43.780,FEASIBLE,0,0.00
249.900,-0.00184,-0.00003,0.00005,0.0000,0.0000,0.00000,0.0088,0.0000,3.2250,40.679,FEASIBLE,0,0.00
250.000,-0.00184,-0.00003,0.00005,0.0000,0.0000,0.00000,0.0111,0.0000,3.2250,41.855,FEASIBLE,0,0.00
250.100,-0.00184,-0.00003,0.00005,0.0000,0.0000,0.00000,0.0167,0.0000,3.2250,38.908,FEASIBLE,0,0.00
250.200,-0.00184,-0.00003,0.00005,0.0000,0.0000,0.00000,0.0233,0.0000,3.2250,40.605,FEASIBLE,0,0.00
250.300,-0.00184,-0.00003,0.00005,0.0000,0.0000,0.00000,0.0183,0.0000,3.2250,40.762,FEASIBLE,0,0.00
250.400,-0.00184,-0.00003,0.00005,0.0000,0.0000,0.00000,0.0361,0.0000,3.2250,45.310,FEASIBLE,0,0.00
250.500,-0.00184,-0.00003,0.00005,0.0000,0.0000,0.00000,0.0242,0.0000,3.2250,41.796,FEASIBLE,0,0.00
250.600,-0.00184,-0.00003,0.00005,0.0000,0.0000,0.00000,0.0326,0.0000,3.2250,42.356,FEASIBLE,0,0.00
250.700,-0.00184,-0.00003,0.00005,0.0000,0.0000,0.00000,0.0200,0.0000,3.2250,41.360,FEASIBLE,0,0.00
250.800,-0.00184,-0.00003,0.00005,0.0000,0.0000,0.00000,0.0263,0.0000,3.2250,42.764,FEASIBLE,0,0.00
250.900,-0.00184,-0.00003,0.00005,0.0000,0.0000,0.00000,0.0149,0.0000,3.2250,42.136,FEASIBLE,0,0.00
251.000,-0.00184,-0.00003,0.00005,0.0000,0.0000,0.00000,0.0217,0.0000,3.2250,40.983,FEASIBLE,0,0.00
251.100,-0.00184,-0.00003,0.00005,0.0000,0.0000,0.00000,0.0142,0.0000,3.2250,40.399,FEASIBLE,0,0.00
251.200,-0.00184,-0.00003,0.00005,0.0000,0.0000,0.00000,0.0136,0.0000,3.2250,41.920,FEASIBLE,0,0.00
251.300,-0.00184,-0.00003,0.00005,0.0000,0.0000,0.00000,0.0137,0.0000,3.2250,42.058,FEASIBLE,0,0.00
251.400,-0.00184,-0.00003,0.00005,0.0000,0.0000,0.00000,0.0203,0.0000,3.2250,44.756,FEASIBLE,0,0.00
251.500,-0.00184,-0.00003,0.00005,0.0000,0.0000,0.00000,0.0111,0.0000,3.2250,43.368,FEASIBLE,0,0.00
251.600,-0.00184,-0.00003,0.00005,0.0000,0.0000,0.00000,0.0244,0.0000,3.2250,42.512,FEASIBLE,0,0.00
251.700,-0.00184,-0.00003,0.00005,0.0000,0.0000,0.00000,0.0144,0.0000,3.2250,42.387,FEASIBLE,0,0.00
251.800,-0.00184,-0.00003,0.00005,0.0000,0.0000,0.00000,0.0011,0.0000,3.2250,42.488,FEASIBLE,0,0.00
251.902,-0.00184,-0.00003,0.00005,0.0000,0.0000,0.00000,0.0011,0.0000,3.2250,43.659,FEASIBLE,0,0.00
252.000,-0.00184,-0.00003,0.00005,0.0000,0.0000,0.00000,0.0299,0.0000,3.2250,44.019,FEASIBLE,0,0.00
252.102,-0.00184,-0.00003,0.00005,0.0000,0.0000,0.00000,0.0099,0.0000,3.2250,44.898,FEASIBLE,0,0.00
252.200,-0.00184,-0.00003,0.00005,0.0000,0.0000,0.00000,0.0114,0.0000,3.2250,42.458,FEASIBLE,0,0.00
252.302,-0.00184,-0.00003,0.00005,0.0000,0.0000,0.00000,0.0181,0.0000,3.2250,43.038,FEASIBLE,0,0.00
252.402,-0.00184,-0.00003,0.00005,0.0000,0.0000,0.00000,0.0177,0.0000,3.2250,45.801,FEASIBLE,0,0.00
252.500,-0.00184,-0.00003,0.00005,0.0000,0.0000,0.00000,0.0283,0.0000,3.2250,44.486,FEASIBLE,0,0.00
252.600,-0.00184,-0.00003,0.00005,0.0000,0.0000,0.00000,0.0249,0.0000,3.2250,43.995,FEASIBLE,0,0.00
252.700,-0.00184,-0.00003,0.00005,0.0000,0.0000,0.00000,0.0070,0.0000,3.2250,44.941,FEASIBLE,0,0.00
252.800,-0.00184,-0.00003,0.00005,0.0000,0.0000,0.00000,0.0158,0.0000,3.2250,45.020,FEASIBLE,0,0.00
252.900,-0.00184,-0.00003,0.00005,0.0000,0.0000,0.00000,0.0041,0.0000,3.2250,42.998,FEASIBLE,0,0.00
253.000,-0.00184,-0.00003,0.00005,0.0000,0.0000,0.00000,0.0063,0.0000,3.2250,41.011,FEASIBLE,0,0.00
253.100,-0.00184,-0.00003,0.00005,0.0000,0.0000,0.00000,0.0143,0.0000,3.2250,40.925,FEASIBLE,0,0.00
253.200,-0.00184,-0.00003,0.00005,0.0000,0.0000,0.00000,0.0131,0.0000,3.2250,40.876,FEASIBLE,0,0.00
253.300,-0.00184,-0.00003,0.00005,0.0000,0.0000,0.00000,0.0192,0.0000,3.2250,41.025,FEASIBLE,0,0.00
253.400,-0.00184,-0.00003,0.00005,0.0000,0.0000,0.00000,0.0014,0.0000,3.2250,44.402,FEASIBLE,0,0.00
253.500,-0.00184,-0.00003,0.00005,0.0000,0.0000,0.00000,0.0038,0.0000,3.2250,41.129,FEASIBLE,0,0.00
253.600,-0.00184,-0.00003,0.00005,0.0000,0.0000,0.00000,0.0234,0.0000,3.2250,40.323,FEASIBLE,0,0.00
253.700,-0.00184,-0.00003,0.00005,0.0000,0.0000,0.00000,0.0060,0.0000,3.2250,41.544,FEASIBLE,0,0.00
253.800,-0.00184,-0.00003,0.00005,0.0000,0.0000,0.00000,0.0232,0.0000,3.2250,42.372,FEASIBLE,0,0.00
253.900,-0.00184,-0.00003,0.00005,0.0000,0.0000,0.00000,0.0057,0.0000,3.2250,42.830,FEASIBLE,0,0.00
254.000,-0.00184,-0.00003,0.00005,0.0000,0.0000,0.00000,0.0226,0.0000,3.2250,40.829,FEASIBLE,0,0.00
254.100,-0.00184,-0.00003,0.00005,0.0000,0.0000,0.00000,0.0052,0.0000,3.2250,40.857,FEASIBLE,0,0.00
254.200,-0.00184,-0.00003,0.00005,0.0000,0.0000,0.00000,0.0122,0.0000,3.2250,40.080,FEASIBLE,0,0.00
254.300,-0.00184,-0.00003,0.00005,0.0000,0.0000,0.00000,0.0164,0.0000,3.2250,52.288,FEASIBLE,0,0.00
254.400,-0.00184,-0.00003,0.00005,0.0000,0.0000,0.00000,0.0045,0.0000,3.2250,41.453,FEASIBLE,0,0.00
254.500,-0.00184,-0.00003,0.00005,0.0000,0.0000,0.00000,0.0080,0.0000,3.2250,42.109,FEASIBLE,0,0.00
254.600,-0.00184,-0.00003,0.00005,0.0000,0.0000,0.00000,0.0070,0.0000,3.2250,46.006,FEASIBLE,0,0.00
254.700,-0.00184,-0.00003,0.00005,0.0000,0.0000,0.00000,0.0035,0.0000,3.2250,46.555,FEASIBLE,0,0.00
254.800,-0.00184,-0.00003,0.00005,0.0000,0.0000,0.00000,0.0264,0.0000,3.2250,45.341,FEASIBLE,0,0.00
254.900,-0.00184,-0.00003,0.00005,0.0000,0.0000,0.00000,0.0017,0.0000,3.2250,40.935,FEASIBLE,0,0.00
255.000,-0.00184,-0.00003,0.00005,0.0000,0.0000,0.00000,0.0126,0.0000,3.2250,42.246,FEASIBLE,0,0.00
255.100,-0.00184,-0.00003,0.00005,0.0000,0.0000,0.00000,0.0011,0.0000,3.2250,43.018,FEASIBLE,0,0.00
255.204,-0.00184,-0.00003,0.00005,0.0000,0.0000,0.00000,0.0418,0.0000,3.2250,38.897,FEASIBLE,0,0.00
255.300,-0.00184,-0.00003,0.00005,0.0000,0.0000,0.00000,0.0304,0.0000,3.2250,39.939,FEASIBLE,0,0.00
255.404,-0.00184,-0.00003,0.00005,0.0000,0.0000,0.00000,0.0266,0.0000,3.2250,40.358,FEASIBLE,0,0.00
255.500,-0.00184,-0.00003,0.00005,0.0000,0.0000,0.00000,0.0095,0.0000,3.2250,42.870,FEASIBLE,0,0.00
255.602,-0.00184,-0.00003,0.00005,0.0000,0.0000,0.00000,0.0106,0.0000,3.2250,42.024,FEASIBLE,0,0.00
255.702,-0.00184,-0.00003,0.00005,0.0000,0.0000,0.00000,0.0075,0.0000,3.2250,43.293,FEASIBLE,0,0.00
255.802,-0.00184,-0.00003,0.00005,0.0000,0.0000,0.00000,0.0283,0.0000,3.2250,49.855,FEASIBLE,0,0.00
255.900,-0.00184,-0.00003,0.00005,0.0000,0.0000,0.00000,0.0127,0.0000,3.2250,42.831,FEASIBLE,0,0.00
256.000,-0.00184,-0.00003,0.00005,0.0000,0.0000,0.00000,0.0069,0.0000,3.2250,46.733,FEASIBLE,0,0.00
256.100,-0.00184,-0.00003,0.00005,0.0000,0.0000,0.00000,0.0068,0.0000,3.2250,50.295,FEASIBLE,0,0.00
256.200,-0.00184,-0.00003,0.00005,0.0000,0.0000,0.00000,0.0121,0.0000,3.2250,41.667,FEASIBLE,0,0.00
256.300,-0.00184,-0.00003,0.00005,0.0000,0.0000,0.00000,0.0141,0.0000,3.2250,40.327,FEASIBLE,0,0.00
256.400,-0.00184,-0.00003,0.00005,0.0000,0.0000,0.00000,0.0136,0.0000,3.2250,42.134,FEASIBLE,0,0.00
256.500,-0.00184,-0.00003,0.00005,0.0000,0.0000,0.00000,0.0234,0.0000,3.2250,47.157,FEASIBLE,0,0.00
256.600,-0.00184,-0.00003,0.00005,0.0000,0.0000,0.00000,0.0111,0.0000,3.2250,40.664,FEASIBLE,0,0.00
256.700,-0.00184,-0.00003,0.00005,0.0000,0.0000,0.00000,0.0067,0.0000,3.2250,41.435,FEASIBLE,0,0.00
256.800,-0.00184,-0.00003,0.00005,0.0000,0.0000,0.00000,0.0093,0.0000,3.2250,40.365,FEASIBLE,0,0.00
256.900,-0.00184,-0.00003,0.00005,0.0000,0.0000,0.00000,0.0132,0.0000,3.2250,41.143,FEASIBLE,0,0.00
257.000,-0.00184,-0.00003,0.00005,0.0000,0.0000,0.00000,0.0424,0.0000,3.2250,41.401,FEASIBLE,0,0.00
257.100,-0.00184,-0.00003,0.00005,0.0000,0.0000,0.00000,0.0119,0.0000,3.2250,51.393,FEASIBLE,0,0.00
257.200,-0.00184,-0.00003,0.00005,0.0000,0.0000,0.00000,0.0020,0.0000,3.2250,47.307,FEASIBLE,0,0.00
257.300,-0.00184,-0.00003,0.00005,0.0000,0.0000,0.00000,0.0209,0.0000,3.2250,48.409,FEASIBLE,0,0.00
257.400,-0.00184,-0.00003,0.00005,0.0000,0.0000,0.00000,0.0007,0.0000,3.2250,51.299,FEASIBLE,0,0.00
257.500,-0.00184,-0.00003,0.00005,0.0000,0.0000,0.00000,0.0091,0.0000,3.2250,48.461,FEASIBLE,0,0.00
257.600,-0.00184,-0.00003,0.00005,0.0000,0.0000,0.00000,0.0035,0.0000,3.2250,44.907,FEASIBLE,0,0.00
257.700,-0.00184,-0.00003,0.00005,0.0000,0.0000,0.00000,0.0088,0.0000,3.2250,44.439,FEASIBLE,0,0.00
257.800,-0.00184,-0.00003,0.00005,0.0000,0.0000,0.00000,0.0050,0.0000,3.2250,43.028,FEASIBLE,0,0.00
257.900,-0.00184,-0.00003,0.00005,0.0000,0.0000,0.00000,0.0107,0.0000,3.2250,40.728,FEASIBLE,0,0.00
258.000,-0.00184,-0.00003,0.00005,0.0000,0.0000,0.00000,0.0054,0.0000,3.2250,43.485,FEASIBLE,0,0.00
258.100,-0.00184,-0.00003,0.00005,0.0000,0.0000,0.00000,0.0379,0.0000,3.2250,42.185,FEASIBLE,0,0.00
258.200,-0.00184,-0.00003,0.00005,0.0000,0.0000,0.00000,0.0144,0.0000,3.2250,43.183,FEASIBLE,0,0.00
258.300,-0.00184,-0.00003,0.00005,0.0000,0.0000,0.00000,0.0049,0.0000,3.2250,43.446,FEASIBLE,0,0.00
258.400,-0.00184,-0.00003,0.00005,0.0000,0.0000,0.00000,0.0062,0.0000,3.2250,41.868,FEASIBLE,0,0.00
258.500,-0.00184,-0.00003,0.00005,0.0000,0.0000,0.00000,0.0032,0.0000,3.2250,42.023,FEASIBLE,0,0.00
258.604,-0.00184,-0.00003,0.00005,0.0000,0.0000,0.00000,0.0228,0.0000,3.2250,40.931,FEASIBLE,0,0.00
258.704,-0.00184,-0.00003,0.00005,0.0000,0.0000,0.00000,0.0027,0.0000,3.2250,40.254,FEASIBLE,0,0.00
258.802,-0.00184,-0.00003,0.00005,0.0000,0.0000,0.00000,0.0269,0.0000,3.2250,46.832,FEASIBLE,0,0.00
258.902,-0.00184,-0.00003,0.00005,0.0000,0.0000,0.00000,0.0206,0.0000,3.2250,45.101,FEASIBLE,0,0.00
259.000,-0.00184,-0.00003,0.00005,0.0000,0.0000,0.00000,0.0370,0.0000,3.2250,41.651,FEASIBLE,0,0.00
259.100,-0.00184,-0.00003,0.00005,0.0000,0.0000,0.00000,0.0039,0.0000,3.2250,41.798,FEASIBLE,0,0.00
259.204,-0.00184,-0.00003,0.00005,0.0000,0.0000,0.00000,0.0166,0.0000,3.2250,43.431,FEASIBLE,0,0.00
259.300,-0.00184,-0.00003,0.00005,0.0000,0.0000,0.00000,0.0066,0.0000,3.2250,42.648,FEASIBLE,0,0.00
259.400,-0.00184,-0.00003,0.00005,0.0000,0.0000,0.00000,0.0247,0.0000,3.2250,41.092,FEASIBLE,0,0.00
259.500,-0.00184,-0.00003,0.00005,0.0000,0.0000,0.00000,0.0045,0.0000,3.2250,39.652,FEASIBLE,0,0.00
259.600,-0.00184,-0.00003,0.00005,0.0000,0.0000,0.00000,0.0212,0.0000,3.2250,41.292,FEASIBLE,0,0.00
259.700,-0.00184,-0.00003,0.00005,0.0000,0.0000,0.00000,0.0013,0.0000,3.2250,40.064,FEASIBLE,0,0.00
259.800,-0.00184,-0.00003,0.00005,0.0000,0.0000,0.00000,0.0014,0.0000,3.2250,38.548,FEASIBLE,0,0.00
259.900,-0.00184,-0.00003,0.00005,0.0000,0.0000,0.00000,0.0118,0.0000,3.2250,48.159,FEASIBLE,0,0.00
260.000,-0.00184,-0.00003,0.00005,0.0000,0.0000,0.00000,0.0269,0.0000,3.2250,40.538,FEASIBLE,0,0.00
260.100,-0.00184,-0.00003,0.00005,0.0000,0.0000,0.00000,0.0039,0.0000,3.2250,39.792,FEASIBLE,0,0.00
260.200,-0.00184,-0.00003,0.00005,0.0000,0.0000,0.00000,0.0189,0.0000,3.2250,44.015,FEASIBLE,0,0.00
260.300,-0.00184,-0.00003,0.00005,0.0000,0.0000,0.00000,0.0197,0.0000,3.2250,42.485,FEASIBLE,0,0.00
260.400,-0.00184,-0.00003,0.00005,0.0000,0.0000,0.00000,0.0279,0.0000,3.2250,41.257,FEASIBLE,0,0.00
260.500,-0.00184,-0.00003,0.00005,0.0000,0.0000,0.00000,0.0252,0.0000,3.2250,41.550,FEASIBLE,0,0.00
260.600,-0.00184,-0.00003,0.00005,0.0000,0.0000,0.00000,0.0001,0.0000,3.2250,41.279,FEASIBLE,0,0.00
260.700,-0.00184,-0.00003,0.00005,0.0000,0.0000,0.00000,0.0060,0.0000,3.2250,40.474,FEASIBLE,0,0.00
260.800,-0.00184,-0.00003,0.00005,0.0000,0.0000,0.00000,0.0122,0.0000,3.2250,44.395,FEASIBLE,0,0.00
260.900,-0.00184,-0.00003,0.00005,0.0000,0.0000,0.00000,0.0051,0.0000,3.2250,44.321,FEASIBLE,0,0.00
261.000,-0.00184,-0.00003,0.00005,0.0000,0.0000,0.00000,0.0181,0.0000,3.2250,38.974,FEASIBLE,0,0.00
261.100,-0.00184,-0.00003,0.00005,0.0000,0.0000,0.00000,0.0028,0.0000,3.2250,40.943,FEASIBLE,0,0.00
261.200,-0.00184,-0.00003,0.00005,0.0000,0.0000,0.00000,0.0094,0.0000,3.2250,41.654,FEASIBLE,0,0.00
261.300,-0.00184,-0.00003,0.00005,0.0000,0.0000,0.00000,0.0104,0.0000,3.2250,41.264,FEASIBLE,0,0.00
261.400,-0.00184,-0.00003,0.00005,0.0000,0.0000,0.00000,0.0214,0.0000,3.2250,44.598,FEASIBLE,0,0.00
261.500,-0.00184,-0.00003,0.00005,0.0000,0.0000,0.00000,0.0159,0.0000,3.2250,40.590,FEASIBLE,0,0.00
261.600,-0.00184,-0.00003,0.00005,0.0000,0.0000,0.00000,0.0130,0.0000,3.2250,44.620,FEASIBLE,0,0.00
261.700,-0.00184,-0.00003,0.00005,0.0000,0.0000,0.00000,0.0203,0.0000,3.2250,44.116,FEASIBLE,0,0.00
261.800,-0.00184,-0.00003,0.00005,0.0000,0.0000,0.00000,0.0119,0.0000,3.2250,43.016,FEASIBLE,0,0.00
261.902,-0.00184,-0.00003,0.00005,0.0000,0.0000,0.00000,0.0186,0.0000,3.2250,43.275,FEASIBLE,0,0.00
262.000,-0.00184,-0.00003,0.00005,0.0000,0.0000,0.00000,0.0052,0.0000,3.2250,42.380,FEASIBLE,0,0.00
262.100,-0.00184,-0.00003,0.00005,0.0000,0.0000,0.00000,0.0101,0.0000,3.2250,42.185,FEASIBLE,0,0.00
262.204,-0.00184,-0.00003,0.00005,0.0000,0.0000,0.00000,0.0123,0.0000,3.2250,42.278,FEASIBLE,0,0.00
262.300,-0.00184,-0.00003,0.00005,0.0000,0.0000,0.00000,0.0119,0.0000,3.2250,48.359,FEASIBLE,0,0.00
262.400,-0.00184,-0.00003,0.00005,0.0000,0.0000,0.00000,0.0207,0.0000,3.2250,42.729,FEASIBLE,0,0.00
262.500,-0.00184,-0.00003,0.00005,0.0000,0.0000,0.00000,0.0143,0.0000,3.2250,45.041,FEASIBLE,0,0.00
262.600,-0.00184,-0.00003,0.00005,0.0000,0.0000,0.00000,0.0073,0.0000,3.2250,43.767,FEASIBLE,0,0.00
262.700,-0.00184,-0.00003,0.00005,0.0000,0.0000,0.00000,0.0119,0.0000,3.2250,41.504,FEASIBLE,0,0.00
262.800,-0.00184,-0.00003,0.00005,0.0000,0.0000,0.00000,0.0130,0.0000,3.2250,44.138,FEASIBLE,0,0.00
262.900,-0.00184,-0.00003,0.00005,0.0000,0.0000,0.00000,0.0189,0.0000,3.2250,40.694,FEASIBLE,0,0.00
263.002,-0.00184,-0.00003,0.00005,0.0000,0.0000,0.00000,0.0163,0.0000,3.2250,41.555,FEASIBLE,0,0.00
263.100,-0.00184,-0.00003,0.00005,0.0000,0.0000,0.00000,0.0193,0.0000,3.2250,42.803,FEASIBLE,0,0.00
263.200,-0.00184,-0.00003,0.00005,0.0000,0.0000,0.00000,0.0171,0.0000,3.2250,42.477,FEASIBLE,0,0.00
263.300,-0.00184,-0.00003,0.00005,0.0000,0.0000,0.00000,0.0138,0.0000,3.2250,41.848,FEASIBLE,0,0.00
263.400,-0.00184,-0.00003,0.00005,0.0000,0.0000,0.00000,0.0070,0.0000,3.2250,42.565,FEASIBLE,0,0.00
263.500,-0.00184,-0.00003,0.00005,0.0000,0.0000,0.00000,0.0084,0.0000,3.2250,42.105,FEASIBLE,0,0.00
263.600,-0.00184,-0.00003,0.00005,0.0000,0.0000,0.00000,0.0261,0.0000,3.2250,51.616,FEASIBLE,0,0.00
263.700,-0.00184,-0.00003,0.00005,0.0000,0.0000,0.00000,0.0127,0.0000,3.2250,42.129,FEASIBLE,0,0.00
263.800,-0.00184,-0.00003,0.00005,0.0000,0.0000,0.00000,0.0031,0.0000,3.2250,41.437,FEASIBLE,0,0.00
263.900,-0.00184,-0.00003,0.00005,0.0000,0.0000,0.00000,0.0164,0.0000,3.2250,40.731,FEASIBLE,0,0.00
264.000,-0.00184,-0.00003,0.00005,0.0000,0.0000,0.00000,0.0285,0.0000,3.2250,41.698,FEASIBLE,0,0.00
264.100,-0.00184,-0.00003,0.00005,0.0000,0.0000,0.00000,0.0217,0.0000,3.2250,43.607,FEASIBLE,0,0.00
264.200,-0.00184,-0.00003,0.00005,0.0000,0.0000,0.00000,0.0119,0.0000,3.2250,44.098,FEASIBLE,0,0.00
264.300,-0.00184,-0.00003,0.00005,0.0000,0.0000,0.00000,0.0018,0.0000,3.2250,44.675,FEASIBLE,0,0.00
264.400,-0.00184,-0.00003,0.00005,0.0000,0.0000,0.00000,0.0031,0.0000,3.2250,46.739,FEASIBLE,0,0.00
264.500,-0.00184,-0.00003,0.00005,0.0000,0.0000,0.00000,0.0093,0.0000,3.2250,47.328,FEASIBLE,0,0.00
264.600,-0.00184,-0.00003,0.00005,0.0000,0.0000,0.00000,0.0049,0.0000,3.2250,56.737,FEASIBLE,0,0.00
264.700,-0.00184,-0.00003,0.00005,0.0000,0.0000,0.00000,0.0137,0.0000,3.2250,43.591,FEASIBLE,0,0.00
264.800,-0.00184,-0.00003,0.00005,0.0000,0.0000,0.00000,0.0000,0.0000,3.2250,43.692,FEASIBLE,0,0.00
264.900,-0.00184,-0.00003,0.00005,0.0000,0.0000,0.00000,0.0332,0.0000,3.2250,41.975,FEASIBLE,0,0.00
265.000,-0.00184,-0.00003,0.00005,0.0000,0.0000,0.00000,0.0006,0.0000,3.2250,40.806,FEASIBLE,0,0.00
265.100,-0.00184,-0.00003,0.00005,0.0000,0.0000,0.00000,0.0422,0.0000,3.2250,47.173,FEASIBLE,0,0.00
265.200,-0.00184,-0.00003,0.00005,0.0000,0.0000,0.00000,0.0121,0.0000,3.2250,43.298,FEASIBLE,0,0.00
265.300,-0.00184,-0.00003,0.00005,0.0000,0.0000,0.00000,0.0266,0.0000,3.2250,40.692,FEASIBLE,0,0.00
265.402,-0.00184,-0.00003,0.00005,0.0000,0.0000,0.00000,0.0051,0.0000,3.2250,40.529,FEASIBLE,0,0.00
265.502,-0.00184,-0.00003,0.00005,0.0000,0.0000,0.00000,0.0057,0.0000,3.2250,39.619,FEASIBLE,0,0.00
265.600,-0.00184,-0.00003,0.00005,0.0000,0.0000,0.00000,0.0235,0.0000,3.2250,40.929,FEASIBLE,0,0.00
265.700,-0.00184,-0.00003,0.00005,0.0000,0.0000,0.00000,0.0039,0.0000,3.2250,42.276,FEASIBLE,0,0.00
265.800,-0.00184,-0.00003,0.00005,0.0000,0.0000,0.00000,0.0344,0.0000,3.2250,43.627,FEASIBLE,0,0.00
265.900,-0.00184,-0.00003,0.00005,0.0000,0.0000,0.00000,0.0063,0.0000,3.2250,42.325,FEASIBLE,0,0.00
266.000,-0.00184,-0.00003,0.00005,0.0000,0.0000,0.00000,0.0154,0.0000,3.2250,41.541,FEASIBLE,0,0.00
266.100,-0.00184,-0.00003,0.00005,0.0000,0.0000,0.00000,0.0148,0.0000,3.2250,42.421,FEASIBLE,0,0.00
266.200,-0.00184,-0.00003,0.00005,0.0000,0.0000,0.00000,0.0156,0.0000,3.2250,48.851,FEASIBLE,0,0.00
266.300,-0.00184,-0.00003,0.00005,0.0000,0.0000,0.00000,0.0032,0.0000,3.2250,42.914,FEASIBLE,0,0.00
266.400,-0.00184,-0.00003,0.00005,0.0000,0.0000,0.00000,0.0103,0.0000,3.2250,44.945,FEASIBLE,0,0.00
266.500,-0.00184,-0.00003,0.00005,0.0000,0.0000,0.00000,0.0217,0.0000,3.2250,46.447,FEASIBLE,0,0.00
266.600,-0.00184,-0.00003,0.00005,0.0000,0.0000,0.00000,0.0084,0.0000,3.2250,44.890,FEASIBLE,0,0.00
266.700,-0.00184,-0.00003,0.00005,0.0000,0.0000,0.00000,0.0157,0.0000,3.2250,42.290,FEASIBLE,0,0.00
266.800,-0.00184,-0.00003,0.00005,0.0000,0.0000,0.00000,0.0386,0.0000,3.2250,48.310,FEASIBLE,0,0.00
266.900,-0.00184,-0.00003,0.00005,0.0000,0.0000,0.00000,0.0086,0.0000,3.2250,49.646,FEASIBLE,0,0.00
267.000,-0.00184,-0.00003,0.00005,0.0000,0.0000,0.00000,0.0451,0.0000,3.2250,48.533,FEASIBLE,0,0.00
267.100,-0.00184,-0.00003,0.00005,0.0000,0.0000,0.00000,0.0128,0.0000,3.2250,46.930,FEASIBLE,0,0.00
267.200,-0.00184,-0.00003,0.00005,0.0000,0.0000,0.00000,0.0055,0.0000,3.2250,45.677,FEASIBLE,0,0.00
267.300,-0.00184,-0.00003,0.00005,0.0000,0.0000,0.00000,0.0121,0.0000,3.2250,43.185,FEASIBLE,0,0.00
267.400,-0.00184,-0.00003,0.00005,0.0000,0.0000,0.00000,0.0028,0.0000,3.2250,45.732,FEASIBLE,0,0.00
267.500,-0.00184,-0.00003,0.00005,0.0000,0.0000,0.00000,0.0016,0.0000,3.2250,44.554,FEASIBLE,0,0.00
267.600,-0.00184,-0.00003,0.00005,0.0000,0.0000,0.00000,0.0360,0.0000,3.2250,43.194,FEASIBLE,0,0.00
267.700,-0.00184,-0.00003,0.00005,0.0000,0.0000,0.00000,0.0094,0.0000,3.2250,50.658,FEASIBLE,0,0.00
267.800,-0.00184,-0.00003,0.00005,0.0000,0.0000,0.00000,0.0110,0.0000,3.2250,48.787,FEASIBLE,0,0.00
267.900,-0.00184,-0.00003,0.00005,0.0000,0.0000,0.00000,0.0066,0.0000,3.2250,50.628,FEASIBLE,0,0.00
268.000,-0.00184,-0.00003,0.00005,0.0000,0.0000,0.00000,0.0260,0.0000,3.2250,47.224,FEASIBLE,0,0.00
268.100,-0.00184,-0.00003,0.00005,0.0000,0.0000,0.00000,0.0224,0.0000,3.2250,51.445,FEASIBLE,0,0.00
268.200,-0.00184,-0.00003,0.00005,0.0000,0.0000,0.00000,0.0016,0.0000,3.2250,42.466,FEASIBLE,0,0.00
268.300,-0.00184,-0.00003,0.00005,0.0000,0.0000,0.00000,0.0115,0.0000,3.2250,43.509,FEASIBLE,0,0.00
268.400,-0.00184,-0.00003,0.00005,0.0000,0.0000,0.00000,0.0149,0.0000,3.2250,43.006,FEASIBLE,0,0.00
268.500,-0.00184,-0.00003,0.00005,0.0000,0.0000,0.00000,0.0137,0.0000,3.2250,41.799,FEASIBLE,0,0.00
268.600,-0.00184,-0.00003,0.00005,0.0000,0.0000,0.00000,0.0147,0.0000,3.2250,41.122,FEASIBLE,0,0.00
268.702,-0.00184,-0.00003,0.00005,0.0000,0.0000,0.00000,0.0267,0.0000,3.2250,40.236,FEASIBLE,0,0.00
268.800,-0.00184,-0.00003,0.00005,0.0000,0.0000,0.00000,0.0153,0.0000,3.2250,41.602,FEASIBLE,0,0.00
268.902,-0.00184,-0.00003,0.00005,0.0000,0.0000,0.00000,0.0053,0.0000,3.2250,41.475,FEASIBLE,0,0.00
269.000,-0.00184,-0.00003,0.00005,0.0000,0.0000,0.00000,0.0175,0.0000,3.2250,40.511,FEASIBLE,0,0.00
269.102,-0.00184,-0.00003,0.00005,0.0000,0.0000,0.00000,0.0201,0.0000,3.2250,44.501,FEASIBLE,0,0.00
269.200,-0.00184,-0.00003,0.00005,0.0000,0.0000,0.00000,0.0323,0.0000,3.2250,44.330,FEASIBLE,0,0.00
269.300,-0.00184,-0.00003,0.00005,0.0000,0.0000,0.00000,0.0112,0.0000,3.2250,45.732,FEASIBLE,0,0.00
269.400,-0.00184,-0.00003,0.00005,0.0000,0.0000,0.00000,0.0164,0.0000,3.2250,41.030,FEASIBLE,0,0.00
269.500,-0.00184,-0.00003,0.00005,0.0000,0.0000,0.00000,0.0032,0.0000,3.2250,44.008,FEASIBLE,0,0.00
269.600,-0.00184,-0.00003,0.00005,0.0000,0.0000,0.00000,0.0050,0.0000,3.2250,42.174,FEASIBLE,0,0.00
269.700,-0.00184,-0.00003,0.00005,0.0000,0.0000,0.00000,0.0267,0.0000,3.2250,41.600,FEASIBLE,0,0.00
269.800,-0.00184,-0.00003,0.00005,0.0000,0.0000,0.00000,0.0097,0.0000,3.2250,42.141,FEASIBLE,0,0.00
269.900,-0.00184,-0.00003,0.00005,0.0000,0.0000,0.00000,0.0065,0.0000,3.2250,42.597,FEASIBLE,0,0.00
270.000,-0.00184,-0.00003,0.00005,0.0000,0.0000,0.00000,0.0282,0.0000,3.2250,41.285,FEASIBLE,0,0.00
270.100,-0.00184,-0.00003,0.00005,0.0000,0.0000,0.00000,0.0018,0.0000,3.2250,40.485,FEASIBLE,0,0.00
270.200,-0.00184,-0.00003,0.00005,0.0000,0.0000,0.00000,0.0117,0.0000,3.2250,40.121,FEASIBLE,0,0.00
270.300,-0.00184,-0.00003,0.00005,0.0000,0.0000,0.00000,0.0161,0.0000,3.2250,40.924,FEASIBLE,0,0.00
270.400,-0.00184,-0.00003,0.00005,0.0000,0.0000,0.00000,0.0232,0.0000,3.2250,42.167,FEASIBLE,0,0.00
270.500,-0.00184,-0.00003,0.00005,0.0000,0.0000,0.00000,0.0004,0.0000,3.2250,41.673,FEASIBLE,0,0.00
270.600,-0.00184,-0.00003,0.00005,0.0000,0.0000,0.00000,0.0005,0.0000,3.2250,40.616,FEASIBLE,0,0.00
270.700,-0.00184,-0.00003,0.00005,0.0000,0.0000,0.00000,0.0169,0.0000,3.2250,42.845,FEASIBLE,0,0.00
270.800,-0.00184,-0.00003,0.00005,0.0000,0.0000,0.00000,0.0287,0.0000,3.2250,41.738,FEASIBLE,0,0.00
270.900,-0.00184,-0.00003,0.00005,0.0000,0.0000,0.00000,0.0211,0.0000,3.2250,44.961,FEASIBLE,0,0.00
271.000,-0.00184,-0.00003,0.00005,0.0000,0.0000,0.00000,0.0113,0.0000,3.2250,41.934,FEASIBLE,0,0.00
271.100,-0.00184,-0.00003,0.00005,0.0000,0.0000,0.00000,0.0086,0.0000,3.2250,42.457,FEASIBLE,0,0.00
271.200,-0.00184,-0.00003,0.00005,0.0000,0.0000,0.00000,0.0229,0.0000,3.2250,46.199,FEASIBLE,0,0.00
271.300,-0.00184,-0.00003,0.00005,0.0000,0.0000,0.00000,0.0005,0.0000,3.2250,41.562,FEASIBLE,0,0.00
271.400,-0.00184,-0.00003,0.00005,0.0000,0.0000,0.00000,0.0073,0.0000,3.2250,43.058,FEASIBLE,0,0.00
271.500,-0.00184,-0.00003,0.00005,0.0000,0.0000,0.00000,0.0254,0.0000,3.2250,40.650,FEASIBLE,0,0.00
271.600,-0.00184,-0.00003,0.00005,0.0000,0.0000,0.00000,0.0146,0.0000,3.2250,41.164,FEASIBLE,0,0.00
271.700,-0.00184,-0.00003,0.00005,0.0000,0.0000,0.00000,0.0113,0.0000,3.2250,42.746,FEASIBLE,0,0.00
271.804,-0.00184,-0.00003,0.00005,0.0000,0.0000,0.00000,0.0168,0.0000,3.2250,41.593,FEASIBLE,0,0.00
271.900,-0.00184,-0.00003,0.00005,0.0000,0.0000,0.00000,0.0126,0.0000,3.2250,41.460,FEASIBLE,0,0.00
272.000,-0.00184,-0.00003,0.00005,0.0000,0.0000,0.00000,0.0268,0.0000,3.2250,41.190,FEASIBLE,0,0.00
272.100,-0.00184,-0.00003,0.00005,0.0000,0.0000,0.00000,0.0219,0.0000,3.2250,44.602,FEASIBLE,0,0.00
272.202,-0.00184,-0.00003,0.00005,0.0000,0.0000,0.00000,0.0181,0.0000,3.2250,42.305,FEASIBLE,0,0.00
272.304,-0.00184,-0.00003,0.00005,0.0000,0.0000,0.00000,0.0229,0.0000,3.2250,44.487,FEASIBLE,0,0.00
272.400,-0.00184,-0.00003,0.00005,0.0000,0.0000,0.00000,0.0065,0.0000,3.2250,42.893,FEASIBLE,0,0.00
272.500,-0.00184,-0.00003,0.00005,0.0000,0.0000,0.00000,0.0237,0.0000,3.2250,42.518,FEASIBLE,0,0.00
272.600,-0.00184,-0.00003,0.00005,0.0000,0.0000,0.00000,0.0110,0.0000,3.2250,40.865,FEASIBLE,0,0.00
272.700,-0.00184,-0.00003,0.00005,0.0000,0.0000,0.00000,0.0148,0.0000,3.2250,42.343,FEASIBLE,0,0.00
272.800,-0.00184,-0.00003,0.00005,0.0000,0.0000,0.00000,0.0005,0.0000,3.2250,42.045,FEASIBLE,0,0.00
272.900,-0.00184,-0.00003,0.00005,0.0000,0.0000,0.00000,0.0034,0.0000,3.2250,40.606,FEASIBLE,0,0.00
273.000,-0.00184,-0.00003,0.00005,0.0000,0.0000,0.00000,0.0090,0.0000,3.2250,40.984,FEASIBLE,0,0.00
273.100,-0.00184,-0.00003,0.00005,0.0000,0.0000,0.00000,0.0119,0.0000,3.2250,40.583,FEASIBLE,0,0.00
273.200,-0.00184,-0.00003,0.00005,0.0000,0.0000,0.00000,0.0064,0.0000,3.2250,40.576,FEASIBLE,0,0.00
273.300,-0.00184,-0.00003,0.00005,0.0000,0.0000,0.00000,0.0101,0.0000,3.2250,40.847,FEASIBLE,0,0.00
273.400,-0.00184,-0.00003,0.00005,0.0000,0.0000,0.00000,0.0015,0.0000,3.2250,51.524,FEASIBLE,0,0.00
273.500,-0.00184,-0.00003,0.00005,0.0000,0.0000,0.00000,0.0055,0.0000,3.2250,39.467,FEASIBLE,0,0.00
273.600,-0.00184,-0.00003,0.00005,0.0000,0.0000,0.00000,0.0282,0.0000,3.2250,41.468,FEASIBLE,0,0.00
273.700,-0.00184,-0.00003,0.00005,0.0000,0.0000,0.00000,0.0059,0.0000,3.2250,41.887,FEASIBLE,0,0.00
273.800,-0.00184,-0.00003,0.00005,0.0000,0.0000,0.00000,0.0188,0.0000,3.2250,43.078,FEASIBLE,0,0.00
273.900,-0.00184,-0.00003,0.00005,0.0000,0.0000,0.00000,0.0386,0.0000,3.2250,46.272,FEASIBLE,0,0.00
274.000,-0.00184,-0.00003,0.00005,0.0000,0.0000,0.00000,0.0138,0.0000,3.2250,43.637,FEASIBLE,0,0.00
274.100,-0.00184,-0.00003,0.00005,0.0000,0.0000,0.00000,0.0150,0.0000,3.2250,44.109,FEASIBLE,0,0.00
274.200,-0.00184,-0.00003,0.00005,0.0000,0.0000,0.00000,0.0197,0.0000,3.2250,42.262,FEASIBLE,0,0.00
274.300,-0.00184,-0.00003,0.00005,0.0000,0.0000,0.00000,0.0298,0.0000,3.2250,41.790,FEASIBLE,0,0.00
274.400,-0.00184,-0.00003,0.00005,0.0000,0.0000,0.00000,0.0224,0.0000,3.2250,41.579,FEASIBLE,0,0.00
274.500,-0.00184,-0.00003,0.00005,0.0000,0.0000,0.00000,0.0110,0.0000,3.2250,40.739,FEASIBLE,0,0.00
274.600,-0.00184,-0.00003,0.00005,0.0000,0.0000,0.00000,0.0046,0.0000,3.2250,41.968,FEASIBLE,0,0.00
274.700,-0.00184,-0.00003,0.00005,0.0000,0.0000,0.00000,0.0148,0.0000,3.2250,40.419,FEASIBLE,0,0.00
274.800,-0.00184,-0.00003,0.00005,0.0000,0.0000,0.00000,0.0148,0.0000,3.2250,42.972,FEASIBLE,0,0.00
274.900,-0.00184,-0.00003,0.00005,0.0000,0.0000,0.00000,0.0349,0.0000,3.2250,41.438,FEASIBLE,0,0.00
275.000,-0.00184,-0.00003,0.00005,0.0000,0.0000,0.00000,0.0149,0.0000,3.2250,41.652,FEASIBLE,0,0.00
275.104,-0.00184,-0.00003,0.00005,0.0000,0.0000,0.00000,0.0006,0.0000,3.2250,41.623,FEASIBLE,0,0.00
275.200,-0.00184,-0.00003,0.00005,0.0000,0.0000,0.00000,0.0002,0.0000,3.2250,41.883,FEASIBLE,0,0.00
275.300,-0.00184,-0.00003,0.00005,0.0000,0.0000,0.00000,0.0260,0.0000,3.2250,43.619,FEASIBLE,0,0.00
275.402,-0.00184,-0.00003,0.00005,0.0000,0.0000,0.00000,0.0030,0.0000,3.2250,44.658,FEASIBLE,0,0.00
275.500,-0.00184,-0.00003,0.00005,0.0000,0.0000,0.00000,0.0209,0.0000,3.2250,42.066,FEASIBLE,0,0.00
275.600,-0.00184,-0.00003,0.00005,0.0000,0.0000,0.00000,0.0080,0.0000,3.2250,41.600,FEASIBLE,0,0.00
275.700,-0.00184,-0.00003,0.00005,0.0000,0.0000,0.00000,0.0040,0.0000,3.2250,39.973,FEASIBLE,0,0.00
275.800,-0.00184,-0.00003,0.00005,0.0000,0.0000,0.00000,0.0065,0.0000,3.2250,43.676,FEASIBLE,0,0.00
275.900,-0.00184,-0.00003,0.00005,0.0000,0.0000,0.00000,0.0095,0.0000,3.2250,41.602,FEASIBLE,0,0.00
276.000,-0.00184,-0.00003,0.00005,0.0000,0.0000,0.00000,0.0191,0.0000,3.2250,41.007,FEASIBLE,0,0.00
276.100,-0.00184,-0.00003,0.00005,0.0000,0.0000,0.00000,0.0048,0.0000,3.2250,42.721,FEASIBLE,0,0.00
276.200,-0.00184,-0.00003,0.00005,0.0000,0.0000,0.00000,0.0297,0.0000,3.2250,43.185,FEASIBLE,0,0.00
276.300,-0.00184,-0.00003,0.00005,0.0000,0.0000,0.00000,0.0052,0.0000,3.2250,42.995,FEASIBLE,0,0.00
276.400,-0.00184,-0.00003,0.00005,0.0000,0.0000,0.00000,0.0321,0.0000,3.2250,42.215,FEASIBLE,0,0.00
276.500,-0.00184,-0.00003,0.00005,0.0000,0.0000,0.00000,0.0163,0.0000,3.2250,42.901,FEASIBLE,0,0.00
276.600,-0.00184,-0.00003,0.00005,0.0000,0.0000,0.00000,0.0109,0.0000,3.2250,43.292,FEASIBLE,0,0.00
276.700,-0.00184,-0.00003,0.00005,0.0000,0.0000,0.00000,0.0354,0.0000,3.2250,41.253,FEASIBLE,0,0.00
276.800,-0.00184,-0.00003,0.00005,0.0000,0.0000,0.00000,0.0259,0.0000,3.2250,45.234,FEASIBLE,0,0.00
276.900,-0.00184,-0.00003,0.00005,0.0000,0.0000,0.00000,0.0042,0.0000,3.2250,41.097,FEASIBLE,0,0.00
277.000,-0.00184,-0.00003,0.00005,0.0000,0.0000,0.00000,0.0054,0.0000,3.2250,42.426,FEASIBLE,0,0.00
277.100,-0.00184,-0.00003,0.00005,0.0000,0.0000,0.00000,0.0101,0.0000,3.2250,41.559,FEASIBLE,0,0.00
277.200,-0.00184,-0.00003,0.00005,0.0000,0.0000,0.00000,0.0120,0.0000,3.2250,41.752,FEASIBLE,0,0.00
277.300,-0.00184,-0.00003,0.00005,0.0000,0.0000,0.00000,0.0156,0.0000,3.2250,41.643,FEASIBLE,0,0.00
277.400,-0.00184,-0.00003,0.00005,0.0000,0.0000,0.00000,0.0022,0.0000,3.2250,39.966,FEASIBLE,0,0.00
277.500,-0.00184,-0.00003,0.00005,0.0000,0.0000,0.00000,0.0137,0.0000,3.2250,41.923,FEASIBLE,0,0.00
277.600,-0.00184,-0.00003,0.00005,0.0000,0.0000,0.00000,0.0147,0.0000,3.2250,42.503,FEASIBLE,0,0.00
277.700,-0.00184,-0.00003,0.00005,0.0000,0.0000,0.00000,0.0107,0.0000,3.2250,43.785,FEASIBLE,0,0.00
277.800,-0.00184,-0.00003,0.00005,0.0000,0.0000,0.00000,0.0174,0.0000,3.2250,41.672,FEASIBLE,0,0.00
277.900,-0.00184,-0.00003,0.00005,0.0000,0.0000,0.00000,0.0218,0.0000,3.2250,43.873,FEASIBLE,0,0.00
278.000,-0.00184,-0.00003,0.00005,0.0000,0.0000,0.00000,0.0261,0.0000,3.2250,41.156,FEASIBLE,0,0.00
278.100,-0.00184,-0.00003,0.00005,0.0000,0.0000,0.00000,0.0307,0.0000,3.2250,42.744,FEASIBLE,0,0.00
278.200,-0.00184,-0.00003,0.00005,0.0000,0.0000,0.00000,0.0066,0.0000,3.2250,41.354,FEASIBLE,0,0.00
278.304,-0.00184,-0.00003,0.00005,0.0000,0.0000,0.00000,0.0099,0.0000,3.2250,44.021,FEASIBLE,0,0.00
278.404,-0.00184,-0.00003,0.00005,0.0000,0.0000,0.00000,0.0084,0.0000,3.2250,43.374,FEASIBLE,0,0.00
278.504,-0.00184,-0.00003,0.00005,0.0000,0.0000,0.00000,0.0119,0.0000,3.2250,41.071,FEASIBLE,0,0.00
278.600,-0.00184,-0.00003,0.00005,0.0000,0.0000,0.00000,0.0152,0.0000,3.2250,41.366,FEASIBLE,0,0.00
278.700,-0.00184,-0.00003,0.00005,0.0000,0.0000,0.00000,0.0146,0.0000,3.2250,40.392,FEASIBLE,0,0.00
278.800,-0.00184,-0.00003,0.00005,0.0000,0.0000,0.00000,0.0282,0.0000,3.2250,42.595,FEASIBLE,0,0.00
278.900,-0.00184,-0.00003,0.00005,0.0000,0.0000,0.00000,0.0095,0.0000,3.2250,40.238,FEASIBLE,0,0.00
279.000,-0.00184,-0.00003,0.00005,0.0000,0.0000,0.00000,0.0151,0.0000,3.2250,41.542,FEASIBLE,0,0.00
279.100,-0.00184,-0.00003,0.00005,0.0000,0.0000,0.00000,0.0176,0.0000,3.2250,41.164,FEASIBLE,0,0.00
279.202,-0.00184,-0.00003,0.00005,0.0000,0.0000,0.00000,0.0213,0.0000,3.2250,41.914,FEASIBLE,0,0.00
279.300,-0.00184,-0.00003,0.00005,0.0000,0.0000,0.00000,0.0145,0.0000,3.2250,40.830,FEASIBLE,0,0.00
279.400,-0.00184,-0.00003,0.00005,0.0000,0.0000,0.00000,0.0052,0.0000,3.2250,39.032,FEASIBLE,0,0.00
279.500,-0.00184,-0.00003,0.00005,0.0000,0.0000,0.00000,0.0184,0.0000,3.2250,42.436,FEASIBLE,0,0.00
279.604,-0.00184,-0.00003,0.00005,0.0000,0.0000,0.00000,0.0202,0.0000,3.2250,40.302,FEASIBLE,0,0.00
279.700,-0.00184,-0.00003,0.00005,0.0000,0.0000,0.00000,0.0052,0.0000,3.2250,41.277,FEASIBLE,0,0.00
279.800,-0.00184,-0.00003,0.00005,0.0000,0.0000,0.00000,0.0411,0.0000,3.2250,42.842,FEASIBLE,0,0.00
279.900,-0.00184,-0.00003,0.00005,0.0000,0.0000,0.00000,0.0056,0.0000,3.2250,42.598,FEASIBLE,0,0.00
280.000,-0.00184,-0.00003,0.00005,0.0000,0.0000,0.00000,0.0305,0.0000,3.2250,41.992,FEASIBLE,0,0.00
280.100,-0.00184,-0.00003,0.00005,0.0000,0.0000,0.00000,0.0062,0.0000,3.2250,40.821,FEASIBLE,0,0.00
280.200,-0.00184,-0.00003,0.00005,0.0000,0.0000,0.00000,0.0109,0.0000,3.2250,40.513,FEASIBLE,0,0.00
280.300,-0.00184,-0.00003,0.00005,0.0000,0.0000,0.00000,0.0187,0.0000,3.2250,42.636,FEASIBLE,0,0.00
280.400,-0.00184,-0.00003,0.00005,0.0000,0.0000,0.00000,0.0290,0.0000,3.2250,41.599,FEASIBLE,0,0.00
280.500,-0.00184,-0.00003,0.00005,0.0000,0.0000,0.00000,0.0171,0.0000,3.2250,41.406,FEASIBLE,0,0.00
280.600,-0.00184,-0.00003,0.00005,0.0000,0.0000,0.00000,0.0200,0.0000,3.2250,41.406,FEASIBLE,0,0.00
280.700,-0.00184,-0.00003,0.00005,0.0000,0.0000,0.00000,0.0005,0.0000,3.2250,42.539,FEASIBLE,0,0.00
280.800,-0.00184,-0.00003,0.00005,0.0000,0.0000,0.00000,0.0261,0.0000,3.2250,44.858,FEASIBLE,0,0.00
280.900,-0.00184,-0.00003,0.00005,0.0000,0.0000,0.00000,0.0271,0.0000,3.2250,42.953,FEASIBLE,0,0.00
281.000,-0.00184,-0.00003,0.00005,0.0000,0.0000,0.00000,0.0328,0.0000,3.2250,53.395,FEASIBLE,0,0.00
281.100,-0.00184,-0.00003,0.00005,0.0000,0.0000,0.00000,0.0004,0.0000,3.2250,41.863,FEASIBLE,0,0.00
281.200,-0.00184,-0.00003,0.00005,0.0000,0.0000,0.00000,0.0137,0.0000,3.2250,41.800,FEASIBLE,0,0.00
281.300,-0.00184,-0.00003,0.00005,0.0000,0.0000,0.00000,0.0105,0.0000,3.2250,42.569,FEASIBLE,0,0.00
281.400,-0.00184,-0.00003,0.00005,0.0000,0.0000,0.00000,0.0105,0.0000,3.2250,39.939,FEASIBLE,0,0.00
281.500,-0.00184,-0.00003,0.00005,0.0000,0.0000,0.00000,0.0164,0.0000,3.2250,42.815,FEASIBLE,0,0.00
281.602,-0.00184,-0.00003,0.00005,0.0000,0.0000,0.00000,0.0102,0.0000,3.2250,41.247,FEASIBLE,0,0.00
281.700,-0.00184,-0.00003,0.00005,0.0000,0.0000,0.00000,0.0079,0.0000,3.2250,45.120,FEASIBLE,0,0.00
281.800,-0.00184,-0.00003,0.00005,0.0000,0.0000,0.00000,0.0270,0.0000,3.2250,43.054,FEASIBLE,0,0.00
281.902,-0.00184,-0.00003,0.00005,0.0000,0.0000,0.00000,0.0025,0.0000,3.2250,42.450,FEASIBLE,0,0.00
282.000,-0.00184,-0.00003,0.00005,0.0000,0.0000,0.00000,0.0217,0.0000,3.2250,42.519,FEASIBLE,0,0.00
282.102,-0.00184,-0.00003,0.00005,0.0000,0.0000,0.00000,0.0049,0.0000,3.2250,41.385,FEASIBLE,0,0.00
282.200,-0.00184,-0.00003,0.00005,0.0000,0.0000,0.00000,0.0202,0.0000,3.2250,40.403,FEASIBLE,0,0.00
282.304,-0.00184,-0.00003,0.00005,0.0000,0.0000,0.00000,0.0196,0.0000,3.2250,41.928,FEASIBLE,0,0.00
282.400,-0.00184,-0.00003,0.00005,0.0000,0.0000,0.00000,0.0305,0.0000,3.2250,44.049,FEASIBLE,0,0.00
282.500,-0.00184,-0.00003,0.00005,0.0000,0.0000,0.00000,0.0171,0.0000,3.2250,47.141,FEASIBLE,0,0.00
282.600,-0.00184,-0.00003,0.00005,0.0000,0.0000,0.00000,0.0108,0.0000,3.2250,41.766,FEASIBLE,0,0.00
282.700,-0.00184,-0.00003,0.00005,0.0000,0.0000,0.00000,0.0180,0.0000,3.2250,42.365,FEASIBLE,0,0.00
282.800,-0.00184,-0.00003,0.00005,0.0000,0.0000,0.00000,0.0052,0.0000,3.2250,43.902,FEASIBLE,0,0.00
282.900,-0.00184,-0.00003,0.00005,0.0000,0.0000,0.00000,0.0133,0.0000,3.2250,42.606,FEASIBLE,0,0.00
283.000,-0.00184,-0.00003,0.00005,0.0000,0.0000,0.00000,0.0059,0.0000,3.2250,40.200,FEASIBLE,0,0.00
283.100,-0.00184,-0.00003,0.00005,0.0000,0.0000,0.00000,0.0157,0.0000,3.2250,41.229,FEASIBLE,0,0.00
283.200,-0.00184,-0.00003,0.00005,0.0000,0.0000,0.00000,0.0080,0.0000,3.2250,40.244,FEASIBLE,0,0.00
283.300,-0.00184,-0.00003,0.00005,0.0000,0.0000,0.00000,0.0199,0.0000,3.2250,41.914,FEASIBLE,0,0.00
283.400,-0.00184,-0.00003,0.00005,0.0000,0.0000,0.00000,0.0023,0.0000,3.2250,40.034,FEASIBLE,0,0.00
283.500,-0.00184,-0.00003,0.00005,0.0000,0.0000,0.00000,0.0071,0.0000,3.2250,41.501,FEASIBLE,0,0.00
283.600,-0.00184,-0.00003,0.00005,0.0000,0.0000,0.00000,0.0113,0.0000,3.2250,39.626,FEASIBLE,0,0.00
283.700,-0.00184,-0.00003,0.00005,0.0000,0.0000,0.00000,0.0264,0.0000,3.2250,39.889,FEASIBLE,0,0.00
283.800,-0.00184,-0.00003,0.00005,0.0000,0.0000,0.00000,0.0230,0.0000,3.2250,41.804,FEASIBLE,0,0.00
283.900,-0.00184,-0.00003,0.00005,0.0000,0.0000,0.00000,0.0099,0.0000,3.2250,39.358,FEASIBLE,0,0.00
284.000,-0.00184,-0.00003,0.00005,0.0000,0.0000,0.00000,0.0062,0.0000,3.2250,39.341,FEASIBLE,0,0.00
284.100,-0.00184,-0.00003,0.00005,0.0000,0.0000,0.00000,0.0038,0.0000,3.2250,39.298,FEASIBLE,0,0.00
284.202,-0.00184,-0.00003,0.00005,0.0000,0.0000,0.00000,0.0120,0.0000,3.2250,42.161,FEASIBLE,0,0.00
284.300,-0.00184,-0.00003,0.00005,0.0000,0.0000,0.00000,0.0143,0.0000,3.2250,42.829,FEASIBLE,0,0.00
284.400,-0.00184,-0.00003,0.00005,0.0000,0.0000,0.00000,0.0067,0.0000,3.2250,41.333,FEASIBLE,0,0.00
284.500,-0.00184,-0.00003,0.00005,0.0000,0.0000,0.00000,0.0023,0.0000,3.2250,38.963,FEASIBLE,0,0.00
284.600,-0.00184,-0.00003,0.00005,0.0000,0.0000,0.00000,0.0245,0.0000,3.2250,40.772,FEASIBLE,0,0.00
284.700,-0.00184,-0.00003,0.00005,0.0000,0.0000,0.00000,0.0011,0.0000,3.2250,40.420,FEASIBLE,0,0.00
284.800,-0.00184,-0.00003,0.00005,0.0000,0.0000,0.00000,0.0153,0.0000,3.2250,41.533,FEASIBLE,0,0.00
284.900,-0.00184,-0.00003,0.00005,0.0000,0.0000,0.00000,0.0167,0.0000,3.2250,42.125,FEASIBLE,0,0.00
285.000,-0.00184,-0.00003,0.00005,0.0000,0.0000,0.00000,0.0031,0.0000,3.2250,40.853,FEASIBLE,0,0.00
285.102,-0.00184,-0.00003,0.00005,0.0000,0.0000,0.00000,0.0042,0.0000,3.2250,41.314,FEASIBLE,0,0.00
285.200,-0.00184,-0.00003,0.00005,0.0000,0.0000,0.00000,0.0041,0.0000,3.2250,49.279,FEASIBLE,0,0.00
285.302,-0.00184,-0.00003,0.00005,0.0000,0.0000,0.00000,0.0033,0.0000,3.2250,44.394,FEASIBLE,0,0.00
285.402,-0.00184,-0.00003,0.00005,0.0000,0.0000,0.00000,0.0394,0.0000,3.2250,40.762,FEASIBLE,0,0.00
285.500,-0.00184,-0.00003,0.00005,0.0000,0.0000,0.00000,0.0037,0.0000,3.2250,40.165,FEASIBLE,0,0.00
285.602,-0.00184,-0.00003,0.00005,0.0000,0.0000,0.00000,0.0276,0.0000,3.2250,40.128,FEASIBLE,0,0.00
285.700,-0.00184,-0.00003,0.00005,0.0000,0.0000,0.00000,0.0245,0.0000,3.2250,40.751,FEASIBLE,0,0.00
285.800,-0.00184,-0.00003,0.00005,0.0000,0.0000,0.00000,0.0337,0.0000,3.2250,42.649,FEASIBLE,0,0.00
285.900,-0.00184,-0.00003,0.00005,0.0000,0.0000,0.00000,0.0065,0.0000,3.2250,41.628,FEASIBLE,0,0.00
286.000,-0.00184,-0.00003,0.00005,0.0000,0.0000,0.00000,0.0066,0.0000,3.2250,42.959,FEASIBLE,0,0.00
286.100,-0.00184,-0.00003,0.00005,0.0000,0.0000,0.00000,0.0060,0.0000,3.2250,42.253,FEASIBLE,0,0.00
286.200,-0.00184,-0.00003,0.00005,0.0000,0.0000,0.00000,0.0254,0.0000,3.2250,41.390,FEASIBLE,0,0.00
286.300,-0.00184,-0.00003,0.00005,0.0000,0.0000,0.00000,0.0336,0.0000,3.2250,42.193,FEASIBLE,0,0.00
286.400,-0.00184,-0.00003,0.00005,0.0000,0.0000,0.00000,0.0067,0.0000,3.2250,42.351,FEASIBLE,0,0.00
286.500,-0.00184,-0.00003,0.00005,0.0000,0.0000,0.00000,0.0118,0.0000,3.2250,40.460,FEASIBLE,0,0.00
286.600,-0.00184,-0.00003,0.00005,0.0000,0.0000,0.00000,0.0226,0.0000,3.2250,39.679,FEASIBLE,0,0.00
286.700,-0.00184,-0.00003,0.00005,0.0000,0.0000,0.00000,0.0144,0.0000,3.2250,42.947,FEASIBLE,0,0.00
286.800,-0.00184,-0.00003,0.00005,0.0000,0.0000,0.00000,0.0107,0.0000,3.2250,47.384,FEASIBLE,0,0.00
286.900,-0.00184,-0.00003,0.00005,0.0000,0.0000,0.00000,0.0176,0.0000,3.2250,42.883,FEASIBLE,0,0.00
287.000,-0.00184,-0.00003,0.00005,0.0000,0.0000,0.00000,0.0082,0.0000,3.2250,40.466,FEASIBLE,0,0.00
287.100,-0.00184,-0.00003,0.00005,0.0000,0.0000,0.00000,0.0092,0.0000,3.2250,40.107,FEASIBLE,0,0.00
287.200,-0.00184,-0.00003,0.00005,0.0000,0.0000,0.00000,0.0110,0.0000,3.2250,40.831,FEASIBLE,0,0.00
287.300,-0.00184,-0.00003,0.00005,0.0000,0.0000,0.00000,0.0153,0.0000,3.2250,40.945,FEASIBLE,0,0.00
287.400,-0.00184,-0.00003,0.00005,0.0000,0.0000,0.00000,0.0188,0.0000,3.2250,42.139,FEASIBLE,0,0.00
287.500,-0.00184,-0.00003,0.00005,0.0000,0.0000,0.00000,0.0197,0.0000,3.2250,41.136,FEASIBLE,0,0.00
287.600,-0.00184,-0.00003,0.00005,0.0000,0.0000,0.00000,0.0103,0.0000,3.2250,42.918,FEASIBLE,0,0.00
287.700,-0.00184,-0.00003,0.00005,0.0000,0.0000,0.00000,0.0126,0.0000,3.2250,41.338,FEASIBLE,0,0.00
287.800,-0.00184,-0.00003,0.00005,0.0000,0.0000,0.00000,0.0046,0.0000,3.2250,41.964,FEASIBLE,0,0.00
287.900,-0.00184,-0.00003,0.00005,0.0000,0.0000,0.00000,0.0255,0.0000,3.2250,40.027,FEASIBLE,0,0.00
288.000,-0.00184,-0.00003,0.00005,0.0000,0.0000,0.00000,0.0112,0.0000,3.2250,40.826,FEASIBLE,0,0.00
288.100,-0.00184,-0.00003,0.00005,0.0000,0.0000,0.00000,0.0210,0.0000,3.2250,43.247,FEASIBLE,0,0.00
288.200,-0.00184,-0.00003,0.00005,0.0000,0.0000,0.00000,0.0059,0.0000,3.2250,39.306,FEASIBLE,0,0.00
288.304,-0.00184,-0.00003,0.00005,0.0000,0.0000,0.00000,0.0008,0.0000,3.2250,41.433,FEASIBLE,0,0.00
288.402,-0.00184,-0.00003,0.00005,0.0000,0.0000,0.00000,0.0051,0.0000,3.2250,39.909,FEASIBLE,0,0.00
288.502,-0.00184,-0.00003,0.00005,0.0000,0.0000,0.00000,0.0035,0.0000,3.2250,39.581,FEASIBLE,0,0.00
288.602,-0.00184,-0.00003,0.00005,0.0000,0.0000,0.00000,0.0096,0.0000,3.2250,41.306,FEASIBLE,0,0.00
288.700,-0.00184,-0.00003,0.00005,0.0000,0.0000,0.00000,0.0063,0.0000,3.2250,39.352,FEASIBLE,0,0.00
288.800,-0.00184,-0.00003,0.00005,0.0000,0.0000,0.00000,0.0154,0.0000,3.2250,45.076,FEASIBLE,0,0.00
288.900,-0.00184,-0.00003,0.00005,0.0000,0.0000,0.00000,0.0231,0.0000,3.2250,43.274,FEASIBLE,0,0.00
289.000,-0.00184,-0.00003,0.00005,0.0000,0.0000,0.00000,0.0145,0.0000,3.2250,41.571,FEASIBLE,0,0.00
289.100,-0.00184,-0.00003,0.00005,0.0000,0.0000,0.00000,0.0042,0.0000,3.2250,43.416,FEASIBLE,0,0.00
289.200,-0.00184,-0.00003,0.00005,0.0000,0.0000,0.00000,0.0344,0.0000,3.2250,42.176,FEASIBLE,0,0.00
289.300,-0.00184,-0.00003,0.00005,0.0000,0.0000,0.00000,0.0194,0.0000,3.2250,44.050,FEASIBLE,0,0.00
289.400,-0.00184,-0.00003,0.00005,0.0000,0.0000,0.00000,0.0170,0.0000,3.2250,40.797,FEASIBLE,0,0.00
289.500,-0.00184,-0.00003,0.00005,0.0000,0.0000,0.00000,0.0316,0.0000,3.2250,40.126,FEASIBLE,0,0.00
289.600,-0.00184,-0.00003,0.00005,0.0000,0.0000,0.00000,0.0013,0.0000,3.2250,38.933,FEASIBLE,0,0.00
289.700,-0.00184,-0.00003,0.00005,0.0000,0.0000,0.00000,0.0230,0.0000,3.2250,40.248,FEASIBLE,0,0.00
289.800,-0.00184,-0.00003,0.00005,0.0000,0.0000,0.00000,0.0075,0.0000,3.2250,40.018,FEASIBLE,0,0.00
289.900,-0.00184,-0.00003,0.00005,0.0000,0.0000,0.00000,0.0093,0.0000,3.2250,40.440,FEASIBLE,0,0.00
290.000,-0.00184,-0.00003,0.00005,0.0000,0.0000,0.00000,0.0047,0.0000,3.2250,41.599,FEASIBLE,0,0.00
290.100,-0.00184,-0.00003,0.00005,0.0000,0.0000,0.00000,0.0078,0.0000,3.2250,40.724,FEASIBLE,0,0.00
290.200,-0.00184,-0.00003,0.00005,0.0000,0.0000,0.00000,0.0237,0.0000,3.2250,45.322,FEASIBLE,0,0.00
290.300,-0.00184,-0.00003,0.00005,0.0000,0.0000,0.00000,0.0208,0.0000,3.2250,43.330,FEASIBLE,0,0.00
290.400,-0.00184,-0.00003,0.00005,0.0000,0.0000,0.00000,0.0273,0.0000,3.2250,41.615,FEASIBLE,0,0.00
290.500,-0.00184,-0.00003,0.00005,0.0000,0.0000,0.00000,0.0022,0.0000,3.2250,41.253,FEASIBLE,0,0.00
290.600,-0.00184,-0.00003,0.00005,0.0000,0.0000,0.00000,0.0039,0.0000,3.2250,46.001,FEASIBLE,0,0.00
290.700,-0.00184,-0.00003,0.00005,0.0000,0.0000,0.00000,0.0114,0.0000,3.2250,43.992,FEASIBLE,0,0.00
290.800,-0.00184,-0.00003,0.00005,0.0000,0.0000,0.00000,0.0215,0.0000,3.2250,44.764,FEASIBLE,0,0.00
290.900,-0.00184,-0.00003,0.00005,0.0000,0.0000,0.00000,0.0072,0.0000,3.2250,45.548,FEASIBLE,0,0.00
291.000,-0.00184,-0.00003,0.00005,0.0000,0.0000,0.00000,0.0203,0.0000,3.2250,41.795,FEASIBLE,0,0.00
291.100,-0.00184,-0.00003,0.00005,0.0000,0.0000,0.00000,0.0404,0.0000,3.2250,42.376,FEASIBLE,0,0.00
291.200,-0.00184,-0.00003,0.00005,0.0000,0.0000,0.00000,0.0115,0.0000,3.2250,42.253,FEASIBLE,0,0.00
291.300,-0.00184,-0.00003,0.00005,0.0000,0.0000,0.00000,0.0264,0.0000,3.2250,44.026,FEASIBLE,0,0.00
291.400,-0.00184,-0.00003,0.00005,0.0000,0.0000,0.00000,0.0247,0.0000,3.2250,42.177,FEASIBLE,0,0.00
291.500,-0.00184,-0.00003,0.00005,0.0000,0.0000,0.00000,0.0100,0.0000,3.2250,42.341,FEASIBLE,0,0.00
291.600,-0.00184,-0.00003,0.00005,0.0000,0.0000,0.00000,0.0111,0.0000,3.2250,40.229,FEASIBLE,0,0.00
291.704,-0.00184,-0.00003,0.00005,0.0000,0.0000,0.00000,0.0028,0.0000,3.2250,43.902,FEASIBLE,0,0.00
291.804,-0.00184,-0.00003,0.00005,0.0000,0.0000,0.00000,0.0121,0.0000,3.2250,41.572,FEASIBLE,0,0.00
291.902,-0.00184,-0.00003,0.00005,0.0000,0.0000,0.00000,0.0092,0.0000,3.2250,42.689,FEASIBLE,0,0.00
292.000,-0.00184,-0.00003,0.00005,0.0000,0.0000,0.00000,0.0264,0.0000,3.2250,41.287,FEASIBLE,0,0.00
292.100,-0.00184,-0.00003,0.00005,0.0000,0.0000,0.00000,0.0084,0.0000,3.2250,43.849,FEASIBLE,0,0.00
292.200,-0.00184,-0.00003,0.00005,0.0000,0.0000,0.00000,0.0209,0.0000,3.2250,39.749,FEASIBLE,0,0.00
292.300,-0.00184,-0.00003,0.00005,0.0000,0.0000,0.00000,0.0194,0.0000,3.2250,39.997,FEASIBLE,0,0.00
292.400,-0.00184,-0.00003,0.00005,0.0000,0.0000,0.00000,0.0119,0.0000,3.2250,40.542,FEASIBLE,0,0.00
292.500,-0.00184,-0.00003,0.00005,0.0000,0.0000,0.00000,0.0041,0.0000,3.2250,42.749,FEASIBLE,0,0.00
292.600,-0.00184,-0.00003,0.00005,0.0000,0.0000,0.00000,0.0189,0.0000,3.2250,42.463,FEASIBLE,0,0.00
292.700,-0.00184,-0.00003,0.00005,0.0000,0.0000,0.00000,0.0081,0.0000,3.2250,42.236,FEASIBLE,0,0.00
292.800,-0.00184,-0.00003,0.00005,0.0000,0.0000,0.00000,0.0108,0.0000,3.2250,42.833,FEASIBLE,0,0.00
292.900,-0.00184,-0.00003,0.00005,0.0000,0.0000,0.00000,0.0288,0.0000,3.2250,42.259,FEASIBLE,0,0.00
293.002,-0.00184,-0.00003,0.00005,0.0000,0.0000,0.00000,0.0307,0.0000,3.2250,42.031,FEASIBLE,0,0.00
293.100,-0.00184,-0.00003,0.00005,0.0000,0.0000,0.00000,0.0186,0.0000,3.2250,48.256,FEASIBLE,0,0.00
293.200,-0.00184,-0.00003,0.00005,0.0000,0.0000,0.00000,0.0201,0.0000,3.2250,40.088,FEASIBLE,0,0.00
293.300,-0.00184,-0.00003,0.00005,0.0000,0.0000,0.00000,0.0129,0.0000,3.2250,40.262,FEASIBLE,0,0.00
293.400,-0.00184,-0.00003,0.00005,0.0000,0.0000,0.00000,0.0298,0.0000,3.2250,41.076,FEASIBLE,0,0.00
293.500,-0.00184,-0.00003,0.00005,0.0000,0.0000,0.00000,0.0029,0.0000,3.2250,40.767,FEASIBLE,0,0.00
293.600,-0.00184,-0.00003,0.00005,0.0000,0.0000,0.00000,0.0048,0.0000,3.2250,40.938,FEASIBLE,0,0.00
293.700,-0.00184,-0.00003,0.00005,0.0000,0.0000,0.00000,0.0346,0.0000,3.2250,41.281,FEASIBLE,0,0.00
293.800,-0.00184,-0.00003,0.00005,0.0000,0.0000,0.00000,0.0101,0.0000,3.2250,43.298,FEASIBLE,0,0.00
293.900,-0.00184,-0.00003,0.00005,0.0000,0.0000,0.00000,0.0076,0.0000,3.2250,41.262,FEASIBLE,0,0.00
294.000,-0.00184,-0.00003,0.00005,0.0000,0.0000,0.00000,0.0224,0.0000,3.2250,43.524,FEASIBLE,0,0.00
294.100,-0.00184,-0.00003,0.00005,0.0000,0.0000,0.00000,0.0060,0.0000,3.2250,43.485,FEASIBLE,0,0.00
294.200,-0.00184,-0.00003,0.00005,0.0000,0.0000,0.00000,0.0262,0.0000,3.2250,41.314,FEASIBLE,0,0.00
294.300,-0.00184,-0.00003,0.00005,0.0000,0.0000,0.00000,0.0013,0.0000,3.2250,42.755,FEASIBLE,0,0.00
294.400,-0.00184,-0.00003,0.00005,0.0000,0.0000,0.00000,0.0229,0.0000,3.2250,41.016,FEASIBLE,0,0.00
294.500,-0.00184,-0.00003,0.00005,0.0000,0.0000,0.00000,0.0061,0.0000,3.2250,42.742,FEASIBLE,0,0.00
294.600,-0.00184,-0.00003,0.00005,0.0000,0.0000,0.00000,0.0174,0.0000,3.2250,40.150,FEASIBLE,0,0.00
294.700,-0.00184,-0.00003,0.00005,0.0000,0.0000,0.00000,0.0123,0.0000,3.2250,44.896,FEASIBLE,0,0.00
294.800,-0.00184,-0.00003,0.00005,0.0000,0.0000,0.00000,0.0252,0.0000,3.2250,42.738,FEASIBLE,0,0.00
294.900,-0.00184,-0.00003,0.00005,0.0000,0.0000,0.00000,0.0002,0.0000,3.2250,40.982,FEASIBLE,0,0.00
295.000,-0.00184,-0.00003,0.00005,0.0000,0.0000,0.00000,0.0360,0.0000,3.2250,43.448,FEASIBLE,0,0.00
295.100,-0.00184,-0.00003,0.00005,0.0000,0.0000,0.00000,0.0090,0.0000,3.2250,41.808,FEASIBLE,0,0.00
295.204,-0.00184,-0.00003,0.00005,0.0000,0.0000,0.00000,0.0271,0.0000,3.2250,43.437,FEASIBLE,0,0.00
295.300,-0.00184,-0.00003,0.00005,0.0000,0.0000,0.00000,0.0180,0.0000,3.2250,45.627,FEASIBLE,0,0.00
295.400,-0.00184,-0.00003,0.00005,0.0000,0.0000,0.00000,0.0020,0.0000,3.2250,42.327,FEASIBLE,0,0.00
295.500,-0.00184,-0.00003,0.00005,0.0000,0.0000,0.00000,0.0150,0.0000,3.2250,40.774,FEASIBLE,0,0.00
295.600,-0.00184,-0.00003,0.00005,0.0000,0.0000,0.00000,0.0108,0.0000,3.2250,44.540,FEASIBLE,0,0.00
295.700,-0.00184,-0.00003,0.00005,0.0000,0.0000,0.00000,0.0185,0.0000,3.2250,44.022,FEASIBLE,0,0.00
295.800,-0.00184,-0.00003,0.00005,0.0000,0.0000,0.00000,0.0347,0.0000,3.2250,42.476,FEASIBLE,0,0.00
295.900,-0.00184,-0.00003,0.00005,0.0000,0.0000,0.00000,0.0214,0.0000,3.2250,43.995,FEASIBLE,0,0.00
296.000,-0.00184,-0.00003,0.00005,0.0000,0.0000,0.00000,0.0006,0.0000,3.2250,43.229,FEASIBLE,0,0.00
296.100,-0.00184,-0.00003,0.00005,0.0000,0.0000,0.00000,0.0047,0.0000,3.2250,41.420,FEASIBLE,0,0.00
296.200,-0.00184,-0.00003,0.00005,0.0000,0.0000,0.00000,0.0222,0.0000,3.2250,51.550,FEASIBLE,0,0.00
296.300,-0.00184,-0.00003,0.00005,0.0000,0.0000,0.00000,0.0115,0.0000,3.2250,43.025,FEASIBLE,0,0.00
296.400,-0.00184,-0.00003,0.00005,0.0000,0.0000,0.00000,0.0248,0.0000,3.2250,39.821,FEASIBLE,0,0.00
296.500,-0.00184,-0.00003,0.00005,0.0000,0.0000,0.00000,0.0062,0.0000,3.2250,41.278,FEASIBLE,0,0.00
296.600,-0.00184,-0.00003,0.00005,0.0000,0.0000,0.00000,0.0273,0.0000,3.2250,42.418,FEASIBLE,0,0.00
296.700,-0.00184,-0.00003,0.00005,0.0000,0.0000,0.00000,0.0290,0.0000,3.2250,41.009,FEASIBLE,0,0.00
296.800,-0.00184,-0.00003,0.00005,0.0000,0.0000,0.00000,0.0084,0.0000,3.2250,43.178,FEASIBLE,0,0.00
296.900,-0.00184,-0.00003,0.00005,0.0000,0.0000,0.00000,0.0055,0.0000,3.2250,40.111,FEASIBLE,0,0.00
297.000,-0.00184,-0.00003,0.00005,0.0000,0.0000,0.00000,0.0197,0.0000,3.2250,41.352,FEASIBLE,0,0.00
297.100,-0.00184,-0.00003,0.00005,0.0000,0.0000,0.00000,0.0096,0.0000,3.2250,41.440,FEASIBLE,0,0.00
297.200,-0.00184,-0.00003,0.00005,0.0000,0.0000,0.00000,0.0083,0.0000,3.2250,43.054,FEASIBLE,0,0.00
297.300,-0.00184,-0.00003,0.00005,0.0000,0.0000,0.00000,0.0212,0.0000,3.2250,41.019,FEASIBLE,0,0.00
297.400,-0.00184,-0.00003,0.00005,0.0000,0.0000,0.00000,0.0429,0.0000,3.2250,42.486,FEASIBLE,0,0.00
297.500,-0.00184,-0.00003,0.00005,0.0000,0.0000,0.00000,0.0342,0.0000,3.2250,43.184,FEASIBLE,0,0.00
297.600,-0.00184,-0.00003,0.00005,0.0000,0.0000,0.00000,0.0268,0.0000,3.2250,43.431,FEASIBLE,0,0.00
297.700,-0.00184,-0.00003,0.00005,0.0000,0.0000,0.00000,0.0088,0.0000,3.2250,44.785,FEASIBLE,0,0.00
297.800,-0.00184,-0.00003,0.00005,0.0000,0.0000,0.00000,0.0030,0.0000,3.2250,43.729,FEASIBLE,0,0.00
297.900,-0.00184,-0.00003,0.00005,0.0000,0.0000,0.00000,0.0023,0.0000,3.2250,43.844,FEASIBLE,0,0.00
298.000,-0.00184,-0.00003,0.00005,0.0000,0.0000,0.00000,0.0038,0.0000,3.2250,47.541,FEASIBLE,0,0.00
298.100,-0.00184,-0.00003,0.00005,0.0000,0.0000,0.00000,0.0192,0.0000,3.2250,41.138,FEASIBLE,0,0.00
298.202,-0.00184,-0.00003,0.00005,0.0000,0.0000,0.00000,0.0375,0.0000,3.2250,42.334,FEASIBLE,0,0.00
298.302,-0.00184,-0.00003,0.00005,0.0000,0.0000,0.00000,0.0099,0.0000,3.2250,43.134,FEASIBLE,0,0.00
298.402,-0.00184,-0.00003,0.00005,0.0000,0.0000,0.00000,0.0227,0.0000,3.2250,40.374,FEASIBLE,0,0.00
298.500,-0.00184,-0.00003,0.00005,0.0000,0.0000,0.00000,0.0052,0.0000,3.2250,41.273,FEASIBLE,0,0.00
298.600,-0.00184,-0.00003,0.00005,0.0000,0.0000,0.00000,0.0307,0.0000,3.2250,40.391,FEASIBLE,0,0.00
298.700,-0.00184,-0.00003,0.00005,0.0000,0.0000,0.00000,0.0085,0.0000,3.2250,41.518,FEASIBLE,0,0.00
298.800,-0.00184,-0.00003,0.00005,0.0000,0.0000,0.00000,0.0390,0.0000,3.2250,43.287,FEASIBLE,0,0.00
298.900,-0.00184,-0.00003,0.00005,0.0000,0.0000,0.00000,0.0064,0.0000,3.2250,47.048,FEASIBLE,0,0.00
299.000,-0.00184,-0.00003,0.00005,0.0000,0.0000,0.00000,0.0301,0.0000,3.2250,40.754,FEASIBLE,0,0.00
299.100,-0.00184,-0.00003,0.00005,0.0000,0.0000,0.00000,0.0403,0.0000,3.2250,42.923,FEASIBLE,0,0.00
299.200,-0.00184,-0.00003,0.00005,0.0000,0.0000,0.00000,0.0167,0.0000,3.2250,42.615,FEASIBLE,0,0.00
299.300,-0.00184,-0.00003,0.00005,0.0000,0.0000,0.00000,0.0136,0.0000,3.2250,43.777,FEASIBLE,0,0.00
299.400,-0.00184,-0.00003,0.00005,0.0000,0.0000,0.00000,0.0101,0.0000,3.2250,43.018,FEASIBLE,0,0.00
299.500,-0.00184,-0.00003,0.00005,0.0000,0.0000,0.00000,0.0134,0.0000,3.2250,41.434,FEASIBLE,0,0.00
299.600,-0.00184,-0.00003,0.00005,0.0000,0.0000,0.00000,0.0214,0.0000,3.2250,41.611,FEASIBLE,0,0.00
299.700,-0.00184,-0.00003,0.00005,0.0000,0.0000,0.00000,0.0103,0.0000,3.2250,40.491,FEASIBLE,0,0.00
299.800,-0.00184,-0.00003,0.00005,0.0000,0.0000,0.00000,0.0173,0.0000,3.2250,41.851,FEASIBLE,0,0.00
299.900,-0.00184,-0.00003,0.00005,0.0000,0.0000,0.00000,0.0170,0.0000,3.2250,40.157,FEASIBLE,0,0.00
300.000,-0.00184,-0.00003,0.00005,0.0000,0.0000,0.00000,0.0363,0.0000,3.2250,45.095,FEASIBLE,0,0.00
300.100,-0.00184,-0.00003,0.00005,0.0000,0.0000,0.00000,0.0049,0.0000,3.2250,44.206,FEASIBLE,0,0.00
300.200,-0.00184,-0.00003,0.00005,0.0000,0.0000,0.00000,0.0201,0.0000,3.2250,40.560,FEASIBLE,0,0.00
300.300,-0.00184,-0.00003,0.00005,0.0000,0.0000,0.00000,0.0080,0.0000,3.2250,42.000,FEASIBLE,0,0.00
300.400,-0.00184,-0.00003,0.00005,0.0000,0.0000,0.00000,0.0132,0.0000,3.2250,42.299,FEASIBLE,0,0.00
300.500,-0.00184,-0.00003,0.00005,0.0000,0.0000,0.00000,0.0388,0.0000,3.2250,44.153,FEASIBLE,0,0.00
300.600,-0.00184,-0.00003,0.00005,0.0000,0.0000,0.00000,0.0049,0.0000,3.2250,44.093,FEASIBLE,0,0.00
300.700,-0.00184,-0.00003,0.00005,0.0000,0.0000,0.00000,0.0170,0.0000,3.2250,43.125,FEASIBLE,0,0.00
300.800,-0.00184,-0.00003,0.00005,0.0000,0.0000,0.00000,0.0117,0.0000,3.2250,41.497,FEASIBLE,0,0.00
300.900,-0.00184,-0.00003,0.00005,0.0000,0.0000,0.00000,0.0094,0.0000,3.2250,48.946,FEASIBLE,0,0.00
301.000,-0.00184,-0.00003,0.00005,0.0000,0.0000,0.00000,0.0168,0.0000,3.2250,44.384,FEASIBLE,0,0.00
301.100,-0.00184,-0.00003,0.00005,0.0000,0.0000,0.00000,0.0332,0.0000,3.2250,42.507,FEASIBLE,0,0.00
301.200,-0.00184,-0.00003,0.00005,0.0000,0.0000,0.00000,0.0200,0.0000,3.2250,41.857,FEASIBLE,0,0.00
301.300,-0.00184,-0.00003,0.00005,0.0000,0.0000,0.00000,0.0160,0.0000,3.2250,42.297,FEASIBLE,0,0.00
301.406,-0.00184,-0.00003,0.00005,0.0000,0.0000,0.00000,0.0155,0.0000,3.2250,43.643,FEASIBLE,0,0.00
301.502,-0.00184,-0.00003,0.00005,0.0000,0.0000,0.00000,0.0153,0.0000,3.2250,41.501,FEASIBLE,0,0.00
301.600,-0.00184,-0.00003,0.00005,0.0000,0.0000,0.00000,0.0182,0.0000,3.2250,42.022,FEASIBLE,0,0.00
301.700,-0.00184,-0.00003,0.00005,0.0000,0.0000,0.00000,0.0175,0.0000,3.2250,40.715,FEASIBLE,0,0.00
301.802,-0.00184,-0.00003,0.00005,0.0000,0.0000,0.00000,0.0040,0.0000,3.2250,41.049,FEASIBLE,0,0.00
301.900,-0.00184,-0.00003,0.00005,0.0000,0.0000,0.00000,0.0011,0.0000,3.2250,42.069,FEASIBLE,0,0.00
302.000,-0.00184,-0.00003,0.00005,0.0000,0.0000,0.00000,0.0269,0.0000,3.2250,41.883,FEASIBLE,0,0.00
302.100,-0.00184,-0.00003,0.00005,0.0000,0.0000,0.00000,0.0206,0.0000,3.2250,40.986,FEASIBLE,0,0.00
302.200,-0.00184,-0.00003,0.00005,0.0000,0.0000,0.00000,0.0160,0.0000,3.2250,39.488,FEASIBLE,0,0.00
302.300,-0.00184,-0.00003,0.00005,0.0000,0.0000,0.00000,0.0303,0.0000,3.2250,42.238,FEASIBLE,0,0.00
302.402,-0.00184,-0.00003,0.00005,0.0000,0.0000,0.00000,0.0232,0.0000,3.2250,40.792,FEASIBLE,0,0.00
302.500,-0.00184,-0.00003,0.00005,0.0000,0.0000,0.00000,0.0160,0.0000,3.2250,41.533,FEASIBLE,0,0.00
302.600,-0.00184,-0.00003,0.00005,0.0000,0.0000,0.00000,0.0222,0.0000,3.2250,50.506,FEASIBLE,0,0.00
302.700,-0.00184,-0.00003,0.00005,0.0000,0.0000,0.00000,0.0150,0.0000,3.2250,43.639,FEASIBLE,0,0.00
302.800,-0.00184,-0.00003,0.00005,0.0000,0.0000,0.00000,0.0291,0.0000,3.2250,41.383,FEASIBLE,0,0.00
302.900,-0.00184,-0.00003,0.00005,0.0000,0.0000,0.00000,0.0168,0.0000,3.2250,43.929,FEASIBLE,0,0.00
303.000,-0.00184,-0.00003,0.00005,0.0000,0.0000,0.00000,0.0012,0.0000,3.2250,45.924,FEASIBLE,0,0.00
303.100,-0.00184,-0.00003,0.00005,0.0000,0.0000,0.00000,0.0056,0.0000,3.2250,42.766,FEASIBLE,0,0.00
303.200,-0.00184,-0.00003,0.00005,0.0000,0.0000,0.00000,0.0255,0.0000,3.2250,41.568,FEASIBLE,0,0.00
303.300,-0.00184,-0.00003,0.00005,0.0000,0.0000,0.00000,0.0023,0.0000,3.2250,41.011,FEASIBLE,0,0.00
303.400,-0.00184,-0.00003,0.00005,0.0000,0.0000,0.00000,0.0164,0.0000,3.2250,44.342,FEASIBLE,0,0.00
303.500,-0.00184,-0.00003,0.00005,0.0000,0.0000,0.00000,0.0047,0.0000,3.2250,40.216,FEASIBLE,0,0.00
303.600,-0.00184,-0.00003,0.00005,0.0000,0.0000,0.00000,0.0273,0.0000,3.2250,40.805,FEASIBLE,0,0.00
303.700,-0.00184,-0.00003,0.00005,0.0000,0.0000,0.00000,0.0249,0.0000,3.2250,44.260,FEASIBLE,0,0.00
303.800,-0.00184,-0.00003,0.00005,0.0000,0.0000,0.00000,0.0137,0.0000,3.2250,45.574,FEASIBLE,0,0.00
303.900,-0.00184,-0.00003,0.00005,0.0000,0.0000,0.00000,0.0097,0.0000,3.2250,41.512,FEASIBLE,0,0.00
304.000,-0.00184,-0.00003,0.00005,0.0000,0.0000,0.00000,0.0230,0.0000,3.2250,43.812,FEASIBLE,0,0.00
304.100,-0.00184,-0.00003,0.00005,0.0000,0.0000,0.00000,0.0231,0.0000,3.2250,45.191,FEASIBLE,0,0.00
304.200,-0.00184,-0.00003,0.00005,0.0000,0.0000,0.00000,0.0188,0.0000,3.2250,41.390,FEASIBLE,0,0.00
304.300,-0.00184,-0.00003,0.00005,0.0000,0.0000,0.00000,0.0037,0.0000,3.2250,40.125,FEASIBLE,0,0.00
304.400,-0.00184,-0.00003,0.00005,0.0000,0.0000,0.00000,0.0255,0.0000,3.2250,40.939,FEASIBLE,0,0.00
304.500,-0.00184,-0.00003,0.00005,0.0000,0.0000,0.00000,0.0160,0.0000,3.2250,42.898,FEASIBLE,0,0.00
304.600,-0.00184,-0.00003,0.00005,0.0000,0.0000,0.00000,0.0020,0.0000,3.2250,43.166,FEASIBLE,0,0.00
304.700,-0.00184,-0.00003,0.00005,0.0000,0.0000,0.00000,0.0033,0.0000,3.2250,42.741,FEASIBLE,0,0.00
304.804,-0.00184,-0.00003,0.00005,0.0000,0.0000,0.00000,0.0059,0.0000,3.2250,44.371,FEASIBLE,0,0.00
304.900,-0.00184,-0.00003,0.00005,0.0000,0.0000,0.00000,0.0047,0.0000,3.2250,44.294,FEASIBLE,0,0.00
305.002,-0.00184,-0.00003,0.00005,0.0000,0.0000,0.00000,0.0222,0.0000,3.2250,41.889,FEASIBLE,0,0.00
305.100,-0.00184,-0.00003,0.00005,0.0000,0.0000,0.00000,0.0052,0.0000,3.2250,41.159,FEASIBLE,0,0.00
305.204,-0.00184,-0.00003,0.00005,0.0000,0.0000,0.00000,0.0065,0.0000,3.2250,42.655,FEASIBLE,0,0.00
305.300,-0.00184,-0.00003,0.00005,0.0000,0.0000,0.00000,0.0167,0.0000,3.2250,41.308,FEASIBLE,0,0.00
305.400,-0.00184,-0.00003,0.00005,0.0000,0.0000,0.00000,0.0089,0.0000,3.2250,43.630,FEASIBLE,0,0.00
305.500,-0.00184,-0.00003,0.00005,0.0000,0.0000,0.00000,0.0097,0.0000,3.2250,42.275,FEASIBLE,0,0.00
305.604,-0.00184,-0.00003,0.00005,0.0000,0.0000,0.00000,0.0135,0.0000,3.2250,41.254,FEASIBLE,0,0.00
305.700,-0.00184,-0.00003,0.00005,0.0000,0.0000,0.00000,0.0064,0.0000,3.2250,48.505,FEASIBLE,0,0.00
305.800,-0.00184,-0.00003,0.00005,0.0000,0.0000,0.00000,0.0328,0.0000,3.2250,43.251,FEASIBLE,0,0.00
305.900,-0.00184,-0.00003,0.00005,0.0000,0.0000,0.00000,0.0116,0.0000,3.2250,44.676,FEASIBLE,0,0.00
306.000,-0.00184,-0.00003,0.00005,0.0000,0.0000,0.00000,0.0164,0.0000,3.2250,41.777,FEASIBLE,0,0.00
306.100,-0.00184,-0.00003,0.00005,0.0000,0.0000,0.00000,0.0175,0.0000,3.2250,43.410,FEASIBLE,0,0.00
306.200,-0.00184,-0.00003,0.00005,0.0000,0.0000,0.00000,0.0164,0.0000,3.2250,42.578,FEASIBLE,0,0.00
306.300,-0.00184,-0.00003,0.00005,0.0000,0.0000,0.00000,0.0041,0.0000,3.2250,43.712,FEASIBLE,0,0.00
306.400,-0.00184,-0.00003,0.00005,0.0000,0.0000,0.00000,0.0062,0.0000,3.2250,41.686,FEASIBLE,0,0.00
306.500,-0.00184,-0.00003,0.00005,0.0000,0.0000,0.00000,0.0232,0.0000,3.2250,42.886,FEASIBLE,0,0.00
306.600,-0.00184,-0.00003,0.00005,0.0000,0.0000,0.00000,0.0194,0.0000,3.2250,42.087,FEASIBLE,0,0.00
306.700,-0.00184,-0.00003,0.00005,0.0000,0.0000,0.00000,0.0030,0.0000,3.2250,42.119,FEASIBLE,0,0.00
306.800,-0.00184,-0.00003,0.00005,0.0000,0.0000,0.00000,0.0042,0.0000,3.2250,42.376,FEASIBLE,0,0.00
306.900,-0.00184,-0.00003,0.00005,0.0000,0.0000,0.00000,0.0193,0.0000,3.2250,40.622,FEASIBLE,0,0.00
307.000,-0.00184,-0.00003,0.00005,0.0000,0.0000,0.00000,0.0404,0.0000,3.2250,42.473,FEASIBLE,0,0.00
307.100,-0.00184,-0.00003,0.00005,0.0000,0.0000,0.00000,0.0037,0.0000,3.2250,42.873,FEASIBLE,0,0.00
307.200,-0.00184,-0.00003,0.00005,0.0000,0.0000,0.00000,0.0151,0.0000,3.2250,42.678,FEASIBLE,0,0.00
307.300,-0.00184,-0.00003,0.00005,0.0000,0.0000,0.00000,0.0078,0.0000,3.2250,41.732,FEASIBLE,0,0.00
307.400,-0.00184,-0.00003,0.00005,0.0000,0.0000,0.00000,0.0190,0.0000,3.2250,41.430,FEASIBLE,0,0.00
307.500,-0.00184,-0.00003,0.00005,0.0000,0.0000,0.00000,0.0082,0.0000,3.2250,52.623,FEASIBLE,0,0.00
307.600,-0.00184,-0.00003,0.00005,0.0000,0.0000,0.00000,0.0134,0.0000,3.2250,76.267,FEASIBLE,0,0.00
307.700,-0.00184,-0.00003,0.00005,0.0000,0.0000,0.00000,0.0076,0.0000,3.2250,63.987,FEASIBLE,0,0.00
307.800,-0.00184,-0.00003,0.00005,0.0000,0.0000,0.00000,0.0152,0.0000,3.2250,57.366,FEASIBLE,0,0.00
307.900,-0.00184,-0.00003,0.00005,0.0000,0.0000,0.00000,0.0423,0.0000,3.2250,48.840,FEASIBLE,0,0.00
308.000,-0.00184,-0.00003,0.00005,0.0000,0.0000,0.00000,0.0092,0.0000,3.2250,43.409,FEASIBLE,0,0.00
308.100,-0.00184,-0.00003,0.00005,0.0000,0.0000,0.00000,0.0297,0.0000,3.2250,47.457,FEASIBLE,0,0.00
308.200,-0.00184,-0.00003,0.00005,0.0000,0.0000,0.00000,0.0064,0.0000,3.2250,43.914,FEASIBLE,0,0.00
308.304,-0.00184,-0.00003,0.00005,0.0000,0.0000,0.00000,0.0110,0.0000,3.2250,41.798,FEASIBLE,0,0.00
308.400,-0.00184,-0.00003,0.00005,0.0000,0.0000,0.00000,0.0332,0.0000,3.2250,41.317,FEASIBLE,0,0.00
308.500,-0.00184,-0.00003,0.00005,0.0000,0.0000,0.00000,0.0036,0.0000,3.2250,48.039,FEASIBLE,0,0.00
308.602,-0.00184,-0.00003,0.00005,0.0000,0.0000,0.00000,0.0102,0.0000,3.2250,48.269,FEASIBLE,0,0.00
308.700,-0.00184,-0.00003,0.00005,0.0000,0.0000,0.00000,0.0165,0.0000,3.2250,47.625,FEASIBLE,0,0.00
308.800,-0.00184,-0.00003,0.00005,0.0000,0.0000,0.00000,0.0207,0.0000,3.2250,55.204,FEASIBLE,0,0.00
308.900,-0.00184,-0.00003,0.00005,0.0000,0.0000,0.00000,0.0294,0.0000,3.2250,44.788,FEASIBLE,0,0.00
309.000,-0.00184,-0.00003,0.00005,0.0000,0.0000,0.00000,0.0005,0.0000,3.2250,41.583,FEASIBLE,0,0.00
309.100,-0.00184,-0.00003,0.00005,0.0000,0.0000,0.00000,0.0133,0.0000,3.2250,38.966,FEASIBLE,0,0.00
309.200,-0.00184,-0.00003,0.00005,0.0000,0.0000,0.00000,0.0420,0.0000,3.2250,39.284,FEASIBLE,0,0.00
309.300,-0.00184,-0.00003,0.00005,0.0000,0.0000,0.00000,0.0395,0.0000,3.2250,37.739,FEASIBLE,0,0.00
309.400,-0.00184,-0.00003,0.00005,0.0000,0.0000,0.00000,0.0033,0.0000,3.2250,38.706,FEASIBLE,0,0.00
309.504,-0.00184,-0.00003,0.00005,0.0000,0.0000,0.00000,0.0076,0.0000,3.2250,38.664,FEASIBLE,0,0.00
309.600,-0.00184,-0.00003,0.00005,0.0000,0.0000,0.00000,0.0044,0.0000,3.2250,42.977,FEASIBLE,0,0.00
309.700,-0.00184,-0.00003,0.00005,0.0000,0.0000,0.00000,0.0026,0.0000,3.2250,39.881,FEASIBLE,0,0.00
309.800,-0.00184,-0.00003,0.00005,0.0000,0.0000,0.00000,0.0024,0.0000,3.2250,40.621,FEASIBLE,0,0.00
309.900,-0.00184,-0.00003,0.00005,0.0000,0.0000,0.00000,0.0253,0.0000,3.2250,41.823,FEASIBLE,0,0.00
310.000,-0.00184,-0.00003,0.00005,0.0000,0.0000,0.00000,0.0325,0.0000,3.2250,41.225,FEASIBLE,0,0.00
310.100,-0.00184,-0.00003,0.00005,0.0000,0.0000,0.00000,0.0023,0.0000,3.2250,43.979,FEASIBLE,0,0.00
310.200,-0.00184,-0.00003,0.00005,0.0000,0.0000,0.00000,0.0074,0.0000,3.2250,43.511,FEASIBLE,0,0.00
310.300,-0.00184,-0.00003,0.00005,0.0000,0.0000,0.00000,0.0128,0.0000,3.2250,44.885,FEASIBLE,0,0.00
310.400,-0.00184,-0.00003,0.00005,0.0000,0.0000,0.00000,0.0156,0.0000,3.2250,42.030,FEASIBLE,0,0.00
310.500,-0.00184,-0.00003,0.00005,0.0000,0.0000,0.00000,0.0042,0.0000,3.2250,40.540,FEASIBLE,0,0.00
310.600,-0.00184,-0.00003,0.00005,0.0000,0.0000,0.00000,0.0089,0.0000,3.2250,42.385,FEASIBLE,0,0.00
310.700,-0.00184,-0.00003,0.00005,0.0000,0.0000,0.00000,0.0166,0.0000,3.2250,43.543,FEASIBLE,0,0.00
310.800,-0.00184,-0.00003,0.00005,0.0000,0.0000,0.00000,0.0145,0.0000,3.2250,40.845,FEASIBLE,0,0.00
310.900,-0.00184,-0.00003,0.00005,0.0000,0.0000,0.00000,0.0085,0.0000,3.2250,40.328,FEASIBLE,0,0.00
311.000,-0.00184,-0.00003,0.00005,0.0000,0.0000,0.00000,0.0229,0.0000,3.2250,53.717,FEASIBLE,0,0.00
311.100,-0.00184,-0.00003,0.00005,0.0000,0.0000,0.00000,0.0035,0.0000,3.2250,43.422,FEASIBLE,0,0.00
311.200,-0.00184,-0.00003,0.00005,0.0000,0.0000,0.00000,0.0101,0.0000,3.2250,45.369,FEASIBLE,0,0.00
311.300,-0.00184,-0.00003,0.00005,0.0000,0.0000,0.00000,0.0101,0.0000,3.2250,41.487,FEASIBLE,0,0.00
311.400,-0.00184,-0.00003,0.00005,0.0000,0.0000,0.00000,0.0005,0.0000,3.2250,40.978,FEASIBLE,0,0.00
311.502,-0.00184,-0.00003,0.00005,0.0000,0.0000,0.00000,0.0082,0.0000,3.2250,43.479,FEASIBLE,0,0.00
311.602,-0.00184,-0.00003,0.00005,0.0000,0.0000,0.00000,0.0102,0.0000,3.2250,40.763,FEASIBLE,0,0.00
311.702,-0.00184,-0.00003,0.00005,0.0000,0.0000,0.00000,0.0232,0.0000,3.2250,39.107,FEASIBLE,0,0.00
311.802,-0.00184,-0.00003,0.00005,0.0000,0.0000,0.00000,0.0152,0.0000,3.2250,40.760,FEASIBLE,0,0.00
311.904,-0.00184,-0.00003,0.00005,0.0000,0.0000,0.00000,0.0042,0.0000,3.2250,39.714,FEASIBLE,0,0.00
312.000,-0.00184,-0.00003,0.00005,0.0000,0.0000,0.00000,0.0071,0.0000,3.2250,42.266,FEASIBLE,0,0.00
312.100,-0.00184,-0.00003,0.00005,0.0000,0.0000,0.00000,0.0321,0.0000,3.2250,43.399,FEASIBLE,0,0.00
312.200,-0.00184,-0.00003,0.00005,0.0000,0.0000,0.00000,0.0031,0.0000,3.2250,42.125,FEASIBLE,0,0.00
312.300,-0.00184,-0.00003,0.00005,0.0000,0.0000,0.00000,0.0088,0.0000,3.2250,40.115,FEASIBLE,0,0.00
312.400,-0.00184,-0.00003,0.00005,0.0000,0.0000,0.00000,0.0192,0.0000,3.2250,38.941,FEASIBLE,0,0.00
312.500,-0.00184,-0.00003,0.00005,0.0000,0.0000,0.00000,0.0291,0.0000,3.2250,41.361,FEASIBLE,0,0.00
312.600,-0.00184,-0.00003,0.00005,0.0000,0.0000,0.00000,0.0155,0.0000,3.2250,42.920,FEASIBLE,0,0.00
312.700,-0.00184,-0.00003,0.00005,0.0000,0.0000,0.00000,0.0062,0.0000,3.2250,53.603,FEASIBLE,0,0.00
312.800,-0.00184,-0.00003,0.00005,0.0000,0.0000,0.00000,0.0099,0.0000,3.2250,46.312,FEASIBLE,0,0.00
312.900,-0.00184,-0.00003,0.00005,0.0000,0.0000,0.00000,0.0209,0.0000,3.2250,42.457,FEASIBLE,0,0.00
313.000,-0.00184,-0.00003,0.00005,0.0000,0.0000,0.00000,0.0037,0.0000,3.2250,42.197,FEASIBLE,0,0.00
313.100,-0.00184,-0.00003,0.00005,0.0000,0.0000,0.00000,0.0160,0.0000,3.2250,43.159,FEASIBLE,0,0.00
313.200,-0.00184,-0.00003,0.00005,0.0000,0.0000,0.00000,0.0132,0.0000,3.2250,42.729,FEASIBLE,0,0.00
313.300,-0.00184,-0.00003,0.00005,0.0000,0.0000,0.00000,0.0016,0.0000,3.2250,41.480,FEASIBLE,0,0.00
313.400,-0.00184,-0.00003,0.00005,0.0000,0.0000,0.00000,0.0196,0.0000,3.2250,42.116,FEASIBLE,0,0.00
313.500,-0.00184,-0.00003,0.00005,0.0000,0.0000,0.00000,0.0307,0.0000,3.2250,40.188,FEASIBLE,0,0.00
313.600,-0.00184,-0.00003,0.00005,0.0000,0.0000,0.00000,0.0043,0.0000,3.2250,42.007,FEASIBLE,0,0.00
313.700,-0.00184,-0.00003,0.00005,0.0000,0.0000,0.00000,0.0115,0.0000,3.2250,39.969,FEASIBLE,0,0.00
313.800,-0.00184,-0.00003,0.00005,0.0000,0.0000,0.00000,0.0114,0.0000,3.2250,40.296,FEASIBLE,0,0.00
313.900,-0.00184,-0.00003,0.00005,0.0000,0.0000,0.00000,0.0083,0.0000,3.2250,48.779,FEASIBLE,0,0.00
314.000,-0.00184,-0.00003,0.00005,0.0000,0.0000,0.00000,0.0175,0.0000,3.2250,39.755,FEASIBLE,0,0.00
314.100,-0.00184,-0.00003,0.00005,0.0000,0.0000,0.00000,0.0046,0.0000,3.2250,40.866,FEASIBLE,0,0.00
314.200,-0.00184,-0.00003,0.00005,0.0000,0.0000,0.00000,0.0123,0.0000,3.2250,43.238,FEASIBLE,0,0.00
314.300,-0.00184,-0.00003,0.00005,0.0000,0.0000,0.00000,0.0046,0.0000,3.2250,42.258,FEASIBLE,0,0.00
314.400,-0.00184,-0.00003,0.00005,0.0000,0.0000,0.00000,0.0362,0.0000,3.2250,39.868,FEASIBLE,0,0.00
314.500,-0.00184,-0.00003,0.00005,0.0000,0.0000,0.00000,0.0432,0.0000,3.2250,40.009,FEASIBLE,0,0.00
314.602,-0.00184,-0.00003,0.00005,0.0000,0.0000,0.00000,0.0134,0.0000,3.2250,49.947,FEASIBLE,0,0.00
314.706,-0.00184,-0.00003,0.00005,0.0000,0.0000,0.00000,0.0052,0.0000,3.2250,40.639,FEASIBLE,0,0.00
314.804,-0.00184,-0.00003,0.00005,0.0000,0.0000,0.00000,0.0070,0.0000,3.2250,42.521,FEASIBLE,0,0.00
314.904,-0.00184,-0.00003,0.00005,0.0000,0.0000,0.00000,0.0329,0.0000,3.2250,43.576,FEASIBLE,0,0.00
315.000,-0.00184,-0.00003,0.00005,0.0000,0.0000,0.00000,0.0248,0.0000,3.2250,40.493,FEASIBLE,0,0.00
315.100,-0.00184,-0.00003,0.00005,0.0000,0.0000,0.00000,0.0291,0.0000,3.2250,44.875,FEASIBLE,0,0.00
315.200,-0.00184,-0.00003,0.00005,0.0000,0.0000,0.00000,0.0189,0.0000,3.2250,43.135,FEASIBLE,0,0.00
315.302,-0.00184,-0.00003,0.00005,0.0000,0.0000,0.00000,0.0081,0.0000,3.2250,40.355,FEASIBLE,0,0.00
315.400,-0.00184,-0.00003,0.00005,0.0000,0.0000,0.00000,0.0077,0.0000,3.2250,42.090,FEASIBLE,0,0.00
315.500,-0.00184,-0.00003,0.00005,0.0000,0.0000,0.00000,0.0462,0.0000,3.2250,40.553,FEASIBLE,0,0.00
315.600,-0.00184,-0.00003,0.00005,0.0000,0.0000,0.00000,0.0215,0.0000,3.2250,38.807,FEASIBLE,0,0.00
315.700,-0.00184,-0.00003,0.00005,0.0000,0.0000,0.00000,0.0099,0.0000,3.2250,38.391,FEASIBLE,0,0.00
315.800,-0.00184,-0.00003,0.00005,0.0000,0.0000,0.00000,0.0170,0.0000,3.2250,39.363,FEASIBLE,0,0.00
315.900,-0.00184,-0.00003,0.00005,0.0000,0.0000,0.00000,0.0022,0.0000,3.2250,39.549,FEASIBLE,0,0.00
316.000,-0.00184,-0.00003,0.00005,0.0000,0.0000,0.00000,0.0196,0.0000,3.2250,37.559,FEASIBLE,0,0.00
316.100,-0.00184,-0.00003,0.00005,0.0000,0.0000,0.00000,0.0107,0.0000,3.2250,39.881,FEASIBLE,0,0.00
316.200,-0.00184,-0.00003,0.00005,0.0000,0.0000,0.00000,0.0203,0.0000,3.2250,40.808,FEASIBLE,0,0.00
316.300,-0.00184,-0.00003,0.00005,0.0000,0.0000,0.00000,0.0211,0.0000,3.2250,38.713,FEASIBLE,0,0.00
316.400,-0.00184,-0.00003,0.00005,0.0000,0.0000,0.00000,0.0385,0.0000,3.2250,40.038,FEASIBLE,0,0.00
316.500,-0.00184,-0.00003,0.00005,0.0000,0.0000,0.00000,0.0118,0.0000,3.2250,45.297,FEASIBLE,0,0.00
316.600,-0.00184,-0.00003,0.00005,0.0000,0.0000,0.00000,0.0326,0.0000,3.2250,40.131,FEASIBLE,0,0.00
316.700,-0.00184,-0.00003,0.00005,0.0000,0.0000,0.00000,0.0008,0.0000,3.2250,43.088,FEASIBLE,0,0.00
316.800,-0.00184,-0.00003,0.00005,0.0000,0.0000,0.00000,0.0083,0.0000,3.2250,42.735,FEASIBLE,0,0.00
316.900,-0.00184,-0.00003,0.00005,0.0000,0.0000,0.00000,0.0153,0.0000,3.2250,40.755,FEASIBLE,0,0.00
317.000,-0.00184,-0.00003,0.00005,0.0000,0.0000,0.00000,0.0082,0.0000,3.2250,39.071,FEASIBLE,0,0.00
317.100,-0.00184,-0.00003,0.00005,0.0000,0.0000,0.00000,0.0149,0.0000,3.2250,39.771,FEASIBLE,0,0.00
317.200,-0.00184,-0.00003,0.00005,0.0000,0.0000,0.00000,0.0114,0.0000,3.2250,37.531,FEASIBLE,0,0.00
317.300,-0.00184,-0.00003,0.00005,0.0000,0.0000,0.00000,0.0237,0.0000,3.2250,38.961,FEASIBLE,0,0.00
317.400,-0.00184,-0.00003,0.00005,0.0000,0.0000,0.00000,0.0031,0.0000,3.2250,37.919,FEASIBLE,0,0.00
317.500,-0.00184,-0.00003,0.00005,0.0000,0.0000,0.00000,0.0102,0.0000,3.2250,39.320,FEASIBLE,0,0.00
317.600,-0.00184,-0.00003,0.00005,0.0000,0.0000,0.00000,0.0220,0.0000,3.2250,38.855,FEASIBLE,0,0.00
317.700,-0.00184,-0.00003,0.00005,0.0000,0.0000,0.00000,0.0239,0.0000,3.2250,40.474,FEASIBLE,0,0.00
317.800,-0.00184,-0.00003,0.00005,0.0000,0.0000,0.00000,0.0031,0.0000,3.2250,41.546,FEASIBLE,0,0.00
317.904,-0.00184,-0.00003,0.00005,0.0000,0.0000,0.00000,0.0197,0.0000,3.2250,41.546,FEASIBLE,0,0.00
318.004,-0.00184,-0.00003,0.00005,0.0000,0.0000,0.00000,0.0008,0.0000,3.2250,40.410,FEASIBLE,0,0.00
318.102,-0.00184,-0.00003,0.00005,0.0000,0.0000,0.00000,0.0094,0.0000,3.2250,38.916,FEASIBLE,0,0.00
318.200,-0.00184,-0.00003,0.00005,0.0000,0.0000,0.00000,0.0203,0.0000,3.2250,38.958,FEASIBLE,0,0.00
318.300,-0.00184,-0.00003,0.00005,0.0000,0.0000,0.00000,0.0308,0.0000,3.2250,39.232,FEASIBLE,0,0.00
318.400,-0.00184,-0.00003,0.00005,0.0000,0.0000,0.00000,0.0044,0.0000,3.2250,38.678,FEASIBLE,0,0.00
318.500,-0.00184,-0.00003,0.00005,0.0000,0.0000,0.00000,0.0036,0.0000,3.2250,45.124,FEASIBLE,0,0.00
318.600,-0.00184,-0.00003,0.00005,0.0000,0.0000,0.00000,0.0079,0.0000,3.2250,39.212,FEASIBLE,0,0.00
318.700,-0.00184,-0.00003,0.00005,0.0000,0.0000,0.00000,0.0019,0.0000,3.2250,38.485,FEASIBLE,0,0.00
318.800,-0.00184,-0.00003,0.00005,0.0000,0.0000,0.00000,0.0058,0.0000,3.2250,37.874,FEASIBLE,0,0.00
318.900,-0.00184,-0.00003,0.00005,0.0000,0.0000,0.00000,0.0032,0.0000,3.2250,38.479,FEASIBLE,0,0.00
319.000,-0.00184,-0.00003,0.00005,0.0000,0.0000,0.00000,0.0050,0.0000,3.2250,37.727,FEASIBLE,0,0.00
319.100,-0.00184,-0.00003,0.00005,0.0000,0.0000,0.00000,0.0068,0.0000,3.2250,39.029,FEASIBLE,0,0.00
319.200,-0.00184,-0.00003,0.00005,0.0000,0.0000,0.00000,0.0224,0.0000,3.2250,38.157,FEASIBLE,0,0.00
319.300,-0.00184,-0.00003,0.00005,0.0000,0.0000,0.00000,0.0084,0.0000,3.2250,38.875,FEASIBLE,0,0.00
319.400,-0.00184,-0.00003,0.00005,0.0000,0.0000,0.00000,0.0375,0.0000,3.2250,38.223,FEASIBLE,0,0.00
319.500,-0.00184,-0.00003,0.00005,0.0000,0.0000,0.00000,0.0097,0.0000,3.2250,39.299,FEASIBLE,0,0.00
319.600,-0.00184,-0.00003,0.00005,0.0000,0.0000,0.00000,0.0080,0.0000,3.2250,37.743,FEASIBLE,0,0.00
319.700,-0.00184,-0.00003,0.00005,0.0000,0.0000,0.00000,0.0137,0.0000,3.2250,38.459,FEASIBLE,0,0.00
319.800,-0.00184,-0.00003,0.00005,0.0000,0.0000,0.00000,0.0133,0.0000,3.2250,38.781,FEASIBLE,0,0.00
319.900,-0.00184,-0.00003,0.00005,0.0000,0.0000,0.00000,0.0045,0.0000,3.2250,47.000,FEASIBLE,0,0.00
320.000,-0.00184,-0.00003,0.00005,0.0000,0.0000,0.00000,0.0121,0.0000,3.2250,39.232,FEASIBLE,0,0.00
320.100,-0.00184,-0.00003,0.00005,0.0000,0.0000,0.00000,0.0069,0.0000,3.2250,38.112,FEASIBLE,0,0.00
320.200,-0.00184,-0.00003,0.00005,0.0000,0.0000,0.00000,0.0059,0.0000,3.2250,37.788,FEASIBLE,0,0.00
320.300,-0.00184,-0.00003,0.00005,0.0000,0.0000,0.00000,0.0183,0.0000,3.2250,39.479,FEASIBLE,0,0.00
320.400,-0.00184,-0.00003,0.00005,0.0000,0.0000,0.00000,0.0115,0.0000,3.2250,38.087,FEASIBLE,0,0.00
320.500,-0.00184,-0.00003,0.00005,0.0000,0.0000,0.00000,0.0414,0.0000,3.2250,38.865,FEASIBLE,0,0.00
320.600,-0.00184,-0.00003,0.00005,0.0000,0.0000,0.00000,0.0226,0.0000,3.2250,38.403,FEASIBLE,0,0.00
320.700,-0.00184,-0.00003,0.00005,0.0000,0.0000,0.00000,0.0231,0.0000,3.2250,38.217,FEASIBLE,0,0.00
320.802,-0.00184,-0.00003,0.00005,0.0000,0.0000,0.00000,0.0072,0.0000,3.2250,39.014,FEASIBLE,0,0.00
320.900,-0.00184,-0.00003,0.00005,0.0000,0.0000,0.00000,0.0351,0.0000,3.2250,38.872,FEASIBLE,0,0.00
321.000,-0.00184,-0.00003,0.00005,0.0000,0.0000,0.00000,0.0114,0.0000,3.2250,39.349,FEASIBLE,0,0.00
321.100,-0.00184,-0.00003,0.00005,0.0000,0.0000,0.00000,0.0094,0.0000,3.2250,37.942,FEASIBLE,0,0.00
321.200,-0.00184,-0.00003,0.00005,0.0000,0.0000,0.00000,0.0128,0.0000,3.2250,39.157,FEASIBLE,0,0.00
321.300,-0.00184,-0.00003,0.00005,0.0000,0.0000,0.00000,0.0072,0.0000,3.2250,49.080,FEASIBLE,0,0.00
321.400,-0.00184,-0.00003,0.00005,0.0000,0.0000,0.00000,0.0102,0.0000,3.2250,47.551,FEASIBLE,0,0.00
321.500,-0.00184,-0.00003,0.00005,0.0000,0.0000,0.00000,0.0137,0.0000,3.2250,47.088,FEASIBLE,0,0.00
321.604,-0.00184,-0.00003,0.00005,0.0000,0.0000,0.00000,0.0004,0.0000,3.2250,48.224,FEASIBLE,0,0.00
321.700,-0.00184,-0.00003,0.00005,0.0000,0.0000,0.00000,0.0053,0.0000,3.2250,50.800,FEASIBLE,0,0.00
321.800,-0.00184,-0.00003,0.00005,0.0000,0.0000,0.00000,0.0057,0.0000,3.2250,45.451,FEASIBLE,0,0.00
321.900,-0.00184,-0.00003,0.00005,0.0000,0.0000,0.00000,0.0054,0.0000,3.2250,40.391,FEASIBLE,0,0.00
322.000,-0.00184,-0.00003,0.00005,0.0000,0.0000,0.00000,0.0105,0.0000,3.2250,43.878,FEASIBLE,0,0.00
322.100,-0.00184,-0.00003,0.00005,0.0000,0.0000,0.00000,0.0199,0.0000,3.2250,43.955,FEASIBLE,0,0.00
322.200,-0.00184,-0.00003,0.00005,0.0000,0.0000,0.00000,0.0342,0.0000,3.2250,43.313,FEASIBLE,0,0.00
322.300,-0.00184,-0.00003,0.00005,0.0000,0.0000,0.00000,0.0129,0.0000,3.2250,42.644,FEASIBLE,0,0.00
322.400,-0.00184,-0.00003,0.00005,0.0000,0.0000,0.00000,0.0001,0.0000,3.2250,42.250,FEASIBLE,0,0.00
322.500,-0.00184,-0.00003,0.00005,0.0000,0.0000,0.00000,0.0008,0.0000,3.2250,41.433,FEASIBLE,0,0.00
322.600,-0.00184,-0.00003,0.00005,0.0000,0.0000,0.00000,0.0193,0.0000,3.2250,39.969,FEASIBLE,0,0.00
322.700,-0.00184,-0.00003,0.00005,0.0000,0.0000,0.00000,0.0151,0.0000,3.2250,38.412,FEASIBLE,0,0.00
322.800,-0.00184,-0.00003,0.00005,0.0000,0.0000,0.00000,0.0057,0.0000,3.2250,38.809,FEASIBLE,0,0.00
322.900,-0.00184,-0.00003,0.00005,0.0000,0.0000,0.00000,0.0226,0.0000,3.2250,43.085,FEASIBLE,0,0.00
323.000,-0.00184,-0.00003,0.00005,0.0000,0.0000,0.00000,0.0208,0.0000,3.2250,41.459,FEASIBLE,0,0.00
323.100,-0.00184,-0.00003,0.00005,0.0000,0.0000,0.00000,0.0012,0.0000,3.2250,39.338,FEASIBLE,0,0.00
323.200,-0.00184,-0.00003,0.00005,0.0000,0.0000,0.00000,0.0198,0.0000,3.2250,42.045,FEASIBLE,0,0.00
323.300,-0.00184,-0.00003,0.00005,0.0000,0.0000,0.00000,0.0042,0.0000,3.2250,42.132,FEASIBLE,0,0.00
323.400,-0.00184,-0.00003,0.00005,0.0000,0.0000,0.00000,0.0084,0.0000,3.2250,40.054,FEASIBLE,0,0.00
323.500,-0.00184,-0.00003,0.00005,0.0000,0.0000,0.00000,0.0191,0.0000,3.2250,42.945,FEASIBLE,0,0.00
323.600,-0.00184,-0.00003,0.00005,0.0000,0.0000,0.00000,0.0123,0.0000,3.2250,40.746,FEASIBLE,0,0.00
323.700,-0.00184,-0.00003,0.00005,0.0000,0.0000,0.00000,0.0108,0.0000,3.2250,38.560,FEASIBLE,0,0.00
323.800,-0.00184,-0.00003,0.00005,0.0000,0.0000,0.00000,0.0163,0.0000,3.2250,39.361,FEASIBLE,0,0.00
323.900,-0.00184,-0.00003,0.00005,0.0000,0.0000,0.00000,0.0279,0.0000,3.2250,37.904,FEASIBLE,0,0.00
324.000,-0.00184,-0.00003,0.00005,0.0000,0.0000,0.00000,0.0058,0.0000,3.2250,40.805,FEASIBLE,0,0.00
324.100,-0.00184,-0.00003,0.00005,0.0000,0.0000,0.00000,0.0038,0.0000,3.2250,40.299,FEASIBLE,0,0.00
324.200,-0.00184,-0.00003,0.00005,0.0000,0.0000,0.00000,0.0007,0.0000,3.2250,39.047,FEASIBLE,0,0.00
324.300,-0.00184,-0.00003,0.00005,0.0000,0.0000,0.00000,0.0008,0.0000,3.2250,38.578,FEASIBLE,0,0.00
324.400,-0.00184,-0.00003,0.00005,0.0000,0.0000,0.00000,0.0248,0.0000,3.2250,40.813,FEASIBLE,0,0.00
324.500,-0.00184,-0.00003,0.00005,0.0000,0.0000,0.00000,0.0102,0.0000,3.2250,39.295,FEASIBLE,0,0.00
324.600,-0.00184,-0.00003,0.00005,0.0000,0.0000,0.00000,0.0092,0.0000,3.2250,38.748,FEASIBLE,0,0.00
324.702,-0.00184,-0.00003,0.00005,0.0000,0.0000,0.00000,0.0034,0.0000,3.2250,42.827,FEASIBLE,0,0.00
324.802,-0.00184,-0.00003,0.00005,0.0000,0.0000,0.00000,0.0256,0.0000,3.2250,41.069,FEASIBLE,0,0.00
324.900,-0.00184,-0.00003,0.00005,0.0000,0.0000,0.00000,0.0229,0.0000,3.2250,38.480,FEASIBLE,0,0.00
325.000,-0.00184,-0.00003,0.00005,0.0000,0.0000,0.00000,0.0189,0.0000,3.2250,39.953,FEASIBLE,0,0.00
325.100,-0.00184,-0.00003,0.00005,0.0000,0.0000,0.00000,0.0289,0.0000,3.2250,39.018,FEASIBLE,0,0.00
325.200,-0.00184,-0.00003,0.00005,0.0000,0.0000,0.00000,0.0200,0.0000,3.2250,39.275,FEASIBLE,0,0.00
325.300,-0.00184,-0.00003,0.00005,0.0000,0.0000,0.00000,0.0147,0.0000,3.2250,38.254,FEASIBLE,0,0.00
325.400,-0.00184,-0.00003,0.00005,0.0000,0.0000,0.00000,0.0249,0.0000,3.2250,40.771,FEASIBLE,0,0.00
325.500,-0.00184,-0.00003,0.00005,0.0000,0.0000,0.00000,0.0358,0.0000,3.2250,39.083,FEASIBLE,0,0.00
325.600,-0.00184,-0.00003,0.00005,0.0000,0.0000,0.00000,0.0374,0.0000,3.2250,39.264,FEASIBLE,0,0.00
325.700,-0.00184,-0.00003,0.00005,0.0000,0.0000,0.00000,0.0024,0.0000,3.2250,40.869,FEASIBLE,0,0.00
325.804,-0.00184,-0.00003,0.00005,0.0000,0.0000,0.00000,0.0114,0.0000,3.2250,38.656,FEASIBLE,0,0.00
325.900,-0.00184,-0.00003,0.00005,0.0000,0.0000,0.00000,0.0226,0.0000,3.2250,44.659,FEASIBLE,0,0.00
326.000,-0.00184,-0.00003,0.00005,0.0000,0.0000,0.00000,0.0241,0.0000,3.2250,41.176,FEASIBLE,0,0.00
326.100,-0.00184,-0.00003,0.00005,0.0000,0.0000,0.00000,0.0086,0.0000,3.2250,42.193,FEASIBLE,0,0.00
326.200,-0.00184,-0.00003,0.00005,0.0000,0.0000,0.00000,0.0123,0.0000,3.2250,38.537,FEASIBLE,0,0.00
326.300,-0.00184,-0.00003,0.00005,0.0000,0.0000,0.00000,0.0280,0.0000,3.2250,41.420,FEASIBLE,0,0.00
326.400,-0.00184,-0.00003,0.00005,0.0000,0.0000,0.00000,0.0112,0.0000,3.2250,40.196,FEASIBLE,0,0.00
326.500,-0.00184,-0.00003,0.00005,0.0000,0.0000,0.00000,0.0095,0.0000,3.2250,39.729,FEASIBLE,0,0.00
326.600,-0.00184,-0.00003,0.00005,0.0000,0.0000,0.00000,0.0244,0.0000,3.2250,38.914,FEASIBLE,0,0.00
326.700,-0.00184,-0.00003,0.00005,0.0000,0.0000,0.00000,0.0157,0.0000,3.2250,39.646,FEASIBLE,0,0.00
326.800,-0.00184,-0.00003,0.00005,0.0000,0.0000,0.00000,0.0056,0.0000,3.2250,38.486,FEASIBLE,0,0.00
326.900,-0.00184,-0.00003,0.00005,0.0000,0.0000,0.00000,0.0084,0.0000,3.2250,37.887,FEASIBLE,0,0.00
327.000,-0.00184,-0.00003,0.00005,0.0000,0.0000,0.00000,0.0085,0.0000,3.2250,37.795,FEASIBLE,0,0.00
327.100,-0.00184,-0.00003,0.00005,0.0000,0.0000,0.00000,0.0040,0.0000,3.2250,40.202,FEASIBLE,0,0.00
327.200,-0.00184,-0.00003,0.00005,0.0000,0.0000,0.00000,0.0075,0.0000,3.2250,41.383,FEASIBLE,0,0.00
327.300,-0.00184,-0.00003,0.00005,0.0000,0.0000,0.00000,0.0260,0.0000,3.2250,38.878,FEASIBLE,0,0.00
327.400,-0.00184,-0.00003,0.00005,0.0000,0.0000,0.00000,0.0104,0.0000,3.2250,38.911,FEASIBLE,0,0.00
327.500,-0.00184,-0.00003,0.00005,0.0000,0.0000,0.00000,0.0123,0.0000,3.2250,37.920,FEASIBLE,0,0.00
327.606,-0.00184,-0.00003,0.00005,0.0000,0.0000,0.00000,0.0155,0.0000,3.2250,38.805,FEASIBLE,0,0.00
327.700,-0.00184,-0.00003,0.00005,0.0000,0.0000,0.00000,0.0173,0.0000,3.2250,37.541,FEASIBLE,0,0.00
327.802,-0.00184,-0.00003,0.00005,0.0000,0.0000,0.00000,0.0074,0.0000,3.2250,38.942,FEASIBLE,0,0.00
327.900,-0.00184,-0.00003,0.00005,0.0000,0.0000,0.00000,0.0022,0.0000,3.2250,40.407,FEASIBLE,0,0.00
328.002,-0.00184,-0.00003,0.00005,0.0000,0.0000,0.00000,0.0115,0.0000,3.2250,41.281,FEASIBLE,0,0.00
328.100,-0.00184,-0.00003,0.00005,0.0000,0.0000,0.00000,0.0137,0.0000,3.2250,40.175,FEASIBLE,0,0.00
328.202,-0.00184,-0.00003,0.00005,0.0000,0.0000,0.00000,0.0104,0.0000,3.2250,40.711,FEASIBLE,0,0.00
328.300,-0.00184,-0.00003,0.00005,0.0000,0.0000,0.00000,0.0089,0.0000,3.2250,42.192,FEASIBLE,0,0.00
328.400,-0.00184,-0.00003,0.00005,0.0000,0.0000,0.00000,0.0275,0.0000,3.2250,47.754,FEASIBLE,0,0.00
328.500,-0.00184,-0.00003,0.00005,0.0000,0.0000,0.00000,0.0216,0.0000,3.2250,47.419,FEASIBLE,0,0.00
328.600,-0.00184,-0.00003,0.00005,0.0000,0.0000,0.00000,0.0131,0.0000,3.2250,41.085,FEASIBLE,0,0.00
328.700,-0.00184,-0.00003,0.00005,0.0000,0.0000,0.00000,0.0411,0.0000,3.2250,40.424,FEASIBLE,0,0.00
328.800,-0.00184,-0.00003,0.00005,0.0000,0.0000,0.00000,0.0070,0.0000,3.2250,41.142,FEASIBLE,0,0.00
328.900,-0.00184,-0.00003,0.00005,0.0000,0.0000,0.00000,0.0058,0.0000,3.2250,40.370,FEASIBLE,0,0.00
329.000,-0.00184,-0.00003,0.00005,0.0000,0.0000,0.00000,0.0039,0.0000,3.2250,40.070,FEASIBLE,0,0.00
329.100,-0.00184,-0.00003,0.00005,0.0000,0.0000,0.00000,0.0212,0.0000,3.2250,40.382,FEASIBLE,0,0.00
329.200,-0.00184,-0.00003,0.00005,0.0000,0.0000,0.00000,0.0225,0.0000,3.2250,42.968,FEASIBLE,0,0.00
329.300,-0.00184,-0.00003,0.00005,0.0000,0.0000,0.00000,0.0019,0.0000,3.2250,41.708,FEASIBLE,0,0.00
329.400,-0.00184,-0.00003,0.00005,0.0000,0.0000,0.00000,0.0001,0.0000,3.2250,41.695,FEASIBLE,0,0.00
329.500,-0.00184,-0.00003,0.00005,0.0000,0.0000,0.00000,0.0122,0.0000,3.2250,40.428,FEASIBLE,0,0.00
329.600,-0.00184,-0.00003,0.00005,0.0000,0.0000,0.00000,0.0010,0.0000,3.2250,39.246,FEASIBLE,0,0.00
329.700,-0.00184,-0.00003,0.00005,0.0000,0.0000,0.00000,0.0157,0.0000,3.2250,39.833,FEASIBLE,0,0.00
329.800,-0.00184,-0.00003,0.00005,0.0000,0.0000,0.00000,0.0137,0.0000,3.2250,38.680,FEASIBLE,0,0.00
329.900,-0.00184,-0.00003,0.00005,0.0000,0.0000,0.00000,0.0197,0.0000,3.2250,39.097,FEASIBLE,0,0.00
330.000,-0.00184,-0.00003,0.00005,0.0000,0.0000,0.00000,0.0082,0.0000,3.2250,38.673,FEASIBLE,0,0.00
330.100,-0.00184,-0.00003,0.00005,0.0000,0.0000,0.00000,0.0148,0.0000,3.2250,46.179,FEASIBLE,0,0.00
330.200,-0.00184,-0.00003,0.00005,0.0000,0.0000,0.00000,0.0180,0.0000,3.2250,41.705,FEASIBLE,0,0.00
330.300,-0.00184,-0.00003,0.00005,0.0000,0.0000,0.00000,0.0021,0.0000,3.2250,43.064,FEASIBLE,0,0.00
330.400,-0.00184,-0.00003,0.00005,0.0000,0.0000,0.00000,0.0032,0.0000,3.2250,42.773,FEASIBLE,0,0.00
330.500,-0.00184,-0.00003,0.00005,0.0000,0.0000,0.00000,0.0149,0.0000,3.2250,43.270,FEASIBLE,0,0.00
330.600,-0.00184,-0.00003,0.00005,0.0000,0.0000,0.00000,0.0042,0.0000,3.2250,49.988,FEASIBLE,0,0.00
330.700,-0.00184,-0.00003,0.00005,0.0000,0.0000,0.00000,0.0117,0.0000,3.2250,67.078,FEASIBLE,0,0.00
330.800,-0.00184,-0.00003,0.00005,0.0000,0.0000,0.00000,0.0054,0.0000,3.2250,57.527,FEASIBLE,0,0.00
330.900,-0.00184,-0.00003,0.00005,0.0000,0.0000,0.00000,0.0077,0.0000,3.2250,54.202,FEASIBLE,0,0.00
331.000,-0.00184,-0.00003,0.00005,0.0000,0.0000,0.00000,0.0220,0.0000,3.2250,49.968,FEASIBLE,0,0.00
331.100,-0.00184,-0.00003,0.00005,0.0000,0.0000,0.00000,0.0335,0.0000,3.2250,48.221,FEASIBLE,0,0.00
331.200,-0.00184,-0.00003,0.00005,0.0000,0.0000,0.00000,0.0204,0.0000,3.2250,47.661,FEASIBLE,0,0.00
331.304,-0.00184,-0.00003,0.00005,0.0000,0.0000,0.00000,0.0093,0.0000,3.2250,46.145,FEASIBLE,0,0.00
331.400,-0.00184,-0.00003,0.00005,0.0000,0.0000,0.00000,0.0146,0.0000,3.2250,46.780,FEASIBLE,0,0.00
331.502,-0.00184,-0.00003,0.00005,0.0000,0.0000,0.00000,0.0243,0.0000,3.2250,45.804,FEASIBLE,0,0.00
331.600,-0.00184,-0.00003,0.00005,0.0000,0.0000,0.00000,0.0086,0.0000,3.2250,46.794,FEASIBLE,0,0.00
331.700,-0.00184,-0.00003,0.00005,0.0000,0.0000,0.00000,0.0132,0.0000,3.2250,44.838,FEASIBLE,0,0.00
331.800,-0.00184,-0.00003,0.00005,0.0000,0.0000,0.00000,0.0016,0.0000,3.2250,44.042,FEASIBLE,0,0.00
331.900,-0.00184,-0.00003,0.00005,0.0000,0.0000,0.00000,0.0129,0.0000,3.2250,43.207,FEASIBLE,0,0.00
332.000,-0.00184,-0.00003,0.00005,0.0000,0.0000,0.00000,0.0424,0.0000,3.2250,42.295,FEASIBLE,0,0.00
332.100,-0.00184,-0.00003,0.00005,0.0000,0.0000,0.00000,0.0117,0.0000,3.2250,41.690,FEASIBLE,0,0.00
332.200,-0.00184,-0.00003,0.00005,0.0000,0.0000,0.00000,0.0004,0.0000,3.2250,43.420,FEASIBLE,0,0.00
332.300,-0.00184,-0.00003,0.00005,0.0000,0.0000,0.00000,0.0133,0.0000,3.2250,41.134,FEASIBLE,0,0.00
332.400,-0.00184,-0.00003,0.00005,0.0000,0.0000,0.00000,0.0255,0.0000,3.2250,39.030,FEASIBLE,0,0.00
332.500,-0.00184,-0.00003,0.00005,0.0000,0.0000,0.00000,0.0186,0.0000,3.2250,40.639,FEASIBLE,0,0.00
332.600,-0.00184,-0.00003,0.00005,0.0000,0.0000,0.00000,0.0244,0.0000,3.2250,40.533,FEASIBLE,0,0.00
332.700,-0.00184,-0.00003,0.00005,0.0000,0.0000,0.00000,0.0478,0.0000,3.2250,42.492,FEASIBLE,0,0.00
332.800,-0.00184,-0.00003,0.00005,0.0000,0.0000,0.00000,0.0227,0.0000,3.2250,42.004,FEASIBLE,0,0.00
332.900,-0.00184,-0.00003,0.00005,0.0000,0.0000,0.00000,0.0175,0.0000,3.2250,41.947,FEASIBLE,0,0.00
333.000,-0.00184,-0.00003,0.00005,0.0000,0.0000,0.00000,0.0165,0.0000,3.2250,43.158,FEASIBLE,0,0.00
333.100,-0.00184,-0.00003,0.00005,0.0000,0.0000,0.00000,0.0193,0.0000,3.2250,41.444,FEASIBLE,0,0.00
333.200,-0.00184,-0.00003,0.00005,0.0000,0.0000,0.00000,0.0183,0.0000,3.2250,41.476,FEASIBLE,0,0.00
333.300,-0.00184,-0.00003,0.00005,0.0000,0.0000,0.00000,0.0211,0.0000,3.2250,42.456,FEASIBLE,0,0.00
333.400,-0.00184,-0.00003,0.00005,0.0000,0.0000,0.00000,0.0131,0.0000,3.2250,43.033,FEASIBLE,0,0.00
333.500,-0.00184,-0.00003,0.00005,0.0000,0.0000,0.00000,0.0101,0.0000,3.2250,40.678,FEASIBLE,0,0.00
333.600,-0.00184,-0.00003,0.00005,0.0000,0.0000,0.00000,0.0203,0.0000,3.2250,41.303,FEASIBLE,0,0.00
333.700,-0.00184,-0.00003,0.00005,0.0000,0.0000,0.00000,0.0149,0.0000,3.2250,52.332,FEASIBLE,0,0.00
333.800,-0.00184,-0.00003,0.00005,0.0000,0.0000,0.00000,0.0333,0.0000,3.2250,50.347,FEASIBLE,0,0.00
333.900,-0.00184,-0.00003,0.00005,0.0000,0.0000,0.00000,0.0137,0.0000,3.2250,45.151,FEASIBLE,0,0.00
334.000,-0.00184,-0.00003,0.00005,0.0000,0.0000,0.00000,0.0157,0.0000,3.2250,44.393,FEASIBLE,0,0.00
334.100,-0.00184,-0.00003,0.00005,0.0000,0.0000,0.00000,0.0091,0.0000,3.2250,54.596,FEASIBLE,0,0.00
334.200,-0.00184,-0.00003,0.00005,0.0000,0.0000,0.00000,0.0139,0.0000,3.2250,52.849,FEASIBLE,0,0.00
334.300,-0.00184,-0.00003,0.00005,0.0000,0.0000,0.00000,0.0245,0.0000,3.2250,46.608,FEASIBLE,0,0.00
334.400,-0.00184,-0.00003,0.00005,0.0000,0.0000,0.00000,0.0271,0.0000,3.2250,45.476,FEASIBLE,0,0.00
334.500,-0.00184,-0.00003,0.00005,0.0000,0.0000,0.00000,0.0271,0.0000,3.2250,46.473,FEASIBLE,0,0.00
334.600,-0.00184,-0.00003,0.00005,0.0000,0.0000,0.00000,0.0033,0.0000,3.2250,45.486,FEASIBLE,0,0.00
334.700,-0.00184,-0.00003,0.00005,0.0000,0.0000,0.00000,0.0055,0.0000,3.2250,42.824,FEASIBLE,0,0.00
334.800,-0.00184,-0.00003,0.00005,0.0000,0.0000,0.00000,0.0026,0.0000,3.2250,59.755,FEASIBLE,0,0.00
334.900,-0.00184,-0.00003,0.00005,0.0000,0.0000,0.00000,0.0203,0.0000,3.2250,46.095,FEASIBLE,0,0.00
335.000,-0.00184,-0.00003,0.00005,0.0000,0.0000,0.00000,0.0117,0.0000,3.2250,43.480,FEASIBLE,0,0.00
335.100,-0.00184,-0.00003,0.00005,0.0000,0.0000,0.00000,0.0144,0.0000,3.2250,44.568,FEASIBLE,0,0.00
335.200,-0.00184,-0.00003,0.00005,0.0000,0.0000,0.00000,0.0277,0.0000,3.2250,42.096,FEASIBLE,0,0.00
335.300,-0.00184,-0.00003,0.00005,0.0000,0.0000,0.00000,0.0114,0.0000,3.2250,39.479,FEASIBLE,0,0.00
335.400,-0.00184,-0.00003,0.00005,0.0000,0.0000,0.00000,0.0097,0.0000,3.2250,38.333,FEASIBLE,0,0.00
335.500,-0.00184,-0.00003,0.00005,0.0000,0.0000,0.00000,0.0195,0.0000,3.2250,38.827,FEASIBLE,0,0.00
335.600,-0.00184,-0.00003,0.00005,0.0000,0.0000,0.00000,0.0038,0.0000,3.2250,39.709,FEASIBLE,0,0.00
335.700,-0.00184,-0.00003,0.00005,0.0000,0.0000,0.00000,0.0310,0.0000,3.2250,39.296,FEASIBLE,0,0.00
335.800,-0.00184,-0.00003,0.00005,0.0000,0.0000,0.00000,0.0145,0.0000,3.2250,41.302,FEASIBLE,0,0.00
335.900,-0.00184,-0.00003,0.00005,0.0000,0.0000,0.00000,0.0124,0.0000,3.2250,40.900,FEASIBLE,0,0.00
336.000,-0.00184,-0.00003,0.00005,0.0000,0.0000,0.00000,0.0187,0.0000,3.2250,41.097,FEASIBLE,0,0.00
336.100,-0.00184,-0.00003,0.00005,0.0000,0.0000,0.00000,0.0261,0.0000,3.2250,38.713,FEASIBLE,0,0.00
336.200,-0.00184,-0.00003,0.00005,0.0000,0.0000,0.00000,0.0207,0.0000,3.2250,39.462,FEASIBLE,0,0.00
336.300,-0.00184,-0.00003,0.00005,0.0000,0.0000,0.00000,0.0312,0.0000,3.2250,40.002,FEASIBLE,0,0.00
336.400,-0.00184,-0.00003,0.00005,0.0000,0.0000,0.00000,0.0302,0.0000,3.2250,41.490,FEASIBLE,0,0.00
336.500,-0.00184,-0.00003,0.00005,0.0000,0.0000,0.00000,0.0005,0.0000,3.2250,40.200,FEASIBLE,0,0.00
336.600,-0.00184,-0.00003,0.00005,0.0000,0.0000,0.00000,0.0287,0.0000,3.2250,40.128,FEASIBLE,0,0.00
336.700,-0.00184,-0.00003,0.00005,0.0000,0.0000,0.00000,0.0176,0.0000,3.2250,38.880,FEASIBLE,0,0.00
336.800,-0.00184,-0.00003,0.00005,0.0000,0.0000,0.00000,0.0041,0.0000,3.2250,38.253,FEASIBLE,0,0.00
336.900,-0.00184,-0.00003,0.00005,0.0000,0.0000,0.00000,0.0222,0.0000,3.2250,40.831,FEASIBLE,0,0.00
337.000,-0.00184,-0.00003,0.00005,0.0000,0.0000,0.00000,0.0077,0.0000,3.2250,39.002,FEASIBLE,0,0.00
337.100,-0.00184,-0.00003,0.00005,0.0000,0.0000,0.00000,0.0094,0.0000,3.2250,39.197,FEASIBLE,0,0.00
337.200,-0.00184,-0.00003,0.00005,0.0000,0.0000,0.00000,0.0106,0.0000,3.2250,40.382,FEASIBLE,0,0.00
337.300,-0.00184,-0.00003,0.00005,0.0000,0.0000,0.00000,0.0105,0.0000,3.2250,39.004,FEASIBLE,0,0.00
337.400,-0.00184,-0.00003,0.00005,0.0000,0.0000,0.00000,0.0205,0.0000,3.2250,38.148,FEASIBLE,0,0.00
337.500,-0.00184,-0.00003,0.00005,0.0000,0.0000,0.00000,0.0078,0.0000,3.2250,38.072,FEASIBLE,0,0.00
337.600,-0.00184,-0.00003,0.00005,0.0000,0.0000,0.00000,0.0224,0.0000,3.2250,37.974,FEASIBLE,0,0.00
337.704,-0.00184,-0.00003,0.00005,0.0000,0.0000,0.00000,0.0311,0.0000,3.2250,39.503,FEASIBLE,0,0.00
337.802,-0.00184,-0.00003,0.00005,0.0000,0.0000,0.00000,0.0201,0.0000,3.2250,37.982,FEASIBLE,0,0.00
337.902,-0.00184,-0.00003,0.00005,0.0000,0.0000,0.00000,0.0261,0.0000,3.2250,39.525,FEASIBLE,0,0.00
338.000,-0.00184,-0.00003,0.00005,0.0000,0.0000,0.00000,0.0054,0.0000,3.2250,36.613,FEASIBLE,0,0.00
338.100,-0.00184,-0.00003,0.00005,0.0000,0.0000,0.00000,0.0167,0.0000,3.2250,38.871,FEASIBLE,0,0.00
338.200,-0.00184,-0.00003,0.00005,0.0000,0.0000,0.00000,0.0117,0.0000,3.2250,38.864,FEASIBLE,0,0.00
338.300,-0.00184,-0.00003,0.00005,0.0000,0.0000,0.00000,0.0211,0.0000,3.2250,38.475,FEASIBLE,0,0.00
338.400,-0.00184,-0.00003,0.00005,0.0000,0.0000,0.00000,0.0027,0.0000,3.2250,39.588,FEASIBLE,0,0.00
338.500,-0.00184,-0.00003,0.00005,0.0000,0.0000,0.00000,0.0088,0.0000,3.2250,38.800,FEASIBLE,0,0.00
338.600,-0.00184,-0.00003,0.00005,0.0000,0.0000,0.00000,0.0024,0.0000,3.2250,38.030,FEASIBLE,0,0.00
338.700,-0.00184,-0.00003,0.00005,0.0000,0.0000,0.00000,0.0111,0.0000,3.2250,40.256,FEASIBLE,0,0.00
338.800,-0.00184,-0.00003,0.00005,0.0000,0.0000,0.00000,0.0031,0.0000,3.2250,39.057,FEASIBLE,0,0.00
338.900,-0.00184,-0.00003,0.00005,0.0000,0.0000,0.00000,0.0072,0.0000,3.2250,40.620,FEASIBLE,0,0.00
339.000,-0.00184,-0.00003,0.00005,0.0000,0.0000,0.00000,0.0030,0.0000,3.2250,41.035,FEASIBLE,0,0.00
339.100,-0.00184,-0.00003,0.00005,0.0000,0.0000,0.00000,0.0112,0.0000,3.2250,40.565,FEASIBLE,0,0.00
339.200,-0.00184,-0.00003,0.00005,0.0000,0.0000,0.00000,0.0127,0.0000,3.2250,39.067,FEASIBLE,0,0.00
339.300,-0.00184,-0.00003,0.00005,0.0000,0.0000,0.00000,0.0064,0.0000,3.2250,40.289,FEASIBLE,0,0.00
339.400,-0.00184,-0.00003,0.00005,0.0000,0.0000,0.00000,0.0146,0.0000,3.2250,40.289,FEASIBLE,0,0.00
339.500,-0.00184,-0.00003,0.00005,0.0000,0.0000,0.00000,0.0108,0.0000,3.2250,41.211,FEASIBLE,0,0.00
339.600,-0.00184,-0.00003,0.00005,0.0000,0.0000,0.00000,0.0098,0.0000,3.2250,46.611,FEASIBLE,0,0.00
339.700,-0.00184,-0.00003,0.00005,0.0000,0.0000,0.00000,0.0020,0.0000,3.2250,43.274,FEASIBLE,0,0.00
339.800,-0.00184,-0.00003,0.00005,0.0000,0.0000,0.00000,0.0215,0.0000,3.2250,40.339,FEASIBLE,0,0.00
339.900,-0.00184,-0.00003,0.00005,0.0000,0.0000,0.00000,0.0071,0.0000,3.2250,40.014,FEASIBLE,0,0.00
340.000,-0.00184,-0.00003,0.00005,0.0000,0.0000,0.00000,0.0012,0.0000,3.2250,42.642,FEASIBLE,0,0.00
340.100,-0.00184,-0.00003,0.00005,0.0000,0.0000,0.00000,0.0031,0.0000,3.2250,46.619,FEASIBLE,0,0.00
340.200,-0.00184,-0.00003,0.00005,0.0000,0.0000,0.00000,0.0045,0.0000,3.2250,42.244,FEASIBLE,0,0.00
340.300,-0.00184,-0.00003,0.00005,0.0000,0.0000,0.00000,0.0235,0.0000,3.2250,42.948,FEASIBLE,0,0.00
340.400,-0.00184,-0.00003,0.00005,0.0000,0.0000,0.00000,0.0099,0.0000,3.2250,52.962,FEASIBLE,0,0.00
340.500,-0.00184,-0.00003,0.00005,0.0000,0.0000,0.00000,0.0050,0.0000,3.2250,50.743,FEASIBLE,0,0.00
340.600,-0.00184,-0.00003,0.00005,0.0000,0.0000,0.00000,0.0059,0.0000,3.2250,51.440,FEASIBLE,0,0.00
340.700,-0.00184,-0.00003,0.00005,0.0000,0.0000,0.00000,0.0252,0.0000,3.2250,49.083,FEASIBLE,0,0.00
340.800,-0.00184,-0.00003,0.00005,0.0000,0.0000,0.00000,0.0005,0.0000,3.2250,46.037,FEASIBLE,0,0.00
340.900,-0.00184,-0.00003,0.00005,0.0000,0.0000,0.00000,0.0087,0.0000,3.2250,43.907,FEASIBLE,0,0.00
341.004,-0.00184,-0.00003,0.00005,0.0000,0.0000,0.00000,0.0194,0.0000,3.2250,43.521,FEASIBLE,0,0.00
341.100,-0.00184,-0.00003,0.00005,0.0000,0.0000,0.00000,0.0007,0.0000,3.2250,45.632,FEASIBLE,0,0.00
341.202,-0.00184,-0.00003,0.00005,0.0000,0.0000,0.00000,0.0044,0.0000,3.2250,44.893,FEASIBLE,0,0.00
341.302,-0.00184,-0.00003,0.00005,0.0000,0.0000,0.00000,0.0225,0.0000,3.2250,43.443,FEASIBLE,0,0.00
341.400,-0.00184,-0.00003,0.00005,0.0000,0.0000,0.00000,0.0239,0.0000,3.2250,44.249,FEASIBLE,0,0.00
341.504,-0.00184,-0.00003,0.00005,0.0000,0.0000,0.00000,0.0144,0.0000,3.2250,46.194,FEASIBLE,0,0.00
341.600,-0.00184,-0.00003,0.00005,0.0000,0.0000,0.00000,0.0178,0.0000,3.2250,47.492,FEASIBLE,0,0.00
341.700,-0.00184,-0.00003,0.00005,0.0000,0.0000,0.00000,0.0268,0.0000,3.2250,45.315,FEASIBLE,0,0.00
341.802,-0.00184,-0.00003,0.00005,0.0000,0.0000,0.00000,0.0215,0.0000,3.2250,56.364,FEASIBLE,0,0.00
341.900,-0.00184,-0.00003,0.00005,0.0000,0.0000,0.00000,0.0170,0.0000,3.2250,61.082,FEASIBLE,0,0.00
342.000,-0.00184,-0.00003,0.00005,0.0000,0.0000,0.00000,0.0264,0.0000,3.2250,51.727,FEASIBLE,0,0.00
342.102,-0.00184,-0.00003,0.00005,0.0000,0.0000,0.00000,0.0119,0.0000,3.2250,46.291,FEASIBLE,0,0.00
342.200,-0.00184,-0.00003,0.00005,0.0000,0.0000,0.00000,0.0089,0.0000,3.2250,49.488,FEASIBLE,0,0.00
342.300,-0.00184,-0.00003,0.00005,0.0000,0.0000,0.00000,0.0191,0.0000,3.2250,48.581,FEASIBLE,0,0.00
342.400,-0.00184,-0.00003,0.00005,0.0000,0.0000,0.00000,0.0077,0.0000,3.2250,45.778,FEASIBLE,0,0.00
342.500,-0.00184,-0.00003,0.00005,0.0000,0.0000,0.00000,0.0007,0.0000,3.2250,45.530,FEASIBLE,0,0.00
342.600,-0.00184,-0.00003,0.00005,0.0000,0.0000,0.00000,0.0174,0.0000,3.2250,48.056,FEASIBLE,0,0.00
342.700,-0.00184,-0.00003,0.00005,0.0000,0.0000,0.00000,0.0318,0.0000,3.2250,46.693,FEASIBLE,0,0.00
342.800,-0.00184,-0.00003,0.00005,0.0000,0.0000,0.00000,0.0245,0.0000,3.2250,49.466,FEASIBLE,0,0.00
342.900,-0.00184,-0.00003,0.00005,0.0000,0.0000,0.00000,0.0024,0.0000,3.2250,44.683,FEASIBLE,0,0.00
343.000,-0.00184,-0.00003,0.00005,0.0000,0.0000,0.00000,0.0068,0.0000,3.2250,43.464,FEASIBLE,0,0.00
343.100,-0.00184,-0.00003,0.00005,0.0000,0.0000,0.00000,0.0106,0.0000,3.2250,45.689,FEASIBLE,0,0.00
343.200,-0.00184,-0.00003,0.00005,0.0000,0.0000,0.00000,0.0186,0.0000,3.2250,45.471,FEASIBLE,0,0.00
343.300,-0.00184,-0.00003,0.00005,0.0000,0.0000,0.00000,0.0188,0.0000,3.2250,51.738,FEASIBLE,0,0.00
343.400,-0.00184,-0.00003,0.00005,0.0000,0.0000,0.00000,0.0157,0.0000,3.2250,57.965,FEASIBLE,0,0.00
343.500,-0.00184,-0.00003,0.00005,0.0000,0.0000,0.00000,0.0005,0.0000,3.2250,45.148,FEASIBLE,0,0.00
343.600,-0.00184,-0.00003,0.00005,0.0000,0.0000,0.00000,0.0276,0.0000,3.2250,41.695,FEASIBLE,0,0.00
343.700,-0.00184,-0.00003,0.00005,0.0000,0.0000,0.00000,0.0045,0.0000,3.2250,44.913,FEASIBLE,0,0.00
343.800,-0.00184,-0.00003,0.00005,0.0000,0.0000,0.00000,0.0126,0.0000,3.2250,43.617,FEASIBLE,0,0.00
343.900,-0.00184,-0.00003,0.00005,0.0000,0.0000,0.00000,0.0330,0.0000,3.2250,44.711,FEASIBLE,0,0.00
344.000,-0.00184,-0.00003,0.00005,0.0000,0.0000,0.00000,0.0334,0.0000,3.2250,44.700,FEASIBLE,0,0.00
344.100,-0.00184,-0.00003,0.00005,0.0000,0.0000,0.00000,0.0143,0.0000,3.2250,42.800,FEASIBLE,0,0.00
344.200,-0.00184,-0.00003,0.00005,0.0000,0.0000,0.00000,0.0260,0.0000,3.2250,44.466,FEASIBLE,0,0.00
344.300,-0.00184,-0.00003,0.00005,0.0000,0.0000,0.00000,0.0292,0.0000,3.2250,47.686,FEASIBLE,0,0.00
344.400,-0.00184,-0.00003,0.00005,0.0000,0.0000,0.00000,0.0061,0.0000,3.2250,46.005,FEASIBLE,0,0.00
344.504,-0.00184,-0.00003,0.00005,0.0000,0.0000,0.00000,0.0185,0.0000,3.2250,44.970,FEASIBLE,0,0.00
344.606,-0.00184,-0.00003,0.00005,0.0000,0.0000,0.00000,0.0341,0.0000,3.2250,43.194,FEASIBLE,0,0.00
344.702,-0.00184,-0.00003,0.00005,0.0000,0.0000,0.00000,0.0048,0.0000,3.2250,41.819,FEASIBLE,0,0.00
344.800,-0.00184,-0.00003,0.00005,0.0000,0.0000,0.00000,0.0151,0.0000,3.2250,44.428,FEASIBLE,0,0.00
344.900,-0.00184,-0.00003,0.00005,0.0000,0.0000,0.00000,0.0007,0.0000,3.2250,40.220,FEASIBLE,0,0.00
345.000,-0.00184,-0.00003,0.00005,0.0000,0.0000,0.00000,0.0077,0.0000,3.2250,42.207,FEASIBLE,0,0.00
345.100,-0.00184,-0.00003,0.00005,0.0000,0.0000,0.00000,0.0090,0.0000,3.2250,43.846,FEASIBLE,0,0.00
345.200,-0.00184,-0.00003,0.00005,0.0000,0.0000,0.00000,0.0087,0.0000,3.2250,43.343,FEASIBLE,0,0.00
345.300,-0.00184,-0.00003,0.00005,0.0000,0.0000,0.00000,0.0124,0.0000,3.2250,42.415,FEASIBLE,0,0.00
345.400,-0.00184,-0.00003,0.00005,0.0000,0.0000,0.00000,0.0157,0.0000,3.2250,42.053,FEASIBLE,0,0.00
345.500,-0.00184,-0.00003,0.00005,0.0000,0.0000,0.00000,0.0020,0.0000,3.2250,44.821,FEASIBLE,0,0.00
345.600,-0.00184,-0.00003,0.00005,0.0000,0.0000,0.00000,0.0006,0.0000,3.2250,47.951,FEASIBLE,0,0.00
345.700,-0.00184,-0.00003,0.00005,0.0000,0.0000,0.00000,0.0359,0.0000,3.2250,44.454,FEASIBLE,0,0.00
345.800,-0.00184,-0.00003,0.00005,0.0000,0.0000,0.00000,0.0437,0.0000,3.2250,47.862,FEASIBLE,0,0.00
345.900,-0.00184,-0.00003,0.00005,0.0000,0.0000,0.00000,0.0249,0.0000,3.2250,42.467,FEASIBLE,0,0.00
346.000,-0.00184,-0.00003,0.00005,0.0000,0.0000,0.00000,0.0195,0.0000,3.2250,41.711,FEASIBLE,0,0.00
346.100,-0.00184,-0.00003,0.00005,0.0000,0.0000,0.00000,0.0239,0.0000,3.2250,42.314,FEASIBLE,0,0.00
346.200,-0.00184,-0.00003,0.00005,0.0000,0.0000,0.00000,0.0418,0.0000,3.2250,44.090,FEASIBLE,0,0.00
346.300,-0.00184,-0.00003,0.00005,0.0000,0.0000,0.00000,0.0165,0.0000,3.2250,46.507,FEASIBLE,0,0.00
346.400,-0.00184,-0.00003,0.00005,0.0000,0.0000,0.00000,0.0191,0.0000,3.2250,49.641,FEASIBLE,0,0.00
346.500,-0.00184,-0.00003,0.00005,0.0000,0.0000,0.00000,0.0359,0.0000,3.2250,43.602,FEASIBLE,0,0.00
346.600,-0.00184,-0.00003,0.00005,0.0000,0.0000,0.00000,0.0027,0.0000,3.2250,44.281,FEASIBLE,0,0.00
346.700,-0.00184,-0.00003,0.00005,0.0000,0.0000,0.00000,0.0032,0.0000,3.2250,47.116,FEASIBLE,0,0.00
346.800,-0.00184,-0.00003,0.00005,0.0000,0.0000,0.00000,0.0152,0.0000,3.2250,47.556,FEASIBLE,0,0.00
346.900,-0.00184,-0.00003,0.00005,0.0000,0.0000,0.00000,0.0017,0.0000,3.2250,46.082,FEASIBLE,0,0.00
347.000,-0.00184,-0.00003,0.00005,0.0000,0.0000,0.00000,0.0087,0.0000,3.2250,41.878,FEASIBLE,0,0.00
347.100,-0.00184,-0.00003,0.00005,0.0000,0.0000,0.00000,0.0187,0.0000,3.2250,45.283,FEASIBLE,0,0.00
347.200,-0.00184,-0.00003,0.00005,0.0000,0.0000,0.00000,0.0080,0.0000,3.2250,42.757,FEASIBLE,0,0.00
347.300,-0.00184,-0.00003,0.00005,0.0000,0.0000,0.00000,0.0142,0.0000,3.2250,39.869,FEASIBLE,0,0.00
347.400,-0.00184,-0.00003,0.00005,0.0000,0.0000,0.00000,0.0037,0.0000,3.2250,49.302,FEASIBLE,0,0.00
347.500,-0.00184,-0.00003,0.00005,0.0000,0.0000,0.00000,0.0170,0.0000,3.2250,43.363,FEASIBLE,0,0.00
347.600,-0.00184,-0.00003,0.00005,0.0000,0.0000,0.00000,0.0093,0.0000,3.2250,40.766,FEASIBLE,0,0.00
347.702,-0.00184,-0.00003,0.00005,0.0000,0.0000,0.00000,0.0015,0.0000,3.2250,41.693,FEASIBLE,0,0.00
347.802,-0.00184,-0.00003,0.00005,0.0000,0.0000,0.00000,0.0182,0.0000,3.2250,42.372,FEASIBLE,0,0.00
347.900,-0.00184,-0.00003,0.00005,0.0000,0.0000,0.00000,0.0410,0.0000,3.2250,42.853,FEASIBLE,0,0.00
348.000,-0.00184,-0.00003,0.00005,0.0000,0.0000,0.00000,0.0003,0.0000,3.2250,40.362,FEASIBLE,0,0.00
348.100,-0.00184,-0.00003,0.00005,0.0000,0.0000,0.00000,0.0307,0.0000,3.2250,41.618,FEASIBLE,0,0.00
348.200,-0.00184,-0.00003,0.00005,0.0000,0.0000,0.00000,0.0198,0.0000,3.2250,41.722,FEASIBLE,0,0.00
348.300,-0.00184,-0.00003,0.00005,0.0000,0.0000,0.00000,0.0216,0.0000,3.2250,43.071,FEASIBLE,0,0.00
348.400,-0.00184,-0.00003,0.00005,0.0000,0.0000,0.00000,0.0086,0.0000,3.2250,41.471,FEASIBLE,0,0.00
348.500,-0.00184,-0.00003,0.00005,0.0000,0.0000,0.00000,0.0317,0.0000,3.2250,40.664,FEASIBLE,0,0.00
348.600,-0.00184,-0.00003,0.00005,0.0000,0.0000,0.00000,0.0008,0.0000,3.2250,41.517,FEASIBLE,0,0.00
348.704,-0.00184,-0.00003,0.00005,0.0000,0.0000,0.00000,0.0150,0.0000,3.2250,50.746,FEASIBLE,0,0.00
348.800,-0.00184,-0.00003,0.00005,0.0000,0.0000,0.00000,0.0096,0.0000,3.2250,44.583,FEASIBLE,0,0.00
348.900,-0.00184,-0.00003,0.00005,0.0000,0.0000,0.00000,0.0046,0.0000,3.2250,45.745,FEASIBLE,0,0.00
349.000,-0.00184,-0.00003,0.00005,0.0000,0.0000,0.00000,0.0068,0.0000,3.2250,43.084,FEASIBLE,0,0.00
349.100,-0.00184,-0.00003,0.00005,0.0000,0.0000,0.00000,0.0091,0.0000,3.2250,45.134,FEASIBLE,0,0.00
349.200,-0.00184,-0.00003,0.00005,0.0000,0.0000,0.00000,0.0152,0.0000,3.2250,42.097,FEASIBLE,0,0.00
349.300,-0.00184,-0.00003,0.00005,0.0000,0.0000,0.00000,0.0042,0.0000,3.2250,44.345,FEASIBLE,0,0.00
349.400,-0.00184,-0.00003,0.00005,0.0000,0.0000,0.00000,0.0096,0.0000,3.2250,43.621,FEASIBLE,0,0.00
349.500,-0.00184,-0.00003,0.00005,0.0000,0.0000,0.00000,0.0158,0.0000,3.2250,45.224,FEASIBLE,0,0.00
349.600,-0.00184,-0.00003,0.00005,0.0000,0.0000,0.00000,0.0010,0.0000,3.2250,42.498,FEASIBLE,0,0.00
349.700,-0.00184,-0.00003,0.00005,0.0000,0.0000,0.00000,0.0138,0.0000,3.2250,41.757,FEASIBLE,0,0.00
349.800,-0.00184,-0.00003,0.00005,0.0000,0.0000,0.00000,0.0065,0.0000,3.2250,43.001,FEASIBLE,0,0.00
349.900,-0.00184,-0.00003,0.00005,0.0000,0.0000,0.00000,0.0160,0.0000,3.2250,40.727,FEASIBLE,0,0.00
350.000,-0.00184,-0.00003,0.00005,0.0000,0.0000,0.00000,0.0047,0.0000,3.2250,45.496,FEASIBLE,0,0.00
350.100,-0.00184,-0.00003,0.00005,0.0000,0.0000,0.00000,0.0055,0.0000,3.2250,40.647,FEASIBLE,0,0.00
350.200,-0.00184,-0.00003,0.00005,0.0000,0.0000,0.00000,0.0088,0.0000,3.2250,43.197,FEASIBLE,0,0.00
350.300,-0.00184,-0.00003,0.00005,0.0000,0.0000,0.00000,0.0320,0.0000,3.2250,43.218,FEASIBLE,0,0.00
350.400,-0.00184,-0.00003,0.00005,0.0000,0.0000,0.00000,0.0244,0.0000,3.2250,43.346,FEASIBLE,0,0.00
350.500,-0.00184,-0.00003,0.00005,0.0000,0.0000,0.00000,0.0236,0.0000,3.2250,42.374,FEASIBLE,0,0.00
350.600,-0.00184,-0.00003,0.00005,0.0000,0.0000,0.00000,0.0171,0.0000,3.2250,41.759,FEASIBLE,0,0.00
350.700,-0.00184,-0.00003,0.00005,0.0000,0.0000,0.00000,0.0132,0.0000,3.2250,43.778,FEASIBLE,0,0.00
350.800,-0.00184,-0.00003,0.00005,0.0000,0.0000,0.00000,0.0181,0.0000,3.2250,47.946,FEASIBLE,0,0.00
350.900,-0.00184,-0.00003,0.00005,0.0000,0.0000,0.00000,0.0004,0.0000,3.2250,42.553,FEASIBLE,0,0.00
351.002,-0.00184,-0.00003,0.00005,0.0000,0.0000,0.00000,0.0137,0.0000,3.2250,41.808,FEASIBLE,0,0.00
351.100,-0.00184,-0.00003,0.00005,0.0000,0.0000,0.00000,0.0264,0.0000,3.2250,41.776,FEASIBLE,0,0.00
351.202,-0.00184,-0.00003,0.00005,0.0000,0.0000,0.00000,0.0184,0.0000,3.2250,42.259,FEASIBLE,0,0.00
351.302,-0.00184,-0.00003,0.00005,0.0000,0.0000,0.00000,0.0077,0.0000,3.2250,42.201,FEASIBLE,0,0.00
351.402,-0.00184,-0.00003,0.00005,0.0000,0.0000,0.00000,0.0162,0.0000,3.2250,42.083,FEASIBLE,0,0.00
351.500,-0.00184,-0.00003,0.00005,0.0000,0.0000,0.00000,0.0046,0.0000,3.2250,42.357,FEASIBLE,0,0.00
351.600,-0.00184,-0.00003,0.00005,0.0000,0.0000,0.00000,0.0138,0.0000,3.2250,43.720,FEASIBLE,0,0.00
351.700,-0.00184,-0.00003,0.00005,0.0000,0.0000,0.00000,0.0200,0.0000,3.2250,44.555,FEASIBLE,0,0.00
351.800,-0.00184,-0.00003,0.00005,0.0000,0.0000,0.00000,0.0164,0.0000,3.2250,43.364,FEASIBLE,0,0.00
351.900,-0.00184,-0.00003,0.00005,0.0000,0.0000,0.00000,0.0097,0.0000,3.2250,42.419,FEASIBLE,0,0.00
352.000,-0.00184,-0.00003,0.00005,0.0000,0.0000,0.00000,0.0085,0.0000,3.2250,42.481,FEASIBLE,0,0.00
352.102,-0.00184,-0.00003,0.00005,0.0000,0.0000,0.00000,0.0108,0.0000,3.2250,42.263,FEASIBLE,0,0.00
352.200,-0.00184,-0.00003,0.00005,0.0000,0.0000,0.00000,0.0087,0.0000,3.2250,43.184,FEASIBLE,0,0.00
352.300,-0.00184,-0.00003,0.00005,0.0000,0.0000,0.00000,0.0079,0.0000,3.2250,43.065,FEASIBLE,0,0.00
352.400,-0.00184,-0.00003,0.00005,0.0000,0.0000,0.00000,0.0105,0.0000,3.2250,42.388,FEASIBLE,0,0.00
352.500,-0.00184,-0.00003,0.00005,0.0000,0.0000,0.00000,0.0143,0.0000,3.2250,40.858,FEASIBLE,0,0.00
352.600,-0.00184,-0.00003,0.00005,0.0000,0.0000,0.00000,0.0169,0.0000,3.2250,43.260,FEASIBLE,0,0.00
352.700,-0.00184,-0.00003,0.00005,0.0000,0.0000,0.00000,0.0319,0.0000,3.2250,43.337,FEASIBLE,0,0.00
352.800,-0.00184,-0.00003,0.00005,0.0000,0.0000,0.00000,0.0078,0.0000,3.2250,42.347,FEASIBLE,0,0.00
352.900,-0.00184,-0.00003,0.00005,0.0000,0.0000,0.00000,0.0196,0.0000,3.2250,42.370,FEASIBLE,0,0.00
353.000,-0.00184,-0.00003,0.00005,0.0000,0.0000,0.00000,0.0424,0.0000,3.2250,41.600,FEASIBLE,0,0.00
353.100,-0.00184,-0.00003,0.00005,0.0000,0.0000,0.00000,0.0035,0.0000,3.2250,40.627,FEASIBLE,0,0.00
353.200,-0.00184,-0.00003,0.00005,0.0000,0.0000,0.00000,0.0126,0.0000,3.2250,40.362,FEASIBLE,0,0.00
353.300,-0.00184,-0.00003,0.00005,0.0000,0.0000,0.00000,0.0196,0.0000,3.2250,45.663,FEASIBLE,0,0.00
353.400,-0.00184,-0.00003,0.00005,0.0000,0.0000,0.00000,0.0217,0.0000,3.2250,42.959,FEASIBLE,0,0.00
353.500,-0.00184,-0.00003,0.00005,0.0000,0.0000,0.00000,0.0041,0.0000,3.2250,43.358,FEASIBLE,0,0.00
353.600,-0.00184,-0.00003,0.00005,0.0000,0.0000,0.00000,0.0139,0.0000,3.2250,43.304,FEASIBLE,0,0.00
353.700,-0.00184,-0.00003,0.00005,0.0000,0.0000,0.00000,0.0290,0.0000,3.2250,49.057,FEASIBLE,0,0.00
353.800,-0.00184,-0.00003,0.00005,0.0000,0.0000,0.00000,0.0089,0.0000,3.2250,43.158,FEASIBLE,0,0.00
353.900,-0.00184,-0.00003,0.00005,0.0000,0.0000,0.00000,0.0322,0.0000,3.2250,46.210,FEASIBLE,0,0.00
354.000,-0.00184,-0.00003,0.00005,0.0000,0.0000,0.00000,0.0077,0.0000,3.2250,42.755,FEASIBLE,0,0.00
354.100,-0.00184,-0.00003,0.00005,0.0000,0.0000,0.00000,0.0403,0.0000,3.2250,42.774,FEASIBLE,0,0.00
354.202,-0.00184,-0.00003,0.00005,0.0000,0.0000,0.00000,0.0220,0.0000,3.2250,41.846,FEASIBLE,0,0.00
354.300,-0.00184,-0.00003,0.00005,0.0000,0.0000,0.00000,0.0063,0.0000,3.2250,40.933,FEASIBLE,0,0.00
354.400,-0.00184,-0.00003,0.00005,0.0000,0.0000,0.00000,0.0045,0.0000,3.2250,40.654,FEASIBLE,0,0.00
354.500,-0.00184,-0.00003,0.00005,0.0000,0.0000,0.00000,0.0191,0.0000,3.2250,43.640,FEASIBLE,0,0.00
354.602,-0.00184,-0.00003,0.00005,0.0000,0.0000,0.00000,0.0101,0.0000,3.2250,42.935,FEASIBLE,0,0.00
354.700,-0.00184,-0.00003,0.00005,0.0000,0.0000,0.00000,0.0148,0.0000,3.2250,43.865,FEASIBLE,0,0.00
354.800,-0.00184,-0.00003,0.00005,0.0000,0.0000,0.00000,0.0042,0.0000,3.2250,43.338,FEASIBLE,0,0.00
354.900,-0.00184,-0.00003,0.00005,0.0000,0.0000,0.00000,0.0068,0.0000,3.2250,43.431,FEASIBLE,0,0.00
355.000,-0.00184,-0.00003,0.00005,0.0000,0.0000,0.00000,0.0314,0.0000,3.2250,52.630,FEASIBLE,0,0.00
355.100,-0.00184,-0.00003,0.00005,0.0000,0.0000,0.00000,0.0221,0.0000,3.2250,42.367,FEASIBLE,0,0.00
355.200,-0.00184,-0.00003,0.00005,0.0000,0.0000,0.00000,0.0088,0.0000,3.2250,38.816,FEASIBLE,0,0.00
355.304,-0.00184,-0.00003,0.00005,0.0000,0.0000,0.00000,0.0326,0.0000,3.2250,41.025,FEASIBLE,0,0.00
355.400,-0.00184,-0.00003,0.00005,0.0000,0.0000,0.00000,0.0142,0.0000,3.2250,44.476,FEASIBLE,0,0.00
355.500,-0.00184,-0.00003,0.00005,0.0000,0.0000,0.00000,0.0229,0.0000,3.2250,41.977,FEASIBLE,0,0.00
355.600,-0.00184,-0.00003,0.00005,0.0000,0.0000,0.00000,0.0093,0.0000,3.2250,44.308,FEASIBLE,0,0.00
355.700,-0.00184,-0.00003,0.00005,0.0000,0.0000,0.00000,0.0171,0.0000,3.2250,54.345,FEASIBLE,0,0.00
355.800,-0.00184,-0.00003,0.00005,0.0000,0.0000,0.00000,0.0057,0.0000,3.2250,42.961,FEASIBLE,0,0.00
355.900,-0.00184,-0.00003,0.00005,0.0000,0.0000,0.00000,0.0229,0.0000,3.2250,44.353,FEASIBLE,0,0.00
356.000,-0.00184,-0.00003,0.00005,0.0000,0.0000,0.00000,0.0151,0.0000,3.2250,42.812,FEASIBLE,0,0.00
356.100,-0.00184,-0.00003,0.00005,0.0000,0.0000,0.00000,0.0119,0.0000,3.2250,44.367,FEASIBLE,0,0.00
356.200,-0.00184,-0.00003,0.00005,0.0000,0.0000,0.00000,0.0100,0.0000,3.2250,46.166,FEASIBLE,0,0.00
356.300,-0.00184,-0.00003,0.00005,0.0000,0.0000,0.00000,0.0145,0.0000,3.2250,43.213,FEASIBLE,0,0.00
356.400,-0.00184,-0.00003,0.00005,0.0000,0.0000,0.00000,0.0241,0.0000,3.2250,42.602,FEASIBLE,0,0.00
356.500,-0.00184,-0.00003,0.00005,0.0000,0.0000,0.00000,0.0048,0.0000,3.2250,41.104,FEASIBLE,0,0.00
356.600,-0.00184,-0.00003,0.00005,0.0000,0.0000,0.00000,0.0133,0.0000,3.2250,40.170,FEASIBLE,0,0.00
356.700,-0.00184,-0.00003,0.00005,0.0000,0.0000,0.00000,0.0089,0.0000,3.2250,41.224,FEASIBLE,0,0.00
356.800,-0.00184,-0.00003,0.00005,0.0000,0.0000,0.00000,0.0035,0.0000,3.2250,42.238,FEASIBLE,0,0.00
356.900,-0.00184,-0.00003,0.00005,0.0000,0.0000,0.00000,0.0103,0.0000,3.2250,43.448,FEASIBLE,0,0.00
357.000,-0.00184,-0.00003,0.00005,0.0000,0.0000,0.00000,0.0151,0.0000,3.2250,42.321,FEASIBLE,0,0.00
357.100,-0.00184,-0.00003,0.00005,0.0000,0.0000,0.00000,0.0119,0.0000,3.2250,44.376,FEASIBLE,0,0.00
357.200,-0.00184,-0.00003,0.00005,0.0000,0.0000,0.00000,0.0051,0.0000,3.2250,43.054,FEASIBLE,0,0.00
357.300,-0.00184,-0.00003,0.00005,0.0000,0.0000,0.00000,0.0026,0.0000,3.2250,41.890,FEASIBLE,0,0.00
357.400,-0.00184,-0.00003,0.00005,0.0000,0.0000,0.00000,0.0020,0.0000,3.2250,43.680,FEASIBLE,0,0.00
357.500,-0.00184,-0.00003,0.00005,0.0000,0.0000,0.00000,0.0241,0.0000,3.2250,40.556,FEASIBLE,0,0.00
357.602,-0.00184,-0.00003,0.00005,0.0000,0.0000,0.00000,0.0194,0.0000,3.2250,43.293,FEASIBLE,0,0.00
357.704,-0.00184,-0.00003,0.00005,0.0000,0.0000,0.00000,0.0253,0.0000,3.2250,41.182,FEASIBLE,0,0.00
357.802,-0.00184,-0.00003,0.00005,0.0000,0.0000,0.00000,0.0036,0.0000,3.2250,43.966,FEASIBLE,0,0.00
357.902,-0.00184,-0.00003,0.00005,0.0000,0.0000,0.00000,0.0213,0.0000,3.2250,43.895,FEASIBLE,0,0.00
358.002,-0.00184,-0.00003,0.00005,0.0000,0.0000,0.00000,0.0123,0.0000,3.2250,43.181,FEASIBLE,0,0.00
358.100,-0.00184,-0.00003,0.00005,0.0000,0.0000,0.00000,0.0022,0.0000,3.2250,41.152,FEASIBLE,0,0.00
358.200,-0.00184,-0.00003,0.00005,0.0000,0.0000,0.00000,0.0314,0.0000,3.2250,41.409,FEASIBLE,0,0.00
358.300,-0.00184,-0.00003,0.00005,0.0000,0.0000,0.00000,0.0201,0.0000,3.2250,44.266,FEASIBLE,0,0.00
358.406,-0.00184,-0.00003,0.00005,0.0000,0.0000,0.00000,0.0191,0.0000,3.2250,45.601,FEASIBLE,0,0.00
358.500,-0.00184,-0.00003,0.00005,0.0000,0.0000,0.00000,0.0150,0.0000,3.2250,44.885,FEASIBLE,0,0.00
358.600,-0.00184,-0.00003,0.00005,0.0000,0.0000,0.00000,0.0001,0.0000,3.2250,44.875,FEASIBLE,0,0.00
358.700,-0.00184,-0.00003,0.00005,0.0000,0.0000,0.00000,0.0060,0.0000,3.2250,42.731,FEASIBLE,0,0.00
358.800,-0.00184,-0.00003,0.00005,0.0000,0.0000,0.00000,0.0135,0.0000,3.2250,43.804,FEASIBLE,0,0.00
358.900,-0.00184,-0.00003,0.00005,0.0000,0.0000,0.00000,0.0155,0.0000,3.2250,41.040,FEASIBLE,0,0.00
359.000,-0.00184,-0.00003,0.00005,0.0000,0.0000,0.00000,0.0346,0.0000,3.2250,43.541,FEASIBLE,0,0.00
359.100,-0.00184,-0.00003,0.00005,0.0000,0.0000,0.00000,0.0226,0.0000,3.2250,42.369,FEASIBLE,0,0.00
359.200,-0.00184,-0.00003,0.00005,0.0000,0.0000,0.00000,0.0053,0.0000,3.2250,42.790,FEASIBLE,0,0.00
359.300,-0.00184,-0.00003,0.00005,0.0000,0.0000,0.00000,0.0022,0.0000,3.2250,43.240,FEASIBLE,0,0.00
359.400,-0.00184,-0.00003,0.00005,0.0000,0.0000,0.00000,0.0185,0.0000,3.2250,39.841,FEASIBLE,0,0.00
359.500,-0.00184,-0.00003,0.00005,0.0000,0.0000,0.00000,0.0056,0.0000,3.2250,42.097,FEASIBLE,0,0.00
359.600,-0.00184,-0.00003,0.00005,0.0000,0.0000,0.00000,0.0007,0.0000,3.2250,42.107,FEASIBLE,0,0.00
359.700,-0.00184,-0.00003,0.00005,0.0000,0.0000,0.00000,0.0262,0.0000,3.2250,41.288,FEASIBLE,0,0.00
359.800,-0.00184,-0.00003,0.00005,0.0000,0.0000,0.00000,0.0223,0.0000,3.2250,41.339,FEASIBLE,0,0.00
359.900,-0.00184,-0.00003,0.00005,0.0000,0.0000,0.00000,0.0199,0.0000,3.2250,41.467,FEASIBLE,0,0.00
360.000,-0.00184,-0.00003,0.00005,0.0000,0.0000,0.00000,0.0136,0.0000,3.2250,42.159,FEASIBLE,0,0.00
360.100,-0.00184,-0.00003,0.00005,0.0000,0.0000,0.00000,0.0125,0.0000,3.2250,43.588,FEASIBLE,0,0.00
360.200,-0.00184,-0.00003,0.00005,0.0000,0.0000,0.00000,0.0385,0.0000,3.2250,45.192,FEASIBLE,0,0.00
360.300,-0.00184,-0.00003,0.00005,0.0000,0.0000,0.00000,0.0273,0.0000,3.2250,44.915,FEASIBLE,0,0.00
360.400,-0.00184,-0.00003,0.00005,0.0000,0.0000,0.00000,0.0138,0.0000,3.2250,42.735,FEASIBLE,0,0.00
360.500,-0.00184,-0.00003,0.00005,0.0000,0.0000,0.00000,0.0425,0.0000,3.2250,45.150,FEASIBLE,0,0.00
360.600,-0.00184,-0.00003,0.00005,0.0000,0.0000,0.00000,0.0192,0.0000,3.2250,43.234,FEASIBLE,0,0.00
360.700,-0.00184,-0.00003,0.00005,0.0000,0.0000,0.00000,0.0104,0.0000,3.2250,42.299,FEASIBLE,0,0.00
360.800,-0.00184,-0.00003,0.00005,0.0000,0.0000,0.00000,0.0193,0.0000,3.2250,42.338,FEASIBLE,0,0.00
360.902,-0.00184,-0.00003,0.00005,0.0000,0.0000,0.00000,0.0221,0.0000,3.2250,42.867,FEASIBLE,0,0.00
361.000,-0.00184,-0.00003,0.00005,0.0000,0.0000,0.00000,0.0190,0.0000,3.2250,42.970,FEASIBLE,0,0.00
361.102,-0.00184,-0.00003,0.00005,0.0000,0.0000,0.00000,0.0167,0.0000,3.2250,43.685,FEASIBLE,0,0.00
361.200,-0.00184,-0.00003,0.00005,0.0000,0.0000,0.00000,0.0127,0.0000,3.2250,43.672,FEASIBLE,0,0.00
361.300,-0.00184,-0.00003,0.00005,0.0000,0.0000,0.00000,0.0344,0.0000,3.2250,42.875,FEASIBLE,0,0.00
361.406,-0.00184,-0.00003,0.00005,0.0000,0.0000,0.00000,0.0151,0.0000,3.2250,40.856,FEASIBLE,0,0.00
361.500,-0.00184,-0.00003,0.00005,0.0000,0.0000,0.00000,0.0038,0.0000,3.2250,44.377,FEASIBLE,0,0.00
361.600,-0.00184,-0.00003,0.00005,0.0000,0.0000,0.00000,0.0140,0.0000,3.2250,41.889,FEASIBLE,0,0.00
361.700,-0.00184,-0.00003,0.00005,0.0000,0.0000,0.00000,0.0056,0.0000,3.2250,42.268,FEASIBLE,0,0.00
361.800,-0.00184,-0.00003,0.00005,0.0000,0.0000,0.00000,0.0133,0.0000,3.2250,43.823,FEASIBLE,0,0.00
361.900,-0.00184,-0.00003,0.00005,0.0000,0.0000,0.00000,0.0312,0.0000,3.2250,52.610,FEASIBLE,0,0.00
362.000,-0.00184,-0.00003,0.00005,0.0000,0.0000,0.00000,0.0027,0.0000,3.2250,44.562,FEASIBLE,0,0.00
362.100,-0.00184,-0.00003,0.00005,0.0000,0.0000,0.00000,0.0296,0.0000,3.2250,43.515,FEASIBLE,0,0.00
362.200,-0.00184,-0.00003,0.00005,0.0000,0.0000,0.00000,0.0092,0.0000,3.2250,40.701,FEASIBLE,0,0.00
362.300,-0.00184,-0.00003,0.00005,0.0000,0.0000,0.00000,0.0018,0.0000,3.2250,47.050,FEASIBLE,0,0.00
362.400,-0.00184,-0.00003,0.00005,0.0000,0.0000,0.00000,0.0164,0.0000,3.2250,42.154,FEASIBLE,0,0.00
362.502,-0.00184,-0.00003,0.00005,0.0000,0.0000,0.00000,0.0410,0.0000,3.2250,39.114,FEASIBLE,0,0.00
362.600,-0.00184,-0.00003,0.00005,0.0000,0.0000,0.00000,0.0106,0.0000,3.2250,50.293,FEASIBLE,0,0.00
362.700,-0.00184,-0.00003,0.00005,0.0000,0.0000,0.00000,0.0139,0.0000,3.2250,41.788,FEASIBLE,0,0.00
362.800,-0.00184,-0.00003,0.00005,0.0000,0.0000,0.00000,0.0121,0.0000,3.2250,42.283,FEASIBLE,0,0.00
362.900,-0.00184,-0.00003,0.00005,0.0000,0.0000,0.00000,0.0280,0.0000,3.2250,39.000,FEASIBLE,0,0.00
363.000,-0.00184,-0.00003,0.00005,0.0000,0.0000,0.00000,0.0158,0.0000,3.2250,37.249,FEASIBLE,0,0.00
363.100,-0.00184,-0.00003,0.00005,0.0000,0.0000,0.00000,0.0055,0.0000,3.2250,37.017,FEASIBLE,0,0.00
363.200,-0.00184,-0.00003,0.00005,0.0000,0.0000,0.00000,0.0418,0.0000,3.2250,41.575,FEASIBLE,0,0.00
363.300,-0.00184,-0.00003,0.00005,0.0000,0.0000,0.00000,0.0278,0.0000,3.2250,40.928,FEASIBLE,0,0.00
363.400,-0.00184,-0.00003,0.00005,0.0000,0.0000,0.00000,0.0060,0.0000,3.2250,40.113,FEASIBLE,0,0.00
363.500,-0.00184,-0.00003,0.00005,0.0000,0.0000,0.00000,0.0003,0.0000,3.2250,40.126,FEASIBLE,0,0.00
363.600,-0.00184,-0.00003,0.00005,0.0000,0.0000,0.00000,0.0053,0.0000,3.2250,43.135,FEASIBLE,0,0.00
363.700,-0.00184,-0.00003,0.00005,0.0000,0.0000,0.00000,0.0109,0.0000,3.2250,52.847,FEASIBLE,0,0.00
363.800,-0.00184,-0.00003,0.00005,0.0000,0.0000,0.00000,0.0118,0.0000,3.2250,41.465,FEASIBLE,0,0.00
363.900,-0.00184,-0.00003,0.00005,0.0000,0.0000,0.00000,0.0068,0.0000,3.2250,40.887,FEASIBLE,0,0.00
364.000,-0.00184,-0.00003,0.00005,0.0000,0.0000,0.00000,0.0071,0.0000,3.2250,39.715,FEASIBLE,0,0.00
364.100,-0.00184,-0.00003,0.00005,0.0000,0.0000,0.00000,0.0098,0.0000,3.2250,39.283,FEASIBLE,0,0.00
364.204,-0.00184,-0.00003,0.00005,0.0000,0.0000,0.00000,0.0015,0.0000,3.2250,39.472,FEASIBLE,0,0.00
364.302,-0.00184,-0.00003,0.00005,0.0000,0.0000,0.00000,0.0235,0.0000,3.2250,40.647,FEASIBLE,0,0.00
364.400,-0.00184,-0.00003,0.00005,0.0000,0.0000,0.00000,0.0036,0.0000,3.2250,40.583,FEASIBLE,0,0.00
364.500,-0.00184,-0.00003,0.00005,0.0000,0.0000,0.00000,0.0393,0.0000,3.2250,45.169,FEASIBLE,0,0.00
364.600,-0.00184,-0.00003,0.00005,0.0000,0.0000,0.00000,0.0029,0.0000,3.2250,39.566,FEASIBLE,0,0.00
364.700,-0.00184,-0.00003,0.00005,0.0000,0.0000,0.00000,0.0257,0.0000,3.2250,40.799,FEASIBLE,0,0.00
364.800,-0.00184,-0.00003,0.00005,0.0000,0.0000,0.00000,0.0189,0.0000,3.2250,40.422,FEASIBLE,0,0.00
364.900,-0.00184,-0.00003,0.00005,0.0000,0.0000,0.00000,0.0265,0.0000,3.2250,42.007,FEASIBLE,0,0.00
365.000,-0.00184,-0.00003,0.00005,0.0000,0.0000,0.00000,0.0141,0.0000,3.2250,49.346,FEASIBLE,0,0.00
365.100,-0.00184,-0.00003,0.00005,0.0000,0.0000,0.00000,0.0026,0.0000,3.2250,43.910,FEASIBLE,0,0.00
365.200,-0.00184,-0.00003,0.00005,0.0000,0.0000,0.00000,0.0358,0.0000,3.2250,42.635,FEASIBLE,0,0.00
365.300,-0.00184,-0.00003,0.00005,0.0000,0.0000,0.00000,0.0120,0.0000,3.2250,44.501,FEASIBLE,0,0.00
365.400,-0.00184,-0.00003,0.00005,0.0000,0.0000,0.00000,0.0063,0.0000,3.2250,41.956,FEASIBLE,0,0.00
365.500,-0.00184,-0.00003,0.00005,0.0000,0.0000,0.00000,0.0194,0.0000,3.2250,42.333,FEASIBLE,0,0.00
365.600,-0.00184,-0.00003,0.00005,0.0000,0.0000,0.00000,0.0311,0.0000,3.2250,42.325,FEASIBLE,0,0.00
365.700,-0.00184,-0.00003,0.00005,0.0000,0.0000,0.00000,0.0268,0.0000,3.2250,44.867,FEASIBLE,0,0.00
365.800,-0.00184,-0.00003,0.00005,0.0000,0.0000,0.00000,0.0152,0.0000,3.2250,44.167,FEASIBLE,0,0.00
365.900,-0.00184,-0.00003,0.00005,0.0000,0.0000,0.00000,0.0337,0.0000,3.2250,41.562,FEASIBLE,0,0.00
366.000,-0.00184,-0.00003,0.00005,0.0000,0.0000,0.00000,0.0168,0.0000,3.2250,39.146,FEASIBLE,0,0.00
366.100,-0.00184,-0.00003,0.00005,0.0000,0.0000,0.00000,0.0114,0.0000,3.2250,40.072,FEASIBLE,0,0.00
366.200,-0.00184,-0.00003,0.00005,0.0000,0.0000,0.00000,0.0275,0.0000,3.2250,42.743,FEASIBLE,0,0.00
366.300,-0.00184,-0.00003,0.00005,0.0000,0.0000,0.00000,0.0366,0.0000,3.2250,43.897,FEASIBLE,0,0.00
366.400,-0.00184,-0.00003,0.00005,0.0000,0.0000,0.00000,0.0127,0.0000,3.2250,43.135,FEASIBLE,0,0.00
366.500,-0.00184,-0.00003,0.00005,0.0000,0.0000,0.00000,0.0204,0.0000,3.2250,40.270,FEASIBLE,0,0.00
366.602,-0.00184,-0.00003,0.00005,0.0000,0.0000,0.00000,0.0277,0.0000,3.2250,40.286,FEASIBLE,0,0.00
366.700,-0.00184,-0.00003,0.00005,0.0000,0.0000,0.00000,0.0174,0.0000,3.2250,42.756,FEASIBLE,0,0.00
366.800,-0.00184,-0.00003,0.00005,0.0000,0.0000,0.00000,0.0117,0.0000,3.2250,41.254,FEASIBLE,0,0.00
366.900,-0.00184,-0.00003,0.00005,0.0000,0.0000,0.00000,0.0246,0.0000,3.2250,49.024,FEASIBLE,0,0.00
367.000,-0.00184,-0.00003,0.00005,0.0000,0.0000,0.00000,0.0344,0.0000,3.2250,45.617,FEASIBLE,0,0.00
367.100,-0.00184,-0.00003,0.00005,0.0000,0.0000,0.00000,0.0074,0.0000,3.2250,40.790,FEASIBLE,0,0.00
367.200,-0.00184,-0.00003,0.00005,0.0000,0.0000,0.00000,0.0077,0.0000,3.2250,51.136,FEASIBLE,0,0.00
367.300,-0.00184,-0.00003,0.00005,0.0000,0.0000,0.00000,0.0128,0.0000,3.2250,42.480,FEASIBLE,0,0.00
367.400,-0.00184,-0.00003,0.00005,0.0000,0.0000,0.00000,0.0295,0.0000,3.2250,40.206,FEASIBLE,0,0.00
367.504,-0.00184,-0.00003,0.00005,0.0000,0.0000,0.00000,0.0050,0.0000,3.2250,41.136,FEASIBLE,0,0.00
367.602,-0.00184,-0.00003,0.00005,0.0000,0.0000,0.00000,0.0137,0.0000,3.2250,40.825,FEASIBLE,0,0.00
367.700,-0.00184,-0.00003,0.00005,0.0000,0.0000,0.00000,0.0106,0.0000,3.2250,40.220,FEASIBLE,0,0.00
367.800,-0.00184,-0.00003,0.00005,0.0000,0.0000,0.00000,0.0403,0.0000,3.2250,43.403,FEASIBLE,0,0.00
367.902,-0.00184,-0.00003,0.00005,0.0000,0.0000,0.00000,0.0003,0.0000,3.2250,41.765,FEASIBLE,0,0.00
368.000,-0.00184,-0.00003,0.00005,0.0000,0.0000,0.00000,0.0116,0.0000,3.2250,50.584,FEASIBLE,0,0.00
368.100,-0.00184,-0.00003,0.00005,0.0000,0.0000,0.00000,0.0029,0.0000,3.2250,41.100,FEASIBLE,0,0.00
368.200,-0.00184,-0.00003,0.00005,0.0000,0.0000,0.00000,0.0198,0.0000,3.2250,42.248,FEASIBLE,0,0.00
368.300,-0.00184,-0.00003,0.00005,0.0000,0.0000,0.00000,0.0187,0.0000,3.2250,40.295,FEASIBLE,0,0.00
368.406,-0.00184,-0.00003,0.00005,0.0000,0.0000,0.00000,0.0144,0.0000,3.2250,40.118,FEASIBLE,0,0.00
368.500,-0.00184,-0.00003,0.00005,0.0000,0.0000,0.00000,0.0308,0.0000,3.2250,43.591,FEASIBLE,0,0.00
368.600,-0.00184,-0.00003,0.00005,0.0000,0.0000,0.00000,0.0040,0.0000,3.2250,43.453,FEASIBLE,0,0.00
368.700,-0.00184,-0.00003,0.00005,0.0000,0.0000,0.00000,0.0053,0.0000,3.2250,43.408,FEASIBLE,0,0.00
368.800,-0.00184,-0.00003,0.00005,0.0000,0.0000,0.00000,0.0211,0.0000,3.2250,44.925,FEASIBLE,0,0.00
368.900,-0.00184,-0.00003,0.00005,0.0000,0.0000,0.00000,0.0323,0.0000,3.2250,44.971,FEASIBLE,0,0.00
369.000,-0.00184,-0.00003,0.00005,0.0000,0.0000,0.00000,0.0289,0.0000,3.2250,42.349,FEASIBLE,0,0.00
369.100,-0.00184,-0.00003,0.00005,0.0000,0.0000,0.00000,0.0001,0.0000,3.2250,41.352,FEASIBLE,0,0.00
369.200,-0.00184,-0.00003,0.00005,0.0000,0.0000,0.00000,0.0133,0.0000,3.2250,43.513,FEASIBLE,0,0.00
369.300,-0.00184,-0.00003,0.00005,0.0000,0.0000,0.00000,0.0194,0.0000,3.2250,42.421,FEASIBLE,0,0.00
369.400,-0.00184,-0.00003,0.00005,0.0000,0.0000,0.00000,0.0093,0.0000,3.2250,41.836,FEASIBLE,0,0.00
369.500,-0.00184,-0.00003,0.00005,0.0000,0.0000,0.00000,0.0151,0.0000,3.2250,45.049,FEASIBLE,0,0.00
369.600,-0.00184,-0.00003,0.00005,0.0000,0.0000,0.00000,0.0048,0.0000,3.2250,40.390,FEASIBLE,0,0.00
369.700,-0.00184,-0.00003,0.00005,0.0000,0.0000,0.00000,0.0291,0.0000,3.2250,38.594,FEASIBLE,0,0.00
369.800,-0.00184,-0.00003,0.00005,0.0000,0.0000,0.00000,0.0151,0.0000,3.2250,37.897,FEASIBLE,0,0.00
369.900,-0.00184,-0.00003,0.00005,0.0000,0.0000,0.00000,0.0219,0.0000,3.2250,38.028,FEASIBLE,0,0.00
370.000,-0.00184,-0.00003,0.00005,0.0000,0.0000,0.00000,0.0121,0.0000,3.2250,39.670,FEASIBLE,0,0.00
370.100,-0.00184,-0.00003,0.00005,0.0000,0.0000,0.00000,0.0255,0.0000,3.2250,39.550,FEASIBLE,0,0.00
370.200,-0.00184,-0.00003,0.00005,0.0000,0.0000,0.00000,0.0063,0.0000,3.2250,42.628,FEASIBLE,0,0.00
370.300,-0.00184,-0.00003,0.00005,0.0000,0.0000,0.00000,0.0048,0.0000,3.2250,40.825,FEASIBLE,0,0.00
370.400,-0.00184,-0.00003,0.00005,0.0000,0.0000,0.00000,0.0395,0.0000,3.2250,40.125,FEASIBLE,0,0.00
370.506,-0.00184,-0.00003,0.00005,0.0000,0.0000,0.00000,0.0027,0.0000,3.2250,40.294,FEASIBLE,0,0.00
370.600,-0.00184,-0.00003,0.00005,0.0000,0.0000,0.00000,0.0072,0.0000,3.2250,40.899,FEASIBLE,0,0.00
370.700,-0.00184,-0.00003,0.00005,0.0000,0.0000,0.00000,0.0247,0.0000,3.2250,39.211,FEASIBLE,0,0.00
370.800,-0.00184,-0.00003,0.00005,0.0000,0.0000,0.00000,0.0053,0.0000,3.2250,38.152,FEASIBLE,0,0.00
370.900,-0.00184,-0.00003,0.00005,0.0000,0.0000,0.00000,0.0073,0.0000,3.2250,41.692,FEASIBLE,0,0.00
371.002,-0.00184,-0.00003,0.00005,0.0000,0.0000,0.00000,0.0201,0.0000,3.2250,40.675,FEASIBLE,0,0.00
371.100,-0.00184,-0.00003,0.00005,0.0000,0.0000,0.00000,0.0370,0.0000,3.2250,41.774,FEASIBLE,0,0.00
371.200,-0.00184,-0.00003,0.00005,0.0000,0.0000,0.00000,0.0044,0.0000,3.2250,39.777,FEASIBLE,0,0.00
371.304,-0.00184,-0.00003,0.00005,0.0000,0.0000,0.00000,0.0148,0.0000,3.2250,41.479,FEASIBLE,0,0.00
371.400,-0.00184,-0.00003,0.00005,0.0000,0.0000,0.00000,0.0173,0.0000,3.2250,41.519,FEASIBLE,0,0.00
371.500,-0.00184,-0.00003,0.00005,0.0000,0.0000,0.00000,0.0102,0.0000,3.2250,40.098,FEASIBLE,0,0.00
371.600,-0.00184,-0.00003,0.00005,0.0000,0.0000,0.00000,0.0008,0.0000,3.2250,38.971,FEASIBLE,0,0.00
371.700,-0.00184,-0.00003,0.00005,0.0000,0.0000,0.00000,0.0059,0.0000,3.2250,38.644,FEASIBLE,0,0.00
371.800,-0.00184,-0.00003,0.00005,0.0000,0.0000,0.00000,0.0222,0.0000,3.2250,38.551,FEASIBLE,0,0.00
371.900,-0.00184,-0.00003,0.00005,0.0000,0.0000,0.00000,0.0113,0.0000,3.2250,38.350,FEASIBLE,0,0.00
372.002,-0.00184,-0.00003,0.00005,0.0000,0.0000,0.00000,0.0122,0.0000,3.2250,39.566,FEASIBLE,0,0.00
372.100,-0.00184,-0.00003,0.00005,0.0000,0.0000,0.00000,0.0185,0.0000,3.2250,41.618,FEASIBLE,0,0.00
372.200,-0.00184,-0.00003,0.00005,0.0000,0.0000,0.00000,0.0129,0.0000,3.2250,40.237,FEASIBLE,0,0.00
372.300,-0.00184,-0.00003,0.00005,0.0000,0.0000,0.00000,0.0060,0.0000,3.2250,40.426,FEASIBLE,0,0.00
372.400,-0.00184,-0.00003,0.00005,0.0000,0.0000,0.00000,0.0012,0.0000,3.2250,39.731,FEASIBLE,0,0.00
372.500,-0.00184,-0.00003,0.00005,0.0000,0.0000,0.00000,0.0139,0.0000,3.2250,39.763,FEASIBLE,0,0.00
372.600,-0.00184,-0.00003,0.00005,0.0000,0.0000,0.00000,0.0126,0.0000,3.2250,40.862,FEASIBLE,0,0.00
372.700,-0.00184,-0.00003,0.00005,0.0000,0.0000,0.00000,0.0047,0.0000,3.2250,46.926,FEASIBLE,0,0.00
372.800,-0.00184,-0.00003,0.00005,0.0000,0.0000,0.00000,0.0033,0.0000,3.2250,43.989,FEASIBLE,0,0.00
372.900,-0.00184,-0.00003,0.00005,0.0000,0.0000,0.00000,0.0100,0.0000,3.2250,51.695,FEASIBLE,0,0.00
373.000,-0.00184,-0.00003,0.00005,0.0000,0.0000,0.00000,0.0010,0.0000,3.2250,46.487,FEASIBLE,0,0.00
373.100,-0.00184,-0.00003,0.00005,0.0000,0.0000,0.00000,0.0244,0.0000,3.2250,47.887,FEASIBLE,0,0.00
373.200,-0.00184,-0.00003,0.00005,0.0000,0.0000,0.00000,0.0027,0.0000,3.2250,45.889,FEASIBLE,0,0.00
373.300,-0.00184,-0.00003,0.00005,0.0000,0.0000,0.00000,0.0220,0.0000,3.2250,41.965,FEASIBLE,0,0.00
373.400,-0.00184,-0.00003,0.00005,0.0000,0.0000,0.00000,0.0123,0.0000,3.2250,39.173,FEASIBLE,0,0.00
373.500,-0.00184,-0.00003,0.00005,0.0000,0.0000,0.00000,0.0241,0.0000,3.2250,39.693,FEASIBLE,0,0.00
373.600,-0.00184,-0.00003,0.00005,0.0000,0.0000,0.00000,0.0079,0.0000,3.2250,39.670,FEASIBLE,0,0.00
373.700,-0.00184,-0.00003,0.00005,0.0000,0.0000,0.00000,0.0069,0.0000,3.2250,38.311,FEASIBLE,0,0.00
373.802,-0.00184,-0.00003,0.00005,0.0000,0.0000,0.00000,0.0048,0.0000,3.2250,39.123,FEASIBLE,0,0.00
373.900,-0.00184,-0.00003,0.00005,0.0000,0.0000,0.00000,0.0043,0.0000,3.2250,38.337,FEASIBLE,0,0.00
374.000,-0.00184,-0.00003,0.00005,0.0000,0.0000,0.00000,0.0104,0.0000,3.2250,40.154,FEASIBLE,0,0.00
374.100,-0.00184,-0.00003,0.00005,0.0000,0.0000,0.00000,0.0301,0.0000,3.2250,42.295,FEASIBLE,0,0.00
374.202,-0.00184,-0.00003,0.00005,0.0000,0.0000,0.00000,0.0064,0.0000,3.2250,40.709,FEASIBLE,0,0.00
374.300,-0.00184,-0.00003,0.00005,0.0000,0.0000,0.00000,0.0038,0.0000,3.2250,41.788,FEASIBLE,0,0.00
374.402,-0.00184,-0.00003,0.00005,0.0000,0.0000,0.00000,0.0199,0.0000,3.2250,44.729,FEASIBLE,0,0.00
374.502,-0.00184,-0.00003,0.00005,0.0000,0.0000,0.00000,0.0056,0.0000,3.2250,43.388,FEASIBLE,0,0.00
374.600,-0.00184,-0.00003,0.00005,0.0000,0.0000,0.00000,0.0261,0.0000,3.2250,41.088,FEASIBLE,0,0.00
374.700,-0.00184,-0.00003,0.00005,0.0000,0.0000,0.00000,0.0301,0.0000,3.2250,59.531,FEASIBLE,0,0.00
374.800,-0.00184,-0.00003,0.00005,0.0000,0.0000,0.00000,0.0054,0.0000,3.2250,41.544,FEASIBLE,0,0.00
374.900,-0.00184,-0.00003,0.00005,0.0000,0.0000,0.00000,0.0226,0.0000,3.2250,40.180,FEASIBLE,0,0.00
375.000,-0.00184,-0.00003,0.00005,0.0000,0.0000,0.00000,0.0368,0.0000,3.2250,39.872,FEASIBLE,0,0.00
375.100,-0.00184,-0.00003,0.00005,0.0000,0.0000,0.00000,0.0067,0.0000,3.2250,42.330,FEASIBLE,0,0.00
375.200,-0.00184,-0.00003,0.00005,0.0000,0.0000,0.00000,0.0052,0.0000,3.2250,40.589,FEASIBLE,0,0.00
375.300,-0.00184,-0.00003,0.00005,0.0000,0.0000,0.00000,0.0347,0.0000,3.2250,48.044,FEASIBLE,0,0.00
375.400,-0.00184,-0.00003,0.00005,0.0000,0.0000,0.00000,0.0320,0.0000,3.2250,43.613,FEASIBLE,0,0.00
375.500,-0.00184,-0.00003,0.00005,0.0000,0.0000,0.00000,0.0189,0.0000,3.2250,46.249,FEASIBLE,0,0.00
375.600,-0.00184,-0.00003,0.00005,0.0000,0.0000,0.00000,0.0171,0.0000,3.2250,40.222,FEASIBLE,0,0.00
375.700,-0.00184,-0.00003,0.00005,0.0000,0.0000,0.00000,0.0046,0.0000,3.2250,41.838,FEASIBLE,0,0.00
375.800,-0.00184,-0.00003,0.00005,0.0000,0.0000,0.00000,0.0068,0.0000,3.2250,40.979,FEASIBLE,0,0.00
375.900,-0.00184,-0.00003,0.00005,0.0000,0.0000,0.00000,0.0114,0.0000,3.2250,42.393,FEASIBLE,0,0.00
376.000,-0.00184,-0.00003,0.00005,0.0000,0.0000,0.00000,0.0023,0.0000,3.2250,45.380,FEASIBLE,0,0.00
376.100,-0.00184,-0.00003,0.00005,0.0000,0.0000,0.00000,0.0205,0.0000,3.2250,48.269,FEASIBLE,0,0.00
376.200,-0.00184,-0.00003,0.00005,0.0000,0.0000,0.00000,0.0038,0.0000,3.2250,40.923,FEASIBLE,0,0.00
376.300,-0.00184,-0.00003,0.00005,0.0000,0.0000,0.00000,0.0034,0.0000,3.2250,38.868,FEASIBLE,0,0.00
376.400,-0.00184,-0.00003,0.00005,0.0000,0.0000,0.00000,0.0381,0.0000,3.2250,40.903,FEASIBLE,0,0.00
376.500,-0.00184,-0.00003,0.00005,0.0000,0.0000,0.00000,0.0119,0.0000,3.2250,41.405,FEASIBLE,0,0.00
376.600,-0.00184,-0.00003,0.00005,0.0000,0.0000,0.00000,0.0156,0.0000,3.2250,41.143,FEASIBLE,0,0.00
376.700,-0.00184,-0.00003,0.00005,0.0000,0.0000,0.00000,0.0050,0.0000,3.2250,43.961,FEASIBLE,0,0.00
376.802,-0.00184,-0.00003,0.00005,0.0000,0.0000,0.00000,0.0089,0.0000,3.2250,44.685,FEASIBLE,0,0.00
376.900,-0.00184,-0.00003,0.00005,0.0000,0.0000,0.00000,0.0076,0.0000,3.2250,43.685,FEASIBLE,0,0.00
377.000,-0.00184,-0.00003,0.00005,0.0000,0.0000,0.00000,0.0109,0.0000,3.2250,43.681,FEASIBLE,0,0.00
377.100,-0.00184,-0.00003,0.00005,0.0000,0.0000,0.00000,0.0250,0.0000,3.2250,39.561,FEASIBLE,0,0.00
377.200,-0.00184,-0.00003,0.00005,0.0000,0.0000,0.00000,0.0020,0.0000,3.2250,39.191,FEASIBLE,0,0.00
377.300,-0.00184,-0.00003,0.00005,0.0000,0.0000,0.00000,0.0056,0.0000,3.2250,41.267,FEASIBLE,0,0.00
377.402,-0.00184,-0.00003,0.00005,0.0000,0.0000,0.00000,0.0036,0.0000,3.2250,38.575,FEASIBLE,0,0.00
377.500,-0.00184,-0.00003,0.00005,0.0000,0.0000,0.00000,0.0120,0.0000,3.2250,38.329,FEASIBLE,0,0.00
377.600,-0.00184,-0.00003,0.00005,0.0000,0.0000,0.00000,0.0077,0.0000,3.2250,40.277,FEASIBLE,0,0.00
377.702,-0.00184,-0.00003,0.00005,0.0000,0.0000,0.00000,0.0093,0.0000,3.2250,41.199,FEASIBLE,0,0.00
377.800,-0.00184,-0.00003,0.00005,0.0000,0.0000,0.00000,0.0071,0.0000,3.2250,41.038,FEASIBLE,0,0.00
377.900,-0.00184,-0.00003,0.00005,0.0000,0.0000,0.00000,0.0357,0.0000,3.2250,43.410,FEASIBLE,0,0.00
378.000,-0.00184,-0.00003,0.00005,0.0000,0.0000,0.00000,0.0293,0.0000,3.2250,41.932,FEASIBLE,0,0.00
378.100,-0.00184,-0.00003,0.00005,0.0000,0.0000,0.00000,0.0177,0.0000,3.2250,39.059,FEASIBLE,0,0.00
378.200,-0.00184,-0.00003,0.00005,0.0000,0.0000,0.00000,0.0116,0.0000,3.2250,44.958,FEASIBLE,0,0.00
378.300,-0.00184,-0.00003,0.00005,0.0000,0.0000,0.00000,0.0026,0.0000,3.2250,43.531,FEASIBLE,0,0.00
378.400,-0.00184,-0.00003,0.00005,0.0000,0.0000,0.00000,0.0141,0.0000,3.2250,45.171,FEASIBLE,0,0.00
378.500,-0.00184,-0.00003,0.00005,0.0000,0.0000,0.00000,0.0140,0.0000,3.2250,48.702,FEASIBLE,0,0.00
378.600,-0.00184,-0.00003,0.00005,0.0000,0.0000,0.00000,0.0018,0.0000,3.2250,43.908,FEASIBLE,0,0.00
378.700,-0.00184,-0.00003,0.00005,0.0000,0.0000,0.00000,0.0293,0.0000,3.2250,45.463,FEASIBLE,0,0.00
378.800,-0.00184,-0.00003,0.00005,0.0000,0.0000,0.00000,0.0200,0.0000,3.2250,41.236,FEASIBLE,0,0.00
378.900,-0.00184,-0.00003,0.00005,0.0000,0.0000,0.00000,0.0030,0.0000,3.2250,53.009,FEASIBLE,0,0.00
379.000,-0.00184,-0.00003,0.00005,0.0000,0.0000,0.00000,0.0085,0.0000,3.2250,46.934,FEASIBLE,0,0.00
379.100,-0.00184,-0.00003,0.00005,0.0000,0.0000,0.00000,0.0261,0.0000,3.2250,40.747,FEASIBLE,0,0.00
379.200,-0.00184,-0.00003,0.00005,0.0000,0.0000,0.00000,0.0013,0.0000,3.2250,38.895,FEASIBLE,0,0.00
379.300,-0.00184,-0.00003,0.00005,0.0000,0.0000,0.00000,0.0296,0.0000,3.2250,40.651,FEASIBLE,0,0.00
379.400,-0.00184,-0.00003,0.00005,0.0000,0.0000,0.00000,0.0063,0.0000,3.2250,39.817,FEASIBLE,0,0.00
379.500,-0.00184,-0.00003,0.00005,0.0000,0.0000,0.00000,0.0164,0.0000,3.2250,38.902,FEASIBLE,0,0.00
379.600,-0.00184,-0.00003,0.00005,0.0000,0.0000,0.00000,0.0125,0.0000,3.2250,38.292,FEASIBLE,0,0.00
379.700,-0.00184,-0.00003,0.00005,0.0000,0.0000,0.00000,0.0030,0.0000,3.2250,39.704,FEASIBLE,0,0.00
379.800,-0.00184,-0.00003,0.00005,0.0000,0.0000,0.00000,0.0254,0.0000,3.2250,38.363,FEASIBLE,0,0.00
379.900,-0.00184,-0.00003,0.00005,0.0000,0.0000,0.00000,0.0019,0.0000,3.2250,39.071,FEASIBLE,0,0.00
380.000,-0.00184,-0.00003,0.00005,0.0000,0.0000,0.00000,0.0153,0.0000,3.2250,37.773,FEASIBLE,0,0.00
380.100,-0.00184,-0.00003,0.00005,0.0000,0.0000,0.00000,0.0115,0.0000,3.2250,39.196,FEASIBLE,0,0.00
380.200,-0.00184,-0.00003,0.00005,0.0000,0.0000,0.00000,0.0169,0.0000,3.2250,38.140,FEASIBLE,0,0.00
380.300,-0.00184,-0.00003,0.00005,0.0000,0.0000,0.00000,0.0050,0.0000,3.2250,38.668,FEASIBLE,0,0.00
380.400,-0.00184,-0.00003,0.00005,0.0000,0.0000,0.00000,0.0068,0.0000,3.2250,39.308,FEASIBLE,0,0.00
380.500,-0.00184,-0.00003,0.00005,0.0000,0.0000,0.00000,0.0087,0.0000,3.2250,37.644,FEASIBLE,0,0.00
380.600,-0.00184,-0.00003,0.00005,0.0000,0.0000,0.00000,0.0093,0.0000,3.2250,39.361,FEASIBLE,0,0.00
380.702,-0.00184,-0.00003,0.00005,0.0000,0.0000,0.00000,0.0174,0.0000,3.2250,39.822,FEASIBLE,0,0.00
380.802,-0.00184,-0.00003,0.00005,0.0000,0.0000,0.00000,0.0134,0.0000,3.2250,39.268,FEASIBLE,0,0.00
380.902,-0.00184,-0.00003,0.00005,0.0000,0.0000,0.00000,0.0333,0.0000,3.2250,41.329,FEASIBLE,0,0.00
381.000,-0.00184,-0.00003,0.00005,0.0000,0.0000,0.00000,0.0276,0.0000,3.2250,41.498,FEASIBLE,0,0.00
381.100,-0.00184,-0.00003,0.00005,0.0000,0.0000,0.00000,0.0140,0.0000,3.2250,42.438,FEASIBLE,0,0.00
381.200,-0.00184,-0.00003,0.00005,0.0000,0.0000,0.00000,0.0427,0.0000,3.2250,40.839,FEASIBLE,0,0.00
381.300,-0.00184,-0.00003,0.00005,0.0000,0.0000,0.00000,0.0247,0.0000,3.2250,39.043,FEASIBLE,0,0.00
381.400,-0.00184,-0.00003,0.00005,0.0000,0.0000,0.00000,0.0116,0.0000,3.2250,40.428,FEASIBLE,0,0.00
381.500,-0.00184,-0.00003,0.00005,0.0000,0.0000,0.00000,0.0156,0.0000,3.2250,40.247,FEASIBLE,0,0.00
381.600,-0.00184,-0.00003,0.00005,0.0000,0.0000,0.00000,0.0086,0.0000,3.2250,42.090,FEASIBLE,0,0.00
381.700,-0.00184,-0.00003,0.00005,0.0000,0.0000,0.00000,0.0113,0.0000,3.2250,40.250,FEASIBLE,0,0.00
381.800,-0.00184,-0.00003,0.00005,0.0000,0.0000,0.00000,0.0059,0.0000,3.2250,40.762,FEASIBLE,0,0.00
381.900,-0.00184,-0.00003,0.00005,0.0000,0.0000,0.00000,0.0134,0.0000,3.2250,39.352,FEASIBLE,0,0.00
382.000,-0.00184,-0.00003,0.00005,0.0000,0.0000,0.00000,0.0235,0.0000,3.2250,40.066,FEASIBLE,0,0.00
382.100,-0.00184,-0.00003,0.00005,0.0000,0.0000,0.00000,0.0079,0.0000,3.2250,37.863,FEASIBLE,0,0.00
