time_s,x,y,yaw_rad,speed_mps,command_speed_mps,steering_rad,tracking_error_m,center_error_m,minimum_clearance_m,planning_ms,planner_status,collision_count,progress_percent
0.100,-0.00000,-0.00000,-0.00000,0.0000,0.0000,0.00000,inf,0.0000,3.2250,0.000,WAITING,0,0.00
0.200,-0.00226,-0.00008,0.00004,0.1042,3.9038,0.00698,0.0015,0.0001,3.2249,36.462,FEASIBLE,0,0.00
0.300,-0.00398,0.00083,0.00175,0.0418,2.6958,0.00698,0.0106,0.0008,3.2242,35.625,FEASIBLE,0,0.00
0.400,-0.00582,0.00306,0.00499,0.0156,2.4832,0.02094,0.0139,0.0031,3.2219,35.111,FEASIBLE,0,0.00
0.500,-0.00457,0.00554,0.00859,0.0401,2.6387,0.02094,0.0372,0.0055,3.2195,35.401,FEASIBLE,0,0.00
0.600,0.00201,0.00866,0.01299,0.0997,2.6677,0.02094,0.0177,0.0087,3.2163,34.276,FEASIBLE,0,0.00
0.700,0.01578,0.01241,0.01807,0.1747,2.6032,0.03010,0.0072,0.0124,3.2126,34.520,FEASIBLE,0,0.00
0.800,0.03826,0.01583,0.02235,0.2587,2.4917,0.01614,0.0062,0.0158,3.2092,35.964,FEASIBLE,0,0.00
0.900,0.06965,0.01855,0.02518,0.3488,2.4558,0.03010,0.0022,0.0186,3.2064,35.751,FEASIBLE,0,0.00
1.004,0.11039,0.02056,0.02655,0.4465,2.4737,0.03010,0.0208,0.0206,3.2044,34.913,FEASIBLE,0,0.00
1.100,0.16195,0.02248,0.02731,0.5588,2.3708,0.03010,0.0076,0.0225,3.2025,33.209,FEASIBLE,0,0.00
1.200,0.22520,0.02507,0.02850,0.6782,2.2078,0.03512,0.0130,0.0251,3.1999,38.599,FEASIBLE,0,0.00
1.300,0.31670,0.03047,0.03230,0.8206,1.9840,0.02931,0.0066,0.0305,3.1945,34.674,FEASIBLE,0,0.50
1.400,0.38711,0.03633,0.03722,0.9149,2.6416,0.02931,0.0058,0.0363,3.1887,34.497,FEASIBLE,0,0.50
1.500,0.46334,0.05281,0.04427,0.7196,2.8795,0.02931,0.0143,0.0528,3.1722,35.240,FEASIBLE,0,0.50
1.600,0.53212,0.07112,0.05563,0.7295,2.8115,0.02931,0.0319,0.0711,3.1539,33.554,FEASIBLE,0,0.50
1.700,0.61286,0.07557,0.06569,0.9125,3.0006,0.02931,0.0369,0.0756,3.1494,34.919,FEASIBLE,0,0.50
1.800,0.72386,0.07644,0.06930,1.2841,2.8567,0.01535,0.0234,0.0764,3.1486,34.563,FEASIBLE,0,0.50
1.900,0.86900,0.08763,0.07136,1.5195,2.4954,0.01535,0.0225,0.0876,3.1374,36.583,FEASIBLE,0,1.00
2.000,1.02788,0.09840,0.07110,1.6437,3.1767,0.01535,0.0310,0.0984,3.1266,34.405,FEASIBLE,0,1.00
2.100,1.19973,0.10910,0.06990,1.7693,3.2906,0.00481,0.0144,0.1091,3.1159,34.681,FEASIBLE,0,1.00
2.200,1.38409,0.12089,0.06939,1.8973,3.0416,0.01877,0.0317,0.1209,3.1041,34.456,FEASIBLE,0,1.50
2.300,1.58085,0.13503,0.07103,2.0222,3.5022,0.00481,0.0147,0.1350,3.0900,34.529,FEASIBLE,0,1.50
2.400,1.78921,0.15287,0.07591,2.1368,3.5557,-0.00915,0.0076,0.1529,3.0721,34.053,FEASIBLE,0,2.00
2.500,2.00850,0.17449,0.08313,2.2475,3.3318,-0.00915,0.0180,0.1745,3.0505,34.284,FEASIBLE,0,2.00
2.600,2.23874,0.19911,0.09082,2.3592,3.9653,-0.02311,0.0013,0.1991,3.0259,33.299,FEASIBLE,0,2.00
2.700,2.48005,0.22537,0.09692,2.4779,4.0048,-0.03708,0.0179,0.2254,2.9996,33.569,FEASIBLE,0,2.50
2.800,2.73441,0.25192,0.09951,2.6098,4.6947,-0.05104,0.0234,0.2519,2.9731,34.668,FEASIBLE,0,2.50
2.900,3.00226,0.27618,0.09656,2.7438,5.4161,-0.06500,0.0222,0.2762,2.9488,35.428,FEASIBLE,0,3.00
3.000,3.28455,0.29549,0.08592,2.8879,3.6891,-0.06500,0.0495,0.2955,2.9295,33.877,FEASIBLE,0,3.50
3.100,3.57924,0.30560,0.06575,2.9835,2.5726,-0.06500,0.0290,0.3056,2.9194,35.713,FEASIBLE,0,3.50
3.200,3.88318,0.30060,0.03548,3.0776,2.4522,-0.05104,0.0263,0.3006,2.9244,34.183,FEASIBLE,0,4.00
3.300,4.19554,0.27857,-0.00374,3.1674,2.4329,-0.05104,0.0134,0.2786,2.9464,33.873,FEASIBLE,0,4.00
3.400,4.51426,0.23765,-0.05048,3.2441,2.4299,-0.03708,0.0369,0.2377,2.9873,34.018,FEASIBLE,0,4.50
3.500,4.84175,0.17393,-0.10444,3.3608,2.4294,-0.02311,0.0613,0.1739,3.0511,34.044,FEASIBLE,0,5.00
3.600,5.17056,0.08905,-0.16291,3.4077,2.4293,-0.00915,0.1307,0.0891,3.1359,34.303,FEASIBLE,0,5.00
3.700,5.49524,-0.01764,-0.22416,3.4228,2.4293,0.00300,0.2074,0.0176,3.2074,33.741,FEASIBLE,0,5.50
3.800,5.80710,-0.14253,-0.28583,3.3148,2.4293,0.01696,0.2571,0.1425,3.0825,34.284,FEASIBLE,0,6.00
3.900,6.10364,-0.28371,-0.34662,3.2666,0.8000,0.03092,0.3316,0.2837,2.9413,34.394,FEASIBLE,0,6.00
4.000,6.38606,-0.43948,-0.40565,3.1896,0.8000,0.04488,0.2874,0.4395,2.7855,33.890,FEASIBLE,0,6.50
4.100,6.70177,-0.64068,-0.47198,3.0697,0.8000,0.05885,0.3816,0.6407,2.5843,34.258,FEASIBLE,0,6.50
4.204,6.94859,-0.81585,-0.52225,2.9980,0.8000,0.07281,0.3678,0.8158,2.4092,33.890,FEASIBLE,0,7.00
4.300,7.13471,-0.95653,-0.55797,2.8755,0.4000,0.08677,0.3590,0.9565,2.2685,24.496,FEASIBLE,0,7.00
4.400,7.35392,-1.13291,-0.59588,2.7722,0.4000,0.10074,0.3322,1.1329,2.0921,23.038,FEASIBLE,0,7.50
4.500,7.56266,-1.30810,-0.62546,2.6964,0.4000,0.11470,0.3960,1.3081,1.9169,22.639,FEASIBLE,0,7.50
4.600,7.76142,-1.47473,-0.64484,2.5012,0.4000,0.12866,0.3277,1.4747,1.7503,23.138,FEASIBLE,0,8.00
4.704,7.98676,-1.65238,-0.65309,2.3240,0.4000,0.14262,0.4057,1.6524,1.5726,22.830,FEASIBLE,0,8.00
4.800,8.13256,-1.75907,-0.64920,2.2178,0.4000,0.15659,0.2917,1.7591,1.4659,22.595,FEASIBLE,0,8.00
4.900,8.30276,-1.87371,-0.63583,1.9887,0.4000,0.17055,0.2947,1.8737,1.3513,22.793,FEASIBLE,0,8.50
5.000,8.46674,-1.97236,-0.61400,1.8667,0.4000,0.18451,0.2721,1.9724,1.2526,22.784,FEASIBLE,0,8.50
5.100,8.62373,-2.05675,-0.58513,1.7169,0.4000,0.19847,0.2188,2.0567,1.1683,23.584,FEASIBLE,0,8.50
5.200,8.76951,-2.12398,-0.55232,1.5528,0.4000,0.21244,0.2082,2.1240,1.1010,22.934,FEASIBLE,0,9.00
5.300,8.90646,-2.17600,-0.51728,1.4004,0.4000,0.22640,0.1962,2.1760,1.0490,22.638,FEASIBLE,0,9.00
5.400,9.03162,-2.21567,-0.48180,1.2606,0.8000,0.22640,0.1207,2.2157,1.0093,23.237,FEASIBLE,0,9.00
5.500,9.14771,-2.24562,-0.44679,1.1508,0.8000,0.24036,0.1356,2.2456,0.9794,22.611,FEASIBLE,0,9.00
5.600,9.25418,-2.26831,-0.41372,1.0478,0.8000,0.25432,0.1205,2.2683,0.9567,34.038,FEASIBLE,0,9.50
5.700,9.34806,-2.28560,-0.38514,0.8924,0.8000,0.26829,0.0853,2.2856,0.9394,33.750,FEASIBLE,0,9.50
5.800,9.42619,-2.29979,-0.36365,0.7131,1.0131,0.28225,0.0636,2.2998,0.9252,34.413,FEASIBLE,0,9.50
5.900,9.48406,-2.31224,-0.35154,0.5369,0.8000,0.29621,0.0765,2.3122,0.9128,34.305,FEASIBLE,0,9.50
6.000,9.52891,-2.32487,-0.34682,0.4205,0.8000,0.31017,0.0491,2.3249,0.9001,33.744,FEASIBLE,0,9.50
6.100,9.56253,-2.33798,-0.34819,0.3245,0.8000,0.32414,0.0106,2.3380,0.8870,33.096,FEASIBLE,0,9.50
6.200,9.58673,-2.35140,-0.35418,0.2509,0.8000,0.33810,0.0134,2.3514,0.8736,35.686,FEASIBLE,0,9.50
6.300,9.60467,-2.36389,-0.36175,0.1907,0.8000,0.35120,0.0261,2.3639,0.8611,35.061,FEASIBLE,0,9.50
6.400,9.61707,-2.37307,-0.36756,0.1324,0.8000,0.35462,0.0342,2.3731,0.8519,34.722,FEASIBLE,0,9.50
6.500,9.62553,-2.37948,-0.37163,0.0908,0.8000,0.35517,0.0329,2.3795,0.8455,34.421,FEASIBLE,0,9.50
6.600,9.63141,-2.38396,-0.37447,0.0647,0.8000,0.35526,0.0027,2.3840,0.8410,35.299,FEASIBLE,0,9.50
6.700,9.63594,-2.38744,-0.37667,0.0540,0.8000,0.35527,0.0131,2.3874,0.8376,34.205,FEASIBLE,0,9.50
6.800,9.64033,-2.39083,-0.37880,0.0586,0.8000,0.35527,0.0075,2.3908,0.8342,35.610,FEASIBLE,0,9.50
6.900,9.64536,-2.39443,-0.38086,0.0588,0.8000,0.35528,0.0282,2.3944,0.8306,34.593,FEASIBLE,0,9.50
7.000,9.65094,-2.39758,-0.38204,0.0751,0.9900,0.35528,0.0222,2.3976,0.8274,33.644,FEASIBLE,0,9.50
7.100,9.66007,-2.40162,-0.38251,0.1193,0.9900,0.35528,0.0017,2.4016,0.8234,34.861,FEASIBLE,0,9.50
7.200,9.67552,-2.40631,-0.38054,0.1960,0.9900,0.35528,0.0043,2.4063,0.8187,34.011,FEASIBLE,0,9.50
7.300,9.70191,-2.41046,-0.37238,0.3154,0.8000,0.35513,0.0387,2.4105,0.8145,33.686,FEASIBLE,0,9.50
7.400,9.73928,-2.41403,-0.35842,0.4070,0.8000,0.34809,0.0283,2.4140,0.8110,34.401,FEASIBLE,0,9.50
7.500,9.78638,-2.41738,-0.34028,0.5177,0.8000,0.34809,0.0468,2.4174,0.8076,35.747,FEASIBLE,0,10.00
7.600,9.84534,-2.42029,-0.31753,0.6387,0.9900,0.35938,0.0388,2.4203,0.8047,33.777,FEASIBLE,0,10.00
7.702,9.93218,-2.42211,-0.28402,0.7843,0.9900,0.37334,0.0665,2.4221,0.8029,34.169,FEASIBLE,0,10.00
7.802,10.01792,-2.42111,-0.25094,0.9059,1.0757,0.37334,0.0473,2.4211,0.8039,34.052,FEASIBLE,0,10.00
7.900,10.11567,-2.41652,-0.21317,1.0270,1.1237,0.35971,0.0789,2.4165,0.8085,33.672,FEASIBLE,0,10.00
8.002,10.20241,-2.40941,-0.17960,1.1231,1.0457,0.36403,0.0572,2.4094,0.8156,34.500,FEASIBLE,0,10.00
8.102,10.34436,-2.39272,-0.12591,1.2278,1.0846,0.36403,0.0937,2.3927,0.8323,33.907,FEASIBLE,0,10.50
8.200,10.44510,-2.38076,-0.09354,1.2903,1.0394,0.35007,0.0513,2.3808,0.8442,35.944,FEASIBLE,0,10.50
8.300,10.57990,-2.36747,-0.06040,1.4443,0.9979,0.35598,0.1044,2.3675,0.8575,33.426,FEASIBLE,0,10.50
8.400,10.72787,-2.35743,-0.03603,1.4913,0.9913,0.35539,0.1198,2.3574,0.8676,35.681,FEASIBLE,0,10.50
8.500,10.87771,-2.35190,-0.02196,1.5033,0.9902,0.35529,0.1469,2.3519,0.8731,34.405,FEASIBLE,0,11.00
8.600,11.02803,-2.35087,-0.01631,1.5015,0.9900,0.34830,0.1210,2.3509,0.8741,36.069,FEASIBLE,0,11.00
8.700,11.17729,-2.35413,-0.01736,1.4853,0.9900,0.36226,0.1519,2.3541,0.8709,35.203,FEASIBLE,0,11.00
8.800,11.32376,-2.36134,-0.02338,1.4518,0.9900,0.37623,0.1593,2.3613,0.8637,34.517,FEASIBLE,0,11.50
8.900,11.46566,-2.37190,-0.03280,1.4008,0.9900,0.37623,0.0697,2.3719,0.8531,35.998,FEASIBLE,0,11.50
9.000,11.60106,-2.38496,-0.04402,1.3311,0.9900,0.36226,0.0637,2.3850,0.8400,35.950,FEASIBLE,0,11.50
9.100,11.72813,-2.39936,-0.05557,1.2416,0.9900,0.34830,0.0731,2.3994,0.8256,36.157,FEASIBLE,0,11.50
9.200,11.86699,-2.41644,-0.06780,1.1081,0.9900,0.33434,0.1123,2.4164,0.8086,36.841,FEASIBLE,0,12.00
9.300,11.94985,-2.42649,-0.07382,1.0017,1.1602,0.32038,0.0599,2.4265,0.7985,42.818,FEASIBLE,0,12.00
9.400,12.04118,-2.43612,-0.07778,0.8646,1.0853,0.30641,0.0539,2.4361,0.7889,35.221,FEASIBLE,0,12.00
9.500,12.11968,-2.44129,-0.07666,0.7374,1.0053,0.29245,0.0735,2.4413,0.7837,34.250,FEASIBLE,0,12.00
9.600,12.18672,-2.44090,-0.06936,0.6280,0.9924,0.27849,0.0633,2.4409,0.7841,34.507,FEASIBLE,0,12.00
9.700,12.24394,-2.43408,-0.05494,0.5576,0.9904,0.26453,0.0433,2.4341,0.7909,34.181,FEASIBLE,0,12.00
9.800,12.29666,-2.42260,-0.03566,0.5201,1.2925,0.25056,0.0327,2.4226,0.8024,34.617,FEASIBLE,0,12.50
9.900,12.34365,-2.41059,-0.01722,0.4625,1.3408,0.23660,0.0261,2.4106,0.8144,34.391,FEASIBLE,0,12.50
10.000,12.38526,-2.39902,-0.00064,0.4139,1.3485,0.22264,0.0041,2.3990,0.8260,33.503,FEASIBLE,0,12.50
10.100,12.42290,-2.38790,0.01444,0.3803,1.3498,0.22264,0.0018,2.3879,0.8371,35.203,FEASIBLE,0,12.50
10.200,12.45758,-2.37734,0.02838,0.3546,1.3500,0.20867,0.0100,2.3773,0.8477,34.215,FEASIBLE,0,12.50
10.300,12.49116,-2.36668,0.04192,0.3532,1.3500,0.19471,0.0099,2.3667,0.8583,34.783,FEASIBLE,0,12.50
10.400,12.52539,-2.35532,0.05577,0.3679,1.3500,0.18075,0.0077,2.3553,0.8697,35.982,FEASIBLE,0,12.50
10.500,12.56170,-2.34270,0.07054,0.3978,1.3500,0.16679,0.0189,2.3427,0.8823,34.662,FEASIBLE,0,12.50
10.600,12.60118,-2.32829,0.08668,0.4269,1.3500,0.15282,0.0001,2.3283,0.8967,35.231,FEASIBLE,0,12.50
10.700,12.65279,-2.30880,0.10659,0.4742,1.5120,0.13886,0.0206,2.3088,0.9162,35.733,FEASIBLE,0,12.50
10.800,12.69054,-2.29770,0.11572,0.5046,1.6027,0.12490,0.0176,2.2977,0.9273,34.327,FEASIBLE,0,12.50
10.900,12.75620,-2.28530,0.12052,0.6141,1.6172,0.11094,0.0115,2.2853,0.9397,35.281,FEASIBLE,0,13.00
11.004,12.82522,-2.28174,0.11401,0.7438,1.6196,0.09697,0.0320,2.2817,0.9433,34.814,FEASIBLE,0,13.00
11.100,12.89019,-2.28239,0.10313,0.8542,1.6199,0.08301,0.0137,2.2824,0.9426,34.296,FEASIBLE,0,13.00
11.200,13.00388,-2.28835,0.08012,1.0161,1.7280,0.06905,0.0525,2.2884,0.9366,34.233,FEASIBLE,0,13.00
11.300,13.09027,-2.29540,0.06171,1.1243,1.7885,0.05509,0.0532,2.2954,0.9296,33.845,FEASIBLE,0,13.00
11.400,13.20988,-2.30734,0.03679,1.2548,1.7982,0.04112,0.0647,2.3073,0.9177,34.387,FEASIBLE,0,13.00
11.500,13.34214,-2.32247,0.01131,1.3827,1.7997,0.04112,0.0857,2.3225,0.9025,34.129,FEASIBLE,0,13.50
11.600,13.48670,-2.34016,-0.01305,1.5059,1.8000,0.04112,0.0781,2.3402,0.8848,33.789,FEASIBLE,0,13.50
11.700,13.64335,-2.35960,-0.03471,1.6265,1.8000,0.05509,0.0979,2.3596,0.8654,34.490,FEASIBLE,0,13.50
11.800,13.81203,-2.37962,-0.05206,1.7465,1.8000,0.05509,0.1054,2.3796,0.8454,36.910,FEASIBLE,0,14.00
11.900,13.99288,-2.39867,-0.06356,1.8680,2.0650,0.05509,0.0421,2.3987,0.8263,33.920,FEASIBLE,0,14.00
12.000,14.18171,-2.41437,-0.06772,1.9176,1.9484,0.06905,0.0690,2.4144,0.8106,33.976,FEASIBLE,0,14.00
12.100,14.38024,-2.42462,-0.06333,2.0344,1.7805,0.06953,0.0408,2.4246,0.8004,33.328,FEASIBLE,0,14.50
12.200,14.59021,-2.42707,-0.04967,2.1420,1.7537,0.06953,0.0137,2.4271,0.7979,35.117,FEASIBLE,0,14.50
12.300,14.80958,-2.42039,-0.02798,2.2280,1.7926,0.06953,0.0257,2.4204,0.8046,34.111,FEASIBLE,0,15.00
12.400,15.03607,-2.40393,-0.00014,2.2979,1.7988,0.05557,0.0568,2.4039,0.8211,34.885,FEASIBLE,0,15.00
12.500,15.26707,-2.37755,0.03182,2.3396,1.8042,0.04161,0.0542,2.3776,0.8474,35.162,FEASIBLE,0,15.50
12.600,15.49941,-2.34187,0.06572,2.3547,1.8024,0.02764,0.0815,2.3419,0.7442,34.734,FEASIBLE,0,15.50
12.700,15.73036,-2.29825,0.09949,2.3463,1.8004,0.01368,0.0948,2.2983,0.6339,35.049,FEASIBLE,0,15.50
12.800,15.95814,-2.24857,0.13116,2.3196,1.8001,-0.00028,0.1268,2.2486,0.5427,38.919,FEASIBLE,0,16.00
12.900,16.18090,-2.19543,0.15882,2.2688,1.8000,-0.01424,0.1372,2.1954,0.4491,35.765,FEASIBLE,0,16.00
13.000,16.39730,-2.14191,0.18052,2.2011,1.8000,-0.02821,0.1533,2.1419,0.3562,36.634,FEASIBLE,0,16.50
13.100,16.58218,-2.12086,0.17090,1.6801,1.8000,-0.04217,0.1112,2.1209,0.3011,51.212,FEASIBLE,0,16.50
13.200,16.75743,-2.12340,0.12951,1.7561,0.8000,-0.04217,0.0955,2.1234,0.2710,50.538,FEASIBLE,0,17.00
13.300,16.93255,-2.12844,0.09368,1.7458,0.8000,-0.05613,0.1115,2.1284,0.2434,51.299,FEASIBLE,0,17.00
13.400,17.10512,-2.13618,0.06308,1.7274,1.8000,-0.05613,0.0790,2.1362,0.2189,51.554,FEASIBLE,0,17.00
13.500,17.26576,-2.14830,0.03606,1.5467,1.8000,-0.04217,0.0675,2.1483,0.2009,51.663,FEASIBLE,0,17.50
13.600,17.41044,-2.16743,0.00189,1.4427,1.8000,-0.02821,0.0607,2.1674,0.1928,51.109,FEASIBLE,0,17.50
13.700,17.54613,-2.19883,-0.03920,1.3662,1.8000,-0.02821,0.0438,2.1988,0.1984,52.015,FEASIBLE,0,17.50
13.800,17.67280,-2.24023,-0.08630,1.3246,1.8000,-0.01424,0.0226,2.2402,0.2155,51.612,FEASIBLE,0,17.50
13.900,17.79237,-2.28901,-0.13568,1.2726,1.8000,-0.00028,0.0416,2.2890,0.2412,51.758,FEASIBLE,0,18.00
14.000,17.90382,-2.34164,-0.18338,1.2131,1.8000,0.01368,0.0029,2.3416,0.2722,51.951,FEASIBLE,0,18.00
14.100,18.00785,-2.39692,-0.22904,1.1631,1.8000,0.02764,0.0392,2.3969,0.3071,58.307,FEASIBLE,0,18.00
14.200,18.10586,-2.45480,-0.27310,1.1287,1.8000,0.04161,0.0394,2.4548,0.3458,53.985,FEASIBLE,0,18.00
14.302,18.19884,-2.51536,-0.31605,1.1043,1.8000,0.05557,0.0505,2.5154,0.3880,38.470,FEASIBLE,0,18.00
14.400,18.28802,-2.57918,-0.35848,1.0939,1.8000,0.06953,0.0449,2.5792,0.4341,38.720,FEASIBLE,0,18.50
14.500,18.37489,-2.64705,-0.40099,1.1259,1.6488,0.08349,0.0794,2.6471,0.4846,38.485,FEASIBLE,0,18.50
14.600,18.46373,-2.71945,-0.44183,1.1615,1.6246,0.09746,0.0727,2.7194,0.5056,39.767,FEASIBLE,0,18.50
14.700,18.55559,-2.79198,-0.47513,1.1835,1.6207,0.11142,0.0930,2.7920,0.4330,37.937,FEASIBLE,0,18.50
14.800,18.65233,-2.86272,-0.49844,1.2173,0.8000,0.12538,0.1270,2.8627,0.3623,38.751,FEASIBLE,0,18.50
14.900,18.75553,-2.92973,-0.50991,1.2443,0.8000,0.13934,0.0848,2.9297,0.2953,39.255,FEASIBLE,0,19.00
15.000,18.86457,-2.99060,-0.50888,1.2593,0.8000,0.15331,0.1138,2.9906,0.2344,38.171,FEASIBLE,0,19.00
15.100,18.97817,-3.04370,-0.49610,1.2578,0.8000,0.16727,0.1327,3.0437,0.1813,38.172,FEASIBLE,0,19.00
15.200,19.09441,-3.08768,-0.47347,1.2441,0.8000,0.18123,0.1214,3.0877,0.1373,39.100,FEASIBLE,0,19.00
15.300,19.21270,-3.12231,-0.44267,1.2480,0.4000,0.19519,0.1634,3.1223,0.1027,39.461,FEASIBLE,0,19.00
15.400,19.33242,-3.14835,-0.40518,1.2134,0.4000,0.20916,0.1502,3.1484,0.0766,38.770,FEASIBLE,0,19.50
15.500,19.44805,-3.16506,-0.36386,1.1442,0.8000,0.20916,0.1106,3.1651,0.0599,40.094,FEASIBLE,0,19.50
15.600,19.55339,-3.17325,-0.32344,1.0223,0.8000,0.22312,0.0848,3.1733,0.0517,39.020,FEASIBLE,0,19.50
15.700,19.66594,-3.17466,-0.27946,0.8793,0.8000,0.23708,0.0843,3.1747,0.0503,39.964,FEASIBLE,0,19.50
15.800,19.73068,-3.17342,-0.25412,0.7766,0.8000,0.24318,0.0458,3.1734,0.0516,45.039,FEASIBLE,0,19.50
15.900,19.80039,-3.17084,-0.22687,0.6534,0.8000,0.24416,0.0619,3.1708,0.0542,39.121,FEASIBLE,0,20.00
16.000,19.85875,-3.16721,-0.20403,0.5475,0.8000,0.24432,0.0177,3.1672,0.0578,52.083,FEASIBLE,0,20.00
16.100,19.90692,-3.16332,-0.18543,0.4412,0.8000,0.24154,0.0274,3.1633,0.0617,53.657,FEASIBLE,0,20.00
16.200,19.94451,-3.16230,-0.17443,0.3392,0.8000,0.24390,0.0255,3.1623,0.0627,51.688,FEASIBLE,0,20.00
16.300,19.97296,-3.16429,-0.17029,0.2548,0.8000,0.24427,0.0206,3.1643,0.0607,53.452,FEASIBLE,0,20.00
16.400,19.99406,-3.16823,-0.17069,0.2011,0.8000,0.24433,0.0212,3.1682,0.0568,52.113,FEASIBLE,0,20.00
16.500,20.01331,-3.17484,-0.17519,0.2105,0.8000,0.24434,0.0082,3.1748,0.0502,53.144,FEASIBLE,0,20.00
16.600,20.03264,-3.18383,-0.18276,0.2160,0.8000,0.24435,0.0300,3.1838,0.0412,53.123,FEASIBLE,0,20.00
16.700,20.05621,-3.19567,-0.19294,0.2268,0.8000,0.24435,0.0266,3.1957,0.0293,51.872,FEASIBLE,0,20.00
16.800,20.07294,-3.20433,-0.20030,0.2440,0.8000,0.24435,0.0173,3.2043,0.0207,54.410,FEASIBLE,0,20.00
16.900,20.09610,-3.21660,-0.21054,0.2788,0.8000,0.24435,0.0296,3.2166,0.0084,52.281,FEASIBLE,0,20.00
17.000,20.12293,-3.23119,-0.22246,0.3279,0.8000,0.24435,0.0591,3.2312,-0.0062,51.800,FEASIBLE,1,20.00
17.100,20.15463,-3.24898,-0.23664,0.3926,0.8000,0.24435,0.0566,3.2490,-0.0240,52.913,FEASIBLE,1,20.00
17.200,20.19302,-3.27114,-0.25368,0.4926,0.8000,0.24435,0.0481,3.2711,-0.0461,51.563,FEASIBLE,1,20.00
17.300,20.24242,-3.29657,-0.27001,0.6012,0.8000,0.24435,0.0647,3.2966,-0.0716,38.765,FEASIBLE,1,20.00
17.400,20.30250,-3.32108,-0.27998,0.6612,0.8000,0.24435,0.0848,3.3211,-0.0961,39.272,FEASIBLE,1,20.50
17.500,20.37128,-3.34229,-0.28151,0.7685,0.8000,0.24435,0.1016,3.3423,-0.1173,38.286,FEASIBLE,1,20.50
17.600,20.45192,-3.35947,-0.27330,0.8713,0.8000,0.24435,0.0950,3.3595,-0.1345,43.694,FEASIBLE,1,20.50
17.700,20.54333,-3.37100,-0.25496,0.9647,0.8000,0.24435,0.0856,3.3710,-0.1460,39.597,FEASIBLE,1,20.50
17.800,20.64378,-3.37621,-0.22795,1.0405,0.8000,0.24435,0.1109,3.3762,-0.1512,40.117,FEASIBLE,1,20.50
17.900,20.75111,-3.37484,-0.19423,1.1006,0.8000,0.24435,0.1361,3.3748,-0.1498,39.208,FEASIBLE,1,21.00
18.000,20.86289,-3.36692,-0.15584,1.1420,0.8000,0.24435,0.1177,3.3669,-0.1419,51.266,FEASIBLE,1,21.00
18.100,20.97685,-3.35292,-0.11477,1.1602,0.8000,0.24435,0.0707,3.3529,-0.1279,52.294,FEASIBLE,1,21.00
18.200,21.09586,-3.33300,-0.07107,1.2509,0.8000,0.24155,0.0792,3.3330,-0.1080,50.710,FEASIBLE,1,21.00
18.300,21.21569,-3.30886,-0.02762,1.2108,0.8000,0.24390,0.0993,3.3089,-0.0839,52.195,FEASIBLE,1,21.00
18.400,21.32941,-3.28223,0.01194,1.1458,0.8000,0.24427,0.0995,3.2822,-0.0572,52.234,FEASIBLE,1,21.50
18.500,21.43509,-3.25581,0.04558,1.0525,0.8000,0.24433,0.0627,3.2558,-0.0308,49.798,FEASIBLE,1,21.50
18.600,21.53076,-3.23244,0.07131,0.9421,1.5448,0.24155,0.0452,3.2324,-0.0074,51.221,FEASIBLE,1,21.50
18.700,21.61566,-3.21381,0.08810,0.8312,1.5448,0.24390,0.0433,3.2138,0.0112,51.773,FEASIBLE,1,21.50
18.800,21.69229,-3.19978,0.09700,0.7514,1.5448,0.24427,0.0536,3.1998,0.0252,52.038,FEASIBLE,1,21.50
18.900,21.76130,-3.18939,0.09937,0.6744,1.5448,0.24433,0.0658,3.1894,0.0356,50.875,FEASIBLE,1,22.00
19.000,21.82599,-3.18335,0.09669,0.6405,1.5448,0.24434,0.0314,3.1834,0.0416,49.491,FEASIBLE,1,22.00
19.100,21.88930,-3.18209,0.09035,0.6248,0.8000,0.24435,0.0608,3.1821,0.0429,49.827,FEASIBLE,1,22.00
19.200,21.95108,-3.18294,0.08192,0.6175,1.5448,0.24155,0.0387,3.1829,0.0421,58.289,FEASIBLE,1,22.00
19.300,22.01303,-3.18488,0.07277,0.6251,1.5448,0.24390,0.0526,3.1849,0.0401,52.879,FEASIBLE,1,22.00
19.400,22.07681,-3.18670,0.06438,0.6496,1.5448,0.24427,0.0548,3.1867,0.0383,52.060,FEASIBLE,1,22.00
19.500,22.14391,-3.18705,0.05834,0.6891,1.5448,0.24433,0.0497,3.1870,0.0380,51.721,FEASIBLE,1,22.00
19.600,22.21595,-3.18474,0.05626,0.7448,1.5448,0.24434,0.0537,3.1847,0.0403,49.867,FEASIBLE,1,22.00
19.700,22.29474,-3.17848,0.05986,0.8252,1.5448,0.24435,0.0632,3.1785,0.0465,51.415,FEASIBLE,1,22.50
19.800,22.38247,-3.16704,0.07065,0.9284,1.5448,0.24435,0.0459,3.1670,0.0580,51.804,FEASIBLE,1,22.50
19.900,22.48023,-3.14785,0.09050,1.0278,1.5448,0.24155,0.0301,3.1479,0.0771,51.260,FEASIBLE,1,22.50
20.000,22.58583,-3.11651,0.12038,1.1565,1.5448,0.24390,0.0402,3.1165,0.1085,51.596,FEASIBLE,1,22.50
20.100,22.69855,-3.07432,0.15873,1.2308,1.5448,0.24427,0.0288,3.0743,0.1507,50.404,FEASIBLE,1,22.50
20.200,22.84094,-3.00920,0.21271,1.3598,1.5448,0.24152,0.0885,3.0092,0.2158,50.130,FEASIBLE,1,23.00
20.300,22.94560,-2.95389,0.25420,1.5252,1.7388,0.25549,0.0145,2.9539,0.2711,50.960,FEASIBLE,1,23.00
20.400,23.11411,-2.85967,0.31930,1.6238,1.8363,0.24152,0.0469,2.8597,0.3653,49.220,FEASIBLE,1,23.00
20.500,23.22806,-2.79017,0.36192,1.6888,1.8519,0.22756,0.0113,2.7902,0.4348,49.203,FEASIBLE,1,23.00
20.600,23.37341,-2.69248,0.41410,1.7934,1.8544,0.21360,0.0324,2.6925,0.5325,49.148,FEASIBLE,1,23.50
20.700,23.52405,-2.58441,0.46326,1.8944,1.4307,0.19964,0.0084,2.5844,0.6406,49.915,FEASIBLE,1,23.50
20.800,23.67961,-2.46746,0.50731,1.9787,1.7594,0.18567,0.0199,2.4675,0.7575,58.480,FEASIBLE,1,23.50
20.900,23.83944,-2.34368,0.54414,2.0471,1.5432,0.17171,0.0376,2.3437,0.8813,50.529,FEASIBLE,1,24.00
21.004,24.03995,-2.18862,0.57660,2.1582,1.3738,0.15077,0.0663,2.1886,1.0364,47.280,FEASIBLE,1,24.00
21.100,24.18051,-2.08596,0.58960,2.1881,1.3595,0.14379,0.0600,2.0860,1.1390,47.857,FEASIBLE,1,24.00
21.200,24.39736,-1.93651,0.59618,2.2048,1.5783,0.12982,0.0015,1.9365,1.2885,47.829,FEASIBLE,1,24.50
21.300,24.54449,-1.84014,0.59285,2.2077,1.6133,0.11586,0.0676,1.8401,1.3849,47.796,FEASIBLE,1,24.50
21.400,24.77550,-1.70426,0.57872,2.2288,1.8238,0.10190,0.0693,1.7043,1.5207,47.970,FEASIBLE,1,25.00
21.500,24.92962,-1.61983,0.56401,2.1842,0.8000,0.08794,0.0656,1.6198,1.6052,48.982,FEASIBLE,1,25.00
21.600,25.12147,-1.52251,0.54109,2.1377,0.8000,0.07397,0.1142,1.5225,1.7025,47.189,FEASIBLE,1,25.00
21.700,25.31116,-1.43528,0.51457,2.0713,0.8000,0.06001,0.1119,1.4353,1.7897,48.098,FEASIBLE,1,25.50
21.800,25.49727,-1.35665,0.48570,1.9808,0.8000,0.04605,0.1195,1.3566,1.8684,49.798,FEASIBLE,1,25.50
21.900,25.67260,-1.29078,0.45666,1.8314,0.8000,0.03209,0.1196,1.2908,1.7637,35.636,FEASIBLE,1,25.50
22.000,25.83832,-1.23433,0.42854,1.7110,0.8000,0.01812,0.1221,1.2343,1.6004,34.605,FEASIBLE,1,26.00
22.100,25.99223,-1.18607,0.40273,1.5574,0.8000,0.00416,0.0836,1.1861,1.4540,35.104,FEASIBLE,1,26.00
22.200,26.13130,-1.14562,0.38084,1.3910,0.8000,-0.00980,0.0989,1.1456,1.3270,34.872,FEASIBLE,1,26.00
22.300,26.25469,-1.11019,0.36434,1.2252,0.8000,-0.02377,0.1118,1.1102,1.2180,35.979,FEASIBLE,1,26.50
22.400,26.36155,-1.07769,0.35451,1.0563,0.8000,-0.03773,0.1178,1.0777,1.1255,36.787,FEASIBLE,1,26.50
22.500,26.45132,-1.04638,0.35229,0.8919,0.8000,-0.05169,0.0889,1.0464,1.0474,34.651,FEASIBLE,1,26.50
22.600,26.52446,-1.01572,0.35701,0.7371,0.8000,-0.06565,0.0623,1.0157,0.9815,37.316,FEASIBLE,1,26.50
22.700,26.58202,-0.98645,0.36678,0.5936,0.8000,-0.07962,0.0512,0.9865,0.9267,36.392,FEASIBLE,1,26.50
22.800,26.62600,-0.95930,0.37973,0.4723,0.8000,-0.09358,0.0600,0.9593,0.8815,36.534,FEASIBLE,1,26.50
22.900,26.65937,-0.93467,0.39393,0.3847,0.8000,-0.10754,0.0593,0.9347,0.8442,36.722,FEASIBLE,1,26.50
23.000,26.68521,-0.91392,0.40655,0.2992,0.8000,-0.12150,0.0534,0.9139,0.8140,35.336,FEASIBLE,1,26.50
23.100,26.70450,-0.89785,0.41625,0.2220,0.8000,-0.13547,0.0222,0.8979,0.7911,34.756,FEASIBLE,1,26.50
23.200,26.71841,-0.88605,0.42332,0.1591,0.8000,-0.14943,0.0201,0.8861,0.7745,36.010,FEASIBLE,1,26.50
23.300,26.72909,-0.87726,0.42866,0.1324,0.8000,-0.16339,0.0391,0.8773,0.7620,34.898,FEASIBLE,1,26.50
23.400,26.73933,-0.87117,0.43107,0.1031,0.8000,-0.17735,0.0063,0.8712,0.7523,34.685,FEASIBLE,1,26.50
23.500,26.74677,-0.86793,0.43113,0.0719,0.8000,-0.19132,0.0312,0.8679,0.7463,34.328,FEASIBLE,1,26.50
23.600,26.75288,-0.86590,0.43010,0.0623,0.8000,-0.20528,0.0150,0.8659,0.7420,34.382,FEASIBLE,1,27.00
23.700,26.75929,-0.86458,0.42801,0.0709,1.3542,-0.21924,0.0150,0.8646,0.7383,33.739,FEASIBLE,1,27.00
23.800,26.76770,-0.86324,0.42478,0.0979,0.8000,-0.23320,0.0260,0.8632,0.7338,34.338,FEASIBLE,1,27.00
23.900,26.77882,-0.86166,0.42044,0.1288,0.8000,-0.24256,0.0252,0.8617,0.7282,34.238,FEASIBLE,1,27.00
24.000,26.79847,-0.85903,0.41274,0.1957,1.3500,-0.24406,0.0042,0.8590,0.7188,34.734,FEASIBLE,1,27.00
24.100,26.81662,-0.85671,0.40562,0.2509,1.3500,-0.24430,0.0009,0.8567,0.7105,35.150,FEASIBLE,1,27.00
24.200,26.84641,-0.85324,0.39396,0.3361,1.3500,-0.24434,0.0081,0.8532,0.6981,37.690,FEASIBLE,1,27.00
24.300,26.88540,-0.84923,0.37872,0.4348,0.8000,-0.24434,0.0562,0.8492,0.6841,34.600,FEASIBLE,1,27.00
24.400,26.93501,-0.84495,0.35933,0.5461,0.8000,-0.24435,0.0624,0.8450,0.6700,37.726,FEASIBLE,1,27.00
24.500,27.00982,-0.84027,0.33011,0.6863,1.3500,-0.24435,0.0303,0.8403,0.6570,36.378,FEASIBLE,1,27.00
24.600,27.06924,-0.83791,0.30687,0.7917,1.3500,-0.24435,0.0496,0.8379,0.6513,36.368,FEASIBLE,1,27.00
24.700,27.15699,-0.83302,0.27682,0.9400,1.3500,-0.24435,0.0555,0.8330,0.6415,36.332,FEASIBLE,1,27.00
24.800,27.25785,-0.82359,0.25339,1.0708,1.3500,-0.23844,0.0566,0.8236,0.6264,36.959,FEASIBLE,1,27.50
24.900,27.36979,-0.80901,0.23706,1.1660,1.3500,-0.24340,0.0763,0.8090,0.6055,38.872,FEASIBLE,1,27.50
25.000,27.49061,-0.78875,0.22596,1.2745,0.8000,-0.24419,0.0990,0.7887,0.5785,38.506,FEASIBLE,1,27.50
25.100,27.62165,-0.76499,0.21803,1.3817,1.6332,-0.25127,0.1053,0.7650,0.5474,36.818,FEASIBLE,1,27.50
25.200,27.76198,-0.73925,0.21115,1.4688,0.8000,-0.25127,0.1257,0.7393,0.5138,36.576,FEASIBLE,1,28.00
25.300,27.91198,-0.71330,0.20320,1.5658,0.8000,-0.25127,0.1433,0.7133,0.4795,37.263,FEASIBLE,1,28.00
25.400,28.07073,-0.68904,0.19219,1.6392,1.4880,-0.24545,0.1126,0.6890,0.4463,38.615,FEASIBLE,1,28.00
25.500,28.23671,-0.66880,0.17660,1.7022,1.3962,-0.23781,0.1275,0.6688,0.4167,37.229,FEASIBLE,1,28.00
25.600,28.41202,-0.65487,0.15525,1.7997,1.3574,-0.23475,0.1458,0.6549,0.3930,37.843,FEASIBLE,1,28.50
25.700,28.59312,-0.64895,0.12767,1.8249,1.3512,-0.24281,0.1083,0.6489,0.3768,37.082,FEASIBLE,1,28.50
25.800,28.77558,-0.65197,0.09509,1.8282,1.3502,-0.23675,0.1154,0.6520,0.3696,40.780,FEASIBLE,1,29.00
25.900,28.95712,-0.66375,0.05900,1.8162,1.3500,-0.23433,0.1259,0.6637,0.3711,37.521,FEASIBLE,1,29.00
26.000,29.13544,-0.68365,0.02090,1.7800,1.3616,-0.23433,0.1020,0.6836,0.3810,38.087,FEASIBLE,1,29.00
26.100,29.30830,-0.71087,-0.01776,1.7299,1.3565,-0.22036,0.1078,0.7109,0.3984,37.746,FEASIBLE,1,29.50
26.200,29.47380,-0.74378,-0.05553,1.6589,1.3510,-0.20640,0.1088,0.7438,0.4219,38.221,FEASIBLE,1,29.50
26.300,29.63032,-0.78050,-0.09100,1.5716,1.3502,-0.19244,0.0717,0.7805,0.4498,38.677,FEASIBLE,1,29.50
26.400,29.77615,-0.81881,-0.12279,1.4652,1.3500,-0.17848,0.0556,0.8188,0.4798,39.142,FEASIBLE,1,30.00
26.500,29.90951,-0.85650,-0.14946,1.3328,1.3500,-0.16451,0.0436,0.8565,0.5100,38.258,FEASIBLE,1,30.00
26.600,30.02969,-0.89072,-0.16972,1.1956,1.3500,-0.15055,0.0094,0.8907,0.5373,38.725,FEASIBLE,1,30.00
26.700,30.13801,-0.91972,-0.18277,1.0772,1.5120,-0.13659,0.0311,0.9197,0.5602,40.155,FEASIBLE,1,30.00
26.800,30.23671,-0.94329,-0.18925,0.9781,1.6027,-0.12263,0.0039,0.9433,0.5782,38.115,FEASIBLE,1,30.00
26.900,30.32739,-0.96211,-0.19075,0.8959,1.6172,-0.10866,0.0121,0.9621,0.5919,39.971,FEASIBLE,1,30.50
27.000,30.41143,-0.97727,-0.18900,0.8285,0.8000,-0.09470,0.0491,0.9773,0.6023,39.422,FEASIBLE,1,30.50
27.100,30.48984,-0.99004,-0.18585,0.7704,0.8000,-0.08074,0.0170,0.9900,0.6106,40.401,FEASIBLE,1,30.50
27.200,30.56302,-1.00190,-0.18323,0.7229,0.8000,-0.06677,0.0410,1.0019,0.6183,39.352,FEASIBLE,1,30.50
27.300,30.63188,-1.01470,-0.18313,0.6881,0.8000,-0.06677,0.0206,1.0147,0.6272,40.028,FEASIBLE,1,30.50
27.400,30.69712,-1.02995,-0.18727,0.6589,0.8000,-0.05281,0.0399,1.0299,0.6388,39.159,FEASIBLE,1,30.50
27.500,30.75957,-1.04784,-0.19544,0.6448,0.8000,-0.03885,0.0699,1.0478,0.6531,40.113,FEASIBLE,1,31.00
27.600,30.82061,-1.06807,-0.20628,0.6445,0.8000,-0.02489,0.0747,1.0681,0.6725,39.045,FEASIBLE,1,31.00
27.700,30.88126,-1.08975,-0.21824,0.6521,0.8000,-0.01092,0.0719,1.0898,0.6986,41.438,FEASIBLE,1,31.00
27.800,30.94458,-1.11276,-0.23020,0.6921,0.8000,0.00304,0.0643,1.1128,0.7314,39.389,FEASIBLE,1,31.00
27.900,31.02732,-1.14154,-0.24243,0.7602,0.8000,0.01700,0.0730,1.1415,0.7797,41.611,FEASIBLE,1,31.00
28.000,31.08807,-1.16076,-0.24796,0.8187,0.8000,0.03096,0.0620,1.1608,0.8175,39.411,FEASIBLE,1,31.00
28.100,31.17109,-1.18358,-0.25030,0.8866,0.8000,0.04493,0.0635,1.1836,0.8709,39.512,FEASIBLE,1,31.00
28.200,31.26026,-1.20341,-0.24660,0.9283,0.8000,0.05889,0.0669,1.2034,0.9297,40.405,FEASIBLE,1,31.50
28.300,31.35297,-1.21992,-0.23799,0.9473,0.8000,0.07285,0.1032,1.2199,0.9927,39.552,FEASIBLE,1,31.50
28.400,31.44678,-1.23375,-0.22654,0.9450,0.8000,0.08681,0.0634,1.2338,1.0588,39.011,FEASIBLE,1,31.50
28.500,31.53912,-1.24552,-0.21433,0.9188,0.8000,0.10078,0.1050,1.2455,1.1265,40.853,FEASIBLE,1,31.50
28.600,31.62752,-1.25636,-0.20347,0.8688,0.8000,0.11474,0.0745,1.2564,1.1942,39.109,FEASIBLE,1,31.50
28.700,31.70950,-1.26741,-0.19584,0.7990,0.8000,0.12870,0.0924,1.2674,1.2600,39.024,FEASIBLE,1,31.50
28.800,31.78430,-1.27942,-0.19212,0.7311,0.8000,0.12870,0.0752,1.2794,1.3231,39.045,FEASIBLE,1,32.00
28.900,31.85370,-1.29240,-0.19135,0.6895,0.8000,0.14266,0.0728,1.2924,1.3839,40.634,FEASIBLE,1,32.00
29.000,31.91955,-1.30589,-0.19217,0.6646,0.8000,0.15663,0.0300,1.3059,1.4432,38.768,FEASIBLE,1,32.00
29.100,31.98367,-1.31917,-0.19317,0.6526,0.8000,0.17059,0.0372,1.3192,1.5016,39.591,FEASIBLE,1,32.00
29.200,32.04799,-1.33163,-0.19285,0.6593,0.8000,0.18455,0.0514,1.3316,1.5603,39.854,FEASIBLE,1,32.00
29.300,32.11434,-1.34223,-0.18963,0.6824,0.8000,0.19852,0.0625,1.3422,1.6200,41.021,FEASIBLE,1,32.00
29.400,32.18448,-1.34985,-0.18182,0.7233,0.8000,0.21248,0.0785,1.3498,1.6818,38.774,FEASIBLE,1,32.00
29.500,32.25967,-1.35341,-0.16825,0.7738,0.8000,0.22644,0.0712,1.3534,1.7462,39.137,FEASIBLE,1,32.50
29.600,32.34059,-1.35319,-0.14984,0.8340,0.8000,0.22644,0.0865,1.3532,1.8143,38.492,FEASIBLE,1,32.50
29.700,32.42759,-1.35017,-0.12860,0.8929,1.6613,0.24040,0.0777,1.3502,1.8748,37.560,FEASIBLE,1,32.50
29.800,32.52053,-1.34503,-0.10606,0.9596,1.8239,0.24040,0.0682,1.3450,1.8800,38.575,FEASIBLE,1,32.50
29.900,32.62121,-1.33706,-0.08158,1.0466,1.8012,0.24040,0.0462,1.3371,1.8879,38.837,FEASIBLE,1,32.50
30.000,32.73122,-1.32472,-0.05369,1.1503,1.7202,0.24040,0.0914,1.3247,1.9003,41.579,FEASIBLE,1,32.50
30.100,32.85005,-1.30636,-0.02168,1.1889,1.5214,0.24040,0.0759,1.3064,1.9186,39.265,FEASIBLE,1,33.00
30.200,32.99882,-1.27741,0.01961,1.3275,1.6938,0.22644,0.0338,1.2774,1.9476,41.473,FEASIBLE,1,33.00
30.300,33.13546,-1.24635,0.05606,1.4514,1.8446,0.21946,0.0510,1.2463,1.9787,56.686,FEASIBLE,1,33.00
30.400,33.25300,-1.21732,0.08513,1.5510,1.8508,0.21248,0.0723,1.2173,2.0077,56.356,FEASIBLE,1,33.50
30.500,33.41025,-1.17638,0.11959,1.6742,1.8543,0.19852,0.0180,1.1764,2.0486,62.114,FEASIBLE,1,33.50
30.600,33.57931,-1.13127,0.15005,1.7975,1.8548,0.18455,0.0148,1.1313,2.0937,57.176,FEASIBLE,1,33.50
30.704,33.79721,-1.07328,0.17929,1.9299,1.8549,0.17059,0.0440,1.0733,2.1517,55.074,FEASIBLE,1,34.00
30.800,33.95029,-1.03249,0.19475,2.0068,1.8549,0.15663,0.0077,1.0325,2.1925,58.102,FEASIBLE,1,34.00
30.904,34.14840,-0.97916,0.21081,2.0854,1.8549,0.14266,0.0037,0.9792,2.2458,58.089,FEASIBLE,1,34.00
31.000,34.35340,-0.92290,0.22474,2.1614,2.1665,0.12870,0.0546,0.9229,2.3021,55.695,FEASIBLE,1,34.50
31.100,34.56302,-0.86297,0.23809,2.1831,1.7074,0.11474,0.0126,0.8630,2.3620,56.177,FEASIBLE,1,34.50
31.200,34.77413,-0.79867,0.25225,2.2068,1.9875,0.10078,0.0347,0.7987,2.4263,58.313,FEASIBLE,1,35.00
31.300,34.98499,-0.73057,0.26761,2.2178,1.8826,0.08681,0.0239,0.7306,2.4944,55.571,FEASIBLE,1,35.00
31.404,35.23573,-0.64537,0.28527,2.1965,1.6620,0.07285,0.0439,0.6454,2.5796,56.708,FEASIBLE,1,35.00
31.500,35.39909,-0.58999,0.29519,2.1340,2.3585,0.05889,0.0536,0.5900,2.6350,56.637,FEASIBLE,1,35.50
31.600,35.59746,-0.52221,0.30400,2.0786,1.8894,0.05889,0.0121,0.5222,2.7028,55.135,FEASIBLE,1,35.50
31.700,35.79240,-0.45562,0.30949,2.0524,2.3183,0.04493,0.0125,0.4556,2.7694,54.708,FEASIBLE,1,36.00
31.800,35.98569,-0.39179,0.31286,2.0210,2.1933,0.03096,0.0117,0.3918,2.8332,54.747,FEASIBLE,1,36.00
31.900,36.17568,-0.32823,0.31564,1.9953,0.8000,0.01700,0.0302,0.3282,2.8968,39.331,FEASIBLE,1,36.00
32.000,36.36457,-0.26450,0.31906,1.9897,0.8000,0.00304,0.0715,0.2645,2.9605,38.403,FEASIBLE,1,36.50
32.100,36.55005,-0.20143,0.32261,1.9300,0.8000,-0.01092,0.0855,0.2014,3.0236,40.256,FEASIBLE,1,36.50
32.200,36.72947,-0.14017,0.32469,1.8672,0.8000,-0.02489,0.0902,0.1402,3.0848,39.401,FEASIBLE,1,36.50
32.300,36.90187,-0.08307,0.32359,1.7811,0.8000,-0.03885,0.0979,0.0831,3.1419,38.693,FEASIBLE,1,37.00
32.400,37.06581,-0.03088,0.31924,1.6784,0.8000,-0.05281,0.0911,0.0309,3.1941,38.829,FEASIBLE,1,37.00
32.500,37.22260,0.01480,0.31282,1.5932,0.8000,-0.06677,0.1048,0.0148,3.2102,37.941,FEASIBLE,1,37.00
32.600,37.36877,0.05480,0.30584,1.4618,0.8000,-0.08074,0.1040,0.0548,3.1702,38.255,FEASIBLE,1,37.50
32.700,37.50172,0.09019,0.30003,1.3134,0.8000,-0.09470,0.0888,0.0902,3.1348,37.602,FEASIBLE,1,37.50
32.800,37.61382,0.12697,0.29640,1.1193,3.3036,-0.09470,0.0696,0.1270,3.0980,39.138,FEASIBLE,1,37.50
32.900,37.71296,0.15911,0.29324,0.9936,2.7829,-0.10866,0.0778,0.1591,3.0659,39.465,FEASIBLE,1,37.50
33.000,37.80118,0.18660,0.29010,0.8813,2.3130,-0.10866,0.0440,0.1866,3.0384,38.398,FEASIBLE,1,38.00
33.100,37.87836,0.20657,0.28509,0.7451,2.0592,-0.12263,0.0571,0.2066,3.0184,39.497,FEASIBLE,1,38.00
33.200,37.94509,0.21548,0.27607,0.6313,2.1020,-0.12499,0.0158,0.2155,3.0095,37.929,FEASIBLE,1,38.00
33.300,38.00205,0.21182,0.26004,0.5281,2.1729,-0.13895,0.0169,0.2118,3.0132,37.876,FEASIBLE,1,38.00
33.400,38.05284,0.20536,0.24008,0.5340,1.8781,-0.15292,0.0044,0.2054,3.0196,37.901,FEASIBLE,1,38.00
33.500,38.10274,0.20835,0.22209,0.4707,1.8309,-0.15292,0.0208,0.2084,3.0166,39.681,FEASIBLE,1,38.00
33.600,38.14545,0.20887,0.20601,0.3805,1.8234,-0.16688,0.0299,0.2089,3.0161,41.070,FEASIBLE,1,38.00
33.700,38.18120,0.20402,0.19160,0.3494,1.7230,-0.18084,0.0086,0.2040,3.0210,38.038,FEASIBLE,1,38.00
33.800,38.21459,0.19803,0.17783,0.3334,1.6660,-0.18084,0.0008,0.1980,3.0270,38.616,FEASIBLE,1,38.00
33.904,38.25684,0.19060,0.16061,0.3725,1.5763,-0.18084,0.0157,0.1906,3.0344,42.361,FEASIBLE,1,38.50
34.000,38.28792,0.18730,0.14864,0.4017,1.5191,-0.18311,0.0008,0.1873,3.0377,37.636,FEASIBLE,1,38.50
34.102,38.33848,0.18331,0.12979,0.4302,2.2394,-0.18311,0.0235,0.1833,3.0417,35.941,FEASIBLE,1,38.50
34.200,38.37402,0.17861,0.11616,0.4591,2.1057,-0.18311,0.0206,0.1786,3.0464,36.935,FEASIBLE,1,38.50
34.300,38.42183,0.17007,0.09883,0.5046,1.8674,-0.16914,0.0137,0.1701,3.0549,38.512,FEASIBLE,1,38.50
34.400,38.49161,0.16126,0.08082,0.6531,1.8292,-0.17762,0.0273,0.1613,3.0637,36.587,FEASIBLE,1,38.50
34.500,38.54839,0.15876,0.06941,0.7404,1.8231,-0.16366,0.0073,0.1588,3.0662,36.978,FEASIBLE,1,38.50
34.600,38.62575,0.15366,0.05429,0.8064,1.8221,-0.16366,0.0224,0.1537,3.0713,37.147,FEASIBLE,1,38.50
34.700,38.71470,0.14228,0.03535,0.9576,1.8220,-0.14969,0.0048,0.1423,3.0827,37.208,FEASIBLE,1,38.50
34.800,38.81954,0.12773,0.01158,1.1199,2.0406,-0.13573,0.0211,0.1277,3.0972,36.903,FEASIBLE,1,39.00
34.900,38.93924,0.10921,-0.01575,1.2722,2.1630,-0.12959,0.0132,0.1092,3.1158,36.584,FEASIBLE,1,39.00
35.000,39.06833,0.08877,-0.04432,1.3184,2.1826,-0.11563,0.0096,0.0888,3.1362,36.260,FEASIBLE,1,39.00
35.100,39.20202,0.05890,-0.07346,1.3989,2.1858,-0.10167,0.0195,0.0589,3.1661,37.625,FEASIBLE,1,39.00
35.200,39.34273,0.02178,-0.10236,1.5011,1.8464,-0.10167,0.0164,0.0218,3.2032,36.081,FEASIBLE,1,39.50
35.300,39.50174,-0.01594,-0.13038,1.7240,1.9960,-0.08771,0.0010,0.0159,3.2090,23.190,FEASIBLE,1,39.50
35.400,39.67598,-0.04986,-0.15442,1.7883,2.1559,-0.07374,0.0070,0.0499,3.1751,23.324,FEASIBLE,1,39.50
35.500,39.85009,-0.09142,-0.17386,1.8429,2.2979,-0.05978,0.0039,0.0914,3.1335,24.627,FEASIBLE,1,40.00
35.600,40.03692,-0.12857,-0.18616,1.9260,2.3732,-0.04582,0.0363,0.1286,3.0964,23.013,FEASIBLE,1,40.00
35.700,40.22879,-0.16289,-0.19134,1.9600,2.4203,-0.03185,0.0093,0.1629,3.0620,22.411,FEASIBLE,1,40.00
35.800,40.43882,-0.21665,-0.19254,2.2890,2.4278,-0.01789,0.0525,0.2166,3.0083,23.491,FEASIBLE,1,40.50
35.900,40.66526,-0.26158,-0.19013,2.3736,2.4290,-0.00393,0.0530,0.2616,2.9633,23.498,FEASIBLE,1,40.50
36.000,40.90526,-0.30646,-0.18869,2.4925,2.4292,0.01003,0.0550,0.3065,2.9184,23.249,FEASIBLE,1,41.00
36.100,41.15678,-0.35401,-0.18861,2.5980,2.4293,0.02400,0.0911,0.3540,2.8709,22.322,FEASIBLE,1,41.00
36.200,41.41601,-0.40393,-0.18962,2.6723,2.4293,0.03796,0.0902,0.4039,2.8209,22.378,FEASIBLE,1,41.50
36.300,41.68245,-0.45579,-0.19046,2.7388,2.4293,0.03796,0.0236,0.4558,2.7691,22.669,FEASIBLE,1,41.50
36.400,41.95367,-0.50726,-0.18954,2.7769,2.4293,0.05192,0.0335,0.5073,2.7175,23.857,FEASIBLE,1,42.00
36.500,42.22637,-0.55615,-0.18551,2.7663,2.3457,0.06588,0.0637,0.5562,2.6686,22.690,FEASIBLE,1,42.00
36.600,42.49913,-0.60021,-0.17696,2.7632,2.1066,0.07985,0.0782,0.6002,2.6245,23.911,FEASIBLE,1,42.50
36.700,42.77180,-0.63754,-0.16337,2.7453,2.0294,0.10079,0.0847,0.6375,2.5871,22.505,FEASIBLE,1,43.00
36.800,43.04301,-0.66756,-0.14615,2.7152,2.0237,0.10004,0.0924,0.6676,2.5571,23.590,FEASIBLE,1,43.00
36.900,43.31079,-0.69065,-0.12715,2.6663,2.0323,0.10004,0.0879,0.6907,2.5339,22.370,FEASIBLE,1,43.50
37.000,43.57301,-0.70798,-0.10834,2.5984,2.0084,0.10004,0.1099,0.7080,2.5165,23.431,FEASIBLE,1,43.50
37.100,43.82727,-0.72136,-0.09169,2.4994,2.0079,0.10004,0.0020,0.7214,2.5030,24.521,FEASIBLE,1,44.00
37.200,44.06944,-0.73329,-0.07881,2.3750,1.8708,0.10004,0.1113,0.7333,2.4911,21.975,FEASIBLE,1,44.00
37.300,44.29930,-0.74421,-0.06924,2.2479,1.9348,0.10004,0.0109,0.7442,2.4800,21.957,FEASIBLE,1,44.50
37.400,44.51376,-0.75314,-0.06170,2.0932,2.0023,0.08607,0.0122,0.7531,2.4710,22.901,FEASIBLE,1,44.50
37.502,44.71492,-0.76090,-0.05466,1.9572,2.0131,0.08607,0.0189,0.7609,2.4633,22.857,FEASIBLE,1,44.50
37.600,44.90188,-0.76497,-0.04667,1.8236,2.0148,0.07256,0.0214,0.7650,2.4589,22.687,FEASIBLE,1,45.00
37.700,45.07714,-0.76569,-0.03639,1.7013,2.0689,0.07256,0.0169,0.7657,2.4582,34.517,FEASIBLE,1,45.00
37.800,45.24041,-0.76206,-0.02383,1.5887,2.2118,0.05859,0.0031,0.7621,2.4619,36.120,FEASIBLE,1,45.00
37.900,45.42259,-0.75403,-0.00796,1.4717,2.2347,0.04463,0.0102,0.7540,2.4696,33.814,FEASIBLE,1,45.50
38.000,45.53684,-0.74771,0.00160,1.4068,2.2384,0.03067,0.0083,0.7477,2.4759,33.600,FEASIBLE,1,45.50
38.100,45.67274,-0.74023,0.01072,1.3321,2.2390,0.01671,0.0007,0.7402,2.4834,35.680,FEASIBLE,1,45.50
38.200,45.80276,-0.73471,0.01500,1.2893,2.2391,0.00859,0.0041,0.7347,2.4885,33.762,FEASIBLE,1,46.00
38.300,45.93066,-0.73446,0.01390,1.2742,2.2391,0.00859,0.0167,0.7345,2.4887,35.140,FEASIBLE,1,46.00
38.400,46.05528,-0.73672,0.00841,1.2392,2.2391,0.00859,0.0091,0.7367,2.4676,35.830,FEASIBLE,1,46.00
38.500,46.17924,-0.74202,-0.00018,1.2432,2.2391,0.00859,0.0047,0.7420,2.3822,33.850,FEASIBLE,1,46.00
38.600,46.30418,-0.74964,-0.01043,1.2619,2.2391,-0.00134,0.0134,0.7496,2.3014,37.066,FEASIBLE,1,46.50
38.700,46.43169,-0.75880,-0.02091,1.2933,2.2391,-0.00134,0.0126,0.7588,2.2242,35.810,FEASIBLE,1,46.50
38.800,46.56214,-0.76905,-0.03005,1.3239,2.2391,0.00139,0.0187,0.7690,2.1509,35.247,FEASIBLE,1,46.50
38.900,46.69738,-0.77840,-0.03636,1.3782,2.2391,-0.01257,0.0080,0.7784,2.0799,34.890,FEASIBLE,1,46.50
39.000,46.86854,-0.78652,-0.03828,1.4684,2.2391,-0.00591,0.0105,0.7865,1.9963,35.718,FEASIBLE,1,47.00
39.100,46.98989,-0.78963,-0.03609,1.5475,2.2391,-0.01987,0.0123,0.7896,1.9417,35.720,FEASIBLE,1,47.00
39.200,47.15134,-0.79126,-0.03078,1.6633,2.2391,-0.01987,0.0179,0.7913,1.8764,33.877,FEASIBLE,1,47.00
39.300,47.32473,-0.79153,-0.02448,1.7839,2.2391,-0.01987,0.0524,0.7915,1.8183,33.933,FEASIBLE,1,47.50
39.400,47.51084,-0.79158,-0.01927,1.9110,2.0940,-0.03383,0.0729,0.7916,1.7711,34.545,FEASIBLE,1,47.50
39.500,47.70938,-0.79328,-0.01728,2.0348,2.1579,-0.04780,0.0586,0.7933,1.7259,34.308,FEASIBLE,1,47.50
39.600,47.92023,-0.79892,-0.02057,2.1567,2.2261,-0.03383,0.0691,0.7989,1.6816,34.272,FEASIBLE,1,48.00
39.700,48.14266,-0.81082,-0.03050,2.2715,2.2370,-0.03383,0.0282,0.8108,1.6407,36.136,FEASIBLE,1,48.00
39.800,48.37529,-0.83016,-0.04643,2.3722,2.2388,-0.03383,0.0253,0.8302,1.6046,35.579,FEASIBLE,1,48.50
39.900,48.61615,-0.85742,-0.06684,2.4564,2.2390,-0.01987,0.0095,0.8574,1.5743,34.902,FEASIBLE,1,48.50
40.000,48.86323,-0.89269,-0.09025,2.5220,2.2391,-0.00591,0.0066,0.8927,1.5502,34.282,FEASIBLE,1,49.00
40.100,49.11396,-0.93565,-0.11486,2.5448,2.2391,-0.00591,0.0319,0.9356,1.5328,22.752,FEASIBLE,1,49.00
40.200,49.36565,-0.98464,-0.13915,2.5747,2.2391,-0.00591,0.0135,0.9846,1.5210,23.571,FEASIBLE,1,49.50
40.300,49.61848,-1.03933,-0.16223,2.5892,2.2391,0.00805,0.0893,1.0393,1.5145,23.256,FEASIBLE,1,49.50
40.400,49.87047,-1.09770,-0.18233,2.5761,2.2391,0.02202,0.0695,1.0977,1.5117,24.221,FEASIBLE,1,50.00
40.500,50.11998,-1.15736,-0.19797,2.5508,2.2391,0.02202,0.0884,1.1574,1.5108,22.892,FEASIBLE,1,50.00
40.600,50.36558,-1.21541,-0.20759,2.5028,2.2391,0.03598,0.1444,1.2186,1.5093,23.475,FEASIBLE,1,50.50
40.702,50.65389,-1.27919,-0.20920,2.4278,0.8000,0.04994,0.2093,1.2919,1.5032,24.030,FEASIBLE,1,50.50
40.800,50.84140,-1.31625,-0.20316,2.3610,0.8000,0.06391,0.1699,1.3361,1.4950,25.786,FEASIBLE,1,51.00
40.900,51.10983,-1.35545,-0.18455,2.2024,0.8000,0.07787,0.2016,1.3930,1.4697,23.515,FEASIBLE,1,51.00
41.000,51.32065,-1.37612,-0.16223,2.0598,0.8000,0.09183,0.1736,1.4277,1.4504,24.122,FEASIBLE,1,51.00
41.100,51.47918,-1.38521,-0.14133,1.9393,0.8000,0.10579,0.0730,1.4510,1.4494,24.327,FEASIBLE,1,51.50
41.200,51.66149,-1.38849,-0.11345,1.7047,0.8000,0.11976,0.1530,1.4725,1.4624,24.074,FEASIBLE,1,51.50
41.300,51.82320,-1.38494,-0.08601,1.5599,0.8000,0.11976,0.1049,1.4851,1.4863,23.721,FEASIBLE,1,51.50
41.400,51.97063,-1.37693,-0.05983,1.4207,0.8000,0.13372,0.1168,1.4935,1.5183,23.858,FEASIBLE,1,52.00
41.500,52.10402,-1.36682,-0.03667,1.2829,0.8000,0.14768,0.1151,1.5013,1.5561,24.430,FEASIBLE,1,52.00
41.600,52.22371,-1.35708,-0.01837,1.1466,0.8000,0.16164,0.1297,1.5075,1.5983,23.678,FEASIBLE,1,52.00
41.700,52.33000,-1.35023,-0.00681,1.0098,0.8000,0.17561,0.1000,1.5149,1.6437,38.904,FEASIBLE,1,52.00
41.800,52.41979,-1.34777,-0.00300,0.8158,0.8000,0.18957,0.0799,1.5244,1.6784,37.524,FEASIBLE,1,52.00
41.900,52.49274,-1.34985,-0.00562,0.6737,0.8000,0.20353,0.0770,1.5368,1.6618,37.705,FEASIBLE,1,52.50
42.000,52.55210,-1.35577,-0.01329,0.5481,0.8000,0.21749,0.0664,1.5525,1.6461,38.007,FEASIBLE,1,52.50
42.100,52.59940,-1.36463,-0.02457,0.4391,0.8000,0.23146,0.0529,1.5691,1.6296,39.953,FEASIBLE,1,52.50
42.200,52.63743,-1.37540,-0.03808,0.3673,0.8000,0.24542,0.0414,1.5860,1.6126,36.617,FEASIBLE,1,52.50
42.300,52.66749,-1.38528,-0.05007,0.2825,0.8000,0.25938,0.0409,1.6008,1.5979,37.555,FEASIBLE,1,52.50
42.400,52.69342,-1.39426,-0.06065,0.1931,0.8000,0.27334,0.0380,1.6139,1.5847,24.254,FEASIBLE,1,52.50
42.500,52.70567,-1.39862,-0.06567,0.1455,0.8000,0.28731,0.0041,1.6203,1.5784,24.139,FEASIBLE,1,52.50
42.600,52.71669,-1.40261,-0.07020,0.1004,0.8000,0.30127,0.0038,1.6260,1.5726,24.739,FEASIBLE,1,52.50
42.700,52.72436,-1.40541,-0.07336,0.0714,0.8000,0.31523,0.0264,1.6300,1.5686,24.418,FEASIBLE,1,52.50
42.800,52.73215,-1.40780,-0.07589,0.0839,0.8000,0.32920,0.0346,1.6337,1.5650,24.239,FEASIBLE,1,52.50
42.900,52.73954,-1.40883,-0.07654,0.0738,0.8000,0.33233,0.0028,1.6359,1.5627,24.292,FEASIBLE,1,52.50
43.000,52.74767,-1.40906,-0.07600,0.0880,0.8000,0.33050,0.0114,1.6375,1.5611,24.922,FEASIBLE,1,52.50
43.100,52.75796,-1.40818,-0.07367,0.1146,0.8000,0.32868,0.0355,1.6383,1.5603,24.502,FEASIBLE,1,52.50
43.200,52.77173,-1.40565,-0.06876,0.1596,0.8000,0.32101,0.0039,1.6381,1.5605,25.631,FEASIBLE,1,52.50
43.300,52.79091,-1.40156,-0.06129,0.2225,0.8000,0.31693,0.0229,1.6373,1.5614,24.515,FEASIBLE,1,52.50
43.400,52.81714,-1.39563,-0.05092,0.3019,0.8000,0.31572,0.0277,1.6358,1.5629,23.831,FEASIBLE,1,52.50
43.500,52.85189,-1.38731,-0.03713,0.3963,0.8000,0.30822,0.0157,1.6333,1.5653,25.721,FEASIBLE,1,52.50
43.600,52.89648,-1.37591,-0.01935,0.5054,0.8000,0.30295,0.0599,1.6295,1.5691,23.866,FEASIBLE,1,52.50
43.700,52.95214,-1.36042,0.00298,0.6263,0.8000,0.29665,0.0306,1.6235,1.5752,38.204,FEASIBLE,1,52.50
43.800,53.01910,-1.34004,0.03000,0.7485,1.3155,0.28269,0.0681,1.6145,1.5842,39.752,FEASIBLE,1,52.50
43.900,53.09654,-1.31405,0.06142,0.8537,1.2226,0.26873,0.0672,1.6040,1.5899,38.945,FEASIBLE,1,53.00
44.000,53.18259,-1.28629,0.09094,0.9410,1.9161,0.25476,0.0425,1.5939,1.6000,38.546,FEASIBLE,1,53.00
44.100,53.30018,-1.25641,0.11537,1.0668,1.8227,0.26873,0.0733,1.5880,1.6060,38.951,FEASIBLE,1,53.00
44.200,53.38894,-1.23954,0.12396,1.1678,1.6650,0.28269,0.0711,1.5891,1.6049,38.697,FEASIBLE,1,53.00
44.300,53.51238,-1.22201,0.12666,1.3005,1.6069,0.29665,0.1015,1.5964,1.5975,39.504,FEASIBLE,1,53.00
44.400,53.67907,-1.20635,0.11974,1.4633,1.4327,0.29665,0.1475,1.6179,1.5708,36.860,FEASIBLE,1,53.50
44.500,53.80124,-1.19926,0.11016,1.5682,1.5288,0.29665,0.1296,1.6392,1.5495,38.277,FEASIBLE,1,53.50
44.600,53.96477,-1.19428,0.09406,1.6778,1.6180,0.31061,0.1435,1.6722,1.5165,39.552,FEASIBLE,1,53.50
44.700,54.13806,-1.19369,0.07490,1.7658,0.8000,0.31061,0.1774,1.7118,1.4710,37.882,FEASIBLE,1,54.00
44.800,54.31862,-1.19720,0.05432,1.8301,0.8000,0.29665,0.2114,1.7627,1.4200,39.086,FEASIBLE,1,54.00
44.900,54.50397,-1.20405,0.03391,1.8673,0.8000,0.29665,0.2018,1.8182,1.3646,37.907,FEASIBLE,1,54.00
45.000,54.69195,-1.21339,0.01520,1.8891,0.8000,0.29665,0.2136,1.8767,1.3060,39.141,FEASIBLE,1,54.00
45.100,54.88009,-1.22347,-0.00028,1.8776,0.8000,0.28269,0.2388,1.9410,1.2351,37.760,FEASIBLE,1,54.50
45.200,55.06368,-1.23210,-0.01104,1.7999,0.8000,0.28269,0.2030,2.0035,1.1726,36.894,FEASIBLE,1,54.50
45.300,55.24038,-1.23806,-0.01566,1.7484,0.8000,0.29665,0.1913,2.0615,1.1147,36.787,FEASIBLE,1,54.50
45.400,55.41070,-1.23909,-0.01289,1.6714,0.8000,0.31061,0.2158,2.1156,1.0533,39.396,FEASIBLE,1,55.00
45.500,55.60308,-1.23001,0.00172,1.5551,0.8000,0.32458,0.2029,2.1700,0.9989,38.506,FEASIBLE,1,55.00
45.600,55.72282,-1.21694,0.01861,1.4701,0.8000,0.33854,0.1772,2.1968,0.9721,39.307,FEASIBLE,1,55.00
45.700,55.86194,-1.19247,0.04677,1.3758,0.8000,0.35250,0.1428,2.2192,0.9497,39.882,FEASIBLE,1,55.00
45.800,55.98808,-1.15981,0.08119,1.2510,0.8000,0.36646,0.1439,2.2324,0.9285,37.778,FEASIBLE,1,55.50
45.900,56.09939,-1.12078,0.12013,1.1324,0.8000,0.36646,0.0816,2.2359,0.9250,37.802,FEASIBLE,1,55.50
46.000,56.19775,-1.07795,0.16031,1.0171,1.1765,0.38043,0.0806,2.2311,0.9298,39.099,FEASIBLE,1,55.50
46.100,56.28144,-1.03687,0.19613,0.8751,1.1502,0.38969,0.0575,2.2228,0.9381,37.873,FEASIBLE,1,55.50
46.200,56.35145,-0.99947,0.22674,0.7416,1.1460,0.39118,0.0583,2.2130,0.9479,37.687,FEASIBLE,1,55.50
46.300,56.40960,-0.96621,0.25258,0.6237,1.1453,0.38713,0.0523,2.2028,0.9581,37.787,FEASIBLE,1,55.50
46.400,56.45766,-0.93720,0.27424,0.5224,1.1452,0.37846,0.0611,2.1939,0.9584,37.397,FEASIBLE,1,56.00
46.500,56.49735,-0.91213,0.29233,0.4362,1.6419,0.37846,0.0284,2.1862,0.9660,37.767,FEASIBLE,1,56.00
46.600,56.53029,-0.89058,0.30750,0.3674,1.4234,0.37846,0.0126,2.1792,0.9731,37.457,FEASIBLE,1,56.00
46.700,56.55798,-0.87188,0.32036,0.3137,1.1897,0.38905,0.0035,2.1728,0.9795,38.244,FEASIBLE,1,56.00
46.800,56.58181,-0.85535,0.33153,0.2765,1.1523,0.39107,0.0176,2.1668,0.9854,37.956,FEASIBLE,1,56.00
46.900,56.60322,-0.84020,0.34164,0.2550,1.1464,0.38432,0.0119,2.1612,0.9911,39.421,FEASIBLE,1,56.00
47.000,56.62354,-0.82548,0.35130,0.2502,1.1454,0.39032,0.0086,2.1556,0.9967,40.197,FEASIBLE,1,56.00
47.100,56.64408,-0.81031,0.36112,0.2612,1.1452,0.38402,0.0046,2.1496,1.0027,39.118,FEASIBLE,1,56.00
47.204,56.67082,-0.79008,0.37404,0.2955,1.1452,0.38771,0.0100,2.1414,1.0109,38.179,FEASIBLE,1,56.00
47.302,56.69629,-0.77031,0.38645,0.3424,1.1452,0.38728,0.0416,2.1331,1.0192,38.384,FEASIBLE,1,56.00
47.402,56.72591,-0.74664,0.40103,0.4058,1.1452,0.38721,0.0396,2.1228,1.0295,37.409,FEASIBLE,1,56.00
47.500,56.75332,-0.72412,0.41470,0.4673,1.1452,0.38022,0.0267,2.1127,1.0395,37.709,FEASIBLE,1,56.00
47.600,56.79307,-0.69030,0.43476,0.5605,1.1452,0.36721,0.0374,2.0971,1.0552,36.964,FEASIBLE,1,56.00
47.700,56.83968,-0.64883,0.45877,0.6693,1.1452,0.35598,0.0178,2.0770,1.0752,36.628,FEASIBLE,1,56.00
47.800,56.89385,-0.59809,0.48727,0.7906,1.1452,0.34201,0.0243,2.0514,1.1009,38.526,FEASIBLE,1,56.00
47.900,56.95556,-0.53656,0.52071,0.9233,1.1452,0.32805,0.0363,2.0212,1.1218,40.301,FEASIBLE,1,56.50
48.000,57.02415,-0.46314,0.55923,1.0619,1.1452,0.31409,0.0077,1.9833,1.1596,37.700,FEASIBLE,1,56.50
48.100,57.10188,-0.37735,0.59969,1.2065,1.1452,0.32805,0.0223,1.9381,1.2048,37.917,FEASIBLE,1,56.50
48.200,57.18899,-0.28546,0.63352,1.3017,1.1452,0.31409,0.0191,1.8913,1.2517,36.623,FEASIBLE,1,56.50
48.300,57.28441,-0.19087,0.65830,1.3713,1.1452,0.31409,0.0452,1.8455,1.2974,36.361,FEASIBLE,1,56.50
48.400,57.40799,-0.07507,0.67773,1.4376,1.0521,0.31409,0.0615,1.7961,1.3369,38.521,FEASIBLE,1,57.00
48.500,57.49473,0.00326,0.68597,1.4725,1.0931,0.30013,0.0473,1.7651,1.3679,38.052,FEASIBLE,1,57.00
48.600,57.60658,0.10203,0.69256,1.5030,1.1369,0.30013,0.0642,1.7273,1.4058,41.095,FEASIBLE,1,57.00
48.700,57.72062,0.20111,0.69656,1.5139,1.1439,0.29880,0.0759,1.6901,1.4429,39.950,FEASIBLE,1,57.00
48.800,57.83430,0.29963,0.69960,1.5011,1.1325,0.28484,0.0778,1.6568,1.4658,38.222,FEASIBLE,1,57.50
48.900,57.94672,0.39813,0.70320,1.4878,1.6252,0.27088,0.0578,1.6242,1.4983,38.571,FEASIBLE,1,57.50
49.000,58.05575,0.49659,0.70889,1.4587,1.7407,0.27088,0.0426,1.5901,1.5325,39.393,FEASIBLE,1,57.50
49.100,58.16070,0.59631,0.71819,1.4423,1.5534,0.27088,0.0473,1.5529,1.5697,39.037,FEASIBLE,1,57.50
49.200,58.26140,0.69940,0.73268,1.4417,1.3834,0.27303,0.0744,1.5146,1.5969,38.854,FEASIBLE,1,58.00
49.300,58.35665,0.80726,0.75382,1.4350,1.9280,0.26411,0.0072,1.4702,1.6414,39.027,FEASIBLE,1,58.00
49.400,58.46003,0.94270,0.78926,1.4117,1.7549,0.26411,0.0591,1.4061,1.7054,38.149,FEASIBLE,1,58.00
49.500,58.52144,1.03734,0.81946,1.4096,1.7594,0.25119,0.0355,1.3558,1.7557,39.484,FEASIBLE,1,58.00
49.600,58.58938,1.16104,0.86431,1.4149,1.6600,0.24763,0.0398,1.2868,1.8133,40.509,FEASIBLE,1,58.50
49.700,58.64692,1.28876,0.91474,1.3510,2.3845,0.23367,0.0589,1.2100,1.8902,46.501,FEASIBLE,1,58.50
49.800,58.69760,1.42560,0.97014,1.5472,2.8233,0.21971,0.0439,1.1217,1.9784,49.064,FEASIBLE,1,58.50
49.900,58.74353,1.57624,1.03056,1.5966,3.0832,0.20575,0.0593,1.0193,2.0809,48.280,FEASIBLE,1,58.50
50.000,58.78154,1.73435,1.09244,1.6471,0.8000,0.19178,0.0462,0.9070,2.1814,49.151,FEASIBLE,1,59.00
50.100,58.81387,1.89866,1.15276,1.6940,1.8136,0.19178,0.0639,0.7897,2.2988,54.161,FEASIBLE,1,59.00
50.200,58.84110,2.06767,1.20921,1.7279,1.6020,0.17782,0.1346,0.6656,2.4229,50.200,FEASIBLE,1,59.00
50.300,58.86816,2.27334,1.26831,1.7217,1.5681,0.16386,0.0896,0.5111,2.5774,48.093,FEASIBLE,1,59.00
50.400,58.88281,2.41185,1.30125,1.7578,1.5599,0.14990,0.1312,0.4051,2.6834,49.683,FEASIBLE,1,59.00
50.500,58.90147,2.58639,1.33350,1.7514,1.5456,0.13593,0.0752,0.2743,2.8023,50.479,FEASIBLE,1,59.50
50.600,58.92552,2.75952,1.35396,1.7447,0.8000,0.12197,0.1418,0.1490,2.9276,49.339,FEASIBLE,1,59.50
50.702,58.96510,2.96334,1.36221,1.7159,0.8000,0.10801,0.1441,0.0081,3.0685,48.590,FEASIBLE,1,59.50
50.802,59.00391,3.12659,1.35683,1.6731,0.8000,0.09405,0.0864,0.1005,2.9761,48.021,FEASIBLE,1,59.50
50.900,59.04145,3.25357,1.34546,1.6408,0.8000,0.08008,0.0872,0.1777,2.8870,48.500,FEASIBLE,1,60.00
51.000,59.09470,3.40459,1.32381,1.5721,0.8000,0.06612,0.1090,0.2634,2.8013,48.865,FEASIBLE,1,60.00
51.102,59.16728,3.57254,1.28852,1.4796,0.8000,0.05216,0.0329,0.3505,2.7142,49.799,FEASIBLE,1,60.00
51.200,59.23390,3.69954,1.25278,1.3941,0.8000,0.05216,0.0382,0.4083,2.6446,50.790,FEASIBLE,1,60.50
51.300,59.28897,3.79169,1.22129,1.3069,0.8000,0.03819,0.0469,0.4433,2.6096,49.555,FEASIBLE,1,60.50
51.400,59.35670,3.89334,1.17995,1.1453,0.8000,0.02423,0.0263,0.4774,2.5755,48.187,FEASIBLE,1,60.50
51.500,59.42205,3.97232,1.14123,0.9438,2.0008,0.02423,0.0275,0.4957,2.5572,46.484,FEASIBLE,1,60.50
51.600,59.48067,4.03756,1.10738,0.8105,2.0015,0.01027,0.0129,0.5078,2.5451,48.027,FEASIBLE,1,60.50
51.700,59.53113,4.09066,1.07905,0.6690,2.0017,0.01027,0.0259,0.5153,2.5261,33.455,FEASIBLE,1,61.00
51.800,59.58150,4.14010,1.05168,0.5289,2.0017,0.01027,0.0025,0.5183,2.5231,37.619,FEASIBLE,1,61.00
51.900,59.60932,4.16584,1.03692,0.4416,2.0017,-0.00369,0.0213,0.5188,2.5226,37.495,FEASIBLE,1,61.00
52.000,59.63832,4.19077,1.02189,0.3449,1.8807,-0.01766,0.0071,0.5179,2.5235,34.095,FEASIBLE,1,61.00
52.100,59.66106,4.21066,1.01011,0.2748,1.8129,-0.01565,0.0280,0.5175,2.5239,35.179,FEASIBLE,1,61.00
52.200,59.67701,4.22520,1.00213,0.1756,1.9231,-0.02961,0.0133,0.5176,2.5238,36.740,FEASIBLE,1,61.00
52.300,59.68510,4.23582,0.99883,0.1251,1.9891,-0.02961,0.0095,0.5201,2.5213,35.636,FEASIBLE,1,61.00
52.400,59.69046,4.24464,0.99758,0.0873,1.9997,-0.02961,0.0071,0.5230,2.5184,34.524,FEASIBLE,1,61.00
52.500,59.69533,4.25126,0.99818,0.0857,2.0014,-0.04357,0.0086,0.5247,2.5167,35.128,FEASIBLE,1,61.00
52.600,59.69938,4.26000,1.00141,0.1023,2.0016,-0.04357,0.0049,0.5285,2.5129,34.694,FEASIBLE,1,61.00
52.700,59.70323,4.27148,1.00608,0.1363,2.0017,-0.05754,0.0078,0.5344,2.5070,35.445,FEASIBLE,1,61.00
52.800,59.70756,4.28603,1.01197,0.1673,2.0017,-0.05754,0.0207,0.5423,2.4991,35.024,FEASIBLE,1,61.00
52.900,59.71284,4.30471,1.01947,0.2138,1.8807,-0.05754,0.0126,0.5527,2.4887,35.547,FEASIBLE,1,61.00
53.000,59.71942,4.32877,1.02911,0.2753,1.8138,-0.07150,0.0161,0.5661,2.4752,35.539,FEASIBLE,1,61.00
53.100,59.72747,4.35981,1.04148,0.3553,1.6946,-0.08546,0.0206,0.5838,2.4576,36.284,FEASIBLE,1,61.00
53.200,59.73972,4.40171,1.05591,0.4875,1.7188,-0.09942,0.0351,0.6068,2.4346,34.964,FEASIBLE,1,61.00
53.300,59.76184,4.45270,1.06357,0.6048,1.7575,-0.09942,0.0438,0.6298,2.4116,34.750,FEASIBLE,1,61.00
53.400,59.79667,4.51225,1.06039,0.7496,1.6768,-0.09942,0.0134,0.6501,2.3802,35.345,FEASIBLE,1,61.50
53.500,59.84614,4.57731,1.04396,0.8617,1.7160,-0.09942,0.0146,0.6626,2.3677,34.556,FEASIBLE,1,61.50
53.600,59.91238,4.64369,1.01384,0.9875,1.7570,-0.09942,0.0054,0.6645,2.3658,38.789,FEASIBLE,1,61.50
53.700,59.99214,4.71451,0.97395,1.1174,1.7636,-0.08546,0.0266,0.6602,2.3701,35.388,FEASIBLE,1,61.50
53.800,60.08517,4.78928,0.92807,1.2442,1.7646,-0.07150,0.0419,0.6495,2.3808,34.279,FEASIBLE,1,61.50
53.902,60.21544,4.88269,0.86620,1.4019,1.9295,-0.05754,0.0569,0.6231,2.3967,34.966,FEASIBLE,1,62.00
54.004,60.34053,4.96180,0.80912,1.5362,1.8593,-0.05754,0.0944,0.5885,2.4313,36.548,FEASIBLE,1,62.00
54.100,60.45188,5.02368,0.75988,1.6258,1.8095,-0.04357,0.0939,0.5517,2.4681,35.225,FEASIBLE,1,62.00
54.200,60.60546,5.09768,0.69392,1.7630,1.8981,-0.02961,0.1261,0.4916,2.5184,36.131,FEASIBLE,1,62.50
54.300,60.77545,5.16799,0.62555,1.8948,1.9509,-0.01565,0.1702,0.4131,2.5970,23.244,FEASIBLE,1,62.50
54.400,60.96236,5.23339,0.55599,2.0341,0.8000,-0.00168,0.1842,0.3187,2.6914,23.459,FEASIBLE,1,62.50
54.500,61.16207,5.29331,0.48898,2.0887,0.8000,0.01228,0.2629,0.2087,2.7926,23.282,FEASIBLE,1,63.00
54.600,61.36783,5.34812,0.42792,2.1302,0.8000,0.02624,0.2062,0.0874,2.9139,23.050,FEASIBLE,1,63.00
54.700,61.57627,5.39632,0.37413,2.1550,0.4000,0.04020,0.2280,0.0403,2.9610,23.474,FEASIBLE,1,63.00
54.800,61.78982,5.43761,0.32728,2.1788,0.4000,0.05417,0.2464,0.1794,2.8142,23.227,FEASIBLE,1,63.50
54.900,62.00939,5.47460,0.28811,2.2751,0.8000,0.06813,0.2549,0.3284,2.6652,22.116,FEASIBLE,1,63.50
55.000,62.23475,5.51895,0.25883,2.2820,0.4000,0.08209,0.2791,0.4773,2.5162,22.016,FEASIBLE,1,63.50
55.100,62.45477,5.56306,0.24079,2.2167,0.4000,0.09605,0.2908,0.6252,2.3618,22.361,FEASIBLE,1,64.00
55.200,62.67093,5.60980,0.23446,2.2188,0.4000,0.11002,0.2982,0.7711,2.2159,23.891,FEASIBLE,1,64.00
55.300,62.88614,5.66678,0.23954,2.2292,0.4000,0.12398,0.2795,0.9102,2.0769,22.814,FEASIBLE,1,64.00
55.400,63.09693,5.73220,0.25518,2.1946,0.4000,0.13794,0.3008,1.0433,1.9386,23.412,FEASIBLE,1,64.50
55.500,63.30116,5.80311,0.27933,2.1289,0.8000,0.15190,0.2559,1.1711,1.8108,22.194,FEASIBLE,1,64.50
55.600,63.48680,5.88119,0.30948,1.9571,0.8000,0.16587,0.2755,1.2795,1.7024,22.780,FEASIBLE,1,64.50
55.700,63.65926,5.96670,0.34420,1.8877,0.4000,0.17983,0.2589,1.3746,1.6035,22.560,FEASIBLE,1,65.00
55.800,63.81695,6.05355,0.38118,1.7383,0.8000,0.19379,0.2082,1.4604,1.5177,23.086,FEASIBLE,1,65.00
55.900,63.98133,6.15913,0.42577,1.5510,0.0000,0.00000,inf,1.5416,1.4364,1.592,INFEASIBLE: no collision-free lattice connection,1,65.00
56.000,64.07745,6.22726,0.45403,1.4238,0.0000,0.00000,inf,1.5857,1.3924,1.944,INFEASIBLE: no collision-free lattice connection,1,65.00
56.100,64.18215,6.30618,0.48547,1.2148,0.0000,0.00000,inf,1.6335,1.3423,2.139,INFEASIBLE: no collision-free lattice connection,1,65.50
56.200,64.27153,6.37594,0.51091,1.0789,0.0000,0.00000,inf,1.6745,1.3012,1.330,INFEASIBLE: no collision-free lattice connection,1,65.50
56.300,64.35043,6.43696,0.52962,0.9439,0.0000,0.00000,inf,1.7111,1.2647,1.283,INFEASIBLE: no collision-free lattice connection,1,65.50
56.400,64.42067,6.48726,0.53968,0.8121,0.0000,0.00000,inf,1.7457,1.2301,0.933,INFEASIBLE: no collision-free lattice connection,1,65.50
56.500,64.49517,6.53075,0.53796,0.6554,0.0000,0.00000,inf,1.7874,1.1884,1.496,INFEASIBLE: no collision-free lattice connection,1,65.50
56.600,64.53860,6.54988,0.52977,0.5500,0.0000,0.00000,inf,1.8149,1.1609,0.927,INFEASIBLE: no collision-free lattice connection,1,65.50
56.700,64.57978,6.56333,0.51708,0.3585,0.0000,0.00000,inf,1.8434,1.1324,0.925,INFEASIBLE: no collision-free lattice connection,1,65.50
56.800,64.60783,6.57037,0.50639,0.1587,0.0000,0.00000,inf,1.8639,1.1119,1.690,INFEASIBLE: no collision-free lattice connection,1,65.50
56.900,64.61404,6.57163,0.50394,0.0349,0.0000,0.00000,inf,1.8686,1.1072,1.348,INFEASIBLE: no collision-free lattice connection,1,65.50
57.000,64.61051,6.57068,0.50454,0.0777,0.0000,0.00000,inf,1.8660,1.1097,1.471,INFEASIBLE: no collision-free lattice connection,1,65.50
57.100,64.59818,6.56526,0.50625,0.1729,0.0000,0.00000,inf,1.8582,1.1175,1.324,INFEASIBLE: no collision-free lattice connection,1,65.50
57.202,64.57284,6.55062,0.50556,0.2981,0.0000,0.00000,inf,1.8439,1.1318,1.325,INFEASIBLE: no collision-free lattice connection,1,65.50
57.302,64.54326,6.52746,0.49715,0.4325,0.0000,0.00000,inf,1.8304,1.1454,1.078,INFEASIBLE: no collision-free lattice connection,1,65.50
57.400,64.50633,6.49341,0.47953,0.5422,0.0000,0.00000,inf,1.8161,1.1597,0.948,INFEASIBLE: no collision-free lattice connection,1,65.50
57.500,64.47229,6.46180,0.46197,0.6019,0.0000,0.00000,inf,1.8030,1.1727,1.361,INFEASIBLE: no collision-free lattice connection,1,65.50
57.600,64.42489,6.41928,0.43755,0.6579,0.0000,0.00000,inf,1.7841,1.1917,0.933,INFEASIBLE: no collision-free lattice connection,1,65.50
57.700,64.37295,6.37493,0.41129,0.6973,0.0000,0.00000,inf,1.7622,1.2136,0.953,INFEASIBLE: no collision-free lattice connection,1,65.50
57.800,64.31700,6.32981,0.38384,0.7419,0.0000,0.00000,inf,1.7372,1.2385,1.336,INFEASIBLE: no collision-free lattice connection,1,65.50
57.900,64.25455,6.28605,0.35909,0.7721,0.0000,0.00000,inf,1.7060,1.2698,0.930,INFEASIBLE: no collision-free lattice connection,1,65.50
58.000,64.19077,6.25014,0.34305,0.7157,0.0000,0.00000,inf,1.6696,1.3062,1.522,INFEASIBLE: no collision-free lattice connection,1,65.50
58.100,64.12728,6.22303,0.33757,0.6732,0.0000,0.00000,inf,1.6299,1.3482,1.373,INFEASIBLE: no collision-free lattice connection,1,65.00
58.200,64.06543,6.20430,0.34239,0.6278,0.0000,0.00000,inf,1.5880,1.3901,1.693,INFEASIBLE: no collision-free lattice connection,1,65.00
58.300,64.00669,6.19275,0.35579,0.5806,0.0000,0.00000,inf,1.5448,1.4333,1.771,INFEASIBLE: no collision-free lattice connection,1,65.00
58.400,63.95061,6.18644,0.37494,0.5582,0.0000,0.00000,inf,1.5010,1.4770,2.088,INFEASIBLE: no collision-free lattice connection,1,65.00
58.500,63.89741,6.18232,0.39418,0.5114,0.0000,0.00000,inf,1.4585,1.5196,1.691,INFEASIBLE: no collision-free lattice connection,1,65.00
58.600,63.85312,6.17790,0.41086,0.3891,0.0000,0.00000,inf,1.4236,1.5545,1.830,INFEASIBLE: no collision-free lattice connection,1,65.00
58.700,63.82082,6.17349,0.42341,0.2818,0.0000,0.00000,inf,1.3988,1.5793,1.651,INFEASIBLE: no collision-free lattice connection,1,65.00
58.800,63.79988,6.17041,0.43156,0.1647,0.0000,0.00000,inf,1.3828,1.5952,1.700,INFEASIBLE: no collision-free lattice connection,1,65.00
58.900,63.79008,6.16891,0.43538,0.0240,0.8000,0.20776,0.0298,1.3754,1.6027,22.654,FEASIBLE,1,65.00
59.000,63.79440,6.16989,0.43410,0.1067,0.8000,0.22172,0.0049,1.3785,1.5996,22.910,FEASIBLE,1,65.00
59.100,63.81247,6.17663,0.43210,0.2468,0.8000,0.23568,0.0105,1.3901,1.5880,22.984,FEASIBLE,1,65.00
59.200,63.84028,6.19071,0.43426,0.3401,0.0000,0.00000,inf,1.4059,1.5722,1.773,INFEASIBLE: no collision-free lattice connection,1,65.00
59.300,63.87192,6.20832,0.43828,0.3764,0.0000,0.00000,inf,1.4230,1.5551,1.967,INFEASIBLE: no collision-free lattice connection,1,65.00
59.400,63.91068,6.22501,0.43603,0.4569,0.0000,0.00000,inf,1.4466,1.5315,1.716,INFEASIBLE: no collision-free lattice connection,1,65.00
59.500,63.95889,6.23843,0.42515,0.5275,0.0000,0.00000,inf,1.4799,1.4982,1.718,INFEASIBLE: no collision-free lattice connection,1,65.00
59.600,64.01417,6.24844,0.40704,0.5854,0.0000,0.00000,inf,1.5210,1.4571,1.678,INFEASIBLE: no collision-free lattice connection,1,65.00
59.700,64.07501,6.25589,0.38422,0.6259,0.0000,0.00000,inf,1.5682,1.4099,1.818,INFEASIBLE: no collision-free lattice connection,1,65.00
59.800,64.13855,6.26153,0.35993,0.6420,0.0000,0.00000,inf,1.6189,1.3569,1.806,INFEASIBLE: no collision-free lattice connection,1,65.50
59.900,64.20241,6.26518,0.33571,0.6363,0.0000,0.00000,inf,1.6719,1.3039,0.944,INFEASIBLE: no collision-free lattice connection,1,65.50
60.000,64.26297,6.26776,0.31243,0.5853,0.0000,0.00000,inf,1.7226,1.2532,1.336,INFEASIBLE: no collision-free lattice connection,1,65.50
60.100,64.31912,6.26919,0.29062,0.5635,0.0000,0.00000,inf,1.7701,1.2057,1.435,INFEASIBLE: no collision-free lattice connection,1,65.50
60.200,64.37333,6.26885,0.26963,0.5088,0.0000,0.00000,inf,1.8168,1.1589,1.358,INFEASIBLE: no collision-free lattice connection,1,65.50
60.300,64.41835,6.26768,0.25219,0.4085,0.0000,0.00000,inf,1.8561,1.1197,1.030,INFEASIBLE: no collision-free lattice connection,1,65.50
60.400,64.45209,6.26640,0.23912,0.2880,0.0000,0.00000,inf,1.8857,1.0900,1.295,INFEASIBLE: no collision-free lattice connection,1,65.50
60.502,64.47456,6.26518,0.23040,0.1126,0.0000,0.00000,inf,1.9057,1.0701,1.309,INFEASIBLE: no collision-free lattice connection,1,65.50
60.600,64.47726,6.26496,0.22923,0.0112,0.0000,0.00000,inf,1.9081,1.0677,0.945,INFEASIBLE: no collision-free lattice connection,1,65.50
60.700,64.46333,6.26576,0.23390,0.1925,0.0000,0.00000,inf,1.8957,1.0801,0.984,INFEASIBLE: no collision-free lattice connection,1,65.50
60.800,64.44248,6.26690,0.24182,0.3006,0.0000,0.00000,inf,1.8772,1.0985,0.956,INFEASIBLE: no collision-free lattice connection,1,65.50
60.900,64.40501,6.26793,0.25619,0.4221,0.0000,0.00000,inf,1.8445,1.1313,1.494,INFEASIBLE: no collision-free lattice connection,1,65.50
61.000,64.35651,6.26826,0.27484,0.5219,0.0000,0.00000,inf,1.8027,1.1731,1.013,INFEASIBLE: no collision-free lattice connection,1,65.50
61.100,64.29981,6.26824,0.29676,0.5682,0.0000,0.00000,inf,1.7540,1.2218,1.509,INFEASIBLE: no collision-free lattice connection,1,65.50
61.200,64.24078,6.26620,0.31976,0.6183,0.0000,0.00000,inf,1.7043,1.2715,1.534,INFEASIBLE: no collision-free lattice connection,1,65.50
61.300,64.17500,6.26162,0.34423,0.6825,0.0000,0.00000,inf,1.6502,1.3256,0.965,INFEASIBLE: no collision-free lattice connection,1,65.50
61.400,64.10463,6.25238,0.36678,0.7269,0.0000,0.00000,inf,1.5950,1.3831,1.431,INFEASIBLE: no collision-free lattice connection,1,65.00
61.500,64.03185,6.23756,0.38481,0.7548,0.0000,0.00000,inf,1.5418,1.4363,0.946,INFEASIBLE: no collision-free lattice connection,1,65.00
61.600,63.95694,6.21743,0.39619,0.7900,0.0000,0.00000,inf,1.4896,1.4885,1.968,INFEASIBLE: no collision-free lattice connection,1,65.00
61.700,63.88423,6.19039,0.39902,0.7589,0.0000,0.00000,inf,1.4430,1.5350,1.677,INFEASIBLE: no collision-free lattice connection,1,65.00
61.800,63.81642,6.15684,0.39237,0.7534,0.0000,0.00000,inf,1.4041,1.5740,1.679,INFEASIBLE: no collision-free lattice connection,1,65.00
61.900,63.75228,6.12005,0.37744,0.7231,0.0000,0.00000,inf,1.3700,1.6081,1.666,INFEASIBLE: no collision-free lattice connection,1,65.00
62.000,63.69470,6.08121,0.35586,0.6739,0.8000,0.24296,0.0853,1.3425,1.6355,23.924,FEASIBLE,1,65.00
62.100,63.64387,6.04518,0.33266,0.5875,0.8000,0.24412,0.0997,1.3192,1.6588,22.878,FEASIBLE,1,65.00
62.200,63.59908,6.01501,0.31200,0.5023,0.8000,0.24431,0.0704,1.2978,1.6802,22.754,FEASIBLE,1,65.00
62.300,63.56333,5.99048,0.29512,0.3897,0.0000,0.00000,inf,1.2810,1.6971,1.598,INFEASIBLE: no collision-free lattice connection,1,65.00
62.400,63.53580,5.97349,0.28273,0.2717,0.8000,0.24434,0.0549,1.2674,1.7145,23.052,FEASIBLE,1,64.50
62.500,63.51940,5.96321,0.27525,0.1443,0.4000,0.25133,0.0320,1.2597,1.7221,23.180,FEASIBLE,1,64.50
62.600,63.51393,5.95978,0.27275,0.0161,0.4000,0.25672,0.0026,1.2572,1.7247,22.461,FEASIBLE,1,64.50
62.700,63.51785,5.96121,0.27409,0.0729,0.4000,0.25758,0.0122,1.2596,1.7223,22.581,FEASIBLE,1,64.50
62.800,63.52956,5.96551,0.27637,0.1605,0.4000,0.25772,0.0225,1.2668,1.7151,22.794,FEASIBLE,1,64.50
62.900,63.55149,5.97247,0.27676,0.2925,0.4000,0.25774,0.0297,1.2809,1.7010,22.707,FEASIBLE,1,64.50
63.000,63.59137,5.98298,0.27399,0.4910,0.4000,0.25775,0.0385,1.3087,1.6694,22.587,FEASIBLE,1,65.00
63.100,63.64571,6.00029,0.27786,0.6209,0.8000,0.25077,0.0804,1.3450,1.6330,22.959,FEASIBLE,1,65.00
63.200,63.70805,6.02707,0.29241,0.7127,0.8000,0.24537,0.0813,1.3830,1.5950,24.371,FEASIBLE,1,65.00
63.300,63.77335,6.06556,0.31674,0.8021,0.8000,0.24451,0.0979,1.4172,1.5609,23.345,FEASIBLE,1,65.00
63.400,63.84345,6.11660,0.34892,0.9080,0.8000,0.24437,0.0998,1.4486,1.5295,25.698,FEASIBLE,1,65.00
63.500,63.92137,6.17533,0.38612,1.0176,0.0000,0.00000,inf,1.4824,1.4956,1.638,INFEASIBLE: no collision-free lattice connection,1,65.00
63.600,64.00470,6.24120,0.42546,1.0888,0.0000,0.00000,inf,1.5169,1.4611,1.745,INFEASIBLE: no collision-free lattice connection,1,65.00
63.700,64.09058,6.31290,0.46498,1.1349,0.0000,0.00000,inf,1.5514,1.4244,1.759,INFEASIBLE: no collision-free lattice connection,1,65.50
63.804,64.19420,6.40334,0.50947,1.1240,0.0000,0.00000,inf,1.5941,1.3817,1.741,INFEASIBLE: no collision-free lattice connection,1,65.50
63.900,64.26096,6.46314,0.53508,1.1257,0.0000,0.00000,inf,1.6208,1.3549,1.397,INFEASIBLE: no collision-free lattice connection,1,65.50
64.000,64.36213,6.55297,0.56725,1.1238,0.0000,0.00000,inf,1.6617,1.3140,1.300,INFEASIBLE: no collision-free lattice connection,1,65.50
64.100,64.43012,6.61077,0.58294,1.1078,0.0000,0.00000,inf,1.6906,1.2852,1.322,INFEASIBLE: no collision-free lattice connection,1,65.50
64.200,64.51576,6.67809,0.59420,1.0744,0.0000,0.00000,inf,1.7298,1.2452,1.296,INFEASIBLE: no collision-free lattice connection,1,66.00
64.300,64.60190,6.73703,0.59443,1.0203,0.0000,0.00000,inf,1.7767,1.1983,0.980,INFEASIBLE: no collision-free lattice connection,1,66.00
64.400,64.68697,6.78511,0.58349,0.9454,0.0000,0.00000,inf,1.8280,1.1470,0.912,INFEASIBLE: no collision-free lattice connection,1,66.00
64.500,64.76812,6.82078,0.56296,0.8452,0.0000,0.00000,inf,1.8818,1.0932,0.917,INFEASIBLE: no collision-free lattice connection,1,66.00
64.600,64.83944,6.84368,0.53738,0.6803,0.0000,0.00000,inf,1.9332,1.0418,0.913,INFEASIBLE: no collision-free lattice connection,1,66.00
64.700,64.89586,6.85812,0.51530,0.5174,0.0000,0.00000,inf,1.9756,0.9994,1.301,INFEASIBLE: no collision-free lattice connection,1,66.00
64.800,64.93700,6.86770,0.49904,0.3603,0.0000,0.00000,inf,2.0070,0.9680,0.945,INFEASIBLE: no collision-free lattice connection,1,66.00
64.900,64.96328,6.87344,0.48867,0.2080,0.0000,0.00000,inf,2.0273,0.9477,1.136,INFEASIBLE: no collision-free lattice connection,1,66.00
65.000,64.97469,6.87584,0.48417,0.0557,0.0000,0.00000,inf,2.0361,0.9389,0.907,INFEASIBLE: no collision-free lattice connection,1,66.00
65.100,64.97289,6.87549,0.48445,0.0542,0.0000,0.00000,inf,2.0347,0.9403,0.969,INFEASIBLE: no collision-free lattice connection,1,66.00
65.200,64.96253,6.87242,0.48633,0.1458,0.0000,0.00000,inf,2.0271,0.9479,1.172,INFEASIBLE: no collision-free lattice connection,1,66.00
65.300,64.94338,6.86257,0.48698,0.2616,0.0000,0.00000,inf,2.0151,0.9599,1.044,INFEASIBLE: no collision-free lattice connection,1,66.00
65.400,64.91533,6.84327,0.48221,0.3997,0.0000,0.00000,inf,1.9999,0.9751,0.912,INFEASIBLE: no collision-free lattice connection,1,66.00
65.500,64.87777,6.81104,0.46655,0.5520,0.0000,0.00000,inf,1.9825,0.9925,0.918,INFEASIBLE: no collision-free lattice connection,1,66.00
65.600,64.82292,6.76045,0.43950,0.6488,0.0000,0.00000,inf,1.9590,1.0160,0.942,INFEASIBLE: no collision-free lattice connection,1,66.00
65.700,64.78054,6.72526,0.42151,0.7077,0.0000,0.00000,inf,1.9388,1.0362,0.953,INFEASIBLE: no collision-free lattice connection,1,66.00
65.800,64.71930,6.68563,0.40643,0.7348,0.0000,0.00000,inf,1.9044,1.0706,1.149,INFEASIBLE: no collision-free lattice connection,1,66.00
65.900,64.65092,6.65420,0.40298,0.7634,0.0000,0.00000,inf,1.8597,1.1153,0.929,INFEASIBLE: no collision-free lattice connection,1,66.00
66.000,64.57756,6.63051,0.41140,0.7747,0.0000,0.00000,inf,1.8071,1.1687,0.970,INFEASIBLE: no collision-free lattice connection,1,65.50
66.100,64.50141,6.61198,0.42956,0.8013,0.0000,0.00000,inf,1.7512,1.2246,1.049,INFEASIBLE: no collision-free lattice connection,1,65.50
66.200,64.42354,6.59494,0.45548,0.7883,0.0000,0.00000,inf,1.6930,1.2828,0.922,INFEASIBLE: no collision-free lattice connection,1,65.50
66.300,64.34970,6.57966,0.48363,0.6972,0.0000,0.00000,inf,1.6374,1.3384,1.309,INFEASIBLE: no collision-free lattice connection,1,65.50
66.400,64.27389,6.56295,0.51333,0.6211,0.0000,0.00000,inf,1.5808,1.3949,1.301,INFEASIBLE: no collision-free lattice connection,1,65.50
66.500,64.22803,6.55172,0.53149,0.5700,0.0000,0.00000,inf,1.5472,1.4286,1.478,INFEASIBLE: no collision-free lattice connection,1,65.50
66.600,64.17720,6.53818,0.55176,0.4953,0.0000,0.00000,inf,1.5105,1.4653,1.466,INFEASIBLE: no collision-free lattice connection,1,65.50
66.700,64.13470,6.52608,0.56877,0.4040,0.0000,0.00000,inf,1.4802,1.4956,1.388,INFEASIBLE: no collision-free lattice connection,1,65.50
66.800,64.10196,6.51616,0.58196,0.2990,0.0000,0.00000,inf,1.4571,1.5187,0.973,INFEASIBLE: no collision-free lattice connection,1,65.50
66.900,64.08004,6.50925,0.59083,0.1829,0.0000,0.00000,inf,1.4418,1.5340,1.324,INFEASIBLE: no collision-free lattice connection,1,65.50
67.000,64.06933,6.50580,0.59516,0.0655,0.0000,0.00000,inf,1.4344,1.5414,0.965,INFEASIBLE: no collision-free lattice connection,1,65.50
67.100,64.06944,6.50586,0.59513,0.0469,0.0000,0.00000,inf,1.4344,1.5413,1.383,INFEASIBLE: no collision-free lattice connection,1,65.50
67.200,64.07972,6.50933,0.59115,0.1471,0.0000,0.00000,inf,1.4415,1.5343,1.315,INFEASIBLE: no collision-free lattice connection,1,65.50
67.300,64.10304,6.51674,0.58178,0.2403,0.0000,0.00000,inf,1.4577,1.5180,1.459,INFEASIBLE: no collision-free lattice connection,1,65.50
67.400,64.12938,6.52476,0.57118,0.2960,0.0000,0.00000,inf,1.4763,1.4995,1.315,INFEASIBLE: no collision-free lattice connection,1,65.50
67.500,64.15366,6.53187,0.56143,0.3274,0.0000,0.00000,inf,1.4935,1.4823,1.316,INFEASIBLE: no collision-free lattice connection,1,65.50
67.600,64.18649,6.54102,0.54833,0.3474,0.0000,0.00000,inf,1.5170,1.4588,1.277,INFEASIBLE: no collision-free lattice connection,1,65.50
67.700,64.22019,6.55002,0.53488,0.3476,0.0000,0.00000,inf,1.5413,1.4344,0.976,INFEASIBLE: no collision-free lattice connection,1,65.50
67.800,64.25298,6.55830,0.52185,0.3296,0.0000,0.00000,inf,1.5653,1.4105,0.956,INFEASIBLE: no collision-free lattice connection,1,65.50
67.900,64.28300,6.56539,0.51000,0.2888,0.0000,0.00000,inf,1.5874,1.3884,1.614,INFEASIBLE: no collision-free lattice connection,1,65.50
68.000,64.30816,6.57110,0.50007,0.2336,0.0000,0.00000,inf,1.6061,1.3697,0.941,INFEASIBLE: no collision-free lattice connection,1,65.50
68.100,64.32674,6.57505,0.49282,0.1599,0.0000,0.00000,inf,1.6200,1.3557,0.969,INFEASIBLE: no collision-free lattice connection,1,65.50
68.200,64.33669,6.57700,0.48901,0.0580,0.0000,0.00000,inf,1.6276,1.3482,1.317,INFEASIBLE: no collision-free lattice connection,1,65.50
68.300,64.33458,6.57648,0.48958,0.0863,0.0000,0.00000,inf,1.6260,1.3497,0.953,INFEASIBLE: no collision-free lattice connection,1,65.50
68.400,64.31952,6.57026,0.49166,0.2082,0.0000,0.00000,inf,1.6163,1.3595,0.991,INFEASIBLE: no collision-free lattice connection,1,65.50
68.500,64.29668,6.55712,0.49025,0.2980,0.0000,0.00000,inf,1.6034,1.3724,0.959,INFEASIBLE: no collision-free lattice connection,1,65.50
68.600,64.27134,6.53945,0.48476,0.3100,0.0000,0.00000,inf,1.5907,1.3851,0.956,INFEASIBLE: no collision-free lattice connection,1,65.50
68.700,64.24417,6.52346,0.48242,0.3202,0.0000,0.00000,inf,1.5755,1.4002,0.925,INFEASIBLE: no collision-free lattice connection,1,65.50
68.800,64.21348,6.51037,0.48603,0.3504,0.0000,0.00000,inf,1.5559,1.4199,1.308,INFEASIBLE: no collision-free lattice connection,1,65.50
68.900,64.17564,6.49921,0.49817,0.4202,0.0000,0.00000,inf,1.5291,1.4467,0.974,INFEASIBLE: no collision-free lattice connection,1,65.50
69.000,64.13227,6.48870,0.51478,0.4607,0.0000,0.00000,inf,1.4972,1.4786,0.937,INFEASIBLE: no collision-free lattice connection,1,65.50
69.100,64.08621,6.47814,0.53255,0.4632,0.0000,0.00000,inf,1.4630,1.5127,0.974,INFEASIBLE: no collision-free lattice connection,1,65.50
69.200,64.04270,6.46662,0.54985,0.4431,0.0000,0.00000,inf,1.4316,1.5442,1.303,INFEASIBLE: no collision-free lattice connection,1,65.50
69.300,64.00176,6.45501,0.56625,0.4123,0.0000,0.00000,inf,1.4023,1.5734,1.364,INFEASIBLE: no collision-free lattice connection,1,65.50
69.400,63.96474,6.44385,0.58115,0.3680,0.0000,0.00000,inf,1.3762,1.5995,0.938,INFEASIBLE: no collision-free lattice connection,1,65.50
69.500,63.93296,6.43381,0.59400,0.3080,0.0000,0.00000,inf,1.3541,1.6217,1.338,INFEASIBLE: no collision-free lattice connection,1,65.50
69.600,63.90782,6.42553,0.60420,0.2340,0.0000,0.00000,inf,1.3367,1.6390,1.328,INFEASIBLE: no collision-free lattice connection,1,65.50
69.700,63.89058,6.41969,0.61122,0.1453,0.0000,0.00000,inf,1.3249,1.6509,1.396,INFEASIBLE: no collision-free lattice connection,1,65.50
69.800,63.88241,6.41680,0.61447,0.0516,0.0000,0.00000,inf,1.3194,1.6564,1.031,INFEASIBLE: no collision-free lattice connection,1,65.50
69.900,63.88434,6.41758,0.61381,0.0650,0.8000,0.23738,0.0244,1.3206,1.6551,25.174,FEASIBLE,1,65.50
70.000,63.89629,6.42188,0.60916,0.1694,0.0000,0.00000,inf,1.3287,1.6471,1.307,INFEASIBLE: no collision-free lattice connection,1,65.50
70.100,63.91857,6.42941,0.60017,0.2772,0.0000,0.00000,inf,1.3440,1.6318,1.606,INFEASIBLE: no collision-free lattice connection,1,65.50
70.202,63.95748,6.44196,0.58442,0.3832,0.0000,0.00000,inf,1.3710,1.6048,1.368,INFEASIBLE: no collision-free lattice connection,1,65.50
70.300,63.98934,6.45171,0.57158,0.4357,0.0000,0.00000,inf,1.3934,1.5824,0.978,INFEASIBLE: no collision-free lattice connection,1,65.50
70.400,64.03422,6.46468,0.55357,0.4854,0.0000,0.00000,inf,1.4253,1.5505,0.935,INFEASIBLE: no collision-free lattice connection,1,65.50
70.500,64.08308,6.47777,0.53411,0.5158,0.0000,0.00000,inf,1.4605,1.5152,1.090,INFEASIBLE: no collision-free lattice connection,1,65.50
70.602,64.14421,6.49276,0.50985,0.5287,0.0000,0.00000,inf,1.5054,1.4704,1.310,INFEASIBLE: no collision-free lattice connection,1,65.50
70.700,64.19508,6.50400,0.48981,0.5138,0.0000,0.00000,inf,1.5433,1.4325,1.278,INFEASIBLE: no collision-free lattice connection,1,65.50
70.800,64.23424,6.51194,0.47443,0.4895,0.0000,0.00000,inf,1.5729,1.4029,0.943,INFEASIBLE: no collision-free lattice connection,1,65.50
70.900,64.27990,6.52037,0.45661,0.4445,0.0000,0.00000,inf,1.6078,1.3680,1.323,INFEASIBLE: no collision-free lattice connection,1,65.50
71.000,64.32073,6.52670,0.44107,0.3914,0.0000,0.00000,inf,1.6396,1.3361,1.351,INFEASIBLE: no collision-free lattice connection,1,65.50
71.100,64.35245,6.53185,0.42858,0.2851,0.0000,0.00000,inf,1.6642,1.3115,1.373,INFEASIBLE: no collision-free lattice connection,1,65.50
71.200,64.37450,6.53518,0.41991,0.1790,0.0000,0.00000,inf,1.6815,1.2943,1.356,INFEASIBLE: no collision-free lattice connection,1,65.50
71.300,64.38599,6.53678,0.41542,0.0594,0.0000,0.00000,inf,1.6905,1.2852,1.331,INFEASIBLE: no collision-free lattice connection,1,65.50
71.400,64.38314,6.53611,0.41603,0.0922,0.0000,0.00000,inf,1.6884,1.2873,1.313,INFEASIBLE: no collision-free lattice connection,1,65.50
71.500,64.36669,6.53337,0.42213,0.2050,0.0000,0.00000,inf,1.6757,1.3001,1.518,INFEASIBLE: no collision-free lattice connection,1,65.50
71.600,64.33950,6.52901,0.43260,0.3198,0.0000,0.00000,inf,1.6546,1.3212,0.955,INFEASIBLE: no collision-free lattice connection,1,65.50
71.700,64.29348,6.52123,0.45067,0.4351,0.0000,0.00000,inf,1.6190,1.3567,1.421,INFEASIBLE: no collision-free lattice connection,1,65.50
71.800,64.25588,6.51437,0.46545,0.5025,0.0000,0.00000,inf,1.5902,1.3855,1.371,INFEASIBLE: no collision-free lattice connection,1,65.50
71.900,64.20254,6.50389,0.48639,0.5712,0.0000,0.00000,inf,1.5498,1.4260,1.349,INFEASIBLE: no collision-free lattice connection,1,65.50
72.000,64.14292,6.49135,0.50958,0.6333,0.0000,0.00000,inf,1.5050,1.4708,1.331,INFEASIBLE: no collision-free lattice connection,1,65.50
72.100,64.07911,6.47630,0.53461,0.6606,0.0000,0.00000,inf,1.4579,1.5179,1.457,INFEASIBLE: no collision-free lattice connection,1,65.50
72.200,64.01384,6.45857,0.56065,0.6842,0.0000,0.00000,inf,1.4109,1.5649,1.045,INFEASIBLE: no collision-free lattice connection,1,65.50
72.300,63.94649,6.43747,0.58681,0.7173,0.0000,0.00000,inf,1.3638,1.6119,0.964,INFEASIBLE: no collision-free lattice connection,1,65.50
72.400,63.87961,6.41091,0.60860,0.7194,0.0000,0.00000,inf,1.3200,1.6581,0.943,INFEASIBLE: no collision-free lattice connection,1,65.00
72.500,63.81626,6.37849,0.62275,0.7049,0.0000,0.00000,inf,1.2842,1.6939,1.358,INFEASIBLE: no collision-free lattice connection,1,65.00
72.600,63.75855,6.34043,0.62689,0.6809,0.0000,0.00000,inf,1.2562,1.7219,2.154,INFEASIBLE: no collision-free lattice connection,1,65.00
72.700,63.70802,6.29809,0.62014,0.6451,0.8000,0.24323,0.0944,1.2366,1.7415,23.390,FEASIBLE,1,65.00
72.800,63.66493,6.25417,0.60466,0.5841,0.8000,0.24417,0.0861,1.2240,1.7540,24.193,FEASIBLE,1,65.00
72.900,63.63048,6.21468,0.58599,0.4851,0.0000,0.00000,inf,1.2164,1.7617,1.680,INFEASIBLE: no collision-free lattice connection,1,65.00
73.000,63.60268,6.18275,0.56984,0.3806,0.8000,0.24432,0.0600,1.2102,1.7678,23.818,FEASIBLE,1,65.00
73.100,63.58204,6.15957,0.55788,0.2613,0.8000,0.24434,0.0566,1.2054,1.7727,23.924,FEASIBLE,1,65.00
73.200,63.56968,6.14593,0.55077,0.1325,0.0000,0.00000,inf,1.2024,1.7757,1.867,INFEASIBLE: no collision-free lattice connection,1,65.00
73.300,63.56594,6.14186,0.54865,0.0044,0.8000,0.24435,0.0138,1.2014,1.7766,24.932,FEASIBLE,1,65.00
73.400,63.56897,6.14488,0.55004,0.0743,0.8000,0.24435,0.0212,1.2023,1.7757,23.250,FEASIBLE,1,65.00
73.500,63.57884,6.15272,0.55213,0.1624,0.8000,0.24435,0.0182,1.2064,1.7717,23.364,FEASIBLE,1,65.00
73.600,63.60317,6.16723,0.55149,0.2949,0.8000,0.24435,0.0392,1.2190,1.7590,22.700,FEASIBLE,1,65.00
73.702,63.63908,6.18137,0.54217,0.4528,0.8000,0.24435,0.0609,1.2416,1.7365,23.636,FEASIBLE,1,65.00
73.804,63.69109,6.19605,0.52275,0.5951,0.8000,0.24435,0.0646,1.2775,1.7006,23.930,FEASIBLE,1,65.00
73.900,63.74392,6.20956,0.50285,0.7353,0.0000,0.00000,inf,1.3146,1.6635,1.626,INFEASIBLE: no collision-free lattice connection,1,65.00
74.000,63.82174,6.23358,0.48111,0.8634,0.8000,0.24435,0.1028,1.3671,1.6110,22.854,FEASIBLE,1,65.00
74.100,63.90769,6.26766,0.46914,0.9643,0.8000,0.24435,0.1143,1.4210,1.5570,23.575,FEASIBLE,1,65.00
74.200,63.99866,6.31300,0.46905,1.0478,0.8000,0.24435,0.1530,1.4731,1.5050,24.890,FEASIBLE,1,65.00
74.300,64.09133,6.37039,0.48162,1.1177,0.0000,0.00000,inf,1.5226,1.4532,1.654,INFEASIBLE: no collision-free lattice connection,1,65.50
74.400,64.18375,6.43891,0.50589,1.1704,0.0000,0.00000,inf,1.5669,1.4089,1.306,INFEASIBLE: no collision-free lattice connection,1,65.50
74.500,64.26725,6.51330,0.53763,1.0561,0.0000,0.00000,inf,1.6005,1.3752,0.969,INFEASIBLE: no collision-free lattice connection,1,65.50
74.600,64.34076,6.58867,0.57387,1.0501,0.0000,0.00000,inf,1.6251,1.3507,1.458,INFEASIBLE: no collision-free lattice connection,1,65.50
74.700,64.40972,6.66923,0.61402,1.0605,0.0000,0.00000,inf,1.6431,1.3327,1.418,INFEASIBLE: no collision-free lattice connection,1,65.50
74.800,64.47349,6.75158,0.65403,1.0266,0.0000,0.00000,inf,1.6573,1.3177,0.951,INFEASIBLE: no collision-free lattice connection,1,66.00
74.900,64.53091,6.83325,0.69216,0.9780,0.0000,0.00000,inf,1.6681,1.3069,0.921,INFEASIBLE: no collision-free lattice connection,1,66.00
75.000,64.58130,6.91177,0.72753,0.8825,0.0000,0.00000,inf,1.6743,1.3007,0.917,INFEASIBLE: no collision-free lattice connection,1,66.00
75.100,64.62424,6.98207,0.75927,0.7820,0.0000,0.00000,inf,1.6779,1.2766,0.962,INFEASIBLE: no collision-free lattice connection,1,66.00
75.200,64.65951,7.04378,0.78667,0.6608,0.0000,0.00000,inf,1.6790,1.2057,0.999,INFEASIBLE: no collision-free lattice connection,1,66.00
75.300,64.68696,7.09466,0.80896,0.5206,0.0000,0.00000,inf,1.6785,1.1481,0.908,INFEASIBLE: no collision-free lattice connection,1,66.00
75.400,64.70672,7.13307,0.82561,0.3729,0.0000,0.00000,inf,1.6772,1.1052,0.928,INFEASIBLE: no collision-free lattice connection,1,66.00
75.500,64.72077,7.15936,0.83589,0.2483,0.0000,0.00000,inf,1.6768,1.0755,0.967,INFEASIBLE: no collision-free lattice connection,1,66.00
75.600,64.73082,7.17337,0.83849,0.1038,0.0000,0.00000,inf,1.6789,1.0582,1.526,INFEASIBLE: no collision-free lattice connection,1,66.00
75.700,64.73078,7.17333,0.83848,0.0521,0.0000,0.00000,inf,1.6788,1.0583,1.400,INFEASIBLE: no collision-free lattice connection,1,66.00
75.800,64.72371,7.16313,0.83638,0.1762,0.0000,0.00000,inf,1.6776,1.0707,0.256,INFEASIBLE: no collision-free lattice connection,1,66.00
75.900,64.71131,7.14037,0.82775,0.3112,0.0000,0.00000,inf,1.6777,1.0965,1.377,INFEASIBLE: no collision-free lattice connection,1,66.00
76.000,64.69390,7.10671,0.81346,0.4208,0.0000,0.00000,inf,1.6787,1.1342,1.342,INFEASIBLE: no collision-free lattice connection,1,66.00
76.100,64.67154,7.06469,0.79517,0.5107,0.0000,0.00000,inf,1.6794,1.1816,1.147,INFEASIBLE: no collision-free lattice connection,1,66.00
76.200,64.64454,7.01611,0.77376,0.5842,0.0000,0.00000,inf,1.6793,1.2370,0.923,INFEASIBLE: no collision-free lattice connection,1,66.00
76.300,64.61318,6.96253,0.74984,0.6437,0.0000,0.00000,inf,1.6777,1.2973,1.042,INFEASIBLE: no collision-free lattice connection,1,66.00
76.400,64.57787,6.90546,0.72400,0.6890,0.0000,0.00000,inf,1.6744,1.3006,0.999,INFEASIBLE: no collision-free lattice connection,1,66.00
76.500,64.53920,6.84644,0.69683,0.7176,0.0000,0.00000,inf,1.6690,1.3060,0.930,INFEASIBLE: no collision-free lattice connection,1,66.00
76.600,64.49775,6.78681,0.66885,0.7313,0.0000,0.00000,inf,1.6615,1.3135,1.166,INFEASIBLE: no collision-free lattice connection,1,66.00
76.700,64.45437,6.72785,0.64070,0.7317,0.0000,0.00000,inf,1.6520,1.3230,1.115,INFEASIBLE: no collision-free lattice connection,1,66.00
76.800,64.40089,6.65913,0.60739,0.7192,0.0000,0.00000,inf,1.6407,1.3351,0.985,INFEASIBLE: no collision-free lattice connection,1,65.50
76.900,64.36521,6.61500,0.58597,0.7029,0.0000,0.00000,inf,1.6326,1.3431,1.745,INFEASIBLE: no collision-free lattice connection,1,65.50
77.000,64.32174,6.56532,0.56028,0.6369,0.0000,0.00000,inf,1.6207,1.3550,1.780,INFEASIBLE: no collision-free lattice connection,1,65.50
77.100,64.28085,6.52101,0.53689,0.5789,0.0000,0.00000,inf,1.6083,1.3675,1.650,INFEASIBLE: no collision-free lattice connection,1,65.50
77.202,64.23679,6.47551,0.51234,0.4880,0.0000,0.00000,inf,1.5937,1.3820,1.690,INFEASIBLE: no collision-free lattice connection,1,65.50
77.300,64.20421,6.44404,0.49552,0.4164,0.0000,0.00000,inf,1.5819,1.3939,0.950,INFEASIBLE: no collision-free lattice connection,1,65.50
77.400,64.18280,6.42666,0.48809,0.2999,0.0000,0.00000,inf,1.5724,1.4034,1.296,INFEASIBLE: no collision-free lattice connection,1,65.50
77.500,64.16570,6.41540,0.48523,0.1461,0.0000,0.00000,inf,1.5634,1.4123,1.234,INFEASIBLE: no collision-free lattice connection,1,65.50
77.600,64.15670,6.41098,0.48558,0.0683,0.0000,0.00000,inf,1.5580,1.4178,1.412,INFEASIBLE: no collision-free lattice connection,1,65.50
77.700,64.15609,6.41074,0.48568,0.0488,0.0000,0.00000,inf,1.5576,1.4182,0.959,INFEASIBLE: no collision-free lattice connection,1,65.50
77.800,64.16777,6.41601,0.48465,0.1741,0.0000,0.00000,inf,1.5649,1.4109,0.949,INFEASIBLE: no collision-free lattice connection,1,65.50
77.900,64.18717,6.42785,0.48675,0.2587,0.0000,0.00000,inf,1.5755,1.4003,0.976,INFEASIBLE: no collision-free lattice connection,1,65.50
78.000,64.21042,6.44593,0.49392,0.3152,0.0000,0.00000,inf,1.5862,1.3895,1.043,INFEASIBLE: no collision-free lattice connection,1,65.50
78.100,64.23446,6.46835,0.50548,0.3160,0.0000,0.00000,inf,1.5954,1.3804,1.298,INFEASIBLE: no collision-free lattice connection,1,65.50
78.200,64.25806,6.49175,0.51821,0.3420,0.0000,0.00000,inf,1.6037,1.3721,0.932,INFEASIBLE: no collision-free lattice connection,1,65.50
78.300,64.28220,6.51671,0.53162,0.3482,0.0000,0.00000,inf,1.6116,1.3641,1.053,INFEASIBLE: no collision-free lattice connection,1,65.50
78.400,64.30557,6.54191,0.54477,0.3390,0.0000,0.00000,inf,1.6188,1.3569,1.346,INFEASIBLE: no collision-free lattice connection,1,65.50
78.500,64.32695,6.56591,0.55693,0.3037,0.0000,0.00000,inf,1.6249,1.3509,1.021,INFEASIBLE: no collision-free lattice connection,1,65.50
78.600,64.34780,6.58690,0.56621,0.2826,0.0000,0.00000,inf,1.6321,1.3437,1.301,INFEASIBLE: no collision-free lattice connection,1,65.50
78.700,64.36816,6.60230,0.56911,0.2233,0.0000,0.00000,inf,1.6417,1.3341,1.295,INFEASIBLE: no collision-free lattice connection,1,65.50
78.800,64.38064,6.60970,0.56861,0.0931,0.0000,0.00000,inf,1.6486,1.3272,1.300,INFEASIBLE: no collision-free lattice connection,1,65.50
78.900,64.38211,6.61044,0.56843,0.0273,0.0000,0.00000,inf,1.6495,1.3263,0.940,INFEASIBLE: no collision-free lattice connection,1,65.50
79.000,64.37573,6.60675,0.56866,0.1050,0.0000,0.00000,inf,1.6459,1.3299,1.289,INFEASIBLE: no collision-free lattice connection,1,65.50
79.100,64.36321,6.59772,0.56729,0.1890,0.0000,0.00000,inf,1.6398,1.3360,1.319,INFEASIBLE: no collision-free lattice connection,1,65.50
79.200,64.34514,6.58064,0.56064,0.2888,0.0000,0.00000,inf,1.6330,1.3428,0.950,INFEASIBLE: no collision-free lattice connection,1,65.50
79.300,64.32222,6.55612,0.54850,0.3628,0.0000,0.00000,inf,1.6258,1.3499,0.925,INFEASIBLE: no collision-free lattice connection,1,65.50
79.400,64.29539,6.52735,0.53351,0.4109,0.0000,0.00000,inf,1.6175,1.3582,1.386,INFEASIBLE: no collision-free lattice connection,1,65.50
79.500,64.26558,6.49621,0.51696,0.4426,0.0000,0.00000,inf,1.6079,1.3679,0.955,INFEASIBLE: no collision-free lattice connection,1,65.50
79.600,64.23365,6.46391,0.49951,0.4587,0.0000,0.00000,inf,1.5970,1.3788,0.970,INFEASIBLE: no collision-free lattice connection,1,65.50
79.700,64.19754,6.42922,0.48019,0.5055,0.0000,0.00000,inf,1.5837,1.3921,1.562,INFEASIBLE: no collision-free lattice connection,1,65.50
79.800,64.16098,6.39544,0.46100,0.4906,0.0000,0.00000,inf,1.5696,1.4062,1.329,INFEASIBLE: no collision-free lattice connection,1,65.50
79.900,64.12564,6.36395,0.44273,0.4604,0.0000,0.00000,inf,1.5554,1.4204,1.357,INFEASIBLE: no collision-free lattice connection,1,65.50
80.000,64.09273,6.33574,0.42602,0.4134,0.0000,0.00000,inf,1.5415,1.4342,1.029,INFEASIBLE: no collision-free lattice connection,1,65.50
80.100,64.06395,6.31199,0.41179,0.3368,0.0000,0.00000,inf,1.5290,1.4468,1.310,INFEASIBLE: no collision-free lattice connection,1,65.50
80.200,64.04173,6.29651,0.40404,0.2225,0.0000,0.00000,inf,1.5182,1.4598,1.623,INFEASIBLE: no collision-free lattice connection,1,65.00
80.300,64.02852,6.28928,0.40196,0.1154,0.0000,0.00000,inf,1.5110,1.4671,1.610,INFEASIBLE: no collision-free lattice connection,1,65.00
80.404,64.02122,6.28600,0.40238,0.0309,0.0000,0.00000,inf,1.5066,1.4714,1.652,INFEASIBLE: no collision-free lattice connection,1,65.00
80.502,64.02461,6.28760,0.40187,0.0918,0.0000,0.00000,inf,1.5086,1.4694,1.675,INFEASIBLE: no collision-free lattice connection,1,65.00
80.600,64.03627,6.29246,0.40185,0.1888,0.0000,0.00000,inf,1.5158,1.4623,1.655,INFEASIBLE: no collision-free lattice connection,1,65.00
80.700,64.05694,6.30389,0.40531,0.2651,0.0000,0.00000,inf,1.5271,1.4487,2.373,INFEASIBLE: no collision-free lattice connection,1,65.50
80.800,64.08135,6.32097,0.41389,0.3170,0.0000,0.00000,inf,1.5393,1.4364,1.786,INFEASIBLE: no collision-free lattice connection,1,65.50
80.900,64.11340,6.34709,0.42920,0.3609,0.0000,0.00000,inf,1.5535,1.4223,1.759,INFEASIBLE: no collision-free lattice connection,1,65.50
81.000,64.13592,6.36640,0.44058,0.3752,0.0000,0.00000,inf,1.5629,1.4128,1.324,INFEASIBLE: no collision-free lattice connection,1,65.50
81.100,64.16414,6.39127,0.45507,0.3736,0.0000,0.00000,inf,1.5745,1.4013,1.315,INFEASIBLE: no collision-free lattice connection,1,65.50
81.200,64.19098,6.41562,0.46904,0.3518,0.0000,0.00000,inf,1.5850,1.3907,1.350,INFEASIBLE: no collision-free lattice connection,1,65.50
81.300,64.21470,6.43755,0.48133,0.2937,0.0000,0.00000,inf,1.5942,1.3816,0.952,INFEASIBLE: no collision-free lattice connection,1,65.50
81.400,64.23270,6.45227,0.48793,0.1874,0.0000,0.00000,inf,1.6021,1.3736,1.324,INFEASIBLE: no collision-free lattice connection,1,65.50
81.500,64.24349,6.45926,0.48969,0.1001,0.0000,0.00000,inf,1.6078,1.3680,0.984,INFEASIBLE: no collision-free lattice connection,1,65.50
81.600,64.24927,6.46210,0.48954,0.0377,0.0000,0.00000,inf,1.6113,1.3645,1.487,INFEASIBLE: no collision-free lattice connection,1,65.50
81.700,64.24607,6.46059,0.48997,0.0943,0.0000,0.00000,inf,1.6093,1.3664,1.316,INFEASIBLE: no collision-free lattice connection,1,65.50
81.800,64.23178,6.45259,0.48928,0.2064,0.0000,0.00000,inf,1.6012,1.3746,1.298,INFEASIBLE: no collision-free lattice connection,1,65.50
81.900,64.21056,6.43768,0.48425,0.2897,0.0000,0.00000,inf,1.5906,1.3852,1.399,INFEASIBLE: no collision-free lattice connection,1,65.50
82.000,64.18555,6.41617,0.47349,0.3557,0.0000,0.00000,inf,1.5801,1.3957,1.300,INFEASIBLE: no collision-free lattice connection,1,65.50
82.100,64.15653,6.38993,0.45878,0.4124,0.0000,0.00000,inf,1.5686,1.4072,1.295,INFEASIBLE: no collision-free lattice connection,1,65.50
82.200,64.12358,6.36067,0.44185,0.4568,0.0000,0.00000,inf,1.5553,1.4205,1.298,INFEASIBLE: no collision-free lattice connection,1,65.50
82.300,64.08736,6.32985,0.42353,0.4851,0.0000,0.00000,inf,1.5399,1.4358,1.522,INFEASIBLE: no collision-free lattice connection,1,65.50
82.400,64.04926,6.29852,0.40451,0.4967,0.0000,0.00000,inf,1.5235,1.4546,0.907,INFEASIBLE: no collision-free lattice connection,1,65.00
82.500,64.01045,6.26777,0.38541,0.4922,0.0000,0.00000,inf,1.5074,1.4706,1.301,INFEASIBLE: no collision-free lattice connection,1,65.00
82.600,63.96476,6.23303,0.36325,0.4649,0.0000,0.00000,inf,1.4878,1.4903,1.719,INFEASIBLE: no collision-free lattice connection,1,65.00
82.700,63.93600,6.21182,0.34944,0.4343,0.0000,0.00000,inf,1.4750,1.5031,1.780,INFEASIBLE: no collision-free lattice connection,1,65.00
82.800,63.90315,6.18825,0.33381,0.3828,0.0000,0.00000,inf,1.4601,1.5180,1.851,INFEASIBLE: no collision-free lattice connection,1,65.00
82.900,63.87609,6.16991,0.32216,0.2852,0.0000,0.00000,inf,1.4472,1.5308,1.636,INFEASIBLE: no collision-free lattice connection,1,65.00
83.000,63.85761,6.15976,0.31749,0.1594,0.0000,0.00000,inf,1.4372,1.5409,1.663,INFEASIBLE: no collision-free lattice connection,1,65.00
83.100,63.84777,6.15534,0.31693,0.0827,0.0000,0.00000,inf,1.4313,1.5468,1.752,INFEASIBLE: no collision-free lattice connection,1,65.00
83.200,63.84428,6.15385,0.31774,0.0065,0.0000,0.00000,inf,1.4292,1.5489,1.884,INFEASIBLE: no collision-free lattice connection,1,65.00
83.300,63.85052,6.15638,0.31665,0.1130,0.0000,0.00000,inf,1.4330,1.5450,1.732,INFEASIBLE: no collision-free lattice connection,1,65.00
83.400,63.86630,6.16396,0.31783,0.2146,0.0000,0.00000,inf,1.4422,1.5358,1.690,INFEASIBLE: no collision-free lattice connection,1,65.00
83.500,63.89025,6.17558,0.32347,0.2973,0.0000,0.00000,inf,1.4561,1.5220,1.651,INFEASIBLE: no collision-free lattice connection,1,65.00
83.604,63.92318,6.19551,0.33656,0.3354,0.0000,0.00000,inf,1.4730,1.5050,1.735,INFEASIBLE: no collision-free lattice connection,1,65.00
83.700,63.94507,6.21233,0.34721,0.3496,0.0000,0.00000,inf,1.4824,1.4957,1.672,INFEASIBLE: no collision-free lattice connection,1,65.00
83.800,63.97371,6.23425,0.36129,0.3668,0.0000,0.00000,inf,1.4946,1.4834,1.718,INFEASIBLE: no collision-free lattice connection,1,65.00
83.900,64.00257,6.25590,0.37521,0.3543,0.0000,0.00000,inf,1.5072,1.4709,1.702,INFEASIBLE: no collision-free lattice connection,1,65.00
84.000,64.02918,6.27638,0.38817,0.3206,0.0000,0.00000,inf,1.5185,1.4595,1.810,INFEASIBLE: no collision-free lattice connection,1,65.00
84.100,64.05098,6.29256,0.39768,0.2335,0.0000,0.00000,inf,1.5281,1.4499,1.709,INFEASIBLE: no collision-free lattice connection,1,65.00
84.200,64.06506,6.30098,0.40129,0.1207,0.0000,0.00000,inf,1.5356,1.4402,1.677,INFEASIBLE: no collision-free lattice connection,1,65.50
84.300,64.07285,6.30474,0.40197,0.0643,0.0000,0.00000,inf,1.5403,1.4354,1.644,INFEASIBLE: no collision-free lattice connection,1,65.50
84.400,64.07456,6.30477,0.40201,0.0270,0.0000,0.00000,inf,1.5418,1.4340,1.669,INFEASIBLE: no collision-free lattice connection,1,65.50
84.500,64.06584,6.29942,0.40198,0.1546,0.0000,0.00000,inf,1.5370,1.4387,1.591,INFEASIBLE: no collision-free lattice connection,1,65.50
84.600,64.04637,6.28899,0.39856,0.2577,0.0000,0.00000,inf,1.5262,1.4519,1.296,INFEASIBLE: no collision-free lattice connection,1,65.00
84.700,64.02033,6.27303,0.38974,0.3354,0.0000,0.00000,inf,1.5129,1.4652,1.294,INFEASIBLE: no collision-free lattice connection,1,65.00
84.800,63.99071,6.25174,0.37637,0.3863,0.0000,0.00000,inf,1.4995,1.4786,1.922,INFEASIBLE: no collision-free lattice connection,1,65.00
84.900,63.95749,6.22685,0.36045,0.4329,0.0000,0.00000,inf,1.4850,1.4931,1.666,INFEASIBLE: no collision-free lattice connection,1,65.00
85.000,63.91332,6.19455,0.33930,0.4697,0.0000,0.00000,inf,1.4653,1.5128,1.733,INFEASIBLE: no collision-free lattice connection,1,65.00
85.100,63.88192,6.17259,0.32451,0.4820,0.0000,0.00000,inf,1.4507,1.5274,1.659,INFEASIBLE: no collision-free lattice connection,1,65.00
85.200,63.84183,6.14547,0.30580,0.4792,0.0000,0.00000,inf,1.4316,1.5465,1.667,INFEASIBLE: no collision-free lattice connection,1,65.00
85.300,63.80222,6.11946,0.28746,0.4696,0.0000,0.00000,inf,1.4123,1.5657,1.720,INFEASIBLE: no collision-free lattice connection,1,65.00
85.400,63.76413,6.09560,0.27008,0.4360,0.0000,0.00000,inf,1.3932,1.5849,1.649,INFEASIBLE: no collision-free lattice connection,1,65.00
85.500,63.72912,6.07455,0.25430,0.3882,0.0000,0.00000,inf,1.3751,1.6030,1.621,INFEASIBLE: no collision-free lattice connection,1,65.00
85.600,63.69943,6.05705,0.24122,0.3072,0.0000,0.00000,inf,1.3596,1.6185,1.886,INFEASIBLE: no collision-free lattice connection,1,65.00
85.700,63.67810,6.04643,0.23474,0.1885,0.8000,0.24435,0.0360,1.3474,1.6307,22.922,FEASIBLE,1,65.00
85.800,63.66670,6.04189,0.23340,0.0936,0.8000,0.24435,0.0363,1.3402,1.6378,23.591,FEASIBLE,1,65.00
85.900,63.66146,6.04040,0.23402,0.0277,0.8000,0.24435,0.0076,1.3366,1.6415,23.972,FEASIBLE,1,65.00
86.000,63.66544,6.04192,0.23333,0.0963,0.8000,0.24435,0.0014,1.3391,1.6389,24.254,FEASIBLE,1,65.00
86.100,63.68199,6.04840,0.23419,0.2314,0.8000,0.24435,0.0017,1.3496,1.6285,22.822,FEASIBLE,1,65.00
86.200,63.71059,6.06073,0.24077,0.3647,0.8000,0.24435,0.0587,1.3670,1.6111,23.723,FEASIBLE,1,65.00
86.300,63.75050,6.07988,0.25527,0.4910,0.8000,0.24435,0.0452,1.3902,1.5879,23.137,FEASIBLE,1,65.00
86.400,63.79835,6.10826,0.27625,0.6013,0.8000,0.24435,0.0653,1.4151,1.5629,24.895,FEASIBLE,1,65.00
86.500,63.85416,6.14606,0.30261,0.7306,0.8000,0.24435,0.1172,1.4417,1.5364,23.620,FEASIBLE,1,65.00
86.600,63.92249,6.19095,0.33394,0.8661,0.0000,0.00000,inf,1.4749,1.5031,1.857,INFEASIBLE: no collision-free lattice connection,1,65.00
86.700,63.99723,6.24640,0.37008,0.9717,0.0000,0.00000,inf,1.5079,1.4702,1.721,INFEASIBLE: no collision-free lattice connection,1,65.00
86.800,64.07828,6.30845,0.40810,1.0396,0.0000,0.00000,inf,1.5431,1.4327,1.672,INFEASIBLE: no collision-free lattice connection,1,65.50
86.902,64.18176,6.38421,0.44531,1.0848,0.0000,0.00000,inf,1.5932,1.3826,2.032,INFEASIBLE: no collision-free lattice connection,1,65.50
87.002,64.25486,6.43289,0.46222,1.1031,0.0000,0.00000,inf,1.6311,1.3447,1.304,INFEASIBLE: no collision-free lattice connection,1,65.50
87.100,64.35559,6.49331,0.47338,1.2021,0.0000,0.00000,inf,1.6867,1.2891,1.359,INFEASIBLE: no collision-free lattice connection,1,65.50
87.200,64.48572,6.55720,0.46916,1.2164,0.0000,0.00000,inf,1.7657,1.2100,0.914,INFEASIBLE: no collision-free lattice connection,1,65.50
87.300,64.57649,6.59261,0.45594,1.2178,0.0000,0.00000,inf,1.8256,1.1502,1.283,INFEASIBLE: no collision-free lattice connection,1,65.50
87.400,64.69185,6.62714,0.42912,1.1883,0.0000,0.00000,inf,1.9086,1.0664,0.943,INFEASIBLE: no collision-free lattice connection,1,66.00
87.500,64.80437,6.64921,0.39329,1.1092,0.0000,0.00000,inf,1.9964,0.9786,0.966,INFEASIBLE: no collision-free lattice connection,1,66.00
87.600,64.90780,6.65849,0.35441,1.0000,0.0000,0.00000,inf,2.0825,0.8925,0.922,INFEASIBLE: no collision-free lattice connection,1,66.00
87.700,65.00667,6.66059,0.31582,0.9645,0.0000,0.00000,inf,2.1681,0.8069,0.931,INFEASIBLE: no collision-free lattice connection,1,66.00
87.800,65.09790,6.66528,0.28121,0.8679,0.0000,0.00000,inf,2.2457,0.7293,0.914,INFEASIBLE: no collision-free lattice connection,1,66.00
87.900,65.17234,6.66757,0.25315,0.6783,0.0000,0.00000,inf,2.3098,0.6652,0.905,INFEASIBLE: no collision-free lattice connection,1,66.00
88.000,65.22963,6.66383,0.23073,0.5044,0.0000,0.00000,inf,2.3617,0.6133,0.945,INFEASIBLE: no collision-free lattice connection,1,66.00
88.100,65.27175,6.65709,0.21353,0.3767,0.0000,0.00000,inf,2.4019,0.5731,0.986,INFEASIBLE: no collision-free lattice connection,1,66.00
88.200,65.30153,6.65649,0.20240,0.2478,0.0000,0.00000,inf,2.4282,0.5468,0.942,INFEASIBLE: no collision-free lattice connection,1,66.00
88.300,65.31579,6.65858,0.19760,0.0691,0.0000,0.00000,inf,2.4397,0.5353,0.906,INFEASIBLE: no collision-free lattice connection,1,66.00
88.400,65.31310,6.65654,0.19806,0.0897,0.0000,0.00000,inf,2.4384,0.5366,0.919,INFEASIBLE: no collision-free lattice connection,1,66.00
88.500,65.30032,6.65317,0.20027,0.1423,0.0000,0.00000,inf,2.4288,0.5462,0.918,INFEASIBLE: no collision-free lattice connection,1,66.00
88.600,65.28144,6.65266,0.20166,0.2265,0.0000,0.00000,inf,2.4125,0.5625,0.914,INFEASIBLE: no collision-free lattice connection,1,66.00
88.700,65.25107,6.64486,0.19750,0.3827,0.0000,0.00000,inf,2.3897,0.5853,0.997,INFEASIBLE: no collision-free lattice connection,1,66.00
88.800,65.20536,6.62435,0.18215,0.5871,0.0000,0.00000,inf,2.3596,0.6154,0.973,INFEASIBLE: no collision-free lattice connection,1,66.00
88.900,65.14573,6.59882,0.16606,0.6776,0.0000,0.00000,inf,2.3197,0.6553,0.908,INFEASIBLE: no collision-free lattice connection,1,66.00
89.000,65.07963,6.58483,0.16099,0.7032,0.0000,0.00000,inf,2.2686,0.7064,1.008,INFEASIBLE: no collision-free lattice connection,1,66.00
89.100,65.00655,6.57779,0.16808,0.7492,0.0000,0.00000,inf,2.2080,0.7670,1.012,INFEASIBLE: no collision-free lattice connection,1,66.00
89.200,64.92925,6.57708,0.18557,0.7878,0.0000,0.00000,inf,2.1406,0.8344,0.943,INFEASIBLE: no collision-free lattice connection,1,66.00
89.300,64.84901,6.57988,0.21111,0.8095,0.0000,0.00000,inf,2.0690,0.9060,0.908,INFEASIBLE: no collision-free lattice connection,1,66.00
89.400,64.76952,6.58469,0.24104,0.7879,0.0000,0.00000,inf,1.9971,0.9779,0.969,INFEASIBLE: no collision-free lattice connection,1,66.00
89.500,64.69091,6.58672,0.27130,0.7826,0.0000,0.00000,inf,1.9273,1.0477,0.912,INFEASIBLE: no collision-free lattice connection,1,66.00
89.600,64.61428,6.58501,0.30067,0.7487,0.0000,0.00000,inf,1.8619,1.1138,0.927,INFEASIBLE: no collision-free lattice connection,1,65.50
89.700,64.54285,6.58326,0.32838,0.6958,0.0000,0.00000,inf,1.8015,1.1743,1.031,INFEASIBLE: no collision-free lattice connection,1,65.50
89.800,64.47719,6.57911,0.35378,0.6277,0.0000,0.00000,inf,1.7472,1.2286,1.336,INFEASIBLE: no collision-free lattice connection,1,65.50
89.900,64.41934,6.57450,0.37623,0.5462,0.0000,0.00000,inf,1.6999,1.2759,1.442,INFEASIBLE: no collision-free lattice connection,1,65.50
90.004,64.36526,6.56867,0.39679,0.4112,0.0000,0.00000,inf,1.6564,1.3194,1.307,INFEASIBLE: no collision-free lattice connection,1,65.50
90.100,64.33640,6.56348,0.40565,0.3385,0.0000,0.00000,inf,1.6343,1.3415,0.981,INFEASIBLE: no collision-free lattice connection,1,65.50
90.200,64.30975,6.55498,0.40932,0.2442,0.0000,0.00000,inf,1.6157,1.3600,1.377,INFEASIBLE: no collision-free lattice connection,1,65.50
90.304,64.29623,6.54876,0.40867,0.0859,0.0000,0.00000,inf,1.6073,1.3685,1.328,INFEASIBLE: no collision-free lattice connection,1,65.50
90.400,64.29639,6.54882,0.40867,0.0472,0.0000,0.00000,inf,1.6074,1.3684,0.946,INFEASIBLE: no collision-free lattice connection,1,65.50
90.500,64.30263,6.55169,0.40894,0.1090,0.0000,0.00000,inf,1.6113,1.3645,1.336,INFEASIBLE: no collision-free lattice connection,1,65.50
90.600,64.32188,6.55747,0.40586,0.2149,0.0000,0.00000,inf,1.6249,1.3509,1.351,INFEASIBLE: no collision-free lattice connection,1,65.50
90.700,64.34212,6.56077,0.39921,0.2783,0.0000,0.00000,inf,1.6406,1.3352,0.936,INFEASIBLE: no collision-free lattice connection,1,65.50
90.800,64.37282,6.56446,0.38775,0.3260,0.0000,0.00000,inf,1.6650,1.3107,0.984,INFEASIBLE: no collision-free lattice connection,1,65.50
90.900,64.40682,6.56786,0.37473,0.3497,0.0000,0.00000,inf,1.6925,1.2833,1.298,INFEASIBLE: no collision-free lattice connection,1,65.50
91.000,64.44430,6.57099,0.36021,0.3814,0.0000,0.00000,inf,1.7231,1.2527,0.934,INFEASIBLE: no collision-free lattice connection,1,65.50
91.100,64.48134,6.57351,0.34585,0.3616,0.0000,0.00000,inf,1.7536,1.2221,1.099,INFEASIBLE: no collision-free lattice connection,1,65.50
91.200,64.51513,6.57533,0.33274,0.3204,0.0000,0.00000,inf,1.7817,1.1940,1.317,INFEASIBLE: no collision-free lattice connection,1,65.50
91.300,64.54362,6.57666,0.32173,0.2581,0.0000,0.00000,inf,1.8055,1.1702,1.338,INFEASIBLE: no collision-free lattice connection,1,65.50
91.400,64.56459,6.57748,0.31363,0.1744,0.0000,0.00000,inf,1.8231,1.1527,1.408,INFEASIBLE: no collision-free lattice connection,1,65.50
91.500,64.57584,6.57784,0.30929,0.0686,0.0000,0.00000,inf,1.8326,1.1432,1.334,INFEASIBLE: no collision-free lattice connection,1,65.50
91.600,64.57619,6.57810,0.30886,0.0292,0.0000,0.00000,inf,1.8328,1.1430,0.983,INFEASIBLE: no collision-free lattice connection,1,65.50
91.700,64.56874,6.57807,0.31003,0.1300,0.0000,0.00000,inf,1.8264,1.1494,1.010,INFEASIBLE: no collision-free lattice connection,1,65.50
91.800,64.54725,6.57366,0.31356,0.2721,0.0000,0.00000,inf,1.8102,1.1656,0.955,INFEASIBLE: no collision-free lattice connection,1,65.50
91.900,64.51474,6.56901,0.32308,0.3577,0.0000,0.00000,inf,1.7846,1.1911,1.336,INFEASIBLE: no collision-free lattice connection,1,65.50
92.000,64.47617,6.56630,0.33732,0.4091,0.0000,0.00000,inf,1.7529,1.2229,1.327,INFEASIBLE: no collision-free lattice connection,1,65.50
92.100,64.43244,6.56349,0.35414,0.4556,0.0000,0.00000,inf,1.7168,1.2590,1.405,INFEASIBLE: no collision-free lattice connection,1,65.50
92.200,64.38741,6.55983,0.37155,0.4434,0.0000,0.00000,inf,1.6799,1.2958,0.920,INFEASIBLE: no collision-free lattice connection,1,65.50
92.300,64.34275,6.55493,0.38910,0.4551,0.0000,0.00000,inf,1.6441,1.3317,0.970,INFEASIBLE: no collision-free lattice connection,1,65.50
92.400,64.29721,6.54937,0.40687,0.4581,0.0000,0.00000,inf,1.6078,1.3680,1.294,INFEASIBLE: no collision-free lattice connection,1,65.50
92.500,64.25250,6.54324,0.42428,0.4466,0.0000,0.00000,inf,1.5726,1.4032,0.934,INFEASIBLE: no collision-free lattice connection,1,65.50
92.600,64.20868,6.53755,0.44075,0.4392,0.0000,0.00000,inf,1.5378,1.4379,1.298,INFEASIBLE: no collision-free lattice connection,1,65.50
92.700,64.16930,6.53142,0.45596,0.3700,0.0000,0.00000,inf,1.5071,1.4686,1.051,INFEASIBLE: no collision-free lattice connection,1,65.50
92.800,64.13601,6.52534,0.46894,0.3210,0.0000,0.00000,inf,1.4817,1.4941,0.958,INFEASIBLE: no collision-free lattice connection,1,65.50
92.900,64.10765,6.51785,0.47755,0.2709,0.0000,0.00000,inf,1.4611,1.5146,1.348,INFEASIBLE: no collision-free lattice connection,1,65.50
93.000,64.08626,6.50847,0.47955,0.1938,0.0000,0.00000,inf,1.4476,1.5282,1.331,INFEASIBLE: no collision-free lattice connection,1,65.50
93.100,64.07678,6.50286,0.47863,0.0556,0.0000,0.00000,inf,1.4423,1.5335,1.291,INFEASIBLE: no collision-free lattice connection,1,65.50
93.200,64.07772,6.50350,0.47883,0.0448,0.0000,0.00000,inf,1.4428,1.5330,1.333,INFEASIBLE: no collision-free lattice connection,1,65.50
93.300,64.08566,6.50785,0.47916,0.1215,0.0000,0.00000,inf,1.4474,1.5284,1.329,INFEASIBLE: no collision-free lattice connection,1,65.50
93.400,64.10149,6.51390,0.47660,0.2042,0.0000,0.00000,inf,1.4579,1.5179,0.964,INFEASIBLE: no collision-free lattice connection,1,65.50
93.500,64.12621,6.51980,0.46833,0.2822,0.0000,0.00000,inf,1.4761,1.4997,1.425,INFEASIBLE: no collision-free lattice connection,1,65.50
93.602,64.16312,6.52673,0.45421,0.3294,0.0000,0.00000,inf,1.5042,1.4715,0.925,INFEASIBLE: no collision-free lattice connection,1,65.50
93.700,64.18983,6.53122,0.44384,0.3425,0.0000,0.00000,inf,1.5249,1.4509,1.323,INFEASIBLE: no collision-free lattice connection,1,65.50
93.800,64.23030,6.53744,0.42813,0.3346,0.0000,0.00000,inf,1.5564,1.4193,0.956,INFEASIBLE: no collision-free lattice connection,1,65.50
93.900,64.25621,6.54103,0.41813,0.3189,0.0000,0.00000,inf,1.5769,1.3989,0.959,INFEASIBLE: no collision-free lattice connection,1,65.50
94.000,64.28610,6.54444,0.40685,0.2886,0.0000,0.00000,inf,1.6008,1.3750,0.957,INFEASIBLE: no collision-free lattice connection,1,65.50
94.100,64.31078,6.54688,0.39767,0.2100,0.0000,0.00000,inf,1.6207,1.3550,0.991,INFEASIBLE: no collision-free lattice connection,1,65.50
94.200,64.32916,6.54911,0.39046,0.1106,0.0000,0.00000,inf,1.6354,1.3404,0.941,INFEASIBLE: no collision-free lattice connection,1,65.50
94.300,64.33397,6.54967,0.38858,0.0288,0.0000,0.00000,inf,1.6392,1.3365,1.343,INFEASIBLE: no collision-free lattice connection,1,65.50
94.400,64.32789,6.54855,0.39031,0.1240,0.0000,0.00000,inf,1.6346,1.3412,1.488,INFEASIBLE: no collision-free lattice connection,1,65.50
94.500,64.31262,6.54363,0.39199,0.1642,0.0000,0.00000,inf,1.6240,1.3518,1.308,INFEASIBLE: no collision-free lattice connection,1,65.50
94.600,64.29375,6.53841,0.39583,0.2319,0.0000,0.00000,inf,1.6105,1.3653,1.339,INFEASIBLE: no collision-free lattice connection,1,65.50
94.700,64.26518,6.53391,0.40590,0.3223,0.0000,0.00000,inf,1.5882,1.3875,0.963,INFEASIBLE: no collision-free lattice connection,1,65.50
94.800,64.22971,6.52892,0.41953,0.3799,0.0000,0.00000,inf,1.5603,1.4155,1.356,INFEASIBLE: no collision-free lattice connection,1,65.50
94.900,64.18929,6.52317,0.43510,0.4259,0.0000,0.00000,inf,1.5285,1.4472,1.267,INFEASIBLE: no collision-free lattice connection,1,65.50
95.000,64.14467,6.51704,0.45183,0.4656,0.0000,0.00000,inf,1.4933,1.4824,0.929,INFEASIBLE: no collision-free lattice connection,1,65.50
95.100,64.09929,6.50943,0.46940,0.4529,0.0000,0.00000,inf,1.4583,1.5175,0.964,INFEASIBLE: no collision-free lattice connection,1,65.50
95.200,64.05505,6.50068,0.48674,0.4488,0.0000,0.00000,inf,1.4247,1.5510,0.929,INFEASIBLE: no collision-free lattice connection,1,65.50
95.300,64.01243,6.49147,0.50352,0.4267,0.0000,0.00000,inf,1.3928,1.5829,1.087,INFEASIBLE: no collision-free lattice connection,1,65.50
95.400,63.97283,6.48222,0.51919,0.3910,0.0000,0.00000,inf,1.3636,1.6122,1.016,INFEASIBLE: no collision-free lattice connection,1,65.50
95.500,63.93755,6.47342,0.53318,0.3433,0.0000,0.00000,inf,1.3378,1.6380,1.088,INFEASIBLE: no collision-free lattice connection,1,65.50
95.600,63.90670,6.46376,0.54378,0.3024,0.0000,0.00000,inf,1.3162,1.6596,0.997,INFEASIBLE: no collision-free lattice connection,1,65.50
95.700,63.88211,6.45172,0.54724,0.2545,0.0000,0.00000,inf,1.3012,1.6745,1.058,INFEASIBLE: no collision-free lattice connection,1,65.50
95.800,63.86715,6.44180,0.54627,0.1260,0.0000,0.00000,inf,1.2935,1.6823,0.953,INFEASIBLE: no collision-free lattice connection,1,65.50
95.900,63.86334,6.43874,0.54539,0.0014,0.0000,0.00000,inf,1.2918,1.6840,0.701,INFEASIBLE: no collision-free lattice connection,1,65.50
96.000,63.86693,6.44166,0.54634,0.0770,0.0000,0.00000,inf,1.2934,1.6824,1.390,INFEASIBLE: no collision-free lattice connection,1,65.50
96.100,63.87683,6.44803,0.54666,0.1471,0.0000,0.00000,inf,1.2986,1.6772,0.993,INFEASIBLE: no collision-free lattice connection,1,65.50
96.200,63.89446,6.45603,0.54337,0.2252,0.0000,0.00000,inf,1.3096,1.6661,1.298,INFEASIBLE: no collision-free lattice connection,1,65.50
96.300,63.92054,6.46403,0.53422,0.2948,0.0000,0.00000,inf,1.3279,1.6478,0.989,INFEASIBLE: no collision-free lattice connection,1,65.50
96.400,63.95138,6.47202,0.52222,0.3275,0.0000,0.00000,inf,1.3504,1.6254,1.343,INFEASIBLE: no collision-free lattice connection,1,65.50
96.500,63.98402,6.47984,0.50934,0.3384,0.0000,0.00000,inf,1.3744,1.6014,1.345,INFEASIBLE: no collision-free lattice connection,1,65.50
96.600,64.01688,6.48688,0.49661,0.3324,0.0000,0.00000,inf,1.3990,1.5768,1.438,INFEASIBLE: no collision-free lattice connection,1,65.50
96.704,64.05311,6.49406,0.48264,0.2860,0.0000,0.00000,inf,1.4265,1.5493,1.331,INFEASIBLE: no collision-free lattice connection,1,65.50
96.800,64.07334,6.49805,0.47472,0.2389,0.0000,0.00000,inf,1.4418,1.5340,0.964,INFEASIBLE: no collision-free lattice connection,1,65.50
96.902,64.09561,6.50247,0.46589,0.1516,0.0000,0.00000,inf,1.4587,1.5171,0.950,INFEASIBLE: no collision-free lattice connection,1,65.50
97.002,64.10533,6.50411,0.46216,0.0614,0.0000,0.00000,inf,1.4662,1.5096,1.351,INFEASIBLE: no collision-free lattice connection,1,65.50
97.100,64.10604,6.50351,0.46204,0.0356,0.0000,0.00000,inf,1.4671,1.5087,1.363,INFEASIBLE: no collision-free lattice connection,1,65.50
97.200,64.09663,6.49928,0.46375,0.1338,0.0000,0.00000,inf,1.4612,1.5146,1.313,INFEASIBLE: no collision-free lattice connection,1,65.50
97.300,64.07971,6.49490,0.46850,0.2095,0.0000,0.00000,inf,1.4489,1.5269,1.045,INFEASIBLE: no collision-free lattice connection,1,65.50
97.400,64.05447,6.48937,0.47802,0.2887,0.0000,0.00000,inf,1.4300,1.5457,1.363,INFEASIBLE: no collision-free lattice connection,1,65.50
