timestamp_s,x,y,yaw,seq
0.100000,-0.00147,-0.02502,0.268008,0
0.100000,1.00000,0.25000,0.000000,1
0.100000,2.00000,0.25000,0.000000,2
0.100000,3.00000,0.25000,0.000000,3
0.100000,4.00000,0.25000,0.000000,4
0.100000,5.00000,0.25000,0.000000,5
0.100000,6.00000,0.25000,0.000000,6
0.100000,7.00000,0.25000,0.000000,7
0.100000,8.00000,0.25000,0.000000,8
0.100000,9.00000,0.25000,0.000000,9
0.100000,10.00000,0.25000,0.000000,10
0.100000,11.00000,0.25000,0.244979,11
0.100000,12.00000,0.50000,0.244979,12
0.100000,13.00000,0.75000,0.244979,13
0.100000,14.00000,1.00000,0.463648,14
0.100000,15.00000,1.50000,0.463648,15
0.100000,16.00000,2.00000,0.000000,16
0.100000,17.00000,2.00000,0.000000,17
0.100000,18.00000,2.00000,0.000000,18
0.100000,19.00000,2.00000,-0.244979,19
0.100000,20.00000,1.75000,-0.463648,20
0.100000,21.00000,1.25000,-0.463648,21
0.100000,22.00000,0.75000,-0.463648,22
0.100000,23.00000,0.25000,-0.244979,23
0.100000,24.00000,0.00000,-0.244979,24
0.100000,25.00000,-0.25000,-0.463648,25
0.100000,26.00000,-0.75000,-0.463648,26
0.100000,27.00000,-1.25000,-0.244979,27
0.100000,28.00000,-1.50000,0.000000,28
0.100000,29.00000,-1.50000,0.000000,29
0.100000,30.00000,-1.50000,0.000000,30
0.200000,-0.00843,-0.00359,0.246361,0
0.200000,1.00000,0.25000,0.000000,1
0.200000,2.00000,0.25000,0.000000,2
0.200000,3.00000,0.25000,0.000000,3
0.200000,4.00000,0.25000,0.000000,4
0.200000,5.00000,0.25000,0.000000,5
0.200000,6.00000,0.25000,0.000000,6
0.200000,7.00000,0.25000,0.000000,7
0.200000,8.00000,0.25000,0.000000,8
0.200000,9.00000,0.25000,0.000000,9
0.200000,10.00000,0.25000,0.000000,10
0.200000,11.00000,0.25000,0.244979,11
0.200000,12.00000,0.50000,0.244979,12
0.200000,13.00000,0.75000,0.244979,13
0.200000,14.00000,1.00000,0.463648,14
0.200000,15.00000,1.50000,0.463648,15
0.200000,16.00000,2.00000,0.000000,16
0.200000,17.00000,2.00000,0.000000,17
0.200000,18.00000,2.00000,-0.244979,18
0.200000,19.00000,1.75000,-0.244979,19
0.200000,20.00000,1.50000,-0.244979,20
0.200000,21.00000,1.25000,-0.463648,21
0.200000,22.00000,0.75000,-0.463648,22
0.200000,23.00000,0.25000,-0.244979,23
0.200000,24.00000,0.00000,-0.244979,24
0.200000,25.00000,-0.25000,-0.463648,25
0.200000,26.00000,-0.75000,-0.463648,26
0.200000,27.00000,-1.25000,-0.244979,27
0.200000,28.00000,-1.50000,0.000000,28
0.200000,29.00000,-1.50000,0.000000,29
0.200000,30.00000,-1.50000,0.000000,30
0.300000,-0.01216,-0.01245,0.253710,0
0.300000,1.00000,0.25000,0.000000,1
0.300000,2.00000,0.25000,0.000000,2
0.300000,3.00000,0.25000,0.000000,3
0.300000,4.00000,0.25000,0.000000,4
0.300000,5.00000,0.25000,0.000000,5
0.300000,6.00000,0.25000,0.000000,6
0.300000,7.00000,0.25000,0.000000,7
0.300000,8.00000,0.25000,0.000000,8
0.300000,9.00000,0.25000,0.000000,9
0.300000,10.00000,0.25000,0.000000,10
0.300000,11.00000,0.25000,0.244979,11
0.300000,12.00000,0.50000,0.244979,12
0.300000,13.00000,0.75000,0.244979,13
0.300000,14.00000,1.00000,0.463648,14
0.300000,15.00000,1.50000,0.463648,15
0.300000,16.00000,2.00000,0.000000,16
0.300000,17.00000,2.00000,0.000000,17
0.300000,18.00000,2.00000,0.000000,18
0.300000,19.00000,2.00000,-0.244979,19
0.300000,20.00000,1.75000,-0.463648,20
0.300000,21.00000,1.25000,-0.463648,21
0.300000,22.00000,0.75000,-0.463648,22
0.300000,23.00000,0.25000,-0.244979,23
0.300000,24.00000,0.00000,-0.244979,24
0.300000,25.00000,-0.25000,-0.463648,25
0.300000,26.00000,-0.75000,-0.463648,26
0.300000,27.00000,-1.25000,-0.244979,27
0.300000,28.00000,-1.50000,0.000000,28
0.300000,29.00000,-1.50000,0.000000,29
0.300000,30.00000,-1.50000,0.000000,30
0.400000,-0.01336,0.04210,0.202354,0
0.400000,1.00000,0.25000,0.000000,1
0.400000,2.00000,0.25000,0.000000,2
0.400000,3.00000,0.25000,0.000000,3
0.400000,4.00000,0.25000,0.000000,4
0.400000,5.00000,0.25000,0.000000,5
0.400000,6.00000,0.25000,0.000000,6
0.400000,7.00000,0.25000,0.000000,7
0.400000,8.00000,0.25000,0.000000,8
0.400000,9.00000,0.25000,0.000000,9
0.400000,10.00000,0.25000,0.000000,10
0.400000,11.00000,0.25000,0.244979,11
0.400000,12.00000,0.50000,0.244979,12
0.400000,13.00000,0.75000,0.244979,13
0.400000,14.00000,1.00000,0.463648,14
0.400000,15.00000,1.50000,0.463648,15
0.400000,16.00000,2.00000,0.000000,16
0.400000,17.00000,2.00000,0.000000,17
0.400000,18.00000,2.00000,0.000000,18
0.400000,19.00000,2.00000,-0.244979,19
0.400000,20.00000,1.75000,-0.463648,20
0.400000,21.00000,1.25000,-0.463648,21
0.400000,22.00000,0.75000,-0.463648,22
0.400000,23.00000,0.25000,-0.244979,23
0.400000,24.00000,0.00000,-0.244979,24
0.400000,25.00000,-0.25000,-0.463648,25
0.400000,26.00000,-0.75000,-0.463648,26
0.400000,27.00000,-1.25000,-0.244979,27
0.400000,28.00000,-1.50000,0.000000,28
0.400000,29.00000,-1.50000,0.000000,29
0.400000,30.00000,-1.50000,0.000000,30
0.500000,-0.00231,0.02709,0.218839,0
0.500000,1.00000,0.25000,0.000000,1
0.500000,2.00000,0.25000,0.000000,2
0.500000,3.00000,0.25000,0.000000,3
0.500000,4.00000,0.25000,0.000000,4
0.500000,5.00000,0.25000,0.000000,5
0.500000,6.00000,0.25000,0.000000,6
0.500000,7.00000,0.25000,0.000000,7
0.500000,8.00000,0.25000,0.000000,8
0.500000,9.00000,0.25000,0.000000,9
0.500000,10.00000,0.25000,0.000000,10
0.500000,11.00000,0.25000,0.244979,11
0.500000,12.00000,0.50000,0.244979,12
0.500000,13.00000,0.75000,0.244979,13
0.500000,14.00000,1.00000,0.463648,14
0.500000,15.00000,1.50000,0.463648,15
0.500000,16.00000,2.00000,0.000000,16
0.500000,17.00000,2.00000,0.000000,17
0.500000,18.00000,2.00000,0.000000,18
0.500000,19.00000,2.00000,-0.244979,19
0.500000,20.00000,1.75000,-0.463648,20
0.500000,21.00000,1.25000,-0.463648,21
0.500000,22.00000,0.75000,-0.463648,22
0.500000,23.00000,0.25000,-0.244979,23
0.500000,24.00000,0.00000,-0.244979,24
0.500000,25.00000,-0.25000,-0.463648,25
0.500000,26.00000,-0.75000,-0.463648,26
0.500000,27.00000,-1.25000,-0.244979,27
0.500000,28.00000,-1.50000,0.000000,28
0.500000,29.00000,-1.50000,0.000000,29
0.500000,30.00000,-1.50000,0.000000,30
0.600000,0.02245,0.02247,0.228688,0
0.600000,1.00000,0.25000,0.000000,1
0.600000,2.00000,0.25000,0.000000,2
0.600000,3.00000,0.25000,0.000000,3
0.600000,4.00000,0.25000,0.000000,4
0.600000,5.00000,0.25000,0.000000,5
0.600000,6.00000,0.25000,0.000000,6
0.600000,7.00000,0.25000,0.000000,7
0.600000,8.00000,0.25000,0.000000,8
0.600000,9.00000,0.25000,0.000000,9
0.600000,10.00000,0.25000,0.000000,10
0.600000,11.00000,0.25000,0.244979,11
0.600000,12.00000,0.50000,0.244979,12
0.600000,13.00000,0.75000,0.244979,13
0.600000,14.00000,1.00000,0.463648,14
0.600000,15.00000,1.50000,0.463648,15
0.600000,16.00000,2.00000,0.000000,16
0.600000,17.00000,2.00000,0.000000,17
0.600000,18.00000,2.00000,-0.244979,18
0.600000,19.00000,1.75000,-0.244979,19
0.600000,20.00000,1.50000,-0.244979,20
0.600000,21.00000,1.25000,-0.463648,21
0.600000,22.00000,0.75000,-0.463648,22
0.600000,23.00000,0.25000,-0.244979,23
0.600000,24.00000,0.00000,-0.244979,24
0.600000,25.00000,-0.25000,-0.463648,25
0.600000,26.00000,-0.75000,-0.463648,26
0.600000,27.00000,-1.25000,-0.244979,27
0.600000,28.00000,-1.50000,0.000000,28
0.600000,29.00000,-1.50000,0.000000,29
0.600000,30.00000,-1.50000,0.000000,30
0.700000,0.09233,0.02379,0.244244,0
0.700000,1.00000,0.25000,0.000000,1
0.700000,2.00000,0.25000,0.000000,2
0.700000,3.00000,0.25000,0.000000,3
0.700000,4.00000,0.25000,0.000000,4
0.700000,5.00000,0.25000,0.000000,5
0.700000,6.00000,0.25000,0.000000,6
0.700000,7.00000,0.25000,0.000000,7
0.700000,8.00000,0.25000,0.000000,8
0.700000,9.00000,0.25000,0.000000,9
0.700000,10.00000,0.25000,0.000000,10
0.700000,11.00000,0.25000,0.244979,11
0.700000,12.00000,0.50000,0.244979,12
0.700000,13.00000,0.75000,0.244979,13
0.700000,14.00000,1.00000,0.463648,14
0.700000,15.00000,1.50000,0.463648,15
0.700000,16.00000,2.00000,0.000000,16
0.700000,17.00000,2.00000,0.000000,17
0.700000,18.00000,2.00000,-0.244979,18
0.700000,19.00000,1.75000,-0.244979,19
0.700000,20.00000,1.50000,-0.244979,20
0.700000,21.00000,1.25000,-0.463648,21
0.700000,22.00000,0.75000,-0.463648,22
0.700000,23.00000,0.25000,-0.244979,23
0.700000,24.00000,0.00000,-0.244979,24
0.700000,25.00000,-0.25000,-0.463648,25
0.700000,26.00000,-0.75000,-0.463648,26
0.700000,27.00000,-1.25000,-0.244979,27
0.700000,28.00000,-1.50000,0.000000,28
0.700000,29.00000,-1.50000,0.000000,29
0.700000,30.00000,-1.50000,0.000000,30
0.800000,0.13616,0.03491,0.244032,0
0.800000,1.00000,0.25000,0.000000,1
0.800000,2.00000,0.25000,0.000000,2
0.800000,3.00000,0.25000,0.000000,3
0.800000,4.00000,0.25000,0.000000,4
0.800000,5.00000,0.25000,0.000000,5
0.800000,6.00000,0.25000,0.000000,6
0.800000,7.00000,0.25000,0.000000,7
0.800000,8.00000,0.25000,0.000000,8
0.800000,9.00000,0.25000,0.000000,9
0.800000,10.00000,0.25000,0.000000,10
0.800000,11.00000,0.25000,0.244979,11
0.800000,12.00000,0.50000,0.244979,12
0.800000,13.00000,0.75000,0.244979,13
0.800000,14.00000,1.00000,0.463648,14
0.800000,15.00000,1.50000,0.463648,15
0.800000,16.00000,2.00000,0.000000,16
0.800000,17.00000,2.00000,0.000000,17
0.800000,18.00000,2.00000,-0.244979,18
0.800000,19.00000,1.75000,-0.244979,19
0.800000,20.00000,1.50000,-0.244979,20
0.800000,21.00000,1.25000,-0.463648,21
0.800000,22.00000,0.75000,-0.463648,22
0.800000,23.00000,0.25000,-0.244979,23
0.800000,24.00000,0.00000,-0.244979,24
0.800000,25.00000,-0.25000,-0.463648,25
0.800000,26.00000,-0.75000,-0.463648,26
0.800000,27.00000,-1.25000,-0.244979,27
0.800000,28.00000,-1.50000,0.000000,28
0.800000,29.00000,-1.50000,0.000000,29
0.800000,30.00000,-1.50000,0.000000,30
0.900000,0.22351,0.05850,0.241794,0
0.900000,1.00000,0.25000,0.000000,1
0.900000,2.00000,0.25000,0.000000,2
0.900000,3.00000,0.25000,0.000000,3
0.900000,4.00000,0.25000,0.000000,4
0.900000,5.00000,0.25000,0.000000,5
0.900000,6.00000,0.25000,0.000000,6
0.900000,7.00000,0.25000,0.000000,7
0.900000,8.00000,0.25000,0.000000,8
0.900000,9.00000,0.25000,0.000000,9
0.900000,10.00000,0.25000,0.000000,10
0.900000,11.00000,0.25000,0.244979,11
0.900000,12.00000,0.50000,0.244979,12
0.900000,13.00000,0.75000,0.244979,13
0.900000,14.00000,1.00000,0.463648,14
0.900000,15.00000,1.50000,0.463648,15
0.900000,16.00000,2.00000,0.000000,16
0.900000,17.00000,2.00000,0.000000,17
0.900000,18.00000,2.00000,0.000000,18
0.900000,19.00000,2.00000,-0.244979,19
0.900000,20.00000,1.75000,-0.463648,20
0.900000,21.00000,1.25000,-0.463648,21
0.900000,22.00000,0.75000,-0.463648,22
0.900000,23.00000,0.25000,-0.244979,23
0.900000,24.00000,0.00000,-0.244979,24
0.900000,25.00000,-0.25000,-0.463648,25
0.900000,26.00000,-0.75000,-0.463648,26
0.900000,27.00000,-1.25000,-0.244979,27
0.900000,28.00000,-1.50000,0.000000,28
0.900000,29.00000,-1.50000,0.000000,29
0.900000,30.00000,-1.50000,0.000000,30
1.000000,0.32552,0.03439,0.181555,0
1.000000,1.50000,0.25000,0.000000,1
1.000000,2.50000,0.25000,0.000000,2
1.000000,3.50000,0.25000,0.000000,3
1.000000,4.50000,0.25000,0.000000,4
1.000000,5.50000,0.25000,0.000000,5
1.000000,6.50000,0.25000,0.000000,6
1.000000,7.50000,0.25000,0.000000,7
1.000000,8.50000,0.25000,0.000000,8
1.000000,9.50000,0.25000,0.000000,9
1.000000,10.50000,0.25000,0.000000,10
1.000000,11.50000,0.25000,0.244979,11
1.000000,12.50000,0.50000,0.244979,12
1.000000,13.50000,0.75000,0.244979,13
1.000000,14.50000,1.00000,0.463648,14
1.000000,15.50000,1.50000,0.463648,15
1.000000,16.50000,2.00000,0.000000,16
1.000000,17.50000,2.00000,-0.244979,17
1.000000,18.50000,1.75000,0.000000,18
1.000000,19.50000,1.75000,-0.244979,19
1.000000,20.50000,1.50000,-0.463648,20
1.000000,21.50000,1.00000,-0.463648,21
1.000000,22.50000,0.50000,-0.463648,22
1.000000,23.50000,0.00000,-0.244979,23
1.000000,24.50000,-0.25000,-0.463648,24
1.000000,25.50000,-0.75000,-0.463648,25
1.000000,26.50000,-1.25000,-0.244979,26
1.000000,27.50000,-1.50000,-0.244979,27
1.000000,28.50000,-1.75000,0.000000,28
1.000000,29.50000,-1.75000,0.000000,29
1.000000,30.50000,-1.75000,0.000000,30
1.102000,0.48476,0.04035,0.203639,0
1.102000,1.50000,0.25000,0.000000,1
1.102000,2.50000,0.25000,0.000000,2
1.102000,3.50000,0.25000,0.000000,3
1.102000,4.50000,0.25000,0.000000,4
1.102000,5.50000,0.25000,0.000000,5
1.102000,6.50000,0.25000,0.000000,6
1.102000,7.50000,0.25000,0.000000,7
1.102000,8.50000,0.25000,0.000000,8
1.102000,9.50000,0.25000,0.000000,9
1.102000,10.50000,0.25000,0.000000,10
1.102000,11.50000,0.25000,0.244979,11
1.102000,12.50000,0.50000,0.244979,12
1.102000,13.50000,0.75000,0.244979,13
1.102000,14.50000,1.00000,0.463648,14
1.102000,15.50000,1.50000,0.463648,15
1.102000,16.50000,2.00000,0.000000,16
1.102000,17.50000,2.00000,0.000000,17
1.102000,18.50000,2.00000,-0.244979,18
1.102000,19.50000,1.75000,-0.244979,19
1.102000,20.50000,1.50000,-0.463648,20
1.102000,21.50000,1.00000,-0.463648,21
1.102000,22.50000,0.50000,-0.463648,22
1.102000,23.50000,0.00000,-0.244979,23
1.102000,24.50000,-0.25000,-0.463648,24
1.102000,25.50000,-0.75000,-0.463648,25
1.102000,26.50000,-1.25000,-0.244979,26
1.102000,27.50000,-1.50000,0.000000,27
1.102000,28.50000,-1.50000,0.000000,28
1.102000,29.50000,-1.50000,0.000000,29
1.102000,30.50000,-1.50000,0.000000,30
1.200000,0.61009,0.01135,0.262010,0
1.200000,1.50000,0.25000,0.000000,1
1.200000,2.50000,0.25000,0.000000,2
1.200000,3.50000,0.25000,0.000000,3
1.200000,4.50000,0.25000,0.000000,4
1.200000,5.50000,0.25000,0.000000,5
1.200000,6.50000,0.25000,0.000000,6
1.200000,7.50000,0.25000,0.000000,7
1.200000,8.50000,0.25000,0.000000,8
1.200000,9.50000,0.25000,0.000000,9
1.200000,10.50000,0.25000,0.000000,10
1.200000,11.50000,0.25000,0.244979,11
1.200000,12.50000,0.50000,0.244979,12
1.200000,13.50000,0.75000,0.244979,13
1.200000,14.50000,1.00000,0.463648,14
1.200000,15.50000,1.50000,0.463648,15
1.200000,16.50000,2.00000,0.000000,16
1.200000,17.50000,2.00000,0.000000,17
1.200000,18.50000,2.00000,-0.244979,18
1.200000,19.50000,1.75000,-0.244979,19
1.200000,20.50000,1.50000,-0.463648,20
1.200000,21.50000,1.00000,-0.463648,21
1.200000,22.50000,0.50000,-0.463648,22
1.200000,23.50000,0.00000,-0.244979,23
1.200000,24.50000,-0.25000,-0.463648,24
1.200000,25.50000,-0.75000,-0.463648,25
1.200000,26.50000,-1.25000,-0.244979,26
1.200000,27.50000,-1.50000,0.000000,27
1.200000,28.50000,-1.50000,0.000000,28
1.200000,29.50000,-1.50000,0.000000,29
1.200000,30.50000,-1.50000,0.000000,30
1.300000,0.69744,-0.01330,0.317005,0
1.300000,1.50000,0.25000,0.000000,1
1.300000,2.50000,0.25000,0.000000,2
1.300000,3.50000,0.25000,0.000000,3
1.300000,4.50000,0.25000,0.000000,4
1.300000,5.50000,0.25000,0.000000,5
1.300000,6.50000,0.25000,0.000000,6
1.300000,7.50000,0.25000,0.000000,7
1.300000,8.50000,0.25000,0.000000,8
1.300000,9.50000,0.25000,0.000000,9
1.300000,10.50000,0.25000,0.000000,10
1.300000,11.50000,0.25000,0.244979,11
1.300000,12.50000,0.50000,0.244979,12
1.300000,13.50000,0.75000,0.244979,13
1.300000,14.50000,1.00000,0.463648,14
1.300000,15.50000,1.50000,0.463648,15
1.300000,16.50000,2.00000,0.000000,16
1.300000,17.50000,2.00000,0.000000,17
1.300000,18.50000,2.00000,-0.244979,18
1.300000,19.50000,1.75000,-0.244979,19
1.300000,20.50000,1.50000,-0.463648,20
1.300000,21.50000,1.00000,-0.463648,21
1.300000,22.50000,0.50000,-0.463648,22
1.300000,23.50000,0.00000,-0.244979,23
1.300000,24.50000,-0.25000,-0.463648,24
1.300000,25.50000,-0.75000,-0.463648,25
1.300000,26.50000,-1.25000,-0.244979,26
1.300000,27.50000,-1.50000,0.000000,27
1.300000,28.50000,-1.50000,0.000000,28
1.300000,29.50000,-1.50000,0.000000,29
1.300000,30.50000,-1.50000,0.000000,30
1.402000,0.87229,-0.03838,0.250355,0
1.402000,2.00000,0.25000,0.000000,1
1.402000,3.00000,0.25000,0.000000,2
1.402000,4.00000,0.25000,0.000000,3
1.402000,5.00000,0.25000,0.000000,4
1.402000,6.00000,0.25000,0.000000,5
1.402000,7.00000,0.25000,0.000000,6
1.402000,8.00000,0.25000,0.000000,7
1.402000,9.00000,0.25000,0.000000,8
1.402000,10.00000,0.25000,0.000000,9
1.402000,11.00000,0.25000,0.244979,10
1.402000,12.00000,0.50000,0.244979,11
1.402000,13.00000,0.75000,0.244979,12
1.402000,14.00000,1.00000,0.463648,13
1.402000,15.00000,1.50000,0.463648,14
1.402000,16.00000,2.00000,0.000000,15
1.402000,17.00000,2.00000,0.000000,16
1.402000,18.00000,2.00000,0.000000,17
1.402000,19.00000,2.00000,-0.244979,18
1.402000,20.00000,1.75000,-0.463648,19
1.402000,21.00000,1.25000,-0.463648,20
1.402000,22.00000,0.75000,-0.463648,21
1.402000,23.00000,0.25000,-0.244979,22
1.402000,24.00000,0.00000,-0.244979,23
1.402000,25.00000,-0.25000,-0.463648,24
1.402000,26.00000,-0.75000,-0.463648,25
1.402000,27.00000,-1.25000,-0.244979,26
1.402000,28.00000,-1.50000,0.000000,27
1.402000,29.00000,-1.50000,0.000000,28
1.402000,30.00000,-1.50000,0.000000,29
1.402000,31.00000,-1.50000,0.000000,30
1.500000,1.03572,-0.08221,0.085048,0
1.500000,2.00000,0.00000,0.000000,1
1.500000,3.00000,0.00000,0.000000,2
1.500000,4.00000,0.00000,0.000000,3
1.500000,5.00000,0.00000,0.000000,4
1.500000,6.00000,0.00000,0.000000,5
1.500000,7.00000,0.00000,0.000000,6
1.500000,8.00000,0.00000,0.000000,7
1.500000,9.00000,0.00000,0.000000,8
1.500000,10.00000,0.00000,0.244979,9
1.500000,11.00000,0.25000,0.244979,10
1.500000,12.00000,0.50000,0.244979,11
1.500000,13.00000,0.75000,0.244979,12
1.500000,14.00000,1.00000,0.463648,13
1.500000,15.00000,1.50000,0.463648,14
1.500000,16.00000,2.00000,0.000000,15
1.500000,17.00000,2.00000,0.000000,16
1.500000,18.00000,2.00000,-0.244979,17
1.500000,19.00000,1.75000,-0.244979,18
1.500000,20.00000,1.50000,-0.244979,19
1.500000,21.00000,1.25000,-0.463648,20
1.500000,22.00000,0.75000,-0.463648,21
1.500000,23.00000,0.25000,-0.244979,22
1.500000,24.00000,0.00000,-0.463648,23
1.500000,25.00000,-0.50000,-0.463648,24
1.500000,26.00000,-1.00000,-0.463648,25
1.500000,27.00000,-1.50000,0.000000,26
1.500000,28.00000,-1.50000,-0.244979,27
1.500000,29.00000,-1.75000,0.000000,28
1.500000,30.00000,-1.75000,0.000000,29
1.500000,31.00000,-1.75000,0.000000,30
1.616000,1.24491,-0.04466,0.372060,0
1.616000,2.00000,0.25000,0.000000,1
1.616000,3.00000,0.25000,0.000000,2
1.616000,4.00000,0.25000,0.000000,3
1.616000,5.00000,0.25000,0.000000,4
1.616000,6.00000,0.25000,0.000000,5
1.616000,7.00000,0.25000,0.000000,6
1.616000,8.00000,0.25000,0.000000,7
1.616000,9.00000,0.25000,0.000000,8
1.616000,10.00000,0.25000,0.000000,9
1.616000,11.00000,0.25000,0.244979,10
1.616000,12.00000,0.50000,0.244979,11
1.616000,13.00000,0.75000,0.244979,12
1.616000,14.00000,1.00000,0.463648,13
1.616000,15.00000,1.50000,0.463648,14
1.616000,16.00000,2.00000,0.000000,15
1.616000,17.00000,2.00000,0.000000,16
1.616000,18.00000,2.00000,0.000000,17
1.616000,19.00000,2.00000,-0.244979,18
1.616000,20.00000,1.75000,-0.463648,19
1.616000,21.00000,1.25000,-0.463648,20
1.616000,22.00000,0.75000,-0.463648,21
1.616000,23.00000,0.25000,-0.244979,22
1.616000,24.00000,0.00000,-0.244979,23
1.616000,25.00000,-0.25000,-0.463648,24
1.616000,26.00000,-0.75000,-0.463648,25
1.616000,27.00000,-1.25000,-0.244979,26
1.616000,28.00000,-1.50000,0.000000,27
1.616000,29.00000,-1.50000,0.000000,28
1.616000,30.00000,-1.50000,0.000000,29
1.616000,31.00000,-1.50000,0.000000,30
1.700000,1.42126,-0.08677,0.080262,0
1.700000,2.50000,0.00000,0.000000,1
1.700000,3.50000,0.00000,0.000000,2
1.700000,4.50000,0.00000,0.000000,3
1.700000,5.50000,0.00000,0.000000,4
1.700000,6.50000,0.00000,0.000000,5
1.700000,7.50000,0.00000,0.000000,6
1.700000,8.50000,0.00000,0.000000,7
1.700000,9.50000,0.00000,0.000000,8
1.700000,10.50000,0.00000,0.244979,9
1.700000,11.50000,0.25000,0.244979,10
1.700000,12.50000,0.50000,0.244979,11
1.700000,13.50000,0.75000,0.244979,12
1.700000,14.50000,1.00000,0.463648,13
1.700000,15.50000,1.50000,0.463648,14
1.700000,16.50000,2.00000,0.000000,15
1.700000,17.50000,2.00000,0.000000,16
1.700000,18.50000,2.00000,-0.244979,17
1.700000,19.50000,1.75000,-0.244979,18
1.700000,20.50000,1.50000,-0.463648,19
1.700000,21.50000,1.00000,-0.463648,20
1.700000,22.50000,0.50000,-0.463648,21
1.700000,23.50000,0.00000,-0.244979,22
1.700000,24.50000,-0.25000,-0.463648,23
1.700000,25.50000,-0.75000,-0.463648,24
1.700000,26.50000,-1.25000,-0.244979,25
1.700000,27.50000,-1.50000,0.000000,26
1.700000,28.50000,-1.50000,0.000000,27
1.700000,29.50000,-1.50000,0.000000,28
1.700000,30.50000,-1.50000,0.000000,29
1.700000,31.50000,-1.50000,0.000000,30
1.800000,1.59732,-0.07016,0.077564,0
1.800000,2.50000,0.00000,0.000000,1
1.800000,3.50000,0.00000,0.000000,2
1.800000,4.50000,0.00000,0.000000,3
1.800000,5.50000,0.00000,0.000000,4
1.800000,6.50000,0.00000,0.000000,5
1.800000,7.50000,0.00000,0.000000,6
1.800000,8.50000,0.00000,0.000000,7
1.800000,9.50000,0.00000,0.000000,8
1.800000,10.50000,0.00000,0.244979,9
1.800000,11.50000,0.25000,0.244979,10
1.800000,12.50000,0.50000,0.244979,11
1.800000,13.50000,0.75000,0.244979,12
1.800000,14.50000,1.00000,0.463648,13
1.800000,15.50000,1.50000,0.463648,14
1.800000,16.50000,2.00000,0.000000,15
1.800000,17.50000,2.00000,0.000000,16
1.800000,18.50000,2.00000,-0.244979,17
1.800000,19.50000,1.75000,-0.244979,18
1.800000,20.50000,1.50000,-0.463648,19
1.800000,21.50000,1.00000,-0.463648,20
1.800000,22.50000,0.50000,-0.463648,21
1.800000,23.50000,0.00000,-0.244979,22
1.800000,24.50000,-0.25000,-0.463648,23
1.800000,25.50000,-0.75000,-0.463648,24
1.800000,26.50000,-1.25000,-0.244979,25
1.800000,27.50000,-1.50000,0.000000,26
1.800000,28.50000,-1.50000,0.000000,27
1.800000,29.50000,-1.50000,0.000000,28
1.800000,30.50000,-1.50000,0.000000,29
1.800000,31.50000,-1.50000,0.000000,30
1.900000,1.71054,-0.01841,0.327727,0
1.900000,2.50000,0.25000,0.000000,1
1.900000,3.50000,0.25000,0.000000,2
1.900000,4.50000,0.25000,0.000000,3
1.900000,5.50000,0.25000,0.000000,4
1.900000,6.50000,0.25000,0.000000,5
1.900000,7.50000,0.25000,0.000000,6
1.900000,8.50000,0.25000,0.000000,7
1.900000,9.50000,0.25000,0.000000,8
1.900000,10.50000,0.25000,0.000000,9
1.900000,11.50000,0.25000,0.244979,10
1.900000,12.50000,0.50000,0.244979,11
1.900000,13.50000,0.75000,0.244979,12
1.900000,14.50000,1.00000,0.463648,13
1.900000,15.50000,1.50000,0.463648,14
1.900000,16.50000,2.00000,0.000000,15
1.900000,17.50000,2.00000,0.000000,16
1.900000,18.50000,2.00000,-0.244979,17
1.900000,19.50000,1.75000,-0.244979,18
1.900000,20.50000,1.50000,-0.463648,19
1.900000,21.50000,1.00000,-0.463648,20
1.900000,22.50000,0.50000,-0.463648,21
1.900000,23.50000,0.00000,-0.244979,22
1.900000,24.50000,-0.25000,-0.463648,23
1.900000,25.50000,-0.75000,-0.463648,24
1.900000,26.50000,-1.25000,-0.244979,25
1.900000,27.50000,-1.50000,0.000000,26
1.900000,28.50000,-1.50000,0.000000,27
1.900000,29.50000,-1.50000,0.000000,28
1.900000,30.50000,-1.50000,0.000000,29
1.900000,31.50000,-1.50000,0.000000,30
2.000000,1.83784,0.03600,0.182099,0
2.000000,3.00000,0.25000,0.000000,1
2.000000,4.00000,0.25000,0.000000,2
2.000000,5.00000,0.25000,0.000000,3
2.000000,6.00000,0.25000,0.000000,4
2.000000,7.00000,0.25000,0.000000,5
2.000000,8.00000,0.25000,0.000000,6
2.000000,9.00000,0.25000,0.000000,7
2.000000,10.00000,0.25000,0.000000,8
2.000000,11.00000,0.25000,0.244979,9
2.000000,12.00000,0.50000,0.244979,10
2.000000,13.00000,0.75000,0.244979,11
2.000000,14.00000,1.00000,0.463648,12
2.000000,15.00000,1.50000,0.463648,13
2.000000,16.00000,2.00000,0.000000,14
2.000000,17.00000,2.00000,0.000000,15
2.000000,18.00000,2.00000,0.000000,16
2.000000,19.00000,2.00000,-0.244979,17
2.000000,20.00000,1.75000,-0.463648,18
2.000000,21.00000,1.25000,-0.463648,19
2.000000,22.00000,0.75000,-0.463648,20
2.000000,23.00000,0.25000,-0.244979,21
2.000000,24.00000,0.00000,-0.244979,22
2.000000,25.00000,-0.25000,-0.463648,23
2.000000,26.00000,-0.75000,-0.463648,24
2.000000,27.00000,-1.25000,-0.244979,25
2.000000,28.00000,-1.50000,0.000000,26
2.000000,29.00000,-1.50000,0.000000,27
2.000000,30.00000,-1.50000,0.000000,28
2.000000,31.00000,-1.50000,0.000000,29
2.000000,32.00000,-1.50000,0.000000,30
2.100000,1.90334,0.03819,0.190788,0
2.100000,3.00000,0.25000,0.000000,1
2.100000,4.00000,0.25000,0.000000,2
2.100000,5.00000,0.25000,0.000000,3
2.100000,6.00000,0.25000,0.000000,4
2.100000,7.00000,0.25000,0.000000,5
2.100000,8.00000,0.25000,0.000000,6
2.100000,9.00000,0.25000,0.000000,7
2.100000,10.00000,0.25000,0.000000,8
2.100000,11.00000,0.25000,0.244979,9
2.100000,12.00000,0.50000,0.244979,10
2.100000,13.00000,0.75000,0.244979,11
2.100000,14.00000,1.00000,0.463648,12
2.100000,15.00000,1.50000,0.463648,13
2.100000,16.00000,2.00000,0.000000,14
2.100000,17.00000,2.00000,0.000000,15
2.100000,18.00000,2.00000,0.000000,16
2.100000,19.00000,2.00000,-0.244979,17
2.100000,20.00000,1.75000,-0.463648,18
2.100000,21.00000,1.25000,-0.463648,19
2.100000,22.00000,0.75000,-0.463648,20
2.100000,23.00000,0.25000,-0.244979,21
2.100000,24.00000,0.00000,-0.244979,22
2.100000,25.00000,-0.25000,-0.463648,23
2.100000,26.00000,-0.75000,-0.463648,24
2.100000,27.00000,-1.25000,-0.244979,25
2.100000,28.00000,-1.50000,0.000000,26
2.100000,29.00000,-1.50000,0.000000,27
2.100000,30.00000,-1.50000,0.000000,28
2.100000,31.00000,-1.50000,0.000000,29
2.100000,32.00000,-1.50000,0.000000,30
2.200000,2.04249,0.07863,0.177095,0
2.200000,3.00000,0.25000,0.000000,1
2.200000,4.00000,0.25000,0.000000,2
2.200000,5.00000,0.25000,0.000000,3
2.200000,6.00000,0.25000,0.000000,4
2.200000,7.00000,0.25000,0.000000,5
2.200000,8.00000,0.25000,0.000000,6
2.200000,9.00000,0.25000,0.000000,7
2.200000,10.00000,0.25000,0.000000,8
2.200000,11.00000,0.25000,0.244979,9
2.200000,12.00000,0.50000,0.244979,10
2.200000,13.00000,0.75000,0.244979,11
2.200000,14.00000,1.00000,0.463648,12
2.200000,15.00000,1.50000,0.463648,13
2.200000,16.00000,2.00000,0.000000,14
2.200000,17.00000,2.00000,0.000000,15
2.200000,18.00000,2.00000,0.000000,16
2.200000,19.00000,2.00000,-0.244979,17
2.200000,20.00000,1.75000,-0.463648,18
2.200000,21.00000,1.25000,-0.463648,19
2.200000,22.00000,0.75000,-0.463648,20
2.200000,23.00000,0.25000,-0.244979,21
2.200000,24.00000,0.00000,-0.244979,22
2.200000,25.00000,-0.25000,-0.463648,23
2.200000,26.00000,-0.75000,-0.463648,24
2.200000,27.00000,-1.25000,-0.244979,25
2.200000,28.00000,-1.50000,0.000000,26
2.200000,29.00000,-1.50000,0.000000,27
2.200000,30.00000,-1.50000,0.000000,28
2.200000,31.00000,-1.50000,0.000000,29
2.200000,32.00000,-1.50000,0.000000,30
2.300000,2.09917,0.10301,0.161745,0
2.300000,3.00000,0.25000,0.000000,1
2.300000,4.00000,0.25000,0.000000,2
2.300000,5.00000,0.25000,0.000000,3
2.300000,6.00000,0.25000,0.000000,4
2.300000,7.00000,0.25000,0.000000,5
2.300000,8.00000,0.25000,0.000000,6
2.300000,9.00000,0.25000,0.000000,7
2.300000,10.00000,0.25000,0.000000,8
2.300000,11.00000,0.25000,0.244979,9
2.300000,12.00000,0.50000,0.244979,10
2.300000,13.00000,0.75000,0.244979,11
2.300000,14.00000,1.00000,0.463648,12
2.300000,15.00000,1.50000,0.463648,13
2.300000,16.00000,2.00000,0.000000,14
2.300000,17.00000,2.00000,0.000000,15
2.300000,18.00000,2.00000,0.000000,16
2.300000,19.00000,2.00000,-0.244979,17
2.300000,20.00000,1.75000,-0.463648,18
2.300000,21.00000,1.25000,-0.463648,19
2.300000,22.00000,0.75000,-0.463648,20
2.300000,23.00000,0.25000,-0.244979,21
2.300000,24.00000,0.00000,-0.244979,22
2.300000,25.00000,-0.25000,-0.463648,23
2.300000,26.00000,-0.75000,-0.463648,24
2.300000,27.00000,-1.25000,-0.244979,25
2.300000,28.00000,-1.50000,0.000000,26
2.300000,29.00000,-1.50000,0.000000,27
2.300000,30.00000,-1.50000,0.000000,28
2.300000,31.00000,-1.50000,0.000000,29
2.300000,32.00000,-1.50000,0.000000,30
2.400000,2.19818,0.14847,0.125957,0
2.400000,3.00000,0.25000,0.000000,1
2.400000,4.00000,0.25000,0.000000,2
2.400000,5.00000,0.25000,0.000000,3
2.400000,6.00000,0.25000,0.000000,4
2.400000,7.00000,0.25000,0.000000,5
2.400000,8.00000,0.25000,0.000000,6
2.400000,9.00000,0.25000,0.000000,7
2.400000,10.00000,0.25000,0.000000,8
2.400000,11.00000,0.25000,0.244979,9
2.400000,12.00000,0.50000,0.244979,10
2.400000,13.00000,0.75000,0.244979,11
2.400000,14.00000,1.00000,0.463648,12
2.400000,15.00000,1.50000,0.463648,13
2.400000,16.00000,2.00000,0.000000,14
2.400000,17.00000,2.00000,0.000000,15
2.400000,18.00000,2.00000,-0.244979,16
2.400000,19.00000,1.75000,-0.244979,17
2.400000,20.00000,1.50000,-0.244979,18
2.400000,21.00000,1.25000,-0.463648,19
2.400000,22.00000,0.75000,-0.463648,20
2.400000,23.00000,0.25000,-0.244979,21
2.400000,24.00000,0.00000,-0.244979,22
2.400000,25.00000,-0.25000,-0.463648,23
2.400000,26.00000,-0.75000,-0.463648,24
2.400000,27.00000,-1.25000,-0.244979,25
2.400000,28.00000,-1.50000,0.000000,26
2.400000,29.00000,-1.50000,0.000000,27
2.400000,30.00000,-1.50000,0.000000,28
2.400000,31.00000,-1.50000,0.000000,29
2.400000,32.00000,-1.50000,0.000000,30
2.500000,2.29378,0.16935,0.066759,0
2.500000,3.50000,0.25000,0.000000,1
2.500000,4.50000,0.25000,0.000000,2
2.500000,5.50000,0.25000,0.000000,3
2.500000,6.50000,0.25000,0.000000,4
2.500000,7.50000,0.25000,0.000000,5
2.500000,8.50000,0.25000,0.000000,6
2.500000,9.50000,0.25000,0.000000,7
2.500000,10.50000,0.25000,0.000000,8
2.500000,11.50000,0.25000,0.244979,9
2.500000,12.50000,0.50000,0.244979,10
2.500000,13.50000,0.75000,0.244979,11
2.500000,14.50000,1.00000,0.463648,12
2.500000,15.50000,1.50000,0.463648,13
2.500000,16.50000,2.00000,0.000000,14
2.500000,17.50000,2.00000,0.000000,15
2.500000,18.50000,2.00000,-0.244979,16
2.500000,19.50000,1.75000,-0.244979,17
2.500000,20.50000,1.50000,-0.463648,18
2.500000,21.50000,1.00000,-0.463648,19
2.500000,22.50000,0.50000,-0.463648,20
2.500000,23.50000,0.00000,-0.244979,21
2.500000,24.50000,-0.25000,-0.463648,22
2.500000,25.50000,-0.75000,-0.463648,23
2.500000,26.50000,-1.25000,-0.244979,24
2.500000,27.50000,-1.50000,0.000000,25
2.500000,28.50000,-1.50000,0.000000,26
2.500000,29.50000,-1.50000,0.000000,27
2.500000,30.50000,-1.50000,0.000000,28
2.500000,31.50000,-1.50000,0.000000,29
2.500000,32.50000,-1.50000,0.000000,30
2.600000,2.42324,0.14952,0.093047,0
2.600000,3.50000,0.25000,0.000000,1
2.600000,4.50000,0.25000,0.000000,2
2.600000,5.50000,0.25000,0.000000,3
2.600000,6.50000,0.25000,0.000000,4
2.600000,7.50000,0.25000,0.000000,5
2.600000,8.50000,0.25000,0.000000,6
2.600000,9.50000,0.25000,0.000000,7
2.600000,10.50000,0.25000,0.000000,8
2.600000,11.50000,0.25000,0.244979,9
2.600000,12.50000,0.50000,0.244979,10
2.600000,13.50000,0.75000,0.244979,11
2.600000,14.50000,1.00000,0.463648,12
2.600000,15.50000,1.50000,0.463648,13
2.600000,16.50000,2.00000,0.000000,14
2.600000,17.50000,2.00000,0.000000,15
2.600000,18.50000,2.00000,-0.244979,16
2.600000,19.50000,1.75000,-0.244979,17
2.600000,20.50000,1.50000,-0.463648,18
2.600000,21.50000,1.00000,-0.463648,19
2.600000,22.50000,0.50000,-0.463648,20
2.600000,23.50000,0.00000,-0.244979,21
2.600000,24.50000,-0.25000,-0.463648,22
2.600000,25.50000,-0.75000,-0.463648,23
2.600000,26.50000,-1.25000,-0.244979,24
2.600000,27.50000,-1.50000,0.000000,25
2.600000,28.50000,-1.50000,0.000000,26
2.600000,29.50000,-1.50000,0.000000,27
2.600000,30.50000,-1.50000,0.000000,28
2.600000,31.50000,-1.50000,0.000000,29
2.600000,32.50000,-1.50000,0.000000,30
2.700000,2.60809,0.14270,0.119727,0
2.700000,3.50000,0.25000,0.000000,1
2.700000,4.50000,0.25000,0.000000,2
2.700000,5.50000,0.25000,0.000000,3
2.700000,6.50000,0.25000,0.000000,4
2.700000,7.50000,0.25000,0.000000,5
2.700000,8.50000,0.25000,0.000000,6
2.700000,9.50000,0.25000,0.000000,7
2.700000,10.50000,0.25000,0.000000,8
2.700000,11.50000,0.25000,0.244979,9
2.700000,12.50000,0.50000,0.244979,10
2.700000,13.50000,0.75000,0.244979,11
2.700000,14.50000,1.00000,0.463648,12
2.700000,15.50000,1.50000,0.463648,13
2.700000,16.50000,2.00000,0.000000,14
2.700000,17.50000,2.00000,0.000000,15
2.700000,18.50000,2.00000,-0.244979,16
2.700000,19.50000,1.75000,-0.244979,17
2.700000,20.50000,1.50000,-0.463648,18
2.700000,21.50000,1.00000,-0.463648,19
2.700000,22.50000,0.50000,-0.463648,20
2.700000,23.50000,0.00000,-0.244979,21
2.700000,24.50000,-0.25000,-0.244979,22
2.700000,25.50000,-0.50000,-0.463648,23
2.700000,26.50000,-1.00000,-0.244979,24
2.700000,27.50000,-1.25000,0.000000,25
2.700000,28.50000,-1.25000,0.000000,26
2.700000,29.50000,-1.25000,0.000000,27
2.700000,30.50000,-1.25000,0.000000,28
2.700000,31.50000,-1.25000,0.000000,29
2.700000,32.50000,-1.25000,0.000000,30
2.800000,2.79930,0.11372,0.113015,0
2.800000,4.00000,0.25000,0.000000,1
2.800000,5.00000,0.25000,0.000000,2
2.800000,6.00000,0.25000,0.000000,3
2.800000,7.00000,0.25000,0.000000,4
2.800000,8.00000,0.25000,0.000000,5
2.800000,9.00000,0.25000,0.000000,6
2.800000,10.00000,0.25000,0.000000,7
2.800000,11.00000,0.25000,0.244979,8
2.800000,12.00000,0.50000,0.244979,9
2.800000,13.00000,0.75000,0.244979,10
2.800000,14.00000,1.00000,0.463648,11
2.800000,15.00000,1.50000,0.463648,12
2.800000,16.00000,2.00000,0.000000,13
2.800000,17.00000,2.00000,0.000000,14
2.800000,18.00000,2.00000,0.000000,15
2.800000,19.00000,2.00000,-0.244979,16
2.800000,20.00000,1.75000,-0.463648,17
2.800000,21.00000,1.25000,-0.463648,18
2.800000,22.00000,0.75000,-0.463648,19
2.800000,23.00000,0.25000,-0.244979,20
2.800000,24.00000,0.00000,-0.244979,21
2.800000,25.00000,-0.25000,-0.463648,22
2.800000,26.00000,-0.75000,-0.463648,23
2.800000,27.00000,-1.25000,-0.244979,24
2.800000,28.00000,-1.50000,0.000000,25
2.800000,29.00000,-1.50000,0.000000,26
2.800000,30.00000,-1.50000,0.000000,27
2.800000,31.00000,-1.50000,0.244979,28
2.800000,32.00000,-1.25000,0.000000,29
2.800000,33.00000,-1.25000,0.000000,30
2.900000,3.00738,0.01497,0.232495,0
2.900000,4.00000,0.25000,0.000000,1
2.900000,5.00000,0.25000,0.000000,2
2.900000,6.00000,0.25000,0.000000,3
2.900000,7.00000,0.25000,0.000000,4
2.900000,8.00000,0.25000,0.000000,5
2.900000,9.00000,0.25000,0.000000,6
2.900000,10.00000,0.25000,0.000000,7
2.900000,11.00000,0.25000,0.244979,8
2.900000,12.00000,0.50000,0.244979,9
2.900000,13.00000,0.75000,0.244979,10
2.900000,14.00000,1.00000,0.463648,11
2.900000,15.00000,1.50000,0.463648,12
2.900000,16.00000,2.00000,0.000000,13
2.900000,17.00000,2.00000,0.000000,14
2.900000,18.00000,2.00000,-0.244979,15
2.900000,19.00000,1.75000,-0.244979,16
2.900000,20.00000,1.50000,-0.244979,17
2.900000,21.00000,1.25000,-0.463648,18
2.900000,22.00000,0.75000,-0.463648,19
2.900000,23.00000,0.25000,-0.244979,20
2.900000,24.00000,0.00000,-0.244979,21
2.900000,25.00000,-0.25000,-0.463648,22
2.900000,26.00000,-0.75000,-0.463648,23
2.900000,27.00000,-1.25000,-0.244979,24
2.900000,28.00000,-1.50000,0.000000,25
2.900000,29.00000,-1.50000,0.000000,26
2.900000,30.00000,-1.50000,0.000000,27
2.900000,31.00000,-1.50000,0.244979,28
2.900000,32.00000,-1.25000,0.000000,29
2.900000,33.00000,-1.25000,0.000000,30
3.000000,3.20333,-0.02522,0.332627,0
3.000000,4.00000,0.25000,0.000000,1
3.000000,5.00000,0.25000,0.000000,2
3.000000,6.00000,0.25000,0.000000,3
3.000000,7.00000,0.25000,0.000000,4
3.000000,8.00000,0.25000,0.000000,5
3.000000,9.00000,0.25000,0.000000,6
3.000000,10.00000,0.25000,0.000000,7
3.000000,11.00000,0.25000,0.244979,8
3.000000,12.00000,0.50000,0.244979,9
3.000000,13.00000,0.75000,0.244979,10
3.000000,14.00000,1.00000,0.463648,11
3.000000,15.00000,1.50000,0.463648,12
3.000000,16.00000,2.00000,0.000000,13
3.000000,17.00000,2.00000,0.000000,14
3.000000,18.00000,2.00000,0.000000,15
3.000000,19.00000,2.00000,-0.244979,16
3.000000,20.00000,1.75000,-0.463648,17
3.000000,21.00000,1.25000,-0.463648,18
3.000000,22.00000,0.75000,-0.463648,19
3.000000,23.00000,0.25000,-0.244979,20
3.000000,24.00000,0.00000,-0.244979,21
3.000000,25.00000,-0.25000,-0.463648,22
3.000000,26.00000,-0.75000,-0.463648,23
3.000000,27.00000,-1.25000,-0.244979,24
3.000000,28.00000,-1.50000,0.000000,25
3.000000,29.00000,-1.50000,0.000000,26
3.000000,30.00000,-1.50000,0.000000,27
3.000000,31.00000,-1.50000,0.244979,28
3.000000,32.00000,-1.25000,0.000000,29
3.000000,33.00000,-1.25000,0.000000,30
3.100000,3.39158,-0.13330,0.119685,0
3.100000,4.50000,0.00000,0.000000,1
3.100000,5.50000,0.00000,0.000000,2
3.100000,6.50000,0.00000,0.000000,3
3.100000,7.50000,0.00000,0.000000,4
3.100000,8.50000,0.00000,0.000000,5
3.100000,9.50000,0.00000,0.000000,6
3.100000,10.50000,0.00000,0.244979,7
3.100000,11.50000,0.25000,0.244979,8
3.100000,12.50000,0.50000,0.244979,9
3.100000,13.50000,0.75000,0.244979,10
3.100000,14.50000,1.00000,0.463648,11
3.100000,15.50000,1.50000,0.463648,12
3.100000,16.50000,2.00000,0.000000,13
3.100000,17.50000,2.00000,0.000000,14
3.100000,18.50000,2.00000,-0.244979,15
3.100000,19.50000,1.75000,-0.244979,16
3.100000,20.50000,1.50000,-0.463648,17
3.100000,21.50000,1.00000,-0.463648,18
3.100000,22.50000,0.50000,-0.463648,19
3.100000,23.50000,0.00000,-0.244979,20
3.100000,24.50000,-0.25000,-0.463648,21
3.100000,25.50000,-0.75000,-0.463648,22
3.100000,26.50000,-1.25000,-0.244979,23
3.100000,27.50000,-1.50000,0.000000,24
3.100000,28.50000,-1.50000,0.000000,25
3.100000,29.50000,-1.50000,0.000000,26
3.100000,30.50000,-1.50000,0.000000,27
3.100000,31.50000,-1.50000,0.244979,28
3.100000,32.50000,-1.25000,0.000000,29
3.100000,33.50000,-1.25000,0.000000,30
3.200000,3.64609,-0.19394,0.223332,0
3.200000,4.50000,0.00000,0.000000,1
3.200000,5.50000,0.00000,0.000000,2
3.200000,6.50000,0.00000,0.000000,3
3.200000,7.50000,0.00000,0.000000,4
3.200000,8.50000,0.00000,0.000000,5
3.200000,9.50000,0.00000,0.000000,6
3.200000,10.50000,0.00000,0.244979,7
3.200000,11.50000,0.25000,0.244979,8
3.200000,12.50000,0.50000,0.244979,9
3.200000,13.50000,0.75000,0.244979,10
3.200000,14.50000,1.00000,0.463648,11
3.200000,15.50000,1.50000,0.463648,12
3.200000,16.50000,2.00000,0.000000,13
3.200000,17.50000,2.00000,0.000000,14
3.200000,18.50000,2.00000,-0.244979,15
3.200000,19.50000,1.75000,-0.244979,16
3.200000,20.50000,1.50000,-0.463648,17
3.200000,21.50000,1.00000,-0.463648,18
3.200000,22.50000,0.50000,-0.463648,19
3.200000,23.50000,0.00000,-0.244979,20
3.200000,24.50000,-0.25000,-0.463648,21
3.200000,25.50000,-0.75000,-0.463648,22
3.200000,26.50000,-1.25000,-0.244979,23
3.200000,27.50000,-1.50000,0.000000,24
3.200000,28.50000,-1.50000,0.000000,25
3.200000,29.50000,-1.50000,0.000000,26
3.200000,30.50000,-1.50000,0.000000,27
3.200000,31.50000,-1.50000,0.244979,28
3.200000,32.50000,-1.25000,0.000000,29
3.200000,33.50000,-1.25000,0.000000,30
3.300000,3.80112,-0.26183,0.215020,0
3.300000,5.00000,0.00000,0.000000,1
3.300000,6.00000,0.00000,0.000000,2
3.300000,7.00000,0.00000,0.000000,3
3.300000,8.00000,0.00000,0.000000,4
3.300000,9.00000,0.00000,0.000000,5
3.300000,10.00000,0.00000,0.244979,6
3.300000,11.00000,0.25000,0.244979,7
3.300000,12.00000,0.50000,0.244979,8
3.300000,13.00000,0.75000,0.244979,9
3.300000,14.00000,1.00000,0.463648,10
3.300000,15.00000,1.50000,0.463648,11
3.300000,16.00000,2.00000,0.000000,12
3.300000,17.00000,2.00000,0.000000,13
3.300000,18.00000,2.00000,-0.244979,14
3.300000,19.00000,1.75000,-0.244979,15
3.300000,20.00000,1.50000,-0.244979,16
3.300000,21.00000,1.25000,-0.463648,17
3.300000,22.00000,0.75000,-0.463648,18
3.300000,23.00000,0.25000,-0.244979,19
3.300000,24.00000,0.00000,-0.244979,20
3.300000,25.00000,-0.25000,-0.463648,21
3.300000,26.00000,-0.75000,-0.463648,22
3.300000,27.00000,-1.25000,-0.244979,23
3.300000,28.00000,-1.50000,0.000000,24
3.300000,29.00000,-1.50000,0.000000,25
3.300000,30.00000,-1.50000,0.000000,26
3.300000,31.00000,-1.50000,0.244979,27
3.300000,32.00000,-1.25000,0.000000,28
3.300000,33.00000,-1.25000,0.000000,29
3.300000,34.00000,-1.25000,0.000000,30
3.400000,4.02838,-0.35291,0.348396,0
3.400000,5.00000,0.00000,0.000000,1
3.400000,6.00000,0.00000,0.000000,2
3.400000,7.00000,0.00000,0.000000,3
3.400000,8.00000,0.00000,0.000000,4
3.400000,9.00000,0.00000,0.000000,5
3.400000,10.00000,0.00000,0.244979,6
3.400000,11.00000,0.25000,0.244979,7
3.400000,12.00000,0.50000,0.244979,8
3.400000,13.00000,0.75000,0.244979,9
3.400000,14.00000,1.00000,0.463648,10
3.400000,15.00000,1.50000,0.463648,11
3.400000,16.00000,2.00000,0.000000,12
3.400000,17.00000,2.00000,0.000000,13
3.400000,18.00000,2.00000,-0.244979,14
3.400000,19.00000,1.75000,-0.244979,15
3.400000,20.00000,1.50000,-0.244979,16
3.400000,21.00000,1.25000,-0.463648,17
3.400000,22.00000,0.75000,-0.463648,18
3.400000,23.00000,0.25000,-0.244979,19
3.400000,24.00000,0.00000,-0.244979,20
3.400000,25.00000,-0.25000,-0.463648,21
3.400000,26.00000,-0.75000,-0.463648,22
3.400000,27.00000,-1.25000,-0.244979,23
3.400000,28.00000,-1.50000,0.000000,24
3.400000,29.00000,-1.50000,0.000000,25
3.400000,30.00000,-1.50000,0.000000,26
3.400000,31.00000,-1.50000,0.244979,27
3.400000,32.00000,-1.25000,0.000000,28
3.400000,33.00000,-1.25000,0.000000,29
3.400000,34.00000,-1.25000,0.000000,30
3.500000,4.17947,-0.37486,0.428542,0
3.500000,5.00000,0.00000,0.000000,1
3.500000,6.00000,0.00000,0.000000,2
3.500000,7.00000,0.00000,0.000000,3
3.500000,8.00000,0.00000,0.000000,4
3.500000,9.00000,0.00000,0.000000,5
3.500000,10.00000,0.00000,0.244979,6
3.500000,11.00000,0.25000,0.244979,7
3.500000,12.00000,0.50000,0.244979,8
3.500000,13.00000,0.75000,0.244979,9
3.500000,14.00000,1.00000,0.463648,10
3.500000,15.00000,1.50000,0.463648,11
3.500000,16.00000,2.00000,0.000000,12
3.500000,17.00000,2.00000,0.000000,13
3.500000,18.00000,2.00000,-0.244979,14
3.500000,19.00000,1.75000,-0.244979,15
3.500000,20.00000,1.50000,-0.244979,16
3.500000,21.00000,1.25000,-0.463648,17
3.500000,22.00000,0.75000,-0.463648,18
3.500000,23.00000,0.25000,-0.244979,19
3.500000,24.00000,0.00000,-0.244979,20
3.500000,25.00000,-0.25000,-0.463648,21
3.500000,26.00000,-0.75000,-0.463648,22
3.500000,27.00000,-1.25000,-0.244979,23
3.500000,28.00000,-1.50000,0.000000,24
3.500000,29.00000,-1.50000,0.000000,25
3.500000,30.00000,-1.50000,0.000000,26
3.500000,31.00000,-1.50000,0.244979,27
3.500000,32.00000,-1.25000,0.000000,28
3.500000,33.00000,-1.25000,0.000000,29
3.500000,34.00000,-1.25000,0.000000,30
3.600000,4.36770,-0.34066,0.292243,0
3.600000,5.50000,0.00000,0.000000,1
3.600000,6.50000,0.00000,0.000000,2
3.600000,7.50000,0.00000,0.000000,3
3.600000,8.50000,0.00000,0.000000,4
3.600000,9.50000,0.00000,0.000000,5
3.600000,10.50000,0.00000,0.244979,6
3.600000,11.50000,0.25000,0.244979,7
3.600000,12.50000,0.50000,0.244979,8
3.600000,13.50000,0.75000,0.244979,9
3.600000,14.50000,1.00000,0.463648,10
3.600000,15.50000,1.50000,0.463648,11
3.600000,16.50000,2.00000,0.000000,12
3.600000,17.50000,2.00000,0.000000,13
3.600000,18.50000,2.00000,-0.244979,14
3.600000,19.50000,1.75000,-0.244979,15
3.600000,20.50000,1.50000,-0.463648,16
3.600000,21.50000,1.00000,-0.463648,17
3.600000,22.50000,0.50000,-0.463648,18
3.600000,23.50000,0.00000,-0.244979,19
3.600000,24.50000,-0.25000,-0.463648,20
3.600000,25.50000,-0.75000,-0.463648,21
3.600000,26.50000,-1.25000,-0.244979,22
3.600000,27.50000,-1.50000,0.000000,23
3.600000,28.50000,-1.50000,0.000000,24
3.600000,29.50000,-1.50000,0.000000,25
3.600000,30.50000,-1.50000,0.244979,26
3.600000,31.50000,-1.25000,0.244979,27
3.600000,32.50000,-1.00000,0.000000,28
3.600000,33.50000,-1.00000,0.000000,29
3.600000,34.50000,-1.00000,0.000000,30
3.700000,4.47038,-0.33757,0.316814,0
3.700000,5.50000,0.00000,0.000000,1
3.700000,6.50000,0.00000,0.000000,2
3.700000,7.50000,0.00000,0.000000,3
3.700000,8.50000,0.00000,0.000000,4
3.700000,9.50000,0.00000,0.000000,5
3.700000,10.50000,0.00000,0.244979,6
3.700000,11.50000,0.25000,0.244979,7
3.700000,12.50000,0.50000,0.244979,8
3.700000,13.50000,0.75000,0.244979,9
3.700000,14.50000,1.00000,0.463648,10
3.700000,15.50000,1.50000,0.463648,11
3.700000,16.50000,2.00000,0.000000,12
3.700000,17.50000,2.00000,0.000000,13
3.700000,18.50000,2.00000,-0.244979,14
3.700000,19.50000,1.75000,-0.244979,15
3.700000,20.50000,1.50000,-0.463648,16
3.700000,21.50000,1.00000,-0.463648,17
3.700000,22.50000,0.50000,-0.463648,18
3.700000,23.50000,0.00000,-0.244979,19
3.700000,24.50000,-0.25000,-0.244979,20
3.700000,25.50000,-0.50000,-0.463648,21
3.700000,26.50000,-1.00000,-0.244979,22
3.700000,27.50000,-1.25000,0.000000,23
3.700000,28.50000,-1.25000,0.000000,24
3.700000,29.50000,-1.25000,0.000000,25
3.700000,30.50000,-1.25000,0.000000,26
3.700000,31.50000,-1.25000,0.244979,27
3.700000,32.50000,-1.00000,0.000000,28
3.700000,33.50000,-1.00000,0.000000,29
3.700000,34.50000,-1.00000,0.000000,30
3.800000,4.56253,-0.34942,0.356781,0
3.800000,5.50000,0.00000,0.000000,1
3.800000,6.50000,0.00000,0.000000,2
3.800000,7.50000,0.00000,0.000000,3
3.800000,8.50000,0.00000,0.000000,4
3.800000,9.50000,0.00000,0.000000,5
3.800000,10.50000,0.00000,0.244979,6
3.800000,11.50000,0.25000,0.244979,7
3.800000,12.50000,0.50000,0.244979,8
3.800000,13.50000,0.75000,0.244979,9
3.800000,14.50000,1.00000,0.463648,10
3.800000,15.50000,1.50000,0.463648,11
3.800000,16.50000,2.00000,0.000000,12
3.800000,17.50000,2.00000,0.000000,13
3.800000,18.50000,2.00000,-0.244979,14
3.800000,19.50000,1.75000,-0.244979,15
3.800000,20.50000,1.50000,-0.463648,16
3.800000,21.50000,1.00000,-0.463648,17
3.800000,22.50000,0.50000,-0.463648,18
3.800000,23.50000,0.00000,-0.244979,19
3.800000,24.50000,-0.25000,-0.463648,20
3.800000,25.50000,-0.75000,-0.463648,21
3.800000,26.50000,-1.25000,-0.244979,22
3.800000,27.50000,-1.50000,0.000000,23
3.800000,28.50000,-1.50000,0.000000,24
3.800000,29.50000,-1.50000,0.000000,25
3.800000,30.50000,-1.50000,0.244979,26
3.800000,31.50000,-1.25000,0.244979,27
3.800000,32.50000,-1.00000,0.000000,28
3.800000,33.50000,-1.00000,0.000000,29
3.800000,34.50000,-1.00000,0.000000,30
3.900000,4.64190,-0.33144,0.368590,0
3.900000,5.50000,0.00000,0.000000,1
3.900000,6.50000,0.00000,0.000000,2
3.900000,7.50000,0.00000,0.000000,3
3.900000,8.50000,0.00000,0.000000,4
3.900000,9.50000,0.00000,0.000000,5
3.900000,10.50000,0.00000,0.244979,6
3.900000,11.50000,0.25000,0.244979,7
3.900000,12.50000,0.50000,0.244979,8
3.900000,13.50000,0.75000,0.244979,9
3.900000,14.50000,1.00000,0.463648,10
3.900000,15.50000,1.50000,0.463648,11
3.900000,16.50000,2.00000,0.000000,12
3.900000,17.50000,2.00000,0.000000,13
3.900000,18.50000,2.00000,-0.244979,14
3.900000,19.50000,1.75000,-0.244979,15
3.900000,20.50000,1.50000,-0.463648,16
3.900000,21.50000,1.00000,-0.463648,17
3.900000,22.50000,0.50000,-0.463648,18
3.900000,23.50000,0.00000,-0.244979,19
3.900000,24.50000,-0.25000,-0.463648,20
3.900000,25.50000,-0.75000,-0.463648,21
3.900000,26.50000,-1.25000,-0.244979,22
3.900000,27.50000,-1.50000,0.000000,23
3.900000,28.50000,-1.50000,0.000000,24
3.900000,29.50000,-1.50000,0.000000,25
3.900000,30.50000,-1.50000,0.244979,26
3.900000,31.50000,-1.25000,0.244979,27
3.900000,32.50000,-1.00000,0.000000,28
3.900000,33.50000,-1.00000,0.000000,29
3.900000,34.50000,-1.00000,0.000000,30
4.000000,4.66819,-0.31148,0.358293,0
4.000000,5.50000,0.00000,0.000000,1
4.000000,6.50000,0.00000,0.000000,2
4.000000,7.50000,0.00000,0.000000,3
4.000000,8.50000,0.00000,0.000000,4
4.000000,9.50000,0.00000,0.000000,5
4.000000,10.50000,0.00000,0.244979,6
4.000000,11.50000,0.25000,0.244979,7
4.000000,12.50000,0.50000,0.244979,8
4.000000,13.50000,0.75000,0.244979,9
4.000000,14.50000,1.00000,0.463648,10
4.000000,15.50000,1.50000,0.463648,11
4.000000,16.50000,2.00000,0.000000,12
4.000000,17.50000,2.00000,0.000000,13
4.000000,18.50000,2.00000,-0.244979,14
4.000000,19.50000,1.75000,-0.244979,15
4.000000,20.50000,1.50000,-0.463648,16
4.000000,21.50000,1.00000,-0.463648,17
4.000000,22.50000,0.50000,-0.463648,18
4.000000,23.50000,0.00000,-0.244979,19
4.000000,24.50000,-0.25000,-0.463648,20
4.000000,25.50000,-0.75000,-0.463648,21
4.000000,26.50000,-1.25000,-0.244979,22
4.000000,27.50000,-1.50000,0.000000,23
4.000000,28.50000,-1.50000,0.000000,24
4.000000,29.50000,-1.50000,0.000000,25
4.000000,30.50000,-1.50000,0.244979,26
4.000000,31.50000,-1.25000,0.244979,27
4.000000,32.50000,-1.00000,0.000000,28
4.000000,33.50000,-1.00000,0.000000,29
4.000000,34.50000,-1.00000,0.000000,30
4.100000,4.71851,-0.32400,0.393028,0
4.100000,5.50000,0.00000,0.000000,1
4.100000,6.50000,0.00000,0.000000,2
4.100000,7.50000,0.00000,0.000000,3
4.100000,8.50000,0.00000,0.000000,4
4.100000,9.50000,0.00000,0.000000,5
4.100000,10.50000,0.00000,0.244979,6
4.100000,11.50000,0.25000,0.244979,7
4.100000,12.50000,0.50000,0.244979,8
4.100000,13.50000,0.75000,0.244979,9
4.100000,14.50000,1.00000,0.463648,10
4.100000,15.50000,1.50000,0.463648,11
4.100000,16.50000,2.00000,0.000000,12
4.100000,17.50000,2.00000,0.000000,13
4.100000,18.50000,2.00000,-0.244979,14
4.100000,19.50000,1.75000,-0.244979,15
4.100000,20.50000,1.50000,-0.463648,16
4.100000,21.50000,1.00000,-0.463648,17
4.100000,22.50000,0.50000,-0.463648,18
4.100000,23.50000,0.00000,-0.244979,19
4.100000,24.50000,-0.25000,-0.463648,20
4.100000,25.50000,-0.75000,-0.463648,21
4.100000,26.50000,-1.25000,-0.244979,22
4.100000,27.50000,-1.50000,0.000000,23
4.100000,28.50000,-1.50000,0.000000,24
4.100000,29.50000,-1.50000,0.000000,25
4.100000,30.50000,-1.50000,0.000000,26
4.100000,31.50000,-1.50000,0.244979,27
4.100000,32.50000,-1.25000,0.000000,28
4.100000,33.50000,-1.25000,0.000000,29
4.100000,34.50000,-1.25000,0.000000,30
4.200000,4.67692,-0.30272,0.352440,0
4.200000,5.50000,0.00000,0.000000,1
4.200000,6.50000,0.00000,0.000000,2
4.200000,7.50000,0.00000,0.000000,3
4.200000,8.50000,0.00000,0.000000,4
4.200000,9.50000,0.00000,0.000000,5
4.200000,10.50000,0.00000,0.244979,6
4.200000,11.50000,0.25000,0.244979,7
4.200000,12.50000,0.50000,0.244979,8
4.200000,13.50000,0.75000,0.244979,9
4.200000,14.50000,1.00000,0.463648,10
4.200000,15.50000,1.50000,0.463648,11
4.200000,16.50000,2.00000,0.000000,12
4.200000,17.50000,2.00000,0.000000,13
4.200000,18.50000,2.00000,-0.244979,14
4.200000,19.50000,1.75000,-0.244979,15
4.200000,20.50000,1.50000,-0.463648,16
4.200000,21.50000,1.00000,-0.463648,17
4.200000,22.50000,0.50000,-0.463648,18
4.200000,23.50000,0.00000,-0.244979,19
4.200000,24.50000,-0.25000,-0.463648,20
4.200000,25.50000,-0.75000,-0.463648,21
4.200000,26.50000,-1.25000,-0.244979,22
4.200000,27.50000,-1.50000,0.000000,23
4.200000,28.50000,-1.50000,0.000000,24
4.200000,29.50000,-1.50000,0.000000,25
4.200000,30.50000,-1.50000,0.244979,26
4.200000,31.50000,-1.25000,0.244979,27
4.200000,32.50000,-1.00000,0.000000,28
4.200000,33.50000,-1.00000,0.000000,29
4.200000,34.50000,-1.00000,0.000000,30
4.300000,4.66860,-0.32968,0.377517,0
4.300000,5.50000,0.00000,0.000000,1
4.300000,6.50000,0.00000,0.000000,2
4.300000,7.50000,0.00000,0.000000,3
4.300000,8.50000,0.00000,0.000000,4
4.300000,9.50000,0.00000,0.000000,5
4.300000,10.50000,0.00000,0.244979,6
4.300000,11.50000,0.25000,0.244979,7
4.300000,12.50000,0.50000,0.244979,8
4.300000,13.50000,0.75000,0.244979,9
4.300000,14.50000,1.00000,0.463648,10
4.300000,15.50000,1.50000,0.463648,11
4.300000,16.50000,2.00000,0.000000,12
4.300000,17.50000,2.00000,0.000000,13
4.300000,18.50000,2.00000,-0.244979,14
4.300000,19.50000,1.75000,-0.244979,15
4.300000,20.50000,1.50000,-0.463648,16
4.300000,21.50000,1.00000,-0.463648,17
4.300000,22.50000,0.50000,-0.463648,18
4.300000,23.50000,0.00000,-0.244979,19
4.300000,24.50000,-0.25000,-0.463648,20
4.300000,25.50000,-0.75000,-0.463648,21
4.300000,26.50000,-1.25000,-0.244979,22
4.300000,27.50000,-1.50000,0.000000,23
4.300000,28.50000,-1.50000,0.000000,24
4.300000,29.50000,-1.50000,0.000000,25
4.300000,30.50000,-1.50000,0.244979,26
4.300000,31.50000,-1.25000,0.244979,27
4.300000,32.50000,-1.00000,0.000000,28
4.300000,33.50000,-1.00000,0.000000,29
4.300000,34.50000,-1.00000,0.000000,30
4.402000,4.58242,-0.32255,0.338034,0
4.402000,5.50000,0.00000,0.000000,1
4.402000,6.50000,0.00000,0.000000,2
4.402000,7.50000,0.00000,0.000000,3
4.402000,8.50000,0.00000,0.000000,4
4.402000,9.50000,0.00000,0.000000,5
4.402000,10.50000,0.00000,0.244979,6
4.402000,11.50000,0.25000,0.244979,7
4.402000,12.50000,0.50000,0.244979,8
4.402000,13.50000,0.75000,0.244979,9
4.402000,14.50000,1.00000,0.463648,10
4.402000,15.50000,1.50000,0.463648,11
4.402000,16.50000,2.00000,0.000000,12
4.402000,17.50000,2.00000,0.000000,13
4.402000,18.50000,2.00000,-0.244979,14
4.402000,19.50000,1.75000,-0.244979,15
4.402000,20.50000,1.50000,-0.463648,16
4.402000,21.50000,1.00000,-0.463648,17
4.402000,22.50000,0.50000,-0.463648,18
4.402000,23.50000,0.00000,-0.244979,19
4.402000,24.50000,-0.25000,-0.463648,20
4.402000,25.50000,-0.75000,-0.463648,21
4.402000,26.50000,-1.25000,-0.244979,22
4.402000,27.50000,-1.50000,0.000000,23
4.402000,28.50000,-1.50000,0.000000,24
4.402000,29.50000,-1.50000,0.000000,25
4.402000,30.50000,-1.50000,0.244979,26
4.402000,31.50000,-1.25000,0.244979,27
4.402000,32.50000,-1.00000,0.000000,28
4.402000,33.50000,-1.00000,0.000000,29
4.402000,34.50000,-1.00000,0.000000,30
4.502000,4.57954,-0.34300,0.356698,0
4.502000,5.50000,0.00000,0.000000,1
4.502000,6.50000,0.00000,0.000000,2
4.502000,7.50000,0.00000,0.000000,3
4.502000,8.50000,0.00000,0.000000,4
4.502000,9.50000,0.00000,0.000000,5
4.502000,10.50000,0.00000,0.244979,6
4.502000,11.50000,0.25000,0.244979,7
4.502000,12.50000,0.50000,0.244979,8
4.502000,13.50000,0.75000,0.244979,9
4.502000,14.50000,1.00000,0.463648,10
4.502000,15.50000,1.50000,0.463648,11
4.502000,16.50000,2.00000,0.000000,12
4.502000,17.50000,2.00000,0.000000,13
4.502000,18.50000,2.00000,-0.244979,14
4.502000,19.50000,1.75000,-0.244979,15
4.502000,20.50000,1.50000,-0.463648,16
4.502000,21.50000,1.00000,-0.463648,17
4.502000,22.50000,0.50000,-0.463648,18
4.502000,23.50000,0.00000,-0.244979,19
4.502000,24.50000,-0.25000,-0.463648,20
4.502000,25.50000,-0.75000,-0.463648,21
4.502000,26.50000,-1.25000,-0.244979,22
4.502000,27.50000,-1.50000,0.000000,23
4.502000,28.50000,-1.50000,0.000000,24
4.502000,29.50000,-1.50000,0.000000,25
4.502000,30.50000,-1.50000,0.000000,26
4.502000,31.50000,-1.50000,0.244979,27
4.502000,32.50000,-1.25000,0.000000,28
4.502000,33.50000,-1.25000,0.000000,29
4.502000,34.50000,-1.25000,0.000000,30
4.600000,4.54442,-0.30984,0.313544,0
4.600000,5.50000,0.00000,0.000000,1
4.600000,6.50000,0.00000,0.000000,2
4.600000,7.50000,0.00000,0.000000,3
4.600000,8.50000,0.00000,0.000000,4
4.600000,9.50000,0.00000,0.000000,5
4.600000,10.50000,0.00000,0.244979,6
4.600000,11.50000,0.25000,0.244979,7
4.600000,12.50000,0.50000,0.244979,8
4.600000,13.50000,0.75000,0.244979,9
4.600000,14.50000,1.00000,0.463648,10
4.600000,15.50000,1.50000,0.463648,11
4.600000,16.50000,2.00000,0.000000,12
4.600000,17.50000,2.00000,0.000000,13
4.600000,18.50000,2.00000,-0.244979,14
4.600000,19.50000,1.75000,-0.244979,15
4.600000,20.50000,1.50000,-0.463648,16
4.600000,21.50000,1.00000,-0.463648,17
4.600000,22.50000,0.50000,-0.463648,18
4.600000,23.50000,0.00000,-0.244979,19
4.600000,24.50000,-0.25000,-0.463648,20
4.600000,25.50000,-0.75000,-0.463648,21
4.600000,26.50000,-1.25000,-0.244979,22
4.600000,27.50000,-1.50000,0.000000,23
4.600000,28.50000,-1.50000,0.000000,24
4.600000,29.50000,-1.50000,0.000000,25
4.600000,30.50000,-1.50000,0.244979,26
4.600000,31.50000,-1.25000,0.244979,27
4.600000,32.50000,-1.00000,0.000000,28
4.600000,33.50000,-1.00000,0.000000,29
4.600000,34.50000,-1.00000,0.000000,30
4.700000,4.55589,-0.35153,0.356437,0
4.700000,5.50000,0.00000,0.000000,1
4.700000,6.50000,0.00000,0.000000,2
4.700000,7.50000,0.00000,0.000000,3
4.700000,8.50000,0.00000,0.000000,4
4.700000,9.50000,0.00000,0.000000,5
4.700000,10.50000,0.00000,0.244979,6
4.700000,11.50000,0.25000,0.244979,7
4.700000,12.50000,0.50000,0.244979,8
4.700000,13.50000,0.75000,0.244979,9
4.700000,14.50000,1.00000,0.463648,10
4.700000,15.50000,1.50000,0.463648,11
4.700000,16.50000,2.00000,0.000000,12
4.700000,17.50000,2.00000,0.000000,13
4.700000,18.50000,2.00000,-0.244979,14
4.700000,19.50000,1.75000,-0.244979,15
4.700000,20.50000,1.50000,-0.463648,16
4.700000,21.50000,1.00000,-0.463648,17
4.700000,22.50000,0.50000,-0.463648,18
4.700000,23.50000,0.00000,-0.244979,19
4.700000,24.50000,-0.25000,-0.463648,20
4.700000,25.50000,-0.75000,-0.463648,21
4.700000,26.50000,-1.25000,-0.244979,22
4.700000,27.50000,-1.50000,0.000000,23
4.700000,28.50000,-1.50000,0.000000,24
4.700000,29.50000,-1.50000,0.000000,25
4.700000,30.50000,-1.50000,0.244979,26
4.700000,31.50000,-1.25000,0.244979,27
4.700000,32.50000,-1.00000,0.000000,28
4.700000,33.50000,-1.00000,0.000000,29
4.700000,34.50000,-1.00000,0.000000,30
4.800000,4.54910,-0.33817,0.341680,0
4.800000,5.50000,0.00000,0.000000,1
4.800000,6.50000,0.00000,0.000000,2
4.800000,7.50000,0.00000,0.000000,3
4.800000,8.50000,0.00000,0.000000,4
4.800000,9.50000,0.00000,0.000000,5
4.800000,10.50000,0.00000,0.244979,6
4.800000,11.50000,0.25000,0.244979,7
4.800000,12.50000,0.50000,0.244979,8
4.800000,13.50000,0.75000,0.244979,9
4.800000,14.50000,1.00000,0.463648,10
4.800000,15.50000,1.50000,0.463648,11
4.800000,16.50000,2.00000,0.000000,12
4.800000,17.50000,2.00000,0.000000,13
4.800000,18.50000,2.00000,-0.244979,14
4.800000,19.50000,1.75000,-0.244979,15
4.800000,20.50000,1.50000,-0.463648,16
4.800000,21.50000,1.00000,-0.463648,17
4.800000,22.50000,0.50000,-0.463648,18
4.800000,23.50000,0.00000,-0.244979,19
4.800000,24.50000,-0.25000,-0.244979,20
4.800000,25.50000,-0.50000,-0.463648,21
4.800000,26.50000,-1.00000,-0.244979,22
4.800000,27.50000,-1.25000,-0.244979,23
4.800000,28.50000,-1.50000,0.000000,24
4.800000,29.50000,-1.50000,0.000000,25
4.800000,30.50000,-1.50000,0.244979,26
4.800000,31.50000,-1.25000,0.244979,27
4.800000,32.50000,-1.00000,0.000000,28
4.800000,33.50000,-1.00000,0.000000,29
4.800000,34.50000,-1.00000,0.000000,30
4.900000,4.58480,-0.33775,0.353543,0
4.900000,5.50000,0.00000,0.000000,1
4.900000,6.50000,0.00000,0.000000,2
4.900000,7.50000,0.00000,0.000000,3
4.900000,8.50000,0.00000,0.000000,4
4.900000,9.50000,0.00000,0.000000,5
4.900000,10.50000,0.00000,0.244979,6
4.900000,11.50000,0.25000,0.244979,7
4.900000,12.50000,0.50000,0.244979,8
4.900000,13.50000,0.75000,0.244979,9
4.900000,14.50000,1.00000,0.463648,10
4.900000,15.50000,1.50000,0.463648,11
4.900000,16.50000,2.00000,0.000000,12
4.900000,17.50000,2.00000,0.000000,13
4.900000,18.50000,2.00000,-0.244979,14
4.900000,19.50000,1.75000,-0.244979,15
4.900000,20.50000,1.50000,-0.463648,16
4.900000,21.50000,1.00000,-0.463648,17
4.900000,22.50000,0.50000,-0.463648,18
4.900000,23.50000,0.00000,-0.244979,19
4.900000,24.50000,-0.25000,-0.463648,20
4.900000,25.50000,-0.75000,-0.463648,21
4.900000,26.50000,-1.25000,-0.244979,22
4.900000,27.50000,-1.50000,0.000000,23
4.900000,28.50000,-1.50000,0.000000,24
4.900000,29.50000,-1.50000,0.000000,25
4.900000,30.50000,-1.50000,0.244979,26
4.900000,31.50000,-1.25000,0.244979,27
4.900000,32.50000,-1.00000,0.000000,28
4.900000,33.50000,-1.00000,0.000000,29
4.900000,34.50000,-1.00000,0.000000,30
5.000000,4.65365,-0.35500,0.397159,0
5.000000,5.50000,0.00000,0.000000,1
5.000000,6.50000,0.00000,0.000000,2
5.000000,7.50000,0.00000,0.000000,3
5.000000,8.50000,0.00000,0.000000,4
5.000000,9.50000,0.00000,0.000000,5
5.000000,10.50000,0.00000,0.244979,6
5.000000,11.50000,0.25000,0.244979,7
5.000000,12.50000,0.50000,0.244979,8
5.000000,13.50000,0.75000,0.244979,9
5.000000,14.50000,1.00000,0.463648,10
5.000000,15.50000,1.50000,0.463648,11
5.000000,16.50000,2.00000,0.000000,12
5.000000,17.50000,2.00000,0.000000,13
5.000000,18.50000,2.00000,-0.244979,14
5.000000,19.50000,1.75000,-0.244979,15
5.000000,20.50000,1.50000,-0.463648,16
5.000000,21.50000,1.00000,-0.463648,17
5.000000,22.50000,0.50000,-0.463648,18
5.000000,23.50000,0.00000,-0.244979,19
5.000000,24.50000,-0.25000,-0.244979,20
5.000000,25.50000,-0.50000,-0.463648,21
5.000000,26.50000,-1.00000,-0.244979,22
5.000000,27.50000,-1.25000,-0.244979,23
5.000000,28.50000,-1.50000,0.000000,24
5.000000,29.50000,-1.50000,0.000000,25
5.000000,30.50000,-1.50000,0.244979,26
5.000000,31.50000,-1.25000,0.244979,27
5.000000,32.50000,-1.00000,0.000000,28
5.000000,33.50000,-1.00000,0.000000,29
5.000000,34.50000,-1.00000,0.000000,30
5.100000,4.74851,-0.34793,0.433602,0
5.100000,5.50000,0.00000,0.000000,1
5.100000,6.50000,0.00000,0.000000,2
5.100000,7.50000,0.00000,0.000000,3
5.100000,8.50000,0.00000,0.000000,4
5.100000,9.50000,0.00000,0.000000,5
5.100000,10.50000,0.00000,0.244979,6
5.100000,11.50000,0.25000,0.244979,7
5.100000,12.50000,0.50000,0.244979,8
5.100000,13.50000,0.75000,0.244979,9
5.100000,14.50000,1.00000,0.463648,10
5.100000,15.50000,1.50000,0.463648,11
5.100000,16.50000,2.00000,0.000000,12
5.100000,17.50000,2.00000,0.000000,13
5.100000,18.50000,2.00000,-0.244979,14
5.100000,19.50000,1.75000,-0.244979,15
5.100000,20.50000,1.50000,-0.463648,16
5.100000,21.50000,1.00000,-0.463648,17
5.100000,22.50000,0.50000,-0.463648,18
5.100000,23.50000,0.00000,-0.244979,19
5.100000,24.50000,-0.25000,-0.244979,20
5.100000,25.50000,-0.50000,-0.463648,21
5.100000,26.50000,-1.00000,-0.244979,22
5.100000,27.50000,-1.25000,-0.244979,23
5.100000,28.50000,-1.50000,0.000000,24
5.100000,29.50000,-1.50000,0.000000,25
5.100000,30.50000,-1.50000,0.244979,26
5.100000,31.50000,-1.25000,0.244979,27
5.100000,32.50000,-1.00000,0.000000,28
5.100000,33.50000,-1.00000,0.000000,29
5.100000,34.50000,-1.00000,0.000000,30
5.200000,4.80624,-0.38387,0.311121,0
5.200000,6.00000,0.00000,0.000000,1
5.200000,7.00000,0.00000,0.000000,2
5.200000,8.00000,0.00000,0.000000,3
5.200000,9.00000,0.00000,0.000000,4
5.200000,10.00000,0.00000,0.244979,5
5.200000,11.00000,0.25000,0.244979,6
5.200000,12.00000,0.50000,0.244979,7
5.200000,13.00000,0.75000,0.244979,8
5.200000,14.00000,1.00000,0.463648,9
5.200000,15.00000,1.50000,0.463648,10
5.200000,16.00000,2.00000,0.000000,11
5.200000,17.00000,2.00000,0.000000,12
5.200000,18.00000,2.00000,-0.244979,13
5.200000,19.00000,1.75000,-0.244979,14
5.200000,20.00000,1.50000,-0.244979,15
5.200000,21.00000,1.25000,-0.463648,16
5.200000,22.00000,0.75000,-0.463648,17
5.200000,23.00000,0.25000,-0.244979,18
5.200000,24.00000,0.00000,-0.244979,19
5.200000,25.00000,-0.25000,-0.463648,20
5.200000,26.00000,-0.75000,-0.463648,21
5.200000,27.00000,-1.25000,-0.244979,22
5.200000,28.00000,-1.50000,0.000000,23
5.200000,29.00000,-1.50000,0.000000,24
5.200000,30.00000,-1.50000,0.000000,25
5.200000,31.00000,-1.50000,0.244979,26
5.200000,32.00000,-1.25000,0.244979,27
5.200000,33.00000,-1.00000,0.000000,28
5.200000,34.00000,-1.00000,0.000000,29
5.200000,35.00000,-1.00000,0.000000,30
5.300000,4.93811,-0.38793,0.350259,0
5.300000,6.00000,0.00000,0.000000,1
5.300000,7.00000,0.00000,0.000000,2
5.300000,8.00000,0.00000,0.000000,3
5.300000,9.00000,0.00000,0.000000,4
5.300000,10.00000,0.00000,0.244979,5
5.300000,11.00000,0.25000,0.244979,6
5.300000,12.00000,0.50000,0.244979,7
5.300000,13.00000,0.75000,0.244979,8
5.300000,14.00000,1.00000,0.463648,9
5.300000,15.00000,1.50000,0.463648,10
5.300000,16.00000,2.00000,0.000000,11
5.300000,17.00000,2.00000,0.000000,12
5.300000,18.00000,2.00000,-0.244979,13
5.300000,19.00000,1.75000,-0.244979,14
5.300000,20.00000,1.50000,-0.244979,15
5.300000,21.00000,1.25000,-0.463648,16
5.300000,22.00000,0.75000,-0.463648,17
5.300000,23.00000,0.25000,-0.244979,18
5.300000,24.00000,0.00000,-0.244979,19
5.300000,25.00000,-0.25000,-0.463648,20
5.300000,26.00000,-0.75000,-0.463648,21
5.300000,27.00000,-1.25000,-0.244979,22
5.300000,28.00000,-1.50000,0.000000,23
5.300000,29.00000,-1.50000,0.000000,24
5.300000,30.00000,-1.50000,0.000000,25
5.300000,31.00000,-1.50000,0.244979,26
5.300000,32.00000,-1.25000,0.244979,27
5.300000,33.00000,-1.00000,0.000000,28
5.300000,34.00000,-1.00000,0.000000,29
5.300000,35.00000,-1.00000,0.000000,30
5.400000,5.07082,-0.33520,0.346218,0
5.400000,6.00000,0.00000,0.000000,1
5.400000,7.00000,0.00000,0.000000,2
5.400000,8.00000,0.00000,0.000000,3
5.400000,9.00000,0.00000,0.000000,4
5.400000,10.00000,0.00000,0.244979,5
5.400000,11.00000,0.25000,0.244979,6
5.400000,12.00000,0.50000,0.244979,7
5.400000,13.00000,0.75000,0.244979,8
5.400000,14.00000,1.00000,0.463648,9
5.400000,15.00000,1.50000,0.463648,10
5.400000,16.00000,2.00000,0.000000,11
5.400000,17.00000,2.00000,0.000000,12
5.400000,18.00000,2.00000,-0.244979,13
5.400000,19.00000,1.75000,-0.244979,14
5.400000,20.00000,1.50000,-0.244979,15
5.400000,21.00000,1.25000,-0.463648,16
5.400000,22.00000,0.75000,-0.463648,17
5.400000,23.00000,0.25000,-0.244979,18
5.400000,24.00000,0.00000,-0.244979,19
5.400000,25.00000,-0.25000,-0.463648,20
5.400000,26.00000,-0.75000,-0.463648,21
5.400000,27.00000,-1.25000,-0.244979,22
5.400000,28.00000,-1.50000,0.000000,23
5.400000,29.00000,-1.50000,0.000000,24
5.400000,30.00000,-1.50000,0.000000,25
5.400000,31.00000,-1.50000,0.244979,26
5.400000,32.00000,-1.25000,0.244979,27
5.400000,33.00000,-1.00000,0.000000,28
5.400000,34.00000,-1.00000,0.000000,29
5.400000,35.00000,-1.00000,0.000000,30
5.500000,5.21863,-0.30566,0.372884,0
5.500000,6.00000,0.00000,0.000000,1
5.500000,7.00000,0.00000,0.000000,2
5.500000,8.00000,0.00000,0.000000,3
5.500000,9.00000,0.00000,0.000000,4
5.500000,10.00000,0.00000,0.244979,5
5.500000,11.00000,0.25000,0.244979,6
5.500000,12.00000,0.50000,0.244979,7
5.500000,13.00000,0.75000,0.244979,8
5.500000,14.00000,1.00000,0.463648,9
5.500000,15.00000,1.50000,0.463648,10
5.500000,16.00000,2.00000,0.000000,11
5.500000,17.00000,2.00000,0.000000,12
5.500000,18.00000,2.00000,0.000000,13
5.500000,19.00000,2.00000,-0.244979,14
5.500000,20.00000,1.75000,-0.463648,15
5.500000,21.00000,1.25000,-0.463648,16
5.500000,22.00000,0.75000,-0.463648,17
5.500000,23.00000,0.25000,-0.244979,18
5.500000,24.00000,0.00000,-0.244979,19
5.500000,25.00000,-0.25000,-0.463648,20
5.500000,26.00000,-0.75000,-0.463648,21
5.500000,27.00000,-1.25000,-0.244979,22
5.500000,28.00000,-1.50000,0.000000,23
5.500000,29.00000,-1.50000,0.000000,24
5.500000,30.00000,-1.50000,0.000000,25
5.500000,31.00000,-1.50000,0.244979,26
5.500000,32.00000,-1.25000,0.244979,27
5.500000,33.00000,-1.00000,0.000000,28
5.500000,34.00000,-1.00000,0.000000,29
5.500000,35.00000,-1.00000,0.000000,30
5.600000,5.37241,-0.28685,0.249106,0
5.600000,6.50000,0.00000,0.000000,1
5.600000,7.50000,0.00000,0.000000,2
5.600000,8.50000,0.00000,0.000000,3
5.600000,9.50000,0.00000,0.000000,4
5.600000,10.50000,0.00000,0.244979,5
5.600000,11.50000,0.25000,0.244979,6
5.600000,12.50000,0.50000,0.244979,7
5.600000,13.50000,0.75000,0.244979,8
5.600000,14.50000,1.00000,0.463648,9
5.600000,15.50000,1.50000,0.463648,10
5.600000,16.50000,2.00000,0.000000,11
5.600000,17.50000,2.00000,0.000000,12
5.600000,18.50000,2.00000,-0.244979,13
5.600000,19.50000,1.75000,-0.244979,14
5.600000,20.50000,1.50000,-0.463648,15
5.600000,21.50000,1.00000,-0.463648,16
5.600000,22.50000,0.50000,-0.463648,17
5.600000,23.50000,0.00000,-0.244979,18
5.600000,24.50000,-0.25000,-0.463648,19
5.600000,25.50000,-0.75000,-0.463648,20
5.600000,26.50000,-1.25000,-0.244979,21
5.600000,27.50000,-1.50000,0.000000,22
5.600000,28.50000,-1.50000,0.000000,23
5.600000,29.50000,-1.50000,0.000000,24
5.600000,30.50000,-1.50000,0.244979,25
5.600000,31.50000,-1.25000,0.244979,26
5.600000,32.50000,-1.00000,0.244979,27
5.600000,33.50000,-0.75000,0.000000,28
5.600000,34.50000,-0.75000,0.000000,29
5.600000,35.50000,-0.75000,0.000000,30
5.700000,5.50151,-0.23481,0.230968,0
5.700000,6.50000,0.00000,0.000000,1
5.700000,7.50000,0.00000,0.000000,2
5.700000,8.50000,0.00000,0.000000,3
5.700000,9.50000,0.00000,0.000000,4
5.700000,10.50000,0.00000,0.244979,5
5.700000,11.50000,0.25000,0.244979,6
5.700000,12.50000,0.50000,0.244979,7
5.700000,13.50000,0.75000,0.244979,8
5.700000,14.50000,1.00000,0.463648,9
5.700000,15.50000,1.50000,0.463648,10
5.700000,16.50000,2.00000,0.000000,11
5.700000,17.50000,2.00000,0.000000,12
5.700000,18.50000,2.00000,-0.244979,13
5.700000,19.50000,1.75000,-0.244979,14
5.700000,20.50000,1.50000,-0.463648,15
5.700000,21.50000,1.00000,-0.463648,16
5.700000,22.50000,0.50000,-0.463648,17
5.700000,23.50000,0.00000,-0.244979,18
5.700000,24.50000,-0.25000,-0.463648,19
5.700000,25.50000,-0.75000,-0.463648,20
5.700000,26.50000,-1.25000,-0.244979,21
5.700000,27.50000,-1.50000,0.000000,22
5.700000,28.50000,-1.50000,0.000000,23
5.700000,29.50000,-1.50000,0.000000,24
5.700000,30.50000,-1.50000,0.244979,25
5.700000,31.50000,-1.25000,0.244979,26
5.700000,32.50000,-1.00000,0.244979,27
5.700000,33.50000,-0.75000,0.000000,28
5.700000,34.50000,-0.75000,0.000000,29
5.700000,35.50000,-0.75000,0.000000,30
5.800000,5.55937,-0.20683,0.216440,0
5.800000,6.50000,0.00000,0.000000,1
5.800000,7.50000,0.00000,0.000000,2
5.800000,8.50000,0.00000,0.000000,3
5.800000,9.50000,0.00000,0.000000,4
5.800000,10.50000,0.00000,0.244979,5
5.800000,11.50000,0.25000,0.244979,6
5.800000,12.50000,0.50000,0.244979,7
5.800000,13.50000,0.75000,0.244979,8
5.800000,14.50000,1.00000,0.463648,9
5.800000,15.50000,1.50000,0.463648,10
5.800000,16.50000,2.00000,0.000000,11
5.800000,17.50000,2.00000,0.000000,12
5.800000,18.50000,2.00000,-0.244979,13
5.800000,19.50000,1.75000,-0.244979,14
5.800000,20.50000,1.50000,-0.463648,15
5.800000,21.50000,1.00000,-0.463648,16
5.800000,22.50000,0.50000,-0.463648,17
5.800000,23.50000,0.00000,-0.244979,18
5.800000,24.50000,-0.25000,-0.244979,19
5.800000,25.50000,-0.50000,-0.463648,20
5.800000,26.50000,-1.00000,-0.244979,21
5.800000,27.50000,-1.25000,0.000000,22
5.800000,28.50000,-1.25000,0.000000,23
5.800000,29.50000,-1.25000,0.000000,24
5.800000,30.50000,-1.25000,0.000000,25
5.800000,31.50000,-1.25000,0.244979,26
5.800000,32.50000,-1.00000,0.244979,27
5.800000,33.50000,-0.75000,0.000000,28
5.800000,34.50000,-0.75000,0.000000,29
5.800000,35.50000,-0.75000,0.000000,30
5.900000,5.62137,-0.22801,0.253901,0
5.900000,6.50000,0.00000,0.000000,1
5.900000,7.50000,0.00000,0.000000,2
5.900000,8.50000,0.00000,0.000000,3
5.900000,9.50000,0.00000,0.000000,4
5.900000,10.50000,0.00000,0.244979,5
5.900000,11.50000,0.25000,0.244979,6
5.900000,12.50000,0.50000,0.244979,7
5.900000,13.50000,0.75000,0.244979,8
5.900000,14.50000,1.00000,0.463648,9
5.900000,15.50000,1.50000,0.463648,10
5.900000,16.50000,2.00000,0.000000,11
5.900000,17.50000,2.00000,0.000000,12
5.900000,18.50000,2.00000,-0.244979,13
5.900000,19.50000,1.75000,-0.244979,14
5.900000,20.50000,1.50000,-0.463648,15
5.900000,21.50000,1.00000,-0.463648,16
5.900000,22.50000,0.50000,-0.463648,17
5.900000,23.50000,0.00000,-0.244979,18
5.900000,24.50000,-0.25000,-0.463648,19
5.900000,25.50000,-0.75000,-0.463648,20
5.900000,26.50000,-1.25000,-0.244979,21
5.900000,27.50000,-1.50000,0.000000,22
5.900000,28.50000,-1.50000,0.000000,23
5.900000,29.50000,-1.50000,0.000000,24
5.900000,30.50000,-1.50000,0.244979,25
5.900000,31.50000,-1.25000,0.244979,26
5.900000,32.50000,-1.00000,0.244979,27
5.900000,33.50000,-0.75000,0.000000,28
5.900000,34.50000,-0.75000,0.000000,29
5.900000,35.50000,-0.75000,0.000000,30
6.000000,5.71088,-0.22161,0.273781,0
6.000000,6.50000,0.00000,0.000000,1
6.000000,7.50000,0.00000,0.000000,2
6.000000,8.50000,0.00000,0.000000,3
6.000000,9.50000,0.00000,0.000000,4
6.000000,10.50000,0.00000,0.244979,5
6.000000,11.50000,0.25000,0.244979,6
6.000000,12.50000,0.50000,0.244979,7
6.000000,13.50000,0.75000,0.244979,8
6.000000,14.50000,1.00000,0.463648,9
6.000000,15.50000,1.50000,0.463648,10
6.000000,16.50000,2.00000,0.000000,11
6.000000,17.50000,2.00000,0.000000,12
6.000000,18.50000,2.00000,-0.244979,13
6.000000,19.50000,1.75000,-0.244979,14
6.000000,20.50000,1.50000,-0.463648,15
6.000000,21.50000,1.00000,-0.463648,16
6.000000,22.50000,0.50000,-0.463648,17
6.000000,23.50000,0.00000,-0.244979,18
6.000000,24.50000,-0.25000,-0.463648,19
6.000000,25.50000,-0.75000,-0.463648,20
6.000000,26.50000,-1.25000,-0.244979,21
6.000000,27.50000,-1.50000,0.000000,22
6.000000,28.50000,-1.50000,0.000000,23
6.000000,29.50000,-1.50000,0.000000,24
6.000000,30.50000,-1.50000,0.000000,25
6.000000,31.50000,-1.50000,0.244979,26
6.000000,32.50000,-1.25000,0.244979,27
6.000000,33.50000,-1.00000,0.000000,28
6.000000,34.50000,-1.00000,0.000000,29
6.000000,35.50000,-1.00000,0.000000,30
6.100000,5.74364,-0.23388,0.299896,0
6.100000,6.50000,0.00000,0.000000,1
6.100000,7.50000,0.00000,0.000000,2
6.100000,8.50000,0.00000,0.000000,3
6.100000,9.50000,0.00000,0.000000,4
6.100000,10.50000,0.00000,0.244979,5
6.100000,11.50000,0.25000,0.244979,6
6.100000,12.50000,0.50000,0.244979,7
6.100000,13.50000,0.75000,0.244979,8
6.100000,14.50000,1.00000,0.463648,9
6.100000,15.50000,1.50000,0.463648,10
6.100000,16.50000,2.00000,0.000000,11
6.100000,17.50000,2.00000,0.000000,12
6.100000,18.50000,2.00000,-0.244979,13
6.100000,19.50000,1.75000,-0.244979,14
6.100000,20.50000,1.50000,-0.463648,15
6.100000,21.50000,1.00000,-0.463648,16
6.100000,22.50000,0.50000,-0.463648,17
6.100000,23.50000,0.00000,-0.244979,18
6.100000,24.50000,-0.25000,-0.463648,19
6.100000,25.50000,-0.75000,-0.463648,20
6.100000,26.50000,-1.25000,-0.244979,21
6.100000,27.50000,-1.50000,0.000000,22
6.100000,28.50000,-1.50000,0.000000,23
6.100000,29.50000,-1.50000,0.000000,24
6.100000,30.50000,-1.50000,0.244979,25
6.100000,31.50000,-1.25000,0.244979,26
6.100000,32.50000,-1.00000,0.244979,27
6.100000,33.50000,-0.75000,0.000000,28
6.100000,34.50000,-0.75000,0.000000,29
6.100000,35.50000,-0.75000,0.000000,30
6.200000,5.80852,-0.25117,0.207761,0
6.200000,7.00000,0.00000,0.000000,1
6.200000,8.00000,0.00000,0.000000,2
6.200000,9.00000,0.00000,0.000000,3
6.200000,10.00000,0.00000,0.244979,4
6.200000,11.00000,0.25000,0.244979,5
6.200000,12.00000,0.50000,0.244979,6
6.200000,13.00000,0.75000,0.244979,7
6.200000,14.00000,1.00000,0.463648,8
6.200000,15.00000,1.50000,0.463648,9
6.200000,16.00000,2.00000,0.000000,10
6.200000,17.00000,2.00000,0.000000,11
6.200000,18.00000,2.00000,-0.244979,12
6.200000,19.00000,1.75000,-0.244979,13
6.200000,20.00000,1.50000,-0.244979,14
6.200000,21.00000,1.25000,-0.463648,15
6.200000,22.00000,0.75000,-0.463648,16
6.200000,23.00000,0.25000,-0.244979,17
6.200000,24.00000,0.00000,-0.244979,18
6.200000,25.00000,-0.25000,-0.463648,19
6.200000,26.00000,-0.75000,-0.463648,20
6.200000,27.00000,-1.25000,-0.244979,21
6.200000,28.00000,-1.50000,0.000000,22
6.200000,29.00000,-1.50000,0.000000,23
6.200000,30.00000,-1.50000,0.000000,24
6.200000,31.00000,-1.50000,0.463648,25
6.200000,32.00000,-1.00000,0.244979,26
6.200000,33.00000,-0.75000,0.000000,27
6.200000,34.00000,-0.75000,0.000000,28
6.200000,35.00000,-0.75000,0.000000,29
6.200000,36.00000,-0.75000,0.000000,30
6.300000,5.86738,-0.24906,0.216451,0
6.300000,7.00000,0.00000,0.000000,1
6.300000,8.00000,0.00000,0.000000,2
6.300000,9.00000,0.00000,0.000000,3
6.300000,10.00000,0.00000,0.244979,4
6.300000,11.00000,0.25000,0.244979,5
6.300000,12.00000,0.50000,0.244979,6
6.300000,13.00000,0.75000,0.244979,7
6.300000,14.00000,1.00000,0.463648,8
6.300000,15.00000,1.50000,0.463648,9
6.300000,16.00000,2.00000,0.000000,10
6.300000,17.00000,2.00000,0.000000,11
6.300000,18.00000,2.00000,0.000000,12
6.300000,19.00000,2.00000,-0.244979,13
6.300000,20.00000,1.75000,-0.463648,14
6.300000,21.00000,1.25000,-0.463648,15
6.300000,22.00000,0.75000,-0.463648,16
6.300000,23.00000,0.25000,-0.244979,17
6.300000,24.00000,0.00000,-0.244979,18
6.300000,25.00000,-0.25000,-0.463648,19
6.300000,26.00000,-0.75000,-0.463648,20
6.300000,27.00000,-1.25000,0.000000,21
6.300000,28.00000,-1.25000,0.000000,22
6.300000,29.00000,-1.25000,0.000000,23
6.300000,30.00000,-1.25000,0.000000,24
6.300000,31.00000,-1.25000,0.244979,25
6.300000,32.00000,-1.00000,0.244979,26
6.300000,33.00000,-0.75000,0.000000,27
6.300000,34.00000,-0.75000,0.000000,28
6.300000,35.00000,-0.75000,0.000000,29
6.300000,36.00000,-0.75000,0.000000,30
6.400000,5.95979,-0.25067,0.236470,0
6.400000,7.00000,0.00000,0.000000,1
6.400000,8.00000,0.00000,0.000000,2
6.400000,9.00000,0.00000,0.000000,3
6.400000,10.00000,0.00000,0.244979,4
6.400000,11.00000,0.25000,0.244979,5
6.400000,12.00000,0.50000,0.244979,6
6.400000,13.00000,0.75000,0.244979,7
6.400000,14.00000,1.00000,0.463648,8
6.400000,15.00000,1.50000,0.463648,9
6.400000,16.00000,2.00000,0.000000,10
6.400000,17.00000,2.00000,0.000000,11
6.400000,18.00000,2.00000,0.000000,12
6.400000,19.00000,2.00000,-0.244979,13
6.400000,20.00000,1.75000,-0.463648,14
6.400000,21.00000,1.25000,-0.463648,15
6.400000,22.00000,0.75000,-0.463648,16
6.400000,23.00000,0.25000,-0.244979,17
6.400000,24.00000,0.00000,-0.244979,18
6.400000,25.00000,-0.25000,-0.463648,19
6.400000,26.00000,-0.75000,-0.463648,20
6.400000,27.00000,-1.25000,-0.244979,21
6.400000,28.00000,-1.50000,0.000000,22
6.400000,29.00000,-1.50000,0.000000,23
6.400000,30.00000,-1.50000,0.000000,24
6.400000,31.00000,-1.50000,0.463648,25
6.400000,32.00000,-1.00000,0.244979,26
6.400000,33.00000,-0.75000,0.000000,27
6.400000,34.00000,-0.75000,0.000000,28
6.400000,35.00000,-0.75000,0.000000,29
6.400000,36.00000,-0.75000,0.000000,30
6.500000,6.04633,-0.30524,0.309762,0
6.500000,7.00000,0.00000,0.000000,1
6.500000,8.00000,0.00000,0.000000,2
6.500000,9.00000,0.00000,0.000000,3
6.500000,10.00000,0.00000,0.244979,4
6.500000,11.00000,0.25000,0.244979,5
6.500000,12.00000,0.50000,0.244979,6
6.500000,13.00000,0.75000,0.244979,7
6.500000,14.00000,1.00000,0.463648,8
6.500000,15.00000,1.50000,0.463648,9
6.500000,16.00000,2.00000,0.000000,10
6.500000,17.00000,2.00000,0.000000,11
6.500000,18.00000,2.00000,0.000000,12
6.500000,19.00000,2.00000,-0.244979,13
6.500000,20.00000,1.75000,-0.463648,14
6.500000,21.00000,1.25000,-0.463648,15
6.500000,22.00000,0.75000,-0.463648,16
6.500000,23.00000,0.25000,-0.244979,17
6.500000,24.00000,0.00000,-0.244979,18
6.500000,25.00000,-0.25000,-0.463648,19
6.500000,26.00000,-0.75000,-0.463648,20
6.500000,27.00000,-1.25000,-0.244979,21
6.500000,28.00000,-1.50000,0.000000,22
6.500000,29.00000,-1.50000,0.000000,23
6.500000,30.00000,-1.50000,0.000000,24
6.500000,31.00000,-1.50000,0.463648,25
6.500000,32.00000,-1.00000,0.244979,26
6.500000,33.00000,-0.75000,0.000000,27
6.500000,34.00000,-0.75000,0.000000,28
6.500000,35.00000,-0.75000,0.000000,29
6.500000,36.00000,-0.75000,0.000000,30
6.600000,6.15831,-0.34419,0.388182,0
6.600000,7.00000,0.00000,0.000000,1
6.600000,8.00000,0.00000,0.000000,2
6.600000,9.00000,0.00000,0.000000,3
6.600000,10.00000,0.00000,0.244979,4
6.600000,11.00000,0.25000,0.244979,5
6.600000,12.00000,0.50000,0.244979,6
6.600000,13.00000,0.75000,0.244979,7
6.600000,14.00000,1.00000,0.463648,8
6.600000,15.00000,1.50000,0.463648,9
6.600000,16.00000,2.00000,0.000000,10
6.600000,17.00000,2.00000,0.000000,11
6.600000,18.00000,2.00000,0.000000,12
6.600000,19.00000,2.00000,-0.244979,13
6.600000,20.00000,1.75000,-0.463648,14
6.600000,21.00000,1.25000,-0.463648,15
6.600000,22.00000,0.75000,-0.463648,16
6.600000,23.00000,0.25000,-0.244979,17
6.600000,24.00000,0.00000,-0.244979,18
6.600000,25.00000,-0.25000,-0.463648,19
6.600000,26.00000,-0.75000,-0.463648,20
6.600000,27.00000,-1.25000,-0.244979,21
6.600000,28.00000,-1.50000,0.000000,22
6.600000,29.00000,-1.50000,0.000000,23
6.600000,30.00000,-1.50000,0.000000,24
6.600000,31.00000,-1.50000,0.463648,25
6.600000,32.00000,-1.00000,0.244979,26
6.600000,33.00000,-0.75000,0.000000,27
6.600000,34.00000,-0.75000,0.000000,28
6.600000,35.00000,-0.75000,0.000000,29
6.600000,36.00000,-0.75000,0.000000,30
6.700000,6.27055,-0.38785,0.305585,0
6.700000,7.50000,0.00000,0.000000,1
6.700000,8.50000,0.00000,0.000000,2
6.700000,9.50000,0.00000,0.000000,3
6.700000,10.50000,0.00000,0.244979,4
6.700000,11.50000,0.25000,0.244979,5
6.700000,12.50000,0.50000,0.244979,6
6.700000,13.50000,0.75000,0.244979,7
6.700000,14.50000,1.00000,0.463648,8
6.700000,15.50000,1.50000,0.463648,9
6.700000,16.50000,2.00000,0.000000,10
6.700000,17.50000,2.00000,0.000000,11
6.700000,18.50000,2.00000,-0.244979,12
6.700000,19.50000,1.75000,-0.244979,13
6.700000,20.50000,1.50000,-0.463648,14
6.700000,21.50000,1.00000,-0.463648,15
6.700000,22.50000,0.50000,-0.463648,16
6.700000,23.50000,0.00000,-0.244979,17
6.700000,24.50000,-0.25000,-0.244979,18
6.700000,25.50000,-0.50000,-0.463648,19
6.700000,26.50000,-1.00000,-0.244979,20
6.700000,27.50000,-1.25000,-0.244979,21
6.700000,28.50000,-1.50000,0.000000,22
6.700000,29.50000,-1.50000,0.000000,23
6.700000,30.50000,-1.50000,0.244979,24
6.700000,31.50000,-1.25000,0.244979,25
6.700000,32.50000,-1.00000,0.244979,26
6.700000,33.50000,-0.75000,0.000000,27
6.700000,34.50000,-0.75000,0.000000,28
6.700000,35.50000,-0.75000,0.000000,29
6.700000,36.50000,-0.75000,0.000000,30
6.800000,6.41683,-0.47380,0.412346,0
6.800000,7.50000,0.00000,0.000000,1
6.800000,8.50000,0.00000,0.000000,2
6.800000,9.50000,0.00000,0.000000,3
6.800000,10.50000,0.00000,0.244979,4
6.800000,11.50000,0.25000,0.244979,5
6.800000,12.50000,0.50000,0.244979,6
6.800000,13.50000,0.75000,0.244979,7
6.800000,14.50000,1.00000,0.463648,8
6.800000,15.50000,1.50000,0.463648,9
6.800000,16.50000,2.00000,0.000000,10
6.800000,17.50000,2.00000,0.000000,11
6.800000,18.50000,2.00000,-0.244979,12
6.800000,19.50000,1.75000,-0.244979,13
6.800000,20.50000,1.50000,-0.463648,14
6.800000,21.50000,1.00000,-0.463648,15
6.800000,22.50000,0.50000,-0.463648,16
6.800000,23.50000,0.00000,-0.244979,17
6.800000,24.50000,-0.25000,-0.463648,18
6.800000,25.50000,-0.75000,-0.463648,19
6.800000,26.50000,-1.25000,-0.244979,20
6.800000,27.50000,-1.50000,0.000000,21
6.800000,28.50000,-1.50000,0.000000,22
6.800000,29.50000,-1.50000,0.000000,23
6.800000,30.50000,-1.50000,0.244979,24
6.800000,31.50000,-1.25000,0.244979,25
6.800000,32.50000,-1.00000,0.244979,26
6.800000,33.50000,-0.75000,0.000000,27
6.800000,34.50000,-0.75000,0.000000,28
6.800000,35.50000,-0.75000,0.000000,29
6.800000,36.50000,-0.75000,0.000000,30
6.900000,6.54470,-0.51725,0.272783,0
6.900000,7.50000,-0.25000,0.244979,1
6.900000,8.50000,0.00000,0.000000,2
6.900000,9.50000,0.00000,0.000000,3
6.900000,10.50000,0.00000,0.244979,4
6.900000,11.50000,0.25000,0.244979,5
6.900000,12.50000,0.50000,0.244979,6
6.900000,13.50000,0.75000,0.244979,7
6.900000,14.50000,1.00000,0.463648,8
6.900000,15.50000,1.50000,0.463648,9
6.900000,16.50000,2.00000,0.000000,10
6.900000,17.50000,2.00000,0.000000,11
6.900000,18.50000,2.00000,-0.244979,12
6.900000,19.50000,1.75000,-0.244979,13
6.900000,20.50000,1.50000,-0.463648,14
6.900000,21.50000,1.00000,-0.463648,15
6.900000,22.50000,0.50000,-0.463648,16
6.900000,23.50000,0.00000,-0.244979,17
6.900000,24.50000,-0.25000,-0.463648,18
6.900000,25.50000,-0.75000,-0.463648,19
6.900000,26.50000,-1.25000,-0.244979,20
6.900000,27.50000,-1.50000,0.000000,21
6.900000,28.50000,-1.50000,0.000000,22
6.900000,29.50000,-1.50000,0.000000,23
6.900000,30.50000,-1.50000,0.244979,24
6.900000,31.50000,-1.25000,0.244979,25
6.900000,32.50000,-1.00000,0.244979,26
6.900000,33.50000,-0.75000,0.000000,27
6.900000,34.50000,-0.75000,0.000000,28
6.900000,35.50000,-0.75000,0.000000,29
6.900000,36.50000,-0.75000,0.000000,30
7.000000,6.68250,-0.53912,0.339937,0
7.000000,7.50000,-0.25000,0.244979,1
7.000000,8.50000,0.00000,0.000000,2
7.000000,9.50000,0.00000,0.000000,3
7.000000,10.50000,0.00000,0.244979,4
7.000000,11.50000,0.25000,0.244979,5
7.000000,12.50000,0.50000,0.244979,6
7.000000,13.50000,0.75000,0.244979,7
7.000000,14.50000,1.00000,0.463648,8
7.000000,15.50000,1.50000,0.463648,9
7.000000,16.50000,2.00000,0.000000,10
7.000000,17.50000,2.00000,0.000000,11
7.000000,18.50000,2.00000,-0.244979,12
7.000000,19.50000,1.75000,-0.244979,13
7.000000,20.50000,1.50000,-0.463648,14
7.000000,21.50000,1.00000,-0.463648,15
7.000000,22.50000,0.50000,-0.463648,16
7.000000,23.50000,0.00000,-0.244979,17
7.000000,24.50000,-0.25000,-0.463648,18
7.000000,25.50000,-0.75000,-0.463648,19
7.000000,26.50000,-1.25000,-0.244979,20
7.000000,27.50000,-1.50000,0.000000,21
7.000000,28.50000,-1.50000,0.000000,22
7.000000,29.50000,-1.50000,0.000000,23
7.000000,30.50000,-1.50000,0.244979,24
7.000000,31.50000,-1.25000,0.244979,25
7.000000,32.50000,-1.00000,0.244979,26
7.000000,33.50000,-0.75000,0.000000,27
7.000000,34.50000,-0.75000,0.000000,28
7.000000,35.50000,-0.75000,0.000000,29
7.000000,36.50000,-0.75000,0.000000,30
7.100000,6.83484,-0.51172,0.220956,0
7.100000,8.00000,-0.25000,0.244979,1
7.100000,9.00000,0.00000,0.000000,2
7.100000,10.00000,0.00000,0.244979,3
7.100000,11.00000,0.25000,0.244979,4
7.100000,12.00000,0.50000,0.244979,5
7.100000,13.00000,0.75000,0.244979,6
7.100000,14.00000,1.00000,0.463648,7
7.100000,15.00000,1.50000,0.463648,8
7.100000,16.00000,2.00000,0.000000,9
7.100000,17.00000,2.00000,0.000000,10
7.100000,18.00000,2.00000,0.000000,11
7.100000,19.00000,2.00000,-0.244979,12
7.100000,20.00000,1.75000,-0.463648,13
7.100000,21.00000,1.25000,-0.463648,14
7.100000,22.00000,0.75000,-0.463648,15
7.100000,23.00000,0.25000,-0.244979,16
7.100000,24.00000,0.00000,-0.244979,17
7.100000,25.00000,-0.25000,-0.463648,18
7.100000,26.00000,-0.75000,-0.463648,19
7.100000,27.00000,-1.25000,-0.244979,20
7.100000,28.00000,-1.50000,0.000000,21
7.100000,29.00000,-1.50000,0.000000,22
7.100000,30.00000,-1.50000,0.000000,23
7.100000,31.00000,-1.50000,0.463648,24
7.100000,32.00000,-1.00000,0.244979,25
7.100000,33.00000,-0.75000,0.244979,26
7.100000,34.00000,-0.50000,0.000000,27
7.100000,35.00000,-0.50000,0.000000,28
7.100000,36.00000,-0.50000,0.000000,29
7.100000,37.00000,-0.50000,0.000000,30
7.200000,6.97227,-0.52955,0.265579,0
7.200000,8.00000,-0.25000,0.244979,1
7.200000,9.00000,0.00000,0.000000,2
7.200000,10.00000,0.00000,0.244979,3
7.200000,11.00000,0.25000,0.244979,4
7.200000,12.00000,0.50000,0.244979,5
7.200000,13.00000,0.75000,0.244979,6
7.200000,14.00000,1.00000,0.463648,7
7.200000,15.00000,1.50000,0.463648,8
7.200000,16.00000,2.00000,0.000000,9
7.200000,17.00000,2.00000,0.000000,10
7.200000,18.00000,2.00000,0.000000,11
7.200000,19.00000,2.00000,-0.244979,12
7.200000,20.00000,1.75000,-0.463648,13
7.200000,21.00000,1.25000,-0.463648,14
7.200000,22.00000,0.75000,-0.463648,15
7.200000,23.00000,0.25000,-0.244979,16
7.200000,24.00000,0.00000,-0.244979,17
7.200000,25.00000,-0.25000,-0.463648,18
7.200000,26.00000,-0.75000,-0.463648,19
7.200000,27.00000,-1.25000,0.000000,20
7.200000,28.00000,-1.25000,0.000000,21
7.200000,29.00000,-1.25000,0.000000,22
7.200000,30.00000,-1.25000,0.000000,23
7.200000,31.00000,-1.25000,0.244979,24
7.200000,32.00000,-1.00000,0.244979,25
7.200000,33.00000,-0.75000,0.244979,26
7.200000,34.00000,-0.50000,0.000000,27
7.200000,35.00000,-0.50000,0.000000,28
7.200000,36.00000,-0.50000,0.000000,29
7.200000,37.00000,-0.50000,0.000000,30
7.300000,7.12762,-0.51919,0.299298,0
7.300000,8.00000,-0.25000,0.244979,1
7.300000,9.00000,0.00000,0.000000,2
7.300000,10.00000,0.00000,0.244979,3
7.300000,11.00000,0.25000,0.244979,4
7.300000,12.00000,0.50000,0.244979,5
7.300000,13.00000,0.75000,0.244979,6
7.300000,14.00000,1.00000,0.463648,7
7.300000,15.00000,1.50000,0.463648,8
7.300000,16.00000,2.00000,0.000000,9
7.300000,17.00000,2.00000,0.000000,10
7.300000,18.00000,2.00000,-0.244979,11
7.300000,19.00000,1.75000,-0.244979,12
7.300000,20.00000,1.50000,-0.244979,13
7.300000,21.00000,1.25000,-0.463648,14
7.300000,22.00000,0.75000,-0.463648,15
7.300000,23.00000,0.25000,-0.244979,16
7.300000,24.00000,0.00000,-0.244979,17
7.300000,25.00000,-0.25000,-0.463648,18
7.300000,26.00000,-0.75000,-0.463648,19
7.300000,27.00000,-1.25000,-0.244979,20
7.300000,28.00000,-1.50000,0.000000,21
7.300000,29.00000,-1.50000,0.000000,22
7.300000,30.00000,-1.50000,0.000000,23
7.300000,31.00000,-1.50000,0.463648,24
7.300000,32.00000,-1.00000,0.244979,25
7.300000,33.00000,-0.75000,0.244979,26
7.300000,34.00000,-0.50000,0.000000,27
7.300000,35.00000,-0.50000,0.000000,28
7.300000,36.00000,-0.50000,0.000000,29
7.300000,37.00000,-0.50000,0.000000,30
7.400000,7.21064,-0.50779,0.315658,0
7.400000,8.00000,-0.25000,0.244979,1
7.400000,9.00000,0.00000,0.000000,2
7.400000,10.00000,0.00000,0.244979,3
7.400000,11.00000,0.25000,0.244979,4
7.400000,12.00000,0.50000,0.244979,5
7.400000,13.00000,0.75000,0.244979,6
7.400000,14.00000,1.00000,0.463648,7
7.400000,15.00000,1.50000,0.463648,8
7.400000,16.00000,2.00000,0.000000,9
7.400000,17.00000,2.00000,0.000000,10
7.400000,18.00000,2.00000,0.000000,11
7.400000,19.00000,2.00000,-0.244979,12
7.400000,20.00000,1.75000,-0.463648,13
7.400000,21.00000,1.25000,-0.463648,14
7.400000,22.00000,0.75000,-0.463648,15
7.400000,23.00000,0.25000,-0.244979,16
7.400000,24.00000,0.00000,-0.244979,17
7.400000,25.00000,-0.25000,-0.463648,18
7.400000,26.00000,-0.75000,-0.463648,19
7.400000,27.00000,-1.25000,-0.244979,20
7.400000,28.00000,-1.50000,0.000000,21
7.400000,29.00000,-1.50000,0.000000,22
7.400000,30.00000,-1.50000,0.000000,23
7.400000,31.00000,-1.50000,0.463648,24
7.400000,32.00000,-1.00000,0.244979,25
7.400000,33.00000,-0.75000,0.244979,26
7.400000,34.00000,-0.50000,0.000000,27
7.400000,35.00000,-0.50000,0.000000,28
7.400000,36.00000,-0.50000,0.000000,29
7.400000,37.00000,-0.50000,0.000000,30
7.500000,7.30138,-0.49316,0.200154,0
7.500000,8.50000,-0.25000,0.244979,1
7.500000,9.50000,0.00000,0.000000,2
7.500000,10.50000,0.00000,0.244979,3
7.500000,11.50000,0.25000,0.244979,4
7.500000,12.50000,0.50000,0.244979,5
7.500000,13.50000,0.75000,0.244979,6
7.500000,14.50000,1.00000,0.463648,7
7.500000,15.50000,1.50000,0.463648,8
7.500000,16.50000,2.00000,0.000000,9
7.500000,17.50000,2.00000,0.000000,10
7.500000,18.50000,2.00000,-0.244979,11
7.500000,19.50000,1.75000,-0.244979,12
7.500000,20.50000,1.50000,-0.463648,13
7.500000,21.50000,1.00000,-0.463648,14
7.500000,22.50000,0.50000,-0.463648,15
7.500000,23.50000,0.00000,-0.244979,16
7.500000,24.50000,-0.25000,-0.463648,17
7.500000,25.50000,-0.75000,-0.463648,18
7.500000,26.50000,-1.25000,-0.244979,19
7.500000,27.50000,-1.50000,0.000000,20
7.500000,28.50000,-1.50000,0.000000,21
7.500000,29.50000,-1.50000,0.000000,22
7.500000,30.50000,-1.50000,0.244979,23
7.500000,31.50000,-1.25000,0.244979,24
7.500000,32.50000,-1.00000,0.244979,25
7.500000,33.50000,-0.75000,0.244979,26
7.500000,34.50000,-0.50000,0.000000,27
7.500000,35.50000,-0.50000,0.000000,28
7.500000,36.50000,-0.50000,0.000000,29
7.500000,37.50000,-0.50000,0.000000,30
7.600000,7.36003,-0.47230,0.392778,0
7.600000,8.50000,0.00000,0.000000,1
7.600000,9.50000,0.00000,0.000000,2
7.600000,10.50000,0.00000,0.244979,3
7.600000,11.50000,0.25000,0.244979,4
7.600000,12.50000,0.50000,0.244979,5
7.600000,13.50000,0.75000,0.244979,6
7.600000,14.50000,1.00000,0.463648,7
7.600000,15.50000,1.50000,0.463648,8
7.600000,16.50000,2.00000,0.000000,9
7.600000,17.50000,2.00000,0.000000,10
7.600000,18.50000,2.00000,-0.244979,11
7.600000,19.50000,1.75000,-0.244979,12
7.600000,20.50000,1.50000,-0.463648,13
7.600000,21.50000,1.00000,-0.463648,14
7.600000,22.50000,0.50000,-0.463648,15
7.600000,23.50000,0.00000,-0.244979,16
7.600000,24.50000,-0.25000,-0.463648,17
7.600000,25.50000,-0.75000,-0.463648,18
7.600000,26.50000,-1.25000,-0.244979,19
7.600000,27.50000,-1.50000,0.000000,20
7.600000,28.50000,-1.50000,0.000000,21
7.600000,29.50000,-1.50000,0.000000,22
7.600000,30.50000,-1.50000,0.244979,23
7.600000,31.50000,-1.25000,0.244979,24
7.600000,32.50000,-1.00000,0.244979,25
7.600000,33.50000,-0.75000,0.244979,26
7.600000,34.50000,-0.50000,0.000000,27
7.600000,35.50000,-0.50000,0.000000,28
7.600000,36.50000,-0.50000,0.000000,29
7.600000,37.50000,-0.50000,0.000000,30
7.702000,7.47523,-0.47641,0.435170,0
7.702000,8.50000,0.00000,0.000000,1
7.702000,9.50000,0.00000,0.000000,2
7.702000,10.50000,0.00000,0.244979,3
7.702000,11.50000,0.25000,0.244979,4
7.702000,12.50000,0.50000,0.244979,5
7.702000,13.50000,0.75000,0.244979,6
7.702000,14.50000,1.00000,0.463648,7
7.702000,15.50000,1.50000,0.463648,8
7.702000,16.50000,2.00000,0.000000,9
7.702000,17.50000,2.00000,0.000000,10
7.702000,18.50000,2.00000,-0.244979,11
7.702000,19.50000,1.75000,-0.244979,12
7.702000,20.50000,1.50000,-0.463648,13
7.702000,21.50000,1.00000,-0.463648,14
7.702000,22.50000,0.50000,-0.463648,15
7.702000,23.50000,0.00000,-0.244979,16
7.702000,24.50000,-0.25000,-0.463648,17
7.702000,25.50000,-0.75000,-0.463648,18
7.702000,26.50000,-1.25000,-0.244979,19
7.702000,27.50000,-1.50000,0.000000,20
7.702000,28.50000,-1.50000,0.000000,21
7.702000,29.50000,-1.50000,0.000000,22
7.702000,30.50000,-1.50000,0.244979,23
7.702000,31.50000,-1.25000,0.244979,24
7.702000,32.50000,-1.00000,0.244979,25
7.702000,33.50000,-0.75000,0.244979,26
7.702000,34.50000,-0.50000,0.000000,27
7.702000,35.50000,-0.50000,0.000000,28
7.702000,36.50000,-0.50000,0.000000,29
7.702000,37.50000,-0.50000,0.000000,30
7.802000,7.54619,-0.45378,0.444061,0
7.802000,8.50000,0.00000,0.000000,1
7.802000,9.50000,0.00000,0.000000,2
7.802000,10.50000,0.00000,0.244979,3
7.802000,11.50000,0.25000,0.244979,4
7.802000,12.50000,0.50000,0.244979,5
7.802000,13.50000,0.75000,0.244979,6
7.802000,14.50000,1.00000,0.463648,7
7.802000,15.50000,1.50000,0.463648,8
7.802000,16.50000,2.00000,0.000000,9
7.802000,17.50000,2.00000,0.000000,10
7.802000,18.50000,2.00000,-0.244979,11
7.802000,19.50000,1.75000,-0.244979,12
7.802000,20.50000,1.50000,-0.463648,13
7.802000,21.50000,1.00000,-0.463648,14
7.802000,22.50000,0.50000,-0.463648,15
7.802000,23.50000,0.00000,-0.244979,16
7.802000,24.50000,-0.25000,-0.463648,17
7.802000,25.50000,-0.75000,-0.463648,18
7.802000,26.50000,-1.25000,-0.244979,19
7.802000,27.50000,-1.50000,0.000000,20
7.802000,28.50000,-1.50000,0.000000,21
7.802000,29.50000,-1.50000,0.000000,22
7.802000,30.50000,-1.50000,0.244979,23
7.802000,31.50000,-1.25000,0.244979,24
7.802000,32.50000,-1.00000,0.244979,25
7.802000,33.50000,-0.75000,0.244979,26
7.802000,34.50000,-0.50000,0.000000,27
7.802000,35.50000,-0.50000,0.000000,28
7.802000,36.50000,-0.50000,0.000000,29
7.802000,37.50000,-0.50000,0.000000,30
7.902000,7.66438,-0.50064,0.291404,0
7.902000,8.50000,-0.25000,0.244979,1
7.902000,9.50000,0.00000,0.000000,2
7.902000,10.50000,0.00000,0.244979,3
7.902000,11.50000,0.25000,0.244979,4
7.902000,12.50000,0.50000,0.244979,5
7.902000,13.50000,0.75000,0.244979,6
7.902000,14.50000,1.00000,0.463648,7
7.902000,15.50000,1.50000,0.463648,8
7.902000,16.50000,2.00000,0.000000,9
7.902000,17.50000,2.00000,0.000000,10
7.902000,18.50000,2.00000,-0.244979,11
7.902000,19.50000,1.75000,-0.244979,12
7.902000,20.50000,1.50000,-0.463648,13
7.902000,21.50000,1.00000,-0.463648,14
7.902000,22.50000,0.50000,-0.463648,15
7.902000,23.50000,0.00000,-0.244979,16
7.902000,24.50000,-0.25000,-0.244979,17
7.902000,25.50000,-0.50000,-0.463648,18
7.902000,26.50000,-1.00000,-0.244979,19
7.902000,27.50000,-1.25000,-0.244979,20
7.902000,28.50000,-1.50000,0.000000,21
7.902000,29.50000,-1.50000,0.000000,22
7.902000,30.50000,-1.50000,0.244979,23
7.902000,31.50000,-1.25000,0.244979,24
7.902000,32.50000,-1.00000,0.244979,25
7.902000,33.50000,-0.75000,0.244979,26
7.902000,34.50000,-0.50000,0.000000,27
7.902000,35.50000,-0.50000,0.000000,28
7.902000,36.50000,-0.50000,0.000000,29
7.902000,37.50000,-0.50000,0.000000,30
8.000000,7.75874,-0.50239,0.200602,0
8.000000,9.00000,-0.25000,0.244979,1
8.000000,10.00000,0.00000,0.244979,2
8.000000,11.00000,0.25000,0.244979,3
8.000000,12.00000,0.50000,0.244979,4
8.000000,13.00000,0.75000,0.244979,5
8.000000,14.00000,1.00000,0.463648,6
8.000000,15.00000,1.50000,0.463648,7
8.000000,16.00000,2.00000,0.000000,8
8.000000,17.00000,2.00000,0.000000,9
8.000000,18.00000,2.00000,-0.244979,10
8.000000,19.00000,1.75000,-0.244979,11
8.000000,20.00000,1.50000,-0.244979,12
8.000000,21.00000,1.25000,-0.463648,13
8.000000,22.00000,0.75000,-0.463648,14
8.000000,23.00000,0.25000,-0.244979,15
8.000000,24.00000,0.00000,-0.244979,16
8.000000,25.00000,-0.25000,-0.463648,17
8.000000,26.00000,-0.75000,-0.463648,18
8.000000,27.00000,-1.25000,-0.244979,19
8.000000,28.00000,-1.50000,0.000000,20
8.000000,29.00000,-1.50000,0.000000,21
8.000000,30.00000,-1.50000,0.000000,22
8.000000,31.00000,-1.50000,0.463648,23
8.000000,32.00000,-1.00000,0.244979,24
8.000000,33.00000,-0.75000,0.244979,25
8.000000,34.00000,-0.50000,0.000000,26
8.000000,35.00000,-0.50000,0.000000,27
8.000000,36.00000,-0.50000,0.000000,28
8.000000,37.00000,-0.50000,0.000000,29
8.000000,38.00000,-0.50000,0.000000,30
8.100000,7.89299,-0.55076,0.265283,0
8.100000,9.00000,-0.25000,0.244979,1
8.100000,10.00000,0.00000,0.244979,2
8.100000,11.00000,0.25000,0.244979,3
8.100000,12.00000,0.50000,0.244979,4
8.100000,13.00000,0.75000,0.244979,5
8.100000,14.00000,1.00000,0.463648,6
8.100000,15.00000,1.50000,0.463648,7
8.100000,16.00000,2.00000,0.000000,8
8.100000,17.00000,2.00000,0.000000,9
8.100000,18.00000,2.00000,0.000000,10
8.100000,19.00000,2.00000,-0.244979,11
8.100000,20.00000,1.75000,-0.463648,12
8.100000,21.00000,1.25000,-0.463648,13
8.100000,22.00000,0.75000,-0.463648,14
8.100000,23.00000,0.25000,-0.244979,15
8.100000,24.00000,0.00000,-0.244979,16
8.100000,25.00000,-0.25000,-0.463648,17
8.100000,26.00000,-0.75000,-0.463648,18
8.100000,27.00000,-1.25000,-0.244979,19
8.100000,28.00000,-1.50000,0.000000,20
8.100000,29.00000,-1.50000,0.000000,21
8.100000,30.00000,-1.50000,0.000000,22
8.100000,31.00000,-1.50000,0.463648,23
8.100000,32.00000,-1.00000,0.244979,24
8.100000,33.00000,-0.75000,0.244979,25
8.100000,34.00000,-0.50000,0.000000,26
8.100000,35.00000,-0.50000,0.000000,27
8.100000,36.00000,-0.50000,0.000000,28
8.100000,37.00000,-0.50000,0.000000,29
8.100000,38.00000,-0.50000,0.000000,30
8.200000,7.92840,-0.56820,0.288646,0
8.200000,9.00000,-0.25000,0.244979,1
8.200000,10.00000,0.00000,0.244979,2
8.200000,11.00000,0.25000,0.244979,3
8.200000,12.00000,0.50000,0.244979,4
8.200000,13.00000,0.75000,0.244979,5
8.200000,14.00000,1.00000,0.463648,6
8.200000,15.00000,1.50000,0.463648,7
8.200000,16.00000,2.00000,0.000000,8
8.200000,17.00000,2.00000,0.000000,9
8.200000,18.00000,2.00000,0.000000,10
8.200000,19.00000,2.00000,-0.244979,11
8.200000,20.00000,1.75000,-0.463648,12
8.200000,21.00000,1.25000,-0.463648,13
8.200000,22.00000,0.75000,-0.463648,14
8.200000,23.00000,0.25000,-0.244979,15
8.200000,24.00000,0.00000,-0.244979,16
8.200000,25.00000,-0.25000,-0.463648,17
8.200000,26.00000,-0.75000,-0.463648,18
8.200000,27.00000,-1.25000,0.000000,19
8.200000,28.00000,-1.25000,0.000000,20
8.200000,29.00000,-1.25000,0.000000,21
8.200000,30.00000,-1.25000,0.000000,22
8.200000,31.00000,-1.25000,0.244979,23
8.200000,32.00000,-1.00000,0.244979,24
8.200000,33.00000,-0.75000,0.244979,25
8.200000,34.00000,-0.50000,0.000000,26
8.200000,35.00000,-0.50000,0.000000,27
8.200000,36.00000,-0.50000,0.000000,28
8.200000,37.00000,-0.50000,0.000000,29
8.200000,38.00000,-0.50000,0.000000,30
8.300000,8.06485,-0.62418,0.380615,0
8.300000,9.00000,-0.25000,0.244979,1
8.300000,10.00000,0.00000,0.244979,2
8.300000,11.00000,0.25000,0.244979,3
8.300000,12.00000,0.50000,0.244979,4
8.300000,13.00000,0.75000,0.244979,5
8.300000,14.00000,1.00000,0.463648,6
8.300000,15.00000,1.50000,0.463648,7
8.300000,16.00000,2.00000,0.000000,8
8.300000,17.00000,2.00000,0.000000,9
8.300000,18.00000,2.00000,0.000000,10
8.300000,19.00000,2.00000,-0.244979,11
8.300000,20.00000,1.75000,-0.463648,12
8.300000,21.00000,1.25000,-0.463648,13
8.300000,22.00000,0.75000,-0.463648,14
8.300000,23.00000,0.25000,-0.244979,15
8.300000,24.00000,0.00000,-0.244979,16
8.300000,25.00000,-0.25000,-0.463648,17
8.300000,26.00000,-0.75000,-0.463648,18
8.300000,27.00000,-1.25000,-0.244979,19
8.300000,28.00000,-1.50000,0.000000,20
8.300000,29.00000,-1.50000,0.000000,21
8.300000,30.00000,-1.50000,0.000000,22
8.300000,31.00000,-1.50000,0.463648,23
8.300000,32.00000,-1.00000,0.244979,24
8.300000,33.00000,-0.75000,0.244979,25
8.300000,34.00000,-0.50000,0.000000,26
8.300000,35.00000,-0.50000,0.000000,27
8.300000,36.00000,-0.50000,0.000000,28
8.300000,37.00000,-0.50000,0.000000,29
8.300000,38.00000,-0.50000,0.000000,30
8.400000,8.21511,-0.65986,0.481245,0
8.400000,9.00000,-0.25000,0.244979,1
8.400000,10.00000,0.00000,0.244979,2
8.400000,11.00000,0.25000,0.244979,3
8.400000,12.00000,0.50000,0.244979,4
8.400000,13.00000,0.75000,0.244979,5
8.400000,14.00000,1.00000,0.463648,6
8.400000,15.00000,1.50000,0.463648,7
8.400000,16.00000,2.00000,0.000000,8
8.400000,17.00000,2.00000,0.000000,9
8.400000,18.00000,2.00000,0.000000,10
8.400000,19.00000,2.00000,-0.244979,11
8.400000,20.00000,1.75000,-0.463648,12
8.400000,21.00000,1.25000,-0.463648,13
8.400000,22.00000,0.75000,-0.463648,14
8.400000,23.00000,0.25000,-0.244979,15
8.400000,24.00000,0.00000,-0.244979,16
8.400000,25.00000,-0.25000,-0.463648,17
8.400000,26.00000,-0.75000,-0.463648,18
8.400000,27.00000,-1.25000,-0.244979,19
8.400000,28.00000,-1.50000,0.000000,20
8.400000,29.00000,-1.50000,0.000000,21
8.400000,30.00000,-1.50000,0.000000,22
8.400000,31.00000,-1.50000,0.463648,23
8.400000,32.00000,-1.00000,0.244979,24
8.400000,33.00000,-0.75000,0.244979,25
8.400000,34.00000,-0.50000,0.000000,26
8.400000,35.00000,-0.50000,0.000000,27
8.400000,36.00000,-0.50000,0.000000,28
8.400000,37.00000,-0.50000,0.000000,29
8.400000,38.00000,-0.50000,0.000000,30
8.500000,8.40380,-0.69320,0.384212,0
8.500000,9.50000,-0.25000,0.244979,1
8.500000,10.50000,0.00000,0.244979,2
8.500000,11.50000,0.25000,0.244979,3
8.500000,12.50000,0.50000,0.244979,4
8.500000,13.50000,0.75000,0.244979,5
8.500000,14.50000,1.00000,0.463648,6
8.500000,15.50000,1.50000,0.463648,7
8.500000,16.50000,2.00000,0.000000,8
8.500000,17.50000,2.00000,0.000000,9
8.500000,18.50000,2.00000,-0.244979,10
8.500000,19.50000,1.75000,-0.244979,11
8.500000,20.50000,1.50000,-0.463648,12
8.500000,21.50000,1.00000,-0.463648,13
8.500000,22.50000,0.50000,-0.463648,14
8.500000,23.50000,0.00000,-0.244979,15
8.500000,24.50000,-0.25000,-0.463648,16
8.500000,25.50000,-0.75000,-0.463648,17
8.500000,26.50000,-1.25000,-0.244979,18
8.500000,27.50000,-1.50000,0.000000,19
8.500000,28.50000,-1.50000,0.000000,20
8.500000,29.50000,-1.50000,0.000000,21
8.500000,30.50000,-1.50000,0.244979,22
8.500000,31.50000,-1.25000,0.244979,23
8.500000,32.50000,-1.00000,0.244979,24
8.500000,33.50000,-0.75000,0.244979,25
8.500000,34.50000,-0.50000,0.000000,26
8.500000,35.50000,-0.50000,0.000000,27
8.500000,36.50000,-0.50000,0.000000,28
8.500000,37.50000,-0.50000,0.000000,29
8.500000,38.50000,-0.50000,0.000000,30
8.600000,8.57686,-0.71125,0.463368,0
8.600000,9.50000,-0.25000,0.244979,1
8.600000,10.50000,0.00000,0.244979,2
8.600000,11.50000,0.25000,0.244979,3
8.600000,12.50000,0.50000,0.244979,4
8.600000,13.50000,0.75000,0.244979,5
8.600000,14.50000,1.00000,0.463648,6
8.600000,15.50000,1.50000,0.463648,7
8.600000,16.50000,2.00000,0.000000,8
8.600000,17.50000,2.00000,0.000000,9
8.600000,18.50000,2.00000,-0.244979,10
8.600000,19.50000,1.75000,-0.244979,11
8.600000,20.50000,1.50000,-0.463648,12
8.600000,21.50000,1.00000,-0.463648,13
8.600000,22.50000,0.50000,-0.463648,14
8.600000,23.50000,0.00000,-0.244979,15
8.600000,24.50000,-0.25000,-0.244979,16
8.600000,25.50000,-0.50000,-0.463648,17
8.600000,26.50000,-1.00000,-0.244979,18
8.600000,27.50000,-1.25000,0.000000,19
8.600000,28.50000,-1.25000,0.000000,20
8.600000,29.50000,-1.25000,0.000000,21
8.600000,30.50000,-1.25000,0.000000,22
8.600000,31.50000,-1.25000,0.244979,23
8.600000,32.50000,-1.00000,0.244979,24
8.600000,33.50000,-0.75000,0.244979,25
8.600000,34.50000,-0.50000,0.000000,26
8.600000,35.50000,-0.50000,0.000000,27
8.600000,36.50000,-0.50000,0.000000,28
8.600000,37.50000,-0.50000,0.000000,29
8.600000,38.50000,-0.50000,0.000000,30
8.700000,8.75368,-0.73891,0.373840,0
8.700000,10.00000,-0.25000,0.244979,1
8.700000,11.00000,0.00000,0.244979,2
8.700000,12.00000,0.25000,0.244979,3
8.700000,13.00000,0.50000,0.244979,4
8.700000,14.00000,0.75000,0.463648,5
8.700000,15.00000,1.25000,0.643501,6
8.700000,16.00000,2.00000,0.000000,7
8.700000,17.00000,2.00000,0.000000,8
8.700000,18.00000,2.00000,0.000000,9
8.700000,19.00000,2.00000,-0.244979,10
8.700000,20.00000,1.75000,-0.463648,11
8.700000,21.00000,1.25000,-0.463648,12
8.700000,22.00000,0.75000,-0.463648,13
8.700000,23.00000,0.25000,-0.244979,14
8.700000,24.00000,0.00000,-0.244979,15
8.700000,25.00000,-0.25000,-0.463648,16
8.700000,26.00000,-0.75000,-0.463648,17
8.700000,27.00000,-1.25000,-0.244979,18
8.700000,28.00000,-1.50000,0.000000,19
8.700000,29.00000,-1.50000,0.000000,20
8.700000,30.00000,-1.50000,0.000000,21
8.700000,31.00000,-1.50000,0.463648,22
8.700000,32.00000,-1.00000,0.244979,23
8.700000,33.00000,-0.75000,0.244979,24
8.700000,34.00000,-0.50000,0.000000,25
8.700000,35.00000,-0.50000,0.000000,26
8.700000,36.00000,-0.50000,0.000000,27
8.700000,37.00000,-0.50000,0.000000,28
8.700000,38.00000,-0.50000,0.000000,29
8.700000,39.00000,-0.50000,0.000000,30
8.800000,8.93970,-0.72488,0.421087,0
8.800000,10.00000,-0.25000,0.244979,1
8.800000,11.00000,0.00000,0.244979,2
8.800000,12.00000,0.25000,0.244979,3
8.800000,13.00000,0.50000,0.244979,4
8.800000,14.00000,0.75000,0.463648,5
8.800000,15.00000,1.25000,0.643501,6
8.800000,16.00000,2.00000,0.000000,7
8.800000,17.00000,2.00000,0.000000,8
8.800000,18.00000,2.00000,-0.244979,9
8.800000,19.00000,1.75000,-0.244979,10
8.800000,20.00000,1.50000,-0.244979,11
8.800000,21.00000,1.25000,-0.463648,12
8.800000,22.00000,0.75000,-0.463648,13
8.800000,23.00000,0.25000,-0.244979,14
8.800000,24.00000,0.00000,-0.244979,15
8.800000,25.00000,-0.25000,-0.463648,16
8.800000,26.00000,-0.75000,-0.463648,17
8.800000,27.00000,-1.25000,-0.244979,18
8.800000,28.00000,-1.50000,0.000000,19
8.800000,29.00000,-1.50000,0.000000,20
8.800000,30.00000,-1.50000,0.000000,21
8.800000,31.00000,-1.50000,0.463648,22
8.800000,32.00000,-1.00000,0.244979,23
8.800000,33.00000,-0.75000,0.244979,24
8.800000,34.00000,-0.50000,0.000000,25
8.800000,35.00000,-0.50000,0.000000,26
8.800000,36.00000,-0.50000,0.000000,27
8.800000,37.00000,-0.50000,0.000000,28
8.800000,38.00000,-0.50000,0.000000,29
8.800000,39.00000,-0.50000,0.000000,30
8.900000,9.10666,-0.71031,0.475787,0
8.900000,10.00000,-0.25000,0.244979,1
8.900000,11.00000,0.00000,0.244979,2
8.900000,12.00000,0.25000,0.244979,3
8.900000,13.00000,0.50000,0.244979,4
8.900000,14.00000,0.75000,0.463648,5
8.900000,15.00000,1.25000,0.643501,6
8.900000,16.00000,2.00000,0.000000,7
8.900000,17.00000,2.00000,0.000000,8
8.900000,18.00000,2.00000,-0.244979,9
8.900000,19.00000,1.75000,-0.244979,10
8.900000,20.00000,1.50000,-0.244979,11
8.900000,21.00000,1.25000,-0.463648,12
8.900000,22.00000,0.75000,-0.463648,13
8.900000,23.00000,0.25000,-0.244979,14
8.900000,24.00000,0.00000,-0.244979,15
8.900000,25.00000,-0.25000,-0.463648,16
8.900000,26.00000,-0.75000,-0.463648,17
8.900000,27.00000,-1.25000,-0.244979,18
8.900000,28.00000,-1.50000,0.000000,19
8.900000,29.00000,-1.50000,0.000000,20
8.900000,30.00000,-1.50000,0.000000,21
8.900000,31.00000,-1.50000,0.463648,22
8.900000,32.00000,-1.00000,0.244979,23
8.900000,33.00000,-0.75000,0.244979,24
8.900000,34.00000,-0.50000,0.000000,25
8.900000,35.00000,-0.50000,0.000000,26
8.900000,36.00000,-0.50000,0.000000,27
8.900000,37.00000,-0.50000,0.000000,28
8.900000,38.00000,-0.50000,0.000000,29
8.900000,39.00000,-0.50000,0.000000,30
9.000000,9.21206,-0.68412,0.503574,0
9.000000,10.00000,-0.25000,0.244979,1
9.000000,11.00000,0.00000,0.244979,2
9.000000,12.00000,0.25000,0.244979,3
9.000000,13.00000,0.50000,0.244979,4
9.000000,14.00000,0.75000,0.463648,5
9.000000,15.00000,1.25000,0.643501,6
9.000000,16.00000,2.00000,0.000000,7
9.000000,17.00000,2.00000,0.000000,8
9.000000,18.00000,2.00000,0.000000,9
9.000000,19.00000,2.00000,-0.244979,10
9.000000,20.00000,1.75000,-0.463648,11
9.000000,21.00000,1.25000,-0.463648,12
9.000000,22.00000,0.75000,-0.463648,13
9.000000,23.00000,0.25000,-0.244979,14
9.000000,24.00000,0.00000,-0.244979,15
9.000000,25.00000,-0.25000,-0.463648,16
9.000000,26.00000,-0.75000,-0.463648,17
9.000000,27.00000,-1.25000,-0.244979,18
9.000000,28.00000,-1.50000,0.000000,19
9.000000,29.00000,-1.50000,0.000000,20
9.000000,30.00000,-1.50000,0.000000,21
9.000000,31.00000,-1.50000,0.463648,22
9.000000,32.00000,-1.00000,0.244979,23
9.000000,33.00000,-0.75000,0.244979,24
9.000000,34.00000,-0.50000,0.000000,25
9.000000,35.00000,-0.50000,0.000000,26
9.000000,36.00000,-0.50000,0.000000,27
9.000000,37.00000,-0.50000,0.000000,28
9.000000,38.00000,-0.50000,0.000000,29
9.000000,39.00000,-0.50000,0.000000,30
9.100000,9.33126,-0.61731,0.304506,0
9.100000,10.50000,-0.25000,0.244979,1
9.100000,11.50000,0.00000,0.244979,2
9.100000,12.50000,0.25000,0.244979,3
9.100000,13.50000,0.50000,0.463648,4
9.100000,14.50000,1.00000,0.463648,5
9.100000,15.50000,1.50000,0.463648,6
9.100000,16.50000,2.00000,0.000000,7
9.100000,17.50000,2.00000,0.000000,8
9.100000,18.50000,2.00000,-0.244979,9
9.100000,19.50000,1.75000,-0.244979,10
9.100000,20.50000,1.50000,-0.463648,11
9.100000,21.50000,1.00000,-0.463648,12
9.100000,22.50000,0.50000,-0.463648,13
9.100000,23.50000,0.00000,-0.244979,14
9.100000,24.50000,-0.25000,-0.244979,15
9.100000,25.50000,-0.50000,-0.463648,16
9.100000,26.50000,-1.00000,-0.244979,17
9.100000,27.50000,-1.25000,0.000000,18
9.100000,28.50000,-1.25000,0.000000,19
9.100000,29.50000,-1.25000,0.000000,20
9.100000,30.50000,-1.25000,0.000000,21
9.100000,31.50000,-1.25000,0.244979,22
9.100000,32.50000,-1.00000,0.244979,23
9.100000,33.50000,-0.75000,0.244979,24
9.100000,34.50000,-0.50000,0.000000,25
9.100000,35.50000,-0.50000,0.000000,26
9.100000,36.50000,-0.50000,0.000000,27
9.100000,37.50000,-0.50000,0.000000,28
9.100000,38.50000,-0.50000,0.000000,29
9.100000,39.50000,-0.50000,0.000000,30
9.200000,9.44157,-0.60154,0.320674,0
9.200000,10.50000,-0.25000,0.244979,1
9.200000,11.50000,0.00000,0.244979,2
9.200000,12.50000,0.25000,0.244979,3
9.200000,13.50000,0.50000,0.463648,4
9.200000,14.50000,1.00000,0.463648,5
9.200000,15.50000,1.50000,0.463648,6
9.200000,16.50000,2.00000,0.000000,7
9.200000,17.50000,2.00000,0.000000,8
9.200000,18.50000,2.00000,-0.244979,9
9.200000,19.50000,1.75000,-0.244979,10
9.200000,20.50000,1.50000,-0.463648,11
9.200000,21.50000,1.00000,-0.463648,12
9.200000,22.50000,0.50000,-0.463648,13
9.200000,23.50000,0.00000,-0.244979,14
9.200000,24.50000,-0.25000,-0.463648,15
9.200000,25.50000,-0.75000,-0.463648,16
9.200000,26.50000,-1.25000,-0.244979,17
9.200000,27.50000,-1.50000,0.000000,18
9.200000,28.50000,-1.50000,0.000000,19
9.200000,29.50000,-1.50000,0.000000,20
9.200000,30.50000,-1.50000,0.244979,21
9.200000,31.50000,-1.25000,0.244979,22
9.200000,32.50000,-1.00000,0.244979,23
9.200000,33.50000,-0.75000,0.244979,24
9.200000,34.50000,-0.50000,0.000000,25
9.200000,35.50000,-0.50000,0.000000,26
9.200000,36.50000,-0.50000,0.000000,27
9.200000,37.50000,-0.50000,0.000000,28
9.200000,38.50000,-0.50000,0.000000,29
9.200000,39.50000,-0.50000,0.000000,30
9.300000,9.52987,-0.57903,0.326985,0
9.300000,10.50000,-0.25000,0.244979,1
9.300000,11.50000,0.00000,0.244979,2
9.300000,12.50000,0.25000,0.244979,3
9.300000,13.50000,0.50000,0.463648,4
9.300000,14.50000,1.00000,0.463648,5
9.300000,15.50000,1.50000,0.463648,6
9.300000,16.50000,2.00000,0.000000,7
9.300000,17.50000,2.00000,0.000000,8
9.300000,18.50000,2.00000,-0.244979,9
9.300000,19.50000,1.75000,-0.244979,10
9.300000,20.50000,1.50000,-0.463648,11
9.300000,21.50000,1.00000,-0.463648,12
9.300000,22.50000,0.50000,-0.463648,13
9.300000,23.50000,0.00000,-0.244979,14
9.300000,24.50000,-0.25000,-0.244979,15
9.300000,25.50000,-0.50000,-0.463648,16
9.300000,26.50000,-1.00000,-0.244979,17
9.300000,27.50000,-1.25000,-0.244979,18
9.300000,28.50000,-1.50000,0.000000,19
9.300000,29.50000,-1.50000,0.000000,20
9.300000,30.50000,-1.50000,0.244979,21
9.300000,31.50000,-1.25000,0.244979,22
9.300000,32.50000,-1.00000,0.244979,23
9.300000,33.50000,-0.75000,0.244979,24
9.300000,34.50000,-0.50000,0.000000,25
9.300000,35.50000,-0.50000,0.000000,26
9.300000,36.50000,-0.50000,0.000000,27
9.300000,37.50000,-0.50000,0.000000,28
9.300000,38.50000,-0.50000,0.000000,29
9.300000,39.50000,-0.50000,0.000000,30
9.400000,9.58623,-0.54084,0.534426,0
9.400000,10.50000,0.00000,0.244979,1
9.400000,11.50000,0.25000,0.244979,2
9.400000,12.50000,0.50000,0.244979,3
9.400000,13.50000,0.75000,0.244979,4
9.400000,14.50000,1.00000,0.463648,5
9.400000,15.50000,1.50000,0.463648,6
9.400000,16.50000,2.00000,0.000000,7
9.400000,17.50000,2.00000,0.000000,8
9.400000,18.50000,2.00000,-0.244979,9
9.400000,19.50000,1.75000,-0.244979,10
9.400000,20.50000,1.50000,-0.463648,11
9.400000,21.50000,1.00000,-0.463648,12
9.400000,22.50000,0.50000,-0.463648,13
9.400000,23.50000,0.00000,-0.244979,14
9.400000,24.50000,-0.25000,-0.463648,15
9.400000,25.50000,-0.75000,-0.463648,16
9.400000,26.50000,-1.25000,-0.244979,17
9.400000,27.50000,-1.50000,0.000000,18
9.400000,28.50000,-1.50000,0.000000,19
9.400000,29.50000,-1.50000,0.000000,20
9.400000,30.50000,-1.50000,0.244979,21
9.400000,31.50000,-1.25000,0.244979,22
9.400000,32.50000,-1.00000,0.244979,23
9.400000,33.50000,-0.75000,0.244979,24
9.400000,34.50000,-0.50000,0.000000,25
9.400000,35.50000,-0.50000,0.000000,26
9.400000,36.50000,-0.50000,0.000000,27
9.400000,37.50000,-0.50000,0.000000,28
9.400000,38.50000,-0.50000,0.000000,29
9.400000,39.50000,-0.50000,0.000000,30
9.500000,9.67031,-0.53854,0.575732,0
9.500000,10.50000,0.00000,0.244979,1
9.500000,11.50000,0.25000,0.244979,2
9.500000,12.50000,0.50000,0.244979,3
9.500000,13.50000,0.75000,0.244979,4
9.500000,14.50000,1.00000,0.463648,5
9.500000,15.50000,1.50000,0.463648,6
9.500000,16.50000,2.00000,0.000000,7
9.500000,17.50000,2.00000,0.000000,8
9.500000,18.50000,2.00000,-0.244979,9
9.500000,19.50000,1.75000,-0.244979,10
9.500000,20.50000,1.50000,-0.463648,11
9.500000,21.50000,1.00000,-0.463648,12
9.500000,22.50000,0.50000,-0.463648,13
9.500000,23.50000,0.00000,-0.244979,14
9.500000,24.50000,-0.25000,-0.463648,15
9.500000,25.50000,-0.75000,-0.463648,16
9.500000,26.50000,-1.25000,-0.244979,17
9.500000,27.50000,-1.50000,0.000000,18
9.500000,28.50000,-1.50000,0.000000,19
9.500000,29.50000,-1.50000,0.000000,20
9.500000,30.50000,-1.50000,0.244979,21
9.500000,31.50000,-1.25000,0.244979,22
9.500000,32.50000,-1.00000,0.244979,23
9.500000,33.50000,-0.75000,0.244979,24
9.500000,34.50000,-0.50000,0.000000,25
9.500000,35.50000,-0.50000,0.000000,26
9.500000,36.50000,-0.50000,0.000000,27
9.500000,37.50000,-0.50000,0.000000,28
9.500000,38.50000,-0.50000,0.000000,29
9.500000,39.50000,-0.50000,0.000000,30
9.600000,9.78189,-0.56637,0.435226,0
9.600000,11.00000,0.00000,0.244979,1
9.600000,12.00000,0.25000,0.244979,2
9.600000,13.00000,0.50000,0.244979,3
9.600000,14.00000,0.75000,0.463648,4
9.600000,15.00000,1.25000,0.643501,5
9.600000,16.00000,2.00000,0.000000,6
9.600000,17.00000,2.00000,0.000000,7
9.600000,18.00000,2.00000,-0.244979,8
9.600000,19.00000,1.75000,-0.244979,9
9.600000,20.00000,1.50000,-0.244979,10
9.600000,21.00000,1.25000,-0.463648,11
9.600000,22.00000,0.75000,-0.463648,12
9.600000,23.00000,0.25000,-0.244979,13
9.600000,24.00000,0.00000,-0.244979,14
9.600000,25.00000,-0.25000,-0.463648,15
9.600000,26.00000,-0.75000,-0.463648,16
9.600000,27.00000,-1.25000,-0.244979,17
9.600000,28.00000,-1.50000,0.000000,18
9.600000,29.00000,-1.50000,0.000000,19
9.600000,30.00000,-1.50000,0.000000,20
9.600000,31.00000,-1.50000,0.463648,21
9.600000,32.00000,-1.00000,0.244979,22
9.600000,33.00000,-0.75000,0.244979,23
9.600000,34.00000,-0.50000,0.000000,24
9.600000,35.00000,-0.50000,0.000000,25
9.600000,36.00000,-0.50000,0.000000,26
9.600000,37.00000,-0.50000,0.000000,27
9.600000,38.00000,-0.50000,0.000000,28
9.600000,39.00000,-0.50000,0.000000,29
9.600000,40.00000,-0.50000,0.000000,30
9.700000,9.91735,-0.60123,0.506928,0
9.700000,11.00000,0.00000,0.244979,1
9.700000,12.00000,0.25000,0.244979,2
9.700000,13.00000,0.50000,0.244979,3
9.700000,14.00000,0.75000,0.463648,4
9.700000,15.00000,1.25000,0.643501,5
9.700000,16.00000,2.00000,0.000000,6
9.700000,17.00000,2.00000,0.000000,7
9.700000,18.00000,2.00000,-0.244979,8
9.700000,19.00000,1.75000,-0.244979,9
9.700000,20.00000,1.50000,-0.244979,10
9.700000,21.00000,1.25000,-0.463648,11
9.700000,22.00000,0.75000,-0.463648,12
9.700000,23.00000,0.25000,-0.244979,13
9.700000,24.00000,0.00000,-0.244979,14
9.700000,25.00000,-0.25000,-0.463648,15
9.700000,26.00000,-0.75000,-0.463648,16
9.700000,27.00000,-1.25000,-0.244979,17
9.700000,28.00000,-1.50000,0.000000,18
9.700000,29.00000,-1.50000,0.000000,19
9.700000,30.00000,-1.50000,0.000000,20
9.700000,31.00000,-1.50000,0.463648,21
9.700000,32.00000,-1.00000,0.244979,22
9.700000,33.00000,-0.75000,0.244979,23
9.700000,34.00000,-0.50000,0.000000,24
9.700000,35.00000,-0.50000,0.000000,25
9.700000,36.00000,-0.50000,0.000000,26
9.700000,37.00000,-0.50000,0.000000,27
9.700000,38.00000,-0.50000,0.000000,28
9.700000,39.00000,-0.50000,0.000000,29
9.700000,40.00000,-0.50000,0.000000,30
9.800000,10.06207,-0.69089,0.439412,0
9.800000,11.00000,-0.25000,0.244979,1
9.800000,12.00000,0.00000,0.244979,2
9.800000,13.00000,0.25000,0.463648,3
9.800000,14.00000,0.75000,0.463648,4
9.800000,15.00000,1.25000,0.643501,5
9.800000,16.00000,2.00000,0.000000,6
9.800000,17.00000,2.00000,0.000000,7
9.800000,18.00000,2.00000,0.000000,8
9.800000,19.00000,2.00000,-0.244979,9
9.800000,20.00000,1.75000,-0.463648,10
9.800000,21.00000,1.25000,-0.463648,11
9.800000,22.00000,0.75000,-0.463648,12
9.800000,23.00000,0.25000,-0.244979,13
9.800000,24.00000,0.00000,-0.244979,14
9.800000,25.00000,-0.25000,-0.463648,15
9.800000,26.00000,-0.75000,-0.463648,16
9.800000,27.00000,-1.25000,-0.244979,17
9.800000,28.00000,-1.50000,0.000000,18
9.800000,29.00000,-1.50000,0.000000,19
9.800000,30.00000,-1.50000,0.000000,20
9.800000,31.00000,-1.50000,0.463648,21
9.800000,32.00000,-1.00000,0.244979,22
9.800000,33.00000,-0.75000,0.244979,23
9.800000,34.00000,-0.50000,0.000000,24
9.800000,35.00000,-0.50000,0.000000,25
9.800000,36.00000,-0.50000,0.000000,26
9.800000,37.00000,-0.50000,0.000000,27
9.800000,38.00000,-0.50000,0.000000,28
9.800000,39.00000,-0.50000,0.000000,29
9.800000,40.00000,-0.50000,0.000000,30
9.900000,10.18148,-0.72499,0.525816,0
9.900000,11.00000,-0.25000,0.244979,1
9.900000,12.00000,0.00000,0.244979,2
9.900000,13.00000,0.25000,0.463648,3
9.900000,14.00000,0.75000,0.463648,4
9.900000,15.00000,1.25000,0.643501,5
9.900000,16.00000,2.00000,0.000000,6
9.900000,17.00000,2.00000,0.000000,7
9.900000,18.00000,2.00000,-0.244979,8
9.900000,19.00000,1.75000,-0.244979,9
9.900000,20.00000,1.50000,-0.244979,10
9.900000,21.00000,1.25000,-0.463648,11
9.900000,22.00000,0.75000,-0.463648,12
9.900000,23.00000,0.25000,-0.244979,13
9.900000,24.00000,0.00000,-0.244979,14
9.900000,25.00000,-0.25000,-0.463648,15
9.900000,26.00000,-0.75000,-0.463648,16
9.900000,27.00000,-1.25000,-0.244979,17
9.900000,28.00000,-1.50000,0.000000,18
9.900000,29.00000,-1.50000,0.000000,19
9.900000,30.00000,-1.50000,0.000000,20
9.900000,31.00000,-1.50000,0.463648,21
9.900000,32.00000,-1.00000,0.244979,22
9.900000,33.00000,-0.75000,0.244979,23
9.900000,34.00000,-0.50000,0.000000,24
9.900000,35.00000,-0.50000,0.000000,25
9.900000,36.00000,-0.50000,0.000000,26
9.900000,37.00000,-0.50000,0.000000,27
9.900000,38.00000,-0.50000,0.000000,28
9.900000,39.00000,-0.50000,0.000000,29
9.900000,40.00000,-0.50000,0.000000,30
10.000000,10.35277,-0.76352,0.420873,0
10.000000,11.50000,-0.25000,0.244979,1
10.000000,12.50000,0.00000,0.463648,2
10.000000,13.50000,0.50000,0.463648,3
10.000000,14.50000,1.00000,0.463648,4
10.000000,15.50000,1.50000,0.463648,5
10.000000,16.50000,2.00000,0.000000,6
10.000000,17.50000,2.00000,0.000000,7
10.000000,18.50000,2.00000,-0.244979,8
10.000000,19.50000,1.75000,-0.244979,9
10.000000,20.50000,1.50000,-0.463648,10
10.000000,21.50000,1.00000,-0.463648,11
10.000000,22.50000,0.50000,-0.463648,12
10.000000,23.50000,0.00000,-0.244979,13
10.000000,24.50000,-0.25000,-0.463648,14
10.000000,25.50000,-0.75000,-0.463648,15
10.000000,26.50000,-1.25000,-0.244979,16
10.000000,27.50000,-1.50000,0.000000,17
10.000000,28.50000,-1.50000,0.000000,18
10.000000,29.50000,-1.50000,0.000000,19
10.000000,30.50000,-1.50000,0.244979,20
10.000000,31.50000,-1.25000,0.244979,21
10.000000,32.50000,-1.00000,0.244979,22
10.000000,33.50000,-0.75000,0.244979,23
10.000000,34.50000,-0.50000,0.000000,24
10.000000,35.50000,-0.50000,0.000000,25
10.000000,36.50000,-0.50000,0.000000,26
10.000000,37.50000,-0.50000,0.000000,27
10.000000,38.50000,-0.50000,0.000000,28
10.000000,39.50000,-0.50000,0.000000,29
10.000000,40.50000,-0.50000,0.000000,30
10.100000,10.50729,-0.82748,0.526870,0
10.100000,11.50000,-0.25000,0.244979,1
10.100000,12.50000,0.00000,0.463648,2
10.100000,13.50000,0.50000,0.463648,3
10.100000,14.50000,1.00000,0.463648,4
10.100000,15.50000,1.50000,0.463648,5
10.100000,16.50000,2.00000,0.000000,6
10.100000,17.50000,2.00000,0.000000,7
10.100000,18.50000,2.00000,-0.244979,8
10.100000,19.50000,1.75000,-0.244979,9
10.100000,20.50000,1.50000,-0.463648,10
10.100000,21.50000,1.00000,-0.463648,11
10.100000,22.50000,0.50000,-0.463648,12
10.100000,23.50000,0.00000,-0.244979,13
10.100000,24.50000,-0.25000,-0.244979,14
10.100000,25.50000,-0.50000,-0.463648,15
10.100000,26.50000,-1.00000,-0.244979,16
10.100000,27.50000,-1.25000,0.000000,17
10.100000,28.50000,-1.25000,0.000000,18
10.100000,29.50000,-1.25000,0.000000,19
10.100000,30.50000,-1.25000,0.000000,20
10.100000,31.50000,-1.25000,0.244979,21
10.100000,32.50000,-1.00000,0.244979,22
10.100000,33.50000,-0.75000,0.244979,23
10.100000,34.50000,-0.50000,0.000000,24
10.100000,35.50000,-0.50000,0.000000,25
10.100000,36.50000,-0.50000,0.000000,26
10.100000,37.50000,-0.50000,0.000000,27
10.100000,38.50000,-0.50000,0.000000,28
10.100000,39.50000,-0.50000,0.000000,29
10.100000,40.50000,-0.50000,0.000000,30
10.200000,10.60052,-0.86498,0.599701,0
10.200000,11.50000,-0.25000,0.244979,1
10.200000,12.50000,0.00000,0.463648,2
10.200000,13.50000,0.50000,0.463648,3
10.200000,14.50000,1.00000,0.463648,4
10.200000,15.50000,1.50000,0.463648,5
10.200000,16.50000,2.00000,0.000000,6
10.200000,17.50000,2.00000,0.000000,7
10.200000,18.50000,2.00000,-0.244979,8
10.200000,19.50000,1.75000,-0.244979,9
10.200000,20.50000,1.50000,-0.463648,10
10.200000,21.50000,1.00000,-0.463648,11
10.200000,22.50000,0.50000,-0.463648,12
10.200000,23.50000,0.00000,-0.244979,13
10.200000,24.50000,-0.25000,-0.244979,14
10.200000,25.50000,-0.50000,-0.463648,15
10.200000,26.50000,-1.00000,-0.244979,16
10.200000,27.50000,-1.25000,0.000000,17
10.200000,28.50000,-1.25000,0.000000,18
10.200000,29.50000,-1.25000,0.000000,19
10.200000,30.50000,-1.25000,0.000000,20
10.200000,31.50000,-1.25000,0.244979,21
10.200000,32.50000,-1.00000,0.244979,22
10.200000,33.50000,-0.75000,0.244979,23
10.200000,34.50000,-0.50000,0.000000,24
10.200000,35.50000,-0.50000,0.000000,25
10.200000,36.50000,-0.50000,0.000000,26
10.200000,37.50000,-0.50000,0.000000,27
10.200000,38.50000,-0.50000,0.000000,28
10.200000,39.50000,-0.50000,0.000000,29
10.200000,40.50000,-0.50000,0.000000,30
10.300000,10.70727,-0.89633,0.684013,0
10.300000,11.50000,-0.25000,0.244979,1
10.300000,12.50000,0.00000,0.463648,2
10.300000,13.50000,0.50000,0.463648,3
10.300000,14.50000,1.00000,0.463648,4
10.300000,15.50000,1.50000,0.463648,5
10.300000,16.50000,2.00000,0.000000,6
10.300000,17.50000,2.00000,0.000000,7
10.300000,18.50000,2.00000,-0.244979,8
10.300000,19.50000,1.75000,-0.244979,9
10.300000,20.50000,1.50000,-0.463648,10
10.300000,21.50000,1.00000,-0.463648,11
10.300000,22.50000,0.50000,-0.463648,12
10.300000,23.50000,0.00000,-0.244979,13
10.300000,24.50000,-0.25000,-0.463648,14
10.300000,25.50000,-0.75000,-0.463648,15
10.300000,26.50000,-1.25000,-0.244979,16
10.300000,27.50000,-1.50000,0.000000,17
10.300000,28.50000,-1.50000,0.000000,18
10.300000,29.50000,-1.50000,0.000000,19
10.300000,30.50000,-1.50000,0.244979,20
10.300000,31.50000,-1.25000,0.244979,21
10.300000,32.50000,-1.00000,0.244979,22
10.300000,33.50000,-0.75000,0.244979,23
10.300000,34.50000,-0.50000,0.000000,24
10.300000,35.50000,-0.50000,0.000000,25
10.300000,36.50000,-0.50000,0.000000,26
10.300000,37.50000,-0.50000,0.000000,27
10.300000,38.50000,-0.50000,0.000000,28
10.300000,39.50000,-0.50000,0.000000,29
10.300000,40.50000,-0.50000,0.000000,30
10.400000,10.81908,-0.89305,0.498638,0
10.400000,12.00000,-0.25000,0.463648,1
10.400000,13.00000,0.25000,0.463648,2
10.400000,14.00000,0.75000,0.463648,3
10.400000,15.00000,1.25000,0.643501,4
10.400000,16.00000,2.00000,0.000000,5
10.400000,17.00000,2.00000,0.000000,6
10.400000,18.00000,2.00000,0.000000,7
10.400000,19.00000,2.00000,-0.244979,8
10.400000,20.00000,1.75000,-0.463648,9
10.400000,21.00000,1.25000,-0.463648,10
10.400000,22.00000,0.75000,-0.463648,11
10.400000,23.00000,0.25000,-0.244979,12
10.400000,24.00000,0.00000,-0.244979,13
10.400000,25.00000,-0.25000,-0.463648,14
10.400000,26.00000,-0.75000,-0.463648,15
10.400000,27.00000,-1.25000,-0.244979,16
10.400000,28.00000,-1.50000,0.000000,17
10.400000,29.00000,-1.50000,0.000000,18
10.400000,30.00000,-1.50000,0.000000,19
10.400000,31.00000,-1.50000,0.463648,20
10.400000,32.00000,-1.00000,0.244979,21
10.400000,33.00000,-0.75000,0.244979,22
10.400000,34.00000,-0.50000,0.244979,23
10.400000,35.00000,-0.25000,0.000000,24
10.400000,36.00000,-0.25000,0.000000,25
10.400000,37.00000,-0.25000,0.000000,26
10.400000,38.00000,-0.25000,0.000000,27
10.400000,39.00000,-0.25000,0.000000,28
10.400000,40.00000,-0.25000,0.000000,29
10.400000,41.00000,-0.25000,0.000000,30
10.500000,10.90098,-0.91328,0.543001,0
10.500000,12.00000,-0.25000,0.463648,1
10.500000,13.00000,0.25000,0.463648,2
10.500000,14.00000,0.75000,0.463648,3
10.500000,15.00000,1.25000,0.643501,4
10.500000,16.00000,2.00000,0.000000,5
10.500000,17.00000,2.00000,0.000000,6
10.500000,18.00000,2.00000,0.000000,7
10.500000,19.00000,2.00000,-0.244979,8
10.500000,20.00000,1.75000,-0.463648,9
10.500000,21.00000,1.25000,-0.463648,10
10.500000,22.00000,0.75000,-0.463648,11
10.500000,23.00000,0.25000,-0.244979,12
10.500000,24.00000,0.00000,-0.244979,13
10.500000,25.00000,-0.25000,-0.463648,14
10.500000,26.00000,-0.75000,-0.463648,15
10.500000,27.00000,-1.25000,-0.244979,16
10.500000,28.00000,-1.50000,0.000000,17
10.500000,29.00000,-1.50000,0.000000,18
10.500000,30.00000,-1.50000,0.000000,19
10.500000,31.00000,-1.50000,0.463648,20
10.500000,32.00000,-1.00000,0.244979,21
10.500000,33.00000,-0.75000,0.244979,22
10.500000,34.00000,-0.50000,0.244979,23
10.500000,35.00000,-0.25000,0.000000,24
10.500000,36.00000,-0.25000,0.000000,25
10.500000,37.00000,-0.25000,0.000000,26
10.500000,38.00000,-0.25000,0.000000,27
10.500000,39.00000,-0.25000,0.000000,28
10.500000,40.00000,-0.25000,0.000000,29
10.500000,41.00000,-0.25000,0.000000,30
10.600000,10.99282,-0.93156,0.594918,0
10.600000,12.00000,-0.25000,0.463648,1
10.600000,13.00000,0.25000,0.463648,2
10.600000,14.00000,0.75000,0.463648,3
10.600000,15.00000,1.25000,0.643501,4
10.600000,16.00000,2.00000,0.000000,5
10.600000,17.00000,2.00000,0.000000,6
10.600000,18.00000,2.00000,0.000000,7
10.600000,19.00000,2.00000,-0.244979,8
10.600000,20.00000,1.75000,-0.463648,9
10.600000,21.00000,1.25000,-0.463648,10
10.600000,22.00000,0.75000,-0.463648,11
10.600000,23.00000,0.25000,-0.244979,12
10.600000,24.00000,0.00000,-0.244979,13
10.600000,25.00000,-0.25000,-0.463648,14
10.600000,26.00000,-0.75000,-0.463648,15
10.600000,27.00000,-1.25000,-0.244979,16
10.600000,28.00000,-1.50000,0.000000,17
10.600000,29.00000,-1.50000,0.000000,18
10.600000,30.00000,-1.50000,0.000000,19
10.600000,31.00000,-1.50000,0.463648,20
10.600000,32.00000,-1.00000,0.244979,21
10.600000,33.00000,-0.75000,0.244979,22
10.600000,34.00000,-0.50000,0.244979,23
10.600000,35.00000,-0.25000,0.000000,24
10.600000,36.00000,-0.25000,0.000000,25
10.600000,37.00000,-0.25000,0.000000,26
10.600000,38.00000,-0.25000,0.000000,27
10.600000,39.00000,-0.25000,0.000000,28
10.600000,40.00000,-0.25000,0.000000,29
10.600000,41.00000,-0.25000,0.000000,30
10.700000,11.04788,-0.89253,0.593643,0
10.700000,12.00000,-0.25000,0.463648,1
10.700000,13.00000,0.25000,0.463648,2
10.700000,14.00000,0.75000,0.463648,3
10.700000,15.00000,1.25000,0.643501,4
10.700000,16.00000,2.00000,0.000000,5
10.700000,17.00000,2.00000,0.000000,6
10.700000,18.00000,2.00000,0.000000,7
10.700000,19.00000,2.00000,-0.244979,8
10.700000,20.00000,1.75000,-0.463648,9
10.700000,21.00000,1.25000,-0.463648,10
10.700000,22.00000,0.75000,-0.463648,11
10.700000,23.00000,0.25000,-0.244979,12
10.700000,24.00000,0.00000,-0.244979,13
10.700000,25.00000,-0.25000,-0.463648,14
10.700000,26.00000,-0.75000,-0.463648,15
10.700000,27.00000,-1.25000,0.000000,16
10.700000,28.00000,-1.25000,0.000000,17
10.700000,29.00000,-1.25000,0.000000,18
10.700000,30.00000,-1.25000,0.000000,19
10.700000,31.00000,-1.25000,0.244979,20
10.700000,32.00000,-1.00000,0.244979,21
10.700000,33.00000,-0.75000,0.244979,22
10.700000,34.00000,-0.50000,0.244979,23
10.700000,35.00000,-0.25000,0.000000,24
10.700000,36.00000,-0.25000,0.000000,25
10.700000,37.00000,-0.25000,0.000000,26
10.700000,38.00000,-0.25000,0.000000,27
10.700000,39.00000,-0.25000,0.000000,28
10.700000,40.00000,-0.25000,0.000000,29
10.700000,41.00000,-0.25000,0.000000,30
10.800000,11.20199,-0.87539,0.664714,0
10.800000,12.00000,-0.25000,0.463648,1
10.800000,13.00000,0.25000,0.463648,2
10.800000,14.00000,0.75000,0.463648,3
10.800000,15.00000,1.25000,0.643501,4
10.800000,16.00000,2.00000,0.000000,5
10.800000,17.00000,2.00000,0.000000,6
10.800000,18.00000,2.00000,0.000000,7
10.800000,19.00000,2.00000,-0.244979,8
10.800000,20.00000,1.75000,-0.463648,9
10.800000,21.00000,1.25000,-0.463648,10
10.800000,22.00000,0.75000,-0.463648,11
10.800000,23.00000,0.25000,-0.244979,12
10.800000,24.00000,0.00000,-0.244979,13
10.800000,25.00000,-0.25000,-0.463648,14
10.800000,26.00000,-0.75000,-0.463648,15
10.800000,27.00000,-1.25000,-0.244979,16
10.800000,28.00000,-1.50000,0.000000,17
10.800000,29.00000,-1.50000,0.000000,18
10.800000,30.00000,-1.50000,0.000000,19
10.800000,31.00000,-1.50000,0.463648,20
10.800000,32.00000,-1.00000,0.244979,21
10.800000,33.00000,-0.75000,0.244979,22
10.800000,34.00000,-0.50000,0.244979,23
10.800000,35.00000,-0.25000,0.000000,24
10.800000,36.00000,-0.25000,0.000000,25
10.800000,37.00000,-0.25000,0.000000,26
10.800000,38.00000,-0.25000,0.000000,27
10.800000,39.00000,-0.25000,0.000000,28
10.800000,40.00000,-0.25000,0.000000,29
10.800000,41.00000,-0.25000,0.000000,30
10.900000,11.27828,-0.86202,0.464409,0
10.900000,12.50000,-0.25000,0.463648,1
10.900000,13.50000,0.25000,0.463648,2
10.900000,14.50000,0.75000,0.463648,3
10.900000,15.50000,1.25000,0.643501,4
10.900000,16.50000,2.00000,0.000000,5
10.900000,17.50000,2.00000,0.000000,6
10.900000,18.50000,2.00000,-0.244979,7
10.900000,19.50000,1.75000,-0.244979,8
10.900000,20.50000,1.50000,-0.463648,9
10.900000,21.50000,1.00000,-0.463648,10
10.900000,22.50000,0.50000,-0.463648,11
10.900000,23.50000,0.00000,-0.244979,12
10.900000,24.50000,-0.25000,-0.463648,13
10.900000,25.50000,-0.75000,-0.463648,14
10.900000,26.50000,-1.25000,-0.244979,15
10.900000,27.50000,-1.50000,0.000000,16
10.900000,28.50000,-1.50000,0.000000,17
10.900000,29.50000,-1.50000,0.000000,18
10.900000,30.50000,-1.50000,0.244979,19
10.900000,31.50000,-1.25000,0.463648,20
10.900000,32.50000,-0.75000,0.244979,21
10.900000,33.50000,-0.50000,0.244979,22
10.900000,34.50000,-0.25000,0.000000,23
10.900000,35.50000,-0.25000,0.000000,24
10.900000,36.50000,-0.25000,0.000000,25
10.900000,37.50000,-0.25000,0.000000,26
10.900000,38.50000,-0.25000,0.000000,27
10.900000,39.50000,-0.25000,0.000000,28
10.900000,40.50000,-0.25000,0.000000,29
10.900000,41.50000,-0.25000,0.000000,30
11.000000,11.44821,-0.84755,0.516659,0
11.000000,12.50000,-0.25000,0.463648,1
11.000000,13.50000,0.25000,0.463648,2
11.000000,14.50000,0.75000,0.463648,3
11.000000,15.50000,1.25000,0.643501,4
11.000000,16.50000,2.00000,0.000000,5
11.000000,17.50000,2.00000,0.000000,6
11.000000,18.50000,2.00000,-0.244979,7
11.000000,19.50000,1.75000,-0.244979,8
11.000000,20.50000,1.50000,-0.463648,9
11.000000,21.50000,1.00000,-0.463648,10
11.000000,22.50000,0.50000,-0.463648,11
11.000000,23.50000,0.00000,-0.244979,12
11.000000,24.50000,-0.25000,-0.463648,13
11.000000,25.50000,-0.75000,-0.463648,14
11.000000,26.50000,-1.25000,-0.244979,15
11.000000,27.50000,-1.50000,0.000000,16
11.000000,28.50000,-1.50000,0.000000,17
11.000000,29.50000,-1.50000,0.000000,18
11.000000,30.50000,-1.50000,0.244979,19
11.000000,31.50000,-1.25000,0.463648,20
11.000000,32.50000,-0.75000,0.244979,21
11.000000,33.50000,-0.50000,0.244979,22
11.000000,34.50000,-0.25000,0.000000,23
11.000000,35.50000,-0.25000,0.000000,24
11.000000,36.50000,-0.25000,0.000000,25
11.000000,37.50000,-0.25000,0.000000,26
11.000000,38.50000,-0.25000,0.000000,27
11.000000,39.50000,-0.25000,0.000000,28
11.000000,40.50000,-0.25000,0.000000,29
11.000000,41.50000,-0.25000,0.000000,30
11.100000,11.59898,-0.80899,0.555284,0
11.100000,12.50000,-0.25000,0.463648,1
11.100000,13.50000,0.25000,0.463648,2
11.100000,14.50000,0.75000,0.463648,3
11.100000,15.50000,1.25000,0.643501,4
11.100000,16.50000,2.00000,0.000000,5
11.100000,17.50000,2.00000,0.000000,6
11.100000,18.50000,2.00000,-0.244979,7
11.100000,19.50000,1.75000,-0.244979,8
11.100000,20.50000,1.50000,-0.463648,9
11.100000,21.50000,1.00000,-0.463648,10
11.100000,22.50000,0.50000,-0.463648,11
11.100000,23.50000,0.00000,-0.244979,12
11.100000,24.50000,-0.25000,-0.244979,13
11.100000,25.50000,-0.50000,-0.463648,14
11.100000,26.50000,-1.00000,-0.244979,15
11.100000,27.50000,-1.25000,0.000000,16
11.100000,28.50000,-1.25000,0.000000,17
11.100000,29.50000,-1.25000,0.000000,18
11.100000,30.50000,-1.25000,0.000000,19
11.100000,31.50000,-1.25000,0.463648,20
11.100000,32.50000,-0.75000,0.244979,21
11.100000,33.50000,-0.50000,0.244979,22
11.100000,34.50000,-0.25000,0.000000,23
11.100000,35.50000,-0.25000,0.000000,24
11.100000,36.50000,-0.25000,0.000000,25
11.100000,37.50000,-0.25000,0.000000,26
11.100000,38.50000,-0.25000,0.000000,27
11.100000,39.50000,-0.25000,0.000000,28
11.100000,40.50000,-0.25000,0.000000,29
11.100000,41.50000,-0.25000,0.000000,30
11.202000,11.83983,-0.79918,0.603206,0
11.202000,13.00000,0.00000,0.463648,1
11.202000,14.00000,0.50000,0.643501,2
11.202000,15.00000,1.25000,0.643501,3
11.202000,16.00000,2.00000,0.000000,4
11.202000,17.00000,2.00000,0.000000,5
11.202000,18.00000,2.00000,0.000000,6
11.202000,19.00000,2.00000,-0.244979,7
11.202000,20.00000,1.75000,-0.463648,8
11.202000,21.00000,1.25000,-0.463648,9
11.202000,22.00000,0.75000,-0.463648,10
11.202000,23.00000,0.25000,-0.244979,11
11.202000,24.00000,0.00000,-0.244979,12
11.202000,25.00000,-0.25000,-0.463648,13
11.202000,26.00000,-0.75000,-0.463648,14
11.202000,27.00000,-1.25000,-0.244979,15
11.202000,28.00000,-1.50000,0.000000,16
11.202000,29.00000,-1.50000,0.000000,17
11.202000,30.00000,-1.50000,0.000000,18
11.202000,31.00000,-1.50000,0.463648,19
11.202000,32.00000,-1.00000,0.244979,20
11.202000,33.00000,-0.75000,0.244979,21
11.202000,34.00000,-0.50000,0.244979,22
11.202000,35.00000,-0.25000,0.000000,23
11.202000,36.00000,-0.25000,0.000000,24
11.202000,37.00000,-0.25000,0.000000,25
11.202000,38.00000,-0.25000,0.000000,26
11.202000,39.00000,-0.25000,0.000000,27
11.202000,40.00000,-0.25000,0.000000,28
11.202000,41.00000,-0.25000,0.000000,29
11.202000,42.00000,-0.25000,0.000000,30
11.300000,11.94012,-0.79041,0.640776,0
11.300000,13.00000,0.00000,0.463648,1
11.300000,14.00000,0.50000,0.643501,2
11.300000,15.00000,1.25000,0.643501,3
11.300000,16.00000,2.00000,0.000000,4
11.300000,17.00000,2.00000,0.000000,5
11.300000,18.00000,2.00000,-0.244979,6
11.300000,19.00000,1.75000,-0.244979,7
11.300000,20.00000,1.50000,-0.244979,8
11.300000,21.00000,1.25000,-0.463648,9
11.300000,22.00000,0.75000,-0.463648,10
11.300000,23.00000,0.25000,-0.244979,11
11.300000,24.00000,0.00000,-0.244979,12
11.300000,25.00000,-0.25000,-0.463648,13
11.300000,26.00000,-0.75000,-0.463648,14
11.300000,27.00000,-1.25000,-0.244979,15
11.300000,28.00000,-1.50000,0.000000,16
11.300000,29.00000,-1.50000,0.000000,17
11.300000,30.00000,-1.50000,0.000000,18
11.300000,31.00000,-1.50000,0.463648,19
11.300000,32.00000,-1.00000,0.244979,20
11.300000,33.00000,-0.75000,0.244979,21
11.300000,34.00000,-0.50000,0.244979,22
11.300000,35.00000,-0.25000,0.000000,23
11.300000,36.00000,-0.25000,0.000000,24
11.300000,37.00000,-0.25000,0.000000,25
11.300000,38.00000,-0.25000,0.000000,26
11.300000,39.00000,-0.25000,0.000000,27
11.300000,40.00000,-0.25000,0.000000,28
11.300000,41.00000,-0.25000,0.000000,29
11.300000,42.00000,-0.25000,0.000000,30
11.400000,12.14696,-0.75699,0.725807,0
11.400000,13.00000,0.00000,0.463648,1
11.400000,14.00000,0.50000,0.643501,2
11.400000,15.00000,1.25000,0.643501,3
11.400000,16.00000,2.00000,0.000000,4
11.400000,17.00000,2.00000,0.000000,5
11.400000,18.00000,2.00000,0.000000,6
11.400000,19.00000,2.00000,-0.244979,7
11.400000,20.00000,1.75000,-0.463648,8
11.400000,21.00000,1.25000,-0.463648,9
11.400000,22.00000,0.75000,-0.463648,10
11.400000,23.00000,0.25000,-0.244979,11
11.400000,24.00000,0.00000,-0.244979,12
11.400000,25.00000,-0.25000,-0.463648,13
11.400000,26.00000,-0.75000,-0.463648,14
11.400000,27.00000,-1.25000,-0.244979,15
11.400000,28.00000,-1.50000,0.000000,16
11.400000,29.00000,-1.50000,0.000000,17
11.400000,30.00000,-1.50000,0.000000,18
11.400000,31.00000,-1.50000,0.463648,19
11.400000,32.00000,-1.00000,0.244979,20
11.400000,33.00000,-0.75000,0.244979,21
11.400000,34.00000,-0.50000,0.244979,22
11.400000,35.00000,-0.25000,0.000000,23
11.400000,36.00000,-0.25000,0.000000,24
11.400000,37.00000,-0.25000,0.000000,25
11.400000,38.00000,-0.25000,0.000000,26
11.400000,39.00000,-0.25000,0.000000,27
11.400000,40.00000,-0.25000,0.000000,28
11.400000,41.00000,-0.25000,0.000000,29
11.400000,42.00000,-0.25000,0.000000,30
11.500000,12.36831,-0.71190,0.561510,0
11.500000,13.50000,0.00000,0.463648,1
11.500000,14.50000,0.50000,0.643501,2
11.500000,15.50000,1.25000,0.643501,3
11.500000,16.50000,2.00000,0.000000,4
11.500000,17.50000,2.00000,0.000000,5
11.500000,18.50000,2.00000,-0.244979,6
11.500000,19.50000,1.75000,-0.244979,7
11.500000,20.50000,1.50000,-0.463648,8
11.500000,21.50000,1.00000,-0.463648,9
11.500000,22.50000,0.50000,-0.463648,10
11.500000,23.50000,0.00000,-0.244979,11
11.500000,24.50000,-0.25000,-0.463648,12
11.500000,25.50000,-0.75000,-0.463648,13
11.500000,26.50000,-1.25000,-0.244979,14
11.500000,27.50000,-1.50000,0.000000,15
11.500000,28.50000,-1.50000,0.000000,16
11.500000,29.50000,-1.50000,0.000000,17
11.500000,30.50000,-1.50000,0.244979,18
11.500000,31.50000,-1.25000,0.463648,19
11.500000,32.50000,-0.75000,0.244979,20
11.500000,33.50000,-0.50000,0.244979,21
11.500000,34.50000,-0.25000,0.000000,22
11.500000,35.50000,-0.25000,0.000000,23
11.500000,36.50000,-0.25000,0.000000,24
11.500000,37.50000,-0.25000,0.000000,25
11.500000,38.50000,-0.25000,0.000000,26
11.500000,39.50000,-0.25000,0.000000,27
11.500000,40.50000,-0.25000,0.000000,28
11.500000,41.50000,-0.25000,0.000000,29
11.500000,42.50000,-0.25000,0.000000,30
11.600000,12.58380,-0.64887,0.616221,0
11.600000,13.50000,0.00000,0.463648,1
11.600000,14.50000,0.50000,0.643501,2
11.600000,15.50000,1.25000,0.643501,3
11.600000,16.50000,2.00000,0.000000,4
11.600000,17.50000,2.00000,0.000000,5
11.600000,18.50000,2.00000,-0.244979,6
11.600000,19.50000,1.75000,-0.244979,7
11.600000,20.50000,1.50000,-0.463648,8
11.600000,21.50000,1.00000,-0.463648,9
11.600000,22.50000,0.50000,-0.463648,10
11.600000,23.50000,0.00000,-0.244979,11
11.600000,24.50000,-0.25000,-0.463648,12
11.600000,25.50000,-0.75000,-0.463648,13
11.600000,26.50000,-1.25000,-0.244979,14
11.600000,27.50000,-1.50000,0.000000,15
11.600000,28.50000,-1.50000,0.000000,16
11.600000,29.50000,-1.50000,0.000000,17
11.600000,30.50000,-1.50000,0.244979,18
11.600000,31.50000,-1.25000,0.463648,19
11.600000,32.50000,-0.75000,0.244979,20
11.600000,33.50000,-0.50000,0.244979,21
11.600000,34.50000,-0.25000,0.000000,22
11.600000,35.50000,-0.25000,0.000000,23
11.600000,36.50000,-0.25000,0.000000,24
11.600000,37.50000,-0.25000,0.000000,25
11.600000,38.50000,-0.25000,0.000000,26
11.600000,39.50000,-0.25000,0.000000,27
11.600000,40.50000,-0.25000,0.000000,28
11.600000,41.50000,-0.25000,0.000000,29
11.600000,42.50000,-0.25000,0.000000,30
11.700000,12.79839,-0.59526,0.613028,0
11.700000,14.00000,0.25000,0.643501,1
11.700000,15.00000,1.00000,0.643501,2
11.700000,16.00000,1.75000,0.244979,3
11.700000,17.00000,2.00000,0.000000,4
11.700000,18.00000,2.00000,0.000000,5
11.700000,19.00000,2.00000,-0.244979,6
11.700000,20.00000,1.75000,-0.463648,7
11.700000,21.00000,1.25000,-0.463648,8
11.700000,22.00000,0.75000,-0.463648,9
11.700000,23.00000,0.25000,-0.244979,10
11.700000,24.00000,0.00000,-0.244979,11
11.700000,25.00000,-0.25000,-0.463648,12
11.700000,26.00000,-0.75000,-0.463648,13
11.700000,27.00000,-1.25000,-0.244979,14
11.700000,28.00000,-1.50000,0.000000,15
11.700000,29.00000,-1.50000,0.000000,16
11.700000,30.00000,-1.50000,0.000000,17
11.700000,31.00000,-1.50000,0.463648,18
11.700000,32.00000,-1.00000,0.244979,19
11.700000,33.00000,-0.75000,0.244979,20
11.700000,34.00000,-0.50000,0.244979,21
11.700000,35.00000,-0.25000,0.000000,22
11.700000,36.00000,-0.25000,0.000000,23
11.700000,37.00000,-0.25000,0.000000,24
11.700000,38.00000,-0.25000,0.000000,25
11.700000,39.00000,-0.25000,0.000000,26
11.700000,40.00000,-0.25000,0.000000,27
11.700000,41.00000,-0.25000,0.000000,28
11.700000,42.00000,-0.25000,0.000000,29
11.700000,43.00000,-0.25000,0.000000,30
11.800000,12.99245,-0.53755,0.663450,0
11.800000,14.00000,0.25000,0.643501,1
11.800000,15.00000,1.00000,0.643501,2
11.800000,16.00000,1.75000,0.244979,3
11.800000,17.00000,2.00000,0.000000,4
11.800000,18.00000,2.00000,-0.244979,5
11.800000,19.00000,1.75000,-0.244979,6
11.800000,20.00000,1.50000,-0.244979,7
11.800000,21.00000,1.25000,-0.463648,8
11.800000,22.00000,0.75000,-0.463648,9
11.800000,23.00000,0.25000,-0.244979,10
11.800000,24.00000,0.00000,-0.244979,11
11.800000,25.00000,-0.25000,-0.463648,12
11.800000,26.00000,-0.75000,-0.463648,13
11.800000,27.00000,-1.25000,-0.244979,14
11.800000,28.00000,-1.50000,0.000000,15
11.800000,29.00000,-1.50000,0.000000,16
11.800000,30.00000,-1.50000,0.000000,17
11.800000,31.00000,-1.50000,0.463648,18
11.800000,32.00000,-1.00000,0.244979,19
11.800000,33.00000,-0.75000,0.244979,20
11.800000,34.00000,-0.50000,0.244979,21
11.800000,35.00000,-0.25000,0.000000,22
11.800000,36.00000,-0.25000,0.000000,23
11.800000,37.00000,-0.25000,0.000000,24
11.800000,38.00000,-0.25000,0.000000,25
11.800000,39.00000,-0.25000,0.000000,26
11.800000,40.00000,-0.25000,0.000000,27
11.800000,41.00000,-0.25000,0.000000,28
11.800000,42.00000,-0.25000,0.000000,29
11.800000,43.00000,-0.25000,0.000000,30
11.900000,13.16193,-0.45510,0.699445,0
11.900000,14.00000,0.25000,0.643501,1
11.900000,15.00000,1.00000,0.643501,2
11.900000,16.00000,1.75000,0.244979,3
11.900000,17.00000,2.00000,0.000000,4
11.900000,18.00000,2.00000,0.000000,5
11.900000,19.00000,2.00000,-0.244979,6
11.900000,20.00000,1.75000,-0.463648,7
11.900000,21.00000,1.25000,-0.463648,8
11.900000,22.00000,0.75000,-0.463648,9
11.900000,23.00000,0.25000,-0.244979,10
11.900000,24.00000,0.00000,-0.244979,11
11.900000,25.00000,-0.25000,-0.463648,12
11.900000,26.00000,-0.75000,-0.463648,13
11.900000,27.00000,-1.25000,-0.244979,14
11.900000,28.00000,-1.50000,0.000000,15
11.900000,29.00000,-1.50000,0.000000,16
11.900000,30.00000,-1.50000,0.000000,17
11.900000,31.00000,-1.50000,0.463648,18
11.900000,32.00000,-1.00000,0.244979,19
11.900000,33.00000,-0.75000,0.244979,20
11.900000,34.00000,-0.50000,0.244979,21
11.900000,35.00000,-0.25000,0.000000,22
11.900000,36.00000,-0.25000,0.000000,23
11.900000,37.00000,-0.25000,0.000000,24
11.900000,38.00000,-0.25000,0.000000,25
11.900000,39.00000,-0.25000,0.000000,26
11.900000,40.00000,-0.25000,0.000000,27
11.900000,41.00000,-0.25000,0.000000,28
11.900000,42.00000,-0.25000,0.000000,29
11.900000,43.00000,-0.25000,0.000000,30
12.000000,13.29551,-0.41031,0.501469,0
12.000000,14.50000,0.25000,0.643501,1
12.000000,15.50000,1.00000,0.643501,2
12.000000,16.50000,1.75000,0.244979,3
12.000000,17.50000,2.00000,0.000000,4
12.000000,18.50000,2.00000,-0.244979,5
12.000000,19.50000,1.75000,-0.244979,6
12.000000,20.50000,1.50000,-0.463648,7
12.000000,21.50000,1.00000,-0.463648,8
12.000000,22.50000,0.50000,-0.463648,9
12.000000,23.50000,0.00000,-0.244979,10
12.000000,24.50000,-0.25000,-0.244979,11
12.000000,25.50000,-0.50000,-0.463648,12
12.000000,26.50000,-1.00000,-0.244979,13
12.000000,27.50000,-1.25000,0.000000,14
12.000000,28.50000,-1.25000,0.000000,15
12.000000,29.50000,-1.25000,0.000000,16
12.000000,30.50000,-1.25000,0.000000,17
12.000000,31.50000,-1.25000,0.463648,18
12.000000,32.50000,-0.75000,0.244979,19
12.000000,33.50000,-0.50000,0.244979,20
12.000000,34.50000,-0.25000,0.000000,21
12.000000,35.50000,-0.25000,0.000000,22
12.000000,36.50000,-0.25000,0.000000,23
12.000000,37.50000,-0.25000,0.000000,24
12.000000,38.50000,-0.25000,0.000000,25
12.000000,39.50000,-0.25000,0.000000,26
12.000000,40.50000,-0.25000,0.000000,27
12.000000,41.50000,-0.25000,0.000000,28
12.000000,42.50000,-0.25000,0.000000,29
12.000000,43.50000,-0.25000,0.000000,30
12.100000,13.38183,-0.40323,0.528716,0
12.100000,14.50000,0.25000,0.643501,1
12.100000,15.50000,1.00000,0.643501,2
12.100000,16.50000,1.75000,0.244979,3
12.100000,17.50000,2.00000,0.000000,4
12.100000,18.50000,2.00000,-0.244979,5
12.100000,19.50000,1.75000,-0.244979,6
12.100000,20.50000,1.50000,-0.463648,7
12.100000,21.50000,1.00000,-0.463648,8
12.100000,22.50000,0.50000,-0.463648,9
12.100000,23.50000,0.00000,-0.244979,10
12.100000,24.50000,-0.25000,-0.463648,11
12.100000,25.50000,-0.75000,-0.463648,12
12.100000,26.50000,-1.25000,-0.244979,13
12.100000,27.50000,-1.50000,0.000000,14
12.100000,28.50000,-1.50000,0.000000,15
12.100000,29.50000,-1.50000,0.000000,16
12.100000,30.50000,-1.50000,0.244979,17
12.100000,31.50000,-1.25000,0.463648,18
12.100000,32.50000,-0.75000,0.244979,19
12.100000,33.50000,-0.50000,0.244979,20
12.100000,34.50000,-0.25000,0.000000,21
12.100000,35.50000,-0.25000,0.000000,22
12.100000,36.50000,-0.25000,0.000000,23
12.100000,37.50000,-0.25000,0.000000,24
12.100000,38.50000,-0.25000,0.000000,25
12.100000,39.50000,-0.25000,0.000000,26
12.100000,40.50000,-0.25000,0.000000,27
12.100000,41.50000,-0.25000,0.000000,28
12.100000,42.50000,-0.25000,0.000000,29
12.100000,43.50000,-0.25000,0.000000,30
12.200000,13.44688,-0.37681,0.694296,0
12.200000,14.50000,0.50000,0.643501,1
12.200000,15.50000,1.25000,0.643501,2
12.200000,16.50000,2.00000,0.000000,3
12.200000,17.50000,2.00000,0.000000,4
12.200000,18.50000,2.00000,-0.244979,5
12.200000,19.50000,1.75000,-0.244979,6
12.200000,20.50000,1.50000,-0.463648,7
12.200000,21.50000,1.00000,-0.463648,8
12.200000,22.50000,0.50000,-0.463648,9
12.200000,23.50000,0.00000,-0.244979,10
12.200000,24.50000,-0.25000,-0.463648,11
12.200000,25.50000,-0.75000,-0.463648,12
12.200000,26.50000,-1.25000,-0.244979,13
12.200000,27.50000,-1.50000,0.000000,14
12.200000,28.50000,-1.50000,0.000000,15
12.200000,29.50000,-1.50000,0.000000,16
12.200000,30.50000,-1.50000,0.244979,17
12.200000,31.50000,-1.25000,0.463648,18
12.200000,32.50000,-0.75000,0.244979,19
12.200000,33.50000,-0.50000,0.244979,20
12.200000,34.50000,-0.25000,0.000000,21
12.200000,35.50000,-0.25000,0.000000,22
12.200000,36.50000,-0.25000,0.000000,23
12.200000,37.50000,-0.25000,0.000000,24
12.200000,38.50000,-0.25000,0.000000,25
12.200000,39.50000,-0.25000,0.000000,26
12.200000,40.50000,-0.25000,0.000000,27
12.200000,41.50000,-0.25000,0.000000,28
12.200000,42.50000,-0.25000,0.000000,29
12.200000,43.50000,-0.25000,0.000000,30
12.300000,13.48662,-0.37640,0.713039,0
12.300000,14.50000,0.50000,0.643501,1
12.300000,15.50000,1.25000,0.643501,2
12.300000,16.50000,2.00000,0.000000,3
12.300000,17.50000,2.00000,0.000000,4
12.300000,18.50000,2.00000,-0.244979,5
12.300000,19.50000,1.75000,-0.244979,6
12.300000,20.50000,1.50000,-0.463648,7
12.300000,21.50000,1.00000,-0.463648,8
12.300000,22.50000,0.50000,-0.463648,9
12.300000,23.50000,0.00000,-0.244979,10
12.300000,24.50000,-0.25000,-0.463648,11
12.300000,25.50000,-0.75000,-0.463648,12
12.300000,26.50000,-1.25000,-0.244979,13
12.300000,27.50000,-1.50000,0.000000,14
12.300000,28.50000,-1.50000,0.000000,15
12.300000,29.50000,-1.50000,0.000000,16
12.300000,30.50000,-1.50000,0.244979,17
12.300000,31.50000,-1.25000,0.463648,18
12.300000,32.50000,-0.75000,0.244979,19
12.300000,33.50000,-0.50000,0.244979,20
12.300000,34.50000,-0.25000,0.000000,21
12.300000,35.50000,-0.25000,0.000000,22
12.300000,36.50000,-0.25000,0.000000,23
12.300000,37.50000,-0.25000,0.000000,24
12.300000,38.50000,-0.25000,0.000000,25
12.300000,39.50000,-0.25000,0.000000,26
12.300000,40.50000,-0.25000,0.000000,27
12.300000,41.50000,-0.25000,0.000000,28
12.300000,42.50000,-0.25000,0.000000,29
12.300000,43.50000,-0.25000,0.000000,30
12.400000,13.48552,-0.34907,0.696870,0
12.400000,14.50000,0.50000,0.643501,1
12.400000,15.50000,1.25000,0.643501,2
12.400000,16.50000,2.00000,0.000000,3
12.400000,17.50000,2.00000,0.000000,4
12.400000,18.50000,2.00000,-0.244979,5
12.400000,19.50000,1.75000,-0.244979,6
12.400000,20.50000,1.50000,-0.463648,7
12.400000,21.50000,1.00000,-0.463648,8
12.400000,22.50000,0.50000,-0.463648,9
12.400000,23.50000,0.00000,-0.244979,10
12.400000,24.50000,-0.25000,-0.463648,11
12.400000,25.50000,-0.75000,-0.463648,12
12.400000,26.50000,-1.25000,-0.244979,13
12.400000,27.50000,-1.50000,0.000000,14
12.400000,28.50000,-1.50000,0.000000,15
12.400000,29.50000,-1.50000,0.000000,16
12.400000,30.50000,-1.50000,0.244979,17
12.400000,31.50000,-1.25000,0.463648,18
12.400000,32.50000,-0.75000,0.244979,19
12.400000,33.50000,-0.50000,0.244979,20
12.400000,34.50000,-0.25000,0.000000,21
12.400000,35.50000,-0.25000,0.000000,22
12.400000,36.50000,-0.25000,0.000000,23
12.400000,37.50000,-0.25000,0.000000,24
12.400000,38.50000,-0.25000,0.000000,25
12.400000,39.50000,-0.25000,0.000000,26
12.400000,40.50000,-0.25000,0.000000,27
12.400000,41.50000,-0.25000,0.000000,28
12.400000,42.50000,-0.25000,0.000000,29
12.400000,43.50000,-0.25000,0.000000,30
12.500000,13.50377,-0.34852,0.705498,0
12.500000,14.50000,0.50000,0.643501,1
12.500000,15.50000,1.25000,0.643501,2
12.500000,16.50000,2.00000,0.000000,3
12.500000,17.50000,2.00000,0.000000,4
12.500000,18.50000,2.00000,-0.244979,5
12.500000,19.50000,1.75000,-0.244979,6
12.500000,20.50000,1.50000,-0.463648,7
12.500000,21.50000,1.00000,-0.463648,8
12.500000,22.50000,0.50000,-0.463648,9
12.500000,23.50000,0.00000,-0.244979,10
12.500000,24.50000,-0.25000,-0.463648,11
12.500000,25.50000,-0.75000,-0.463648,12
12.500000,26.50000,-1.25000,-0.244979,13
12.500000,27.50000,-1.50000,0.000000,14
12.500000,28.50000,-1.50000,0.000000,15
12.500000,29.50000,-1.50000,0.000000,16
12.500000,30.50000,-1.50000,0.244979,17
12.500000,31.50000,-1.25000,0.463648,18
12.500000,32.50000,-0.75000,0.244979,19
12.500000,33.50000,-0.50000,0.244979,20
12.500000,34.50000,-0.25000,0.000000,21
12.500000,35.50000,-0.25000,0.000000,22
12.500000,36.50000,-0.25000,0.000000,23
12.500000,37.50000,-0.25000,0.000000,24
12.500000,38.50000,-0.25000,0.000000,25
12.500000,39.50000,-0.25000,0.000000,26
12.500000,40.50000,-0.25000,0.000000,27
12.500000,41.50000,-0.25000,0.000000,28
12.500000,42.50000,-0.25000,0.000000,29
12.500000,43.50000,-0.25000,0.000000,30
12.600000,13.51106,-0.36115,0.716437,0
12.600000,14.50000,0.50000,0.643501,1
12.600000,15.50000,1.25000,0.643501,2
12.600000,16.50000,2.00000,0.000000,3
12.600000,17.50000,2.00000,0.000000,4
12.600000,18.50000,2.00000,-0.244979,5
12.600000,19.50000,1.75000,-0.244979,6
12.600000,20.50000,1.50000,-0.463648,7
12.600000,21.50000,1.00000,-0.463648,8
12.600000,22.50000,0.50000,-0.463648,9
12.600000,23.50000,0.00000,-0.244979,10
12.600000,24.50000,-0.25000,-0.463648,11
12.600000,25.50000,-0.75000,-0.463648,12
12.600000,26.50000,-1.25000,-0.244979,13
12.600000,27.50000,-1.50000,0.000000,14
12.600000,28.50000,-1.50000,0.000000,15
12.600000,29.50000,-1.50000,0.000000,16
12.600000,30.50000,-1.50000,0.244979,17
12.600000,31.50000,-1.25000,0.463648,18
12.600000,32.50000,-0.75000,0.244979,19
12.600000,33.50000,-0.50000,0.244979,20
12.600000,34.50000,-0.25000,0.000000,21
12.600000,35.50000,-0.25000,0.000000,22
12.600000,36.50000,-0.25000,0.000000,23
12.600000,37.50000,-0.25000,0.000000,24
12.600000,38.50000,-0.25000,0.000000,25
12.600000,39.50000,-0.25000,0.000000,26
12.600000,40.50000,-0.25000,0.000000,27
12.600000,41.50000,-0.25000,0.000000,28
12.600000,42.50000,-0.25000,0.000000,29
12.600000,43.50000,-0.25000,0.000000,30
12.700000,13.47532,-0.36237,0.699598,0
12.700000,14.50000,0.50000,0.643501,1
12.700000,15.50000,1.25000,0.643501,2
12.700000,16.50000,2.00000,0.000000,3
12.700000,17.50000,2.00000,0.000000,4
12.700000,18.50000,2.00000,-0.244979,5
12.700000,19.50000,1.75000,-0.244979,6
12.700000,20.50000,1.50000,-0.463648,7
12.700000,21.50000,1.00000,-0.463648,8
12.700000,22.50000,0.50000,-0.463648,9
12.700000,23.50000,0.00000,-0.244979,10
12.700000,24.50000,-0.25000,-0.463648,11
12.700000,25.50000,-0.75000,-0.463648,12
12.700000,26.50000,-1.25000,-0.244979,13
12.700000,27.50000,-1.50000,0.000000,14
12.700000,28.50000,-1.50000,0.000000,15
12.700000,29.50000,-1.50000,0.000000,16
12.700000,30.50000,-1.50000,0.244979,17
12.700000,31.50000,-1.25000,0.463648,18
12.700000,32.50000,-0.75000,0.244979,19
12.700000,33.50000,-0.50000,0.244979,20
12.700000,34.50000,-0.25000,0.000000,21
12.700000,35.50000,-0.25000,0.000000,22
12.700000,36.50000,-0.25000,0.000000,23
12.700000,37.50000,-0.25000,0.000000,24
12.700000,38.50000,-0.25000,0.000000,25
12.700000,39.50000,-0.25000,0.000000,26
12.700000,40.50000,-0.25000,0.000000,27
12.700000,41.50000,-0.25000,0.000000,28
12.700000,42.50000,-0.25000,0.000000,29
12.700000,43.50000,-0.25000,0.000000,30
12.800000,13.45692,-0.37810,0.699736,0
12.800000,14.50000,0.50000,0.643501,1
12.800000,15.50000,1.25000,0.643501,2
12.800000,16.50000,2.00000,0.000000,3
12.800000,17.50000,2.00000,0.000000,4
12.800000,18.50000,2.00000,-0.244979,5
12.800000,19.50000,1.75000,-0.244979,6
12.800000,20.50000,1.50000,-0.463648,7
12.800000,21.50000,1.00000,-0.463648,8
12.800000,22.50000,0.50000,-0.463648,9
12.800000,23.50000,0.00000,-0.244979,10
12.800000,24.50000,-0.25000,-0.244979,11
12.800000,25.50000,-0.50000,-0.463648,12
12.800000,26.50000,-1.00000,-0.244979,13
12.800000,27.50000,-1.25000,0.000000,14
12.800000,28.50000,-1.25000,0.000000,15
12.800000,29.50000,-1.25000,0.000000,16
12.800000,30.50000,-1.25000,0.000000,17
12.800000,31.50000,-1.25000,0.463648,18
12.800000,32.50000,-0.75000,0.244979,19
12.800000,33.50000,-0.50000,0.244979,20
12.800000,34.50000,-0.25000,0.000000,21
12.800000,35.50000,-0.25000,0.000000,22
12.800000,36.50000,-0.25000,0.000000,23
12.800000,37.50000,-0.25000,0.000000,24
12.800000,38.50000,-0.25000,0.000000,25
12.800000,39.50000,-0.25000,0.000000,26
12.800000,40.50000,-0.25000,0.000000,27
12.800000,41.50000,-0.25000,0.000000,28
12.800000,42.50000,-0.25000,0.000000,29
12.800000,43.50000,-0.25000,0.000000,30
12.900000,13.42939,-0.36035,0.676936,0
12.900000,14.50000,0.50000,0.643501,1
12.900000,15.50000,1.25000,0.643501,2
12.900000,16.50000,2.00000,0.000000,3
12.900000,17.50000,2.00000,0.000000,4
12.900000,18.50000,2.00000,-0.244979,5
12.900000,19.50000,1.75000,-0.244979,6
12.900000,20.50000,1.50000,-0.463648,7
12.900000,21.50000,1.00000,-0.463648,8
12.900000,22.50000,0.50000,-0.463648,9
12.900000,23.50000,0.00000,-0.244979,10
12.900000,24.50000,-0.25000,-0.463648,11
12.900000,25.50000,-0.75000,-0.463648,12
12.900000,26.50000,-1.25000,-0.244979,13
12.900000,27.50000,-1.50000,0.000000,14
12.900000,28.50000,-1.50000,0.000000,15
12.900000,29.50000,-1.50000,0.000000,16
12.900000,30.50000,-1.50000,0.244979,17
12.900000,31.50000,-1.25000,0.463648,18
12.900000,32.50000,-0.75000,0.244979,19
12.900000,33.50000,-0.50000,0.244979,20
12.900000,34.50000,-0.25000,0.000000,21
12.900000,35.50000,-0.25000,0.000000,22
12.900000,36.50000,-0.25000,0.000000,23
12.900000,37.50000,-0.25000,0.000000,24
12.900000,38.50000,-0.25000,0.000000,25
12.900000,39.50000,-0.25000,0.000000,26
12.900000,40.50000,-0.25000,0.000000,27
12.900000,41.50000,-0.25000,0.000000,28
12.900000,42.50000,-0.25000,0.000000,29
12.900000,43.50000,-0.25000,0.000000,30
13.000000,13.43498,-0.36566,0.682507,0
13.000000,14.50000,0.50000,0.643501,1
13.000000,15.50000,1.25000,0.643501,2
13.000000,16.50000,2.00000,0.000000,3
13.000000,17.50000,2.00000,0.000000,4
13.000000,18.50000,2.00000,-0.244979,5
13.000000,19.50000,1.75000,-0.244979,6
13.000000,20.50000,1.50000,-0.463648,7
13.000000,21.50000,1.00000,-0.463648,8
13.000000,22.50000,0.50000,-0.463648,9
13.000000,23.50000,0.00000,-0.244979,10
13.000000,24.50000,-0.25000,-0.463648,11
13.000000,25.50000,-0.75000,-0.463648,12
13.000000,26.50000,-1.25000,-0.244979,13
13.000000,27.50000,-1.50000,0.000000,14
13.000000,28.50000,-1.50000,0.000000,15
13.000000,29.50000,-1.50000,0.000000,16
13.000000,30.50000,-1.50000,0.244979,17
13.000000,31.50000,-1.25000,0.463648,18
13.000000,32.50000,-0.75000,0.244979,19
13.000000,33.50000,-0.50000,0.244979,20
13.000000,34.50000,-0.25000,0.000000,21
13.000000,35.50000,-0.25000,0.000000,22
13.000000,36.50000,-0.25000,0.000000,23
13.000000,37.50000,-0.25000,0.000000,24
13.000000,38.50000,-0.25000,0.000000,25
13.000000,39.50000,-0.25000,0.000000,26
13.000000,40.50000,-0.25000,0.000000,27
13.000000,41.50000,-0.25000,0.000000,28
13.000000,42.50000,-0.25000,0.000000,29
13.000000,43.50000,-0.25000,0.000000,30
13.100000,13.43509,-0.38404,0.692859,0
13.100000,14.50000,0.50000,0.643501,1
13.100000,15.50000,1.25000,0.643501,2
13.100000,16.50000,2.00000,0.000000,3
13.100000,17.50000,2.00000,0.000000,4
13.100000,18.50000,2.00000,-0.244979,5
13.100000,19.50000,1.75000,-0.244979,6
13.100000,20.50000,1.50000,-0.463648,7
13.100000,21.50000,1.00000,-0.463648,8
13.100000,22.50000,0.50000,-0.463648,9
13.100000,23.50000,0.00000,-0.244979,10
13.100000,24.50000,-0.25000,-0.463648,11
13.100000,25.50000,-0.75000,-0.463648,12
13.100000,26.50000,-1.25000,-0.244979,13
13.100000,27.50000,-1.50000,0.000000,14
13.100000,28.50000,-1.50000,0.000000,15
13.100000,29.50000,-1.50000,0.000000,16
13.100000,30.50000,-1.50000,0.244979,17
13.100000,31.50000,-1.25000,0.463648,18
13.100000,32.50000,-0.75000,0.244979,19
13.100000,33.50000,-0.50000,0.244979,20
13.100000,34.50000,-0.25000,0.000000,21
13.100000,35.50000,-0.25000,0.000000,22
13.100000,36.50000,-0.25000,0.000000,23
13.100000,37.50000,-0.25000,0.000000,24
13.100000,38.50000,-0.25000,0.000000,25
13.100000,39.50000,-0.25000,0.000000,26
13.100000,40.50000,-0.25000,0.000000,27
13.100000,41.50000,-0.25000,0.000000,28
13.100000,42.50000,-0.25000,0.000000,29
13.100000,43.50000,-0.25000,0.000000,30
13.200000,13.46308,-0.36828,0.697113,0
13.200000,14.50000,0.50000,0.643501,1
13.200000,15.50000,1.25000,0.643501,2
13.200000,16.50000,2.00000,0.000000,3
13.200000,17.50000,2.00000,0.000000,4
13.200000,18.50000,2.00000,-0.244979,5
13.200000,19.50000,1.75000,-0.244979,6
13.200000,20.50000,1.50000,-0.463648,7
13.200000,21.50000,1.00000,-0.463648,8
13.200000,22.50000,0.50000,-0.463648,9
13.200000,23.50000,0.00000,-0.244979,10
13.200000,24.50000,-0.25000,-0.463648,11
13.200000,25.50000,-0.75000,-0.463648,12
13.200000,26.50000,-1.25000,-0.244979,13
13.200000,27.50000,-1.50000,0.000000,14
13.200000,28.50000,-1.50000,0.000000,15
13.200000,29.50000,-1.50000,0.000000,16
13.200000,30.50000,-1.50000,0.244979,17
13.200000,31.50000,-1.25000,0.463648,18
13.200000,32.50000,-0.75000,0.244979,19
13.200000,33.50000,-0.50000,0.244979,20
13.200000,34.50000,-0.25000,0.000000,21
13.200000,35.50000,-0.25000,0.000000,22
13.200000,36.50000,-0.25000,0.000000,23
13.200000,37.50000,-0.25000,0.000000,24
13.200000,38.50000,-0.25000,0.000000,25
13.200000,39.50000,-0.25000,0.000000,26
13.200000,40.50000,-0.25000,0.000000,27
13.200000,41.50000,-0.25000,0.000000,28
13.200000,42.50000,-0.25000,0.000000,29
13.200000,43.50000,-0.25000,0.000000,30
13.300000,13.54533,-0.35083,0.727949,0
13.300000,14.50000,0.50000,0.643501,1
13.300000,15.50000,1.25000,0.643501,2
13.300000,16.50000,2.00000,0.000000,3
13.300000,17.50000,2.00000,0.000000,4
13.300000,18.50000,2.00000,-0.244979,5
13.300000,19.50000,1.75000,-0.244979,6
13.300000,20.50000,1.50000,-0.463648,7
13.300000,21.50000,1.00000,-0.463648,8
13.300000,22.50000,0.50000,-0.463648,9
13.300000,23.50000,0.00000,-0.244979,10
13.300000,24.50000,-0.25000,-0.463648,11
13.300000,25.50000,-0.75000,-0.463648,12
13.300000,26.50000,-1.25000,-0.244979,13
13.300000,27.50000,-1.50000,0.000000,14
13.300000,28.50000,-1.50000,0.000000,15
13.300000,29.50000,-1.50000,0.000000,16
13.300000,30.50000,-1.50000,0.244979,17
13.300000,31.50000,-1.25000,0.463648,18
13.300000,32.50000,-0.75000,0.244979,19
13.300000,33.50000,-0.50000,0.244979,20
13.300000,34.50000,-0.25000,0.000000,21
13.300000,35.50000,-0.25000,0.000000,22
13.300000,36.50000,-0.25000,0.000000,23
13.300000,37.50000,-0.25000,0.000000,24
13.300000,38.50000,-0.25000,0.000000,25
13.300000,39.50000,-0.25000,0.000000,26
13.300000,40.50000,-0.25000,0.000000,27
13.300000,41.50000,-0.25000,0.000000,28
13.300000,42.50000,-0.25000,0.000000,29
13.300000,43.50000,-0.25000,0.000000,30
13.400000,13.62207,-0.30403,0.741494,0
13.400000,14.50000,0.50000,0.643501,1
13.400000,15.50000,1.25000,0.643501,2
13.400000,16.50000,2.00000,0.000000,3
13.400000,17.50000,2.00000,0.000000,4
13.400000,18.50000,2.00000,-0.244979,5
13.400000,19.50000,1.75000,-0.244979,6
13.400000,20.50000,1.50000,-0.463648,7
13.400000,21.50000,1.00000,-0.463648,8
13.400000,22.50000,0.50000,-0.463648,9
13.400000,23.50000,0.00000,-0.244979,10
13.400000,24.50000,-0.25000,-0.463648,11
13.400000,25.50000,-0.75000,-0.463648,12
13.400000,26.50000,-1.25000,-0.244979,13
13.400000,27.50000,-1.50000,0.000000,14
13.400000,28.50000,-1.50000,0.000000,15
13.400000,29.50000,-1.50000,0.000000,16
13.400000,30.50000,-1.50000,0.244979,17
13.400000,31.50000,-1.25000,0.463648,18
13.400000,32.50000,-0.75000,0.244979,19
13.400000,33.50000,-0.50000,0.244979,20
13.400000,34.50000,-0.25000,0.000000,21
13.400000,35.50000,-0.25000,0.000000,22
13.400000,36.50000,-0.25000,0.000000,23
13.400000,37.50000,-0.25000,0.000000,24
13.400000,38.50000,-0.25000,0.000000,25
13.400000,39.50000,-0.25000,0.000000,26
13.400000,40.50000,-0.25000,0.000000,27
13.400000,41.50000,-0.25000,0.000000,28
13.400000,42.50000,-0.25000,0.000000,29
13.400000,43.50000,-0.25000,0.000000,30
13.500000,13.73020,-0.26366,0.781397,0
13.500000,14.50000,0.50000,0.643501,1
13.500000,15.50000,1.25000,0.643501,2
13.500000,16.50000,2.00000,0.000000,3
13.500000,17.50000,2.00000,0.000000,4
13.500000,18.50000,2.00000,-0.244979,5
13.500000,19.50000,1.75000,-0.244979,6
13.500000,20.50000,1.50000,-0.463648,7
13.500000,21.50000,1.00000,-0.463648,8
13.500000,22.50000,0.50000,-0.463648,9
13.500000,23.50000,0.00000,-0.244979,10
13.500000,24.50000,-0.25000,-0.463648,11
13.500000,25.50000,-0.75000,-0.463648,12
13.500000,26.50000,-1.25000,-0.244979,13
13.500000,27.50000,-1.50000,0.000000,14
13.500000,28.50000,-1.50000,0.000000,15
13.500000,29.50000,-1.50000,0.000000,16
13.500000,30.50000,-1.50000,0.244979,17
13.500000,31.50000,-1.25000,0.463648,18
13.500000,32.50000,-0.75000,0.244979,19
13.500000,33.50000,-0.50000,0.244979,20
13.500000,34.50000,-0.25000,0.000000,21
13.500000,35.50000,-0.25000,0.000000,22
13.500000,36.50000,-0.25000,0.000000,23
13.500000,37.50000,-0.25000,0.000000,24
13.500000,38.50000,-0.25000,0.000000,25
13.500000,39.50000,-0.25000,0.000000,26
13.500000,40.50000,-0.25000,0.000000,27
13.500000,41.50000,-0.25000,0.000000,28
13.500000,42.50000,-0.25000,0.000000,29
13.500000,43.50000,-0.25000,0.000000,30
13.600000,13.83296,-0.20244,0.541817,0
13.600000,15.00000,0.50000,0.643501,1
13.600000,16.00000,1.25000,0.643501,2
13.600000,17.00000,2.00000,0.000000,3
13.600000,18.00000,2.00000,0.000000,4
13.600000,19.00000,2.00000,-0.244979,5
13.600000,20.00000,1.75000,-0.463648,6
13.600000,21.00000,1.25000,-0.463648,7
13.600000,22.00000,0.75000,-0.463648,8
13.600000,23.00000,0.25000,-0.244979,9
13.600000,24.00000,0.00000,-0.244979,10
13.600000,25.00000,-0.25000,-0.463648,11
13.600000,26.00000,-0.75000,-0.463648,12
13.600000,27.00000,-1.25000,-0.244979,13
13.600000,28.00000,-1.50000,0.000000,14
13.600000,29.00000,-1.50000,0.000000,15
13.600000,30.00000,-1.50000,0.000000,16
13.600000,31.00000,-1.50000,0.463648,17
13.600000,32.00000,-1.00000,0.244979,18
13.600000,33.00000,-0.75000,0.244979,19
13.600000,34.00000,-0.50000,0.244979,20
13.600000,35.00000,-0.25000,0.000000,21
13.600000,36.00000,-0.25000,0.000000,22
13.600000,37.00000,-0.25000,0.000000,23
13.600000,38.00000,-0.25000,0.000000,24
13.600000,39.00000,-0.25000,0.000000,25
13.600000,40.00000,-0.25000,0.000000,26
13.600000,41.00000,-0.25000,0.000000,27
13.600000,42.00000,-0.25000,0.000000,28
13.600000,43.00000,-0.25000,0.000000,29
13.600000,44.00000,-0.25000,0.000000,30
13.700000,13.93786,-0.13852,0.696626,0
13.700000,15.00000,0.75000,0.643501,1
13.700000,16.00000,1.50000,0.463648,2
13.700000,17.00000,2.00000,0.000000,3
13.700000,18.00000,2.00000,0.000000,4
13.700000,19.00000,2.00000,-0.244979,5
13.700000,20.00000,1.75000,-0.463648,6
13.700000,21.00000,1.25000,-0.463648,7
13.700000,22.00000,0.75000,-0.463648,8
13.700000,23.00000,0.25000,-0.244979,9
13.700000,24.00000,0.00000,-0.244979,10
13.700000,25.00000,-0.25000,-0.463648,11
13.700000,26.00000,-0.75000,-0.463648,12
13.700000,27.00000,-1.25000,0.000000,13
13.700000,28.00000,-1.25000,0.000000,14
13.700000,29.00000,-1.25000,0.000000,15
13.700000,30.00000,-1.25000,0.000000,16
13.700000,31.00000,-1.25000,0.244979,17
13.700000,32.00000,-1.00000,0.244979,18
13.700000,33.00000,-0.75000,0.244979,19
13.700000,34.00000,-0.50000,0.244979,20
13.700000,35.00000,-0.25000,0.000000,21
13.700000,36.00000,-0.25000,0.000000,22
13.700000,37.00000,-0.25000,0.000000,23
13.700000,38.00000,-0.25000,0.000000,24
13.700000,39.00000,-0.25000,0.000000,25
13.700000,40.00000,-0.25000,0.000000,26
13.700000,41.00000,-0.25000,0.000000,27
13.700000,42.00000,-0.25000,0.000000,28
13.700000,43.00000,-0.25000,0.000000,29
13.700000,44.00000,-0.25000,0.000000,30
13.800000,14.04131,-0.13178,0.743637,0
13.800000,15.00000,0.75000,0.643501,1
13.800000,16.00000,1.50000,0.463648,2
13.800000,17.00000,2.00000,0.000000,3
13.800000,18.00000,2.00000,-0.244979,4
13.800000,19.00000,1.75000,-0.244979,5
13.800000,20.00000,1.50000,-0.244979,6
13.800000,21.00000,1.25000,-0.463648,7
13.800000,22.00000,0.75000,-0.463648,8
13.800000,23.00000,0.25000,-0.244979,9
13.800000,24.00000,0.00000,-0.244979,10
13.800000,25.00000,-0.25000,-0.463648,11
13.800000,26.00000,-0.75000,-0.463648,12
13.800000,27.00000,-1.25000,-0.244979,13
13.800000,28.00000,-1.50000,0.000000,14
13.800000,29.00000,-1.50000,0.000000,15
13.800000,30.00000,-1.50000,0.000000,16
13.800000,31.00000,-1.50000,0.463648,17
13.800000,32.00000,-1.00000,0.244979,18
13.800000,33.00000,-0.75000,0.244979,19
13.800000,34.00000,-0.50000,0.244979,20
13.800000,35.00000,-0.25000,0.000000,21
13.800000,36.00000,-0.25000,0.000000,22
13.800000,37.00000,-0.25000,0.000000,23
13.800000,38.00000,-0.25000,0.000000,24
13.800000,39.00000,-0.25000,0.000000,25
13.800000,40.00000,-0.25000,0.000000,26
13.800000,41.00000,-0.25000,0.000000,27
13.800000,42.00000,-0.25000,0.000000,28
13.800000,43.00000,-0.25000,0.000000,29
13.800000,44.00000,-0.25000,0.000000,30
13.900000,14.12284,-0.09959,0.769429,0
13.900000,15.00000,0.75000,0.643501,1
13.900000,16.00000,1.50000,0.463648,2
13.900000,17.00000,2.00000,0.000000,3
13.900000,18.00000,2.00000,0.000000,4
13.900000,19.00000,2.00000,-0.244979,5
13.900000,20.00000,1.75000,-0.463648,6
13.900000,21.00000,1.25000,-0.463648,7
13.900000,22.00000,0.75000,-0.463648,8
13.900000,23.00000,0.25000,-0.244979,9
13.900000,24.00000,0.00000,-0.244979,10
13.900000,25.00000,-0.25000,-0.463648,11
13.900000,26.00000,-0.75000,-0.463648,12
13.900000,27.00000,-1.25000,-0.244979,13
13.900000,28.00000,-1.50000,0.000000,14
13.900000,29.00000,-1.50000,0.000000,15
13.900000,30.00000,-1.50000,0.000000,16
13.900000,31.00000,-1.50000,0.463648,17
13.900000,32.00000,-1.00000,0.244979,18
13.900000,33.00000,-0.75000,0.244979,19
13.900000,34.00000,-0.50000,0.244979,20
13.900000,35.00000,-0.25000,0.000000,21
13.900000,36.00000,-0.25000,0.000000,22
13.900000,37.00000,-0.25000,0.000000,23
13.900000,38.00000,-0.25000,0.000000,24
13.900000,39.00000,-0.25000,0.000000,25
13.900000,40.00000,-0.25000,0.000000,26
13.900000,41.00000,-0.25000,0.000000,27
13.900000,42.00000,-0.25000,0.000000,28
13.900000,43.00000,-0.25000,0.000000,29
13.900000,44.00000,-0.25000,0.000000,30
14.000000,14.24930,-0.03136,0.805409,0
14.000000,15.00000,0.75000,0.643501,1
14.000000,16.00000,1.50000,0.463648,2
14.000000,17.00000,2.00000,0.000000,3
14.000000,18.00000,2.00000,0.000000,4
14.000000,19.00000,2.00000,-0.244979,5
14.000000,20.00000,1.75000,-0.463648,6
14.000000,21.00000,1.25000,-0.463648,7
14.000000,22.00000,0.75000,-0.463648,8
14.000000,23.00000,0.25000,-0.244979,9
14.000000,24.00000,0.00000,-0.244979,10
14.000000,25.00000,-0.25000,-0.463648,11
14.000000,26.00000,-0.75000,-0.463648,12
14.000000,27.00000,-1.25000,-0.244979,13
14.000000,28.00000,-1.50000,0.000000,14
14.000000,29.00000,-1.50000,0.000000,15
14.000000,30.00000,-1.50000,0.000000,16
14.000000,31.00000,-1.50000,0.463648,17
14.000000,32.00000,-1.00000,0.244979,18
14.000000,33.00000,-0.75000,0.244979,19
14.000000,34.00000,-0.50000,0.244979,20
14.000000,35.00000,-0.25000,0.000000,21
14.000000,36.00000,-0.25000,0.000000,22
14.000000,37.00000,-0.25000,0.000000,23
14.000000,38.00000,-0.25000,0.000000,24
14.000000,39.00000,-0.25000,0.000000,25
14.000000,40.00000,-0.25000,0.000000,26
14.000000,41.00000,-0.25000,0.000000,27
14.000000,42.00000,-0.25000,0.000000,28
14.000000,43.00000,-0.25000,0.000000,29
14.000000,44.00000,-0.25000,0.000000,30
14.400000,14.42538,0.12331,0.684311,0
14.400000,15.50000,1.00000,0.643501,1
14.400000,16.50000,1.75000,0.244979,2
14.400000,17.50000,2.00000,0.000000,3
14.400000,18.50000,2.00000,-0.244979,4
14.400000,19.50000,1.75000,-0.244979,5
14.400000,20.50000,1.50000,-0.463648,6
14.400000,21.50000,1.00000,-0.463648,7
14.400000,22.50000,0.50000,-0.463648,8
14.400000,23.50000,0.00000,-0.244979,9
14.400000,24.50000,-0.25000,-0.463648,10
14.400000,25.50000,-0.75000,-0.463648,11
14.400000,26.50000,-1.25000,-0.244979,12
14.400000,27.50000,-1.50000,0.000000,13
14.400000,28.50000,-1.50000,0.000000,14
14.400000,29.50000,-1.50000,0.000000,15
14.400000,30.50000,-1.50000,0.244979,16
14.400000,31.50000,-1.25000,0.463648,17
14.400000,32.50000,-0.75000,0.244979,18
14.400000,33.50000,-0.50000,0.244979,19
14.400000,34.50000,-0.25000,0.000000,20
14.400000,35.50000,-0.25000,0.000000,21
14.400000,36.50000,-0.25000,0.000000,22
14.400000,37.50000,-0.25000,0.000000,23
14.400000,38.50000,-0.25000,0.000000,24
14.400000,39.50000,-0.25000,0.000000,25
14.400000,40.50000,-0.25000,0.000000,26
14.400000,41.50000,-0.25000,0.000000,27
14.400000,42.50000,-0.25000,0.000000,28
14.400000,43.50000,-0.25000,0.000000,29
14.400000,44.50000,-0.25000,0.000000,30
14.500000,14.48283,0.10062,0.724016,0
14.500000,15.50000,1.00000,0.643501,1
14.500000,16.50000,1.75000,0.244979,2
14.500000,17.50000,2.00000,0.000000,3
14.500000,18.50000,2.00000,-0.244979,4
14.500000,19.50000,1.75000,-0.244979,5
14.500000,20.50000,1.50000,-0.463648,6
14.500000,21.50000,1.00000,-0.463648,7
14.500000,22.50000,0.50000,-0.463648,8
14.500000,23.50000,0.00000,-0.244979,9
14.500000,24.50000,-0.25000,-0.463648,10
14.500000,25.50000,-0.75000,-0.463648,11
14.500000,26.50000,-1.25000,-0.244979,12
14.500000,27.50000,-1.50000,0.000000,13
14.500000,28.50000,-1.50000,0.000000,14
14.500000,29.50000,-1.50000,0.000000,15
14.500000,30.50000,-1.50000,0.244979,16
14.500000,31.50000,-1.25000,0.463648,17
14.500000,32.50000,-0.75000,0.244979,18
14.500000,33.50000,-0.50000,0.244979,19
14.500000,34.50000,-0.25000,0.000000,20
14.500000,35.50000,-0.25000,0.000000,21
14.500000,36.50000,-0.25000,0.000000,22
14.500000,37.50000,-0.25000,0.000000,23
14.500000,38.50000,-0.25000,0.000000,24
14.500000,39.50000,-0.25000,0.000000,25
14.500000,40.50000,-0.25000,0.000000,26
14.500000,41.50000,-0.25000,0.000000,27
14.500000,42.50000,-0.25000,0.000000,28
14.500000,43.50000,-0.25000,0.000000,29
14.500000,44.50000,-0.25000,0.000000,30
14.600000,14.49831,0.12436,0.718359,0
14.600000,15.50000,1.00000,0.643501,1
14.600000,16.50000,1.75000,0.244979,2
14.600000,17.50000,2.00000,0.000000,3
14.600000,18.50000,2.00000,-0.244979,4
14.600000,19.50000,1.75000,-0.244979,5
14.600000,20.50000,1.50000,-0.463648,6
14.600000,21.50000,1.00000,-0.463648,7
14.600000,22.50000,0.50000,-0.463648,8
14.600000,23.50000,0.00000,-0.244979,9
14.600000,24.50000,-0.25000,-0.463648,10
14.600000,25.50000,-0.75000,-0.463648,11
14.600000,26.50000,-1.25000,-0.244979,12
14.600000,27.50000,-1.50000,0.000000,13
14.600000,28.50000,-1.50000,0.000000,14
14.600000,29.50000,-1.50000,0.000000,15
14.600000,30.50000,-1.50000,0.244979,16
14.600000,31.50000,-1.25000,0.463648,17
14.600000,32.50000,-0.75000,0.244979,18
14.600000,33.50000,-0.50000,0.244979,19
14.600000,34.50000,-0.25000,0.000000,20
14.600000,35.50000,-0.25000,0.000000,21
14.600000,36.50000,-0.25000,0.000000,22
14.600000,37.50000,-0.25000,0.000000,23
14.600000,38.50000,-0.25000,0.000000,24
14.600000,39.50000,-0.25000,0.000000,25
14.600000,40.50000,-0.25000,0.000000,26
14.600000,41.50000,-0.25000,0.000000,27
14.600000,42.50000,-0.25000,0.000000,28
14.600000,43.50000,-0.25000,0.000000,29
14.600000,44.50000,-0.25000,0.000000,30
14.700000,14.54585,0.15816,0.722947,0
14.700000,15.50000,1.00000,0.643501,1
14.700000,16.50000,1.75000,0.244979,2
14.700000,17.50000,2.00000,0.000000,3
14.700000,18.50000,2.00000,-0.244979,4
14.700000,19.50000,1.75000,-0.244979,5
14.700000,20.50000,1.50000,-0.463648,6
14.700000,21.50000,1.00000,-0.463648,7
14.700000,22.50000,0.50000,-0.463648,8
14.700000,23.50000,0.00000,-0.244979,9
14.700000,24.50000,-0.25000,-0.244979,10
14.700000,25.50000,-0.50000,-0.463648,11
14.700000,26.50000,-1.00000,-0.244979,12
14.700000,27.50000,-1.25000,-0.244979,13
14.700000,28.50000,-1.50000,0.000000,14
14.700000,29.50000,-1.50000,0.000000,15
14.700000,30.50000,-1.50000,0.244979,16
14.700000,31.50000,-1.25000,0.463648,17
14.700000,32.50000,-0.75000,0.244979,18
14.700000,33.50000,-0.50000,0.244979,19
14.700000,34.50000,-0.25000,0.000000,20
14.700000,35.50000,-0.25000,0.000000,21
14.700000,36.50000,-0.25000,0.000000,22
14.700000,37.50000,-0.25000,0.000000,23
14.700000,38.50000,-0.25000,0.000000,24
14.700000,39.50000,-0.25000,0.000000,25
14.700000,40.50000,-0.25000,0.000000,26
14.700000,41.50000,-0.25000,0.000000,27
14.700000,42.50000,-0.25000,0.000000,28
14.700000,43.50000,-0.25000,0.000000,29
14.700000,44.50000,-0.25000,0.000000,30
14.800000,14.53028,0.12925,0.731680,0
14.800000,15.50000,1.00000,0.643501,1
14.800000,16.50000,1.75000,0.244979,2
14.800000,17.50000,2.00000,0.000000,3
14.800000,18.50000,2.00000,-0.244979,4
14.800000,19.50000,1.75000,-0.244979,5
14.800000,20.50000,1.50000,-0.463648,6
14.800000,21.50000,1.00000,-0.463648,7
14.800000,22.50000,0.50000,-0.463648,8
14.800000,23.50000,0.00000,-0.244979,9
14.800000,24.50000,-0.25000,-0.463648,10
14.800000,25.50000,-0.75000,-0.463648,11
14.800000,26.50000,-1.25000,-0.244979,12
14.800000,27.50000,-1.50000,0.000000,13
14.800000,28.50000,-1.50000,0.000000,14
14.800000,29.50000,-1.50000,0.000000,15
14.800000,30.50000,-1.50000,0.244979,16
14.800000,31.50000,-1.25000,0.463648,17
14.800000,32.50000,-0.75000,0.244979,18
14.800000,33.50000,-0.50000,0.244979,19
14.800000,34.50000,-0.25000,0.000000,20
14.800000,35.50000,-0.25000,0.000000,21
14.800000,36.50000,-0.25000,0.000000,22
14.800000,37.50000,-0.25000,0.000000,23
14.800000,38.50000,-0.25000,0.000000,24
14.800000,39.50000,-0.25000,0.000000,25
14.800000,40.50000,-0.25000,0.000000,26
14.800000,41.50000,-0.25000,0.000000,27
14.800000,42.50000,-0.25000,0.000000,28
14.800000,43.50000,-0.25000,0.000000,29
14.800000,44.50000,-0.25000,0.000000,30
