timestamp_s,x,y,yaw,seq
1.100000,0.00993,-0.00307,0.250249,0
1.100000,1.00000,0.25000,0.000000,1
1.100000,2.00000,0.25000,0.000000,2
1.100000,3.00000,0.25000,0.000000,3
1.100000,4.00000,0.25000,0.000000,4
1.100000,5.00000,0.25000,0.000000,5
1.100000,6.00000,0.25000,0.000000,6
1.100000,7.00000,0.25000,0.000000,7
1.100000,8.00000,0.25000,0.000000,8
1.100000,9.00000,0.25000,0.000000,9
1.100000,10.00000,0.25000,0.000000,10
1.100000,11.00000,0.25000,0.244979,11
1.100000,12.00000,0.50000,0.244979,12
1.100000,13.00000,0.75000,0.244979,13
1.100000,14.00000,1.00000,0.463648,14
1.100000,15.00000,1.50000,0.463648,15
1.100000,16.00000,2.00000,0.000000,16
1.100000,17.00000,2.00000,0.000000,17
1.100000,18.00000,2.00000,-0.244979,18
1.100000,19.00000,1.75000,-0.244979,19
1.100000,20.00000,1.50000,-0.244979,20
1.100000,21.00000,1.25000,-0.463648,21
1.100000,22.00000,0.75000,-0.463648,22
1.100000,23.00000,0.25000,-0.244979,23
1.100000,24.00000,0.00000,-0.244979,24
1.100000,25.00000,-0.25000,-0.463648,25
1.100000,26.00000,-0.75000,-0.463648,26
1.100000,27.00000,-1.25000,-0.244979,27
1.100000,28.00000,-1.50000,0.000000,28
1.100000,29.00000,-1.50000,0.000000,29
1.100000,30.00000,-1.50000,0.000000,30
1.200000,0.01859,-0.01688,0.265517,0
1.200000,1.00000,0.25000,0.000000,1
1.200000,2.00000,0.25000,0.000000,2
1.200000,3.00000,0.25000,0.000000,3
1.200000,4.00000,0.25000,0.000000,4
1.200000,5.00000,0.25000,0.000000,5
1.200000,6.00000,0.25000,0.000000,6
1.200000,7.00000,0.25000,0.000000,7
1.200000,8.00000,0.25000,0.000000,8
1.200000,9.00000,0.25000,0.000000,9
1.200000,10.00000,0.25000,0.000000,10
1.200000,11.00000,0.25000,0.244979,11
1.200000,12.00000,0.50000,0.244979,12
1.200000,13.00000,0.75000,0.244979,13
1.200000,14.00000,1.00000,0.463648,14
1.200000,15.00000,1.50000,0.463648,15
1.200000,16.00000,2.00000,0.000000,16
1.200000,17.00000,2.00000,0.000000,17
1.200000,18.00000,2.00000,-0.244979,18
1.200000,19.00000,1.75000,-0.244979,19
1.200000,20.00000,1.50000,-0.244979,20
1.200000,21.00000,1.25000,-0.463648,21
1.200000,22.00000,0.75000,-0.463648,22
1.200000,23.00000,0.25000,-0.244979,23
1.200000,24.00000,0.00000,-0.244979,24
1.200000,25.00000,-0.25000,-0.463648,25
1.200000,26.00000,-0.75000,-0.463648,26
1.200000,27.00000,-1.25000,-0.244979,27
1.200000,28.00000,-1.50000,0.000000,28
1.200000,29.00000,-1.50000,0.000000,29
1.200000,30.00000,-1.50000,0.000000,30
1.300000,-0.01890,-0.02358,0.262319,0
1.300000,1.00000,0.25000,0.000000,1
1.300000,2.00000,0.25000,0.000000,2
1.300000,3.00000,0.25000,0.000000,3
1.300000,4.00000,0.25000,0.000000,4
1.300000,5.00000,0.25000,0.000000,5
1.300000,6.00000,0.25000,0.000000,6
1.300000,7.00000,0.25000,0.000000,7
1.300000,8.00000,0.25000,0.000000,8
1.300000,9.00000,0.25000,0.000000,9
1.300000,10.00000,0.25000,0.000000,10
1.300000,11.00000,0.25000,0.244979,11
1.300000,12.00000,0.50000,0.244979,12
1.300000,13.00000,0.75000,0.244979,13
1.300000,14.00000,1.00000,0.463648,14
1.300000,15.00000,1.50000,0.463648,15
1.300000,16.00000,2.00000,0.000000,16
1.300000,17.00000,2.00000,0.000000,17
1.300000,18.00000,2.00000,-0.244979,18
1.300000,19.00000,1.75000,-0.244979,19
1.300000,20.00000,1.50000,-0.244979,20
1.300000,21.00000,1.25000,-0.463648,21
1.300000,22.00000,0.75000,-0.463648,22
1.300000,23.00000,0.25000,-0.244979,23
1.300000,24.00000,0.00000,-0.244979,24
1.300000,25.00000,-0.25000,-0.463648,25
1.300000,26.00000,-0.75000,-0.463648,26
1.300000,27.00000,-1.25000,-0.244979,27
1.300000,28.00000,-1.50000,0.000000,28
1.300000,29.00000,-1.50000,0.000000,29
1.300000,30.00000,-1.50000,0.000000,30
1.400000,-0.00569,-0.02333,0.265377,0
1.400000,1.00000,0.25000,0.000000,1
1.400000,2.00000,0.25000,0.000000,2
1.400000,3.00000,0.25000,0.000000,3
1.400000,4.00000,0.25000,0.000000,4
1.400000,5.00000,0.25000,0.000000,5
1.400000,6.00000,0.25000,0.000000,6
1.400000,7.00000,0.25000,0.000000,7
1.400000,8.00000,0.25000,0.000000,8
1.400000,9.00000,0.25000,0.000000,9
1.400000,10.00000,0.25000,0.000000,10
1.400000,11.00000,0.25000,0.244979,11
1.400000,12.00000,0.50000,0.244979,12
1.400000,13.00000,0.75000,0.244979,13
1.400000,14.00000,1.00000,0.463648,14
1.400000,15.00000,1.50000,0.463648,15
1.400000,16.00000,2.00000,0.000000,16
1.400000,17.00000,2.00000,0.000000,17
1.400000,18.00000,2.00000,0.000000,18
1.400000,19.00000,2.00000,-0.244979,19
1.400000,20.00000,1.75000,-0.463648,20
1.400000,21.00000,1.25000,-0.463648,21
1.400000,22.00000,0.75000,-0.463648,22
1.400000,23.00000,0.25000,-0.244979,23
1.400000,24.00000,0.00000,-0.244979,24
1.400000,25.00000,-0.25000,-0.463648,25
1.400000,26.00000,-0.75000,-0.463648,26
1.400000,27.00000,-1.25000,-0.244979,27
1.400000,28.00000,-1.50000,0.000000,28
1.400000,29.00000,-1.50000,0.000000,29
1.400000,30.00000,-1.50000,0.000000,30
1.502000,0.00330,0.00957,0.236704,0
1.502000,1.00000,0.25000,0.000000,1
1.502000,2.00000,0.25000,0.000000,2
1.502000,3.00000,0.25000,0.000000,3
1.502000,4.00000,0.25000,0.000000,4
1.502000,5.00000,0.25000,0.000000,5
1.502000,6.00000,0.25000,0.000000,6
1.502000,7.00000,0.25000,0.000000,7
1.502000,8.00000,0.25000,0.000000,8
1.502000,9.00000,0.25000,0.000000,9
1.502000,10.00000,0.25000,0.000000,10
1.502000,11.00000,0.25000,0.244979,11
1.502000,12.00000,0.50000,0.244979,12
1.502000,13.00000,0.75000,0.244979,13
1.502000,14.00000,1.00000,0.463648,14
1.502000,15.00000,1.50000,0.463648,15
1.502000,16.00000,2.00000,0.000000,16
1.502000,17.00000,2.00000,0.000000,17
1.502000,18.00000,2.00000,-0.244979,18
1.502000,19.00000,1.75000,-0.244979,19
1.502000,20.00000,1.50000,-0.244979,20
1.502000,21.00000,1.25000,-0.463648,21
1.502000,22.00000,0.75000,-0.463648,22
1.502000,23.00000,0.25000,-0.244979,23
1.502000,24.00000,0.00000,-0.463648,24
1.502000,25.00000,-0.50000,-0.463648,25
1.502000,26.00000,-1.00000,-0.463648,26
1.502000,27.00000,-1.50000,0.000000,27
1.502000,28.00000,-1.50000,0.000000,28
1.502000,29.00000,-1.50000,0.000000,29
1.502000,30.00000,-1.50000,0.000000,30
1.600000,-0.00305,0.02077,0.224675,0
1.600000,1.00000,0.25000,0.000000,1
1.600000,2.00000,0.25000,0.000000,2
1.600000,3.00000,0.25000,0.000000,3
1.600000,4.00000,0.25000,0.000000,4
1.600000,5.00000,0.25000,0.000000,5
1.600000,6.00000,0.25000,0.000000,6
1.600000,7.00000,0.25000,0.000000,7
1.600000,8.00000,0.25000,0.000000,8
1.600000,9.00000,0.25000,0.000000,9
1.600000,10.00000,0.25000,0.000000,10
1.600000,11.00000,0.25000,0.244979,11
1.600000,12.00000,0.50000,0.244979,12
1.600000,13.00000,0.75000,0.244979,13
1.600000,14.00000,1.00000,0.463648,14
1.600000,15.00000,1.50000,0.463648,15
1.600000,16.00000,2.00000,0.000000,16
1.600000,17.00000,2.00000,0.000000,17
1.600000,18.00000,2.00000,0.000000,18
1.600000,19.00000,2.00000,-0.244979,19
1.600000,20.00000,1.75000,-0.463648,20
1.600000,21.00000,1.25000,-0.463648,21
1.600000,22.00000,0.75000,-0.463648,22
1.600000,23.00000,0.25000,-0.244979,23
1.600000,24.00000,0.00000,-0.244979,24
1.600000,25.00000,-0.25000,-0.463648,25
1.600000,26.00000,-0.75000,-0.463648,26
1.600000,27.00000,-1.25000,-0.244979,27
1.600000,28.00000,-1.50000,0.000000,28
1.600000,29.00000,-1.50000,0.000000,29
1.600000,30.00000,-1.50000,0.000000,30
1.700000,0.01163,-0.01425,0.261255,0
1.700000,1.00000,0.25000,0.000000,1
1.700000,2.00000,0.25000,0.000000,2
1.700000,3.00000,0.25000,0.000000,3
1.700000,4.00000,0.25000,0.000000,4
1.700000,5.00000,0.25000,0.000000,5
1.700000,6.00000,0.25000,0.000000,6
1.700000,7.00000,0.25000,0.000000,7
1.700000,8.00000,0.25000,0.000000,8
1.700000,9.00000,0.25000,0.000000,9
1.700000,10.00000,0.25000,0.000000,10
1.700000,11.00000,0.25000,0.244979,11
1.700000,12.00000,0.50000,0.244979,12
1.700000,13.00000,0.75000,0.244979,13
1.700000,14.00000,1.00000,0.463648,14
1.700000,15.00000,1.50000,0.463648,15
1.700000,16.00000,2.00000,0.000000,16
1.700000,17.00000,2.00000,0.000000,17
1.700000,18.00000,2.00000,0.000000,18
1.700000,19.00000,2.00000,-0.244979,19
1.700000,20.00000,1.75000,-0.463648,20
1.700000,21.00000,1.25000,-0.463648,21
1.700000,22.00000,0.75000,-0.463648,22
1.700000,23.00000,0.25000,-0.244979,23
1.700000,24.00000,0.00000,-0.244979,24
1.700000,25.00000,-0.25000,-0.463648,25
1.700000,26.00000,-0.75000,-0.463648,26
1.700000,27.00000,-1.25000,-0.244979,27
1.700000,28.00000,-1.50000,0.000000,28
1.700000,29.00000,-1.50000,0.000000,29
1.700000,30.00000,-1.50000,0.000000,30
1.800000,0.05718,-0.01291,0.271946,0
1.800000,1.00000,0.25000,0.000000,1
1.800000,2.00000,0.25000,0.000000,2
1.800000,3.00000,0.25000,0.000000,3
1.800000,4.00000,0.25000,0.000000,4
1.800000,5.00000,0.25000,0.000000,5
1.800000,6.00000,0.25000,0.000000,6
1.800000,7.00000,0.25000,0.000000,7
1.800000,8.00000,0.25000,0.000000,8
1.800000,9.00000,0.25000,0.000000,9
1.800000,10.00000,0.25000,0.000000,10
1.800000,11.00000,0.25000,0.244979,11
1.800000,12.00000,0.50000,0.244979,12
1.800000,13.00000,0.75000,0.244979,13
1.800000,14.00000,1.00000,0.463648,14
1.800000,15.00000,1.50000,0.463648,15
1.800000,16.00000,2.00000,0.000000,16
1.800000,17.00000,2.00000,0.000000,17
1.800000,18.00000,2.00000,0.000000,18
1.800000,19.00000,2.00000,-0.244979,19
1.800000,20.00000,1.75000,-0.463648,20
1.800000,21.00000,1.25000,-0.463648,21
1.800000,22.00000,0.75000,-0.463648,22
1.800000,23.00000,0.25000,-0.244979,23
1.800000,24.00000,0.00000,-0.244979,24
1.800000,25.00000,-0.25000,-0.463648,25
1.800000,26.00000,-0.75000,-0.463648,26
1.800000,27.00000,-1.25000,-0.244979,27
1.800000,28.00000,-1.50000,0.000000,28
1.800000,29.00000,-1.50000,0.000000,29
1.800000,30.00000,-1.50000,0.000000,30
1.904000,0.06653,0.00742,0.254249,0
1.904000,1.00000,0.25000,0.000000,1
1.904000,2.00000,0.25000,0.000000,2
1.904000,3.00000,0.25000,0.000000,3
1.904000,4.00000,0.25000,0.000000,4
1.904000,5.00000,0.25000,0.000000,5
1.904000,6.00000,0.25000,0.000000,6
1.904000,7.00000,0.25000,0.000000,7
1.904000,8.00000,0.25000,0.000000,8
1.904000,9.00000,0.25000,0.000000,9
1.904000,10.00000,0.25000,0.000000,10
1.904000,11.00000,0.25000,0.244979,11
1.904000,12.00000,0.50000,0.244979,12
1.904000,13.00000,0.75000,0.244979,13
1.904000,14.00000,1.00000,0.463648,14
1.904000,15.00000,1.50000,0.463648,15
1.904000,16.00000,2.00000,0.000000,16
1.904000,17.00000,2.00000,0.000000,17
1.904000,18.00000,2.00000,0.000000,18
1.904000,19.00000,2.00000,-0.244979,19
1.904000,20.00000,1.75000,-0.463648,20
1.904000,21.00000,1.25000,-0.463648,21
1.904000,22.00000,0.75000,-0.463648,22
1.904000,23.00000,0.25000,-0.244979,23
1.904000,24.00000,0.00000,-0.244979,24
1.904000,25.00000,-0.25000,-0.463648,25
1.904000,26.00000,-0.75000,-0.463648,26
1.904000,27.00000,-1.25000,-0.244979,27
1.904000,28.00000,-1.50000,0.000000,28
1.904000,29.00000,-1.50000,0.000000,29
1.904000,30.00000,-1.50000,0.000000,30
2.000000,0.09993,-0.02363,0.295133,0
2.000000,1.00000,0.25000,0.000000,1
2.000000,2.00000,0.25000,0.000000,2
2.000000,3.00000,0.25000,0.000000,3
2.000000,4.00000,0.25000,0.000000,4
2.000000,5.00000,0.25000,0.000000,5
2.000000,6.00000,0.25000,0.000000,6
2.000000,7.00000,0.25000,0.000000,7
2.000000,8.00000,0.25000,0.000000,8
2.000000,9.00000,0.25000,0.000000,9
2.000000,10.00000,0.25000,0.000000,10
2.000000,11.00000,0.25000,0.244979,11
2.000000,12.00000,0.50000,0.244979,12
2.000000,13.00000,0.75000,0.244979,13
2.000000,14.00000,1.00000,0.463648,14
2.000000,15.00000,1.50000,0.463648,15
2.000000,16.00000,2.00000,0.000000,16
2.000000,17.00000,2.00000,0.000000,17
2.000000,18.00000,2.00000,0.000000,18
2.000000,19.00000,2.00000,-0.244979,19
2.000000,20.00000,1.75000,-0.463648,20
2.000000,21.00000,1.25000,-0.463648,21
2.000000,22.00000,0.75000,-0.463648,22
2.000000,23.00000,0.25000,-0.244979,23
2.000000,24.00000,0.00000,-0.244979,24
2.000000,25.00000,-0.25000,-0.463648,25
2.000000,26.00000,-0.75000,-0.463648,26
2.000000,27.00000,-1.25000,-0.244979,27
2.000000,28.00000,-1.50000,0.000000,28
2.000000,29.00000,-1.50000,0.000000,29
2.000000,30.00000,-1.50000,0.000000,30
2.100000,0.12209,-0.01686,0.295097,0
2.100000,1.00000,0.25000,0.000000,1
2.100000,2.00000,0.25000,0.000000,2
2.100000,3.00000,0.25000,0.000000,3
2.100000,4.00000,0.25000,0.000000,4
2.100000,5.00000,0.25000,0.000000,5
2.100000,6.00000,0.25000,0.000000,6
2.100000,7.00000,0.25000,0.000000,7
2.100000,8.00000,0.25000,0.000000,8
2.100000,9.00000,0.25000,0.000000,9
2.100000,10.00000,0.25000,0.000000,10
2.100000,11.00000,0.25000,0.244979,11
2.100000,12.00000,0.50000,0.244979,12
2.100000,13.00000,0.75000,0.244979,13
2.100000,14.00000,1.00000,0.463648,14
2.100000,15.00000,1.50000,0.463648,15
2.100000,16.00000,2.00000,0.000000,16
2.100000,17.00000,2.00000,0.000000,17
2.100000,18.00000,2.00000,0.000000,18
2.100000,19.00000,2.00000,-0.244979,19
2.100000,20.00000,1.75000,-0.463648,20
2.100000,21.00000,1.25000,-0.463648,21
2.100000,22.00000,0.75000,-0.463648,22
2.100000,23.00000,0.25000,-0.244979,23
2.100000,24.00000,0.00000,-0.244979,24
2.100000,25.00000,-0.25000,-0.463648,25
2.100000,26.00000,-0.75000,-0.463648,26
2.100000,27.00000,-1.25000,-0.244979,27
2.100000,28.00000,-1.50000,0.000000,28
2.100000,29.00000,-1.50000,0.000000,29
2.100000,30.00000,-1.50000,0.000000,30
2.200000,0.21674,-0.02488,0.337517,0
2.200000,1.00000,0.25000,0.000000,1
2.200000,2.00000,0.25000,0.000000,2
2.200000,3.00000,0.25000,0.000000,3
2.200000,4.00000,0.25000,0.000000,4
2.200000,5.00000,0.25000,0.000000,5
2.200000,6.00000,0.25000,0.000000,6
2.200000,7.00000,0.25000,0.000000,7
2.200000,8.00000,0.25000,0.000000,8
2.200000,9.00000,0.25000,0.000000,9
2.200000,10.00000,0.25000,0.000000,10
2.200000,11.00000,0.25000,0.244979,11
2.200000,12.00000,0.50000,0.244979,12
2.200000,13.00000,0.75000,0.244979,13
2.200000,14.00000,1.00000,0.463648,14
2.200000,15.00000,1.50000,0.463648,15
2.200000,16.00000,2.00000,0.000000,16
2.200000,17.00000,2.00000,0.000000,17
2.200000,18.00000,2.00000,0.000000,18
2.200000,19.00000,2.00000,-0.244979,19
2.200000,20.00000,1.75000,-0.463648,20
2.200000,21.00000,1.25000,-0.463648,21
2.200000,22.00000,0.75000,-0.463648,22
2.200000,23.00000,0.25000,-0.244979,23
2.200000,24.00000,0.00000,-0.244979,24
2.200000,25.00000,-0.25000,-0.463648,25
2.200000,26.00000,-0.75000,-0.463648,26
2.200000,27.00000,-1.25000,-0.244979,27
2.200000,28.00000,-1.50000,0.000000,28
2.200000,29.00000,-1.50000,0.000000,29
2.200000,30.00000,-1.50000,0.000000,30
2.300000,0.24037,-0.04943,0.064974,0
2.300000,1.00000,0.00000,0.000000,1
2.300000,2.00000,0.00000,0.000000,2
2.300000,3.00000,0.00000,0.000000,3
2.300000,4.00000,0.00000,0.000000,4
2.300000,5.00000,0.00000,0.000000,5
2.300000,6.00000,0.00000,0.000000,6
2.300000,7.00000,0.00000,0.000000,7
2.300000,8.00000,0.00000,0.000000,8
2.300000,9.00000,0.00000,0.000000,9
2.300000,10.00000,0.00000,0.244979,10
2.300000,11.00000,0.25000,0.244979,11
2.300000,12.00000,0.50000,0.244979,12
2.300000,13.00000,0.75000,0.244979,13
2.300000,14.00000,1.00000,0.463648,14
2.300000,15.00000,1.50000,0.463648,15
2.300000,16.00000,2.00000,0.000000,16
2.300000,17.00000,2.00000,0.000000,17
2.300000,18.00000,2.00000,0.000000,18
2.300000,19.00000,2.00000,-0.244979,19
2.300000,20.00000,1.75000,-0.463648,20
2.300000,21.00000,1.25000,-0.463648,21
2.300000,22.00000,0.75000,-0.463648,22
2.300000,23.00000,0.25000,-0.244979,23
2.300000,24.00000,0.00000,-0.244979,24
2.300000,25.00000,-0.25000,-0.463648,25
2.300000,26.00000,-0.75000,-0.463648,26
2.300000,27.00000,-1.25000,-0.244979,27
2.300000,28.00000,-1.50000,0.000000,28
2.300000,29.00000,-1.50000,0.000000,29
2.300000,30.00000,-1.50000,0.000000,30
2.400000,0.31056,-0.04589,0.038564,0
2.400000,1.50000,0.00000,0.000000,1
2.400000,2.50000,0.00000,0.000000,2
2.400000,3.50000,0.00000,0.000000,3
2.400000,4.50000,0.00000,0.000000,4
2.400000,5.50000,0.00000,0.000000,5
2.400000,6.50000,0.00000,0.000000,6
2.400000,7.50000,0.00000,0.000000,7
2.400000,8.50000,0.00000,0.000000,8
2.400000,9.50000,0.00000,0.000000,9
2.400000,10.50000,0.00000,0.244979,10
2.400000,11.50000,0.25000,0.244979,11
2.400000,12.50000,0.50000,0.244979,12
2.400000,13.50000,0.75000,0.244979,13
2.400000,14.50000,1.00000,0.463648,14
2.400000,15.50000,1.50000,0.463648,15
2.400000,16.50000,2.00000,0.000000,16
2.400000,17.50000,2.00000,0.000000,17
2.400000,18.50000,2.00000,-0.244979,18
2.400000,19.50000,1.75000,-0.244979,19
2.400000,20.50000,1.50000,-0.463648,20
2.400000,21.50000,1.00000,-0.463648,21
2.400000,22.50000,0.50000,-0.463648,22
2.400000,23.50000,0.00000,-0.244979,23
2.400000,24.50000,-0.25000,-0.463648,24
2.400000,25.50000,-0.75000,-0.463648,25
2.400000,26.50000,-1.25000,-0.244979,26
2.400000,27.50000,-1.50000,0.000000,27
2.400000,28.50000,-1.50000,0.000000,28
2.400000,29.50000,-1.50000,0.000000,29
2.400000,30.50000,-1.50000,0.000000,30
2.500000,0.37593,-0.05739,0.051010,0
2.500000,1.50000,0.00000,0.000000,1
2.500000,2.50000,0.00000,0.000000,2
2.500000,3.50000,0.00000,0.000000,3
2.500000,4.50000,0.00000,0.000000,4
2.500000,5.50000,0.00000,0.000000,5
2.500000,6.50000,0.00000,0.000000,6
2.500000,7.50000,0.00000,0.000000,7
2.500000,8.50000,0.00000,0.000000,8
2.500000,9.50000,0.00000,0.000000,9
2.500000,10.50000,0.00000,0.244979,10
2.500000,11.50000,0.25000,0.244979,11
2.500000,12.50000,0.50000,0.244979,12
2.500000,13.50000,0.75000,0.244979,13
2.500000,14.50000,1.00000,0.463648,14
2.500000,15.50000,1.50000,0.463648,15
2.500000,16.50000,2.00000,0.000000,16
2.500000,17.50000,2.00000,0.000000,17
2.500000,18.50000,2.00000,-0.244979,18
2.500000,19.50000,1.75000,-0.244979,19
2.500000,20.50000,1.50000,-0.463648,20
2.500000,21.50000,1.00000,-0.463648,21
2.500000,22.50000,0.50000,-0.463648,22
2.500000,23.50000,0.00000,-0.244979,23
2.500000,24.50000,-0.25000,-0.463648,24
2.500000,25.50000,-0.75000,-0.463648,25
2.500000,26.50000,-1.25000,-0.244979,26
2.500000,27.50000,-1.50000,0.000000,27
2.500000,28.50000,-1.50000,0.000000,28
2.500000,29.50000,-1.50000,0.000000,29
2.500000,30.50000,-1.50000,0.000000,30
2.600000,0.42920,-0.10182,0.094799,0
2.600000,1.50000,0.00000,0.000000,1
2.600000,2.50000,0.00000,0.000000,2
2.600000,3.50000,0.00000,0.000000,3
2.600000,4.50000,0.00000,0.000000,4
2.600000,5.50000,0.00000,0.000000,5
2.600000,6.50000,0.00000,0.000000,6
2.600000,7.50000,0.00000,0.000000,7
2.600000,8.50000,0.00000,0.000000,8
2.600000,9.50000,0.00000,0.000000,9
2.600000,10.50000,0.00000,0.244979,10
2.600000,11.50000,0.25000,0.244979,11
2.600000,12.50000,0.50000,0.244979,12
2.600000,13.50000,0.75000,0.244979,13
2.600000,14.50000,1.00000,0.463648,14
2.600000,15.50000,1.50000,0.463648,15
2.600000,16.50000,2.00000,0.000000,16
2.600000,17.50000,2.00000,0.000000,17
2.600000,18.50000,2.00000,-0.244979,18
2.600000,19.50000,1.75000,-0.244979,19
2.600000,20.50000,1.50000,-0.463648,20
2.600000,21.50000,1.00000,-0.463648,21
2.600000,22.50000,0.50000,-0.463648,22
2.600000,23.50000,0.00000,-0.244979,23
2.600000,24.50000,-0.25000,-0.463648,24
2.600000,25.50000,-0.75000,-0.463648,25
2.600000,26.50000,-1.25000,-0.244979,26
2.600000,27.50000,-1.50000,0.000000,27
2.600000,28.50000,-1.50000,0.000000,28
2.600000,29.50000,-1.50000,0.000000,29
2.600000,30.50000,-1.50000,0.000000,30
2.700000,0.50056,-0.11602,0.115569,0
2.700000,1.50000,0.00000,0.000000,1
2.700000,2.50000,0.00000,0.000000,2
2.700000,3.50000,0.00000,0.000000,3
2.700000,4.50000,0.00000,0.000000,4
2.700000,5.50000,0.00000,0.000000,5
2.700000,6.50000,0.00000,0.000000,6
2.700000,7.50000,0.00000,0.000000,7
2.700000,8.50000,0.00000,0.000000,8
2.700000,9.50000,0.00000,0.000000,9
2.700000,10.50000,0.00000,0.244979,10
2.700000,11.50000,0.25000,0.244979,11
2.700000,12.50000,0.50000,0.244979,12
2.700000,13.50000,0.75000,0.244979,13
2.700000,14.50000,1.00000,0.463648,14
2.700000,15.50000,1.50000,0.463648,15
2.700000,16.50000,2.00000,0.000000,16
2.700000,17.50000,2.00000,0.000000,17
2.700000,18.50000,2.00000,-0.244979,18
2.700000,19.50000,1.75000,-0.244979,19
2.700000,20.50000,1.50000,-0.463648,20
2.700000,21.50000,1.00000,-0.463648,21
2.700000,22.50000,0.50000,-0.463648,22
2.700000,23.50000,0.00000,-0.244979,23
2.700000,24.50000,-0.25000,-0.244979,24
2.700000,25.50000,-0.50000,-0.463648,25
2.700000,26.50000,-1.00000,-0.244979,26
2.700000,27.50000,-1.25000,0.000000,27
2.700000,28.50000,-1.25000,0.000000,28
2.700000,29.50000,-1.25000,0.000000,29
2.700000,30.50000,-1.25000,0.000000,30
2.800000,0.56614,-0.11348,0.120924,0
2.800000,1.50000,0.00000,0.000000,1
2.800000,2.50000,0.00000,0.000000,2
2.800000,3.50000,0.00000,0.000000,3
2.800000,4.50000,0.00000,0.000000,4
2.800000,5.50000,0.00000,0.000000,5
2.800000,6.50000,0.00000,0.000000,6
2.800000,7.50000,0.00000,0.000000,7
2.800000,8.50000,0.00000,0.000000,8
2.800000,9.50000,0.00000,0.000000,9
2.800000,10.50000,0.00000,0.244979,10
2.800000,11.50000,0.25000,0.244979,11
2.800000,12.50000,0.50000,0.244979,12
2.800000,13.50000,0.75000,0.244979,13
2.800000,14.50000,1.00000,0.463648,14
2.800000,15.50000,1.50000,0.463648,15
2.800000,16.50000,2.00000,0.000000,16
2.800000,17.50000,2.00000,0.000000,17
2.800000,18.50000,2.00000,-0.244979,18
2.800000,19.50000,1.75000,-0.244979,19
2.800000,20.50000,1.50000,-0.463648,20
2.800000,21.50000,1.00000,-0.463648,21
2.800000,22.50000,0.50000,-0.463648,22
2.800000,23.50000,0.00000,-0.244979,23
2.800000,24.50000,-0.25000,-0.244979,24
2.800000,25.50000,-0.50000,-0.463648,25
2.800000,26.50000,-1.00000,-0.244979,26
2.800000,27.50000,-1.25000,-0.244979,27
2.800000,28.50000,-1.50000,0.000000,28
2.800000,29.50000,-1.50000,0.000000,29
2.800000,30.50000,-1.50000,0.000000,30
2.900000,0.66367,-0.14748,0.174542,0
2.900000,1.50000,0.00000,0.000000,1
2.900000,2.50000,0.00000,0.000000,2
2.900000,3.50000,0.00000,0.000000,3
2.900000,4.50000,0.00000,0.000000,4
2.900000,5.50000,0.00000,0.000000,5
2.900000,6.50000,0.00000,0.000000,6
2.900000,7.50000,0.00000,0.000000,7
2.900000,8.50000,0.00000,0.000000,8
2.900000,9.50000,0.00000,0.000000,9
2.900000,10.50000,0.00000,0.244979,10
2.900000,11.50000,0.25000,0.244979,11
2.900000,12.50000,0.50000,0.244979,12
2.900000,13.50000,0.75000,0.244979,13
2.900000,14.50000,1.00000,0.463648,14
2.900000,15.50000,1.50000,0.463648,15
2.900000,16.50000,2.00000,0.000000,16
2.900000,17.50000,2.00000,0.000000,17
2.900000,18.50000,2.00000,-0.244979,18
2.900000,19.50000,1.75000,-0.244979,19
2.900000,20.50000,1.50000,-0.463648,20
2.900000,21.50000,1.00000,-0.463648,21
2.900000,22.50000,0.50000,-0.463648,22
2.900000,23.50000,0.00000,-0.244979,23
2.900000,24.50000,-0.25000,-0.463648,24
2.900000,25.50000,-0.75000,-0.463648,25
2.900000,26.50000,-1.25000,-0.244979,26
2.900000,27.50000,-1.50000,0.000000,27
2.900000,28.50000,-1.50000,0.000000,28
2.900000,29.50000,-1.50000,0.000000,29
2.900000,30.50000,-1.50000,0.000000,30
3.000000,0.74020,-0.11152,0.145736,0
3.000000,1.50000,0.00000,0.000000,1
3.000000,2.50000,0.00000,0.000000,2
3.000000,3.50000,0.00000,0.000000,3
3.000000,4.50000,0.00000,0.000000,4
3.000000,5.50000,0.00000,0.000000,5
3.000000,6.50000,0.00000,0.000000,6
3.000000,7.50000,0.00000,0.000000,7
3.000000,8.50000,0.00000,0.000000,8
3.000000,9.50000,0.00000,0.000000,9
3.000000,10.50000,0.00000,0.244979,10
3.000000,11.50000,0.25000,0.244979,11
3.000000,12.50000,0.50000,0.244979,12
3.000000,13.50000,0.75000,0.244979,13
3.000000,14.50000,1.00000,0.463648,14
3.000000,15.50000,1.50000,0.463648,15
3.000000,16.50000,2.00000,0.000000,16
3.000000,17.50000,2.00000,0.000000,17
3.000000,18.50000,2.00000,-0.244979,18
3.000000,19.50000,1.75000,-0.244979,19
3.000000,20.50000,1.50000,-0.463648,20
3.000000,21.50000,1.00000,-0.463648,21
3.000000,22.50000,0.50000,-0.463648,22
3.000000,23.50000,0.00000,-0.244979,23
3.000000,24.50000,-0.25000,-0.463648,24
3.000000,25.50000,-0.75000,-0.463648,25
3.000000,26.50000,-1.25000,-0.244979,26
3.000000,27.50000,-1.50000,0.000000,27
3.000000,28.50000,-1.50000,0.000000,28
3.000000,29.50000,-1.50000,0.000000,29
3.000000,30.50000,-1.50000,0.000000,30
3.100000,0.78778,-0.14616,0.119997,0
3.100000,2.00000,0.00000,0.000000,1
3.100000,3.00000,0.00000,0.000000,2
3.100000,4.00000,0.00000,0.000000,3
3.100000,5.00000,0.00000,0.000000,4
3.100000,6.00000,0.00000,0.000000,5
3.100000,7.00000,0.00000,0.000000,6
3.100000,8.00000,0.00000,0.000000,7
3.100000,9.00000,0.00000,0.000000,8
3.100000,10.00000,0.00000,0.244979,9
3.100000,11.00000,0.25000,0.244979,10
3.100000,12.00000,0.50000,0.244979,11
3.100000,13.00000,0.75000,0.244979,12
3.100000,14.00000,1.00000,0.463648,13
3.100000,15.00000,1.50000,0.463648,14
3.100000,16.00000,2.00000,0.000000,15
3.100000,17.00000,2.00000,0.000000,16
3.100000,18.00000,2.00000,0.000000,17
3.100000,19.00000,2.00000,-0.244979,18
3.100000,20.00000,1.75000,-0.463648,19
3.100000,21.00000,1.25000,-0.463648,20
3.100000,22.00000,0.75000,-0.463648,21
3.100000,23.00000,0.25000,-0.244979,22
3.100000,24.00000,0.00000,-0.244979,23
3.100000,25.00000,-0.25000,-0.463648,24
3.100000,26.00000,-0.75000,-0.463648,25
3.100000,27.00000,-1.25000,-0.244979,26
3.100000,28.00000,-1.50000,0.000000,27
3.100000,29.00000,-1.50000,0.000000,28
3.100000,30.00000,-1.50000,0.000000,29
3.100000,31.00000,-1.50000,0.000000,30
3.200000,0.89179,-0.13564,0.121792,0
3.200000,2.00000,0.00000,0.000000,1
3.200000,3.00000,0.00000,0.000000,2
3.200000,4.00000,0.00000,0.000000,3
3.200000,5.00000,0.00000,0.000000,4
3.200000,6.00000,0.00000,0.000000,5
3.200000,7.00000,0.00000,0.000000,6
3.200000,8.00000,0.00000,0.000000,7
3.200000,9.00000,0.00000,0.000000,8
3.200000,10.00000,0.00000,0.244979,9
3.200000,11.00000,0.25000,0.244979,10
3.200000,12.00000,0.50000,0.244979,11
3.200000,13.00000,0.75000,0.244979,12
3.200000,14.00000,1.00000,0.463648,13
3.200000,15.00000,1.50000,0.463648,14
3.200000,16.00000,2.00000,0.000000,15
3.200000,17.00000,2.00000,0.000000,16
3.200000,18.00000,2.00000,0.000000,17
3.200000,19.00000,2.00000,-0.244979,18
3.200000,20.00000,1.75000,-0.463648,19
3.200000,21.00000,1.25000,-0.463648,20
3.200000,22.00000,0.75000,-0.463648,21
3.200000,23.00000,0.25000,-0.244979,22
3.200000,24.00000,0.00000,-0.244979,23
3.200000,25.00000,-0.25000,-0.463648,24
3.200000,26.00000,-0.75000,-0.463648,25
3.200000,27.00000,-1.25000,-0.244979,26
3.200000,28.00000,-1.50000,0.000000,27
3.200000,29.00000,-1.50000,0.000000,28
3.200000,30.00000,-1.50000,0.000000,29
3.200000,31.00000,-1.50000,0.000000,30
3.300000,0.88215,-0.14490,0.128902,0
3.300000,2.00000,0.00000,0.000000,1
3.300000,3.00000,0.00000,0.000000,2
3.300000,4.00000,0.00000,0.000000,3
3.300000,5.00000,0.00000,0.000000,4
3.300000,6.00000,0.00000,0.000000,5
3.300000,7.00000,0.00000,0.000000,6
3.300000,8.00000,0.00000,0.000000,7
3.300000,9.00000,0.00000,0.000000,8
3.300000,10.00000,0.00000,0.244979,9
3.300000,11.00000,0.25000,0.244979,10
3.300000,12.00000,0.50000,0.244979,11
3.300000,13.00000,0.75000,0.244979,12
3.300000,14.00000,1.00000,0.463648,13
3.300000,15.00000,1.50000,0.463648,14
3.300000,16.00000,2.00000,0.000000,15
3.300000,17.00000,2.00000,0.000000,16
3.300000,18.00000,2.00000,-0.244979,17
3.300000,19.00000,1.75000,-0.244979,18
3.300000,20.00000,1.50000,-0.244979,19
3.300000,21.00000,1.25000,-0.463648,20
3.300000,22.00000,0.75000,-0.463648,21
3.300000,23.00000,0.25000,-0.244979,22
3.300000,24.00000,0.00000,-0.244979,23
3.300000,25.00000,-0.25000,-0.463648,24
3.300000,26.00000,-0.75000,-0.463648,25
3.300000,27.00000,-1.25000,-0.244979,26
3.300000,28.00000,-1.50000,0.000000,27
3.300000,29.00000,-1.50000,0.000000,28
3.300000,30.00000,-1.50000,0.000000,29
3.300000,31.00000,-1.50000,0.000000,30
3.402000,0.95024,-0.19713,0.185626,0
3.402000,2.00000,0.00000,0.000000,1
3.402000,3.00000,0.00000,0.000000,2
3.402000,4.00000,0.00000,0.000000,3
3.402000,5.00000,0.00000,0.000000,4
3.402000,6.00000,0.00000,0.000000,5
3.402000,7.00000,0.00000,0.000000,6
3.402000,8.00000,0.00000,0.000000,7
3.402000,9.00000,0.00000,0.000000,8
3.402000,10.00000,0.00000,0.244979,9
3.402000,11.00000,0.25000,0.244979,10
3.402000,12.00000,0.50000,0.244979,11
3.402000,13.00000,0.75000,0.244979,12
3.402000,14.00000,1.00000,0.463648,13
3.402000,15.00000,1.50000,0.463648,14
3.402000,16.00000,2.00000,0.000000,15
3.402000,17.00000,2.00000,0.000000,16
3.402000,18.00000,2.00000,-0.244979,17
3.402000,19.00000,1.75000,-0.244979,18
3.402000,20.00000,1.50000,-0.244979,19
3.402000,21.00000,1.25000,-0.463648,20
3.402000,22.00000,0.75000,-0.463648,21
3.402000,23.00000,0.25000,-0.244979,22
3.402000,24.00000,0.00000,-0.244979,23
3.402000,25.00000,-0.25000,-0.463648,24
3.402000,26.00000,-0.75000,-0.463648,25
3.402000,27.00000,-1.25000,-0.244979,26
3.402000,28.00000,-1.50000,0.000000,27
3.402000,29.00000,-1.50000,0.000000,28
3.402000,30.00000,-1.50000,0.000000,29
3.402000,31.00000,-1.50000,0.000000,30
3.500000,0.95036,-0.20248,0.190564,0
3.500000,2.00000,0.00000,0.000000,1
3.500000,3.00000,0.00000,0.000000,2
3.500000,4.00000,0.00000,0.000000,3
3.500000,5.00000,0.00000,0.000000,4
3.500000,6.00000,0.00000,0.000000,5
3.500000,7.00000,0.00000,0.000000,6
3.500000,8.00000,0.00000,0.000000,7
3.500000,9.00000,0.00000,0.000000,8
3.500000,10.00000,0.00000,0.244979,9
3.500000,11.00000,0.25000,0.244979,10
3.500000,12.00000,0.50000,0.244979,11
3.500000,13.00000,0.75000,0.244979,12
3.500000,14.00000,1.00000,0.463648,13
3.500000,15.00000,1.50000,0.463648,14
3.500000,16.00000,2.00000,0.000000,15
3.500000,17.00000,2.00000,0.000000,16
3.500000,18.00000,2.00000,-0.244979,17
3.500000,19.00000,1.75000,-0.244979,18
3.500000,20.00000,1.50000,-0.244979,19
3.500000,21.00000,1.25000,-0.463648,20
3.500000,22.00000,0.75000,-0.463648,21
3.500000,23.00000,0.25000,-0.244979,22
3.500000,24.00000,0.00000,-0.244979,23
3.500000,25.00000,-0.25000,-0.463648,24
3.500000,26.00000,-0.75000,-0.463648,25
3.500000,27.00000,-1.25000,-0.244979,26
3.500000,28.00000,-1.50000,0.000000,27
3.500000,29.00000,-1.50000,0.000000,28
3.500000,30.00000,-1.50000,0.000000,29
3.500000,31.00000,-1.50000,0.000000,30
3.600000,1.00419,-0.17216,0.171198,0
3.600000,2.00000,0.00000,0.000000,1
3.600000,3.00000,0.00000,0.000000,2
3.600000,4.00000,0.00000,0.000000,3
3.600000,5.00000,0.00000,0.000000,4
3.600000,6.00000,0.00000,0.000000,5
3.600000,7.00000,0.00000,0.000000,6
3.600000,8.00000,0.00000,0.000000,7
3.600000,9.00000,0.00000,0.000000,8
3.600000,10.00000,0.00000,0.244979,9
3.600000,11.00000,0.25000,0.244979,10
3.600000,12.00000,0.50000,0.244979,11
3.600000,13.00000,0.75000,0.244979,12
3.600000,14.00000,1.00000,0.463648,13
3.600000,15.00000,1.50000,0.463648,14
3.600000,16.00000,2.00000,0.000000,15
3.600000,17.00000,2.00000,0.000000,16
3.600000,18.00000,2.00000,0.000000,17
3.600000,19.00000,2.00000,-0.244979,18
3.600000,20.00000,1.75000,-0.463648,19
3.600000,21.00000,1.25000,-0.463648,20
3.600000,22.00000,0.75000,-0.463648,21
3.600000,23.00000,0.25000,-0.244979,22
3.600000,24.00000,0.00000,-0.244979,23
3.600000,25.00000,-0.25000,-0.463648,24
3.600000,26.00000,-0.75000,-0.463648,25
3.600000,27.00000,-1.25000,-0.244979,26
3.600000,28.00000,-1.50000,0.000000,27
3.600000,29.00000,-1.50000,0.000000,28
3.600000,30.00000,-1.50000,0.000000,29
3.600000,31.00000,-1.50000,0.000000,30
3.700000,0.99366,-0.18584,0.182609,0
3.700000,2.00000,0.00000,0.000000,1
3.700000,3.00000,0.00000,0.000000,2
3.700000,4.00000,0.00000,0.000000,3
3.700000,5.00000,0.00000,0.000000,4
3.700000,6.00000,0.00000,0.000000,5
3.700000,7.00000,0.00000,0.000000,6
3.700000,8.00000,0.00000,0.000000,7
3.700000,9.00000,0.00000,0.000000,8
3.700000,10.00000,0.00000,0.244979,9
3.700000,11.00000,0.25000,0.244979,10
3.700000,12.00000,0.50000,0.244979,11
3.700000,13.00000,0.75000,0.244979,12
3.700000,14.00000,1.00000,0.463648,13
3.700000,15.00000,1.50000,0.463648,14
3.700000,16.00000,2.00000,0.000000,15
3.700000,17.00000,2.00000,0.000000,16
3.700000,18.00000,2.00000,0.000000,17
3.700000,19.00000,2.00000,-0.244979,18
3.700000,20.00000,1.75000,-0.463648,19
3.700000,21.00000,1.25000,-0.463648,20
3.700000,22.00000,0.75000,-0.463648,21
3.700000,23.00000,0.25000,-0.244979,22
3.700000,24.00000,0.00000,-0.244979,23
3.700000,25.00000,-0.25000,-0.463648,24
3.700000,26.00000,-0.75000,-0.463648,25
3.700000,27.00000,-1.25000,-0.244979,26
3.700000,28.00000,-1.50000,0.000000,27
3.700000,29.00000,-1.50000,0.000000,28
3.700000,30.00000,-1.50000,0.000000,29
3.700000,31.00000,-1.50000,0.000000,30
3.800000,0.99749,-0.21546,0.211698,0
3.800000,2.00000,0.00000,0.000000,1
3.800000,3.00000,0.00000,0.000000,2
3.800000,4.00000,0.00000,0.000000,3
3.800000,5.00000,0.00000,0.000000,4
3.800000,6.00000,0.00000,0.000000,5
3.800000,7.00000,0.00000,0.000000,6
3.800000,8.00000,0.00000,0.000000,7
3.800000,9.00000,0.00000,0.000000,8
3.800000,10.00000,0.00000,0.244979,9
3.800000,11.00000,0.25000,0.244979,10
3.800000,12.00000,0.50000,0.244979,11
3.800000,13.00000,0.75000,0.244979,12
3.800000,14.00000,1.00000,0.463648,13
3.800000,15.00000,1.50000,0.463648,14
3.800000,16.00000,2.00000,0.000000,15
3.800000,17.00000,2.00000,0.000000,16
3.800000,18.00000,2.00000,-0.244979,17
3.800000,19.00000,1.75000,-0.244979,18
3.800000,20.00000,1.50000,-0.244979,19
3.800000,21.00000,1.25000,-0.463648,20
3.800000,22.00000,0.75000,-0.463648,21
3.800000,23.00000,0.25000,-0.244979,22
3.800000,24.00000,0.00000,-0.244979,23
3.800000,25.00000,-0.25000,-0.463648,24
3.800000,26.00000,-0.75000,-0.463648,25
3.800000,27.00000,-1.25000,-0.244979,26
3.800000,28.00000,-1.50000,0.000000,27
3.800000,29.00000,-1.50000,0.000000,28
3.800000,30.00000,-1.50000,0.000000,29
3.800000,31.00000,-1.50000,0.000000,30
3.900000,1.01345,-0.21220,0.211866,0
3.900000,2.00000,0.00000,0.000000,1
3.900000,3.00000,0.00000,0.000000,2
3.900000,4.00000,0.00000,0.000000,3
3.900000,5.00000,0.00000,0.000000,4
3.900000,6.00000,0.00000,0.000000,5
3.900000,7.00000,0.00000,0.000000,6
3.900000,8.00000,0.00000,0.000000,7
3.900000,9.00000,0.00000,0.000000,8
3.900000,10.00000,0.00000,0.244979,9
3.900000,11.00000,0.25000,0.244979,10
3.900000,12.00000,0.50000,0.244979,11
3.900000,13.00000,0.75000,0.244979,12
3.900000,14.00000,1.00000,0.463648,13
3.900000,15.00000,1.50000,0.463648,14
3.900000,16.00000,2.00000,0.000000,15
3.900000,17.00000,2.00000,0.000000,16
3.900000,18.00000,2.00000,0.000000,17
3.900000,19.00000,2.00000,-0.244979,18
3.900000,20.00000,1.75000,-0.463648,19
3.900000,21.00000,1.25000,-0.463648,20
3.900000,22.00000,0.75000,-0.463648,21
3.900000,23.00000,0.25000,-0.244979,22
3.900000,24.00000,0.00000,-0.244979,23
3.900000,25.00000,-0.25000,-0.463648,24
3.900000,26.00000,-0.75000,-0.463648,25
3.900000,27.00000,-1.25000,-0.244979,26
3.900000,28.00000,-1.50000,0.000000,27
3.900000,29.00000,-1.50000,0.000000,28
3.900000,30.00000,-1.50000,0.000000,29
3.900000,31.00000,-1.50000,0.000000,30
4.000000,0.99942,-0.20029,0.197558,0
4.000000,2.00000,0.00000,0.000000,1
4.000000,3.00000,0.00000,0.000000,2
4.000000,4.00000,0.00000,0.000000,3
4.000000,5.00000,0.00000,0.000000,4
4.000000,6.00000,0.00000,0.000000,5
4.000000,7.00000,0.00000,0.000000,6
4.000000,8.00000,0.00000,0.000000,7
4.000000,9.00000,0.00000,0.000000,8
4.000000,10.00000,0.00000,0.244979,9
4.000000,11.00000,0.25000,0.244979,10
4.000000,12.00000,0.50000,0.244979,11
4.000000,13.00000,0.75000,0.244979,12
4.000000,14.00000,1.00000,0.463648,13
4.000000,15.00000,1.50000,0.463648,14
4.000000,16.00000,2.00000,0.000000,15
4.000000,17.00000,2.00000,0.000000,16
4.000000,18.00000,2.00000,-0.244979,17
4.000000,19.00000,1.75000,-0.244979,18
4.000000,20.00000,1.50000,-0.244979,19
4.000000,21.00000,1.25000,-0.463648,20
4.000000,22.00000,0.75000,-0.463648,21
4.000000,23.00000,0.25000,-0.244979,22
4.000000,24.00000,0.00000,-0.244979,23
4.000000,25.00000,-0.25000,-0.463648,24
4.000000,26.00000,-0.75000,-0.463648,25
4.000000,27.00000,-1.25000,-0.244979,26
4.000000,28.00000,-1.50000,0.000000,27
4.000000,29.00000,-1.50000,0.000000,28
4.000000,30.00000,-1.50000,0.000000,29
4.000000,31.00000,-1.50000,0.000000,30
4.100000,1.03564,-0.21502,0.219381,0
4.100000,2.00000,0.00000,0.000000,1
4.100000,3.00000,0.00000,0.000000,2
4.100000,4.00000,0.00000,0.000000,3
4.100000,5.00000,0.00000,0.000000,4
4.100000,6.00000,0.00000,0.000000,5
4.100000,7.00000,0.00000,0.000000,6
4.100000,8.00000,0.00000,0.000000,7
4.100000,9.00000,0.00000,0.000000,8
4.100000,10.00000,0.00000,0.244979,9
4.100000,11.00000,0.25000,0.244979,10
4.100000,12.00000,0.50000,0.244979,11
4.100000,13.00000,0.75000,0.244979,12
4.100000,14.00000,1.00000,0.463648,13
4.100000,15.00000,1.50000,0.463648,14
4.100000,16.00000,2.00000,0.000000,15
4.100000,17.00000,2.00000,0.000000,16
4.100000,18.00000,2.00000,-0.244979,17
4.100000,19.00000,1.75000,-0.244979,18
4.100000,20.00000,1.50000,-0.244979,19
4.100000,21.00000,1.25000,-0.463648,20
4.100000,22.00000,0.75000,-0.463648,21
4.100000,23.00000,0.25000,-0.244979,22
4.100000,24.00000,0.00000,-0.463648,23
4.100000,25.00000,-0.50000,-0.463648,24
4.100000,26.00000,-1.00000,-0.463648,25
4.100000,27.00000,-1.50000,0.000000,26
4.100000,28.00000,-1.50000,-0.244979,27
4.100000,29.00000,-1.75000,0.000000,28
4.100000,30.00000,-1.75000,0.000000,29
4.100000,31.00000,-1.75000,0.000000,30
4.200000,1.01064,-0.19257,0.192241,0
4.200000,2.00000,0.00000,0.000000,1
4.200000,3.00000,0.00000,0.000000,2
4.200000,4.00000,0.00000,0.000000,3
4.200000,5.00000,0.00000,0.000000,4
4.200000,6.00000,0.00000,0.000000,5
4.200000,7.00000,0.00000,0.000000,6
4.200000,8.00000,0.00000,0.000000,7
4.200000,9.00000,0.00000,0.000000,8
4.200000,10.00000,0.00000,0.244979,9
4.200000,11.00000,0.25000,0.244979,10
4.200000,12.00000,0.50000,0.244979,11
4.200000,13.00000,0.75000,0.244979,12
4.200000,14.00000,1.00000,0.463648,13
4.200000,15.00000,1.50000,0.463648,14
4.200000,16.00000,2.00000,0.000000,15
4.200000,17.00000,2.00000,0.000000,16
4.200000,18.00000,2.00000,0.000000,17
4.200000,19.00000,2.00000,-0.244979,18
4.200000,20.00000,1.75000,-0.463648,19
4.200000,21.00000,1.25000,-0.463648,20
4.200000,22.00000,0.75000,-0.463648,21
4.200000,23.00000,0.25000,-0.244979,22
4.200000,24.00000,0.00000,-0.244979,23
4.200000,25.00000,-0.25000,-0.463648,24
4.200000,26.00000,-0.75000,-0.463648,25
4.200000,27.00000,-1.25000,-0.244979,26
4.200000,28.00000,-1.50000,0.000000,27
4.200000,29.00000,-1.50000,0.000000,28
4.200000,30.00000,-1.50000,0.000000,29
4.200000,31.00000,-1.50000,0.000000,30
4.300000,1.04012,-0.21525,0.220601,0
4.300000,2.00000,0.00000,0.000000,1
4.300000,3.00000,0.00000,0.000000,2
4.300000,4.00000,0.00000,0.000000,3
4.300000,5.00000,0.00000,0.000000,4
4.300000,6.00000,0.00000,0.000000,5
4.300000,7.00000,0.00000,0.000000,6
4.300000,8.00000,0.00000,0.000000,7
4.300000,9.00000,0.00000,0.000000,8
4.300000,10.00000,0.00000,0.244979,9
4.300000,11.00000,0.25000,0.244979,10
4.300000,12.00000,0.50000,0.244979,11
4.300000,13.00000,0.75000,0.244979,12
4.300000,14.00000,1.00000,0.463648,13
4.300000,15.00000,1.50000,0.463648,14
4.300000,16.00000,2.00000,0.000000,15
4.300000,17.00000,2.00000,0.000000,16
4.300000,18.00000,2.00000,-0.244979,17
4.300000,19.00000,1.75000,-0.244979,18
4.300000,20.00000,1.50000,-0.244979,19
4.300000,21.00000,1.25000,-0.463648,20
4.300000,22.00000,0.75000,-0.463648,21
4.300000,23.00000,0.25000,-0.244979,22
4.300000,24.00000,0.00000,-0.244979,23
4.300000,25.00000,-0.25000,-0.463648,24
4.300000,26.00000,-0.75000,-0.463648,25
4.300000,27.00000,-1.25000,-0.244979,26
4.300000,28.00000,-1.50000,0.000000,27
4.300000,29.00000,-1.50000,0.000000,28
4.300000,30.00000,-1.50000,0.000000,29
4.300000,31.00000,-1.50000,0.000000,30
4.402000,1.04017,-0.19278,0.198216,0
4.402000,2.00000,0.00000,0.000000,1
4.402000,3.00000,0.00000,0.000000,2
4.402000,4.00000,0.00000,0.000000,3
4.402000,5.00000,0.00000,0.000000,4
4.402000,6.00000,0.00000,0.000000,5
4.402000,7.00000,0.00000,0.000000,6
4.402000,8.00000,0.00000,0.000000,7
4.402000,9.00000,0.00000,0.000000,8
4.402000,10.00000,0.00000,0.244979,9
4.402000,11.00000,0.25000,0.244979,10
4.402000,12.00000,0.50000,0.244979,11
4.402000,13.00000,0.75000,0.244979,12
4.402000,14.00000,1.00000,0.463648,13
4.402000,15.00000,1.50000,0.463648,14
4.402000,16.00000,2.00000,0.000000,15
4.402000,17.00000,2.00000,0.000000,16
4.402000,18.00000,2.00000,0.000000,17
4.402000,19.00000,2.00000,-0.244979,18
4.402000,20.00000,1.75000,-0.463648,19
4.402000,21.00000,1.25000,-0.463648,20
4.402000,22.00000,0.75000,-0.463648,21
4.402000,23.00000,0.25000,-0.244979,22
4.402000,24.00000,0.00000,-0.244979,23
4.402000,25.00000,-0.25000,-0.463648,24
4.402000,26.00000,-0.75000,-0.463648,25
4.402000,27.00000,-1.25000,-0.244979,26
4.402000,28.00000,-1.50000,0.000000,27
4.402000,29.00000,-1.50000,0.000000,28
4.402000,30.00000,-1.50000,0.000000,29
4.402000,31.00000,-1.50000,0.000000,30
4.502000,1.04621,-0.22664,0.233293,0
4.502000,2.00000,0.00000,0.000000,1
4.502000,3.00000,0.00000,0.000000,2
4.502000,4.00000,0.00000,0.000000,3
4.502000,5.00000,0.00000,0.000000,4
4.502000,6.00000,0.00000,0.000000,5
4.502000,7.00000,0.00000,0.000000,6
4.502000,8.00000,0.00000,0.000000,7
4.502000,9.00000,0.00000,0.000000,8
4.502000,10.00000,0.00000,0.244979,9
4.502000,11.00000,0.25000,0.244979,10
4.502000,12.00000,0.50000,0.244979,11
4.502000,13.00000,0.75000,0.244979,12
4.502000,14.00000,1.00000,0.463648,13
4.502000,15.00000,1.50000,0.463648,14
4.502000,16.00000,2.00000,0.000000,15
4.502000,17.00000,2.00000,0.000000,16
4.502000,18.00000,2.00000,-0.244979,17
4.502000,19.00000,1.75000,-0.244979,18
4.502000,20.00000,1.50000,-0.244979,19
4.502000,21.00000,1.25000,-0.463648,20
4.502000,22.00000,0.75000,-0.463648,21
4.502000,23.00000,0.25000,-0.244979,22
4.502000,24.00000,0.00000,-0.244979,23
4.502000,25.00000,-0.25000,-0.463648,24
4.502000,26.00000,-0.75000,-0.463648,25
4.502000,27.00000,-1.25000,-0.244979,26
4.502000,28.00000,-1.50000,0.000000,27
4.502000,29.00000,-1.50000,0.000000,28
4.502000,30.00000,-1.50000,0.000000,29
4.502000,31.00000,-1.50000,0.000000,30
4.600000,1.05879,-0.19965,0.209023,0
4.600000,2.00000,0.00000,0.000000,1
4.600000,3.00000,0.00000,0.000000,2
4.600000,4.00000,0.00000,0.000000,3
4.600000,5.00000,0.00000,0.000000,4
4.600000,6.00000,0.00000,0.000000,5
4.600000,7.00000,0.00000,0.000000,6
4.600000,8.00000,0.00000,0.000000,7
4.600000,9.00000,0.00000,0.000000,8
4.600000,10.00000,0.00000,0.244979,9
4.600000,11.00000,0.25000,0.244979,10
4.600000,12.00000,0.50000,0.244979,11
4.600000,13.00000,0.75000,0.244979,12
4.600000,14.00000,1.00000,0.463648,13
4.600000,15.00000,1.50000,0.463648,14
4.600000,16.00000,2.00000,0.000000,15
4.600000,17.00000,2.00000,0.000000,16
4.600000,18.00000,2.00000,-0.244979,17
4.600000,19.00000,1.75000,-0.244979,18
4.600000,20.00000,1.50000,-0.244979,19
4.600000,21.00000,1.25000,-0.463648,20
4.600000,22.00000,0.75000,-0.463648,21
4.600000,23.00000,0.25000,-0.244979,22
4.600000,24.00000,0.00000,-0.244979,23
4.600000,25.00000,-0.25000,-0.463648,24
4.600000,26.00000,-0.75000,-0.463648,25
4.600000,27.00000,-1.25000,-0.244979,26
4.600000,28.00000,-1.50000,0.000000,27
4.600000,29.00000,-1.50000,0.000000,28
4.600000,30.00000,-1.50000,0.000000,29
4.600000,31.00000,-1.50000,0.000000,30
4.702000,1.11116,-0.25459,0.278961,0
4.702000,2.00000,0.00000,0.000000,1
4.702000,3.00000,0.00000,0.000000,2
4.702000,4.00000,0.00000,0.000000,3
4.702000,5.00000,0.00000,0.000000,4
4.702000,6.00000,0.00000,0.000000,5
4.702000,7.00000,0.00000,0.000000,6
4.702000,8.00000,0.00000,0.000000,7
4.702000,9.00000,0.00000,0.000000,8
4.702000,10.00000,0.00000,0.244979,9
4.702000,11.00000,0.25000,0.244979,10
4.702000,12.00000,0.50000,0.244979,11
4.702000,13.00000,0.75000,0.244979,12
4.702000,14.00000,1.00000,0.463648,13
4.702000,15.00000,1.50000,0.463648,14
4.702000,16.00000,2.00000,0.000000,15
4.702000,17.00000,2.00000,0.000000,16
4.702000,18.00000,2.00000,-0.244979,17
4.702000,19.00000,1.75000,-0.244979,18
4.702000,20.00000,1.50000,-0.244979,19
4.702000,21.00000,1.25000,-0.463648,20
4.702000,22.00000,0.75000,-0.463648,21
4.702000,23.00000,0.25000,-0.244979,22
4.702000,24.00000,0.00000,-0.244979,23
4.702000,25.00000,-0.25000,-0.463648,24
4.702000,26.00000,-0.75000,-0.463648,25
4.702000,27.00000,-1.25000,-0.244979,26
4.702000,28.00000,-1.50000,0.000000,27
4.702000,29.00000,-1.50000,0.000000,28
4.702000,30.00000,-1.50000,0.000000,29
4.702000,31.00000,-1.50000,0.000000,30
4.800000,1.14066,-0.23906,0.271326,0
4.800000,2.00000,0.00000,0.000000,1
4.800000,3.00000,0.00000,0.000000,2
4.800000,4.00000,0.00000,0.000000,3
4.800000,5.00000,0.00000,0.000000,4
4.800000,6.00000,0.00000,0.000000,5
4.800000,7.00000,0.00000,0.000000,6
4.800000,8.00000,0.00000,0.000000,7
4.800000,9.00000,0.00000,0.000000,8
4.800000,10.00000,0.00000,0.244979,9
4.800000,11.00000,0.25000,0.244979,10
4.800000,12.00000,0.50000,0.244979,11
4.800000,13.00000,0.75000,0.244979,12
4.800000,14.00000,1.00000,0.463648,13
4.800000,15.00000,1.50000,0.463648,14
4.800000,16.00000,2.00000,0.000000,15
4.800000,17.00000,2.00000,0.000000,16
4.800000,18.00000,2.00000,0.000000,17
4.800000,19.00000,2.00000,-0.244979,18
4.800000,20.00000,1.75000,-0.463648,19
4.800000,21.00000,1.25000,-0.463648,20
4.800000,22.00000,0.75000,-0.463648,21
4.800000,23.00000,0.25000,-0.244979,22
4.800000,24.00000,0.00000,-0.244979,23
4.800000,25.00000,-0.25000,-0.463648,24
4.800000,26.00000,-0.75000,-0.463648,25
4.800000,27.00000,-1.25000,-0.244979,26
4.800000,28.00000,-1.50000,0.000000,27
4.800000,29.00000,-1.50000,0.000000,28
4.800000,30.00000,-1.50000,0.000000,29
4.800000,31.00000,-1.50000,0.000000,30
4.900000,1.18174,-0.28074,0.330506,0
4.900000,2.00000,0.00000,0.000000,1
4.900000,3.00000,0.00000,0.000000,2
4.900000,4.00000,0.00000,0.000000,3
4.900000,5.00000,0.00000,0.000000,4
4.900000,6.00000,0.00000,0.000000,5
4.900000,7.00000,0.00000,0.000000,6
4.900000,8.00000,0.00000,0.000000,7
4.900000,9.00000,0.00000,0.000000,8
4.900000,10.00000,0.00000,0.244979,9
4.900000,11.00000,0.25000,0.244979,10
4.900000,12.00000,0.50000,0.244979,11
4.900000,13.00000,0.75000,0.244979,12
4.900000,14.00000,1.00000,0.463648,13
4.900000,15.00000,1.50000,0.463648,14
4.900000,16.00000,2.00000,0.000000,15
4.900000,17.00000,2.00000,0.000000,16
4.900000,18.00000,2.00000,-0.244979,17
4.900000,19.00000,1.75000,-0.244979,18
4.900000,20.00000,1.50000,-0.244979,19
4.900000,21.00000,1.25000,-0.463648,20
4.900000,22.00000,0.75000,-0.463648,21
4.900000,23.00000,0.25000,-0.244979,22
4.900000,24.00000,0.00000,-0.244979,23
4.900000,25.00000,-0.25000,-0.463648,24
4.900000,26.00000,-0.75000,-0.463648,25
4.900000,27.00000,-1.25000,-0.244979,26
4.900000,28.00000,-1.50000,0.000000,27
4.900000,29.00000,-1.50000,0.000000,28
4.900000,30.00000,-1.50000,0.000000,29
4.900000,31.00000,-1.50000,0.000000,30
5.000000,1.24440,-0.30853,0.387661,0
5.000000,2.00000,0.00000,0.000000,1
5.000000,3.00000,0.00000,0.000000,2
5.000000,4.00000,0.00000,0.000000,3
5.000000,5.00000,0.00000,0.000000,4
5.000000,6.00000,0.00000,0.000000,5
5.000000,7.00000,0.00000,0.000000,6
5.000000,8.00000,0.00000,0.000000,7
5.000000,9.00000,0.00000,0.000000,8
5.000000,10.00000,0.00000,0.244979,9
5.000000,11.00000,0.25000,0.244979,10
5.000000,12.00000,0.50000,0.244979,11
5.000000,13.00000,0.75000,0.244979,12
5.000000,14.00000,1.00000,0.463648,13
5.000000,15.00000,1.50000,0.463648,14
5.000000,16.00000,2.00000,0.000000,15
5.000000,17.00000,2.00000,0.000000,16
5.000000,18.00000,2.00000,0.000000,17
5.000000,19.00000,2.00000,-0.244979,18
5.000000,20.00000,1.75000,-0.463648,19
5.000000,21.00000,1.25000,-0.463648,20
5.000000,22.00000,0.75000,-0.463648,21
5.000000,23.00000,0.25000,-0.244979,22
5.000000,24.00000,0.00000,-0.244979,23
5.000000,25.00000,-0.25000,-0.463648,24
5.000000,26.00000,-0.75000,-0.463648,25
5.000000,27.00000,-1.25000,-0.244979,26
5.000000,28.00000,-1.50000,0.000000,27
5.000000,29.00000,-1.50000,0.000000,28
5.000000,30.00000,-1.50000,0.000000,29
5.000000,31.00000,-1.50000,0.000000,30
5.100000,1.32709,-0.34849,0.288808,0
5.100000,2.50000,0.00000,0.000000,1
5.100000,3.50000,0.00000,0.000000,2
5.100000,4.50000,0.00000,0.000000,3
5.100000,5.50000,0.00000,0.000000,4
5.100000,6.50000,0.00000,0.000000,5
5.100000,7.50000,0.00000,0.000000,6
5.100000,8.50000,0.00000,0.000000,7
5.100000,9.50000,0.00000,0.000000,8
5.100000,10.50000,0.00000,0.244979,9
5.100000,11.50000,0.25000,0.244979,10
5.100000,12.50000,0.50000,0.244979,11
5.100000,13.50000,0.75000,0.244979,12
5.100000,14.50000,1.00000,0.463648,13
5.100000,15.50000,1.50000,0.463648,14
5.100000,16.50000,2.00000,0.000000,15
5.100000,17.50000,2.00000,0.000000,16
5.100000,18.50000,2.00000,-0.244979,17
5.100000,19.50000,1.75000,-0.244979,18
5.100000,20.50000,1.50000,-0.463648,19
5.100000,21.50000,1.00000,-0.463648,20
5.100000,22.50000,0.50000,-0.463648,21
5.100000,23.50000,0.00000,-0.244979,22
5.100000,24.50000,-0.25000,-0.244979,23
5.100000,25.50000,-0.50000,-0.463648,24
5.100000,26.50000,-1.00000,-0.244979,25
5.100000,27.50000,-1.25000,-0.244979,26
5.100000,28.50000,-1.50000,0.000000,27
5.100000,29.50000,-1.50000,0.000000,28
5.100000,30.50000,-1.50000,0.000000,29
5.100000,31.50000,-1.50000,0.000000,30
5.200000,1.35469,-0.36061,0.305030,0
5.200000,2.50000,0.00000,0.000000,1
5.200000,3.50000,0.00000,0.000000,2
5.200000,4.50000,0.00000,0.000000,3
5.200000,5.50000,0.00000,0.000000,4
5.200000,6.50000,0.00000,0.000000,5
5.200000,7.50000,0.00000,0.000000,6
5.200000,8.50000,0.00000,0.000000,7
5.200000,9.50000,0.00000,0.000000,8
5.200000,10.50000,0.00000,0.244979,9
5.200000,11.50000,0.25000,0.244979,10
5.200000,12.50000,0.50000,0.244979,11
5.200000,13.50000,0.75000,0.244979,12
5.200000,14.50000,1.00000,0.463648,13
5.200000,15.50000,1.50000,0.463648,14
5.200000,16.50000,2.00000,0.000000,15
5.200000,17.50000,2.00000,0.000000,16
5.200000,18.50000,2.00000,-0.244979,17
5.200000,19.50000,1.75000,-0.244979,18
5.200000,20.50000,1.50000,-0.463648,19
5.200000,21.50000,1.00000,-0.463648,20
5.200000,22.50000,0.50000,-0.463648,21
5.200000,23.50000,0.00000,-0.244979,22
5.200000,24.50000,-0.25000,-0.463648,23
5.200000,25.50000,-0.75000,-0.463648,24
5.200000,26.50000,-1.25000,-0.244979,25
5.200000,27.50000,-1.50000,0.000000,26
5.200000,28.50000,-1.50000,0.000000,27
5.200000,29.50000,-1.50000,0.000000,28
5.200000,30.50000,-1.50000,0.000000,29
5.200000,31.50000,-1.50000,0.000000,30
5.300000,1.43099,-0.39502,0.353962,0
5.300000,2.50000,0.00000,0.000000,1
5.300000,3.50000,0.00000,0.000000,2
5.300000,4.50000,0.00000,0.000000,3
5.300000,5.50000,0.00000,0.000000,4
5.300000,6.50000,0.00000,0.000000,5
5.300000,7.50000,0.00000,0.000000,6
5.300000,8.50000,0.00000,0.000000,7
5.300000,9.50000,0.00000,0.000000,8
5.300000,10.50000,0.00000,0.244979,9
5.300000,11.50000,0.25000,0.244979,10
5.300000,12.50000,0.50000,0.244979,11
5.300000,13.50000,0.75000,0.244979,12
5.300000,14.50000,1.00000,0.463648,13
5.300000,15.50000,1.50000,0.463648,14
5.300000,16.50000,2.00000,0.000000,15
5.300000,17.50000,2.00000,0.000000,16
5.300000,18.50000,2.00000,-0.244979,17
5.300000,19.50000,1.75000,-0.244979,18
5.300000,20.50000,1.50000,-0.463648,19
5.300000,21.50000,1.00000,-0.463648,20
5.300000,22.50000,0.50000,-0.463648,21
5.300000,23.50000,0.00000,-0.244979,22
5.300000,24.50000,-0.25000,-0.463648,23
5.300000,25.50000,-0.75000,-0.463648,24
5.300000,26.50000,-1.25000,-0.244979,25
5.300000,27.50000,-1.50000,0.000000,26
5.300000,28.50000,-1.50000,0.000000,27
5.300000,29.50000,-1.50000,0.000000,28
5.300000,30.50000,-1.50000,0.000000,29
5.300000,31.50000,-1.50000,0.000000,30
5.400000,1.49193,-0.38698,0.366536,0
5.400000,2.50000,0.00000,0.000000,1
5.400000,3.50000,0.00000,0.000000,2
5.400000,4.50000,0.00000,0.000000,3
5.400000,5.50000,0.00000,0.000000,4
5.400000,6.50000,0.00000,0.000000,5
5.400000,7.50000,0.00000,0.000000,6
5.400000,8.50000,0.00000,0.000000,7
5.400000,9.50000,0.00000,0.000000,8
5.400000,10.50000,0.00000,0.244979,9
5.400000,11.50000,0.25000,0.244979,10
5.400000,12.50000,0.50000,0.244979,11
5.400000,13.50000,0.75000,0.244979,12
5.400000,14.50000,1.00000,0.463648,13
5.400000,15.50000,1.50000,0.463648,14
5.400000,16.50000,2.00000,0.000000,15
5.400000,17.50000,2.00000,0.000000,16
5.400000,18.50000,2.00000,-0.244979,17
5.400000,19.50000,1.75000,-0.244979,18
5.400000,20.50000,1.50000,-0.463648,19
5.400000,21.50000,1.00000,-0.463648,20
5.400000,22.50000,0.50000,-0.463648,21
5.400000,23.50000,0.00000,-0.244979,22
5.400000,24.50000,-0.25000,-0.463648,23
5.400000,25.50000,-0.75000,-0.463648,24
5.400000,26.50000,-1.25000,-0.244979,25
5.400000,27.50000,-1.50000,0.000000,26
5.400000,28.50000,-1.50000,0.000000,27
5.400000,29.50000,-1.50000,0.000000,28
5.400000,30.50000,-1.50000,0.000000,29
5.400000,31.50000,-1.50000,0.000000,30
5.500000,1.56317,-0.41203,0.414350,0
5.500000,2.50000,0.00000,0.000000,1
5.500000,3.50000,0.00000,0.000000,2
5.500000,4.50000,0.00000,0.000000,3
5.500000,5.50000,0.00000,0.000000,4
5.500000,6.50000,0.00000,0.000000,5
5.500000,7.50000,0.00000,0.000000,6
5.500000,8.50000,0.00000,0.000000,7
5.500000,9.50000,0.00000,0.000000,8
5.500000,10.50000,0.00000,0.244979,9
5.500000,11.50000,0.25000,0.244979,10
5.500000,12.50000,0.50000,0.244979,11
5.500000,13.50000,0.75000,0.244979,12
5.500000,14.50000,1.00000,0.463648,13
5.500000,15.50000,1.50000,0.463648,14
5.500000,16.50000,2.00000,0.000000,15
5.500000,17.50000,2.00000,0.000000,16
5.500000,18.50000,2.00000,-0.244979,17
5.500000,19.50000,1.75000,-0.244979,18
5.500000,20.50000,1.50000,-0.463648,19
5.500000,21.50000,1.00000,-0.463648,20
5.500000,22.50000,0.50000,-0.463648,21
5.500000,23.50000,0.00000,-0.244979,22
5.500000,24.50000,-0.25000,-0.463648,23
5.500000,25.50000,-0.75000,-0.463648,24
5.500000,26.50000,-1.25000,-0.244979,25
5.500000,27.50000,-1.50000,0.000000,26
5.500000,28.50000,-1.50000,0.000000,27
5.500000,29.50000,-1.50000,0.000000,28
5.500000,30.50000,-1.50000,0.000000,29
5.500000,31.50000,-1.50000,0.000000,30
5.600000,1.64339,-0.45203,0.485554,0
5.600000,2.50000,0.00000,0.000000,1
5.600000,3.50000,0.00000,0.000000,2
5.600000,4.50000,0.00000,0.000000,3
5.600000,5.50000,0.00000,0.000000,4
5.600000,6.50000,0.00000,0.000000,5
5.600000,7.50000,0.00000,0.000000,6
5.600000,8.50000,0.00000,0.000000,7
5.600000,9.50000,0.00000,0.000000,8
5.600000,10.50000,0.00000,0.244979,9
5.600000,11.50000,0.25000,0.244979,10
5.600000,12.50000,0.50000,0.244979,11
5.600000,13.50000,0.75000,0.244979,12
5.600000,14.50000,1.00000,0.463648,13
5.600000,15.50000,1.50000,0.463648,14
5.600000,16.50000,2.00000,0.000000,15
5.600000,17.50000,2.00000,0.000000,16
5.600000,18.50000,2.00000,-0.244979,17
5.600000,19.50000,1.75000,-0.244979,18
5.600000,20.50000,1.50000,-0.463648,19
5.600000,21.50000,1.00000,-0.463648,20
5.600000,22.50000,0.50000,-0.463648,21
5.600000,23.50000,0.00000,-0.244979,22
5.600000,24.50000,-0.25000,-0.463648,23
5.600000,25.50000,-0.75000,-0.463648,24
5.600000,26.50000,-1.25000,-0.244979,25
5.600000,27.50000,-1.50000,0.000000,26
5.600000,28.50000,-1.50000,0.000000,27
5.600000,29.50000,-1.50000,0.000000,28
5.600000,30.50000,-1.50000,0.000000,29
5.600000,31.50000,-1.50000,0.000000,30
5.700000,1.70659,-0.45532,0.520991,0
5.700000,2.50000,0.00000,0.000000,1
5.700000,3.50000,0.00000,0.000000,2
5.700000,4.50000,0.00000,0.000000,3
5.700000,5.50000,0.00000,0.000000,4
5.700000,6.50000,0.00000,0.000000,5
5.700000,7.50000,0.00000,0.000000,6
5.700000,8.50000,0.00000,0.000000,7
5.700000,9.50000,0.00000,0.000000,8
5.700000,10.50000,0.00000,0.244979,9
5.700000,11.50000,0.25000,0.244979,10
5.700000,12.50000,0.50000,0.244979,11
5.700000,13.50000,0.75000,0.244979,12
5.700000,14.50000,1.00000,0.463648,13
5.700000,15.50000,1.50000,0.463648,14
5.700000,16.50000,2.00000,0.000000,15
5.700000,17.50000,2.00000,0.000000,16
5.700000,18.50000,2.00000,-0.244979,17
5.700000,19.50000,1.75000,-0.244979,18
5.700000,20.50000,1.50000,-0.463648,19
5.700000,21.50000,1.00000,-0.463648,20
5.700000,22.50000,0.50000,-0.463648,21
5.700000,23.50000,0.00000,-0.244979,22
5.700000,24.50000,-0.25000,-0.463648,23
5.700000,25.50000,-0.75000,-0.463648,24
5.700000,26.50000,-1.25000,-0.244979,25
5.700000,27.50000,-1.50000,0.000000,26
5.700000,28.50000,-1.50000,0.000000,27
5.700000,29.50000,-1.50000,0.000000,28
5.700000,30.50000,-1.50000,0.000000,29
5.700000,31.50000,-1.50000,0.000000,30
5.800000,1.71355,-0.47028,0.538927,0
5.800000,2.50000,0.00000,0.000000,1
5.800000,3.50000,0.00000,0.000000,2
5.800000,4.50000,0.00000,0.000000,3
5.800000,5.50000,0.00000,0.000000,4
5.800000,6.50000,0.00000,0.000000,5
5.800000,7.50000,0.00000,0.000000,6
5.800000,8.50000,0.00000,0.000000,7
5.800000,9.50000,0.00000,0.000000,8
5.800000,10.50000,0.00000,0.244979,9
5.800000,11.50000,0.25000,0.244979,10
5.800000,12.50000,0.50000,0.244979,11
5.800000,13.50000,0.75000,0.244979,12
5.800000,14.50000,1.00000,0.463648,13
5.800000,15.50000,1.50000,0.463648,14
5.800000,16.50000,2.00000,0.000000,15
5.800000,17.50000,2.00000,0.000000,16
5.800000,18.50000,2.00000,-0.244979,17
5.800000,19.50000,1.75000,-0.244979,18
5.800000,20.50000,1.50000,-0.463648,19
5.800000,21.50000,1.00000,-0.463648,20
5.800000,22.50000,0.50000,-0.463648,21
5.800000,23.50000,0.00000,-0.244979,22
5.800000,24.50000,-0.25000,-0.244979,23
5.800000,25.50000,-0.50000,-0.463648,24
5.800000,26.50000,-1.00000,-0.244979,25
5.800000,27.50000,-1.25000,0.000000,26
5.800000,28.50000,-1.25000,0.000000,27
5.800000,29.50000,-1.25000,0.000000,28
5.800000,30.50000,-1.25000,0.000000,29
5.800000,31.50000,-1.25000,0.000000,30
5.900000,1.74722,-0.52003,0.344412,0
5.900000,2.50000,-0.25000,0.244979,1
5.900000,3.50000,0.00000,0.000000,2
5.900000,4.50000,0.00000,0.000000,3
5.900000,5.50000,0.00000,0.000000,4
5.900000,6.50000,0.00000,0.000000,5
5.900000,7.50000,0.00000,0.000000,6
5.900000,8.50000,0.00000,0.000000,7
5.900000,9.50000,0.00000,0.000000,8
5.900000,10.50000,0.00000,0.244979,9
5.900000,11.50000,0.25000,0.244979,10
5.900000,12.50000,0.50000,0.244979,11
5.900000,13.50000,0.75000,0.244979,12
5.900000,14.50000,1.00000,0.463648,13
5.900000,15.50000,1.50000,0.463648,14
5.900000,16.50000,2.00000,0.000000,15
5.900000,17.50000,2.00000,0.000000,16
5.900000,18.50000,2.00000,-0.244979,17
5.900000,19.50000,1.75000,-0.244979,18
5.900000,20.50000,1.50000,-0.463648,19
5.900000,21.50000,1.00000,-0.463648,20
5.900000,22.50000,0.50000,-0.463648,21
5.900000,23.50000,0.00000,-0.244979,22
5.900000,24.50000,-0.25000,-0.463648,23
5.900000,25.50000,-0.75000,-0.463648,24
5.900000,26.50000,-1.25000,-0.244979,25
5.900000,27.50000,-1.50000,0.000000,26
5.900000,28.50000,-1.50000,0.000000,27
5.900000,29.50000,-1.50000,0.000000,28
5.900000,30.50000,-1.50000,0.000000,29
5.900000,31.50000,-1.50000,0.000000,30
6.000000,1.82637,-0.54263,0.244357,0
6.000000,3.00000,-0.25000,0.244979,1
6.000000,4.00000,0.00000,0.000000,2
6.000000,5.00000,0.00000,0.000000,3
6.000000,6.00000,0.00000,0.000000,4
6.000000,7.00000,0.00000,0.000000,5
6.000000,8.00000,0.00000,0.000000,6
6.000000,9.00000,0.00000,0.000000,7
6.000000,10.00000,0.00000,0.244979,8
6.000000,11.00000,0.25000,0.244979,9
6.000000,12.00000,0.50000,0.244979,10
6.000000,13.00000,0.75000,0.244979,11
6.000000,14.00000,1.00000,0.463648,12
6.000000,15.00000,1.50000,0.463648,13
6.000000,16.00000,2.00000,0.000000,14
6.000000,17.00000,2.00000,0.000000,15
6.000000,18.00000,2.00000,-0.244979,16
6.000000,19.00000,1.75000,-0.244979,17
6.000000,20.00000,1.50000,-0.244979,18
6.000000,21.00000,1.25000,-0.463648,19
6.000000,22.00000,0.75000,-0.463648,20
6.000000,23.00000,0.25000,-0.244979,21
6.000000,24.00000,0.00000,-0.463648,22
6.000000,25.00000,-0.50000,-0.463648,23
6.000000,26.00000,-1.00000,-0.463648,24
6.000000,27.00000,-1.50000,0.000000,25
6.000000,28.00000,-1.50000,0.000000,26
6.000000,29.00000,-1.50000,0.000000,27
6.000000,30.00000,-1.50000,0.000000,28
6.000000,31.00000,-1.50000,0.000000,29
6.000000,32.00000,-1.50000,0.000000,30
6.100000,1.81508,-0.54894,0.247129,0
6.100000,3.00000,-0.25000,0.244979,1
6.100000,4.00000,0.00000,0.000000,2
6.100000,5.00000,0.00000,0.000000,3
6.100000,6.00000,0.00000,0.000000,4
6.100000,7.00000,0.00000,0.000000,5
6.100000,8.00000,0.00000,0.000000,6
6.100000,9.00000,0.00000,0.000000,7
6.100000,10.00000,0.00000,0.244979,8
6.100000,11.00000,0.25000,0.244979,9
6.100000,12.00000,0.50000,0.244979,10
6.100000,13.00000,0.75000,0.244979,11
6.100000,14.00000,1.00000,0.463648,12
6.100000,15.00000,1.50000,0.463648,13
6.100000,16.00000,2.00000,0.000000,14
6.100000,17.00000,2.00000,0.000000,15
6.100000,18.00000,2.00000,0.000000,16
6.100000,19.00000,2.00000,-0.244979,17
6.100000,20.00000,1.75000,-0.463648,18
6.100000,21.00000,1.25000,-0.463648,19
6.100000,22.00000,0.75000,-0.463648,20
6.100000,23.00000,0.25000,-0.244979,21
6.100000,24.00000,0.00000,-0.244979,22
6.100000,25.00000,-0.25000,-0.463648,23
6.100000,26.00000,-0.75000,-0.463648,24
6.100000,27.00000,-1.25000,-0.244979,25
6.100000,28.00000,-1.50000,0.000000,26
6.100000,29.00000,-1.50000,0.000000,27
6.100000,30.00000,-1.50000,0.000000,28
6.100000,31.00000,-1.50000,0.000000,29
6.100000,32.00000,-1.50000,0.000000,30
6.200000,1.84481,-0.56528,0.266433,0
6.200000,3.00000,-0.25000,0.244979,1
6.200000,4.00000,0.00000,0.000000,2
6.200000,5.00000,0.00000,0.000000,3
6.200000,6.00000,0.00000,0.000000,4
6.200000,7.00000,0.00000,0.000000,5
6.200000,8.00000,0.00000,0.000000,6
6.200000,9.00000,0.00000,0.000000,7
6.200000,10.00000,0.00000,0.244979,8
6.200000,11.00000,0.25000,0.244979,9
6.200000,12.00000,0.50000,0.244979,10
6.200000,13.00000,0.75000,0.244979,11
6.200000,14.00000,1.00000,0.463648,12
6.200000,15.00000,1.50000,0.463648,13
6.200000,16.00000,2.00000,0.000000,14
6.200000,17.00000,2.00000,0.000000,15
6.200000,18.00000,2.00000,-0.244979,16
6.200000,19.00000,1.75000,-0.244979,17
6.200000,20.00000,1.50000,-0.244979,18
6.200000,21.00000,1.25000,-0.463648,19
6.200000,22.00000,0.75000,-0.463648,20
6.200000,23.00000,0.25000,-0.244979,21
6.200000,24.00000,0.00000,-0.244979,22
6.200000,25.00000,-0.25000,-0.463648,23
6.200000,26.00000,-0.75000,-0.463648,24
6.200000,27.00000,-1.25000,-0.244979,25
6.200000,28.00000,-1.50000,0.000000,26
6.200000,29.00000,-1.50000,0.000000,27
6.200000,30.00000,-1.50000,0.000000,28
6.200000,31.00000,-1.50000,0.000000,29
6.200000,32.00000,-1.50000,0.000000,30
6.300000,1.86027,-0.55727,0.263339,0
6.300000,3.00000,-0.25000,0.244979,1
6.300000,4.00000,0.00000,0.000000,2
6.300000,5.00000,0.00000,0.000000,3
6.300000,6.00000,0.00000,0.000000,4
6.300000,7.00000,0.00000,0.000000,5
6.300000,8.00000,0.00000,0.000000,6
6.300000,9.00000,0.00000,0.000000,7
6.300000,10.00000,0.00000,0.244979,8
6.300000,11.00000,0.25000,0.244979,9
6.300000,12.00000,0.50000,0.244979,10
6.300000,13.00000,0.75000,0.244979,11
6.300000,14.00000,1.00000,0.463648,12
6.300000,15.00000,1.50000,0.463648,13
6.300000,16.00000,2.00000,0.000000,14
6.300000,17.00000,2.00000,0.000000,15
6.300000,18.00000,2.00000,0.000000,16
6.300000,19.00000,2.00000,-0.244979,17
6.300000,20.00000,1.75000,-0.463648,18
6.300000,21.00000,1.25000,-0.463648,19
6.300000,22.00000,0.75000,-0.463648,20
6.300000,23.00000,0.25000,-0.244979,21
6.300000,24.00000,0.00000,-0.244979,22
6.300000,25.00000,-0.25000,-0.463648,23
6.300000,26.00000,-0.75000,-0.463648,24
6.300000,27.00000,-1.25000,-0.244979,25
6.300000,28.00000,-1.50000,0.000000,26
6.300000,29.00000,-1.50000,0.000000,27
6.300000,30.00000,-1.50000,0.000000,28
6.300000,31.00000,-1.50000,0.000000,29
6.300000,32.00000,-1.50000,0.000000,30
6.400000,1.89628,-0.54773,0.263477,0
6.400000,3.00000,-0.25000,0.244979,1
6.400000,4.00000,0.00000,0.000000,2
6.400000,5.00000,0.00000,0.000000,3
6.400000,6.00000,0.00000,0.000000,4
6.400000,7.00000,0.00000,0.000000,5
6.400000,8.00000,0.00000,0.000000,6
6.400000,9.00000,0.00000,0.000000,7
6.400000,10.00000,0.00000,0.244979,8
6.400000,11.00000,0.25000,0.244979,9
6.400000,12.00000,0.50000,0.244979,10
6.400000,13.00000,0.75000,0.244979,11
6.400000,14.00000,1.00000,0.463648,12
6.400000,15.00000,1.50000,0.463648,13
6.400000,16.00000,2.00000,0.000000,14
6.400000,17.00000,2.00000,0.000000,15
6.400000,18.00000,2.00000,0.000000,16
6.400000,19.00000,2.00000,-0.244979,17
6.400000,20.00000,1.75000,-0.463648,18
6.400000,21.00000,1.25000,-0.463648,19
6.400000,22.00000,0.75000,-0.463648,20
6.400000,23.00000,0.25000,-0.244979,21
6.400000,24.00000,0.00000,-0.244979,22
6.400000,25.00000,-0.25000,-0.463648,23
6.400000,26.00000,-0.75000,-0.463648,24
6.400000,27.00000,-1.25000,-0.244979,25
6.400000,28.00000,-1.50000,0.000000,26
6.400000,29.00000,-1.50000,0.000000,27
6.400000,30.00000,-1.50000,0.000000,28
6.400000,31.00000,-1.50000,0.000000,29
6.400000,32.00000,-1.50000,0.000000,30
6.500000,1.91030,-0.58445,0.297790,0
6.500000,3.00000,-0.25000,0.244979,1
6.500000,4.00000,0.00000,0.000000,2
6.500000,5.00000,0.00000,0.000000,3
6.500000,6.00000,0.00000,0.000000,4
6.500000,7.00000,0.00000,0.000000,5
6.500000,8.00000,0.00000,0.000000,6
6.500000,9.00000,0.00000,0.000000,7
6.500000,10.00000,0.00000,0.244979,8
6.500000,11.00000,0.25000,0.244979,9
6.500000,12.00000,0.50000,0.244979,10
6.500000,13.00000,0.75000,0.244979,11
6.500000,14.00000,1.00000,0.463648,12
6.500000,15.00000,1.50000,0.463648,13
6.500000,16.00000,2.00000,0.000000,14
6.500000,17.00000,2.00000,0.000000,15
6.500000,18.00000,2.00000,0.000000,16
6.500000,19.00000,2.00000,-0.244979,17
6.500000,20.00000,1.75000,-0.463648,18
6.500000,21.00000,1.25000,-0.463648,19
6.500000,22.00000,0.75000,-0.463648,20
6.500000,23.00000,0.25000,-0.244979,21
6.500000,24.00000,0.00000,-0.244979,22
6.500000,25.00000,-0.25000,-0.463648,23
6.500000,26.00000,-0.75000,-0.463648,24
6.500000,27.00000,-1.25000,-0.244979,25
6.500000,28.00000,-1.50000,0.000000,26
6.500000,29.00000,-1.50000,0.000000,27
6.500000,30.00000,-1.50000,0.000000,28
6.500000,31.00000,-1.50000,0.000000,29
6.500000,32.00000,-1.50000,0.000000,30
6.600000,1.93449,-0.59668,0.314559,0
6.600000,3.00000,-0.25000,0.244979,1
6.600000,4.00000,0.00000,0.000000,2
6.600000,5.00000,0.00000,0.000000,3
6.600000,6.00000,0.00000,0.000000,4
6.600000,7.00000,0.00000,0.000000,5
6.600000,8.00000,0.00000,0.000000,6
6.600000,9.00000,0.00000,0.000000,7
6.600000,10.00000,0.00000,0.244979,8
6.600000,11.00000,0.25000,0.244979,9
6.600000,12.00000,0.50000,0.244979,10
6.600000,13.00000,0.75000,0.244979,11
6.600000,14.00000,1.00000,0.463648,12
6.600000,15.00000,1.50000,0.463648,13
6.600000,16.00000,2.00000,0.000000,14
6.600000,17.00000,2.00000,0.000000,15
6.600000,18.00000,2.00000,0.000000,16
6.600000,19.00000,2.00000,-0.244979,17
6.600000,20.00000,1.75000,-0.463648,18
6.600000,21.00000,1.25000,-0.463648,19
6.600000,22.00000,0.75000,-0.463648,20
6.600000,23.00000,0.25000,-0.244979,21
6.600000,24.00000,0.00000,-0.244979,22
6.600000,25.00000,-0.25000,-0.463648,23
6.600000,26.00000,-0.75000,-0.463648,24
6.600000,27.00000,-1.25000,-0.244979,25
6.600000,28.00000,-1.50000,0.000000,26
6.600000,29.00000,-1.50000,0.000000,27
6.600000,30.00000,-1.50000,0.000000,28
6.600000,31.00000,-1.50000,0.000000,29
6.600000,32.00000,-1.50000,0.000000,30
6.700000,1.94112,-0.60121,0.320259,0
6.700000,3.00000,-0.25000,0.244979,1
6.700000,4.00000,0.00000,0.000000,2
6.700000,5.00000,0.00000,0.000000,3
6.700000,6.00000,0.00000,0.000000,4
6.700000,7.00000,0.00000,0.000000,5
6.700000,8.00000,0.00000,0.000000,6
6.700000,9.00000,0.00000,0.000000,7
6.700000,10.00000,0.00000,0.244979,8
6.700000,11.00000,0.25000,0.244979,9
6.700000,12.00000,0.50000,0.244979,10
6.700000,13.00000,0.75000,0.244979,11
6.700000,14.00000,1.00000,0.463648,12
6.700000,15.00000,1.50000,0.463648,13
6.700000,16.00000,2.00000,0.000000,14
6.700000,17.00000,2.00000,0.000000,15
6.700000,18.00000,2.00000,0.000000,16
6.700000,19.00000,2.00000,-0.244979,17
6.700000,20.00000,1.75000,-0.463648,18
6.700000,21.00000,1.25000,-0.463648,19
6.700000,22.00000,0.75000,-0.463648,20
6.700000,23.00000,0.25000,-0.244979,21
6.700000,24.00000,0.00000,-0.244979,22
6.700000,25.00000,-0.25000,-0.463648,23
6.700000,26.00000,-0.75000,-0.463648,24
6.700000,27.00000,-1.25000,-0.244979,25
6.700000,28.00000,-1.50000,0.000000,26
6.700000,29.00000,-1.50000,0.000000,27
6.700000,30.00000,-1.50000,0.000000,28
6.700000,31.00000,-1.50000,0.000000,29
6.700000,32.00000,-1.50000,0.000000,30
6.800000,1.90594,-0.62212,0.327850,0
6.800000,3.00000,-0.25000,0.244979,1
6.800000,4.00000,0.00000,0.000000,2
6.800000,5.00000,0.00000,0.000000,3
6.800000,6.00000,0.00000,0.000000,4
6.800000,7.00000,0.00000,0.000000,5
6.800000,8.00000,0.00000,0.000000,6
6.800000,9.00000,0.00000,0.000000,7
6.800000,10.00000,0.00000,0.244979,8
6.800000,11.00000,0.25000,0.244979,9
6.800000,12.00000,0.50000,0.244979,10
6.800000,13.00000,0.75000,0.244979,11
6.800000,14.00000,1.00000,0.463648,12
6.800000,15.00000,1.50000,0.463648,13
6.800000,16.00000,2.00000,0.000000,14
6.800000,17.00000,2.00000,0.000000,15
6.800000,18.00000,2.00000,-0.244979,16
6.800000,19.00000,1.75000,-0.244979,17
6.800000,20.00000,1.50000,-0.244979,18
6.800000,21.00000,1.25000,-0.463648,19
6.800000,22.00000,0.75000,-0.463648,20
6.800000,23.00000,0.25000,-0.244979,21
6.800000,24.00000,0.00000,-0.244979,22
6.800000,25.00000,-0.25000,-0.463648,23
6.800000,26.00000,-0.75000,-0.463648,24
6.800000,27.00000,-1.25000,-0.244979,25
6.800000,28.00000,-1.50000,0.000000,26
6.800000,29.00000,-1.50000,0.000000,27
6.800000,30.00000,-1.50000,0.000000,28
6.800000,31.00000,-1.50000,0.000000,29
6.800000,32.00000,-1.50000,0.000000,30
6.900000,1.97686,-0.65386,0.375950,0
6.900000,3.00000,-0.25000,0.244979,1
6.900000,4.00000,0.00000,0.000000,2
6.900000,5.00000,0.00000,0.000000,3
6.900000,6.00000,0.00000,0.000000,4
6.900000,7.00000,0.00000,0.000000,5
6.900000,8.00000,0.00000,0.000000,6
6.900000,9.00000,0.00000,0.000000,7
6.900000,10.00000,0.00000,0.244979,8
6.900000,11.00000,0.25000,0.244979,9
6.900000,12.00000,0.50000,0.244979,10
6.900000,13.00000,0.75000,0.244979,11
6.900000,14.00000,1.00000,0.463648,12
6.900000,15.00000,1.50000,0.463648,13
6.900000,16.00000,2.00000,0.000000,14
6.900000,17.00000,2.00000,0.000000,15
6.900000,18.00000,2.00000,-0.244979,16
6.900000,19.00000,1.75000,-0.244979,17
6.900000,20.00000,1.50000,-0.244979,18
6.900000,21.00000,1.25000,-0.463648,19
6.900000,22.00000,0.75000,-0.463648,20
6.900000,23.00000,0.25000,-0.244979,21
6.900000,24.00000,0.00000,-0.463648,22
6.900000,25.00000,-0.50000,-0.463648,23
6.900000,26.00000,-1.00000,-0.463648,24
6.900000,27.00000,-1.50000,0.000000,25
6.900000,28.00000,-1.50000,0.000000,26
6.900000,29.00000,-1.50000,0.000000,27
6.900000,30.00000,-1.50000,0.000000,28
6.900000,31.00000,-1.50000,0.000000,29
6.900000,32.00000,-1.50000,0.000000,30
7.000000,1.99006,-0.65836,0.384244,0
7.000000,3.00000,-0.25000,0.244979,1
7.000000,4.00000,0.00000,0.000000,2
7.000000,5.00000,0.00000,0.000000,3
7.000000,6.00000,0.00000,0.000000,4
7.000000,7.00000,0.00000,0.000000,5
7.000000,8.00000,0.00000,0.000000,6
7.000000,9.00000,0.00000,0.000000,7
7.000000,10.00000,0.00000,0.244979,8
7.000000,11.00000,0.25000,0.244979,9
7.000000,12.00000,0.50000,0.244979,10
7.000000,13.00000,0.75000,0.244979,11
7.000000,14.00000,1.00000,0.463648,12
7.000000,15.00000,1.50000,0.463648,13
7.000000,16.00000,2.00000,0.000000,14
7.000000,17.00000,2.00000,0.000000,15
7.000000,18.00000,2.00000,0.000000,16
7.000000,19.00000,2.00000,-0.244979,17
7.000000,20.00000,1.75000,-0.463648,18
7.000000,21.00000,1.25000,-0.463648,19
7.000000,22.00000,0.75000,-0.463648,20
7.000000,23.00000,0.25000,-0.244979,21
7.000000,24.00000,0.00000,-0.244979,22
7.000000,25.00000,-0.25000,-0.463648,23
7.000000,26.00000,-0.75000,-0.463648,24
7.000000,27.00000,-1.25000,-0.244979,25
7.000000,28.00000,-1.50000,0.000000,26
7.000000,29.00000,-1.50000,0.000000,27
7.000000,30.00000,-1.50000,0.000000,28
7.000000,31.00000,-1.50000,0.000000,29
7.000000,32.00000,-1.50000,0.000000,30
7.100000,2.02313,-0.63130,0.372144,0
7.100000,3.00000,-0.25000,0.244979,1
7.100000,4.00000,0.00000,0.000000,2
7.100000,5.00000,0.00000,0.000000,3
7.100000,6.00000,0.00000,0.000000,4
7.100000,7.00000,0.00000,0.000000,5
7.100000,8.00000,0.00000,0.000000,6
7.100000,9.00000,0.00000,0.000000,7
7.100000,10.00000,0.00000,0.244979,8
7.100000,11.00000,0.25000,0.244979,9
7.100000,12.00000,0.50000,0.244979,10
7.100000,13.00000,0.75000,0.244979,11
7.100000,14.00000,1.00000,0.463648,12
7.100000,15.00000,1.50000,0.463648,13
7.100000,16.00000,2.00000,0.000000,14
7.100000,17.00000,2.00000,0.000000,15
7.100000,18.00000,2.00000,-0.244979,16
7.100000,19.00000,1.75000,-0.244979,17
7.100000,20.00000,1.50000,-0.244979,18
7.100000,21.00000,1.25000,-0.463648,19
7.100000,22.00000,0.75000,-0.244979,20
7.100000,23.00000,0.50000,-0.244979,21
7.100000,24.00000,0.25000,0.000000,22
7.100000,25.00000,0.25000,0.000000,23
7.100000,26.00000,0.25000,0.000000,24
7.100000,27.00000,0.25000,0.000000,25
7.100000,28.00000,0.25000,0.000000,26
7.100000,29.00000,0.25000,0.000000,27
7.100000,30.00000,0.25000,0.000000,28
7.100000,31.00000,0.25000,0.000000,29
7.100000,32.00000,0.25000,0.000000,30
7.200000,2.05446,-0.66605,0.414518,0
7.200000,3.00000,-0.25000,0.244979,1
7.200000,4.00000,0.00000,0.000000,2
7.200000,5.00000,0.00000,0.000000,3
7.200000,6.00000,0.00000,0.000000,4
7.200000,7.00000,0.00000,0.000000,5
7.200000,8.00000,0.00000,0.000000,6
7.200000,9.00000,0.00000,0.000000,7
7.200000,10.00000,0.00000,0.244979,8
7.200000,11.00000,0.25000,0.244979,9
7.200000,12.00000,0.50000,0.244979,10
7.200000,13.00000,0.75000,0.244979,11
7.200000,14.00000,1.00000,0.463648,12
7.200000,15.00000,1.50000,0.463648,13
7.200000,16.00000,2.00000,0.000000,14
7.200000,17.00000,2.00000,0.000000,15
7.200000,18.00000,2.00000,0.000000,16
7.200000,19.00000,2.00000,-0.244979,17
7.200000,20.00000,1.75000,-0.244979,18
7.200000,21.00000,1.50000,-0.463648,19
7.200000,22.00000,1.00000,-0.244979,20
7.200000,23.00000,0.75000,-0.244979,21
7.200000,24.00000,0.50000,-0.244979,22
7.200000,25.00000,0.25000,0.000000,23
7.200000,26.00000,0.25000,0.000000,24
7.200000,27.00000,0.25000,0.000000,25
7.200000,28.00000,0.25000,0.000000,26
7.200000,29.00000,0.25000,0.000000,27
7.200000,30.00000,0.25000,0.000000,28
7.200000,31.00000,0.25000,0.000000,29
7.200000,32.00000,0.25000,0.000000,30
7.300000,2.12465,-0.68650,0.462578,0
7.300000,3.00000,-0.25000,0.244979,1
7.300000,4.00000,0.00000,0.000000,2
7.300000,5.00000,0.00000,0.000000,3
7.300000,6.00000,0.00000,0.000000,4
7.300000,7.00000,0.00000,0.000000,5
7.300000,8.00000,0.00000,0.000000,6
7.300000,9.00000,0.00000,0.000000,7
7.300000,10.00000,0.00000,0.244979,8
7.300000,11.00000,0.25000,0.244979,9
7.300000,12.00000,0.50000,0.244979,10
7.300000,13.00000,0.75000,0.244979,11
7.300000,14.00000,1.00000,0.463648,12
7.300000,15.00000,1.50000,0.463648,13
7.300000,16.00000,2.00000,0.000000,14
7.300000,17.00000,2.00000,0.000000,15
7.300000,18.00000,2.00000,-0.244979,16
7.300000,19.00000,1.75000,-0.244979,17
7.300000,20.00000,1.50000,-0.244979,18
7.300000,21.00000,1.25000,-0.463648,19
7.300000,22.00000,0.75000,-0.244979,20
7.300000,23.00000,0.50000,-0.244979,21
7.300000,24.00000,0.25000,0.000000,22
7.300000,25.00000,0.25000,0.000000,23
7.300000,26.00000,0.25000,0.000000,24
7.300000,27.00000,0.25000,0.000000,25
7.300000,28.00000,0.25000,0.000000,26
7.300000,29.00000,0.25000,0.000000,27
7.300000,30.00000,0.25000,0.000000,28
7.300000,31.00000,0.25000,0.000000,29
7.300000,32.00000,0.25000,0.000000,30
7.400000,2.14874,-0.71319,0.498322,0
7.400000,3.00000,-0.25000,0.244979,1
7.400000,4.00000,0.00000,0.000000,2
7.400000,5.00000,0.00000,0.000000,3
7.400000,6.00000,0.00000,0.000000,4
7.400000,7.00000,0.00000,0.000000,5
7.400000,8.00000,0.00000,0.000000,6
7.400000,9.00000,0.00000,0.000000,7
7.400000,10.00000,0.00000,0.244979,8
7.400000,11.00000,0.25000,0.244979,9
7.400000,12.00000,0.50000,0.244979,10
7.400000,13.00000,0.75000,0.244979,11
7.400000,14.00000,1.00000,0.463648,12
7.400000,15.00000,1.50000,0.463648,13
7.400000,16.00000,2.00000,0.000000,14
7.400000,17.00000,2.00000,0.000000,15
7.400000,18.00000,2.00000,0.000000,16
7.400000,19.00000,2.00000,-0.244979,17
7.400000,20.00000,1.75000,-0.244979,18
7.400000,21.00000,1.50000,-0.463648,19
7.400000,22.00000,1.00000,-0.244979,20
7.400000,23.00000,0.75000,-0.244979,21
7.400000,24.00000,0.50000,-0.244979,22
7.400000,25.00000,0.25000,0.000000,23
7.400000,26.00000,0.25000,0.000000,24
7.400000,27.00000,0.25000,0.000000,25
7.400000,28.00000,0.25000,0.000000,26
7.400000,29.00000,0.25000,0.000000,27
7.400000,30.00000,0.25000,0.000000,28
7.400000,31.00000,0.25000,0.000000,29
7.400000,32.00000,0.25000,0.000000,30
7.500000,2.20578,-0.74004,0.552834,0
7.500000,3.00000,-0.25000,0.244979,1
7.500000,4.00000,0.00000,0.000000,2
7.500000,5.00000,0.00000,0.000000,3
7.500000,6.00000,0.00000,0.000000,4
7.500000,7.00000,0.00000,0.000000,5
7.500000,8.00000,0.00000,0.000000,6
7.500000,9.00000,0.00000,0.000000,7
7.500000,10.00000,0.00000,0.244979,8
7.500000,11.00000,0.25000,0.244979,9
7.500000,12.00000,0.50000,0.244979,10
7.500000,13.00000,0.75000,0.244979,11
7.500000,14.00000,1.00000,0.463648,12
7.500000,15.00000,1.50000,0.463648,13
7.500000,16.00000,2.00000,0.000000,14
7.500000,17.00000,2.00000,0.000000,15
7.500000,18.00000,2.00000,-0.244979,16
7.500000,19.00000,1.75000,-0.244979,17
7.500000,20.00000,1.50000,-0.244979,18
7.500000,21.00000,1.25000,-0.463648,19
7.500000,22.00000,0.75000,-0.463648,20
7.500000,23.00000,0.25000,-0.244979,21
7.500000,24.00000,0.00000,-0.244979,22
7.500000,25.00000,-0.25000,-0.463648,23
7.500000,26.00000,-0.75000,-0.463648,24
7.500000,27.00000,-1.25000,-0.244979,25
7.500000,28.00000,-1.50000,0.000000,26
7.500000,29.00000,-1.50000,0.000000,27
7.500000,30.00000,-1.50000,0.000000,28
7.500000,31.00000,-1.50000,0.000000,29
7.500000,32.00000,-1.50000,0.000000,30
7.600000,2.24625,-0.76210,0.596767,0
7.600000,3.00000,-0.25000,0.244979,1
7.600000,4.00000,0.00000,0.000000,2
7.600000,5.00000,0.00000,0.000000,3
7.600000,6.00000,0.00000,0.000000,4
7.600000,7.00000,0.00000,0.000000,5
7.600000,8.00000,0.00000,0.000000,6
7.600000,9.00000,0.00000,0.000000,7
7.600000,10.00000,0.00000,0.244979,8
7.600000,11.00000,0.25000,0.244979,9
7.600000,12.00000,0.50000,0.244979,10
7.600000,13.00000,0.75000,0.244979,11
7.600000,14.00000,1.00000,0.463648,12
7.600000,15.00000,1.50000,0.463648,13
7.600000,16.00000,2.00000,0.000000,14
7.600000,17.00000,2.00000,0.000000,15
7.600000,18.00000,2.00000,-0.244979,16
7.600000,19.00000,1.75000,-0.244979,17
7.600000,20.00000,1.50000,-0.244979,18
7.600000,21.00000,1.25000,-0.463648,19
7.600000,22.00000,0.75000,-0.463648,20
7.600000,23.00000,0.25000,-0.244979,21
7.600000,24.00000,0.00000,-0.244979,22
7.600000,25.00000,-0.25000,-0.463648,23
7.600000,26.00000,-0.75000,-0.463648,24
7.600000,27.00000,-1.25000,-0.244979,25
7.600000,28.00000,-1.50000,0.000000,26
7.600000,29.00000,-1.50000,0.000000,27
7.600000,30.00000,-1.50000,0.000000,28
7.600000,31.00000,-1.50000,0.000000,29
7.600000,32.00000,-1.50000,0.000000,30
7.702000,2.34578,-0.80476,0.258153,0
7.702000,3.50000,-0.50000,0.244979,1
7.702000,4.50000,-0.25000,0.244979,2
7.702000,5.50000,0.00000,0.000000,3
7.702000,6.50000,0.00000,0.000000,4
7.702000,7.50000,0.00000,0.000000,5
7.702000,8.50000,0.00000,0.000000,6
7.702000,9.50000,0.00000,0.000000,7
7.702000,10.50000,0.00000,0.244979,8
7.702000,11.50000,0.25000,0.244979,9
7.702000,12.50000,0.50000,0.244979,10
7.702000,13.50000,0.75000,0.244979,11
7.702000,14.50000,1.00000,0.463648,12
7.702000,15.50000,1.50000,0.463648,13
7.702000,16.50000,2.00000,0.000000,14
7.702000,17.50000,2.00000,0.000000,15
7.702000,18.50000,2.00000,-0.244979,16
7.702000,19.50000,1.75000,-0.244979,17
7.702000,20.50000,1.50000,-0.463648,18
7.702000,21.50000,1.00000,-0.463648,19
7.702000,22.50000,0.50000,-0.463648,20
7.702000,23.50000,0.00000,-0.244979,21
7.702000,24.50000,-0.25000,-0.463648,22
7.702000,25.50000,-0.75000,-0.463648,23
7.702000,26.50000,-1.25000,-0.244979,24
7.702000,27.50000,-1.50000,0.000000,25
7.702000,28.50000,-1.50000,0.000000,26
7.702000,29.50000,-1.50000,0.000000,27
7.702000,30.50000,-1.50000,0.000000,28
7.702000,31.50000,-1.50000,0.000000,29
7.702000,32.50000,-1.50000,0.000000,30
7.804000,2.44583,-0.83682,0.309260,0
7.804000,3.50000,-0.50000,0.244979,1
7.804000,4.50000,-0.25000,0.244979,2
7.804000,5.50000,0.00000,0.000000,3
7.804000,6.50000,0.00000,0.000000,4
7.804000,7.50000,0.00000,0.000000,5
7.804000,8.50000,0.00000,0.000000,6
7.804000,9.50000,0.00000,0.000000,7
7.804000,10.50000,0.00000,0.244979,8
7.804000,11.50000,0.25000,0.244979,9
7.804000,12.50000,0.50000,0.244979,10
7.804000,13.50000,0.75000,0.244979,11
7.804000,14.50000,1.00000,0.463648,12
7.804000,15.50000,1.50000,0.463648,13
7.804000,16.50000,2.00000,0.000000,14
7.804000,17.50000,2.00000,0.000000,15
7.804000,18.50000,2.00000,-0.244979,16
7.804000,19.50000,1.75000,-0.244979,17
7.804000,20.50000,1.50000,-0.463648,18
7.804000,21.50000,1.00000,-0.244979,19
7.804000,22.50000,0.75000,-0.244979,20
7.804000,23.50000,0.50000,-0.244979,21
7.804000,24.50000,0.25000,0.000000,22
7.804000,25.50000,0.25000,0.000000,23
7.804000,26.50000,0.25000,0.000000,24
7.804000,27.50000,0.25000,0.000000,25
7.804000,28.50000,0.25000,0.000000,26
7.804000,29.50000,0.25000,0.000000,27
7.804000,30.50000,0.25000,0.000000,28
7.804000,31.50000,0.25000,0.000000,29
7.804000,32.50000,0.25000,0.000000,30
7.902000,2.46482,-0.87211,0.345080,0
7.902000,3.50000,-0.50000,0.244979,1
7.902000,4.50000,-0.25000,0.244979,2
7.902000,5.50000,0.00000,0.000000,3
7.902000,6.50000,0.00000,0.000000,4
7.902000,7.50000,0.00000,0.000000,5
7.902000,8.50000,0.00000,0.000000,6
7.902000,9.50000,0.00000,0.000000,7
7.902000,10.50000,0.00000,0.244979,8
7.902000,11.50000,0.25000,0.244979,9
7.902000,12.50000,0.50000,0.244979,10
7.902000,13.50000,0.75000,0.244979,11
7.902000,14.50000,1.00000,0.463648,12
7.902000,15.50000,1.50000,0.463648,13
7.902000,16.50000,2.00000,0.000000,14
7.902000,17.50000,2.00000,0.000000,15
7.902000,18.50000,2.00000,-0.244979,16
7.902000,19.50000,1.75000,-0.244979,17
7.902000,20.50000,1.50000,-0.463648,18
7.902000,21.50000,1.00000,-0.244979,19
7.902000,22.50000,0.75000,-0.244979,20
7.902000,23.50000,0.50000,-0.244979,21
7.902000,24.50000,0.25000,0.000000,22
7.902000,25.50000,0.25000,0.000000,23
7.902000,26.50000,0.25000,0.000000,24
7.902000,27.50000,0.25000,0.000000,25
7.902000,28.50000,0.25000,0.000000,26
7.902000,29.50000,0.25000,0.000000,27
7.902000,30.50000,0.25000,0.000000,28
7.902000,31.50000,0.25000,0.000000,29
7.902000,32.50000,0.25000,0.000000,30
8.000000,2.53218,-0.87926,0.373477,0
8.000000,3.50000,-0.50000,0.244979,1
8.000000,4.50000,-0.25000,0.244979,2
8.000000,5.50000,0.00000,0.000000,3
8.000000,6.50000,0.00000,0.000000,4
8.000000,7.50000,0.00000,0.000000,5
8.000000,8.50000,0.00000,0.000000,6
8.000000,9.50000,0.00000,0.000000,7
8.000000,10.50000,0.00000,0.244979,8
8.000000,11.50000,0.25000,0.244979,9
8.000000,12.50000,0.50000,0.244979,10
8.000000,13.50000,0.75000,0.244979,11
8.000000,14.50000,1.00000,0.463648,12
8.000000,15.50000,1.50000,0.463648,13
8.000000,16.50000,2.00000,0.000000,14
8.000000,17.50000,2.00000,0.000000,15
8.000000,18.50000,2.00000,-0.244979,16
8.000000,19.50000,1.75000,-0.244979,17
8.000000,20.50000,1.50000,-0.463648,18
8.000000,21.50000,1.00000,-0.244979,19
8.000000,22.50000,0.75000,-0.244979,20
8.000000,23.50000,0.50000,-0.244979,21
8.000000,24.50000,0.25000,0.000000,22
8.000000,25.50000,0.25000,0.000000,23
8.000000,26.50000,0.25000,0.000000,24
8.000000,27.50000,0.25000,0.000000,25
8.000000,28.50000,0.25000,0.000000,26
8.000000,29.50000,0.25000,0.000000,27
8.000000,30.50000,0.25000,0.000000,28
8.000000,31.50000,0.25000,0.000000,29
8.000000,32.50000,0.25000,0.000000,30
8.100000,2.57177,-0.93501,0.438249,0
8.100000,3.50000,-0.50000,0.244979,1
8.100000,4.50000,-0.25000,0.244979,2
8.100000,5.50000,0.00000,0.000000,3
8.100000,6.50000,0.00000,0.000000,4
8.100000,7.50000,0.00000,0.000000,5
8.100000,8.50000,0.00000,0.000000,6
8.100000,9.50000,0.00000,0.000000,7
8.100000,10.50000,0.00000,0.244979,8
8.100000,11.50000,0.25000,0.244979,9
8.100000,12.50000,0.50000,0.244979,10
8.100000,13.50000,0.75000,0.244979,11
8.100000,14.50000,1.00000,0.463648,12
8.100000,15.50000,1.50000,0.463648,13
8.100000,16.50000,2.00000,0.000000,14
8.100000,17.50000,2.00000,0.000000,15
8.100000,18.50000,2.00000,-0.244979,16
8.100000,19.50000,1.75000,-0.244979,17
8.100000,20.50000,1.50000,-0.463648,18
8.100000,21.50000,1.00000,-0.244979,19
8.100000,22.50000,0.75000,-0.244979,20
8.100000,23.50000,0.50000,-0.244979,21
8.100000,24.50000,0.25000,0.000000,22
8.100000,25.50000,0.25000,0.000000,23
8.100000,26.50000,0.25000,0.000000,24
8.100000,27.50000,0.25000,0.000000,25
8.100000,28.50000,0.25000,0.000000,26
8.100000,29.50000,0.25000,0.000000,27
8.100000,30.50000,0.25000,0.000000,28
8.100000,31.50000,0.25000,0.000000,29
8.100000,32.50000,0.25000,0.000000,30
8.200000,2.60285,-0.96315,0.476554,0
8.200000,3.50000,-0.50000,0.244979,1
8.200000,4.50000,-0.25000,0.244979,2
8.200000,5.50000,0.00000,0.000000,3
8.200000,6.50000,0.00000,0.000000,4
8.200000,7.50000,0.00000,0.000000,5
8.200000,8.50000,0.00000,0.000000,6
8.200000,9.50000,0.00000,0.000000,7
8.200000,10.50000,0.00000,0.244979,8
8.200000,11.50000,0.25000,0.244979,9
8.200000,12.50000,0.50000,0.244979,10
8.200000,13.50000,0.75000,0.244979,11
8.200000,14.50000,1.00000,0.463648,12
8.200000,15.50000,1.50000,0.463648,13
8.200000,16.50000,2.00000,0.000000,14
8.200000,17.50000,2.00000,0.000000,15
8.200000,18.50000,2.00000,-0.244979,16
8.200000,19.50000,1.75000,-0.244979,17
8.200000,20.50000,1.50000,-0.463648,18
8.200000,21.50000,1.00000,-0.244979,19
8.200000,22.50000,0.75000,-0.244979,20
8.200000,23.50000,0.50000,-0.244979,21
8.200000,24.50000,0.25000,0.000000,22
8.200000,25.50000,0.25000,0.000000,23
8.200000,26.50000,0.25000,0.000000,24
8.200000,27.50000,0.25000,0.000000,25
8.200000,28.50000,0.25000,0.000000,26
8.200000,29.50000,0.25000,0.000000,27
8.200000,30.50000,0.25000,0.000000,28
8.200000,31.50000,0.25000,0.000000,29
8.200000,32.50000,0.25000,0.000000,30
8.300000,2.64723,-1.00411,0.533881,0
8.300000,3.50000,-0.50000,0.244979,1
8.300000,4.50000,-0.25000,0.244979,2
8.300000,5.50000,0.00000,0.000000,3
8.300000,6.50000,0.00000,0.000000,4
8.300000,7.50000,0.00000,0.000000,5
8.300000,8.50000,0.00000,0.000000,6
8.300000,9.50000,0.00000,0.000000,7
8.300000,10.50000,0.00000,0.244979,8
8.300000,11.50000,0.25000,0.244979,9
8.300000,12.50000,0.50000,0.244979,10
8.300000,13.50000,0.75000,0.244979,11
8.300000,14.50000,1.00000,0.463648,12
8.300000,15.50000,1.50000,0.463648,13
8.300000,16.50000,2.00000,0.000000,14
8.300000,17.50000,2.00000,0.000000,15
8.300000,18.50000,2.00000,-0.244979,16
8.300000,19.50000,1.75000,-0.244979,17
8.300000,20.50000,1.50000,-0.463648,18
8.300000,21.50000,1.00000,-0.244979,19
8.300000,22.50000,0.75000,-0.244979,20
8.300000,23.50000,0.50000,-0.244979,21
8.300000,24.50000,0.25000,0.000000,22
8.300000,25.50000,0.25000,0.000000,23
8.300000,26.50000,0.25000,0.000000,24
8.300000,27.50000,0.25000,0.000000,25
8.300000,28.50000,0.25000,0.000000,26
8.300000,29.50000,0.25000,0.000000,27
8.300000,30.50000,0.25000,0.000000,28
8.300000,31.50000,0.25000,0.000000,29
8.300000,32.50000,0.25000,0.000000,30
8.400000,2.68034,-1.02085,0.566077,0
8.400000,3.50000,-0.50000,0.244979,1
8.400000,4.50000,-0.25000,0.244979,2
8.400000,5.50000,0.00000,0.000000,3
8.400000,6.50000,0.00000,0.000000,4
8.400000,7.50000,0.00000,0.000000,5
8.400000,8.50000,0.00000,0.000000,6
8.400000,9.50000,0.00000,0.000000,7
8.400000,10.50000,0.00000,0.244979,8
8.400000,11.50000,0.25000,0.244979,9
8.400000,12.50000,0.50000,0.244979,10
8.400000,13.50000,0.75000,0.244979,11
8.400000,14.50000,1.00000,0.463648,12
8.400000,15.50000,1.50000,0.463648,13
8.400000,16.50000,2.00000,0.000000,14
8.400000,17.50000,2.00000,0.000000,15
8.400000,18.50000,2.00000,-0.244979,16
8.400000,19.50000,1.75000,-0.244979,17
8.400000,20.50000,1.50000,-0.463648,18
8.400000,21.50000,1.00000,-0.244979,19
8.400000,22.50000,0.75000,-0.244979,20
8.400000,23.50000,0.50000,-0.244979,21
8.400000,24.50000,0.25000,0.000000,22
8.400000,25.50000,0.25000,0.000000,23
8.400000,26.50000,0.25000,0.000000,24
8.400000,27.50000,0.25000,0.000000,25
8.400000,28.50000,0.25000,0.000000,26
8.400000,29.50000,0.25000,0.000000,27
8.400000,30.50000,0.25000,0.000000,28
8.400000,31.50000,0.25000,0.000000,29
8.400000,32.50000,0.25000,0.000000,30
8.500000,2.72393,-1.03543,0.603937,0
8.500000,3.50000,-0.50000,0.244979,1
8.500000,4.50000,-0.25000,0.244979,2
8.500000,5.50000,0.00000,0.000000,3
8.500000,6.50000,0.00000,0.000000,4
8.500000,7.50000,0.00000,0.000000,5
8.500000,8.50000,0.00000,0.000000,6
8.500000,9.50000,0.00000,0.000000,7
8.500000,10.50000,0.00000,0.244979,8
8.500000,11.50000,0.25000,0.244979,9
8.500000,12.50000,0.50000,0.244979,10
8.500000,13.50000,0.75000,0.244979,11
8.500000,14.50000,1.00000,0.463648,12
8.500000,15.50000,1.50000,0.463648,13
8.500000,16.50000,2.00000,0.000000,14
8.500000,17.50000,2.00000,0.000000,15
8.500000,18.50000,2.00000,-0.244979,16
8.500000,19.50000,1.75000,-0.244979,17
8.500000,20.50000,1.50000,-0.463648,18
8.500000,21.50000,1.00000,-0.244979,19
8.500000,22.50000,0.75000,-0.244979,20
8.500000,23.50000,0.50000,-0.244979,21
8.500000,24.50000,0.25000,0.000000,22
8.500000,25.50000,0.25000,0.000000,23
8.500000,26.50000,0.25000,0.000000,24
8.500000,27.50000,0.25000,0.000000,25
8.500000,28.50000,0.25000,0.000000,26
8.500000,29.50000,0.25000,0.000000,27
8.500000,30.50000,0.25000,0.000000,28
8.500000,31.50000,0.25000,0.000000,29
8.500000,32.50000,0.25000,0.000000,30
8.600000,2.73109,-1.04224,0.614207,0
8.600000,3.50000,-0.50000,0.244979,1
8.600000,4.50000,-0.25000,0.244979,2
8.600000,5.50000,0.00000,0.000000,3
8.600000,6.50000,0.00000,0.000000,4
8.600000,7.50000,0.00000,0.000000,5
8.600000,8.50000,0.00000,0.000000,6
8.600000,9.50000,0.00000,0.000000,7
8.600000,10.50000,0.00000,0.244979,8
8.600000,11.50000,0.25000,0.244979,9
8.600000,12.50000,0.50000,0.244979,10
8.600000,13.50000,0.75000,0.244979,11
8.600000,14.50000,1.00000,0.463648,12
8.600000,15.50000,1.50000,0.463648,13
8.600000,16.50000,2.00000,0.000000,14
8.600000,17.50000,2.00000,0.000000,15
8.600000,18.50000,2.00000,-0.244979,16
8.600000,19.50000,1.75000,-0.244979,17
8.600000,20.50000,1.50000,-0.463648,18
8.600000,21.50000,1.00000,-0.244979,19
8.600000,22.50000,0.75000,-0.244979,20
8.600000,23.50000,0.50000,-0.244979,21
8.600000,24.50000,0.25000,0.000000,22
8.600000,25.50000,0.25000,0.000000,23
8.600000,26.50000,0.25000,0.000000,24
8.600000,27.50000,0.25000,0.000000,25
8.600000,28.50000,0.25000,0.000000,26
8.600000,29.50000,0.25000,0.000000,27
8.600000,30.50000,0.25000,0.000000,28
8.600000,31.50000,0.25000,0.000000,29
8.600000,32.50000,0.25000,0.000000,30
8.700000,2.73987,-1.07459,0.647273,0
8.700000,3.50000,-0.50000,0.244979,1
8.700000,4.50000,-0.25000,0.244979,2
8.700000,5.50000,0.00000,0.000000,3
8.700000,6.50000,0.00000,0.000000,4
8.700000,7.50000,0.00000,0.000000,5
8.700000,8.50000,0.00000,0.000000,6
8.700000,9.50000,0.00000,0.000000,7
8.700000,10.50000,0.00000,0.244979,8
8.700000,11.50000,0.25000,0.244979,9
8.700000,12.50000,0.50000,0.244979,10
8.700000,13.50000,0.75000,0.244979,11
8.700000,14.50000,1.00000,0.463648,12
8.700000,15.50000,1.50000,0.463648,13
8.700000,16.50000,2.00000,0.000000,14
8.700000,17.50000,2.00000,0.000000,15
8.700000,18.50000,2.00000,-0.244979,16
8.700000,19.50000,1.75000,-0.244979,17
8.700000,20.50000,1.50000,-0.463648,18
8.700000,21.50000,1.00000,-0.244979,19
8.700000,22.50000,0.75000,-0.244979,20
8.700000,23.50000,0.50000,-0.244979,21
8.700000,24.50000,0.25000,0.000000,22
8.700000,25.50000,0.25000,0.000000,23
8.700000,26.50000,0.25000,0.000000,24
8.700000,27.50000,0.25000,0.000000,25
8.700000,28.50000,0.25000,0.000000,26
8.700000,29.50000,0.25000,0.000000,27
8.700000,30.50000,0.25000,0.000000,28
8.700000,31.50000,0.25000,0.000000,29
8.700000,32.50000,0.25000,0.000000,30
8.800000,2.76978,-1.08087,0.441132,0
8.800000,4.00000,-0.50000,0.244979,1
8.800000,5.00000,-0.25000,0.244979,2
8.800000,6.00000,0.00000,0.000000,3
8.800000,7.00000,0.00000,0.000000,4
8.800000,8.00000,0.00000,0.000000,5
8.800000,9.00000,0.00000,0.000000,6
8.800000,10.00000,0.00000,0.244979,7
8.800000,11.00000,0.25000,0.244979,8
8.800000,12.00000,0.50000,0.244979,9
8.800000,13.00000,0.75000,0.244979,10
8.800000,14.00000,1.00000,0.463648,11
8.800000,15.00000,1.50000,0.463648,12
8.800000,16.00000,2.00000,0.000000,13
8.800000,17.00000,2.00000,0.000000,14
8.800000,18.00000,2.00000,-0.244979,15
8.800000,19.00000,1.75000,-0.244979,16
8.800000,20.00000,1.50000,-0.244979,17
8.800000,21.00000,1.25000,-0.463648,18
8.800000,22.00000,0.75000,-0.244979,19
8.800000,23.00000,0.50000,-0.244979,20
8.800000,24.00000,0.25000,0.000000,21
8.800000,25.00000,0.25000,0.000000,22
8.800000,26.00000,0.25000,0.000000,23
8.800000,27.00000,0.25000,0.000000,24
8.800000,28.00000,0.25000,0.000000,25
8.800000,29.00000,0.25000,0.000000,26
8.800000,30.00000,0.25000,0.000000,27
8.800000,31.00000,0.25000,0.000000,28
8.800000,32.00000,0.25000,0.000000,29
8.800000,33.00000,0.25000,0.000000,30
8.900000,2.80077,-1.09847,0.462888,0
8.900000,4.00000,-0.50000,0.244979,1
8.900000,5.00000,-0.25000,0.244979,2
8.900000,6.00000,0.00000,0.000000,3
8.900000,7.00000,0.00000,0.000000,4
8.900000,8.00000,0.00000,0.000000,5
8.900000,9.00000,0.00000,0.000000,6
8.900000,10.00000,0.00000,0.244979,7
8.900000,11.00000,0.25000,0.244979,8
8.900000,12.00000,0.50000,0.244979,9
8.900000,13.00000,0.75000,0.244979,10
8.900000,14.00000,1.00000,0.463648,11
8.900000,15.00000,1.50000,0.463648,12
8.900000,16.00000,2.00000,0.000000,13
8.900000,17.00000,2.00000,0.000000,14
8.900000,18.00000,2.00000,-0.244979,15
8.900000,19.00000,1.75000,-0.244979,16
8.900000,20.00000,1.50000,-0.244979,17
8.900000,21.00000,1.25000,-0.463648,18
8.900000,22.00000,0.75000,-0.244979,19
8.900000,23.00000,0.50000,-0.244979,20
8.900000,24.00000,0.25000,0.000000,21
8.900000,25.00000,0.25000,0.000000,22
8.900000,26.00000,0.25000,0.000000,23
8.900000,27.00000,0.25000,0.000000,24
8.900000,28.00000,0.25000,0.000000,25
8.900000,29.00000,0.25000,0.000000,26
8.900000,30.00000,0.25000,0.000000,27
8.900000,31.00000,0.25000,0.000000,28
8.900000,32.00000,0.25000,0.000000,29
8.900000,33.00000,0.25000,0.000000,30
9.000000,2.79256,-1.10832,0.466694,0
9.000000,4.00000,-0.50000,0.244979,1
9.000000,5.00000,-0.25000,0.244979,2
9.000000,6.00000,0.00000,0.000000,3
9.000000,7.00000,0.00000,0.000000,4
9.000000,8.00000,0.00000,0.000000,5
9.000000,9.00000,0.00000,0.000000,6
9.000000,10.00000,0.00000,0.244979,7
9.000000,11.00000,0.25000,0.244979,8
9.000000,12.00000,0.50000,0.244979,9
9.000000,13.00000,0.75000,0.244979,10
9.000000,14.00000,1.00000,0.463648,11
9.000000,15.00000,1.50000,0.463648,12
9.000000,16.00000,2.00000,0.000000,13
9.000000,17.00000,2.00000,0.000000,14
9.000000,18.00000,2.00000,0.000000,15
9.000000,19.00000,2.00000,-0.244979,16
9.000000,20.00000,1.75000,-0.244979,17
9.000000,21.00000,1.50000,-0.463648,18
9.000000,22.00000,1.00000,-0.244979,19
9.000000,23.00000,0.75000,-0.244979,20
9.000000,24.00000,0.50000,-0.244979,21
9.000000,25.00000,0.25000,0.000000,22
9.000000,26.00000,0.25000,0.000000,23
9.000000,27.00000,0.25000,0.000000,24
9.000000,28.00000,0.25000,0.000000,25
9.000000,29.00000,0.25000,0.000000,26
9.000000,30.00000,0.25000,0.000000,27
9.000000,31.00000,0.25000,0.000000,28
9.000000,32.00000,0.25000,0.000000,29
9.000000,33.00000,0.25000,0.000000,30
9.100000,2.81362,-1.07930,0.454233,0
9.100000,4.00000,-0.50000,0.244979,1
9.100000,5.00000,-0.25000,0.244979,2
9.100000,6.00000,0.00000,0.000000,3
9.100000,7.00000,0.00000,0.000000,4
9.100000,8.00000,0.00000,0.000000,5
9.100000,9.00000,0.00000,0.000000,6
9.100000,10.00000,0.00000,0.244979,7
9.100000,11.00000,0.25000,0.244979,8
9.100000,12.00000,0.50000,0.244979,9
9.100000,13.00000,0.75000,0.244979,10
9.100000,14.00000,1.00000,0.463648,11
9.100000,15.00000,1.50000,0.463648,12
9.100000,16.00000,2.00000,0.000000,13
9.100000,17.00000,2.00000,0.000000,14
9.100000,18.00000,2.00000,0.000000,15
9.100000,19.00000,2.00000,-0.244979,16
9.100000,20.00000,1.75000,-0.244979,17
9.100000,21.00000,1.50000,-0.463648,18
9.100000,22.00000,1.00000,-0.244979,19
9.100000,23.00000,0.75000,-0.244979,20
9.100000,24.00000,0.50000,-0.244979,21
9.100000,25.00000,0.25000,0.000000,22
9.100000,26.00000,0.25000,0.000000,23
9.100000,27.00000,0.25000,0.000000,24
9.100000,28.00000,0.25000,0.000000,25
9.100000,29.00000,0.25000,0.000000,26
9.100000,30.00000,0.25000,0.000000,27
9.100000,31.00000,0.25000,0.000000,28
9.100000,32.00000,0.25000,0.000000,29
9.100000,33.00000,0.25000,0.000000,30
9.200000,2.83843,-1.09948,0.476438,0
9.200000,4.00000,-0.50000,0.244979,1
9.200000,5.00000,-0.25000,0.244979,2
9.200000,6.00000,0.00000,0.000000,3
9.200000,7.00000,0.00000,0.000000,4
9.200000,8.00000,0.00000,0.000000,5
9.200000,9.00000,0.00000,0.000000,6
9.200000,10.00000,0.00000,0.244979,7
9.200000,11.00000,0.25000,0.244979,8
9.200000,12.00000,0.50000,0.244979,9
9.200000,13.00000,0.75000,0.244979,10
9.200000,14.00000,1.00000,0.463648,11
9.200000,15.00000,1.50000,0.463648,12
9.200000,16.00000,2.00000,0.000000,13
9.200000,17.00000,2.00000,0.000000,14
9.200000,18.00000,2.00000,-0.244979,15
9.200000,19.00000,1.75000,-0.244979,16
9.200000,20.00000,1.50000,-0.244979,17
9.200000,21.00000,1.25000,-0.463648,18
9.200000,22.00000,0.75000,-0.244979,19
9.200000,23.00000,0.50000,-0.244979,20
9.200000,24.00000,0.25000,0.000000,21
9.200000,25.00000,0.25000,0.000000,22
9.200000,26.00000,0.25000,0.000000,23
9.200000,27.00000,0.25000,0.000000,24
9.200000,28.00000,0.25000,0.000000,25
9.200000,29.00000,0.25000,0.000000,26
9.200000,30.00000,0.25000,0.000000,27
9.200000,31.00000,0.25000,0.000000,28
9.200000,32.00000,0.25000,0.000000,29
9.200000,33.00000,0.25000,0.000000,30
9.300000,2.85297,-1.10735,0.486969,0
9.300000,4.00000,-0.50000,0.244979,1
9.300000,5.00000,-0.25000,0.244979,2
9.300000,6.00000,0.00000,0.000000,3
9.300000,7.00000,0.00000,0.000000,4
9.300000,8.00000,0.00000,0.000000,5
9.300000,9.00000,0.00000,0.000000,6
9.300000,10.00000,0.00000,0.244979,7
9.300000,11.00000,0.25000,0.244979,8
9.300000,12.00000,0.50000,0.244979,9
9.300000,13.00000,0.75000,0.244979,10
9.300000,14.00000,1.00000,0.463648,11
9.300000,15.00000,1.50000,0.463648,12
9.300000,16.00000,2.00000,0.000000,13
9.300000,17.00000,2.00000,0.000000,14
9.300000,18.00000,2.00000,0.000000,15
9.300000,19.00000,2.00000,-0.244979,16
9.300000,20.00000,1.75000,-0.244979,17
9.300000,21.00000,1.50000,-0.463648,18
9.300000,22.00000,1.00000,-0.244979,19
9.300000,23.00000,0.75000,-0.244979,20
9.300000,24.00000,0.50000,-0.244979,21
9.300000,25.00000,0.25000,0.000000,22
9.300000,26.00000,0.25000,0.000000,23
9.300000,27.00000,0.25000,0.000000,24
9.300000,28.00000,0.25000,0.000000,25
9.300000,29.00000,0.25000,0.000000,26
9.300000,30.00000,0.25000,0.000000,27
9.300000,31.00000,0.25000,0.000000,28
9.300000,32.00000,0.25000,0.000000,29
9.300000,33.00000,0.25000,0.000000,30
9.400000,2.84524,-1.09778,0.477680,0
9.400000,4.00000,-0.50000,0.244979,1
9.400000,5.00000,-0.25000,0.244979,2
9.400000,6.00000,0.00000,0.000000,3
9.400000,7.00000,0.00000,0.000000,4
9.400000,8.00000,0.00000,0.000000,5
9.400000,9.00000,0.00000,0.000000,6
9.400000,10.00000,0.00000,0.244979,7
9.400000,11.00000,0.25000,0.244979,8
9.400000,12.00000,0.50000,0.244979,9
9.400000,13.00000,0.75000,0.244979,10
9.400000,14.00000,1.00000,0.463648,11
9.400000,15.00000,1.50000,0.463648,12
9.400000,16.00000,2.00000,0.000000,13
9.400000,17.00000,2.00000,0.000000,14
9.400000,18.00000,2.00000,0.000000,15
9.400000,19.00000,2.00000,-0.244979,16
9.400000,20.00000,1.75000,-0.244979,17
9.400000,21.00000,1.50000,-0.463648,18
9.400000,22.00000,1.00000,-0.244979,19
9.400000,23.00000,0.75000,-0.244979,20
9.400000,24.00000,0.50000,-0.244979,21
9.400000,25.00000,0.25000,0.000000,22
9.400000,26.00000,0.25000,0.000000,23
9.400000,27.00000,0.25000,0.000000,24
9.400000,28.00000,0.25000,0.000000,25
9.400000,29.00000,0.25000,0.000000,26
9.400000,30.00000,0.25000,0.000000,27
9.400000,31.00000,0.25000,0.000000,28
9.400000,32.00000,0.25000,0.000000,29
9.400000,33.00000,0.25000,0.000000,30
9.500000,2.86209,-1.11847,0.497850,0
9.500000,4.00000,-0.50000,0.244979,1
9.500000,5.00000,-0.25000,0.244979,2
9.500000,6.00000,0.00000,0.000000,3
9.500000,7.00000,0.00000,0.000000,4
9.500000,8.00000,0.00000,0.000000,5
9.500000,9.00000,0.00000,0.000000,6
9.500000,10.00000,0.00000,0.244979,7
9.500000,11.00000,0.25000,0.244979,8
9.500000,12.00000,0.50000,0.244979,9
9.500000,13.00000,0.75000,0.244979,10
9.500000,14.00000,1.00000,0.463648,11
9.500000,15.00000,1.50000,0.463648,12
9.500000,16.00000,2.00000,0.000000,13
9.500000,17.00000,2.00000,0.000000,14
9.500000,18.00000,2.00000,0.000000,15
9.500000,19.00000,2.00000,-0.244979,16
9.500000,20.00000,1.75000,-0.244979,17
9.500000,21.00000,1.50000,-0.463648,18
9.500000,22.00000,1.00000,-0.244979,19
9.500000,23.00000,0.75000,-0.244979,20
9.500000,24.00000,0.50000,-0.244979,21
9.500000,25.00000,0.25000,0.000000,22
9.500000,26.00000,0.25000,0.000000,23
9.500000,27.00000,0.25000,0.000000,24
9.500000,28.00000,0.25000,0.000000,25
9.500000,29.00000,0.25000,0.000000,26
9.500000,30.00000,0.25000,0.000000,27
9.500000,31.00000,0.25000,0.000000,28
9.500000,32.00000,0.25000,0.000000,29
9.500000,33.00000,0.25000,0.000000,30
9.600000,2.88444,-1.15454,0.347885,0
9.600000,4.00000,-0.75000,0.244979,1
9.600000,5.00000,-0.50000,0.244979,2
9.600000,6.00000,-0.25000,0.244979,3
9.600000,7.00000,0.00000,0.000000,4
9.600000,8.00000,0.00000,0.000000,5
9.600000,9.00000,0.00000,0.000000,6
9.600000,10.00000,0.00000,0.244979,7
9.600000,11.00000,0.25000,0.244979,8
9.600000,12.00000,0.50000,0.244979,9
9.600000,13.00000,0.75000,0.244979,10
9.600000,14.00000,1.00000,0.463648,11
9.600000,15.00000,1.50000,0.463648,12
9.600000,16.00000,2.00000,0.000000,13
9.600000,17.00000,2.00000,0.000000,14
9.600000,18.00000,2.00000,-0.244979,15
9.600000,19.00000,1.75000,-0.244979,16
9.600000,20.00000,1.50000,-0.244979,17
9.600000,21.00000,1.25000,-0.463648,18
9.600000,22.00000,0.75000,-0.244979,19
9.600000,23.00000,0.50000,-0.244979,20
9.600000,24.00000,0.25000,0.000000,21
9.600000,25.00000,0.25000,0.000000,22
9.600000,26.00000,0.25000,0.000000,23
9.600000,27.00000,0.25000,0.000000,24
9.600000,28.00000,0.25000,0.000000,25
9.600000,29.00000,0.25000,0.000000,26
9.600000,30.00000,0.25000,0.000000,27
9.600000,31.00000,0.25000,0.000000,28
9.600000,32.00000,0.25000,0.000000,29
9.600000,33.00000,0.25000,0.000000,30
9.700000,2.91386,-1.18708,0.382590,0
9.700000,4.00000,-0.75000,0.244979,1
9.700000,5.00000,-0.50000,0.244979,2
9.700000,6.00000,-0.25000,0.244979,3
9.700000,7.00000,0.00000,0.000000,4
9.700000,8.00000,0.00000,0.000000,5
9.700000,9.00000,0.00000,0.000000,6
9.700000,10.00000,0.00000,0.244979,7
9.700000,11.00000,0.25000,0.244979,8
9.700000,12.00000,0.50000,0.244979,9
9.700000,13.00000,0.75000,0.244979,10
9.700000,14.00000,1.00000,0.463648,11
9.700000,15.00000,1.50000,0.463648,12
9.700000,16.00000,2.00000,0.000000,13
9.700000,17.00000,2.00000,0.000000,14
9.700000,18.00000,2.00000,-0.244979,15
9.700000,19.00000,1.75000,-0.244979,16
9.700000,20.00000,1.50000,-0.244979,17
9.700000,21.00000,1.25000,-0.463648,18
9.700000,22.00000,0.75000,-0.244979,19
9.700000,23.00000,0.50000,-0.244979,20
9.700000,24.00000,0.25000,0.000000,21
9.700000,25.00000,0.25000,0.000000,22
9.700000,26.00000,0.25000,0.000000,23
9.700000,27.00000,0.25000,0.000000,24
9.700000,28.00000,0.25000,0.000000,25
9.700000,29.00000,0.25000,0.000000,26
9.700000,30.00000,0.25000,0.000000,27
9.700000,31.00000,0.25000,0.000000,28
9.700000,32.00000,0.25000,0.000000,29
9.700000,33.00000,0.25000,0.000000,30
9.800000,2.94831,-1.26857,0.458098,0
9.800000,4.00000,-0.75000,0.244979,1
9.800000,5.00000,-0.50000,0.244979,2
9.800000,6.00000,-0.25000,0.244979,3
9.800000,7.00000,0.00000,0.000000,4
9.800000,8.00000,0.00000,0.000000,5
9.800000,9.00000,0.00000,0.000000,6
9.800000,10.00000,0.00000,0.244979,7
9.800000,11.00000,0.25000,0.244979,8
9.800000,12.00000,0.50000,0.244979,9
9.800000,13.00000,0.75000,0.244979,10
9.800000,14.00000,1.00000,0.463648,11
9.800000,15.00000,1.50000,0.463648,12
9.800000,16.00000,2.00000,0.000000,13
9.800000,17.00000,2.00000,0.000000,14
9.800000,18.00000,2.00000,0.000000,15
9.800000,19.00000,2.00000,-0.244979,16
9.800000,20.00000,1.75000,-0.244979,17
9.800000,21.00000,1.50000,-0.463648,18
9.800000,22.00000,1.00000,-0.244979,19
9.800000,23.00000,0.75000,-0.244979,20
9.800000,24.00000,0.50000,-0.244979,21
9.800000,25.00000,0.25000,0.000000,22
9.800000,26.00000,0.25000,0.000000,23
9.800000,27.00000,0.25000,0.000000,24
9.800000,28.00000,0.25000,0.000000,25
9.800000,29.00000,0.25000,0.000000,26
9.800000,30.00000,0.25000,0.000000,27
9.800000,31.00000,0.25000,0.000000,28
9.800000,32.00000,0.25000,0.000000,29
9.800000,33.00000,0.25000,0.000000,30
9.900000,2.96430,-1.29016,0.480736,0
9.900000,4.00000,-0.75000,0.244979,1
9.900000,5.00000,-0.50000,0.244979,2
9.900000,6.00000,-0.25000,0.244979,3
9.900000,7.00000,0.00000,0.000000,4
9.900000,8.00000,0.00000,0.000000,5
9.900000,9.00000,0.00000,0.000000,6
9.900000,10.00000,0.00000,0.244979,7
9.900000,11.00000,0.25000,0.244979,8
9.900000,12.00000,0.50000,0.244979,9
9.900000,13.00000,0.75000,0.244979,10
9.900000,14.00000,1.00000,0.463648,11
9.900000,15.00000,1.50000,0.463648,12
9.900000,16.00000,2.00000,0.000000,13
9.900000,17.00000,2.00000,0.000000,14
9.900000,18.00000,2.00000,-0.244979,15
9.900000,19.00000,1.75000,-0.244979,16
9.900000,20.00000,1.50000,-0.244979,17
9.900000,21.00000,1.25000,-0.463648,18
9.900000,22.00000,0.75000,-0.244979,19
9.900000,23.00000,0.50000,-0.244979,20
9.900000,24.00000,0.25000,0.000000,21
9.900000,25.00000,0.25000,0.000000,22
9.900000,26.00000,0.25000,0.000000,23
9.900000,27.00000,0.25000,0.000000,24
9.900000,28.00000,0.25000,0.000000,25
9.900000,29.00000,0.25000,0.000000,26
9.900000,30.00000,0.25000,0.000000,27
9.900000,31.00000,0.25000,0.000000,28
9.900000,32.00000,0.25000,0.000000,29
9.900000,33.00000,0.25000,0.000000,30
10.000000,3.04291,-1.31190,0.530875,0
10.000000,4.00000,-0.75000,0.244979,1
10.000000,5.00000,-0.50000,0.244979,2
10.000000,6.00000,-0.25000,0.244979,3
10.000000,7.00000,0.00000,0.000000,4
10.000000,8.00000,0.00000,0.000000,5
10.000000,9.00000,0.00000,0.000000,6
10.000000,10.00000,0.00000,0.244979,7
10.000000,11.00000,0.25000,0.244979,8
10.000000,12.00000,0.50000,0.244979,9
10.000000,13.00000,0.75000,0.244979,10
10.000000,14.00000,1.00000,0.463648,11
10.000000,15.00000,1.50000,0.463648,12
10.000000,16.00000,2.00000,0.000000,13
10.000000,17.00000,2.00000,0.000000,14
10.000000,18.00000,2.00000,0.000000,15
10.000000,19.00000,2.00000,-0.244979,16
10.000000,20.00000,1.75000,-0.244979,17
10.000000,21.00000,1.50000,-0.463648,18
10.000000,22.00000,1.00000,-0.244979,19
10.000000,23.00000,0.75000,-0.244979,20
10.000000,24.00000,0.50000,-0.244979,21
10.000000,25.00000,0.25000,0.000000,22
10.000000,26.00000,0.25000,0.000000,23
10.000000,27.00000,0.25000,0.000000,24
10.000000,28.00000,0.25000,0.000000,25
10.000000,29.00000,0.25000,0.000000,26
10.000000,30.00000,0.25000,0.000000,27
10.000000,31.00000,0.25000,0.000000,28
10.000000,32.00000,0.25000,0.000000,29
10.000000,33.00000,0.25000,0.000000,30
10.100000,3.11378,-1.35911,0.602158,0
10.100000,4.00000,-0.75000,0.244979,1
10.100000,5.00000,-0.50000,0.244979,2
10.100000,6.00000,-0.25000,0.244979,3
10.100000,7.00000,0.00000,0.000000,4
10.100000,8.00000,0.00000,0.000000,5
10.100000,9.00000,0.00000,0.000000,6
10.100000,10.00000,0.00000,0.244979,7
10.100000,11.00000,0.25000,0.244979,8
10.100000,12.00000,0.50000,0.244979,9
10.100000,13.00000,0.75000,0.244979,10
10.100000,14.00000,1.00000,0.463648,11
10.100000,15.00000,1.50000,0.463648,12
10.100000,16.00000,2.00000,0.000000,13
10.100000,17.00000,2.00000,0.000000,14
10.100000,18.00000,2.00000,0.000000,15
10.100000,19.00000,2.00000,-0.244979,16
10.100000,20.00000,1.75000,-0.244979,17
10.100000,21.00000,1.50000,-0.463648,18
10.100000,22.00000,1.00000,-0.244979,19
10.100000,23.00000,0.75000,-0.244979,20
10.100000,24.00000,0.50000,-0.244979,21
10.100000,25.00000,0.25000,0.000000,22
10.100000,26.00000,0.25000,0.000000,23
10.100000,27.00000,0.25000,0.000000,24
10.100000,28.00000,0.25000,0.000000,25
10.100000,29.00000,0.25000,0.000000,26
10.100000,30.00000,0.25000,0.000000,27
10.100000,31.00000,0.25000,0.000000,28
10.100000,32.00000,0.25000,0.000000,29
10.100000,33.00000,0.25000,0.000000,30
10.200000,3.16187,-1.38067,0.645084,0
10.200000,4.00000,-0.75000,0.244979,1
10.200000,5.00000,-0.50000,0.244979,2
10.200000,6.00000,-0.25000,0.244979,3
10.200000,7.00000,0.00000,0.000000,4
10.200000,8.00000,0.00000,0.000000,5
10.200000,9.00000,0.00000,0.000000,6
10.200000,10.00000,0.00000,0.244979,7
10.200000,11.00000,0.25000,0.244979,8
10.200000,12.00000,0.50000,0.244979,9
10.200000,13.00000,0.75000,0.244979,10
10.200000,14.00000,1.00000,0.463648,11
10.200000,15.00000,1.50000,0.463648,12
10.200000,16.00000,2.00000,0.000000,13
10.200000,17.00000,2.00000,0.000000,14
10.200000,18.00000,2.00000,0.000000,15
10.200000,19.00000,2.00000,-0.244979,16
10.200000,20.00000,1.75000,-0.244979,17
10.200000,21.00000,1.50000,-0.463648,18
10.200000,22.00000,1.00000,-0.244979,19
10.200000,23.00000,0.75000,-0.244979,20
10.200000,24.00000,0.50000,-0.244979,21
10.200000,25.00000,0.25000,0.000000,22
10.200000,26.00000,0.25000,0.000000,23
10.200000,27.00000,0.25000,0.000000,24
10.200000,28.00000,0.25000,0.000000,25
10.200000,29.00000,0.25000,0.000000,26
10.200000,30.00000,0.25000,0.000000,27
10.200000,31.00000,0.25000,0.000000,28
10.200000,32.00000,0.25000,0.000000,29
10.200000,33.00000,0.25000,0.000000,30
10.300000,3.19101,-1.42510,0.695422,0
10.300000,4.00000,-0.75000,0.244979,1
10.300000,5.00000,-0.50000,0.244979,2
10.300000,6.00000,-0.25000,0.244979,3
10.300000,7.00000,0.00000,0.000000,4
10.300000,8.00000,0.00000,0.000000,5
10.300000,9.00000,0.00000,0.000000,6
10.300000,10.00000,0.00000,0.244979,7
10.300000,11.00000,0.25000,0.244979,8
10.300000,12.00000,0.50000,0.244979,9
10.300000,13.00000,0.75000,0.244979,10
10.300000,14.00000,1.00000,0.463648,11
10.300000,15.00000,1.50000,0.463648,12
10.300000,16.00000,2.00000,0.000000,13
10.300000,17.00000,2.00000,0.000000,14
10.300000,18.00000,2.00000,0.000000,15
10.300000,19.00000,2.00000,-0.244979,16
10.300000,20.00000,1.75000,-0.244979,17
10.300000,21.00000,1.50000,-0.463648,18
10.300000,22.00000,1.00000,-0.244979,19
10.300000,23.00000,0.75000,-0.244979,20
10.300000,24.00000,0.50000,-0.244979,21
10.300000,25.00000,0.25000,0.000000,22
10.300000,26.00000,0.25000,0.000000,23
10.300000,27.00000,0.25000,0.000000,24
10.300000,28.00000,0.25000,0.000000,25
10.300000,29.00000,0.25000,0.000000,26
10.300000,30.00000,0.25000,0.000000,27
10.300000,31.00000,0.25000,0.000000,28
10.300000,32.00000,0.25000,0.000000,29
10.300000,33.00000,0.25000,0.000000,30
10.400000,3.25714,-1.43466,0.503514,0
10.400000,4.50000,-0.75000,0.244979,1
10.400000,5.50000,-0.50000,0.244979,2
10.400000,6.50000,-0.25000,0.244979,3
10.400000,7.50000,0.00000,0.000000,4
10.400000,8.50000,0.00000,0.000000,5
10.400000,9.50000,0.00000,0.000000,6
10.400000,10.50000,0.00000,0.244979,7
10.400000,11.50000,0.25000,0.244979,8
10.400000,12.50000,0.50000,0.244979,9
10.400000,13.50000,0.75000,0.244979,10
10.400000,14.50000,1.00000,0.463648,11
10.400000,15.50000,1.50000,0.463648,12
10.400000,16.50000,2.00000,0.000000,13
10.400000,17.50000,2.00000,0.000000,14
10.400000,18.50000,2.00000,-0.244979,15
10.400000,19.50000,1.75000,-0.244979,16
10.400000,20.50000,1.50000,-0.463648,17
10.400000,21.50000,1.00000,-0.244979,18
10.400000,22.50000,0.75000,-0.244979,19
10.400000,23.50000,0.50000,-0.244979,20
10.400000,24.50000,0.25000,0.000000,21
10.400000,25.50000,0.25000,0.000000,22
10.400000,26.50000,0.25000,0.000000,23
10.400000,27.50000,0.25000,0.000000,24
10.400000,28.50000,0.25000,0.000000,25
10.400000,29.50000,0.25000,0.000000,26
10.400000,30.50000,0.25000,0.000000,27
10.400000,31.50000,0.25000,0.000000,28
10.400000,32.50000,0.25000,0.000000,29
10.400000,33.50000,0.25000,0.000000,30
10.500000,3.29904,-1.47666,0.544137,0
10.500000,4.50000,-0.75000,0.244979,1
10.500000,5.50000,-0.50000,0.244979,2
10.500000,6.50000,-0.25000,0.244979,3
10.500000,7.50000,0.00000,0.000000,4
10.500000,8.50000,0.00000,0.000000,5
10.500000,9.50000,0.00000,0.000000,6
10.500000,10.50000,0.00000,0.244979,7
10.500000,11.50000,0.25000,0.244979,8
10.500000,12.50000,0.50000,0.244979,9
10.500000,13.50000,0.75000,0.244979,10
10.500000,14.50000,1.00000,0.463648,11
10.500000,15.50000,1.50000,0.463648,12
10.500000,16.50000,2.00000,0.000000,13
10.500000,17.50000,2.00000,0.000000,14
10.500000,18.50000,2.00000,-0.244979,15
10.500000,19.50000,1.75000,-0.244979,16
10.500000,20.50000,1.50000,-0.463648,17
10.500000,21.50000,1.00000,-0.244979,18
10.500000,22.50000,0.75000,-0.244979,19
10.500000,23.50000,0.50000,-0.244979,20
10.500000,24.50000,0.25000,0.000000,21
10.500000,25.50000,0.25000,0.000000,22
10.500000,26.50000,0.25000,0.000000,23
10.500000,27.50000,0.25000,0.000000,24
10.500000,28.50000,0.25000,0.000000,25
10.500000,29.50000,0.25000,0.000000,26
10.500000,30.50000,0.25000,0.000000,27
10.500000,31.50000,0.25000,0.000000,28
10.500000,32.50000,0.25000,0.000000,29
10.500000,33.50000,0.25000,0.000000,30
10.600000,3.35139,-1.52505,0.428759,0
10.600000,4.50000,-1.00000,0.244979,1
10.600000,5.50000,-0.75000,0.244979,2
10.600000,6.50000,-0.50000,0.244979,3
10.600000,7.50000,-0.25000,0.244979,4
10.600000,8.50000,0.00000,0.000000,5
10.600000,9.50000,0.00000,0.000000,6
10.600000,10.50000,0.00000,0.244979,7
10.600000,11.50000,0.25000,0.244979,8
10.600000,12.50000,0.50000,0.244979,9
10.600000,13.50000,0.75000,0.244979,10
10.600000,14.50000,1.00000,0.463648,11
10.600000,15.50000,1.50000,0.463648,12
10.600000,16.50000,2.00000,0.000000,13
10.600000,17.50000,2.00000,0.000000,14
10.600000,18.50000,2.00000,-0.244979,15
10.600000,19.50000,1.75000,-0.244979,16
10.600000,20.50000,1.50000,-0.463648,17
10.600000,21.50000,1.00000,-0.244979,18
10.600000,22.50000,0.75000,-0.244979,19
10.600000,23.50000,0.50000,-0.244979,20
10.600000,24.50000,0.25000,0.000000,21
10.600000,25.50000,0.25000,0.000000,22
10.600000,26.50000,0.25000,0.000000,23
10.600000,27.50000,0.25000,0.000000,24
10.600000,28.50000,0.25000,0.000000,25
10.600000,29.50000,0.25000,0.000000,26
10.600000,30.50000,0.25000,0.000000,27
10.600000,31.50000,0.25000,0.000000,28
10.600000,32.50000,0.25000,0.000000,29
10.600000,33.50000,0.25000,0.000000,30
10.700000,3.35722,-1.51714,0.424950,0
10.700000,4.50000,-1.00000,0.244979,1
10.700000,5.50000,-0.75000,0.244979,2
10.700000,6.50000,-0.50000,0.244979,3
10.700000,7.50000,-0.25000,0.244979,4
10.700000,8.50000,0.00000,0.000000,5
10.700000,9.50000,0.00000,0.000000,6
10.700000,10.50000,0.00000,0.244979,7
10.700000,11.50000,0.25000,0.244979,8
10.700000,12.50000,0.50000,0.244979,9
10.700000,13.50000,0.75000,0.244979,10
10.700000,14.50000,1.00000,0.463648,11
10.700000,15.50000,1.50000,0.463648,12
10.700000,16.50000,2.00000,0.000000,13
10.700000,17.50000,2.00000,0.000000,14
10.700000,18.50000,2.00000,-0.244979,15
10.700000,19.50000,1.75000,-0.244979,16
10.700000,20.50000,1.50000,-0.463648,17
10.700000,21.50000,1.00000,-0.244979,18
10.700000,22.50000,0.75000,-0.244979,19
10.700000,23.50000,0.50000,-0.244979,20
10.700000,24.50000,0.25000,0.000000,21
10.700000,25.50000,0.25000,0.000000,22
10.700000,26.50000,0.25000,0.000000,23
10.700000,27.50000,0.25000,0.000000,24
10.700000,28.50000,0.25000,0.000000,25
10.700000,29.50000,0.25000,0.000000,26
10.700000,30.50000,0.25000,0.000000,27
10.700000,31.50000,0.25000,0.000000,28
10.700000,32.50000,0.25000,0.000000,29
10.700000,33.50000,0.25000,0.000000,30
10.800000,3.44627,-1.53398,0.469036,0
10.800000,4.50000,-1.00000,0.244979,1
10.800000,5.50000,-0.75000,0.244979,2
10.800000,6.50000,-0.50000,0.244979,3
10.800000,7.50000,-0.25000,0.244979,4
10.800000,8.50000,0.00000,0.000000,5
10.800000,9.50000,0.00000,0.000000,6
10.800000,10.50000,0.00000,0.244979,7
10.800000,11.50000,0.25000,0.244979,8
10.800000,12.50000,0.50000,0.244979,9
10.800000,13.50000,0.75000,0.244979,10
10.800000,14.50000,1.00000,0.463648,11
10.800000,15.50000,1.50000,0.463648,12
10.800000,16.50000,2.00000,0.000000,13
10.800000,17.50000,2.00000,0.000000,14
10.800000,18.50000,2.00000,-0.244979,15
10.800000,19.50000,1.75000,-0.244979,16
10.800000,20.50000,1.50000,-0.463648,17
10.800000,21.50000,1.00000,-0.244979,18
10.800000,22.50000,0.75000,-0.244979,19
10.800000,23.50000,0.50000,-0.244979,20
10.800000,24.50000,0.25000,0.000000,21
10.800000,25.50000,0.25000,0.000000,22
10.800000,26.50000,0.25000,0.000000,23
10.800000,27.50000,0.25000,0.000000,24
10.800000,28.50000,0.25000,0.000000,25
10.800000,29.50000,0.25000,0.000000,26
10.800000,30.50000,0.25000,0.000000,27
10.800000,31.50000,0.25000,0.000000,28
10.800000,32.50000,0.25000,0.000000,29
10.800000,33.50000,0.25000,0.000000,30
10.900000,3.43601,-1.56148,0.485573,0
10.900000,4.50000,-1.00000,0.244979,1
10.900000,5.50000,-0.75000,0.244979,2
10.900000,6.50000,-0.50000,0.244979,3
10.900000,7.50000,-0.25000,0.244979,4
10.900000,8.50000,0.00000,0.000000,5
10.900000,9.50000,0.00000,0.000000,6
10.900000,10.50000,0.00000,0.244979,7
10.900000,11.50000,0.25000,0.244979,8
10.900000,12.50000,0.50000,0.244979,9
10.900000,13.50000,0.75000,0.244979,10
10.900000,14.50000,1.00000,0.463648,11
10.900000,15.50000,1.50000,0.463648,12
10.900000,16.50000,2.00000,0.000000,13
10.900000,17.50000,2.00000,0.000000,14
10.900000,18.50000,2.00000,-0.244979,15
10.900000,19.50000,1.75000,-0.244979,16
10.900000,20.50000,1.50000,-0.463648,17
10.900000,21.50000,1.00000,-0.244979,18
10.900000,22.50000,0.75000,-0.244979,19
10.900000,23.50000,0.50000,-0.244979,20
10.900000,24.50000,0.25000,0.000000,21
10.900000,25.50000,0.25000,0.000000,22
10.900000,26.50000,0.25000,0.000000,23
10.900000,27.50000,0.25000,0.000000,24
10.900000,28.50000,0.25000,0.000000,25
10.900000,29.50000,0.25000,0.000000,26
10.900000,30.50000,0.25000,0.000000,27
10.900000,31.50000,0.25000,0.000000,28
10.900000,32.50000,0.25000,0.000000,29
10.900000,33.50000,0.25000,0.000000,30
11.002000,3.49235,-1.58980,0.529558,0
11.002000,4.50000,-1.00000,0.244979,1
11.002000,5.50000,-0.75000,0.244979,2
11.002000,6.50000,-0.50000,0.244979,3
11.002000,7.50000,-0.25000,0.244979,4
11.002000,8.50000,0.00000,0.000000,5
11.002000,9.50000,0.00000,0.000000,6
11.002000,10.50000,0.00000,0.244979,7
11.002000,11.50000,0.25000,0.244979,8
11.002000,12.50000,0.50000,0.244979,9
11.002000,13.50000,0.75000,0.244979,10
11.002000,14.50000,1.00000,0.463648,11
11.002000,15.50000,1.50000,0.463648,12
11.002000,16.50000,2.00000,0.000000,13
11.002000,17.50000,2.00000,0.000000,14
11.002000,18.50000,2.00000,-0.244979,15
11.002000,19.50000,1.75000,-0.244979,16
11.002000,20.50000,1.50000,-0.463648,17
11.002000,21.50000,1.00000,-0.244979,18
11.002000,22.50000,0.75000,-0.244979,19
11.002000,23.50000,0.50000,-0.244979,20
11.002000,24.50000,0.25000,0.000000,21
11.002000,25.50000,0.25000,0.000000,22
11.002000,26.50000,0.25000,0.000000,23
11.002000,27.50000,0.25000,0.000000,24
11.002000,28.50000,0.25000,0.000000,25
11.002000,29.50000,0.25000,0.000000,26
11.002000,30.50000,0.25000,0.000000,27
11.002000,31.50000,0.25000,0.000000,28
11.002000,32.50000,0.25000,0.000000,29
11.002000,33.50000,0.25000,0.000000,30
11.104000,3.51139,-1.60060,0.545932,0
11.104000,4.50000,-1.00000,0.244979,1
11.104000,5.50000,-0.75000,0.244979,2
11.104000,6.50000,-0.50000,0.244979,3
11.104000,7.50000,-0.25000,0.244979,4
11.104000,8.50000,0.00000,0.000000,5
11.104000,9.50000,0.00000,0.000000,6
11.104000,10.50000,0.00000,0.244979,7
11.104000,11.50000,0.25000,0.244979,8
11.104000,12.50000,0.50000,0.244979,9
11.104000,13.50000,0.75000,0.244979,10
11.104000,14.50000,1.00000,0.463648,11
11.104000,15.50000,1.50000,0.463648,12
11.104000,16.50000,2.00000,0.000000,13
11.104000,17.50000,2.00000,0.000000,14
11.104000,18.50000,2.00000,-0.244979,15
11.104000,19.50000,1.75000,-0.244979,16
11.104000,20.50000,1.50000,-0.463648,17
11.104000,21.50000,1.00000,-0.244979,18
11.104000,22.50000,0.75000,-0.244979,19
11.104000,23.50000,0.50000,-0.244979,20
11.104000,24.50000,0.25000,0.000000,21
11.104000,25.50000,0.25000,0.000000,22
11.104000,26.50000,0.25000,0.000000,23
11.104000,27.50000,0.25000,0.000000,24
11.104000,28.50000,0.25000,0.000000,25
11.104000,29.50000,0.25000,0.000000,26
11.104000,30.50000,0.25000,0.000000,27
11.104000,31.50000,0.25000,0.000000,28
11.104000,32.50000,0.25000,0.000000,29
11.104000,33.50000,0.25000,0.000000,30
11.200000,3.49363,-1.63605,0.563634,0
11.200000,4.50000,-1.00000,0.244979,1
11.200000,5.50000,-0.75000,0.244979,2
11.200000,6.50000,-0.50000,0.244979,3
11.200000,7.50000,-0.25000,0.244979,4
11.200000,8.50000,0.00000,0.000000,5
11.200000,9.50000,0.00000,0.000000,6
11.200000,10.50000,0.00000,0.244979,7
11.200000,11.50000,0.25000,0.244979,8
11.200000,12.50000,0.50000,0.244979,9
11.200000,13.50000,0.75000,0.244979,10
11.200000,14.50000,1.00000,0.463648,11
11.200000,15.50000,1.50000,0.463648,12
11.200000,16.50000,2.00000,0.000000,13
11.200000,17.50000,2.00000,0.000000,14
11.200000,18.50000,2.00000,-0.244979,15
11.200000,19.50000,1.75000,-0.244979,16
11.200000,20.50000,1.50000,-0.463648,17
11.200000,21.50000,1.00000,-0.244979,18
11.200000,22.50000,0.75000,-0.244979,19
11.200000,23.50000,0.50000,-0.244979,20
11.200000,24.50000,0.25000,0.000000,21
11.200000,25.50000,0.25000,0.000000,22
11.200000,26.50000,0.25000,0.000000,23
11.200000,27.50000,0.25000,0.000000,24
11.200000,28.50000,0.25000,0.000000,25
11.200000,29.50000,0.25000,0.000000,26
11.200000,30.50000,0.25000,0.000000,27
11.200000,31.50000,0.25000,0.000000,28
11.200000,32.50000,0.25000,0.000000,29
11.200000,33.50000,0.25000,0.000000,30
11.300000,3.52978,-1.66427,0.600355,0
11.300000,4.50000,-1.00000,0.244979,1
11.300000,5.50000,-0.75000,0.244979,2
11.300000,6.50000,-0.50000,0.244979,3
11.300000,7.50000,-0.25000,0.244979,4
11.300000,8.50000,0.00000,0.000000,5
11.300000,9.50000,0.00000,0.000000,6
11.300000,10.50000,0.00000,0.244979,7
11.300000,11.50000,0.25000,0.244979,8
11.300000,12.50000,0.50000,0.244979,9
11.300000,13.50000,0.75000,0.244979,10
11.300000,14.50000,1.00000,0.463648,11
11.300000,15.50000,1.50000,0.463648,12
11.300000,16.50000,2.00000,0.000000,13
11.300000,17.50000,2.00000,0.000000,14
11.300000,18.50000,2.00000,-0.244979,15
11.300000,19.50000,1.75000,-0.244979,16
11.300000,20.50000,1.50000,-0.463648,17
11.300000,21.50000,1.00000,-0.244979,18
11.300000,22.50000,0.75000,-0.244979,19
11.300000,23.50000,0.50000,-0.244979,20
11.300000,24.50000,0.25000,0.000000,21
11.300000,25.50000,0.25000,0.000000,22
11.300000,26.50000,0.25000,0.000000,23
11.300000,27.50000,0.25000,0.000000,24
11.300000,28.50000,0.25000,0.000000,25
11.300000,29.50000,0.25000,0.000000,26
11.300000,30.50000,0.25000,0.000000,27
11.300000,31.50000,0.25000,0.000000,28
11.300000,32.50000,0.25000,0.000000,29
11.300000,33.50000,0.25000,0.000000,30
11.400000,3.55436,-1.68855,0.629356,0
11.400000,4.50000,-1.00000,0.244979,1
11.400000,5.50000,-0.75000,0.244979,2
11.400000,6.50000,-0.50000,0.244979,3
11.400000,7.50000,-0.25000,0.244979,4
11.400000,8.50000,0.00000,0.000000,5
11.400000,9.50000,0.00000,0.000000,6
11.400000,10.50000,0.00000,0.244979,7
11.400000,11.50000,0.25000,0.244979,8
11.400000,12.50000,0.50000,0.244979,9
11.400000,13.50000,0.75000,0.244979,10
11.400000,14.50000,1.00000,0.463648,11
11.400000,15.50000,1.50000,0.463648,12
11.400000,16.50000,2.00000,0.000000,13
11.400000,17.50000,2.00000,0.000000,14
11.400000,18.50000,2.00000,-0.244979,15
11.400000,19.50000,1.75000,-0.244979,16
11.400000,20.50000,1.50000,-0.463648,17
11.400000,21.50000,1.00000,-0.244979,18
11.400000,22.50000,0.75000,-0.244979,19
11.400000,23.50000,0.50000,-0.244979,20
11.400000,24.50000,0.25000,0.000000,21
11.400000,25.50000,0.25000,0.000000,22
11.400000,26.50000,0.25000,0.000000,23
11.400000,27.50000,0.25000,0.000000,24
11.400000,28.50000,0.25000,0.000000,25
11.400000,29.50000,0.25000,0.000000,26
11.400000,30.50000,0.25000,0.000000,27
11.400000,31.50000,0.25000,0.000000,28
11.400000,32.50000,0.25000,0.000000,29
11.400000,33.50000,0.25000,0.000000,30
11.500000,3.58611,-1.71656,0.664954,0
11.500000,4.50000,-1.00000,0.244979,1
11.500000,5.50000,-0.75000,0.244979,2
11.500000,6.50000,-0.50000,0.244979,3
11.500000,7.50000,-0.25000,0.244979,4
11.500000,8.50000,0.00000,0.000000,5
11.500000,9.50000,0.00000,0.000000,6
11.500000,10.50000,0.00000,0.244979,7
11.500000,11.50000,0.25000,0.244979,8
11.500000,12.50000,0.50000,0.244979,9
11.500000,13.50000,0.75000,0.244979,10
11.500000,14.50000,1.00000,0.463648,11
11.500000,15.50000,1.50000,0.463648,12
11.500000,16.50000,2.00000,0.000000,13
11.500000,17.50000,2.00000,0.000000,14
11.500000,18.50000,2.00000,-0.244979,15
11.500000,19.50000,1.75000,-0.244979,16
11.500000,20.50000,1.50000,-0.463648,17
11.500000,21.50000,1.00000,-0.244979,18
11.500000,22.50000,0.75000,-0.244979,19
11.500000,23.50000,0.50000,-0.244979,20
11.500000,24.50000,0.25000,0.000000,21
11.500000,25.50000,0.25000,0.000000,22
11.500000,26.50000,0.25000,0.000000,23
11.500000,27.50000,0.25000,0.000000,24
11.500000,28.50000,0.25000,0.000000,25
11.500000,29.50000,0.25000,0.000000,26
11.500000,30.50000,0.25000,0.000000,27
11.500000,31.50000,0.25000,0.000000,28
11.500000,32.50000,0.25000,0.000000,29
11.500000,33.50000,0.25000,0.000000,30
11.600000,3.61277,-1.74376,0.697659,0
11.600000,4.50000,-1.00000,0.244979,1
11.600000,5.50000,-0.75000,0.244979,2
11.600000,6.50000,-0.50000,0.244979,3
11.600000,7.50000,-0.25000,0.244979,4
11.600000,8.50000,0.00000,0.000000,5
11.600000,9.50000,0.00000,0.000000,6
11.600000,10.50000,0.00000,0.244979,7
11.600000,11.50000,0.25000,0.244979,8
11.600000,12.50000,0.50000,0.244979,9
11.600000,13.50000,0.75000,0.244979,10
11.600000,14.50000,1.00000,0.463648,11
11.600000,15.50000,1.50000,0.463648,12
11.600000,16.50000,2.00000,0.000000,13
11.600000,17.50000,2.00000,0.000000,14
11.600000,18.50000,2.00000,-0.244979,15
11.600000,19.50000,1.75000,-0.244979,16
11.600000,20.50000,1.50000,-0.463648,17
11.600000,21.50000,1.00000,-0.244979,18
11.600000,22.50000,0.75000,-0.244979,19
11.600000,23.50000,0.50000,-0.244979,20
11.600000,24.50000,0.25000,0.000000,21
11.600000,25.50000,0.25000,0.000000,22
11.600000,26.50000,0.25000,0.000000,23
11.600000,27.50000,0.25000,0.000000,24
11.600000,28.50000,0.25000,0.000000,25
11.600000,29.50000,0.25000,0.000000,26
11.600000,30.50000,0.25000,0.000000,27
11.600000,31.50000,0.25000,0.000000,28
11.600000,32.50000,0.25000,0.000000,29
11.600000,33.50000,0.25000,0.000000,30
11.700000,3.64564,-1.79017,0.746382,0
11.700000,4.50000,-1.00000,0.244979,1
11.700000,5.50000,-0.75000,0.244979,2
11.700000,6.50000,-0.50000,0.244979,3
11.700000,7.50000,-0.25000,0.244979,4
11.700000,8.50000,0.00000,0.000000,5
11.700000,9.50000,0.00000,0.000000,6
11.700000,10.50000,0.00000,0.244979,7
11.700000,11.50000,0.25000,0.244979,8
11.700000,12.50000,0.50000,0.244979,9
11.700000,13.50000,0.75000,0.244979,10
11.700000,14.50000,1.00000,0.463648,11
11.700000,15.50000,1.50000,0.463648,12
11.700000,16.50000,2.00000,0.000000,13
11.700000,17.50000,2.00000,0.000000,14
11.700000,18.50000,2.00000,-0.244979,15
11.700000,19.50000,1.75000,-0.244979,16
11.700000,20.50000,1.50000,-0.463648,17
11.700000,21.50000,1.00000,-0.244979,18
11.700000,22.50000,0.75000,-0.244979,19
11.700000,23.50000,0.50000,-0.244979,20
11.700000,24.50000,0.25000,0.000000,21
11.700000,25.50000,0.25000,0.000000,22
11.700000,26.50000,0.25000,0.000000,23
11.700000,27.50000,0.25000,0.000000,24
11.700000,28.50000,0.25000,0.000000,25
11.700000,29.50000,0.25000,0.000000,26
11.700000,30.50000,0.25000,0.000000,27
11.700000,31.50000,0.25000,0.000000,28
11.700000,32.50000,0.25000,0.000000,29
11.700000,33.50000,0.25000,0.000000,30
11.800000,3.67147,-1.83290,0.788030,0
11.800000,4.50000,-1.00000,0.244979,1
11.800000,5.50000,-0.75000,0.244979,2
11.800000,6.50000,-0.50000,0.244979,3
11.800000,7.50000,-0.25000,0.244979,4
11.800000,8.50000,0.00000,0.000000,5
11.800000,9.50000,0.00000,0.000000,6
11.800000,10.50000,0.00000,0.244979,7
11.800000,11.50000,0.25000,0.244979,8
11.800000,12.50000,0.50000,0.244979,9
11.800000,13.50000,0.75000,0.244979,10
11.800000,14.50000,1.00000,0.463648,11
11.800000,15.50000,1.50000,0.463648,12
11.800000,16.50000,2.00000,0.000000,13
11.800000,17.50000,2.00000,0.000000,14
11.800000,18.50000,2.00000,-0.244979,15
11.800000,19.50000,1.75000,-0.244979,16
11.800000,20.50000,1.50000,-0.463648,17
11.800000,21.50000,1.00000,-0.244979,18
11.800000,22.50000,0.75000,-0.244979,19
11.800000,23.50000,0.50000,-0.244979,20
11.800000,24.50000,0.25000,0.000000,21
11.800000,25.50000,0.25000,0.000000,22
11.800000,26.50000,0.25000,0.000000,23
11.800000,27.50000,0.25000,0.000000,24
11.800000,28.50000,0.25000,0.000000,25
11.800000,29.50000,0.25000,0.000000,26
11.800000,30.50000,0.25000,0.000000,27
11.800000,31.50000,0.25000,0.000000,28
11.800000,32.50000,0.25000,0.000000,29
11.800000,33.50000,0.25000,0.000000,30
11.900000,3.69757,-1.83898,0.807662,0
11.900000,4.50000,-1.00000,0.244979,1
11.900000,5.50000,-0.75000,0.244979,2
11.900000,6.50000,-0.50000,0.244979,3
11.900000,7.50000,-0.25000,0.244979,4
11.900000,8.50000,0.00000,0.000000,5
11.900000,9.50000,0.00000,0.000000,6
11.900000,10.50000,0.00000,0.244979,7
11.900000,11.50000,0.25000,0.244979,8
11.900000,12.50000,0.50000,0.244979,9
11.900000,13.50000,0.75000,0.244979,10
11.900000,14.50000,1.00000,0.463648,11
11.900000,15.50000,1.50000,0.463648,12
11.900000,16.50000,2.00000,0.000000,13
11.900000,17.50000,2.00000,0.000000,14
11.900000,18.50000,2.00000,-0.244979,15
11.900000,19.50000,1.75000,-0.244979,16
11.900000,20.50000,1.50000,-0.463648,17
11.900000,21.50000,1.00000,-0.244979,18
11.900000,22.50000,0.75000,-0.244979,19
11.900000,23.50000,0.50000,-0.244979,20
11.900000,24.50000,0.25000,0.000000,21
11.900000,25.50000,0.25000,0.000000,22
11.900000,26.50000,0.25000,0.000000,23
11.900000,27.50000,0.25000,0.000000,24
11.900000,28.50000,0.25000,0.000000,25
11.900000,29.50000,0.25000,0.000000,26
11.900000,30.50000,0.25000,0.000000,27
11.900000,31.50000,0.25000,0.000000,28
11.900000,32.50000,0.25000,0.000000,29
11.900000,33.50000,0.25000,0.000000,30
12.000000,3.72201,-1.86434,0.837925,0
12.000000,4.50000,-1.00000,0.244979,1
12.000000,5.50000,-0.75000,0.244979,2
12.000000,6.50000,-0.50000,0.244979,3
12.000000,7.50000,-0.25000,0.244979,4
12.000000,8.50000,0.00000,0.000000,5
12.000000,9.50000,0.00000,0.000000,6
12.000000,10.50000,0.00000,0.244979,7
12.000000,11.50000,0.25000,0.244979,8
12.000000,12.50000,0.50000,0.244979,9
12.000000,13.50000,0.75000,0.244979,10
12.000000,14.50000,1.00000,0.463648,11
12.000000,15.50000,1.50000,0.463648,12
12.000000,16.50000,2.00000,0.000000,13
12.000000,17.50000,2.00000,0.000000,14
12.000000,18.50000,2.00000,-0.244979,15
12.000000,19.50000,1.75000,-0.244979,16
12.000000,20.50000,1.50000,-0.463648,17
12.000000,21.50000,1.00000,-0.244979,18
12.000000,22.50000,0.75000,-0.244979,19
12.000000,23.50000,0.50000,-0.244979,20
12.000000,24.50000,0.25000,0.000000,21
12.000000,25.50000,0.25000,0.000000,22
12.000000,26.50000,0.25000,0.000000,23
12.000000,27.50000,0.25000,0.000000,24
12.000000,28.50000,0.25000,0.000000,25
12.000000,29.50000,0.25000,0.000000,26
12.000000,30.50000,0.25000,0.000000,27
12.000000,31.50000,0.25000,0.000000,28
12.000000,32.50000,0.25000,0.000000,29
12.000000,33.50000,0.25000,0.000000,30
12.100000,3.73510,-1.91164,0.713143,0
12.100000,4.50000,-1.25000,0.463648,1
12.100000,5.50000,-0.75000,0.244979,2
12.100000,6.50000,-0.50000,0.244979,3
12.100000,7.50000,-0.25000,0.244979,4
12.100000,8.50000,0.00000,0.000000,5
12.100000,9.50000,0.00000,0.000000,6
12.100000,10.50000,0.00000,0.244979,7
12.100000,11.50000,0.25000,0.244979,8
12.100000,12.50000,0.50000,0.244979,9
12.100000,13.50000,0.75000,0.244979,10
12.100000,14.50000,1.00000,0.463648,11
12.100000,15.50000,1.50000,0.463648,12
12.100000,16.50000,2.00000,0.000000,13
12.100000,17.50000,2.00000,0.000000,14
12.100000,18.50000,2.00000,-0.244979,15
12.100000,19.50000,1.75000,-0.244979,16
12.100000,20.50000,1.50000,-0.463648,17
12.100000,21.50000,1.00000,-0.244979,18
12.100000,22.50000,0.75000,-0.244979,19
12.100000,23.50000,0.50000,-0.244979,20
12.100000,24.50000,0.25000,0.000000,21
12.100000,25.50000,0.25000,0.000000,22
12.100000,26.50000,0.25000,0.000000,23
12.100000,27.50000,0.25000,0.000000,24
12.100000,28.50000,0.25000,0.000000,25
12.100000,29.50000,0.25000,0.000000,26
12.100000,30.50000,0.25000,0.000000,27
12.100000,31.50000,0.25000,0.000000,28
12.100000,32.50000,0.25000,0.000000,29
12.100000,33.50000,0.25000,0.000000,30
12.200000,3.76247,-1.92947,0.502114,0
12.200000,5.00000,-1.25000,0.463648,1
12.200000,6.00000,-0.75000,0.244979,2
12.200000,7.00000,-0.50000,0.244979,3
12.200000,8.00000,-0.25000,0.244979,4
12.200000,9.00000,0.00000,0.000000,5
12.200000,10.00000,0.00000,0.244979,6
12.200000,11.00000,0.25000,0.244979,7
12.200000,12.00000,0.50000,0.244979,8
12.200000,13.00000,0.75000,0.244979,9
12.200000,14.00000,1.00000,0.463648,10
12.200000,15.00000,1.50000,0.463648,11
12.200000,16.00000,2.00000,0.000000,12
12.200000,17.00000,2.00000,0.000000,13
12.200000,18.00000,2.00000,0.000000,14
12.200000,19.00000,2.00000,-0.244979,15
12.200000,20.00000,1.75000,-0.244979,16
12.200000,21.00000,1.50000,-0.463648,17
12.200000,22.00000,1.00000,-0.244979,18
12.200000,23.00000,0.75000,-0.244979,19
12.200000,24.00000,0.50000,-0.244979,20
12.200000,25.00000,0.25000,0.000000,21
12.200000,26.00000,0.25000,0.000000,22
12.200000,27.00000,0.25000,0.000000,23
12.200000,28.00000,0.25000,0.000000,24
12.200000,29.00000,0.25000,0.000000,25
12.200000,30.00000,0.25000,0.000000,26
12.200000,31.00000,0.25000,0.000000,27
12.200000,32.00000,0.25000,0.000000,28
12.200000,33.00000,0.25000,0.000000,29
12.200000,34.00000,0.25000,0.000000,30
12.300000,3.79509,-1.96745,0.537057,0
12.300000,5.00000,-1.25000,0.463648,1
12.300000,6.00000,-0.75000,0.244979,2
12.300000,7.00000,-0.50000,0.244979,3
12.300000,8.00000,-0.25000,0.244979,4
12.300000,9.00000,0.00000,0.000000,5
12.300000,10.00000,0.00000,0.244979,6
12.300000,11.00000,0.25000,0.244979,7
12.300000,12.00000,0.50000,0.244979,8
12.300000,13.00000,0.75000,0.244979,9
12.300000,14.00000,1.00000,0.463648,10
12.300000,15.00000,1.50000,0.463648,11
12.300000,16.00000,2.00000,0.000000,12
12.300000,17.00000,2.00000,0.000000,13
12.300000,18.00000,2.00000,0.000000,14
12.300000,19.00000,2.00000,-0.244979,15
12.300000,20.00000,1.75000,-0.244979,16
12.300000,21.00000,1.50000,-0.463648,17
12.300000,22.00000,1.00000,-0.244979,18
12.300000,23.00000,0.75000,-0.244979,19
12.300000,24.00000,0.50000,-0.244979,20
12.300000,25.00000,0.25000,0.000000,21
12.300000,26.00000,0.25000,0.000000,22
12.300000,27.00000,0.25000,0.000000,23
12.300000,28.00000,0.25000,0.000000,24
12.300000,29.00000,0.25000,0.000000,25
12.300000,30.00000,0.25000,0.000000,26
12.300000,31.00000,0.25000,0.000000,27
12.300000,32.00000,0.25000,0.000000,28
12.300000,33.00000,0.25000,0.000000,29
12.300000,34.00000,0.25000,0.000000,30
12.400000,3.81348,-1.97007,0.545459,0
12.400000,5.00000,-1.25000,0.463648,1
12.400000,6.00000,-0.75000,0.244979,2
12.400000,7.00000,-0.50000,0.244979,3
12.400000,8.00000,-0.25000,0.244979,4
12.400000,9.00000,0.00000,0.000000,5
12.400000,10.00000,0.00000,0.244979,6
12.400000,11.00000,0.25000,0.244979,7
12.400000,12.00000,0.50000,0.244979,8
12.400000,13.00000,0.75000,0.244979,9
12.400000,14.00000,1.00000,0.463648,10
12.400000,15.00000,1.50000,0.463648,11
12.400000,16.00000,2.00000,0.000000,12
12.400000,17.00000,2.00000,0.000000,13
12.400000,18.00000,2.00000,-0.244979,14
12.400000,19.00000,1.75000,-0.244979,15
12.400000,20.00000,1.50000,-0.244979,16
12.400000,21.00000,1.25000,-0.463648,17
12.400000,22.00000,0.75000,-0.244979,18
12.400000,23.00000,0.50000,-0.244979,19
12.400000,24.00000,0.25000,0.000000,20
12.400000,25.00000,0.25000,0.000000,21
12.400000,26.00000,0.25000,0.000000,22
12.400000,27.00000,0.25000,0.000000,23
12.400000,28.00000,0.25000,0.000000,24
12.400000,29.00000,0.25000,0.000000,25
12.400000,30.00000,0.25000,0.000000,26
12.400000,31.00000,0.25000,0.000000,27
12.400000,32.00000,0.25000,0.000000,28
12.400000,33.00000,0.25000,0.000000,29
12.400000,34.00000,0.25000,0.000000,30
12.500000,3.87233,-1.99368,0.583012,0
12.500000,5.00000,-1.25000,0.463648,1
12.500000,6.00000,-0.75000,0.244979,2
12.500000,7.00000,-0.50000,0.244979,3
12.500000,8.00000,-0.25000,0.244979,4
12.500000,9.00000,0.00000,0.000000,5
12.500000,10.00000,0.00000,0.244979,6
12.500000,11.00000,0.25000,0.244979,7
12.500000,12.00000,0.50000,0.244979,8
12.500000,13.00000,0.75000,0.244979,9
12.500000,14.00000,1.00000,0.463648,10
12.500000,15.00000,1.50000,0.463648,11
12.500000,16.00000,2.00000,0.000000,12
12.500000,17.00000,2.00000,0.000000,13
12.500000,18.00000,2.00000,0.000000,14
12.500000,19.00000,2.00000,-0.244979,15
12.500000,20.00000,1.75000,-0.244979,16
12.500000,21.00000,1.50000,-0.463648,17
12.500000,22.00000,1.00000,-0.244979,18
12.500000,23.00000,0.75000,-0.244979,19
12.500000,24.00000,0.50000,-0.244979,20
12.500000,25.00000,0.25000,0.000000,21
12.500000,26.00000,0.25000,0.000000,22
12.500000,27.00000,0.25000,0.000000,23
12.500000,28.00000,0.25000,0.000000,24
12.500000,29.00000,0.25000,0.000000,25
12.500000,30.00000,0.25000,0.000000,26
12.500000,31.00000,0.25000,0.000000,27
12.500000,32.00000,0.25000,0.000000,28
12.500000,33.00000,0.25000,0.000000,29
12.500000,34.00000,0.25000,0.000000,30
12.600000,3.93041,-2.03174,0.631152,0
12.600000,5.00000,-1.25000,0.463648,1
12.600000,6.00000,-0.75000,0.244979,2
12.600000,7.00000,-0.50000,0.244979,3
12.600000,8.00000,-0.25000,0.244979,4
12.600000,9.00000,0.00000,0.000000,5
12.600000,10.00000,0.00000,0.244979,6
12.600000,11.00000,0.25000,0.244979,7
12.600000,12.00000,0.50000,0.244979,8
12.600000,13.00000,0.75000,0.244979,9
12.600000,14.00000,1.00000,0.463648,10
12.600000,15.00000,1.50000,0.463648,11
12.600000,16.00000,2.00000,0.000000,12
12.600000,17.00000,2.00000,0.000000,13
12.600000,18.00000,2.00000,-0.244979,14
12.600000,19.00000,1.75000,-0.244979,15
12.600000,20.00000,1.50000,-0.244979,16
12.600000,21.00000,1.25000,-0.463648,17
12.600000,22.00000,0.75000,-0.244979,18
12.600000,23.00000,0.50000,-0.244979,19
12.600000,24.00000,0.25000,0.000000,20
12.600000,25.00000,0.25000,0.000000,21
12.600000,26.00000,0.25000,0.000000,22
12.600000,27.00000,0.25000,0.000000,23
12.600000,28.00000,0.25000,0.000000,24
12.600000,29.00000,0.25000,0.000000,25
12.600000,30.00000,0.25000,0.000000,26
12.600000,31.00000,0.25000,0.000000,27
12.600000,32.00000,0.25000,0.000000,28
12.600000,33.00000,0.25000,0.000000,29
12.600000,34.00000,0.25000,0.000000,30
12.700000,3.95565,-2.06403,0.662090,0
12.700000,5.00000,-1.25000,0.463648,1
12.700000,6.00000,-0.75000,0.244979,2
12.700000,7.00000,-0.50000,0.244979,3
12.700000,8.00000,-0.25000,0.244979,4
12.700000,9.00000,0.00000,0.000000,5
12.700000,10.00000,0.00000,0.244979,6
12.700000,11.00000,0.25000,0.244979,7
12.700000,12.00000,0.50000,0.244979,8
12.700000,13.00000,0.75000,0.244979,9
12.700000,14.00000,1.00000,0.463648,10
12.700000,15.00000,1.50000,0.463648,11
12.700000,16.00000,2.00000,0.000000,12
12.700000,17.00000,2.00000,0.000000,13
12.700000,18.00000,2.00000,0.000000,14
12.700000,19.00000,2.00000,-0.244979,15
12.700000,20.00000,1.75000,-0.244979,16
12.700000,21.00000,1.50000,-0.463648,17
12.700000,22.00000,1.00000,-0.244979,18
12.700000,23.00000,0.75000,-0.244979,19
12.700000,24.00000,0.50000,-0.244979,20
12.700000,25.00000,0.25000,0.000000,21
12.700000,26.00000,0.25000,0.000000,22
12.700000,27.00000,0.25000,0.000000,23
12.700000,28.00000,0.25000,0.000000,24
12.700000,29.00000,0.25000,0.000000,25
12.700000,30.00000,0.25000,0.000000,26
12.700000,31.00000,0.25000,0.000000,27
12.700000,32.00000,0.25000,0.000000,28
12.700000,33.00000,0.25000,0.000000,29
12.700000,34.00000,0.25000,0.000000,30
12.800000,3.99991,-2.11975,0.715805,0
12.800000,5.00000,-1.25000,0.463648,1
12.800000,6.00000,-0.75000,0.244979,2
12.800000,7.00000,-0.50000,0.244979,3
12.800000,8.00000,-0.25000,0.244979,4
12.800000,9.00000,0.00000,0.000000,5
12.800000,10.00000,0.00000,0.244979,6
12.800000,11.00000,0.25000,0.244979,7
12.800000,12.00000,0.50000,0.244979,8
12.800000,13.00000,0.75000,0.244979,9
12.800000,14.00000,1.00000,0.463648,10
12.800000,15.00000,1.50000,0.463648,11
12.800000,16.00000,2.00000,0.000000,12
12.800000,17.00000,2.00000,0.000000,13
12.800000,18.00000,2.00000,0.000000,14
12.800000,19.00000,2.00000,-0.244979,15
12.800000,20.00000,1.75000,-0.244979,16
12.800000,21.00000,1.50000,-0.463648,17
12.800000,22.00000,1.00000,-0.244979,18
12.800000,23.00000,0.75000,-0.244979,19
12.800000,24.00000,0.50000,-0.244979,20
12.800000,25.00000,0.25000,0.000000,21
12.800000,26.00000,0.25000,0.000000,22
12.800000,27.00000,0.25000,0.000000,23
12.800000,28.00000,0.25000,0.000000,24
12.800000,29.00000,0.25000,0.000000,25
12.800000,30.00000,0.25000,0.000000,26
12.800000,31.00000,0.25000,0.000000,27
12.800000,32.00000,0.25000,0.000000,28
12.800000,33.00000,0.25000,0.000000,29
12.800000,34.00000,0.25000,0.000000,30
12.900000,4.03059,-2.15266,0.592551,0
12.900000,5.00000,-1.50000,0.463648,1
12.900000,6.00000,-1.00000,0.244979,2
12.900000,7.00000,-0.75000,0.244979,3
12.900000,8.00000,-0.50000,0.244979,4
12.900000,9.00000,-0.25000,0.244979,5
12.900000,10.00000,0.00000,0.244979,6
12.900000,11.00000,0.25000,0.244979,7
12.900000,12.00000,0.50000,0.244979,8
12.900000,13.00000,0.75000,0.244979,9
12.900000,14.00000,1.00000,0.463648,10
12.900000,15.00000,1.50000,0.463648,11
12.900000,16.00000,2.00000,0.000000,12
12.900000,17.00000,2.00000,0.000000,13
12.900000,18.00000,2.00000,0.000000,14
12.900000,19.00000,2.00000,-0.244979,15
12.900000,20.00000,1.75000,-0.244979,16
12.900000,21.00000,1.50000,-0.463648,17
12.900000,22.00000,1.00000,-0.244979,18
12.900000,23.00000,0.75000,-0.244979,19
12.900000,24.00000,0.50000,-0.244979,20
12.900000,25.00000,0.25000,0.000000,21
12.900000,26.00000,0.25000,0.000000,22
12.900000,27.00000,0.25000,0.000000,23
12.900000,28.00000,0.25000,0.000000,24
12.900000,29.00000,0.25000,0.000000,25
12.900000,30.00000,0.25000,0.000000,26
12.900000,31.00000,0.25000,0.000000,27
12.900000,32.00000,0.25000,0.000000,28
12.900000,33.00000,0.25000,0.000000,29
12.900000,34.00000,0.25000,0.000000,30
13.000000,4.06781,-2.21715,0.655748,0
13.000000,5.00000,-1.50000,0.463648,1
13.000000,6.00000,-1.00000,0.244979,2
13.000000,7.00000,-0.75000,0.244979,3
13.000000,8.00000,-0.50000,0.244979,4
13.000000,9.00000,-0.25000,0.244979,5
13.000000,10.00000,0.00000,0.244979,6
13.000000,11.00000,0.25000,0.244979,7
13.000000,12.00000,0.50000,0.244979,8
13.000000,13.00000,0.75000,0.244979,9
13.000000,14.00000,1.00000,0.463648,10
13.000000,15.00000,1.50000,0.463648,11
13.000000,16.00000,2.00000,0.000000,12
13.000000,17.00000,2.00000,0.000000,13
13.000000,18.00000,2.00000,0.000000,14
13.000000,19.00000,2.00000,-0.244979,15
13.000000,20.00000,1.75000,-0.244979,16
13.000000,21.00000,1.50000,-0.463648,17
13.000000,22.00000,1.00000,-0.244979,18
13.000000,23.00000,0.75000,-0.244979,19
13.000000,24.00000,0.50000,-0.244979,20
13.000000,25.00000,0.25000,0.000000,21
13.000000,26.00000,0.25000,0.000000,22
13.000000,27.00000,0.25000,0.000000,23
13.000000,28.00000,0.25000,0.000000,24
13.000000,29.00000,0.25000,0.000000,25
13.000000,30.00000,0.25000,0.000000,26
13.000000,31.00000,0.25000,0.000000,27
13.000000,32.00000,0.25000,0.000000,28
13.000000,33.00000,0.25000,0.000000,29
13.000000,34.00000,0.25000,0.000000,30
13.100000,4.11261,-2.30044,0.733930,0
13.100000,5.00000,-1.50000,0.463648,1
13.100000,6.00000,-1.00000,0.244979,2
13.100000,7.00000,-0.75000,0.244979,3
13.100000,8.00000,-0.50000,0.244979,4
13.100000,9.00000,-0.25000,0.244979,5
13.100000,10.00000,0.00000,0.244979,6
13.100000,11.00000,0.25000,0.244979,7
13.100000,12.00000,0.50000,0.244979,8
13.100000,13.00000,0.75000,0.244979,9
13.100000,14.00000,1.00000,0.463648,10
13.100000,15.00000,1.50000,0.463648,11
13.100000,16.00000,2.00000,0.000000,12
13.100000,17.00000,2.00000,0.000000,13
13.100000,18.00000,2.00000,-0.244979,14
13.100000,19.00000,1.75000,-0.244979,15
13.100000,20.00000,1.50000,-0.244979,16
13.100000,21.00000,1.25000,-0.463648,17
13.100000,22.00000,0.75000,-0.244979,18
13.100000,23.00000,0.50000,-0.244979,19
13.100000,24.00000,0.25000,0.000000,20
13.100000,25.00000,0.25000,0.000000,21
13.100000,26.00000,0.25000,0.000000,22
13.100000,27.00000,0.25000,0.000000,23
13.100000,28.00000,0.25000,0.000000,24
13.100000,29.00000,0.25000,0.000000,25
13.100000,30.00000,0.25000,0.000000,26
13.100000,31.00000,0.25000,0.000000,27
13.100000,32.00000,0.25000,0.000000,28
13.100000,33.00000,0.25000,0.000000,29
13.100000,34.00000,0.25000,0.000000,30
13.200000,4.14411,-2.36512,0.790762,0
13.200000,5.00000,-1.50000,0.463648,1
13.200000,6.00000,-1.00000,0.244979,2
13.200000,7.00000,-0.75000,0.244979,3
13.200000,8.00000,-0.50000,0.244979,4
13.200000,9.00000,-0.25000,0.244979,5
13.200000,10.00000,0.00000,0.244979,6
13.200000,11.00000,0.25000,0.244979,7
13.200000,12.00000,0.50000,0.244979,8
13.200000,13.00000,0.75000,0.244979,9
13.200000,14.00000,1.00000,0.463648,10
13.200000,15.00000,1.50000,0.463648,11
13.200000,16.00000,2.00000,0.000000,12
13.200000,17.00000,2.00000,0.000000,13
13.200000,18.00000,2.00000,-0.244979,14
13.200000,19.00000,1.75000,-0.244979,15
13.200000,20.00000,1.50000,-0.244979,16
13.200000,21.00000,1.25000,-0.463648,17
13.200000,22.00000,0.75000,-0.244979,18
13.200000,23.00000,0.50000,-0.244979,19
13.200000,24.00000,0.25000,0.000000,20
13.200000,25.00000,0.25000,0.000000,21
13.200000,26.00000,0.25000,0.000000,22
13.200000,27.00000,0.25000,0.000000,23
13.200000,28.00000,0.25000,0.000000,24
13.200000,29.00000,0.25000,0.000000,25
13.200000,30.00000,0.25000,0.000000,26
13.200000,31.00000,0.25000,0.000000,27
13.200000,32.00000,0.25000,0.000000,28
13.200000,33.00000,0.25000,0.000000,29
13.200000,34.00000,0.25000,0.000000,30
13.300000,4.21451,-2.43803,0.719349,0
13.300000,5.00000,-1.75000,0.463648,1
13.300000,6.00000,-1.25000,0.463648,2
13.300000,7.00000,-0.75000,0.244979,3
13.300000,8.00000,-0.50000,0.244979,4
13.300000,9.00000,-0.25000,0.244979,5
13.300000,10.00000,0.00000,0.244979,6
13.300000,11.00000,0.25000,0.244979,7
13.300000,12.00000,0.50000,0.244979,8
13.300000,13.00000,0.75000,0.244979,9
13.300000,14.00000,1.00000,0.463648,10
13.300000,15.00000,1.50000,0.463648,11
13.300000,16.00000,2.00000,0.000000,12
13.300000,17.00000,2.00000,0.000000,13
13.300000,18.00000,2.00000,0.000000,14
13.300000,19.00000,2.00000,-0.244979,15
13.300000,20.00000,1.75000,-0.244979,16
13.300000,21.00000,1.50000,-0.463648,17
13.300000,22.00000,1.00000,-0.244979,18
13.300000,23.00000,0.75000,-0.244979,19
13.300000,24.00000,0.50000,-0.244979,20
13.300000,25.00000,0.25000,0.000000,21
13.300000,26.00000,0.25000,0.000000,22
13.300000,27.00000,0.25000,0.000000,23
13.300000,28.00000,0.25000,0.000000,24
13.300000,29.00000,0.25000,0.000000,25
13.300000,30.00000,0.25000,0.000000,26
13.300000,31.00000,0.25000,0.000000,27
13.300000,32.00000,0.25000,0.000000,28
13.300000,33.00000,0.25000,0.000000,29
13.300000,34.00000,0.25000,0.000000,30
13.400000,4.25416,-2.48892,0.535336,0
13.400000,5.50000,-1.75000,0.463648,1
13.400000,6.50000,-1.25000,0.463648,2
13.400000,7.50000,-0.75000,0.244979,3
13.400000,8.50000,-0.50000,0.244979,4
13.400000,9.50000,-0.25000,0.244979,5
13.400000,10.50000,0.00000,0.244979,6
13.400000,11.50000,0.25000,0.244979,7
13.400000,12.50000,0.50000,0.244979,8
13.400000,13.50000,0.75000,0.244979,9
13.400000,14.50000,1.00000,0.463648,10
13.400000,15.50000,1.50000,0.463648,11
13.400000,16.50000,2.00000,0.000000,12
13.400000,17.50000,2.00000,0.000000,13
13.400000,18.50000,2.00000,-0.244979,14
13.400000,19.50000,1.75000,-0.244979,15
13.400000,20.50000,1.50000,-0.463648,16
13.400000,21.50000,1.00000,-0.244979,17
13.400000,22.50000,0.75000,-0.244979,18
13.400000,23.50000,0.50000,-0.244979,19
13.400000,24.50000,0.25000,0.000000,20
13.400000,25.50000,0.25000,0.000000,21
13.400000,26.50000,0.25000,0.000000,22
13.400000,27.50000,0.25000,0.000000,23
13.400000,28.50000,0.25000,0.000000,24
13.400000,29.50000,0.25000,0.000000,25
13.400000,30.50000,0.25000,0.000000,26
13.400000,31.50000,0.25000,0.000000,27
13.400000,32.50000,0.25000,0.000000,28
13.400000,33.50000,0.25000,0.000000,29
13.400000,34.50000,0.25000,0.000000,30
13.500000,4.30247,-2.55367,0.591070,0
13.500000,5.50000,-1.75000,0.463648,1
13.500000,6.50000,-1.25000,0.463648,2
13.500000,7.50000,-0.75000,0.244979,3
13.500000,8.50000,-0.50000,0.244979,4
13.500000,9.50000,-0.25000,0.244979,5
13.500000,10.50000,0.00000,0.244979,6
13.500000,11.50000,0.25000,0.244979,7
13.500000,12.50000,0.50000,0.244979,8
13.500000,13.50000,0.75000,0.244979,9
13.500000,14.50000,1.00000,0.463648,10
13.500000,15.50000,1.50000,0.463648,11
13.500000,16.50000,2.00000,0.000000,12
13.500000,17.50000,2.00000,0.000000,13
13.500000,18.50000,2.00000,-0.244979,14
13.500000,19.50000,1.75000,-0.244979,15
13.500000,20.50000,1.50000,-0.463648,16
13.500000,21.50000,1.00000,-0.244979,17
13.500000,22.50000,0.75000,-0.244979,18
13.500000,23.50000,0.50000,-0.244979,19
13.500000,24.50000,0.25000,0.000000,20
13.500000,25.50000,0.25000,0.000000,21
13.500000,26.50000,0.25000,0.000000,22
13.500000,27.50000,0.25000,0.000000,23
13.500000,28.50000,0.25000,0.000000,24
13.500000,29.50000,0.25000,0.000000,25
13.500000,30.50000,0.25000,0.000000,26
13.500000,31.50000,0.25000,0.000000,27
13.500000,32.50000,0.25000,0.000000,28
13.500000,33.50000,0.25000,0.000000,29
13.500000,34.50000,0.25000,0.000000,30
13.600000,4.33216,-2.59931,0.628782,0
13.600000,5.50000,-1.75000,0.463648,1
13.600000,6.50000,-1.25000,0.463648,2
13.600000,7.50000,-0.75000,0.244979,3
13.600000,8.50000,-0.50000,0.244979,4
13.600000,9.50000,-0.25000,0.244979,5
13.600000,10.50000,0.00000,0.244979,6
13.600000,11.50000,0.25000,0.244979,7
13.600000,12.50000,0.50000,0.244979,8
13.600000,13.50000,0.75000,0.244979,9
13.600000,14.50000,1.00000,0.463648,10
13.600000,15.50000,1.50000,0.463648,11
13.600000,16.50000,2.00000,0.000000,12
13.600000,17.50000,2.00000,0.000000,13
13.600000,18.50000,2.00000,-0.244979,14
13.600000,19.50000,1.75000,-0.244979,15
13.600000,20.50000,1.50000,-0.463648,16
13.600000,21.50000,1.00000,-0.244979,17
13.600000,22.50000,0.75000,-0.244979,18
13.600000,23.50000,0.50000,-0.244979,19
13.600000,24.50000,0.25000,0.000000,20
13.600000,25.50000,0.25000,0.000000,21
13.600000,26.50000,0.25000,0.000000,22
13.600000,27.50000,0.25000,0.000000,23
13.600000,28.50000,0.25000,0.000000,24
13.600000,29.50000,0.25000,0.000000,25
13.600000,30.50000,0.25000,0.000000,26
13.600000,31.50000,0.25000,0.000000,27
13.600000,32.50000,0.25000,0.000000,28
13.600000,33.50000,0.25000,0.000000,29
13.600000,34.50000,0.25000,0.000000,30
13.700000,4.36591,-2.63539,0.662865,0
13.700000,5.50000,-1.75000,0.463648,1
13.700000,6.50000,-1.25000,0.463648,2
13.700000,7.50000,-0.75000,0.244979,3
13.700000,8.50000,-0.50000,0.244979,4
13.700000,9.50000,-0.25000,0.244979,5
13.700000,10.50000,0.00000,0.244979,6
13.700000,11.50000,0.25000,0.244979,7
13.700000,12.50000,0.50000,0.244979,8
13.700000,13.50000,0.75000,0.244979,9
13.700000,14.50000,1.00000,0.463648,10
13.700000,15.50000,1.50000,0.463648,11
13.700000,16.50000,2.00000,0.000000,12
13.700000,17.50000,2.00000,0.000000,13
13.700000,18.50000,2.00000,-0.244979,14
13.700000,19.50000,1.75000,-0.244979,15
13.700000,20.50000,1.50000,-0.463648,16
13.700000,21.50000,1.00000,-0.244979,17
13.700000,22.50000,0.75000,-0.244979,18
13.700000,23.50000,0.50000,-0.244979,19
13.700000,24.50000,0.25000,0.000000,20
13.700000,25.50000,0.25000,0.000000,21
13.700000,26.50000,0.25000,0.000000,22
13.700000,27.50000,0.25000,0.000000,23
13.700000,28.50000,0.25000,0.000000,24
13.700000,29.50000,0.25000,0.000000,25
13.700000,30.50000,0.25000,0.000000,26
13.700000,31.50000,0.25000,0.000000,27
13.700000,32.50000,0.25000,0.000000,28
13.700000,33.50000,0.25000,0.000000,29
13.700000,34.50000,0.25000,0.000000,30
13.800000,4.40181,-2.71730,0.578598,0
13.800000,5.50000,-2.00000,0.643501,1
13.800000,6.50000,-1.25000,0.463648,2
13.800000,7.50000,-0.75000,0.244979,3
13.800000,8.50000,-0.50000,0.244979,4
13.800000,9.50000,-0.25000,0.244979,5
13.800000,10.50000,0.00000,0.244979,6
13.800000,11.50000,0.25000,0.244979,7
13.800000,12.50000,0.50000,0.244979,8
13.800000,13.50000,0.75000,0.244979,9
13.800000,14.50000,1.00000,0.463648,10
13.800000,15.50000,1.50000,0.463648,11
13.800000,16.50000,2.00000,0.000000,12
13.800000,17.50000,2.00000,0.000000,13
13.800000,18.50000,2.00000,-0.244979,14
13.800000,19.50000,1.75000,-0.244979,15
13.800000,20.50000,1.50000,-0.463648,16
13.800000,21.50000,1.00000,-0.244979,17
13.800000,22.50000,0.75000,-0.244979,18
13.800000,23.50000,0.50000,-0.244979,19
13.800000,24.50000,0.25000,0.000000,20
13.800000,25.50000,0.25000,0.000000,21
13.800000,26.50000,0.25000,0.000000,22
13.800000,27.50000,0.25000,0.000000,23
13.800000,28.50000,0.25000,0.000000,24
13.800000,29.50000,0.25000,0.000000,25
13.800000,30.50000,0.25000,0.000000,26
13.800000,31.50000,0.25000,0.000000,27
13.800000,32.50000,0.25000,0.000000,28
13.800000,33.50000,0.25000,0.000000,29
13.800000,34.50000,0.25000,0.000000,30
13.900000,4.42228,-2.75837,0.613194,0
13.900000,5.50000,-2.00000,0.643501,1
13.900000,6.50000,-1.25000,0.463648,2
13.900000,7.50000,-0.75000,0.244979,3
13.900000,8.50000,-0.50000,0.244979,4
13.900000,9.50000,-0.25000,0.244979,5
13.900000,10.50000,0.00000,0.244979,6
13.900000,11.50000,0.25000,0.244979,7
13.900000,12.50000,0.50000,0.244979,8
13.900000,13.50000,0.75000,0.244979,9
13.900000,14.50000,1.00000,0.463648,10
13.900000,15.50000,1.50000,0.463648,11
13.900000,16.50000,2.00000,0.000000,12
13.900000,17.50000,2.00000,0.000000,13
13.900000,18.50000,2.00000,-0.244979,14
13.900000,19.50000,1.75000,-0.244979,15
13.900000,20.50000,1.50000,-0.463648,16
13.900000,21.50000,1.00000,-0.244979,17
13.900000,22.50000,0.75000,-0.244979,18
13.900000,23.50000,0.50000,-0.244979,19
13.900000,24.50000,0.25000,0.000000,20
13.900000,25.50000,0.25000,0.000000,21
13.900000,26.50000,0.25000,0.000000,22
13.900000,27.50000,0.25000,0.000000,23
13.900000,28.50000,0.25000,0.000000,24
13.900000,29.50000,0.25000,0.000000,25
13.900000,30.50000,0.25000,0.000000,26
13.900000,31.50000,0.25000,0.000000,27
13.900000,32.50000,0.25000,0.000000,28
13.900000,33.50000,0.25000,0.000000,29
13.900000,34.50000,0.25000,0.000000,30
14.000000,4.47797,-2.80056,0.664478,0
14.000000,5.50000,-2.00000,0.643501,1
14.000000,6.50000,-1.25000,0.463648,2
14.000000,7.50000,-0.75000,0.244979,3
14.000000,8.50000,-0.50000,0.244979,4
14.000000,9.50000,-0.25000,0.244979,5
14.000000,10.50000,0.00000,0.244979,6
14.000000,11.50000,0.25000,0.244979,7
14.000000,12.50000,0.50000,0.244979,8
14.000000,13.50000,0.75000,0.244979,9
14.000000,14.50000,1.00000,0.463648,10
14.000000,15.50000,1.50000,0.463648,11
14.000000,16.50000,2.00000,0.000000,12
14.000000,17.50000,2.00000,0.000000,13
14.000000,18.50000,2.00000,-0.244979,14
14.000000,19.50000,1.75000,-0.244979,15
14.000000,20.50000,1.50000,-0.463648,16
14.000000,21.50000,1.00000,-0.244979,17
14.000000,22.50000,0.75000,-0.244979,18
14.000000,23.50000,0.50000,-0.244979,19
14.000000,24.50000,0.25000,0.000000,20
14.000000,25.50000,0.25000,0.000000,21
14.000000,26.50000,0.25000,0.000000,22
14.000000,27.50000,0.25000,0.000000,23
14.000000,28.50000,0.25000,0.000000,24
14.000000,29.50000,0.25000,0.000000,25
14.000000,30.50000,0.25000,0.000000,26
14.000000,31.50000,0.25000,0.000000,27
14.000000,32.50000,0.25000,0.000000,28
14.000000,33.50000,0.25000,0.000000,29
14.000000,34.50000,0.25000,0.000000,30
14.100000,4.51809,-2.77816,0.670153,0
14.100000,5.50000,-2.00000,0.643501,1
14.100000,6.50000,-1.25000,0.463648,2
14.100000,7.50000,-0.75000,0.244979,3
14.100000,8.50000,-0.50000,0.244979,4
14.100000,9.50000,-0.25000,0.244979,5
14.100000,10.50000,0.00000,0.244979,6
14.100000,11.50000,0.25000,0.244979,7
14.100000,12.50000,0.50000,0.244979,8
14.100000,13.50000,0.75000,0.244979,9
14.100000,14.50000,1.00000,0.463648,10
14.100000,15.50000,1.50000,0.463648,11
14.100000,16.50000,2.00000,0.000000,12
14.100000,17.50000,2.00000,0.000000,13
14.100000,18.50000,2.00000,-0.244979,14
14.100000,19.50000,1.75000,-0.244979,15
14.100000,20.50000,1.50000,-0.463648,16
14.100000,21.50000,1.00000,-0.244979,17
14.100000,22.50000,0.75000,-0.244979,18
14.100000,23.50000,0.50000,-0.244979,19
14.100000,24.50000,0.25000,0.000000,20
14.100000,25.50000,0.25000,0.000000,21
14.100000,26.50000,0.25000,0.000000,22
14.100000,27.50000,0.25000,0.000000,23
14.100000,28.50000,0.25000,0.000000,24
14.100000,29.50000,0.25000,0.000000,25
14.100000,30.50000,0.25000,0.000000,26
14.100000,31.50000,0.25000,0.000000,27
14.100000,32.50000,0.25000,0.000000,28
14.100000,33.50000,0.25000,0.000000,29
14.100000,34.50000,0.25000,0.000000,30
14.200000,4.53877,-2.79393,0.690367,0
14.200000,5.50000,-2.00000,0.643501,1
14.200000,6.50000,-1.25000,0.463648,2
14.200000,7.50000,-0.75000,0.244979,3
14.200000,8.50000,-0.50000,0.244979,4
14.200000,9.50000,-0.25000,0.244979,5
14.200000,10.50000,0.00000,0.244979,6
14.200000,11.50000,0.25000,0.244979,7
14.200000,12.50000,0.50000,0.244979,8
14.200000,13.50000,0.75000,0.244979,9
14.200000,14.50000,1.00000,0.463648,10
14.200000,15.50000,1.50000,0.463648,11
14.200000,16.50000,2.00000,0.000000,12
14.200000,17.50000,2.00000,0.000000,13
14.200000,18.50000,2.00000,-0.244979,14
14.200000,19.50000,1.75000,-0.244979,15
14.200000,20.50000,1.50000,-0.463648,16
14.200000,21.50000,1.00000,-0.244979,17
14.200000,22.50000,0.75000,-0.244979,18
14.200000,23.50000,0.50000,-0.244979,19
14.200000,24.50000,0.25000,0.000000,20
14.200000,25.50000,0.25000,0.000000,21
14.200000,26.50000,0.25000,0.000000,22
14.200000,27.50000,0.25000,0.000000,23
14.200000,28.50000,0.25000,0.000000,24
14.200000,29.50000,0.25000,0.000000,25
14.200000,30.50000,0.25000,0.000000,26
14.200000,31.50000,0.25000,0.000000,27
14.200000,32.50000,0.25000,0.000000,28
14.200000,33.50000,0.25000,0.000000,29
14.200000,34.50000,0.25000,0.000000,30
14.302000,4.52012,-2.81623,0.694537,0
14.302000,5.50000,-2.00000,0.643501,1
14.302000,6.50000,-1.25000,0.463648,2
14.302000,7.50000,-0.75000,0.244979,3
14.302000,8.50000,-0.50000,0.244979,4
14.302000,9.50000,-0.25000,0.244979,5
14.302000,10.50000,0.00000,0.244979,6
14.302000,11.50000,0.25000,0.244979,7
14.302000,12.50000,0.50000,0.244979,8
14.302000,13.50000,0.75000,0.244979,9
14.302000,14.50000,1.00000,0.463648,10
14.302000,15.50000,1.50000,0.463648,11
14.302000,16.50000,2.00000,0.000000,12
14.302000,17.50000,2.00000,0.000000,13
14.302000,18.50000,2.00000,-0.244979,14
14.302000,19.50000,1.75000,-0.244979,15
14.302000,20.50000,1.50000,-0.463648,16
14.302000,21.50000,1.00000,-0.244979,17
14.302000,22.50000,0.75000,-0.244979,18
14.302000,23.50000,0.50000,-0.244979,19
14.302000,24.50000,0.25000,0.000000,20
14.302000,25.50000,0.25000,0.000000,21
14.302000,26.50000,0.25000,0.000000,22
14.302000,27.50000,0.25000,0.000000,23
14.302000,28.50000,0.25000,0.000000,24
14.302000,29.50000,0.25000,0.000000,25
14.302000,30.50000,0.25000,0.000000,26
14.302000,31.50000,0.25000,0.000000,27
14.302000,32.50000,0.25000,0.000000,28
14.302000,33.50000,0.25000,0.000000,29
14.302000,34.50000,0.25000,0.000000,30
14.400000,4.52228,-2.79868,0.684951,0
14.400000,5.50000,-2.00000,0.643501,1
14.400000,6.50000,-1.25000,0.463648,2
14.400000,7.50000,-0.75000,0.244979,3
14.400000,8.50000,-0.50000,0.244979,4
14.400000,9.50000,-0.25000,0.244979,5
14.400000,10.50000,0.00000,0.244979,6
14.400000,11.50000,0.25000,0.244979,7
14.400000,12.50000,0.50000,0.244979,8
14.400000,13.50000,0.75000,0.244979,9
14.400000,14.50000,1.00000,0.463648,10
14.400000,15.50000,1.50000,0.463648,11
14.400000,16.50000,2.00000,0.000000,12
14.400000,17.50000,2.00000,0.000000,13
14.400000,18.50000,2.00000,-0.244979,14
14.400000,19.50000,1.75000,-0.244979,15
14.400000,20.50000,1.50000,-0.463648,16
14.400000,21.50000,1.00000,-0.244979,17
14.400000,22.50000,0.75000,-0.244979,18
14.400000,23.50000,0.50000,-0.244979,19
14.400000,24.50000,0.25000,0.000000,20
14.400000,25.50000,0.25000,0.000000,21
14.400000,26.50000,0.25000,0.000000,22
14.400000,27.50000,0.25000,0.000000,23
14.400000,28.50000,0.25000,0.000000,24
14.400000,29.50000,0.25000,0.000000,25
14.400000,30.50000,0.25000,0.000000,26
14.400000,31.50000,0.25000,0.000000,27
14.400000,32.50000,0.25000,0.000000,28
14.400000,33.50000,0.25000,0.000000,29
14.400000,34.50000,0.25000,0.000000,30
14.500000,4.54267,-2.85233,0.727438,0
14.500000,5.50000,-2.00000,0.643501,1
14.500000,6.50000,-1.25000,0.463648,2
14.500000,7.50000,-0.75000,0.244979,3
14.500000,8.50000,-0.50000,0.244979,4
14.500000,9.50000,-0.25000,0.244979,5
14.500000,10.50000,0.00000,0.244979,6
14.500000,11.50000,0.25000,0.244979,7
14.500000,12.50000,0.50000,0.244979,8
14.500000,13.50000,0.75000,0.244979,9
14.500000,14.50000,1.00000,0.463648,10
14.500000,15.50000,1.50000,0.463648,11
14.500000,16.50000,2.00000,0.000000,12
14.500000,17.50000,2.00000,0.000000,13
14.500000,18.50000,2.00000,-0.244979,14
14.500000,19.50000,1.75000,-0.244979,15
14.500000,20.50000,1.50000,-0.463648,16
14.500000,21.50000,1.00000,-0.244979,17
14.500000,22.50000,0.75000,-0.244979,18
14.500000,23.50000,0.50000,-0.244979,19
14.500000,24.50000,0.25000,0.000000,20
14.500000,25.50000,0.25000,0.000000,21
14.500000,26.50000,0.25000,0.000000,22
14.500000,27.50000,0.25000,0.000000,23
14.500000,28.50000,0.25000,0.000000,24
14.500000,29.50000,0.25000,0.000000,25
14.500000,30.50000,0.25000,0.000000,26
14.500000,31.50000,0.25000,0.000000,27
14.500000,32.50000,0.25000,0.000000,28
14.500000,33.50000,0.25000,0.000000,29
14.500000,34.50000,0.25000,0.000000,30
14.600000,4.53176,-2.84715,0.718795,0
14.600000,5.50000,-2.00000,0.643501,1
14.600000,6.50000,-1.25000,0.463648,2
14.600000,7.50000,-0.75000,0.244979,3
14.600000,8.50000,-0.50000,0.244979,4
14.600000,9.50000,-0.25000,0.244979,5
14.600000,10.50000,0.00000,0.244979,6
14.600000,11.50000,0.25000,0.244979,7
14.600000,12.50000,0.50000,0.244979,8
14.600000,13.50000,0.75000,0.244979,9
14.600000,14.50000,1.00000,0.463648,10
14.600000,15.50000,1.50000,0.463648,11
14.600000,16.50000,2.00000,0.000000,12
14.600000,17.50000,2.00000,0.000000,13
14.600000,18.50000,2.00000,-0.244979,14
14.600000,19.50000,1.75000,-0.244979,15
14.600000,20.50000,1.50000,-0.463648,16
14.600000,21.50000,1.00000,-0.244979,17
14.600000,22.50000,0.75000,-0.244979,18
14.600000,23.50000,0.50000,-0.244979,19
14.600000,24.50000,0.25000,0.000000,20
14.600000,25.50000,0.25000,0.000000,21
14.600000,26.50000,0.25000,0.000000,22
14.600000,27.50000,0.25000,0.000000,23
14.600000,28.50000,0.25000,0.000000,24
14.600000,29.50000,0.25000,0.000000,25
14.600000,30.50000,0.25000,0.000000,26
14.600000,31.50000,0.25000,0.000000,27
14.600000,32.50000,0.25000,0.000000,28
14.600000,33.50000,0.25000,0.000000,29
14.600000,34.50000,0.25000,0.000000,30
14.700000,4.56487,-2.82572,0.723344,0
14.700000,5.50000,-2.00000,0.643501,1
14.700000,6.50000,-1.25000,0.463648,2
14.700000,7.50000,-0.75000,0.244979,3
14.700000,8.50000,-0.50000,0.244979,4
14.700000,9.50000,-0.25000,0.244979,5
14.700000,10.50000,0.00000,0.244979,6
14.700000,11.50000,0.25000,0.244979,7
14.700000,12.50000,0.50000,0.244979,8
14.700000,13.50000,0.75000,0.244979,9
14.700000,14.50000,1.00000,0.463648,10
14.700000,15.50000,1.50000,0.463648,11
14.700000,16.50000,2.00000,0.000000,12
14.700000,17.50000,2.00000,0.000000,13
14.700000,18.50000,2.00000,-0.244979,14
14.700000,19.50000,1.75000,-0.244979,15
14.700000,20.50000,1.50000,-0.463648,16
14.700000,21.50000,1.00000,-0.244979,17
14.700000,22.50000,0.75000,-0.244979,18
14.700000,23.50000,0.50000,-0.244979,19
14.700000,24.50000,0.25000,0.000000,20
14.700000,25.50000,0.25000,0.000000,21
14.700000,26.50000,0.25000,0.000000,22
14.700000,27.50000,0.25000,0.000000,23
14.700000,28.50000,0.25000,0.000000,24
14.700000,29.50000,0.25000,0.000000,25
14.700000,30.50000,0.25000,0.000000,26
14.700000,31.50000,0.25000,0.000000,27
14.700000,32.50000,0.25000,0.000000,28
14.700000,33.50000,0.25000,0.000000,29
14.700000,34.50000,0.25000,0.000000,30
14.800000,4.54820,-2.86591,0.738179,0
14.800000,5.50000,-2.00000,0.643501,1
14.800000,6.50000,-1.25000,0.463648,2
14.800000,7.50000,-0.75000,0.244979,3
14.800000,8.50000,-0.50000,0.244979,4
14.800000,9.50000,-0.25000,0.244979,5
14.800000,10.50000,0.00000,0.244979,6
14.800000,11.50000,0.25000,0.244979,7
14.800000,12.50000,0.50000,0.244979,8
14.800000,13.50000,0.75000,0.244979,9
14.800000,14.50000,1.00000,0.463648,10
14.800000,15.50000,1.50000,0.463648,11
14.800000,16.50000,2.00000,0.000000,12
14.800000,17.50000,2.00000,0.000000,13
14.800000,18.50000,2.00000,-0.244979,14
14.800000,19.50000,1.75000,-0.244979,15
14.800000,20.50000,1.50000,-0.463648,16
14.800000,21.50000,1.00000,-0.244979,17
14.800000,22.50000,0.75000,-0.244979,18
14.800000,23.50000,0.50000,-0.244979,19
14.800000,24.50000,0.25000,0.000000,20
14.800000,25.50000,0.25000,0.000000,21
14.800000,26.50000,0.25000,0.000000,22
14.800000,27.50000,0.25000,0.000000,23
14.800000,28.50000,0.25000,0.000000,24
14.800000,29.50000,0.25000,0.000000,25
14.800000,30.50000,0.25000,0.000000,26
14.800000,31.50000,0.25000,0.000000,27
14.800000,32.50000,0.25000,0.000000,28
14.800000,33.50000,0.25000,0.000000,29
14.800000,34.50000,0.25000,0.000000,30
14.900000,4.55944,-2.87868,0.751401,0
14.900000,5.50000,-2.00000,0.643501,1
14.900000,6.50000,-1.25000,0.463648,2
14.900000,7.50000,-0.75000,0.244979,3
14.900000,8.50000,-0.50000,0.244979,4
14.900000,9.50000,-0.25000,0.244979,5
14.900000,10.50000,0.00000,0.244979,6
14.900000,11.50000,0.25000,0.244979,7
14.900000,12.50000,0.50000,0.244979,8
14.900000,13.50000,0.75000,0.244979,9
14.900000,14.50000,1.00000,0.463648,10
14.900000,15.50000,1.50000,0.463648,11
14.900000,16.50000,2.00000,0.000000,12
14.900000,17.50000,2.00000,0.000000,13
14.900000,18.50000,2.00000,-0.244979,14
14.900000,19.50000,1.75000,-0.244979,15
14.900000,20.50000,1.50000,-0.463648,16
14.900000,21.50000,1.00000,-0.244979,17
14.900000,22.50000,0.75000,-0.244979,18
14.900000,23.50000,0.50000,-0.244979,19
14.900000,24.50000,0.25000,0.000000,20
14.900000,25.50000,0.25000,0.000000,21
14.900000,26.50000,0.25000,0.000000,22
14.900000,27.50000,0.25000,0.000000,23
14.900000,28.50000,0.25000,0.000000,24
14.900000,29.50000,0.25000,0.000000,25
14.900000,30.50000,0.25000,0.000000,26
14.900000,31.50000,0.25000,0.000000,27
14.900000,32.50000,0.25000,0.000000,28
14.900000,33.50000,0.25000,0.000000,29
14.900000,34.50000,0.25000,0.000000,30
15.000000,4.58125,-2.88508,0.766735,0
15.000000,5.50000,-2.00000,0.643501,1
15.000000,6.50000,-1.25000,0.463648,2
15.000000,7.50000,-0.75000,0.244979,3
15.000000,8.50000,-0.50000,0.244979,4
15.000000,9.50000,-0.25000,0.244979,5
15.000000,10.50000,0.00000,0.244979,6
15.000000,11.50000,0.25000,0.244979,7
15.000000,12.50000,0.50000,0.244979,8
15.000000,13.50000,0.75000,0.244979,9
15.000000,14.50000,1.00000,0.463648,10
15.000000,15.50000,1.50000,0.463648,11
15.000000,16.50000,2.00000,0.000000,12
15.000000,17.50000,2.00000,0.000000,13
15.000000,18.50000,2.00000,-0.244979,14
15.000000,19.50000,1.75000,-0.244979,15
15.000000,20.50000,1.50000,-0.463648,16
15.000000,21.50000,1.00000,-0.244979,17
15.000000,22.50000,0.75000,-0.244979,18
15.000000,23.50000,0.50000,-0.244979,19
15.000000,24.50000,0.25000,0.000000,20
15.000000,25.50000,0.25000,0.000000,21
15.000000,26.50000,0.25000,0.000000,22
15.000000,27.50000,0.25000,0.000000,23
15.000000,28.50000,0.25000,0.000000,24
15.000000,29.50000,0.25000,0.000000,25
15.000000,30.50000,0.25000,0.000000,26
15.000000,31.50000,0.25000,0.000000,27
15.000000,32.50000,0.25000,0.000000,28
15.000000,33.50000,0.25000,0.000000,29
15.000000,34.50000,0.25000,0.000000,30
15.100000,4.57902,-2.92551,0.632834,0
15.100000,5.50000,-2.25000,0.643501,1
15.100000,6.50000,-1.50000,0.463648,2
15.100000,7.50000,-1.00000,0.244979,3
15.100000,8.50000,-0.75000,0.244979,4
15.100000,9.50000,-0.50000,0.244979,5
15.100000,10.50000,-0.25000,0.244979,6
15.100000,11.50000,0.00000,0.244979,7
15.100000,12.50000,0.25000,0.244979,8
15.100000,13.50000,0.50000,0.463648,9
15.100000,14.50000,1.00000,0.463648,10
15.100000,15.50000,1.50000,0.463648,11
15.100000,16.50000,2.00000,0.000000,12
15.100000,17.50000,2.00000,0.000000,13
15.100000,18.50000,2.00000,-0.244979,14
15.100000,19.50000,1.75000,-0.244979,15
15.100000,20.50000,1.50000,-0.463648,16
15.100000,21.50000,1.00000,-0.244979,17
15.100000,22.50000,0.75000,-0.244979,18
15.100000,23.50000,0.50000,-0.244979,19
15.100000,24.50000,0.25000,0.000000,20
15.100000,25.50000,0.25000,0.000000,21
15.100000,26.50000,0.25000,0.000000,22
15.100000,27.50000,0.25000,0.000000,23
15.100000,28.50000,0.25000,0.000000,24
15.100000,29.50000,0.25000,0.000000,25
15.100000,30.50000,0.25000,0.000000,26
15.100000,31.50000,0.25000,0.000000,27
15.100000,32.50000,0.25000,0.000000,28
15.100000,33.50000,0.25000,0.000000,29
15.100000,34.50000,0.25000,0.000000,30
15.200000,4.56965,-2.93730,0.636267,0
15.200000,5.50000,-2.25000,0.643501,1
15.200000,6.50000,-1.50000,0.463648,2
15.200000,7.50000,-1.00000,0.244979,3
15.200000,8.50000,-0.75000,0.244979,4
15.200000,9.50000,-0.50000,0.244979,5
15.200000,10.50000,-0.25000,0.244979,6
15.200000,11.50000,0.00000,0.244979,7
15.200000,12.50000,0.25000,0.244979,8
15.200000,13.50000,0.50000,0.463648,9
15.200000,14.50000,1.00000,0.463648,10
15.200000,15.50000,1.50000,0.463648,11
15.200000,16.50000,2.00000,0.000000,12
15.200000,17.50000,2.00000,0.000000,13
15.200000,18.50000,2.00000,-0.244979,14
15.200000,19.50000,1.75000,-0.244979,15
15.200000,20.50000,1.50000,-0.463648,16
15.200000,21.50000,1.00000,-0.244979,17
15.200000,22.50000,0.75000,-0.244979,18
15.200000,23.50000,0.50000,-0.244979,19
15.200000,24.50000,0.25000,0.000000,20
15.200000,25.50000,0.25000,0.000000,21
15.200000,26.50000,0.25000,0.000000,22
15.200000,27.50000,0.25000,0.000000,23
15.200000,28.50000,0.25000,0.000000,24
15.200000,29.50000,0.25000,0.000000,25
15.200000,30.50000,0.25000,0.000000,26
15.200000,31.50000,0.25000,0.000000,27
15.200000,32.50000,0.25000,0.000000,28
15.200000,33.50000,0.25000,0.000000,29
15.200000,34.50000,0.25000,0.000000,30
15.300000,4.60219,-2.97978,0.682526,0
15.300000,5.50000,-2.25000,0.643501,1
15.300000,6.50000,-1.50000,0.463648,2
15.300000,7.50000,-1.00000,0.244979,3
15.300000,8.50000,-0.75000,0.244979,4
15.300000,9.50000,-0.50000,0.244979,5
15.300000,10.50000,-0.25000,0.244979,6
15.300000,11.50000,0.00000,0.244979,7
15.300000,12.50000,0.25000,0.244979,8
15.300000,13.50000,0.50000,0.463648,9
15.300000,14.50000,1.00000,0.463648,10
15.300000,15.50000,1.50000,0.463648,11
15.300000,16.50000,2.00000,0.000000,12
15.300000,17.50000,2.00000,0.000000,13
15.300000,18.50000,2.00000,-0.244979,14
15.300000,19.50000,1.75000,-0.244979,15
15.300000,20.50000,1.50000,-0.463648,16
15.300000,21.50000,1.00000,-0.244979,17
15.300000,22.50000,0.75000,-0.244979,18
15.300000,23.50000,0.50000,-0.244979,19
15.300000,24.50000,0.25000,0.000000,20
15.300000,25.50000,0.25000,0.000000,21
15.300000,26.50000,0.25000,0.000000,22
15.300000,27.50000,0.25000,0.000000,23
15.300000,28.50000,0.25000,0.000000,24
15.300000,29.50000,0.25000,0.000000,25
15.300000,30.50000,0.25000,0.000000,26
15.300000,31.50000,0.25000,0.000000,27
15.300000,32.50000,0.25000,0.000000,28
15.300000,33.50000,0.25000,0.000000,29
15.300000,34.50000,0.25000,0.000000,30
15.400000,4.67062,-3.00157,0.736222,0
15.400000,5.50000,-2.25000,0.643501,1
15.400000,6.50000,-1.50000,0.463648,2
15.400000,7.50000,-1.00000,0.244979,3
15.400000,8.50000,-0.75000,0.244979,4
15.400000,9.50000,-0.50000,0.244979,5
15.400000,10.50000,-0.25000,0.244979,6
15.400000,11.50000,0.00000,0.244979,7
15.400000,12.50000,0.25000,0.244979,8
15.400000,13.50000,0.50000,0.463648,9
15.400000,14.50000,1.00000,0.463648,10
15.400000,15.50000,1.50000,0.463648,11
15.400000,16.50000,2.00000,0.000000,12
15.400000,17.50000,2.00000,0.000000,13
15.400000,18.50000,2.00000,-0.244979,14
15.400000,19.50000,1.75000,-0.244979,15
15.400000,20.50000,1.50000,-0.463648,16
15.400000,21.50000,1.00000,-0.244979,17
15.400000,22.50000,0.75000,-0.244979,18
15.400000,23.50000,0.50000,-0.244979,19
15.400000,24.50000,0.25000,0.000000,20
15.400000,25.50000,0.25000,0.000000,21
15.400000,26.50000,0.25000,0.000000,22
15.400000,27.50000,0.25000,0.000000,23
15.400000,28.50000,0.25000,0.000000,24
15.400000,29.50000,0.25000,0.000000,25
15.400000,30.50000,0.25000,0.000000,26
15.400000,31.50000,0.25000,0.000000,27
15.400000,32.50000,0.25000,0.000000,28
15.400000,33.50000,0.25000,0.000000,29
15.400000,34.50000,0.25000,0.000000,30
15.500000,4.69467,-3.05467,0.784993,0
15.500000,5.50000,-2.25000,0.643501,1
15.500000,6.50000,-1.50000,0.463648,2
15.500000,7.50000,-1.00000,0.244979,3
15.500000,8.50000,-0.75000,0.244979,4
15.500000,9.50000,-0.50000,0.244979,5
15.500000,10.50000,-0.25000,0.244979,6
15.500000,11.50000,0.00000,0.244979,7
15.500000,12.50000,0.25000,0.244979,8
15.500000,13.50000,0.50000,0.463648,9
15.500000,14.50000,1.00000,0.463648,10
15.500000,15.50000,1.50000,0.463648,11
15.500000,16.50000,2.00000,0.000000,12
15.500000,17.50000,2.00000,0.000000,13
15.500000,18.50000,2.00000,-0.244979,14
15.500000,19.50000,1.75000,-0.244979,15
15.500000,20.50000,1.50000,-0.463648,16
15.500000,21.50000,1.00000,-0.244979,17
15.500000,22.50000,0.75000,-0.244979,18
15.500000,23.50000,0.50000,-0.244979,19
15.500000,24.50000,0.25000,0.000000,20
15.500000,25.50000,0.25000,0.000000,21
15.500000,26.50000,0.25000,0.000000,22
15.500000,27.50000,0.25000,0.000000,23
15.500000,28.50000,0.25000,0.000000,24
15.500000,29.50000,0.25000,0.000000,25
15.500000,30.50000,0.25000,0.000000,26
15.500000,31.50000,0.25000,0.000000,27
15.500000,32.50000,0.25000,0.000000,28
15.500000,33.50000,0.25000,0.000000,29
15.500000,34.50000,0.25000,0.000000,30
15.600000,4.72375,-3.11341,0.838507,0
15.600000,5.50000,-2.25000,0.643501,1
15.600000,6.50000,-1.50000,0.463648,2
15.600000,7.50000,-1.00000,0.244979,3
15.600000,8.50000,-0.75000,0.244979,4
15.600000,9.50000,-0.50000,0.244979,5
15.600000,10.50000,-0.25000,0.244979,6
15.600000,11.50000,0.00000,0.244979,7
15.600000,12.50000,0.25000,0.244979,8
15.600000,13.50000,0.50000,0.463648,9
15.600000,14.50000,1.00000,0.463648,10
15.600000,15.50000,1.50000,0.463648,11
15.600000,16.50000,2.00000,0.000000,12
15.600000,17.50000,2.00000,0.000000,13
15.600000,18.50000,2.00000,-0.244979,14
15.600000,19.50000,1.75000,-0.244979,15
15.600000,20.50000,1.50000,-0.463648,16
15.600000,21.50000,1.00000,-0.244979,17
15.600000,22.50000,0.75000,-0.244979,18
15.600000,23.50000,0.50000,-0.244979,19
15.600000,24.50000,0.25000,0.000000,20
15.600000,25.50000,0.25000,0.000000,21
15.600000,26.50000,0.25000,0.000000,22
15.600000,27.50000,0.25000,0.000000,23
15.600000,28.50000,0.25000,0.000000,24
15.600000,29.50000,0.25000,0.000000,25
15.600000,30.50000,0.25000,0.000000,26
15.600000,31.50000,0.25000,0.000000,27
15.600000,32.50000,0.25000,0.000000,28
15.600000,33.50000,0.25000,0.000000,29
15.600000,34.50000,0.25000,0.000000,30
15.700000,4.80986,-3.15551,0.503445,0
15.700000,6.00000,-2.50000,0.643501,1
15.700000,7.00000,-1.75000,0.463648,2
15.700000,8.00000,-1.25000,0.463648,3
15.700000,9.00000,-0.75000,0.244979,4
15.700000,10.00000,-0.50000,0.244979,5
15.700000,11.00000,-0.25000,0.244979,6
15.700000,12.00000,0.00000,0.244979,7
15.700000,13.00000,0.25000,0.463648,8
15.700000,14.00000,0.75000,0.463648,9
15.700000,15.00000,1.25000,0.643501,10
15.700000,16.00000,2.00000,0.000000,11
15.700000,17.00000,2.00000,0.000000,12
15.700000,18.00000,2.00000,0.000000,13
15.700000,19.00000,2.00000,-0.244979,14
15.700000,20.00000,1.75000,-0.244979,15
15.700000,21.00000,1.50000,-0.463648,16
15.700000,22.00000,1.00000,-0.244979,17
15.700000,23.00000,0.75000,-0.244979,18
15.700000,24.00000,0.50000,-0.244979,19
15.700000,25.00000,0.25000,0.000000,20
15.700000,26.00000,0.25000,0.000000,21
15.700000,27.00000,0.25000,0.000000,22
15.700000,28.00000,0.25000,0.000000,23
15.700000,29.00000,0.25000,0.000000,24
15.700000,30.00000,0.25000,0.000000,25
15.700000,31.00000,0.25000,0.000000,26
15.700000,32.00000,0.25000,0.000000,27
15.700000,33.00000,0.25000,0.000000,28
15.700000,34.00000,0.25000,0.000000,29
15.700000,35.00000,0.25000,0.000000,30
15.800000,4.81219,-3.21866,0.544107,0
15.800000,6.00000,-2.50000,0.643501,1
15.800000,7.00000,-1.75000,0.463648,2
15.800000,8.00000,-1.25000,0.463648,3
15.800000,9.00000,-0.75000,0.244979,4
15.800000,10.00000,-0.50000,0.244979,5
15.800000,11.00000,-0.25000,0.244979,6
15.800000,12.00000,0.00000,0.244979,7
15.800000,13.00000,0.25000,0.463648,8
15.800000,14.00000,0.75000,0.463648,9
15.800000,15.00000,1.25000,0.643501,10
15.800000,16.00000,2.00000,0.000000,11
15.800000,17.00000,2.00000,0.000000,12
15.800000,18.00000,2.00000,0.000000,13
15.800000,19.00000,2.00000,-0.244979,14
15.800000,20.00000,1.75000,-0.244979,15
15.800000,21.00000,1.50000,-0.463648,16
15.800000,22.00000,1.00000,-0.244979,17
15.800000,23.00000,0.75000,-0.244979,18
15.800000,24.00000,0.50000,-0.244979,19
15.800000,25.00000,0.25000,0.000000,20
15.800000,26.00000,0.25000,0.000000,21
15.800000,27.00000,0.25000,0.000000,22
15.800000,28.00000,0.25000,0.000000,23
15.800000,29.00000,0.25000,0.000000,24
15.800000,30.00000,0.25000,0.000000,25
15.800000,31.00000,0.25000,0.000000,26
15.800000,32.00000,0.25000,0.000000,27
15.800000,33.00000,0.25000,0.000000,28
15.800000,34.00000,0.25000,0.000000,29
15.800000,35.00000,0.25000,0.000000,30
15.900000,4.87671,-3.28287,0.608672,0
15.900000,6.00000,-2.50000,0.643501,1
15.900000,7.00000,-1.75000,0.463648,2
15.900000,8.00000,-1.25000,0.463648,3
15.900000,9.00000,-0.75000,0.244979,4
15.900000,10.00000,-0.50000,0.244979,5
15.900000,11.00000,-0.25000,0.244979,6
15.900000,12.00000,0.00000,0.244979,7
15.900000,13.00000,0.25000,0.463648,8
15.900000,14.00000,0.75000,0.463648,9
15.900000,15.00000,1.25000,0.643501,10
15.900000,16.00000,2.00000,0.000000,11
15.900000,17.00000,2.00000,0.000000,12
15.900000,18.00000,2.00000,0.000000,13
15.900000,19.00000,2.00000,-0.244979,14
15.900000,20.00000,1.75000,-0.244979,15
15.900000,21.00000,1.50000,-0.463648,16
15.900000,22.00000,1.00000,-0.244979,17
15.900000,23.00000,0.75000,-0.244979,18
15.900000,24.00000,0.50000,-0.244979,19
15.900000,25.00000,0.25000,0.000000,20
15.900000,26.00000,0.25000,0.000000,21
15.900000,27.00000,0.25000,0.000000,22
15.900000,28.00000,0.25000,0.000000,23
15.900000,29.00000,0.25000,0.000000,24
15.900000,30.00000,0.25000,0.000000,25
15.900000,31.00000,0.25000,0.000000,26
15.900000,32.00000,0.25000,0.000000,27
15.900000,33.00000,0.25000,0.000000,28
15.900000,34.00000,0.25000,0.000000,29
15.900000,35.00000,0.25000,0.000000,30
16.000000,4.89812,-3.33213,0.646815,0
16.000000,6.00000,-2.50000,0.643501,1
16.000000,7.00000,-1.75000,0.463648,2
16.000000,8.00000,-1.25000,0.463648,3
16.000000,9.00000,-0.75000,0.244979,4
16.000000,10.00000,-0.50000,0.244979,5
16.000000,11.00000,-0.25000,0.244979,6
16.000000,12.00000,0.00000,0.244979,7
16.000000,13.00000,0.25000,0.463648,8
16.000000,14.00000,0.75000,0.463648,9
16.000000,15.00000,1.25000,0.643501,10
16.000000,16.00000,2.00000,0.000000,11
16.000000,17.00000,2.00000,0.000000,12
16.000000,18.00000,2.00000,-0.244979,13
16.000000,19.00000,1.75000,-0.244979,14
16.000000,20.00000,1.50000,-0.244979,15
16.000000,21.00000,1.25000,-0.463648,16
16.000000,22.00000,0.75000,-0.244979,17
16.000000,23.00000,0.50000,-0.244979,18
16.000000,24.00000,0.25000,0.000000,19
16.000000,25.00000,0.25000,0.000000,20
16.000000,26.00000,0.25000,0.000000,21
16.000000,27.00000,0.25000,0.000000,22
16.000000,28.00000,0.25000,0.000000,23
16.000000,29.00000,0.25000,0.000000,24
16.000000,30.00000,0.25000,0.000000,25
16.000000,31.00000,0.25000,0.000000,26
16.000000,32.00000,0.25000,0.000000,27
16.000000,33.00000,0.25000,0.000000,28
16.000000,34.00000,0.25000,0.000000,29
16.000000,35.00000,0.25000,0.000000,30
16.100000,4.94212,-3.38232,0.695158,0
16.100000,6.00000,-2.50000,0.643501,1
16.100000,7.00000,-1.75000,0.463648,2
16.100000,8.00000,-1.25000,0.463648,3
16.100000,9.00000,-0.75000,0.244979,4
16.100000,10.00000,-0.50000,0.244979,5
16.100000,11.00000,-0.25000,0.244979,6
16.100000,12.00000,0.00000,0.244979,7
16.100000,13.00000,0.25000,0.463648,8
16.100000,14.00000,0.75000,0.463648,9
16.100000,15.00000,1.25000,0.643501,10
16.100000,16.00000,2.00000,0.000000,11
16.100000,17.00000,2.00000,0.000000,12
16.100000,18.00000,2.00000,0.000000,13
16.100000,19.00000,2.00000,-0.244979,14
16.100000,20.00000,1.75000,-0.244979,15
16.100000,21.00000,1.50000,-0.463648,16
16.100000,22.00000,1.00000,-0.244979,17
16.100000,23.00000,0.75000,-0.244979,18
16.100000,24.00000,0.50000,-0.244979,19
16.100000,25.00000,0.25000,0.000000,20
16.100000,26.00000,0.25000,0.000000,21
16.100000,27.00000,0.25000,0.000000,22
16.100000,28.00000,0.25000,0.000000,23
16.100000,29.00000,0.25000,0.000000,24
16.100000,30.00000,0.25000,0.000000,25
16.100000,31.00000,0.25000,0.000000,26
16.100000,32.00000,0.25000,0.000000,27
16.100000,33.00000,0.25000,0.000000,28
16.100000,34.00000,0.25000,0.000000,29
16.100000,35.00000,0.25000,0.000000,30
16.200000,4.96464,-3.44506,0.591222,0
16.200000,6.00000,-2.75000,0.643501,1
16.200000,7.00000,-2.00000,0.463648,2
16.200000,8.00000,-1.50000,0.463648,3
16.200000,9.00000,-1.00000,0.244979,4
16.200000,10.00000,-0.75000,0.244979,5
16.200000,11.00000,-0.50000,0.244979,6
16.200000,12.00000,-0.25000,0.244979,7
16.200000,13.00000,0.00000,0.000000,8
16.200000,14.00000,0.00000,0.000000,9
16.200000,15.00000,0.00000,0.000000,10
16.200000,16.00000,0.00000,0.000000,11
16.200000,17.00000,0.00000,0.000000,12
16.200000,18.00000,0.00000,0.000000,13
16.200000,19.00000,0.00000,0.000000,14
16.200000,20.00000,0.00000,0.000000,15
16.200000,21.00000,0.00000,0.000000,16
16.200000,22.00000,0.00000,0.000000,17
16.200000,23.00000,0.00000,0.000000,18
16.200000,24.00000,0.00000,0.000000,19
16.200000,25.00000,0.00000,0.000000,20
16.200000,26.00000,0.00000,0.000000,21
16.200000,27.00000,0.00000,0.000000,22
16.200000,28.00000,0.00000,0.000000,23
16.200000,29.00000,0.00000,0.000000,24
16.200000,30.00000,0.00000,0.000000,25
16.200000,31.00000,0.00000,0.000000,26
16.200000,32.00000,0.00000,0.000000,27
16.200000,33.00000,0.00000,0.000000,28
16.200000,34.00000,0.00000,0.000000,29
16.200000,35.00000,0.00000,0.000000,30
16.300000,5.00915,-3.47809,0.633710,0
16.300000,6.00000,-2.75000,0.643501,1
16.300000,7.00000,-2.00000,0.463648,2
16.300000,8.00000,-1.50000,0.463648,3
16.300000,9.00000,-1.00000,0.244979,4
16.300000,10.00000,-0.75000,0.244979,5
16.300000,11.00000,-0.50000,0.244979,6
16.300000,12.00000,-0.25000,0.244979,7
16.300000,13.00000,0.00000,0.000000,8
16.300000,14.00000,0.00000,0.000000,9
16.300000,15.00000,0.00000,0.000000,10
16.300000,16.00000,0.00000,0.000000,11
16.300000,17.00000,0.00000,0.000000,12
16.300000,18.00000,0.00000,0.000000,13
16.300000,19.00000,0.00000,0.000000,14
16.300000,20.00000,0.00000,0.000000,15
16.300000,21.00000,0.00000,0.000000,16
16.300000,22.00000,0.00000,0.000000,17
16.300000,23.00000,0.00000,0.000000,18
16.300000,24.00000,0.00000,0.000000,19
16.300000,25.00000,0.00000,0.000000,20
16.300000,26.00000,0.00000,0.000000,21
16.300000,27.00000,0.00000,0.000000,22
16.300000,28.00000,0.00000,0.000000,23
16.300000,29.00000,0.00000,0.000000,24
16.300000,30.00000,0.00000,0.000000,25
16.300000,31.00000,0.00000,0.000000,26
16.300000,32.00000,0.00000,0.000000,27
16.300000,33.00000,0.00000,0.000000,28
16.300000,34.00000,0.00000,0.000000,29
16.300000,35.00000,0.00000,0.000000,30
16.400000,5.02646,-3.54165,0.682716,0
16.400000,6.00000,-2.75000,0.643501,1
16.400000,7.00000,-2.00000,0.463648,2
16.400000,8.00000,-1.50000,0.463648,3
16.400000,9.00000,-1.00000,0.244979,4
16.400000,10.00000,-0.75000,0.244979,5
16.400000,11.00000,-0.50000,0.244979,6
16.400000,12.00000,-0.25000,0.244979,7
16.400000,13.00000,0.00000,0.000000,8
16.400000,14.00000,0.00000,0.000000,9
16.400000,15.00000,0.00000,0.000000,10
16.400000,16.00000,0.00000,0.000000,11
16.400000,17.00000,0.00000,0.000000,12
16.400000,18.00000,0.00000,0.000000,13
16.400000,19.00000,0.00000,0.000000,14
16.400000,20.00000,0.00000,0.000000,15
16.400000,21.00000,0.00000,0.000000,16
16.400000,22.00000,0.00000,0.000000,17
16.400000,23.00000,0.00000,0.000000,18
16.400000,24.00000,0.00000,0.000000,19
16.400000,25.00000,0.00000,0.000000,20
16.400000,26.00000,0.00000,0.000000,21
16.400000,27.00000,0.00000,0.000000,22
16.400000,28.00000,0.00000,0.000000,23
16.400000,29.00000,0.00000,0.000000,24
16.400000,30.00000,0.00000,0.000000,25
16.400000,31.00000,0.00000,0.000000,26
16.400000,32.00000,0.00000,0.000000,27
16.400000,33.00000,0.00000,0.000000,28
16.400000,34.00000,0.00000,0.000000,29
16.400000,35.00000,0.00000,0.000000,30
16.500000,5.05646,-3.55212,0.704562,0
16.500000,6.00000,-2.75000,0.643501,1
16.500000,7.00000,-2.00000,0.463648,2
16.500000,8.00000,-1.50000,0.463648,3
16.500000,9.00000,-1.00000,0.244979,4
16.500000,10.00000,-0.75000,0.244979,5
16.500000,11.00000,-0.50000,0.244979,6
16.500000,12.00000,-0.25000,0.244979,7
16.500000,13.00000,0.00000,0.000000,8
16.500000,14.00000,0.00000,0.000000,9
16.500000,15.00000,0.00000,0.000000,10
16.500000,16.00000,0.00000,0.000000,11
16.500000,17.00000,0.00000,0.000000,12
16.500000,18.00000,0.00000,0.000000,13
16.500000,19.00000,0.00000,0.000000,14
16.500000,20.00000,0.00000,0.000000,15
16.500000,21.00000,0.00000,0.000000,16
16.500000,22.00000,0.00000,0.000000,17
16.500000,23.00000,0.00000,0.000000,18
16.500000,24.00000,0.00000,0.000000,19
16.500000,25.00000,0.00000,0.000000,20
16.500000,26.00000,0.00000,0.000000,21
16.500000,27.00000,0.00000,0.000000,22
16.500000,28.00000,0.00000,0.000000,23
16.500000,29.00000,0.00000,0.000000,24
16.500000,30.00000,0.00000,0.000000,25
16.500000,31.00000,0.00000,0.000000,26
16.500000,32.00000,0.00000,0.000000,27
16.500000,33.00000,0.00000,0.000000,28
16.500000,34.00000,0.00000,0.000000,29
16.500000,35.00000,0.00000,0.000000,30
16.600000,5.07739,-3.59207,0.739792,0
16.600000,6.00000,-2.75000,0.643501,1
16.600000,7.00000,-2.00000,0.463648,2
16.600000,8.00000,-1.50000,0.463648,3
16.600000,9.00000,-1.00000,0.244979,4
16.600000,10.00000,-0.75000,0.244979,5
16.600000,11.00000,-0.50000,0.244979,6
16.600000,12.00000,-0.25000,0.244979,7
16.600000,13.00000,0.00000,0.000000,8
16.600000,14.00000,0.00000,0.000000,9
16.600000,15.00000,0.00000,0.000000,10
16.600000,16.00000,0.00000,0.000000,11
16.600000,17.00000,0.00000,0.000000,12
16.600000,18.00000,0.00000,0.000000,13
16.600000,19.00000,0.00000,0.000000,14
16.600000,20.00000,0.00000,0.000000,15
16.600000,21.00000,0.00000,0.000000,16
16.600000,22.00000,0.00000,0.000000,17
16.600000,23.00000,0.00000,0.000000,18
16.600000,24.00000,0.00000,0.000000,19
16.600000,25.00000,0.00000,0.000000,20
16.600000,26.00000,0.00000,0.000000,21
16.600000,27.00000,0.00000,0.000000,22
16.600000,28.00000,0.00000,0.000000,23
16.600000,29.00000,0.00000,0.000000,24
16.600000,30.00000,0.00000,0.000000,25
16.600000,31.00000,0.00000,0.000000,26
16.600000,32.00000,0.00000,0.000000,27
16.600000,33.00000,0.00000,0.000000,28
16.600000,34.00000,0.00000,0.000000,29
16.600000,35.00000,0.00000,0.000000,30
16.700000,5.04496,-3.65644,0.602183,0
16.700000,6.00000,-3.00000,0.643501,1
16.700000,7.00000,-2.25000,0.643501,2
16.700000,8.00000,-1.50000,0.463648,3
16.700000,9.00000,-1.00000,0.244979,4
16.700000,10.00000,-0.75000,0.244979,5
16.700000,11.00000,-0.50000,0.244979,6
16.700000,12.00000,-0.25000,0.244979,7
16.700000,13.00000,0.00000,0.000000,8
16.700000,14.00000,0.00000,0.000000,9
16.700000,15.00000,0.00000,0.000000,10
16.700000,16.00000,0.00000,0.000000,11
16.700000,17.00000,0.00000,0.000000,12
16.700000,18.00000,0.00000,0.000000,13
16.700000,19.00000,0.00000,0.000000,14
16.700000,20.00000,0.00000,0.000000,15
16.700000,21.00000,0.00000,0.000000,16
16.700000,22.00000,0.00000,0.000000,17
16.700000,23.00000,0.00000,0.000000,18
16.700000,24.00000,0.00000,0.000000,19
16.700000,25.00000,0.00000,0.000000,20
16.700000,26.00000,0.00000,0.000000,21
16.700000,27.00000,0.00000,0.000000,22
16.700000,28.00000,0.00000,0.000000,23
16.700000,29.00000,0.00000,0.000000,24
16.700000,30.00000,0.00000,0.000000,25
16.700000,31.00000,0.00000,0.000000,26
16.700000,32.00000,0.00000,0.000000,27
16.700000,33.00000,0.00000,0.000000,28
16.700000,34.00000,0.00000,0.000000,29
16.700000,35.00000,0.00000,0.000000,30
16.800000,5.07209,-3.66251,0.620048,0
16.800000,6.00000,-3.00000,0.643501,1
16.800000,7.00000,-2.25000,0.643501,2
16.800000,8.00000,-1.50000,0.463648,3
16.800000,9.00000,-1.00000,0.244979,4
16.800000,10.00000,-0.75000,0.244979,5
16.800000,11.00000,-0.50000,0.244979,6
16.800000,12.00000,-0.25000,0.244979,7
16.800000,13.00000,0.00000,0.000000,8
16.800000,14.00000,0.00000,0.000000,9
16.800000,15.00000,0.00000,0.000000,10
16.800000,16.00000,0.00000,0.000000,11
16.800000,17.00000,0.00000,0.000000,12
16.800000,18.00000,0.00000,0.000000,13
16.800000,19.00000,0.00000,0.000000,14
16.800000,20.00000,0.00000,0.000000,15
16.800000,21.00000,0.00000,0.000000,16
16.800000,22.00000,0.00000,0.000000,17
16.800000,23.00000,0.00000,0.000000,18
16.800000,24.00000,0.00000,0.000000,19
16.800000,25.00000,0.00000,0.000000,20
16.800000,26.00000,0.00000,0.000000,21
16.800000,27.00000,0.00000,0.000000,22
16.800000,28.00000,0.00000,0.000000,23
16.800000,29.00000,0.00000,0.000000,24
16.800000,30.00000,0.00000,0.000000,25
16.800000,31.00000,0.00000,0.000000,26
16.800000,32.00000,0.00000,0.000000,27
16.800000,33.00000,0.00000,0.000000,28
16.800000,34.00000,0.00000,0.000000,29
16.800000,35.00000,0.00000,0.000000,30
16.900000,5.07259,-3.66145,0.619549,0
16.900000,6.00000,-3.00000,0.643501,1
16.900000,7.00000,-2.25000,0.643501,2
16.900000,8.00000,-1.50000,0.463648,3
16.900000,9.00000,-1.00000,0.244979,4
16.900000,10.00000,-0.75000,0.244979,5
16.900000,11.00000,-0.50000,0.244979,6
16.900000,12.00000,-0.25000,0.244979,7
16.900000,13.00000,0.00000,0.000000,8
16.900000,14.00000,0.00000,0.000000,9
16.900000,15.00000,0.00000,0.000000,10
16.900000,16.00000,0.00000,0.000000,11
16.900000,17.00000,0.00000,0.000000,12
16.900000,18.00000,0.00000,0.000000,13
16.900000,19.00000,0.00000,0.000000,14
16.900000,20.00000,0.00000,0.000000,15
16.900000,21.00000,0.00000,0.000000,16
16.900000,22.00000,0.00000,0.000000,17
16.900000,23.00000,0.00000,0.000000,18
16.900000,24.00000,0.00000,0.000000,19
16.900000,25.00000,0.00000,0.000000,20
16.900000,26.00000,0.00000,0.000000,21
16.900000,27.00000,0.00000,0.000000,22
16.900000,28.00000,0.00000,0.000000,23
16.900000,29.00000,0.00000,0.000000,24
16.900000,30.00000,0.00000,0.000000,25
16.900000,31.00000,0.00000,0.000000,26
16.900000,32.00000,0.00000,0.000000,27
16.900000,33.00000,0.00000,0.000000,28
16.900000,34.00000,0.00000,0.000000,29
16.900000,35.00000,0.00000,0.000000,30
17.000000,5.11399,-3.66755,0.645699,0
17.000000,6.00000,-3.00000,0.643501,1
17.000000,7.00000,-2.25000,0.643501,2
17.000000,8.00000,-1.50000,0.463648,3
17.000000,9.00000,-1.00000,0.244979,4
17.000000,10.00000,-0.75000,0.244979,5
17.000000,11.00000,-0.50000,0.244979,6
17.000000,12.00000,-0.25000,0.244979,7
17.000000,13.00000,0.00000,0.000000,8
17.000000,14.00000,0.00000,0.000000,9
17.000000,15.00000,0.00000,0.000000,10
17.000000,16.00000,0.00000,0.000000,11
17.000000,17.00000,0.00000,0.000000,12
17.000000,18.00000,0.00000,0.000000,13
17.000000,19.00000,0.00000,0.000000,14
17.000000,20.00000,0.00000,0.000000,15
17.000000,21.00000,0.00000,0.000000,16
17.000000,22.00000,0.00000,0.000000,17
17.000000,23.00000,0.00000,0.000000,18
17.000000,24.00000,0.00000,0.000000,19
17.000000,25.00000,0.00000,0.000000,20
17.000000,26.00000,0.00000,0.000000,21
17.000000,27.00000,0.00000,0.000000,22
17.000000,28.00000,0.00000,0.000000,23
17.000000,29.00000,0.00000,0.000000,24
17.000000,30.00000,0.00000,0.000000,25
17.000000,31.00000,0.00000,0.000000,26
17.000000,32.00000,0.00000,0.000000,27
17.000000,33.00000,0.00000,0.000000,28
17.000000,34.00000,0.00000,0.000000,29
17.000000,35.00000,0.00000,0.000000,30
17.100000,5.15048,-3.69158,0.683270,0
17.100000,6.00000,-3.00000,0.643501,1
17.100000,7.00000,-2.25000,0.643501,2
17.100000,8.00000,-1.50000,0.463648,3
17.100000,9.00000,-1.00000,0.244979,4
17.100000,10.00000,-0.75000,0.244979,5
17.100000,11.00000,-0.50000,0.244979,6
17.100000,12.00000,-0.25000,0.244979,7
17.100000,13.00000,0.00000,0.000000,8
17.100000,14.00000,0.00000,0.000000,9
17.100000,15.00000,0.00000,0.000000,10
17.100000,16.00000,0.00000,0.000000,11
17.100000,17.00000,0.00000,0.000000,12
17.100000,18.00000,0.00000,0.000000,13
17.100000,19.00000,0.00000,0.000000,14
17.100000,20.00000,0.00000,0.000000,15
17.100000,21.00000,0.00000,0.000000,16
17.100000,22.00000,0.00000,0.000000,17
17.100000,23.00000,0.00000,0.000000,18
17.100000,24.00000,0.00000,0.000000,19
17.100000,25.00000,0.00000,0.000000,20
17.100000,26.00000,0.00000,0.000000,21
17.100000,27.00000,0.00000,0.000000,22
17.100000,28.00000,0.00000,0.000000,23
17.100000,29.00000,0.00000,0.000000,24
17.100000,30.00000,0.00000,0.000000,25
17.100000,31.00000,0.00000,0.000000,26
17.100000,32.00000,0.00000,0.000000,27
17.100000,33.00000,0.00000,0.000000,28
17.100000,34.00000,0.00000,0.000000,29
17.100000,35.00000,0.00000,0.000000,30
17.200000,5.13952,-3.73295,0.705535,0
17.200000,6.00000,-3.00000,0.643501,1
17.200000,7.00000,-2.25000,0.643501,2
17.200000,8.00000,-1.50000,0.463648,3
17.200000,9.00000,-1.00000,0.244979,4
17.200000,10.00000,-0.75000,0.244979,5
17.200000,11.00000,-0.50000,0.244979,6
17.200000,12.00000,-0.25000,0.244979,7
17.200000,13.00000,0.00000,0.000000,8
17.200000,14.00000,0.00000,0.000000,9
17.200000,15.00000,0.00000,0.000000,10
17.200000,16.00000,0.00000,0.000000,11
17.200000,17.00000,0.00000,0.000000,12
17.200000,18.00000,0.00000,0.000000,13
17.200000,19.00000,0.00000,0.000000,14
17.200000,20.00000,0.00000,0.000000,15
17.200000,21.00000,0.00000,0.000000,16
17.200000,22.00000,0.00000,0.000000,17
17.200000,23.00000,0.00000,0.000000,18
17.200000,24.00000,0.00000,0.000000,19
17.200000,25.00000,0.00000,0.000000,20
17.200000,26.00000,0.00000,0.000000,21
17.200000,27.00000,0.00000,0.000000,22
17.200000,28.00000,0.00000,0.000000,23
17.200000,29.00000,0.00000,0.000000,24
17.200000,30.00000,0.00000,0.000000,25
17.200000,31.00000,0.00000,0.000000,26
17.200000,32.00000,0.00000,0.000000,27
17.200000,33.00000,0.00000,0.000000,28
17.200000,34.00000,0.00000,0.000000,29
17.200000,35.00000,0.00000,0.000000,30
17.300000,5.18453,-3.71191,0.717696,0
17.300000,6.00000,-3.00000,0.643501,1
17.300000,7.00000,-2.25000,0.643501,2
17.300000,8.00000,-1.50000,0.463648,3
17.300000,9.00000,-1.00000,0.244979,4
17.300000,10.00000,-0.75000,0.244979,5
17.300000,11.00000,-0.50000,0.244979,6
17.300000,12.00000,-0.25000,0.244979,7
17.300000,13.00000,0.00000,0.000000,8
17.300000,14.00000,0.00000,0.000000,9
17.300000,15.00000,0.00000,0.000000,10
17.300000,16.00000,0.00000,0.000000,11
17.300000,17.00000,0.00000,0.000000,12
17.300000,18.00000,0.00000,0.000000,13
17.300000,19.00000,0.00000,0.000000,14
17.300000,20.00000,0.00000,0.000000,15
17.300000,21.00000,0.00000,0.000000,16
17.300000,22.00000,0.00000,0.000000,17
17.300000,23.00000,0.00000,0.000000,18
17.300000,24.00000,0.00000,0.000000,19
17.300000,25.00000,0.00000,0.000000,20
17.300000,26.00000,0.00000,0.000000,21
17.300000,27.00000,0.00000,0.000000,22
17.300000,28.00000,0.00000,0.000000,23
17.300000,29.00000,0.00000,0.000000,24
17.300000,30.00000,0.00000,0.000000,25
17.300000,31.00000,0.00000,0.000000,26
17.300000,32.00000,0.00000,0.000000,27
17.300000,33.00000,0.00000,0.000000,28
17.300000,34.00000,0.00000,0.000000,29
17.300000,35.00000,0.00000,0.000000,30
17.400000,5.17488,-3.72897,0.723608,0
17.400000,6.00000,-3.00000,0.643501,1
17.400000,7.00000,-2.25000,0.643501,2
17.400000,8.00000,-1.50000,0.463648,3
17.400000,9.00000,-1.00000,0.244979,4
17.400000,10.00000,-0.75000,0.244979,5
17.400000,11.00000,-0.50000,0.244979,6
17.400000,12.00000,-0.25000,0.244979,7
17.400000,13.00000,0.00000,0.000000,8
17.400000,14.00000,0.00000,0.000000,9
17.400000,15.00000,0.00000,0.000000,10
17.400000,16.00000,0.00000,0.000000,11
17.400000,17.00000,0.00000,0.000000,12
17.400000,18.00000,0.00000,0.000000,13
17.400000,19.00000,0.00000,0.000000,14
17.400000,20.00000,0.00000,0.000000,15
17.400000,21.00000,0.00000,0.000000,16
17.400000,22.00000,0.00000,0.000000,17
17.400000,23.00000,0.00000,0.000000,18
17.400000,24.00000,0.00000,0.000000,19
17.400000,25.00000,0.00000,0.000000,20
17.400000,26.00000,0.00000,0.000000,21
17.400000,27.00000,0.00000,0.000000,22
17.400000,28.00000,0.00000,0.000000,23
17.400000,29.00000,0.00000,0.000000,24
17.400000,30.00000,0.00000,0.000000,25
17.400000,31.00000,0.00000,0.000000,26
17.400000,32.00000,0.00000,0.000000,27
17.400000,33.00000,0.00000,0.000000,28
17.400000,34.00000,0.00000,0.000000,29
17.400000,35.00000,0.00000,0.000000,30
17.500000,5.18840,-3.78171,0.766637,0
17.500000,6.00000,-3.00000,0.643501,1
17.500000,7.00000,-2.25000,0.643501,2
17.500000,8.00000,-1.50000,0.463648,3
17.500000,9.00000,-1.00000,0.244979,4
17.500000,10.00000,-0.75000,0.244979,5
17.500000,11.00000,-0.50000,0.244979,6
17.500000,12.00000,-0.25000,0.244979,7
17.500000,13.00000,0.00000,0.000000,8
17.500000,14.00000,0.00000,0.000000,9
17.500000,15.00000,0.00000,0.000000,10
17.500000,16.00000,0.00000,0.000000,11
17.500000,17.00000,0.00000,0.000000,12
17.500000,18.00000,0.00000,0.000000,13
17.500000,19.00000,0.00000,0.000000,14
17.500000,20.00000,0.00000,0.000000,15
17.500000,21.00000,0.00000,0.000000,16
17.500000,22.00000,0.00000,0.000000,17
17.500000,23.00000,0.00000,0.000000,18
17.500000,24.00000,0.00000,0.000000,19
17.500000,25.00000,0.00000,0.000000,20
17.500000,26.00000,0.00000,0.000000,21
17.500000,27.00000,0.00000,0.000000,22
17.500000,28.00000,0.00000,0.000000,23
17.500000,29.00000,0.00000,0.000000,24
17.500000,30.00000,0.00000,0.000000,25
17.500000,31.00000,0.00000,0.000000,26
17.500000,32.00000,0.00000,0.000000,27
17.500000,33.00000,0.00000,0.000000,28
17.500000,34.00000,0.00000,0.000000,29
17.500000,35.00000,0.00000,0.000000,30
17.602000,5.23113,-3.82333,0.819590,0
17.602000,6.00000,-3.00000,0.643501,1
17.602000,7.00000,-2.25000,0.643501,2
17.602000,8.00000,-1.50000,0.463648,3
17.602000,9.00000,-1.00000,0.244979,4
17.602000,10.00000,-0.75000,0.244979,5
17.602000,11.00000,-0.50000,0.244979,6
17.602000,12.00000,-0.25000,0.244979,7
17.602000,13.00000,0.00000,0.000000,8
17.602000,14.00000,0.00000,0.000000,9
17.602000,15.00000,0.00000,0.000000,10
17.602000,16.00000,0.00000,0.000000,11
17.602000,17.00000,0.00000,0.000000,12
17.602000,18.00000,0.00000,0.000000,13
17.602000,19.00000,0.00000,0.000000,14
17.602000,20.00000,0.00000,0.000000,15
17.602000,21.00000,0.00000,0.000000,16
17.602000,22.00000,0.00000,0.000000,17
17.602000,23.00000,0.00000,0.000000,18
17.602000,24.00000,0.00000,0.000000,19
17.602000,25.00000,0.00000,0.000000,20
17.602000,26.00000,0.00000,0.000000,21
17.602000,27.00000,0.00000,0.000000,22
17.602000,28.00000,0.00000,0.000000,23
17.602000,29.00000,0.00000,0.000000,24
17.602000,30.00000,0.00000,0.000000,25
17.602000,31.00000,0.00000,0.000000,26
17.602000,32.00000,0.00000,0.000000,27
17.602000,33.00000,0.00000,0.000000,28
17.602000,34.00000,0.00000,0.000000,29
17.602000,35.00000,0.00000,0.000000,30
17.702000,5.22782,-3.86257,0.840637,0
17.702000,6.00000,-3.00000,0.643501,1
17.702000,7.00000,-2.25000,0.643501,2
17.702000,8.00000,-1.50000,0.463648,3
17.702000,9.00000,-1.00000,0.244979,4
17.702000,10.00000,-0.75000,0.244979,5
17.702000,11.00000,-0.50000,0.244979,6
17.702000,12.00000,-0.25000,0.244979,7
17.702000,13.00000,0.00000,0.000000,8
17.702000,14.00000,0.00000,0.000000,9
17.702000,15.00000,0.00000,0.000000,10
17.702000,16.00000,0.00000,0.000000,11
17.702000,17.00000,0.00000,0.000000,12
17.702000,18.00000,0.00000,0.000000,13
17.702000,19.00000,0.00000,0.000000,14
17.702000,20.00000,0.00000,0.000000,15
17.702000,21.00000,0.00000,0.000000,16
17.702000,22.00000,0.00000,0.000000,17
17.702000,23.00000,0.00000,0.000000,18
17.702000,24.00000,0.00000,0.000000,19
17.702000,25.00000,0.00000,0.000000,20
17.702000,26.00000,0.00000,0.000000,21
17.702000,27.00000,0.00000,0.000000,22
17.702000,28.00000,0.00000,0.000000,23
17.702000,29.00000,0.00000,0.000000,24
17.702000,30.00000,0.00000,0.000000,25
17.702000,31.00000,0.00000,0.000000,26
17.702000,32.00000,0.00000,0.000000,27
17.702000,33.00000,0.00000,0.000000,28
17.702000,34.00000,0.00000,0.000000,29
17.702000,35.00000,0.00000,0.000000,30
