timestamp_s,x,y,yaw,seq
0.100000,-0.01540,-0.00177,0.243046,0
0.100000,1.00000,0.25000,0.000000,1
0.100000,2.00000,0.25000,0.000000,2
0.100000,3.00000,0.25000,0.000000,3
0.100000,4.00000,0.25000,0.000000,4
0.100000,5.00000,0.25000,0.000000,5
0.100000,6.00000,0.25000,0.000000,6
0.100000,7.00000,0.25000,0.000000,7
0.100000,8.00000,0.25000,0.000000,8
0.100000,9.00000,0.25000,0.000000,9
0.100000,10.00000,0.25000,0.000000,10
0.100000,11.00000,0.25000,0.244979,11
0.100000,12.00000,0.50000,0.244979,12
0.100000,13.00000,0.75000,0.244979,13
0.100000,14.00000,1.00000,0.463648,14
0.100000,15.00000,1.50000,0.463648,15
0.100000,16.00000,2.00000,0.000000,16
0.100000,17.00000,2.00000,0.000000,17
0.100000,18.00000,2.00000,0.000000,18
0.100000,19.00000,2.00000,-0.244979,19
0.100000,20.00000,1.75000,-0.463648,20
0.100000,21.00000,1.25000,-0.463648,21
0.100000,22.00000,0.75000,-0.463648,22
0.100000,23.00000,0.25000,-0.244979,23
0.100000,24.00000,0.00000,-0.244979,24
0.100000,25.00000,-0.25000,-0.463648,25
0.100000,26.00000,-0.75000,-0.463648,26
0.100000,27.00000,-1.25000,-0.244979,27
0.100000,28.00000,-1.50000,0.000000,28
0.100000,29.00000,-1.50000,0.000000,29
0.100000,30.00000,-1.50000,0.000000,30
0.200000,0.00643,-0.00114,0.247581,0
0.200000,1.00000,0.25000,0.000000,1
0.200000,2.00000,0.25000,0.000000,2
0.200000,3.00000,0.25000,0.000000,3
0.200000,4.00000,0.25000,0.000000,4
0.200000,5.00000,0.25000,0.000000,5
0.200000,6.00000,0.25000,0.000000,6
0.200000,7.00000,0.25000,0.000000,7
0.200000,8.00000,0.25000,0.000000,8
0.200000,9.00000,0.25000,0.000000,9
0.200000,10.00000,0.25000,0.000000,10
0.200000,11.00000,0.25000,0.244979,11
0.200000,12.00000,0.50000,0.244979,12
0.200000,13.00000,0.75000,0.244979,13
0.200000,14.00000,1.00000,0.463648,14
0.200000,15.00000,1.50000,0.463648,15
0.200000,16.00000,2.00000,0.000000,16
0.200000,17.00000,2.00000,0.000000,17
0.200000,18.00000,2.00000,-0.244979,18
0.200000,19.00000,1.75000,-0.244979,19
0.200000,20.00000,1.50000,-0.244979,20
0.200000,21.00000,1.25000,-0.463648,21
0.200000,22.00000,0.75000,-0.463648,22
0.200000,23.00000,0.25000,-0.244979,23
0.200000,24.00000,0.00000,-0.244979,24
0.200000,25.00000,-0.25000,-0.463648,25
0.200000,26.00000,-0.75000,-0.463648,26
0.200000,27.00000,-1.25000,-0.244979,27
0.200000,28.00000,-1.50000,0.000000,28
0.200000,29.00000,-1.50000,0.000000,29
0.200000,30.00000,-1.50000,0.000000,30
0.300000,-0.01167,-0.01282,0.254168,0
0.300000,1.00000,0.25000,0.000000,1
0.300000,2.00000,0.25000,0.000000,2
0.300000,3.00000,0.25000,0.000000,3
0.300000,4.00000,0.25000,0.000000,4
0.300000,5.00000,0.25000,0.000000,5
0.300000,6.00000,0.25000,0.000000,6
0.300000,7.00000,0.25000,0.000000,7
0.300000,8.00000,0.25000,0.000000,8
0.300000,9.00000,0.25000,0.000000,9
0.300000,10.00000,0.25000,0.000000,10
0.300000,11.00000,0.25000,0.244979,11
0.300000,12.00000,0.50000,0.244979,12
0.300000,13.00000,0.75000,0.244979,13
0.300000,14.00000,1.00000,0.463648,14
0.300000,15.00000,1.50000,0.463648,15
0.300000,16.00000,2.00000,0.000000,16
0.300000,17.00000,2.00000,0.000000,17
0.300000,18.00000,2.00000,0.000000,18
0.300000,19.00000,2.00000,-0.244979,19
0.300000,20.00000,1.75000,-0.463648,20
0.300000,21.00000,1.25000,-0.463648,21
0.300000,22.00000,0.75000,-0.463648,22
0.300000,23.00000,0.25000,-0.244979,23
0.300000,24.00000,0.00000,-0.244979,24
0.300000,25.00000,-0.25000,-0.463648,25
0.300000,26.00000,-0.75000,-0.463648,26
0.300000,27.00000,-1.25000,-0.244979,27
0.300000,28.00000,-1.50000,0.000000,28
0.300000,29.00000,-1.50000,0.000000,29
0.300000,30.00000,-1.50000,0.000000,30
0.400000,-0.01488,0.04135,0.202763,0
0.400000,1.00000,0.25000,0.000000,1
0.400000,2.00000,0.25000,0.000000,2
0.400000,3.00000,0.25000,0.000000,3
0.400000,4.00000,0.25000,0.000000,4
0.400000,5.00000,0.25000,0.000000,5
0.400000,6.00000,0.25000,0.000000,6
0.400000,7.00000,0.25000,0.000000,7
0.400000,8.00000,0.25000,0.000000,8
0.400000,9.00000,0.25000,0.000000,9
0.400000,10.00000,0.25000,0.000000,10
0.400000,11.00000,0.25000,0.244979,11
0.400000,12.00000,0.50000,0.244979,12
0.400000,13.00000,0.75000,0.244979,13
0.400000,14.00000,1.00000,0.463648,14
0.400000,15.00000,1.50000,0.463648,15
0.400000,16.00000,2.00000,0.000000,16
0.400000,17.00000,2.00000,0.000000,17
0.400000,18.00000,2.00000,0.000000,18
0.400000,19.00000,2.00000,-0.244979,19
0.400000,20.00000,1.75000,-0.463648,20
0.400000,21.00000,1.25000,-0.463648,21
0.400000,22.00000,0.75000,-0.463648,22
0.400000,23.00000,0.25000,-0.244979,23
0.400000,24.00000,0.00000,-0.244979,24
0.400000,25.00000,-0.25000,-0.463648,25
0.400000,26.00000,-0.75000,-0.463648,26
0.400000,27.00000,-1.25000,-0.244979,27
0.400000,28.00000,-1.50000,0.000000,28
0.400000,29.00000,-1.50000,0.000000,29
0.400000,30.00000,-1.50000,0.000000,30
0.500000,-0.01145,0.02377,0.220049,0
0.500000,1.00000,0.25000,0.000000,1
0.500000,2.00000,0.25000,0.000000,2
0.500000,3.00000,0.25000,0.000000,3
0.500000,4.00000,0.25000,0.000000,4
0.500000,5.00000,0.25000,0.000000,5
0.500000,6.00000,0.25000,0.000000,6
0.500000,7.00000,0.25000,0.000000,7
0.500000,8.00000,0.25000,0.000000,8
0.500000,9.00000,0.25000,0.000000,9
0.500000,10.00000,0.25000,0.000000,10
0.500000,11.00000,0.25000,0.244979,11
0.500000,12.00000,0.50000,0.244979,12
0.500000,13.00000,0.75000,0.244979,13
0.500000,14.00000,1.00000,0.463648,14
0.500000,15.00000,1.50000,0.463648,15
0.500000,16.00000,2.00000,0.000000,16
0.500000,17.00000,2.00000,0.000000,17
0.500000,18.00000,2.00000,0.000000,18
0.500000,19.00000,2.00000,-0.244979,19
0.500000,20.00000,1.75000,-0.463648,20
0.500000,21.00000,1.25000,-0.463648,21
0.500000,22.00000,0.75000,-0.463648,22
0.500000,23.00000,0.25000,-0.244979,23
0.500000,24.00000,0.00000,-0.244979,24
0.500000,25.00000,-0.25000,-0.463648,25
0.500000,26.00000,-0.75000,-0.463648,26
0.500000,27.00000,-1.25000,-0.244979,27
0.500000,28.00000,-1.50000,0.000000,28
0.500000,29.00000,-1.50000,0.000000,29
0.500000,30.00000,-1.50000,0.000000,30
0.600000,-0.00686,0.01455,0.229717,0
0.600000,1.00000,0.25000,0.000000,1
0.600000,2.00000,0.25000,0.000000,2
0.600000,3.00000,0.25000,0.000000,3
0.600000,4.00000,0.25000,0.000000,4
0.600000,5.00000,0.25000,0.000000,5
0.600000,6.00000,0.25000,0.000000,6
0.600000,7.00000,0.25000,0.000000,7
0.600000,8.00000,0.25000,0.000000,8
0.600000,9.00000,0.25000,0.000000,9
0.600000,10.00000,0.25000,0.000000,10
0.600000,11.00000,0.25000,0.244979,11
0.600000,12.00000,0.50000,0.244979,12
0.600000,13.00000,0.75000,0.244979,13
0.600000,14.00000,1.00000,0.463648,14
0.600000,15.00000,1.50000,0.463648,15
0.600000,16.00000,2.00000,0.000000,16
0.600000,17.00000,2.00000,0.000000,17
0.600000,18.00000,2.00000,-0.244979,18
0.600000,19.00000,1.75000,-0.244979,19
0.600000,20.00000,1.50000,-0.244979,20
0.600000,21.00000,1.25000,-0.463648,21
0.600000,22.00000,0.75000,-0.463648,22
0.600000,23.00000,0.25000,-0.244979,23
0.600000,24.00000,0.00000,-0.244979,24
0.600000,25.00000,-0.25000,-0.463648,25
0.600000,26.00000,-0.75000,-0.463648,26
0.600000,27.00000,-1.25000,-0.244979,27
0.600000,28.00000,-1.50000,0.000000,28
0.600000,29.00000,-1.50000,0.000000,29
0.600000,30.00000,-1.50000,0.000000,30
0.700000,0.02901,0.00712,0.245110,0
0.700000,1.00000,0.25000,0.000000,1
0.700000,2.00000,0.25000,0.000000,2
0.700000,3.00000,0.25000,0.000000,3
0.700000,4.00000,0.25000,0.000000,4
0.700000,5.00000,0.25000,0.000000,5
0.700000,6.00000,0.25000,0.000000,6
0.700000,7.00000,0.25000,0.000000,7
0.700000,8.00000,0.25000,0.000000,8
0.700000,9.00000,0.25000,0.000000,9
0.700000,10.00000,0.25000,0.000000,10
0.700000,11.00000,0.25000,0.244979,11
0.700000,12.00000,0.50000,0.244979,12
0.700000,13.00000,0.75000,0.244979,13
0.700000,14.00000,1.00000,0.463648,14
0.700000,15.00000,1.50000,0.463648,15
0.700000,16.00000,2.00000,0.000000,16
0.700000,17.00000,2.00000,0.000000,17
0.700000,18.00000,2.00000,-0.244979,18
0.700000,19.00000,1.75000,-0.244979,19
0.700000,20.00000,1.50000,-0.244979,20
0.700000,21.00000,1.25000,-0.463648,21
0.700000,22.00000,0.75000,-0.463648,22
0.700000,23.00000,0.25000,-0.244979,23
0.700000,24.00000,0.00000,-0.244979,24
0.700000,25.00000,-0.25000,-0.463648,25
0.700000,26.00000,-0.75000,-0.463648,26
0.700000,27.00000,-1.25000,-0.244979,27
0.700000,28.00000,-1.50000,0.000000,28
0.700000,29.00000,-1.50000,0.000000,29
0.700000,30.00000,-1.50000,0.000000,30
0.800000,0.02437,0.00967,0.241522,0
0.800000,1.00000,0.25000,0.000000,1
0.800000,2.00000,0.25000,0.000000,2
0.800000,3.00000,0.25000,0.000000,3
0.800000,4.00000,0.25000,0.000000,4
0.800000,5.00000,0.25000,0.000000,5
0.800000,6.00000,0.25000,0.000000,6
0.800000,7.00000,0.25000,0.000000,7
0.800000,8.00000,0.25000,0.000000,8
0.800000,9.00000,0.25000,0.000000,9
0.800000,10.00000,0.25000,0.000000,10
0.800000,11.00000,0.25000,0.244979,11
0.800000,12.00000,0.50000,0.244979,12
0.800000,13.00000,0.75000,0.244979,13
0.800000,14.00000,1.00000,0.463648,14
0.800000,15.00000,1.50000,0.463648,15
0.800000,16.00000,2.00000,0.000000,16
0.800000,17.00000,2.00000,0.000000,17
0.800000,18.00000,2.00000,-0.244979,18
0.800000,19.00000,1.75000,-0.244979,19
0.800000,20.00000,1.50000,-0.244979,20
0.800000,21.00000,1.25000,-0.463648,21
0.800000,22.00000,0.75000,-0.463648,22
0.800000,23.00000,0.25000,-0.244979,23
0.800000,24.00000,0.00000,-0.244979,24
0.800000,25.00000,-0.25000,-0.463648,25
0.800000,26.00000,-0.75000,-0.463648,26
0.800000,27.00000,-1.25000,-0.244979,27
0.800000,28.00000,-1.50000,0.000000,28
0.800000,29.00000,-1.50000,0.000000,29
0.800000,30.00000,-1.50000,0.000000,30
0.900000,0.05026,0.02888,0.228744,0
0.900000,1.00000,0.25000,0.000000,1
0.900000,2.00000,0.25000,0.000000,2
0.900000,3.00000,0.25000,0.000000,3
0.900000,4.00000,0.25000,0.000000,4
0.900000,5.00000,0.25000,0.000000,5
0.900000,6.00000,0.25000,0.000000,6
0.900000,7.00000,0.25000,0.000000,7
0.900000,8.00000,0.25000,0.000000,8
0.900000,9.00000,0.25000,0.000000,9
0.900000,10.00000,0.25000,0.000000,10
0.900000,11.00000,0.25000,0.244979,11
0.900000,12.00000,0.50000,0.244979,12
0.900000,13.00000,0.75000,0.244979,13
0.900000,14.00000,1.00000,0.463648,14
0.900000,15.00000,1.50000,0.463648,15
0.900000,16.00000,2.00000,0.000000,16
0.900000,17.00000,2.00000,0.000000,17
0.900000,18.00000,2.00000,0.000000,18
0.900000,19.00000,2.00000,-0.244979,19
0.900000,20.00000,1.75000,-0.463648,20
0.900000,21.00000,1.25000,-0.463648,21
0.900000,22.00000,0.75000,-0.463648,22
0.900000,23.00000,0.25000,-0.244979,23
0.900000,24.00000,0.00000,-0.244979,24
0.900000,25.00000,-0.25000,-0.463648,25
0.900000,26.00000,-0.75000,-0.463648,26
0.900000,27.00000,-1.25000,-0.244979,27
0.900000,28.00000,-1.50000,0.000000,28
0.900000,29.00000,-1.50000,0.000000,29
0.900000,30.00000,-1.50000,0.000000,30
1.004000,0.07577,0.01042,0.253641,0
1.004000,1.00000,0.25000,0.000000,1
1.004000,2.00000,0.25000,0.000000,2
1.004000,3.00000,0.25000,0.000000,3
1.004000,4.00000,0.25000,0.000000,4
1.004000,5.00000,0.25000,0.000000,5
1.004000,6.00000,0.25000,0.000000,6
1.004000,7.00000,0.25000,0.000000,7
1.004000,8.00000,0.25000,0.000000,8
1.004000,9.00000,0.25000,0.000000,9
1.004000,10.00000,0.25000,0.000000,10
1.004000,11.00000,0.25000,0.244979,11
1.004000,12.00000,0.50000,0.244979,12
1.004000,13.00000,0.75000,0.244979,13
1.004000,14.00000,1.00000,0.463648,14
1.004000,15.00000,1.50000,0.463648,15
1.004000,16.00000,2.00000,0.000000,16
1.004000,17.00000,2.00000,0.000000,17
1.004000,18.00000,2.00000,-0.244979,18
1.004000,19.00000,1.75000,-0.244979,19
1.004000,20.00000,1.50000,-0.244979,20
1.004000,21.00000,1.25000,-0.463648,21
1.004000,22.00000,0.75000,-0.463648,22
1.004000,23.00000,0.25000,-0.244979,23
1.004000,24.00000,0.00000,-0.463648,24
1.004000,25.00000,-0.50000,-0.463648,25
1.004000,26.00000,-1.00000,-0.463648,26
1.004000,27.00000,-1.50000,0.000000,27
1.004000,28.00000,-1.50000,0.000000,28
1.004000,29.00000,-1.50000,0.000000,29
1.004000,30.00000,-1.50000,0.000000,30
1.102000,0.15110,0.02317,0.261105,0
1.102000,1.00000,0.25000,0.000000,1
1.102000,2.00000,0.25000,0.000000,2
1.102000,3.00000,0.25000,0.000000,3
1.102000,4.00000,0.25000,0.000000,4
1.102000,5.00000,0.25000,0.000000,5
1.102000,6.00000,0.25000,0.000000,6
1.102000,7.00000,0.25000,0.000000,7
1.102000,8.00000,0.25000,0.000000,8
1.102000,9.00000,0.25000,0.000000,9
1.102000,10.00000,0.25000,0.000000,10
1.102000,11.00000,0.25000,0.244979,11
1.102000,12.00000,0.50000,0.244979,12
1.102000,13.00000,0.75000,0.244979,13
1.102000,14.00000,1.00000,0.463648,14
1.102000,15.00000,1.50000,0.463648,15
1.102000,16.00000,2.00000,0.000000,16
1.102000,17.00000,2.00000,0.000000,17
1.102000,18.00000,2.00000,-0.244979,18
1.102000,19.00000,1.75000,-0.244979,19
1.102000,20.00000,1.50000,-0.244979,20
1.102000,21.00000,1.25000,-0.463648,21
1.102000,22.00000,0.75000,-0.463648,22
1.102000,23.00000,0.25000,-0.244979,23
1.102000,24.00000,0.00000,-0.244979,24
1.102000,25.00000,-0.25000,-0.463648,25
1.102000,26.00000,-0.75000,-0.463648,26
1.102000,27.00000,-1.25000,-0.244979,27
1.102000,28.00000,-1.50000,0.000000,28
1.102000,29.00000,-1.50000,0.000000,29
1.102000,30.00000,-1.50000,0.000000,30
1.202000,0.21793,0.01438,0.292629,0
1.202000,1.00000,0.25000,0.000000,1
1.202000,2.00000,0.25000,0.000000,2
1.202000,3.00000,0.25000,0.000000,3
1.202000,4.00000,0.25000,0.000000,4
1.202000,5.00000,0.25000,0.000000,5
1.202000,6.00000,0.25000,0.000000,6
1.202000,7.00000,0.25000,0.000000,7
1.202000,8.00000,0.25000,0.000000,8
1.202000,9.00000,0.25000,0.000000,9
1.202000,10.00000,0.25000,0.000000,10
1.202000,11.00000,0.25000,0.244979,11
1.202000,12.00000,0.50000,0.244979,12
1.202000,13.00000,0.75000,0.244979,13
1.202000,14.00000,1.00000,0.463648,14
1.202000,15.00000,1.50000,0.463648,15
1.202000,16.00000,2.00000,0.000000,16
1.202000,17.00000,2.00000,0.000000,17
1.202000,18.00000,2.00000,-0.244979,18
1.202000,19.00000,1.75000,-0.244979,19
1.202000,20.00000,1.50000,-0.244979,20
1.202000,21.00000,1.25000,-0.463648,21
1.202000,22.00000,0.75000,-0.463648,22
1.202000,23.00000,0.25000,-0.244979,23
1.202000,24.00000,0.00000,-0.244979,24
1.202000,25.00000,-0.25000,-0.463648,25
1.202000,26.00000,-0.75000,-0.463648,26
1.202000,27.00000,-1.25000,-0.244979,27
1.202000,28.00000,-1.50000,0.000000,28
1.202000,29.00000,-1.50000,0.000000,29
1.202000,30.00000,-1.50000,0.000000,30
1.300000,0.25034,0.01457,0.186212,0
1.300000,1.50000,0.25000,0.000000,1
1.300000,2.50000,0.25000,0.000000,2
1.300000,3.50000,0.25000,0.000000,3
1.300000,4.50000,0.25000,0.000000,4
1.300000,5.50000,0.25000,0.000000,5
1.300000,6.50000,0.25000,0.000000,6
1.300000,7.50000,0.25000,0.000000,7
1.300000,8.50000,0.25000,0.000000,8
1.300000,9.50000,0.25000,0.000000,9
1.300000,10.50000,0.25000,0.000000,10
1.300000,11.50000,0.25000,0.244979,11
1.300000,12.50000,0.50000,0.244979,12
1.300000,13.50000,0.75000,0.244979,13
1.300000,14.50000,1.00000,0.463648,14
1.300000,15.50000,1.50000,0.463648,15
1.300000,16.50000,2.00000,0.000000,16
1.300000,17.50000,2.00000,0.000000,17
1.300000,18.50000,2.00000,-0.244979,18
1.300000,19.50000,1.75000,-0.244979,19
1.300000,20.50000,1.50000,-0.463648,20
1.300000,21.50000,1.00000,-0.463648,21
1.300000,22.50000,0.50000,-0.463648,22
1.300000,23.50000,0.00000,-0.244979,23
1.300000,24.50000,-0.25000,-0.463648,24
1.300000,25.50000,-0.75000,-0.463648,25
1.300000,26.50000,-1.25000,-0.244979,26
1.300000,27.50000,-1.50000,0.000000,27
1.300000,28.50000,-1.50000,0.000000,28
1.300000,29.50000,-1.50000,0.000000,29
1.300000,30.50000,-1.50000,0.000000,30
1.400000,0.34846,0.02572,0.192356,0
1.400000,1.50000,0.25000,0.000000,1
1.400000,2.50000,0.25000,0.000000,2
1.400000,3.50000,0.25000,0.000000,3
1.400000,4.50000,0.25000,0.000000,4
1.400000,5.50000,0.25000,0.000000,5
1.400000,6.50000,0.25000,0.000000,6
1.400000,7.50000,0.25000,0.000000,7
1.400000,8.50000,0.25000,0.000000,8
1.400000,9.50000,0.25000,0.000000,9
1.400000,10.50000,0.25000,0.000000,10
1.400000,11.50000,0.25000,0.244979,11
1.400000,12.50000,0.50000,0.244979,12
1.400000,13.50000,0.75000,0.244979,13
1.400000,14.50000,1.00000,0.463648,14
1.400000,15.50000,1.50000,0.463648,15
1.400000,16.50000,2.00000,0.000000,16
1.400000,17.50000,2.00000,0.000000,17
1.400000,18.50000,2.00000,-0.244979,18
1.400000,19.50000,1.75000,-0.244979,19
1.400000,20.50000,1.50000,-0.463648,20
1.400000,21.50000,1.00000,-0.463648,21
1.400000,22.50000,0.50000,-0.463648,22
1.400000,23.50000,0.00000,-0.244979,23
1.400000,24.50000,-0.25000,-0.463648,24
1.400000,25.50000,-0.75000,-0.463648,25
1.400000,26.50000,-1.25000,-0.244979,26
1.400000,27.50000,-1.50000,0.000000,27
1.400000,28.50000,-1.50000,0.000000,28
1.400000,29.50000,-1.50000,0.000000,29
1.400000,30.50000,-1.50000,0.000000,30
1.500000,0.40570,0.02615,0.201772,0
1.500000,1.50000,0.25000,0.000000,1
1.500000,2.50000,0.25000,0.000000,2
1.500000,3.50000,0.25000,0.000000,3
1.500000,4.50000,0.25000,0.000000,4
1.500000,5.50000,0.25000,0.000000,5
1.500000,6.50000,0.25000,0.000000,6
1.500000,7.50000,0.25000,0.000000,7
1.500000,8.50000,0.25000,0.000000,8
1.500000,9.50000,0.25000,0.000000,9
1.500000,10.50000,0.25000,0.000000,10
1.500000,11.50000,0.25000,0.244979,11
1.500000,12.50000,0.50000,0.244979,12
1.500000,13.50000,0.75000,0.244979,13
1.500000,14.50000,1.00000,0.463648,14
1.500000,15.50000,1.50000,0.463648,15
1.500000,16.50000,2.00000,0.000000,16
1.500000,17.50000,2.00000,-0.244979,17
1.500000,18.50000,1.75000,0.000000,18
1.500000,19.50000,1.75000,-0.244979,19
1.500000,20.50000,1.50000,-0.463648,20
1.500000,21.50000,1.00000,-0.463648,21
1.500000,22.50000,0.50000,-0.463648,22
1.500000,23.50000,0.00000,-0.244979,23
1.500000,24.50000,-0.25000,-0.463648,24
1.500000,25.50000,-0.75000,-0.463648,25
1.500000,26.50000,-1.25000,-0.244979,26
1.500000,27.50000,-1.50000,-0.244979,27
1.500000,28.50000,-1.75000,0.000000,28
1.500000,29.50000,-1.75000,0.000000,29
1.500000,30.50000,-1.75000,0.000000,30
1.600000,0.49652,0.10908,0.139519,0
1.600000,1.50000,0.25000,0.000000,1
1.600000,2.50000,0.25000,0.000000,2
1.600000,3.50000,0.25000,0.000000,3
1.600000,4.50000,0.25000,0.000000,4
1.600000,5.50000,0.25000,0.000000,5
1.600000,6.50000,0.25000,0.000000,6
1.600000,7.50000,0.25000,0.000000,7
1.600000,8.50000,0.25000,0.000000,8
1.600000,9.50000,0.25000,0.000000,9
1.600000,10.50000,0.25000,0.000000,10
1.600000,11.50000,0.25000,0.244979,11
1.600000,12.50000,0.50000,0.244979,12
1.600000,13.50000,0.75000,0.244979,13
1.600000,14.50000,1.00000,0.463648,14
1.600000,15.50000,1.50000,0.463648,15
1.600000,16.50000,2.00000,0.000000,16
1.600000,17.50000,2.00000,0.000000,17
1.600000,18.50000,2.00000,-0.244979,18
1.600000,19.50000,1.75000,-0.244979,19
1.600000,20.50000,1.50000,-0.463648,20
1.600000,21.50000,1.00000,-0.463648,21
1.600000,22.50000,0.50000,-0.463648,22
1.600000,23.50000,0.00000,-0.244979,23
1.600000,24.50000,-0.25000,-0.463648,24
1.600000,25.50000,-0.75000,-0.463648,25
1.600000,26.50000,-1.25000,-0.244979,26
1.600000,27.50000,-1.50000,0.000000,27
1.600000,28.50000,-1.50000,0.000000,28
1.600000,29.50000,-1.50000,0.000000,29
1.600000,30.50000,-1.50000,0.000000,30
1.700000,0.57157,0.08485,0.176039,0
1.700000,1.50000,0.25000,0.000000,1
1.700000,2.50000,0.25000,0.000000,2
1.700000,3.50000,0.25000,0.000000,3
1.700000,4.50000,0.25000,0.000000,4
1.700000,5.50000,0.25000,0.000000,5
1.700000,6.50000,0.25000,0.000000,6
1.700000,7.50000,0.25000,0.000000,7
1.700000,8.50000,0.25000,0.000000,8
1.700000,9.50000,0.25000,0.000000,9
1.700000,10.50000,0.25000,0.000000,10
1.700000,11.50000,0.25000,0.244979,11
1.700000,12.50000,0.50000,0.244979,12
1.700000,13.50000,0.75000,0.244979,13
1.700000,14.50000,1.00000,0.463648,14
1.700000,15.50000,1.50000,0.463648,15
1.700000,16.50000,2.00000,0.000000,16
1.700000,17.50000,2.00000,0.000000,17
1.700000,18.50000,2.00000,-0.244979,18
1.700000,19.50000,1.75000,-0.244979,19
1.700000,20.50000,1.50000,-0.463648,20
1.700000,21.50000,1.00000,-0.463648,21
1.700000,22.50000,0.50000,-0.463648,22
1.700000,23.50000,0.00000,-0.244979,23
1.700000,24.50000,-0.25000,-0.463648,24
1.700000,25.50000,-0.75000,-0.463648,25
1.700000,26.50000,-1.25000,-0.244979,26
1.700000,27.50000,-1.50000,0.000000,27
1.700000,28.50000,-1.50000,0.000000,28
1.700000,29.50000,-1.50000,0.000000,29
1.700000,30.50000,-1.50000,0.000000,30
1.800000,0.69124,0.08324,0.203342,0
1.800000,1.50000,0.25000,0.000000,1
1.800000,2.50000,0.25000,0.000000,2
1.800000,3.50000,0.25000,0.000000,3
1.800000,4.50000,0.25000,0.000000,4
1.800000,5.50000,0.25000,0.000000,5
1.800000,6.50000,0.25000,0.000000,6
1.800000,7.50000,0.25000,0.000000,7
1.800000,8.50000,0.25000,0.000000,8
1.800000,9.50000,0.25000,0.000000,9
1.800000,10.50000,0.25000,0.000000,10
1.800000,11.50000,0.25000,0.244979,11
1.800000,12.50000,0.50000,0.244979,12
1.800000,13.50000,0.75000,0.244979,13
1.800000,14.50000,1.00000,0.463648,14
1.800000,15.50000,1.50000,0.463648,15
1.800000,16.50000,2.00000,0.000000,16
1.800000,17.50000,2.00000,0.000000,17
1.800000,18.50000,2.00000,-0.244979,18
1.800000,19.50000,1.75000,-0.244979,19
1.800000,20.50000,1.50000,-0.463648,20
1.800000,21.50000,1.00000,-0.463648,21
1.800000,22.50000,0.50000,-0.463648,22
1.800000,23.50000,0.00000,-0.244979,23
1.800000,24.50000,-0.25000,-0.463648,24
1.800000,25.50000,-0.75000,-0.463648,25
1.800000,26.50000,-1.25000,-0.244979,26
1.800000,27.50000,-1.50000,0.000000,27
1.800000,28.50000,-1.50000,0.000000,28
1.800000,29.50000,-1.50000,0.000000,29
1.800000,30.50000,-1.50000,0.000000,30
1.900000,0.80691,0.10952,0.117206,0
1.900000,2.00000,0.25000,0.000000,1
1.900000,3.00000,0.25000,0.000000,2
1.900000,4.00000,0.25000,0.000000,3
1.900000,5.00000,0.25000,0.000000,4
1.900000,6.00000,0.25000,0.000000,5
1.900000,7.00000,0.25000,0.000000,6
1.900000,8.00000,0.25000,0.000000,7
1.900000,9.00000,0.25000,0.000000,8
1.900000,10.00000,0.25000,0.000000,9
1.900000,11.00000,0.25000,0.244979,10
1.900000,12.00000,0.50000,0.244979,11
1.900000,13.00000,0.75000,0.244979,12
1.900000,14.00000,1.00000,0.463648,13
1.900000,15.00000,1.50000,0.463648,14
1.900000,16.00000,2.00000,0.000000,15
1.900000,17.00000,2.00000,0.000000,16
1.900000,18.00000,2.00000,0.000000,17
1.900000,19.00000,2.00000,-0.244979,18
1.900000,20.00000,1.75000,-0.463648,19
1.900000,21.00000,1.25000,-0.463648,20
1.900000,22.00000,0.75000,-0.463648,21
1.900000,23.00000,0.25000,-0.244979,22
1.900000,24.00000,0.00000,-0.244979,23
1.900000,25.00000,-0.25000,-0.463648,24
1.900000,26.00000,-0.75000,-0.463648,25
1.900000,27.00000,-1.25000,-0.244979,26
1.900000,28.00000,-1.50000,0.000000,27
1.900000,29.00000,-1.50000,0.000000,28
1.900000,30.00000,-1.50000,0.000000,29
1.900000,31.00000,-1.50000,0.000000,30
2.000000,0.96064,0.09162,0.151217,0
2.000000,2.00000,0.25000,0.000000,1
2.000000,3.00000,0.25000,0.000000,2
2.000000,4.00000,0.25000,0.000000,3
2.000000,5.00000,0.25000,0.000000,4
2.000000,6.00000,0.25000,0.000000,5
2.000000,7.00000,0.25000,0.000000,6
2.000000,8.00000,0.25000,0.000000,7
2.000000,9.00000,0.25000,0.000000,8
2.000000,10.00000,0.25000,0.000000,9
2.000000,11.00000,0.25000,0.244979,10
2.000000,12.00000,0.50000,0.244979,11
2.000000,13.00000,0.75000,0.244979,12
2.000000,14.00000,1.00000,0.463648,13
2.000000,15.00000,1.50000,0.463648,14
2.000000,16.00000,2.00000,0.000000,15
2.000000,17.00000,2.00000,0.000000,16
2.000000,18.00000,2.00000,0.000000,17
2.000000,19.00000,2.00000,-0.244979,18
2.000000,20.00000,1.75000,-0.463648,19
2.000000,21.00000,1.25000,-0.463648,20
2.000000,22.00000,0.75000,-0.463648,21
2.000000,23.00000,0.25000,-0.244979,22
2.000000,24.00000,0.00000,-0.244979,23
2.000000,25.00000,-0.25000,-0.463648,24
2.000000,26.00000,-0.75000,-0.463648,25
2.000000,27.00000,-1.25000,-0.244979,26
2.000000,28.00000,-1.50000,0.000000,27
2.000000,29.00000,-1.50000,0.000000,28
2.000000,30.00000,-1.50000,0.000000,29
2.000000,31.00000,-1.50000,0.000000,30
2.100000,1.10707,0.11362,0.151559,0
2.100000,2.00000,0.25000,0.000000,1
2.100000,3.00000,0.25000,0.000000,2
2.100000,4.00000,0.25000,0.000000,3
2.100000,5.00000,0.25000,0.000000,4
2.100000,6.00000,0.25000,0.000000,5
2.100000,7.00000,0.25000,0.000000,6
2.100000,8.00000,0.25000,0.000000,7
2.100000,9.00000,0.25000,0.000000,8
2.100000,10.00000,0.25000,0.000000,9
2.100000,11.00000,0.25000,0.244979,10
2.100000,12.00000,0.50000,0.244979,11
2.100000,13.00000,0.75000,0.244979,12
2.100000,14.00000,1.00000,0.463648,13
2.100000,15.00000,1.50000,0.463648,14
2.100000,16.00000,2.00000,0.000000,15
2.100000,17.00000,2.00000,0.000000,16
2.100000,18.00000,2.00000,0.000000,17
2.100000,19.00000,2.00000,-0.244979,18
2.100000,20.00000,1.75000,-0.463648,19
2.100000,21.00000,1.25000,-0.463648,20
2.100000,22.00000,0.75000,-0.463648,21
2.100000,23.00000,0.25000,-0.244979,22
2.100000,24.00000,0.00000,-0.244979,23
2.100000,25.00000,-0.25000,-0.463648,24
2.100000,26.00000,-0.75000,-0.463648,25
2.100000,27.00000,-1.25000,-0.244979,26
2.100000,28.00000,-1.50000,0.000000,27
2.100000,29.00000,-1.50000,0.000000,28
2.100000,30.00000,-1.50000,0.000000,29
2.100000,31.00000,-1.50000,0.000000,30
2.200000,1.32739,0.12316,0.107752,0
2.200000,2.50000,0.25000,0.000000,1
2.200000,3.50000,0.25000,0.000000,2
2.200000,4.50000,0.25000,0.000000,3
2.200000,5.50000,0.25000,0.000000,4
2.200000,6.50000,0.25000,0.000000,5
2.200000,7.50000,0.25000,0.000000,6
2.200000,8.50000,0.25000,0.000000,7
2.200000,9.50000,0.25000,0.000000,8
2.200000,10.50000,0.25000,0.000000,9
2.200000,11.50000,0.25000,0.244979,10
2.200000,12.50000,0.50000,0.244979,11
2.200000,13.50000,0.75000,0.244979,12
2.200000,14.50000,1.00000,0.463648,13
2.200000,15.50000,1.50000,0.463648,14
2.200000,16.50000,2.00000,0.000000,15
2.200000,17.50000,2.00000,0.000000,16
2.200000,18.50000,2.00000,-0.244979,17
2.200000,19.50000,1.75000,-0.244979,18
2.200000,20.50000,1.50000,-0.463648,19
2.200000,21.50000,1.00000,-0.463648,20
2.200000,22.50000,0.50000,-0.463648,21
2.200000,23.50000,0.00000,-0.244979,22
2.200000,24.50000,-0.25000,-0.463648,23
2.200000,25.50000,-0.75000,-0.463648,24
2.200000,26.50000,-1.25000,-0.244979,25
2.200000,27.50000,-1.50000,0.000000,26
2.200000,28.50000,-1.50000,0.000000,27
2.200000,29.50000,-1.50000,0.000000,28
2.200000,30.50000,-1.50000,0.000000,29
2.200000,31.50000,-1.50000,0.000000,30
2.300000,1.48142,0.11753,0.129330,0
2.300000,2.50000,0.25000,0.000000,1
2.300000,3.50000,0.25000,0.000000,2
2.300000,4.50000,0.25000,0.000000,3
2.300000,5.50000,0.25000,0.000000,4
2.300000,6.50000,0.25000,0.000000,5
2.300000,7.50000,0.25000,0.000000,6
2.300000,8.50000,0.25000,0.000000,7
2.300000,9.50000,0.25000,0.000000,8
2.300000,10.50000,0.25000,0.000000,9
2.300000,11.50000,0.25000,0.244979,10
2.300000,12.50000,0.50000,0.244979,11
2.300000,13.50000,0.75000,0.244979,12
2.300000,14.50000,1.00000,0.463648,13
2.300000,15.50000,1.50000,0.463648,14
2.300000,16.50000,2.00000,0.000000,15
2.300000,17.50000,2.00000,0.000000,16
2.300000,18.50000,2.00000,-0.244979,17
2.300000,19.50000,1.75000,-0.244979,18
2.300000,20.50000,1.50000,-0.463648,19
2.300000,21.50000,1.00000,-0.463648,20
2.300000,22.50000,0.50000,-0.463648,21
2.300000,23.50000,0.00000,-0.244979,22
2.300000,24.50000,-0.25000,-0.463648,23
2.300000,25.50000,-0.75000,-0.463648,24
2.300000,26.50000,-1.25000,-0.244979,25
2.300000,27.50000,-1.50000,0.000000,26
2.300000,28.50000,-1.50000,0.000000,27
2.300000,29.50000,-1.50000,0.000000,28
2.300000,30.50000,-1.50000,0.000000,29
2.300000,31.50000,-1.50000,0.000000,30
2.400000,1.68618,0.14209,0.131825,0
2.400000,2.50000,0.25000,0.000000,1
2.400000,3.50000,0.25000,0.000000,2
2.400000,4.50000,0.25000,0.000000,3
2.400000,5.50000,0.25000,0.000000,4
2.400000,6.50000,0.25000,0.000000,5
2.400000,7.50000,0.25000,0.000000,6
2.400000,8.50000,0.25000,0.000000,7
2.400000,9.50000,0.25000,0.000000,8
2.400000,10.50000,0.25000,0.000000,9
2.400000,11.50000,0.25000,0.244979,10
2.400000,12.50000,0.50000,0.244979,11
2.400000,13.50000,0.75000,0.244979,12
2.400000,14.50000,1.00000,0.463648,13
2.400000,15.50000,1.50000,0.463648,14
2.400000,16.50000,2.00000,0.000000,15
2.400000,17.50000,2.00000,0.000000,16
2.400000,18.50000,2.00000,-0.244979,17
2.400000,19.50000,1.75000,-0.244979,18
2.400000,20.50000,1.50000,-0.463648,19
2.400000,21.50000,1.00000,-0.463648,20
2.400000,22.50000,0.50000,-0.463648,21
2.400000,23.50000,0.00000,-0.244979,22
2.400000,24.50000,-0.25000,-0.463648,23
2.400000,25.50000,-0.75000,-0.463648,24
2.400000,26.50000,-1.25000,-0.244979,25
2.400000,27.50000,-1.50000,0.000000,26
2.400000,28.50000,-1.50000,0.000000,27
2.400000,29.50000,-1.50000,0.000000,28
2.400000,30.50000,-1.50000,0.000000,29
2.400000,31.50000,-1.50000,0.000000,30
2.500000,1.89356,0.15353,0.086973,0
2.500000,3.00000,0.25000,0.000000,1
2.500000,4.00000,0.25000,0.000000,2
2.500000,5.00000,0.25000,0.000000,3
2.500000,6.00000,0.25000,0.000000,4
2.500000,7.00000,0.25000,0.000000,5
2.500000,8.00000,0.25000,0.000000,6
2.500000,9.00000,0.25000,0.000000,7
2.500000,10.00000,0.25000,0.000000,8
2.500000,11.00000,0.25000,0.244979,9
2.500000,12.00000,0.50000,0.244979,10
2.500000,13.00000,0.75000,0.244979,11
2.500000,14.00000,1.00000,0.463648,12
2.500000,15.00000,1.50000,0.463648,13
2.500000,16.00000,2.00000,0.000000,14
2.500000,17.00000,2.00000,0.000000,15
2.500000,18.00000,2.00000,0.000000,16
2.500000,19.00000,2.00000,-0.244979,17
2.500000,20.00000,1.75000,-0.463648,18
2.500000,21.00000,1.25000,-0.463648,19
2.500000,22.00000,0.75000,-0.463648,20
2.500000,23.00000,0.25000,-0.244979,21
2.500000,24.00000,0.00000,-0.244979,22
2.500000,25.00000,-0.25000,-0.463648,23
2.500000,26.00000,-0.75000,-0.463648,24
2.500000,27.00000,-1.25000,-0.244979,25
2.500000,28.00000,-1.50000,0.000000,26
2.500000,29.00000,-1.50000,0.000000,27
2.500000,30.00000,-1.50000,0.000000,28
2.500000,31.00000,-1.50000,0.000000,29
2.500000,32.00000,-1.50000,0.000000,30
2.600000,2.12200,0.14208,0.122302,0
2.600000,3.00000,0.25000,0.000000,1
2.600000,4.00000,0.25000,0.000000,2
2.600000,5.00000,0.25000,0.000000,3
2.600000,6.00000,0.25000,0.000000,4
2.600000,7.00000,0.25000,0.000000,5
2.600000,8.00000,0.25000,0.000000,6
2.600000,9.00000,0.25000,0.000000,7
2.600000,10.00000,0.25000,0.000000,8
2.600000,11.00000,0.25000,0.244979,9
2.600000,12.00000,0.50000,0.244979,10
2.600000,13.00000,0.75000,0.244979,11
2.600000,14.00000,1.00000,0.463648,12
2.600000,15.00000,1.50000,0.463648,13
2.600000,16.00000,2.00000,0.000000,14
2.600000,17.00000,2.00000,0.000000,15
2.600000,18.00000,2.00000,0.000000,16
2.600000,19.00000,2.00000,-0.244979,17
2.600000,20.00000,1.75000,-0.463648,18
2.600000,21.00000,1.25000,-0.463648,19
2.600000,22.00000,0.75000,-0.463648,20
2.600000,23.00000,0.25000,-0.244979,21
2.600000,24.00000,0.00000,-0.244979,22
2.600000,25.00000,-0.25000,-0.463648,23
2.600000,26.00000,-0.75000,-0.463648,24
2.600000,27.00000,-1.25000,-0.244979,25
2.600000,28.00000,-1.50000,0.000000,26
2.600000,29.00000,-1.50000,0.000000,27
2.600000,30.00000,-1.50000,0.000000,28
2.600000,31.00000,-1.50000,0.000000,29
2.600000,32.00000,-1.50000,0.000000,30
2.700000,2.37509,0.17214,0.069105,0
2.700000,3.50000,0.25000,0.000000,1
2.700000,4.50000,0.25000,0.000000,2
2.700000,5.50000,0.25000,0.000000,3
2.700000,6.50000,0.25000,0.000000,4
2.700000,7.50000,0.25000,0.000000,5
2.700000,8.50000,0.25000,0.000000,6
2.700000,9.50000,0.25000,0.000000,7
2.700000,10.50000,0.25000,0.000000,8
2.700000,11.50000,0.25000,0.244979,9
2.700000,12.50000,0.50000,0.244979,10
2.700000,13.50000,0.75000,0.244979,11
2.700000,14.50000,1.00000,0.463648,12
2.700000,15.50000,1.50000,0.463648,13
2.700000,16.50000,2.00000,0.000000,14
2.700000,17.50000,2.00000,0.000000,15
2.700000,18.50000,2.00000,-0.244979,16
2.700000,19.50000,1.75000,-0.244979,17
2.700000,20.50000,1.50000,-0.463648,18
2.700000,21.50000,1.00000,-0.463648,19
2.700000,22.50000,0.50000,-0.463648,20
2.700000,23.50000,0.00000,-0.244979,21
2.700000,24.50000,-0.25000,-0.244979,22
2.700000,25.50000,-0.50000,-0.463648,23
2.700000,26.50000,-1.00000,-0.244979,24
2.700000,27.50000,-1.25000,0.000000,25
2.700000,28.50000,-1.25000,0.000000,26
2.700000,29.50000,-1.25000,0.000000,27
2.700000,30.50000,-1.25000,0.000000,28
2.700000,31.50000,-1.25000,0.000000,29
2.700000,32.50000,-1.25000,0.000000,30
2.800000,2.62477,0.20289,0.053771,0
2.800000,3.50000,0.25000,0.000000,1
2.800000,4.50000,0.25000,0.000000,2
2.800000,5.50000,0.25000,0.000000,3
2.800000,6.50000,0.25000,0.000000,4
2.800000,7.50000,0.25000,0.000000,5
2.800000,8.50000,0.25000,0.000000,6
2.800000,9.50000,0.25000,0.000000,7
2.800000,10.50000,0.25000,0.000000,8
2.800000,11.50000,0.25000,0.244979,9
2.800000,12.50000,0.50000,0.244979,10
2.800000,13.50000,0.75000,0.244979,11
2.800000,14.50000,1.00000,0.463648,12
2.800000,15.50000,1.50000,0.463648,13
2.800000,16.50000,2.00000,0.000000,14
2.800000,17.50000,2.00000,0.000000,15
2.800000,18.50000,2.00000,-0.244979,16
2.800000,19.50000,1.75000,-0.244979,17
2.800000,20.50000,1.50000,-0.463648,18
2.800000,21.50000,1.00000,-0.463648,19
2.800000,22.50000,0.50000,-0.463648,20
2.800000,23.50000,0.00000,-0.244979,21
2.800000,24.50000,-0.25000,-0.244979,22
2.800000,25.50000,-0.50000,-0.463648,23
2.800000,26.50000,-1.00000,-0.244979,24
2.800000,27.50000,-1.25000,-0.244979,25
2.800000,28.50000,-1.50000,0.000000,26
2.800000,29.50000,-1.50000,0.000000,27
2.800000,30.50000,-1.50000,0.000000,28
2.800000,31.50000,-1.50000,0.000000,29
2.800000,32.50000,-1.50000,0.000000,30
2.900000,2.89551,0.18608,0.057812,0
2.900000,4.00000,0.25000,0.000000,1
2.900000,5.00000,0.25000,0.000000,2
2.900000,6.00000,0.25000,0.000000,3
2.900000,7.00000,0.25000,0.000000,4
2.900000,8.00000,0.25000,0.000000,5
2.900000,9.00000,0.25000,0.000000,6
2.900000,10.00000,0.25000,0.000000,7
2.900000,11.00000,0.25000,0.244979,8
2.900000,12.00000,0.50000,0.244979,9
2.900000,13.00000,0.75000,0.244979,10
2.900000,14.00000,1.00000,0.463648,11
2.900000,15.00000,1.50000,0.463648,12
2.900000,16.00000,2.00000,0.000000,13
2.900000,17.00000,2.00000,0.000000,14
2.900000,18.00000,2.00000,-0.244979,15
2.900000,19.00000,1.75000,-0.244979,16
2.900000,20.00000,1.50000,-0.244979,17
2.900000,21.00000,1.25000,-0.463648,18
2.900000,22.00000,0.75000,-0.463648,19
2.900000,23.00000,0.25000,-0.244979,20
2.900000,24.00000,0.00000,-0.244979,21
2.900000,25.00000,-0.25000,-0.463648,22
2.900000,26.00000,-0.75000,-0.463648,23
2.900000,27.00000,-1.25000,-0.244979,24
2.900000,28.00000,-1.50000,0.000000,25
2.900000,29.00000,-1.50000,0.000000,26
2.900000,30.00000,-1.50000,0.000000,27
2.900000,31.00000,-1.50000,0.244979,28
2.900000,32.00000,-1.25000,0.000000,29
2.900000,33.00000,-1.25000,0.000000,30
3.000000,3.15976,0.24622,0.004495,0
3.000000,4.00000,0.25000,0.000000,1
3.000000,5.00000,0.25000,0.000000,2
3.000000,6.00000,0.25000,0.000000,3
3.000000,7.00000,0.25000,0.000000,4
3.000000,8.00000,0.25000,0.000000,5
3.000000,9.00000,0.25000,0.000000,6
3.000000,10.00000,0.25000,0.000000,7
3.000000,11.00000,0.25000,0.244979,8
3.000000,12.00000,0.50000,0.244979,9
3.000000,13.00000,0.75000,0.244979,10
3.000000,14.00000,1.00000,0.463648,11
3.000000,15.00000,1.50000,0.463648,12
3.000000,16.00000,2.00000,0.000000,13
3.000000,17.00000,2.00000,0.000000,14
3.000000,18.00000,2.00000,0.000000,15
3.000000,19.00000,2.00000,-0.244979,16
3.000000,20.00000,1.75000,-0.463648,17
3.000000,21.00000,1.25000,-0.463648,18
3.000000,22.00000,0.75000,-0.463648,19
3.000000,23.00000,0.25000,-0.244979,20
3.000000,24.00000,0.00000,-0.244979,21
3.000000,25.00000,-0.25000,-0.463648,22
3.000000,26.00000,-0.75000,-0.463648,23
3.000000,27.00000,-1.25000,-0.244979,24
3.000000,28.00000,-1.50000,0.000000,25
3.000000,29.00000,-1.50000,0.000000,26
3.000000,30.00000,-1.50000,0.000000,27
3.000000,31.00000,-1.50000,0.244979,28
3.000000,32.00000,-1.25000,0.000000,29
3.000000,33.00000,-1.25000,0.000000,30
3.100000,3.42703,0.24262,0.006879,0
3.100000,4.50000,0.25000,0.000000,1
3.100000,5.50000,0.25000,0.000000,2
3.100000,6.50000,0.25000,0.000000,3
3.100000,7.50000,0.25000,0.000000,4
3.100000,8.50000,0.25000,0.000000,5
3.100000,9.50000,0.25000,0.000000,6
3.100000,10.50000,0.25000,0.000000,7
3.100000,11.50000,0.25000,0.244979,8
3.100000,12.50000,0.50000,0.244979,9
3.100000,13.50000,0.75000,0.244979,10
3.100000,14.50000,1.00000,0.463648,11
3.100000,15.50000,1.50000,0.463648,12
3.100000,16.50000,2.00000,0.000000,13
3.100000,17.50000,2.00000,0.000000,14
3.100000,18.50000,2.00000,-0.244979,15
3.100000,19.50000,1.75000,-0.244979,16
3.100000,20.50000,1.50000,-0.463648,17
3.100000,21.50000,1.00000,-0.463648,18
3.100000,22.50000,0.50000,-0.463648,19
3.100000,23.50000,0.00000,-0.244979,20
3.100000,24.50000,-0.25000,-0.463648,21
3.100000,25.50000,-0.75000,-0.463648,22
3.100000,26.50000,-1.25000,-0.244979,23
3.100000,27.50000,-1.50000,0.000000,24
3.100000,28.50000,-1.50000,0.000000,25
3.100000,29.50000,-1.50000,0.000000,26
3.100000,30.50000,-1.50000,0.000000,27
3.100000,31.50000,-1.50000,0.244979,28
3.100000,32.50000,-1.25000,0.000000,29
3.100000,33.50000,-1.25000,0.000000,30
3.200000,3.77585,0.28176,-0.025936,0
3.200000,5.00000,0.25000,0.000000,1
3.200000,6.00000,0.25000,0.000000,2
3.200000,7.00000,0.25000,0.000000,3
3.200000,8.00000,0.25000,0.000000,4
3.200000,9.00000,0.25000,0.000000,5
3.200000,10.00000,0.25000,0.000000,6
3.200000,11.00000,0.25000,0.244979,7
3.200000,12.00000,0.50000,0.244979,8
3.200000,13.00000,0.75000,0.244979,9
3.200000,14.00000,1.00000,0.463648,10
3.200000,15.00000,1.50000,0.463648,11
3.200000,16.00000,2.00000,0.000000,12
3.200000,17.00000,2.00000,0.000000,13
3.200000,18.00000,2.00000,0.000000,14
3.200000,19.00000,2.00000,-0.244979,15
3.200000,20.00000,1.75000,-0.463648,16
3.200000,21.00000,1.25000,-0.463648,17
3.200000,22.00000,0.75000,-0.463648,18
3.200000,23.00000,0.25000,-0.244979,19
3.200000,24.00000,0.00000,-0.244979,20
3.200000,25.00000,-0.25000,-0.463648,21
3.200000,26.00000,-0.75000,-0.463648,22
3.200000,27.00000,-1.25000,-0.244979,23
3.200000,28.00000,-1.50000,0.000000,24
3.200000,29.00000,-1.50000,0.000000,25
3.200000,30.00000,-1.50000,0.000000,26
3.200000,31.00000,-1.50000,0.244979,27
3.200000,32.00000,-1.25000,0.000000,28
3.200000,33.00000,-1.25000,0.000000,29
3.200000,34.00000,-1.25000,0.000000,30
3.300000,4.03439,0.29579,-0.047382,0
3.300000,5.00000,0.25000,0.000000,1
3.300000,6.00000,0.25000,0.000000,2
3.300000,7.00000,0.25000,0.000000,3
3.300000,8.00000,0.25000,0.000000,4
3.300000,9.00000,0.25000,0.000000,5
3.300000,10.00000,0.25000,0.000000,6
3.300000,11.00000,0.25000,0.244979,7
3.300000,12.00000,0.50000,0.244979,8
3.300000,13.00000,0.75000,0.244979,9
3.300000,14.00000,1.00000,0.463648,10
3.300000,15.00000,1.50000,0.463648,11
3.300000,16.00000,2.00000,0.000000,12
3.300000,17.00000,2.00000,0.000000,13
3.300000,18.00000,2.00000,-0.244979,14
3.300000,19.00000,1.75000,-0.244979,15
3.300000,20.00000,1.50000,-0.244979,16
3.300000,21.00000,1.25000,-0.463648,17
3.300000,22.00000,0.75000,-0.463648,18
3.300000,23.00000,0.25000,-0.244979,19
3.300000,24.00000,0.00000,-0.244979,20
3.300000,25.00000,-0.25000,-0.463648,21
3.300000,26.00000,-0.75000,-0.463648,22
3.300000,27.00000,-1.25000,-0.244979,23
3.300000,28.00000,-1.50000,0.000000,24
3.300000,29.00000,-1.50000,0.000000,25
3.300000,30.00000,-1.50000,0.000000,26
3.300000,31.00000,-1.50000,0.244979,27
3.300000,32.00000,-1.25000,0.000000,28
3.300000,33.00000,-1.25000,0.000000,29
3.300000,34.00000,-1.25000,0.000000,30
3.400000,4.38584,0.26181,-0.010603,0
3.400000,5.50000,0.25000,0.000000,1
3.400000,6.50000,0.25000,0.000000,2
3.400000,7.50000,0.25000,0.000000,3
3.400000,8.50000,0.25000,0.000000,4
3.400000,9.50000,0.25000,0.000000,5
3.400000,10.50000,0.25000,0.000000,6
3.400000,11.50000,0.25000,0.244979,7
3.400000,12.50000,0.50000,0.244979,8
3.400000,13.50000,0.75000,0.244979,9
3.400000,14.50000,1.00000,0.463648,10
3.400000,15.50000,1.50000,0.463648,11
3.400000,16.50000,2.00000,0.000000,12
3.400000,17.50000,2.00000,0.000000,13
3.400000,18.50000,2.00000,-0.244979,14
3.400000,19.50000,1.75000,-0.244979,15
3.400000,20.50000,1.50000,-0.463648,16
3.400000,21.50000,1.00000,-0.463648,17
3.400000,22.50000,0.50000,-0.463648,18
3.400000,23.50000,0.00000,-0.244979,19
3.400000,24.50000,-0.25000,-0.463648,20
3.400000,25.50000,-0.75000,-0.463648,21
3.400000,26.50000,-1.25000,-0.244979,22
3.400000,27.50000,-1.50000,0.000000,23
3.400000,28.50000,-1.50000,0.000000,24
3.400000,29.50000,-1.50000,0.000000,25
3.400000,30.50000,-1.50000,0.244979,26
3.400000,31.50000,-1.25000,0.244979,27
3.400000,32.50000,-1.00000,0.000000,28
3.400000,33.50000,-1.00000,0.000000,29
3.400000,34.50000,-1.00000,0.000000,30
3.500000,4.68485,0.26424,-0.017462,0
3.500000,5.50000,0.25000,0.000000,1
3.500000,6.50000,0.25000,0.000000,2
3.500000,7.50000,0.25000,0.000000,3
3.500000,8.50000,0.25000,0.000000,4
3.500000,9.50000,0.25000,0.000000,5
3.500000,10.50000,0.25000,0.000000,6
3.500000,11.50000,0.25000,0.244979,7
3.500000,12.50000,0.50000,0.244979,8
3.500000,13.50000,0.75000,0.244979,9
3.500000,14.50000,1.00000,0.463648,10
3.500000,15.50000,1.50000,0.463648,11
3.500000,16.50000,2.00000,0.000000,12
3.500000,17.50000,2.00000,0.000000,13
3.500000,18.50000,2.00000,-0.244979,14
3.500000,19.50000,1.75000,-0.244979,15
3.500000,20.50000,1.50000,-0.463648,16
3.500000,21.50000,1.00000,-0.463648,17
3.500000,22.50000,0.50000,-0.463648,18
3.500000,23.50000,0.00000,-0.244979,19
3.500000,24.50000,-0.25000,-0.463648,20
3.500000,25.50000,-0.75000,-0.463648,21
3.500000,26.50000,-1.25000,-0.244979,22
3.500000,27.50000,-1.50000,0.000000,23
3.500000,28.50000,-1.50000,0.000000,24
3.500000,29.50000,-1.50000,0.000000,25
3.500000,30.50000,-1.50000,0.244979,26
3.500000,31.50000,-1.25000,0.244979,27
3.500000,32.50000,-1.00000,0.000000,28
3.500000,33.50000,-1.00000,0.000000,29
3.500000,34.50000,-1.00000,0.000000,30
3.600000,5.18374,0.27648,-0.032433,0
3.600000,6.00000,0.25000,0.000000,1
3.600000,7.00000,0.25000,0.000000,2
3.600000,8.00000,0.25000,0.000000,3
3.600000,9.00000,0.25000,0.000000,4
3.600000,10.00000,0.25000,0.000000,5
3.600000,11.00000,0.25000,0.244979,6
3.600000,12.00000,0.50000,0.244979,7
3.600000,13.00000,0.75000,0.244979,8
3.600000,14.00000,1.00000,0.463648,9
3.600000,15.00000,1.50000,0.463648,10
3.600000,16.00000,2.00000,0.000000,11
3.600000,17.00000,2.00000,0.000000,12
3.600000,18.00000,2.00000,0.000000,13
3.600000,19.00000,2.00000,-0.244979,14
3.600000,20.00000,1.75000,-0.463648,15
3.600000,21.00000,1.25000,-0.463648,16
3.600000,22.00000,0.75000,-0.463648,17
3.600000,23.00000,0.25000,-0.244979,18
3.600000,24.00000,0.00000,-0.244979,19
3.600000,25.00000,-0.25000,-0.463648,20
3.600000,26.00000,-0.75000,-0.463648,21
3.600000,27.00000,-1.25000,-0.244979,22
3.600000,28.00000,-1.50000,0.000000,23
3.600000,29.00000,-1.50000,0.000000,24
3.600000,30.00000,-1.50000,0.000000,25
3.600000,31.00000,-1.50000,0.244979,26
3.600000,32.00000,-1.25000,0.244979,27
3.600000,33.00000,-1.00000,0.000000,28
3.600000,34.00000,-1.00000,0.000000,29
3.600000,35.00000,-1.00000,0.000000,30
3.700000,5.35954,0.26500,-0.013156,0
3.700000,6.50000,0.25000,0.000000,1
3.700000,7.50000,0.25000,0.000000,2
3.700000,8.50000,0.25000,0.000000,3
3.700000,9.50000,0.25000,0.000000,4
3.700000,10.50000,0.25000,0.000000,5
3.700000,11.50000,0.25000,0.244979,6
3.700000,12.50000,0.50000,0.244979,7
3.700000,13.50000,0.75000,0.244979,8
3.700000,14.50000,1.00000,0.463648,9
3.700000,15.50000,1.50000,0.463648,10
3.700000,16.50000,2.00000,0.000000,11
3.700000,17.50000,2.00000,0.000000,12
3.700000,18.50000,2.00000,-0.244979,13
3.700000,19.50000,1.75000,-0.244979,14
3.700000,20.50000,1.50000,-0.463648,15
3.700000,21.50000,1.00000,-0.463648,16
3.700000,22.50000,0.50000,-0.463648,17
3.700000,23.50000,0.00000,-0.244979,18
3.700000,24.50000,-0.25000,-0.244979,19
3.700000,25.50000,-0.50000,-0.463648,20
3.700000,26.50000,-1.00000,-0.244979,21
3.700000,27.50000,-1.25000,-0.244979,22
3.700000,28.50000,-1.50000,0.000000,23
3.700000,29.50000,-1.50000,0.000000,24
3.700000,30.50000,-1.50000,0.244979,25
3.700000,31.50000,-1.25000,0.244979,26
3.700000,32.50000,-1.00000,0.244979,27
3.700000,33.50000,-0.75000,0.000000,28
3.700000,34.50000,-0.75000,0.000000,29
3.700000,35.50000,-0.75000,0.000000,30
3.800000,5.68921,0.21316,0.045410,0
3.800000,6.50000,0.25000,0.000000,1
3.800000,7.50000,0.25000,0.000000,2
3.800000,8.50000,0.25000,0.000000,3
3.800000,9.50000,0.25000,0.000000,4
3.800000,10.50000,0.25000,0.000000,5
3.800000,11.50000,0.25000,0.244979,6
3.800000,12.50000,0.50000,0.244979,7
3.800000,13.50000,0.75000,0.244979,8
3.800000,14.50000,1.00000,0.463648,9
3.800000,15.50000,1.50000,0.463648,10
3.800000,16.50000,2.00000,0.000000,11
3.800000,17.50000,2.00000,0.000000,12
3.800000,18.50000,2.00000,-0.244979,13
3.800000,19.50000,1.75000,-0.244979,14
3.800000,20.50000,1.50000,-0.463648,15
3.800000,21.50000,1.00000,-0.463648,16
3.800000,22.50000,0.50000,-0.463648,17
3.800000,23.50000,0.00000,-0.244979,18
3.800000,24.50000,-0.25000,-0.463648,19
3.800000,25.50000,-0.75000,-0.463648,20
3.800000,26.50000,-1.25000,-0.244979,21
3.800000,27.50000,-1.50000,0.000000,22
3.800000,28.50000,-1.50000,0.000000,23
3.800000,29.50000,-1.50000,0.000000,24
3.800000,30.50000,-1.50000,0.244979,25
3.800000,31.50000,-1.25000,0.244979,26
3.800000,32.50000,-1.00000,0.244979,27
3.800000,33.50000,-0.75000,0.000000,28
3.800000,34.50000,-0.75000,0.000000,29
3.800000,35.50000,-0.75000,0.000000,30
3.900000,6.03261,0.18750,0.064520,0
3.900000,7.00000,0.25000,0.000000,1
3.900000,8.00000,0.25000,0.000000,2
3.900000,9.00000,0.25000,0.000000,3
3.900000,10.00000,0.25000,0.000000,4
3.900000,11.00000,0.25000,0.244979,5
3.900000,12.00000,0.50000,0.244979,6
3.900000,13.00000,0.75000,0.244979,7
3.900000,14.00000,1.00000,0.463648,8
3.900000,15.00000,1.50000,0.463648,9
3.900000,16.00000,2.00000,0.000000,10
3.900000,17.00000,2.00000,0.000000,11
3.900000,18.00000,2.00000,0.000000,12
3.900000,19.00000,2.00000,-0.244979,13
3.900000,20.00000,1.75000,-0.463648,14
3.900000,21.00000,1.25000,-0.463648,15
3.900000,22.00000,0.75000,-0.463648,16
3.900000,23.00000,0.25000,-0.244979,17
3.900000,24.00000,0.00000,-0.244979,18
3.900000,25.00000,-0.25000,-0.463648,19
3.900000,26.00000,-0.75000,-0.463648,20
3.900000,27.00000,-1.25000,-0.244979,21
3.900000,28.00000,-1.50000,0.000000,22
3.900000,29.00000,-1.50000,0.000000,23
3.900000,30.00000,-1.50000,0.000000,24
3.900000,31.00000,-1.50000,0.463648,25
3.900000,32.00000,-1.00000,0.244979,26
3.900000,33.00000,-0.75000,0.000000,27
3.900000,34.00000,-0.75000,0.000000,28
3.900000,35.00000,-0.75000,0.000000,29
3.900000,36.00000,-0.75000,0.000000,30
4.000000,6.34421,0.16597,0.072579,0
4.000000,7.50000,0.25000,0.000000,1
4.000000,8.50000,0.25000,0.000000,2
4.000000,9.50000,0.25000,0.000000,3
4.000000,10.50000,0.25000,0.000000,4
4.000000,11.50000,0.25000,0.244979,5
4.000000,12.50000,0.50000,0.244979,6
4.000000,13.50000,0.75000,0.244979,7
4.000000,14.50000,1.00000,0.463648,8
4.000000,15.50000,1.50000,0.463648,9
4.000000,16.50000,2.00000,0.000000,10
4.000000,17.50000,2.00000,0.000000,11
4.000000,18.50000,2.00000,-0.244979,12
4.000000,19.50000,1.75000,-0.244979,13
4.000000,20.50000,1.50000,-0.463648,14
4.000000,21.50000,1.00000,-0.463648,15
4.000000,22.50000,0.50000,-0.463648,16
4.000000,23.50000,0.00000,-0.244979,17
4.000000,24.50000,-0.25000,-0.463648,18
4.000000,25.50000,-0.75000,-0.463648,19
4.000000,26.50000,-1.25000,-0.244979,20
4.000000,27.50000,-1.50000,0.000000,21
4.000000,28.50000,-1.50000,0.000000,22
4.000000,29.50000,-1.50000,0.000000,23
4.000000,30.50000,-1.50000,0.244979,24
4.000000,31.50000,-1.25000,0.244979,25
4.000000,32.50000,-1.00000,0.244979,26
4.000000,33.50000,-0.75000,0.000000,27
4.000000,34.50000,-0.75000,0.000000,28
4.000000,35.50000,-0.75000,0.000000,29
4.000000,36.50000,-0.75000,0.000000,30
4.100000,6.69580,0.11971,0.160614,0
4.100000,7.50000,0.25000,0.000000,1
4.100000,8.50000,0.25000,0.000000,2
4.100000,9.50000,0.25000,0.000000,3
4.100000,10.50000,0.25000,0.000000,4
4.100000,11.50000,0.25000,0.244979,5
4.100000,12.50000,0.50000,0.244979,6
4.100000,13.50000,0.75000,0.244979,7
4.100000,14.50000,1.00000,0.463648,8
4.100000,15.50000,1.50000,0.463648,9
4.100000,16.50000,2.00000,0.000000,10
4.100000,17.50000,2.00000,0.000000,11
4.100000,18.50000,2.00000,-0.244979,12
4.100000,19.50000,1.75000,-0.244979,13
4.100000,20.50000,1.50000,-0.463648,14
4.100000,21.50000,1.00000,-0.463648,15
4.100000,22.50000,0.50000,-0.463648,16
4.100000,23.50000,0.00000,-0.244979,17
4.100000,24.50000,-0.25000,-0.463648,18
4.100000,25.50000,-0.75000,-0.463648,19
4.100000,26.50000,-1.25000,-0.244979,20
4.100000,27.50000,-1.50000,0.000000,21
4.100000,28.50000,-1.50000,0.000000,22
4.100000,29.50000,-1.50000,0.000000,23
4.100000,30.50000,-1.50000,0.244979,24
4.100000,31.50000,-1.25000,0.244979,25
4.100000,32.50000,-1.00000,0.244979,26
4.100000,33.50000,-0.75000,0.000000,27
4.100000,34.50000,-0.75000,0.000000,28
4.100000,35.50000,-0.75000,0.000000,29
4.100000,36.50000,-0.75000,0.000000,30
4.200000,6.97512,0.11596,0.130051,0
4.200000,8.00000,0.25000,0.000000,1
4.200000,9.00000,0.25000,0.000000,2
4.200000,10.00000,0.25000,0.000000,3
4.200000,11.00000,0.25000,0.244979,4
4.200000,12.00000,0.50000,0.244979,5
4.200000,13.00000,0.75000,0.244979,6
4.200000,14.00000,1.00000,0.463648,7
4.200000,15.00000,1.50000,0.463648,8
4.200000,16.00000,2.00000,0.000000,9
4.200000,17.00000,2.00000,0.000000,10
4.200000,18.00000,2.00000,0.000000,11
4.200000,19.00000,2.00000,-0.244979,12
4.200000,20.00000,1.75000,-0.463648,13
4.200000,21.00000,1.25000,-0.463648,14
4.200000,22.00000,0.75000,-0.463648,15
4.200000,23.00000,0.25000,-0.244979,16
4.200000,24.00000,0.00000,-0.244979,17
4.200000,25.00000,-0.25000,-0.463648,18
4.200000,26.00000,-0.75000,-0.463648,19
4.200000,27.00000,-1.25000,-0.244979,20
4.200000,28.00000,-1.50000,0.000000,21
4.200000,29.00000,-1.50000,0.000000,22
4.200000,30.00000,-1.50000,0.000000,23
4.200000,31.00000,-1.50000,0.463648,24
4.200000,32.00000,-1.00000,0.244979,25
4.200000,33.00000,-0.75000,0.244979,26
4.200000,34.00000,-0.50000,0.000000,27
4.200000,35.00000,-0.50000,0.000000,28
4.200000,36.00000,-0.50000,0.000000,29
4.200000,37.00000,-0.50000,0.000000,30
4.304000,7.29624,0.07503,0.144341,0
4.304000,8.50000,0.25000,0.000000,1
4.304000,9.50000,0.25000,0.000000,2
4.304000,10.50000,0.25000,0.000000,3
4.304000,11.50000,0.25000,0.244979,4
4.304000,12.50000,0.50000,0.244979,5
4.304000,13.50000,0.75000,0.244979,6
4.304000,14.50000,1.00000,0.463648,7
4.304000,15.50000,1.50000,0.463648,8
4.304000,16.50000,2.00000,0.000000,9
4.304000,17.50000,2.00000,0.000000,10
4.304000,18.50000,2.00000,-0.244979,11
4.304000,19.50000,1.75000,-0.244979,12
4.304000,20.50000,1.50000,-0.463648,13
4.304000,21.50000,1.00000,-0.463648,14
4.304000,22.50000,0.50000,-0.463648,15
4.304000,23.50000,0.00000,-0.244979,16
4.304000,24.50000,-0.25000,-0.463648,17
4.304000,25.50000,-0.75000,-0.463648,18
4.304000,26.50000,-1.25000,-0.244979,19
4.304000,27.50000,-1.50000,0.000000,20
4.304000,28.50000,-1.50000,0.000000,21
4.304000,29.50000,-1.50000,0.000000,22
4.304000,30.50000,-1.50000,0.244979,23
4.304000,31.50000,-1.25000,0.244979,24
4.304000,32.50000,-1.00000,0.244979,25
4.304000,33.50000,-0.75000,0.244979,26
4.304000,34.50000,-0.50000,0.000000,27
4.304000,35.50000,-0.50000,0.000000,28
4.304000,36.50000,-0.50000,0.000000,29
4.304000,37.50000,-0.50000,0.000000,30
4.402000,7.67841,0.08732,0.195482,0
4.402000,8.50000,0.25000,0.000000,1
4.402000,9.50000,0.25000,0.000000,2
4.402000,10.50000,0.25000,0.000000,3
4.402000,11.50000,0.25000,0.244979,4
4.402000,12.50000,0.50000,0.244979,5
4.402000,13.50000,0.75000,0.244979,6
4.402000,14.50000,1.00000,0.463648,7
4.402000,15.50000,1.50000,0.463648,8
4.402000,16.50000,2.00000,0.000000,9
4.402000,17.50000,2.00000,0.000000,10
4.402000,18.50000,2.00000,-0.244979,11
4.402000,19.50000,1.75000,-0.244979,12
4.402000,20.50000,1.50000,-0.463648,13
4.402000,21.50000,1.00000,-0.463648,14
4.402000,22.50000,0.50000,-0.463648,15
4.402000,23.50000,0.00000,-0.244979,16
4.402000,24.50000,-0.25000,-0.463648,17
4.402000,25.50000,-0.75000,-0.463648,18
4.402000,26.50000,-1.25000,-0.244979,19
4.402000,27.50000,-1.50000,0.000000,20
4.402000,28.50000,-1.50000,0.000000,21
4.402000,29.50000,-1.50000,0.000000,22
4.402000,30.50000,-1.50000,0.244979,23
4.402000,31.50000,-1.25000,0.244979,24
4.402000,32.50000,-1.00000,0.244979,25
4.402000,33.50000,-0.75000,0.244979,26
4.402000,34.50000,-0.50000,0.000000,27
4.402000,35.50000,-0.50000,0.000000,28
4.402000,36.50000,-0.50000,0.000000,29
4.402000,37.50000,-0.50000,0.000000,30
4.500000,7.83645,0.05529,0.165802,0
4.500000,9.00000,0.25000,0.000000,1
4.500000,10.00000,0.25000,0.000000,2
4.500000,11.00000,0.25000,0.244979,3
4.500000,12.00000,0.50000,0.244979,4
4.500000,13.00000,0.75000,0.244979,5
4.500000,14.00000,1.00000,0.463648,6
4.500000,15.00000,1.50000,0.463648,7
4.500000,16.00000,2.00000,0.000000,8
4.500000,17.00000,2.00000,0.000000,9
4.500000,18.00000,2.00000,-0.244979,10
4.500000,19.00000,1.75000,-0.244979,11
4.500000,20.00000,1.50000,-0.244979,12
4.500000,21.00000,1.25000,-0.463648,13
4.500000,22.00000,0.75000,-0.463648,14
4.500000,23.00000,0.25000,-0.244979,15
4.500000,24.00000,0.00000,-0.244979,16
4.500000,25.00000,-0.25000,-0.463648,17
4.500000,26.00000,-0.75000,-0.463648,18
4.500000,27.00000,-1.25000,-0.244979,19
4.500000,28.00000,-1.50000,0.000000,20
4.500000,29.00000,-1.50000,0.000000,21
4.500000,30.00000,-1.50000,0.000000,22
4.500000,31.00000,-1.50000,0.463648,23
4.500000,32.00000,-1.00000,0.244979,24
4.500000,33.00000,-0.75000,0.244979,25
4.500000,34.00000,-0.50000,0.000000,26
4.500000,35.00000,-0.50000,0.000000,27
4.500000,36.00000,-0.50000,0.000000,28
4.500000,37.00000,-0.50000,0.000000,29
4.500000,38.00000,-0.50000,0.000000,30
4.600000,8.08674,0.09447,0.168687,0
4.600000,9.00000,0.25000,0.000000,1
4.600000,10.00000,0.25000,0.000000,2
4.600000,11.00000,0.25000,0.244979,3
4.600000,12.00000,0.50000,0.244979,4
4.600000,13.00000,0.75000,0.244979,5
4.600000,14.00000,1.00000,0.463648,6
4.600000,15.00000,1.50000,0.463648,7
4.600000,16.00000,2.00000,0.000000,8
4.600000,17.00000,2.00000,0.000000,9
4.600000,18.00000,2.00000,0.000000,10
4.600000,19.00000,2.00000,-0.244979,11
4.600000,20.00000,1.75000,-0.463648,12
4.600000,21.00000,1.25000,-0.463648,13
4.600000,22.00000,0.75000,-0.463648,14
4.600000,23.00000,0.25000,-0.244979,15
4.600000,24.00000,0.00000,-0.244979,16
4.600000,25.00000,-0.25000,-0.463648,17
4.600000,26.00000,-0.75000,-0.463648,18
4.600000,27.00000,-1.25000,-0.244979,19
4.600000,28.00000,-1.50000,0.000000,20
4.600000,29.00000,-1.50000,0.000000,21
4.600000,30.00000,-1.50000,0.000000,22
4.600000,31.00000,-1.50000,0.463648,23
4.600000,32.00000,-1.00000,0.244979,24
4.600000,33.00000,-0.75000,0.244979,25
4.600000,34.00000,-0.50000,0.000000,26
4.600000,35.00000,-0.50000,0.000000,27
4.600000,36.00000,-0.50000,0.000000,28
4.600000,37.00000,-0.50000,0.000000,29
4.600000,38.00000,-0.50000,0.000000,30
4.702000,8.35501,0.06194,0.162795,0
4.702000,9.50000,0.25000,0.000000,1
4.702000,10.50000,0.25000,0.000000,2
4.702000,11.50000,0.25000,0.244979,3
4.702000,12.50000,0.50000,0.244979,4
4.702000,13.50000,0.75000,0.244979,5
4.702000,14.50000,1.00000,0.463648,6
4.702000,15.50000,1.50000,0.463648,7
4.702000,16.50000,2.00000,0.000000,8
4.702000,17.50000,2.00000,0.000000,9
4.702000,18.50000,2.00000,-0.244979,10
4.702000,19.50000,1.75000,-0.244979,11
4.702000,20.50000,1.50000,-0.463648,12
4.702000,21.50000,1.00000,-0.463648,13
4.702000,22.50000,0.50000,-0.463648,14
4.702000,23.50000,0.00000,-0.244979,15
4.702000,24.50000,-0.25000,-0.463648,16
4.702000,25.50000,-0.75000,-0.463648,17
4.702000,26.50000,-1.25000,-0.244979,18
4.702000,27.50000,-1.50000,0.000000,19
4.702000,28.50000,-1.50000,0.000000,20
4.702000,29.50000,-1.50000,0.000000,21
4.702000,30.50000,-1.50000,0.244979,22
4.702000,31.50000,-1.25000,0.244979,23
4.702000,32.50000,-1.00000,0.244979,24
4.702000,33.50000,-0.75000,0.244979,25
4.702000,34.50000,-0.50000,0.000000,26
4.702000,35.50000,-0.50000,0.000000,27
4.702000,36.50000,-0.50000,0.000000,28
4.702000,37.50000,-0.50000,0.000000,29
4.702000,38.50000,-0.50000,0.000000,30
4.800000,8.57804,0.10845,0.152344,0
4.800000,9.50000,0.25000,0.000000,1
4.800000,10.50000,0.25000,0.000000,2
4.800000,11.50000,0.25000,0.244979,3
4.800000,12.50000,0.50000,0.244979,4
4.800000,13.50000,0.75000,0.244979,5
4.800000,14.50000,1.00000,0.463648,6
4.800000,15.50000,1.50000,0.463648,7
4.800000,16.50000,2.00000,0.000000,8
4.800000,17.50000,2.00000,0.000000,9
4.800000,18.50000,2.00000,-0.244979,10
4.800000,19.50000,1.75000,-0.244979,11
4.800000,20.50000,1.50000,-0.463648,12
4.800000,21.50000,1.00000,-0.463648,13
4.800000,22.50000,0.50000,-0.463648,14
4.800000,23.50000,0.00000,-0.244979,15
4.800000,24.50000,-0.25000,-0.244979,16
4.800000,25.50000,-0.50000,-0.463648,17
4.800000,26.50000,-1.00000,-0.244979,18
4.800000,27.50000,-1.25000,-0.244979,19
4.800000,28.50000,-1.50000,0.000000,20
4.800000,29.50000,-1.50000,0.000000,21
4.800000,30.50000,-1.50000,0.244979,22
4.800000,31.50000,-1.25000,0.244979,23
4.800000,32.50000,-1.00000,0.244979,24
4.800000,33.50000,-0.75000,0.244979,25
4.800000,34.50000,-0.50000,0.000000,26
4.800000,35.50000,-0.50000,0.000000,27
4.800000,36.50000,-0.50000,0.000000,28
4.800000,37.50000,-0.50000,0.000000,29
4.800000,38.50000,-0.50000,0.000000,30
4.900000,8.78542,0.10157,0.121604,0
4.900000,10.00000,0.25000,0.000000,1
4.900000,11.00000,0.25000,0.244979,2
4.900000,12.00000,0.50000,0.244979,3
4.900000,13.00000,0.75000,0.244979,4
4.900000,14.00000,1.00000,0.463648,5
4.900000,15.00000,1.50000,0.463648,6
4.900000,16.00000,2.00000,0.000000,7
4.900000,17.00000,2.00000,0.000000,8
4.900000,18.00000,2.00000,-0.244979,9
4.900000,19.00000,1.75000,-0.244979,10
4.900000,20.00000,1.50000,-0.244979,11
4.900000,21.00000,1.25000,-0.463648,12
4.900000,22.00000,0.75000,-0.463648,13
4.900000,23.00000,0.25000,-0.244979,14
4.900000,24.00000,0.00000,-0.244979,15
4.900000,25.00000,-0.25000,-0.463648,16
4.900000,26.00000,-0.75000,-0.463648,17
4.900000,27.00000,-1.25000,-0.244979,18
4.900000,28.00000,-1.50000,0.000000,19
4.900000,29.00000,-1.50000,0.000000,20
4.900000,30.00000,-1.50000,0.000000,21
4.900000,31.00000,-1.50000,0.463648,22
4.900000,32.00000,-1.00000,0.244979,23
4.900000,33.00000,-0.75000,0.244979,24
4.900000,34.00000,-0.50000,0.000000,25
4.900000,35.00000,-0.50000,0.000000,26
4.900000,36.00000,-0.50000,0.000000,27
4.900000,37.00000,-0.50000,0.000000,28
4.900000,38.00000,-0.50000,0.000000,29
4.900000,39.00000,-0.50000,0.000000,30
5.000000,8.99172,0.10716,0.140730,0
5.000000,10.00000,0.25000,0.000000,1
5.000000,11.00000,0.25000,0.244979,2
5.000000,12.00000,0.50000,0.244979,3
5.000000,13.00000,0.75000,0.244979,4
5.000000,14.00000,1.00000,0.463648,5
5.000000,15.00000,1.50000,0.463648,6
5.000000,16.00000,2.00000,0.000000,7
5.000000,17.00000,2.00000,0.000000,8
5.000000,18.00000,2.00000,0.000000,9
5.000000,19.00000,2.00000,-0.244979,10
5.000000,20.00000,1.75000,-0.463648,11
5.000000,21.00000,1.25000,-0.463648,12
5.000000,22.00000,0.75000,-0.463648,13
5.000000,23.00000,0.25000,-0.244979,14
5.000000,24.00000,0.00000,-0.244979,15
5.000000,25.00000,-0.25000,-0.463648,16
5.000000,26.00000,-0.75000,-0.463648,17
5.000000,27.00000,-1.25000,-0.244979,18
5.000000,28.00000,-1.50000,0.000000,19
5.000000,29.00000,-1.50000,0.000000,20
5.000000,30.00000,-1.50000,0.000000,21
5.000000,31.00000,-1.50000,0.463648,22
5.000000,32.00000,-1.00000,0.244979,23
5.000000,33.00000,-0.75000,0.244979,24
5.000000,34.00000,-0.50000,0.000000,25
5.000000,35.00000,-0.50000,0.000000,26
5.000000,36.00000,-0.50000,0.000000,27
5.000000,37.00000,-0.50000,0.000000,28
5.000000,38.00000,-0.50000,0.000000,29
5.000000,39.00000,-0.50000,0.000000,30
5.100000,9.19928,0.13422,0.143598,0
5.100000,10.00000,0.25000,0.000000,1
5.100000,11.00000,0.25000,0.244979,2
5.100000,12.00000,0.50000,0.244979,3
5.100000,13.00000,0.75000,0.244979,4
5.100000,14.00000,1.00000,0.463648,5
5.100000,15.00000,1.50000,0.463648,6
5.100000,16.00000,2.00000,0.000000,7
5.100000,17.00000,2.00000,0.000000,8
5.100000,18.00000,2.00000,0.000000,9
5.100000,19.00000,2.00000,-0.244979,10
5.100000,20.00000,1.75000,-0.463648,11
5.100000,21.00000,1.25000,-0.463648,12
5.100000,22.00000,0.75000,-0.463648,13
5.100000,23.00000,0.25000,-0.244979,14
5.100000,24.00000,0.00000,-0.244979,15
5.100000,25.00000,-0.25000,-0.463648,16
5.100000,26.00000,-0.75000,-0.463648,17
5.100000,27.00000,-1.25000,-0.244979,18
5.100000,28.00000,-1.50000,0.000000,19
5.100000,29.00000,-1.50000,0.000000,20
5.100000,30.00000,-1.50000,0.000000,21
5.100000,31.00000,-1.50000,0.463648,22
5.100000,32.00000,-1.00000,0.244979,23
5.100000,33.00000,-0.75000,0.244979,24
5.100000,34.00000,-0.50000,0.000000,25
5.100000,35.00000,-0.50000,0.000000,26
5.100000,36.00000,-0.50000,0.000000,27
5.100000,37.00000,-0.50000,0.000000,28
5.100000,38.00000,-0.50000,0.000000,29
5.100000,39.00000,-0.50000,0.000000,30
5.200000,9.33624,0.10574,0.123327,0
5.200000,10.50000,0.25000,0.000000,1
5.200000,11.50000,0.25000,0.244979,2
5.200000,12.50000,0.50000,0.244979,3
5.200000,13.50000,0.75000,0.244979,4
5.200000,14.50000,1.00000,0.463648,5
5.200000,15.50000,1.50000,0.463648,6
5.200000,16.50000,2.00000,0.000000,7
5.200000,17.50000,2.00000,0.000000,8
5.200000,18.50000,2.00000,-0.244979,9
5.200000,19.50000,1.75000,-0.244979,10
5.200000,20.50000,1.50000,-0.463648,11
5.200000,21.50000,1.00000,-0.463648,12
5.200000,22.50000,0.50000,-0.463648,13
5.200000,23.50000,0.00000,-0.244979,14
5.200000,24.50000,-0.25000,-0.463648,15
5.200000,25.50000,-0.75000,-0.463648,16
5.200000,26.50000,-1.25000,-0.244979,17
5.200000,27.50000,-1.50000,0.000000,18
5.200000,28.50000,-1.50000,0.000000,19
5.200000,29.50000,-1.50000,0.000000,20
5.200000,30.50000,-1.50000,0.244979,21
5.200000,31.50000,-1.25000,0.244979,22
5.200000,32.50000,-1.00000,0.244979,23
5.200000,33.50000,-0.75000,0.244979,24
5.200000,34.50000,-0.50000,0.000000,25
5.200000,35.50000,-0.50000,0.000000,26
5.200000,36.50000,-0.50000,0.000000,27
5.200000,37.50000,-0.50000,0.000000,28
5.200000,38.50000,-0.50000,0.000000,29
5.200000,39.50000,-0.50000,0.000000,30
5.300000,9.50788,0.08941,0.160474,0
5.300000,10.50000,0.25000,0.000000,1
5.300000,11.50000,0.25000,0.244979,2
5.300000,12.50000,0.50000,0.244979,3
5.300000,13.50000,0.75000,0.244979,4
5.300000,14.50000,1.00000,0.463648,5
5.300000,15.50000,1.50000,0.463648,6
5.300000,16.50000,2.00000,0.000000,7
5.300000,17.50000,2.00000,0.000000,8
5.300000,18.50000,2.00000,-0.244979,9
5.300000,19.50000,1.75000,-0.244979,10
5.300000,20.50000,1.50000,-0.463648,11
5.300000,21.50000,1.00000,-0.463648,12
5.300000,22.50000,0.50000,-0.463648,13
5.300000,23.50000,0.00000,-0.244979,14
5.300000,24.50000,-0.25000,-0.463648,15
5.300000,25.50000,-0.75000,-0.463648,16
5.300000,26.50000,-1.25000,-0.244979,17
5.300000,27.50000,-1.50000,0.000000,18
5.300000,28.50000,-1.50000,0.000000,19
5.300000,29.50000,-1.50000,0.000000,20
5.300000,30.50000,-1.50000,0.244979,21
5.300000,31.50000,-1.25000,0.244979,22
5.300000,32.50000,-1.00000,0.244979,23
5.300000,33.50000,-0.75000,0.244979,24
5.300000,34.50000,-0.50000,0.000000,25
5.300000,35.50000,-0.50000,0.000000,26
5.300000,36.50000,-0.50000,0.000000,27
5.300000,37.50000,-0.50000,0.000000,28
5.300000,38.50000,-0.50000,0.000000,29
5.300000,39.50000,-0.50000,0.000000,30
5.400000,9.65295,0.11269,0.160702,0
5.400000,10.50000,0.25000,0.000000,1
5.400000,11.50000,0.25000,0.244979,2
5.400000,12.50000,0.50000,0.244979,3
5.400000,13.50000,0.75000,0.244979,4
5.400000,14.50000,1.00000,0.463648,5
5.400000,15.50000,1.50000,0.463648,6
5.400000,16.50000,2.00000,0.000000,7
5.400000,17.50000,2.00000,0.000000,8
5.400000,18.50000,2.00000,-0.244979,9
5.400000,19.50000,1.75000,-0.244979,10
5.400000,20.50000,1.50000,-0.463648,11
5.400000,21.50000,1.00000,-0.463648,12
5.400000,22.50000,0.50000,-0.463648,13
5.400000,23.50000,0.00000,-0.244979,14
5.400000,24.50000,-0.25000,-0.463648,15
5.400000,25.50000,-0.75000,-0.463648,16
5.400000,26.50000,-1.25000,-0.244979,17
5.400000,27.50000,-1.50000,0.000000,18
5.400000,28.50000,-1.50000,0.000000,19
5.400000,29.50000,-1.50000,0.000000,20
5.400000,30.50000,-1.50000,0.244979,21
5.400000,31.50000,-1.25000,0.244979,22
5.400000,32.50000,-1.00000,0.244979,23
5.400000,33.50000,-0.75000,0.244979,24
5.400000,34.50000,-0.50000,0.000000,25
5.400000,35.50000,-0.50000,0.000000,26
5.400000,36.50000,-0.50000,0.000000,27
5.400000,37.50000,-0.50000,0.000000,28
5.400000,38.50000,-0.50000,0.000000,29
5.400000,39.50000,-0.50000,0.000000,30
5.500000,9.80066,0.10173,0.320616,0
5.500000,11.00000,0.50000,0.000000,1
5.500000,12.00000,0.50000,0.244979,2
5.500000,13.00000,0.75000,0.244979,3
5.500000,14.00000,1.00000,0.463648,4
5.500000,15.00000,1.50000,0.463648,5
5.500000,16.00000,2.00000,0.000000,6
5.500000,17.00000,2.00000,0.000000,7
5.500000,18.00000,2.00000,0.000000,8
5.500000,19.00000,2.00000,-0.244979,9
5.500000,20.00000,1.75000,-0.463648,10
5.500000,21.00000,1.25000,-0.463648,11
5.500000,22.00000,0.75000,-0.463648,12
5.500000,23.00000,0.25000,-0.244979,13
5.500000,24.00000,0.00000,-0.244979,14
5.500000,25.00000,-0.25000,-0.463648,15
5.500000,26.00000,-0.75000,-0.463648,16
5.500000,27.00000,-1.25000,-0.244979,17
5.500000,28.00000,-1.50000,0.000000,18
5.500000,29.00000,-1.50000,0.000000,19
5.500000,30.00000,-1.50000,0.000000,20
5.500000,31.00000,-1.50000,0.463648,21
5.500000,32.00000,-1.00000,0.244979,22
5.500000,33.00000,-0.75000,0.244979,23
5.500000,34.00000,-0.50000,0.000000,24
5.500000,35.00000,-0.50000,0.000000,25
5.500000,36.00000,-0.50000,0.000000,26
5.500000,37.00000,-0.50000,0.000000,27
5.500000,38.00000,-0.50000,0.000000,28
5.500000,39.00000,-0.50000,0.000000,29
5.500000,40.00000,-0.50000,0.000000,30
5.600000,9.95262,0.07594,0.164682,0
5.600000,11.00000,0.25000,0.244979,1
5.600000,12.00000,0.50000,0.244979,2
5.600000,13.00000,0.75000,0.244979,3
5.600000,14.00000,1.00000,0.463648,4
5.600000,15.00000,1.50000,0.463648,5
5.600000,16.00000,2.00000,0.000000,6
5.600000,17.00000,2.00000,0.000000,7
5.600000,18.00000,2.00000,0.000000,8
5.600000,19.00000,2.00000,-0.244979,9
5.600000,20.00000,1.75000,-0.463648,10
5.600000,21.00000,1.25000,-0.463648,11
5.600000,22.00000,0.75000,-0.463648,12
5.600000,23.00000,0.25000,-0.244979,13
5.600000,24.00000,0.00000,-0.244979,14
5.600000,25.00000,-0.25000,-0.463648,15
5.600000,26.00000,-0.75000,-0.463648,16
5.600000,27.00000,-1.25000,-0.244979,17
5.600000,28.00000,-1.50000,0.000000,18
5.600000,29.00000,-1.50000,0.000000,19
5.600000,30.00000,-1.50000,0.000000,20
5.600000,31.00000,-1.50000,0.463648,21
5.600000,32.00000,-1.00000,0.244979,22
5.600000,33.00000,-0.75000,0.244979,23
5.600000,34.00000,-0.50000,0.000000,24
5.600000,35.00000,-0.50000,0.000000,25
5.600000,36.00000,-0.50000,0.000000,26
5.600000,37.00000,-0.50000,0.000000,27
5.600000,38.00000,-0.50000,0.000000,28
5.600000,39.00000,-0.50000,0.000000,29
5.600000,40.00000,-0.50000,0.000000,30
5.700000,10.08559,0.08768,0.175688,0
5.700000,11.00000,0.25000,0.244979,1
5.700000,12.00000,0.50000,0.244979,2
5.700000,13.00000,0.75000,0.244979,3
5.700000,14.00000,1.00000,0.463648,4
5.700000,15.00000,1.50000,0.463648,5
5.700000,16.00000,2.00000,0.000000,6
5.700000,17.00000,2.00000,0.000000,7
5.700000,18.00000,2.00000,-0.244979,8
5.700000,19.00000,1.75000,-0.244979,9
5.700000,20.00000,1.50000,-0.244979,10
5.700000,21.00000,1.25000,-0.463648,11
5.700000,22.00000,0.75000,-0.463648,12
5.700000,23.00000,0.25000,-0.244979,13
5.700000,24.00000,0.00000,-0.244979,14
5.700000,25.00000,-0.25000,-0.463648,15
5.700000,26.00000,-0.75000,-0.463648,16
5.700000,27.00000,-1.25000,-0.244979,17
5.700000,28.00000,-1.50000,0.000000,18
5.700000,29.00000,-1.50000,0.000000,19
5.700000,30.00000,-1.50000,0.000000,20
5.700000,31.00000,-1.50000,0.463648,21
5.700000,32.00000,-1.00000,0.244979,22
5.700000,33.00000,-0.75000,0.244979,23
5.700000,34.00000,-0.50000,0.000000,24
5.700000,35.00000,-0.50000,0.000000,25
5.700000,36.00000,-0.50000,0.000000,26
5.700000,37.00000,-0.50000,0.000000,27
5.700000,38.00000,-0.50000,0.000000,28
5.700000,39.00000,-0.50000,0.000000,29
5.700000,40.00000,-0.50000,0.000000,30
5.800000,10.16220,0.08885,0.190032,0
5.800000,11.00000,0.25000,0.244979,1
5.800000,12.00000,0.50000,0.244979,2
5.800000,13.00000,0.75000,0.244979,3
5.800000,14.00000,1.00000,0.463648,4
5.800000,15.00000,1.50000,0.463648,5
5.800000,16.00000,2.00000,0.000000,6
5.800000,17.00000,2.00000,0.000000,7
5.800000,18.00000,2.00000,0.000000,8
5.800000,19.00000,2.00000,-0.244979,9
5.800000,20.00000,1.75000,-0.463648,10
5.800000,21.00000,1.25000,-0.463648,11
5.800000,22.00000,0.75000,-0.463648,12
5.800000,23.00000,0.25000,-0.244979,13
5.800000,24.00000,0.00000,-0.244979,14
5.800000,25.00000,-0.25000,-0.463648,15
5.800000,26.00000,-0.75000,-0.463648,16
5.800000,27.00000,-1.25000,0.000000,17
5.800000,28.00000,-1.25000,0.000000,18
5.800000,29.00000,-1.25000,0.000000,19
5.800000,30.00000,-1.25000,0.000000,20
5.800000,31.00000,-1.25000,0.244979,21
5.800000,32.00000,-1.00000,0.244979,22
5.800000,33.00000,-0.75000,0.244979,23
5.800000,34.00000,-0.50000,0.000000,24
5.800000,35.00000,-0.50000,0.000000,25
5.800000,36.00000,-0.50000,0.000000,26
5.800000,37.00000,-0.50000,0.000000,27
5.800000,38.00000,-0.50000,0.000000,28
5.800000,39.00000,-0.50000,0.000000,29
5.800000,40.00000,-0.50000,0.000000,30
5.900000,10.26580,0.05723,0.154941,0
5.900000,11.50000,0.25000,0.244979,1
5.900000,12.50000,0.50000,0.244979,2
5.900000,13.50000,0.75000,0.244979,3
5.900000,14.50000,1.00000,0.463648,4
5.900000,15.50000,1.50000,0.463648,5
5.900000,16.50000,2.00000,0.000000,6
5.900000,17.50000,2.00000,0.000000,7
5.900000,18.50000,2.00000,-0.244979,8
5.900000,19.50000,1.75000,-0.244979,9
5.900000,20.50000,1.50000,-0.463648,10
5.900000,21.50000,1.00000,-0.463648,11
5.900000,22.50000,0.50000,-0.463648,12
5.900000,23.50000,0.00000,-0.244979,13
5.900000,24.50000,-0.25000,-0.463648,14
5.900000,25.50000,-0.75000,-0.463648,15
5.900000,26.50000,-1.25000,-0.244979,16
5.900000,27.50000,-1.50000,0.000000,17
5.900000,28.50000,-1.50000,0.000000,18
5.900000,29.50000,-1.50000,0.000000,19
5.900000,30.50000,-1.50000,0.244979,20
5.900000,31.50000,-1.25000,0.244979,21
5.900000,32.50000,-1.00000,0.244979,22
5.900000,33.50000,-0.75000,0.244979,23
5.900000,34.50000,-0.50000,0.000000,24
5.900000,35.50000,-0.50000,0.000000,25
5.900000,36.50000,-0.50000,0.000000,26
5.900000,37.50000,-0.50000,0.000000,27
5.900000,38.50000,-0.50000,0.000000,28
5.900000,39.50000,-0.50000,0.000000,29
5.900000,40.50000,-0.50000,0.000000,30
6.000000,10.40365,0.06605,0.166232,0
6.000000,11.50000,0.25000,0.244979,1
6.000000,12.50000,0.50000,0.244979,2
6.000000,13.50000,0.75000,0.244979,3
6.000000,14.50000,1.00000,0.463648,4
6.000000,15.50000,1.50000,0.463648,5
6.000000,16.50000,2.00000,0.000000,6
6.000000,17.50000,2.00000,0.000000,7
6.000000,18.50000,2.00000,-0.244979,8
6.000000,19.50000,1.75000,-0.244979,9
6.000000,20.50000,1.50000,-0.463648,10
6.000000,21.50000,1.00000,-0.463648,11
6.000000,22.50000,0.50000,-0.463648,12
6.000000,23.50000,0.00000,-0.244979,13
6.000000,24.50000,-0.25000,-0.463648,14
6.000000,25.50000,-0.75000,-0.463648,15
6.000000,26.50000,-1.25000,-0.244979,16
6.000000,27.50000,-1.50000,0.000000,17
6.000000,28.50000,-1.50000,0.000000,18
6.000000,29.50000,-1.50000,0.000000,19
6.000000,30.50000,-1.50000,0.244979,20
6.000000,31.50000,-1.25000,0.244979,21
6.000000,32.50000,-1.00000,0.244979,22
6.000000,33.50000,-0.75000,0.244979,23
6.000000,34.50000,-0.50000,0.000000,24
6.000000,35.50000,-0.50000,0.000000,25
6.000000,36.50000,-0.50000,0.000000,26
6.000000,37.50000,-0.50000,0.000000,27
6.000000,38.50000,-0.50000,0.000000,28
6.000000,39.50000,-0.50000,0.000000,29
6.000000,40.50000,-0.50000,0.000000,30
6.100000,10.47976,0.07288,0.171889,0
6.100000,11.50000,0.25000,0.244979,1
6.100000,12.50000,0.50000,0.244979,2
6.100000,13.50000,0.75000,0.244979,3
6.100000,14.50000,1.00000,0.463648,4
6.100000,15.50000,1.50000,0.463648,5
6.100000,16.50000,2.00000,0.000000,6
6.100000,17.50000,2.00000,0.000000,7
6.100000,18.50000,2.00000,-0.244979,8
6.100000,19.50000,1.75000,-0.244979,9
6.100000,20.50000,1.50000,-0.463648,10
6.100000,21.50000,1.00000,-0.463648,11
6.100000,22.50000,0.50000,-0.463648,12
6.100000,23.50000,0.00000,-0.244979,13
6.100000,24.50000,-0.25000,-0.463648,14
6.100000,25.50000,-0.75000,-0.463648,15
6.100000,26.50000,-1.25000,-0.244979,16
6.100000,27.50000,-1.50000,0.000000,17
6.100000,28.50000,-1.50000,0.000000,18
6.100000,29.50000,-1.50000,0.000000,19
6.100000,30.50000,-1.50000,0.244979,20
6.100000,31.50000,-1.25000,0.244979,21
6.100000,32.50000,-1.00000,0.244979,22
6.100000,33.50000,-0.75000,0.244979,23
6.100000,34.50000,-0.50000,0.000000,24
6.100000,35.50000,-0.50000,0.000000,25
6.100000,36.50000,-0.50000,0.000000,26
6.100000,37.50000,-0.50000,0.000000,27
6.100000,38.50000,-0.50000,0.000000,28
6.100000,39.50000,-0.50000,0.000000,29
6.100000,40.50000,-0.50000,0.000000,30
6.200000,10.58864,0.08411,0.180052,0
6.200000,11.50000,0.25000,0.244979,1
6.200000,12.50000,0.50000,0.244979,2
6.200000,13.50000,0.75000,0.244979,3
6.200000,14.50000,1.00000,0.463648,4
6.200000,15.50000,1.50000,0.463648,5
6.200000,16.50000,2.00000,0.000000,6
6.200000,17.50000,2.00000,0.000000,7
6.200000,18.50000,2.00000,-0.244979,8
6.200000,19.50000,1.75000,-0.244979,9
6.200000,20.50000,1.50000,-0.463648,10
6.200000,21.50000,1.00000,-0.463648,11
6.200000,22.50000,0.50000,-0.463648,12
6.200000,23.50000,0.00000,-0.244979,13
6.200000,24.50000,-0.25000,-0.463648,14
6.200000,25.50000,-0.75000,-0.463648,15
6.200000,26.50000,-1.25000,-0.244979,16
6.200000,27.50000,-1.50000,0.000000,17
6.200000,28.50000,-1.50000,0.000000,18
6.200000,29.50000,-1.50000,0.000000,19
6.200000,30.50000,-1.50000,0.244979,20
6.200000,31.50000,-1.25000,0.244979,21
6.200000,32.50000,-1.00000,0.244979,22
6.200000,33.50000,-0.75000,0.244979,23
6.200000,34.50000,-0.50000,0.000000,24
6.200000,35.50000,-0.50000,0.000000,25
6.200000,36.50000,-0.50000,0.000000,26
6.200000,37.50000,-0.50000,0.000000,27
6.200000,38.50000,-0.50000,0.000000,28
6.200000,39.50000,-0.50000,0.000000,29
6.200000,40.50000,-0.50000,0.000000,30
6.300000,10.68843,0.12392,0.433943,0
6.300000,11.50000,0.50000,0.000000,1
6.300000,12.50000,0.50000,0.244979,2
6.300000,13.50000,0.75000,0.244979,3
6.300000,14.50000,1.00000,0.463648,4
6.300000,15.50000,1.50000,0.463648,5
6.300000,16.50000,2.00000,0.000000,6
6.300000,17.50000,2.00000,0.000000,7
6.300000,18.50000,2.00000,-0.244979,8
6.300000,19.50000,1.75000,-0.244979,9
6.300000,20.50000,1.50000,-0.463648,10
6.300000,21.50000,1.00000,-0.463648,11
6.300000,22.50000,0.50000,-0.463648,12
6.300000,23.50000,0.00000,-0.244979,13
6.300000,24.50000,-0.25000,-0.463648,14
6.300000,25.50000,-0.75000,-0.463648,15
6.300000,26.50000,-1.25000,-0.244979,16
6.300000,27.50000,-1.50000,0.000000,17
6.300000,28.50000,-1.50000,0.000000,18
6.300000,29.50000,-1.50000,0.000000,19
6.300000,30.50000,-1.50000,0.244979,20
6.300000,31.50000,-1.25000,0.244979,21
6.300000,32.50000,-1.00000,0.244979,22
6.300000,33.50000,-0.75000,0.244979,23
6.300000,34.50000,-0.50000,0.000000,24
6.300000,35.50000,-0.50000,0.000000,25
6.300000,36.50000,-0.50000,0.000000,26
6.300000,37.50000,-0.50000,0.000000,27
6.300000,38.50000,-0.50000,0.000000,28
6.300000,39.50000,-0.50000,0.000000,29
6.300000,40.50000,-0.50000,0.000000,30
6.400000,10.81172,0.17213,0.269225,0
6.400000,12.00000,0.50000,0.244979,1
6.400000,13.00000,0.75000,0.244979,2
6.400000,14.00000,1.00000,0.463648,3
6.400000,15.00000,1.50000,0.463648,4
6.400000,16.00000,2.00000,0.000000,5
6.400000,17.00000,2.00000,0.000000,6
6.400000,18.00000,2.00000,0.000000,7
6.400000,19.00000,2.00000,-0.244979,8
6.400000,20.00000,1.75000,-0.463648,9
6.400000,21.00000,1.25000,-0.463648,10
6.400000,22.00000,0.75000,-0.463648,11
6.400000,23.00000,0.25000,-0.244979,12
6.400000,24.00000,0.00000,-0.244979,13
6.400000,25.00000,-0.25000,-0.463648,14
6.400000,26.00000,-0.75000,-0.463648,15
6.400000,27.00000,-1.25000,-0.244979,16
6.400000,28.00000,-1.50000,0.000000,17
6.400000,29.00000,-1.50000,0.000000,18
6.400000,30.00000,-1.50000,0.000000,19
6.400000,31.00000,-1.50000,0.463648,20
6.400000,32.00000,-1.00000,0.244979,21
6.400000,33.00000,-0.75000,0.244979,22
6.400000,34.00000,-0.50000,0.244979,23
6.400000,35.00000,-0.25000,0.000000,24
6.400000,36.00000,-0.25000,0.000000,25
6.400000,37.00000,-0.25000,0.000000,26
6.400000,38.00000,-0.25000,0.000000,27
6.400000,39.00000,-0.25000,0.000000,28
6.400000,40.00000,-0.25000,0.000000,29
6.400000,41.00000,-0.25000,0.000000,30
6.500000,10.91543,0.18062,0.286377,0
6.500000,12.00000,0.50000,0.244979,1
6.500000,13.00000,0.75000,0.244979,2
6.500000,14.00000,1.00000,0.463648,3
6.500000,15.00000,1.50000,0.463648,4
6.500000,16.00000,2.00000,0.000000,5
6.500000,17.00000,2.00000,0.000000,6
6.500000,18.00000,2.00000,0.000000,7
6.500000,19.00000,2.00000,-0.244979,8
6.500000,20.00000,1.75000,-0.463648,9
6.500000,21.00000,1.25000,-0.463648,10
6.500000,22.00000,0.75000,-0.463648,11
6.500000,23.00000,0.25000,-0.244979,12
6.500000,24.00000,0.00000,-0.244979,13
6.500000,25.00000,-0.25000,-0.463648,14
6.500000,26.00000,-0.75000,-0.463648,15
6.500000,27.00000,-1.25000,-0.244979,16
6.500000,28.00000,-1.50000,0.000000,17
6.500000,29.00000,-1.50000,0.000000,18
6.500000,30.00000,-1.50000,0.000000,19
6.500000,31.00000,-1.50000,0.463648,20
6.500000,32.00000,-1.00000,0.244979,21
6.500000,33.00000,-0.75000,0.244979,22
6.500000,34.00000,-0.50000,0.244979,23
6.500000,35.00000,-0.25000,0.000000,24
6.500000,36.00000,-0.25000,0.000000,25
6.500000,37.00000,-0.25000,0.000000,26
6.500000,38.00000,-0.25000,0.000000,27
6.500000,39.00000,-0.25000,0.000000,28
6.500000,40.00000,-0.25000,0.000000,29
6.500000,41.00000,-0.25000,0.000000,30
6.600000,11.03472,0.21699,0.285198,0
6.600000,12.00000,0.50000,0.244979,1
6.600000,13.00000,0.75000,0.244979,2
6.600000,14.00000,1.00000,0.463648,3
6.600000,15.00000,1.50000,0.463648,4
6.600000,16.00000,2.00000,0.000000,5
6.600000,17.00000,2.00000,0.000000,6
6.600000,18.00000,2.00000,0.000000,7
6.600000,19.00000,2.00000,-0.244979,8
6.600000,20.00000,1.75000,-0.463648,9
6.600000,21.00000,1.25000,-0.463648,10
6.600000,22.00000,0.75000,-0.463648,11
6.600000,23.00000,0.25000,-0.244979,12
6.600000,24.00000,0.00000,-0.244979,13
6.600000,25.00000,-0.25000,-0.463648,14
6.600000,26.00000,-0.75000,-0.463648,15
6.600000,27.00000,-1.25000,-0.244979,16
6.600000,28.00000,-1.50000,0.000000,17
6.600000,29.00000,-1.50000,0.000000,18
6.600000,30.00000,-1.50000,0.000000,19
6.600000,31.00000,-1.50000,0.463648,20
6.600000,32.00000,-1.00000,0.244979,21
6.600000,33.00000,-0.75000,0.244979,22
6.600000,34.00000,-0.50000,0.244979,23
6.600000,35.00000,-0.25000,0.000000,24
6.600000,36.00000,-0.25000,0.000000,25
6.600000,37.00000,-0.25000,0.000000,26
6.600000,38.00000,-0.25000,0.000000,27
6.600000,39.00000,-0.25000,0.000000,28
6.600000,40.00000,-0.25000,0.000000,29
6.600000,41.00000,-0.25000,0.000000,30
6.700000,11.14081,0.26526,0.266700,0
6.700000,12.00000,0.50000,0.244979,1
6.700000,13.00000,0.75000,0.244979,2
6.700000,14.00000,1.00000,0.463648,3
6.700000,15.00000,1.50000,0.463648,4
6.700000,16.00000,2.00000,0.000000,5
6.700000,17.00000,2.00000,0.000000,6
6.700000,18.00000,2.00000,0.000000,7
6.700000,19.00000,2.00000,-0.244979,8
6.700000,20.00000,1.75000,-0.463648,9
6.700000,21.00000,1.25000,-0.463648,10
6.700000,22.00000,0.75000,-0.463648,11
6.700000,23.00000,0.25000,-0.244979,12
6.700000,24.00000,0.00000,-0.244979,13
6.700000,25.00000,-0.25000,-0.463648,14
6.700000,26.00000,-0.75000,-0.463648,15
6.700000,27.00000,-1.25000,-0.244979,16
6.700000,28.00000,-1.50000,0.000000,17
6.700000,29.00000,-1.50000,0.000000,18
6.700000,30.00000,-1.50000,0.000000,19
6.700000,31.00000,-1.50000,0.463648,20
6.700000,32.00000,-1.00000,0.244979,21
6.700000,33.00000,-0.75000,0.244979,22
6.700000,34.00000,-0.50000,0.244979,23
6.700000,35.00000,-0.25000,0.000000,24
6.700000,36.00000,-0.25000,0.000000,25
6.700000,37.00000,-0.25000,0.000000,26
6.700000,38.00000,-0.25000,0.000000,27
6.700000,39.00000,-0.25000,0.000000,28
6.700000,40.00000,-0.25000,0.000000,29
6.700000,41.00000,-0.25000,0.000000,30
6.800000,11.21044,0.30165,0.246125,0
6.800000,12.00000,0.50000,0.244979,1
6.800000,13.00000,0.75000,0.244979,2
6.800000,14.00000,1.00000,0.463648,3
6.800000,15.00000,1.50000,0.463648,4
6.800000,16.00000,2.00000,0.000000,5
6.800000,17.00000,2.00000,0.000000,6
6.800000,18.00000,2.00000,-0.244979,7
6.800000,19.00000,1.75000,-0.244979,8
6.800000,20.00000,1.50000,-0.244979,9
6.800000,21.00000,1.25000,-0.463648,10
6.800000,22.00000,0.75000,-0.463648,11
6.800000,23.00000,0.25000,-0.244979,12
6.800000,24.00000,0.00000,-0.244979,13
6.800000,25.00000,-0.25000,-0.463648,14
6.800000,26.00000,-0.75000,-0.463648,15
6.800000,27.00000,-1.25000,-0.244979,16
6.800000,28.00000,-1.50000,0.000000,17
6.800000,29.00000,-1.50000,0.000000,18
6.800000,30.00000,-1.50000,0.000000,19
6.800000,31.00000,-1.50000,0.463648,20
6.800000,32.00000,-1.00000,0.244979,21
6.800000,33.00000,-0.75000,0.244979,22
6.800000,34.00000,-0.50000,0.244979,23
6.800000,35.00000,-0.25000,0.000000,24
6.800000,36.00000,-0.25000,0.000000,25
6.800000,37.00000,-0.25000,0.000000,26
6.800000,38.00000,-0.25000,0.000000,27
6.800000,39.00000,-0.25000,0.000000,28
6.800000,40.00000,-0.25000,0.000000,29
6.800000,41.00000,-0.25000,0.000000,30
6.900000,11.39444,0.33247,0.150394,0
6.900000,12.50000,0.50000,0.244979,1
6.900000,13.50000,0.75000,0.244979,2
6.900000,14.50000,1.00000,0.463648,3
6.900000,15.50000,1.50000,0.463648,4
6.900000,16.50000,2.00000,0.000000,5
6.900000,17.50000,2.00000,0.000000,6
6.900000,18.50000,2.00000,-0.244979,7
6.900000,19.50000,1.75000,-0.244979,8
6.900000,20.50000,1.50000,-0.463648,9
6.900000,21.50000,1.00000,-0.463648,10
6.900000,22.50000,0.50000,-0.463648,11
6.900000,23.50000,0.00000,-0.244979,12
6.900000,24.50000,-0.25000,-0.463648,13
6.900000,25.50000,-0.75000,-0.463648,14
6.900000,26.50000,-1.25000,-0.244979,15
6.900000,27.50000,-1.50000,0.000000,16
6.900000,28.50000,-1.50000,0.000000,17
6.900000,29.50000,-1.50000,0.000000,18
6.900000,30.50000,-1.50000,0.244979,19
6.900000,31.50000,-1.25000,0.463648,20
6.900000,32.50000,-0.75000,0.244979,21
6.900000,33.50000,-0.50000,0.244979,22
6.900000,34.50000,-0.25000,0.000000,23
6.900000,35.50000,-0.25000,0.000000,24
6.900000,36.50000,-0.25000,0.000000,25
6.900000,37.50000,-0.25000,0.000000,26
6.900000,38.50000,-0.25000,0.000000,27
6.900000,39.50000,-0.25000,0.000000,28
6.900000,40.50000,-0.25000,0.000000,29
6.900000,41.50000,-0.25000,0.000000,30
7.000000,11.52450,0.39438,0.349580,0
7.000000,12.50000,0.75000,0.000000,1
7.000000,13.50000,0.75000,0.244979,2
7.000000,14.50000,1.00000,0.463648,3
7.000000,15.50000,1.50000,0.463648,4
7.000000,16.50000,2.00000,0.000000,5
7.000000,17.50000,2.00000,0.000000,6
7.000000,18.50000,2.00000,-0.244979,7
7.000000,19.50000,1.75000,-0.244979,8
7.000000,20.50000,1.50000,-0.463648,9
7.000000,21.50000,1.00000,-0.463648,10
7.000000,22.50000,0.50000,-0.463648,11
7.000000,23.50000,0.00000,-0.244979,12
7.000000,24.50000,-0.25000,-0.463648,13
7.000000,25.50000,-0.75000,-0.463648,14
7.000000,26.50000,-1.25000,-0.244979,15
7.000000,27.50000,-1.50000,0.000000,16
7.000000,28.50000,-1.50000,0.000000,17
7.000000,29.50000,-1.50000,0.000000,18
7.000000,30.50000,-1.50000,0.244979,19
7.000000,31.50000,-1.25000,0.463648,20
7.000000,32.50000,-0.75000,0.244979,21
7.000000,33.50000,-0.50000,0.244979,22
7.000000,34.50000,-0.25000,0.000000,23
7.000000,35.50000,-0.25000,0.000000,24
7.000000,36.50000,-0.25000,0.000000,25
7.000000,37.50000,-0.25000,0.000000,26
7.000000,38.50000,-0.25000,0.000000,27
7.000000,39.50000,-0.25000,0.000000,28
7.000000,40.50000,-0.25000,0.000000,29
7.000000,41.50000,-0.25000,0.000000,30
7.100000,11.67570,0.48722,0.308611,0
7.100000,12.50000,0.75000,0.000000,1
7.100000,13.50000,0.75000,0.244979,2
7.100000,14.50000,1.00000,0.463648,3
7.100000,15.50000,1.50000,0.463648,4
7.100000,16.50000,2.00000,0.000000,5
7.100000,17.50000,2.00000,0.000000,6
7.100000,18.50000,2.00000,-0.244979,7
7.100000,19.50000,1.75000,-0.244979,8
7.100000,20.50000,1.50000,-0.463648,9
7.100000,21.50000,1.00000,-0.463648,10
7.100000,22.50000,0.50000,-0.463648,11
7.100000,23.50000,0.00000,-0.244979,12
7.100000,24.50000,-0.25000,-0.463648,13
7.100000,25.50000,-0.75000,-0.463648,14
7.100000,26.50000,-1.25000,-0.244979,15
7.100000,27.50000,-1.50000,0.000000,16
7.100000,28.50000,-1.50000,0.000000,17
7.100000,29.50000,-1.50000,0.000000,18
7.100000,30.50000,-1.50000,0.244979,19
7.100000,31.50000,-1.25000,0.463648,20
7.100000,32.50000,-0.75000,0.244979,21
7.100000,33.50000,-0.50000,0.244979,22
7.100000,34.50000,-0.25000,0.000000,23
7.100000,35.50000,-0.25000,0.000000,24
7.100000,36.50000,-0.25000,0.000000,25
7.100000,37.50000,-0.25000,0.000000,26
7.100000,38.50000,-0.25000,0.000000,27
7.100000,39.50000,-0.25000,0.000000,28
7.100000,40.50000,-0.25000,0.000000,29
7.100000,41.50000,-0.25000,0.000000,30
7.200000,11.82571,0.51517,0.197369,0
7.200000,13.00000,0.75000,0.244979,1
7.200000,14.00000,1.00000,0.463648,2
7.200000,15.00000,1.50000,0.463648,3
7.200000,16.00000,2.00000,0.000000,4
7.200000,17.00000,2.00000,0.000000,5
7.200000,18.00000,2.00000,0.000000,6
7.200000,19.00000,2.00000,-0.244979,7
7.200000,20.00000,1.75000,-0.463648,8
7.200000,21.00000,1.25000,-0.463648,9
7.200000,22.00000,0.75000,-0.463648,10
7.200000,23.00000,0.25000,-0.244979,11
7.200000,24.00000,0.00000,-0.244979,12
7.200000,25.00000,-0.25000,-0.463648,13
7.200000,26.00000,-0.75000,-0.463648,14
7.200000,27.00000,-1.25000,0.000000,15
7.200000,28.00000,-1.25000,0.000000,16
7.200000,29.00000,-1.25000,0.000000,17
7.200000,30.00000,-1.25000,0.000000,18
7.200000,31.00000,-1.25000,0.244979,19
7.200000,32.00000,-1.00000,0.244979,20
7.200000,33.00000,-0.75000,0.244979,21
7.200000,34.00000,-0.50000,0.244979,22
7.200000,35.00000,-0.25000,0.000000,23
7.200000,36.00000,-0.25000,0.000000,24
7.200000,37.00000,-0.25000,0.000000,25
7.200000,38.00000,-0.25000,0.000000,26
7.200000,39.00000,-0.25000,0.000000,27
7.200000,40.00000,-0.25000,0.000000,28
7.200000,41.00000,-0.25000,0.000000,29
7.200000,42.00000,-0.25000,0.000000,30
7.300000,12.01239,0.54901,0.200770,0
7.300000,13.00000,0.75000,0.244979,1
7.300000,14.00000,1.00000,0.463648,2
7.300000,15.00000,1.50000,0.463648,3
7.300000,16.00000,2.00000,0.000000,4
7.300000,17.00000,2.00000,0.000000,5
7.300000,18.00000,2.00000,0.000000,6
7.300000,19.00000,2.00000,-0.244979,7
7.300000,20.00000,1.75000,-0.463648,8
7.300000,21.00000,1.25000,-0.463648,9
7.300000,22.00000,0.75000,-0.463648,10
7.300000,23.00000,0.25000,-0.244979,11
7.300000,24.00000,0.00000,-0.244979,12
7.300000,25.00000,-0.25000,-0.463648,13
7.300000,26.00000,-0.75000,-0.463648,14
7.300000,27.00000,-1.25000,-0.244979,15
7.300000,28.00000,-1.50000,0.000000,16
7.300000,29.00000,-1.50000,0.000000,17
7.300000,30.00000,-1.50000,0.000000,18
7.300000,31.00000,-1.50000,0.463648,19
7.300000,32.00000,-1.00000,0.244979,20
7.300000,33.00000,-0.75000,0.244979,21
7.300000,34.00000,-0.50000,0.244979,22
7.300000,35.00000,-0.25000,0.000000,23
7.300000,36.00000,-0.25000,0.000000,24
7.300000,37.00000,-0.25000,0.000000,25
7.300000,38.00000,-0.25000,0.000000,26
7.300000,39.00000,-0.25000,0.000000,27
7.300000,40.00000,-0.25000,0.000000,28
7.300000,41.00000,-0.25000,0.000000,29
7.300000,42.00000,-0.25000,0.000000,30
7.400000,12.15197,0.57506,0.464518,0
7.400000,13.00000,1.00000,0.244979,1
7.400000,14.00000,1.25000,0.244979,2
7.400000,15.00000,1.50000,0.463648,3
7.400000,16.00000,2.00000,0.000000,4
7.400000,17.00000,2.00000,0.000000,5
7.400000,18.00000,2.00000,0.000000,6
7.400000,19.00000,2.00000,-0.244979,7
7.400000,20.00000,1.75000,-0.463648,8
7.400000,21.00000,1.25000,-0.463648,9
7.400000,22.00000,0.75000,-0.463648,10
7.400000,23.00000,0.25000,-0.244979,11
7.400000,24.00000,0.00000,-0.244979,12
7.400000,25.00000,-0.25000,-0.463648,13
7.400000,26.00000,-0.75000,-0.463648,14
7.400000,27.00000,-1.25000,-0.244979,15
7.400000,28.00000,-1.50000,0.000000,16
7.400000,29.00000,-1.50000,0.000000,17
7.400000,30.00000,-1.50000,0.000000,18
7.400000,31.00000,-1.50000,0.463648,19
7.400000,32.00000,-1.00000,0.244979,20
7.400000,33.00000,-0.75000,0.244979,21
7.400000,34.00000,-0.50000,0.244979,22
7.400000,35.00000,-0.25000,0.000000,23
7.400000,36.00000,-0.25000,0.000000,24
7.400000,37.00000,-0.25000,0.000000,25
7.400000,38.00000,-0.25000,0.000000,26
7.400000,39.00000,-0.25000,0.000000,27
7.400000,40.00000,-0.25000,0.000000,28
7.400000,41.00000,-0.25000,0.000000,29
7.400000,42.00000,-0.25000,0.000000,30
7.500000,12.32287,0.60320,0.325130,0
7.500000,13.50000,1.00000,0.244979,1
7.500000,14.50000,1.25000,0.244979,2
7.500000,15.50000,1.50000,0.463648,3
7.500000,16.50000,2.00000,0.000000,4
7.500000,17.50000,2.00000,0.000000,5
7.500000,18.50000,2.00000,-0.244979,6
7.500000,19.50000,1.75000,-0.244979,7
7.500000,20.50000,1.50000,-0.463648,8
7.500000,21.50000,1.00000,-0.463648,9
7.500000,22.50000,0.50000,-0.463648,10
7.500000,23.50000,0.00000,-0.244979,11
7.500000,24.50000,-0.25000,-0.463648,12
7.500000,25.50000,-0.75000,-0.463648,13
7.500000,26.50000,-1.25000,-0.244979,14
7.500000,27.50000,-1.50000,0.000000,15
7.500000,28.50000,-1.50000,0.000000,16
7.500000,29.50000,-1.50000,0.000000,17
7.500000,30.50000,-1.50000,0.244979,18
7.500000,31.50000,-1.25000,0.463648,19
7.500000,32.50000,-0.75000,0.244979,20
7.500000,33.50000,-0.50000,0.244979,21
7.500000,34.50000,-0.25000,0.000000,22
7.500000,35.50000,-0.25000,0.000000,23
7.500000,36.50000,-0.25000,0.000000,24
7.500000,37.50000,-0.25000,0.000000,25
7.500000,38.50000,-0.25000,0.000000,26
7.500000,39.50000,-0.25000,0.000000,27
7.500000,40.50000,-0.25000,0.000000,28
7.500000,41.50000,-0.25000,0.000000,29
7.500000,42.50000,-0.25000,0.000000,30
7.600000,12.47503,0.63825,0.339290,0
7.600000,13.50000,1.00000,0.244979,1
7.600000,14.50000,1.25000,0.244979,2
7.600000,15.50000,1.50000,0.463648,3
7.600000,16.50000,2.00000,0.000000,4
7.600000,17.50000,2.00000,0.000000,5
7.600000,18.50000,2.00000,-0.244979,6
7.600000,19.50000,1.75000,-0.244979,7
7.600000,20.50000,1.50000,-0.463648,8
7.600000,21.50000,1.00000,-0.463648,9
7.600000,22.50000,0.50000,-0.463648,10
7.600000,23.50000,0.00000,-0.244979,11
7.600000,24.50000,-0.25000,-0.463648,12
7.600000,25.50000,-0.75000,-0.463648,13
7.600000,26.50000,-1.25000,-0.244979,14
7.600000,27.50000,-1.50000,0.000000,15
7.600000,28.50000,-1.50000,0.000000,16
7.600000,29.50000,-1.50000,0.000000,17
7.600000,30.50000,-1.50000,0.244979,18
7.600000,31.50000,-1.25000,0.463648,19
7.600000,32.50000,-0.75000,0.244979,20
7.600000,33.50000,-0.50000,0.244979,21
7.600000,34.50000,-0.25000,0.000000,22
7.600000,35.50000,-0.25000,0.000000,23
7.600000,36.50000,-0.25000,0.000000,24
7.600000,37.50000,-0.25000,0.000000,25
7.600000,38.50000,-0.25000,0.000000,26
7.600000,39.50000,-0.25000,0.000000,27
7.600000,40.50000,-0.25000,0.000000,28
7.600000,41.50000,-0.25000,0.000000,29
7.600000,42.50000,-0.25000,0.000000,30
7.702000,12.77126,0.71618,0.409844,0
7.702000,14.00000,1.25000,0.244979,1
7.702000,15.00000,1.50000,0.463648,2
7.702000,16.00000,2.00000,0.000000,3
7.702000,17.00000,2.00000,0.000000,4
7.702000,18.00000,2.00000,-0.244979,5
7.702000,19.00000,1.75000,-0.244979,6
7.702000,20.00000,1.50000,-0.244979,7
7.702000,21.00000,1.25000,-0.463648,8
7.702000,22.00000,0.75000,-0.463648,9
7.702000,23.00000,0.25000,-0.244979,10
7.702000,24.00000,0.00000,-0.244979,11
7.702000,25.00000,-0.25000,-0.463648,12
7.702000,26.00000,-0.75000,-0.463648,13
7.702000,27.00000,-1.25000,-0.244979,14
7.702000,28.00000,-1.50000,0.000000,15
7.702000,29.00000,-1.50000,0.000000,16
7.702000,30.00000,-1.50000,0.000000,17
7.702000,31.00000,-1.50000,0.463648,18
7.702000,32.00000,-1.00000,0.244979,19
7.702000,33.00000,-0.75000,0.244979,20
7.702000,34.00000,-0.50000,0.244979,21
7.702000,35.00000,-0.25000,0.000000,22
7.702000,36.00000,-0.25000,0.000000,23
7.702000,37.00000,-0.25000,0.000000,24
7.702000,38.00000,-0.25000,0.000000,25
7.702000,39.00000,-0.25000,0.000000,26
7.702000,40.00000,-0.25000,0.000000,27
7.702000,41.00000,-0.25000,0.000000,28
7.702000,42.00000,-0.25000,0.000000,29
7.702000,43.00000,-0.25000,0.000000,30
7.800000,12.83607,0.69413,0.256980,0
7.800000,14.00000,1.00000,0.463648,1
7.800000,15.00000,1.50000,0.463648,2
7.800000,16.00000,2.00000,0.000000,3
7.800000,17.00000,2.00000,0.000000,4
7.800000,18.00000,2.00000,0.000000,5
7.800000,19.00000,2.00000,-0.244979,6
7.800000,20.00000,1.75000,-0.463648,7
7.800000,21.00000,1.25000,-0.463648,8
7.800000,22.00000,0.75000,-0.463648,9
7.800000,23.00000,0.25000,-0.244979,10
7.800000,24.00000,0.00000,-0.244979,11
7.800000,25.00000,-0.25000,-0.463648,12
7.800000,26.00000,-0.75000,-0.463648,13
7.800000,27.00000,-1.25000,-0.244979,14
7.800000,28.00000,-1.50000,0.000000,15
7.800000,29.00000,-1.50000,0.000000,16
7.800000,30.00000,-1.50000,0.000000,17
7.800000,31.00000,-1.50000,0.463648,18
7.800000,32.00000,-1.00000,0.244979,19
7.800000,33.00000,-0.75000,0.244979,20
7.800000,34.00000,-0.50000,0.244979,21
7.800000,35.00000,-0.25000,0.000000,22
7.800000,36.00000,-0.25000,0.000000,23
7.800000,37.00000,-0.25000,0.000000,24
7.800000,38.00000,-0.25000,0.000000,25
7.800000,39.00000,-0.25000,0.000000,26
7.800000,40.00000,-0.25000,0.000000,27
7.800000,41.00000,-0.25000,0.000000,28
7.800000,42.00000,-0.25000,0.000000,29
7.800000,43.00000,-0.25000,0.000000,30
7.900000,13.00071,0.68866,0.302024,0
7.900000,14.00000,1.00000,0.463648,1
7.900000,15.00000,1.50000,0.463648,2
7.900000,16.00000,2.00000,0.000000,3
7.900000,17.00000,2.00000,0.000000,4
7.900000,18.00000,2.00000,0.000000,5
7.900000,19.00000,2.00000,-0.244979,6
7.900000,20.00000,1.75000,-0.463648,7
7.900000,21.00000,1.25000,-0.463648,8
7.900000,22.00000,0.75000,-0.463648,9
7.900000,23.00000,0.25000,-0.244979,10
7.900000,24.00000,0.00000,-0.244979,11
7.900000,25.00000,-0.25000,-0.463648,12
7.900000,26.00000,-0.75000,-0.463648,13
7.900000,27.00000,-1.25000,-0.244979,14
7.900000,28.00000,-1.50000,0.000000,15
7.900000,29.00000,-1.50000,0.000000,16
7.900000,30.00000,-1.50000,0.000000,17
7.900000,31.00000,-1.50000,0.463648,18
7.900000,32.00000,-1.00000,0.244979,19
7.900000,33.00000,-0.75000,0.244979,20
7.900000,34.00000,-0.50000,0.244979,21
7.900000,35.00000,-0.25000,0.000000,22
7.900000,36.00000,-0.25000,0.000000,23
7.900000,37.00000,-0.25000,0.000000,24
7.900000,38.00000,-0.25000,0.000000,25
7.900000,39.00000,-0.25000,0.000000,26
7.900000,40.00000,-0.25000,0.000000,27
7.900000,41.00000,-0.25000,0.000000,28
7.900000,42.00000,-0.25000,0.000000,29
7.900000,43.00000,-0.25000,0.000000,30
8.000000,13.16474,0.74147,0.546883,0
8.000000,14.00000,1.25000,0.244979,1
8.000000,15.00000,1.50000,0.463648,2
8.000000,16.00000,2.00000,0.000000,3
8.000000,17.00000,2.00000,0.000000,4
8.000000,18.00000,2.00000,0.000000,5
8.000000,19.00000,2.00000,-0.244979,6
8.000000,20.00000,1.75000,-0.463648,7
8.000000,21.00000,1.25000,-0.463648,8
8.000000,22.00000,0.75000,-0.463648,9
8.000000,23.00000,0.25000,-0.244979,10
8.000000,24.00000,0.00000,-0.244979,11
8.000000,25.00000,-0.25000,-0.463648,12
8.000000,26.00000,-0.75000,-0.463648,13
8.000000,27.00000,-1.25000,-0.244979,14
8.000000,28.00000,-1.50000,0.000000,15
8.000000,29.00000,-1.50000,0.000000,16
8.000000,30.00000,-1.50000,0.000000,17
8.000000,31.00000,-1.50000,0.463648,18
8.000000,32.00000,-1.00000,0.244979,19
8.000000,33.00000,-0.75000,0.244979,20
8.000000,34.00000,-0.50000,0.244979,21
8.000000,35.00000,-0.25000,0.000000,22
8.000000,36.00000,-0.25000,0.000000,23
8.000000,37.00000,-0.25000,0.000000,24
8.000000,38.00000,-0.25000,0.000000,25
8.000000,39.00000,-0.25000,0.000000,26
8.000000,40.00000,-0.25000,0.000000,27
8.000000,41.00000,-0.25000,0.000000,28
8.000000,42.00000,-0.25000,0.000000,29
8.000000,43.00000,-0.25000,0.000000,30
8.100000,13.29409,0.74874,0.393941,0
8.100000,14.50000,1.25000,0.244979,1
8.100000,15.50000,1.50000,0.463648,2
8.100000,16.50000,2.00000,0.000000,3
8.100000,17.50000,2.00000,0.000000,4
8.100000,18.50000,2.00000,-0.244979,5
8.100000,19.50000,1.75000,-0.244979,6
8.100000,20.50000,1.50000,-0.463648,7
8.100000,21.50000,1.00000,-0.463648,8
8.100000,22.50000,0.50000,-0.463648,9
8.100000,23.50000,0.00000,-0.244979,10
8.100000,24.50000,-0.25000,-0.463648,11
8.100000,25.50000,-0.75000,-0.463648,12
8.100000,26.50000,-1.25000,-0.244979,13
8.100000,27.50000,-1.50000,0.000000,14
8.100000,28.50000,-1.50000,0.000000,15
8.100000,29.50000,-1.50000,0.000000,16
8.100000,30.50000,-1.50000,0.244979,17
8.100000,31.50000,-1.25000,0.463648,18
8.100000,32.50000,-0.75000,0.244979,19
8.100000,33.50000,-0.50000,0.244979,20
8.100000,34.50000,-0.25000,0.000000,21
8.100000,35.50000,-0.25000,0.000000,22
8.100000,36.50000,-0.25000,0.000000,23
8.100000,37.50000,-0.25000,0.000000,24
8.100000,38.50000,-0.25000,0.000000,25
8.100000,39.50000,-0.25000,0.000000,26
8.100000,40.50000,-0.25000,0.000000,27
8.100000,41.50000,-0.25000,0.000000,28
8.100000,42.50000,-0.25000,0.000000,29
8.100000,43.50000,-0.25000,0.000000,30
8.200000,13.40635,0.78460,0.402336,0
8.200000,14.50000,1.25000,0.244979,1
8.200000,15.50000,1.50000,0.463648,2
8.200000,16.50000,2.00000,0.000000,3
8.200000,17.50000,2.00000,0.000000,4
8.200000,18.50000,2.00000,-0.244979,5
8.200000,19.50000,1.75000,-0.244979,6
8.200000,20.50000,1.50000,-0.463648,7
8.200000,21.50000,1.00000,-0.463648,8
8.200000,22.50000,0.50000,-0.463648,9
8.200000,23.50000,0.00000,-0.244979,10
8.200000,24.50000,-0.25000,-0.244979,11
8.200000,25.50000,-0.50000,-0.463648,12
8.200000,26.50000,-1.00000,-0.244979,13
8.200000,27.50000,-1.25000,0.000000,14
8.200000,28.50000,-1.25000,0.000000,15
8.200000,29.50000,-1.25000,0.000000,16
8.200000,30.50000,-1.25000,0.000000,17
8.200000,31.50000,-1.25000,0.463648,18
8.200000,32.50000,-0.75000,0.244979,19
8.200000,33.50000,-0.50000,0.244979,20
8.200000,34.50000,-0.25000,0.000000,21
8.200000,35.50000,-0.25000,0.000000,22
8.200000,36.50000,-0.25000,0.000000,23
8.200000,37.50000,-0.25000,0.000000,24
8.200000,38.50000,-0.25000,0.000000,25
8.200000,39.50000,-0.25000,0.000000,26
8.200000,40.50000,-0.25000,0.000000,27
8.200000,41.50000,-0.25000,0.000000,28
8.200000,42.50000,-0.25000,0.000000,29
8.200000,43.50000,-0.25000,0.000000,30
8.300000,13.52451,0.80666,0.426569,0
8.300000,14.50000,1.25000,0.244979,1
8.300000,15.50000,1.50000,0.463648,2
8.300000,16.50000,2.00000,0.000000,3
8.300000,17.50000,2.00000,0.000000,4
8.300000,18.50000,2.00000,-0.244979,5
8.300000,19.50000,1.75000,-0.244979,6
8.300000,20.50000,1.50000,-0.463648,7
8.300000,21.50000,1.00000,-0.463648,8
8.300000,22.50000,0.50000,-0.463648,9
8.300000,23.50000,0.00000,-0.244979,10
8.300000,24.50000,-0.25000,-0.463648,11
8.300000,25.50000,-0.75000,-0.463648,12
8.300000,26.50000,-1.25000,-0.244979,13
8.300000,27.50000,-1.50000,0.000000,14
8.300000,28.50000,-1.50000,0.000000,15
8.300000,29.50000,-1.50000,0.000000,16
8.300000,30.50000,-1.50000,0.244979,17
8.300000,31.50000,-1.25000,0.463648,18
8.300000,32.50000,-0.75000,0.244979,19
8.300000,33.50000,-0.50000,0.244979,20
8.300000,34.50000,-0.25000,0.000000,21
8.300000,35.50000,-0.25000,0.000000,22
8.300000,36.50000,-0.25000,0.000000,23
8.300000,37.50000,-0.25000,0.000000,24
8.300000,38.50000,-0.25000,0.000000,25
8.300000,39.50000,-0.25000,0.000000,26
8.300000,40.50000,-0.25000,0.000000,27
8.300000,41.50000,-0.25000,0.000000,28
8.300000,42.50000,-0.25000,0.000000,29
8.300000,43.50000,-0.25000,0.000000,30
8.400000,13.62494,0.85287,0.426036,0
8.400000,14.50000,1.25000,0.244979,1
8.400000,15.50000,1.50000,0.463648,2
8.400000,16.50000,2.00000,0.000000,3
8.400000,17.50000,2.00000,0.000000,4
8.400000,18.50000,2.00000,-0.244979,5
8.400000,19.50000,1.75000,-0.244979,6
8.400000,20.50000,1.50000,-0.463648,7
8.400000,21.50000,1.00000,-0.463648,8
8.400000,22.50000,0.50000,-0.463648,9
8.400000,23.50000,0.00000,-0.244979,10
8.400000,24.50000,-0.25000,-0.463648,11
8.400000,25.50000,-0.75000,-0.463648,12
8.400000,26.50000,-1.25000,-0.244979,13
8.400000,27.50000,-1.50000,0.000000,14
8.400000,28.50000,-1.50000,0.000000,15
8.400000,29.50000,-1.50000,0.000000,16
8.400000,30.50000,-1.50000,0.244979,17
8.400000,31.50000,-1.25000,0.463648,18
8.400000,32.50000,-0.75000,0.244979,19
8.400000,33.50000,-0.50000,0.244979,20
8.400000,34.50000,-0.25000,0.000000,21
8.400000,35.50000,-0.25000,0.000000,22
8.400000,36.50000,-0.25000,0.000000,23
8.400000,37.50000,-0.25000,0.000000,24
8.400000,38.50000,-0.25000,0.000000,25
8.400000,39.50000,-0.25000,0.000000,26
8.400000,40.50000,-0.25000,0.000000,27
8.400000,41.50000,-0.25000,0.000000,28
8.400000,42.50000,-0.25000,0.000000,29
8.400000,43.50000,-0.25000,0.000000,30
8.500000,13.73133,0.90283,0.424222,0
8.500000,14.50000,1.25000,0.244979,1
8.500000,15.50000,1.50000,0.463648,2
8.500000,16.50000,2.00000,0.000000,3
8.500000,17.50000,2.00000,0.000000,4
8.500000,18.50000,2.00000,-0.244979,5
8.500000,19.50000,1.75000,-0.244979,6
8.500000,20.50000,1.50000,-0.463648,7
8.500000,21.50000,1.00000,-0.463648,8
8.500000,22.50000,0.50000,-0.463648,9
8.500000,23.50000,0.00000,-0.244979,10
8.500000,24.50000,-0.25000,-0.463648,11
8.500000,25.50000,-0.75000,-0.463648,12
8.500000,26.50000,-1.25000,-0.244979,13
8.500000,27.50000,-1.50000,0.000000,14
8.500000,28.50000,-1.50000,0.000000,15
8.500000,29.50000,-1.50000,0.000000,16
8.500000,30.50000,-1.50000,0.244979,17
8.500000,31.50000,-1.25000,0.463648,18
8.500000,32.50000,-0.75000,0.244979,19
8.500000,33.50000,-0.50000,0.244979,20
8.500000,34.50000,-0.25000,0.000000,21
8.500000,35.50000,-0.25000,0.000000,22
8.500000,36.50000,-0.25000,0.000000,23
8.500000,37.50000,-0.25000,0.000000,24
8.500000,38.50000,-0.25000,0.000000,25
8.500000,39.50000,-0.25000,0.000000,26
8.500000,40.50000,-0.25000,0.000000,27
8.500000,41.50000,-0.25000,0.000000,28
8.500000,42.50000,-0.25000,0.000000,29
8.500000,43.50000,-0.25000,0.000000,30
8.600000,13.79692,0.95956,0.422203,0
8.600000,15.00000,1.50000,0.463648,1
8.600000,16.00000,2.00000,0.000000,2
8.600000,17.00000,2.00000,0.000000,3
8.600000,18.00000,2.00000,0.000000,4
8.600000,19.00000,2.00000,-0.244979,5
8.600000,20.00000,1.75000,-0.463648,6
8.600000,21.00000,1.25000,-0.463648,7
8.600000,22.00000,0.75000,-0.463648,8
8.600000,23.00000,0.25000,-0.244979,9
8.600000,24.00000,0.00000,-0.244979,10
8.600000,25.00000,-0.25000,-0.463648,11
8.600000,26.00000,-0.75000,-0.463648,12
8.600000,27.00000,-1.25000,0.000000,13
8.600000,28.00000,-1.25000,0.000000,14
8.600000,29.00000,-1.25000,0.000000,15
8.600000,30.00000,-1.25000,0.000000,16
8.600000,31.00000,-1.25000,0.244979,17
8.600000,32.00000,-1.00000,0.244979,18
8.600000,33.00000,-0.75000,0.244979,19
8.600000,34.00000,-0.50000,0.244979,20
8.600000,35.00000,-0.25000,0.000000,21
8.600000,36.00000,-0.25000,0.000000,22
8.600000,37.00000,-0.25000,0.000000,23
8.600000,38.00000,-0.25000,0.000000,24
8.600000,39.00000,-0.25000,0.000000,25
8.600000,40.00000,-0.25000,0.000000,26
8.600000,41.00000,-0.25000,0.000000,27
8.600000,42.00000,-0.25000,0.000000,28
8.600000,43.00000,-0.25000,0.000000,29
8.600000,44.00000,-0.25000,0.000000,30
8.700000,13.86195,0.98818,0.422635,0
8.700000,15.00000,1.50000,0.463648,1
8.700000,16.00000,2.00000,0.000000,2
8.700000,17.00000,2.00000,0.000000,3
8.700000,18.00000,2.00000,0.000000,4
8.700000,19.00000,2.00000,-0.244979,5
8.700000,20.00000,1.75000,-0.463648,6
8.700000,21.00000,1.25000,-0.463648,7
8.700000,22.00000,0.75000,-0.463648,8
8.700000,23.00000,0.25000,-0.244979,9
8.700000,24.00000,0.00000,-0.244979,10
8.700000,25.00000,-0.25000,-0.463648,11
8.700000,26.00000,-0.75000,-0.463648,12
8.700000,27.00000,-1.25000,-0.244979,13
8.700000,28.00000,-1.50000,0.000000,14
8.700000,29.00000,-1.50000,0.000000,15
8.700000,30.00000,-1.50000,0.000000,16
8.700000,31.00000,-1.50000,0.463648,17
8.700000,32.00000,-1.00000,0.244979,18
8.700000,33.00000,-0.75000,0.244979,19
8.700000,34.00000,-0.50000,0.244979,20
8.700000,35.00000,-0.25000,0.000000,21
8.700000,36.00000,-0.25000,0.000000,22
8.700000,37.00000,-0.25000,0.000000,23
8.700000,38.00000,-0.25000,0.000000,24
8.700000,39.00000,-0.25000,0.000000,25
8.700000,40.00000,-0.25000,0.000000,26
8.700000,41.00000,-0.25000,0.000000,27
8.700000,42.00000,-0.25000,0.000000,28
8.700000,43.00000,-0.25000,0.000000,29
8.700000,44.00000,-0.25000,0.000000,30
8.800000,13.94652,1.03905,0.412455,0
8.800000,15.00000,1.50000,0.463648,1
8.800000,16.00000,2.00000,0.000000,2
8.800000,17.00000,2.00000,0.000000,3
8.800000,18.00000,2.00000,-0.244979,4
8.800000,19.00000,1.75000,-0.244979,5
8.800000,20.00000,1.50000,-0.244979,6
8.800000,21.00000,1.25000,-0.463648,7
8.800000,22.00000,0.75000,-0.463648,8
8.800000,23.00000,0.25000,-0.244979,9
8.800000,24.00000,0.00000,-0.244979,10
8.800000,25.00000,-0.25000,-0.463648,11
8.800000,26.00000,-0.75000,-0.463648,12
8.800000,27.00000,-1.25000,-0.244979,13
8.800000,28.00000,-1.50000,0.000000,14
8.800000,29.00000,-1.50000,0.000000,15
8.800000,30.00000,-1.50000,0.000000,16
8.800000,31.00000,-1.50000,0.463648,17
8.800000,32.00000,-1.00000,0.244979,18
8.800000,33.00000,-0.75000,0.244979,19
8.800000,34.00000,-0.50000,0.244979,20
8.800000,35.00000,-0.25000,0.000000,21
8.800000,36.00000,-0.25000,0.000000,22
8.800000,37.00000,-0.25000,0.000000,23
8.800000,38.00000,-0.25000,0.000000,24
8.800000,39.00000,-0.25000,0.000000,25
8.800000,40.00000,-0.25000,0.000000,26
8.800000,41.00000,-0.25000,0.000000,27
8.800000,42.00000,-0.25000,0.000000,28
8.800000,43.00000,-0.25000,0.000000,29
8.800000,44.00000,-0.25000,0.000000,30
8.900000,14.03139,1.07731,0.411474,0
8.900000,15.00000,1.50000,0.463648,1
8.900000,16.00000,2.00000,0.000000,2
8.900000,17.00000,2.00000,0.000000,3
8.900000,18.00000,2.00000,-0.244979,4
8.900000,19.00000,1.75000,-0.244979,5
8.900000,20.00000,1.50000,-0.244979,6
8.900000,21.00000,1.25000,-0.463648,7
8.900000,22.00000,0.75000,-0.463648,8
8.900000,23.00000,0.25000,-0.244979,9
8.900000,24.00000,0.00000,-0.244979,10
8.900000,25.00000,-0.25000,-0.463648,11
8.900000,26.00000,-0.75000,-0.463648,12
8.900000,27.00000,-1.25000,-0.244979,13
8.900000,28.00000,-1.50000,0.000000,14
8.900000,29.00000,-1.50000,0.000000,15
8.900000,30.00000,-1.50000,0.000000,16
8.900000,31.00000,-1.50000,0.463648,17
8.900000,32.00000,-1.00000,0.244979,18
8.900000,33.00000,-0.75000,0.244979,19
8.900000,34.00000,-0.50000,0.244979,20
8.900000,35.00000,-0.25000,0.000000,21
8.900000,36.00000,-0.25000,0.000000,22
8.900000,37.00000,-0.25000,0.000000,23
8.900000,38.00000,-0.25000,0.000000,24
8.900000,39.00000,-0.25000,0.000000,25
8.900000,40.00000,-0.25000,0.000000,26
8.900000,41.00000,-0.25000,0.000000,27
8.900000,42.00000,-0.25000,0.000000,28
8.900000,43.00000,-0.25000,0.000000,29
8.900000,44.00000,-0.25000,0.000000,30
9.000000,14.08327,1.12837,0.385139,0
9.000000,15.00000,1.50000,0.463648,1
9.000000,16.00000,2.00000,0.000000,2
9.000000,17.00000,2.00000,0.000000,3
9.000000,18.00000,2.00000,0.000000,4
9.000000,19.00000,2.00000,-0.244979,5
9.000000,20.00000,1.75000,-0.463648,6
9.000000,21.00000,1.25000,-0.463648,7
9.000000,22.00000,0.75000,-0.463648,8
9.000000,23.00000,0.25000,-0.244979,9
9.000000,24.00000,0.00000,-0.244979,10
9.000000,25.00000,-0.25000,-0.463648,11
9.000000,26.00000,-0.75000,-0.463648,12
9.000000,27.00000,-1.25000,-0.244979,13
9.000000,28.00000,-1.50000,0.000000,14
9.000000,29.00000,-1.50000,0.000000,15
9.000000,30.00000,-1.50000,0.000000,16
9.000000,31.00000,-1.50000,0.463648,17
9.000000,32.00000,-1.00000,0.244979,18
9.000000,33.00000,-0.75000,0.244979,19
9.000000,34.00000,-0.50000,0.244979,20
9.000000,35.00000,-0.25000,0.000000,21
9.000000,36.00000,-0.25000,0.000000,22
9.000000,37.00000,-0.25000,0.000000,23
9.000000,38.00000,-0.25000,0.000000,24
9.000000,39.00000,-0.25000,0.000000,25
9.000000,40.00000,-0.25000,0.000000,26
9.000000,41.00000,-0.25000,0.000000,27
9.000000,42.00000,-0.25000,0.000000,28
9.000000,43.00000,-0.25000,0.000000,29
9.000000,44.00000,-0.25000,0.000000,30
9.100000,14.16404,1.21898,0.324299,0
9.100000,15.00000,1.50000,0.463648,1
9.100000,16.00000,2.00000,0.000000,2
9.100000,17.00000,2.00000,0.000000,3
9.100000,18.00000,2.00000,0.000000,4
9.100000,19.00000,2.00000,-0.244979,5
9.100000,20.00000,1.75000,-0.463648,6
9.100000,21.00000,1.25000,-0.463648,7
9.100000,22.00000,0.75000,-0.463648,8
9.100000,23.00000,0.25000,-0.244979,9
9.100000,24.00000,0.00000,-0.244979,10
9.100000,25.00000,-0.25000,-0.463648,11
9.100000,26.00000,-0.75000,-0.463648,12
9.100000,27.00000,-1.25000,0.000000,13
9.100000,28.00000,-1.25000,0.000000,14
9.100000,29.00000,-1.25000,0.000000,15
9.100000,30.00000,-1.25000,0.000000,16
9.100000,31.00000,-1.25000,0.244979,17
9.100000,32.00000,-1.00000,0.244979,18
9.100000,33.00000,-0.75000,0.244979,19
9.100000,34.00000,-0.50000,0.244979,20
9.100000,35.00000,-0.25000,0.000000,21
9.100000,36.00000,-0.25000,0.000000,22
9.100000,37.00000,-0.25000,0.000000,23
9.100000,38.00000,-0.25000,0.000000,24
9.100000,39.00000,-0.25000,0.000000,25
9.100000,40.00000,-0.25000,0.000000,26
9.100000,41.00000,-0.25000,0.000000,27
9.100000,42.00000,-0.25000,0.000000,28
9.100000,43.00000,-0.25000,0.000000,29
9.100000,44.00000,-0.25000,0.000000,30
9.200000,14.25105,1.25930,0.374362,0
9.200000,15.50000,1.75000,0.244979,1
9.200000,16.50000,2.00000,0.000000,2
9.200000,17.50000,2.00000,0.000000,3
9.200000,18.50000,2.00000,-0.244979,4
9.200000,19.50000,1.75000,-0.244979,5
9.200000,20.50000,1.50000,-0.463648,6
9.200000,21.50000,1.00000,-0.463648,7
9.200000,22.50000,0.50000,-0.463648,8
9.200000,23.50000,0.00000,-0.244979,9
9.200000,24.50000,-0.25000,-0.463648,10
9.200000,25.50000,-0.75000,-0.463648,11
9.200000,26.50000,-1.25000,-0.244979,12
9.200000,27.50000,-1.50000,0.000000,13
9.200000,28.50000,-1.50000,0.000000,14
9.200000,29.50000,-1.50000,0.000000,15
9.200000,30.50000,-1.50000,0.244979,16
9.200000,31.50000,-1.25000,0.463648,17
9.200000,32.50000,-0.75000,0.244979,18
9.200000,33.50000,-0.50000,0.244979,19
9.200000,34.50000,-0.25000,0.000000,20
9.200000,35.50000,-0.25000,0.000000,21
9.200000,36.50000,-0.25000,0.000000,22
9.200000,37.50000,-0.25000,0.000000,23
9.200000,38.50000,-0.25000,0.000000,24
9.200000,39.50000,-0.25000,0.000000,25
9.200000,40.50000,-0.25000,0.000000,26
9.200000,41.50000,-0.25000,0.000000,27
9.200000,42.50000,-0.25000,0.000000,28
9.200000,43.50000,-0.25000,0.000000,29
9.200000,44.50000,-0.25000,0.000000,30
9.300000,14.32938,1.31235,0.357769,0
9.300000,15.50000,1.75000,0.244979,1
9.300000,16.50000,2.00000,0.000000,2
9.300000,17.50000,2.00000,0.000000,3
9.300000,18.50000,2.00000,-0.244979,4
9.300000,19.50000,1.75000,-0.244979,5
9.300000,20.50000,1.50000,-0.463648,6
9.300000,21.50000,1.00000,-0.463648,7
9.300000,22.50000,0.50000,-0.463648,8
9.300000,23.50000,0.00000,-0.244979,9
9.300000,24.50000,-0.25000,-0.463648,10
9.300000,25.50000,-0.75000,-0.463648,11
9.300000,26.50000,-1.25000,-0.244979,12
9.300000,27.50000,-1.50000,0.000000,13
9.300000,28.50000,-1.50000,0.000000,14
9.300000,29.50000,-1.50000,0.000000,15
9.300000,30.50000,-1.50000,0.244979,16
9.300000,31.50000,-1.25000,0.463648,17
9.300000,32.50000,-0.75000,0.244979,18
9.300000,33.50000,-0.50000,0.244979,19
9.300000,34.50000,-0.25000,0.000000,20
9.300000,35.50000,-0.25000,0.000000,21
9.300000,36.50000,-0.25000,0.000000,22
9.300000,37.50000,-0.25000,0.000000,23
9.300000,38.50000,-0.25000,0.000000,24
9.300000,39.50000,-0.25000,0.000000,25
9.300000,40.50000,-0.25000,0.000000,26
9.300000,41.50000,-0.25000,0.000000,27
9.300000,42.50000,-0.25000,0.000000,28
9.300000,43.50000,-0.25000,0.000000,29
9.300000,44.50000,-0.25000,0.000000,30
9.400000,14.38750,1.38506,0.316972,0
9.400000,15.50000,1.75000,0.244979,1
9.400000,16.50000,2.00000,0.000000,2
9.400000,17.50000,2.00000,0.000000,3
9.400000,18.50000,2.00000,-0.244979,4
9.400000,19.50000,1.75000,-0.244979,5
9.400000,20.50000,1.50000,-0.463648,6
9.400000,21.50000,1.00000,-0.463648,7
9.400000,22.50000,0.50000,-0.463648,8
9.400000,23.50000,0.00000,-0.244979,9
9.400000,24.50000,-0.25000,-0.463648,10
9.400000,25.50000,-0.75000,-0.463648,11
9.400000,26.50000,-1.25000,-0.244979,12
9.400000,27.50000,-1.50000,0.000000,13
9.400000,28.50000,-1.50000,0.000000,14
9.400000,29.50000,-1.50000,0.000000,15
9.400000,30.50000,-1.50000,0.244979,16
9.400000,31.50000,-1.25000,0.463648,17
9.400000,32.50000,-0.75000,0.244979,18
9.400000,33.50000,-0.50000,0.244979,19
9.400000,34.50000,-0.25000,0.000000,20
9.400000,35.50000,-0.25000,0.000000,21
9.400000,36.50000,-0.25000,0.000000,22
9.400000,37.50000,-0.25000,0.000000,23
9.400000,38.50000,-0.25000,0.000000,24
9.400000,39.50000,-0.25000,0.000000,25
9.400000,40.50000,-0.25000,0.000000,26
9.400000,41.50000,-0.25000,0.000000,27
9.400000,42.50000,-0.25000,0.000000,28
9.400000,43.50000,-0.25000,0.000000,29
9.400000,44.50000,-0.25000,0.000000,30
9.500000,14.47272,1.43043,0.301590,0
9.500000,15.50000,1.75000,0.244979,1
9.500000,16.50000,2.00000,0.000000,2
9.500000,17.50000,2.00000,0.000000,3
9.500000,18.50000,2.00000,-0.244979,4
9.500000,19.50000,1.75000,-0.244979,5
9.500000,20.50000,1.50000,-0.463648,6
9.500000,21.50000,1.00000,-0.463648,7
9.500000,22.50000,0.50000,-0.463648,8
9.500000,23.50000,0.00000,-0.244979,9
9.500000,24.50000,-0.25000,-0.463648,10
9.500000,25.50000,-0.75000,-0.463648,11
9.500000,26.50000,-1.25000,-0.244979,12
9.500000,27.50000,-1.50000,0.000000,13
9.500000,28.50000,-1.50000,0.000000,14
9.500000,29.50000,-1.50000,0.000000,15
9.500000,30.50000,-1.50000,0.244979,16
9.500000,31.50000,-1.25000,0.463648,17
9.500000,32.50000,-0.75000,0.244979,18
9.500000,33.50000,-0.50000,0.244979,19
9.500000,34.50000,-0.25000,0.000000,20
9.500000,35.50000,-0.25000,0.000000,21
9.500000,36.50000,-0.25000,0.000000,22
9.500000,37.50000,-0.25000,0.000000,23
9.500000,38.50000,-0.25000,0.000000,24
9.500000,39.50000,-0.25000,0.000000,25
9.500000,40.50000,-0.25000,0.000000,26
9.500000,41.50000,-0.25000,0.000000,27
9.500000,42.50000,-0.25000,0.000000,28
9.500000,43.50000,-0.25000,0.000000,29
9.500000,44.50000,-0.25000,0.000000,30
9.600000,14.56527,1.46502,0.295924,0
9.600000,15.50000,1.75000,0.244979,1
9.600000,16.50000,2.00000,0.000000,2
9.600000,17.50000,2.00000,0.000000,3
9.600000,18.50000,2.00000,-0.244979,4
9.600000,19.50000,1.75000,-0.244979,5
9.600000,20.50000,1.50000,-0.463648,6
9.600000,21.50000,1.00000,-0.463648,7
9.600000,22.50000,0.50000,-0.463648,8
9.600000,23.50000,0.00000,-0.244979,9
9.600000,24.50000,-0.25000,-0.463648,10
9.600000,25.50000,-0.75000,-0.463648,11
9.600000,26.50000,-1.25000,-0.244979,12
9.600000,27.50000,-1.50000,0.000000,13
9.600000,28.50000,-1.50000,0.000000,14
9.600000,29.50000,-1.50000,0.000000,15
9.600000,30.50000,-1.50000,0.244979,16
9.600000,31.50000,-1.25000,0.463648,17
9.600000,32.50000,-0.75000,0.244979,18
9.600000,33.50000,-0.50000,0.244979,19
9.600000,34.50000,-0.25000,0.000000,20
9.600000,35.50000,-0.25000,0.000000,21
9.600000,36.50000,-0.25000,0.000000,22
9.600000,37.50000,-0.25000,0.000000,23
9.600000,38.50000,-0.25000,0.000000,24
9.600000,39.50000,-0.25000,0.000000,25
9.600000,40.50000,-0.25000,0.000000,26
9.600000,41.50000,-0.25000,0.000000,27
9.600000,42.50000,-0.25000,0.000000,28
9.600000,43.50000,-0.25000,0.000000,29
9.600000,44.50000,-0.25000,0.000000,30
9.700000,14.67733,1.50481,0.289657,0
9.700000,15.50000,1.75000,0.244979,1
9.700000,16.50000,2.00000,0.000000,2
9.700000,17.50000,2.00000,0.000000,3
9.700000,18.50000,2.00000,-0.244979,4
9.700000,19.50000,1.75000,-0.244979,5
9.700000,20.50000,1.50000,-0.463648,6
9.700000,21.50000,1.00000,-0.463648,7
9.700000,22.50000,0.50000,-0.463648,8
9.700000,23.50000,0.00000,-0.244979,9
9.700000,24.50000,-0.25000,-0.463648,10
9.700000,25.50000,-0.75000,-0.463648,11
9.700000,26.50000,-1.25000,-0.244979,12
9.700000,27.50000,-1.50000,0.000000,13
9.700000,28.50000,-1.50000,0.000000,14
9.700000,29.50000,-1.50000,0.000000,15
9.700000,30.50000,-1.50000,0.244979,16
9.700000,31.50000,-1.25000,0.463648,17
9.700000,32.50000,-0.75000,0.244979,18
9.700000,33.50000,-0.50000,0.244979,19
9.700000,34.50000,-0.25000,0.000000,20
9.700000,35.50000,-0.25000,0.000000,21
9.700000,36.50000,-0.25000,0.000000,22
9.700000,37.50000,-0.25000,0.000000,23
9.700000,38.50000,-0.25000,0.000000,24
9.700000,39.50000,-0.25000,0.000000,25
9.700000,40.50000,-0.25000,0.000000,26
9.700000,41.50000,-0.25000,0.000000,27
9.700000,42.50000,-0.25000,0.000000,28
9.700000,43.50000,-0.25000,0.000000,29
9.700000,44.50000,-0.25000,0.000000,30
9.800000,14.80200,1.50073,0.394866,0
9.800000,16.00000,2.00000,0.000000,1
9.800000,17.00000,2.00000,0.000000,2
9.800000,18.00000,2.00000,-0.244979,3
9.800000,19.00000,1.75000,-0.244979,4
9.800000,20.00000,1.50000,-0.244979,5
9.800000,21.00000,1.25000,-0.463648,6
9.800000,22.00000,0.75000,-0.463648,7
9.800000,23.00000,0.25000,-0.244979,8
9.800000,24.00000,0.00000,-0.244979,9
9.800000,25.00000,-0.25000,-0.463648,10
9.800000,26.00000,-0.75000,-0.463648,11
9.800000,27.00000,-1.25000,-0.244979,12
9.800000,28.00000,-1.50000,0.000000,13
9.800000,29.00000,-1.50000,0.000000,14
9.800000,30.00000,-1.50000,0.000000,15
9.800000,31.00000,-1.50000,0.463648,16
9.800000,32.00000,-1.00000,0.244979,17
9.800000,33.00000,-0.75000,0.244979,18
9.800000,34.00000,-0.50000,0.244979,19
9.800000,35.00000,-0.25000,0.000000,20
9.800000,36.00000,-0.25000,0.000000,21
9.800000,37.00000,-0.25000,0.000000,22
9.800000,38.00000,-0.25000,0.000000,23
9.800000,39.00000,-0.25000,0.000000,24
9.800000,40.00000,-0.25000,0.000000,25
9.800000,41.00000,-0.25000,0.000000,26
9.800000,42.00000,-0.25000,0.000000,27
9.800000,43.00000,-0.25000,0.000000,28
9.800000,44.00000,-0.25000,0.000000,29
9.800000,45.00000,-0.25000,0.000000,30
9.900000,14.91620,1.56019,0.385502,0
9.900000,16.00000,2.00000,0.000000,1
9.900000,17.00000,2.00000,0.000000,2
9.900000,18.00000,2.00000,-0.244979,3
9.900000,19.00000,1.75000,-0.244979,4
9.900000,20.00000,1.50000,-0.244979,5
9.900000,21.00000,1.25000,-0.463648,6
9.900000,22.00000,0.75000,-0.463648,7
9.900000,23.00000,0.25000,-0.244979,8
9.900000,24.00000,0.00000,-0.463648,9
9.900000,25.00000,-0.50000,-0.463648,10
9.900000,26.00000,-1.00000,-0.244979,11
9.900000,27.00000,-1.25000,-0.244979,12
9.900000,28.00000,-1.50000,0.000000,13
9.900000,29.00000,-1.50000,0.000000,14
9.900000,30.00000,-1.50000,0.000000,15
9.900000,31.00000,-1.50000,0.463648,16
9.900000,32.00000,-1.00000,0.244979,17
9.900000,33.00000,-0.75000,0.244979,18
9.900000,34.00000,-0.50000,0.244979,19
9.900000,35.00000,-0.25000,0.000000,20
9.900000,36.00000,-0.25000,0.000000,21
9.900000,37.00000,-0.25000,0.000000,22
9.900000,38.00000,-0.25000,0.000000,23
9.900000,39.00000,-0.25000,0.000000,24
9.900000,40.00000,-0.25000,0.000000,25
9.900000,41.00000,-0.25000,0.000000,26
9.900000,42.00000,-0.25000,0.000000,27
9.900000,43.00000,-0.25000,0.000000,28
9.900000,44.00000,-0.25000,0.000000,29
9.900000,45.00000,-0.25000,0.000000,30
10.000000,15.10135,1.62019,0.399872,0
10.000000,16.00000,2.00000,0.000000,1
10.000000,17.00000,2.00000,0.000000,2
10.000000,18.00000,2.00000,0.000000,3
10.000000,19.00000,2.00000,-0.244979,4
10.000000,20.00000,1.75000,-0.463648,5
10.000000,21.00000,1.25000,-0.463648,6
10.000000,22.00000,0.75000,-0.463648,7
10.000000,23.00000,0.25000,-0.244979,8
10.000000,24.00000,0.00000,-0.244979,9
10.000000,25.00000,-0.25000,-0.463648,10
10.000000,26.00000,-0.75000,-0.463648,11
10.000000,27.00000,-1.25000,-0.244979,12
10.000000,28.00000,-1.50000,0.000000,13
10.000000,29.00000,-1.50000,0.000000,14
10.000000,30.00000,-1.50000,0.000000,15
10.000000,31.00000,-1.50000,0.463648,16
10.000000,32.00000,-1.00000,0.244979,17
10.000000,33.00000,-0.75000,0.244979,18
10.000000,34.00000,-0.50000,0.244979,19
10.000000,35.00000,-0.25000,0.000000,20
10.000000,36.00000,-0.25000,0.000000,21
10.000000,37.00000,-0.25000,0.000000,22
10.000000,38.00000,-0.25000,0.000000,23
10.000000,39.00000,-0.25000,0.000000,24
10.000000,40.00000,-0.25000,0.000000,25
10.000000,41.00000,-0.25000,0.000000,26
10.000000,42.00000,-0.25000,0.000000,27
10.000000,43.00000,-0.25000,0.000000,28
10.000000,44.00000,-0.25000,0.000000,29
10.000000,45.00000,-0.25000,0.000000,30
10.100000,15.28748,1.65447,0.277610,0
10.100000,16.50000,2.00000,0.000000,1
10.100000,17.50000,2.00000,0.000000,2
10.100000,18.50000,2.00000,-0.244979,3
10.100000,19.50000,1.75000,-0.244979,4
10.100000,20.50000,1.50000,-0.463648,5
10.100000,21.50000,1.00000,-0.463648,6
10.100000,22.50000,0.50000,-0.463648,7
10.100000,23.50000,0.00000,-0.244979,8
10.100000,24.50000,-0.25000,-0.244979,9
10.100000,25.50000,-0.50000,-0.463648,10
10.100000,26.50000,-1.00000,-0.244979,11
10.100000,27.50000,-1.25000,-0.244979,12
10.100000,28.50000,-1.50000,0.000000,13
10.100000,29.50000,-1.50000,0.000000,14
10.100000,30.50000,-1.50000,0.244979,15
10.100000,31.50000,-1.25000,0.463648,16
10.100000,32.50000,-0.75000,0.244979,17
10.100000,33.50000,-0.50000,0.244979,18
10.100000,34.50000,-0.25000,0.000000,19
10.100000,35.50000,-0.25000,0.000000,20
10.100000,36.50000,-0.25000,0.000000,21
10.100000,37.50000,-0.25000,0.000000,22
10.100000,38.50000,-0.25000,0.000000,23
10.100000,39.50000,-0.25000,0.000000,24
10.100000,40.50000,-0.25000,0.000000,25
10.100000,41.50000,-0.25000,0.000000,26
10.100000,42.50000,-0.25000,0.000000,27
10.100000,43.50000,-0.25000,0.000000,28
10.100000,44.50000,-0.25000,0.000000,29
10.100000,45.50000,-0.25000,0.000000,30
10.200000,15.43538,1.70416,0.271047,0
10.200000,16.50000,2.00000,0.000000,1
10.200000,17.50000,2.00000,0.000000,2
10.200000,18.50000,2.00000,-0.244979,3
10.200000,19.50000,1.75000,-0.244979,4
10.200000,20.50000,1.50000,-0.463648,5
10.200000,21.50000,1.00000,-0.463648,6
10.200000,22.50000,0.50000,-0.463648,7
10.200000,23.50000,0.00000,-0.244979,8
10.200000,24.50000,-0.25000,-0.244979,9
10.200000,25.50000,-0.50000,-0.463648,10
10.200000,26.50000,-1.00000,-0.244979,11
10.200000,27.50000,-1.25000,-0.244979,12
10.200000,28.50000,-1.50000,0.000000,13
10.200000,29.50000,-1.50000,0.000000,14
10.200000,30.50000,-1.50000,0.244979,15
10.200000,31.50000,-1.25000,0.463648,16
10.200000,32.50000,-0.75000,0.244979,17
10.200000,33.50000,-0.50000,0.244979,18
10.200000,34.50000,-0.25000,0.000000,19
10.200000,35.50000,-0.25000,0.000000,20
10.200000,36.50000,-0.25000,0.000000,21
10.200000,37.50000,-0.25000,0.000000,22
10.200000,38.50000,-0.25000,0.000000,23
10.200000,39.50000,-0.25000,0.000000,24
10.200000,40.50000,-0.25000,0.000000,25
10.200000,41.50000,-0.25000,0.000000,26
10.200000,42.50000,-0.25000,0.000000,27
10.200000,43.50000,-0.25000,0.000000,28
10.200000,44.50000,-0.25000,0.000000,29
10.200000,45.50000,-0.25000,0.000000,30
10.300000,15.62621,1.74026,0.288942,0
10.300000,16.50000,2.00000,0.000000,1
10.300000,17.50000,2.00000,0.000000,2
10.300000,18.50000,2.00000,-0.244979,3
10.300000,19.50000,1.75000,-0.244979,4
10.300000,20.50000,1.50000,-0.463648,5
10.300000,21.50000,1.00000,-0.463648,6
10.300000,22.50000,0.50000,-0.463648,7
10.300000,23.50000,0.00000,-0.244979,8
10.300000,24.50000,-0.25000,-0.463648,9
10.300000,25.50000,-0.75000,-0.463648,10
10.300000,26.50000,-1.25000,-0.244979,11
10.300000,27.50000,-1.50000,0.000000,12
10.300000,28.50000,-1.50000,0.000000,13
10.300000,29.50000,-1.50000,0.000000,14
10.300000,30.50000,-1.50000,0.244979,15
10.300000,31.50000,-1.25000,0.463648,16
10.300000,32.50000,-0.75000,0.244979,17
10.300000,33.50000,-0.50000,0.244979,18
10.300000,34.50000,-0.25000,0.000000,19
10.300000,35.50000,-0.25000,0.000000,20
10.300000,36.50000,-0.25000,0.000000,21
10.300000,37.50000,-0.25000,0.000000,22
10.300000,38.50000,-0.25000,0.000000,23
10.300000,39.50000,-0.25000,0.000000,24
10.300000,40.50000,-0.25000,0.000000,25
10.300000,41.50000,-0.25000,0.000000,26
10.300000,42.50000,-0.25000,0.000000,27
10.300000,43.50000,-0.25000,0.000000,28
10.300000,44.50000,-0.25000,0.000000,29
10.300000,45.50000,-0.25000,0.000000,30
10.400000,15.84116,1.79606,0.174206,0
10.400000,17.00000,2.00000,0.000000,1
10.400000,18.00000,2.00000,0.000000,2
10.400000,19.00000,2.00000,-0.244979,3
10.400000,20.00000,1.75000,-0.463648,4
10.400000,21.00000,1.25000,-0.463648,5
10.400000,22.00000,0.75000,-0.463648,6
10.400000,23.00000,0.25000,-0.244979,7
10.400000,24.00000,0.00000,-0.244979,8
10.400000,25.00000,-0.25000,-0.463648,9
10.400000,26.00000,-0.75000,-0.463648,10
10.400000,27.00000,-1.25000,-0.244979,11
10.400000,28.00000,-1.50000,0.000000,12
10.400000,29.00000,-1.50000,0.000000,13
10.400000,30.00000,-1.50000,0.000000,14
10.400000,31.00000,-1.50000,0.463648,15
10.400000,32.00000,-1.00000,0.244979,16
10.400000,33.00000,-0.75000,0.244979,17
10.400000,34.00000,-0.50000,0.244979,18
10.400000,35.00000,-0.25000,0.000000,19
10.400000,36.00000,-0.25000,0.000000,20
10.400000,37.00000,-0.25000,0.000000,21
10.400000,38.00000,-0.25000,0.000000,22
10.400000,39.00000,-0.25000,0.000000,23
10.400000,40.00000,-0.25000,0.000000,24
10.400000,41.00000,-0.25000,0.000000,25
10.400000,42.00000,-0.25000,0.000000,26
10.400000,43.00000,-0.25000,0.000000,27
10.400000,44.00000,-0.25000,0.000000,28
10.400000,45.00000,-0.25000,0.000000,29
10.400000,46.00000,-0.25000,0.000000,30
10.500000,16.04508,1.81754,0.188795,0
10.500000,17.00000,2.00000,0.000000,1
10.500000,18.00000,2.00000,0.000000,2
10.500000,19.00000,2.00000,-0.244979,3
10.500000,20.00000,1.75000,-0.463648,4
10.500000,21.00000,1.25000,-0.463648,5
10.500000,22.00000,0.75000,-0.463648,6
10.500000,23.00000,0.25000,-0.244979,7
10.500000,24.00000,0.00000,-0.244979,8
10.500000,25.00000,-0.25000,-0.463648,9
10.500000,26.00000,-0.75000,-0.463648,10
10.500000,27.00000,-1.25000,-0.244979,11
10.500000,28.00000,-1.50000,0.000000,12
10.500000,29.00000,-1.50000,0.000000,13
10.500000,30.00000,-1.50000,0.000000,14
10.500000,31.00000,-1.50000,0.463648,15
10.500000,32.00000,-1.00000,0.244979,16
10.500000,33.00000,-0.75000,0.244979,17
10.500000,34.00000,-0.50000,0.244979,18
10.500000,35.00000,-0.25000,0.000000,19
10.500000,36.00000,-0.25000,0.000000,20
10.500000,37.00000,-0.25000,0.000000,21
10.500000,38.00000,-0.25000,0.000000,22
10.500000,39.00000,-0.25000,0.000000,23
10.500000,40.00000,-0.25000,0.000000,24
10.500000,41.00000,-0.25000,0.000000,25
10.500000,42.00000,-0.25000,0.000000,26
10.500000,43.00000,-0.25000,0.000000,27
10.500000,44.00000,-0.25000,0.000000,28
10.500000,45.00000,-0.25000,0.000000,29
10.500000,46.00000,-0.25000,0.000000,30
10.600000,16.26564,1.83342,0.134142,0
10.600000,17.50000,2.00000,0.000000,1
10.600000,18.50000,2.00000,-0.244979,2
10.600000,19.50000,1.75000,-0.244979,3
10.600000,20.50000,1.50000,-0.463648,4
10.600000,21.50000,1.00000,-0.463648,5
10.600000,22.50000,0.50000,-0.463648,6
10.600000,23.50000,0.00000,-0.244979,7
10.600000,24.50000,-0.25000,-0.463648,8
10.600000,25.50000,-0.75000,-0.463648,9
10.600000,26.50000,-1.25000,-0.244979,10
10.600000,27.50000,-1.50000,0.000000,11
10.600000,28.50000,-1.50000,0.000000,12
10.600000,29.50000,-1.50000,0.000000,13
10.600000,30.50000,-1.50000,0.244979,14
10.600000,31.50000,-1.25000,0.463648,15
10.600000,32.50000,-0.75000,0.244979,16
10.600000,33.50000,-0.50000,0.244979,17
10.600000,34.50000,-0.25000,0.000000,18
10.600000,35.50000,-0.25000,0.000000,19
10.600000,36.50000,-0.25000,0.000000,20
10.600000,37.50000,-0.25000,0.000000,21
10.600000,38.50000,-0.25000,0.000000,22
10.600000,39.50000,-0.25000,0.000000,23
10.600000,40.50000,-0.25000,0.000000,24
10.600000,41.50000,-0.25000,0.000000,25
10.600000,42.50000,-0.25000,0.000000,26
10.600000,43.50000,-0.25000,0.000000,27
10.600000,44.50000,-0.25000,0.000000,28
10.600000,45.50000,-0.25000,0.000000,29
10.600000,46.50000,-0.25000,0.000000,30
10.700000,16.45312,1.90722,0.088398,0
10.700000,17.50000,2.00000,0.000000,1
10.700000,18.50000,2.00000,-0.244979,2
10.700000,19.50000,1.75000,-0.244979,3
10.700000,20.50000,1.50000,-0.463648,4
10.700000,21.50000,1.00000,-0.463648,5
10.700000,22.50000,0.50000,-0.463648,6
10.700000,23.50000,0.00000,-0.244979,7
10.700000,24.50000,-0.25000,-0.463648,8
10.700000,25.50000,-0.75000,-0.463648,9
10.700000,26.50000,-1.25000,-0.244979,10
10.700000,27.50000,-1.50000,0.000000,11
10.700000,28.50000,-1.50000,0.000000,12
10.700000,29.50000,-1.50000,0.000000,13
10.700000,30.50000,-1.50000,0.244979,14
10.700000,31.50000,-1.25000,0.463648,15
10.700000,32.50000,-0.75000,0.244979,16
10.700000,33.50000,-0.50000,0.244979,17
10.700000,34.50000,-0.25000,0.000000,18
10.700000,35.50000,-0.25000,0.000000,19
10.700000,36.50000,-0.25000,0.000000,20
10.700000,37.50000,-0.25000,0.000000,21
10.700000,38.50000,-0.25000,0.000000,22
10.700000,39.50000,-0.25000,0.000000,23
10.700000,40.50000,-0.25000,0.000000,24
10.700000,41.50000,-0.25000,0.000000,25
10.700000,42.50000,-0.25000,0.000000,26
10.700000,43.50000,-0.25000,0.000000,27
10.700000,44.50000,-0.25000,0.000000,28
10.700000,45.50000,-0.25000,0.000000,29
10.700000,46.50000,-0.25000,0.000000,30
10.804000,16.73641,1.96056,0.051602,0
10.804000,17.50000,2.00000,0.000000,1
10.804000,18.50000,2.00000,-0.244979,2
10.804000,19.50000,1.75000,-0.244979,3
10.804000,20.50000,1.50000,-0.463648,4
10.804000,21.50000,1.00000,-0.463648,5
10.804000,22.50000,0.50000,-0.463648,6
10.804000,23.50000,0.00000,-0.244979,7
10.804000,24.50000,-0.25000,-0.463648,8
10.804000,25.50000,-0.75000,-0.463648,9
10.804000,26.50000,-1.25000,-0.244979,10
10.804000,27.50000,-1.50000,0.000000,11
10.804000,28.50000,-1.50000,0.000000,12
10.804000,29.50000,-1.50000,0.000000,13
10.804000,30.50000,-1.50000,0.244979,14
10.804000,31.50000,-1.25000,0.463648,15
10.804000,32.50000,-0.75000,0.244979,16
10.804000,33.50000,-0.50000,0.244979,17
10.804000,34.50000,-0.25000,0.000000,18
10.804000,35.50000,-0.25000,0.000000,19
10.804000,36.50000,-0.25000,0.000000,20
10.804000,37.50000,-0.25000,0.000000,21
10.804000,38.50000,-0.25000,0.000000,22
10.804000,39.50000,-0.25000,0.000000,23
10.804000,40.50000,-0.25000,0.000000,24
10.804000,41.50000,-0.25000,0.000000,25
10.804000,42.50000,-0.25000,0.000000,26
10.804000,43.50000,-0.25000,0.000000,27
10.804000,44.50000,-0.25000,0.000000,28
10.804000,45.50000,-0.25000,0.000000,29
10.804000,46.50000,-0.25000,0.000000,30
10.900000,16.93150,2.01082,-0.010128,0
10.900000,18.00000,2.00000,0.000000,1
10.900000,19.00000,2.00000,-0.244979,2
10.900000,20.00000,1.75000,-0.463648,3
10.900000,21.00000,1.25000,-0.463648,4
10.900000,22.00000,0.75000,-0.463648,5
10.900000,23.00000,0.25000,-0.244979,6
10.900000,24.00000,0.00000,-0.244979,7
10.900000,25.00000,-0.25000,-0.463648,8
10.900000,26.00000,-0.75000,-0.463648,9
10.900000,27.00000,-1.25000,-0.244979,10
10.900000,28.00000,-1.50000,0.000000,11
10.900000,29.00000,-1.50000,0.000000,12
10.900000,30.00000,-1.50000,0.000000,13
10.900000,31.00000,-1.50000,0.463648,14
10.900000,32.00000,-1.00000,0.244979,15
10.900000,33.00000,-0.75000,0.244979,16
10.900000,34.00000,-0.50000,0.244979,17
10.900000,35.00000,-0.25000,0.000000,18
10.900000,36.00000,-0.25000,0.000000,19
10.900000,37.00000,-0.25000,0.000000,20
10.900000,38.00000,-0.25000,0.000000,21
10.900000,39.00000,-0.25000,0.000000,22
10.900000,40.00000,-0.25000,0.000000,23
10.900000,41.00000,-0.25000,0.000000,24
10.900000,42.00000,-0.25000,0.000000,25
10.900000,43.00000,-0.25000,0.000000,26
10.900000,44.00000,-0.25000,0.000000,27
10.900000,45.00000,-0.25000,0.000000,28
10.900000,46.00000,-0.25000,0.000000,29
10.900000,47.00000,-0.25000,0.000000,30
11.000000,17.20181,2.06866,-0.085808,0
11.000000,18.00000,2.00000,0.000000,1
11.000000,19.00000,2.00000,-0.244979,2
11.000000,20.00000,1.75000,-0.463648,3
11.000000,21.00000,1.25000,-0.463648,4
11.000000,22.00000,0.75000,-0.463648,5
11.000000,23.00000,0.25000,-0.244979,6
11.000000,24.00000,0.00000,-0.244979,7
11.000000,25.00000,-0.25000,-0.463648,8
11.000000,26.00000,-0.75000,-0.463648,9
11.000000,27.00000,-1.25000,-0.244979,10
11.000000,28.00000,-1.50000,0.000000,11
11.000000,29.00000,-1.50000,0.000000,12
11.000000,30.00000,-1.50000,0.000000,13
11.000000,31.00000,-1.50000,0.463648,14
11.000000,32.00000,-1.00000,0.244979,15
11.000000,33.00000,-0.75000,0.244979,16
11.000000,34.00000,-0.50000,0.244979,17
11.000000,35.00000,-0.25000,0.000000,18
11.000000,36.00000,-0.25000,0.000000,19
11.000000,37.00000,-0.25000,0.000000,20
11.000000,38.00000,-0.25000,0.000000,21
11.000000,39.00000,-0.25000,0.000000,22
11.000000,40.00000,-0.25000,0.000000,23
11.000000,41.00000,-0.25000,0.000000,24
11.000000,42.00000,-0.25000,0.000000,25
11.000000,43.00000,-0.25000,0.000000,26
11.000000,44.00000,-0.25000,0.000000,27
11.000000,45.00000,-0.25000,0.000000,28
11.000000,46.00000,-0.25000,0.000000,29
11.000000,47.00000,-0.25000,0.000000,30
11.102000,17.43397,2.15809,-0.147222,0
11.102000,18.50000,2.00000,-0.244979,1
11.102000,19.50000,1.75000,-0.244979,2
11.102000,20.50000,1.50000,-0.463648,3
11.102000,21.50000,1.00000,-0.463648,4
11.102000,22.50000,0.50000,-0.463648,5
11.102000,23.50000,0.00000,-0.244979,6
11.102000,24.50000,-0.25000,-0.244979,7
11.102000,25.50000,-0.50000,-0.463648,8
11.102000,26.50000,-1.00000,-0.244979,9
11.102000,27.50000,-1.25000,0.000000,10
11.102000,28.50000,-1.25000,0.000000,11
11.102000,29.50000,-1.25000,0.000000,12
11.102000,30.50000,-1.25000,0.000000,13
11.102000,31.50000,-1.25000,0.463648,14
11.102000,32.50000,-0.75000,0.244979,15
11.102000,33.50000,-0.50000,0.244979,16
11.102000,34.50000,-0.25000,0.000000,17
11.102000,35.50000,-0.25000,0.000000,18
11.102000,36.50000,-0.25000,0.000000,19
11.102000,37.50000,-0.25000,0.000000,20
11.102000,38.50000,-0.25000,0.000000,21
11.102000,39.50000,-0.25000,0.000000,22
11.102000,40.50000,-0.25000,0.000000,23
11.102000,41.50000,-0.25000,0.000000,24
11.102000,42.50000,-0.25000,0.000000,25
11.102000,43.50000,-0.25000,0.000000,26
11.102000,44.50000,-0.25000,0.000000,27
11.102000,45.50000,-0.25000,0.000000,28
11.102000,46.50000,-0.25000,0.000000,29
11.102000,47.50000,-0.25000,0.000000,30
11.200000,17.63988,2.21133,-0.240921,0
11.200000,18.50000,2.00000,-0.244979,1
11.200000,19.50000,1.75000,-0.244979,2
11.200000,20.50000,1.50000,-0.463648,3
11.200000,21.50000,1.00000,-0.463648,4
11.200000,22.50000,0.50000,-0.463648,5
11.200000,23.50000,0.00000,-0.244979,6
11.200000,24.50000,-0.25000,-0.463648,7
11.200000,25.50000,-0.75000,-0.463648,8
11.200000,26.50000,-1.25000,-0.244979,9
11.200000,27.50000,-1.50000,0.000000,10
11.200000,28.50000,-1.50000,0.000000,11
11.200000,29.50000,-1.50000,0.000000,12
11.200000,30.50000,-1.50000,0.244979,13
11.200000,31.50000,-1.25000,0.463648,14
11.200000,32.50000,-0.75000,0.244979,15
11.200000,33.50000,-0.50000,0.244979,16
11.200000,34.50000,-0.25000,0.000000,17
11.200000,35.50000,-0.25000,0.000000,18
11.200000,36.50000,-0.25000,0.000000,19
11.200000,37.50000,-0.25000,0.000000,20
11.200000,38.50000,-0.25000,0.000000,21
11.200000,39.50000,-0.25000,0.000000,22
11.200000,40.50000,-0.25000,0.000000,23
11.200000,41.50000,-0.25000,0.000000,24
11.200000,42.50000,-0.25000,0.000000,25
11.200000,43.50000,-0.25000,0.000000,26
11.200000,44.50000,-0.25000,0.000000,27
11.200000,45.50000,-0.25000,0.000000,28
11.200000,46.50000,-0.25000,0.000000,29
11.200000,47.50000,-0.25000,0.000000,30
11.300000,17.89517,2.27920,-0.247528,0
11.300000,19.00000,2.00000,-0.244979,1
11.300000,20.00000,1.75000,-0.463648,2
11.300000,21.00000,1.25000,-0.463648,3
11.300000,22.00000,0.75000,-0.463648,4
11.300000,23.00000,0.25000,-0.244979,5
11.300000,24.00000,0.00000,-0.244979,6
11.300000,25.00000,-0.25000,-0.463648,7
11.300000,26.00000,-0.75000,-0.463648,8
11.300000,27.00000,-1.25000,-0.244979,9
11.300000,28.00000,-1.50000,0.000000,10
11.300000,29.00000,-1.50000,0.000000,11
11.300000,30.00000,-1.50000,0.000000,12
11.300000,31.00000,-1.50000,0.463648,13
11.300000,32.00000,-1.00000,0.244979,14
11.300000,33.00000,-0.75000,0.244979,15
11.300000,34.00000,-0.50000,0.244979,16
11.300000,35.00000,-0.25000,0.000000,17
11.300000,36.00000,-0.25000,0.000000,18
11.300000,37.00000,-0.25000,0.000000,19
11.300000,38.00000,-0.25000,0.000000,20
11.300000,39.00000,-0.25000,0.000000,21
11.300000,40.00000,-0.25000,0.000000,22
11.300000,41.00000,-0.25000,0.000000,23
11.300000,42.00000,-0.25000,0.000000,24
11.300000,43.00000,-0.25000,0.000000,25
11.300000,44.00000,-0.25000,0.000000,26
11.300000,45.00000,-0.25000,0.000000,27
11.300000,46.00000,-0.25000,0.000000,28
11.300000,47.00000,-0.25000,0.000000,29
11.300000,48.00000,-0.25000,0.000000,30
11.400000,18.13718,2.34836,-0.383730,0
11.400000,19.00000,2.00000,-0.244979,1
11.400000,20.00000,1.75000,-0.463648,2
11.400000,21.00000,1.25000,-0.463648,3
11.400000,22.00000,0.75000,-0.463648,4
11.400000,23.00000,0.25000,-0.244979,5
11.400000,24.00000,0.00000,-0.244979,6
11.400000,25.00000,-0.25000,-0.463648,7
11.400000,26.00000,-0.75000,-0.463648,8
11.400000,27.00000,-1.25000,-0.244979,9
11.400000,28.00000,-1.50000,0.000000,10
11.400000,29.00000,-1.50000,0.000000,11
11.400000,30.00000,-1.50000,0.000000,12
11.400000,31.00000,-1.50000,0.463648,13
11.400000,32.00000,-1.00000,0.244979,14
11.400000,33.00000,-0.75000,0.244979,15
11.400000,34.00000,-0.50000,0.244979,16
11.400000,35.00000,-0.25000,0.000000,17
11.400000,36.00000,-0.25000,0.000000,18
11.400000,37.00000,-0.25000,0.000000,19
11.400000,38.00000,-0.25000,0.000000,20
11.400000,39.00000,-0.25000,0.000000,21
11.400000,40.00000,-0.25000,0.000000,22
11.400000,41.00000,-0.25000,0.000000,23
11.400000,42.00000,-0.25000,0.000000,24
11.400000,43.00000,-0.25000,0.000000,25
11.400000,44.00000,-0.25000,0.000000,26
11.400000,45.00000,-0.25000,0.000000,27
11.400000,46.00000,-0.25000,0.000000,28
11.400000,47.00000,-0.25000,0.000000,29
11.400000,48.00000,-0.25000,0.000000,30
11.500000,18.38370,2.40770,-0.532424,0
11.500000,19.50000,1.75000,-0.244979,1
11.500000,20.50000,1.50000,-0.463648,2
11.500000,21.50000,1.00000,-0.463648,3
11.500000,22.50000,0.50000,-0.463648,4
11.500000,23.50000,0.00000,-0.244979,5
11.500000,24.50000,-0.25000,-0.463648,6
11.500000,25.50000,-0.75000,-0.463648,7
11.500000,26.50000,-1.25000,-0.244979,8
11.500000,27.50000,-1.50000,0.000000,9
11.500000,28.50000,-1.50000,0.000000,10
11.500000,29.50000,-1.50000,0.000000,11
11.500000,30.50000,-1.50000,0.244979,12
11.500000,31.50000,-1.25000,0.244979,13
11.500000,32.50000,-1.00000,0.244979,14
11.500000,33.50000,-0.75000,0.244979,15
11.500000,34.50000,-0.50000,0.000000,16
11.500000,35.50000,-0.50000,0.000000,17
11.500000,36.50000,-0.50000,0.000000,18
11.500000,37.50000,-0.50000,0.000000,19
11.500000,38.50000,-0.50000,0.000000,20
11.500000,39.50000,-0.50000,0.000000,21
11.500000,40.50000,-0.50000,0.000000,22
11.500000,41.50000,-0.50000,0.000000,23
11.500000,42.50000,-0.50000,0.000000,24
11.500000,43.50000,-0.50000,0.000000,25
11.500000,44.50000,-0.50000,0.000000,26
11.500000,45.50000,-0.50000,0.000000,27
11.500000,46.50000,-0.50000,0.000000,28
11.500000,47.50000,-0.50000,0.000000,29
11.500000,48.50000,-0.50000,0.000000,30
11.600000,18.61860,2.46118,-0.678921,0
11.600000,19.50000,1.75000,-0.244979,1
11.600000,20.50000,1.50000,-0.463648,2
11.600000,21.50000,1.00000,-0.463648,3
11.600000,22.50000,0.50000,-0.463648,4
11.600000,23.50000,0.00000,-0.244979,5
11.600000,24.50000,-0.25000,-0.463648,6
11.600000,25.50000,-0.75000,-0.463648,7
11.600000,26.50000,-1.25000,-0.244979,8
11.600000,27.50000,-1.50000,0.000000,9
11.600000,28.50000,-1.50000,0.000000,10
11.600000,29.50000,-1.50000,0.000000,11
11.600000,30.50000,-1.50000,0.244979,12
11.600000,31.50000,-1.25000,0.463648,13
11.600000,32.50000,-0.75000,0.244979,14
11.600000,33.50000,-0.50000,0.244979,15
11.600000,34.50000,-0.25000,0.000000,16
11.600000,35.50000,-0.25000,0.000000,17
11.600000,36.50000,-0.25000,0.000000,18
11.600000,37.50000,-0.25000,0.000000,19
11.600000,38.50000,-0.25000,0.000000,20
11.600000,39.50000,-0.25000,0.000000,21
11.600000,40.50000,-0.25000,0.000000,22
11.600000,41.50000,-0.25000,0.000000,23
11.600000,42.50000,-0.25000,0.000000,24
11.600000,43.50000,-0.25000,0.000000,25
11.600000,44.50000,-0.25000,0.000000,26
11.600000,45.50000,-0.25000,0.000000,27
11.600000,46.50000,-0.25000,0.000000,28
11.600000,47.50000,-0.25000,0.000000,29
11.600000,48.50000,-0.25000,0.000000,30
11.700000,18.85226,2.48480,-0.569465,0
11.700000,20.00000,1.75000,-0.463648,1
11.700000,21.00000,1.25000,-0.463648,2
11.700000,22.00000,0.75000,-0.463648,3
11.700000,23.00000,0.25000,-0.244979,4
11.700000,24.00000,0.00000,-0.244979,5
11.700000,25.00000,-0.25000,-0.463648,6
11.700000,26.00000,-0.75000,-0.463648,7
11.700000,27.00000,-1.25000,-0.244979,8
11.700000,28.00000,-1.50000,0.000000,9
11.700000,29.00000,-1.50000,0.000000,10
11.700000,30.00000,-1.50000,0.000000,11
11.700000,31.00000,-1.50000,0.463648,12
11.700000,32.00000,-1.00000,0.244979,13
11.700000,33.00000,-0.75000,0.244979,14
11.700000,34.00000,-0.50000,0.244979,15
11.700000,35.00000,-0.25000,0.000000,16
11.700000,36.00000,-0.25000,0.000000,17
11.700000,37.00000,-0.25000,0.000000,18
11.700000,38.00000,-0.25000,0.000000,19
11.700000,39.00000,-0.25000,0.000000,20
11.700000,40.00000,-0.25000,0.000000,21
11.700000,41.00000,-0.25000,0.000000,22
11.700000,42.00000,-0.25000,0.000000,23
11.700000,43.00000,-0.25000,0.000000,24
11.700000,44.00000,-0.25000,0.000000,25
11.700000,45.00000,-0.25000,0.000000,26
11.700000,46.00000,-0.25000,0.000000,27
11.700000,47.00000,-0.25000,-0.244979,28
11.700000,48.00000,-0.50000,0.000000,29
11.700000,49.00000,-0.50000,0.000000,30
11.800000,19.07276,2.50022,-0.680261,0
11.800000,20.00000,1.75000,-0.463648,1
11.800000,21.00000,1.25000,-0.463648,2
11.800000,22.00000,0.75000,-0.463648,3
11.800000,23.00000,0.25000,-0.244979,4
11.800000,24.00000,0.00000,-0.244979,5
11.800000,25.00000,-0.25000,-0.463648,6
11.800000,26.00000,-0.75000,-0.463648,7
11.800000,27.00000,-1.25000,-0.244979,8
11.800000,28.00000,-1.50000,0.000000,9
11.800000,29.00000,-1.50000,0.000000,10
11.800000,30.00000,-1.50000,0.000000,11
11.800000,31.00000,-1.50000,0.463648,12
11.800000,32.00000,-1.00000,0.244979,13
11.800000,33.00000,-0.75000,0.244979,14
11.800000,34.00000,-0.50000,0.244979,15
11.800000,35.00000,-0.25000,0.000000,16
11.800000,36.00000,-0.25000,0.000000,17
11.800000,37.00000,-0.25000,0.000000,18
11.800000,38.00000,-0.25000,0.000000,19
11.800000,39.00000,-0.25000,0.000000,20
11.800000,40.00000,-0.25000,0.000000,21
11.800000,41.00000,-0.25000,0.000000,22
11.800000,42.00000,-0.25000,0.000000,23
11.800000,43.00000,-0.25000,0.000000,24
11.800000,44.00000,-0.25000,0.000000,25
11.800000,45.00000,-0.25000,0.000000,26
11.800000,46.00000,-0.25000,0.000000,27
11.800000,47.00000,-0.25000,-0.244979,28
11.800000,48.00000,-0.50000,0.000000,29
11.800000,49.00000,-0.50000,0.000000,30
11.900000,19.27932,2.54067,-0.574778,0
11.900000,20.50000,1.75000,-0.643501,1
11.900000,21.50000,1.00000,-0.463648,2
11.900000,22.50000,0.50000,-0.463648,3
11.900000,23.50000,0.00000,-0.244979,4
11.900000,24.50000,-0.25000,-0.463648,5
11.900000,25.50000,-0.75000,-0.463648,6
11.900000,26.50000,-1.25000,-0.244979,7
11.900000,27.50000,-1.50000,0.000000,8
11.900000,28.50000,-1.50000,0.000000,9
11.900000,29.50000,-1.50000,0.000000,10
11.900000,30.50000,-1.50000,0.244979,11
11.900000,31.50000,-1.25000,0.244979,12
11.900000,32.50000,-1.00000,0.244979,13
11.900000,33.50000,-0.75000,0.244979,14
11.900000,34.50000,-0.50000,0.000000,15
11.900000,35.50000,-0.50000,0.000000,16
11.900000,36.50000,-0.50000,0.000000,17
11.900000,37.50000,-0.50000,0.000000,18
11.900000,38.50000,-0.50000,0.000000,19
11.900000,39.50000,-0.50000,0.000000,20
11.900000,40.50000,-0.50000,0.000000,21
11.900000,41.50000,-0.50000,0.000000,22
11.900000,42.50000,-0.50000,0.000000,23
11.900000,43.50000,-0.50000,0.000000,24
11.900000,44.50000,-0.50000,0.000000,25
11.900000,45.50000,-0.50000,0.000000,26
11.900000,46.50000,-0.50000,0.000000,27
11.900000,47.50000,-0.50000,0.000000,28
11.900000,48.50000,-0.50000,0.000000,29
11.900000,49.50000,-0.50000,0.000000,30
12.000000,19.46876,2.54785,-0.658487,0
12.000000,20.50000,1.75000,-0.463648,1
12.000000,21.50000,1.25000,-0.463648,2
12.000000,22.50000,0.75000,-0.463648,3
12.000000,23.50000,0.25000,-0.244979,4
12.000000,24.50000,0.00000,-0.463648,5
12.000000,25.50000,-0.50000,-0.463648,6
12.000000,26.50000,-1.00000,-0.244979,7
12.000000,27.50000,-1.25000,-0.244979,8
12.000000,28.50000,-1.50000,0.000000,9
12.000000,29.50000,-1.50000,0.000000,10
12.000000,30.50000,-1.50000,0.244979,11
12.000000,31.50000,-1.25000,0.463648,12
12.000000,32.50000,-0.75000,0.244979,13
12.000000,33.50000,-0.50000,0.244979,14
12.000000,34.50000,-0.25000,0.000000,15
12.000000,35.50000,-0.25000,0.000000,16
12.000000,36.50000,-0.25000,0.000000,17
12.000000,37.50000,-0.25000,0.000000,18
12.000000,38.50000,-0.25000,0.000000,19
12.000000,39.50000,-0.25000,0.000000,20
12.000000,40.50000,-0.25000,0.000000,21
12.000000,41.50000,-0.25000,0.000000,22
12.000000,42.50000,-0.25000,0.000000,23
12.000000,43.50000,-0.25000,0.000000,24
12.000000,44.50000,-0.25000,0.000000,25
12.000000,45.50000,-0.25000,0.000000,26
12.000000,46.50000,-0.25000,0.000000,27
12.000000,47.50000,-0.25000,-0.244979,28
12.000000,48.50000,-0.50000,0.000000,29
12.000000,49.50000,-0.50000,0.000000,30
12.100000,19.63304,2.52090,-0.726817,0
12.100000,20.50000,1.75000,-0.643501,1
12.100000,21.50000,1.00000,-0.463648,2
12.100000,22.50000,0.50000,-0.463648,3
12.100000,23.50000,0.00000,-0.244979,4
12.100000,24.50000,-0.25000,-0.463648,5
12.100000,25.50000,-0.75000,-0.463648,6
12.100000,26.50000,-1.25000,-0.244979,7
12.100000,27.50000,-1.50000,0.000000,8
12.100000,28.50000,-1.50000,0.000000,9
12.100000,29.50000,-1.50000,0.000000,10
12.100000,30.50000,-1.50000,0.244979,11
12.100000,31.50000,-1.25000,0.244979,12
12.100000,32.50000,-1.00000,0.244979,13
12.100000,33.50000,-0.75000,0.244979,14
12.100000,34.50000,-0.50000,0.000000,15
12.100000,35.50000,-0.50000,0.000000,16
12.100000,36.50000,-0.50000,0.000000,17
12.100000,37.50000,-0.50000,0.000000,18
12.100000,38.50000,-0.50000,0.000000,19
12.100000,39.50000,-0.50000,0.000000,20
12.100000,40.50000,-0.50000,0.000000,21
12.100000,41.50000,-0.50000,0.000000,22
12.100000,42.50000,-0.50000,0.000000,23
12.100000,43.50000,-0.50000,0.000000,24
12.100000,44.50000,-0.50000,0.000000,25
12.100000,45.50000,-0.50000,0.000000,26
12.100000,46.50000,-0.50000,0.000000,27
12.100000,47.50000,-0.50000,-0.244979,28
12.100000,48.50000,-0.75000,0.000000,29
12.100000,49.50000,-0.75000,0.000000,30
12.200000,19.79514,2.51488,-0.565637,0
12.200000,21.00000,1.75000,-0.643501,1
12.200000,22.00000,1.00000,-0.463648,2
12.200000,23.00000,0.50000,-0.463648,3
12.200000,24.00000,0.00000,-0.244979,4
12.200000,25.00000,-0.25000,-0.463648,5
12.200000,26.00000,-0.75000,-0.463648,6
12.200000,27.00000,-1.25000,-0.244979,7
12.200000,28.00000,-1.50000,0.000000,8
12.200000,29.00000,-1.50000,0.000000,9
12.200000,30.00000,-1.50000,0.000000,10
12.200000,31.00000,-1.50000,0.463648,11
12.200000,32.00000,-1.00000,0.244979,12
12.200000,33.00000,-0.75000,0.244979,13
12.200000,34.00000,-0.50000,0.244979,14
12.200000,35.00000,-0.25000,0.000000,15
12.200000,36.00000,-0.25000,0.000000,16
12.200000,37.00000,-0.25000,0.000000,17
12.200000,38.00000,-0.25000,0.000000,18
12.200000,39.00000,-0.25000,0.000000,19
12.200000,40.00000,-0.25000,0.000000,20
12.200000,41.00000,-0.25000,0.000000,21
12.200000,42.00000,-0.25000,0.000000,22
12.200000,43.00000,-0.25000,0.000000,23
12.200000,44.00000,-0.25000,0.000000,24
12.200000,45.00000,-0.25000,0.000000,25
12.200000,46.00000,-0.25000,0.000000,26
12.200000,47.00000,-0.25000,-0.244979,27
12.200000,48.00000,-0.50000,-0.244979,28
12.200000,49.00000,-0.75000,0.000000,29
12.200000,50.00000,-0.75000,0.000000,30
12.300000,19.94622,2.48466,-0.608822,0
12.300000,21.00000,1.75000,-0.643501,1
12.300000,22.00000,1.00000,-0.463648,2
12.300000,23.00000,0.50000,-0.463648,3
12.300000,24.00000,0.00000,-0.244979,4
12.300000,25.00000,-0.25000,-0.463648,5
12.300000,26.00000,-0.75000,-0.463648,6
12.300000,27.00000,-1.25000,-0.244979,7
12.300000,28.00000,-1.50000,0.000000,8
12.300000,29.00000,-1.50000,0.000000,9
12.300000,30.00000,-1.50000,0.000000,10
12.300000,31.00000,-1.50000,0.463648,11
12.300000,32.00000,-1.00000,0.244979,12
12.300000,33.00000,-0.75000,0.244979,13
12.300000,34.00000,-0.50000,0.244979,14
12.300000,35.00000,-0.25000,0.000000,15
12.300000,36.00000,-0.25000,0.000000,16
12.300000,37.00000,-0.25000,0.000000,17
12.300000,38.00000,-0.25000,0.000000,18
12.300000,39.00000,-0.25000,0.000000,19
12.300000,40.00000,-0.25000,0.000000,20
12.300000,41.00000,-0.25000,0.000000,21
12.300000,42.00000,-0.25000,0.000000,22
12.300000,43.00000,-0.25000,0.000000,23
12.300000,44.00000,-0.25000,0.000000,24
12.300000,45.00000,-0.25000,0.000000,25
12.300000,46.00000,-0.25000,0.000000,26
12.300000,47.00000,-0.25000,-0.244979,27
12.300000,48.00000,-0.50000,-0.244979,28
12.300000,49.00000,-0.75000,0.000000,29
12.300000,50.00000,-0.75000,0.000000,30
12.400000,20.06603,2.48931,-0.669584,0
12.400000,21.00000,1.75000,-0.643501,1
12.400000,22.00000,1.00000,-0.463648,2
12.400000,23.00000,0.50000,-0.463648,3
12.400000,24.00000,0.00000,-0.244979,4
12.400000,25.00000,-0.25000,-0.463648,5
12.400000,26.00000,-0.75000,-0.463648,6
12.400000,27.00000,-1.25000,-0.244979,7
12.400000,28.00000,-1.50000,0.000000,8
12.400000,29.00000,-1.50000,0.000000,9
12.400000,30.00000,-1.50000,0.000000,10
12.400000,31.00000,-1.50000,0.463648,11
12.400000,32.00000,-1.00000,0.244979,12
12.400000,33.00000,-0.75000,0.244979,13
12.400000,34.00000,-0.50000,0.244979,14
12.400000,35.00000,-0.25000,0.000000,15
12.400000,36.00000,-0.25000,0.000000,16
12.400000,37.00000,-0.25000,0.000000,17
12.400000,38.00000,-0.25000,0.000000,18
12.400000,39.00000,-0.25000,0.000000,19
12.400000,40.00000,-0.25000,0.000000,20
12.400000,41.00000,-0.25000,0.000000,21
12.400000,42.00000,-0.25000,0.000000,22
12.400000,43.00000,-0.25000,0.000000,23
12.400000,44.00000,-0.25000,0.000000,24
12.400000,45.00000,-0.25000,0.000000,25
12.400000,46.00000,-0.25000,0.000000,26
12.400000,47.00000,-0.25000,-0.244979,27
12.400000,48.00000,-0.50000,-0.244979,28
12.400000,49.00000,-0.75000,0.000000,29
12.400000,50.00000,-0.75000,0.000000,30
12.500000,20.20495,2.47592,-0.739976,0
12.500000,21.00000,1.75000,-0.643501,1
12.500000,22.00000,1.00000,-0.463648,2
12.500000,23.00000,0.50000,-0.463648,3
12.500000,24.00000,0.00000,-0.244979,4
12.500000,25.00000,-0.25000,-0.463648,5
12.500000,26.00000,-0.75000,-0.463648,6
12.500000,27.00000,-1.25000,-0.244979,7
12.500000,28.00000,-1.50000,0.000000,8
12.500000,29.00000,-1.50000,0.000000,9
12.500000,30.00000,-1.50000,0.000000,10
12.500000,31.00000,-1.50000,0.463648,11
12.500000,32.00000,-1.00000,0.244979,12
12.500000,33.00000,-0.75000,0.244979,13
12.500000,34.00000,-0.50000,0.244979,14
12.500000,35.00000,-0.25000,0.000000,15
12.500000,36.00000,-0.25000,0.000000,16
12.500000,37.00000,-0.25000,0.000000,17
12.500000,38.00000,-0.25000,0.000000,18
12.500000,39.00000,-0.25000,0.000000,19
12.500000,40.00000,-0.25000,0.000000,20
12.500000,41.00000,-0.25000,0.000000,21
12.500000,42.00000,-0.25000,0.000000,22
12.500000,43.00000,-0.25000,0.000000,23
12.500000,44.00000,-0.25000,0.000000,24
12.500000,45.00000,-0.25000,0.000000,25
12.500000,46.00000,-0.25000,0.000000,26
12.500000,47.00000,-0.25000,-0.244979,27
12.500000,48.00000,-0.50000,-0.244979,28
12.500000,49.00000,-0.75000,0.000000,29
12.500000,50.00000,-0.75000,0.000000,30
12.600000,20.32622,2.45429,-0.540431,0
12.600000,21.50000,1.75000,-0.643501,1
12.600000,22.50000,1.00000,-0.463648,2
12.600000,23.50000,0.50000,-0.463648,3
12.600000,24.50000,0.00000,-0.463648,4
12.600000,25.50000,-0.50000,-0.463648,5
12.600000,26.50000,-1.00000,-0.244979,6
12.600000,27.50000,-1.25000,-0.244979,7
12.600000,28.50000,-1.50000,0.000000,8
12.600000,29.50000,-1.50000,0.000000,9
12.600000,30.50000,-1.50000,0.244979,10
12.600000,31.50000,-1.25000,0.244979,11
12.600000,32.50000,-1.00000,0.244979,12
12.600000,33.50000,-0.75000,0.244979,13
12.600000,34.50000,-0.50000,0.000000,14
12.600000,35.50000,-0.50000,0.000000,15
12.600000,36.50000,-0.50000,0.000000,16
12.600000,37.50000,-0.50000,0.000000,17
12.600000,38.50000,-0.50000,0.000000,18
12.600000,39.50000,-0.50000,0.000000,19
12.600000,40.50000,-0.50000,0.000000,20
12.600000,41.50000,-0.50000,0.000000,21
12.600000,42.50000,-0.50000,0.000000,22
12.600000,43.50000,-0.50000,0.000000,23
12.600000,44.50000,-0.50000,0.000000,24
12.600000,45.50000,-0.50000,0.000000,25
12.600000,46.50000,-0.50000,0.000000,26
12.600000,47.50000,-0.50000,-0.244979,27
12.600000,48.50000,-0.75000,0.000000,28
12.600000,49.50000,-0.75000,-0.229254,29
12.600000,50.53323,-0.99111,-0.229254,30
12.700000,20.39930,2.44631,-0.564049,0
12.700000,21.50000,1.75000,-0.643501,1
12.700000,22.50000,1.00000,-0.463648,2
12.700000,23.50000,0.50000,-0.463648,3
12.700000,24.50000,0.00000,-0.463648,4
12.700000,25.50000,-0.50000,-0.463648,5
12.700000,26.50000,-1.00000,-0.244979,6
12.700000,27.50000,-1.25000,-0.244979,7
12.700000,28.50000,-1.50000,0.000000,8
12.700000,29.50000,-1.50000,0.000000,9
12.700000,30.50000,-1.50000,0.244979,10
12.700000,31.50000,-1.25000,0.244979,11
12.700000,32.50000,-1.00000,0.244979,12
12.700000,33.50000,-0.75000,0.244979,13
12.700000,34.50000,-0.50000,0.000000,14
12.700000,35.50000,-0.50000,0.000000,15
12.700000,36.50000,-0.50000,0.000000,16
12.700000,37.50000,-0.50000,0.000000,17
12.700000,38.50000,-0.50000,0.000000,18
12.700000,39.50000,-0.50000,0.000000,19
12.700000,40.50000,-0.50000,0.000000,20
12.700000,41.50000,-0.50000,0.000000,21
12.700000,42.50000,-0.50000,0.000000,22
12.700000,43.50000,-0.50000,0.000000,23
12.700000,44.50000,-0.50000,0.000000,24
12.700000,45.50000,-0.50000,0.000000,25
12.700000,46.50000,-0.50000,0.000000,26
12.700000,47.50000,-0.50000,0.000000,27
12.700000,48.50000,-0.50000,-0.244979,28
12.700000,49.50000,-0.75000,0.008536,29
12.700000,50.52490,-0.74125,0.008536,30
12.800000,20.48027,2.42325,-0.583528,0
12.800000,21.50000,1.75000,-0.643501,1
12.800000,22.50000,1.00000,-0.463648,2
12.800000,23.50000,0.50000,-0.463648,3
12.800000,24.50000,0.00000,-0.463648,4
12.800000,25.50000,-0.50000,-0.463648,5
12.800000,26.50000,-1.00000,-0.244979,6
12.800000,27.50000,-1.25000,-0.244979,7
12.800000,28.50000,-1.50000,0.000000,8
12.800000,29.50000,-1.50000,0.000000,9
12.800000,30.50000,-1.50000,0.244979,10
12.800000,31.50000,-1.25000,0.463648,11
12.800000,32.50000,-0.75000,0.244979,12
12.800000,33.50000,-0.50000,0.244979,13
12.800000,34.50000,-0.25000,0.000000,14
12.800000,35.50000,-0.25000,0.000000,15
12.800000,36.50000,-0.25000,0.000000,16
12.800000,37.50000,-0.25000,0.000000,17
12.800000,38.50000,-0.25000,0.000000,18
12.800000,39.50000,-0.25000,0.000000,19
12.800000,40.50000,-0.25000,0.000000,20
12.800000,41.50000,-0.25000,0.000000,21
12.800000,42.50000,-0.25000,0.000000,22
12.800000,43.50000,-0.25000,0.000000,23
12.800000,44.50000,-0.25000,0.000000,24
12.800000,45.50000,-0.25000,0.000000,25
12.800000,46.50000,-0.25000,0.000000,26
12.800000,47.50000,-0.25000,-0.244979,27
12.800000,48.50000,-0.50000,-0.244979,28
12.800000,49.50000,-0.75000,0.008536,29
12.800000,50.52490,-0.74125,0.008536,30
12.900000,20.53799,2.43149,-0.616339,0
12.900000,21.50000,1.75000,-0.643501,1
12.900000,22.50000,1.00000,-0.463648,2
12.900000,23.50000,0.50000,-0.463648,3
12.900000,24.50000,0.00000,-0.463648,4
12.900000,25.50000,-0.50000,-0.463648,5
12.900000,26.50000,-1.00000,-0.244979,6
12.900000,27.50000,-1.25000,-0.244979,7
12.900000,28.50000,-1.50000,0.000000,8
12.900000,29.50000,-1.50000,0.000000,9
12.900000,30.50000,-1.50000,0.244979,10
12.900000,31.50000,-1.25000,0.463648,11
12.900000,32.50000,-0.75000,0.244979,12
12.900000,33.50000,-0.50000,0.244979,13
12.900000,34.50000,-0.25000,0.000000,14
12.900000,35.50000,-0.25000,0.000000,15
12.900000,36.50000,-0.25000,0.000000,16
12.900000,37.50000,-0.25000,0.000000,17
12.900000,38.50000,-0.25000,0.000000,18
12.900000,39.50000,-0.25000,0.000000,19
12.900000,40.50000,-0.25000,0.000000,20
12.900000,41.50000,-0.25000,0.000000,21
12.900000,42.50000,-0.25000,0.000000,22
12.900000,43.50000,-0.25000,0.000000,23
12.900000,44.50000,-0.25000,0.000000,24
12.900000,45.50000,-0.25000,0.000000,25
12.900000,46.50000,-0.25000,0.000000,26
12.900000,47.50000,-0.25000,-0.244979,27
12.900000,48.50000,-0.50000,-0.244979,28
12.900000,49.50000,-0.75000,0.008536,29
12.900000,50.52490,-0.74125,0.008536,30
13.000000,20.59164,2.41307,-0.630555,0
13.000000,21.50000,1.75000,-0.643501,1
13.000000,22.50000,1.00000,-0.463648,2
13.000000,23.50000,0.50000,-0.463648,3
13.000000,24.50000,0.00000,-0.463648,4
13.000000,25.50000,-0.50000,-0.463648,5
13.000000,26.50000,-1.00000,-0.244979,6
13.000000,27.50000,-1.25000,-0.244979,7
13.000000,28.50000,-1.50000,0.000000,8
13.000000,29.50000,-1.50000,0.000000,9
13.000000,30.50000,-1.50000,0.244979,10
13.000000,31.50000,-1.25000,0.244979,11
13.000000,32.50000,-1.00000,0.244979,12
13.000000,33.50000,-0.75000,0.244979,13
13.000000,34.50000,-0.50000,0.000000,14
13.000000,35.50000,-0.50000,0.000000,15
13.000000,36.50000,-0.50000,0.000000,16
13.000000,37.50000,-0.50000,0.000000,17
13.000000,38.50000,-0.50000,0.000000,18
13.000000,39.50000,-0.50000,0.000000,19
13.000000,40.50000,-0.50000,0.000000,20
13.000000,41.50000,-0.50000,0.000000,21
13.000000,42.50000,-0.50000,0.000000,22
13.000000,43.50000,-0.50000,0.000000,23
13.000000,44.50000,-0.50000,0.000000,24
13.000000,45.50000,-0.50000,0.000000,25
13.000000,46.50000,-0.50000,0.000000,26
13.000000,47.50000,-0.50000,0.000000,27
13.000000,48.50000,-0.50000,-0.244979,28
13.000000,49.50000,-0.75000,0.008536,29
13.000000,50.52490,-0.74125,0.008536,30
13.100000,20.64861,2.37640,-0.799874,0
13.100000,21.50000,1.50000,-0.643501,1
13.100000,22.50000,0.75000,-0.463648,2
13.100000,23.50000,0.25000,-0.463648,3
13.100000,24.50000,-0.25000,-0.463648,4
13.100000,25.50000,-0.75000,-0.463648,5
13.100000,26.50000,-1.25000,-0.244979,6
13.100000,27.50000,-1.50000,0.000000,7
13.100000,28.50000,-1.50000,0.000000,8
13.100000,29.50000,-1.50000,0.000000,9
13.100000,30.50000,-1.50000,0.244979,10
13.100000,31.50000,-1.25000,0.244979,11
13.100000,32.50000,-1.00000,0.244979,12
13.100000,33.50000,-0.75000,0.244979,13
13.100000,34.50000,-0.50000,0.000000,14
13.100000,35.50000,-0.50000,0.000000,15
13.100000,36.50000,-0.50000,0.000000,16
13.100000,37.50000,-0.50000,0.000000,17
13.100000,38.50000,-0.50000,0.000000,18
13.100000,39.50000,-0.50000,0.000000,19
13.100000,40.50000,-0.50000,0.000000,20
13.100000,41.50000,-0.50000,0.000000,21
13.100000,42.50000,-0.50000,0.000000,22
13.100000,43.50000,-0.50000,0.000000,23
13.100000,44.50000,-0.50000,0.000000,24
13.100000,45.50000,-0.50000,0.000000,25
13.100000,46.50000,-0.50000,0.000000,26
13.100000,47.50000,-0.50000,-0.244979,27
13.100000,48.50000,-0.75000,0.000000,28
13.100000,49.50000,-0.75000,-0.229254,29
13.100000,50.53323,-0.99111,-0.229254,30
13.200000,20.68580,2.36113,-0.813406,0
13.200000,21.50000,1.50000,-0.643501,1
13.200000,22.50000,0.75000,-0.463648,2
13.200000,23.50000,0.25000,-0.463648,3
13.200000,24.50000,-0.25000,-0.463648,4
13.200000,25.50000,-0.75000,-0.463648,5
13.200000,26.50000,-1.25000,-0.244979,6
13.200000,27.50000,-1.50000,0.000000,7
13.200000,28.50000,-1.50000,0.000000,8
13.200000,29.50000,-1.50000,0.000000,9
13.200000,30.50000,-1.50000,0.244979,10
13.200000,31.50000,-1.25000,0.244979,11
13.200000,32.50000,-1.00000,0.244979,12
13.200000,33.50000,-0.75000,0.244979,13
13.200000,34.50000,-0.50000,0.000000,14
13.200000,35.50000,-0.50000,0.000000,15
13.200000,36.50000,-0.50000,0.000000,16
13.200000,37.50000,-0.50000,0.000000,17
13.200000,38.50000,-0.50000,0.000000,18
13.200000,39.50000,-0.50000,0.000000,19
13.200000,40.50000,-0.50000,0.000000,20
13.200000,41.50000,-0.50000,0.000000,21
13.200000,42.50000,-0.50000,0.000000,22
13.200000,43.50000,-0.50000,0.000000,23
13.200000,44.50000,-0.50000,0.000000,24
13.200000,45.50000,-0.50000,0.000000,25
13.200000,46.50000,-0.50000,0.000000,26
13.200000,47.50000,-0.50000,0.000000,27
13.200000,48.50000,-0.50000,-0.244979,28
13.200000,49.50000,-0.75000,-0.229254,29
13.200000,50.53323,-0.99111,-0.229254,30
13.300000,20.75656,2.33754,-0.592763,0
13.300000,22.00000,1.50000,-0.643501,1
13.300000,23.00000,0.75000,-0.463648,2
13.300000,24.00000,0.25000,-0.463648,3
13.300000,25.00000,-0.25000,-0.463648,4
13.300000,26.00000,-0.75000,-0.463648,5
13.300000,27.00000,-1.25000,-0.244979,6
13.300000,28.00000,-1.50000,0.000000,7
13.300000,29.00000,-1.50000,0.000000,8
13.300000,30.00000,-1.50000,0.000000,9
13.300000,31.00000,-1.50000,0.463648,10
13.300000,32.00000,-1.00000,0.244979,11
13.300000,33.00000,-0.75000,0.244979,12
13.300000,34.00000,-0.50000,0.244979,13
13.300000,35.00000,-0.25000,0.000000,14
13.300000,36.00000,-0.25000,0.000000,15
13.300000,37.00000,-0.25000,0.000000,16
13.300000,38.00000,-0.25000,0.000000,17
13.300000,39.00000,-0.25000,0.000000,18
13.300000,40.00000,-0.25000,0.000000,19
13.300000,41.00000,-0.25000,0.000000,20
13.300000,42.00000,-0.25000,0.000000,21
13.300000,43.00000,-0.25000,0.000000,22
13.300000,44.00000,-0.25000,0.000000,23
13.300000,45.00000,-0.25000,0.000000,24
13.300000,46.00000,-0.25000,0.000000,25
13.300000,47.00000,-0.25000,-0.244979,26
13.300000,48.00000,-0.50000,-0.244979,27
13.300000,49.00000,-0.75000,-0.244979,28
13.300000,50.00000,-1.00000,0.033333,29
13.300000,51.06588,-0.96446,0.033333,30
13.400000,20.79743,2.33398,-0.606344,0
13.400000,22.00000,1.50000,-0.643501,1
13.400000,23.00000,0.75000,-0.463648,2
13.400000,24.00000,0.25000,-0.463648,3
13.400000,25.00000,-0.25000,-0.463648,4
13.400000,26.00000,-0.75000,-0.463648,5
13.400000,27.00000,-1.25000,-0.244979,6
13.400000,28.00000,-1.50000,0.000000,7
13.400000,29.00000,-1.50000,0.000000,8
13.400000,30.00000,-1.50000,0.000000,9
13.400000,31.00000,-1.50000,0.463648,10
13.400000,32.00000,-1.00000,0.244979,11
13.400000,33.00000,-0.75000,0.244979,12
13.400000,34.00000,-0.50000,0.244979,13
13.400000,35.00000,-0.25000,0.000000,14
13.400000,36.00000,-0.25000,0.000000,15
13.400000,37.00000,-0.25000,0.000000,16
13.400000,38.00000,-0.25000,0.000000,17
13.400000,39.00000,-0.25000,0.000000,18
13.400000,40.00000,-0.25000,0.000000,19
13.400000,41.00000,-0.25000,0.000000,20
13.400000,42.00000,-0.25000,0.000000,21
13.400000,43.00000,-0.25000,0.000000,22
13.400000,44.00000,-0.25000,0.000000,23
13.400000,45.00000,-0.25000,0.000000,24
13.400000,46.00000,-0.25000,0.000000,25
13.400000,47.00000,-0.25000,-0.244979,26
13.400000,48.00000,-0.50000,-0.244979,27
13.400000,49.00000,-0.75000,-0.244979,28
13.400000,50.00000,-1.00000,0.033333,29
13.400000,51.06588,-0.96446,0.033333,30
13.500000,20.85025,2.31259,-0.615248,0
13.500000,22.00000,1.50000,-0.643501,1
13.500000,23.00000,0.75000,-0.463648,2
13.500000,24.00000,0.25000,-0.463648,3
13.500000,25.00000,-0.25000,-0.463648,4
13.500000,26.00000,-0.75000,-0.463648,5
13.500000,27.00000,-1.25000,-0.244979,6
13.500000,28.00000,-1.50000,0.000000,7
13.500000,29.00000,-1.50000,0.000000,8
13.500000,30.00000,-1.50000,0.000000,9
13.500000,31.00000,-1.50000,0.463648,10
13.500000,32.00000,-1.00000,0.244979,11
13.500000,33.00000,-0.75000,0.244979,12
13.500000,34.00000,-0.50000,0.244979,13
13.500000,35.00000,-0.25000,0.000000,14
13.500000,36.00000,-0.25000,0.000000,15
13.500000,37.00000,-0.25000,0.000000,16
13.500000,38.00000,-0.25000,0.000000,17
13.500000,39.00000,-0.25000,0.000000,18
13.500000,40.00000,-0.25000,0.000000,19
13.500000,41.00000,-0.25000,0.000000,20
13.500000,42.00000,-0.25000,0.000000,21
13.500000,43.00000,-0.25000,0.000000,22
13.500000,44.00000,-0.25000,0.000000,23
13.500000,45.00000,-0.25000,0.000000,24
13.500000,46.00000,-0.25000,0.000000,25
13.500000,47.00000,-0.25000,-0.244979,26
13.500000,48.00000,-0.50000,-0.244979,27
13.500000,49.00000,-0.75000,-0.244979,28
13.500000,50.00000,-1.00000,0.033333,29
13.500000,51.06588,-0.96446,0.033333,30
13.600000,20.88867,2.30335,-0.625913,0
13.600000,22.00000,1.50000,-0.643501,1
13.600000,23.00000,0.75000,-0.463648,2
13.600000,24.00000,0.25000,-0.463648,3
13.600000,25.00000,-0.25000,-0.463648,4
13.600000,26.00000,-0.75000,-0.463648,5
13.600000,27.00000,-1.25000,-0.244979,6
13.600000,28.00000,-1.50000,0.000000,7
13.600000,29.00000,-1.50000,0.000000,8
13.600000,30.00000,-1.50000,0.000000,9
13.600000,31.00000,-1.50000,0.463648,10
13.600000,32.00000,-1.00000,0.244979,11
13.600000,33.00000,-0.75000,0.244979,12
13.600000,34.00000,-0.50000,0.244979,13
13.600000,35.00000,-0.25000,0.000000,14
13.600000,36.00000,-0.25000,0.000000,15
13.600000,37.00000,-0.25000,0.000000,16
13.600000,38.00000,-0.25000,0.000000,17
13.600000,39.00000,-0.25000,0.000000,18
13.600000,40.00000,-0.25000,0.000000,19
13.600000,41.00000,-0.25000,0.000000,20
13.600000,42.00000,-0.25000,0.000000,21
13.600000,43.00000,-0.25000,0.000000,22
13.600000,44.00000,-0.25000,0.000000,23
13.600000,45.00000,-0.25000,0.000000,24
13.600000,46.00000,-0.25000,0.000000,25
13.600000,47.00000,-0.25000,-0.244979,26
13.600000,48.00000,-0.50000,-0.244979,27
13.600000,49.00000,-0.75000,-0.244979,28
13.600000,50.00000,-1.00000,0.033333,29
13.600000,51.06588,-0.96446,0.033333,30
13.700000,20.93213,2.29411,-0.639417,0
13.700000,22.00000,1.50000,-0.643501,1
13.700000,23.00000,0.75000,-0.463648,2
13.700000,24.00000,0.25000,-0.463648,3
13.700000,25.00000,-0.25000,-0.463648,4
13.700000,26.00000,-0.75000,-0.463648,5
13.700000,27.00000,-1.25000,0.000000,6
13.700000,28.00000,-1.25000,0.000000,7
13.700000,29.00000,-1.25000,0.000000,8
13.700000,30.00000,-1.25000,0.000000,9
13.700000,31.00000,-1.25000,0.244979,10
13.700000,32.00000,-1.00000,0.244979,11
13.700000,33.00000,-0.75000,0.244979,12
13.700000,34.00000,-0.50000,0.244979,13
13.700000,35.00000,-0.25000,0.000000,14
13.700000,36.00000,-0.25000,0.000000,15
13.700000,37.00000,-0.25000,0.000000,16
13.700000,38.00000,-0.25000,0.000000,17
13.700000,39.00000,-0.25000,0.000000,18
13.700000,40.00000,-0.25000,0.000000,19
13.700000,41.00000,-0.25000,0.000000,20
13.700000,42.00000,-0.25000,0.000000,21
13.700000,43.00000,-0.25000,0.000000,22
13.700000,44.00000,-0.25000,0.000000,23
13.700000,45.00000,-0.25000,0.000000,24
13.700000,46.00000,-0.25000,0.000000,25
13.700000,47.00000,-0.25000,0.000000,26
13.700000,48.00000,-0.25000,-0.244979,27
13.700000,49.00000,-0.50000,-0.244979,28
13.700000,50.00000,-0.75000,0.033333,29
13.700000,51.04922,-0.71501,0.033333,30
13.800000,20.98414,2.22672,-0.620969,0
13.800000,22.00000,1.50000,-0.643501,1
13.800000,23.00000,0.75000,-0.463648,2
13.800000,24.00000,0.25000,-0.463648,3
13.800000,25.00000,-0.25000,-0.463648,4
13.800000,26.00000,-0.75000,-0.463648,5
13.800000,27.00000,-1.25000,-0.244979,6
13.800000,28.00000,-1.50000,0.000000,7
13.800000,29.00000,-1.50000,0.000000,8
13.800000,30.00000,-1.50000,0.000000,9
13.800000,31.00000,-1.50000,0.463648,10
13.800000,32.00000,-1.00000,0.244979,11
13.800000,33.00000,-0.75000,0.244979,12
13.800000,34.00000,-0.50000,0.244979,13
13.800000,35.00000,-0.25000,0.000000,14
13.800000,36.00000,-0.25000,0.000000,15
13.800000,37.00000,-0.25000,0.000000,16
13.800000,38.00000,-0.25000,0.000000,17
13.800000,39.00000,-0.25000,0.000000,18
13.800000,40.00000,-0.25000,0.000000,19
13.800000,41.00000,-0.25000,0.000000,20
13.800000,42.00000,-0.25000,0.000000,21
13.800000,43.00000,-0.25000,0.000000,22
13.800000,44.00000,-0.25000,0.000000,23
13.800000,45.00000,-0.25000,0.000000,24
13.800000,46.00000,-0.25000,0.000000,25
13.800000,47.00000,-0.25000,-0.244979,26
13.800000,48.00000,-0.50000,-0.244979,27
13.800000,49.00000,-0.75000,-0.244979,28
13.800000,50.00000,-1.00000,0.033333,29
13.800000,51.06588,-0.96446,0.033333,30
13.900000,21.02678,2.18747,-0.614999,0
13.900000,22.00000,1.50000,-0.643501,1
13.900000,23.00000,0.75000,-0.463648,2
13.900000,24.00000,0.25000,-0.463648,3
13.900000,25.00000,-0.25000,-0.463648,4
13.900000,26.00000,-0.75000,-0.463648,5
13.900000,27.00000,-1.25000,-0.244979,6
13.900000,28.00000,-1.50000,0.000000,7
13.900000,29.00000,-1.50000,0.000000,8
13.900000,30.00000,-1.50000,0.000000,9
13.900000,31.00000,-1.50000,0.463648,10
13.900000,32.00000,-1.00000,0.244979,11
13.900000,33.00000,-0.75000,0.244979,12
13.900000,34.00000,-0.50000,0.244979,13
13.900000,35.00000,-0.25000,0.000000,14
13.900000,36.00000,-0.25000,0.000000,15
13.900000,37.00000,-0.25000,0.000000,16
13.900000,38.00000,-0.25000,0.000000,17
13.900000,39.00000,-0.25000,0.000000,18
13.900000,40.00000,-0.25000,0.000000,19
13.900000,41.00000,-0.25000,0.000000,20
13.900000,42.00000,-0.25000,0.000000,21
13.900000,43.00000,-0.25000,0.000000,22
13.900000,44.00000,-0.25000,0.000000,23
13.900000,45.00000,-0.25000,0.000000,24
13.900000,46.00000,-0.25000,0.000000,25
13.900000,47.00000,-0.25000,-0.244979,26
13.900000,48.00000,-0.50000,0.000000,27
13.900000,49.00000,-0.50000,-0.244979,28
13.900000,50.00000,-0.75000,0.033333,29
13.900000,51.04922,-0.71501,0.033333,30
14.000000,21.13094,2.18502,-0.667525,0
14.000000,22.00000,1.50000,-0.643501,1
14.000000,23.00000,0.75000,-0.463648,2
14.000000,24.00000,0.25000,-0.463648,3
14.000000,25.00000,-0.25000,-0.463648,4
14.000000,26.00000,-0.75000,-0.463648,5
14.000000,27.00000,-1.25000,-0.244979,6
14.000000,28.00000,-1.50000,0.000000,7
14.000000,29.00000,-1.50000,0.000000,8
14.000000,30.00000,-1.50000,0.000000,9
14.000000,31.00000,-1.50000,0.463648,10
14.000000,32.00000,-1.00000,0.244979,11
14.000000,33.00000,-0.75000,0.244979,12
14.000000,34.00000,-0.50000,0.244979,13
14.000000,35.00000,-0.25000,0.000000,14
14.000000,36.00000,-0.25000,0.000000,15
14.000000,37.00000,-0.25000,0.000000,16
14.000000,38.00000,-0.25000,0.000000,17
14.000000,39.00000,-0.25000,0.000000,18
14.000000,40.00000,-0.25000,0.000000,19
14.000000,41.00000,-0.25000,0.000000,20
14.000000,42.00000,-0.25000,0.000000,21
14.000000,43.00000,-0.25000,0.000000,22
14.000000,44.00000,-0.25000,0.000000,23
14.000000,45.00000,-0.25000,0.000000,24
14.000000,46.00000,-0.25000,0.000000,25
14.000000,47.00000,-0.25000,-0.244979,26
14.000000,48.00000,-0.50000,-0.244979,27
14.000000,49.00000,-0.75000,-0.244979,28
14.000000,50.00000,-1.00000,0.033333,29
14.000000,51.06588,-0.96446,0.033333,30
14.100000,21.18023,2.13559,-0.823975,0
14.100000,22.00000,1.25000,-0.463648,1
14.100000,23.00000,0.75000,-0.463648,2
14.100000,24.00000,0.25000,-0.463648,3
14.100000,25.00000,-0.25000,-0.463648,4
14.100000,26.00000,-0.75000,-0.463648,5
14.100000,27.00000,-1.25000,-0.244979,6
14.100000,28.00000,-1.50000,0.000000,7
14.100000,29.00000,-1.50000,0.000000,8
14.100000,30.00000,-1.50000,0.000000,9
14.100000,31.00000,-1.50000,0.463648,10
14.100000,32.00000,-1.00000,0.244979,11
14.100000,33.00000,-0.75000,0.244979,12
14.100000,34.00000,-0.50000,0.244979,13
14.100000,35.00000,-0.25000,0.000000,14
14.100000,36.00000,-0.25000,0.000000,15
14.100000,37.00000,-0.25000,0.000000,16
14.100000,38.00000,-0.25000,0.000000,17
14.100000,39.00000,-0.25000,0.000000,18
14.100000,40.00000,-0.25000,0.000000,19
14.100000,41.00000,-0.25000,0.000000,20
14.100000,42.00000,-0.25000,0.000000,21
14.100000,43.00000,-0.25000,0.000000,22
14.100000,44.00000,-0.25000,0.000000,23
14.100000,45.00000,-0.25000,0.000000,24
14.100000,46.00000,-0.25000,0.000000,25
14.100000,47.00000,-0.25000,-0.244979,26
14.100000,48.00000,-0.50000,-0.244979,27
14.100000,49.00000,-0.75000,-0.244979,28
14.100000,50.00000,-1.00000,0.033333,29
14.100000,51.06588,-0.96446,0.033333,30
14.200000,21.26404,2.08163,-0.592276,0
14.200000,22.50000,1.25000,-0.643501,1
14.200000,23.50000,0.50000,-0.463648,2
14.200000,24.50000,0.00000,-0.463648,3
14.200000,25.50000,-0.50000,-0.463648,4
14.200000,26.50000,-1.00000,-0.244979,5
14.200000,27.50000,-1.25000,-0.244979,6
14.200000,28.50000,-1.50000,0.000000,7
14.200000,29.50000,-1.50000,0.000000,8
14.200000,30.50000,-1.50000,0.244979,9
14.200000,31.50000,-1.25000,0.244979,10
14.200000,32.50000,-1.00000,0.244979,11
14.200000,33.50000,-0.75000,0.244979,12
14.200000,34.50000,-0.50000,0.000000,13
14.200000,35.50000,-0.50000,0.000000,14
14.200000,36.50000,-0.50000,0.000000,15
14.200000,37.50000,-0.50000,0.000000,16
14.200000,38.50000,-0.50000,0.000000,17
14.200000,39.50000,-0.50000,0.000000,18
14.200000,40.50000,-0.50000,0.000000,19
14.200000,41.50000,-0.50000,0.000000,20
14.200000,42.50000,-0.50000,0.000000,21
14.200000,43.50000,-0.50000,0.000000,22
14.200000,44.50000,-0.50000,0.000000,23
14.200000,45.50000,-0.50000,0.000000,24
14.200000,46.50000,-0.50000,0.000000,25
14.200000,47.50000,-0.50000,0.000000,26
14.200000,48.50000,-0.50000,-0.244979,27
14.200000,49.50000,-0.75000,-0.229254,28
14.200000,50.53323,-0.99111,-0.161748,29
14.200000,51.62229,-1.16882,-0.161748,30
14.304000,21.34235,1.96802,-0.555164,0
14.304000,22.50000,1.25000,-0.643501,1
14.304000,23.50000,0.50000,-0.463648,2
14.304000,24.50000,0.00000,-0.463648,3
14.304000,25.50000,-0.50000,-0.463648,4
14.304000,26.50000,-1.00000,-0.244979,5
14.304000,27.50000,-1.25000,-0.244979,6
14.304000,28.50000,-1.50000,0.000000,7
14.304000,29.50000,-1.50000,0.000000,8
14.304000,30.50000,-1.50000,0.244979,9
14.304000,31.50000,-1.25000,0.463648,10
14.304000,32.50000,-0.75000,0.244979,11
14.304000,33.50000,-0.50000,0.244979,12
14.304000,34.50000,-0.25000,0.000000,13
14.304000,35.50000,-0.25000,0.000000,14
14.304000,36.50000,-0.25000,0.000000,15
14.304000,37.50000,-0.25000,0.000000,16
14.304000,38.50000,-0.25000,0.000000,17
14.304000,39.50000,-0.25000,0.000000,18
14.304000,40.50000,-0.25000,0.000000,19
14.304000,41.50000,-0.25000,0.000000,20
14.304000,42.50000,-0.25000,0.000000,21
14.304000,43.50000,-0.25000,0.000000,22
14.304000,44.50000,-0.25000,0.000000,23
14.304000,45.50000,-0.25000,0.000000,24
14.304000,46.50000,-0.25000,0.000000,25
14.304000,47.50000,-0.25000,-0.244979,26
14.304000,48.50000,-0.50000,-0.244979,27
14.304000,49.50000,-0.75000,-0.229254,28
14.304000,50.53323,-0.99111,0.066667,29
14.304000,51.59733,-0.92007,0.066667,30
14.402000,21.40095,1.96904,-0.579352,0
14.402000,22.50000,1.25000,-0.643501,1
14.402000,23.50000,0.50000,-0.463648,2
14.402000,24.50000,0.00000,-0.463648,3
14.402000,25.50000,-0.50000,-0.463648,4
14.402000,26.50000,-1.00000,-0.244979,5
14.402000,27.50000,-1.25000,-0.244979,6
14.402000,28.50000,-1.50000,0.000000,7
14.402000,29.50000,-1.50000,0.000000,8
14.402000,30.50000,-1.50000,0.244979,9
14.402000,31.50000,-1.25000,0.244979,10
14.402000,32.50000,-1.00000,0.244979,11
14.402000,33.50000,-0.75000,0.244979,12
14.402000,34.50000,-0.50000,0.000000,13
14.402000,35.50000,-0.50000,0.000000,14
14.402000,36.50000,-0.50000,0.000000,15
14.402000,37.50000,-0.50000,0.000000,16
14.402000,38.50000,-0.50000,0.000000,17
14.402000,39.50000,-0.50000,0.000000,18
14.402000,40.50000,-0.50000,0.000000,19
14.402000,41.50000,-0.50000,0.000000,20
14.402000,42.50000,-0.50000,0.000000,21
14.402000,43.50000,-0.50000,0.000000,22
14.402000,44.50000,-0.50000,0.000000,23
14.402000,45.50000,-0.50000,0.000000,24
14.402000,46.50000,-0.50000,0.000000,25
14.402000,47.50000,-0.50000,0.000000,26
14.402000,48.50000,-0.50000,-0.244979,27
14.402000,49.50000,-0.75000,-0.229254,28
14.402000,50.53323,-0.99111,-0.161748,29
14.402000,51.62229,-1.16882,-0.161748,30
14.500000,21.51481,1.83999,-0.706010,0
14.500000,22.50000,1.00000,-0.463648,1
14.500000,23.50000,0.50000,-0.463648,2
14.500000,24.50000,0.00000,-0.463648,3
14.500000,25.50000,-0.50000,-0.463648,4
14.500000,26.50000,-1.00000,-0.244979,5
14.500000,27.50000,-1.25000,-0.244979,6
14.500000,28.50000,-1.50000,0.000000,7
14.500000,29.50000,-1.50000,0.000000,8
14.500000,30.50000,-1.50000,0.244979,9
14.500000,31.50000,-1.25000,0.463648,10
14.500000,32.50000,-0.75000,0.244979,11
14.500000,33.50000,-0.50000,0.244979,12
14.500000,34.50000,-0.25000,0.000000,13
14.500000,35.50000,-0.25000,0.000000,14
14.500000,36.50000,-0.25000,0.000000,15
14.500000,37.50000,-0.25000,0.000000,16
14.500000,38.50000,-0.25000,0.000000,17
14.500000,39.50000,-0.25000,0.000000,18
14.500000,40.50000,-0.25000,0.000000,19
14.500000,41.50000,-0.25000,0.000000,20
14.500000,42.50000,-0.25000,0.000000,21
14.500000,43.50000,-0.25000,0.000000,22
14.500000,44.50000,-0.25000,0.000000,23
14.500000,45.50000,-0.25000,0.000000,24
14.500000,46.50000,-0.25000,0.000000,25
14.500000,47.50000,-0.25000,0.000000,26
14.500000,48.50000,-0.25000,0.000000,27
14.500000,49.50000,-0.25000,0.008402,28
14.500000,50.50824,-0.24153,0.066667,29
14.500000,51.52246,-0.17381,0.066667,30
14.600000,21.60475,1.75488,-0.700539,0
14.600000,22.50000,1.00000,-0.463648,1
14.600000,23.50000,0.50000,-0.463648,2
14.600000,24.50000,0.00000,-0.463648,3
14.600000,25.50000,-0.50000,-0.463648,4
14.600000,26.50000,-1.00000,-0.244979,5
14.600000,27.50000,-1.25000,-0.244979,6
14.600000,28.50000,-1.50000,0.000000,7
14.600000,29.50000,-1.50000,0.000000,8
14.600000,30.50000,-1.50000,0.244979,9
14.600000,31.50000,-1.25000,0.463648,10
14.600000,32.50000,-0.75000,0.244979,11
14.600000,33.50000,-0.50000,0.244979,12
14.600000,34.50000,-0.25000,0.000000,13
14.600000,35.50000,-0.25000,0.000000,14
14.600000,36.50000,-0.25000,0.000000,15
14.600000,37.50000,-0.25000,0.000000,16
14.600000,38.50000,-0.25000,0.000000,17
14.600000,39.50000,-0.25000,0.000000,18
14.600000,40.50000,-0.25000,0.000000,19
14.600000,41.50000,-0.25000,0.000000,20
14.600000,42.50000,-0.25000,0.000000,21
14.600000,43.50000,-0.25000,0.000000,22
14.600000,44.50000,-0.25000,0.000000,23
14.600000,45.50000,-0.25000,0.000000,24
14.600000,46.50000,-0.25000,0.000000,25
14.600000,47.50000,-0.25000,0.000000,26
14.600000,48.50000,-0.25000,0.000000,27
14.600000,49.50000,-0.25000,0.008402,28
14.600000,50.50824,-0.24153,0.066667,29
14.600000,51.52246,-0.17381,0.066667,30
14.700000,21.73667,1.68123,-0.728628,0
14.700000,22.50000,1.00000,-0.463648,1
14.700000,23.50000,0.50000,-0.463648,2
14.700000,24.50000,0.00000,-0.463648,3
14.700000,25.50000,-0.50000,-0.463648,4
14.700000,26.50000,-1.00000,-0.244979,5
14.700000,27.50000,-1.25000,-0.244979,6
14.700000,28.50000,-1.50000,0.000000,7
14.700000,29.50000,-1.50000,0.000000,8
14.700000,30.50000,-1.50000,0.244979,9
14.700000,31.50000,-1.25000,0.463648,10
14.700000,32.50000,-0.75000,0.244979,11
14.700000,33.50000,-0.50000,0.244979,12
14.700000,34.50000,-0.25000,0.000000,13
14.700000,35.50000,-0.25000,0.000000,14
14.700000,36.50000,-0.25000,0.000000,15
14.700000,37.50000,-0.25000,0.000000,16
14.700000,38.50000,-0.25000,0.000000,17
14.700000,39.50000,-0.25000,0.000000,18
14.700000,40.50000,-0.25000,0.000000,19
14.700000,41.50000,-0.25000,0.000000,20
14.700000,42.50000,-0.25000,0.000000,21
14.700000,43.50000,-0.25000,0.000000,22
14.700000,44.50000,-0.25000,0.000000,23
14.700000,45.50000,-0.25000,0.000000,24
14.700000,46.50000,-0.25000,0.000000,25
14.700000,47.50000,-0.25000,0.000000,26
14.700000,48.50000,-0.25000,0.000000,27
14.700000,49.50000,-0.25000,0.008402,28
14.700000,50.50824,-0.24153,0.066667,29
14.700000,51.52246,-0.17381,0.066667,30
14.800000,21.81684,1.54053,-0.589028,0
14.800000,23.00000,0.75000,-0.463648,1
14.800000,24.00000,0.25000,-0.463648,2
14.800000,25.00000,-0.25000,-0.463648,3
14.800000,26.00000,-0.75000,-0.463648,4
14.800000,27.00000,-1.25000,-0.244979,5
14.800000,28.00000,-1.50000,0.000000,6
14.800000,29.00000,-1.50000,0.000000,7
14.800000,30.00000,-1.50000,0.000000,8
14.800000,31.00000,-1.50000,0.463648,9
14.800000,32.00000,-1.00000,0.244979,10
14.800000,33.00000,-0.75000,0.244979,11
14.800000,34.00000,-0.50000,0.244979,12
14.800000,35.00000,-0.25000,0.000000,13
14.800000,36.00000,-0.25000,0.000000,14
14.800000,37.00000,-0.25000,0.000000,15
14.800000,38.00000,-0.25000,0.000000,16
14.800000,39.00000,-0.25000,0.000000,17
14.800000,40.00000,-0.25000,0.000000,18
14.800000,41.00000,-0.25000,0.000000,19
14.800000,42.00000,-0.25000,0.000000,20
14.800000,43.00000,-0.25000,0.000000,21
14.800000,44.00000,-0.25000,0.000000,22
14.800000,45.00000,-0.25000,0.000000,23
14.800000,46.00000,-0.25000,0.000000,24
14.800000,47.00000,-0.25000,0.000000,25
14.800000,48.00000,-0.25000,0.000000,26
14.800000,49.00000,-0.25000,0.000000,27
14.800000,50.00000,-0.25000,0.033333,28
14.800000,51.01591,-0.21612,0.100000,29
14.800000,52.02731,-0.11465,0.100000,30
14.900000,21.92845,1.42523,-0.562286,0
14.900000,23.00000,0.75000,-0.463648,1
14.900000,24.00000,0.25000,-0.463648,2
14.900000,25.00000,-0.25000,-0.463648,3
14.900000,26.00000,-0.75000,-0.463648,4
14.900000,27.00000,-1.25000,-0.244979,5
14.900000,28.00000,-1.50000,0.000000,6
14.900000,29.00000,-1.50000,0.000000,7
14.900000,30.00000,-1.50000,0.000000,8
14.900000,31.00000,-1.50000,0.463648,9
14.900000,32.00000,-1.00000,0.244979,10
14.900000,33.00000,-0.75000,0.244979,11
14.900000,34.00000,-0.50000,0.244979,12
14.900000,35.00000,-0.25000,0.000000,13
14.900000,36.00000,-0.25000,0.000000,14
14.900000,37.00000,-0.25000,0.000000,15
14.900000,38.00000,-0.25000,0.000000,16
14.900000,39.00000,-0.25000,0.000000,17
14.900000,40.00000,-0.25000,0.000000,18
14.900000,41.00000,-0.25000,0.000000,19
14.900000,42.00000,-0.25000,0.000000,20
14.900000,43.00000,-0.25000,0.000000,21
14.900000,44.00000,-0.25000,0.000000,22
14.900000,45.00000,-0.25000,0.000000,23
14.900000,46.00000,-0.25000,0.000000,24
14.900000,47.00000,-0.25000,0.000000,25
14.900000,48.00000,-0.25000,0.000000,26
14.900000,49.00000,-0.25000,0.000000,27
14.900000,50.00000,-0.25000,0.033333,28
14.900000,51.01591,-0.21612,0.100000,29
14.900000,52.02731,-0.11465,0.100000,30
15.000000,22.07160,1.31720,-0.721786,0
15.000000,23.00000,0.50000,-0.463648,1
15.000000,24.00000,0.00000,-0.244979,2
15.000000,25.00000,-0.25000,-0.463648,3
15.000000,26.00000,-0.75000,-0.463648,4
15.000000,27.00000,-1.25000,-0.244979,5
15.000000,28.00000,-1.50000,0.000000,6
15.000000,29.00000,-1.50000,0.000000,7
15.000000,30.00000,-1.50000,0.000000,8
15.000000,31.00000,-1.50000,0.463648,9
15.000000,32.00000,-1.00000,0.244979,10
15.000000,33.00000,-0.75000,0.244979,11
15.000000,34.00000,-0.50000,0.244979,12
15.000000,35.00000,-0.25000,0.000000,13
15.000000,36.00000,-0.25000,0.000000,14
15.000000,37.00000,-0.25000,0.000000,15
15.000000,38.00000,-0.25000,0.000000,16
15.000000,39.00000,-0.25000,0.000000,17
15.000000,40.00000,-0.25000,0.000000,18
15.000000,41.00000,-0.25000,0.000000,19
15.000000,42.00000,-0.25000,0.000000,20
15.000000,43.00000,-0.25000,0.000000,21
15.000000,44.00000,-0.25000,0.000000,22
15.000000,45.00000,-0.25000,0.000000,23
15.000000,46.00000,-0.25000,0.000000,24
15.000000,47.00000,-0.25000,0.000000,25
15.000000,48.00000,-0.25000,0.000000,26
15.000000,49.00000,-0.25000,0.000000,27
15.000000,50.00000,-0.25000,0.033333,28
15.000000,51.01591,-0.21612,0.100000,29
15.000000,52.02731,-0.11465,0.100000,30
15.100000,22.19598,1.17621,-0.699267,0
15.100000,23.00000,0.50000,-0.463648,1
15.100000,24.00000,0.00000,-0.244979,2
15.100000,25.00000,-0.25000,-0.463648,3
15.100000,26.00000,-0.75000,-0.463648,4
15.100000,27.00000,-1.25000,-0.244979,5
15.100000,28.00000,-1.50000,0.000000,6
15.100000,29.00000,-1.50000,0.000000,7
15.100000,30.00000,-1.50000,0.000000,8
15.100000,31.00000,-1.50000,0.463648,9
15.100000,32.00000,-1.00000,0.244979,10
15.100000,33.00000,-0.75000,0.244979,11
15.100000,34.00000,-0.50000,0.244979,12
15.100000,35.00000,-0.25000,0.000000,13
15.100000,36.00000,-0.25000,0.000000,14
15.100000,37.00000,-0.25000,0.000000,15
15.100000,38.00000,-0.25000,0.000000,16
15.100000,39.00000,-0.25000,0.000000,17
15.100000,40.00000,-0.25000,0.000000,18
15.100000,41.00000,-0.25000,0.000000,19
15.100000,42.00000,-0.25000,0.000000,20
15.100000,43.00000,-0.25000,0.000000,21
15.100000,44.00000,-0.25000,0.000000,22
15.100000,45.00000,-0.25000,0.000000,23
15.100000,46.00000,-0.25000,0.000000,24
15.100000,47.00000,-0.25000,0.000000,25
15.100000,48.00000,-0.25000,0.000000,26
15.100000,49.00000,-0.25000,0.000000,27
15.100000,50.00000,-0.25000,0.033333,28
15.100000,51.01591,-0.21612,0.100000,29
15.100000,52.02731,-0.11465,0.100000,30
15.202000,22.45035,0.99046,-0.614369,0
15.202000,23.50000,0.25000,-0.463648,1
15.202000,24.50000,-0.25000,-0.463648,2
15.202000,25.50000,-0.75000,-0.463648,3
15.202000,26.50000,-1.25000,-0.244979,4
15.202000,27.50000,-1.50000,0.000000,5
15.202000,28.50000,-1.50000,0.000000,6
15.202000,29.50000,-1.50000,0.000000,7
15.202000,30.50000,-1.50000,0.244979,8
15.202000,31.50000,-1.25000,0.463648,9
15.202000,32.50000,-0.75000,0.244979,10
15.202000,33.50000,-0.50000,0.244979,11
15.202000,34.50000,-0.25000,0.000000,12
15.202000,35.50000,-0.25000,0.000000,13
15.202000,36.50000,-0.25000,0.000000,14
15.202000,37.50000,-0.25000,0.000000,15
15.202000,38.50000,-0.25000,0.000000,16
15.202000,39.50000,-0.25000,0.000000,17
15.202000,40.50000,-0.25000,0.000000,18
15.202000,41.50000,-0.25000,0.000000,19
15.202000,42.50000,-0.25000,0.000000,20
15.202000,43.50000,-0.25000,0.000000,21
15.202000,44.50000,-0.25000,0.000000,22
15.202000,45.50000,-0.25000,0.000000,23
15.202000,46.50000,-0.25000,0.000000,24
15.202000,47.50000,-0.25000,0.000000,25
15.202000,48.50000,-0.25000,0.000000,26
15.202000,49.50000,-0.25000,0.008402,27
15.202000,50.50824,-0.24153,0.066667,28
15.202000,51.52246,-0.17381,0.133333,29
15.202000,52.52992,-0.03868,0.133333,30
15.300000,22.48810,0.92021,-0.584993,0
15.300000,23.50000,0.25000,-0.463648,1
15.300000,24.50000,-0.25000,-0.463648,2
15.300000,25.50000,-0.75000,-0.463648,3
15.300000,26.50000,-1.25000,-0.244979,4
15.300000,27.50000,-1.50000,0.000000,5
15.300000,28.50000,-1.50000,0.000000,6
15.300000,29.50000,-1.50000,0.000000,7
15.300000,30.50000,-1.50000,0.244979,8
15.300000,31.50000,-1.25000,0.463648,9
15.300000,32.50000,-0.75000,0.244979,10
15.300000,33.50000,-0.50000,0.244979,11
15.300000,34.50000,-0.25000,0.000000,12
15.300000,35.50000,-0.25000,0.000000,13
15.300000,36.50000,-0.25000,0.000000,14
15.300000,37.50000,-0.25000,0.000000,15
15.300000,38.50000,-0.25000,0.000000,16
15.300000,39.50000,-0.25000,0.000000,17
15.300000,40.50000,-0.25000,0.000000,18
15.300000,41.50000,-0.25000,0.000000,19
15.300000,42.50000,-0.25000,0.000000,20
15.300000,43.50000,-0.25000,0.000000,21
15.300000,44.50000,-0.25000,0.000000,22
15.300000,45.50000,-0.25000,0.000000,23
15.300000,46.50000,-0.25000,0.000000,24
15.300000,47.50000,-0.25000,0.000000,25
15.300000,48.50000,-0.25000,0.000000,26
15.300000,49.50000,-0.25000,0.008402,27
15.300000,50.50824,-0.24153,0.066667,28
15.300000,51.52246,-0.17381,0.133333,29
15.300000,52.52992,-0.03868,0.133333,30
15.400000,22.68948,0.80139,-0.597375,0
15.400000,23.50000,0.25000,-0.463648,1
15.400000,24.50000,-0.25000,-0.463648,2
15.400000,25.50000,-0.75000,-0.463648,3
15.400000,26.50000,-1.25000,-0.244979,4
15.400000,27.50000,-1.50000,0.000000,5
15.400000,28.50000,-1.50000,0.000000,6
15.400000,29.50000,-1.50000,0.000000,7
15.400000,30.50000,-1.50000,0.244979,8
15.400000,31.50000,-1.25000,0.463648,9
15.400000,32.50000,-0.75000,0.244979,10
15.400000,33.50000,-0.50000,0.244979,11
15.400000,34.50000,-0.25000,0.000000,12
15.400000,35.50000,-0.25000,0.000000,13
15.400000,36.50000,-0.25000,0.000000,14
15.400000,37.50000,-0.25000,0.000000,15
15.400000,38.50000,-0.25000,0.000000,16
15.400000,39.50000,-0.25000,0.000000,17
15.400000,40.50000,-0.25000,0.000000,18
15.400000,41.50000,-0.25000,0.000000,19
15.400000,42.50000,-0.25000,0.000000,20
15.400000,43.50000,-0.25000,0.000000,21
15.400000,44.50000,-0.25000,0.000000,22
15.400000,45.50000,-0.25000,0.000000,23
15.400000,46.50000,-0.25000,0.000000,24
15.400000,47.50000,-0.25000,0.000000,25
15.400000,48.50000,-0.25000,0.000000,26
15.400000,49.50000,-0.25000,0.008402,27
15.400000,50.50824,-0.24153,0.066667,28
15.400000,51.52246,-0.17381,0.133333,29
15.400000,52.52992,-0.03868,0.133333,30
15.500000,22.84486,0.65494,-0.515786,0
15.500000,24.00000,0.00000,-0.244979,1
15.500000,25.00000,-0.25000,-0.463648,2
15.500000,26.00000,-0.75000,-0.463648,3
15.500000,27.00000,-1.25000,-0.244979,4
15.500000,28.00000,-1.50000,0.000000,5
15.500000,29.00000,-1.50000,0.000000,6
15.500000,30.00000,-1.50000,0.000000,7
15.500000,31.00000,-1.50000,0.463648,8
15.500000,32.00000,-1.00000,0.244979,9
15.500000,33.00000,-0.75000,0.244979,10
15.500000,34.00000,-0.50000,0.244979,11
15.500000,35.00000,-0.25000,0.000000,12
15.500000,36.00000,-0.25000,0.000000,13
15.500000,37.00000,-0.25000,0.000000,14
15.500000,38.00000,-0.25000,0.000000,15
15.500000,39.00000,-0.25000,0.000000,16
15.500000,40.00000,-0.25000,0.000000,17
15.500000,41.00000,-0.25000,0.000000,18
15.500000,42.00000,-0.25000,0.000000,19
15.500000,43.00000,-0.25000,0.000000,20
15.500000,44.00000,-0.25000,0.000000,21
15.500000,45.00000,-0.25000,0.000000,22
15.500000,46.00000,-0.25000,0.000000,23
15.500000,47.00000,-0.25000,0.000000,24
15.500000,48.00000,-0.25000,0.000000,25
15.500000,49.00000,-0.25000,0.000000,26
15.500000,50.00000,-0.25000,0.033333,27
15.500000,51.01591,-0.21612,0.100000,28
15.500000,52.02731,-0.11465,0.166667,29
15.500000,53.02971,0.05398,0.166667,30
15.600000,23.00417,0.50555,-0.469758,0
15.600000,24.00000,0.00000,-0.244979,1
15.600000,25.00000,-0.25000,-0.463648,2
15.600000,26.00000,-0.75000,-0.463648,3
15.600000,27.00000,-1.25000,-0.244979,4
15.600000,28.00000,-1.50000,0.000000,5
15.600000,29.00000,-1.50000,0.000000,6
15.600000,30.00000,-1.50000,0.000000,7
15.600000,31.00000,-1.50000,0.463648,8
15.600000,32.00000,-1.00000,0.244979,9
15.600000,33.00000,-0.75000,0.244979,10
15.600000,34.00000,-0.50000,0.244979,11
15.600000,35.00000,-0.25000,0.000000,12
15.600000,36.00000,-0.25000,0.000000,13
15.600000,37.00000,-0.25000,0.000000,14
15.600000,38.00000,-0.25000,0.000000,15
15.600000,39.00000,-0.25000,0.000000,16
15.600000,40.00000,-0.25000,0.000000,17
15.600000,41.00000,-0.25000,0.000000,18
15.600000,42.00000,-0.25000,0.000000,19
15.600000,43.00000,-0.25000,0.000000,20
15.600000,44.00000,-0.25000,0.000000,21
15.600000,45.00000,-0.25000,0.000000,22
15.600000,46.00000,-0.25000,0.000000,23
15.600000,47.00000,-0.25000,0.000000,24
15.600000,48.00000,-0.25000,0.000000,25
15.600000,49.00000,-0.25000,0.000000,26
15.600000,50.00000,-0.25000,0.033333,27
15.600000,51.01591,-0.21612,0.100000,28
15.600000,52.02731,-0.11465,0.166667,29
15.600000,53.02971,0.05398,0.166667,30
15.700000,23.22123,0.37451,-0.675912,0
15.700000,24.00000,-0.25000,-0.244979,1
15.700000,25.00000,-0.50000,-0.244979,2
15.700000,26.00000,-0.75000,-0.463648,3
15.700000,27.00000,-1.25000,-0.244979,4
15.700000,28.00000,-1.50000,0.000000,5
15.700000,29.00000,-1.50000,0.000000,6
15.700000,30.00000,-1.50000,0.000000,7
15.700000,31.00000,-1.50000,0.463648,8
15.700000,32.00000,-1.00000,0.244979,9
15.700000,33.00000,-0.75000,0.244979,10
15.700000,34.00000,-0.50000,0.244979,11
15.700000,35.00000,-0.25000,0.000000,12
15.700000,36.00000,-0.25000,0.000000,13
15.700000,37.00000,-0.25000,0.000000,14
15.700000,38.00000,-0.25000,0.000000,15
15.700000,39.00000,-0.25000,0.000000,16
15.700000,40.00000,-0.25000,0.000000,17
15.700000,41.00000,-0.25000,0.000000,18
15.700000,42.00000,-0.25000,0.000000,19
15.700000,43.00000,-0.25000,0.000000,20
15.700000,44.00000,-0.25000,0.000000,21
15.700000,45.00000,-0.25000,0.000000,22
15.700000,46.00000,-0.25000,0.000000,23
15.700000,47.00000,-0.25000,0.000000,24
15.700000,48.00000,-0.25000,0.000000,25
15.700000,49.00000,-0.25000,0.000000,26
15.700000,50.00000,-0.25000,0.033333,27
15.700000,51.01591,-0.21612,0.100000,28
15.700000,52.02731,-0.11465,0.166667,29
15.700000,53.02971,0.05398,0.166667,30
15.800000,23.35693,0.22323,-0.392516,0
15.800000,24.50000,-0.25000,-0.463648,1
15.800000,25.50000,-0.75000,-0.463648,2
15.800000,26.50000,-1.25000,-0.244979,3
15.800000,27.50000,-1.50000,0.000000,4
15.800000,28.50000,-1.50000,0.000000,5
15.800000,29.50000,-1.50000,0.000000,6
15.800000,30.50000,-1.50000,0.244979,7
15.800000,31.50000,-1.25000,0.463648,8
15.800000,32.50000,-0.75000,0.244979,9
15.800000,33.50000,-0.50000,0.244979,10
15.800000,34.50000,-0.25000,0.000000,11
15.800000,35.50000,-0.25000,0.000000,12
15.800000,36.50000,-0.25000,0.000000,13
15.800000,37.50000,-0.25000,0.000000,14
15.800000,38.50000,-0.25000,0.000000,15
15.800000,39.50000,-0.25000,0.000000,16
15.800000,40.50000,-0.25000,0.000000,17
15.800000,41.50000,-0.25000,0.000000,18
15.800000,42.50000,-0.25000,0.000000,19
15.800000,43.50000,-0.25000,0.000000,20
15.800000,44.50000,-0.25000,0.000000,21
15.800000,45.50000,-0.25000,0.000000,22
15.800000,46.50000,-0.25000,0.000000,23
15.800000,47.50000,-0.25000,0.000000,24
15.800000,48.50000,-0.25000,0.000000,25
15.800000,49.50000,-0.25000,0.008402,26
15.800000,50.50824,-0.24153,0.066667,27
15.800000,51.52246,-0.17381,0.133333,28
15.800000,52.52992,-0.03868,0.200000,29
15.800000,53.52613,0.16326,0.200000,30
15.900000,23.55725,0.07120,-0.544733,0
15.900000,24.50000,-0.50000,-0.244979,1
15.900000,25.50000,-0.75000,-0.463648,2
15.900000,26.50000,-1.25000,-0.244979,3
15.900000,27.50000,-1.50000,0.000000,4
15.900000,28.50000,-1.50000,0.000000,5
15.900000,29.50000,-1.50000,0.000000,6
15.900000,30.50000,-1.50000,0.244979,7
15.900000,31.50000,-1.25000,0.463648,8
15.900000,32.50000,-0.75000,0.244979,9
15.900000,33.50000,-0.50000,0.244979,10
15.900000,34.50000,-0.25000,0.000000,11
15.900000,35.50000,-0.25000,0.000000,12
15.900000,36.50000,-0.25000,0.000000,13
15.900000,37.50000,-0.25000,0.000000,14
15.900000,38.50000,-0.25000,0.000000,15
15.900000,39.50000,-0.25000,0.000000,16
15.900000,40.50000,-0.25000,0.000000,17
15.900000,41.50000,-0.25000,0.000000,18
15.900000,42.50000,-0.25000,0.000000,19
15.900000,43.50000,-0.25000,0.000000,20
15.900000,44.50000,-0.25000,0.000000,21
15.900000,45.50000,-0.25000,0.000000,22
15.900000,46.50000,-0.25000,0.000000,23
15.900000,47.50000,-0.25000,0.000000,24
15.900000,48.50000,-0.25000,0.000000,25
15.900000,49.50000,-0.25000,0.008402,26
15.900000,50.50824,-0.24153,0.066667,27
15.900000,51.52246,-0.17381,0.133333,28
15.900000,52.52992,-0.03868,0.200000,29
15.900000,53.52613,0.16326,0.200000,30
16.000000,23.70860,-0.06575,-0.501849,0
16.000000,24.50000,-0.50000,-0.244979,1
16.000000,25.50000,-0.75000,-0.463648,2
16.000000,26.50000,-1.25000,-0.244979,3
16.000000,27.50000,-1.50000,0.000000,4
16.000000,28.50000,-1.50000,0.000000,5
16.000000,29.50000,-1.50000,0.000000,6
16.000000,30.50000,-1.50000,0.244979,7
16.000000,31.50000,-1.25000,0.463648,8
16.000000,32.50000,-0.75000,0.244979,9
16.000000,33.50000,-0.50000,0.244979,10
16.000000,34.50000,-0.25000,0.000000,11
16.000000,35.50000,-0.25000,0.000000,12
16.000000,36.50000,-0.25000,0.000000,13
16.000000,37.50000,-0.25000,0.000000,14
16.000000,38.50000,-0.25000,0.000000,15
16.000000,39.50000,-0.25000,0.000000,16
16.000000,40.50000,-0.25000,0.000000,17
16.000000,41.50000,-0.25000,0.000000,18
16.000000,42.50000,-0.25000,0.000000,19
16.000000,43.50000,-0.25000,0.000000,20
16.000000,44.50000,-0.25000,0.000000,21
16.000000,45.50000,-0.25000,0.000000,22
16.000000,46.50000,-0.25000,0.000000,23
16.000000,47.50000,-0.25000,0.000000,24
16.000000,48.50000,-0.25000,0.000000,25
16.000000,49.50000,-0.25000,0.008402,26
16.000000,50.50824,-0.24153,0.066667,27
16.000000,51.52246,-0.17381,0.133333,28
16.000000,52.52992,-0.03868,0.200000,29
16.000000,53.52613,0.16326,0.200000,30
16.100000,23.86267,-0.20556,-0.446464,0
16.100000,25.00000,-0.75000,-0.244979,1
16.100000,26.00000,-1.00000,-0.244979,2
16.100000,27.00000,-1.25000,-0.244979,3
16.100000,28.00000,-1.50000,0.000000,4
16.100000,29.00000,-1.50000,0.000000,5
16.100000,30.00000,-1.50000,0.000000,6
16.100000,31.00000,-1.50000,0.463648,7
16.100000,32.00000,-1.00000,0.244979,8
16.100000,33.00000,-0.75000,0.244979,9
16.100000,34.00000,-0.50000,0.244979,10
16.100000,35.00000,-0.25000,0.244979,11
16.100000,36.00000,0.00000,0.000000,12
16.100000,37.00000,0.00000,0.000000,13
16.100000,38.00000,0.00000,0.000000,14
16.100000,39.00000,0.00000,0.000000,15
16.100000,40.00000,0.00000,0.000000,16
16.100000,41.00000,0.00000,0.000000,17
16.100000,42.00000,0.00000,0.000000,18
16.100000,43.00000,0.00000,0.000000,19
16.100000,44.00000,0.00000,0.000000,20
16.100000,45.00000,0.00000,0.000000,21
16.100000,46.00000,0.00000,0.000000,22
16.100000,47.00000,0.00000,0.000000,23
16.100000,48.00000,0.00000,0.000000,24
16.100000,49.00000,0.00000,0.000000,25
16.100000,50.00000,0.00000,0.033333,26
16.100000,50.99926,0.03332,0.100000,27
16.100000,51.99408,0.13314,0.166667,28
16.100000,52.98004,0.29900,0.233333,29
16.100000,53.95276,0.53018,0.233333,30
16.200000,23.98770,-0.35932,-0.368324,0
16.200000,25.00000,-0.75000,-0.244979,1
16.200000,26.00000,-1.00000,-0.244979,2
16.200000,27.00000,-1.25000,-0.244979,3
16.200000,28.00000,-1.50000,0.000000,4
16.200000,29.00000,-1.50000,0.000000,5
16.200000,30.00000,-1.50000,0.000000,6
16.200000,31.00000,-1.50000,0.463648,7
16.200000,32.00000,-1.00000,0.244979,8
16.200000,33.00000,-0.75000,0.244979,9
16.200000,34.00000,-0.50000,0.244979,10
16.200000,35.00000,-0.25000,0.244979,11
16.200000,36.00000,0.00000,0.000000,12
16.200000,37.00000,0.00000,0.000000,13
16.200000,38.00000,0.00000,0.000000,14
16.200000,39.00000,0.00000,0.000000,15
16.200000,40.00000,0.00000,0.000000,16
16.200000,41.00000,0.00000,0.000000,17
16.200000,42.00000,0.00000,0.000000,18
16.200000,43.00000,0.00000,0.000000,19
16.200000,44.00000,0.00000,0.000000,20
16.200000,45.00000,0.00000,0.000000,21
16.200000,46.00000,0.00000,0.000000,22
16.200000,47.00000,0.00000,0.000000,23
16.200000,48.00000,0.00000,0.000000,24
16.200000,49.00000,0.00000,0.000000,25
16.200000,50.00000,0.00000,0.033333,26
16.200000,50.99926,0.03332,0.100000,27
16.200000,51.99408,0.13314,0.166667,28
16.200000,52.98004,0.29900,0.233333,29
16.200000,53.95276,0.53018,0.233333,30
16.300000,24.12755,-0.48560,-0.294258,0
16.300000,25.00000,-0.75000,-0.244979,1
16.300000,26.00000,-1.00000,-0.244979,2
16.300000,27.00000,-1.25000,-0.244979,3
16.300000,28.00000,-1.50000,0.000000,4
16.300000,29.00000,-1.50000,0.000000,5
16.300000,30.00000,-1.50000,0.000000,6
16.300000,31.00000,-1.50000,0.463648,7
16.300000,32.00000,-1.00000,0.244979,8
16.300000,33.00000,-0.75000,0.244979,9
16.300000,34.00000,-0.50000,0.244979,10
16.300000,35.00000,-0.25000,0.244979,11
16.300000,36.00000,0.00000,0.000000,12
16.300000,37.00000,0.00000,0.000000,13
16.300000,38.00000,0.00000,0.000000,14
16.300000,39.00000,0.00000,0.000000,15
16.300000,40.00000,0.00000,0.000000,16
16.300000,41.00000,0.00000,0.000000,17
16.300000,42.00000,0.00000,0.000000,18
16.300000,43.00000,0.00000,0.000000,19
16.300000,44.00000,0.00000,0.000000,20
16.300000,45.00000,0.00000,0.000000,21
16.300000,46.00000,0.00000,0.000000,22
16.300000,47.00000,0.00000,0.000000,23
16.300000,48.00000,0.00000,0.000000,24
16.300000,49.00000,0.00000,0.000000,25
16.300000,50.00000,0.00000,0.033333,26
16.300000,50.99926,0.03332,0.100000,27
16.300000,51.99408,0.13314,0.166667,28
16.300000,52.98004,0.29900,0.480200,29
16.300000,53.88688,0.77134,0.480200,30
16.400000,24.23241,-0.64227,-0.139439,0
16.400000,25.00000,-0.75000,-0.244979,1
16.400000,26.00000,-1.00000,-0.244979,2
16.400000,27.00000,-1.25000,-0.244979,3
16.400000,28.00000,-1.50000,0.000000,4
16.400000,29.00000,-1.50000,0.000000,5
16.400000,30.00000,-1.50000,0.000000,6
16.400000,31.00000,-1.50000,0.463648,7
16.400000,32.00000,-1.00000,0.244979,8
16.400000,33.00000,-0.75000,0.244979,9
16.400000,34.00000,-0.50000,0.244979,10
16.400000,35.00000,-0.25000,0.244979,11
16.400000,36.00000,0.00000,0.000000,12
16.400000,37.00000,0.00000,0.000000,13
16.400000,38.00000,0.00000,0.000000,14
16.400000,39.00000,0.00000,0.000000,15
16.400000,40.00000,0.00000,0.000000,16
16.400000,41.00000,0.00000,0.000000,17
16.400000,42.00000,0.00000,0.000000,18
16.400000,43.00000,0.00000,0.000000,19
16.400000,44.00000,0.00000,0.000000,20
16.400000,45.00000,0.00000,0.000000,21
16.400000,46.00000,0.00000,0.000000,22
16.400000,47.00000,0.00000,0.000000,23
16.400000,48.00000,0.00000,0.000000,24
16.400000,49.00000,0.00000,0.000000,25
16.400000,50.00000,0.00000,0.033333,26
16.400000,50.99926,0.03332,0.100000,27
16.400000,51.99408,0.13314,0.166667,28
16.400000,52.98004,0.29900,0.480200,29
16.400000,53.88688,0.77134,0.480200,30
16.500000,24.34180,-0.74502,-0.216694,0
16.500000,25.50000,-1.00000,-0.244979,1
16.500000,26.50000,-1.25000,-0.244979,2
16.500000,27.50000,-1.50000,0.000000,3
16.500000,28.50000,-1.50000,0.000000,4
16.500000,29.50000,-1.50000,0.000000,5
16.500000,30.50000,-1.50000,0.244979,6
16.500000,31.50000,-1.25000,0.463648,7
16.500000,32.50000,-0.75000,0.244979,8
16.500000,33.50000,-0.50000,0.244979,9
16.500000,34.50000,-0.25000,0.244979,10
16.500000,35.50000,0.00000,0.000000,11
16.500000,36.50000,0.00000,0.000000,12
16.500000,37.50000,0.00000,0.000000,13
16.500000,38.50000,0.00000,0.000000,14
16.500000,39.50000,0.00000,0.000000,15
16.500000,40.50000,0.00000,0.000000,16
16.500000,41.50000,0.00000,0.000000,17
16.500000,42.50000,0.00000,0.000000,18
16.500000,43.50000,0.00000,0.000000,19
16.500000,44.50000,0.00000,0.000000,20
16.500000,45.50000,0.00000,0.000000,21
16.500000,46.50000,0.00000,0.000000,22
16.500000,47.50000,0.00000,0.000000,23
16.500000,48.50000,0.00000,0.000000,24
16.500000,49.50000,0.00000,0.008333,25
16.500000,50.49991,0.00833,0.066667,26
16.500000,51.49750,0.07494,0.380200,27
16.500000,52.44697,0.45439,0.450914,28
16.500000,53.35272,0.89293,0.521759,29
16.500000,54.21116,1.38646,0.521759,30
16.600000,24.39199,-0.89908,-0.090829,0
16.600000,25.50000,-1.00000,-0.244979,1
16.600000,26.50000,-1.25000,-0.244979,2
16.600000,27.50000,-1.50000,0.000000,3
16.600000,28.50000,-1.50000,0.000000,4
16.600000,29.50000,-1.50000,0.000000,5
16.600000,30.50000,-1.50000,0.244979,6
16.600000,31.50000,-1.25000,0.463648,7
16.600000,32.50000,-0.75000,0.244979,8
16.600000,33.50000,-0.50000,0.244979,9
16.600000,34.50000,-0.25000,0.244979,10
16.600000,35.50000,0.00000,0.000000,11
16.600000,36.50000,0.00000,0.000000,12
16.600000,37.50000,0.00000,0.000000,13
16.600000,38.50000,0.00000,0.000000,14
16.600000,39.50000,0.00000,0.000000,15
16.600000,40.50000,0.00000,0.000000,16
16.600000,41.50000,0.00000,0.000000,17
16.600000,42.50000,0.00000,0.000000,18
16.600000,43.50000,0.00000,0.000000,19
16.600000,44.50000,0.00000,0.000000,20
16.600000,45.50000,0.00000,0.000000,21
16.600000,46.50000,0.00000,0.000000,22
16.600000,47.50000,0.00000,0.000000,23
16.600000,48.50000,0.00000,0.000000,24
16.600000,49.50000,0.00000,0.008333,25
16.600000,50.49991,0.00833,0.066667,26
16.600000,51.49750,0.07494,0.380200,27
16.600000,52.44697,0.45439,0.450914,28
16.600000,53.35272,0.89293,0.521759,29
16.600000,54.21116,1.38646,0.521759,30
16.700000,24.46138,-1.02350,-0.214721,0
16.700000,25.50000,-1.25000,0.000000,1
16.700000,26.50000,-1.25000,-0.244979,2
16.700000,27.50000,-1.50000,0.000000,3
16.700000,28.50000,-1.50000,0.000000,4
16.700000,29.50000,-1.50000,0.000000,5
16.700000,30.50000,-1.50000,0.244979,6
16.700000,31.50000,-1.25000,0.463648,7
16.700000,32.50000,-0.75000,0.244979,8
16.700000,33.50000,-0.50000,0.244979,9
16.700000,34.50000,-0.25000,0.244979,10
16.700000,35.50000,0.00000,0.000000,11
16.700000,36.50000,0.00000,0.000000,12
16.700000,37.50000,0.00000,0.000000,13
16.700000,38.50000,0.00000,0.000000,14
16.700000,39.50000,0.00000,0.000000,15
16.700000,40.50000,0.00000,0.000000,16
16.700000,41.50000,0.00000,0.000000,17
16.700000,42.50000,0.00000,0.000000,18
16.700000,43.50000,0.00000,0.000000,19
16.700000,44.50000,0.00000,0.000000,20
16.700000,45.50000,0.00000,0.000000,21
16.700000,46.50000,0.00000,0.000000,22
16.700000,47.50000,0.00000,0.000000,23
16.700000,48.50000,0.00000,0.000000,24
16.700000,49.50000,0.00000,0.008333,25
16.700000,50.49991,0.00833,0.066667,26
16.700000,51.49750,0.07494,0.380200,27
16.700000,52.44697,0.45439,0.450914,28
16.700000,53.35272,0.89293,0.521759,29
16.700000,54.21116,1.38646,0.521759,30
16.800000,24.54426,-1.10175,-0.153892,0
16.800000,25.50000,-1.25000,0.000000,1
16.800000,26.50000,-1.25000,-0.244979,2
16.800000,27.50000,-1.50000,0.000000,3
16.800000,28.50000,-1.50000,0.000000,4
16.800000,29.50000,-1.50000,0.000000,5
16.800000,30.50000,-1.50000,0.244979,6
16.800000,31.50000,-1.25000,0.463648,7
16.800000,32.50000,-0.75000,0.244979,8
16.800000,33.50000,-0.50000,0.244979,9
16.800000,34.50000,-0.25000,0.244979,10
16.800000,35.50000,0.00000,0.000000,11
16.800000,36.50000,0.00000,0.000000,12
16.800000,37.50000,0.00000,0.000000,13
16.800000,38.50000,0.00000,0.000000,14
16.800000,39.50000,0.00000,0.000000,15
16.800000,40.50000,0.00000,0.000000,16
16.800000,41.50000,0.00000,0.000000,17
16.800000,42.50000,0.00000,0.000000,18
16.800000,43.50000,0.00000,0.000000,19
16.800000,44.50000,0.00000,0.000000,20
16.800000,45.50000,0.00000,0.000000,21
16.800000,46.50000,0.00000,0.000000,22
16.800000,47.50000,0.00000,0.000000,23
16.800000,48.50000,0.00000,0.000000,24
16.800000,49.50000,0.00000,0.008333,25
16.800000,50.49991,0.00833,0.066667,26
16.800000,51.49750,0.07494,0.380200,27
16.800000,52.44697,0.45439,0.450914,28
16.800000,53.35272,0.89293,0.521759,29
16.800000,54.21116,1.38646,0.521759,30
16.900000,24.59578,-1.16534,-0.093357,0
16.900000,25.50000,-1.25000,0.000000,1
16.900000,26.50000,-1.25000,-0.244979,2
16.900000,27.50000,-1.50000,0.000000,3
16.900000,28.50000,-1.50000,0.000000,4
16.900000,29.50000,-1.50000,0.000000,5
16.900000,30.50000,-1.50000,0.244979,6
16.900000,31.50000,-1.25000,0.463648,7
16.900000,32.50000,-0.75000,0.244979,8
16.900000,33.50000,-0.50000,0.244979,9
16.900000,34.50000,-0.25000,0.244979,10
16.900000,35.50000,0.00000,0.000000,11
16.900000,36.50000,0.00000,0.000000,12
16.900000,37.50000,0.00000,0.000000,13
16.900000,38.50000,0.00000,0.000000,14
16.900000,39.50000,0.00000,0.000000,15
16.900000,40.50000,0.00000,0.000000,16
16.900000,41.50000,0.00000,0.000000,17
16.900000,42.50000,0.00000,0.000000,18
16.900000,43.50000,0.00000,0.000000,19
16.900000,44.50000,0.00000,0.000000,20
16.900000,45.50000,0.00000,0.000000,21
16.900000,46.50000,0.00000,0.000000,22
16.900000,47.50000,0.00000,0.000000,23
16.900000,48.50000,0.00000,0.000000,24
16.900000,49.50000,0.00000,0.008333,25
16.900000,50.49991,0.00833,0.313534,26
16.900000,51.47254,0.32369,0.384247,27
16.900000,52.40549,0.70092,0.455092,28
16.900000,53.29491,1.13616,0.526075,29
16.900000,54.13728,1.62529,0.526075,30
17.000000,24.67631,-1.22679,-0.028166,0
17.000000,25.50000,-1.25000,0.000000,1
17.000000,26.50000,-1.25000,-0.244979,2
17.000000,27.50000,-1.50000,0.000000,3
17.000000,28.50000,-1.50000,0.000000,4
17.000000,29.50000,-1.50000,0.000000,5
17.000000,30.50000,-1.50000,0.244979,6
17.000000,31.50000,-1.25000,0.463648,7
17.000000,32.50000,-0.75000,0.244979,8
17.000000,33.50000,-0.50000,0.244979,9
17.000000,34.50000,-0.25000,0.244979,10
17.000000,35.50000,0.00000,0.000000,11
17.000000,36.50000,0.00000,0.000000,12
17.000000,37.50000,0.00000,0.000000,13
17.000000,38.50000,0.00000,0.000000,14
17.000000,39.50000,0.00000,0.000000,15
17.000000,40.50000,0.00000,0.000000,16
17.000000,41.50000,0.00000,0.000000,17
17.000000,42.50000,0.00000,0.000000,18
17.000000,43.50000,0.00000,0.000000,19
17.000000,44.50000,0.00000,0.000000,20
17.000000,45.50000,0.00000,0.000000,21
17.000000,46.50000,0.00000,0.000000,22
17.000000,47.50000,0.00000,0.000000,23
17.000000,48.50000,0.00000,0.000000,24
17.000000,49.50000,0.00000,0.008333,25
17.000000,50.49991,0.00833,0.313534,26
17.000000,51.47254,0.32369,0.384247,27
17.000000,52.40549,0.70092,0.455092,28
17.000000,53.29491,1.13616,0.526075,29
17.000000,54.13728,1.62529,0.526075,30
17.100000,24.74699,-1.28693,0.049008,0
17.100000,25.50000,-1.25000,0.000000,1
17.100000,26.50000,-1.25000,-0.244979,2
17.100000,27.50000,-1.50000,0.000000,3
17.100000,28.50000,-1.50000,0.000000,4
17.100000,29.50000,-1.50000,0.000000,5
17.100000,30.50000,-1.50000,0.244979,6
17.100000,31.50000,-1.25000,0.463648,7
17.100000,32.50000,-0.75000,0.244979,8
17.100000,33.50000,-0.50000,0.244979,9
17.100000,34.50000,-0.25000,0.244979,10
17.100000,35.50000,0.00000,0.000000,11
17.100000,36.50000,0.00000,0.000000,12
17.100000,37.50000,0.00000,0.000000,13
17.100000,38.50000,0.00000,0.000000,14
17.100000,39.50000,0.00000,0.000000,15
17.100000,40.50000,0.00000,0.000000,16
17.100000,41.50000,0.00000,0.000000,17
17.100000,42.50000,0.00000,0.000000,18
17.100000,43.50000,0.00000,0.000000,19
17.100000,44.50000,0.00000,0.000000,20
17.100000,45.50000,0.00000,0.000000,21
17.100000,46.50000,0.00000,0.000000,22
17.100000,47.50000,0.00000,0.000000,23
17.100000,48.50000,0.00000,0.000000,24
17.100000,49.50000,0.00000,0.008333,25
17.100000,50.49991,0.00833,0.066667,26
17.100000,51.49750,0.07494,0.380200,27
17.100000,52.44697,0.45439,0.450914,28
17.100000,53.35272,0.89293,0.521759,29
17.100000,54.21116,1.38646,0.521759,30
17.200000,24.76480,-1.34537,-0.124540,0
17.200000,26.00000,-1.50000,0.000000,1
17.200000,27.00000,-1.50000,0.000000,2
17.200000,28.00000,-1.50000,0.000000,3
17.200000,29.00000,-1.50000,0.000000,4
17.200000,30.00000,-1.50000,0.000000,5
17.200000,31.00000,-1.50000,0.463648,6
17.200000,32.00000,-1.00000,0.244979,7
17.200000,33.00000,-0.75000,0.244979,8
17.200000,34.00000,-0.50000,0.244979,9
17.200000,35.00000,-0.25000,0.244979,10
17.200000,36.00000,0.00000,0.000000,11
17.200000,37.00000,0.00000,0.000000,12
17.200000,38.00000,0.00000,0.000000,13
17.200000,39.00000,0.00000,0.000000,14
17.200000,40.00000,0.00000,0.000000,15
17.200000,41.00000,0.00000,0.000000,16
17.200000,42.00000,0.00000,0.000000,17
17.200000,43.00000,0.00000,0.000000,18
17.200000,44.00000,0.00000,0.000000,19
17.200000,45.00000,0.00000,0.000000,20
17.200000,46.00000,0.00000,0.000000,21
17.200000,47.00000,0.00000,0.000000,22
17.200000,48.00000,0.00000,0.000000,23
17.200000,49.00000,0.00000,0.000000,24
17.200000,50.00000,0.00000,0.033333,25
17.200000,50.99926,0.03332,0.346867,26
17.200000,51.96084,0.38092,0.417580,27
17.200000,52.88071,0.78903,0.488425,28
17.200000,53.75512,1.25367,0.791655,29
17.200000,54.49893,2.00684,0.791655,30
17.300000,24.83036,-1.33027,-0.144108,0
17.300000,26.00000,-1.50000,0.000000,1
17.300000,27.00000,-1.50000,0.000000,2
17.300000,28.00000,-1.50000,0.000000,3
17.300000,29.00000,-1.50000,0.000000,4
17.300000,30.00000,-1.50000,0.000000,5
17.300000,31.00000,-1.50000,0.463648,6
17.300000,32.00000,-1.00000,0.244979,7
17.300000,33.00000,-0.75000,0.244979,8
17.300000,34.00000,-0.50000,0.244979,9
17.300000,35.00000,-0.25000,0.244979,10
17.300000,36.00000,0.00000,0.000000,11
17.300000,37.00000,0.00000,0.000000,12
17.300000,38.00000,0.00000,0.000000,13
17.300000,39.00000,0.00000,0.000000,14
17.300000,40.00000,0.00000,0.000000,15
17.300000,41.00000,0.00000,0.000000,16
17.300000,42.00000,0.00000,0.000000,17
17.300000,43.00000,0.00000,0.000000,18
17.300000,44.00000,0.00000,0.000000,19
17.300000,45.00000,0.00000,0.000000,20
17.300000,46.00000,0.00000,0.000000,21
17.300000,47.00000,0.00000,0.000000,22
17.300000,48.00000,0.00000,0.000000,23
17.300000,49.00000,0.00000,0.000000,24
17.300000,50.00000,0.00000,0.033333,25
17.300000,50.99926,0.03332,0.346867,26
17.300000,51.96084,0.38092,0.417580,27
17.300000,52.88071,0.78903,0.488425,28
17.300000,53.75512,1.25367,0.559409,29
17.300000,54.58073,1.77060,0.559409,30
17.402000,24.83251,-1.34259,-0.134019,0
17.402000,26.00000,-1.50000,0.000000,1
17.402000,27.00000,-1.50000,0.000000,2
17.402000,28.00000,-1.50000,0.000000,3
17.402000,29.00000,-1.50000,0.000000,4
17.402000,30.00000,-1.50000,0.000000,5
17.402000,31.00000,-1.50000,0.463648,6
17.402000,32.00000,-1.00000,0.244979,7
17.402000,33.00000,-0.75000,0.244979,8
17.402000,34.00000,-0.50000,0.244979,9
17.402000,35.00000,-0.25000,0.244979,10
17.402000,36.00000,0.00000,0.000000,11
17.402000,37.00000,0.00000,0.000000,12
17.402000,38.00000,0.00000,0.000000,13
17.402000,39.00000,0.00000,0.000000,14
17.402000,40.00000,0.00000,0.000000,15
17.402000,41.00000,0.00000,0.000000,16
17.402000,42.00000,0.00000,0.000000,17
17.402000,43.00000,0.00000,0.000000,18
17.402000,44.00000,0.00000,0.000000,19
17.402000,45.00000,0.00000,0.000000,20
17.402000,46.00000,0.00000,0.000000,21
17.402000,47.00000,0.00000,0.000000,22
17.402000,48.00000,0.00000,0.000000,23
17.402000,49.00000,0.00000,0.000000,24
17.402000,50.00000,0.00000,0.033333,25
17.402000,50.99926,0.03332,0.346867,26
17.402000,51.96084,0.38092,0.417580,27
17.402000,52.88071,0.78903,0.488425,28
17.402000,53.75512,1.25367,0.559409,29
17.402000,54.58073,1.77060,0.559409,30
17.500000,24.84749,-1.37022,-0.112134,0
17.500000,26.00000,-1.50000,0.000000,1
17.500000,27.00000,-1.50000,0.000000,2
17.500000,28.00000,-1.50000,0.000000,3
17.500000,29.00000,-1.50000,0.000000,4
17.500000,30.00000,-1.50000,0.000000,5
17.500000,31.00000,-1.50000,0.463648,6
17.500000,32.00000,-1.00000,0.244979,7
17.500000,33.00000,-0.75000,0.244979,8
17.500000,34.00000,-0.50000,0.244979,9
17.500000,35.00000,-0.25000,0.244979,10
17.500000,36.00000,0.00000,0.000000,11
17.500000,37.00000,0.00000,0.000000,12
17.500000,38.00000,0.00000,0.000000,13
17.500000,39.00000,0.00000,0.000000,14
17.500000,40.00000,0.00000,0.000000,15
17.500000,41.00000,0.00000,0.000000,16
17.500000,42.00000,0.00000,0.000000,17
17.500000,43.00000,0.00000,0.000000,18
17.500000,44.00000,0.00000,0.000000,19
17.500000,45.00000,0.00000,0.000000,20
17.500000,46.00000,0.00000,0.000000,21
17.500000,47.00000,0.00000,0.000000,22
17.500000,48.00000,0.00000,0.000000,23
17.500000,49.00000,0.00000,0.000000,24
17.500000,50.00000,0.00000,0.033333,25
17.500000,50.99926,0.03332,0.346867,26
17.500000,51.96084,0.38092,0.417580,27
17.500000,52.88071,0.78903,0.488425,28
17.500000,53.75512,1.25367,0.559409,29
17.500000,54.58073,1.77060,0.559409,30
17.602000,24.88014,-1.37381,-0.112210,0
17.602000,26.00000,-1.50000,0.000000,1
17.602000,27.00000,-1.50000,0.000000,2
17.602000,28.00000,-1.50000,0.000000,3
17.602000,29.00000,-1.50000,0.000000,4
17.602000,30.00000,-1.50000,0.000000,5
17.602000,31.00000,-1.50000,0.463648,6
17.602000,32.00000,-1.00000,0.244979,7
17.602000,33.00000,-0.75000,0.244979,8
17.602000,34.00000,-0.50000,0.244979,9
17.602000,35.00000,-0.25000,0.244979,10
17.602000,36.00000,0.00000,0.000000,11
17.602000,37.00000,0.00000,0.000000,12
17.602000,38.00000,0.00000,0.000000,13
17.602000,39.00000,0.00000,0.000000,14
17.602000,40.00000,0.00000,0.000000,15
17.602000,41.00000,0.00000,0.000000,16
17.602000,42.00000,0.00000,0.000000,17
17.602000,43.00000,0.00000,0.000000,18
17.602000,44.00000,0.00000,0.000000,19
17.602000,45.00000,0.00000,0.000000,20
17.602000,46.00000,0.00000,0.000000,21
17.602000,47.00000,0.00000,0.000000,22
17.602000,48.00000,0.00000,0.000000,23
17.602000,49.00000,0.00000,0.000000,24
17.602000,50.00000,0.00000,0.033333,25
17.602000,50.99926,0.03332,0.346867,26
17.602000,51.96084,0.38092,0.417580,27
17.602000,52.88071,0.78903,0.488425,28
17.602000,53.75512,1.25367,0.559409,29
17.602000,54.58073,1.77060,0.559409,30
17.700000,24.85520,-1.35955,-0.122072,0
17.700000,26.00000,-1.50000,0.000000,1
17.700000,27.00000,-1.50000,0.000000,2
17.700000,28.00000,-1.50000,0.000000,3
17.700000,29.00000,-1.50000,0.000000,4
17.700000,30.00000,-1.50000,0.000000,5
17.700000,31.00000,-1.50000,0.463648,6
17.700000,32.00000,-1.00000,0.244979,7
17.700000,33.00000,-0.75000,0.244979,8
17.700000,34.00000,-0.50000,0.244979,9
17.700000,35.00000,-0.25000,0.244979,10
17.700000,36.00000,0.00000,0.000000,11
17.700000,37.00000,0.00000,0.000000,12
17.700000,38.00000,0.00000,0.000000,13
17.700000,39.00000,0.00000,0.000000,14
17.700000,40.00000,0.00000,0.000000,15
17.700000,41.00000,0.00000,0.000000,16
17.700000,42.00000,0.00000,0.000000,17
17.700000,43.00000,0.00000,0.000000,18
17.700000,44.00000,0.00000,0.000000,19
17.700000,45.00000,0.00000,0.000000,20
17.700000,46.00000,0.00000,0.000000,21
17.700000,47.00000,0.00000,0.000000,22
17.700000,48.00000,0.00000,0.000000,23
17.700000,49.00000,0.00000,0.000000,24
17.700000,50.00000,0.00000,0.033333,25
17.700000,50.99926,0.03332,0.346867,26
17.700000,51.96084,0.38092,0.417580,27
17.700000,52.88071,0.78903,0.488425,28
17.700000,53.75512,1.25367,0.559409,29
17.700000,54.58073,1.77060,0.559409,30
17.802000,24.80966,-1.35345,-0.122501,0
17.802000,26.00000,-1.50000,0.000000,1
17.802000,27.00000,-1.50000,0.000000,2
17.802000,28.00000,-1.50000,0.000000,3
17.802000,29.00000,-1.50000,0.000000,4
17.802000,30.00000,-1.50000,0.000000,5
17.802000,31.00000,-1.50000,0.463648,6
17.802000,32.00000,-1.00000,0.244979,7
17.802000,33.00000,-0.75000,0.244979,8
17.802000,34.00000,-0.50000,0.244979,9
17.802000,35.00000,-0.25000,0.244979,10
17.802000,36.00000,0.00000,0.000000,11
17.802000,37.00000,0.00000,0.000000,12
17.802000,38.00000,0.00000,0.000000,13
17.802000,39.00000,0.00000,0.000000,14
17.802000,40.00000,0.00000,0.000000,15
17.802000,41.00000,0.00000,0.000000,16
17.802000,42.00000,0.00000,0.000000,17
17.802000,43.00000,0.00000,0.000000,18
17.802000,44.00000,0.00000,0.000000,19
17.802000,45.00000,0.00000,0.000000,20
17.802000,46.00000,0.00000,0.000000,21
17.802000,47.00000,0.00000,0.000000,22
17.802000,48.00000,0.00000,0.000000,23
17.802000,49.00000,0.00000,0.000000,24
17.802000,50.00000,0.00000,0.033333,25
17.802000,50.99926,0.03332,0.346867,26
17.802000,51.96084,0.38092,0.417580,27
17.802000,52.88071,0.78903,0.488425,28
17.802000,53.75512,1.25367,0.559409,29
17.802000,54.58073,1.77060,0.559409,30
17.900000,24.80959,-1.36540,-0.112592,0
17.900000,26.00000,-1.50000,0.000000,1
17.900000,27.00000,-1.50000,0.000000,2
17.900000,28.00000,-1.50000,0.000000,3
17.900000,29.00000,-1.50000,0.000000,4
17.900000,30.00000,-1.50000,0.000000,5
17.900000,31.00000,-1.50000,0.463648,6
17.900000,32.00000,-1.00000,0.244979,7
17.900000,33.00000,-0.75000,0.244979,8
17.900000,34.00000,-0.50000,0.244979,9
17.900000,35.00000,-0.25000,0.244979,10
17.900000,36.00000,0.00000,0.000000,11
17.900000,37.00000,0.00000,0.000000,12
17.900000,38.00000,0.00000,0.000000,13
17.900000,39.00000,0.00000,0.000000,14
17.900000,40.00000,0.00000,0.000000,15
17.900000,41.00000,0.00000,0.000000,16
17.900000,42.00000,0.00000,0.000000,17
17.900000,43.00000,0.00000,0.000000,18
17.900000,44.00000,0.00000,0.000000,19
17.900000,45.00000,0.00000,0.000000,20
17.900000,46.00000,0.00000,0.000000,21
17.900000,47.00000,0.00000,0.000000,22
17.900000,48.00000,0.00000,0.000000,23
17.900000,49.00000,0.00000,0.000000,24
17.900000,50.00000,0.00000,0.033333,25
17.900000,50.99926,0.03332,0.346867,26
17.900000,51.96084,0.38092,0.417580,27
17.900000,52.88071,0.78903,0.488425,28
17.900000,53.75512,1.25367,0.559409,29
17.900000,54.58073,1.77060,0.559409,30
18.000000,24.81422,-1.34961,-0.126156,0
18.000000,26.00000,-1.50000,0.000000,1
18.000000,27.00000,-1.50000,0.000000,2
18.000000,28.00000,-1.50000,0.000000,3
18.000000,29.00000,-1.50000,0.000000,4
18.000000,30.00000,-1.50000,0.000000,5
18.000000,31.00000,-1.50000,0.463648,6
18.000000,32.00000,-1.00000,0.244979,7
18.000000,33.00000,-0.75000,0.244979,8
18.000000,34.00000,-0.50000,0.244979,9
18.000000,35.00000,-0.25000,0.244979,10
18.000000,36.00000,0.00000,0.000000,11
18.000000,37.00000,0.00000,0.000000,12
18.000000,38.00000,0.00000,0.000000,13
18.000000,39.00000,0.00000,0.000000,14
18.000000,40.00000,0.00000,0.000000,15
18.000000,41.00000,0.00000,0.000000,16
18.000000,42.00000,0.00000,0.000000,17
18.000000,43.00000,0.00000,0.000000,18
18.000000,44.00000,0.00000,0.000000,19
18.000000,45.00000,0.00000,0.000000,20
18.000000,46.00000,0.00000,0.000000,21
18.000000,47.00000,0.00000,0.000000,22
18.000000,48.00000,0.00000,0.000000,23
18.000000,49.00000,0.00000,0.000000,24
18.000000,50.00000,0.00000,0.033333,25
18.000000,50.99926,0.03332,0.346867,26
18.000000,51.96084,0.38092,0.417580,27
18.000000,52.88071,0.78903,0.488425,28
18.000000,53.75512,1.25367,0.559409,29
18.000000,54.58073,1.77060,0.559409,30
18.100000,24.78343,-1.32898,-0.139661,0
18.100000,26.00000,-1.50000,0.000000,1
18.100000,27.00000,-1.50000,0.000000,2
18.100000,28.00000,-1.50000,0.000000,3
18.100000,29.00000,-1.50000,0.000000,4
18.100000,30.00000,-1.50000,0.000000,5
18.100000,31.00000,-1.50000,0.463648,6
18.100000,32.00000,-1.00000,0.244979,7
18.100000,33.00000,-0.75000,0.244979,8
18.100000,34.00000,-0.50000,0.244979,9
18.100000,35.00000,-0.25000,0.244979,10
18.100000,36.00000,0.00000,0.000000,11
18.100000,37.00000,0.00000,0.000000,12
18.100000,38.00000,0.00000,0.000000,13
18.100000,39.00000,0.00000,0.000000,14
18.100000,40.00000,0.00000,0.000000,15
18.100000,41.00000,0.00000,0.000000,16
18.100000,42.00000,0.00000,0.000000,17
18.100000,43.00000,0.00000,0.000000,18
18.100000,44.00000,0.00000,0.000000,19
18.100000,45.00000,0.00000,0.000000,20
18.100000,46.00000,0.00000,0.000000,21
18.100000,47.00000,0.00000,0.000000,22
18.100000,48.00000,0.00000,0.000000,23
18.100000,49.00000,0.00000,0.000000,24
18.100000,50.00000,0.00000,0.033333,25
18.100000,50.99926,0.03332,0.346867,26
18.100000,51.96084,0.38092,0.417580,27
18.100000,52.88071,0.78903,0.488425,28
18.100000,53.75512,1.25367,0.559409,29
18.100000,54.58073,1.77060,0.559409,30
18.200000,24.75099,-1.29095,-0.165832,0
18.200000,26.00000,-1.50000,0.000000,1
18.200000,27.00000,-1.50000,0.000000,2
18.200000,28.00000,-1.50000,0.000000,3
18.200000,29.00000,-1.50000,0.000000,4
18.200000,30.00000,-1.50000,0.000000,5
18.200000,31.00000,-1.50000,0.463648,6
18.200000,32.00000,-1.00000,0.244979,7
18.200000,33.00000,-0.75000,0.244979,8
18.200000,34.00000,-0.50000,0.244979,9
18.200000,35.00000,-0.25000,0.244979,10
18.200000,36.00000,0.00000,0.000000,11
18.200000,37.00000,0.00000,0.000000,12
18.200000,38.00000,0.00000,0.000000,13
18.200000,39.00000,0.00000,0.000000,14
18.200000,40.00000,0.00000,0.000000,15
18.200000,41.00000,0.00000,0.000000,16
18.200000,42.00000,0.00000,0.000000,17
18.200000,43.00000,0.00000,0.000000,18
18.200000,44.00000,0.00000,0.000000,19
18.200000,45.00000,0.00000,0.000000,20
18.200000,46.00000,0.00000,0.000000,21
18.200000,47.00000,0.00000,0.000000,22
18.200000,48.00000,0.00000,0.000000,23
18.200000,49.00000,0.00000,0.000000,24
18.200000,50.00000,0.00000,0.033333,25
18.200000,50.99926,0.03332,0.346867,26
18.200000,51.96084,0.38092,0.417580,27
18.200000,52.88071,0.78903,0.488425,28
18.200000,53.75512,1.25367,0.559409,29
18.200000,54.58073,1.77060,0.559409,30
18.302000,24.73885,-1.25303,0.003981,0
18.302000,25.50000,-1.25000,0.000000,1
18.302000,26.50000,-1.25000,-0.244979,2
18.302000,27.50000,-1.50000,0.000000,3
18.302000,28.50000,-1.50000,0.000000,4
18.302000,29.50000,-1.50000,0.000000,5
18.302000,30.50000,-1.50000,0.244979,6
18.302000,31.50000,-1.25000,0.463648,7
18.302000,32.50000,-0.75000,0.244979,8
18.302000,33.50000,-0.50000,0.244979,9
18.302000,34.50000,-0.25000,0.244979,10
18.302000,35.50000,0.00000,0.000000,11
18.302000,36.50000,0.00000,0.000000,12
18.302000,37.50000,0.00000,0.000000,13
18.302000,38.50000,0.00000,0.000000,14
18.302000,39.50000,0.00000,0.000000,15
18.302000,40.50000,0.00000,0.000000,16
18.302000,41.50000,0.00000,0.000000,17
18.302000,42.50000,0.00000,0.000000,18
18.302000,43.50000,0.00000,0.000000,19
18.302000,44.50000,0.00000,0.000000,20
18.302000,45.50000,0.00000,0.000000,21
18.302000,46.50000,0.00000,0.000000,22
18.302000,47.50000,0.00000,0.000000,23
18.302000,48.50000,0.00000,0.000000,24
18.302000,49.50000,0.00000,0.008333,25
18.302000,50.49991,0.00833,0.066667,26
18.302000,51.49750,0.07494,0.380200,27
18.302000,52.44697,0.45439,0.450914,28
18.302000,53.35272,0.89293,0.521759,29
18.302000,54.21116,1.38646,0.521759,30
18.400000,24.71682,-1.23240,-0.022466,0
18.400000,25.50000,-1.25000,0.000000,1
18.400000,26.50000,-1.25000,-0.244979,2
18.400000,27.50000,-1.50000,0.000000,3
18.400000,28.50000,-1.50000,0.000000,4
18.400000,29.50000,-1.50000,0.000000,5
18.400000,30.50000,-1.50000,0.244979,6
18.400000,31.50000,-1.25000,0.463648,7
18.400000,32.50000,-0.75000,0.244979,8
18.400000,33.50000,-0.50000,0.244979,9
18.400000,34.50000,-0.25000,0.244979,10
18.400000,35.50000,0.00000,0.000000,11
18.400000,36.50000,0.00000,0.000000,12
18.400000,37.50000,0.00000,0.000000,13
18.400000,38.50000,0.00000,0.000000,14
18.400000,39.50000,0.00000,0.000000,15
18.400000,40.50000,0.00000,0.000000,16
18.400000,41.50000,0.00000,0.000000,17
18.400000,42.50000,0.00000,0.000000,18
18.400000,43.50000,0.00000,0.000000,19
18.400000,44.50000,0.00000,0.000000,20
18.400000,45.50000,0.00000,0.000000,21
18.400000,46.50000,0.00000,0.000000,22
18.400000,47.50000,0.00000,0.000000,23
18.400000,48.50000,0.00000,0.000000,24
18.400000,49.50000,0.00000,0.008333,25
18.400000,50.49991,0.00833,0.313534,26
18.400000,51.47254,0.32369,0.384247,27
18.400000,52.40549,0.70092,0.455092,28
18.400000,53.29491,1.13616,0.526075,29
18.400000,54.13728,1.62529,0.526075,30
18.500000,24.68575,-1.23424,-0.019347,0
18.500000,25.50000,-1.25000,0.000000,1
18.500000,26.50000,-1.25000,-0.244979,2
18.500000,27.50000,-1.50000,0.000000,3
18.500000,28.50000,-1.50000,0.000000,4
18.500000,29.50000,-1.50000,0.000000,5
18.500000,30.50000,-1.50000,0.244979,6
18.500000,31.50000,-1.25000,0.463648,7
18.500000,32.50000,-0.75000,0.244979,8
18.500000,33.50000,-0.50000,0.244979,9
18.500000,34.50000,-0.25000,0.244979,10
18.500000,35.50000,0.00000,0.000000,11
18.500000,36.50000,0.00000,0.000000,12
18.500000,37.50000,0.00000,0.000000,13
18.500000,38.50000,0.00000,0.000000,14
18.500000,39.50000,0.00000,0.000000,15
18.500000,40.50000,0.00000,0.000000,16
18.500000,41.50000,0.00000,0.000000,17
18.500000,42.50000,0.00000,0.000000,18
18.500000,43.50000,0.00000,0.000000,19
18.500000,44.50000,0.00000,0.000000,20
18.500000,45.50000,0.00000,0.000000,21
18.500000,46.50000,0.00000,0.000000,22
18.500000,47.50000,0.00000,0.000000,23
18.500000,48.50000,0.00000,0.000000,24
18.500000,49.50000,0.00000,0.008333,25
18.500000,50.49991,0.00833,0.066667,26
18.500000,51.49750,0.07494,0.380200,27
18.500000,52.44697,0.45439,0.450914,28
18.500000,53.35272,0.89293,0.521759,29
18.500000,54.21116,1.38646,0.521759,30
18.600000,24.68072,-1.20027,-0.060624,0
18.600000,25.50000,-1.25000,0.000000,1
18.600000,26.50000,-1.25000,-0.244979,2
18.600000,27.50000,-1.50000,0.000000,3
18.600000,28.50000,-1.50000,0.000000,4
18.600000,29.50000,-1.50000,0.000000,5
18.600000,30.50000,-1.50000,0.244979,6
18.600000,31.50000,-1.25000,0.463648,7
18.600000,32.50000,-0.75000,0.244979,8
18.600000,33.50000,-0.50000,0.244979,9
18.600000,34.50000,-0.25000,0.244979,10
18.600000,35.50000,0.00000,0.000000,11
18.600000,36.50000,0.00000,0.000000,12
18.600000,37.50000,0.00000,0.000000,13
18.600000,38.50000,0.00000,0.000000,14
18.600000,39.50000,0.00000,0.000000,15
18.600000,40.50000,0.00000,0.000000,16
18.600000,41.50000,0.00000,0.000000,17
18.600000,42.50000,0.00000,0.000000,18
18.600000,43.50000,0.00000,0.000000,19
18.600000,44.50000,0.00000,0.000000,20
18.600000,45.50000,0.00000,0.000000,21
18.600000,46.50000,0.00000,0.000000,22
18.600000,47.50000,0.00000,0.000000,23
18.600000,48.50000,0.00000,0.000000,24
18.600000,49.50000,0.00000,0.008333,25
18.600000,50.49991,0.00833,0.066667,26
18.600000,51.49750,0.07494,0.380200,27
18.600000,52.44697,0.45439,0.450914,28
18.600000,53.35272,0.89293,0.521759,29
18.600000,54.21116,1.38646,0.521759,30
18.700000,24.65239,-1.17331,-0.090238,0
18.700000,25.50000,-1.25000,0.000000,1
18.700000,26.50000,-1.25000,-0.244979,2
18.700000,27.50000,-1.50000,0.000000,3
18.700000,28.50000,-1.50000,0.000000,4
18.700000,29.50000,-1.50000,0.000000,5
18.700000,30.50000,-1.50000,0.244979,6
18.700000,31.50000,-1.25000,0.463648,7
18.700000,32.50000,-0.75000,0.244979,8
18.700000,33.50000,-0.50000,0.244979,9
18.700000,34.50000,-0.25000,0.244979,10
18.700000,35.50000,0.00000,0.000000,11
18.700000,36.50000,0.00000,0.000000,12
18.700000,37.50000,0.00000,0.000000,13
18.700000,38.50000,0.00000,0.000000,14
18.700000,39.50000,0.00000,0.000000,15
18.700000,40.50000,0.00000,0.000000,16
18.700000,41.50000,0.00000,0.000000,17
18.700000,42.50000,0.00000,0.000000,18
18.700000,43.50000,0.00000,0.000000,19
18.700000,44.50000,0.00000,0.000000,20
18.700000,45.50000,0.00000,0.000000,21
18.700000,46.50000,0.00000,0.000000,22
18.700000,47.50000,0.00000,0.000000,23
18.700000,48.50000,0.00000,0.000000,24
18.700000,49.50000,0.00000,0.008333,25
18.700000,50.49991,0.00833,0.066667,26
18.700000,51.49750,0.07494,0.380200,27
18.700000,52.44697,0.45439,0.450914,28
18.700000,53.35272,0.89293,0.521759,29
18.700000,54.21116,1.38646,0.521759,30
18.800000,24.61256,-1.16433,-0.096241,0
18.800000,25.50000,-1.25000,0.000000,1
18.800000,26.50000,-1.25000,-0.244979,2
18.800000,27.50000,-1.50000,0.000000,3
18.800000,28.50000,-1.50000,0.000000,4
18.800000,29.50000,-1.50000,0.000000,5
18.800000,30.50000,-1.50000,0.244979,6
18.800000,31.50000,-1.25000,0.463648,7
18.800000,32.50000,-0.75000,0.244979,8
18.800000,33.50000,-0.50000,0.244979,9
18.800000,34.50000,-0.25000,0.244979,10
18.800000,35.50000,0.00000,0.000000,11
18.800000,36.50000,0.00000,0.000000,12
18.800000,37.50000,0.00000,0.000000,13
18.800000,38.50000,0.00000,0.000000,14
18.800000,39.50000,0.00000,0.000000,15
18.800000,40.50000,0.00000,0.000000,16
18.800000,41.50000,0.00000,0.000000,17
18.800000,42.50000,0.00000,0.000000,18
18.800000,43.50000,0.00000,0.000000,19
18.800000,44.50000,0.00000,0.000000,20
18.800000,45.50000,0.00000,0.000000,21
18.800000,46.50000,0.00000,0.000000,22
18.800000,47.50000,0.00000,0.000000,23
18.800000,48.50000,0.00000,0.000000,24
18.800000,49.50000,0.00000,0.008333,25
18.800000,50.49991,0.00833,0.066667,26
18.800000,51.49750,0.07494,0.380200,27
18.800000,52.44697,0.45439,0.450914,28
18.800000,53.35272,0.89293,0.521759,29
18.800000,54.21116,1.38646,0.521759,30
18.900000,24.64944,-1.17064,-0.093031,0
18.900000,25.50000,-1.25000,0.000000,1
18.900000,26.50000,-1.25000,-0.244979,2
18.900000,27.50000,-1.50000,0.000000,3
18.900000,28.50000,-1.50000,0.000000,4
18.900000,29.50000,-1.50000,0.000000,5
18.900000,30.50000,-1.50000,0.244979,6
18.900000,31.50000,-1.25000,0.463648,7
18.900000,32.50000,-0.75000,0.244979,8
18.900000,33.50000,-0.50000,0.244979,9
18.900000,34.50000,-0.25000,0.244979,10
18.900000,35.50000,0.00000,0.000000,11
18.900000,36.50000,0.00000,0.000000,12
18.900000,37.50000,0.00000,0.000000,13
18.900000,38.50000,0.00000,0.000000,14
18.900000,39.50000,0.00000,0.000000,15
18.900000,40.50000,0.00000,0.000000,16
18.900000,41.50000,0.00000,0.000000,17
18.900000,42.50000,0.00000,0.000000,18
18.900000,43.50000,0.00000,0.000000,19
18.900000,44.50000,0.00000,0.000000,20
18.900000,45.50000,0.00000,0.000000,21
18.900000,46.50000,0.00000,0.000000,22
18.900000,47.50000,0.00000,0.000000,23
18.900000,48.50000,0.00000,0.000000,24
18.900000,49.50000,0.00000,0.008333,25
18.900000,50.49991,0.00833,0.066667,26
18.900000,51.49750,0.07494,0.380200,27
18.900000,52.44697,0.45439,0.450914,28
18.900000,53.35272,0.89293,0.521759,29
18.900000,54.21116,1.38646,0.521759,30
19.000000,24.61256,-1.13723,-0.126392,0
19.000000,25.50000,-1.25000,0.000000,1
19.000000,26.50000,-1.25000,-0.244979,2
19.000000,27.50000,-1.50000,0.000000,3
19.000000,28.50000,-1.50000,0.000000,4
19.000000,29.50000,-1.50000,0.000000,5
19.000000,30.50000,-1.50000,0.244979,6
19.000000,31.50000,-1.25000,0.463648,7
19.000000,32.50000,-0.75000,0.244979,8
19.000000,33.50000,-0.50000,0.244979,9
19.000000,34.50000,-0.25000,0.244979,10
19.000000,35.50000,0.00000,0.000000,11
19.000000,36.50000,0.00000,0.000000,12
19.000000,37.50000,0.00000,0.000000,13
19.000000,38.50000,0.00000,0.000000,14
19.000000,39.50000,0.00000,0.000000,15
19.000000,40.50000,0.00000,0.000000,16
19.000000,41.50000,0.00000,0.000000,17
19.000000,42.50000,0.00000,0.000000,18
19.000000,43.50000,0.00000,0.000000,19
19.000000,44.50000,0.00000,0.000000,20
19.000000,45.50000,0.00000,0.000000,21
19.000000,46.50000,0.00000,0.000000,22
19.000000,47.50000,0.00000,0.000000,23
19.000000,48.50000,0.00000,0.000000,24
19.000000,49.50000,0.00000,0.008333,25
19.000000,50.49991,0.00833,0.066667,26
19.000000,51.49750,0.07494,0.380200,27
19.000000,52.44697,0.45439,0.450914,28
19.000000,53.35272,0.89293,0.521759,29
19.000000,54.21116,1.38646,0.521759,30
19.100000,24.61727,-1.17495,-0.084811,0
19.100000,25.50000,-1.25000,0.000000,1
19.100000,26.50000,-1.25000,-0.244979,2
19.100000,27.50000,-1.50000,0.000000,3
19.100000,28.50000,-1.50000,0.000000,4
19.100000,29.50000,-1.50000,0.000000,5
19.100000,30.50000,-1.50000,0.244979,6
19.100000,31.50000,-1.25000,0.463648,7
19.100000,32.50000,-0.75000,0.244979,8
19.100000,33.50000,-0.50000,0.244979,9
19.100000,34.50000,-0.25000,0.244979,10
19.100000,35.50000,0.00000,0.000000,11
19.100000,36.50000,0.00000,0.000000,12
19.100000,37.50000,0.00000,0.000000,13
19.100000,38.50000,0.00000,0.000000,14
19.100000,39.50000,0.00000,0.000000,15
19.100000,40.50000,0.00000,0.000000,16
19.100000,41.50000,0.00000,0.000000,17
19.100000,42.50000,0.00000,0.000000,18
19.100000,43.50000,0.00000,0.000000,19
19.100000,44.50000,0.00000,0.000000,20
19.100000,45.50000,0.00000,0.000000,21
19.100000,46.50000,0.00000,0.000000,22
19.100000,47.50000,0.00000,0.000000,23
19.100000,48.50000,0.00000,0.000000,24
19.100000,49.50000,0.00000,0.008333,25
19.100000,50.49991,0.00833,0.066667,26
19.100000,51.49750,0.07494,0.380200,27
19.100000,52.44697,0.45439,0.450914,28
19.100000,53.35272,0.89293,0.521759,29
19.100000,54.21116,1.38646,0.521759,30
19.200000,24.63285,-1.16913,-0.092989,0
19.200000,25.50000,-1.25000,0.000000,1
19.200000,26.50000,-1.25000,-0.244979,2
19.200000,27.50000,-1.50000,0.000000,3
19.200000,28.50000,-1.50000,0.000000,4
19.200000,29.50000,-1.50000,0.000000,5
19.200000,30.50000,-1.50000,0.244979,6
19.200000,31.50000,-1.25000,0.463648,7
19.200000,32.50000,-0.75000,0.244979,8
19.200000,33.50000,-0.50000,0.244979,9
19.200000,34.50000,-0.25000,0.244979,10
19.200000,35.50000,0.00000,0.000000,11
19.200000,36.50000,0.00000,0.000000,12
19.200000,37.50000,0.00000,0.000000,13
19.200000,38.50000,0.00000,0.000000,14
19.200000,39.50000,0.00000,0.000000,15
19.200000,40.50000,0.00000,0.000000,16
19.200000,41.50000,0.00000,0.000000,17
19.200000,42.50000,0.00000,0.000000,18
19.200000,43.50000,0.00000,0.000000,19
19.200000,44.50000,0.00000,0.000000,20
19.200000,45.50000,0.00000,0.000000,21
19.200000,46.50000,0.00000,0.000000,22
19.200000,47.50000,0.00000,0.000000,23
19.200000,48.50000,0.00000,0.000000,24
19.200000,49.50000,0.00000,0.008333,25
19.200000,50.49991,0.00833,0.066667,26
19.200000,51.49750,0.07494,0.380200,27
19.200000,52.44697,0.45439,0.450914,28
19.200000,53.35272,0.89293,0.521759,29
19.200000,54.21116,1.38646,0.521759,30
19.300000,24.67315,-1.17305,-0.092794,0
19.300000,25.50000,-1.25000,0.000000,1
19.300000,26.50000,-1.25000,-0.244979,2
19.300000,27.50000,-1.50000,0.000000,3
19.300000,28.50000,-1.50000,0.000000,4
19.300000,29.50000,-1.50000,0.000000,5
19.300000,30.50000,-1.50000,0.244979,6
19.300000,31.50000,-1.25000,0.463648,7
19.300000,32.50000,-0.75000,0.244979,8
19.300000,33.50000,-0.50000,0.244979,9
19.300000,34.50000,-0.25000,0.244979,10
19.300000,35.50000,0.00000,0.000000,11
19.300000,36.50000,0.00000,0.000000,12
19.300000,37.50000,0.00000,0.000000,13
19.300000,38.50000,0.00000,0.000000,14
19.300000,39.50000,0.00000,0.000000,15
19.300000,40.50000,0.00000,0.000000,16
19.300000,41.50000,0.00000,0.000000,17
19.300000,42.50000,0.00000,0.000000,18
19.300000,43.50000,0.00000,0.000000,19
19.300000,44.50000,0.00000,0.000000,20
19.300000,45.50000,0.00000,0.000000,21
19.300000,46.50000,0.00000,0.000000,22
19.300000,47.50000,0.00000,0.000000,23
19.300000,48.50000,0.00000,0.000000,24
19.300000,49.50000,0.00000,0.008333,25
19.300000,50.49991,0.00833,0.066667,26
19.300000,51.49750,0.07494,0.380200,27
19.300000,52.44697,0.45439,0.450914,28
19.300000,53.35272,0.89293,0.521759,29
19.300000,54.21116,1.38646,0.521759,30
19.400000,24.68056,-1.22312,-0.032796,0
19.400000,25.50000,-1.25000,0.000000,1
19.400000,26.50000,-1.25000,-0.244979,2
19.400000,27.50000,-1.50000,0.000000,3
19.400000,28.50000,-1.50000,0.000000,4
19.400000,29.50000,-1.50000,0.000000,5
19.400000,30.50000,-1.50000,0.244979,6
19.400000,31.50000,-1.25000,0.463648,7
19.400000,32.50000,-0.75000,0.244979,8
19.400000,33.50000,-0.50000,0.244979,9
19.400000,34.50000,-0.25000,0.244979,10
19.400000,35.50000,0.00000,0.000000,11
19.400000,36.50000,0.00000,0.000000,12
19.400000,37.50000,0.00000,0.000000,13
19.400000,38.50000,0.00000,0.000000,14
19.400000,39.50000,0.00000,0.000000,15
19.400000,40.50000,0.00000,0.000000,16
19.400000,41.50000,0.00000,0.000000,17
19.400000,42.50000,0.00000,0.000000,18
19.400000,43.50000,0.00000,0.000000,19
19.400000,44.50000,0.00000,0.000000,20
19.400000,45.50000,0.00000,0.000000,21
19.400000,46.50000,0.00000,0.000000,22
19.400000,47.50000,0.00000,0.000000,23
19.400000,48.50000,0.00000,0.000000,24
19.400000,49.50000,0.00000,0.008333,25
19.400000,50.49991,0.00833,0.066667,26
19.400000,51.49750,0.07494,0.380200,27
19.400000,52.44697,0.45439,0.450914,28
19.400000,53.35272,0.89293,0.521759,29
19.400000,54.21116,1.38646,0.521759,30
19.500000,24.72959,-1.25244,0.003173,0
19.500000,25.50000,-1.25000,0.000000,1
19.500000,26.50000,-1.25000,-0.244979,2
19.500000,27.50000,-1.50000,0.000000,3
19.500000,28.50000,-1.50000,0.000000,4
19.500000,29.50000,-1.50000,0.000000,5
19.500000,30.50000,-1.50000,0.244979,6
19.500000,31.50000,-1.25000,0.463648,7
19.500000,32.50000,-0.75000,0.244979,8
19.500000,33.50000,-0.50000,0.244979,9
19.500000,34.50000,-0.25000,0.244979,10
19.500000,35.50000,0.00000,0.000000,11
19.500000,36.50000,0.00000,0.000000,12
19.500000,37.50000,0.00000,0.000000,13
19.500000,38.50000,0.00000,0.000000,14
19.500000,39.50000,0.00000,0.000000,15
19.500000,40.50000,0.00000,0.000000,16
19.500000,41.50000,0.00000,0.000000,17
19.500000,42.50000,0.00000,0.000000,18
19.500000,43.50000,0.00000,0.000000,19
19.500000,44.50000,0.00000,0.000000,20
19.500000,45.50000,0.00000,0.000000,21
19.500000,46.50000,0.00000,0.000000,22
19.500000,47.50000,0.00000,0.000000,23
19.500000,48.50000,0.00000,0.000000,24
19.500000,49.50000,0.00000,0.008333,25
19.500000,50.49991,0.00833,0.066667,26
19.500000,51.49750,0.07494,0.133333,27
19.500000,52.48844,0.20785,0.446867,28
19.500000,53.41052,0.64971,0.517580,29
19.500000,54.28504,1.14762,0.517580,30
19.600000,24.81083,-1.28707,-0.177181,0
19.600000,26.00000,-1.50000,0.000000,1
19.600000,27.00000,-1.50000,0.000000,2
19.600000,28.00000,-1.50000,0.000000,3
19.600000,29.00000,-1.50000,0.000000,4
19.600000,30.00000,-1.50000,0.000000,5
19.600000,31.00000,-1.50000,0.463648,6
19.600000,32.00000,-1.00000,0.244979,7
19.600000,33.00000,-0.75000,0.244979,8
19.600000,34.00000,-0.50000,0.244979,9
19.600000,35.00000,-0.25000,0.244979,10
19.600000,36.00000,0.00000,0.000000,11
19.600000,37.00000,0.00000,0.000000,12
19.600000,38.00000,0.00000,0.000000,13
19.600000,39.00000,0.00000,0.000000,14
19.600000,40.00000,0.00000,0.000000,15
19.600000,41.00000,0.00000,0.000000,16
19.600000,42.00000,0.00000,0.000000,17
19.600000,43.00000,0.00000,0.000000,18
19.600000,44.00000,0.00000,0.000000,19
19.600000,45.00000,0.00000,0.000000,20
19.600000,46.00000,0.00000,0.000000,21
19.600000,47.00000,0.00000,0.000000,22
19.600000,48.00000,0.00000,0.000000,23
19.600000,49.00000,0.00000,0.000000,24
19.600000,50.00000,0.00000,0.033333,25
19.600000,50.99926,0.03332,0.100000,26
19.600000,51.99408,0.13314,0.413534,27
19.600000,52.93037,0.54402,0.484247,28
19.600000,53.82100,1.01251,0.555092,29
19.600000,54.66252,1.53436,0.555092,30
19.700000,24.85562,-1.34051,-0.138474,0
19.700000,26.00000,-1.50000,0.000000,1
19.700000,27.00000,-1.50000,0.000000,2
19.700000,28.00000,-1.50000,0.000000,3
19.700000,29.00000,-1.50000,0.000000,4
19.700000,30.00000,-1.50000,0.000000,5
19.700000,31.00000,-1.50000,0.463648,6
19.700000,32.00000,-1.00000,0.244979,7
19.700000,33.00000,-0.75000,0.244979,8
19.700000,34.00000,-0.50000,0.244979,9
19.700000,35.00000,-0.25000,0.244979,10
19.700000,36.00000,0.00000,0.000000,11
19.700000,37.00000,0.00000,0.000000,12
19.700000,38.00000,0.00000,0.000000,13
19.700000,39.00000,0.00000,0.000000,14
19.700000,40.00000,0.00000,0.000000,15
19.700000,41.00000,0.00000,0.000000,16
19.700000,42.00000,0.00000,0.000000,17
19.700000,43.00000,0.00000,0.000000,18
19.700000,44.00000,0.00000,0.000000,19
19.700000,45.00000,0.00000,0.000000,20
19.700000,46.00000,0.00000,0.000000,21
19.700000,47.00000,0.00000,0.000000,22
19.700000,48.00000,0.00000,0.000000,23
19.700000,49.00000,0.00000,0.000000,24
19.700000,50.00000,0.00000,0.033333,25
19.700000,50.99926,0.03332,0.100000,26
19.700000,51.99408,0.13314,0.413534,27
19.700000,52.93037,0.54402,0.484247,28
19.700000,53.82100,1.01251,0.555092,29
19.700000,54.66252,1.53436,0.555092,30
19.800000,24.96630,-1.40101,-0.095472,0
19.800000,26.00000,-1.50000,0.000000,1
19.800000,27.00000,-1.50000,0.000000,2
19.800000,28.00000,-1.50000,0.000000,3
19.800000,29.00000,-1.50000,0.000000,4
19.800000,30.00000,-1.50000,0.000000,5
19.800000,31.00000,-1.50000,0.463648,6
19.800000,32.00000,-1.00000,0.244979,7
19.800000,33.00000,-0.75000,0.244979,8
19.800000,34.00000,-0.50000,0.244979,9
19.800000,35.00000,-0.25000,0.244979,10
19.800000,36.00000,0.00000,0.000000,11
19.800000,37.00000,0.00000,0.000000,12
19.800000,38.00000,0.00000,0.000000,13
19.800000,39.00000,0.00000,0.000000,14
19.800000,40.00000,0.00000,0.000000,15
19.800000,41.00000,0.00000,0.000000,16
19.800000,42.00000,0.00000,0.000000,17
19.800000,43.00000,0.00000,0.000000,18
19.800000,44.00000,0.00000,0.000000,19
19.800000,45.00000,0.00000,0.000000,20
19.800000,46.00000,0.00000,0.000000,21
19.800000,47.00000,0.00000,0.000000,22
19.800000,48.00000,0.00000,0.000000,23
19.800000,49.00000,0.00000,0.000000,24
19.800000,50.00000,0.00000,0.033333,25
19.800000,50.99926,0.03332,0.100000,26
19.800000,51.99408,0.13314,0.413534,27
19.800000,52.93037,0.54402,0.484247,28
19.800000,53.82100,1.01251,0.555092,29
19.800000,54.66252,1.53436,0.555092,30
19.900000,25.01456,-1.47134,-0.029071,0
19.900000,26.00000,-1.50000,0.000000,1
19.900000,27.00000,-1.50000,0.000000,2
19.900000,28.00000,-1.50000,0.000000,3
19.900000,29.00000,-1.50000,0.000000,4
19.900000,30.00000,-1.50000,0.000000,5
19.900000,31.00000,-1.50000,0.463648,6
19.900000,32.00000,-1.00000,0.244979,7
19.900000,33.00000,-0.75000,0.244979,8
19.900000,34.00000,-0.50000,0.244979,9
19.900000,35.00000,-0.25000,0.244979,10
19.900000,36.00000,0.00000,0.000000,11
19.900000,37.00000,0.00000,0.000000,12
19.900000,38.00000,0.00000,0.000000,13
19.900000,39.00000,0.00000,0.000000,14
19.900000,40.00000,0.00000,0.000000,15
19.900000,41.00000,0.00000,0.000000,16
19.900000,42.00000,0.00000,0.000000,17
19.900000,43.00000,0.00000,0.000000,18
19.900000,44.00000,0.00000,0.000000,19
19.900000,45.00000,0.00000,0.000000,20
19.900000,46.00000,0.00000,0.000000,21
19.900000,47.00000,0.00000,0.000000,22
19.900000,48.00000,0.00000,0.000000,23
19.900000,49.00000,0.00000,0.000000,24
19.900000,50.00000,0.00000,0.033333,25
19.900000,50.99926,0.03332,0.100000,26
19.900000,51.99408,0.13314,0.413534,27
19.900000,52.93037,0.54402,0.484247,28
19.900000,53.82100,1.01251,0.555092,29
19.900000,54.66252,1.53436,0.555092,30
20.000000,25.05859,-1.58920,0.094466,0
20.000000,26.00000,-1.50000,0.000000,1
20.000000,27.00000,-1.50000,0.000000,2
20.000000,28.00000,-1.50000,0.000000,3
20.000000,29.00000,-1.50000,0.000000,4
20.000000,30.00000,-1.50000,0.000000,5
20.000000,31.00000,-1.50000,0.463648,6
20.000000,32.00000,-1.00000,0.244979,7
20.000000,33.00000,-0.75000,0.244979,8
20.000000,34.00000,-0.50000,0.244979,9
20.000000,35.00000,-0.25000,0.244979,10
20.000000,36.00000,0.00000,0.000000,11
20.000000,37.00000,0.00000,0.000000,12
20.000000,38.00000,0.00000,0.000000,13
20.000000,39.00000,0.00000,0.000000,14
20.000000,40.00000,0.00000,0.000000,15
20.000000,41.00000,0.00000,0.000000,16
20.000000,42.00000,0.00000,0.000000,17
20.000000,43.00000,0.00000,0.000000,18
20.000000,44.00000,0.00000,0.000000,19
20.000000,45.00000,0.00000,0.000000,20
20.000000,46.00000,0.00000,0.000000,21
20.000000,47.00000,0.00000,0.000000,22
20.000000,48.00000,0.00000,0.000000,23
20.000000,49.00000,0.00000,0.000000,24
20.000000,50.00000,0.00000,0.033333,25
20.000000,50.99926,0.03332,0.100000,26
20.000000,51.99408,0.13314,0.413534,27
20.000000,52.93037,0.54402,0.484247,28
20.000000,53.82100,1.01251,0.555092,29
20.000000,54.66252,1.53436,0.555092,30
20.100000,25.15737,-1.63142,0.154723,0
20.100000,26.00000,-1.50000,0.000000,1
20.100000,27.00000,-1.50000,0.000000,2
20.100000,28.00000,-1.50000,0.000000,3
20.100000,29.00000,-1.50000,0.000000,4
20.100000,30.00000,-1.50000,0.000000,5
20.100000,31.00000,-1.50000,0.463648,6
20.100000,32.00000,-1.00000,0.244979,7
20.100000,33.00000,-0.75000,0.244979,8
20.100000,34.00000,-0.50000,0.244979,9
20.100000,35.00000,-0.25000,0.244979,10
20.100000,36.00000,0.00000,0.000000,11
20.100000,37.00000,0.00000,0.000000,12
20.100000,38.00000,0.00000,0.000000,13
20.100000,39.00000,0.00000,0.000000,14
20.100000,40.00000,0.00000,0.000000,15
20.100000,41.00000,0.00000,0.000000,16
20.100000,42.00000,0.00000,0.000000,17
20.100000,43.00000,0.00000,0.000000,18
20.100000,44.00000,0.00000,0.000000,19
20.100000,45.00000,0.00000,0.000000,20
20.100000,46.00000,0.00000,0.000000,21
20.100000,47.00000,0.00000,0.000000,22
20.100000,48.00000,0.00000,0.000000,23
20.100000,49.00000,0.00000,0.000000,24
20.100000,50.00000,0.00000,0.033333,25
20.100000,50.99926,0.03332,0.100000,26
20.100000,51.99408,0.13314,0.413534,27
20.100000,52.93037,0.54402,0.484247,28
20.100000,53.82100,1.01251,0.555092,29
20.100000,54.66252,1.53436,0.555092,30
20.200000,25.24368,-1.75499,0.325176,0
20.200000,26.00000,-1.50000,0.000000,1
20.200000,27.00000,-1.50000,0.000000,2
20.200000,28.00000,-1.50000,0.000000,3
20.200000,29.00000,-1.50000,0.000000,4
20.200000,30.00000,-1.50000,0.000000,5
20.200000,31.00000,-1.50000,0.463648,6
20.200000,32.00000,-1.00000,0.244979,7
20.200000,33.00000,-0.75000,0.244979,8
20.200000,34.00000,-0.50000,0.244979,9
20.200000,35.00000,-0.25000,0.244979,10
20.200000,36.00000,0.00000,0.000000,11
20.200000,37.00000,0.00000,0.000000,12
20.200000,38.00000,0.00000,0.000000,13
20.200000,39.00000,0.00000,0.000000,14
20.200000,40.00000,0.00000,0.000000,15
20.200000,41.00000,0.00000,0.000000,16
20.200000,42.00000,0.00000,0.000000,17
20.200000,43.00000,0.00000,0.000000,18
20.200000,44.00000,0.00000,0.000000,19
20.200000,45.00000,0.00000,0.000000,20
20.200000,46.00000,0.00000,0.000000,21
20.200000,47.00000,0.00000,0.000000,22
20.200000,48.00000,0.00000,0.000000,23
20.200000,49.00000,0.00000,0.000000,24
20.200000,50.00000,0.00000,0.033333,25
20.200000,50.99926,0.03332,0.346867,26
20.200000,51.96084,0.38092,0.417580,27
20.200000,52.88071,0.78903,0.488425,28
20.200000,53.75512,1.25367,0.559409,29
20.200000,54.58073,1.77060,0.559409,30
20.300000,25.30657,-1.82016,0.262095,0
20.300000,26.50000,-1.50000,0.000000,1
20.300000,27.50000,-1.50000,0.000000,2
20.300000,28.50000,-1.50000,0.000000,3
20.300000,29.50000,-1.50000,0.000000,4
20.300000,30.50000,-1.50000,0.244979,5
20.300000,31.50000,-1.25000,0.463648,6
20.300000,32.50000,-0.75000,0.244979,7
20.300000,33.50000,-0.50000,0.244979,8
20.300000,34.50000,-0.25000,0.244979,9
20.300000,35.50000,0.00000,0.000000,10
20.300000,36.50000,0.00000,0.000000,11
20.300000,37.50000,0.00000,0.000000,12
20.300000,38.50000,0.00000,0.000000,13
20.300000,39.50000,0.00000,0.000000,14
20.300000,40.50000,0.00000,0.000000,15
20.300000,41.50000,0.00000,0.000000,16
20.300000,42.50000,0.00000,0.000000,17
20.300000,43.50000,0.00000,0.000000,18
20.300000,44.50000,0.00000,0.000000,19
20.300000,45.50000,0.00000,0.000000,20
20.300000,46.50000,0.00000,0.000000,21
20.300000,47.50000,0.00000,0.000000,22
20.300000,48.50000,0.00000,0.000000,23
20.300000,49.50000,0.00000,0.008333,24
20.300000,50.49991,0.00833,0.313534,25
20.300000,51.47254,0.32369,0.384247,26
20.300000,52.40549,0.70092,0.455092,27
20.300000,53.29491,1.13616,0.526075,28
20.300000,54.13728,1.62529,0.597204,29
20.300000,54.92945,2.16400,0.597204,30
20.400000,25.42230,-1.94507,0.391649,0
20.400000,26.50000,-1.50000,0.000000,1
20.400000,27.50000,-1.50000,0.000000,2
20.400000,28.50000,-1.50000,0.000000,3
20.400000,29.50000,-1.50000,0.000000,4
20.400000,30.50000,-1.50000,0.244979,5
20.400000,31.50000,-1.25000,0.463648,6
20.400000,32.50000,-0.75000,0.244979,7
20.400000,33.50000,-0.50000,0.244979,8
20.400000,34.50000,-0.25000,0.244979,9
20.400000,35.50000,0.00000,0.000000,10
20.400000,36.50000,0.00000,0.000000,11
20.400000,37.50000,0.00000,0.000000,12
20.400000,38.50000,0.00000,0.000000,13
20.400000,39.50000,0.00000,0.000000,14
20.400000,40.50000,0.00000,0.000000,15
20.400000,41.50000,0.00000,0.000000,16
20.400000,42.50000,0.00000,0.000000,17
20.400000,43.50000,0.00000,0.000000,18
20.400000,44.50000,0.00000,0.000000,19
20.400000,45.50000,0.00000,0.000000,20
20.400000,46.50000,0.00000,0.000000,21
20.400000,47.50000,0.00000,0.000000,22
20.400000,48.50000,0.00000,0.000000,23
20.400000,49.50000,0.00000,0.008333,24
20.400000,50.49991,0.00833,0.313534,25
20.400000,51.47254,0.32369,0.384247,26
20.400000,52.40549,0.70092,0.455092,27
20.400000,53.29491,1.13616,0.526075,28
20.400000,54.13728,1.62529,0.597204,29
20.400000,54.92945,2.16400,0.597204,30
20.500000,25.50324,-2.04188,0.497947,0
20.500000,26.50000,-1.50000,0.000000,1
20.500000,27.50000,-1.50000,0.000000,2
20.500000,28.50000,-1.50000,0.000000,3
20.500000,29.50000,-1.50000,0.000000,4
20.500000,30.50000,-1.50000,0.244979,5
20.500000,31.50000,-1.25000,0.463648,6
20.500000,32.50000,-0.75000,0.244979,7
20.500000,33.50000,-0.50000,0.244979,8
20.500000,34.50000,-0.25000,0.244979,9
20.500000,35.50000,0.00000,0.000000,10
20.500000,36.50000,0.00000,0.000000,11
20.500000,37.50000,0.00000,0.000000,12
20.500000,38.50000,0.00000,0.000000,13
20.500000,39.50000,0.00000,0.000000,14
20.500000,40.50000,0.00000,0.000000,15
20.500000,41.50000,0.00000,0.000000,16
20.500000,42.50000,0.00000,0.000000,17
20.500000,43.50000,0.00000,0.000000,18
20.500000,44.50000,0.00000,0.000000,19
20.500000,45.50000,0.00000,0.000000,20
20.500000,46.50000,0.00000,0.000000,21
20.500000,47.50000,0.00000,0.000000,22
20.500000,48.50000,0.00000,0.000000,23
20.500000,49.50000,0.00000,0.008333,24
20.500000,50.49991,0.00833,0.313534,25
20.500000,51.47254,0.32369,0.384247,26
20.500000,52.40549,0.70092,0.455092,27
20.500000,53.29491,1.13616,0.526075,28
20.500000,54.13728,1.62529,0.597204,29
20.500000,54.92945,2.16400,0.597204,30
20.600000,25.58288,-2.12488,0.598103,0
20.600000,26.50000,-1.50000,0.000000,1
20.600000,27.50000,-1.50000,0.000000,2
20.600000,28.50000,-1.50000,0.000000,3
20.600000,29.50000,-1.50000,0.000000,4
20.600000,30.50000,-1.50000,0.244979,5
20.600000,31.50000,-1.25000,0.463648,6
20.600000,32.50000,-0.75000,0.244979,7
20.600000,33.50000,-0.50000,0.244979,8
20.600000,34.50000,-0.25000,0.244979,9
20.600000,35.50000,0.00000,0.000000,10
20.600000,36.50000,0.00000,0.000000,11
20.600000,37.50000,0.00000,0.000000,12
20.600000,38.50000,0.00000,0.000000,13
20.600000,39.50000,0.00000,0.000000,14
20.600000,40.50000,0.00000,0.000000,15
20.600000,41.50000,0.00000,0.000000,16
20.600000,42.50000,0.00000,0.000000,17
20.600000,43.50000,0.00000,0.000000,18
20.600000,44.50000,0.00000,0.000000,19
20.600000,45.50000,0.00000,0.000000,20
20.600000,46.50000,0.00000,0.000000,21
20.600000,47.50000,0.00000,0.000000,22
20.600000,48.50000,0.00000,0.000000,23
20.600000,49.50000,0.00000,0.008333,24
20.600000,50.49991,0.00833,0.066667,25
20.600000,51.49750,0.07494,0.380200,26
20.600000,52.44697,0.45439,0.450914,27
20.600000,53.35272,0.89293,0.521759,28
20.600000,54.21116,1.38646,0.592742,29
20.600000,55.01908,1.93061,0.592742,30
20.700000,25.69231,-2.20227,0.510458,0
20.700000,26.50000,-1.75000,0.244979,1
20.700000,27.50000,-1.50000,0.000000,2
20.700000,28.50000,-1.50000,0.000000,3
20.700000,29.50000,-1.50000,0.000000,4
20.700000,30.50000,-1.50000,0.244979,5
20.700000,31.50000,-1.25000,0.463648,6
20.700000,32.50000,-0.75000,0.244979,7
20.700000,33.50000,-0.50000,0.244979,8
20.700000,34.50000,-0.25000,0.244979,9
20.700000,35.50000,0.00000,0.000000,10
20.700000,36.50000,0.00000,0.000000,11
20.700000,37.50000,0.00000,0.000000,12
20.700000,38.50000,0.00000,0.000000,13
20.700000,39.50000,0.00000,0.000000,14
20.700000,40.50000,0.00000,0.000000,15
20.700000,41.50000,0.00000,0.000000,16
20.700000,42.50000,0.00000,0.000000,17
20.700000,43.50000,0.00000,0.000000,18
20.700000,44.50000,0.00000,0.000000,19
20.700000,45.50000,0.00000,0.000000,20
20.700000,46.50000,0.00000,0.000000,21
20.700000,47.50000,0.00000,0.000000,22
20.700000,48.50000,0.00000,0.000000,23
20.700000,49.50000,0.00000,0.008333,24
20.700000,50.49991,0.00833,0.066667,25
20.700000,51.49750,0.07494,0.380200,26
20.700000,52.44697,0.45439,0.450914,27
20.700000,53.35272,0.89293,0.521759,28
20.700000,54.21116,1.38646,0.592742,29
20.700000,55.01908,1.93061,0.592742,30
20.804000,25.76692,-2.25909,0.391543,0
20.804000,27.00000,-1.75000,0.244979,1
20.804000,28.00000,-1.50000,0.000000,2
20.804000,29.00000,-1.50000,0.000000,3
20.804000,30.00000,-1.50000,0.000000,4
20.804000,31.00000,-1.50000,0.463648,5
20.804000,32.00000,-1.00000,0.244979,6
20.804000,33.00000,-0.75000,0.244979,7
20.804000,34.00000,-0.50000,0.244979,8
20.804000,35.00000,-0.25000,0.244979,9
20.804000,36.00000,0.00000,0.000000,10
20.804000,37.00000,0.00000,0.000000,11
20.804000,38.00000,0.00000,0.000000,12
20.804000,39.00000,0.00000,0.000000,13
20.804000,40.00000,0.00000,0.000000,14
20.804000,41.00000,0.00000,0.000000,15
20.804000,42.00000,0.00000,0.000000,16
20.804000,43.00000,0.00000,0.000000,17
20.804000,44.00000,0.00000,0.000000,18
20.804000,45.00000,0.00000,0.000000,19
20.804000,46.00000,0.00000,0.000000,20
20.804000,47.00000,0.00000,0.000000,21
20.804000,48.00000,0.00000,0.000000,22
20.804000,49.00000,0.00000,0.000000,23
20.804000,50.00000,0.00000,0.033333,24
20.804000,50.99926,0.03332,0.346867,25
20.804000,51.96084,0.38092,0.417580,26
20.804000,52.88071,0.78903,0.488425,27
20.804000,53.75512,1.25367,0.559409,28
20.804000,54.58073,1.77060,0.865858,29
20.804000,55.25715,2.56568,0.865858,30
20.902000,25.88360,-2.35221,0.494688,0
20.902000,27.00000,-1.75000,0.244979,1
20.902000,28.00000,-1.50000,0.000000,2
20.902000,29.00000,-1.50000,0.000000,3
20.902000,30.00000,-1.50000,0.000000,4
20.902000,31.00000,-1.50000,0.463648,5
20.902000,32.00000,-1.00000,0.244979,6
20.902000,33.00000,-0.75000,0.244979,7
20.902000,34.00000,-0.50000,0.244979,8
20.902000,35.00000,-0.25000,0.244979,9
20.902000,36.00000,0.00000,0.000000,10
20.902000,37.00000,0.00000,0.000000,11
20.902000,38.00000,0.00000,0.000000,12
20.902000,39.00000,0.00000,0.000000,13
20.902000,40.00000,0.00000,0.000000,14
20.902000,41.00000,0.00000,0.000000,15
20.902000,42.00000,0.00000,0.000000,16
20.902000,43.00000,0.00000,0.000000,17
20.902000,44.00000,0.00000,0.000000,18
20.902000,45.00000,0.00000,0.000000,19
20.902000,46.00000,0.00000,0.000000,20
20.902000,47.00000,0.00000,0.000000,21
20.902000,48.00000,0.00000,0.000000,22
20.902000,49.00000,0.00000,0.000000,23
20.902000,50.00000,0.00000,0.033333,24
20.902000,50.99926,0.03332,0.100000,25
20.902000,51.99408,0.13314,0.413534,26
20.902000,52.93037,0.54402,0.484247,27
20.902000,53.82100,1.01251,0.555092,28
20.902000,54.66252,1.53436,0.626075,29
20.902000,55.45186,2.10515,0.626075,30
21.002000,26.03059,-2.39495,0.587060,0
21.002000,27.00000,-1.75000,0.244979,1
21.002000,28.00000,-1.50000,0.000000,2
21.002000,29.00000,-1.50000,0.000000,3
21.002000,30.00000,-1.50000,0.000000,4
21.002000,31.00000,-1.50000,0.463648,5
21.002000,32.00000,-1.00000,0.244979,6
21.002000,33.00000,-0.75000,0.244979,7
21.002000,34.00000,-0.50000,0.244979,8
21.002000,35.00000,-0.25000,0.244979,9
21.002000,36.00000,0.00000,0.000000,10
21.002000,37.00000,0.00000,0.000000,11
21.002000,38.00000,0.00000,0.000000,12
21.002000,39.00000,0.00000,0.000000,13
21.002000,40.00000,0.00000,0.000000,14
21.002000,41.00000,0.00000,0.000000,15
21.002000,42.00000,0.00000,0.000000,16
21.002000,43.00000,0.00000,0.000000,17
21.002000,44.00000,0.00000,0.000000,18
21.002000,45.00000,0.00000,0.000000,19
21.002000,46.00000,0.00000,0.000000,20
21.002000,47.00000,0.00000,0.000000,21
21.002000,48.00000,0.00000,0.000000,22
21.002000,49.00000,0.00000,0.000000,23
21.002000,50.00000,0.00000,0.033333,24
21.002000,50.99926,0.03332,0.100000,25
21.002000,51.99408,0.13314,0.166667,26
21.002000,52.98004,0.29900,0.480200,27
21.002000,53.88688,0.77134,0.550914,28
21.002000,54.74432,1.29812,0.621759,29
21.002000,55.54921,1.87488,0.621759,30
21.100000,26.11999,-2.46181,0.680126,0
21.100000,27.00000,-1.75000,0.244979,1
21.100000,28.00000,-1.50000,0.000000,2
21.100000,29.00000,-1.50000,0.000000,3
21.100000,30.00000,-1.50000,0.000000,4
21.100000,31.00000,-1.50000,0.463648,5
21.100000,32.00000,-1.00000,0.244979,6
21.100000,33.00000,-0.75000,0.244979,7
21.100000,34.00000,-0.50000,0.244979,8
21.100000,35.00000,-0.25000,0.244979,9
21.100000,36.00000,0.00000,0.000000,10
21.100000,37.00000,0.00000,0.000000,11
21.100000,38.00000,0.00000,0.000000,12
21.100000,39.00000,0.00000,0.000000,13
21.100000,40.00000,0.00000,0.000000,14
21.100000,41.00000,0.00000,0.000000,15
21.100000,42.00000,0.00000,0.000000,16
21.100000,43.00000,0.00000,0.000000,17
21.100000,44.00000,0.00000,0.000000,18
21.100000,45.00000,0.00000,0.000000,19
21.100000,46.00000,0.00000,0.000000,20
21.100000,47.00000,0.00000,0.000000,21
21.100000,48.00000,0.00000,0.000000,22
21.100000,49.00000,0.00000,0.000000,23
21.100000,50.00000,0.00000,0.033333,24
21.100000,50.99926,0.03332,0.100000,25
21.100000,51.99408,0.13314,0.166667,26
21.100000,52.98004,0.29900,0.233333,27
21.100000,53.95276,0.53018,0.546867,28
21.100000,54.82612,1.06189,0.617580,29
21.100000,55.64657,1.64462,0.617580,30
21.200000,26.17927,-2.46418,0.716093,0
21.200000,27.00000,-1.75000,0.244979,1
21.200000,28.00000,-1.50000,0.000000,2
21.200000,29.00000,-1.50000,0.000000,3
21.200000,30.00000,-1.50000,0.000000,4
21.200000,31.00000,-1.50000,0.463648,5
21.200000,32.00000,-1.00000,0.244979,6
21.200000,33.00000,-0.75000,0.244979,7
21.200000,34.00000,-0.50000,0.244979,8
21.200000,35.00000,-0.25000,0.244979,9
21.200000,36.00000,0.00000,0.000000,10
21.200000,37.00000,0.00000,0.000000,11
21.200000,38.00000,0.00000,0.000000,12
21.200000,39.00000,0.00000,0.000000,13
21.200000,40.00000,0.00000,0.000000,14
21.200000,41.00000,0.00000,0.000000,15
21.200000,42.00000,0.00000,0.000000,16
21.200000,43.00000,0.00000,0.000000,17
21.200000,44.00000,0.00000,0.000000,18
21.200000,45.00000,0.00000,0.000000,19
21.200000,46.00000,0.00000,0.000000,20
21.200000,47.00000,0.00000,0.000000,21
21.200000,48.00000,0.00000,0.000000,22
21.200000,49.00000,0.00000,0.000000,23
21.200000,50.00000,0.00000,0.033333,24
21.200000,50.99926,0.03332,0.100000,25
21.200000,51.99408,0.13314,0.166667,26
21.200000,52.98004,0.29900,0.233333,27
21.200000,53.95276,0.53018,0.300000,28
21.200000,54.90792,0.82565,0.613534,29
21.200000,55.74392,1.41435,0.613534,30
21.300000,26.21148,-2.49649,0.758023,0
21.300000,27.00000,-1.75000,0.244979,1
21.300000,28.00000,-1.50000,0.000000,2
21.300000,29.00000,-1.50000,0.000000,3
21.300000,30.00000,-1.50000,0.000000,4
21.300000,31.00000,-1.50000,0.463648,5
21.300000,32.00000,-1.00000,0.244979,6
21.300000,33.00000,-0.75000,0.244979,7
21.300000,34.00000,-0.50000,0.244979,8
21.300000,35.00000,-0.25000,0.244979,9
21.300000,36.00000,0.00000,0.000000,10
21.300000,37.00000,0.00000,0.000000,11
21.300000,38.00000,0.00000,0.000000,12
21.300000,39.00000,0.00000,0.000000,13
21.300000,40.00000,0.00000,0.000000,14
21.300000,41.00000,0.00000,0.000000,15
21.300000,42.00000,0.00000,0.000000,16
21.300000,43.00000,0.00000,0.000000,17
21.300000,44.00000,0.00000,0.000000,18
21.300000,45.00000,0.00000,0.000000,19
21.300000,46.00000,0.00000,0.000000,20
21.300000,47.00000,0.00000,0.000000,21
21.300000,48.00000,0.00000,0.000000,22
21.300000,49.00000,0.00000,0.000000,23
21.300000,50.00000,0.00000,0.033333,24
21.300000,50.99926,0.03332,0.100000,25
21.300000,51.99408,0.13314,0.166667,26
21.300000,52.98004,0.29900,0.233333,27
21.300000,53.95276,0.53018,0.300000,28
21.300000,54.90792,0.82565,0.366667,29
21.300000,55.84128,1.18409,0.366667,30
21.400000,26.24774,-2.52069,0.797496,0
21.400000,27.00000,-1.75000,0.244979,1
21.400000,28.00000,-1.50000,0.000000,2
21.400000,29.00000,-1.50000,0.000000,3
21.400000,30.00000,-1.50000,0.000000,4
21.400000,31.00000,-1.50000,0.463648,5
21.400000,32.00000,-1.00000,0.244979,6
21.400000,33.00000,-0.75000,0.244979,7
21.400000,34.00000,-0.50000,0.244979,8
21.400000,35.00000,-0.25000,0.244979,9
21.400000,36.00000,0.00000,0.000000,10
21.400000,37.00000,0.00000,0.000000,11
21.400000,38.00000,0.00000,0.000000,12
21.400000,39.00000,0.00000,0.000000,13
21.400000,40.00000,0.00000,0.000000,14
21.400000,41.00000,0.00000,0.000000,15
21.400000,42.00000,0.00000,0.000000,16
21.400000,43.00000,0.00000,0.000000,17
21.400000,44.00000,0.00000,0.000000,18
21.400000,45.00000,0.00000,0.000000,19
21.400000,46.00000,0.00000,0.000000,20
21.400000,47.00000,0.00000,0.000000,21
21.400000,48.00000,0.00000,0.000000,22
21.400000,49.00000,0.00000,0.000000,23
21.400000,50.00000,0.00000,0.033333,24
21.400000,50.99926,0.03332,0.100000,25
21.400000,51.99408,0.13314,0.166667,26
21.400000,52.98004,0.29900,0.233333,27
21.400000,53.95276,0.53018,0.300000,28
21.400000,54.90792,0.82565,0.366667,29
21.400000,55.84128,1.18409,0.366667,30
21.500000,26.31176,-2.53903,0.586180,0
21.500000,27.50000,-1.75000,0.244979,1
21.500000,28.50000,-1.50000,0.000000,2
21.500000,29.50000,-1.50000,0.000000,3
21.500000,30.50000,-1.50000,0.244979,4
21.500000,31.50000,-1.25000,0.463648,5
21.500000,32.50000,-0.75000,0.244979,6
21.500000,33.50000,-0.50000,0.244979,7
21.500000,34.50000,-0.25000,0.244979,8
21.500000,35.50000,0.00000,0.000000,9
21.500000,36.50000,0.00000,0.000000,10
21.500000,37.50000,0.00000,0.000000,11
21.500000,38.50000,0.00000,0.000000,12
21.500000,39.50000,0.00000,0.000000,13
21.500000,40.50000,0.00000,0.000000,14
21.500000,41.50000,0.00000,0.000000,15
21.500000,42.50000,0.00000,0.000000,16
21.500000,43.50000,0.00000,0.000000,17
21.500000,44.50000,0.00000,0.000000,18
21.500000,45.50000,0.00000,0.000000,19
21.500000,46.50000,0.00000,0.000000,20
21.500000,47.50000,0.00000,0.000000,21
21.500000,48.50000,0.00000,0.000000,22
21.500000,49.50000,0.00000,0.008333,23
21.500000,50.49991,0.00833,0.066667,24
21.500000,51.49750,0.07494,0.133333,25
21.500000,52.48844,0.20785,0.200000,26
21.500000,53.46833,0.40648,0.266667,27
21.500000,54.43280,0.66995,0.333333,28
21.500000,55.37759,0.99709,0.400000,29
21.500000,56.29848,1.38643,0.400000,30
21.600000,26.36054,-2.53733,0.604635,0
21.600000,27.50000,-1.75000,0.244979,1
21.600000,28.50000,-1.50000,0.000000,2
21.600000,29.50000,-1.50000,0.000000,3
21.600000,30.50000,-1.50000,0.244979,4
21.600000,31.50000,-1.25000,0.463648,5
21.600000,32.50000,-0.75000,0.244979,6
21.600000,33.50000,-0.50000,0.244979,7
21.600000,34.50000,-0.25000,0.244979,8
21.600000,35.50000,0.00000,0.000000,9
21.600000,36.50000,0.00000,0.000000,10
21.600000,37.50000,0.00000,0.000000,11
21.600000,38.50000,0.00000,0.000000,12
21.600000,39.50000,0.00000,0.000000,13
21.600000,40.50000,0.00000,0.000000,14
21.600000,41.50000,0.00000,0.000000,15
21.600000,42.50000,0.00000,0.000000,16
21.600000,43.50000,0.00000,0.000000,17
21.600000,44.50000,0.00000,0.000000,18
21.600000,45.50000,0.00000,0.000000,19
21.600000,46.50000,0.00000,0.000000,20
21.600000,47.50000,0.00000,0.000000,21
21.600000,48.50000,0.00000,0.000000,22
21.600000,49.50000,0.00000,0.008333,23
21.600000,50.49991,0.00833,0.066667,24
21.600000,51.49750,0.07494,0.133333,25
21.600000,52.48844,0.20785,0.200000,26
21.600000,53.46833,0.40648,0.266667,27
21.600000,54.43280,0.66995,0.333333,28
21.600000,55.37759,0.99709,0.400000,29
21.600000,56.29848,1.38643,0.400000,30
21.700000,26.36655,-2.53902,0.608121,0
21.700000,27.50000,-1.75000,0.244979,1
21.700000,28.50000,-1.50000,0.000000,2
21.700000,29.50000,-1.50000,0.000000,3
21.700000,30.50000,-1.50000,0.244979,4
21.700000,31.50000,-1.25000,0.463648,5
21.700000,32.50000,-0.75000,0.244979,6
21.700000,33.50000,-0.50000,0.244979,7
21.700000,34.50000,-0.25000,0.244979,8
21.700000,35.50000,0.00000,0.000000,9
21.700000,36.50000,0.00000,0.000000,10
21.700000,37.50000,0.00000,0.000000,11
21.700000,38.50000,0.00000,0.000000,12
21.700000,39.50000,0.00000,0.000000,13
21.700000,40.50000,0.00000,0.000000,14
21.700000,41.50000,0.00000,0.000000,15
21.700000,42.50000,0.00000,0.000000,16
21.700000,43.50000,0.00000,0.000000,17
21.700000,44.50000,0.00000,0.000000,18
21.700000,45.50000,0.00000,0.000000,19
21.700000,46.50000,0.00000,0.000000,20
21.700000,47.50000,0.00000,0.000000,21
21.700000,48.50000,0.00000,0.000000,22
21.700000,49.50000,0.00000,0.008333,23
21.700000,50.49991,0.00833,0.066667,24
21.700000,51.49750,0.07494,0.133333,25
21.700000,52.48844,0.20785,0.200000,26
21.700000,53.46833,0.40648,0.266667,27
21.700000,54.43280,0.66995,0.333333,28
21.700000,55.37759,0.99709,0.400000,29
21.700000,56.29848,1.38643,0.400000,30
21.800000,26.39717,-2.55424,0.630086,0
21.800000,27.50000,-1.75000,0.244979,1
21.800000,28.50000,-1.50000,0.000000,2
21.800000,29.50000,-1.50000,0.000000,3
21.800000,30.50000,-1.50000,0.244979,4
21.800000,31.50000,-1.25000,0.463648,5
21.800000,32.50000,-0.75000,0.244979,6
21.800000,33.50000,-0.50000,0.244979,7
21.800000,34.50000,-0.25000,0.244979,8
21.800000,35.50000,0.00000,0.000000,9
21.800000,36.50000,0.00000,0.000000,10
21.800000,37.50000,0.00000,0.000000,11
21.800000,38.50000,0.00000,0.000000,12
21.800000,39.50000,0.00000,0.000000,13
21.800000,40.50000,0.00000,0.000000,14
21.800000,41.50000,0.00000,0.000000,15
21.800000,42.50000,0.00000,0.000000,16
21.800000,43.50000,0.00000,0.000000,17
21.800000,44.50000,0.00000,0.000000,18
21.800000,45.50000,0.00000,0.000000,19
21.800000,46.50000,0.00000,0.000000,20
21.800000,47.50000,0.00000,0.000000,21
21.800000,48.50000,0.00000,0.000000,22
21.800000,49.50000,0.00000,0.008333,23
21.800000,50.49991,0.00833,0.066667,24
21.800000,51.49750,0.07494,0.133333,25
21.800000,52.48844,0.20785,0.200000,26
21.800000,53.46833,0.40648,0.266667,27
21.800000,54.43280,0.66995,0.333333,28
21.800000,55.37759,0.99709,0.400000,29
21.800000,56.29848,1.38643,0.400000,30
21.900000,26.39901,-2.55841,0.633348,0
21.900000,27.50000,-1.75000,0.244979,1
21.900000,28.50000,-1.50000,0.000000,2
21.900000,29.50000,-1.50000,0.000000,3
21.900000,30.50000,-1.50000,0.244979,4
21.900000,31.50000,-1.25000,0.463648,5
21.900000,32.50000,-0.75000,0.244979,6
21.900000,33.50000,-0.50000,0.244979,7
21.900000,34.50000,-0.25000,0.244979,8
21.900000,35.50000,0.00000,0.000000,9
21.900000,36.50000,0.00000,0.000000,10
21.900000,37.50000,0.00000,0.000000,11
21.900000,38.50000,0.00000,0.000000,12
21.900000,39.50000,0.00000,0.000000,13
21.900000,40.50000,0.00000,0.000000,14
21.900000,41.50000,0.00000,0.000000,15
21.900000,42.50000,0.00000,0.000000,16
21.900000,43.50000,0.00000,0.000000,17
21.900000,44.50000,0.00000,0.000000,18
21.900000,45.50000,0.00000,0.000000,19
21.900000,46.50000,0.00000,0.000000,20
21.900000,47.50000,0.00000,0.000000,21
21.900000,48.50000,0.00000,0.000000,22
21.900000,49.50000,0.00000,0.008333,23
21.900000,50.49991,0.00833,0.066667,24
21.900000,51.49750,0.07494,0.133333,25
21.900000,52.48844,0.20785,0.200000,26
21.900000,53.46833,0.40648,0.266667,27
21.900000,54.43280,0.66995,0.333333,28
21.900000,55.37759,0.99709,0.400000,29
21.900000,56.29848,1.38643,0.400000,30
22.000000,26.43051,-2.54494,0.639194,0
22.000000,27.50000,-1.75000,0.244979,1
22.000000,28.50000,-1.50000,0.000000,2
22.000000,29.50000,-1.50000,0.000000,3
22.000000,30.50000,-1.50000,0.244979,4
22.000000,31.50000,-1.25000,0.463648,5
22.000000,32.50000,-0.75000,0.244979,6
22.000000,33.50000,-0.50000,0.244979,7
22.000000,34.50000,-0.25000,0.244979,8
22.000000,35.50000,0.00000,0.000000,9
22.000000,36.50000,0.00000,0.000000,10
22.000000,37.50000,0.00000,0.000000,11
22.000000,38.50000,0.00000,0.000000,12
22.000000,39.50000,0.00000,0.000000,13
22.000000,40.50000,0.00000,0.000000,14
22.000000,41.50000,0.00000,0.000000,15
22.000000,42.50000,0.00000,0.000000,16
22.000000,43.50000,0.00000,0.000000,17
22.000000,44.50000,0.00000,0.000000,18
22.000000,45.50000,0.00000,0.000000,19
22.000000,46.50000,0.00000,0.000000,20
22.000000,47.50000,0.00000,0.000000,21
22.000000,48.50000,0.00000,0.000000,22
22.000000,49.50000,0.00000,0.008333,23
22.000000,50.49991,0.00833,0.066667,24
22.000000,51.49750,0.07494,0.133333,25
22.000000,52.48844,0.20785,0.200000,26
22.000000,53.46833,0.40648,0.266667,27
22.000000,54.43280,0.66995,0.333333,28
22.000000,55.37759,0.99709,0.400000,29
22.000000,56.29848,1.38643,0.400000,30
22.100000,26.44613,-2.57623,0.664904,0
22.100000,27.50000,-1.75000,0.244979,1
22.100000,28.50000,-1.50000,0.000000,2
22.100000,29.50000,-1.50000,0.000000,3
22.100000,30.50000,-1.50000,0.244979,4
22.100000,31.50000,-1.25000,0.463648,5
22.100000,32.50000,-0.75000,0.244979,6
22.100000,33.50000,-0.50000,0.244979,7
22.100000,34.50000,-0.25000,0.244979,8
22.100000,35.50000,0.00000,0.000000,9
22.100000,36.50000,0.00000,0.000000,10
22.100000,37.50000,0.00000,0.000000,11
22.100000,38.50000,0.00000,0.000000,12
22.100000,39.50000,0.00000,0.000000,13
22.100000,40.50000,0.00000,0.000000,14
22.100000,41.50000,0.00000,0.000000,15
22.100000,42.50000,0.00000,0.000000,16
22.100000,43.50000,0.00000,0.000000,17
22.100000,44.50000,0.00000,0.000000,18
22.100000,45.50000,0.00000,0.000000,19
22.100000,46.50000,0.00000,0.000000,20
22.100000,47.50000,0.00000,0.000000,21
22.100000,48.50000,0.00000,0.000000,22
22.100000,49.50000,0.00000,0.008333,23
22.100000,50.49991,0.00833,0.066667,24
22.100000,51.49750,0.07494,0.133333,25
22.100000,52.48844,0.20785,0.200000,26
22.100000,53.46833,0.40648,0.266667,27
22.100000,54.43280,0.66995,0.333333,28
22.100000,55.37759,0.99709,0.400000,29
22.100000,56.29848,1.38643,0.400000,30
22.200000,26.42852,-2.59333,0.666808,0
22.200000,27.50000,-1.75000,0.244979,1
22.200000,28.50000,-1.50000,0.000000,2
22.200000,29.50000,-1.50000,0.000000,3
22.200000,30.50000,-1.50000,0.244979,4
22.200000,31.50000,-1.25000,0.463648,5
22.200000,32.50000,-0.75000,0.244979,6
22.200000,33.50000,-0.50000,0.244979,7
22.200000,34.50000,-0.25000,0.244979,8
22.200000,35.50000,0.00000,0.000000,9
22.200000,36.50000,0.00000,0.000000,10
22.200000,37.50000,0.00000,0.000000,11
22.200000,38.50000,0.00000,0.000000,12
22.200000,39.50000,0.00000,0.000000,13
22.200000,40.50000,0.00000,0.000000,14
22.200000,41.50000,0.00000,0.000000,15
22.200000,42.50000,0.00000,0.000000,16
22.200000,43.50000,0.00000,0.000000,17
22.200000,44.50000,0.00000,0.000000,18
22.200000,45.50000,0.00000,0.000000,19
22.200000,46.50000,0.00000,0.000000,20
22.200000,47.50000,0.00000,0.000000,21
22.200000,48.50000,0.00000,0.000000,22
22.200000,49.50000,0.00000,0.008333,23
22.200000,50.49991,0.00833,0.066667,24
22.200000,51.49750,0.07494,0.133333,25
22.200000,52.48844,0.20785,0.200000,26
22.200000,53.46833,0.40648,0.266667,27
22.200000,54.43280,0.66995,0.333333,28
22.200000,55.37759,0.99709,0.400000,29
22.200000,56.29848,1.38643,0.400000,30
22.300000,26.42118,-2.60354,0.669337,0
22.300000,27.50000,-1.75000,0.244979,1
22.300000,28.50000,-1.50000,0.000000,2
22.300000,29.50000,-1.50000,0.000000,3
22.300000,30.50000,-1.50000,0.244979,4
22.300000,31.50000,-1.25000,0.463648,5
22.300000,32.50000,-0.75000,0.244979,6
22.300000,33.50000,-0.50000,0.244979,7
22.300000,34.50000,-0.25000,0.244979,8
22.300000,35.50000,0.00000,0.000000,9
22.300000,36.50000,0.00000,0.000000,10
22.300000,37.50000,0.00000,0.000000,11
22.300000,38.50000,0.00000,0.000000,12
22.300000,39.50000,0.00000,0.000000,13
22.300000,40.50000,0.00000,0.000000,14
22.300000,41.50000,0.00000,0.000000,15
22.300000,42.50000,0.00000,0.000000,16
22.300000,43.50000,0.00000,0.000000,17
22.300000,44.50000,0.00000,0.000000,18
22.300000,45.50000,0.00000,0.000000,19
22.300000,46.50000,0.00000,0.000000,20
22.300000,47.50000,0.00000,0.000000,21
22.300000,48.50000,0.00000,0.000000,22
22.300000,49.50000,0.00000,0.008333,23
22.300000,50.49991,0.00833,0.066667,24
22.300000,51.49750,0.07494,0.133333,25
22.300000,52.48844,0.20785,0.200000,26
22.300000,53.46833,0.40648,0.266667,27
22.300000,54.43280,0.66995,0.333333,28
22.300000,55.37759,0.99709,0.400000,29
22.300000,56.29848,1.38643,0.400000,30
22.400000,26.43690,-2.61080,0.680635,0
22.400000,27.50000,-1.75000,0.244979,1
22.400000,28.50000,-1.50000,0.000000,2
22.400000,29.50000,-1.50000,0.000000,3
22.400000,30.50000,-1.50000,0.244979,4
22.400000,31.50000,-1.25000,0.463648,5
22.400000,32.50000,-0.75000,0.244979,6
22.400000,33.50000,-0.50000,0.244979,7
22.400000,34.50000,-0.25000,0.244979,8
22.400000,35.50000,0.00000,0.000000,9
22.400000,36.50000,0.00000,0.000000,10
22.400000,37.50000,0.00000,0.000000,11
22.400000,38.50000,0.00000,0.000000,12
22.400000,39.50000,0.00000,0.000000,13
22.400000,40.50000,0.00000,0.000000,14
22.400000,41.50000,0.00000,0.000000,15
22.400000,42.50000,0.00000,0.000000,16
22.400000,43.50000,0.00000,0.000000,17
22.400000,44.50000,0.00000,0.000000,18
22.400000,45.50000,0.00000,0.000000,19
22.400000,46.50000,0.00000,0.000000,20
22.400000,47.50000,0.00000,0.000000,21
22.400000,48.50000,0.00000,0.000000,22
22.400000,49.50000,0.00000,0.008333,23
22.400000,50.49991,0.00833,0.066667,24
22.400000,51.49750,0.07494,0.133333,25
22.400000,52.48844,0.20785,0.200000,26
22.400000,53.46833,0.40648,0.266667,27
22.400000,54.43280,0.66995,0.333333,28
22.400000,55.37759,0.99709,0.400000,29
22.400000,56.29848,1.38643,0.400000,30
22.500000,26.47939,-2.60910,0.699689,0
22.500000,27.50000,-1.75000,0.244979,1
22.500000,28.50000,-1.50000,0.000000,2
22.500000,29.50000,-1.50000,0.000000,3
22.500000,30.50000,-1.50000,0.244979,4
22.500000,31.50000,-1.25000,0.463648,5
22.500000,32.50000,-0.75000,0.244979,6
22.500000,33.50000,-0.50000,0.244979,7
22.500000,34.50000,-0.25000,0.244979,8
22.500000,35.50000,0.00000,0.000000,9
22.500000,36.50000,0.00000,0.000000,10
22.500000,37.50000,0.00000,0.000000,11
22.500000,38.50000,0.00000,0.000000,12
22.500000,39.50000,0.00000,0.000000,13
22.500000,40.50000,0.00000,0.000000,14
22.500000,41.50000,0.00000,0.000000,15
22.500000,42.50000,0.00000,0.000000,16
22.500000,43.50000,0.00000,0.000000,17
22.500000,44.50000,0.00000,0.000000,18
22.500000,45.50000,0.00000,0.000000,19
22.500000,46.50000,0.00000,0.000000,20
22.500000,47.50000,0.00000,0.000000,21
22.500000,48.50000,0.00000,0.000000,22
22.500000,49.50000,0.00000,0.008333,23
22.500000,50.49991,0.00833,0.066667,24
22.500000,51.49750,0.07494,0.133333,25
22.500000,52.48844,0.20785,0.200000,26
22.500000,53.46833,0.40648,0.266667,27
22.500000,54.43280,0.66995,0.333333,28
22.500000,55.37759,0.99709,0.400000,29
22.500000,56.29848,1.38643,0.400000,30
22.600000,26.48006,-2.61160,0.701443,0
22.600000,27.50000,-1.75000,0.244979,1
22.600000,28.50000,-1.50000,0.000000,2
22.600000,29.50000,-1.50000,0.000000,3
22.600000,30.50000,-1.50000,0.244979,4
22.600000,31.50000,-1.25000,0.463648,5
22.600000,32.50000,-0.75000,0.244979,6
22.600000,33.50000,-0.50000,0.244979,7
22.600000,34.50000,-0.25000,0.244979,8
22.600000,35.50000,0.00000,0.000000,9
22.600000,36.50000,0.00000,0.000000,10
22.600000,37.50000,0.00000,0.000000,11
22.600000,38.50000,0.00000,0.000000,12
22.600000,39.50000,0.00000,0.000000,13
22.600000,40.50000,0.00000,0.000000,14
22.600000,41.50000,0.00000,0.000000,15
22.600000,42.50000,0.00000,0.000000,16
22.600000,43.50000,0.00000,0.000000,17
22.600000,44.50000,0.00000,0.000000,18
22.600000,45.50000,0.00000,0.000000,19
22.600000,46.50000,0.00000,0.000000,20
22.600000,47.50000,0.00000,0.000000,21
22.600000,48.50000,0.00000,0.000000,22
22.600000,49.50000,0.00000,0.008333,23
22.600000,50.49991,0.00833,0.066667,24
22.600000,51.49750,0.07494,0.133333,25
22.600000,52.48844,0.20785,0.200000,26
22.600000,53.46833,0.40648,0.266667,27
22.600000,54.43280,0.66995,0.333333,28
22.600000,55.37759,0.99709,0.400000,29
22.600000,56.29848,1.38643,0.400000,30
22.700000,26.49335,-2.64206,0.725119,0
22.700000,27.50000,-1.75000,0.244979,1
22.700000,28.50000,-1.50000,0.000000,2
22.700000,29.50000,-1.50000,0.000000,3
22.700000,30.50000,-1.50000,0.244979,4
22.700000,31.50000,-1.25000,0.463648,5
22.700000,32.50000,-0.75000,0.244979,6
22.700000,33.50000,-0.50000,0.244979,7
22.700000,34.50000,-0.25000,0.244979,8
22.700000,35.50000,0.00000,0.000000,9
22.700000,36.50000,0.00000,0.000000,10
22.700000,37.50000,0.00000,0.000000,11
22.700000,38.50000,0.00000,0.000000,12
22.700000,39.50000,0.00000,0.000000,13
22.700000,40.50000,0.00000,0.000000,14
22.700000,41.50000,0.00000,0.000000,15
22.700000,42.50000,0.00000,0.000000,16
22.700000,43.50000,0.00000,0.000000,17
22.700000,44.50000,0.00000,0.000000,18
22.700000,45.50000,0.00000,0.000000,19
22.700000,46.50000,0.00000,0.000000,20
22.700000,47.50000,0.00000,0.000000,21
22.700000,48.50000,0.00000,0.000000,22
22.700000,49.50000,0.00000,0.008333,23
22.700000,50.49991,0.00833,0.066667,24
22.700000,51.49750,0.07494,0.133333,25
22.700000,52.48844,0.20785,0.200000,26
22.700000,53.46833,0.40648,0.266667,27
22.700000,54.43280,0.66995,0.333333,28
22.700000,55.37759,0.99709,0.400000,29
22.700000,56.29848,1.38643,0.400000,30
22.800000,26.51491,-2.66107,0.591044,0
22.800000,27.50000,-2.00000,0.244979,1
22.800000,28.50000,-1.75000,0.244979,2
22.800000,29.50000,-1.50000,0.000000,3
22.800000,30.50000,-1.50000,0.244979,4
22.800000,31.50000,-1.25000,0.463648,5
22.800000,32.50000,-0.75000,0.244979,6
22.800000,33.50000,-0.50000,0.244979,7
22.800000,34.50000,-0.25000,0.244979,8
22.800000,35.50000,0.00000,0.000000,9
22.800000,36.50000,0.00000,0.000000,10
22.800000,37.50000,0.00000,0.000000,11
22.800000,38.50000,0.00000,0.000000,12
22.800000,39.50000,0.00000,0.000000,13
22.800000,40.50000,0.00000,0.000000,14
22.800000,41.50000,0.00000,0.000000,15
22.800000,42.50000,0.00000,0.000000,16
22.800000,43.50000,0.00000,0.000000,17
22.800000,44.50000,0.00000,0.000000,18
22.800000,45.50000,0.00000,0.000000,19
22.800000,46.50000,0.00000,0.000000,20
22.800000,47.50000,0.00000,0.000000,21
22.800000,48.50000,0.00000,0.000000,22
22.800000,49.50000,0.00000,0.008333,23
22.800000,50.49991,0.00833,0.066667,24
22.800000,51.49750,0.07494,0.133333,25
22.800000,52.48844,0.20785,0.200000,26
22.800000,53.46833,0.40648,0.266667,27
22.800000,54.43280,0.66995,0.333333,28
22.800000,55.37759,0.99709,0.400000,29
22.800000,56.29848,1.38643,0.400000,30
22.900000,26.57663,-2.68981,0.641614,0
22.900000,27.50000,-2.00000,0.244979,1
22.900000,28.50000,-1.75000,0.244979,2
22.900000,29.50000,-1.50000,0.000000,3
22.900000,30.50000,-1.50000,0.244979,4
22.900000,31.50000,-1.25000,0.463648,5
22.900000,32.50000,-0.75000,0.244979,6
22.900000,33.50000,-0.50000,0.244979,7
22.900000,34.50000,-0.25000,0.244979,8
22.900000,35.50000,0.00000,0.000000,9
22.900000,36.50000,0.00000,0.000000,10
22.900000,37.50000,0.00000,0.000000,11
22.900000,38.50000,0.00000,0.000000,12
22.900000,39.50000,0.00000,0.000000,13
22.900000,40.50000,0.00000,0.000000,14
22.900000,41.50000,0.00000,0.000000,15
22.900000,42.50000,0.00000,0.000000,16
22.900000,43.50000,0.00000,0.000000,17
22.900000,44.50000,0.00000,0.000000,18
22.900000,45.50000,0.00000,0.000000,19
22.900000,46.50000,0.00000,0.000000,20
22.900000,47.50000,0.00000,0.000000,21
22.900000,48.50000,0.00000,0.000000,22
22.900000,49.50000,0.00000,0.008333,23
22.900000,50.49991,0.00833,0.066667,24
22.900000,51.49750,0.07494,0.133333,25
22.900000,52.48844,0.20785,0.200000,26
22.900000,53.46833,0.40648,0.266667,27
22.900000,54.43280,0.66995,0.333333,28
22.900000,55.37759,0.99709,0.400000,29
22.900000,56.29848,1.38643,0.400000,30
23.000000,26.62712,-2.68162,0.662976,0
23.000000,27.50000,-2.00000,0.244979,1
23.000000,28.50000,-1.75000,0.244979,2
23.000000,29.50000,-1.50000,0.000000,3
23.000000,30.50000,-1.50000,0.244979,4
23.000000,31.50000,-1.25000,0.463648,5
23.000000,32.50000,-0.75000,0.244979,6
23.000000,33.50000,-0.50000,0.244979,7
23.000000,34.50000,-0.25000,0.244979,8
23.000000,35.50000,0.00000,0.000000,9
23.000000,36.50000,0.00000,0.000000,10
23.000000,37.50000,0.00000,0.000000,11
23.000000,38.50000,0.00000,0.000000,12
23.000000,39.50000,0.00000,0.000000,13
23.000000,40.50000,0.00000,0.000000,14
23.000000,41.50000,0.00000,0.000000,15
23.000000,42.50000,0.00000,0.000000,16
23.000000,43.50000,0.00000,0.000000,17
23.000000,44.50000,0.00000,0.000000,18
23.000000,45.50000,0.00000,0.000000,19
23.000000,46.50000,0.00000,0.000000,20
23.000000,47.50000,0.00000,0.000000,21
23.000000,48.50000,0.00000,0.000000,22
23.000000,49.50000,0.00000,0.008333,23
23.000000,50.49991,0.00833,0.066667,24
23.000000,51.49750,0.07494,0.133333,25
23.000000,52.48844,0.20785,0.200000,26
23.000000,53.46833,0.40648,0.266667,27
23.000000,54.43280,0.66995,0.333333,28
23.000000,55.37759,0.99709,0.400000,29
23.000000,56.29848,1.38643,0.400000,30
23.100000,26.72090,-2.71505,0.742562,0
23.100000,27.50000,-2.00000,0.244979,1
23.100000,28.50000,-1.75000,0.244979,2
23.100000,29.50000,-1.50000,0.000000,3
23.100000,30.50000,-1.50000,0.244979,4
23.100000,31.50000,-1.25000,0.463648,5
23.100000,32.50000,-0.75000,0.244979,6
23.100000,33.50000,-0.50000,0.244979,7
23.100000,34.50000,-0.25000,0.244979,8
23.100000,35.50000,0.00000,0.000000,9
23.100000,36.50000,0.00000,0.000000,10
23.100000,37.50000,0.00000,0.000000,11
23.100000,38.50000,0.00000,0.000000,12
23.100000,39.50000,0.00000,0.000000,13
23.100000,40.50000,0.00000,0.000000,14
23.100000,41.50000,0.00000,0.000000,15
23.100000,42.50000,0.00000,0.000000,16
23.100000,43.50000,0.00000,0.000000,17
23.100000,44.50000,0.00000,0.000000,18
23.100000,45.50000,0.00000,0.000000,19
23.100000,46.50000,0.00000,0.000000,20
23.100000,47.50000,0.00000,0.000000,21
23.100000,48.50000,0.00000,0.000000,22
23.100000,49.50000,0.00000,0.008333,23
23.100000,50.49991,0.00833,0.066667,24
23.100000,51.49750,0.07494,0.133333,25
23.100000,52.48844,0.20785,0.200000,26
23.100000,53.46833,0.40648,0.266667,27
23.100000,54.43280,0.66995,0.333333,28
23.100000,55.37759,0.99709,0.400000,29
23.100000,56.29848,1.38643,0.400000,30
23.200000,26.79757,-2.75722,0.562001,0
23.200000,28.00000,-2.00000,0.244979,1
23.200000,29.00000,-1.75000,0.244979,2
23.200000,30.00000,-1.50000,0.000000,3
23.200000,31.00000,-1.50000,0.463648,4
23.200000,32.00000,-1.00000,0.244979,5
23.200000,33.00000,-0.75000,0.244979,6
23.200000,34.00000,-0.50000,0.244979,7
23.200000,35.00000,-0.25000,0.244979,8
23.200000,36.00000,0.00000,0.000000,9
23.200000,37.00000,0.00000,0.000000,10
23.200000,38.00000,0.00000,0.000000,11
23.200000,39.00000,0.00000,0.000000,12
23.200000,40.00000,0.00000,0.000000,13
23.200000,41.00000,0.00000,0.000000,14
23.200000,42.00000,0.00000,0.000000,15
23.200000,43.00000,0.00000,0.000000,16
23.200000,44.00000,0.00000,0.000000,17
23.200000,45.00000,0.00000,0.000000,18
23.200000,46.00000,0.00000,0.000000,19
23.200000,47.00000,0.00000,0.000000,20
23.200000,48.00000,0.00000,0.000000,21
23.200000,49.00000,0.00000,0.000000,22
23.200000,50.00000,0.00000,0.033333,23
23.200000,50.99926,0.03332,0.100000,24
23.200000,51.99408,0.13314,0.166667,25
23.200000,52.98004,0.29900,0.233333,26
23.200000,53.95276,0.53018,0.300000,27
23.200000,54.90792,0.82565,0.366667,28
23.200000,55.84128,1.18409,0.433333,29
23.200000,56.74868,1.60391,0.433333,30
23.300000,26.88135,-2.74276,0.586139,0
23.300000,28.00000,-2.00000,0.244979,1
23.300000,29.00000,-1.75000,0.244979,2
23.300000,30.00000,-1.50000,0.000000,3
23.300000,31.00000,-1.50000,0.463648,4
23.300000,32.00000,-1.00000,0.244979,5
23.300000,33.00000,-0.75000,0.244979,6
23.300000,34.00000,-0.50000,0.244979,7
23.300000,35.00000,-0.25000,0.244979,8
23.300000,36.00000,0.00000,0.000000,9
23.300000,37.00000,0.00000,0.000000,10
23.300000,38.00000,0.00000,0.000000,11
23.300000,39.00000,0.00000,0.000000,12
23.300000,40.00000,0.00000,0.000000,13
23.300000,41.00000,0.00000,0.000000,14
23.300000,42.00000,0.00000,0.000000,15
23.300000,43.00000,0.00000,0.000000,16
23.300000,44.00000,0.00000,0.000000,17
23.300000,45.00000,0.00000,0.000000,18
23.300000,46.00000,0.00000,0.000000,19
23.300000,47.00000,0.00000,0.000000,20
23.300000,48.00000,0.00000,0.000000,21
23.300000,49.00000,0.00000,0.000000,22
23.300000,50.00000,0.00000,0.033333,23
23.300000,50.99926,0.03332,0.100000,24
23.300000,51.99408,0.13314,0.166667,25
23.300000,52.98004,0.29900,0.233333,26
23.300000,53.95276,0.53018,0.300000,27
23.300000,54.90792,0.82565,0.366667,28
23.300000,55.84128,1.18409,0.433333,29
23.300000,56.74868,1.60391,0.433333,30
23.400000,26.98072,-2.79859,0.664585,0
23.400000,28.00000,-2.00000,0.244979,1
23.400000,29.00000,-1.75000,0.244979,2
23.400000,30.00000,-1.50000,0.000000,3
23.400000,31.00000,-1.50000,0.463648,4
23.400000,32.00000,-1.00000,0.244979,5
23.400000,33.00000,-0.75000,0.244979,6
23.400000,34.00000,-0.50000,0.244979,7
23.400000,35.00000,-0.25000,0.244979,8
23.400000,36.00000,0.00000,0.000000,9
23.400000,37.00000,0.00000,0.000000,10
23.400000,38.00000,0.00000,0.000000,11
23.400000,39.00000,0.00000,0.000000,12
23.400000,40.00000,0.00000,0.000000,13
23.400000,41.00000,0.00000,0.000000,14
23.400000,42.00000,0.00000,0.000000,15
23.400000,43.00000,0.00000,0.000000,16
23.400000,44.00000,0.00000,0.000000,17
23.400000,45.00000,0.00000,0.000000,18
23.400000,46.00000,0.00000,0.000000,19
23.400000,47.00000,0.00000,0.000000,20
23.400000,48.00000,0.00000,0.000000,21
23.400000,49.00000,0.00000,0.000000,22
23.400000,50.00000,0.00000,0.033333,23
23.400000,50.99926,0.03332,0.100000,24
23.400000,51.99408,0.13314,0.166667,25
23.400000,52.98004,0.29900,0.233333,26
23.400000,53.95276,0.53018,0.300000,27
23.400000,54.90792,0.82565,0.366667,28
23.400000,55.84128,1.18409,0.433333,29
23.400000,56.74868,1.60391,0.433333,30
23.500000,27.11049,-2.80057,0.732821,0
23.500000,28.00000,-2.00000,0.244979,1
23.500000,29.00000,-1.75000,0.244979,2
23.500000,30.00000,-1.50000,0.000000,3
23.500000,31.00000,-1.50000,0.463648,4
23.500000,32.00000,-1.00000,0.244979,5
23.500000,33.00000,-0.75000,0.244979,6
23.500000,34.00000,-0.50000,0.244979,7
23.500000,35.00000,-0.25000,0.244979,8
23.500000,36.00000,0.00000,0.000000,9
23.500000,37.00000,0.00000,0.000000,10
23.500000,38.00000,0.00000,0.000000,11
23.500000,39.00000,0.00000,0.000000,12
23.500000,40.00000,0.00000,0.000000,13
23.500000,41.00000,0.00000,0.000000,14
23.500000,42.00000,0.00000,0.000000,15
23.500000,43.00000,0.00000,0.000000,16
23.500000,44.00000,0.00000,0.000000,17
23.500000,45.00000,0.00000,0.000000,18
23.500000,46.00000,0.00000,0.000000,19
23.500000,47.00000,0.00000,0.000000,20
23.500000,48.00000,0.00000,0.000000,21
23.500000,49.00000,0.00000,0.000000,22
23.500000,50.00000,0.00000,0.033333,23
23.500000,50.99926,0.03332,0.100000,24
23.500000,51.99408,0.13314,0.166667,25
23.500000,52.98004,0.29900,0.233333,26
23.500000,53.95276,0.53018,0.300000,27
23.500000,54.90792,0.82565,0.366667,28
23.500000,55.84128,1.18409,0.433333,29
23.500000,56.74868,1.60391,0.433333,30
23.600000,27.20404,-2.80961,0.793900,0
23.600000,28.00000,-2.00000,0.244979,1
23.600000,29.00000,-1.75000,0.244979,2
23.600000,30.00000,-1.50000,0.000000,3
23.600000,31.00000,-1.50000,0.463648,4
23.600000,32.00000,-1.00000,0.244979,5
23.600000,33.00000,-0.75000,0.244979,6
23.600000,34.00000,-0.50000,0.244979,7
23.600000,35.00000,-0.25000,0.244979,8
23.600000,36.00000,0.00000,0.000000,9
23.600000,37.00000,0.00000,0.000000,10
23.600000,38.00000,0.00000,0.000000,11
23.600000,39.00000,0.00000,0.000000,12
23.600000,40.00000,0.00000,0.000000,13
23.600000,41.00000,0.00000,0.000000,14
23.600000,42.00000,0.00000,0.000000,15
23.600000,43.00000,0.00000,0.000000,16
23.600000,44.00000,0.00000,0.000000,17
23.600000,45.00000,0.00000,0.000000,18
23.600000,46.00000,0.00000,0.000000,19
23.600000,47.00000,0.00000,0.000000,20
23.600000,48.00000,0.00000,0.000000,21
23.600000,49.00000,0.00000,0.000000,22
23.600000,50.00000,0.00000,0.033333,23
23.600000,50.99926,0.03332,0.100000,24
23.600000,51.99408,0.13314,0.166667,25
23.600000,52.98004,0.29900,0.233333,26
23.600000,53.95276,0.53018,0.300000,27
23.600000,54.90792,0.82565,0.366667,28
23.600000,55.84128,1.18409,0.433333,29
23.600000,56.74868,1.60391,0.433333,30
23.700000,27.29497,-2.87613,0.628659,0
23.700000,28.50000,-2.00000,0.244979,1
23.700000,29.50000,-1.75000,0.244979,2
23.700000,30.50000,-1.50000,0.244979,3
23.700000,31.50000,-1.25000,0.463648,4
23.700000,32.50000,-0.75000,0.244979,5
23.700000,33.50000,-0.50000,0.244979,6
23.700000,34.50000,-0.25000,0.244979,7
23.700000,35.50000,0.00000,0.000000,8
23.700000,36.50000,0.00000,0.000000,9
23.700000,37.50000,0.00000,0.000000,10
23.700000,38.50000,0.00000,0.000000,11
23.700000,39.50000,0.00000,0.000000,12
23.700000,40.50000,0.00000,0.000000,13
23.700000,41.50000,0.00000,0.000000,14
23.700000,42.50000,0.00000,0.000000,15
23.700000,43.50000,0.00000,0.000000,16
23.700000,44.50000,0.00000,0.000000,17
23.700000,45.50000,0.00000,0.000000,18
23.700000,46.50000,0.00000,0.000000,19
23.700000,47.50000,0.00000,0.000000,20
23.700000,48.50000,0.00000,0.000000,21
23.700000,49.50000,0.00000,0.008333,22
23.700000,50.49991,0.00833,0.066667,23
23.700000,51.49750,0.07494,0.133333,24
23.700000,52.48844,0.20785,0.200000,25
23.700000,53.46833,0.40648,0.266667,26
23.700000,54.43280,0.66995,0.333333,27
23.700000,55.37759,0.99709,0.400000,28
23.700000,56.29848,1.38643,0.466667,29
23.700000,57.19138,1.83626,0.466667,30
23.800000,27.42556,-2.91542,0.554502,0
23.800000,28.50000,-2.25000,0.463648,1
23.800000,29.50000,-1.75000,0.244979,2
23.800000,30.50000,-1.50000,0.244979,3
23.800000,31.50000,-1.25000,0.463648,4
23.800000,32.50000,-0.75000,0.244979,5
23.800000,33.50000,-0.50000,0.244979,6
23.800000,34.50000,-0.25000,0.244979,7
23.800000,35.50000,0.00000,0.000000,8
23.800000,36.50000,0.00000,0.000000,9
23.800000,37.50000,0.00000,0.000000,10
23.800000,38.50000,0.00000,0.000000,11
23.800000,39.50000,0.00000,0.000000,12
23.800000,40.50000,0.00000,0.000000,13
23.800000,41.50000,0.00000,0.000000,14
23.800000,42.50000,0.00000,0.000000,15
23.800000,43.50000,0.00000,0.000000,16
23.800000,44.50000,0.00000,0.000000,17
23.800000,45.50000,0.00000,0.000000,18
23.800000,46.50000,0.00000,0.000000,19
23.800000,47.50000,0.00000,0.000000,20
23.800000,48.50000,0.00000,0.000000,21
23.800000,49.50000,0.00000,0.008333,22
23.800000,50.49991,0.00833,0.066667,23
23.800000,51.49750,0.07494,0.133333,24
23.800000,52.48844,0.20785,0.200000,25
23.800000,53.46833,0.40648,0.266667,26
23.800000,54.43280,0.66995,0.333333,27
23.800000,55.37759,0.99709,0.400000,28
23.800000,56.29848,1.38643,0.466667,29
23.800000,57.19138,1.83626,0.466667,30
23.900000,27.52185,-2.93153,0.608548,0
23.900000,28.50000,-2.25000,0.463648,1
23.900000,29.50000,-1.75000,0.244979,2
23.900000,30.50000,-1.50000,0.244979,3
23.900000,31.50000,-1.25000,0.463648,4
23.900000,32.50000,-0.75000,0.244979,5
23.900000,33.50000,-0.50000,0.244979,6
23.900000,34.50000,-0.25000,0.244979,7
23.900000,35.50000,0.00000,0.000000,8
23.900000,36.50000,0.00000,0.000000,9
23.900000,37.50000,0.00000,0.000000,10
23.900000,38.50000,0.00000,0.000000,11
23.900000,39.50000,0.00000,0.000000,12
23.900000,40.50000,0.00000,0.000000,13
23.900000,41.50000,0.00000,0.000000,14
23.900000,42.50000,0.00000,0.000000,15
23.900000,43.50000,0.00000,0.000000,16
23.900000,44.50000,0.00000,0.000000,17
23.900000,45.50000,0.00000,0.000000,18
23.900000,46.50000,0.00000,0.000000,19
23.900000,47.50000,0.00000,0.000000,20
23.900000,48.50000,0.00000,0.000000,21
23.900000,49.50000,0.00000,0.008333,22
23.900000,50.49991,0.00833,0.066667,23
23.900000,51.49750,0.07494,0.133333,24
23.900000,52.48844,0.20785,0.200000,25
23.900000,53.46833,0.40648,0.266667,26
23.900000,54.43280,0.66995,0.333333,27
23.900000,55.37759,0.99709,0.400000,28
23.900000,56.29848,1.38643,0.466667,29
23.900000,57.19138,1.83626,0.466667,30
24.000000,27.59798,-2.95846,0.665783,0
24.000000,28.50000,-2.25000,0.463648,1
24.000000,29.50000,-1.75000,0.244979,2
24.000000,30.50000,-1.50000,0.244979,3
24.000000,31.50000,-1.25000,0.463648,4
24.000000,32.50000,-0.75000,0.244979,5
24.000000,33.50000,-0.50000,0.244979,6
24.000000,34.50000,-0.25000,0.244979,7
24.000000,35.50000,0.00000,0.000000,8
24.000000,36.50000,0.00000,0.000000,9
24.000000,37.50000,0.00000,0.000000,10
24.000000,38.50000,0.00000,0.000000,11
24.000000,39.50000,0.00000,0.000000,12
24.000000,40.50000,0.00000,0.000000,13
24.000000,41.50000,0.00000,0.000000,14
24.000000,42.50000,0.00000,0.000000,15
24.000000,43.50000,0.00000,0.000000,16
24.000000,44.50000,0.00000,0.000000,17
24.000000,45.50000,0.00000,0.000000,18
24.000000,46.50000,0.00000,0.000000,19
24.000000,47.50000,0.00000,0.000000,20
24.000000,48.50000,0.00000,0.000000,21
24.000000,49.50000,0.00000,0.008333,22
24.000000,50.49991,0.00833,0.066667,23
24.000000,51.49750,0.07494,0.133333,24
24.000000,52.48844,0.20785,0.200000,25
24.000000,53.46833,0.40648,0.266667,26
24.000000,54.43280,0.66995,0.333333,27
24.000000,55.37759,0.99709,0.400000,28
24.000000,56.29848,1.38643,0.466667,29
24.000000,57.19138,1.83626,0.466667,30
24.100000,27.70819,-3.01109,0.765621,0
24.100000,28.50000,-2.25000,0.463648,1
24.100000,29.50000,-1.75000,0.244979,2
24.100000,30.50000,-1.50000,0.244979,3
24.100000,31.50000,-1.25000,0.463648,4
24.100000,32.50000,-0.75000,0.244979,5
24.100000,33.50000,-0.50000,0.244979,6
24.100000,34.50000,-0.25000,0.244979,7
24.100000,35.50000,0.00000,0.000000,8
24.100000,36.50000,0.00000,0.000000,9
24.100000,37.50000,0.00000,0.000000,10
24.100000,38.50000,0.00000,0.000000,11
24.100000,39.50000,0.00000,0.000000,12
24.100000,40.50000,0.00000,0.000000,13
24.100000,41.50000,0.00000,0.000000,14
24.100000,42.50000,0.00000,0.000000,15
24.100000,43.50000,0.00000,0.000000,16
24.100000,44.50000,0.00000,0.000000,17
24.100000,45.50000,0.00000,0.000000,18
24.100000,46.50000,0.00000,0.000000,19
24.100000,47.50000,0.00000,0.000000,20
24.100000,48.50000,0.00000,0.000000,21
24.100000,49.50000,0.00000,0.008333,22
24.100000,50.49991,0.00833,0.066667,23
24.100000,51.49750,0.07494,0.133333,24
24.100000,52.48844,0.20785,0.200000,25
24.100000,53.46833,0.40648,0.266667,26
24.100000,54.43280,0.66995,0.333333,27
24.100000,55.37759,0.99709,0.400000,28
24.100000,56.29848,1.38643,0.466667,29
24.100000,57.19138,1.83626,0.466667,30
24.202000,27.79986,-3.09803,0.615146,0
24.202000,29.00000,-2.25000,0.463648,1
24.202000,30.00000,-1.75000,0.244979,2
24.202000,31.00000,-1.50000,0.463648,3
24.202000,32.00000,-1.00000,0.244979,4
24.202000,33.00000,-0.75000,0.244979,5
24.202000,34.00000,-0.50000,0.244979,6
24.202000,35.00000,-0.25000,0.244979,7
24.202000,36.00000,0.00000,0.000000,8
24.202000,37.00000,0.00000,0.000000,9
24.202000,38.00000,0.00000,0.000000,10
24.202000,39.00000,0.00000,0.000000,11
24.202000,40.00000,0.00000,0.000000,12
24.202000,41.00000,0.00000,0.000000,13
24.202000,42.00000,0.00000,0.000000,14
24.202000,43.00000,0.00000,0.000000,15
24.202000,44.00000,0.00000,0.000000,16
24.202000,45.00000,0.00000,0.000000,17
24.202000,46.00000,0.00000,0.000000,18
24.202000,47.00000,0.00000,0.000000,19
24.202000,48.00000,0.00000,0.000000,20
24.202000,49.00000,0.00000,0.000000,21
24.202000,50.00000,0.00000,0.033333,22
24.202000,50.99926,0.03332,0.100000,23
24.202000,51.99408,0.13314,0.166667,24
24.202000,52.98004,0.29900,0.233333,25
24.202000,53.95276,0.53018,0.300000,26
24.202000,54.90792,0.82565,0.366667,27
24.202000,55.84128,1.18409,0.433333,28
24.202000,56.74868,1.60391,0.500000,29
24.202000,57.62610,2.08324,0.500000,30
24.300000,27.85725,-3.12680,0.654464,0
24.300000,29.00000,-2.25000,0.463648,1
24.300000,30.00000,-1.75000,0.244979,2
24.300000,31.00000,-1.50000,0.463648,3
24.300000,32.00000,-1.00000,0.244979,4
24.300000,33.00000,-0.75000,0.244979,5
24.300000,34.00000,-0.50000,0.244979,6
24.300000,35.00000,-0.25000,0.244979,7
24.300000,36.00000,0.00000,0.000000,8
24.300000,37.00000,0.00000,0.000000,9
24.300000,38.00000,0.00000,0.000000,10
24.300000,39.00000,0.00000,0.000000,11
24.300000,40.00000,0.00000,0.000000,12
24.300000,41.00000,0.00000,0.000000,13
24.300000,42.00000,0.00000,0.000000,14
24.300000,43.00000,0.00000,0.000000,15
24.300000,44.00000,0.00000,0.000000,16
24.300000,45.00000,0.00000,0.000000,17
24.300000,46.00000,0.00000,0.000000,18
24.300000,47.00000,0.00000,0.000000,19
24.300000,48.00000,0.00000,0.000000,20
24.300000,49.00000,0.00000,0.000000,21
24.300000,50.00000,0.00000,0.033333,22
24.300000,50.99926,0.03332,0.100000,23
24.300000,51.99408,0.13314,0.166667,24
24.300000,52.98004,0.29900,0.233333,25
24.300000,53.95276,0.53018,0.300000,26
24.300000,54.90792,0.82565,0.366667,27
24.300000,55.84128,1.18409,0.433333,28
24.300000,56.74868,1.60391,0.500000,29
24.300000,57.62610,2.08324,0.500000,30
24.400000,27.91462,-3.12045,0.675945,0
24.400000,29.00000,-2.25000,0.463648,1
24.400000,30.00000,-1.75000,0.244979,2
24.400000,31.00000,-1.50000,0.463648,3
24.400000,32.00000,-1.00000,0.244979,4
24.400000,33.00000,-0.75000,0.244979,5
24.400000,34.00000,-0.50000,0.244979,6
24.400000,35.00000,-0.25000,0.244979,7
24.400000,36.00000,0.00000,0.000000,8
24.400000,37.00000,0.00000,0.000000,9
24.400000,38.00000,0.00000,0.000000,10
24.400000,39.00000,0.00000,0.000000,11
24.400000,40.00000,0.00000,0.000000,12
24.400000,41.00000,0.00000,0.000000,13
24.400000,42.00000,0.00000,0.000000,14
24.400000,43.00000,0.00000,0.000000,15
24.400000,44.00000,0.00000,0.000000,16
24.400000,45.00000,0.00000,0.000000,17
24.400000,46.00000,0.00000,0.000000,18
24.400000,47.00000,0.00000,0.000000,19
24.400000,48.00000,0.00000,0.000000,20
24.400000,49.00000,0.00000,0.000000,21
24.400000,50.00000,0.00000,0.033333,22
24.400000,50.99926,0.03332,0.100000,23
24.400000,51.99408,0.13314,0.166667,24
24.400000,52.98004,0.29900,0.233333,25
24.400000,53.95276,0.53018,0.300000,26
24.400000,54.90792,0.82565,0.366667,27
24.400000,55.84128,1.18409,0.433333,28
24.400000,56.74868,1.60391,0.500000,29
24.400000,57.62610,2.08324,0.500000,30
24.500000,27.95668,-3.16825,0.569671,0
24.500000,29.00000,-2.50000,0.643501,1
24.500000,30.00000,-1.75000,0.244979,2
24.500000,31.00000,-1.50000,0.463648,3
24.500000,32.00000,-1.00000,0.244979,4
24.500000,33.00000,-0.75000,0.244979,5
24.500000,34.00000,-0.50000,0.244979,6
24.500000,35.00000,-0.25000,0.244979,7
24.500000,36.00000,0.00000,0.000000,8
24.500000,37.00000,0.00000,0.000000,9
24.500000,38.00000,0.00000,0.000000,10
24.500000,39.00000,0.00000,0.000000,11
24.500000,40.00000,0.00000,0.000000,12
24.500000,41.00000,0.00000,0.000000,13
24.500000,42.00000,0.00000,0.000000,14
24.500000,43.00000,0.00000,0.000000,15
24.500000,44.00000,0.00000,0.000000,16
24.500000,45.00000,0.00000,0.000000,17
24.500000,46.00000,0.00000,0.000000,18
24.500000,47.00000,0.00000,0.000000,19
24.500000,48.00000,0.00000,0.000000,20
24.500000,49.00000,0.00000,0.000000,21
24.500000,50.00000,0.00000,0.033333,22
24.500000,50.99926,0.03332,0.100000,23
24.500000,51.99408,0.13314,0.166667,24
24.500000,52.98004,0.29900,0.233333,25
24.500000,53.95276,0.53018,0.300000,26
24.500000,54.90792,0.82565,0.366667,27
24.500000,55.84128,1.18409,0.433333,28
24.500000,56.74868,1.60391,0.500000,29
24.500000,57.62610,2.08324,0.500000,30
24.600000,28.02669,-3.19798,0.622128,0
24.600000,29.00000,-2.50000,0.643501,1
24.600000,30.00000,-1.75000,0.244979,2
24.600000,31.00000,-1.50000,0.463648,3
24.600000,32.00000,-1.00000,0.244979,4
24.600000,33.00000,-0.75000,0.244979,5
24.600000,34.00000,-0.50000,0.244979,6
24.600000,35.00000,-0.25000,0.244979,7
24.600000,36.00000,0.00000,0.000000,8
24.600000,37.00000,0.00000,0.000000,9
24.600000,38.00000,0.00000,0.000000,10
24.600000,39.00000,0.00000,0.000000,11
24.600000,40.00000,0.00000,0.000000,12
24.600000,41.00000,0.00000,0.000000,13
24.600000,42.00000,0.00000,0.000000,14
24.600000,43.00000,0.00000,0.000000,15
24.600000,44.00000,0.00000,0.000000,16
24.600000,45.00000,0.00000,0.000000,17
24.600000,46.00000,0.00000,0.000000,18
24.600000,47.00000,0.00000,0.000000,19
24.600000,48.00000,0.00000,0.000000,20
24.600000,49.00000,0.00000,0.000000,21
24.600000,50.00000,0.00000,0.033333,22
24.600000,50.99926,0.03332,0.100000,23
24.600000,51.99408,0.13314,0.166667,24
24.600000,52.98004,0.29900,0.233333,25
24.600000,53.95276,0.53018,0.300000,26
24.600000,54.90792,0.82565,0.366667,27
24.600000,55.84128,1.18409,0.433333,28
24.600000,56.74868,1.60391,0.500000,29
24.600000,57.62610,2.08324,0.500000,30
24.700000,28.08215,-3.20588,0.655589,0
24.700000,29.00000,-2.50000,0.643501,1
24.700000,30.00000,-1.75000,0.244979,2
24.700000,31.00000,-1.50000,0.463648,3
24.700000,32.00000,-1.00000,0.244979,4
24.700000,33.00000,-0.75000,0.244979,5
24.700000,34.00000,-0.50000,0.244979,6
24.700000,35.00000,-0.25000,0.244979,7
24.700000,36.00000,0.00000,0.000000,8
24.700000,37.00000,0.00000,0.000000,9
24.700000,38.00000,0.00000,0.000000,10
24.700000,39.00000,0.00000,0.000000,11
24.700000,40.00000,0.00000,0.000000,12
24.700000,41.00000,0.00000,0.000000,13
24.700000,42.00000,0.00000,0.000000,14
24.700000,43.00000,0.00000,0.000000,15
24.700000,44.00000,0.00000,0.000000,16
24.700000,45.00000,0.00000,0.000000,17
24.700000,46.00000,0.00000,0.000000,18
24.700000,47.00000,0.00000,0.000000,19
24.700000,48.00000,0.00000,0.000000,20
24.700000,49.00000,0.00000,0.000000,21
24.700000,50.00000,0.00000,0.033333,22
24.700000,50.99926,0.03332,0.100000,23
24.700000,51.99408,0.13314,0.166667,24
24.700000,52.98004,0.29900,0.233333,25
24.700000,53.95276,0.53018,0.300000,26
24.700000,54.90792,0.82565,0.366667,27
24.700000,55.84128,1.18409,0.433333,28
24.700000,56.74868,1.60391,0.500000,29
24.700000,57.62610,2.08324,0.500000,30
24.800000,28.12741,-3.22219,0.691369,0
24.800000,29.00000,-2.50000,0.643501,1
24.800000,30.00000,-1.75000,0.244979,2
24.800000,31.00000,-1.50000,0.463648,3
24.800000,32.00000,-1.00000,0.244979,4
24.800000,33.00000,-0.75000,0.244979,5
24.800000,34.00000,-0.50000,0.244979,6
24.800000,35.00000,-0.25000,0.244979,7
24.800000,36.00000,0.00000,0.000000,8
24.800000,37.00000,0.00000,0.000000,9
24.800000,38.00000,0.00000,0.000000,10
24.800000,39.00000,0.00000,0.000000,11
24.800000,40.00000,0.00000,0.000000,12
24.800000,41.00000,0.00000,0.000000,13
24.800000,42.00000,0.00000,0.000000,14
24.800000,43.00000,0.00000,0.000000,15
24.800000,44.00000,0.00000,0.000000,16
24.800000,45.00000,0.00000,0.000000,17
24.800000,46.00000,0.00000,0.000000,18
24.800000,47.00000,0.00000,0.000000,19
24.800000,48.00000,0.00000,0.000000,20
24.800000,49.00000,0.00000,0.000000,21
24.800000,50.00000,0.00000,0.033333,22
24.800000,50.99926,0.03332,0.100000,23
24.800000,51.99408,0.13314,0.166667,24
24.800000,52.98004,0.29900,0.233333,25
24.800000,53.95276,0.53018,0.300000,26
24.800000,54.90792,0.82565,0.366667,27
24.800000,55.84128,1.18409,0.433333,28
24.800000,56.74868,1.60391,0.500000,29
24.800000,57.62610,2.08324,0.500000,30
24.900000,28.19363,-3.25284,0.751077,0
24.900000,29.00000,-2.50000,0.643501,1
24.900000,30.00000,-1.75000,0.244979,2
24.900000,31.00000,-1.50000,0.463648,3
24.900000,32.00000,-1.00000,0.244979,4
24.900000,33.00000,-0.75000,0.244979,5
24.900000,34.00000,-0.50000,0.244979,6
24.900000,35.00000,-0.25000,0.244979,7
24.900000,36.00000,0.00000,0.000000,8
24.900000,37.00000,0.00000,0.000000,9
24.900000,38.00000,0.00000,0.000000,10
24.900000,39.00000,0.00000,0.000000,11
24.900000,40.00000,0.00000,0.000000,12
24.900000,41.00000,0.00000,0.000000,13
24.900000,42.00000,0.00000,0.000000,14
24.900000,43.00000,0.00000,0.000000,15
24.900000,44.00000,0.00000,0.000000,16
24.900000,45.00000,0.00000,0.000000,17
24.900000,46.00000,0.00000,0.000000,18
24.900000,47.00000,0.00000,0.000000,19
24.900000,48.00000,0.00000,0.000000,20
24.900000,49.00000,0.00000,0.000000,21
24.900000,50.00000,0.00000,0.033333,22
24.900000,50.99926,0.03332,0.100000,23
24.900000,51.99408,0.13314,0.166667,24
24.900000,52.98004,0.29900,0.233333,25
24.900000,53.95276,0.53018,0.300000,26
24.900000,54.90792,0.82565,0.366667,27
24.900000,55.84128,1.18409,0.433333,28
24.900000,56.74868,1.60391,0.500000,29
24.900000,57.62610,2.08324,0.500000,30
25.000000,28.16076,-3.23369,0.718398,0
25.000000,29.00000,-2.50000,0.643501,1
25.000000,30.00000,-1.75000,0.244979,2
25.000000,31.00000,-1.50000,0.463648,3
25.000000,32.00000,-1.00000,0.244979,4
25.000000,33.00000,-0.75000,0.244979,5
25.000000,34.00000,-0.50000,0.244979,6
25.000000,35.00000,-0.25000,0.244979,7
25.000000,36.00000,0.00000,0.000000,8
25.000000,37.00000,0.00000,0.000000,9
25.000000,38.00000,0.00000,0.000000,10
25.000000,39.00000,0.00000,0.000000,11
25.000000,40.00000,0.00000,0.000000,12
25.000000,41.00000,0.00000,0.000000,13
25.000000,42.00000,0.00000,0.000000,14
25.000000,43.00000,0.00000,0.000000,15
25.000000,44.00000,0.00000,0.000000,16
25.000000,45.00000,0.00000,0.000000,17
25.000000,46.00000,0.00000,0.000000,18
25.000000,47.00000,0.00000,0.000000,19
25.000000,48.00000,0.00000,0.000000,20
25.000000,49.00000,0.00000,0.000000,21
25.000000,50.00000,0.00000,0.033333,22
25.000000,50.99926,0.03332,0.100000,23
25.000000,51.99408,0.13314,0.166667,24
25.000000,52.98004,0.29900,0.233333,25
25.000000,53.95276,0.53018,0.300000,26
25.000000,54.90792,0.82565,0.366667,27
25.000000,55.84128,1.18409,0.433333,28
25.000000,56.74868,1.60391,0.500000,29
25.000000,57.62610,2.08324,0.500000,30
25.100000,28.23418,-3.25350,0.777286,0
25.100000,29.00000,-2.50000,0.643501,1
25.100000,30.00000,-1.75000,0.244979,2
25.100000,31.00000,-1.50000,0.463648,3
25.100000,32.00000,-1.00000,0.244979,4
25.100000,33.00000,-0.75000,0.244979,5
25.100000,34.00000,-0.50000,0.244979,6
25.100000,35.00000,-0.25000,0.244979,7
25.100000,36.00000,0.00000,0.000000,8
25.100000,37.00000,0.00000,0.000000,9
25.100000,38.00000,0.00000,0.000000,10
25.100000,39.00000,0.00000,0.000000,11
25.100000,40.00000,0.00000,0.000000,12
25.100000,41.00000,0.00000,0.000000,13
25.100000,42.00000,0.00000,0.000000,14
25.100000,43.00000,0.00000,0.000000,15
25.100000,44.00000,0.00000,0.000000,16
25.100000,45.00000,0.00000,0.000000,17
25.100000,46.00000,0.00000,0.000000,18
25.100000,47.00000,0.00000,0.000000,19
25.100000,48.00000,0.00000,0.000000,20
25.100000,49.00000,0.00000,0.000000,21
25.100000,50.00000,0.00000,0.033333,22
25.100000,50.99926,0.03332,0.100000,23
25.100000,51.99408,0.13314,0.166667,24
25.100000,52.98004,0.29900,0.233333,25
25.100000,53.95276,0.53018,0.300000,26
25.100000,54.90792,0.82565,0.366667,27
25.100000,55.84128,1.18409,0.433333,28
25.100000,56.74868,1.60391,0.500000,29
25.100000,57.62610,2.08324,0.500000,30
25.200000,28.26356,-3.25033,0.545440,0
25.200000,29.50000,-2.50000,0.643501,1
25.200000,30.50000,-1.75000,0.244979,2
25.200000,31.50000,-1.50000,0.463648,3
25.200000,32.50000,-1.00000,0.244979,4
25.200000,33.50000,-0.75000,0.244979,5
25.200000,34.50000,-0.50000,0.244979,6
25.200000,35.50000,-0.25000,0.244979,7
25.200000,36.50000,0.00000,0.000000,8
25.200000,37.50000,0.00000,0.000000,9
25.200000,38.50000,0.00000,0.000000,10
25.200000,39.50000,0.00000,0.000000,11
25.200000,40.50000,0.00000,0.000000,12
25.200000,41.50000,0.00000,0.000000,13
25.200000,42.50000,0.00000,0.000000,14
25.200000,43.50000,0.00000,0.000000,15
25.200000,44.50000,0.00000,0.000000,16
25.200000,45.50000,0.00000,0.000000,17
25.200000,46.50000,0.00000,0.000000,18
25.200000,47.50000,0.00000,0.000000,19
25.200000,48.50000,0.00000,0.000000,20
25.200000,49.50000,0.00000,0.008333,21
25.200000,50.49991,0.00833,0.066667,22
25.200000,51.49750,0.07494,0.133333,23
25.200000,52.48844,0.20785,0.200000,24
25.200000,53.46833,0.40648,0.266667,25
25.200000,54.43280,0.66995,0.333333,26
25.200000,55.37759,0.99709,0.400000,27
25.200000,56.29848,1.38643,0.466667,28
25.200000,57.19138,1.83626,0.533333,29
25.200000,58.05234,2.34457,0.533333,30
25.300000,28.31286,-3.24201,0.558625,0
25.300000,29.50000,-2.50000,0.643501,1
25.300000,30.50000,-1.75000,0.244979,2
25.300000,31.50000,-1.50000,0.463648,3
25.300000,32.50000,-1.00000,0.244979,4
25.300000,33.50000,-0.75000,0.244979,5
25.300000,34.50000,-0.50000,0.244979,6
25.300000,35.50000,-0.25000,0.244979,7
25.300000,36.50000,0.00000,0.000000,8
25.300000,37.50000,0.00000,0.000000,9
25.300000,38.50000,0.00000,0.000000,10
25.300000,39.50000,0.00000,0.000000,11
25.300000,40.50000,0.00000,0.000000,12
25.300000,41.50000,0.00000,0.000000,13
25.300000,42.50000,0.00000,0.000000,14
25.300000,43.50000,0.00000,0.000000,15
25.300000,44.50000,0.00000,0.000000,16
25.300000,45.50000,0.00000,0.000000,17
25.300000,46.50000,0.00000,0.000000,18
25.300000,47.50000,0.00000,0.000000,19
25.300000,48.50000,0.00000,0.000000,20
25.300000,49.50000,0.00000,0.008333,21
25.300000,50.49991,0.00833,0.066667,22
25.300000,51.49750,0.07494,0.133333,23
25.300000,52.48844,0.20785,0.200000,24
25.300000,53.46833,0.40648,0.266667,25
25.300000,54.43280,0.66995,0.333333,26
25.300000,55.37759,0.99709,0.400000,27
25.300000,56.29848,1.38643,0.466667,28
25.300000,57.19138,1.83626,0.533333,29
25.300000,58.05234,2.34457,0.533333,30
25.400000,28.35302,-3.24492,0.575999,0
25.400000,29.50000,-2.50000,0.643501,1
25.400000,30.50000,-1.75000,0.244979,2
25.400000,31.50000,-1.50000,0.463648,3
25.400000,32.50000,-1.00000,0.244979,4
25.400000,33.50000,-0.75000,0.244979,5
25.400000,34.50000,-0.50000,0.000000,6
25.400000,35.50000,-0.50000,0.000000,7
25.400000,36.50000,-0.50000,0.000000,8
25.400000,37.50000,-0.50000,0.000000,9
25.400000,38.50000,-0.50000,0.000000,10
25.400000,39.50000,-0.50000,0.000000,11
25.400000,40.50000,-0.50000,0.000000,12
25.400000,41.50000,-0.50000,0.000000,13
25.400000,42.50000,-0.50000,0.000000,14
25.400000,43.50000,-0.50000,0.000000,15
25.400000,44.50000,-0.50000,0.000000,16
25.400000,45.50000,-0.50000,0.000000,17
25.400000,46.50000,-0.50000,0.000000,18
25.400000,47.50000,-0.50000,0.000000,19
25.400000,48.50000,-0.50000,-0.244979,20
25.400000,49.50000,-0.75000,-0.229254,21
25.400000,50.53323,-0.99111,0.066667,22
25.400000,51.59733,-0.92007,0.365219,23
25.400000,52.61286,-0.53176,0.435461,24
25.400000,53.58394,-0.07997,0.266667,25
25.400000,54.58056,0.19228,0.333333,26
25.400000,55.55684,0.53032,0.400000,27
25.400000,56.50842,0.93265,0.466667,28
25.400000,57.43110,1.39747,0.533333,29
25.400000,58.32075,1.92273,0.533333,30
25.500000,28.38525,-3.24027,0.586206,0
25.500000,29.50000,-2.50000,0.643501,1
25.500000,30.50000,-1.75000,0.244979,2
25.500000,31.50000,-1.50000,0.463648,3
25.500000,32.50000,-1.00000,0.244979,4
25.500000,33.50000,-0.75000,0.244979,5
25.500000,34.50000,-0.50000,0.000000,6
25.500000,35.50000,-0.50000,0.000000,7
25.500000,36.50000,-0.50000,0.000000,8
25.500000,37.50000,-0.50000,0.000000,9
25.500000,38.50000,-0.50000,0.000000,10
25.500000,39.50000,-0.50000,0.000000,11
25.500000,40.50000,-0.50000,0.000000,12
25.500000,41.50000,-0.50000,0.000000,13
25.500000,42.50000,-0.50000,0.000000,14
25.500000,43.50000,-0.50000,0.000000,15
25.500000,44.50000,-0.50000,0.000000,16
25.500000,45.50000,-0.50000,0.000000,17
25.500000,46.50000,-0.50000,0.000000,18
25.500000,47.50000,-0.50000,0.000000,19
25.500000,48.50000,-0.50000,-0.244979,20
25.500000,49.50000,-0.75000,-0.229254,21
25.500000,50.53323,-0.99111,0.066667,22
25.500000,51.59733,-0.92007,0.365219,23
25.500000,52.61286,-0.53176,0.435461,24
25.500000,53.58394,-0.07997,0.266667,25
25.500000,54.58056,0.19228,0.333333,26
25.500000,55.55684,0.53032,0.400000,27
25.500000,56.50842,0.93265,0.466667,28
25.500000,57.43110,1.39747,0.533333,29
25.500000,58.32075,1.92273,0.533333,30
25.600000,28.46722,-3.25067,0.628513,0
25.600000,29.50000,-2.50000,0.643501,1
25.600000,30.50000,-1.75000,0.244979,2
25.600000,31.50000,-1.50000,0.463648,3
25.600000,32.50000,-1.00000,0.244979,4
25.600000,33.50000,-0.75000,0.244979,5
25.600000,34.50000,-0.50000,0.244979,6
25.600000,35.50000,-0.25000,0.000000,7
25.600000,36.50000,-0.25000,0.000000,8
25.600000,37.50000,-0.25000,0.000000,9
25.600000,38.50000,-0.25000,0.000000,10
25.600000,39.50000,-0.25000,0.000000,11
25.600000,40.50000,-0.25000,0.000000,12
25.600000,41.50000,-0.25000,0.000000,13
25.600000,42.50000,-0.25000,0.000000,14
25.600000,43.50000,-0.25000,0.000000,15
25.600000,44.50000,-0.25000,0.000000,16
25.600000,45.50000,-0.25000,0.000000,17
25.600000,46.50000,-0.25000,0.000000,18
25.600000,47.50000,-0.25000,-0.244979,19
25.600000,48.50000,-0.50000,-0.244979,20
25.600000,49.50000,-0.75000,-0.229254,21
25.600000,50.53323,-0.99111,0.066667,22
25.600000,51.59733,-0.92007,0.365219,23
25.600000,52.61286,-0.53176,0.435461,24
25.600000,53.58394,-0.07997,0.266667,25
25.600000,54.58056,0.19228,0.333333,26
25.600000,55.55684,0.53032,0.400000,27
25.600000,56.50842,0.93265,0.466667,28
25.600000,57.43110,1.39747,0.533333,29
25.600000,58.32075,1.92273,0.533333,30
25.700000,28.51265,-3.24512,0.646478,0
25.700000,29.50000,-2.50000,0.643501,1
25.700000,30.50000,-1.75000,0.244979,2
25.700000,31.50000,-1.50000,0.463648,3
25.700000,32.50000,-1.00000,0.244979,4
25.700000,33.50000,-0.75000,0.244979,5
25.700000,34.50000,-0.50000,0.000000,6
25.700000,35.50000,-0.50000,0.000000,7
25.700000,36.50000,-0.50000,0.000000,8
25.700000,37.50000,-0.50000,0.000000,9
25.700000,38.50000,-0.50000,0.000000,10
25.700000,39.50000,-0.50000,0.000000,11
25.700000,40.50000,-0.50000,0.000000,12
25.700000,41.50000,-0.50000,0.000000,13
25.700000,42.50000,-0.50000,0.000000,14
25.700000,43.50000,-0.50000,0.000000,15
25.700000,44.50000,-0.50000,0.000000,16
25.700000,45.50000,-0.50000,0.000000,17
25.700000,46.50000,-0.50000,0.000000,18
25.700000,47.50000,-0.50000,0.000000,19
25.700000,48.50000,-0.50000,-0.244979,20
25.700000,49.50000,-0.75000,-0.229254,21
25.700000,50.53323,-0.99111,0.066667,22
25.700000,51.59733,-0.92007,0.365219,23
25.700000,52.61286,-0.53176,0.435461,24
25.700000,53.58394,-0.07997,0.266667,25
25.700000,54.58056,0.19228,0.333333,26
25.700000,55.55684,0.53032,0.400000,27
25.700000,56.50842,0.93265,0.466667,28
25.700000,57.43110,1.39747,0.533333,29
25.700000,58.32075,1.92273,0.533333,30
25.800000,28.55830,-3.23813,0.664798,0
25.800000,29.50000,-2.50000,0.643501,1
25.800000,30.50000,-1.75000,0.244979,2
25.800000,31.50000,-1.50000,0.463648,3
25.800000,32.50000,-1.00000,0.244979,4
25.800000,33.50000,-0.75000,0.244979,5
25.800000,34.50000,-0.50000,0.000000,6
25.800000,35.50000,-0.50000,0.000000,7
25.800000,36.50000,-0.50000,0.000000,8
25.800000,37.50000,-0.50000,0.000000,9
25.800000,38.50000,-0.50000,0.000000,10
25.800000,39.50000,-0.50000,0.000000,11
25.800000,40.50000,-0.50000,0.000000,12
25.800000,41.50000,-0.50000,0.000000,13
25.800000,42.50000,-0.50000,0.000000,14
25.800000,43.50000,-0.50000,0.000000,15
25.800000,44.50000,-0.50000,0.000000,16
25.800000,45.50000,-0.50000,0.000000,17
25.800000,46.50000,-0.50000,0.000000,18
25.800000,47.50000,-0.50000,0.000000,19
25.800000,48.50000,-0.50000,-0.244979,20
25.800000,49.50000,-0.75000,-0.229254,21
25.800000,50.53323,-0.99111,0.066667,22
25.800000,51.59733,-0.92007,0.365219,23
25.800000,52.61286,-0.53176,0.435461,24
25.800000,53.58394,-0.07997,0.266667,25
25.800000,54.58056,0.19228,0.333333,26
25.800000,55.55684,0.53032,0.400000,27
25.800000,56.50842,0.93265,0.466667,28
25.800000,57.43110,1.39747,0.533333,29
25.800000,58.32075,1.92273,0.533333,30
25.900000,28.61449,-3.27582,0.719472,0
25.900000,29.50000,-2.50000,0.643501,1
25.900000,30.50000,-1.75000,0.244979,2
25.900000,31.50000,-1.50000,0.463648,3
25.900000,32.50000,-1.00000,0.244979,4
25.900000,33.50000,-0.75000,0.244979,5
25.900000,34.50000,-0.50000,0.000000,6
25.900000,35.50000,-0.50000,0.000000,7
25.900000,36.50000,-0.50000,0.000000,8
25.900000,37.50000,-0.50000,0.000000,9
25.900000,38.50000,-0.50000,0.000000,10
25.900000,39.50000,-0.50000,0.000000,11
25.900000,40.50000,-0.50000,0.000000,12
25.900000,41.50000,-0.50000,0.000000,13
25.900000,42.50000,-0.50000,0.000000,14
25.900000,43.50000,-0.50000,0.000000,15
25.900000,44.50000,-0.50000,0.000000,16
25.900000,45.50000,-0.50000,0.000000,17
25.900000,46.50000,-0.50000,0.000000,18
25.900000,47.50000,-0.50000,0.000000,19
25.900000,48.50000,-0.50000,-0.244979,20
25.900000,49.50000,-0.75000,-0.229254,21
25.900000,50.53323,-0.99111,0.066667,22
25.900000,51.59733,-0.92007,0.365219,23
25.900000,52.61286,-0.53176,0.435461,24
25.900000,53.58394,-0.07997,0.266667,25
25.900000,54.58056,0.19228,0.333333,26
25.900000,55.55684,0.53032,0.400000,27
25.900000,56.50842,0.93265,0.466667,28
25.900000,57.43110,1.39747,0.533333,29
25.900000,58.32075,1.92273,0.533333,30
26.000000,28.67708,-3.29156,0.765977,0
26.000000,29.50000,-2.50000,0.643501,1
26.000000,30.50000,-1.75000,0.244979,2
26.000000,31.50000,-1.50000,0.463648,3
26.000000,32.50000,-1.00000,0.244979,4
26.000000,33.50000,-0.75000,0.244979,5
26.000000,34.50000,-0.50000,0.000000,6
26.000000,35.50000,-0.50000,0.000000,7
26.000000,36.50000,-0.50000,0.000000,8
26.000000,37.50000,-0.50000,0.000000,9
26.000000,38.50000,-0.50000,0.000000,10
26.000000,39.50000,-0.50000,0.000000,11
26.000000,40.50000,-0.50000,0.000000,12
26.000000,41.50000,-0.50000,0.000000,13
26.000000,42.50000,-0.50000,0.000000,14
26.000000,43.50000,-0.50000,0.000000,15
26.000000,44.50000,-0.50000,0.000000,16
26.000000,45.50000,-0.50000,0.000000,17
26.000000,46.50000,-0.50000,0.000000,18
26.000000,47.50000,-0.50000,0.000000,19
26.000000,48.50000,-0.50000,-0.244979,20
26.000000,49.50000,-0.75000,-0.229254,21
26.000000,50.53323,-0.99111,0.066667,22
26.000000,51.59733,-0.92007,0.365219,23
26.000000,52.61286,-0.53176,0.435461,24
26.000000,53.58394,-0.07997,0.266667,25
26.000000,54.58056,0.19228,0.333333,26
26.000000,55.55684,0.53032,0.400000,27
26.000000,56.50842,0.93265,0.466667,28
26.000000,57.43110,1.39747,0.533333,29
26.000000,58.32075,1.92273,0.533333,30
26.100000,28.74990,-3.30244,0.819100,0
26.100000,29.50000,-2.50000,0.643501,1
26.100000,30.50000,-1.75000,0.244979,2
26.100000,31.50000,-1.50000,0.463648,3
26.100000,32.50000,-1.00000,0.244979,4
26.100000,33.50000,-0.75000,0.244979,5
26.100000,34.50000,-0.50000,0.244979,6
26.100000,35.50000,-0.25000,0.000000,7
26.100000,36.50000,-0.25000,0.000000,8
26.100000,37.50000,-0.25000,0.000000,9
26.100000,38.50000,-0.25000,0.000000,10
26.100000,39.50000,-0.25000,0.000000,11
26.100000,40.50000,-0.25000,0.000000,12
26.100000,41.50000,-0.25000,0.000000,13
26.100000,42.50000,-0.25000,0.000000,14
26.100000,43.50000,-0.25000,0.000000,15
26.100000,44.50000,-0.25000,0.000000,16
26.100000,45.50000,-0.25000,0.000000,17
26.100000,46.50000,-0.25000,0.000000,18
26.100000,47.50000,-0.25000,-0.244979,19
26.100000,48.50000,-0.50000,-0.244979,20
26.100000,49.50000,-0.75000,-0.229254,21
26.100000,50.53323,-0.99111,0.066667,22
26.100000,51.59733,-0.92007,0.365219,23
26.100000,52.61286,-0.53176,0.435461,24
26.100000,53.58394,-0.07997,0.266667,25
26.100000,54.58056,0.19228,0.333333,26
26.100000,55.55684,0.53032,0.400000,27
26.100000,56.50842,0.93265,0.466667,28
26.100000,57.43110,1.39747,0.533333,29
26.100000,58.32075,1.92273,0.533333,30
26.200000,28.89122,-3.38258,0.672290,0
26.200000,30.00000,-2.50000,0.643501,1
26.200000,31.00000,-1.75000,0.463648,2
26.200000,32.00000,-1.25000,0.244979,3
26.200000,33.00000,-1.00000,0.244979,4
26.200000,34.00000,-0.75000,0.244979,5
26.200000,35.00000,-0.50000,0.000000,6
26.200000,36.00000,-0.50000,0.000000,7
26.200000,37.00000,-0.50000,0.000000,8
26.200000,38.00000,-0.50000,0.000000,9
26.200000,39.00000,-0.50000,0.000000,10
26.200000,40.00000,-0.50000,0.000000,11
26.200000,41.00000,-0.50000,0.000000,12
26.200000,42.00000,-0.50000,0.000000,13
26.200000,43.00000,-0.50000,0.000000,14
26.200000,44.00000,-0.50000,0.000000,15
26.200000,45.00000,-0.50000,0.000000,16
26.200000,46.00000,-0.50000,0.000000,17
26.200000,47.00000,-0.50000,0.000000,18
26.200000,48.00000,-0.50000,-0.244979,19
26.200000,49.00000,-0.75000,0.000000,20
26.200000,50.00000,-0.75000,-0.198552,21
26.200000,51.06588,-0.96446,0.100000,22
26.200000,52.12702,-0.85799,0.398552,23
26.200000,53.12904,-0.43605,0.468794,24
26.200000,54.08452,0.04785,0.300000,25
26.200000,55.07152,0.35317,0.366667,26
26.200000,56.03598,0.72355,0.433333,27
26.200000,56.97363,1.15737,0.500000,28
26.200000,57.88030,1.65268,0.566667,29
26.200000,58.75196,2.20730,0.566667,30
26.300000,28.94264,-3.37863,0.693341,0
26.300000,30.00000,-2.50000,0.643501,1
26.300000,31.00000,-1.75000,0.463648,2
26.300000,32.00000,-1.25000,0.244979,3
26.300000,33.00000,-1.00000,0.244979,4
26.300000,34.00000,-0.75000,0.244979,5
26.300000,35.00000,-0.50000,0.000000,6
26.300000,36.00000,-0.50000,0.000000,7
26.300000,37.00000,-0.50000,0.000000,8
26.300000,38.00000,-0.50000,0.000000,9
26.300000,39.00000,-0.50000,0.000000,10
26.300000,40.00000,-0.50000,0.000000,11
26.300000,41.00000,-0.50000,0.000000,12
26.300000,42.00000,-0.50000,0.000000,13
26.300000,43.00000,-0.50000,0.000000,14
26.300000,44.00000,-0.50000,0.000000,15
26.300000,45.00000,-0.50000,0.000000,16
26.300000,46.00000,-0.50000,0.000000,17
26.300000,47.00000,-0.50000,0.000000,18
26.300000,48.00000,-0.50000,-0.244979,19
26.300000,49.00000,-0.75000,-0.244979,20
26.300000,50.00000,-1.00000,0.033333,21
26.300000,51.06588,-0.96446,0.100000,22
26.300000,52.12702,-0.85799,0.398552,23
26.300000,53.12904,-0.43605,0.468794,24
26.300000,54.08452,0.04785,0.300000,25
26.300000,55.07152,0.35317,0.366667,26
26.300000,56.03598,0.72355,0.433333,27
26.300000,56.97363,1.15737,0.500000,28
26.300000,57.88030,1.65268,0.566667,29
26.300000,58.75196,2.20730,0.566667,30
26.400000,29.07092,-3.41567,0.621701,0
26.400000,30.00000,-2.75000,0.643501,1
26.400000,31.00000,-2.00000,0.463648,2
26.400000,32.00000,-1.50000,0.463648,3
26.400000,33.00000,-1.00000,0.244979,4
26.400000,34.00000,-0.75000,0.244979,5
26.400000,35.00000,-0.50000,0.000000,6
26.400000,36.00000,-0.50000,0.000000,7
26.400000,37.00000,-0.50000,0.000000,8
26.400000,38.00000,-0.50000,0.000000,9
26.400000,39.00000,-0.50000,0.000000,10
26.400000,40.00000,-0.50000,0.000000,11
26.400000,41.00000,-0.50000,0.000000,12
26.400000,42.00000,-0.50000,0.000000,13
26.400000,43.00000,-0.50000,0.000000,14
26.400000,44.00000,-0.50000,0.000000,15
26.400000,45.00000,-0.50000,0.000000,16
26.400000,46.00000,-0.50000,0.000000,17
26.400000,47.00000,-0.50000,0.000000,18
26.400000,48.00000,-0.50000,-0.244979,19
26.400000,49.00000,-0.75000,-0.244979,20
26.400000,50.00000,-1.00000,0.033333,21
26.400000,51.06588,-0.96446,0.100000,22
26.400000,52.12702,-0.85799,0.398552,23
26.400000,53.12904,-0.43605,0.468794,24
26.400000,54.08452,0.04785,0.300000,25
26.400000,55.07152,0.35317,0.366667,26
26.400000,56.03598,0.72355,0.433333,27
26.400000,56.97363,1.15737,0.500000,28
26.400000,57.88030,1.65268,0.566667,29
26.400000,58.75196,2.20730,0.566667,30
26.500000,29.20033,-3.44971,0.718828,0
26.500000,30.00000,-2.75000,0.643501,1
26.500000,31.00000,-2.00000,0.463648,2
26.500000,32.00000,-1.50000,0.463648,3
26.500000,33.00000,-1.00000,0.244979,4
26.500000,34.00000,-0.75000,0.244979,5
26.500000,35.00000,-0.50000,0.000000,6
26.500000,36.00000,-0.50000,0.000000,7
26.500000,37.00000,-0.50000,0.000000,8
26.500000,38.00000,-0.50000,0.000000,9
26.500000,39.00000,-0.50000,0.000000,10
26.500000,40.00000,-0.50000,0.000000,11
26.500000,41.00000,-0.50000,0.000000,12
26.500000,42.00000,-0.50000,0.000000,13
26.500000,43.00000,-0.50000,0.000000,14
26.500000,44.00000,-0.50000,0.000000,15
26.500000,45.00000,-0.50000,0.000000,16
26.500000,46.00000,-0.50000,0.000000,17
26.500000,47.00000,-0.50000,0.000000,18
26.500000,48.00000,-0.50000,-0.244979,19
26.500000,49.00000,-0.75000,0.000000,20
26.500000,50.00000,-0.75000,-0.198552,21
26.500000,51.06588,-0.96446,0.100000,22
26.500000,52.12702,-0.85799,0.398552,23
26.500000,53.12904,-0.43605,0.468794,24
26.500000,54.08452,0.04785,0.300000,25
26.500000,55.07152,0.35317,0.366667,26
26.500000,56.03598,0.72355,0.433333,27
26.500000,56.97363,1.15737,0.500000,28
26.500000,57.88030,1.65268,0.566667,29
26.500000,58.75196,2.20730,0.566667,30
26.600000,29.27610,-3.53186,0.568479,0
26.600000,30.50000,-2.75000,0.643501,1
26.600000,31.50000,-2.00000,0.463648,2
26.600000,32.50000,-1.50000,0.463648,3
26.600000,33.50000,-1.00000,0.244979,4
26.600000,34.50000,-0.75000,0.244979,5
26.600000,35.50000,-0.50000,0.000000,6
26.600000,36.50000,-0.50000,0.000000,7
26.600000,37.50000,-0.50000,0.000000,8
26.600000,38.50000,-0.50000,0.000000,9
26.600000,39.50000,-0.50000,0.000000,10
26.600000,40.50000,-0.50000,0.000000,11
26.600000,41.50000,-0.50000,0.000000,12
26.600000,42.50000,-0.50000,0.000000,13
26.600000,43.50000,-0.50000,0.000000,14
26.600000,44.50000,-0.50000,0.000000,15
26.600000,45.50000,-0.50000,0.000000,16
26.600000,46.50000,-0.50000,0.000000,17
26.600000,47.50000,-0.50000,0.000000,18
26.600000,48.50000,-0.50000,-0.244979,19
26.600000,49.50000,-0.75000,-0.229254,20
26.600000,50.53323,-0.99111,0.066667,21
26.600000,51.59733,-0.92007,0.365219,22
26.600000,52.61286,-0.53176,0.435461,23
26.600000,53.58394,-0.07997,0.266667,24
26.600000,54.58056,0.19228,0.333333,25
26.600000,55.55684,0.53032,0.400000,26
26.600000,56.50842,0.93265,0.466667,27
26.600000,57.43110,1.39747,0.533333,28
26.600000,58.32075,1.92273,0.600000,29
26.600000,59.17344,2.50608,0.600000,30
26.702000,29.44986,-3.56647,0.660863,0
26.702000,30.50000,-2.75000,0.643501,1
26.702000,31.50000,-2.00000,0.463648,2
26.702000,32.50000,-1.50000,0.463648,3
26.702000,33.50000,-1.00000,0.244979,4
26.702000,34.50000,-0.75000,0.244979,5
26.702000,35.50000,-0.50000,0.000000,6
26.702000,36.50000,-0.50000,0.000000,7
26.702000,37.50000,-0.50000,0.000000,8
26.702000,38.50000,-0.50000,0.000000,9
26.702000,39.50000,-0.50000,0.000000,10
26.702000,40.50000,-0.50000,0.000000,11
26.702000,41.50000,-0.50000,0.000000,12
26.702000,42.50000,-0.50000,0.000000,13
26.702000,43.50000,-0.50000,0.000000,14
26.702000,44.50000,-0.50000,0.000000,15
26.702000,45.50000,-0.50000,0.000000,16
26.702000,46.50000,-0.50000,0.000000,17
26.702000,47.50000,-0.50000,0.000000,18
26.702000,48.50000,-0.50000,-0.244979,19
26.702000,49.50000,-0.75000,-0.229254,20
26.702000,50.53323,-0.99111,0.066667,21
26.702000,51.59733,-0.92007,0.365219,22
26.702000,52.61286,-0.53176,0.435461,23
26.702000,53.58394,-0.07997,0.266667,24
26.702000,54.58056,0.19228,0.333333,25
26.702000,55.55684,0.53032,0.400000,26
26.702000,56.50842,0.93265,0.466667,27
26.702000,57.43110,1.39747,0.533333,28
26.702000,58.32075,1.92273,0.600000,29
26.702000,59.17344,2.50608,0.600000,30
26.800000,29.49518,-3.58682,0.694425,0
26.800000,30.50000,-2.75000,0.643501,1
26.800000,31.50000,-2.00000,0.463648,2
26.800000,32.50000,-1.50000,0.463648,3
26.800000,33.50000,-1.00000,0.244979,4
26.800000,34.50000,-0.75000,0.244979,5
26.800000,35.50000,-0.50000,0.000000,6
26.800000,36.50000,-0.50000,0.000000,7
26.800000,37.50000,-0.50000,0.000000,8
26.800000,38.50000,-0.50000,0.000000,9
26.800000,39.50000,-0.50000,0.000000,10
26.800000,40.50000,-0.50000,0.000000,11
26.800000,41.50000,-0.50000,0.000000,12
26.800000,42.50000,-0.50000,0.000000,13
26.800000,43.50000,-0.50000,0.000000,14
26.800000,44.50000,-0.50000,0.000000,15
26.800000,45.50000,-0.50000,0.000000,16
26.800000,46.50000,-0.50000,0.000000,17
26.800000,47.50000,-0.50000,0.000000,18
26.800000,48.50000,-0.50000,-0.244979,19
26.800000,49.50000,-0.75000,-0.229254,20
26.800000,50.53323,-0.99111,0.066667,21
26.800000,51.59733,-0.92007,0.365219,22
26.800000,52.61286,-0.53176,0.435461,23
26.800000,53.58394,-0.07997,0.266667,24
26.800000,54.58056,0.19228,0.333333,25
26.800000,55.55684,0.53032,0.400000,26
26.800000,56.50842,0.93265,0.466667,27
26.800000,57.43110,1.39747,0.533333,28
26.800000,58.32075,1.92273,0.600000,29
26.800000,59.17344,2.50608,0.600000,30
26.900000,29.57997,-3.61782,0.756206,0
26.900000,30.50000,-2.75000,0.643501,1
26.900000,31.50000,-2.00000,0.463648,2
26.900000,32.50000,-1.50000,0.463648,3
26.900000,33.50000,-1.00000,0.244979,4
26.900000,34.50000,-0.75000,0.244979,5
26.900000,35.50000,-0.50000,0.000000,6
26.900000,36.50000,-0.50000,0.000000,7
26.900000,37.50000,-0.50000,0.000000,8
26.900000,38.50000,-0.50000,0.000000,9
26.900000,39.50000,-0.50000,0.000000,10
26.900000,40.50000,-0.50000,0.000000,11
26.900000,41.50000,-0.50000,0.000000,12
26.900000,42.50000,-0.50000,0.000000,13
26.900000,43.50000,-0.50000,0.000000,14
26.900000,44.50000,-0.50000,0.000000,15
26.900000,45.50000,-0.50000,0.000000,16
26.900000,46.50000,-0.50000,0.000000,17
26.900000,47.50000,-0.50000,0.000000,18
26.900000,48.50000,-0.50000,-0.244979,19
26.900000,49.50000,-0.75000,-0.229254,20
26.900000,50.53323,-0.99111,0.066667,21
26.900000,51.59733,-0.92007,0.365219,22
26.900000,52.61286,-0.53176,0.435461,23
26.900000,53.58394,-0.07997,0.266667,24
26.900000,54.58056,0.19228,0.333333,25
26.900000,55.55684,0.53032,0.400000,26
26.900000,56.50842,0.93265,0.466667,27
26.900000,57.43110,1.39747,0.533333,28
26.900000,58.32075,1.92273,0.600000,29
26.900000,59.17344,2.50608,0.600000,30
27.000000,29.67118,-3.67945,0.686686,0
27.000000,30.50000,-3.00000,0.643501,1
27.000000,31.50000,-2.25000,0.643501,2
27.000000,32.50000,-1.50000,0.463648,3
27.000000,33.50000,-1.00000,0.244979,4
27.000000,34.50000,-0.75000,0.244979,5
27.000000,35.50000,-0.50000,0.000000,6
27.000000,36.50000,-0.50000,0.000000,7
27.000000,37.50000,-0.50000,0.000000,8
27.000000,38.50000,-0.50000,0.000000,9
27.000000,39.50000,-0.50000,0.000000,10
27.000000,40.50000,-0.50000,0.000000,11
27.000000,41.50000,-0.50000,0.000000,12
27.000000,42.50000,-0.50000,0.000000,13
27.000000,43.50000,-0.50000,0.000000,14
27.000000,44.50000,-0.50000,0.000000,15
27.000000,45.50000,-0.50000,0.000000,16
27.000000,46.50000,-0.50000,0.000000,17
27.000000,47.50000,-0.50000,0.000000,18
27.000000,48.50000,-0.50000,-0.244979,19
27.000000,49.50000,-0.75000,-0.229254,20
27.000000,50.53323,-0.99111,0.066667,21
27.000000,51.59733,-0.92007,0.365219,22
27.000000,52.61286,-0.53176,0.435461,23
27.000000,53.58394,-0.07997,0.266667,24
27.000000,54.58056,0.19228,0.333333,25
27.000000,55.55684,0.53032,0.400000,26
27.000000,56.50842,0.93265,0.466667,27
27.000000,57.43110,1.39747,0.533333,28
27.000000,58.32075,1.92273,0.600000,29
27.000000,59.17344,2.50608,0.600000,30
27.100000,29.73742,-3.67696,0.725991,0
27.100000,30.50000,-3.00000,0.643501,1
27.100000,31.50000,-2.25000,0.643501,2
27.100000,32.50000,-1.50000,0.463648,3
27.100000,33.50000,-1.00000,0.244979,4
27.100000,34.50000,-0.75000,0.244979,5
27.100000,35.50000,-0.50000,0.000000,6
27.100000,36.50000,-0.50000,0.000000,7
27.100000,37.50000,-0.50000,0.000000,8
27.100000,38.50000,-0.50000,0.000000,9
27.100000,39.50000,-0.50000,0.000000,10
27.100000,40.50000,-0.50000,0.000000,11
27.100000,41.50000,-0.50000,0.000000,12
27.100000,42.50000,-0.50000,0.000000,13
27.100000,43.50000,-0.50000,0.000000,14
27.100000,44.50000,-0.50000,0.000000,15
27.100000,45.50000,-0.50000,0.000000,16
27.100000,46.50000,-0.50000,0.000000,17
27.100000,47.50000,-0.50000,0.000000,18
27.100000,48.50000,-0.50000,-0.244979,19
27.100000,49.50000,-0.75000,-0.229254,20
27.100000,50.53323,-0.99111,0.066667,21
27.100000,51.59733,-0.92007,0.365219,22
27.100000,52.61286,-0.53176,0.435461,23
27.100000,53.58394,-0.07997,0.266667,24
27.100000,54.58056,0.19228,0.333333,25
27.100000,55.55684,0.53032,0.400000,26
27.100000,56.50842,0.93265,0.466667,27
27.100000,57.43110,1.39747,0.533333,28
27.100000,58.32075,1.92273,0.600000,29
27.100000,59.17344,2.50608,0.600000,30
27.200000,29.85000,-3.68402,0.536591,0
27.200000,31.00000,-3.00000,0.643501,1
27.200000,32.00000,-2.25000,0.643501,2
27.200000,33.00000,-1.50000,0.463648,3
27.200000,34.00000,-1.00000,0.244979,4
27.200000,35.00000,-0.75000,0.244979,5
27.200000,36.00000,-0.50000,0.000000,6
27.200000,37.00000,-0.50000,0.000000,7
27.200000,38.00000,-0.50000,0.000000,8
27.200000,39.00000,-0.50000,0.000000,9
27.200000,40.00000,-0.50000,0.000000,10
27.200000,41.00000,-0.50000,0.000000,11
27.200000,42.00000,-0.50000,0.000000,12
27.200000,43.00000,-0.50000,0.000000,13
27.200000,44.00000,-0.50000,0.000000,14
27.200000,45.00000,-0.50000,0.000000,15
27.200000,46.00000,-0.50000,0.000000,16
27.200000,47.00000,-0.50000,0.000000,17
27.200000,48.00000,-0.50000,-0.244979,18
27.200000,49.00000,-0.75000,-0.244979,19
27.200000,50.00000,-1.00000,0.033333,20
27.200000,51.06588,-0.96446,0.100000,21
27.200000,52.12702,-0.85799,0.398552,22
27.200000,53.12904,-0.43605,0.468794,23
27.200000,54.08452,0.04785,0.300000,24
27.200000,55.07152,0.35317,0.366667,25
27.200000,56.03598,0.72355,0.433333,26
27.200000,56.97363,1.15737,0.500000,27
27.200000,57.88030,1.65268,0.566667,28
27.200000,58.75196,2.20730,0.633333,29
27.200000,59.58473,2.81875,0.633333,30
27.304000,29.88571,-3.69121,0.555222,0
27.304000,31.00000,-3.00000,0.643501,1
27.304000,32.00000,-2.25000,0.643501,2
27.304000,33.00000,-1.50000,0.463648,3
27.304000,34.00000,-1.00000,0.244979,4
27.304000,35.00000,-0.75000,0.244979,5
27.304000,36.00000,-0.50000,0.000000,6
27.304000,37.00000,-0.50000,0.000000,7
27.304000,38.00000,-0.50000,0.000000,8
27.304000,39.00000,-0.50000,0.000000,9
27.304000,40.00000,-0.50000,0.000000,10
27.304000,41.00000,-0.50000,0.000000,11
27.304000,42.00000,-0.50000,0.000000,12
27.304000,43.00000,-0.50000,0.000000,13
27.304000,44.00000,-0.50000,0.000000,14
27.304000,45.00000,-0.50000,0.000000,15
27.304000,46.00000,-0.50000,0.000000,16
27.304000,47.00000,-0.50000,0.000000,17
27.304000,48.00000,-0.50000,-0.244979,18
27.304000,49.00000,-0.75000,0.000000,19
27.304000,50.00000,-0.75000,-0.198552,20
27.304000,51.06588,-0.96446,0.100000,21
27.304000,52.12702,-0.85799,0.398552,22
27.304000,53.12904,-0.43605,0.468794,23
27.304000,54.08452,0.04785,0.300000,24
27.304000,55.07152,0.35317,0.366667,25
27.304000,56.03598,0.72355,0.433333,26
27.304000,56.97363,1.15737,0.500000,27
27.304000,57.88030,1.65268,0.566667,28
27.304000,58.75196,2.20730,0.633333,29
27.304000,59.58473,2.81875,0.633333,30
27.400000,29.94251,-3.65630,0.555445,0
27.400000,31.00000,-3.00000,0.643501,1
27.400000,32.00000,-2.25000,0.643501,2
27.400000,33.00000,-1.50000,0.463648,3
27.400000,34.00000,-1.00000,0.244979,4
27.400000,35.00000,-0.75000,0.244979,5
27.400000,36.00000,-0.50000,0.000000,6
27.400000,37.00000,-0.50000,0.000000,7
27.400000,38.00000,-0.50000,0.000000,8
27.400000,39.00000,-0.50000,0.000000,9
27.400000,40.00000,-0.50000,0.000000,10
27.400000,41.00000,-0.50000,0.000000,11
27.400000,42.00000,-0.50000,0.000000,12
27.400000,43.00000,-0.50000,0.000000,13
27.400000,44.00000,-0.50000,0.000000,14
27.400000,45.00000,-0.50000,0.000000,15
27.400000,46.00000,-0.50000,0.000000,16
27.400000,47.00000,-0.50000,0.000000,17
27.400000,48.00000,-0.50000,-0.244979,18
27.400000,49.00000,-0.75000,0.000000,19
27.400000,50.00000,-0.75000,-0.198552,20
27.400000,51.06588,-0.96446,0.100000,21
27.400000,52.12702,-0.85799,0.398552,22
27.400000,53.12904,-0.43605,0.468794,23
27.400000,54.08452,0.04785,0.300000,24
27.400000,55.07152,0.35317,0.366667,25
27.400000,56.03598,0.72355,0.433333,26
27.400000,56.97363,1.15737,0.500000,27
27.400000,57.88030,1.65268,0.566667,28
27.400000,58.75196,2.20730,0.633333,29
27.400000,59.58473,2.81875,0.633333,30
27.502000,30.00693,-3.65349,0.582009,0
27.502000,31.00000,-3.00000,0.643501,1
27.502000,32.00000,-2.25000,0.643501,2
27.502000,33.00000,-1.50000,0.463648,3
27.502000,34.00000,-1.00000,0.244979,4
27.502000,35.00000,-0.75000,0.244979,5
27.502000,36.00000,-0.50000,0.000000,6
27.502000,37.00000,-0.50000,0.000000,7
27.502000,38.00000,-0.50000,0.000000,8
27.502000,39.00000,-0.50000,0.000000,9
27.502000,40.00000,-0.50000,0.000000,10
27.502000,41.00000,-0.50000,0.000000,11
27.502000,42.00000,-0.50000,0.000000,12
27.502000,43.00000,-0.50000,0.000000,13
27.502000,44.00000,-0.50000,0.000000,14
27.502000,45.00000,-0.50000,0.000000,15
27.502000,46.00000,-0.50000,0.000000,16
27.502000,47.00000,-0.50000,0.000000,17
27.502000,48.00000,-0.50000,-0.244979,18
27.502000,49.00000,-0.75000,0.000000,19
27.502000,50.00000,-0.75000,-0.198552,20
27.502000,51.06588,-0.96446,0.100000,21
27.502000,52.12702,-0.85799,0.398552,22
27.502000,53.12904,-0.43605,0.468794,23
27.502000,54.08452,0.04785,0.300000,24
27.502000,55.07152,0.35317,0.366667,25
27.502000,56.03598,0.72355,0.433333,26
27.502000,56.97363,1.15737,0.500000,27
27.502000,57.88030,1.65268,0.566667,28
27.502000,58.75196,2.20730,0.633333,29
27.502000,59.58473,2.81875,0.633333,30
27.600000,30.04500,-3.66071,0.605232,0
27.600000,31.00000,-3.00000,0.643501,1
27.600000,32.00000,-2.25000,0.643501,2
27.600000,33.00000,-1.50000,0.463648,3
27.600000,34.00000,-1.00000,0.244979,4
27.600000,35.00000,-0.75000,0.244979,5
27.600000,36.00000,-0.50000,0.000000,6
27.600000,37.00000,-0.50000,0.000000,7
27.600000,38.00000,-0.50000,0.000000,8
27.600000,39.00000,-0.50000,0.000000,9
27.600000,40.00000,-0.50000,0.000000,10
27.600000,41.00000,-0.50000,0.000000,11
27.600000,42.00000,-0.50000,0.000000,12
27.600000,43.00000,-0.50000,0.000000,13
27.600000,44.00000,-0.50000,0.000000,14
27.600000,45.00000,-0.50000,0.000000,15
27.600000,46.00000,-0.50000,0.000000,16
27.600000,47.00000,-0.50000,0.000000,17
27.600000,48.00000,-0.50000,-0.244979,18
27.600000,49.00000,-0.75000,0.000000,19
27.600000,50.00000,-0.75000,-0.198552,20
27.600000,51.06588,-0.96446,0.100000,21
27.600000,52.12702,-0.85799,0.398552,22
27.600000,53.12904,-0.43605,0.468794,23
27.600000,54.08452,0.04785,0.300000,24
27.600000,55.07152,0.35317,0.366667,25
27.600000,56.03598,0.72355,0.433333,26
27.600000,56.97363,1.15737,0.500000,27
27.600000,57.88030,1.65268,0.566667,28
27.600000,58.75196,2.20730,0.633333,29
27.600000,59.58473,2.81875,0.633333,30
27.700000,30.08788,-3.66782,0.631988,0
27.700000,31.00000,-3.00000,0.643501,1
27.700000,32.00000,-2.25000,0.643501,2
27.700000,33.00000,-1.50000,0.463648,3
27.700000,34.00000,-1.00000,0.244979,4
27.700000,35.00000,-0.75000,0.244979,5
27.700000,36.00000,-0.50000,0.000000,6
27.700000,37.00000,-0.50000,0.000000,7
27.700000,38.00000,-0.50000,0.000000,8
27.700000,39.00000,-0.50000,0.000000,9
27.700000,40.00000,-0.50000,0.000000,10
27.700000,41.00000,-0.50000,0.000000,11
27.700000,42.00000,-0.50000,0.000000,12
27.700000,43.00000,-0.50000,0.000000,13
27.700000,44.00000,-0.50000,0.000000,14
27.700000,45.00000,-0.50000,0.000000,15
27.700000,46.00000,-0.50000,0.000000,16
27.700000,47.00000,-0.50000,0.000000,17
27.700000,48.00000,-0.50000,-0.244979,18
27.700000,49.00000,-0.75000,0.000000,19
27.700000,50.00000,-0.75000,-0.198552,20
27.700000,51.06588,-0.96446,0.100000,21
27.700000,52.12702,-0.85799,0.398552,22
27.700000,53.12904,-0.43605,0.468794,23
27.700000,54.08452,0.04785,0.300000,24
27.700000,55.07152,0.35317,0.366667,25
27.700000,56.03598,0.72355,0.433333,26
27.700000,56.97363,1.15737,0.500000,27
27.700000,57.88030,1.65268,0.566667,28
27.700000,58.75196,2.20730,0.633333,29
27.700000,59.58473,2.81875,0.633333,30
27.800000,30.08687,-3.66171,0.627090,0
27.800000,31.00000,-3.00000,0.643501,1
27.800000,32.00000,-2.25000,0.643501,2
27.800000,33.00000,-1.50000,0.463648,3
27.800000,34.00000,-1.00000,0.244979,4
27.800000,35.00000,-0.75000,0.244979,5
27.800000,36.00000,-0.50000,0.000000,6
27.800000,37.00000,-0.50000,0.000000,7
27.800000,38.00000,-0.50000,0.000000,8
27.800000,39.00000,-0.50000,0.000000,9
27.800000,40.00000,-0.50000,0.000000,10
27.800000,41.00000,-0.50000,0.000000,11
27.800000,42.00000,-0.50000,0.000000,12
27.800000,43.00000,-0.50000,0.000000,13
27.800000,44.00000,-0.50000,0.000000,14
27.800000,45.00000,-0.50000,0.000000,15
27.800000,46.00000,-0.50000,0.000000,16
27.800000,47.00000,-0.50000,0.000000,17
27.800000,48.00000,-0.50000,-0.244979,18
27.800000,49.00000,-0.75000,-0.244979,19
27.800000,50.00000,-1.00000,0.033333,20
27.800000,51.06588,-0.96446,0.100000,21
27.800000,52.12702,-0.85799,0.398552,22
27.800000,53.12904,-0.43605,0.468794,23
27.800000,54.08452,0.04785,0.300000,24
27.800000,55.07152,0.35317,0.366667,25
27.800000,56.03598,0.72355,0.433333,26
27.800000,56.97363,1.15737,0.500000,27
27.800000,57.88030,1.65268,0.566667,28
27.800000,58.75196,2.20730,0.633333,29
27.800000,59.58473,2.81875,0.633333,30
27.900000,30.13473,-3.67280,0.660907,0
27.900000,31.00000,-3.00000,0.643501,1
27.900000,32.00000,-2.25000,0.643501,2
27.900000,33.00000,-1.50000,0.463648,3
27.900000,34.00000,-1.00000,0.244979,4
27.900000,35.00000,-0.75000,0.244979,5
27.900000,36.00000,-0.50000,0.000000,6
27.900000,37.00000,-0.50000,0.000000,7
27.900000,38.00000,-0.50000,0.000000,8
27.900000,39.00000,-0.50000,0.000000,9
27.900000,40.00000,-0.50000,0.000000,10
27.900000,41.00000,-0.50000,0.000000,11
27.900000,42.00000,-0.50000,0.000000,12
27.900000,43.00000,-0.50000,0.000000,13
27.900000,44.00000,-0.50000,0.000000,14
27.900000,45.00000,-0.50000,0.000000,15
27.900000,46.00000,-0.50000,0.000000,16
27.900000,47.00000,-0.50000,0.000000,17
27.900000,48.00000,-0.50000,-0.244979,18
27.900000,49.00000,-0.75000,-0.244979,19
27.900000,50.00000,-1.00000,0.033333,20
27.900000,51.06588,-0.96446,0.100000,21
27.900000,52.12702,-0.85799,0.398552,22
27.900000,53.12904,-0.43605,0.468794,23
27.900000,54.08452,0.04785,0.300000,24
27.900000,55.07152,0.35317,0.366667,25
27.900000,56.03598,0.72355,0.433333,26
27.900000,56.97363,1.15737,0.500000,27
27.900000,57.88030,1.65268,0.566667,28
27.900000,58.75196,2.20730,0.633333,29
27.900000,59.58473,2.81875,0.633333,30
28.000000,30.15747,-3.68089,0.679689,0
28.000000,31.00000,-3.00000,0.643501,1
28.000000,32.00000,-2.25000,0.643501,2
28.000000,33.00000,-1.50000,0.463648,3
28.000000,34.00000,-1.00000,0.244979,4
28.000000,35.00000,-0.75000,0.244979,5
28.000000,36.00000,-0.50000,0.000000,6
28.000000,37.00000,-0.50000,0.000000,7
28.000000,38.00000,-0.50000,0.000000,8
28.000000,39.00000,-0.50000,0.000000,9
28.000000,40.00000,-0.50000,0.000000,10
28.000000,41.00000,-0.50000,0.000000,11
28.000000,42.00000,-0.50000,0.000000,12
28.000000,43.00000,-0.50000,0.000000,13
28.000000,44.00000,-0.50000,0.000000,14
28.000000,45.00000,-0.50000,0.000000,15
28.000000,46.00000,-0.50000,0.000000,16
28.000000,47.00000,-0.50000,0.000000,17
28.000000,48.00000,-0.50000,-0.244979,18
28.000000,49.00000,-0.75000,-0.244979,19
28.000000,50.00000,-1.00000,0.033333,20
28.000000,51.06588,-0.96446,0.100000,21
28.000000,52.12702,-0.85799,0.398552,22
28.000000,53.12904,-0.43605,0.468794,23
28.000000,54.08452,0.04785,0.300000,24
28.000000,55.07152,0.35317,0.366667,25
28.000000,56.03598,0.72355,0.433333,26
28.000000,56.97363,1.15737,0.500000,27
28.000000,57.88030,1.65268,0.566667,28
28.000000,58.75196,2.20730,0.633333,29
28.000000,59.58473,2.81875,0.633333,30
28.100000,30.21754,-3.66869,0.707155,0
28.100000,31.00000,-3.00000,0.643501,1
28.100000,32.00000,-2.25000,0.643501,2
28.100000,33.00000,-1.50000,0.463648,3
28.100000,34.00000,-1.00000,0.244979,4
28.100000,35.00000,-0.75000,0.244979,5
28.100000,36.00000,-0.50000,0.000000,6
28.100000,37.00000,-0.50000,0.000000,7
28.100000,38.00000,-0.50000,0.000000,8
28.100000,39.00000,-0.50000,0.000000,9
28.100000,40.00000,-0.50000,0.000000,10
28.100000,41.00000,-0.50000,0.000000,11
28.100000,42.00000,-0.50000,0.000000,12
28.100000,43.00000,-0.50000,0.000000,13
28.100000,44.00000,-0.50000,0.000000,14
28.100000,45.00000,-0.50000,0.000000,15
28.100000,46.00000,-0.50000,0.000000,16
28.100000,47.00000,-0.50000,0.000000,17
28.100000,48.00000,-0.50000,-0.244979,18
28.100000,49.00000,-0.75000,-0.244979,19
28.100000,50.00000,-1.00000,0.033333,20
28.100000,51.06588,-0.96446,0.100000,21
28.100000,52.12702,-0.85799,0.398552,22
28.100000,53.12904,-0.43605,0.468794,23
28.100000,54.08452,0.04785,0.300000,24
28.100000,55.07152,0.35317,0.366667,25
28.100000,56.03598,0.72355,0.433333,26
28.100000,56.97363,1.15737,0.500000,27
28.100000,57.88030,1.65268,0.566667,28
28.100000,58.75196,2.20730,0.633333,29
28.100000,59.58473,2.81875,0.633333,30
28.200000,30.24726,-3.62901,0.862623,0
28.200000,31.00000,-2.75000,0.643501,1
28.200000,32.00000,-2.00000,0.463648,2
28.200000,33.00000,-1.50000,0.463648,3
28.200000,34.00000,-1.00000,0.244979,4
28.200000,35.00000,-0.75000,0.244979,5
28.200000,36.00000,-0.50000,0.000000,6
28.200000,37.00000,-0.50000,0.000000,7
28.200000,38.00000,-0.50000,0.000000,8
28.200000,39.00000,-0.50000,0.000000,9
28.200000,40.00000,-0.50000,0.000000,10
28.200000,41.00000,-0.50000,0.000000,11
28.200000,42.00000,-0.50000,0.000000,12
28.200000,43.00000,-0.50000,0.000000,13
28.200000,44.00000,-0.50000,0.000000,14
28.200000,45.00000,-0.50000,0.000000,15
28.200000,46.00000,-0.50000,0.000000,16
28.200000,47.00000,-0.50000,0.000000,17
28.200000,48.00000,-0.50000,-0.244979,18
28.200000,49.00000,-0.75000,-0.244979,19
28.200000,50.00000,-1.00000,0.033333,20
28.200000,51.06588,-0.96446,0.100000,21
28.200000,52.12702,-0.85799,0.398552,22
28.200000,53.12904,-0.43605,0.468794,23
28.200000,54.08452,0.04785,0.300000,24
28.200000,55.07152,0.35317,0.366667,25
28.200000,56.03598,0.72355,0.433333,26
28.200000,56.97363,1.15737,0.500000,27
28.200000,57.88030,1.65268,0.566667,28
28.200000,58.75196,2.20730,0.633333,29
28.200000,59.58473,2.81875,0.633333,30
28.300000,30.30802,-3.64767,0.645475,0
28.300000,31.50000,-2.75000,0.643501,1
28.300000,32.50000,-2.00000,0.463648,2
28.300000,33.50000,-1.50000,0.463648,3
28.300000,34.50000,-1.00000,0.244979,4
28.300000,35.50000,-0.75000,0.244979,5
28.300000,36.50000,-0.50000,0.000000,6
28.300000,37.50000,-0.50000,0.000000,7
28.300000,38.50000,-0.50000,0.000000,8
28.300000,39.50000,-0.50000,0.000000,9
28.300000,40.50000,-0.50000,0.000000,10
28.300000,41.50000,-0.50000,0.000000,11
28.300000,42.50000,-0.50000,0.000000,12
28.300000,43.50000,-0.50000,0.000000,13
28.300000,44.50000,-0.50000,0.000000,14
28.300000,45.50000,-0.50000,0.000000,15
28.300000,46.50000,-0.50000,0.000000,16
28.300000,47.50000,-0.50000,0.000000,17
28.300000,48.50000,-0.50000,-0.244979,18
28.300000,49.50000,-0.75000,-0.229254,19
28.300000,50.53323,-0.99111,0.066667,20
28.300000,51.59733,-0.92007,0.365219,21
28.300000,52.61286,-0.53176,0.435461,22
28.300000,53.58394,-0.07997,0.505813,23
28.300000,54.50668,0.43112,0.333333,24
28.300000,55.46721,0.76370,0.400000,25
28.300000,56.40345,1.15954,0.466667,26
28.300000,57.31124,1.61687,0.533333,27
28.300000,58.18655,2.13365,0.600000,28
28.300000,59.02548,2.70760,0.666667,29
28.300000,59.82432,3.33616,0.666667,30
28.400000,30.32334,-3.61617,0.634562,0
28.400000,31.50000,-2.75000,0.643501,1
28.400000,32.50000,-2.00000,0.463648,2
28.400000,33.50000,-1.50000,0.463648,3
28.400000,34.50000,-1.00000,0.244979,4
28.400000,35.50000,-0.75000,0.244979,5
28.400000,36.50000,-0.50000,0.000000,6
28.400000,37.50000,-0.50000,0.000000,7
28.400000,38.50000,-0.50000,0.000000,8
28.400000,39.50000,-0.50000,0.000000,9
28.400000,40.50000,-0.50000,0.000000,10
28.400000,41.50000,-0.50000,0.000000,11
28.400000,42.50000,-0.50000,0.000000,12
28.400000,43.50000,-0.50000,0.000000,13
28.400000,44.50000,-0.50000,0.000000,14
28.400000,45.50000,-0.50000,0.000000,15
28.400000,46.50000,-0.50000,0.000000,16
28.400000,47.50000,-0.50000,0.000000,17
28.400000,48.50000,-0.50000,-0.244979,18
28.400000,49.50000,-0.75000,-0.229254,19
28.400000,50.53323,-0.99111,0.066667,20
28.400000,51.59733,-0.92007,0.365219,21
28.400000,52.61286,-0.53176,0.435461,22
28.400000,53.58394,-0.07997,0.505813,23
28.400000,54.50668,0.43112,0.333333,24
28.400000,55.46721,0.76370,0.400000,25
28.400000,56.40345,1.15954,0.466667,26
28.400000,57.31124,1.61687,0.533333,27
28.400000,58.18655,2.13365,0.600000,28
28.400000,59.02548,2.70760,0.666667,29
28.400000,59.82432,3.33616,0.666667,30
28.500000,30.41156,-3.64999,0.690908,0
28.500000,31.50000,-2.75000,0.643501,1
28.500000,32.50000,-2.00000,0.463648,2
28.500000,33.50000,-1.50000,0.463648,3
28.500000,34.50000,-1.00000,0.244979,4
28.500000,35.50000,-0.75000,0.244979,5
28.500000,36.50000,-0.50000,0.000000,6
28.500000,37.50000,-0.50000,0.000000,7
28.500000,38.50000,-0.50000,0.000000,8
28.500000,39.50000,-0.50000,0.000000,9
28.500000,40.50000,-0.50000,0.000000,10
28.500000,41.50000,-0.50000,0.000000,11
28.500000,42.50000,-0.50000,0.000000,12
28.500000,43.50000,-0.50000,0.000000,13
28.500000,44.50000,-0.50000,0.000000,14
28.500000,45.50000,-0.50000,0.000000,15
28.500000,46.50000,-0.50000,0.000000,16
28.500000,47.50000,-0.50000,0.000000,17
28.500000,48.50000,-0.50000,-0.244979,18
28.500000,49.50000,-0.75000,-0.229254,19
28.500000,50.53323,-0.99111,0.066667,20
28.500000,51.59733,-0.92007,0.365219,21
28.500000,52.61286,-0.53176,0.435461,22
28.500000,53.58394,-0.07997,0.505813,23
28.500000,54.50668,0.43112,0.333333,24
28.500000,55.46721,0.76370,0.400000,25
28.500000,56.40345,1.15954,0.466667,26
28.500000,57.31124,1.61687,0.533333,27
28.500000,58.18655,2.13365,0.600000,28
28.500000,59.02548,2.70760,0.666667,29
28.500000,59.82432,3.33616,0.666667,30
28.600000,30.45718,-3.65571,0.561318,0
28.600000,31.50000,-3.00000,0.643501,1
28.600000,32.50000,-2.25000,0.643501,2
28.600000,33.50000,-1.50000,0.463648,3
28.600000,34.50000,-1.00000,0.244979,4
28.600000,35.50000,-0.75000,0.244979,5
28.600000,36.50000,-0.50000,0.000000,6
28.600000,37.50000,-0.50000,0.000000,7
28.600000,38.50000,-0.50000,0.000000,8
28.600000,39.50000,-0.50000,0.000000,9
28.600000,40.50000,-0.50000,0.000000,10
28.600000,41.50000,-0.50000,0.000000,11
28.600000,42.50000,-0.50000,0.000000,12
28.600000,43.50000,-0.50000,0.000000,13
28.600000,44.50000,-0.50000,0.000000,14
28.600000,45.50000,-0.50000,0.000000,15
28.600000,46.50000,-0.50000,0.000000,16
28.600000,47.50000,-0.50000,0.000000,17
28.600000,48.50000,-0.50000,-0.244979,18
28.600000,49.50000,-0.75000,-0.229254,19
28.600000,50.53323,-0.99111,0.066667,20
28.600000,51.59733,-0.92007,0.365219,21
28.600000,52.61286,-0.53176,0.435461,22
28.600000,53.58394,-0.07997,0.505813,23
28.600000,54.50668,0.43112,0.333333,24
28.600000,55.46721,0.76370,0.400000,25
28.600000,56.40345,1.15954,0.466667,26
28.600000,57.31124,1.61687,0.533333,27
28.600000,58.18655,2.13365,0.600000,28
28.600000,59.02548,2.70760,0.666667,29
28.600000,59.82432,3.33616,0.666667,30
28.700000,30.53973,-3.69776,0.628373,0
28.700000,31.50000,-3.00000,0.643501,1
28.700000,32.50000,-2.25000,0.643501,2
28.700000,33.50000,-1.50000,0.463648,3
28.700000,34.50000,-1.00000,0.244979,4
28.700000,35.50000,-0.75000,0.244979,5
28.700000,36.50000,-0.50000,0.000000,6
28.700000,37.50000,-0.50000,0.000000,7
28.700000,38.50000,-0.50000,0.000000,8
28.700000,39.50000,-0.50000,0.000000,9
28.700000,40.50000,-0.50000,0.000000,10
28.700000,41.50000,-0.50000,0.000000,11
28.700000,42.50000,-0.50000,0.000000,12
28.700000,43.50000,-0.50000,0.000000,13
28.700000,44.50000,-0.50000,0.000000,14
28.700000,45.50000,-0.50000,0.000000,15
28.700000,46.50000,-0.50000,0.000000,16
28.700000,47.50000,-0.50000,0.000000,17
28.700000,48.50000,-0.50000,-0.244979,18
28.700000,49.50000,-0.75000,-0.229254,19
28.700000,50.53323,-0.99111,0.066667,20
28.700000,51.59733,-0.92007,0.365219,21
28.700000,52.61286,-0.53176,0.435461,22
28.700000,53.58394,-0.07997,0.505813,23
28.700000,54.50668,0.43112,0.333333,24
28.700000,55.46721,0.76370,0.400000,25
28.700000,56.40345,1.15954,0.466667,26
28.700000,57.31124,1.61687,0.533333,27
28.700000,58.18655,2.13365,0.600000,28
28.700000,59.02548,2.70760,0.666667,29
28.700000,59.82432,3.33616,0.666667,30
28.800000,30.61252,-3.73991,0.694965,0
28.800000,31.50000,-3.00000,0.643501,1
28.800000,32.50000,-2.25000,0.643501,2
28.800000,33.50000,-1.50000,0.463648,3
28.800000,34.50000,-1.00000,0.244979,4
28.800000,35.50000,-0.75000,0.244979,5
28.800000,36.50000,-0.50000,0.000000,6
28.800000,37.50000,-0.50000,0.000000,7
28.800000,38.50000,-0.50000,0.000000,8
28.800000,39.50000,-0.50000,0.000000,9
28.800000,40.50000,-0.50000,0.000000,10
28.800000,41.50000,-0.50000,0.000000,11
28.800000,42.50000,-0.50000,0.000000,12
28.800000,43.50000,-0.50000,0.000000,13
28.800000,44.50000,-0.50000,0.000000,14
28.800000,45.50000,-0.50000,0.000000,15
28.800000,46.50000,-0.50000,0.000000,16
28.800000,47.50000,-0.50000,0.000000,17
28.800000,48.50000,-0.50000,-0.244979,18
28.800000,49.50000,-0.75000,-0.229254,19
28.800000,50.53323,-0.99111,0.066667,20
28.800000,51.59733,-0.92007,0.365219,21
28.800000,52.61286,-0.53176,0.435461,22
28.800000,53.58394,-0.07997,0.505813,23
28.800000,54.50668,0.43112,0.333333,24
28.800000,55.46721,0.76370,0.400000,25
28.800000,56.40345,1.15954,0.466667,26
28.800000,57.31124,1.61687,0.533333,27
28.800000,58.18655,2.13365,0.600000,28
28.800000,59.02548,2.70760,0.666667,29
28.800000,59.82432,3.33616,0.666667,30
28.900000,30.75930,-3.77390,0.557707,0
28.900000,32.00000,-3.00000,0.643501,1
28.900000,33.00000,-2.25000,0.643501,2
28.900000,34.00000,-1.50000,0.463648,3
28.900000,35.00000,-1.00000,0.244979,4
28.900000,36.00000,-0.75000,0.244979,5
28.900000,37.00000,-0.50000,0.000000,6
28.900000,38.00000,-0.50000,0.000000,7
28.900000,39.00000,-0.50000,0.000000,8
28.900000,40.00000,-0.50000,0.000000,9
28.900000,41.00000,-0.50000,0.000000,10
28.900000,42.00000,-0.50000,0.000000,11
28.900000,43.00000,-0.50000,0.000000,12
28.900000,44.00000,-0.50000,0.000000,13
28.900000,45.00000,-0.50000,0.000000,14
28.900000,46.00000,-0.50000,0.000000,15
28.900000,47.00000,-0.50000,0.000000,16
28.900000,48.00000,-0.50000,-0.244979,17
28.900000,49.00000,-0.75000,-0.244979,18
28.900000,50.00000,-1.00000,0.033333,19
28.900000,51.06588,-0.96446,0.100000,20
28.900000,52.12702,-0.85799,0.398552,21
28.900000,53.12904,-0.43605,0.468794,22
28.900000,54.08452,0.04785,0.539146,23
28.900000,54.98972,0.58941,0.366667,24
28.900000,55.93863,0.95382,0.433333,25
28.900000,56.86116,1.38064,0.500000,26
28.900000,57.75320,1.86796,0.566667,27
28.900000,58.61080,2.41363,0.633333,28
28.900000,59.43014,3.01522,0.700000,29
28.900000,60.20759,3.67005,0.700000,30
29.000000,30.86106,-3.80159,0.613271,0
29.000000,32.00000,-3.00000,0.643501,1
29.000000,33.00000,-2.25000,0.643501,2
29.000000,34.00000,-1.50000,0.463648,3
29.000000,35.00000,-1.00000,0.244979,4
29.000000,36.00000,-0.75000,0.244979,5
29.000000,37.00000,-0.50000,0.000000,6
29.000000,38.00000,-0.50000,0.000000,7
29.000000,39.00000,-0.50000,0.000000,8
29.000000,40.00000,-0.50000,0.000000,9
29.000000,41.00000,-0.50000,0.000000,10
29.000000,42.00000,-0.50000,0.000000,11
29.000000,43.00000,-0.50000,0.000000,12
29.000000,44.00000,-0.50000,0.000000,13
29.000000,45.00000,-0.50000,0.000000,14
29.000000,46.00000,-0.50000,0.000000,15
29.000000,47.00000,-0.50000,0.000000,16
29.000000,48.00000,-0.50000,-0.244979,17
29.000000,49.00000,-0.75000,0.000000,18
29.000000,50.00000,-0.75000,0.033333,19
29.000000,51.04922,-0.71501,0.100000,20
29.000000,52.09378,-0.61021,0.402128,21
29.000000,53.07937,-0.19103,0.472480,22
29.000000,54.01864,0.28902,0.300000,23
29.000000,54.98972,0.58941,0.366667,24
29.000000,55.93863,0.95382,0.433333,25
29.000000,56.86116,1.38064,0.500000,26
29.000000,57.75320,1.86796,0.566667,27
29.000000,58.61080,2.41363,0.633333,28
29.000000,59.43014,3.01522,0.700000,29
29.000000,60.20759,3.67005,0.700000,30
29.100000,30.96565,-3.82511,0.673345,0
29.100000,32.00000,-3.00000,0.643501,1
29.100000,33.00000,-2.25000,0.643501,2
29.100000,34.00000,-1.50000,0.463648,3
29.100000,35.00000,-1.00000,0.244979,4
29.100000,36.00000,-0.75000,0.244979,5
29.100000,37.00000,-0.50000,0.000000,6
29.100000,38.00000,-0.50000,0.000000,7
29.100000,39.00000,-0.50000,0.000000,8
29.100000,40.00000,-0.50000,0.000000,9
29.100000,41.00000,-0.50000,0.000000,10
29.100000,42.00000,-0.50000,0.000000,11
29.100000,43.00000,-0.50000,0.000000,12
29.100000,44.00000,-0.50000,0.000000,13
29.100000,45.00000,-0.50000,0.000000,14
29.100000,46.00000,-0.50000,0.000000,15
29.100000,47.00000,-0.50000,0.000000,16
29.100000,48.00000,-0.50000,-0.244979,17
29.100000,49.00000,-0.75000,0.000000,18
29.100000,50.00000,-0.75000,-0.198552,19
29.100000,51.06588,-0.96446,0.100000,20
29.100000,52.12702,-0.85799,0.398552,21
29.100000,53.12904,-0.43605,0.468794,22
29.100000,54.08452,0.04785,0.539146,23
29.100000,54.98972,0.58941,0.366667,24
29.100000,55.93863,0.95382,0.433333,25
29.100000,56.86116,1.38064,0.500000,26
29.100000,57.75320,1.86796,0.566667,27
29.100000,58.61080,2.41363,0.633333,28
29.100000,59.43014,3.01522,0.700000,29
29.100000,60.20759,3.67005,0.700000,30
29.200000,31.12188,-3.82674,0.755271,0
29.200000,32.00000,-3.00000,0.643501,1
29.200000,33.00000,-2.25000,0.643501,2
29.200000,34.00000,-1.50000,0.463648,3
29.200000,35.00000,-1.00000,0.244979,4
29.200000,36.00000,-0.75000,0.244979,5
29.200000,37.00000,-0.50000,0.000000,6
29.200000,38.00000,-0.50000,0.000000,7
29.200000,39.00000,-0.50000,0.000000,8
29.200000,40.00000,-0.50000,0.000000,9
29.200000,41.00000,-0.50000,0.000000,10
29.200000,42.00000,-0.50000,0.000000,11
29.200000,43.00000,-0.50000,0.000000,12
29.200000,44.00000,-0.50000,0.000000,13
29.200000,45.00000,-0.50000,0.000000,14
29.200000,46.00000,-0.50000,0.000000,15
29.200000,47.00000,-0.50000,0.000000,16
29.200000,48.00000,-0.50000,-0.244979,17
29.200000,49.00000,-0.75000,-0.244979,18
29.200000,50.00000,-1.00000,0.033333,19
29.200000,51.06588,-0.96446,0.100000,20
29.200000,52.12702,-0.85799,0.398552,21
29.200000,53.12904,-0.43605,0.468794,22
29.200000,54.08452,0.04785,0.539146,23
29.200000,54.98972,0.58941,0.366667,24
29.200000,55.93863,0.95382,0.433333,25
29.200000,56.86116,1.38064,0.500000,26
29.200000,57.75320,1.86796,0.566667,27
29.200000,58.61080,2.41363,0.633333,28
29.200000,59.43014,3.01522,0.700000,29
29.200000,60.20759,3.67005,0.700000,30
29.300000,31.20206,-3.86928,0.828164,0
29.300000,32.00000,-3.00000,0.643501,1
29.300000,33.00000,-2.25000,0.643501,2
29.300000,34.00000,-1.50000,0.463648,3
29.300000,35.00000,-1.00000,0.244979,4
29.300000,36.00000,-0.75000,0.244979,5
29.300000,37.00000,-0.50000,0.000000,6
29.300000,38.00000,-0.50000,0.000000,7
29.300000,39.00000,-0.50000,0.000000,8
29.300000,40.00000,-0.50000,0.000000,9
29.300000,41.00000,-0.50000,0.000000,10
29.300000,42.00000,-0.50000,0.000000,11
29.300000,43.00000,-0.50000,0.000000,12
29.300000,44.00000,-0.50000,0.000000,13
29.300000,45.00000,-0.50000,0.000000,14
29.300000,46.00000,-0.50000,0.000000,15
29.300000,47.00000,-0.50000,0.000000,16
29.300000,48.00000,-0.50000,-0.244979,17
29.300000,49.00000,-0.75000,-0.244979,18
29.300000,50.00000,-1.00000,0.033333,19
29.300000,51.06588,-0.96446,0.100000,20
29.300000,52.12702,-0.85799,0.398552,21
29.300000,53.12904,-0.43605,0.468794,22
29.300000,54.08452,0.04785,0.539146,23
29.300000,54.98972,0.58941,0.366667,24
29.300000,55.93863,0.95382,0.433333,25
29.300000,56.86116,1.38064,0.500000,26
29.300000,57.75320,1.86796,0.566667,27
29.300000,58.61080,2.41363,0.633333,28
29.300000,59.43014,3.01522,0.700000,29
29.300000,60.20759,3.67005,0.700000,30
29.400000,31.36873,-3.88824,0.665632,0
29.400000,32.50000,-3.00000,0.643501,1
29.400000,33.50000,-2.25000,0.643501,2
29.400000,34.50000,-1.50000,0.463648,3
29.400000,35.50000,-1.00000,0.244979,4
29.400000,36.50000,-0.75000,0.244979,5
29.400000,37.50000,-0.50000,0.000000,6
29.400000,38.50000,-0.50000,0.000000,7
29.400000,39.50000,-0.50000,0.000000,8
29.400000,40.50000,-0.50000,0.000000,9
29.400000,41.50000,-0.50000,0.000000,10
29.400000,42.50000,-0.50000,0.000000,11
29.400000,43.50000,-0.50000,0.000000,12
29.400000,44.50000,-0.50000,0.000000,13
29.400000,45.50000,-0.50000,0.000000,14
29.400000,46.50000,-0.50000,0.000000,15
29.400000,47.50000,-0.50000,0.000000,16
29.400000,48.50000,-0.50000,-0.244979,17
29.400000,49.50000,-0.75000,-0.229254,18
29.400000,50.53323,-0.99111,0.066667,19
29.400000,51.59733,-0.92007,0.365219,20
29.400000,52.61286,-0.53176,0.435461,21
29.400000,53.58394,-0.07997,0.505813,22
29.400000,54.50668,0.43112,0.333333,23
29.400000,55.46721,0.76370,0.400000,24
29.400000,56.40345,1.15954,0.466667,25
29.400000,57.31124,1.61687,0.533333,26
29.400000,58.18655,2.13365,0.600000,27
29.400000,59.02548,2.70760,0.666667,28
29.400000,59.82432,3.33616,0.733333,29
29.400000,60.57951,4.01654,0.733333,30
29.600000,31.65161,-3.89097,0.809875,0
29.600000,32.50000,-3.00000,0.643501,1
29.600000,33.50000,-2.25000,0.643501,2
29.600000,34.50000,-1.50000,0.463648,3
29.600000,35.50000,-1.00000,0.244979,4
29.600000,36.50000,-0.75000,0.244979,5
29.600000,37.50000,-0.50000,0.000000,6
29.600000,38.50000,-0.50000,0.000000,7
29.600000,39.50000,-0.50000,0.000000,8
29.600000,40.50000,-0.50000,0.000000,9
29.600000,41.50000,-0.50000,0.000000,10
29.600000,42.50000,-0.50000,0.000000,11
29.600000,43.50000,-0.50000,0.000000,12
29.600000,44.50000,-0.50000,0.000000,13
29.600000,45.50000,-0.50000,0.000000,14
29.600000,46.50000,-0.50000,0.000000,15
29.600000,47.50000,-0.50000,0.000000,16
29.600000,48.50000,-0.50000,-0.244979,17
29.600000,49.50000,-0.75000,-0.229254,18
29.600000,50.53323,-0.99111,0.066667,19
29.600000,51.59733,-0.92007,0.365219,20
29.600000,52.61286,-0.53176,0.435461,21
29.600000,53.58394,-0.07997,0.505813,22
29.600000,54.50668,0.43112,0.333333,23
29.600000,55.46721,0.76370,0.400000,24
29.600000,56.40345,1.15954,0.466667,25
29.600000,57.31124,1.61687,0.533333,26
29.600000,58.18655,2.13365,0.600000,27
29.600000,59.02548,2.70760,0.666667,28
29.600000,59.82432,3.33616,0.733333,29
29.600000,60.57951,4.01654,0.733333,30
29.700000,31.80973,-3.89835,0.646531,0
29.700000,33.00000,-3.00000,0.643501,1
29.700000,34.00000,-2.25000,0.643501,2
29.700000,35.00000,-1.50000,0.463648,3
29.700000,36.00000,-1.00000,0.244979,4
29.700000,37.00000,-0.75000,0.244979,5
29.700000,38.00000,-0.50000,0.000000,6
29.700000,39.00000,-0.50000,0.000000,7
29.700000,40.00000,-0.50000,0.000000,8
29.700000,41.00000,-0.50000,0.000000,9
29.700000,42.00000,-0.50000,0.000000,10
29.700000,43.00000,-0.50000,0.000000,11
29.700000,44.00000,-0.50000,0.000000,12
29.700000,45.00000,-0.50000,0.000000,13
29.700000,46.00000,-0.50000,0.000000,14
29.700000,47.00000,-0.50000,0.000000,15
29.700000,48.00000,-0.50000,-0.244979,16
29.700000,49.00000,-0.75000,-0.244979,17
29.700000,50.00000,-1.00000,0.033333,18
29.700000,51.06588,-0.96446,0.100000,19
29.700000,52.12702,-0.85799,0.398552,20
29.700000,53.12904,-0.43605,0.468794,21
29.700000,54.08452,0.04785,0.539146,22
29.700000,54.98972,0.58941,0.366667,23
29.700000,55.93863,0.95382,0.433333,24
29.700000,56.86116,1.38064,0.500000,25
29.700000,57.75320,1.86796,0.566667,26
29.700000,58.61080,2.41363,0.633333,27
29.700000,59.43014,3.01522,0.700000,28
29.700000,60.20759,3.67005,0.766667,29
29.700000,60.93968,4.37522,0.766667,30
29.900000,32.09018,-3.84642,0.749315,0
29.900000,33.00000,-3.00000,0.643501,1
29.900000,34.00000,-2.25000,0.643501,2
29.900000,35.00000,-1.50000,0.463648,3
29.900000,36.00000,-1.00000,0.244979,4
29.900000,37.00000,-0.75000,0.244979,5
29.900000,38.00000,-0.50000,0.000000,6
29.900000,39.00000,-0.50000,0.000000,7
29.900000,40.00000,-0.50000,0.000000,8
29.900000,41.00000,-0.50000,0.000000,9
29.900000,42.00000,-0.50000,0.000000,10
29.900000,43.00000,-0.50000,0.000000,11
29.900000,44.00000,-0.50000,0.000000,12
29.900000,45.00000,-0.50000,0.000000,13
29.900000,46.00000,-0.50000,0.000000,14
29.900000,47.00000,-0.50000,0.000000,15
29.900000,48.00000,-0.50000,-0.244979,16
29.900000,49.00000,-0.75000,0.000000,17
29.900000,50.00000,-0.75000,-0.198552,18
29.900000,51.06588,-0.96446,0.100000,19
29.900000,52.12702,-0.85799,0.398552,20
29.900000,53.12904,-0.43605,0.468794,21
29.900000,54.08452,0.04785,0.539146,22
29.900000,54.98972,0.58941,0.366667,23
29.900000,55.93863,0.95382,0.433333,24
29.900000,56.86116,1.38064,0.500000,25
29.900000,57.75320,1.86796,0.566667,26
29.900000,58.61080,2.41363,0.633333,27
29.900000,59.43014,3.01522,0.700000,28
29.900000,60.20759,3.67005,0.766667,29
29.900000,60.93968,4.37522,0.766667,30
30.000000,32.19593,-3.86211,0.820217,0
30.000000,33.00000,-3.00000,0.643501,1
30.000000,34.00000,-2.25000,0.643501,2
30.000000,35.00000,-1.50000,0.463648,3
30.000000,36.00000,-1.00000,0.244979,4
30.000000,37.00000,-0.75000,0.244979,5
30.000000,38.00000,-0.50000,0.000000,6
30.000000,39.00000,-0.50000,0.000000,7
30.000000,40.00000,-0.50000,0.000000,8
30.000000,41.00000,-0.50000,0.000000,9
30.000000,42.00000,-0.50000,0.000000,10
30.000000,43.00000,-0.50000,0.000000,11
30.000000,44.00000,-0.50000,0.000000,12
30.000000,45.00000,-0.50000,0.000000,13
30.000000,46.00000,-0.50000,0.000000,14
30.000000,47.00000,-0.50000,0.000000,15
30.000000,48.00000,-0.50000,-0.244979,16
30.000000,49.00000,-0.75000,0.000000,17
30.000000,50.00000,-0.75000,-0.198552,18
30.000000,51.06588,-0.96446,0.100000,19
30.000000,52.12702,-0.85799,0.398552,20
30.000000,53.12904,-0.43605,0.468794,21
30.000000,54.08452,0.04785,0.539146,22
30.000000,54.98972,0.58941,0.366667,23
30.000000,55.93863,0.95382,0.433333,24
30.000000,56.86116,1.38064,0.500000,25
30.000000,57.75320,1.86796,0.566667,26
30.000000,58.61080,2.41363,0.633333,27
30.000000,59.43014,3.01522,0.700000,28
30.000000,60.20759,3.67005,0.766667,29
30.000000,60.93968,4.37522,0.766667,30
30.100000,32.34834,-3.82928,0.624075,0
30.100000,33.50000,-3.00000,0.643501,1
30.100000,34.50000,-2.25000,0.643501,2
30.100000,35.50000,-1.50000,0.463648,3
30.100000,36.50000,-1.00000,0.244979,4
30.100000,37.50000,-0.75000,0.244979,5
30.100000,38.50000,-0.50000,0.000000,6
30.100000,39.50000,-0.50000,0.000000,7
30.100000,40.50000,-0.50000,0.000000,8
30.100000,41.50000,-0.50000,0.000000,9
30.100000,42.50000,-0.50000,0.000000,10
30.100000,43.50000,-0.50000,0.000000,11
30.100000,44.50000,-0.50000,0.000000,12
30.100000,45.50000,-0.50000,0.000000,13
30.100000,46.50000,-0.50000,0.000000,14
30.100000,47.50000,-0.50000,-0.244979,15
30.100000,48.50000,-0.75000,0.000000,16
30.100000,49.50000,-0.75000,-0.229254,17
30.100000,50.53323,-0.99111,0.066667,18
30.100000,51.59733,-0.92007,0.365219,19
30.100000,52.61286,-0.53176,0.435461,20
30.100000,53.58394,-0.07997,0.505813,21
30.100000,54.50668,0.43112,0.333333,22
30.100000,55.46721,0.76370,0.400000,23
30.100000,56.40345,1.15954,0.466667,24
30.100000,57.31124,1.61687,0.533333,25
30.100000,58.18655,2.13365,0.600000,26
30.100000,59.02548,2.70760,0.666667,27
30.100000,59.82432,3.33616,0.733333,28
30.100000,60.57951,4.01654,0.800000,29
30.100000,61.28770,4.74571,0.800000,30
30.200000,32.43831,-3.78371,0.635892,0
30.200000,33.50000,-3.00000,0.643501,1
30.200000,34.50000,-2.25000,0.643501,2
30.200000,35.50000,-1.50000,0.463648,3
30.200000,36.50000,-1.00000,0.244979,4
30.200000,37.50000,-0.75000,0.244979,5
30.200000,38.50000,-0.50000,0.000000,6
30.200000,39.50000,-0.50000,0.000000,7
30.200000,40.50000,-0.50000,0.000000,8
30.200000,41.50000,-0.50000,0.000000,9
30.200000,42.50000,-0.50000,0.000000,10
30.200000,43.50000,-0.50000,0.000000,11
30.200000,44.50000,-0.50000,0.000000,12
30.200000,45.50000,-0.50000,0.000000,13
30.200000,46.50000,-0.50000,0.000000,14
30.200000,47.50000,-0.50000,0.000000,15
30.200000,48.50000,-0.50000,-0.244979,16
30.200000,49.50000,-0.75000,-0.229254,17
30.200000,50.53323,-0.99111,0.066667,18
30.200000,51.59733,-0.92007,0.365219,19
30.200000,52.61286,-0.53176,0.435461,20
30.200000,53.58394,-0.07997,0.505813,21
30.200000,54.50668,0.43112,0.333333,22
30.200000,55.46721,0.76370,0.400000,23
30.200000,56.40345,1.15954,0.466667,24
30.200000,57.31124,1.61687,0.533333,25
30.200000,58.18655,2.13365,0.600000,26
30.200000,59.02548,2.70760,0.666667,27
30.200000,59.82432,3.33616,0.733333,28
30.200000,60.57951,4.01654,0.800000,29
30.200000,61.28770,4.74571,0.800000,30
30.300000,32.51710,-3.72609,0.636241,0
30.300000,33.50000,-3.00000,0.643501,1
30.300000,34.50000,-2.25000,0.643501,2
30.300000,35.50000,-1.50000,0.463648,3
30.300000,36.50000,-1.00000,0.244979,4
30.300000,37.50000,-0.75000,0.244979,5
30.300000,38.50000,-0.50000,0.000000,6
30.300000,39.50000,-0.50000,0.000000,7
30.300000,40.50000,-0.50000,0.000000,8
30.300000,41.50000,-0.50000,0.000000,9
30.300000,42.50000,-0.50000,0.000000,10
30.300000,43.50000,-0.50000,0.000000,11
30.300000,44.50000,-0.50000,0.000000,12
30.300000,45.50000,-0.50000,0.000000,13
30.300000,46.50000,-0.50000,0.000000,14
30.300000,47.50000,-0.50000,0.000000,15
30.300000,48.50000,-0.50000,-0.244979,16
30.300000,49.50000,-0.75000,-0.229254,17
30.300000,50.53323,-0.99111,0.066667,18
30.300000,51.59733,-0.92007,0.365219,19
30.300000,52.61286,-0.53176,0.435461,20
30.300000,53.58394,-0.07997,0.505813,21
30.300000,54.50668,0.43112,0.333333,22
30.300000,55.46721,0.76370,0.400000,23
30.300000,56.40345,1.15954,0.466667,24
30.300000,57.31124,1.61687,0.533333,25
30.300000,58.18655,2.13365,0.600000,26
30.300000,59.02548,2.70760,0.666667,27
30.300000,59.82432,3.33616,0.733333,28
30.300000,60.57951,4.01654,0.800000,29
30.300000,61.28770,4.74571,0.800000,30
30.400000,32.63903,-3.72611,0.700626,0
30.400000,33.50000,-3.00000,0.643501,1
30.400000,34.50000,-2.25000,0.643501,2
30.400000,35.50000,-1.50000,0.463648,3
30.400000,36.50000,-1.00000,0.244979,4
30.400000,37.50000,-0.75000,0.244979,5
30.400000,38.50000,-0.50000,0.000000,6
30.400000,39.50000,-0.50000,0.000000,7
30.400000,40.50000,-0.50000,0.000000,8
30.400000,41.50000,-0.50000,0.000000,9
30.400000,42.50000,-0.50000,0.000000,10
30.400000,43.50000,-0.50000,0.000000,11
30.400000,44.50000,-0.50000,0.000000,12
30.400000,45.50000,-0.50000,0.000000,13
30.400000,46.50000,-0.50000,0.000000,14
30.400000,47.50000,-0.50000,0.000000,15
30.400000,48.50000,-0.50000,-0.244979,16
30.400000,49.50000,-0.75000,-0.229254,17
30.400000,50.53323,-0.99111,0.066667,18
30.400000,51.59733,-0.92007,0.365219,19
30.400000,52.61286,-0.53176,0.435461,20
30.400000,53.58394,-0.07997,0.505813,21
30.400000,54.50668,0.43112,0.333333,22
30.400000,55.46721,0.76370,0.400000,23
30.400000,56.40345,1.15954,0.466667,24
30.400000,57.31124,1.61687,0.533333,25
30.400000,58.18655,2.13365,0.600000,26
30.400000,59.02548,2.70760,0.666667,27
30.400000,59.82432,3.33616,0.733333,28
30.400000,60.57951,4.01654,0.800000,29
30.400000,61.28770,4.74571,0.800000,30
30.500000,32.71363,-3.68158,0.714132,0
30.500000,33.50000,-3.00000,0.643501,1
30.500000,34.50000,-2.25000,0.643501,2
30.500000,35.50000,-1.50000,0.463648,3
30.500000,36.50000,-1.00000,0.244979,4
30.500000,37.50000,-0.75000,0.244979,5
30.500000,38.50000,-0.50000,0.000000,6
30.500000,39.50000,-0.50000,0.000000,7
30.500000,40.50000,-0.50000,0.000000,8
30.500000,41.50000,-0.50000,0.000000,9
30.500000,42.50000,-0.50000,0.000000,10
30.500000,43.50000,-0.50000,0.000000,11
30.500000,44.50000,-0.50000,0.000000,12
30.500000,45.50000,-0.50000,0.000000,13
30.500000,46.50000,-0.50000,0.000000,14
30.500000,47.50000,-0.50000,0.000000,15
30.500000,48.50000,-0.50000,-0.244979,16
30.500000,49.50000,-0.75000,-0.229254,17
30.500000,50.53323,-0.99111,0.066667,18
30.500000,51.59733,-0.92007,0.365219,19
30.500000,52.61286,-0.53176,0.435461,20
30.500000,53.58394,-0.07997,0.505813,21
30.500000,54.50668,0.43112,0.333333,22
30.500000,55.46721,0.76370,0.400000,23
30.500000,56.40345,1.15954,0.466667,24
30.500000,57.31124,1.61687,0.533333,25
30.500000,58.18655,2.13365,0.600000,26
30.500000,59.02548,2.70760,0.666667,27
30.500000,59.82432,3.33616,0.733333,28
30.500000,60.57951,4.01654,0.800000,29
30.500000,61.28770,4.74571,0.800000,30
30.600000,32.76073,-3.63397,0.619595,0
30.600000,34.00000,-2.75000,0.643501,1
30.600000,35.00000,-2.00000,0.463648,2
30.600000,36.00000,-1.50000,0.463648,3
30.600000,37.00000,-1.00000,0.244979,4
30.600000,38.00000,-0.75000,0.244979,5
30.600000,39.00000,-0.50000,0.000000,6
30.600000,40.00000,-0.50000,0.000000,7
30.600000,41.00000,-0.50000,0.000000,8
30.600000,42.00000,-0.50000,0.000000,9
30.600000,43.00000,-0.50000,0.000000,10
30.600000,44.00000,-0.50000,0.000000,11
30.600000,45.00000,-0.50000,0.000000,12
30.600000,46.00000,-0.50000,0.000000,13
30.600000,47.00000,-0.50000,0.000000,14
30.600000,48.00000,-0.50000,-0.244979,15
30.600000,49.00000,-0.75000,-0.244979,16
30.600000,50.00000,-1.00000,0.033333,17
30.600000,51.06588,-0.96446,0.100000,18
30.600000,52.12702,-0.85799,0.398552,19
30.600000,53.12904,-0.43605,0.468794,20
30.600000,54.08452,0.04785,0.539146,21
30.600000,54.98972,0.58941,0.366667,22
30.600000,55.93863,0.95382,0.433333,23
30.600000,56.86116,1.38064,0.500000,24
30.600000,57.75320,1.86796,0.566667,25
30.600000,58.61080,2.41363,0.633333,26
30.600000,59.43014,3.01522,0.700000,27
30.600000,60.20759,3.67005,0.766667,28
30.600000,60.93968,4.37522,0.833333,29
30.600000,61.62317,5.12760,0.833333,30
30.700000,32.85111,-3.62832,0.652715,0
30.700000,34.00000,-2.75000,0.643501,1
30.700000,35.00000,-2.00000,0.463648,2
30.700000,36.00000,-1.50000,0.463648,3
30.700000,37.00000,-1.00000,0.244979,4
30.700000,38.00000,-0.75000,0.244979,5
30.700000,39.00000,-0.50000,0.000000,6
30.700000,40.00000,-0.50000,0.000000,7
30.700000,41.00000,-0.50000,0.000000,8
30.700000,42.00000,-0.50000,0.000000,9
30.700000,43.00000,-0.50000,0.000000,10
30.700000,44.00000,-0.50000,0.000000,11
30.700000,45.00000,-0.50000,0.000000,12
30.700000,46.00000,-0.50000,0.000000,13
30.700000,47.00000,-0.50000,0.000000,14
30.700000,48.00000,-0.50000,-0.244979,15
30.700000,49.00000,-0.75000,-0.244979,16
30.700000,50.00000,-1.00000,0.033333,17
30.700000,51.06588,-0.96446,0.100000,18
30.700000,52.12702,-0.85799,0.398552,19
30.700000,53.12904,-0.43605,0.468794,20
30.700000,54.08452,0.04785,0.539146,21
30.700000,54.98972,0.58941,0.366667,22
30.700000,55.93863,0.95382,0.433333,23
30.700000,56.86116,1.38064,0.500000,24
30.700000,57.75320,1.86796,0.566667,25
30.700000,58.61080,2.41363,0.633333,26
30.700000,59.43014,3.01522,0.700000,27
30.700000,60.20759,3.67005,0.766667,28
30.700000,60.93968,4.37522,0.833333,29
30.700000,61.62317,5.12760,0.833333,30
30.800000,32.87245,-3.59500,0.643127,0
30.800000,34.00000,-2.75000,0.643501,1
30.800000,35.00000,-2.00000,0.463648,2
30.800000,36.00000,-1.50000,0.463648,3
30.800000,37.00000,-1.00000,0.244979,4
30.800000,38.00000,-0.75000,0.244979,5
30.800000,39.00000,-0.50000,0.000000,6
30.800000,40.00000,-0.50000,0.000000,7
30.800000,41.00000,-0.50000,0.000000,8
30.800000,42.00000,-0.50000,0.000000,9
30.800000,43.00000,-0.50000,0.000000,10
30.800000,44.00000,-0.50000,0.000000,11
30.800000,45.00000,-0.50000,0.000000,12
30.800000,46.00000,-0.50000,0.000000,13
30.800000,47.00000,-0.50000,0.000000,14
30.800000,48.00000,-0.50000,-0.244979,15
30.800000,49.00000,-0.75000,-0.244979,16
30.800000,50.00000,-1.00000,0.033333,17
30.800000,51.06588,-0.96446,0.100000,18
30.800000,52.12702,-0.85799,0.398552,19
30.800000,53.12904,-0.43605,0.468794,20
30.800000,54.08452,0.04785,0.539146,21
30.800000,54.98972,0.58941,0.366667,22
30.800000,55.93863,0.95382,0.433333,23
30.800000,56.86116,1.38064,0.500000,24
30.800000,57.75320,1.86796,0.566667,25
30.800000,58.61080,2.41363,0.633333,26
30.800000,59.43014,3.01522,0.700000,27
30.800000,60.20759,3.67005,0.766667,28
30.800000,60.93968,4.37522,0.833333,29
30.800000,61.62317,5.12760,0.833333,30
30.900000,32.93987,-3.57817,0.663169,0
30.900000,34.00000,-2.75000,0.643501,1
30.900000,35.00000,-2.00000,0.463648,2
30.900000,36.00000,-1.50000,0.463648,3
30.900000,37.00000,-1.00000,0.244979,4
30.900000,38.00000,-0.75000,0.244979,5
30.900000,39.00000,-0.50000,0.000000,6
30.900000,40.00000,-0.50000,0.000000,7
30.900000,41.00000,-0.50000,0.000000,8
30.900000,42.00000,-0.50000,0.000000,9
30.900000,43.00000,-0.50000,0.000000,10
30.900000,44.00000,-0.50000,0.000000,11
30.900000,45.00000,-0.50000,0.000000,12
30.900000,46.00000,-0.50000,0.000000,13
30.900000,47.00000,-0.50000,0.000000,14
30.900000,48.00000,-0.50000,-0.244979,15
30.900000,49.00000,-0.75000,-0.244979,16
30.900000,50.00000,-1.00000,0.033333,17
30.900000,51.06588,-0.96446,0.100000,18
30.900000,52.12702,-0.85799,0.398552,19
30.900000,53.12904,-0.43605,0.468794,20
30.900000,54.08452,0.04785,0.539146,21
30.900000,54.98972,0.58941,0.366667,22
30.900000,55.93863,0.95382,0.433333,23
30.900000,56.86116,1.38064,0.500000,24
30.900000,57.75320,1.86796,0.566667,25
30.900000,58.61080,2.41363,0.633333,26
30.900000,59.43014,3.01522,0.700000,27
30.900000,60.20759,3.67005,0.766667,28
30.900000,60.93968,4.37522,0.833333,29
30.900000,61.62317,5.12760,0.833333,30
31.000000,33.00047,-3.53980,0.668718,0
31.000000,34.00000,-2.75000,0.643501,1
31.000000,35.00000,-2.00000,0.463648,2
31.000000,36.00000,-1.50000,0.463648,3
31.000000,37.00000,-1.00000,0.244979,4
31.000000,38.00000,-0.75000,0.244979,5
31.000000,39.00000,-0.50000,0.000000,6
31.000000,40.00000,-0.50000,0.000000,7
31.000000,41.00000,-0.50000,0.000000,8
31.000000,42.00000,-0.50000,0.000000,9
31.000000,43.00000,-0.50000,0.000000,10
31.000000,44.00000,-0.50000,0.000000,11
31.000000,45.00000,-0.50000,0.000000,12
31.000000,46.00000,-0.50000,0.000000,13
31.000000,47.00000,-0.50000,0.000000,14
31.000000,48.00000,-0.50000,-0.244979,15
31.000000,49.00000,-0.75000,-0.244979,16
31.000000,50.00000,-1.00000,0.033333,17
31.000000,51.06588,-0.96446,0.100000,18
31.000000,52.12702,-0.85799,0.398552,19
31.000000,53.12904,-0.43605,0.468794,20
31.000000,54.08452,0.04785,0.539146,21
31.000000,54.98972,0.58941,0.366667,22
31.000000,55.93863,0.95382,0.433333,23
31.000000,56.86116,1.38064,0.500000,24
31.000000,57.75320,1.86796,0.566667,25
31.000000,58.61080,2.41363,0.633333,26
31.000000,59.43014,3.01522,0.700000,27
31.000000,60.20759,3.67005,0.766667,28
31.000000,60.93968,4.37522,0.833333,29
31.000000,61.62317,5.12760,0.833333,30
31.100000,33.02908,-3.48482,0.647857,0
31.100000,34.00000,-2.75000,0.643501,1
31.100000,35.00000,-2.00000,0.463648,2
31.100000,36.00000,-1.50000,0.463648,3
31.100000,37.00000,-1.00000,0.244979,4
31.100000,38.00000,-0.75000,0.244979,5
31.100000,39.00000,-0.50000,0.000000,6
31.100000,40.00000,-0.50000,0.000000,7
31.100000,41.00000,-0.50000,0.000000,8
31.100000,42.00000,-0.50000,0.000000,9
31.100000,43.00000,-0.50000,0.000000,10
31.100000,44.00000,-0.50000,0.000000,11
31.100000,45.00000,-0.50000,0.000000,12
31.100000,46.00000,-0.50000,0.000000,13
31.100000,47.00000,-0.50000,0.000000,14
31.100000,48.00000,-0.50000,-0.244979,15
31.100000,49.00000,-0.75000,-0.244979,16
31.100000,50.00000,-1.00000,0.033333,17
31.100000,51.06588,-0.96446,0.100000,18
31.100000,52.12702,-0.85799,0.398552,19
31.100000,53.12904,-0.43605,0.468794,20
31.100000,54.08452,0.04785,0.539146,21
31.100000,54.98972,0.58941,0.366667,22
31.100000,55.93863,0.95382,0.433333,23
31.100000,56.86116,1.38064,0.500000,24
31.100000,57.75320,1.86796,0.566667,25
31.100000,58.61080,2.41363,0.633333,26
31.100000,59.43014,3.01522,0.700000,27
31.100000,60.20759,3.67005,0.766667,28
31.100000,60.93968,4.37522,0.833333,29
31.100000,61.62317,5.12760,0.833333,30
31.200000,33.08631,-3.46556,0.664382,0
31.200000,34.00000,-2.75000,0.643501,1
31.200000,35.00000,-2.00000,0.463648,2
31.200000,36.00000,-1.50000,0.463648,3
31.200000,37.00000,-1.00000,0.244979,4
31.200000,38.00000,-0.75000,0.244979,5
31.200000,39.00000,-0.50000,0.000000,6
31.200000,40.00000,-0.50000,0.000000,7
31.200000,41.00000,-0.50000,0.000000,8
31.200000,42.00000,-0.50000,0.000000,9
31.200000,43.00000,-0.50000,0.000000,10
31.200000,44.00000,-0.50000,0.000000,11
31.200000,45.00000,-0.50000,0.000000,12
31.200000,46.00000,-0.50000,0.000000,13
31.200000,47.00000,-0.50000,0.000000,14
31.200000,48.00000,-0.50000,-0.244979,15
31.200000,49.00000,-0.75000,-0.244979,16
31.200000,50.00000,-1.00000,0.033333,17
31.200000,51.06588,-0.96446,0.100000,18
31.200000,52.12702,-0.85799,0.398552,19
31.200000,53.12904,-0.43605,0.468794,20
31.200000,54.08452,0.04785,0.539146,21
31.200000,54.98972,0.58941,0.366667,22
31.200000,55.93863,0.95382,0.433333,23
31.200000,56.86116,1.38064,0.500000,24
31.200000,57.75320,1.86796,0.566667,25
31.200000,58.61080,2.41363,0.633333,26
31.200000,59.43014,3.01522,0.700000,27
31.200000,60.20759,3.67005,0.766667,28
31.200000,60.93968,4.37522,0.833333,29
31.200000,61.62317,5.12760,0.833333,30
31.300000,33.14623,-3.43784,0.678177,0
31.300000,34.00000,-2.75000,0.643501,1
31.300000,35.00000,-2.00000,0.463648,2
31.300000,36.00000,-1.50000,0.463648,3
31.300000,37.00000,-1.00000,0.244979,4
31.300000,38.00000,-0.75000,0.244979,5
31.300000,39.00000,-0.50000,0.000000,6
31.300000,40.00000,-0.50000,0.000000,7
31.300000,41.00000,-0.50000,0.000000,8
31.300000,42.00000,-0.50000,0.000000,9
31.300000,43.00000,-0.50000,0.000000,10
31.300000,44.00000,-0.50000,0.000000,11
31.300000,45.00000,-0.50000,0.000000,12
31.300000,46.00000,-0.50000,0.000000,13
31.300000,47.00000,-0.50000,0.000000,14
31.300000,48.00000,-0.50000,-0.244979,15
31.300000,49.00000,-0.75000,0.000000,16
31.300000,50.00000,-0.75000,-0.198552,17
31.300000,51.06588,-0.96446,0.100000,18
31.300000,52.12702,-0.85799,0.398552,19
31.300000,53.12904,-0.43605,0.468794,20
31.300000,54.08452,0.04785,0.539146,21
31.300000,54.98972,0.58941,0.366667,22
31.300000,55.93863,0.95382,0.433333,23
31.300000,56.86116,1.38064,0.500000,24
31.300000,57.75320,1.86796,0.566667,25
31.300000,58.61080,2.41363,0.633333,26
31.300000,59.43014,3.01522,0.700000,27
31.300000,60.20759,3.67005,0.766667,28
31.300000,60.93968,4.37522,0.833333,29
31.300000,61.62317,5.12760,0.833333,30
31.400000,33.17046,-3.38068,0.815294,0
31.400000,34.00000,-2.50000,0.643501,1
31.400000,35.00000,-1.75000,0.463648,2
31.400000,36.00000,-1.25000,0.244979,3
31.400000,37.00000,-1.00000,0.244979,4
31.400000,38.00000,-0.75000,0.244979,5
31.400000,39.00000,-0.50000,0.000000,6
31.400000,40.00000,-0.50000,0.000000,7
31.400000,41.00000,-0.50000,0.000000,8
31.400000,42.00000,-0.50000,0.000000,9
31.400000,43.00000,-0.50000,0.000000,10
31.400000,44.00000,-0.50000,0.000000,11
31.400000,45.00000,-0.50000,0.000000,12
31.400000,46.00000,-0.50000,0.000000,13
31.400000,47.00000,-0.50000,0.000000,14
31.400000,48.00000,-0.50000,-0.244979,15
31.400000,49.00000,-0.75000,-0.244979,16
31.400000,50.00000,-1.00000,0.033333,17
31.400000,51.06588,-0.96446,0.100000,18
31.400000,52.12702,-0.85799,0.398552,19
31.400000,53.12904,-0.43605,0.468794,20
31.400000,54.08452,0.04785,0.539146,21
31.400000,54.98972,0.58941,0.366667,22
31.400000,55.93863,0.95382,0.433333,23
31.400000,56.86116,1.38064,0.500000,24
31.400000,57.75320,1.86796,0.566667,25
31.400000,58.61080,2.41363,0.633333,26
31.400000,59.43014,3.01522,0.700000,27
31.400000,60.20759,3.67005,0.766667,28
31.400000,60.93968,4.37522,0.833333,29
31.400000,61.62317,5.12760,0.833333,30
31.500000,33.25684,-3.32979,0.588570,0
31.500000,34.50000,-2.50000,0.643501,1
31.500000,35.50000,-1.75000,0.463648,2
31.500000,36.50000,-1.25000,0.244979,3
31.500000,37.50000,-1.00000,0.244979,4
31.500000,38.50000,-0.75000,0.244979,5
31.500000,39.50000,-0.50000,0.000000,6
31.500000,40.50000,-0.50000,0.000000,7
31.500000,41.50000,-0.50000,0.000000,8
31.500000,42.50000,-0.50000,0.000000,9
31.500000,43.50000,-0.50000,0.000000,10
31.500000,44.50000,-0.50000,0.000000,11
31.500000,45.50000,-0.50000,0.000000,12
31.500000,46.50000,-0.50000,0.000000,13
31.500000,47.50000,-0.50000,0.000000,14
31.500000,48.50000,-0.50000,-0.244979,15
31.500000,49.50000,-0.75000,-0.229254,16
31.500000,50.53323,-0.99111,0.066667,17
31.500000,51.59733,-0.92007,0.365219,18
31.500000,52.61286,-0.53176,0.435461,19
31.500000,53.58394,-0.07997,0.505813,20
31.500000,54.50668,0.43112,0.333333,21
31.500000,55.46721,0.76370,0.400000,22
31.500000,56.40345,1.15954,0.466667,23
31.500000,57.31124,1.61687,0.533333,24
31.500000,58.18655,2.13365,0.600000,25
31.500000,59.02548,2.70760,0.666667,26
31.500000,59.82432,3.33616,0.733333,27
31.500000,60.57951,4.01654,0.800000,28
31.500000,61.28770,4.74571,0.866667,29
31.500000,61.94574,5.52045,0.866667,30
31.600000,33.29313,-3.31528,0.594113,0
31.600000,34.50000,-2.50000,0.643501,1
31.600000,35.50000,-1.75000,0.463648,2
31.600000,36.50000,-1.25000,0.244979,3
31.600000,37.50000,-1.00000,0.244979,4
31.600000,38.50000,-0.75000,0.244979,5
31.600000,39.50000,-0.50000,0.000000,6
31.600000,40.50000,-0.50000,0.000000,7
31.600000,41.50000,-0.50000,0.000000,8
31.600000,42.50000,-0.50000,0.000000,9
31.600000,43.50000,-0.50000,0.000000,10
31.600000,44.50000,-0.50000,0.000000,11
31.600000,45.50000,-0.50000,0.000000,12
31.600000,46.50000,-0.50000,0.000000,13
31.600000,47.50000,-0.50000,0.000000,14
31.600000,48.50000,-0.50000,-0.244979,15
31.600000,49.50000,-0.75000,-0.229254,16
31.600000,50.53323,-0.99111,0.066667,17
31.600000,51.59733,-0.92007,0.365219,18
31.600000,52.61286,-0.53176,0.435461,19
31.600000,53.58394,-0.07997,0.505813,20
31.600000,54.50668,0.43112,0.333333,21
31.600000,55.46721,0.76370,0.400000,22
31.600000,56.40345,1.15954,0.466667,23
31.600000,57.31124,1.61687,0.533333,24
31.600000,58.18655,2.13365,0.600000,25
31.600000,59.02548,2.70760,0.666667,26
31.600000,59.82432,3.33616,0.733333,27
31.600000,60.57951,4.01654,0.800000,28
31.600000,61.28770,4.74571,0.866667,29
31.600000,61.94574,5.52045,0.866667,30
31.700000,33.33318,-3.26867,0.582518,0
31.700000,34.50000,-2.50000,0.643501,1
31.700000,35.50000,-1.75000,0.463648,2
31.700000,36.50000,-1.25000,0.244979,3
31.700000,37.50000,-1.00000,0.244979,4
31.700000,38.50000,-0.75000,0.244979,5
31.700000,39.50000,-0.50000,0.000000,6
31.700000,40.50000,-0.50000,0.000000,7
31.700000,41.50000,-0.50000,0.000000,8
31.700000,42.50000,-0.50000,0.000000,9
31.700000,43.50000,-0.50000,0.000000,10
31.700000,44.50000,-0.50000,0.000000,11
31.700000,45.50000,-0.50000,0.000000,12
31.700000,46.50000,-0.50000,0.000000,13
31.700000,47.50000,-0.50000,0.000000,14
31.700000,48.50000,-0.50000,-0.244979,15
31.700000,49.50000,-0.75000,-0.229254,16
31.700000,50.53323,-0.99111,0.066667,17
31.700000,51.59733,-0.92007,0.365219,18
31.700000,52.61286,-0.53176,0.435461,19
31.700000,53.58394,-0.07997,0.505813,20
31.700000,54.50668,0.43112,0.333333,21
31.700000,55.46721,0.76370,0.400000,22
31.700000,56.40345,1.15954,0.466667,23
31.700000,57.31124,1.61687,0.533333,24
31.700000,58.18655,2.13365,0.600000,25
31.700000,59.02548,2.70760,0.666667,26
31.700000,59.82432,3.33616,0.733333,27
31.700000,60.57951,4.01654,0.800000,28
31.700000,61.28770,4.74571,0.866667,29
31.700000,61.94574,5.52045,0.866667,30
31.800000,33.40972,-3.17939,0.557260,0
31.800000,34.50000,-2.50000,0.643501,1
31.800000,35.50000,-1.75000,0.463648,2
31.800000,36.50000,-1.25000,0.244979,3
31.800000,37.50000,-1.00000,0.244979,4
31.800000,38.50000,-0.75000,0.244979,5
31.800000,39.50000,-0.50000,0.000000,6
31.800000,40.50000,-0.50000,0.000000,7
31.800000,41.50000,-0.50000,0.000000,8
31.800000,42.50000,-0.50000,0.000000,9
31.800000,43.50000,-0.50000,0.000000,10
31.800000,44.50000,-0.50000,0.000000,11
31.800000,45.50000,-0.50000,0.000000,12
31.800000,46.50000,-0.50000,0.000000,13
31.800000,47.50000,-0.50000,0.000000,14
31.800000,48.50000,-0.50000,-0.244979,15
31.800000,49.50000,-0.75000,-0.229254,16
31.800000,50.53323,-0.99111,0.066667,17
31.800000,51.59733,-0.92007,0.365219,18
31.800000,52.61286,-0.53176,0.435461,19
31.800000,53.58394,-0.07997,0.505813,20
31.800000,54.50668,0.43112,0.333333,21
31.800000,55.46721,0.76370,0.400000,22
31.800000,56.40345,1.15954,0.466667,23
31.800000,57.31124,1.61687,0.533333,24
31.800000,58.18655,2.13365,0.600000,25
31.800000,59.02548,2.70760,0.666667,26
31.800000,59.82432,3.33616,0.733333,27
31.800000,60.57951,4.01654,0.800000,28
31.800000,61.28770,4.74571,0.866667,29
31.800000,61.94574,5.52045,0.866667,30
31.902000,33.50079,-3.15151,0.577797,0
31.902000,34.50000,-2.50000,0.643501,1
31.902000,35.50000,-1.75000,0.463648,2
31.902000,36.50000,-1.25000,0.244979,3
31.902000,37.50000,-1.00000,0.244979,4
31.902000,38.50000,-0.75000,0.244979,5
31.902000,39.50000,-0.50000,0.000000,6
31.902000,40.50000,-0.50000,0.000000,7
31.902000,41.50000,-0.50000,0.000000,8
31.902000,42.50000,-0.50000,0.000000,9
31.902000,43.50000,-0.50000,0.000000,10
31.902000,44.50000,-0.50000,0.000000,11
31.902000,45.50000,-0.50000,0.000000,12
31.902000,46.50000,-0.50000,0.000000,13
31.902000,47.50000,-0.50000,0.000000,14
31.902000,48.50000,-0.50000,-0.244979,15
31.902000,49.50000,-0.75000,-0.229254,16
31.902000,50.53323,-0.99111,0.066667,17
31.902000,51.59733,-0.92007,0.365219,18
31.902000,52.61286,-0.53176,0.435461,19
31.902000,53.58394,-0.07997,0.505813,20
31.902000,54.50668,0.43112,0.333333,21
31.902000,55.46721,0.76370,0.400000,22
31.902000,56.40345,1.15954,0.466667,23
31.902000,57.31124,1.61687,0.533333,24
31.902000,58.18655,2.13365,0.600000,25
31.902000,59.02548,2.70760,0.666667,26
31.902000,59.82432,3.33616,0.733333,27
31.902000,60.57951,4.01654,0.800000,28
31.902000,61.28770,4.74571,0.866667,29
31.902000,61.94574,5.52045,0.866667,30
32.000000,33.52072,-3.07160,0.698062,0
32.000000,34.50000,-2.25000,0.643501,1
32.000000,35.50000,-1.50000,0.463648,2
32.000000,36.50000,-1.00000,0.244979,3
32.000000,37.50000,-0.75000,0.244979,4
32.000000,38.50000,-0.50000,0.000000,5
32.000000,39.50000,-0.50000,0.000000,6
32.000000,40.50000,-0.50000,0.000000,7
32.000000,41.50000,-0.50000,0.000000,8
32.000000,42.50000,-0.50000,0.000000,9
32.000000,43.50000,-0.50000,0.000000,10
32.000000,44.50000,-0.50000,0.000000,11
32.000000,45.50000,-0.50000,0.000000,12
32.000000,46.50000,-0.50000,0.000000,13
32.000000,47.50000,-0.50000,0.000000,14
32.000000,48.50000,-0.50000,-0.244979,15
32.000000,49.50000,-0.75000,-0.229254,16
32.000000,50.53323,-0.99111,0.066667,17
32.000000,51.59733,-0.92007,0.365219,18
32.000000,52.61286,-0.53176,0.435461,19
32.000000,53.58394,-0.07997,0.505813,20
32.000000,54.50668,0.43112,0.333333,21
32.000000,55.46721,0.76370,0.400000,22
32.000000,56.40345,1.15954,0.466667,23
32.000000,57.31124,1.61687,0.533333,24
32.000000,58.18655,2.13365,0.600000,25
32.000000,59.02548,2.70760,0.666667,26
32.000000,59.82432,3.33616,0.733333,27
32.000000,60.57951,4.01654,0.800000,28
32.000000,61.28770,4.74571,0.866667,29
32.000000,61.94574,5.52045,0.866667,30
32.100000,33.63345,-2.98099,0.700740,0
32.100000,34.50000,-2.25000,0.643501,1
32.100000,35.50000,-1.50000,0.463648,2
32.100000,36.50000,-1.00000,0.244979,3
32.100000,37.50000,-0.75000,0.244979,4
32.100000,38.50000,-0.50000,0.000000,5
32.100000,39.50000,-0.50000,0.000000,6
32.100000,40.50000,-0.50000,0.000000,7
32.100000,41.50000,-0.50000,0.000000,8
32.100000,42.50000,-0.50000,0.000000,9
32.100000,43.50000,-0.50000,0.000000,10
32.100000,44.50000,-0.50000,0.000000,11
32.100000,45.50000,-0.50000,0.000000,12
32.100000,46.50000,-0.50000,0.000000,13
32.100000,47.50000,-0.50000,0.000000,14
32.100000,48.50000,-0.50000,-0.244979,15
32.100000,49.50000,-0.75000,-0.229254,16
32.100000,50.53323,-0.99111,0.066667,17
32.100000,51.59733,-0.92007,0.365219,18
32.100000,52.61286,-0.53176,0.435461,19
32.100000,53.58394,-0.07997,0.505813,20
32.100000,54.50668,0.43112,0.333333,21
32.100000,55.46721,0.76370,0.400000,22
32.100000,56.40345,1.15954,0.466667,23
32.100000,57.31124,1.61687,0.533333,24
32.100000,58.18655,2.13365,0.600000,25
32.100000,59.02548,2.70760,0.666667,26
32.100000,59.82432,3.33616,0.733333,27
32.100000,60.57951,4.01654,0.800000,28
32.100000,61.28770,4.74571,0.866667,29
32.100000,61.94574,5.52045,0.866667,30
32.200000,33.77319,-2.88983,0.627518,0
32.200000,35.00000,-2.00000,0.463648,1
32.200000,36.00000,-1.50000,0.463648,2
32.200000,37.00000,-1.00000,0.244979,3
32.200000,38.00000,-0.75000,0.244979,4
32.200000,39.00000,-0.50000,0.000000,5
32.200000,40.00000,-0.50000,0.000000,6
32.200000,41.00000,-0.50000,0.000000,7
32.200000,42.00000,-0.50000,0.000000,8
32.200000,43.00000,-0.50000,0.000000,9
32.200000,44.00000,-0.50000,0.000000,10
32.200000,45.00000,-0.50000,0.000000,11
32.200000,46.00000,-0.50000,0.000000,12
32.200000,47.00000,-0.50000,0.000000,13
32.200000,48.00000,-0.50000,-0.244979,14
32.200000,49.00000,-0.75000,-0.244979,15
32.200000,50.00000,-1.00000,0.033333,16
32.200000,51.06588,-0.96446,0.100000,17
32.200000,52.12702,-0.85799,0.398552,18
32.200000,53.12904,-0.43605,0.468794,19
32.200000,54.08452,0.04785,0.539146,20
32.200000,54.98972,0.58941,0.366667,21
32.200000,55.93863,0.95382,0.433333,22
32.200000,56.86116,1.38064,0.500000,23
32.200000,57.75320,1.86796,0.566667,24
32.200000,58.61080,2.41363,0.633333,25
32.200000,59.43014,3.01522,0.700000,26
32.200000,60.20759,3.67005,0.766667,27
32.200000,60.93968,4.37522,0.833333,28
32.200000,61.62317,5.12760,0.900000,29
32.200000,62.25503,5.92383,0.900000,30
32.300000,33.84496,-2.78710,0.598165,0
32.300000,35.00000,-2.00000,0.463648,1
32.300000,36.00000,-1.50000,0.463648,2
32.300000,37.00000,-1.00000,0.244979,3
32.300000,38.00000,-0.75000,0.244979,4
32.300000,39.00000,-0.50000,0.000000,5
32.300000,40.00000,-0.50000,0.000000,6
32.300000,41.00000,-0.50000,0.000000,7
32.300000,42.00000,-0.50000,0.000000,8
32.300000,43.00000,-0.50000,0.000000,9
32.300000,44.00000,-0.50000,0.000000,10
32.300000,45.00000,-0.50000,0.000000,11
32.300000,46.00000,-0.50000,0.000000,12
32.300000,47.00000,-0.50000,0.000000,13
32.300000,48.00000,-0.50000,-0.244979,14
32.300000,49.00000,-0.75000,0.000000,15
32.300000,50.00000,-0.75000,0.033333,16
32.300000,51.04922,-0.71501,0.100000,17
32.300000,52.09378,-0.61021,0.402128,18
32.300000,53.07937,-0.19103,0.472480,19
32.300000,54.01864,0.28902,0.542947,20
32.300000,54.90792,0.82565,0.366667,21
32.300000,55.84128,1.18409,0.433333,22
32.300000,56.74868,1.60391,0.500000,23
32.300000,57.62610,2.08324,0.566667,24
32.300000,58.46964,2.61997,0.633333,25
32.300000,59.27555,3.21169,0.700000,26
32.300000,60.04025,3.85579,0.766667,27
32.300000,60.76034,4.54940,0.833333,28
32.300000,61.43263,5.28944,0.900000,29
32.300000,62.05412,6.07262,0.900000,30
32.400000,33.97318,-2.69481,0.594888,0
32.400000,35.00000,-2.00000,0.463648,1
32.400000,36.00000,-1.50000,0.463648,2
32.400000,37.00000,-1.00000,0.244979,3
32.400000,38.00000,-0.75000,0.244979,4
32.400000,39.00000,-0.50000,0.000000,5
32.400000,40.00000,-0.50000,0.000000,6
32.400000,41.00000,-0.50000,0.000000,7
32.400000,42.00000,-0.50000,0.000000,8
32.400000,43.00000,-0.50000,0.000000,9
32.400000,44.00000,-0.50000,0.000000,10
32.400000,45.00000,-0.50000,0.000000,11
32.400000,46.00000,-0.50000,0.000000,12
32.400000,47.00000,-0.50000,0.000000,13
32.400000,48.00000,-0.50000,-0.244979,14
32.400000,49.00000,-0.75000,-0.244979,15
32.400000,50.00000,-1.00000,0.033333,16
32.400000,51.06588,-0.96446,0.100000,17
32.400000,52.12702,-0.85799,0.398552,18
32.400000,53.12904,-0.43605,0.468794,19
32.400000,54.08452,0.04785,0.539146,20
32.400000,54.98972,0.58941,0.609613,21
32.400000,55.84128,1.18409,0.433333,22
32.400000,56.74868,1.60391,0.500000,23
32.400000,57.62610,2.08324,0.813534,24
32.400000,58.32848,2.82630,0.633333,25
32.400000,59.12095,3.40816,0.700000,26
32.400000,59.87291,4.04153,0.766667,27
32.400000,60.58100,4.72358,0.833333,28
32.400000,61.24209,5.45128,0.900000,29
32.400000,61.85322,6.22141,0.900000,30
32.500000,34.10395,-2.57044,0.741378,0
32.500000,35.00000,-1.75000,0.463648,1
32.500000,36.00000,-1.25000,0.244979,2
32.500000,37.00000,-1.00000,0.244979,3
32.500000,38.00000,-0.75000,0.244979,4
32.500000,39.00000,-0.50000,0.000000,5
32.500000,40.00000,-0.50000,0.000000,6
32.500000,41.00000,-0.50000,0.000000,7
32.500000,42.00000,-0.50000,0.000000,8
32.500000,43.00000,-0.50000,0.000000,9
32.500000,44.00000,-0.50000,0.000000,10
32.500000,45.00000,-0.50000,0.000000,11
32.500000,46.00000,-0.50000,0.000000,12
32.500000,47.00000,-0.50000,0.000000,13
32.500000,48.00000,-0.50000,-0.244979,14
32.500000,49.00000,-0.75000,0.000000,15
32.500000,50.00000,-0.75000,-0.198552,16
32.500000,51.06588,-0.96446,0.100000,17
32.500000,52.12702,-0.85799,0.398552,18
32.500000,53.12904,-0.43605,0.468794,19
32.500000,54.08452,0.04785,0.539146,20
32.500000,54.98972,0.58941,0.609613,21
32.500000,55.84128,1.18409,0.680200,22
32.500000,56.63620,1.82717,0.750914,23
32.500000,57.37189,2.51380,0.821759,24
32.500000,58.04616,3.23897,0.633333,25
32.500000,58.81177,3.80111,0.700000,26
32.500000,59.53824,4.41300,0.766667,27
32.500000,60.22232,5.07193,0.833333,28
32.500000,60.86100,5.77497,0.900000,29
32.500000,61.45142,6.51899,0.900000,30
33.500000,35.71382,-1.00670,0.572505,0
33.500000,36.50000,-0.50000,0.000000,1
33.500000,37.50000,-0.50000,0.000000,2
33.500000,38.50000,-0.50000,0.000000,3
33.500000,39.50000,-0.50000,0.000000,4
33.500000,40.50000,-0.50000,0.000000,5
33.500000,41.50000,-0.50000,0.000000,6
33.500000,42.50000,-0.50000,0.000000,7
33.500000,43.50000,-0.50000,0.000000,8
33.500000,44.50000,-0.50000,0.000000,9
33.500000,45.50000,-0.50000,0.000000,10
33.500000,46.50000,-0.50000,0.000000,11
33.500000,47.50000,-0.50000,0.000000,12
33.500000,48.50000,-0.50000,-0.244979,13
33.500000,49.50000,-0.75000,-0.229254,14
33.500000,50.53323,-0.99111,0.066667,15
33.500000,51.59733,-0.92007,0.365219,16
33.500000,52.61286,-0.53176,0.435461,17
33.500000,53.58394,-0.07997,0.505813,18
33.500000,54.50668,0.43112,0.576280,19
33.500000,55.37759,0.99709,0.646867,20
33.500000,56.19350,1.61333,0.717580,21
33.500000,56.95167,2.27505,1.017659,22
33.500000,57.51552,3.18827,1.099191,23
33.500000,57.98977,4.11820,1.181581,24
33.500000,58.37483,5.05705,0.733333,25
33.500000,59.01860,5.63705,0.285086,26
33.500000,59.99239,5.92243,0.598182,27
33.500000,60.77075,6.45286,0.933333,28
33.500000,61.31621,7.18937,1.000000,29
33.500000,61.81139,7.96057,1.000000,30
33.600000,35.82304,-0.93416,0.353400,0
33.600000,37.00000,-0.50000,0.000000,1
33.600000,38.00000,-0.50000,0.000000,2
33.600000,39.00000,-0.50000,0.000000,3
33.600000,40.00000,-0.50000,0.000000,4
33.600000,41.00000,-0.50000,0.000000,5
33.600000,42.00000,-0.50000,0.000000,6
33.600000,43.00000,-0.50000,0.000000,7
33.600000,44.00000,-0.50000,0.000000,8
33.600000,45.00000,-0.50000,0.000000,9
33.600000,46.00000,-0.50000,0.000000,10
33.600000,47.00000,-0.50000,0.000000,11
33.600000,48.00000,-0.50000,-0.244979,12
33.600000,49.00000,-0.75000,-0.244979,13
33.600000,50.00000,-1.00000,0.033333,14
33.600000,51.06588,-0.96446,0.100000,15
33.600000,52.12702,-0.85799,0.398552,16
33.600000,53.12904,-0.43605,0.468794,17
33.600000,54.08452,0.04785,0.539146,18
33.600000,54.98972,0.58941,0.609613,19
33.600000,55.84128,1.18409,0.680200,20
33.600000,56.63620,1.82717,0.750914,21
33.600000,57.37189,2.51380,1.050992,22
33.600000,57.90499,3.44530,0.897204,23
33.600000,58.50258,4.19405,0.700000,24
33.600000,59.20356,4.78447,0.502796,25
33.600000,60.04299,5.24611,0.573925,26
33.600000,60.86100,5.77497,0.900000,27
33.600000,61.45142,6.51899,0.966667,28
33.600000,61.99096,7.30069,1.033333,29
33.600000,62.47723,8.11660,1.033333,30
33.700000,35.99786,-0.82684,0.315267,0
33.700000,37.00000,-0.50000,0.000000,1
33.700000,38.00000,-0.50000,0.000000,2
33.700000,39.00000,-0.50000,0.000000,3
33.700000,40.00000,-0.50000,0.000000,4
33.700000,41.00000,-0.50000,0.000000,5
33.700000,42.00000,-0.50000,0.000000,6
33.700000,43.00000,-0.50000,0.000000,7
33.700000,44.00000,-0.50000,0.000000,8
33.700000,45.00000,-0.50000,0.000000,9
33.700000,46.00000,-0.50000,0.000000,10
33.700000,47.00000,-0.50000,0.000000,11
33.700000,48.00000,-0.50000,-0.244979,12
33.700000,49.00000,-0.75000,-0.244979,13
33.700000,50.00000,-1.00000,0.033333,14
33.700000,51.06588,-0.96446,0.100000,15
33.700000,52.12702,-0.85799,0.398552,16
33.700000,53.12904,-0.43605,0.468794,17
33.700000,54.08452,0.04785,0.539146,18
33.700000,54.98972,0.58941,0.609613,19
33.700000,55.84128,1.18409,0.680200,20
33.700000,56.63620,1.82717,0.750914,21
33.700000,57.37189,2.51380,0.821759,22
33.700000,58.04616,3.23897,0.633333,23
33.700000,58.81177,3.80111,0.444908,24
33.700000,59.70557,4.22726,0.766667,25
33.700000,60.40166,4.89775,0.833333,26
33.700000,61.05154,5.61312,0.900000,27
33.700000,61.65232,6.37020,0.966667,28
33.700000,62.20133,7.16562,1.033333,29
33.700000,62.69613,7.99584,1.033333,30
33.800000,36.17275,-0.70326,0.240938,0
33.800000,37.00000,-0.50000,0.000000,1
33.800000,38.00000,-0.50000,0.000000,2
33.800000,39.00000,-0.50000,0.000000,3
33.800000,40.00000,-0.50000,0.000000,4
33.800000,41.00000,-0.50000,0.000000,5
33.800000,42.00000,-0.50000,0.000000,6
33.800000,43.00000,-0.50000,0.000000,7
33.800000,44.00000,-0.50000,0.000000,8
33.800000,45.00000,-0.50000,0.000000,9
33.800000,46.00000,-0.50000,0.000000,10
33.800000,47.00000,-0.50000,0.000000,11
33.800000,48.00000,-0.50000,-0.244979,12
33.800000,49.00000,-0.75000,-0.244979,13
33.800000,50.00000,-1.00000,0.033333,14
33.800000,51.06588,-0.96446,0.100000,15
33.800000,52.12702,-0.85799,0.398552,16
33.800000,53.12904,-0.43605,0.468794,17
33.800000,54.08452,0.04785,0.539146,18
33.800000,54.98972,0.58941,0.609613,19
33.800000,55.84128,1.18409,0.433333,20
33.800000,56.74868,1.60391,0.500000,21
33.800000,57.62610,2.08324,0.813534,22
33.800000,58.32848,2.82630,0.633333,23
33.800000,59.12095,3.40816,0.700000,24
33.800000,59.87291,4.04153,0.766667,25
33.800000,60.58100,4.72358,0.833333,26
33.800000,61.24209,5.45128,0.900000,27
33.800000,61.85322,6.22141,0.966667,28
33.800000,62.41170,7.03054,1.033333,29
33.800000,62.91503,7.87508,1.033333,30
33.902000,36.36239,-0.62848,0.112459,0
33.902000,37.50000,-0.50000,0.000000,1
33.902000,38.50000,-0.50000,0.000000,2
33.902000,39.50000,-0.50000,0.000000,3
33.902000,40.50000,-0.50000,0.000000,4
33.902000,41.50000,-0.50000,0.000000,5
33.902000,42.50000,-0.50000,0.000000,6
33.902000,43.50000,-0.50000,0.000000,7
33.902000,44.50000,-0.50000,0.000000,8
33.902000,45.50000,-0.50000,0.000000,9
33.902000,46.50000,-0.50000,0.000000,10
33.902000,47.50000,-0.50000,0.000000,11
33.902000,48.50000,-0.50000,-0.244979,12
33.902000,49.50000,-0.75000,-0.229254,13
33.902000,50.53323,-0.99111,0.066667,14
33.902000,51.59733,-0.92007,0.365219,15
33.902000,52.61286,-0.53176,0.435461,16
33.902000,53.58394,-0.07997,0.505813,17
33.902000,54.50668,0.43112,0.576280,18
33.902000,55.37759,0.99709,0.400000,19
33.902000,56.29848,1.38643,0.466667,20
33.902000,57.19138,1.83626,0.533333,21
33.902000,58.05234,2.34457,0.600000,22
33.902000,58.87752,2.90911,0.666667,23
33.902000,59.66327,3.52737,0.733333,24
33.902000,60.40608,4.19659,0.800000,25
33.902000,61.10265,4.91382,0.866667,26
33.902000,61.74990,5.67585,0.933333,27
33.902000,62.34495,6.47931,1.000000,28
33.902000,62.88515,7.32063,1.066667,29
33.902000,63.36811,8.19606,1.066667,30
34.000000,36.49714,-0.56772,0.306811,0
34.000000,37.50000,-0.25000,0.000000,1
34.000000,38.50000,-0.25000,0.000000,2
34.000000,39.50000,-0.25000,0.000000,3
34.000000,40.50000,-0.25000,0.000000,4
34.000000,41.50000,-0.25000,0.000000,5
34.000000,42.50000,-0.25000,0.000000,6
34.000000,43.50000,-0.25000,0.000000,7
34.000000,44.50000,-0.25000,0.000000,8
34.000000,45.50000,-0.25000,0.000000,9
34.000000,46.50000,-0.25000,0.000000,10
34.000000,47.50000,-0.25000,-0.244979,11
34.000000,48.50000,-0.50000,-0.244979,12
34.000000,49.50000,-0.75000,-0.229254,13
34.000000,50.53323,-0.99111,0.066667,14
34.000000,51.59733,-0.92007,0.365219,15
34.000000,52.61286,-0.53176,0.435461,16
34.000000,53.58394,-0.07997,0.505813,17
34.000000,54.50668,0.43112,0.333333,18
34.000000,55.46721,0.76370,0.400000,19
34.000000,56.40345,1.15954,0.466667,20
34.000000,57.31124,1.61687,0.533333,21
34.000000,58.18655,2.13365,0.600000,22
34.000000,59.02548,2.70760,0.666667,23
34.000000,59.82432,3.33616,0.733333,24
34.000000,60.57951,4.01654,0.800000,25
34.000000,61.28770,4.74571,0.866667,26
34.000000,61.94574,5.52045,0.933333,27
34.000000,62.55070,6.33730,1.000000,28
34.000000,63.09991,7.19264,1.066667,29
34.000000,63.59091,8.08266,1.066667,30
34.102000,36.68456,-0.45269,0.243625,0
34.102000,37.50000,-0.25000,0.000000,1
34.102000,38.50000,-0.25000,0.000000,2
34.102000,39.50000,-0.25000,0.000000,3
34.102000,40.50000,-0.25000,0.000000,4
34.102000,41.50000,-0.25000,0.000000,5
34.102000,42.50000,-0.25000,0.000000,6
34.102000,43.50000,-0.25000,0.000000,7
34.102000,44.50000,-0.25000,0.000000,8
34.102000,45.50000,-0.25000,0.000000,9
34.102000,46.50000,-0.25000,0.000000,10
34.102000,47.50000,-0.25000,-0.244979,11
34.102000,48.50000,-0.50000,-0.244979,12
34.102000,49.50000,-0.75000,-0.229254,13
34.102000,50.53323,-0.99111,0.066667,14
34.102000,51.59733,-0.92007,0.365219,15
34.102000,52.61286,-0.53176,0.435461,16
34.102000,53.58394,-0.07997,0.505813,17
34.102000,54.50668,0.43112,0.333333,18
34.102000,55.46721,0.76370,0.400000,19
34.102000,56.40345,1.15954,0.466667,20
34.102000,57.31124,1.61687,0.533333,21
34.102000,58.18655,2.13365,0.600000,22
34.102000,59.02548,2.70760,0.666667,23
34.102000,59.82432,3.33616,0.733333,24
34.102000,60.57951,4.01654,0.800000,25
34.102000,61.28770,4.74571,0.866667,26
34.102000,61.94574,5.52045,0.933333,27
34.102000,62.55070,6.33730,1.000000,28
34.102000,63.09991,7.19264,1.066667,29
34.102000,63.59091,8.08266,1.066667,30
34.202000,36.81147,-0.42423,0.145558,0
34.202000,38.00000,-0.25000,0.000000,1
34.202000,39.00000,-0.25000,0.000000,2
34.202000,40.00000,-0.25000,0.000000,3
34.202000,41.00000,-0.25000,0.000000,4
34.202000,42.00000,-0.25000,0.000000,5
34.202000,43.00000,-0.25000,0.000000,6
34.202000,44.00000,-0.25000,0.000000,7
34.202000,45.00000,-0.25000,0.000000,8
34.202000,46.00000,-0.25000,0.000000,9
34.202000,47.00000,-0.25000,-0.244979,10
34.202000,48.00000,-0.50000,-0.244979,11
34.202000,49.00000,-0.75000,-0.244979,12
34.202000,50.00000,-1.00000,0.033333,13
34.202000,51.06588,-0.96446,0.100000,14
34.202000,52.12702,-0.85799,0.398552,15
34.202000,53.12904,-0.43605,0.468794,16
34.202000,54.08452,0.04785,0.539146,17
34.202000,54.98972,0.58941,0.609613,18
34.202000,55.84128,1.18409,0.433333,19
34.202000,56.74868,1.60391,0.500000,20
34.202000,57.62610,2.08324,0.566667,21
34.202000,58.46964,2.61997,0.633333,22
34.202000,59.27555,3.21169,0.700000,23
34.202000,60.04025,3.85579,0.766667,24
34.202000,60.76034,4.54940,0.833333,25
34.202000,61.43263,5.28944,0.900000,26
34.202000,62.05412,6.07262,0.966667,27
34.202000,62.62206,6.89547,1.033333,28
34.202000,63.13393,7.75432,1.100000,29
34.202000,63.58744,8.64536,1.100000,30
34.300000,36.94925,-0.36269,0.106843,0
34.300000,38.00000,-0.25000,0.000000,1
34.300000,39.00000,-0.25000,0.000000,2
34.300000,40.00000,-0.25000,0.000000,3
34.300000,41.00000,-0.25000,0.000000,4
34.300000,42.00000,-0.25000,0.000000,5
34.300000,43.00000,-0.25000,0.000000,6
34.300000,44.00000,-0.25000,0.000000,7
34.300000,45.00000,-0.25000,0.000000,8
34.300000,46.00000,-0.25000,0.000000,9
34.300000,47.00000,-0.25000,-0.244979,10
34.300000,48.00000,-0.50000,-0.244979,11
34.300000,49.00000,-0.75000,-0.244979,12
34.300000,50.00000,-1.00000,0.033333,13
34.300000,51.06588,-0.96446,0.100000,14
34.300000,52.12702,-0.85799,0.398552,15
34.300000,53.12904,-0.43605,0.468794,16
34.300000,54.08452,0.04785,0.539146,17
34.300000,54.98972,0.58941,0.609613,18
34.300000,55.84128,1.18409,0.433333,19
34.300000,56.74868,1.60391,0.500000,20
34.300000,57.62610,2.08324,0.566667,21
34.300000,58.46964,2.61997,0.633333,22
34.300000,59.27555,3.21169,0.700000,23
34.300000,60.04025,3.85579,0.766667,24
34.300000,60.76034,4.54940,0.833333,25
34.300000,61.43263,5.28944,0.900000,26
34.300000,62.05412,6.07262,0.966667,27
34.300000,62.62206,6.89547,1.033333,28
34.300000,63.13393,7.75432,1.100000,29
34.300000,63.58744,8.64536,1.100000,30
34.400000,37.08831,-0.28189,0.034963,0
34.400000,38.00000,-0.25000,0.000000,1
34.400000,39.00000,-0.25000,0.000000,2
34.400000,40.00000,-0.25000,0.000000,3
34.400000,41.00000,-0.25000,0.000000,4
34.400000,42.00000,-0.25000,0.000000,5
34.400000,43.00000,-0.25000,0.000000,6
34.400000,44.00000,-0.25000,0.000000,7
34.400000,45.00000,-0.25000,0.000000,8
34.400000,46.00000,-0.25000,0.000000,9
34.400000,47.00000,-0.25000,-0.244979,10
34.400000,48.00000,-0.50000,-0.244979,11
34.400000,49.00000,-0.75000,0.000000,12
34.400000,50.00000,-0.75000,-0.198552,13
34.400000,51.06588,-0.96446,0.100000,14
34.400000,52.12702,-0.85799,0.398552,15
34.400000,53.12904,-0.43605,0.468794,16
34.400000,54.08452,0.04785,0.539146,17
34.400000,54.98972,0.58941,0.609613,18
34.400000,55.84128,1.18409,0.433333,19
34.400000,56.74868,1.60391,0.500000,20
34.400000,57.62610,2.08324,0.566667,21
34.400000,58.46964,2.61997,0.633333,22
34.400000,59.27555,3.21169,0.700000,23
34.400000,60.04025,3.85579,0.766667,24
34.400000,60.76034,4.54940,0.833333,25
34.400000,61.43263,5.28944,0.900000,26
34.400000,62.05412,6.07262,0.966667,27
34.400000,62.62206,6.89547,1.033333,28
34.400000,63.13393,7.75432,1.100000,29
34.400000,63.58744,8.64536,1.100000,30
34.500000,37.18755,-0.25980,0.012062,0
34.500000,38.00000,-0.25000,0.000000,1
34.500000,39.00000,-0.25000,0.000000,2
34.500000,40.00000,-0.25000,0.000000,3
34.500000,41.00000,-0.25000,0.000000,4
34.500000,42.00000,-0.25000,0.000000,5
34.500000,43.00000,-0.25000,0.000000,6
34.500000,44.00000,-0.25000,0.000000,7
34.500000,45.00000,-0.25000,0.000000,8
34.500000,46.00000,-0.25000,0.000000,9
34.500000,47.00000,-0.25000,-0.244979,10
34.500000,48.00000,-0.50000,-0.244979,11
34.500000,49.00000,-0.75000,-0.244979,12
34.500000,50.00000,-1.00000,0.033333,13
34.500000,51.06588,-0.96446,0.100000,14
34.500000,52.12702,-0.85799,0.398552,15
34.500000,53.12904,-0.43605,0.468794,16
34.500000,54.08452,0.04785,0.539146,17
34.500000,54.98972,0.58941,0.609613,18
34.500000,55.84128,1.18409,0.433333,19
34.500000,56.74868,1.60391,0.500000,20
34.500000,57.62610,2.08324,0.566667,21
34.500000,58.46964,2.61997,0.633333,22
34.500000,59.27555,3.21169,0.700000,23
34.500000,60.04025,3.85579,0.766667,24
34.500000,60.76034,4.54940,0.833333,25
34.500000,61.43263,5.28944,0.900000,26
34.500000,62.05412,6.07262,0.966667,27
34.500000,62.62206,6.89547,1.033333,28
34.500000,63.13393,7.75432,1.100000,29
34.500000,63.58744,8.64536,1.100000,30
34.600000,37.25670,-0.19012,-0.048125,0
34.600000,38.50000,-0.25000,0.000000,1
34.600000,39.50000,-0.25000,0.000000,2
34.600000,40.50000,-0.25000,0.000000,3
34.600000,41.50000,-0.25000,0.000000,4
34.600000,42.50000,-0.25000,0.000000,5
34.600000,43.50000,-0.25000,0.000000,6
34.600000,44.50000,-0.25000,0.000000,7
34.600000,45.50000,-0.25000,0.000000,8
34.600000,46.50000,-0.25000,0.000000,9
34.600000,47.50000,-0.25000,-0.244979,10
34.600000,48.50000,-0.50000,-0.244979,11
34.600000,49.50000,-0.75000,-0.229254,12
34.600000,50.53323,-0.99111,0.066667,13
34.600000,51.59733,-0.92007,0.365219,14
34.600000,52.61286,-0.53176,0.435461,15
34.600000,53.58394,-0.07997,0.505813,16
34.600000,54.50668,0.43112,0.576280,17
34.600000,55.37759,0.99709,0.400000,18
34.600000,56.29848,1.38643,0.466667,19
34.600000,57.19138,1.83626,0.533333,20
34.600000,58.05234,2.34457,0.600000,21
34.600000,58.87752,2.90911,0.666667,22
34.600000,59.66327,3.52737,0.733333,23
34.600000,60.40608,4.19659,0.800000,24
34.600000,61.10265,4.91382,1.113534,25
34.600000,61.55407,5.83125,1.184247,26
34.600000,61.93345,6.76333,1.255092,27
34.600000,62.24090,7.70459,1.326075,28
34.600000,62.47690,8.64965,1.632524,29
34.600000,62.41251,9.69155,1.632524,30
34.700000,37.34322,-0.16353,-0.074611,0
34.700000,38.50000,-0.25000,0.000000,1
34.700000,39.50000,-0.25000,0.000000,2
34.700000,40.50000,-0.25000,0.000000,3
34.700000,41.50000,-0.25000,0.000000,4
34.700000,42.50000,-0.25000,0.000000,5
34.700000,43.50000,-0.25000,0.000000,6
34.700000,44.50000,-0.25000,0.000000,7
34.700000,45.50000,-0.25000,0.000000,8
34.700000,46.50000,-0.25000,0.000000,9
34.700000,47.50000,-0.25000,-0.244979,10
34.700000,48.50000,-0.50000,-0.244979,11
34.700000,49.50000,-0.75000,-0.229254,12
34.700000,50.53323,-0.99111,0.066667,13
34.700000,51.59733,-0.92007,0.365219,14
34.700000,52.61286,-0.53176,0.435461,15
34.700000,53.58394,-0.07997,0.505813,16
34.700000,54.50668,0.43112,0.576280,17
34.700000,55.37759,0.99709,0.400000,18
34.700000,56.29848,1.38643,0.466667,19
34.700000,57.19138,1.83626,0.533333,20
34.700000,58.05234,2.34457,0.600000,21
34.700000,58.87752,2.90911,0.666667,22
34.700000,59.66327,3.52737,0.733333,23
34.700000,60.40608,4.19659,0.800000,24
34.700000,61.10265,4.91382,1.113534,25
34.700000,61.55407,5.83125,1.184247,26
34.700000,61.93345,6.76333,1.255092,27
34.700000,62.24090,7.70459,1.326075,28
34.700000,62.47690,8.64965,1.632524,29
34.700000,62.41251,9.69155,1.632524,30
34.800000,37.40162,-0.12025,-0.117584,0
34.800000,38.50000,-0.25000,0.000000,1
34.800000,39.50000,-0.25000,0.000000,2
34.800000,40.50000,-0.25000,0.000000,3
34.800000,41.50000,-0.25000,0.000000,4
34.800000,42.50000,-0.25000,0.000000,5
34.800000,43.50000,-0.25000,0.000000,6
34.800000,44.50000,-0.25000,0.000000,7
34.800000,45.50000,-0.25000,0.000000,8
34.800000,46.50000,-0.25000,-0.244979,9
34.800000,47.50000,-0.50000,0.000000,10
34.800000,48.50000,-0.50000,-0.244979,11
34.800000,49.50000,-0.75000,-0.229254,12
34.800000,50.53323,-0.99111,0.066667,13
34.800000,51.59733,-0.92007,0.365219,14
34.800000,52.61286,-0.53176,0.435461,15
34.800000,53.58394,-0.07997,0.505813,16
34.800000,54.50668,0.43112,0.576280,17
34.800000,55.37759,0.99709,0.400000,18
34.800000,56.29848,1.38643,0.466667,19
34.800000,57.19138,1.83626,0.533333,20
34.800000,58.05234,2.34457,0.600000,21
34.800000,58.87752,2.90911,0.666667,22
34.800000,59.66327,3.52737,0.733333,23
34.800000,60.40608,4.19659,0.800000,24
34.800000,61.10265,4.91382,1.113534,25
34.800000,61.55407,5.83125,1.184247,26
34.800000,61.93345,6.76333,1.255092,27
34.800000,62.24090,7.70459,1.326075,28
34.800000,62.47690,8.64965,1.397204,29
34.800000,62.64237,9.59324,1.397204,30
34.900000,37.41796,-0.05505,-0.178258,0
34.900000,38.50000,-0.25000,0.000000,1
34.900000,39.50000,-0.25000,0.000000,2
34.900000,40.50000,-0.25000,0.000000,3
34.900000,41.50000,-0.25000,0.000000,4
34.900000,42.50000,-0.25000,0.000000,5
34.900000,43.50000,-0.25000,0.000000,6
34.900000,44.50000,-0.25000,0.000000,7
34.900000,45.50000,-0.25000,0.000000,8
34.900000,46.50000,-0.25000,-0.244979,9
34.900000,47.50000,-0.50000,0.000000,10
34.900000,48.50000,-0.50000,-0.244979,11
34.900000,49.50000,-0.75000,-0.229254,12
34.900000,50.53323,-0.99111,0.066667,13
34.900000,51.59733,-0.92007,0.365219,14
34.900000,52.61286,-0.53176,0.435461,15
34.900000,53.58394,-0.07997,0.505813,16
34.900000,54.50668,0.43112,0.576280,17
34.900000,55.37759,0.99709,0.400000,18
34.900000,56.29848,1.38643,0.466667,19
34.900000,57.19138,1.83626,0.533333,20
34.900000,58.05234,2.34457,0.600000,21
34.900000,58.87752,2.90911,0.666667,22
34.900000,59.66327,3.52737,0.733333,23
34.900000,60.40608,4.19659,0.800000,24
34.900000,61.10265,4.91382,1.113534,25
34.900000,61.55407,5.83125,1.184247,26
34.900000,61.93345,6.76333,1.255092,27
34.900000,62.24090,7.70459,1.326075,28
34.900000,62.47690,8.64965,1.397204,29
34.900000,62.64237,9.59324,1.397204,30
35.000000,37.43953,-0.02778,-0.206563,0
35.000000,38.50000,-0.25000,0.000000,1
35.000000,39.50000,-0.25000,0.000000,2
35.000000,40.50000,-0.25000,0.000000,3
35.000000,41.50000,-0.25000,0.000000,4
35.000000,42.50000,-0.25000,0.000000,5
35.000000,43.50000,-0.25000,0.000000,6
35.000000,44.50000,-0.25000,0.000000,7
35.000000,45.50000,-0.25000,0.000000,8
35.000000,46.50000,-0.25000,-0.244979,9
35.000000,47.50000,-0.50000,0.000000,10
35.000000,48.50000,-0.50000,-0.244979,11
35.000000,49.50000,-0.75000,-0.229254,12
35.000000,50.53323,-0.99111,0.066667,13
35.000000,51.59733,-0.92007,0.365219,14
35.000000,52.61286,-0.53176,0.435461,15
35.000000,53.58394,-0.07997,0.505813,16
35.000000,54.50668,0.43112,0.576280,17
35.000000,55.37759,0.99709,0.400000,18
35.000000,56.29848,1.38643,0.466667,19
35.000000,57.19138,1.83626,0.533333,20
35.000000,58.05234,2.34457,0.600000,21
35.000000,58.87752,2.90911,0.666667,22
35.000000,59.66327,3.52737,0.733333,23
35.000000,60.40608,4.19659,0.800000,24
35.000000,61.10265,4.91382,1.113534,25
35.000000,61.55407,5.83125,1.184247,26
35.000000,61.93345,6.76333,1.255092,27
35.000000,62.24090,7.70459,1.326075,28
35.000000,62.47690,8.64965,1.397204,29
35.000000,62.64237,9.59324,1.397204,30
35.100000,37.45890,-0.00186,-0.233981,0
35.100000,38.50000,-0.25000,0.000000,1
35.100000,39.50000,-0.25000,0.000000,2
35.100000,40.50000,-0.25000,0.000000,3
35.100000,41.50000,-0.25000,0.000000,4
35.100000,42.50000,-0.25000,0.000000,5
35.100000,43.50000,-0.25000,0.000000,6
35.100000,44.50000,-0.25000,0.000000,7
35.100000,45.50000,-0.25000,0.000000,8
35.100000,46.50000,-0.25000,0.000000,9
35.100000,47.50000,-0.25000,-0.244979,10
35.100000,48.50000,-0.50000,-0.244979,11
35.100000,49.50000,-0.75000,-0.229254,12
35.100000,50.53323,-0.99111,0.066667,13
35.100000,51.59733,-0.92007,0.365219,14
35.100000,52.61286,-0.53176,0.435461,15
35.100000,53.58394,-0.07997,0.505813,16
35.100000,54.50668,0.43112,0.576280,17
35.100000,55.37759,0.99709,0.400000,18
35.100000,56.29848,1.38643,0.466667,19
35.100000,57.19138,1.83626,0.533333,20
35.100000,58.05234,2.34457,0.600000,21
35.100000,58.87752,2.90911,0.666667,22
35.100000,59.66327,3.52737,0.733333,23
35.100000,60.40608,4.19659,0.800000,24
35.100000,61.10265,4.91382,1.113534,25
35.100000,61.55407,5.83125,1.184247,26
35.100000,61.93345,6.76333,1.255092,27
35.100000,62.24090,7.70459,1.326075,28
35.100000,62.47690,8.64965,1.632524,29
35.100000,62.41251,9.69155,1.632524,30
35.200000,37.46589,-0.00288,-0.234572,0
35.200000,38.50000,-0.25000,0.000000,1
35.200000,39.50000,-0.25000,0.000000,2
35.200000,40.50000,-0.25000,0.000000,3
35.200000,41.50000,-0.25000,0.000000,4
35.200000,42.50000,-0.25000,0.000000,5
35.200000,43.50000,-0.25000,0.000000,6
35.200000,44.50000,-0.25000,0.000000,7
35.200000,45.50000,-0.25000,0.000000,8
35.200000,46.50000,-0.25000,-0.244979,9
35.200000,47.50000,-0.50000,0.000000,10
35.200000,48.50000,-0.50000,-0.244979,11
35.200000,49.50000,-0.75000,-0.229254,12
35.200000,50.53323,-0.99111,0.066667,13
35.200000,51.59733,-0.92007,0.365219,14
35.200000,52.61286,-0.53176,0.435461,15
35.200000,53.58394,-0.07997,0.505813,16
35.200000,54.50668,0.43112,0.576280,17
35.200000,55.37759,0.99709,0.400000,18
35.200000,56.29848,1.38643,0.466667,19
35.200000,57.19138,1.83626,0.533333,20
35.200000,58.05234,2.34457,0.600000,21
35.200000,58.87752,2.90911,0.666667,22
35.200000,59.66327,3.52737,0.733333,23
35.200000,60.40608,4.19659,0.800000,24
35.200000,61.10265,4.91382,1.113534,25
35.200000,61.55407,5.83125,1.184247,26
35.200000,61.93345,6.76333,1.255092,27
35.200000,62.24090,7.70459,1.326075,28
35.200000,62.47690,8.64965,1.397204,29
35.200000,62.64237,9.59324,1.397204,30
35.300000,37.46064,0.00455,-0.240184,0
35.300000,38.50000,-0.25000,0.000000,1
35.300000,39.50000,-0.25000,0.000000,2
35.300000,40.50000,-0.25000,0.000000,3
35.300000,41.50000,-0.25000,0.000000,4
35.300000,42.50000,-0.25000,0.000000,5
35.300000,43.50000,-0.25000,0.000000,6
35.300000,44.50000,-0.25000,0.000000,7
35.300000,45.50000,-0.25000,0.000000,8
35.300000,46.50000,-0.25000,0.000000,9
35.300000,47.50000,-0.25000,-0.244979,10
35.300000,48.50000,-0.50000,-0.244979,11
35.300000,49.50000,-0.75000,-0.229254,12
35.300000,50.53323,-0.99111,0.066667,13
35.300000,51.59733,-0.92007,0.365219,14
35.300000,52.61286,-0.53176,0.435461,15
35.300000,53.58394,-0.07997,0.505813,16
35.300000,54.50668,0.43112,0.576280,17
35.300000,55.37759,0.99709,0.400000,18
35.300000,56.29848,1.38643,0.466667,19
35.300000,57.19138,1.83626,0.533333,20
35.300000,58.05234,2.34457,0.600000,21
35.300000,58.87752,2.90911,0.666667,22
35.300000,59.66327,3.52737,0.733333,23
35.300000,60.40608,4.19659,0.800000,24
35.300000,61.10265,4.91382,1.113534,25
35.300000,61.55407,5.83125,1.184247,26
35.300000,61.93345,6.76333,1.255092,27
35.300000,62.24090,7.70459,1.558322,28
35.300000,62.25410,8.76305,1.401818,29
35.300000,62.41251,9.69155,1.401818,30
35.400000,37.47864,0.00695,-0.246464,0
35.400000,38.50000,-0.25000,0.000000,1
35.400000,39.50000,-0.25000,0.000000,2
35.400000,40.50000,-0.25000,0.000000,3
35.400000,41.50000,-0.25000,0.000000,4
35.400000,42.50000,-0.25000,0.000000,5
35.400000,43.50000,-0.25000,0.000000,6
35.400000,44.50000,-0.25000,0.000000,7
35.400000,45.50000,-0.25000,0.000000,8
35.400000,46.50000,-0.25000,0.000000,9
35.400000,47.50000,-0.25000,-0.244979,10
35.400000,48.50000,-0.50000,-0.244979,11
35.400000,49.50000,-0.75000,-0.229254,12
35.400000,50.53323,-0.99111,0.066667,13
35.400000,51.59733,-0.92007,0.365219,14
35.400000,52.61286,-0.53176,0.435461,15
35.400000,53.58394,-0.07997,0.505813,16
35.400000,54.50668,0.43112,0.576280,17
35.400000,55.37759,0.99709,0.400000,18
35.400000,56.29848,1.38643,0.466667,19
35.400000,57.19138,1.83626,0.533333,20
35.400000,58.05234,2.34457,0.600000,21
35.400000,58.87752,2.90911,0.666667,22
35.400000,59.66327,3.52737,0.733333,23
35.400000,60.40608,4.19659,0.800000,24
35.400000,61.10265,4.91382,1.113534,25
35.400000,61.55407,5.83125,1.184247,26
35.400000,61.93345,6.76333,1.255092,27
35.400000,62.24090,7.70459,1.326075,28
35.400000,62.47690,8.64965,1.397204,29
35.400000,62.64237,9.59324,1.397204,30
35.500000,37.48018,0.01506,-0.254286,0
35.500000,38.50000,-0.25000,0.000000,1
35.500000,39.50000,-0.25000,0.000000,2
35.500000,40.50000,-0.25000,0.000000,3
35.500000,41.50000,-0.25000,0.000000,4
35.500000,42.50000,-0.25000,0.000000,5
35.500000,43.50000,-0.25000,0.000000,6
35.500000,44.50000,-0.25000,0.000000,7
35.500000,45.50000,-0.25000,0.000000,8
35.500000,46.50000,-0.25000,0.000000,9
35.500000,47.50000,-0.25000,-0.244979,10
35.500000,48.50000,-0.50000,-0.244979,11
35.500000,49.50000,-0.75000,-0.229254,12
35.500000,50.53323,-0.99111,0.066667,13
35.500000,51.59733,-0.92007,0.365219,14
35.500000,52.61286,-0.53176,0.435461,15
35.500000,53.58394,-0.07997,0.505813,16
35.500000,54.50668,0.43112,0.576280,17
35.500000,55.37759,0.99709,0.400000,18
35.500000,56.29848,1.38643,0.466667,19
35.500000,57.19138,1.83626,0.533333,20
35.500000,58.05234,2.34457,0.600000,21
35.500000,58.87752,2.90911,0.666667,22
35.500000,59.66327,3.52737,0.733333,23
35.500000,60.40608,4.19659,0.800000,24
35.500000,61.10265,4.91382,1.113534,25
35.500000,61.55407,5.83125,1.184247,26
35.500000,61.93345,6.76333,1.255092,27
35.500000,62.24090,7.70459,1.326075,28
35.500000,62.47690,8.64965,1.397204,29
35.500000,62.64237,9.59324,1.397204,30
35.600000,37.45488,-0.03678,-0.201250,0
35.600000,38.50000,-0.25000,0.000000,1
35.600000,39.50000,-0.25000,0.000000,2
35.600000,40.50000,-0.25000,0.000000,3
35.600000,41.50000,-0.25000,0.000000,4
35.600000,42.50000,-0.25000,0.000000,5
35.600000,43.50000,-0.25000,0.000000,6
35.600000,44.50000,-0.25000,0.000000,7
35.600000,45.50000,-0.25000,0.000000,8
35.600000,46.50000,-0.25000,-0.244979,9
35.600000,47.50000,-0.50000,0.000000,10
35.600000,48.50000,-0.50000,-0.244979,11
35.600000,49.50000,-0.75000,-0.229254,12
35.600000,50.53323,-0.99111,0.066667,13
35.600000,51.59733,-0.92007,0.365219,14
35.600000,52.61286,-0.53176,0.435461,15
35.600000,53.58394,-0.07997,0.505813,16
35.600000,54.50668,0.43112,0.576280,17
35.600000,55.37759,0.99709,0.400000,18
35.600000,56.29848,1.38643,0.466667,19
35.600000,57.19138,1.83626,0.533333,20
35.600000,58.05234,2.34457,0.600000,21
35.600000,58.87752,2.90911,0.666667,22
35.600000,59.66327,3.52737,0.733333,23
35.600000,60.40608,4.19659,0.800000,24
35.600000,61.10265,4.91382,1.113534,25
35.600000,61.55407,5.83125,1.184247,26
35.600000,61.93345,6.76333,1.255092,27
35.600000,62.24090,7.70459,1.326075,28
35.600000,62.47690,8.64965,1.397204,29
35.600000,62.64237,9.59324,1.397204,30
35.700000,37.41227,-0.02102,-0.207484,0
35.700000,38.50000,-0.25000,0.000000,1
35.700000,39.50000,-0.25000,0.000000,2
35.700000,40.50000,-0.25000,0.000000,3
35.700000,41.50000,-0.25000,0.000000,4
35.700000,42.50000,-0.25000,0.000000,5
35.700000,43.50000,-0.25000,0.000000,6
35.700000,44.50000,-0.25000,0.000000,7
35.700000,45.50000,-0.25000,0.000000,8
35.700000,46.50000,-0.25000,0.000000,9
35.700000,47.50000,-0.25000,-0.244979,10
35.700000,48.50000,-0.50000,-0.244979,11
35.700000,49.50000,-0.75000,0.008536,12
35.700000,50.52490,-0.74125,0.066667,13
35.700000,51.57238,-0.67132,0.368794,14
35.700000,52.57139,-0.28522,0.439146,15
35.700000,53.52613,0.16326,0.509613,16
35.700000,54.43280,0.66995,0.333333,17
35.700000,55.37759,0.99709,0.400000,18
35.700000,56.29848,1.38643,0.466667,19
35.700000,57.19138,1.83626,0.533333,20
35.700000,58.05234,2.34457,0.600000,21
35.700000,58.87752,2.90911,0.666667,22
35.700000,59.66327,3.52737,0.733333,23
35.700000,60.40608,4.19659,0.800000,24
35.700000,61.10265,4.91382,1.113534,25
35.700000,61.55407,5.83125,1.184247,26
35.700000,61.93345,6.76333,1.255092,27
35.700000,62.24090,7.70459,1.326075,28
35.700000,62.47690,8.64965,1.632524,29
35.700000,62.41251,9.69155,1.632524,30
35.800000,37.37440,-0.07551,-0.153794,0
35.800000,38.50000,-0.25000,0.000000,1
35.800000,39.50000,-0.25000,0.000000,2
35.800000,40.50000,-0.25000,0.000000,3
35.800000,41.50000,-0.25000,0.000000,4
35.800000,42.50000,-0.25000,0.000000,5
35.800000,43.50000,-0.25000,0.000000,6
35.800000,44.50000,-0.25000,0.000000,7
35.800000,45.50000,-0.25000,0.000000,8
35.800000,46.50000,-0.25000,-0.244979,9
35.800000,47.50000,-0.50000,0.000000,10
35.800000,48.50000,-0.50000,-0.244979,11
35.800000,49.50000,-0.75000,-0.229254,12
35.800000,50.53323,-0.99111,0.066667,13
35.800000,51.59733,-0.92007,0.365219,14
35.800000,52.61286,-0.53176,0.435461,15
35.800000,53.58394,-0.07997,0.505813,16
35.800000,54.50668,0.43112,0.576280,17
35.800000,55.37759,0.99709,0.400000,18
35.800000,56.29848,1.38643,0.466667,19
35.800000,57.19138,1.83626,0.533333,20
35.800000,58.05234,2.34457,0.600000,21
35.800000,58.87752,2.90911,0.666667,22
35.800000,59.66327,3.52737,0.733333,23
35.800000,60.40608,4.19659,0.800000,24
35.800000,61.10265,4.91382,1.113534,25
35.800000,61.55407,5.83125,1.184247,26
35.800000,61.93345,6.76333,1.255092,27
35.800000,62.24090,7.70459,1.558322,28
35.800000,62.25410,8.76305,1.401818,29
35.800000,62.41251,9.69155,1.401818,30
35.900000,37.38619,-0.11035,-0.124734,0
35.900000,38.50000,-0.25000,0.000000,1
35.900000,39.50000,-0.25000,0.000000,2
35.900000,40.50000,-0.25000,0.000000,3
35.900000,41.50000,-0.25000,0.000000,4
35.900000,42.50000,-0.25000,0.000000,5
35.900000,43.50000,-0.25000,0.000000,6
35.900000,44.50000,-0.25000,0.000000,7
35.900000,45.50000,-0.25000,0.000000,8
35.900000,46.50000,-0.25000,0.000000,9
35.900000,47.50000,-0.25000,-0.244979,10
35.900000,48.50000,-0.50000,-0.244979,11
35.900000,49.50000,-0.75000,-0.229254,12
35.900000,50.53323,-0.99111,0.066667,13
35.900000,51.59733,-0.92007,0.365219,14
35.900000,52.61286,-0.53176,0.435461,15
35.900000,53.58394,-0.07997,0.505813,16
35.900000,54.50668,0.43112,0.576280,17
35.900000,55.37759,0.99709,0.400000,18
35.900000,56.29848,1.38643,0.466667,19
35.900000,57.19138,1.83626,0.533333,20
35.900000,58.05234,2.34457,0.600000,21
35.900000,58.87752,2.90911,0.666667,22
35.900000,59.66327,3.52737,0.733333,23
35.900000,60.40608,4.19659,0.800000,24
35.900000,61.10265,4.91382,1.113534,25
35.900000,61.55407,5.83125,1.184247,26
35.900000,61.93345,6.76333,1.255092,27
35.900000,62.24090,7.70459,1.326075,28
35.900000,62.47690,8.64965,1.397204,29
35.900000,62.64237,9.59324,1.397204,30
36.000000,37.32289,-0.10984,-0.118511,0
36.000000,38.50000,-0.25000,0.000000,1
36.000000,39.50000,-0.25000,0.000000,2
36.000000,40.50000,-0.25000,0.000000,3
36.000000,41.50000,-0.25000,0.000000,4
36.000000,42.50000,-0.25000,0.000000,5
36.000000,43.50000,-0.25000,0.000000,6
36.000000,44.50000,-0.25000,0.000000,7
36.000000,45.50000,-0.25000,0.000000,8
36.000000,46.50000,-0.25000,0.000000,9
36.000000,47.50000,-0.25000,-0.244979,10
36.000000,48.50000,-0.50000,-0.244979,11
36.000000,49.50000,-0.75000,-0.229254,12
36.000000,50.53323,-0.99111,0.066667,13
36.000000,51.59733,-0.92007,0.365219,14
36.000000,52.61286,-0.53176,0.435461,15
36.000000,53.58394,-0.07997,0.505813,16
36.000000,54.50668,0.43112,0.576280,17
36.000000,55.37759,0.99709,0.400000,18
36.000000,56.29848,1.38643,0.466667,19
36.000000,57.19138,1.83626,0.533333,20
36.000000,58.05234,2.34457,0.600000,21
36.000000,58.87752,2.90911,0.666667,22
36.000000,59.66327,3.52737,0.733333,23
36.000000,60.40608,4.19659,0.800000,24
36.000000,61.10265,4.91382,1.113534,25
36.000000,61.55407,5.83125,1.184247,26
36.000000,61.93345,6.76333,1.255092,27
36.000000,62.24090,7.70459,1.558322,28
36.000000,62.25410,8.76305,1.401818,29
36.000000,62.41251,9.69155,1.401818,30
36.100000,37.31664,-0.17218,-0.065670,0
36.100000,38.50000,-0.25000,0.000000,1
36.100000,39.50000,-0.25000,0.000000,2
36.100000,40.50000,-0.25000,0.000000,3
36.100000,41.50000,-0.25000,0.000000,4
36.100000,42.50000,-0.25000,0.000000,5
36.100000,43.50000,-0.25000,0.000000,6
36.100000,44.50000,-0.25000,0.000000,7
36.100000,45.50000,-0.25000,0.000000,8
36.100000,46.50000,-0.25000,0.000000,9
36.100000,47.50000,-0.25000,-0.244979,10
36.100000,48.50000,-0.50000,-0.244979,11
36.100000,49.50000,-0.75000,-0.229254,12
36.100000,50.53323,-0.99111,0.066667,13
36.100000,51.59733,-0.92007,0.365219,14
36.100000,52.61286,-0.53176,0.435461,15
36.100000,53.58394,-0.07997,0.505813,16
36.100000,54.50668,0.43112,0.576280,17
36.100000,55.37759,0.99709,0.400000,18
36.100000,56.29848,1.38643,0.466667,19
36.100000,57.19138,1.83626,0.533333,20
36.100000,58.05234,2.34457,0.600000,21
36.100000,58.87752,2.90911,0.666667,22
36.100000,59.66327,3.52737,0.733333,23
36.100000,60.40608,4.19659,0.800000,24
36.100000,61.10265,4.91382,1.113534,25
36.100000,61.55407,5.83125,1.184247,26
36.100000,61.93345,6.76333,1.255092,27
36.100000,62.24090,7.70459,1.558322,28
36.100000,62.25410,8.76305,1.401818,29
36.100000,62.41251,9.69155,1.401818,30
36.200000,37.28599,-0.19552,-0.044847,0
36.200000,38.50000,-0.25000,0.000000,1
36.200000,39.50000,-0.25000,0.000000,2
36.200000,40.50000,-0.25000,0.000000,3
36.200000,41.50000,-0.25000,0.000000,4
36.200000,42.50000,-0.25000,0.000000,5
36.200000,43.50000,-0.25000,0.000000,6
36.200000,44.50000,-0.25000,0.000000,7
36.200000,45.50000,-0.25000,0.000000,8
36.200000,46.50000,-0.25000,0.000000,9
36.200000,47.50000,-0.25000,-0.244979,10
36.200000,48.50000,-0.50000,-0.244979,11
36.200000,49.50000,-0.75000,-0.229254,12
36.200000,50.53323,-0.99111,0.066667,13
36.200000,51.59733,-0.92007,0.365219,14
36.200000,52.61286,-0.53176,0.435461,15
36.200000,53.58394,-0.07997,0.505813,16
36.200000,54.50668,0.43112,0.576280,17
36.200000,55.37759,0.99709,0.400000,18
36.200000,56.29848,1.38643,0.466667,19
36.200000,57.19138,1.83626,0.533333,20
36.200000,58.05234,2.34457,0.600000,21
36.200000,58.87752,2.90911,0.666667,22
36.200000,59.66327,3.52737,0.733333,23
36.200000,60.40608,4.19659,0.800000,24
36.200000,61.10265,4.91382,1.113534,25
36.200000,61.55407,5.83125,1.184247,26
36.200000,61.93345,6.76333,1.255092,27
36.200000,62.24090,7.70459,1.326075,28
36.200000,62.47690,8.64965,1.632524,29
36.200000,62.41251,9.69155,1.632524,30
36.300000,37.28122,-0.22022,-0.024428,0
36.300000,38.50000,-0.25000,0.000000,1
36.300000,39.50000,-0.25000,0.000000,2
36.300000,40.50000,-0.25000,0.000000,3
36.300000,41.50000,-0.25000,0.000000,4
36.300000,42.50000,-0.25000,0.000000,5
36.300000,43.50000,-0.25000,0.000000,6
36.300000,44.50000,-0.25000,0.000000,7
36.300000,45.50000,-0.25000,0.000000,8
36.300000,46.50000,-0.25000,0.000000,9
36.300000,47.50000,-0.25000,-0.244979,10
36.300000,48.50000,-0.50000,-0.244979,11
36.300000,49.50000,-0.75000,-0.229254,12
36.300000,50.53323,-0.99111,0.066667,13
36.300000,51.59733,-0.92007,0.365219,14
36.300000,52.61286,-0.53176,0.435461,15
36.300000,53.58394,-0.07997,0.505813,16
36.300000,54.50668,0.43112,0.576280,17
36.300000,55.37759,0.99709,0.400000,18
36.300000,56.29848,1.38643,0.466667,19
36.300000,57.19138,1.83626,0.533333,20
36.300000,58.05234,2.34457,0.600000,21
36.300000,58.87752,2.90911,0.666667,22
36.300000,59.66327,3.52737,0.733333,23
36.300000,60.40608,4.19659,0.800000,24
36.300000,61.10265,4.91382,1.113534,25
36.300000,61.55407,5.83125,1.184247,26
36.300000,61.93345,6.76333,1.255092,27
36.300000,62.24090,7.70459,1.326075,28
36.300000,62.47690,8.64965,1.632524,29
36.300000,62.41251,9.69155,1.632524,30
36.400000,37.25110,-0.21660,-0.026740,0
36.400000,38.50000,-0.25000,0.000000,1
36.400000,39.50000,-0.25000,0.000000,2
36.400000,40.50000,-0.25000,0.000000,3
36.400000,41.50000,-0.25000,0.000000,4
36.400000,42.50000,-0.25000,0.000000,5
36.400000,43.50000,-0.25000,0.000000,6
36.400000,44.50000,-0.25000,0.000000,7
36.400000,45.50000,-0.25000,0.000000,8
36.400000,46.50000,-0.25000,0.000000,9
36.400000,47.50000,-0.25000,-0.244979,10
36.400000,48.50000,-0.50000,-0.244979,11
36.400000,49.50000,-0.75000,-0.229254,12
36.400000,50.53323,-0.99111,0.066667,13
36.400000,51.59733,-0.92007,0.365219,14
36.400000,52.61286,-0.53176,0.435461,15
36.400000,53.58394,-0.07997,0.505813,16
36.400000,54.50668,0.43112,0.576280,17
36.400000,55.37759,0.99709,0.400000,18
36.400000,56.29848,1.38643,0.466667,19
36.400000,57.19138,1.83626,0.533333,20
36.400000,58.05234,2.34457,0.600000,21
36.400000,58.87752,2.90911,0.666667,22
36.400000,59.66327,3.52737,0.733333,23
36.400000,60.40608,4.19659,0.800000,24
36.400000,61.10265,4.91382,1.113534,25
36.400000,61.55407,5.83125,1.184247,26
36.400000,61.93345,6.76333,1.255092,27
36.400000,62.24090,7.70459,1.326075,28
36.400000,62.47690,8.64965,1.632524,29
36.400000,62.41251,9.69155,1.632524,30
36.500000,37.22574,-0.22768,-0.028819,0
36.500000,38.00000,-0.25000,0.000000,1
36.500000,39.00000,-0.25000,0.000000,2
36.500000,40.00000,-0.25000,0.000000,3
36.500000,41.00000,-0.25000,0.000000,4
36.500000,42.00000,-0.25000,0.000000,5
36.500000,43.00000,-0.25000,0.000000,6
36.500000,44.00000,-0.25000,0.000000,7
36.500000,45.00000,-0.25000,0.000000,8
36.500000,46.00000,-0.25000,0.000000,9
36.500000,47.00000,-0.25000,-0.244979,10
36.500000,48.00000,-0.50000,-0.244979,11
36.500000,49.00000,-0.75000,-0.244979,12
36.500000,50.00000,-1.00000,0.033333,13
36.500000,51.06588,-0.96446,0.100000,14
36.500000,52.12702,-0.85799,0.398552,15
36.500000,53.12904,-0.43605,0.468794,16
36.500000,54.08452,0.04785,0.539146,17
36.500000,54.98972,0.58941,0.609613,18
36.500000,55.84128,1.18409,0.433333,19
36.500000,56.74868,1.60391,0.500000,20
36.500000,57.62610,2.08324,0.566667,21
36.500000,58.46964,2.61997,0.633333,22
36.500000,59.27555,3.21169,0.700000,23
36.500000,60.04025,3.85579,0.766667,24
36.500000,60.76034,4.54940,0.833333,25
36.500000,61.43263,5.28944,0.900000,26
36.500000,62.05412,6.07262,0.966667,27
36.500000,62.62206,6.89547,1.033333,28
36.500000,63.13393,7.75432,1.100000,29
36.500000,63.58744,8.64536,1.100000,30
36.600000,37.23943,-0.22700,-0.030232,0
36.600000,38.00000,-0.25000,0.000000,1
36.600000,39.00000,-0.25000,0.000000,2
36.600000,40.00000,-0.25000,0.000000,3
36.600000,41.00000,-0.25000,0.000000,4
36.600000,42.00000,-0.25000,0.000000,5
36.600000,43.00000,-0.25000,0.000000,6
36.600000,44.00000,-0.25000,0.000000,7
36.600000,45.00000,-0.25000,0.000000,8
36.600000,46.00000,-0.25000,0.000000,9
36.600000,47.00000,-0.25000,-0.244979,10
36.600000,48.00000,-0.50000,-0.244979,11
36.600000,49.00000,-0.75000,0.000000,12
36.600000,50.00000,-0.75000,-0.198552,13
36.600000,51.06588,-0.96446,0.100000,14
36.600000,52.12702,-0.85799,0.398552,15
36.600000,53.12904,-0.43605,0.468794,16
36.600000,54.08452,0.04785,0.539146,17
36.600000,54.98972,0.58941,0.609613,18
36.600000,55.84128,1.18409,0.433333,19
36.600000,56.74868,1.60391,0.500000,20
36.600000,57.62610,2.08324,0.566667,21
36.600000,58.46964,2.61997,0.633333,22
36.600000,59.27555,3.21169,0.700000,23
36.600000,60.04025,3.85579,0.766667,24
36.600000,60.76034,4.54940,0.833333,25
36.600000,61.43263,5.28944,0.900000,26
36.600000,62.05412,6.07262,0.966667,27
36.600000,62.62206,6.89547,1.033333,28
36.600000,63.13393,7.75432,1.100000,29
36.600000,63.58744,8.64536,1.100000,30
36.700000,37.26405,-0.23632,-0.011065,0
36.700000,38.50000,-0.25000,0.000000,1
36.700000,39.50000,-0.25000,0.000000,2
36.700000,40.50000,-0.25000,0.000000,3
36.700000,41.50000,-0.25000,0.000000,4
36.700000,42.50000,-0.25000,0.000000,5
36.700000,43.50000,-0.25000,0.000000,6
36.700000,44.50000,-0.25000,0.000000,7
36.700000,45.50000,-0.25000,0.000000,8
36.700000,46.50000,-0.25000,0.000000,9
36.700000,47.50000,-0.25000,-0.244979,10
36.700000,48.50000,-0.50000,-0.244979,11
36.700000,49.50000,-0.75000,-0.229254,12
36.700000,50.53323,-0.99111,0.066667,13
36.700000,51.59733,-0.92007,0.365219,14
36.700000,52.61286,-0.53176,0.435461,15
36.700000,53.58394,-0.07997,0.505813,16
36.700000,54.50668,0.43112,0.576280,17
36.700000,55.37759,0.99709,0.400000,18
36.700000,56.29848,1.38643,0.466667,19
36.700000,57.19138,1.83626,0.533333,20
36.700000,58.05234,2.34457,0.600000,21
36.700000,58.87752,2.90911,0.666667,22
36.700000,59.66327,3.52737,0.733333,23
36.700000,60.40608,4.19659,0.800000,24
36.700000,61.10265,4.91382,1.113534,25
36.700000,61.55407,5.83125,1.184247,26
36.700000,61.93345,6.76333,1.255092,27
36.700000,62.24090,7.70459,1.326075,28
36.700000,62.47690,8.64965,1.632524,29
36.700000,62.41251,9.69155,1.632524,30
36.800000,37.25773,-0.22223,-0.022351,0
36.800000,38.50000,-0.25000,0.000000,1
36.800000,39.50000,-0.25000,0.000000,2
36.800000,40.50000,-0.25000,0.000000,3
36.800000,41.50000,-0.25000,0.000000,4
36.800000,42.50000,-0.25000,0.000000,5
36.800000,43.50000,-0.25000,0.000000,6
36.800000,44.50000,-0.25000,0.000000,7
36.800000,45.50000,-0.25000,0.000000,8
36.800000,46.50000,-0.25000,0.000000,9
36.800000,47.50000,-0.25000,-0.244979,10
36.800000,48.50000,-0.50000,-0.244979,11
36.800000,49.50000,-0.75000,-0.229254,12
36.800000,50.53323,-0.99111,0.066667,13
36.800000,51.59733,-0.92007,0.365219,14
36.800000,52.61286,-0.53176,0.435461,15
36.800000,53.58394,-0.07997,0.505813,16
36.800000,54.50668,0.43112,0.576280,17
36.800000,55.37759,0.99709,0.400000,18
36.800000,56.29848,1.38643,0.466667,19
36.800000,57.19138,1.83626,0.533333,20
36.800000,58.05234,2.34457,0.600000,21
36.800000,58.87752,2.90911,0.666667,22
36.800000,59.66327,3.52737,0.733333,23
36.800000,60.40608,4.19659,0.800000,24
36.800000,61.10265,4.91382,1.113534,25
36.800000,61.55407,5.83125,1.184247,26
36.800000,61.93345,6.76333,1.255092,27
36.800000,62.24090,7.70459,1.326075,28
36.800000,62.47690,8.64965,1.632524,29
36.800000,62.41251,9.69155,1.632524,30
36.900000,37.30991,-0.19850,-0.043251,0
36.900000,38.50000,-0.25000,0.000000,1
36.900000,39.50000,-0.25000,0.000000,2
36.900000,40.50000,-0.25000,0.000000,3
36.900000,41.50000,-0.25000,0.000000,4
36.900000,42.50000,-0.25000,0.000000,5
36.900000,43.50000,-0.25000,0.000000,6
36.900000,44.50000,-0.25000,0.000000,7
36.900000,45.50000,-0.25000,0.000000,8
36.900000,46.50000,-0.25000,0.000000,9
36.900000,47.50000,-0.25000,-0.244979,10
36.900000,48.50000,-0.50000,-0.244979,11
36.900000,49.50000,-0.75000,-0.229254,12
36.900000,50.53323,-0.99111,0.066667,13
36.900000,51.59733,-0.92007,0.365219,14
36.900000,52.61286,-0.53176,0.435461,15
36.900000,53.58394,-0.07997,0.505813,16
36.900000,54.50668,0.43112,0.576280,17
36.900000,55.37759,0.99709,0.400000,18
36.900000,56.29848,1.38643,0.466667,19
36.900000,57.19138,1.83626,0.533333,20
36.900000,58.05234,2.34457,0.600000,21
36.900000,58.87752,2.90911,0.666667,22
36.900000,59.66327,3.52737,0.733333,23
36.900000,60.40608,4.19659,0.800000,24
36.900000,61.10265,4.91382,1.113534,25
36.900000,61.55407,5.83125,1.184247,26
36.900000,61.93345,6.76333,1.255092,27
36.900000,62.24090,7.70459,1.326075,28
36.900000,62.47690,8.64965,1.632524,29
36.900000,62.41251,9.69155,1.632524,30
37.000000,37.28784,-0.20803,-0.034613,0
37.000000,38.50000,-0.25000,0.000000,1
37.000000,39.50000,-0.25000,0.000000,2
37.000000,40.50000,-0.25000,0.000000,3
37.000000,41.50000,-0.25000,0.000000,4
37.000000,42.50000,-0.25000,0.000000,5
37.000000,43.50000,-0.25000,0.000000,6
37.000000,44.50000,-0.25000,0.000000,7
37.000000,45.50000,-0.25000,0.000000,8
37.000000,46.50000,-0.25000,0.000000,9
37.000000,47.50000,-0.25000,-0.244979,10
37.000000,48.50000,-0.50000,-0.244979,11
37.000000,49.50000,-0.75000,-0.229254,12
37.000000,50.53323,-0.99111,0.066667,13
37.000000,51.59733,-0.92007,0.365219,14
37.000000,52.61286,-0.53176,0.435461,15
37.000000,53.58394,-0.07997,0.505813,16
37.000000,54.50668,0.43112,0.576280,17
37.000000,55.37759,0.99709,0.400000,18
37.000000,56.29848,1.38643,0.466667,19
37.000000,57.19138,1.83626,0.533333,20
37.000000,58.05234,2.34457,0.600000,21
37.000000,58.87752,2.90911,0.666667,22
37.000000,59.66327,3.52737,0.733333,23
37.000000,60.40608,4.19659,0.800000,24
37.000000,61.10265,4.91382,1.113534,25
37.000000,61.55407,5.83125,1.184247,26
37.000000,61.93345,6.76333,1.255092,27
37.000000,62.24090,7.70459,1.326075,28
37.000000,62.47690,8.64965,1.632524,29
37.000000,62.41251,9.69155,1.632524,30
37.100000,37.35392,-0.18148,-0.059712,0
37.100000,38.50000,-0.25000,0.000000,1
37.100000,39.50000,-0.25000,0.000000,2
37.100000,40.50000,-0.25000,0.000000,3
37.100000,41.50000,-0.25000,0.000000,4
37.100000,42.50000,-0.25000,0.000000,5
37.100000,43.50000,-0.25000,0.000000,6
37.100000,44.50000,-0.25000,0.000000,7
37.100000,45.50000,-0.25000,0.000000,8
37.100000,46.50000,-0.25000,0.000000,9
37.100000,47.50000,-0.25000,-0.244979,10
37.100000,48.50000,-0.50000,-0.244979,11
37.100000,49.50000,-0.75000,-0.229254,12
37.100000,50.53323,-0.99111,0.066667,13
37.100000,51.59733,-0.92007,0.365219,14
37.100000,52.61286,-0.53176,0.435461,15
37.100000,53.58394,-0.07997,0.505813,16
37.100000,54.50668,0.43112,0.576280,17
37.100000,55.37759,0.99709,0.400000,18
37.100000,56.29848,1.38643,0.466667,19
37.100000,57.19138,1.83626,0.533333,20
37.100000,58.05234,2.34457,0.600000,21
37.100000,58.87752,2.90911,0.666667,22
37.100000,59.66327,3.52737,0.733333,23
37.100000,60.40608,4.19659,0.800000,24
37.100000,61.10265,4.91382,1.113534,25
37.100000,61.55407,5.83125,1.184247,26
37.100000,61.93345,6.76333,1.255092,27
37.100000,62.24090,7.70459,1.326075,28
37.100000,62.47690,8.64965,1.632524,29
37.100000,62.41251,9.69155,1.632524,30
37.200000,37.41479,-0.16395,-0.079131,0
37.200000,38.50000,-0.25000,0.000000,1
37.200000,39.50000,-0.25000,0.000000,2
37.200000,40.50000,-0.25000,0.000000,3
37.200000,41.50000,-0.25000,0.000000,4
37.200000,42.50000,-0.25000,0.000000,5
37.200000,43.50000,-0.25000,0.000000,6
37.200000,44.50000,-0.25000,0.000000,7
37.200000,45.50000,-0.25000,0.000000,8
37.200000,46.50000,-0.25000,0.000000,9
37.200000,47.50000,-0.25000,-0.244979,10
37.200000,48.50000,-0.50000,-0.244979,11
37.200000,49.50000,-0.75000,-0.229254,12
37.200000,50.53323,-0.99111,0.066667,13
37.200000,51.59733,-0.92007,0.365219,14
37.200000,52.61286,-0.53176,0.435461,15
37.200000,53.58394,-0.07997,0.505813,16
37.200000,54.50668,0.43112,0.576280,17
37.200000,55.37759,0.99709,0.400000,18
37.200000,56.29848,1.38643,0.466667,19
37.200000,57.19138,1.83626,0.533333,20
37.200000,58.05234,2.34457,0.600000,21
37.200000,58.87752,2.90911,0.666667,22
37.200000,59.66327,3.52737,0.733333,23
37.200000,60.40608,4.19659,0.800000,24
37.200000,61.10265,4.91382,1.113534,25
37.200000,61.55407,5.83125,1.184247,26
37.200000,61.93345,6.76333,1.255092,27
37.200000,62.24090,7.70459,1.326075,28
37.200000,62.47690,8.64965,1.632524,29
37.200000,62.41251,9.69155,1.632524,30
37.300000,37.48735,-0.16623,-0.082536,0
37.300000,38.50000,-0.25000,0.000000,1
37.300000,39.50000,-0.25000,0.000000,2
37.300000,40.50000,-0.25000,0.000000,3
37.300000,41.50000,-0.25000,0.000000,4
37.300000,42.50000,-0.25000,0.000000,5
37.300000,43.50000,-0.25000,0.000000,6
37.300000,44.50000,-0.25000,0.000000,7
37.300000,45.50000,-0.25000,0.000000,8
37.300000,46.50000,-0.25000,0.000000,9
37.300000,47.50000,-0.25000,-0.244979,10
37.300000,48.50000,-0.50000,-0.244979,11
37.300000,49.50000,-0.75000,-0.229254,12
37.300000,50.53323,-0.99111,0.066667,13
37.300000,51.59733,-0.92007,0.365219,14
37.300000,52.61286,-0.53176,0.435461,15
37.300000,53.58394,-0.07997,0.505813,16
37.300000,54.50668,0.43112,0.576280,17
37.300000,55.37759,0.99709,0.400000,18
37.300000,56.29848,1.38643,0.466667,19
37.300000,57.19138,1.83626,0.533333,20
37.300000,58.05234,2.34457,0.600000,21
37.300000,58.87752,2.90911,0.666667,22
37.300000,59.66327,3.52737,0.733333,23
37.300000,60.40608,4.19659,0.800000,24
37.300000,61.10265,4.91382,1.113534,25
37.300000,61.55407,5.83125,1.184247,26
37.300000,61.93345,6.76333,1.255092,27
37.300000,62.24090,7.70459,1.326075,28
37.300000,62.47690,8.64965,1.632524,29
37.300000,62.41251,9.69155,1.632524,30
37.402000,37.56811,-0.18580,-0.068779,0
37.402000,38.50000,-0.25000,0.000000,1
37.402000,39.50000,-0.25000,0.000000,2
37.402000,40.50000,-0.25000,0.000000,3
37.402000,41.50000,-0.25000,0.000000,4
37.402000,42.50000,-0.25000,0.000000,5
37.402000,43.50000,-0.25000,0.000000,6
37.402000,44.50000,-0.25000,0.000000,7
37.402000,45.50000,-0.25000,0.000000,8
37.402000,46.50000,-0.25000,0.000000,9
37.402000,47.50000,-0.25000,-0.244979,10
37.402000,48.50000,-0.50000,-0.244979,11
37.402000,49.50000,-0.75000,-0.229254,12
37.402000,50.53323,-0.99111,0.066667,13
37.402000,51.59733,-0.92007,0.365219,14
37.402000,52.61286,-0.53176,0.435461,15
37.402000,53.58394,-0.07997,0.505813,16
37.402000,54.50668,0.43112,0.576280,17
37.402000,55.37759,0.99709,0.400000,18
37.402000,56.29848,1.38643,0.466667,19
37.402000,57.19138,1.83626,0.533333,20
37.402000,58.05234,2.34457,0.600000,21
37.402000,58.87752,2.90911,0.666667,22
37.402000,59.66327,3.52737,0.733333,23
37.402000,60.40608,4.19659,0.800000,24
37.402000,61.10265,4.91382,1.113534,25
37.402000,61.55407,5.83125,1.184247,26
37.402000,61.93345,6.76333,1.255092,27
37.402000,62.24090,7.70459,1.326075,28
37.402000,62.47690,8.64965,1.632524,29
37.402000,62.41251,9.69155,1.632524,30
37.502000,37.64748,-0.14053,-0.127714,0
37.502000,38.50000,-0.25000,0.000000,1
37.502000,39.50000,-0.25000,0.000000,2
37.502000,40.50000,-0.25000,0.000000,3
37.502000,41.50000,-0.25000,0.000000,4
37.502000,42.50000,-0.25000,0.000000,5
37.502000,43.50000,-0.25000,0.000000,6
37.502000,44.50000,-0.25000,0.000000,7
37.502000,45.50000,-0.25000,0.000000,8
37.502000,46.50000,-0.25000,0.000000,9
37.502000,47.50000,-0.25000,-0.244979,10
37.502000,48.50000,-0.50000,-0.244979,11
37.502000,49.50000,-0.75000,-0.229254,12
37.502000,50.53323,-0.99111,0.066667,13
37.502000,51.59733,-0.92007,0.365219,14
37.502000,52.61286,-0.53176,0.435461,15
37.502000,53.58394,-0.07997,0.505813,16
37.502000,54.50668,0.43112,0.576280,17
37.502000,55.37759,0.99709,0.400000,18
37.502000,56.29848,1.38643,0.466667,19
37.502000,57.19138,1.83626,0.533333,20
37.502000,58.05234,2.34457,0.600000,21
37.502000,58.87752,2.90911,0.666667,22
37.502000,59.66327,3.52737,0.733333,23
37.502000,60.40608,4.19659,0.800000,24
37.502000,61.10265,4.91382,1.113534,25
37.502000,61.55407,5.83125,1.184247,26
37.502000,61.93345,6.76333,1.255092,27
37.502000,62.24090,7.70459,1.326075,28
37.502000,62.47690,8.64965,1.632524,29
37.502000,62.41251,9.69155,1.632524,30
37.600000,37.75003,-0.14150,-0.086587,0
37.600000,39.00000,-0.25000,0.000000,1
37.600000,40.00000,-0.25000,0.000000,2
37.600000,41.00000,-0.25000,0.000000,3
37.600000,42.00000,-0.25000,0.000000,4
37.600000,43.00000,-0.25000,0.000000,5
37.600000,44.00000,-0.25000,0.000000,6
37.600000,45.00000,-0.25000,0.000000,7
37.600000,46.00000,-0.25000,0.000000,8
37.600000,47.00000,-0.25000,-0.244979,9
37.600000,48.00000,-0.50000,-0.244979,10
37.600000,49.00000,-0.75000,-0.244979,11
37.600000,50.00000,-1.00000,0.033333,12
37.600000,51.06588,-0.96446,0.100000,13
37.600000,52.12702,-0.85799,0.398552,14
37.600000,53.12904,-0.43605,0.468794,15
37.600000,54.08452,0.04785,0.539146,16
37.600000,54.98972,0.58941,0.609613,17
37.600000,55.84128,1.18409,0.433333,18
37.600000,56.74868,1.60391,0.500000,19
37.600000,57.62610,2.08324,0.566667,20
37.600000,58.46964,2.61997,0.633333,21
37.600000,59.27555,3.21169,0.700000,22
37.600000,60.04025,3.85579,0.766667,23
37.600000,60.76034,4.54940,1.080200,24
37.600000,61.24209,5.45128,1.150914,25
37.600000,61.65232,6.37020,1.221759,26
37.600000,61.99096,7.30069,1.292742,27
37.600000,62.25833,8.23736,1.599191,28
37.600000,62.22870,9.28082,1.166667,29
37.600000,62.58253,10.10817,1.166667,30
37.702000,37.88018,-0.15602,-0.083728,0
37.702000,39.00000,-0.25000,0.000000,1
37.702000,40.00000,-0.25000,0.000000,2
37.702000,41.00000,-0.25000,0.000000,3
37.702000,42.00000,-0.25000,0.000000,4
37.702000,43.00000,-0.25000,0.000000,5
37.702000,44.00000,-0.25000,0.000000,6
37.702000,45.00000,-0.25000,0.000000,7
37.702000,46.00000,-0.25000,0.000000,8
37.702000,47.00000,-0.25000,-0.244979,9
37.702000,48.00000,-0.50000,-0.244979,10
37.702000,49.00000,-0.75000,-0.244979,11
37.702000,50.00000,-1.00000,0.033333,12
37.702000,51.06588,-0.96446,0.100000,13
37.702000,52.12702,-0.85799,0.398552,14
37.702000,53.12904,-0.43605,0.468794,15
37.702000,54.08452,0.04785,0.539146,16
37.702000,54.98972,0.58941,0.609613,17
37.702000,55.84128,1.18409,0.433333,18
37.702000,56.74868,1.60391,0.500000,19
37.702000,57.62610,2.08324,0.566667,20
37.702000,58.46964,2.61997,0.633333,21
37.702000,59.27555,3.21169,0.700000,22
37.702000,60.04025,3.85579,0.766667,23
37.702000,60.76034,4.54940,1.080200,24
37.702000,61.24209,5.45128,1.150914,25
37.702000,61.65232,6.37020,1.221759,26
37.702000,61.99096,7.30069,1.292742,27
37.702000,62.25833,8.23736,1.599191,28
37.702000,62.22870,9.28082,1.166667,29
37.702000,62.58253,10.10817,1.166667,30
37.800000,38.02936,-0.17679,-0.075285,0
37.800000,39.00000,-0.25000,0.000000,1
37.800000,40.00000,-0.25000,0.000000,2
37.800000,41.00000,-0.25000,0.000000,3
37.800000,42.00000,-0.25000,0.000000,4
37.800000,43.00000,-0.25000,0.000000,5
37.800000,44.00000,-0.25000,0.000000,6
37.800000,45.00000,-0.25000,0.000000,7
37.800000,46.00000,-0.25000,0.000000,8
37.800000,47.00000,-0.25000,-0.244979,9
37.800000,48.00000,-0.50000,-0.244979,10
37.800000,49.00000,-0.75000,-0.244979,11
37.800000,50.00000,-1.00000,0.033333,12
37.800000,51.06588,-0.96446,0.100000,13
37.800000,52.12702,-0.85799,0.398552,14
37.800000,53.12904,-0.43605,0.468794,15
37.800000,54.08452,0.04785,0.539146,16
37.800000,54.98972,0.58941,0.609613,17
37.800000,55.84128,1.18409,0.433333,18
37.800000,56.74868,1.60391,0.500000,19
37.800000,57.62610,2.08324,0.566667,20
37.800000,58.46964,2.61997,0.633333,21
37.800000,59.27555,3.21169,0.700000,22
37.800000,60.04025,3.85579,0.766667,23
37.800000,60.76034,4.54940,1.080200,24
37.800000,61.24209,5.45128,1.150914,25
37.800000,61.65232,6.37020,1.221759,26
37.800000,61.99096,7.30069,1.292742,27
37.800000,62.25833,8.23736,1.599191,28
37.800000,62.22870,9.28082,1.166667,29
37.800000,62.58253,10.10817,1.166667,30
37.900000,38.17907,-0.18824,-0.075085,0
37.900000,39.00000,-0.25000,0.000000,1
37.900000,40.00000,-0.25000,0.000000,2
37.900000,41.00000,-0.25000,0.000000,3
37.900000,42.00000,-0.25000,0.000000,4
37.900000,43.00000,-0.25000,0.000000,5
37.900000,44.00000,-0.25000,0.000000,6
37.900000,45.00000,-0.25000,0.000000,7
37.900000,46.00000,-0.25000,0.000000,8
37.900000,47.00000,-0.25000,-0.244979,9
37.900000,48.00000,-0.50000,-0.244979,10
37.900000,49.00000,-0.75000,-0.244979,11
37.900000,50.00000,-1.00000,0.033333,12
37.900000,51.06588,-0.96446,0.100000,13
37.900000,52.12702,-0.85799,0.398552,14
37.900000,53.12904,-0.43605,0.468794,15
37.900000,54.08452,0.04785,0.539146,16
37.900000,54.98972,0.58941,0.609613,17
37.900000,55.84128,1.18409,0.433333,18
37.900000,56.74868,1.60391,0.500000,19
37.900000,57.62610,2.08324,0.566667,20
37.900000,58.46964,2.61997,0.633333,21
37.900000,59.27555,3.21169,0.700000,22
37.900000,60.04025,3.85579,0.766667,23
37.900000,60.76034,4.54940,1.080200,24
37.900000,61.24209,5.45128,1.150914,25
37.900000,61.65232,6.37020,1.221759,26
37.900000,61.99096,7.30069,1.292742,27
37.900000,62.25833,8.23736,1.599191,28
37.900000,62.22870,9.28082,1.166667,29
37.900000,62.58253,10.10817,1.166667,30
38.000000,38.33866,-0.20560,-0.038217,0
38.000000,39.50000,-0.25000,0.000000,1
38.000000,40.50000,-0.25000,0.000000,2
38.000000,41.50000,-0.25000,0.000000,3
38.000000,42.50000,-0.25000,0.000000,4
38.000000,43.50000,-0.25000,0.000000,5
38.000000,44.50000,-0.25000,0.000000,6
38.000000,45.50000,-0.25000,0.000000,7
38.000000,46.50000,-0.25000,0.000000,8
38.000000,47.50000,-0.25000,-0.244979,9
38.000000,48.50000,-0.50000,-0.244979,10
38.000000,49.50000,-0.75000,-0.229254,11
38.000000,50.53323,-0.99111,0.066667,12
38.000000,51.59733,-0.92007,0.365219,13
38.000000,52.61286,-0.53176,0.435461,14
38.000000,53.58394,-0.07997,0.505813,15
38.000000,54.50668,0.43112,0.576280,16
38.000000,55.37759,0.99709,0.400000,17
38.000000,56.29848,1.38643,0.466667,18
38.000000,57.19138,1.83626,0.533333,19
38.000000,58.05234,2.34457,0.600000,20
38.000000,58.87752,2.90911,0.666667,21
38.000000,59.66327,3.52737,0.733333,22
38.000000,60.40608,4.19659,0.800000,23
38.000000,61.10265,4.91382,1.113534,24
38.000000,61.55407,5.83125,1.184247,25
38.000000,61.93345,6.76333,1.255092,26
38.000000,62.24090,7.70459,1.326075,27
38.000000,62.47690,8.64965,1.632524,28
38.000000,62.41251,9.69155,1.200000,29
38.000000,62.73857,10.53023,1.200000,30
38.100000,38.48384,-0.25391,0.003851,0
38.100000,39.50000,-0.25000,0.000000,1
38.100000,40.50000,-0.25000,0.000000,2
38.100000,41.50000,-0.25000,0.000000,3
38.100000,42.50000,-0.25000,0.000000,4
38.100000,43.50000,-0.25000,0.000000,5
38.100000,44.50000,-0.25000,0.000000,6
38.100000,45.50000,-0.25000,0.000000,7
38.100000,46.50000,-0.25000,-0.244979,8
38.100000,47.50000,-0.50000,0.000000,9
38.100000,48.50000,-0.50000,-0.244979,10
38.100000,49.50000,-0.75000,-0.229254,11
38.100000,50.53323,-0.99111,0.066667,12
38.100000,51.59733,-0.92007,0.365219,13
38.100000,52.61286,-0.53176,0.435461,14
38.100000,53.58394,-0.07997,0.505813,15
38.100000,54.50668,0.43112,0.576280,16
38.100000,55.37759,0.99709,0.400000,17
38.100000,56.29848,1.38643,0.466667,18
38.100000,57.19138,1.83626,0.533333,19
38.100000,58.05234,2.34457,0.600000,20
38.100000,58.87752,2.90911,0.666667,21
38.100000,59.66327,3.52737,0.733333,22
38.100000,60.40608,4.19659,0.800000,23
38.100000,61.10265,4.91382,1.113534,24
38.100000,61.55407,5.83125,1.184247,25
38.100000,61.93345,6.76333,1.255092,26
38.100000,62.24090,7.70459,1.558322,27
38.100000,62.25410,8.76305,1.401818,28
38.100000,62.41251,9.69155,1.200000,29
38.100000,62.73857,10.53023,1.200000,30
38.200000,38.67540,-0.33275,0.100021,0
38.200000,39.50000,-0.25000,0.000000,1
38.200000,40.50000,-0.25000,0.000000,2
38.200000,41.50000,-0.25000,0.000000,3
38.200000,42.50000,-0.25000,0.000000,4
38.200000,43.50000,-0.25000,0.000000,5
38.200000,44.50000,-0.25000,0.000000,6
38.200000,45.50000,-0.25000,0.000000,7
38.200000,46.50000,-0.25000,0.000000,8
38.200000,47.50000,-0.25000,-0.244979,9
38.200000,48.50000,-0.50000,-0.244979,10
38.200000,49.50000,-0.75000,-0.229254,11
38.200000,50.53323,-0.99111,0.066667,12
38.200000,51.59733,-0.92007,0.365219,13
38.200000,52.61286,-0.53176,0.435461,14
38.200000,53.58394,-0.07997,0.505813,15
38.200000,54.50668,0.43112,0.333333,16
38.200000,55.46721,0.76370,0.400000,17
38.200000,56.40345,1.15954,0.466667,18
38.200000,57.31124,1.61687,0.533333,19
38.200000,58.18655,2.13365,0.600000,20
38.200000,59.02548,2.70760,0.666667,21
38.200000,59.82432,3.33616,0.733333,22
38.200000,60.57951,4.01654,0.800000,23
38.200000,61.28770,4.74571,0.866667,24
38.200000,61.94574,5.52045,0.933333,25
38.200000,62.55070,6.33730,1.000000,26
38.200000,63.09991,7.19264,1.066667,27
38.200000,63.59091,8.08266,1.133333,28
38.200000,64.02154,9.00342,1.200000,29
38.200000,64.38986,9.95081,1.200000,30
38.300000,38.92770,-0.40060,0.139536,0
38.300000,40.00000,-0.25000,0.000000,1
38.300000,41.00000,-0.25000,0.000000,2
38.300000,42.00000,-0.25000,0.000000,3
38.300000,43.00000,-0.25000,0.000000,4
38.300000,44.00000,-0.25000,0.000000,5
38.300000,45.00000,-0.25000,0.000000,6
38.300000,46.00000,-0.25000,0.000000,7
38.300000,47.00000,-0.25000,-0.244979,8
38.300000,48.00000,-0.50000,-0.244979,9
38.300000,49.00000,-0.75000,0.000000,10
38.300000,50.00000,-0.75000,-0.198552,11
38.300000,51.06588,-0.96446,0.100000,12
38.300000,52.12702,-0.85799,0.398552,13
38.300000,53.12904,-0.43605,0.468794,14
38.300000,54.08452,0.04785,0.539146,15
38.300000,54.98972,0.58941,0.366667,16
38.300000,55.93863,0.95382,0.433333,17
38.300000,56.86116,1.38064,0.500000,18
38.300000,57.75320,1.86796,0.566667,19
38.300000,58.61080,2.41363,0.633333,20
38.300000,59.43014,3.01522,0.700000,21
38.300000,60.20759,3.67005,0.766667,22
38.300000,60.93968,4.37522,0.833333,23
38.300000,61.62317,5.12760,0.900000,24
38.300000,62.25503,5.92383,0.966667,25
38.300000,62.83243,6.76039,1.033333,26
38.300000,63.35283,7.63356,1.100000,27
38.300000,63.81390,8.53945,1.166667,28
38.300000,64.21360,9.47404,1.233333,29
38.300000,64.55015,10.43319,1.233333,30
38.400000,39.04460,-0.47013,-0.031252,0
38.400000,40.00000,-0.50000,0.000000,1
38.400000,41.00000,-0.50000,0.000000,2
38.400000,42.00000,-0.50000,0.000000,3
38.400000,43.00000,-0.50000,0.000000,4
38.400000,44.00000,-0.50000,0.000000,5
38.400000,45.00000,-0.50000,0.000000,6
38.400000,46.00000,-0.50000,0.000000,7
38.400000,47.00000,-0.50000,0.000000,8
38.400000,48.00000,-0.50000,-0.244979,9
38.400000,49.00000,-0.75000,-0.244979,10
38.400000,50.00000,-1.00000,0.033333,11
38.400000,51.06588,-0.96446,0.100000,12
38.400000,52.12702,-0.85799,0.398552,13
38.400000,53.12904,-0.43605,0.468794,14
38.400000,54.08452,0.04785,0.539146,15
38.400000,54.98972,0.58941,0.366667,16
38.400000,55.93863,0.95382,0.433333,17
38.400000,56.86116,1.38064,0.500000,18
38.400000,57.75320,1.86796,0.566667,19
38.400000,58.61080,2.41363,0.633333,20
38.400000,59.43014,3.01522,0.700000,21
38.400000,60.20759,3.67005,0.766667,22
38.400000,60.93968,4.37522,0.833333,23
38.400000,61.62317,5.12760,0.900000,24
38.400000,62.25503,5.92383,0.966667,25
38.400000,62.83243,6.76039,1.033333,26
38.400000,63.35283,7.63356,1.100000,27
38.400000,63.81390,8.53945,1.166667,28
38.400000,64.21360,9.47404,1.233333,29
38.400000,64.55015,10.43319,1.233333,30
38.500000,39.26736,-0.53420,0.027736,0
38.500000,40.50000,-0.50000,0.000000,1
38.500000,41.50000,-0.50000,0.000000,2
38.500000,42.50000,-0.50000,0.000000,3
38.500000,43.50000,-0.50000,0.000000,4
38.500000,44.50000,-0.50000,0.000000,5
38.500000,45.50000,-0.50000,0.000000,6
38.500000,46.50000,-0.50000,0.000000,7
38.500000,47.50000,-0.50000,0.000000,8
38.500000,48.50000,-0.50000,-0.244979,9
38.500000,49.50000,-0.75000,-0.229254,10
38.500000,50.53323,-0.99111,0.066667,11
38.500000,51.59733,-0.92007,0.365219,12
38.500000,52.61286,-0.53176,0.435461,13
38.500000,53.58394,-0.07997,0.505813,14
38.500000,54.50668,0.43112,0.333333,15
38.500000,55.46721,0.76370,0.400000,16
38.500000,56.40345,1.15954,0.466667,17
38.500000,57.31124,1.61687,0.533333,18
38.500000,58.18655,2.13365,0.600000,19
38.500000,59.02548,2.70760,0.666667,20
38.500000,59.82432,3.33616,0.733333,21
38.500000,60.57951,4.01654,0.800000,22
38.500000,61.28770,4.74571,0.866667,23
38.500000,61.94574,5.52045,0.933333,24
38.500000,62.55070,6.33730,1.000000,25
38.500000,63.09991,7.19264,1.066667,26
38.500000,63.59091,8.08266,1.133333,27
38.500000,64.02154,9.00342,1.200000,28
38.500000,64.38986,9.95081,1.266667,29
38.500000,64.69426,10.92064,1.266667,30
38.600000,39.43833,-0.61658,0.109374,0
38.600000,40.50000,-0.50000,0.000000,1
38.600000,41.50000,-0.50000,0.000000,2
38.600000,42.50000,-0.50000,0.000000,3
38.600000,43.50000,-0.50000,0.000000,4
38.600000,44.50000,-0.50000,0.000000,5
38.600000,45.50000,-0.50000,0.000000,6
38.600000,46.50000,-0.50000,0.000000,7
38.600000,47.50000,-0.50000,0.000000,8
38.600000,48.50000,-0.50000,-0.244979,9
38.600000,49.50000,-0.75000,-0.229254,10
38.600000,50.53323,-0.99111,0.066667,11
38.600000,51.59733,-0.92007,0.365219,12
38.600000,52.61286,-0.53176,0.435461,13
38.600000,53.58394,-0.07997,0.505813,14
38.600000,54.50668,0.43112,0.333333,15
38.600000,55.46721,0.76370,0.400000,16
38.600000,56.40345,1.15954,0.466667,17
38.600000,57.31124,1.61687,0.533333,18
38.600000,58.18655,2.13365,0.600000,19
38.600000,59.02548,2.70760,0.666667,20
38.600000,59.82432,3.33616,0.733333,21
38.600000,60.57951,4.01654,0.800000,22
38.600000,61.28770,4.74571,0.866667,23
38.600000,61.94574,5.52045,0.933333,24
38.600000,62.55070,6.33730,1.000000,25
38.600000,63.09991,7.19264,1.066667,26
38.600000,63.59091,8.08266,1.133333,27
38.600000,64.02154,9.00342,1.200000,28
38.600000,64.38986,9.95081,1.266667,29
38.600000,64.69426,10.92064,1.266667,30
38.700000,39.72646,-0.68135,0.230280,0
38.700000,40.50000,-0.50000,0.000000,1
38.700000,41.50000,-0.50000,0.000000,2
38.700000,42.50000,-0.50000,0.000000,3
38.700000,43.50000,-0.50000,0.000000,4
38.700000,44.50000,-0.50000,0.000000,5
38.700000,45.50000,-0.50000,0.000000,6
38.700000,46.50000,-0.50000,0.000000,7
38.700000,47.50000,-0.50000,0.000000,8
38.700000,48.50000,-0.50000,-0.244979,9
38.700000,49.50000,-0.75000,-0.229254,10
38.700000,50.53323,-0.99111,0.066667,11
38.700000,51.59733,-0.92007,0.365219,12
38.700000,52.61286,-0.53176,0.435461,13
38.700000,53.58394,-0.07997,0.505813,14
38.700000,54.50668,0.43112,0.333333,15
38.700000,55.46721,0.76370,0.400000,16
38.700000,56.40345,1.15954,0.466667,17
38.700000,57.31124,1.61687,0.533333,18
38.700000,58.18655,2.13365,0.600000,19
38.700000,59.02548,2.70760,0.666667,20
38.700000,59.82432,3.33616,0.733333,21
38.700000,60.57951,4.01654,0.800000,22
38.700000,61.28770,4.74571,0.866667,23
38.700000,61.94574,5.52045,0.933333,24
38.700000,62.55070,6.33730,1.000000,25
38.700000,63.09991,7.19264,1.066667,26
38.700000,63.59091,8.08266,1.133333,27
38.700000,64.02154,9.00342,1.200000,28
38.700000,64.38986,9.95081,1.266667,29
38.700000,64.69426,10.92064,1.266667,30
38.800000,39.93403,-0.76918,0.247350,0
38.800000,41.00000,-0.50000,0.000000,1
38.800000,42.00000,-0.50000,0.000000,2
38.800000,43.00000,-0.50000,0.000000,3
38.800000,44.00000,-0.50000,0.000000,4
38.800000,45.00000,-0.50000,0.000000,5
38.800000,46.00000,-0.50000,0.000000,6
38.800000,47.00000,-0.50000,0.000000,7
38.800000,48.00000,-0.50000,-0.244979,8
38.800000,49.00000,-0.75000,-0.244979,9
38.800000,50.00000,-1.00000,0.033333,10
38.800000,51.06588,-0.96446,0.100000,11
38.800000,52.12702,-0.85799,0.398552,12
38.800000,53.12904,-0.43605,0.468794,13
38.800000,54.08452,0.04785,0.539146,14
38.800000,54.98972,0.58941,0.366667,15
38.800000,55.93863,0.95382,0.433333,16
38.800000,56.86116,1.38064,0.500000,17
38.800000,57.75320,1.86796,0.566667,18
38.800000,58.61080,2.41363,0.633333,19
38.800000,59.43014,3.01522,0.700000,20
38.800000,60.20759,3.67005,0.766667,21
38.800000,60.93968,4.37522,0.833333,22
38.800000,61.62317,5.12760,0.900000,23
38.800000,62.25503,5.92383,0.966667,24
38.800000,62.83243,6.76039,1.033333,25
38.800000,63.35283,7.63356,1.100000,26
38.800000,63.81390,8.53945,1.166667,27
38.800000,64.21360,9.47404,1.233333,28
38.800000,64.55015,10.43319,1.300000,29
38.800000,64.82205,11.41263,1.300000,30
38.900000,40.17354,-0.84091,0.391230,0
38.900000,41.00000,-0.50000,0.000000,1
38.900000,42.00000,-0.50000,0.000000,2
38.900000,43.00000,-0.50000,0.000000,3
38.900000,44.00000,-0.50000,0.000000,4
38.900000,45.00000,-0.50000,0.000000,5
38.900000,46.00000,-0.50000,0.000000,6
38.900000,47.00000,-0.50000,0.000000,7
38.900000,48.00000,-0.50000,-0.244979,8
38.900000,49.00000,-0.75000,-0.244979,9
38.900000,50.00000,-1.00000,0.033333,10
38.900000,51.06588,-0.96446,0.100000,11
38.900000,52.12702,-0.85799,0.398552,12
38.900000,53.12904,-0.43605,0.468794,13
38.900000,54.08452,0.04785,0.539146,14
38.900000,54.98972,0.58941,0.366667,15
38.900000,55.93863,0.95382,0.433333,16
38.900000,56.86116,1.38064,0.500000,17
38.900000,57.75320,1.86796,0.566667,18
38.900000,58.61080,2.41363,0.633333,19
38.900000,59.43014,3.01522,0.700000,20
38.900000,60.20759,3.67005,0.766667,21
38.900000,60.93968,4.37522,0.833333,22
38.900000,61.62317,5.12760,0.900000,23
38.900000,62.25503,5.92383,0.966667,24
38.900000,62.83243,6.76039,1.033333,25
38.900000,63.35283,7.63356,1.100000,26
38.900000,63.81390,8.53945,1.166667,27
38.900000,64.21360,9.47404,1.233333,28
38.900000,64.55015,10.43319,1.300000,29
38.900000,64.82205,11.41263,1.300000,30
39.000000,40.39509,-0.89459,0.343005,0
39.000000,41.50000,-0.50000,0.000000,1
39.000000,42.50000,-0.50000,0.000000,2
39.000000,43.50000,-0.50000,0.000000,3
39.000000,44.50000,-0.50000,0.000000,4
39.000000,45.50000,-0.50000,0.000000,5
39.000000,46.50000,-0.50000,0.000000,6
39.000000,47.50000,-0.50000,0.000000,7
39.000000,48.50000,-0.50000,-0.244979,8
39.000000,49.50000,-0.75000,-0.229254,9
39.000000,50.53323,-0.99111,0.066667,10
39.000000,51.59733,-0.92007,0.365219,11
39.000000,52.61286,-0.53176,0.435461,12
39.000000,53.58394,-0.07997,0.505813,13
39.000000,54.50668,0.43112,0.576280,14
39.000000,55.37759,0.99709,0.400000,15
39.000000,56.29848,1.38643,0.466667,16
39.000000,57.19138,1.83626,0.533333,17
39.000000,58.05234,2.34457,0.600000,18
39.000000,58.87752,2.90911,0.666667,19
39.000000,59.66327,3.52737,0.733333,20
39.000000,60.40608,4.19659,0.800000,21
39.000000,61.10265,4.91382,0.866667,22
39.000000,61.74990,5.67585,0.933333,23
39.000000,62.34495,6.47931,1.000000,24
39.000000,62.88515,7.32063,1.066667,25
39.000000,63.36811,8.19606,1.133333,26
39.000000,63.79167,9.10172,1.200000,27
39.000000,64.15397,10.03359,1.266667,28
39.000000,64.45337,10.98752,1.333333,29
39.000000,64.68857,11.95928,1.333333,30
39.100000,40.63172,-0.93695,0.466231,0
39.100000,41.50000,-0.50000,0.000000,1
39.100000,42.50000,-0.50000,0.000000,2
39.100000,43.50000,-0.50000,0.000000,3
39.100000,44.50000,-0.50000,0.000000,4
39.100000,45.50000,-0.50000,0.000000,5
39.100000,46.50000,-0.50000,0.000000,6
39.100000,47.50000,-0.50000,0.000000,7
39.100000,48.50000,-0.50000,-0.244979,8
39.100000,49.50000,-0.75000,-0.229254,9
39.100000,50.53323,-0.99111,0.066667,10
39.100000,51.59733,-0.92007,0.365219,11
39.100000,52.61286,-0.53176,0.435461,12
39.100000,53.58394,-0.07997,0.505813,13
39.100000,54.50668,0.43112,0.333333,14
39.100000,55.46721,0.76370,0.400000,15
39.100000,56.40345,1.15954,0.466667,16
39.100000,57.31124,1.61687,0.533333,17
39.100000,58.18655,2.13365,0.600000,18
39.100000,59.02548,2.70760,0.666667,19
39.100000,59.82432,3.33616,0.733333,20
39.100000,60.57951,4.01654,0.800000,21
39.100000,61.28770,4.74571,0.866667,22
39.100000,61.94574,5.52045,0.933333,23
39.100000,62.55070,6.33730,1.000000,24
39.100000,63.09991,7.19264,1.066667,25
39.100000,63.59091,8.08266,1.133333,26
39.100000,64.02154,9.00342,1.200000,27
39.100000,64.38986,9.95081,1.266667,28
39.100000,64.69426,10.92064,1.333333,29
39.100000,64.93338,11.90860,1.333333,30
39.200000,40.86438,-0.99090,0.209035,0
39.200000,42.00000,-0.75000,0.000000,1
39.200000,43.00000,-0.75000,0.000000,2
39.200000,44.00000,-0.75000,0.000000,3
39.200000,45.00000,-0.75000,0.000000,4
39.200000,46.00000,-0.75000,0.000000,5
39.200000,47.00000,-0.75000,0.000000,6
39.200000,48.00000,-0.75000,0.000000,7
39.200000,49.00000,-0.75000,-0.244979,8
39.200000,50.00000,-1.00000,0.033333,9
39.200000,51.06588,-0.96446,0.100000,10
39.200000,52.12702,-0.85799,0.398552,11
39.200000,53.12904,-0.43605,0.468794,12
39.200000,54.08452,0.04785,0.539146,13
39.200000,54.98972,0.58941,0.366667,14
39.200000,55.93863,0.95382,0.433333,15
39.200000,56.86116,1.38064,0.500000,16
39.200000,57.75320,1.86796,0.566667,17
39.200000,58.61080,2.41363,0.633333,18
39.200000,59.43014,3.01522,0.700000,19
39.200000,60.20759,3.67005,0.766667,20
39.200000,60.93968,4.37522,0.833333,21
39.200000,61.62317,5.12760,0.900000,22
39.200000,62.25503,5.92383,0.966667,23
39.200000,62.83243,6.76039,1.033333,24
39.200000,63.35283,7.63356,1.100000,25
39.200000,63.81390,8.53945,1.166667,26
39.200000,64.21360,9.47404,1.233333,27
39.200000,64.55015,10.43319,1.300000,28
39.200000,64.82205,11.41263,1.366667,29
39.200000,65.02811,12.40800,1.366667,30
39.300000,41.08309,-1.02807,0.294456,0
39.300000,42.00000,-0.75000,0.000000,1
39.300000,43.00000,-0.75000,0.000000,2
39.300000,44.00000,-0.75000,0.000000,3
39.300000,45.00000,-0.75000,0.000000,4
39.300000,46.00000,-0.75000,0.000000,5
39.300000,47.00000,-0.75000,0.000000,6
39.300000,48.00000,-0.75000,0.000000,7
39.300000,49.00000,-0.75000,-0.244979,8
39.300000,50.00000,-1.00000,0.033333,9
39.300000,51.06588,-0.96446,0.100000,10
39.300000,52.12702,-0.85799,0.398552,11
39.300000,53.12904,-0.43605,0.468794,12
39.300000,54.08452,0.04785,0.539146,13
39.300000,54.98972,0.58941,0.366667,14
39.300000,55.93863,0.95382,0.433333,15
39.300000,56.86116,1.38064,0.500000,16
39.300000,57.75320,1.86796,0.566667,17
39.300000,58.61080,2.41363,0.633333,18
39.300000,59.43014,3.01522,0.700000,19
39.300000,60.20759,3.67005,0.766667,20
39.300000,60.93968,4.37522,0.833333,21
39.300000,61.62317,5.12760,0.900000,22
39.300000,62.25503,5.92383,0.966667,23
39.300000,62.83243,6.76039,1.033333,24
39.300000,63.35283,7.63356,1.100000,25
39.300000,63.81390,8.53945,1.166667,26
39.300000,64.21360,9.47404,1.233333,27
39.300000,64.55015,10.43319,1.300000,28
39.300000,64.82205,11.41263,1.366667,29
39.300000,65.02811,12.40800,1.366667,30
39.400000,41.33957,-1.06620,0.266030,0
39.400000,42.50000,-0.75000,0.000000,1
39.400000,43.50000,-0.75000,0.000000,2
39.400000,44.50000,-0.75000,0.000000,3
39.400000,45.50000,-0.75000,0.000000,4
39.400000,46.50000,-0.75000,0.000000,5
39.400000,47.50000,-0.75000,0.000000,6
39.400000,48.50000,-0.75000,0.000000,7
39.400000,49.50000,-0.75000,-0.229254,8
39.400000,50.53323,-0.99111,0.066667,9
39.400000,51.59733,-0.92007,0.365219,10
39.400000,52.61286,-0.53176,0.435461,11
39.400000,53.58394,-0.07997,0.505813,12
39.400000,54.50668,0.43112,0.333333,13
39.400000,55.46721,0.76370,0.400000,14
39.400000,56.40345,1.15954,0.466667,15
39.400000,57.31124,1.61687,0.533333,16
39.400000,58.18655,2.13365,0.600000,17
39.400000,59.02548,2.70760,0.666667,18
39.400000,59.82432,3.33616,0.733333,19
39.400000,60.57951,4.01654,0.800000,20
39.400000,61.28770,4.74571,0.866667,21
39.400000,61.94574,5.52045,0.933333,22
39.400000,62.55070,6.33730,1.000000,23
39.400000,63.09991,7.19264,1.066667,24
39.400000,63.59091,8.08266,1.133333,25
39.400000,64.02154,9.00342,1.200000,26
39.400000,64.38986,9.95081,1.266667,27
39.400000,64.69426,10.92064,1.333333,28
39.400000,64.93338,11.90860,1.400000,29
39.400000,65.10614,12.91029,1.400000,30
39.500000,41.65826,-1.09851,0.392552,0
39.500000,42.50000,-0.75000,0.000000,1
39.500000,43.50000,-0.75000,0.000000,2
39.500000,44.50000,-0.75000,0.000000,3
39.500000,45.50000,-0.75000,0.000000,4
39.500000,46.50000,-0.75000,0.000000,5
39.500000,47.50000,-0.75000,0.000000,6
39.500000,48.50000,-0.75000,0.000000,7
39.500000,49.50000,-0.75000,-0.229254,8
39.500000,50.53323,-0.99111,0.066667,9
39.500000,51.59733,-0.92007,0.365219,10
39.500000,52.61286,-0.53176,0.435461,11
39.500000,53.58394,-0.07997,0.505813,12
39.500000,54.50668,0.43112,0.333333,13
39.500000,55.46721,0.76370,0.400000,14
39.500000,56.40345,1.15954,0.466667,15
39.500000,57.31124,1.61687,0.533333,16
39.500000,58.18655,2.13365,0.600000,17
39.500000,59.02548,2.70760,0.666667,18
39.500000,59.82432,3.33616,0.733333,19
39.500000,60.57951,4.01654,0.800000,20
39.500000,61.28770,4.74571,0.866667,21
39.500000,61.94574,5.52045,0.933333,22
39.500000,62.55070,6.33730,1.000000,23
39.500000,63.09991,7.19264,1.066667,24
39.500000,63.59091,8.08266,1.133333,25
39.500000,64.02154,9.00342,1.200000,26
39.500000,64.38986,9.95081,1.266667,27
39.500000,64.69426,10.92064,1.333333,28
39.500000,64.93338,11.90860,1.400000,29
39.500000,65.10614,12.91029,1.400000,30
39.600000,41.76259,-1.07235,0.254837,0
39.600000,43.00000,-0.75000,0.000000,1
39.600000,44.00000,-0.75000,0.000000,2
39.600000,45.00000,-0.75000,0.000000,3
39.600000,46.00000,-0.75000,0.000000,4
39.600000,47.00000,-0.75000,0.000000,5
39.600000,48.00000,-0.75000,0.000000,6
39.600000,49.00000,-0.75000,0.000000,7
39.600000,50.00000,-0.75000,-0.198552,8
39.600000,51.06588,-0.96446,0.100000,9
39.600000,52.12702,-0.85799,0.398552,10
39.600000,53.12904,-0.43605,0.468794,11
39.600000,54.08452,0.04785,0.539146,12
39.600000,54.98972,0.58941,0.366667,13
39.600000,55.93863,0.95382,0.433333,14
39.600000,56.86116,1.38064,0.500000,15
39.600000,57.75320,1.86796,0.566667,16
39.600000,58.61080,2.41363,0.633333,17
39.600000,59.43014,3.01522,0.700000,18
39.600000,60.20759,3.67005,0.766667,19
39.600000,60.93968,4.37522,0.833333,20
39.600000,61.62317,5.12760,0.900000,21
39.600000,62.25503,5.92383,0.966667,22
39.600000,62.83243,6.76039,1.033333,23
39.600000,63.35283,7.63356,1.100000,24
39.600000,63.81390,8.53945,1.166667,25
39.600000,64.21360,9.47404,1.233333,26
39.600000,64.55015,10.43319,1.300000,27
39.600000,64.82205,11.41263,1.366667,28
39.600000,65.02811,12.40800,1.433333,29
39.600000,65.16740,13.41489,1.433333,30
39.700000,41.96828,-1.07593,0.305985,0
39.700000,43.00000,-0.75000,0.000000,1
39.700000,44.00000,-0.75000,0.000000,2
39.700000,45.00000,-0.75000,0.000000,3
39.700000,46.00000,-0.75000,0.000000,4
39.700000,47.00000,-0.75000,0.000000,5
39.700000,48.00000,-0.75000,0.000000,6
39.700000,49.00000,-0.75000,-0.244979,7
39.700000,50.00000,-1.00000,0.033333,8
39.700000,51.06588,-0.96446,0.100000,9
39.700000,52.12702,-0.85799,0.398552,10
39.700000,53.12904,-0.43605,0.468794,11
39.700000,54.08452,0.04785,0.539146,12
39.700000,54.98972,0.58941,0.366667,13
39.700000,55.93863,0.95382,0.433333,14
39.700000,56.86116,1.38064,0.500000,15
39.700000,57.75320,1.86796,0.566667,16
39.700000,58.61080,2.41363,0.633333,17
39.700000,59.43014,3.01522,0.700000,18
39.700000,60.20759,3.67005,0.766667,19
39.700000,60.93968,4.37522,0.833333,20
39.700000,61.62317,5.12760,0.900000,21
39.700000,62.25503,5.92383,0.966667,22
39.700000,62.83243,6.76039,1.033333,23
39.700000,63.35283,7.63356,1.100000,24
39.700000,63.81390,8.53945,1.166667,25
39.700000,64.21360,9.47404,1.233333,26
39.700000,64.55015,10.43319,1.300000,27
39.700000,64.82205,11.41263,1.366667,28
39.700000,65.02811,12.40800,1.433333,29
39.700000,65.16740,13.41489,1.433333,30
39.800000,42.14859,-1.10324,0.393273,0
39.800000,43.00000,-0.75000,0.000000,1
39.800000,44.00000,-0.75000,0.000000,2
39.800000,45.00000,-0.75000,0.000000,3
39.800000,46.00000,-0.75000,0.000000,4
39.800000,47.00000,-0.75000,0.000000,5
39.800000,48.00000,-0.75000,0.000000,6
39.800000,49.00000,-0.75000,-0.244979,7
39.800000,50.00000,-1.00000,0.033333,8
39.800000,51.06588,-0.96446,0.100000,9
39.800000,52.12702,-0.85799,0.398552,10
39.800000,53.12904,-0.43605,0.468794,11
39.800000,54.08452,0.04785,0.539146,12
39.800000,54.98972,0.58941,0.366667,13
39.800000,55.93863,0.95382,0.433333,14
39.800000,56.86116,1.38064,0.500000,15
39.800000,57.75320,1.86796,0.566667,16
39.800000,58.61080,2.41363,0.633333,17
39.800000,59.43014,3.01522,0.700000,18
39.800000,60.20759,3.67005,0.766667,19
39.800000,60.93968,4.37522,0.833333,20
39.800000,61.62317,5.12760,0.900000,21
39.800000,62.25503,5.92383,0.966667,22
39.800000,62.83243,6.76039,1.033333,23
39.800000,63.35283,7.63356,1.100000,24
39.800000,63.81390,8.53945,1.166667,25
39.800000,64.21360,9.47404,1.233333,26
39.800000,64.55015,10.43319,1.300000,27
39.800000,64.82205,11.41263,1.366667,28
39.800000,65.02811,12.40800,1.433333,29
39.800000,65.16740,13.41489,1.433333,30
39.900000,42.25765,-1.11152,0.283175,0
39.900000,43.50000,-0.75000,0.000000,1
39.900000,44.50000,-0.75000,0.000000,2
39.900000,45.50000,-0.75000,0.000000,3
39.900000,46.50000,-0.75000,0.000000,4
39.900000,47.50000,-0.75000,0.000000,5
39.900000,48.50000,-0.75000,0.000000,6
39.900000,49.50000,-0.75000,-0.229254,7
39.900000,50.53323,-0.99111,0.066667,8
39.900000,51.59733,-0.92007,0.365219,9
39.900000,52.61286,-0.53176,0.435461,10
39.900000,53.58394,-0.07997,0.505813,11
39.900000,54.50668,0.43112,0.333333,12
39.900000,55.46721,0.76370,0.400000,13
39.900000,56.40345,1.15954,0.466667,14
39.900000,57.31124,1.61687,0.533333,15
39.900000,58.18655,2.13365,0.600000,16
39.900000,59.02548,2.70760,0.666667,17
39.900000,59.82432,3.33616,0.733333,18
39.900000,60.57951,4.01654,0.800000,19
39.900000,61.28770,4.74571,0.866667,20
39.900000,61.94574,5.52045,0.933333,21
39.900000,62.55070,6.33730,1.000000,22
39.900000,63.09991,7.19264,1.066667,23
39.900000,63.59091,8.08266,1.133333,24
39.900000,64.02154,9.00342,1.200000,25
39.900000,64.38986,9.95081,1.266667,26
39.900000,64.69426,10.92064,1.333333,27
39.900000,64.93338,11.90860,1.400000,28
39.900000,65.10614,12.91029,1.466667,29
39.900000,65.21180,13.92126,1.466667,30
40.000000,42.43322,-1.12273,0.336138,0
40.000000,43.50000,-0.75000,0.000000,1
40.000000,44.50000,-0.75000,0.000000,2
40.000000,45.50000,-0.75000,0.000000,3
40.000000,46.50000,-0.75000,0.000000,4
40.000000,47.50000,-0.75000,0.000000,5
40.000000,48.50000,-0.75000,0.000000,6
40.000000,49.50000,-0.75000,-0.229254,7
40.000000,50.53323,-0.99111,0.066667,8
40.000000,51.59733,-0.92007,0.365219,9
40.000000,52.61286,-0.53176,0.435461,10
40.000000,53.58394,-0.07997,0.505813,11
40.000000,54.50668,0.43112,0.333333,12
40.000000,55.46721,0.76370,0.400000,13
40.000000,56.40345,1.15954,0.466667,14
40.000000,57.31124,1.61687,0.533333,15
40.000000,58.18655,2.13365,0.600000,16
40.000000,59.02548,2.70760,0.666667,17
40.000000,59.82432,3.33616,0.733333,18
40.000000,60.57951,4.01654,0.800000,19
40.000000,61.28770,4.74571,0.866667,20
40.000000,61.94574,5.52045,0.933333,21
40.000000,62.55070,6.33730,1.000000,22
40.000000,63.09991,7.19264,1.066667,23
40.000000,63.59091,8.08266,1.133333,24
40.000000,64.02154,9.00342,1.200000,25
40.000000,64.38986,9.95081,1.266667,26
40.000000,64.69426,10.92064,1.333333,27
40.000000,64.93338,11.90860,1.400000,28
40.000000,65.10614,12.91029,1.466667,29
40.000000,65.21180,13.92126,1.466667,30
40.100000,42.56398,-1.19752,0.445984,0
40.100000,43.50000,-0.75000,0.000000,1
40.100000,44.50000,-0.75000,0.000000,2
40.100000,45.50000,-0.75000,0.000000,3
40.100000,46.50000,-0.75000,0.000000,4
40.100000,47.50000,-0.75000,0.000000,5
40.100000,48.50000,-0.75000,0.000000,6
40.100000,49.50000,-0.75000,-0.229254,7
40.100000,50.53323,-0.99111,0.066667,8
40.100000,51.59733,-0.92007,0.365219,9
40.100000,52.61286,-0.53176,0.435461,10
40.100000,53.58394,-0.07997,0.505813,11
40.100000,54.50668,0.43112,0.333333,12
40.100000,55.46721,0.76370,0.400000,13
40.100000,56.40345,1.15954,0.466667,14
40.100000,57.31124,1.61687,0.533333,15
40.100000,58.18655,2.13365,0.600000,16
40.100000,59.02548,2.70760,0.666667,17
40.100000,59.82432,3.33616,0.733333,18
40.100000,60.57951,4.01654,0.800000,19
40.100000,61.28770,4.74571,0.866667,20
40.100000,61.94574,5.52045,0.933333,21
40.100000,62.55070,6.33730,1.000000,22
40.100000,63.09991,7.19264,1.066667,23
40.100000,63.59091,8.08266,1.133333,24
40.100000,64.02154,9.00342,1.200000,25
40.100000,64.38986,9.95081,1.266667,26
40.100000,64.69426,10.92064,1.333333,27
40.100000,64.93338,11.90860,1.400000,28
40.100000,65.10614,12.91029,1.466667,29
40.100000,65.21180,13.92126,1.466667,30
40.200000,42.67039,-1.16201,0.460951,0
40.200000,43.50000,-0.75000,0.000000,1
40.200000,44.50000,-0.75000,0.000000,2
40.200000,45.50000,-0.75000,0.000000,3
40.200000,46.50000,-0.75000,0.000000,4
40.200000,47.50000,-0.75000,0.000000,5
40.200000,48.50000,-0.75000,0.000000,6
40.200000,49.50000,-0.75000,-0.229254,7
40.200000,50.53323,-0.99111,0.066667,8
40.200000,51.59733,-0.92007,0.365219,9
40.200000,52.61286,-0.53176,0.435461,10
40.200000,53.58394,-0.07997,0.505813,11
40.200000,54.50668,0.43112,0.333333,12
40.200000,55.46721,0.76370,0.400000,13
40.200000,56.40345,1.15954,0.466667,14
40.200000,57.31124,1.61687,0.533333,15
40.200000,58.18655,2.13365,0.600000,16
40.200000,59.02548,2.70760,0.666667,17
40.200000,59.82432,3.33616,0.733333,18
40.200000,60.57951,4.01654,0.800000,19
40.200000,61.28770,4.74571,0.866667,20
40.200000,61.94574,5.52045,0.933333,21
40.200000,62.55070,6.33730,1.000000,22
40.200000,63.09991,7.19264,1.066667,23
40.200000,63.59091,8.08266,1.133333,24
40.200000,64.02154,9.00342,1.200000,25
40.200000,64.38986,9.95081,1.266667,26
40.200000,64.69426,10.92064,1.333333,27
40.200000,64.93338,11.90860,1.400000,28
40.200000,65.10614,12.91029,1.466667,29
40.200000,65.21180,13.92126,1.466667,30
40.300000,42.79250,-1.26331,0.401953,0
40.300000,44.00000,-0.75000,0.000000,1
40.300000,45.00000,-0.75000,0.000000,2
40.300000,46.00000,-0.75000,0.000000,3
40.300000,47.00000,-0.75000,0.000000,4
40.300000,48.00000,-0.75000,0.000000,5
40.300000,49.00000,-0.75000,-0.244979,6
40.300000,50.00000,-1.00000,0.033333,7
40.300000,51.06588,-0.96446,0.100000,8
40.300000,52.12702,-0.85799,0.398552,9
40.300000,53.12904,-0.43605,0.468794,10
40.300000,54.08452,0.04785,0.539146,11
40.300000,54.98972,0.58941,0.609613,12
40.300000,55.84128,1.18409,0.433333,13
40.300000,56.74868,1.60391,0.500000,14
40.300000,57.62610,2.08324,0.566667,15
40.300000,58.46964,2.61997,0.633333,16
40.300000,59.27555,3.21169,0.700000,17
40.300000,60.04025,3.85579,0.766667,18
40.300000,60.76034,4.54940,0.833333,19
40.300000,61.43263,5.28944,0.900000,20
40.300000,62.05412,6.07262,0.966667,21
40.300000,62.62206,6.89547,1.033333,22
40.300000,63.13393,7.75432,1.100000,23
40.300000,63.58744,8.64536,1.166667,24
40.300000,63.98059,9.56463,1.233333,25
40.300000,64.31162,10.50806,1.300000,26
40.300000,64.57907,11.47144,1.366667,27
40.300000,64.78175,12.45049,1.433333,28
40.300000,64.91875,13.44088,1.500000,29
40.300000,64.98948,14.43819,1.500000,30
40.400000,42.89665,-1.29457,0.260894,0
40.400000,44.00000,-1.00000,0.000000,1
40.400000,45.00000,-1.00000,0.000000,2
40.400000,46.00000,-1.00000,0.000000,3
40.400000,47.00000,-1.00000,0.000000,4
40.400000,48.00000,-1.00000,0.000000,5
40.400000,49.00000,-1.00000,0.000000,6
40.400000,50.00000,-1.00000,0.033333,7
40.400000,51.06588,-0.96446,0.100000,8
40.400000,52.12702,-0.85799,0.398552,9
40.400000,53.12904,-0.43605,0.468794,10
40.400000,54.08452,0.04785,0.539146,11
40.400000,54.98972,0.58941,0.609613,12
40.400000,55.84128,1.18409,0.433333,13
40.400000,56.74868,1.60391,0.500000,14
40.400000,57.62610,2.08324,0.566667,15
40.400000,58.46964,2.61997,0.633333,16
40.400000,59.27555,3.21169,0.700000,17
40.400000,60.04025,3.85579,0.766667,18
40.400000,60.76034,4.54940,0.833333,19
40.400000,61.43263,5.28944,0.900000,20
40.400000,62.05412,6.07262,0.966667,21
40.400000,62.62206,6.89547,1.033333,22
40.400000,63.13393,7.75432,1.100000,23
40.400000,63.58744,8.64536,1.166667,24
40.400000,63.98059,9.56463,1.233333,25
40.400000,64.31162,10.50806,1.300000,26
40.400000,64.57907,11.47144,1.366667,27
40.400000,64.78175,12.45049,1.680200,28
40.400000,64.67011,13.46686,1.750914,29
40.400000,64.48983,14.45691,1.750914,30
40.504000,42.98072,-1.31712,0.301626,0
40.504000,44.00000,-1.00000,0.000000,1
40.504000,45.00000,-1.00000,0.000000,2
40.504000,46.00000,-1.00000,0.000000,3
40.504000,47.00000,-1.00000,0.000000,4
40.504000,48.00000,-1.00000,0.000000,5
40.504000,49.00000,-1.00000,0.000000,6
40.504000,50.00000,-1.00000,0.033333,7
40.504000,51.06588,-0.96446,0.100000,8
40.504000,52.12702,-0.85799,0.398552,9
40.504000,53.12904,-0.43605,0.468794,10
40.504000,54.08452,0.04785,0.539146,11
40.504000,54.98972,0.58941,0.609613,12
40.504000,55.84128,1.18409,0.433333,13
40.504000,56.74868,1.60391,0.500000,14
40.504000,57.62610,2.08324,0.566667,15
40.504000,58.46964,2.61997,0.633333,16
40.504000,59.27555,3.21169,0.700000,17
40.504000,60.04025,3.85579,0.766667,18
40.504000,60.76034,4.54940,0.833333,19
40.504000,61.43263,5.28944,0.900000,20
40.504000,62.05412,6.07262,0.966667,21
40.504000,62.62206,6.89547,1.033333,22
40.504000,63.13393,7.75432,1.100000,23
40.504000,63.58744,8.64536,1.166667,24
40.504000,63.98059,9.56463,1.233333,25
40.504000,64.31162,10.50806,1.300000,26
40.504000,64.57907,11.47144,1.613534,27
40.504000,64.53538,12.49298,1.684247,28
40.504000,64.42146,13.49285,1.755092,29
40.504000,64.24000,14.46628,1.755092,30
40.600000,43.04174,-1.35008,0.350265,0
40.600000,44.00000,-1.00000,0.000000,1
40.600000,45.00000,-1.00000,0.000000,2
40.600000,46.00000,-1.00000,0.000000,3
40.600000,47.00000,-1.00000,0.000000,4
40.600000,48.00000,-1.00000,0.000000,5
40.600000,49.00000,-1.00000,0.000000,6
40.600000,50.00000,-1.00000,0.033333,7
40.600000,51.06588,-0.96446,0.100000,8
40.600000,52.12702,-0.85799,0.398552,9
40.600000,53.12904,-0.43605,0.468794,10
40.600000,54.08452,0.04785,0.539146,11
40.600000,54.98972,0.58941,0.609613,12
40.600000,55.84128,1.18409,0.433333,13
40.600000,56.74868,1.60391,0.500000,14
40.600000,57.62610,2.08324,0.566667,15
40.600000,58.46964,2.61997,0.633333,16
40.600000,59.27555,3.21169,0.700000,17
40.600000,60.04025,3.85579,0.766667,18
40.600000,60.76034,4.54940,0.833333,19
40.600000,61.43263,5.28944,0.900000,20
40.600000,62.05412,6.07262,0.966667,21
40.600000,62.62206,6.89547,1.033333,22
40.600000,63.13393,7.75432,1.100000,23
40.600000,63.58744,8.64536,1.166667,24
40.600000,63.98059,9.56463,1.233333,25
40.600000,64.31162,10.50806,1.546867,26
40.600000,64.33608,11.53025,1.617580,27
40.600000,64.28902,12.53548,1.688425,28
40.600000,64.17281,13.51883,1.759409,29
40.600000,63.99018,14.47564,1.759409,30
40.700000,43.14024,-1.41751,0.452075,0
40.700000,44.00000,-1.00000,0.000000,1
40.700000,45.00000,-1.00000,0.000000,2
40.700000,46.00000,-1.00000,0.000000,3
40.700000,47.00000,-1.00000,0.000000,4
40.700000,48.00000,-1.00000,0.000000,5
40.700000,49.00000,-1.00000,0.000000,6
40.700000,50.00000,-1.00000,0.033333,7
40.700000,51.06588,-0.96446,0.100000,8
40.700000,52.12702,-0.85799,0.398552,9
40.700000,53.12904,-0.43605,0.468794,10
40.700000,54.08452,0.04785,0.539146,11
40.700000,54.98972,0.58941,0.609613,12
40.700000,55.84128,1.18409,0.433333,13
40.700000,56.74868,1.60391,0.500000,14
40.700000,57.62610,2.08324,0.566667,15
40.700000,58.46964,2.61997,0.633333,16
40.700000,59.27555,3.21169,0.700000,17
40.700000,60.04025,3.85579,0.766667,18
40.700000,60.76034,4.54940,0.833333,19
40.700000,61.43263,5.28944,0.900000,20
40.700000,62.05412,6.07262,0.966667,21
40.700000,62.62206,6.89547,1.033333,22
40.700000,63.13393,7.75432,1.100000,23
40.700000,63.58744,8.64536,1.166667,24
40.700000,63.98059,9.56463,1.480200,25
40.700000,64.07309,10.58292,1.550914,26
40.700000,64.09310,11.58906,1.621759,27
40.700000,64.04266,12.57797,1.924988,28
40.700000,63.67552,13.57080,1.768485,29
40.700000,63.49053,14.49437,1.768485,30
40.802000,43.19116,-1.48127,0.536743,0
40.802000,44.00000,-1.00000,0.000000,1
40.802000,45.00000,-1.00000,0.000000,2
40.802000,46.00000,-1.00000,0.000000,3
40.802000,47.00000,-1.00000,0.000000,4
40.802000,48.00000,-1.00000,0.000000,5
40.802000,49.00000,-1.00000,0.000000,6
40.802000,50.00000,-1.00000,0.033333,7
40.802000,51.06588,-0.96446,0.100000,8
40.802000,52.12702,-0.85799,0.398552,9
40.802000,53.12904,-0.43605,0.468794,10
40.802000,54.08452,0.04785,0.539146,11
40.802000,54.98972,0.58941,0.609613,12
40.802000,55.84128,1.18409,0.433333,13
40.802000,56.74868,1.60391,0.500000,14
40.802000,57.62610,2.08324,0.566667,15
40.802000,58.46964,2.61997,0.633333,16
40.802000,59.27555,3.21169,0.700000,17
40.802000,60.04025,3.85579,0.766667,18
40.802000,60.76034,4.54940,0.833333,19
40.802000,61.43263,5.28944,0.900000,20
40.802000,62.05412,6.07262,0.966667,21
40.802000,62.62206,6.89547,1.033333,22
40.802000,63.13393,7.75432,1.100000,23
40.802000,63.58744,8.64536,1.413534,24
40.802000,63.74758,9.65522,1.484247,25
40.802000,63.83457,10.65779,1.555092,26
40.802000,63.85012,11.64786,1.626075,27
40.802000,63.79630,12.62046,1.932524,28
40.802000,63.42688,13.59679,1.773259,29
40.802000,63.24070,14.50373,1.773259,30
40.902000,43.26341,-1.51009,0.391230,0
40.902000,44.50000,-1.00000,0.000000,1
40.902000,45.50000,-1.00000,0.000000,2
40.902000,46.50000,-1.00000,0.000000,3
40.902000,47.50000,-1.00000,0.000000,4
40.902000,48.50000,-1.00000,0.000000,5
40.902000,49.50000,-1.00000,0.008602,6
40.902000,50.53323,-0.99111,0.066667,7
40.902000,51.59733,-0.92007,0.365219,8
40.902000,52.61286,-0.53176,0.435461,9
40.902000,53.58394,-0.07997,0.505813,10
40.902000,54.50668,0.43112,0.576280,11
40.902000,55.37759,0.99709,0.400000,12
40.902000,56.29848,1.38643,0.466667,13
40.902000,57.19138,1.83626,0.533333,14
40.902000,58.05234,2.34457,0.600000,15
40.902000,58.87752,2.90911,0.666667,16
40.902000,59.66327,3.52737,0.733333,17
40.902000,60.40608,4.19659,0.800000,18
40.902000,61.10265,4.91382,0.866667,19
40.902000,61.74990,5.67585,0.933333,20
40.902000,62.34495,6.47931,1.000000,21
40.902000,62.88515,7.32063,1.066667,22
40.902000,63.36811,8.19606,1.133333,23
40.902000,63.79167,9.10172,1.446867,24
40.902000,63.91807,10.11636,1.517580,25
40.902000,63.97159,11.12127,1.588425,26
40.902000,63.95414,12.11131,1.891655,27
40.902000,63.62029,13.11583,1.973608,28
40.902000,63.21681,14.06273,2.056451,29
40.902000,62.74989,14.94735,2.056451,30
41.000000,43.25329,-1.56946,0.428468,0
41.000000,44.50000,-1.00000,0.000000,1
41.000000,45.50000,-1.00000,0.000000,2
41.000000,46.50000,-1.00000,0.000000,3
41.000000,47.50000,-1.00000,0.000000,4
41.000000,48.50000,-1.00000,0.000000,5
41.000000,49.50000,-1.00000,0.008602,6
41.000000,50.53323,-0.99111,0.066667,7
41.000000,51.59733,-0.92007,0.365219,8
41.000000,52.61286,-0.53176,0.435461,9
41.000000,53.58394,-0.07997,0.505813,10
41.000000,54.50668,0.43112,0.576280,11
41.000000,55.37759,0.99709,0.400000,12
41.000000,56.29848,1.38643,0.466667,13
41.000000,57.19138,1.83626,0.533333,14
41.000000,58.05234,2.34457,0.600000,15
41.000000,58.87752,2.90911,0.666667,16
41.000000,59.66327,3.52737,0.733333,17
41.000000,60.40608,4.19659,0.800000,18
41.000000,61.10265,4.91382,0.866667,19
41.000000,61.74990,5.67585,0.933333,20
41.000000,62.34495,6.47931,1.000000,21
41.000000,62.88515,7.32063,1.066667,22
41.000000,63.36811,8.19606,1.380200,23
41.000000,63.56181,9.20002,1.450914,24
41.000000,63.68217,10.19913,1.521759,25
41.000000,63.73070,11.18814,1.592742,26
41.000000,63.70933,12.16199,1.899191,27
41.000000,63.37265,13.15009,1.981581,28
41.000000,62.96743,14.08042,2.064896,29
41.000000,62.49989,14.94838,2.064896,30
41.100000,43.33862,-1.59281,0.471963,0
41.100000,44.50000,-1.00000,0.000000,1
41.100000,45.50000,-1.00000,0.000000,2
41.100000,46.50000,-1.00000,0.000000,3
41.100000,47.50000,-1.00000,0.000000,4
41.100000,48.50000,-1.00000,0.000000,5
41.100000,49.50000,-1.00000,0.008602,6
41.100000,50.53323,-0.99111,0.066667,7
41.100000,51.59733,-0.92007,0.365219,8
41.100000,52.61286,-0.53176,0.435461,9
41.100000,53.58394,-0.07997,0.505813,10
41.100000,54.50668,0.43112,0.576280,11
41.100000,55.37759,0.99709,0.400000,12
41.100000,56.29848,1.38643,0.466667,13
41.100000,57.19138,1.83626,0.533333,14
41.100000,58.05234,2.34457,0.600000,15
41.100000,58.87752,2.90911,0.666667,16
41.100000,59.66327,3.52737,0.733333,17
41.100000,60.40608,4.19659,0.800000,18
41.100000,61.10265,4.91382,0.866667,19
41.100000,61.74990,5.67585,0.933333,20
41.100000,62.34495,6.47931,1.000000,21
41.100000,62.88515,7.32063,1.066667,22
41.100000,63.36811,8.19606,1.380200,23
41.100000,63.56181,9.20002,1.450914,24
41.100000,63.68217,10.19913,1.521759,25
41.100000,63.73070,11.18814,1.824988,26
41.100000,63.46452,12.21267,1.906941,27
41.100000,63.12501,13.18435,2.184625,28
41.100000,62.46869,14.11578,2.082543,29
41.100000,61.99990,14.95044,2.082543,30
41.200000,43.35030,-1.64117,0.327952,0
41.200000,44.50000,-1.25000,0.244979,1
41.200000,45.50000,-1.00000,0.000000,2
41.200000,46.50000,-1.00000,0.000000,3
41.200000,47.50000,-1.00000,0.000000,4
41.200000,48.50000,-1.00000,0.000000,5
41.200000,49.50000,-1.00000,0.008602,6
41.200000,50.53323,-0.99111,0.066667,7
41.200000,51.59733,-0.92007,0.365219,8
41.200000,52.61286,-0.53176,0.435461,9
41.200000,53.58394,-0.07997,0.505813,10
41.200000,54.50668,0.43112,0.576280,11
41.200000,55.37759,0.99709,0.400000,12
41.200000,56.29848,1.38643,0.466667,13
41.200000,57.19138,1.83626,0.533333,14
41.200000,58.05234,2.34457,0.600000,15
41.200000,58.87752,2.90911,0.666667,16
41.200000,59.66327,3.52737,0.733333,17
41.200000,60.40608,4.19659,0.800000,18
41.200000,61.10265,4.91382,0.866667,19
41.200000,61.74990,5.67585,0.933333,20
41.200000,62.34495,6.47931,1.000000,21
41.200000,62.88515,7.32063,1.066667,22
41.200000,63.36811,8.19606,1.380200,23
41.200000,63.56181,9.20002,1.450914,24
41.200000,63.68217,10.19913,1.521759,25
41.200000,63.73070,11.18814,1.824988,26
41.200000,63.46452,12.21267,1.906941,27
41.200000,63.12501,13.18435,2.184625,28
41.200000,62.46869,14.11578,2.082543,29
41.200000,61.99990,14.95044,2.082543,30
41.300000,43.38027,-1.64644,0.340280,0
41.300000,44.50000,-1.25000,0.244979,1
41.300000,45.50000,-1.00000,0.000000,2
41.300000,46.50000,-1.00000,0.000000,3
41.300000,47.50000,-1.00000,0.000000,4
41.300000,48.50000,-1.00000,0.000000,5
41.300000,49.50000,-1.00000,0.008602,6
41.300000,50.53323,-0.99111,0.066667,7
41.300000,51.59733,-0.92007,0.365219,8
41.300000,52.61286,-0.53176,0.435461,9
41.300000,53.58394,-0.07997,0.505813,10
41.300000,54.50668,0.43112,0.576280,11
41.300000,55.37759,0.99709,0.400000,12
41.300000,56.29848,1.38643,0.466667,13
41.300000,57.19138,1.83626,0.533333,14
41.300000,58.05234,2.34457,0.600000,15
41.300000,58.87752,2.90911,0.666667,16
41.300000,59.66327,3.52737,0.733333,17
41.300000,60.40608,4.19659,0.800000,18
41.300000,61.10265,4.91382,0.866667,19
41.300000,61.74990,5.67585,0.933333,20
41.300000,62.34495,6.47931,1.000000,21
41.300000,62.88515,7.32063,1.313534,22
41.300000,63.14531,8.30946,1.384247,23
41.300000,63.33195,9.29833,1.455092,24
41.300000,63.44627,10.28191,1.526075,25
41.300000,63.48981,11.25502,1.832524,26
41.300000,63.21971,12.26335,2.108443,27
41.300000,62.62973,13.25286,2.006923,28
41.300000,62.21931,14.13347,2.091766,29
41.300000,61.74990,14.95148,2.091766,30
41.400000,43.41198,-1.66677,0.365810,0
41.400000,44.50000,-1.25000,0.244979,1
41.400000,45.50000,-1.00000,0.000000,2
41.400000,46.50000,-1.00000,0.000000,3
41.400000,47.50000,-1.00000,0.000000,4
41.400000,48.50000,-1.00000,0.000000,5
41.400000,49.50000,-1.00000,0.008602,6
41.400000,50.53323,-0.99111,0.066667,7
41.400000,51.59733,-0.92007,0.365219,8
41.400000,52.61286,-0.53176,0.435461,9
41.400000,53.58394,-0.07997,0.505813,10
41.400000,54.50668,0.43112,0.576280,11
41.400000,55.37759,0.99709,0.400000,12
41.400000,56.29848,1.38643,0.466667,13
41.400000,57.19138,1.83626,0.533333,14
41.400000,58.05234,2.34457,0.600000,15
41.400000,58.87752,2.90911,0.666667,16
41.400000,59.66327,3.52737,0.733333,17
41.400000,60.40608,4.19659,0.800000,18
41.400000,61.10265,4.91382,0.866667,19
41.400000,61.74990,5.67585,0.933333,20
41.400000,62.34495,6.47931,1.000000,21
41.400000,62.88515,7.32063,1.313534,22
41.400000,63.14531,8.30946,1.384247,23
41.400000,63.33195,9.29833,1.455092,24
41.400000,63.44627,10.28191,1.526075,25
41.400000,63.48981,11.25502,1.832524,26
41.400000,63.21971,12.26335,2.108443,27
41.400000,62.62973,13.25286,2.006923,28
41.400000,62.21931,14.13347,2.091766,29
41.400000,61.74990,14.95148,2.091766,30
41.500000,43.43091,-1.65966,0.365932,0
41.500000,44.50000,-1.25000,0.244979,1
41.500000,45.50000,-1.00000,0.000000,2
41.500000,46.50000,-1.00000,0.000000,3
41.500000,47.50000,-1.00000,0.000000,4
41.500000,48.50000,-1.00000,0.000000,5
41.500000,49.50000,-1.00000,0.008602,6
41.500000,50.53323,-0.99111,0.066667,7
41.500000,51.59733,-0.92007,0.365219,8
41.500000,52.61286,-0.53176,0.435461,9
41.500000,53.58394,-0.07997,0.505813,10
41.500000,54.50668,0.43112,0.576280,11
41.500000,55.37759,0.99709,0.400000,12
41.500000,56.29848,1.38643,0.466667,13
41.500000,57.19138,1.83626,0.533333,14
41.500000,58.05234,2.34457,0.600000,15
41.500000,58.87752,2.90911,0.666667,16
41.500000,59.66327,3.52737,0.733333,17
41.500000,60.40608,4.19659,0.800000,18
41.500000,61.10265,4.91382,0.866667,19
41.500000,61.74990,5.67585,0.933333,20
41.500000,62.34495,6.47931,1.000000,21
41.500000,62.88515,7.32063,1.313534,22
41.500000,63.14531,8.30946,1.384247,23
41.500000,63.33195,9.29833,1.455092,24
41.500000,63.44627,10.28191,1.526075,25
41.500000,63.48981,11.25502,1.832524,26
41.500000,63.21971,12.26335,2.108443,27
41.500000,62.62973,13.25286,2.006923,28
41.500000,62.21931,14.13347,2.091766,29
41.500000,61.74990,14.95148,2.091766,30
41.600000,43.46940,-1.70384,0.414811,0
41.600000,44.50000,-1.25000,0.244979,1
41.600000,45.50000,-1.00000,0.000000,2
41.600000,46.50000,-1.00000,0.000000,3
41.600000,47.50000,-1.00000,0.000000,4
41.600000,48.50000,-1.00000,0.000000,5
41.600000,49.50000,-1.00000,0.008602,6
41.600000,50.53323,-0.99111,0.066667,7
41.600000,51.59733,-0.92007,0.365219,8
41.600000,52.61286,-0.53176,0.435461,9
41.600000,53.58394,-0.07997,0.505813,10
41.600000,54.50668,0.43112,0.576280,11
41.600000,55.37759,0.99709,0.400000,12
41.600000,56.29848,1.38643,0.466667,13
41.600000,57.19138,1.83626,0.533333,14
41.600000,58.05234,2.34457,0.600000,15
41.600000,58.87752,2.90911,0.666667,16
41.600000,59.66327,3.52737,0.733333,17
41.600000,60.40608,4.19659,0.800000,18
41.600000,61.10265,4.91382,0.866667,19
41.600000,61.74990,5.67585,0.933333,20
41.600000,62.34495,6.47931,1.000000,21
41.600000,62.88515,7.32063,1.313534,22
41.600000,63.14531,8.30946,1.384247,23
41.600000,63.33195,9.29833,1.455092,24
41.600000,63.44627,10.28191,1.758322,25
41.600000,63.24893,11.32189,1.840275,26
41.600000,62.97490,12.31403,2.117959,27
41.600000,62.38209,13.28712,2.214464,28
41.600000,61.72057,14.16884,2.111066,29
41.600000,61.24990,14.95354,2.111066,30
41.700000,43.48279,-1.73021,0.441066,0
41.700000,44.50000,-1.25000,0.244979,1
41.700000,45.50000,-1.00000,0.000000,2
41.700000,46.50000,-1.00000,0.000000,3
41.700000,47.50000,-1.00000,0.000000,4
41.700000,48.50000,-1.00000,0.000000,5
41.700000,49.50000,-1.00000,0.008602,6
41.700000,50.53323,-0.99111,0.066667,7
41.700000,51.59733,-0.92007,0.365219,8
41.700000,52.61286,-0.53176,0.435461,9
41.700000,53.58394,-0.07997,0.505813,10
41.700000,54.50668,0.43112,0.576280,11
41.700000,55.37759,0.99709,0.400000,12
41.700000,56.29848,1.38643,0.466667,13
41.700000,57.19138,1.83626,0.533333,14
41.700000,58.05234,2.34457,0.600000,15
41.700000,58.87752,2.90911,0.666667,16
41.700000,59.66327,3.52737,0.733333,17
41.700000,60.40608,4.19659,0.800000,18
41.700000,61.10265,4.91382,0.866667,19
41.700000,61.74990,5.67585,0.933333,20
41.700000,62.34495,6.47931,1.000000,21
41.700000,62.88515,7.32063,1.313534,22
41.700000,63.14531,8.30946,1.384247,23
41.700000,63.33195,9.29833,1.455092,24
41.700000,63.44627,10.28191,1.758322,25
41.700000,63.24893,11.32189,1.840275,26
41.700000,62.97490,12.31403,2.117959,27
41.700000,62.38209,13.28712,2.214464,28
41.700000,61.72057,14.16884,2.111066,29
41.700000,61.24990,14.95354,2.111066,30
41.800000,43.52785,-1.73737,0.464716,0
41.800000,44.50000,-1.25000,0.244979,1
41.800000,45.50000,-1.00000,0.000000,2
41.800000,46.50000,-1.00000,0.000000,3
41.800000,47.50000,-1.00000,0.000000,4
41.800000,48.50000,-1.00000,0.000000,5
41.800000,49.50000,-1.00000,0.008602,6
41.800000,50.53323,-0.99111,0.066667,7
41.800000,51.59733,-0.92007,0.365219,8
41.800000,52.61286,-0.53176,0.435461,9
41.800000,53.58394,-0.07997,0.505813,10
41.800000,54.50668,0.43112,0.576280,11
41.800000,55.37759,0.99709,0.400000,12
41.800000,56.29848,1.38643,0.466667,13
41.800000,57.19138,1.83626,0.533333,14
41.800000,58.05234,2.34457,0.600000,15
41.800000,58.87752,2.90911,0.666667,16
41.800000,59.66327,3.52737,0.733333,17
41.800000,60.40608,4.19659,0.800000,18
41.800000,61.10265,4.91382,0.866667,19
41.800000,61.74990,5.67585,0.933333,20
41.800000,62.34495,6.47931,1.000000,21
41.800000,62.88515,7.32063,1.313534,22
41.800000,63.14531,8.30946,1.384247,23
41.800000,63.33195,9.29833,1.455092,24
41.800000,63.44627,10.28191,1.758322,25
41.800000,63.24893,11.32189,1.840275,26
41.800000,62.97490,12.31403,2.117959,27
41.800000,62.38209,13.28712,2.214464,28
41.800000,61.72057,14.16884,2.111066,29
41.800000,61.24990,14.95354,2.111066,30
41.900000,43.57003,-1.74970,0.493064,0
41.900000,44.50000,-1.25000,0.244979,1
41.900000,45.50000,-1.00000,0.000000,2
41.900000,46.50000,-1.00000,0.000000,3
41.900000,47.50000,-1.00000,0.000000,4
41.900000,48.50000,-1.00000,0.000000,5
41.900000,49.50000,-1.00000,0.008602,6
41.900000,50.53323,-0.99111,0.066667,7
41.900000,51.59733,-0.92007,0.365219,8
41.900000,52.61286,-0.53176,0.435461,9
41.900000,53.58394,-0.07997,0.505813,10
41.900000,54.50668,0.43112,0.576280,11
41.900000,55.37759,0.99709,0.400000,12
41.900000,56.29848,1.38643,0.466667,13
41.900000,57.19138,1.83626,0.533333,14
41.900000,58.05234,2.34457,0.600000,15
41.900000,58.87752,2.90911,0.666667,16
41.900000,59.66327,3.52737,0.733333,17
41.900000,60.40608,4.19659,0.800000,18
41.900000,61.10265,4.91382,0.866667,19
41.900000,61.74990,5.67585,0.933333,20
41.900000,62.34495,6.47931,1.000000,21
41.900000,62.88515,7.32063,1.313534,22
41.900000,63.14531,8.30946,1.384247,23
41.900000,63.33195,9.29833,1.455092,24
41.900000,63.44627,10.28191,1.758322,25
41.900000,63.24893,11.32189,1.840275,26
41.900000,62.97490,12.31403,2.117959,27
41.900000,62.38209,13.28712,2.214464,28
41.900000,61.72057,14.16884,2.111066,29
41.900000,61.24990,14.95354,2.111066,30
42.000000,43.59470,-1.78907,0.537076,0
42.000000,44.50000,-1.25000,0.244979,1
42.000000,45.50000,-1.00000,0.000000,2
42.000000,46.50000,-1.00000,0.000000,3
42.000000,47.50000,-1.00000,0.000000,4
42.000000,48.50000,-1.00000,0.000000,5
42.000000,49.50000,-1.00000,0.008602,6
42.000000,50.53323,-0.99111,0.066667,7
42.000000,51.59733,-0.92007,0.365219,8
42.000000,52.61286,-0.53176,0.435461,9
42.000000,53.58394,-0.07997,0.505813,10
42.000000,54.50668,0.43112,0.576280,11
42.000000,55.37759,0.99709,0.400000,12
42.000000,56.29848,1.38643,0.466667,13
42.000000,57.19138,1.83626,0.533333,14
42.000000,58.05234,2.34457,0.600000,15
42.000000,58.87752,2.90911,0.666667,16
42.000000,59.66327,3.52737,0.733333,17
42.000000,60.40608,4.19659,0.800000,18
42.000000,61.10265,4.91382,0.866667,19
42.000000,61.74990,5.67585,0.933333,20
42.000000,62.34495,6.47931,1.000000,21
42.000000,62.88515,7.32063,1.313534,22
42.000000,63.14531,8.30946,1.384247,23
42.000000,63.33195,9.29833,1.455092,24
42.000000,63.44627,10.28191,1.758322,25
42.000000,63.24893,11.32189,1.840275,26
42.000000,62.97490,12.31403,2.117959,27
42.000000,62.38209,13.28712,2.214464,28
42.000000,61.72057,14.16884,2.111066,29
42.000000,61.24990,14.95354,2.111066,30
42.100000,43.66827,-1.79286,0.578264,0
42.100000,44.50000,-1.25000,0.244979,1
42.100000,45.50000,-1.00000,0.000000,2
42.100000,46.50000,-1.00000,0.000000,3
42.100000,47.50000,-1.00000,0.000000,4
42.100000,48.50000,-1.00000,0.000000,5
42.100000,49.50000,-1.00000,0.008602,6
42.100000,50.53323,-0.99111,0.066667,7
42.100000,51.59733,-0.92007,0.365219,8
42.100000,52.61286,-0.53176,0.435461,9
42.100000,53.58394,-0.07997,0.505813,10
42.100000,54.50668,0.43112,0.576280,11
42.100000,55.37759,0.99709,0.400000,12
42.100000,56.29848,1.38643,0.466667,13
42.100000,57.19138,1.83626,0.533333,14
42.100000,58.05234,2.34457,0.600000,15
42.100000,58.87752,2.90911,0.666667,16
42.100000,59.66327,3.52737,0.733333,17
42.100000,60.40608,4.19659,0.800000,18
42.100000,61.10265,4.91382,0.866667,19
42.100000,61.74990,5.67585,0.933333,20
42.100000,62.34495,6.47931,1.000000,21
42.100000,62.88515,7.32063,1.313534,22
42.100000,63.14531,8.30946,1.384247,23
42.100000,63.33195,9.29833,1.455092,24
42.100000,63.44627,10.28191,1.526075,25
42.100000,63.48981,11.25502,1.832524,26
42.100000,63.21971,12.26335,2.108443,27
42.100000,62.62973,13.25286,2.006923,28
42.100000,62.21931,14.13347,2.091766,29
42.100000,61.74990,14.95148,2.091766,30
42.200000,43.68112,-1.82892,0.615391,0
42.200000,44.50000,-1.25000,0.244979,1
42.200000,45.50000,-1.00000,0.000000,2
42.200000,46.50000,-1.00000,0.000000,3
42.200000,47.50000,-1.00000,0.000000,4
42.200000,48.50000,-1.00000,0.000000,5
42.200000,49.50000,-1.00000,0.008602,6
42.200000,50.53323,-0.99111,0.066667,7
42.200000,51.59733,-0.92007,0.365219,8
42.200000,52.61286,-0.53176,0.435461,9
42.200000,53.58394,-0.07997,0.505813,10
42.200000,54.50668,0.43112,0.576280,11
42.200000,55.37759,0.99709,0.400000,12
42.200000,56.29848,1.38643,0.466667,13
42.200000,57.19138,1.83626,0.533333,14
42.200000,58.05234,2.34457,0.600000,15
42.200000,58.87752,2.90911,0.666667,16
42.200000,59.66327,3.52737,0.733333,17
42.200000,60.40608,4.19659,0.800000,18
42.200000,61.10265,4.91382,0.866667,19
42.200000,61.74990,5.67585,0.933333,20
42.200000,62.34495,6.47931,1.000000,21
42.200000,62.88515,7.32063,1.313534,22
42.200000,63.14531,8.30946,1.384247,23
42.200000,63.33195,9.29833,1.455092,24
42.200000,63.44627,10.28191,1.526075,25
42.200000,63.48981,11.25502,1.832524,26
42.200000,63.21971,12.26335,2.108443,27
42.200000,62.62973,13.25286,2.006923,28
42.200000,62.21931,14.13347,2.091766,29
42.200000,61.74990,14.95148,2.091766,30
42.300000,43.76294,-1.82563,0.435519,0
42.300000,45.00000,-1.25000,0.244979,1
42.300000,46.00000,-1.00000,0.000000,2
42.300000,47.00000,-1.00000,0.000000,3
42.300000,48.00000,-1.00000,0.000000,4
42.300000,49.00000,-1.00000,0.000000,5
42.300000,50.00000,-1.00000,0.033333,6
42.300000,51.06588,-0.96446,0.100000,7
42.300000,52.12702,-0.85799,0.398552,8
42.300000,53.12904,-0.43605,0.468794,9
42.300000,54.08452,0.04785,0.539146,10
42.300000,54.98972,0.58941,0.609613,11
42.300000,55.84128,1.18409,0.433333,12
42.300000,56.74868,1.60391,0.500000,13
42.300000,57.62610,2.08324,0.566667,14
42.300000,58.46964,2.61997,0.633333,15
42.300000,59.27555,3.21169,0.700000,16
42.300000,60.04025,3.85579,0.766667,17
42.300000,60.76034,4.54940,0.833333,18
42.300000,61.43263,5.28944,0.900000,19
42.300000,62.05412,6.07262,0.966667,20
42.300000,62.62206,6.89547,1.033333,21
42.300000,63.13393,7.75432,1.346867,22
42.300000,63.36098,8.75127,1.417580,23
42.300000,63.51457,9.74581,1.488425,24
42.300000,63.59604,10.73265,1.559409,25
42.300000,63.60713,11.70667,1.865858,26
42.300000,63.30357,12.70544,2.141777,27
42.300000,62.68094,13.67474,2.040256,28
42.300000,62.24140,14.54119,1.833729,29
42.300000,62.00000,15.43806,1.833729,30
42.400000,43.85652,-1.83854,0.475334,0
42.400000,45.00000,-1.25000,0.244979,1
42.400000,46.00000,-1.00000,0.000000,2
42.400000,47.00000,-1.00000,0.000000,3
42.400000,48.00000,-1.00000,0.000000,4
42.400000,49.00000,-1.00000,0.000000,5
42.400000,50.00000,-1.00000,0.033333,6
42.400000,51.06588,-0.96446,0.100000,7
42.400000,52.12702,-0.85799,0.398552,8
42.400000,53.12904,-0.43605,0.468794,9
42.400000,54.08452,0.04785,0.539146,10
42.400000,54.98972,0.58941,0.609613,11
42.400000,55.84128,1.18409,0.433333,12
42.400000,56.74868,1.60391,0.500000,13
42.400000,57.62610,2.08324,0.566667,14
42.400000,58.46964,2.61997,0.633333,15
42.400000,59.27555,3.21169,0.700000,16
42.400000,60.04025,3.85579,0.766667,17
42.400000,60.76034,4.54940,0.833333,18
42.400000,61.43263,5.28944,0.900000,19
42.400000,62.05412,6.07262,0.966667,20
42.400000,62.62206,6.89547,1.033333,21
42.400000,63.13393,7.75432,1.100000,22
42.400000,63.58744,8.64536,1.413534,23
42.400000,63.74758,9.65522,1.484247,24
42.400000,63.83457,10.65779,1.555092,25
42.400000,63.85012,11.64786,1.858322,26
42.400000,63.54993,12.66295,1.940275,27
42.400000,63.17823,13.62277,2.217959,28
42.400000,62.49123,14.53182,1.830953,29
42.400000,62.25000,15.43806,1.830953,30
42.500000,43.95790,-1.84609,0.519587,0
42.500000,45.00000,-1.25000,0.244979,1
42.500000,46.00000,-1.00000,0.000000,2
42.500000,47.00000,-1.00000,0.000000,3
42.500000,48.00000,-1.00000,0.000000,4
42.500000,49.00000,-1.00000,0.000000,5
42.500000,50.00000,-1.00000,0.033333,6
42.500000,51.06588,-0.96446,0.100000,7
42.500000,52.12702,-0.85799,0.398552,8
42.500000,53.12904,-0.43605,0.468794,9
42.500000,54.08452,0.04785,0.539146,10
42.500000,54.98972,0.58941,0.609613,11
42.500000,55.84128,1.18409,0.433333,12
42.500000,56.74868,1.60391,0.500000,13
42.500000,57.62610,2.08324,0.566667,14
42.500000,58.46964,2.61997,0.633333,15
42.500000,59.27555,3.21169,0.700000,16
42.500000,60.04025,3.85579,0.766667,17
42.500000,60.76034,4.54940,0.833333,18
42.500000,61.43263,5.28944,0.900000,19
42.500000,62.05412,6.07262,0.966667,20
42.500000,62.62206,6.89547,1.033333,21
42.500000,63.13393,7.75432,1.100000,22
42.500000,63.58744,8.64536,1.413534,23
42.500000,63.74758,9.65522,1.484247,24
42.500000,63.83457,10.65779,1.555092,25
42.500000,63.85012,11.64786,1.626075,26
42.500000,63.79630,12.62046,1.932524,27
42.500000,63.42688,13.59679,2.014914,28
42.500000,62.99088,14.51309,1.825558,29
42.500000,62.75000,15.43806,1.825558,30
42.600000,44.07566,-1.84513,0.572039,0
42.600000,45.00000,-1.25000,0.244979,1
42.600000,46.00000,-1.00000,0.000000,2
42.600000,47.00000,-1.00000,0.000000,3
42.600000,48.00000,-1.00000,0.000000,4
42.600000,49.00000,-1.00000,0.000000,5
42.600000,50.00000,-1.00000,0.033333,6
42.600000,51.06588,-0.96446,0.100000,7
42.600000,52.12702,-0.85799,0.398552,8
42.600000,53.12904,-0.43605,0.468794,9
42.600000,54.08452,0.04785,0.539146,10
42.600000,54.98972,0.58941,0.609613,11
42.600000,55.84128,1.18409,0.433333,12
42.600000,56.74868,1.60391,0.500000,13
42.600000,57.62610,2.08324,0.566667,14
42.600000,58.46964,2.61997,0.633333,15
42.600000,59.27555,3.21169,0.700000,16
42.600000,60.04025,3.85579,0.766667,17
42.600000,60.76034,4.54940,0.833333,18
42.600000,61.43263,5.28944,0.900000,19
42.600000,62.05412,6.07262,0.966667,20
42.600000,62.62206,6.89547,1.033333,21
42.600000,63.13393,7.75432,1.100000,22
42.600000,63.58744,8.64536,1.166667,23
42.600000,63.98059,9.56463,1.480200,24
42.600000,64.07309,10.58292,1.550914,25
42.600000,64.09310,11.58906,1.621759,26
42.600000,64.04266,12.57797,1.924988,27
42.600000,63.67552,13.57080,2.006941,28
42.600000,63.24070,14.50373,1.822936,29
42.600000,63.00000,15.43806,1.822936,30
42.700000,44.13680,-1.82893,0.590777,0
42.700000,45.00000,-1.25000,0.244979,1
42.700000,46.00000,-1.00000,0.000000,2
42.700000,47.00000,-1.00000,0.000000,3
42.700000,48.00000,-1.00000,0.000000,4
42.700000,49.00000,-1.00000,0.000000,5
42.700000,50.00000,-1.00000,0.033333,6
42.700000,51.06588,-0.96446,0.100000,7
42.700000,52.12702,-0.85799,0.398552,8
42.700000,53.12904,-0.43605,0.468794,9
42.700000,54.08452,0.04785,0.539146,10
42.700000,54.98972,0.58941,0.609613,11
42.700000,55.84128,1.18409,0.433333,12
42.700000,56.74868,1.60391,0.500000,13
42.700000,57.62610,2.08324,0.566667,14
42.700000,58.46964,2.61997,0.633333,15
42.700000,59.27555,3.21169,0.700000,16
42.700000,60.04025,3.85579,0.766667,17
42.700000,60.76034,4.54940,0.833333,18
42.700000,61.43263,5.28944,0.900000,19
42.700000,62.05412,6.07262,0.966667,20
42.700000,62.62206,6.89547,1.033333,21
42.700000,63.13393,7.75432,1.100000,22
42.700000,63.58744,8.64536,1.166667,23
42.700000,63.98059,9.56463,1.233333,24
42.700000,64.31162,10.50806,1.546867,25
42.700000,64.33608,11.53025,1.617580,26
42.700000,64.28902,12.53548,1.688425,27
42.700000,64.17281,13.51883,1.759409,28
42.700000,63.99018,14.47564,1.815358,29
42.700000,63.75000,15.43806,1.815358,30
42.800000,44.26189,-1.83226,0.439589,0
42.800000,45.50000,-1.25000,0.244979,1
42.800000,46.50000,-1.00000,0.000000,2
42.800000,47.50000,-1.00000,0.000000,3
42.800000,48.50000,-1.00000,0.000000,4
42.800000,49.50000,-1.00000,0.008602,5
42.800000,50.53323,-0.99111,0.066667,6
42.800000,51.59733,-0.92007,0.365219,7
42.800000,52.61286,-0.53176,0.435461,8
42.800000,53.58394,-0.07997,0.505813,9
42.800000,54.50668,0.43112,0.576280,10
42.800000,55.37759,0.99709,0.400000,11
42.800000,56.29848,1.38643,0.466667,12
42.800000,57.19138,1.83626,0.533333,13
42.800000,58.05234,2.34457,0.600000,14
42.800000,58.87752,2.90911,0.666667,15
42.800000,59.66327,3.52737,0.733333,16
42.800000,60.40608,4.19659,0.800000,17
42.800000,61.10265,4.91382,0.866667,18
42.800000,61.74990,5.67585,0.933333,19
42.800000,62.34495,6.47931,1.000000,20
42.800000,62.88515,7.32063,1.066667,21
42.800000,63.36811,8.19606,1.133333,22
42.800000,63.79167,9.10172,1.200000,23
42.800000,64.15397,10.03359,1.266667,24
42.800000,64.45337,10.98752,1.580200,25
42.800000,64.44376,12.00995,1.650914,26
42.800000,64.36322,13.01306,1.721759,27
42.800000,64.21430,13.99199,1.792742,28
42.800000,63.99988,14.94218,1.570676,29
42.800000,64.00000,15.93806,1.570676,30
42.900000,44.37944,-1.88622,0.516383,0
42.900000,45.50000,-1.25000,0.244979,1
42.900000,46.50000,-1.00000,0.000000,2
42.900000,47.50000,-1.00000,0.000000,3
42.900000,48.50000,-1.00000,0.000000,4
42.900000,49.50000,-1.00000,0.008602,5
42.900000,50.53323,-0.99111,0.066667,6
42.900000,51.59733,-0.92007,0.365219,7
42.900000,52.61286,-0.53176,0.435461,8
42.900000,53.58394,-0.07997,0.505813,9
42.900000,54.50668,0.43112,0.576280,10
42.900000,55.37759,0.99709,0.400000,11
42.900000,56.29848,1.38643,0.466667,12
42.900000,57.19138,1.83626,0.533333,13
42.900000,58.05234,2.34457,0.600000,14
42.900000,58.87752,2.90911,0.666667,15
42.900000,59.66327,3.52737,0.733333,16
42.900000,60.40608,4.19659,0.800000,17
42.900000,61.10265,4.91382,0.866667,18
42.900000,61.74990,5.67585,0.933333,19
42.900000,62.34495,6.47931,1.000000,20
42.900000,62.88515,7.32063,1.066667,21
42.900000,63.36811,8.19606,1.133333,22
42.900000,63.79167,9.10172,1.200000,23
42.900000,64.15397,10.03359,1.266667,24
42.900000,64.45337,10.98752,1.333333,25
42.900000,64.68857,11.95928,1.646867,26
42.900000,64.61086,12.97880,1.717580,27
42.900000,64.46368,13.97431,1.788425,28
42.900000,64.24988,14.94115,1.570674,29
42.900000,64.25000,15.93806,1.570674,30
43.000000,44.49811,-1.83854,0.531126,0
43.000000,45.50000,-1.25000,0.244979,1
43.000000,46.50000,-1.00000,0.000000,2
43.000000,47.50000,-1.00000,0.000000,3
43.000000,48.50000,-1.00000,0.000000,4
43.000000,49.50000,-1.00000,0.008602,5
43.000000,50.53323,-0.99111,0.066667,6
43.000000,51.59733,-0.92007,0.365219,7
43.000000,52.61286,-0.53176,0.435461,8
43.000000,53.58394,-0.07997,0.505813,9
43.000000,54.50668,0.43112,0.576280,10
43.000000,55.37759,0.99709,0.400000,11
43.000000,56.29848,1.38643,0.466667,12
43.000000,57.19138,1.83626,0.533333,13
43.000000,58.05234,2.34457,0.600000,14
43.000000,58.87752,2.90911,0.666667,15
43.000000,59.66327,3.52737,0.733333,16
43.000000,60.40608,4.19659,0.800000,17
43.000000,61.10265,4.91382,0.866667,18
43.000000,61.74990,5.67585,0.933333,19
43.000000,62.34495,6.47931,1.000000,20
43.000000,62.88515,7.32063,1.066667,21
43.000000,63.36811,8.19606,1.133333,22
43.000000,63.79167,9.10172,1.200000,23
43.000000,64.15397,10.03359,1.266667,24
43.000000,64.45337,10.98752,1.333333,25
43.000000,64.68857,11.95928,1.646867,26
43.000000,64.61086,12.97880,1.717580,27
43.000000,64.46368,13.97431,1.788425,28
43.000000,64.24988,14.94115,1.570674,29
43.000000,64.25000,15.93806,1.570674,30
43.100000,44.59656,-1.90057,0.624089,0
43.100000,45.50000,-1.25000,0.244979,1
43.100000,46.50000,-1.00000,0.000000,2
43.100000,47.50000,-1.00000,0.000000,3
43.100000,48.50000,-1.00000,0.000000,4
43.100000,49.50000,-1.00000,0.008602,5
43.100000,50.53323,-0.99111,0.066667,6
43.100000,51.59733,-0.92007,0.365219,7
43.100000,52.61286,-0.53176,0.435461,8
43.100000,53.58394,-0.07997,0.505813,9
43.100000,54.50668,0.43112,0.576280,10
43.100000,55.37759,0.99709,0.400000,11
43.100000,56.29848,1.38643,0.466667,12
43.100000,57.19138,1.83626,0.533333,13
43.100000,58.05234,2.34457,0.600000,14
43.100000,58.87752,2.90911,0.666667,15
43.100000,59.66327,3.52737,0.733333,16
43.100000,60.40608,4.19659,0.800000,17
43.100000,61.10265,4.91382,0.866667,18
43.100000,61.74990,5.67585,0.933333,19
43.100000,62.34495,6.47931,1.000000,20
43.100000,62.88515,7.32063,1.066667,21
43.100000,63.36811,8.19606,1.133333,22
43.100000,63.79167,9.10172,1.200000,23
43.100000,64.15397,10.03359,1.266667,24
43.100000,64.45337,10.98752,1.333333,25
43.100000,64.68857,11.95928,1.400000,26
43.100000,64.85850,12.94454,1.713534,27
43.100000,64.71305,13.95663,1.784247,28
43.100000,64.49988,14.94012,1.570672,29
43.100000,64.50000,15.93806,1.570672,30
43.200000,44.71288,-1.88414,0.678179,0
43.200000,45.50000,-1.25000,0.244979,1
43.200000,46.50000,-1.00000,0.000000,2
43.200000,47.50000,-1.00000,0.000000,3
43.200000,48.50000,-1.00000,0.000000,4
43.200000,49.50000,-1.00000,0.008602,5
43.200000,50.53323,-0.99111,0.066667,6
43.200000,51.59733,-0.92007,0.365219,7
43.200000,52.61286,-0.53176,0.435461,8
43.200000,53.58394,-0.07997,0.505813,9
43.200000,54.50668,0.43112,0.576280,10
43.200000,55.37759,0.99709,0.400000,11
43.200000,56.29848,1.38643,0.466667,12
43.200000,57.19138,1.83626,0.533333,13
43.200000,58.05234,2.34457,0.600000,14
43.200000,58.87752,2.90911,0.666667,15
43.200000,59.66327,3.52737,0.733333,16
43.200000,60.40608,4.19659,0.800000,17
43.200000,61.10265,4.91382,0.866667,18
43.200000,61.74990,5.67585,0.933333,19
43.200000,62.34495,6.47931,1.000000,20
43.200000,62.88515,7.32063,1.066667,21
43.200000,63.36811,8.19606,1.133333,22
43.200000,63.79167,9.10172,1.200000,23
43.200000,64.15397,10.03359,1.266667,24
43.200000,64.45337,10.98752,1.333333,25
43.200000,64.68857,11.95928,1.400000,26
43.200000,64.85850,12.94454,1.713534,27
43.200000,64.71305,13.95663,1.784247,28
43.200000,64.49988,14.94012,1.570672,29
43.200000,64.50000,15.93806,1.570672,30
43.300000,44.79755,-1.92821,0.513550,0
43.300000,46.00000,-1.25000,0.244979,1
43.300000,47.00000,-1.00000,0.000000,2
43.300000,48.00000,-1.00000,0.000000,3
43.300000,49.00000,-1.00000,0.000000,4
43.300000,50.00000,-1.00000,0.033333,5
43.300000,51.06588,-0.96446,0.100000,6
43.300000,52.12702,-0.85799,0.398552,7
43.300000,53.12904,-0.43605,0.468794,8
43.300000,54.08452,0.04785,0.539146,9
43.300000,54.98972,0.58941,0.609613,10
43.300000,55.84128,1.18409,0.433333,11
43.300000,56.74868,1.60391,0.500000,12
43.300000,57.62610,2.08324,0.566667,13
43.300000,58.46964,2.61997,0.633333,14
43.300000,59.27555,3.21169,0.700000,15
43.300000,60.04025,3.85579,0.766667,16
43.300000,60.76034,4.54940,0.833333,17
43.300000,61.43263,5.28944,0.900000,18
43.300000,62.05412,6.07262,0.966667,19
43.300000,62.62206,6.89547,1.033333,20
43.300000,63.13393,7.75432,1.100000,21
43.300000,63.58744,8.64536,1.166667,22
43.300000,63.98059,9.56463,1.233333,23
43.300000,64.31162,10.50806,1.300000,24
43.300000,64.57907,11.47144,1.366667,25
43.300000,64.78175,12.45049,1.680200,26
43.300000,64.67011,13.46686,1.750914,27
43.300000,64.48983,14.45691,1.810531,28
43.300000,64.25000,15.43806,1.570796,29
43.300000,64.25000,16.43806,1.570796,30
43.400000,44.92907,-1.95996,0.585419,0
43.400000,46.00000,-1.25000,0.244979,1
43.400000,47.00000,-1.00000,0.000000,2
43.400000,48.00000,-1.00000,0.000000,3
43.400000,49.00000,-1.00000,0.000000,4
43.400000,50.00000,-1.00000,0.033333,5
43.400000,51.06588,-0.96446,0.100000,6
43.400000,52.12702,-0.85799,0.398552,7
43.400000,53.12904,-0.43605,0.468794,8
43.400000,54.08452,0.04785,0.539146,9
43.400000,54.98972,0.58941,0.609613,10
43.400000,55.84128,1.18409,0.433333,11
43.400000,56.74868,1.60391,0.500000,12
43.400000,57.62610,2.08324,0.566667,13
43.400000,58.46964,2.61997,0.633333,14
43.400000,59.27555,3.21169,0.700000,15
43.400000,60.04025,3.85579,0.766667,16
43.400000,60.76034,4.54940,0.833333,17
43.400000,61.43263,5.28944,0.900000,18
43.400000,62.05412,6.07262,0.966667,19
43.400000,62.62206,6.89547,1.033333,20
43.400000,63.13393,7.75432,1.100000,21
43.400000,63.58744,8.64536,1.166667,22
43.400000,63.98059,9.56463,1.233333,23
43.400000,64.31162,10.50806,1.300000,24
43.400000,64.57907,11.47144,1.366667,25
43.400000,64.78175,12.45049,1.680200,26
43.400000,64.67011,13.46686,1.750914,27
43.400000,64.48983,14.45691,1.810531,28
43.400000,64.25000,15.43806,1.570796,29
43.400000,64.25000,16.43806,1.570796,30
43.500000,44.99472,-1.97691,0.626057,0
43.500000,46.00000,-1.25000,0.244979,1
43.500000,47.00000,-1.00000,0.000000,2
43.500000,48.00000,-1.00000,0.000000,3
43.500000,49.00000,-1.00000,0.000000,4
43.500000,50.00000,-1.00000,0.033333,5
43.500000,51.06588,-0.96446,0.100000,6
43.500000,52.12702,-0.85799,0.398552,7
43.500000,53.12904,-0.43605,0.468794,8
43.500000,54.08452,0.04785,0.539146,9
43.500000,54.98972,0.58941,0.609613,10
43.500000,55.84128,1.18409,0.433333,11
43.500000,56.74868,1.60391,0.500000,12
43.500000,57.62610,2.08324,0.566667,13
43.500000,58.46964,2.61997,0.633333,14
43.500000,59.27555,3.21169,0.700000,15
43.500000,60.04025,3.85579,0.766667,16
43.500000,60.76034,4.54940,0.833333,17
43.500000,61.43263,5.28944,0.900000,18
43.500000,62.05412,6.07262,0.966667,19
43.500000,62.62206,6.89547,1.033333,20
43.500000,63.13393,7.75432,1.100000,21
43.500000,63.58744,8.64536,1.166667,22
43.500000,63.98059,9.56463,1.233333,23
43.500000,64.31162,10.50806,1.546867,24
43.500000,64.33608,11.53025,1.617580,25
43.500000,64.28902,12.53548,1.688425,26
43.500000,64.17281,13.51883,1.759409,27
43.500000,63.99018,14.47564,1.815358,28
43.500000,63.75000,15.43806,1.570796,29
43.500000,63.75000,16.43806,1.570796,30
43.600000,45.10498,-2.05651,0.733427,0
43.600000,46.00000,-1.25000,0.244979,1
43.600000,47.00000,-1.00000,0.000000,2
43.600000,48.00000,-1.00000,0.000000,3
43.600000,49.00000,-1.00000,0.000000,4
43.600000,50.00000,-1.00000,0.033333,5
43.600000,51.06588,-0.96446,0.100000,6
43.600000,52.12702,-0.85799,0.398552,7
43.600000,53.12904,-0.43605,0.468794,8
43.600000,54.08452,0.04785,0.539146,9
43.600000,54.98972,0.58941,0.609613,10
43.600000,55.84128,1.18409,0.433333,11
43.600000,56.74868,1.60391,0.500000,12
43.600000,57.62610,2.08324,0.566667,13
43.600000,58.46964,2.61997,0.633333,14
43.600000,59.27555,3.21169,0.700000,15
43.600000,60.04025,3.85579,0.766667,16
43.600000,60.76034,4.54940,0.833333,17
43.600000,61.43263,5.28944,0.900000,18
43.600000,62.05412,6.07262,0.966667,19
43.600000,62.62206,6.89547,1.033333,20
43.600000,63.13393,7.75432,1.100000,21
43.600000,63.58744,8.64536,1.166667,22
43.600000,63.98059,9.56463,1.233333,23
43.600000,64.31162,10.50806,1.300000,24
43.600000,64.57907,11.47144,1.613534,25
43.600000,64.53538,12.49298,1.684247,26
43.600000,64.42146,13.49285,1.755092,27
43.600000,64.24000,14.46628,1.812923,28
43.600000,64.00000,15.43806,1.570796,29
43.600000,64.00000,16.43806,1.570796,30
43.700000,45.17863,-2.06816,0.783443,0
43.700000,46.00000,-1.25000,0.244979,1
43.700000,47.00000,-1.00000,0.000000,2
43.700000,48.00000,-1.00000,0.000000,3
43.700000,49.00000,-1.00000,0.000000,4
43.700000,50.00000,-1.00000,0.033333,5
43.700000,51.06588,-0.96446,0.100000,6
43.700000,52.12702,-0.85799,0.398552,7
43.700000,53.12904,-0.43605,0.468794,8
43.700000,54.08452,0.04785,0.539146,9
43.700000,54.98972,0.58941,0.609613,10
43.700000,55.84128,1.18409,0.433333,11
43.700000,56.74868,1.60391,0.500000,12
43.700000,57.62610,2.08324,0.566667,13
43.700000,58.46964,2.61997,0.633333,14
43.700000,59.27555,3.21169,0.700000,15
43.700000,60.04025,3.85579,0.766667,16
43.700000,60.76034,4.54940,0.833333,17
43.700000,61.43263,5.28944,0.900000,18
43.700000,62.05412,6.07262,0.966667,19
43.700000,62.62206,6.89547,1.033333,20
43.700000,63.13393,7.75432,1.100000,21
43.700000,63.58744,8.64536,1.166667,22
43.700000,63.98059,9.56463,1.233333,23
43.700000,64.31162,10.50806,1.546867,24
43.700000,64.33608,11.53025,1.617580,25
43.700000,64.28902,12.53548,1.688425,26
43.700000,64.17281,13.51883,1.991655,27
43.700000,63.74035,14.48500,1.817837,28
43.700000,63.50000,15.43806,1.570796,29
43.700000,63.50000,16.43806,1.570796,30
43.806000,45.27762,-2.17112,0.502097,0
43.806000,46.50000,-1.50000,0.244979,1
43.806000,47.50000,-1.25000,0.244979,2
43.806000,48.50000,-1.00000,0.000000,3
43.806000,49.50000,-1.00000,0.008602,4
43.806000,50.53323,-0.99111,0.066667,5
43.806000,51.59733,-0.92007,0.365219,6
43.806000,52.61286,-0.53176,0.435461,7
43.806000,53.58394,-0.07997,0.505813,8
43.806000,54.50668,0.43112,0.576280,9
43.806000,55.37759,0.99709,0.400000,10
43.806000,56.29848,1.38643,0.466667,11
43.806000,57.19138,1.83626,0.533333,12
43.806000,58.05234,2.34457,0.600000,13
43.806000,58.87752,2.90911,0.666667,14
43.806000,59.66327,3.52737,0.733333,15
43.806000,60.40608,4.19659,0.800000,16
43.806000,61.10265,4.91382,0.866667,17
43.806000,61.74990,5.67585,0.933333,18
43.806000,62.34495,6.47931,1.000000,19
43.806000,62.88515,7.32063,1.066667,20
43.806000,63.36811,8.19606,1.133333,21
43.806000,63.79167,9.10172,1.200000,22
43.806000,64.15397,10.03359,1.513534,23
43.806000,64.21248,11.05439,1.584247,24
43.806000,64.19895,12.06063,1.655092,25
43.806000,64.11558,13.04732,1.958322,26
43.806000,63.71556,14.02736,2.040275,27
43.806000,63.24989,14.94528,1.570683,28
43.806000,63.25000,15.93806,1.570796,29
43.806000,63.25000,16.93806,1.570796,30
43.900000,45.31636,-2.18448,0.524296,0
43.900000,46.50000,-1.50000,0.244979,1
43.900000,47.50000,-1.25000,0.244979,2
43.900000,48.50000,-1.00000,0.000000,3
43.900000,49.50000,-1.00000,0.008602,4
43.900000,50.53323,-0.99111,0.066667,5
43.900000,51.59733,-0.92007,0.365219,6
43.900000,52.61286,-0.53176,0.435461,7
43.900000,53.58394,-0.07997,0.505813,8
43.900000,54.50668,0.43112,0.576280,9
43.900000,55.37759,0.99709,0.400000,10
43.900000,56.29848,1.38643,0.466667,11
43.900000,57.19138,1.83626,0.533333,12
43.900000,58.05234,2.34457,0.600000,13
43.900000,58.87752,2.90911,0.666667,14
43.900000,59.66327,3.52737,0.733333,15
43.900000,60.40608,4.19659,0.800000,16
43.900000,61.10265,4.91382,0.866667,17
43.900000,61.74990,5.67585,0.933333,18
43.900000,62.34495,6.47931,1.000000,19
43.900000,62.88515,7.32063,1.066667,20
43.900000,63.36811,8.19606,1.133333,21
43.900000,63.79167,9.10172,1.446867,22
43.900000,63.91807,10.11636,1.517580,23
43.900000,63.97159,11.12127,1.588425,24
43.900000,63.95414,12.11131,1.659409,25
43.900000,63.86794,13.08157,1.965858,26
43.900000,63.46618,14.04505,2.048247,27
43.900000,62.99989,14.94631,1.817629,28
43.900000,62.75000,15.93806,1.570796,29
43.900000,62.75000,16.93806,1.570796,30
44.000000,45.37341,-2.20725,0.560596,0
44.000000,46.50000,-1.50000,0.244979,1
44.000000,47.50000,-1.25000,0.244979,2
44.000000,48.50000,-1.00000,0.000000,3
44.000000,49.50000,-1.00000,0.008602,4
44.000000,50.53323,-0.99111,0.066667,5
44.000000,51.59733,-0.92007,0.365219,6
44.000000,52.61286,-0.53176,0.435461,7
44.000000,53.58394,-0.07997,0.505813,8
44.000000,54.50668,0.43112,0.576280,9
44.000000,55.37759,0.99709,0.400000,10
44.000000,56.29848,1.38643,0.466667,11
44.000000,57.19138,1.83626,0.533333,12
44.000000,58.05234,2.34457,0.600000,13
44.000000,58.87752,2.90911,0.666667,14
44.000000,59.66327,3.52737,0.733333,15
44.000000,60.40608,4.19659,0.800000,16
44.000000,61.10265,4.91382,0.866667,17
44.000000,61.74990,5.67585,0.933333,18
44.000000,62.34495,6.47931,1.000000,19
44.000000,62.88515,7.32063,1.066667,20
44.000000,63.36811,8.19606,1.133333,21
44.000000,63.79167,9.10172,1.446867,22
44.000000,63.91807,10.11636,1.517580,23
44.000000,63.97159,11.12127,1.588425,24
44.000000,63.95414,12.11131,1.659409,25
44.000000,63.86794,13.08157,1.965858,26
44.000000,63.46618,14.04505,2.048247,27
44.000000,62.99989,14.94631,1.817629,28
44.000000,62.75000,15.93806,1.570796,29
44.000000,62.75000,16.93806,1.570796,30
44.104000,45.42433,-2.25231,0.610312,0
44.104000,46.50000,-1.50000,0.244979,1
44.104000,47.50000,-1.25000,0.244979,2
44.104000,48.50000,-1.00000,0.000000,3
44.104000,49.50000,-1.00000,0.008602,4
44.104000,50.53323,-0.99111,0.066667,5
44.104000,51.59733,-0.92007,0.365219,6
44.104000,52.61286,-0.53176,0.435461,7
44.104000,53.58394,-0.07997,0.505813,8
44.104000,54.50668,0.43112,0.576280,9
44.104000,55.37759,0.99709,0.400000,10
44.104000,56.29848,1.38643,0.466667,11
44.104000,57.19138,1.83626,0.533333,12
44.104000,58.05234,2.34457,0.600000,13
44.104000,58.87752,2.90911,0.666667,14
44.104000,59.66327,3.52737,0.733333,15
44.104000,60.40608,4.19659,0.800000,16
44.104000,61.10265,4.91382,0.866667,17
44.104000,61.74990,5.67585,0.933333,18
44.104000,62.34495,6.47931,1.000000,19
44.104000,62.88515,7.32063,1.066667,20
44.104000,63.36811,8.19606,1.133333,21
44.104000,63.79167,9.10172,1.446867,22
44.104000,63.91807,10.11636,1.517580,23
44.104000,63.97159,11.12127,1.588425,24
44.104000,63.95414,12.11131,1.891655,25
44.104000,63.62029,13.11583,1.973608,26
44.104000,63.21681,14.06273,2.056451,27
44.104000,62.74989,14.94735,1.817877,28
44.104000,62.50000,15.93806,1.570796,29
44.104000,62.50000,16.93806,1.570796,30
44.200000,45.48062,-2.25364,0.636626,0
44.200000,46.50000,-1.50000,0.244979,1
44.200000,47.50000,-1.25000,0.244979,2
44.200000,48.50000,-1.00000,0.000000,3
44.200000,49.50000,-1.00000,0.008602,4
44.200000,50.53323,-0.99111,0.066667,5
44.200000,51.59733,-0.92007,0.365219,6
44.200000,52.61286,-0.53176,0.435461,7
44.200000,53.58394,-0.07997,0.505813,8
44.200000,54.50668,0.43112,0.576280,9
44.200000,55.37759,0.99709,0.400000,10
44.200000,56.29848,1.38643,0.466667,11
44.200000,57.19138,1.83626,0.533333,12
44.200000,58.05234,2.34457,0.600000,13
44.200000,58.87752,2.90911,0.666667,14
44.200000,59.66327,3.52737,0.733333,15
44.200000,60.40608,4.19659,0.800000,16
44.200000,61.10265,4.91382,0.866667,17
44.200000,61.74990,5.67585,0.933333,18
44.200000,62.34495,6.47931,1.000000,19
44.200000,62.88515,7.32063,1.066667,20
44.200000,63.36811,8.19606,1.133333,21
44.200000,63.79167,9.10172,1.446867,22
44.200000,63.91807,10.11636,1.517580,23
44.200000,63.97159,11.12127,1.588425,24
44.200000,63.95414,12.11131,1.891655,25
44.200000,63.62029,13.11583,1.973608,26
44.200000,63.21681,14.06273,2.056451,27
44.200000,62.74989,14.94735,1.817877,28
44.200000,62.50000,15.93806,1.570796,29
44.200000,62.50000,16.93806,1.570796,30
44.300000,45.49974,-2.29200,0.669720,0
44.300000,46.50000,-1.50000,0.244979,1
44.300000,47.50000,-1.25000,0.244979,2
44.300000,48.50000,-1.00000,0.000000,3
44.300000,49.50000,-1.00000,0.008602,4
44.300000,50.53323,-0.99111,0.066667,5
44.300000,51.59733,-0.92007,0.365219,6
44.300000,52.61286,-0.53176,0.435461,7
44.300000,53.58394,-0.07997,0.505813,8
44.300000,54.50668,0.43112,0.576280,9
44.300000,55.37759,0.99709,0.400000,10
44.300000,56.29848,1.38643,0.466667,11
44.300000,57.19138,1.83626,0.533333,12
44.300000,58.05234,2.34457,0.600000,13
44.300000,58.87752,2.90911,0.666667,14
44.300000,59.66327,3.52737,0.733333,15
44.300000,60.40608,4.19659,0.800000,16
44.300000,61.10265,4.91382,0.866667,17
44.300000,61.74990,5.67585,0.933333,18
44.300000,62.34495,6.47931,1.000000,19
44.300000,62.88515,7.32063,1.066667,20
44.300000,63.36811,8.19606,1.133333,21
44.300000,63.79167,9.10172,1.446867,22
44.300000,63.91807,10.11636,1.517580,23
44.300000,63.97159,11.12127,1.588425,24
44.300000,63.95414,12.11131,1.891655,25
44.300000,63.62029,13.11583,1.973608,26
44.300000,63.21681,14.06273,2.056451,27
44.300000,62.74989,14.94735,1.817877,28
44.300000,62.50000,15.93806,1.570796,29
44.300000,62.50000,16.93806,1.570796,30
44.400000,45.54796,-2.28969,0.692451,0
44.400000,46.50000,-1.50000,0.244979,1
44.400000,47.50000,-1.25000,0.244979,2
44.400000,48.50000,-1.00000,0.000000,3
44.400000,49.50000,-1.00000,0.008602,4
44.400000,50.53323,-0.99111,0.066667,5
44.400000,51.59733,-0.92007,0.365219,6
44.400000,52.61286,-0.53176,0.435461,7
44.400000,53.58394,-0.07997,0.505813,8
44.400000,54.50668,0.43112,0.576280,9
44.400000,55.37759,0.99709,0.400000,10
44.400000,56.29848,1.38643,0.466667,11
44.400000,57.19138,1.83626,0.533333,12
44.400000,58.05234,2.34457,0.600000,13
44.400000,58.87752,2.90911,0.666667,14
44.400000,59.66327,3.52737,0.733333,15
44.400000,60.40608,4.19659,0.800000,16
44.400000,61.10265,4.91382,0.866667,17
44.400000,61.74990,5.67585,0.933333,18
44.400000,62.34495,6.47931,1.000000,19
44.400000,62.88515,7.32063,1.066667,20
44.400000,63.36811,8.19606,1.133333,21
44.400000,63.79167,9.10172,1.446867,22
44.400000,63.91807,10.11636,1.517580,23
44.400000,63.97159,11.12127,1.588425,24
44.400000,63.95414,12.11131,1.891655,25
44.400000,63.62029,13.11583,1.973608,26
44.400000,63.21681,14.06273,2.056451,27
44.400000,62.74989,14.94735,1.817877,28
44.400000,62.50000,15.93806,1.570796,29
44.400000,62.50000,16.93806,1.570796,30
44.500000,45.59253,-2.30793,0.727438,0
44.500000,46.50000,-1.50000,0.244979,1
44.500000,47.50000,-1.25000,0.244979,2
44.500000,48.50000,-1.00000,0.000000,3
44.500000,49.50000,-1.00000,0.008602,4
44.500000,50.53323,-0.99111,0.066667,5
44.500000,51.59733,-0.92007,0.365219,6
44.500000,52.61286,-0.53176,0.435461,7
44.500000,53.58394,-0.07997,0.505813,8
44.500000,54.50668,0.43112,0.576280,9
44.500000,55.37759,0.99709,0.400000,10
44.500000,56.29848,1.38643,0.466667,11
44.500000,57.19138,1.83626,0.533333,12
44.500000,58.05234,2.34457,0.600000,13
44.500000,58.87752,2.90911,0.666667,14
44.500000,59.66327,3.52737,0.733333,15
44.500000,60.40608,4.19659,0.800000,16
44.500000,61.10265,4.91382,0.866667,17
44.500000,61.74990,5.67585,0.933333,18
44.500000,62.34495,6.47931,1.000000,19
44.500000,62.88515,7.32063,1.066667,20
44.500000,63.36811,8.19606,1.133333,21
44.500000,63.79167,9.10172,1.446867,22
44.500000,63.91807,10.11636,1.517580,23
44.500000,63.97159,11.12127,1.588425,24
44.500000,63.95414,12.11131,1.891655,25
44.500000,63.62029,13.11583,1.973608,26
44.500000,63.21681,14.06273,2.056451,27
44.500000,62.74989,14.94735,1.817877,28
44.500000,62.50000,15.93806,1.570796,29
44.500000,62.50000,16.93806,1.570796,30
44.600000,45.61402,-2.32288,0.748490,0
44.600000,46.50000,-1.50000,0.244979,1
44.600000,47.50000,-1.25000,0.244979,2
44.600000,48.50000,-1.00000,0.000000,3
44.600000,49.50000,-1.00000,0.008602,4
44.600000,50.53323,-0.99111,0.066667,5
44.600000,51.59733,-0.92007,0.365219,6
44.600000,52.61286,-0.53176,0.435461,7
44.600000,53.58394,-0.07997,0.505813,8
44.600000,54.50668,0.43112,0.576280,9
44.600000,55.37759,0.99709,0.400000,10
44.600000,56.29848,1.38643,0.466667,11
44.600000,57.19138,1.83626,0.533333,12
44.600000,58.05234,2.34457,0.600000,13
44.600000,58.87752,2.90911,0.666667,14
44.600000,59.66327,3.52737,0.733333,15
44.600000,60.40608,4.19659,0.800000,16
44.600000,61.10265,4.91382,0.866667,17
44.600000,61.74990,5.67585,0.933333,18
44.600000,62.34495,6.47931,1.000000,19
44.600000,62.88515,7.32063,1.066667,20
44.600000,63.36811,8.19606,1.133333,21
44.600000,63.79167,9.10172,1.446867,22
44.600000,63.91807,10.11636,1.517580,23
44.600000,63.97159,11.12127,1.588425,24
44.600000,63.95414,12.11131,1.891655,25
44.600000,63.62029,13.11583,1.973608,26
44.600000,63.21681,14.06273,2.056451,27
44.600000,62.74989,14.94735,1.817877,28
44.600000,62.50000,15.93806,1.570796,29
44.600000,62.50000,16.93806,1.570796,30
44.700000,45.65617,-2.32028,0.771245,0
44.700000,46.50000,-1.50000,0.244979,1
44.700000,47.50000,-1.25000,0.244979,2
44.700000,48.50000,-1.00000,0.000000,3
44.700000,49.50000,-1.00000,0.008602,4
44.700000,50.53323,-0.99111,0.066667,5
44.700000,51.59733,-0.92007,0.365219,6
44.700000,52.61286,-0.53176,0.435461,7
44.700000,53.58394,-0.07997,0.505813,8
44.700000,54.50668,0.43112,0.576280,9
44.700000,55.37759,0.99709,0.400000,10
44.700000,56.29848,1.38643,0.466667,11
44.700000,57.19138,1.83626,0.533333,12
44.700000,58.05234,2.34457,0.600000,13
44.700000,58.87752,2.90911,0.666667,14
44.700000,59.66327,3.52737,0.733333,15
44.700000,60.40608,4.19659,0.800000,16
44.700000,61.10265,4.91382,0.866667,17
44.700000,61.74990,5.67585,0.933333,18
44.700000,62.34495,6.47931,1.000000,19
44.700000,62.88515,7.32063,1.066667,20
44.700000,63.36811,8.19606,1.133333,21
44.700000,63.79167,9.10172,1.446867,22
44.700000,63.91807,10.11636,1.517580,23
44.700000,63.97159,11.12127,1.588425,24
44.700000,63.95414,12.11131,1.659409,25
44.700000,63.86794,13.08157,1.965858,26
44.700000,63.46618,14.04505,2.048247,27
44.700000,62.99989,14.94631,1.817629,28
44.700000,62.75000,15.93806,1.570796,29
44.700000,62.75000,16.93806,1.570796,30
44.800000,45.70255,-2.32473,0.802218,0
44.800000,46.50000,-1.50000,0.244979,1
44.800000,47.50000,-1.25000,0.244979,2
44.800000,48.50000,-1.00000,0.000000,3
44.800000,49.50000,-1.00000,0.008602,4
44.800000,50.53323,-0.99111,0.066667,5
44.800000,51.59733,-0.92007,0.365219,6
44.800000,52.61286,-0.53176,0.435461,7
44.800000,53.58394,-0.07997,0.505813,8
44.800000,54.50668,0.43112,0.576280,9
44.800000,55.37759,0.99709,0.400000,10
44.800000,56.29848,1.38643,0.466667,11
44.800000,57.19138,1.83626,0.533333,12
44.800000,58.05234,2.34457,0.600000,13
44.800000,58.87752,2.90911,0.666667,14
44.800000,59.66327,3.52737,0.733333,15
44.800000,60.40608,4.19659,0.800000,16
44.800000,61.10265,4.91382,0.866667,17
44.800000,61.74990,5.67585,0.933333,18
44.800000,62.34495,6.47931,1.000000,19
44.800000,62.88515,7.32063,1.066667,20
44.800000,63.36811,8.19606,1.133333,21
44.800000,63.79167,9.10172,1.446867,22
44.800000,63.91807,10.11636,1.517580,23
44.800000,63.97159,11.12127,1.588425,24
44.800000,63.95414,12.11131,1.659409,25
44.800000,63.86794,13.08157,1.965858,26
44.800000,63.46618,14.04505,2.048247,27
44.800000,62.99989,14.94631,1.817629,28
44.800000,62.75000,15.93806,1.570796,29
44.800000,62.75000,16.93806,1.570796,30
44.900000,45.75097,-2.35069,0.597914,0
44.900000,47.00000,-1.50000,0.244979,1
44.900000,48.00000,-1.25000,0.244979,2
44.900000,49.00000,-1.00000,0.000000,3
44.900000,50.00000,-1.00000,0.033333,4
44.900000,51.06588,-0.96446,0.100000,5
44.900000,52.12702,-0.85799,0.398552,6
44.900000,53.12904,-0.43605,0.468794,7
44.900000,54.08452,0.04785,0.539146,8
44.900000,54.98972,0.58941,0.609613,9
44.900000,55.84128,1.18409,0.433333,10
44.900000,56.74868,1.60391,0.500000,11
44.900000,57.62610,2.08324,0.566667,12
44.900000,58.46964,2.61997,0.633333,13
44.900000,59.27555,3.21169,0.700000,14
44.900000,60.04025,3.85579,0.766667,15
44.900000,60.76034,4.54940,0.833333,16
44.900000,61.43263,5.28944,0.900000,17
44.900000,62.05412,6.07262,0.966667,18
44.900000,62.62206,6.89547,1.033333,19
44.900000,63.13393,7.75432,1.100000,20
44.900000,63.58744,8.64536,1.166667,21
44.900000,63.98059,9.56463,1.480200,22
44.900000,64.07309,10.58292,1.550914,23
44.900000,64.09310,11.58906,1.621759,24
44.900000,64.04266,12.57797,1.692742,25
44.900000,63.92417,13.54482,1.999191,26
44.900000,63.49053,14.49437,1.820363,27
44.900000,63.25000,15.43806,1.570796,28
44.900000,63.25000,16.43806,1.570796,29
44.900000,63.25000,17.43806,1.570796,30
45.000000,45.81923,-2.32288,0.608643,0
45.000000,47.00000,-1.50000,0.244979,1
45.000000,48.00000,-1.25000,0.244979,2
45.000000,49.00000,-1.00000,0.000000,3
45.000000,50.00000,-1.00000,0.033333,4
45.000000,51.06588,-0.96446,0.100000,5
45.000000,52.12702,-0.85799,0.398552,6
45.000000,53.12904,-0.43605,0.468794,7
45.000000,54.08452,0.04785,0.539146,8
45.000000,54.98972,0.58941,0.609613,9
45.000000,55.84128,1.18409,0.433333,10
45.000000,56.74868,1.60391,0.500000,11
45.000000,57.62610,2.08324,0.566667,12
45.000000,58.46964,2.61997,0.633333,13
45.000000,59.27555,3.21169,0.700000,14
45.000000,60.04025,3.85579,0.766667,15
45.000000,60.76034,4.54940,0.833333,16
45.000000,61.43263,5.28944,0.900000,17
45.000000,62.05412,6.07262,0.966667,18
45.000000,62.62206,6.89547,1.033333,19
45.000000,63.13393,7.75432,1.100000,20
45.000000,63.58744,8.64536,1.166667,21
45.000000,63.98059,9.56463,1.480200,22
45.000000,64.07309,10.58292,1.550914,23
45.000000,64.09310,11.58906,1.621759,24
45.000000,64.04266,12.57797,1.692742,25
45.000000,63.92417,13.54482,1.999191,26
45.000000,63.49053,14.49437,1.820363,27
45.000000,63.25000,15.43806,1.570796,28
45.000000,63.25000,16.43806,1.570796,29
45.000000,63.25000,17.43806,1.570796,30
45.100000,45.89596,-2.30426,0.629578,0
45.100000,47.00000,-1.50000,0.244979,1
45.100000,48.00000,-1.25000,0.244979,2
45.100000,49.00000,-1.00000,0.000000,3
45.100000,50.00000,-1.00000,0.033333,4
45.100000,51.06588,-0.96446,0.100000,5
45.100000,52.12702,-0.85799,0.398552,6
45.100000,53.12904,-0.43605,0.468794,7
45.100000,54.08452,0.04785,0.539146,8
45.100000,54.98972,0.58941,0.609613,9
45.100000,55.84128,1.18409,0.433333,10
45.100000,56.74868,1.60391,0.500000,11
45.100000,57.62610,2.08324,0.566667,12
45.100000,58.46964,2.61997,0.633333,13
45.100000,59.27555,3.21169,0.700000,14
45.100000,60.04025,3.85579,0.766667,15
45.100000,60.76034,4.54940,0.833333,16
45.100000,61.43263,5.28944,0.900000,17
45.100000,62.05412,6.07262,0.966667,18
45.100000,62.62206,6.89547,1.033333,19
45.100000,63.13393,7.75432,1.100000,20
45.100000,63.58744,8.64536,1.166667,21
45.100000,63.98059,9.56463,1.233333,22
45.100000,64.31162,10.50806,1.546867,23
45.100000,64.33608,11.53025,1.617580,24
45.100000,64.28902,12.53548,1.688425,25
45.100000,64.17281,13.51883,1.991655,26
45.100000,63.74035,14.48500,1.817837,27
45.100000,63.50000,15.43806,1.570796,28
45.100000,63.50000,16.43806,1.570796,29
45.100000,63.50000,17.43806,1.570796,30
45.200000,45.97534,-2.32459,0.677628,0
45.200000,47.00000,-1.50000,0.244979,1
45.200000,48.00000,-1.25000,0.244979,2
45.200000,49.00000,-1.00000,0.000000,3
45.200000,50.00000,-1.00000,0.033333,4
45.200000,51.06588,-0.96446,0.100000,5
45.200000,52.12702,-0.85799,0.398552,6
45.200000,53.12904,-0.43605,0.468794,7
45.200000,54.08452,0.04785,0.539146,8
45.200000,54.98972,0.58941,0.609613,9
45.200000,55.84128,1.18409,0.433333,10
45.200000,56.74868,1.60391,0.500000,11
45.200000,57.62610,2.08324,0.566667,12
45.200000,58.46964,2.61997,0.633333,13
45.200000,59.27555,3.21169,0.700000,14
45.200000,60.04025,3.85579,0.766667,15
45.200000,60.76034,4.54940,0.833333,16
45.200000,61.43263,5.28944,0.900000,17
45.200000,62.05412,6.07262,0.966667,18
45.200000,62.62206,6.89547,1.033333,19
45.200000,63.13393,7.75432,1.100000,20
45.200000,63.58744,8.64536,1.166667,21
45.200000,63.98059,9.56463,1.233333,22
45.200000,64.31162,10.50806,1.546867,23
45.200000,64.33608,11.53025,1.617580,24
45.200000,64.28902,12.53548,1.688425,25
45.200000,64.17281,13.51883,1.759409,26
45.200000,63.99018,14.47564,1.815358,27
45.200000,63.75000,15.43806,1.570796,28
45.200000,63.75000,16.43806,1.570796,29
45.200000,63.75000,17.43806,1.570796,30
45.300000,46.03314,-2.31957,0.703131,0
45.300000,47.00000,-1.50000,0.244979,1
45.300000,48.00000,-1.25000,0.244979,2
45.300000,49.00000,-1.00000,0.000000,3
45.300000,50.00000,-1.00000,0.033333,4
45.300000,51.06588,-0.96446,0.100000,5
45.300000,52.12702,-0.85799,0.398552,6
45.300000,53.12904,-0.43605,0.468794,7
45.300000,54.08452,0.04785,0.539146,8
45.300000,54.98972,0.58941,0.609613,9
45.300000,55.84128,1.18409,0.433333,10
45.300000,56.74868,1.60391,0.500000,11
45.300000,57.62610,2.08324,0.566667,12
45.300000,58.46964,2.61997,0.633333,13
45.300000,59.27555,3.21169,0.700000,14
45.300000,60.04025,3.85579,0.766667,15
45.300000,60.76034,4.54940,0.833333,16
45.300000,61.43263,5.28944,0.900000,17
45.300000,62.05412,6.07262,0.966667,18
45.300000,62.62206,6.89547,1.033333,19
45.300000,63.13393,7.75432,1.100000,20
45.300000,63.58744,8.64536,1.166667,21
45.300000,63.98059,9.56463,1.233333,22
45.300000,64.31162,10.50806,1.300000,23
45.300000,64.57907,11.47144,1.613534,24
45.300000,64.53538,12.49298,1.684247,25
45.300000,64.42146,13.49285,1.755092,26
45.300000,64.24000,14.46628,1.812923,27
45.300000,64.00000,15.43806,1.570796,28
45.300000,64.00000,16.43806,1.570796,29
45.300000,64.00000,17.43806,1.570796,30
45.400000,46.14006,-2.31087,0.756043,0
45.400000,47.00000,-1.50000,0.244979,1
45.400000,48.00000,-1.25000,0.244979,2
45.400000,49.00000,-1.00000,0.000000,3
45.400000,50.00000,-1.00000,0.033333,4
45.400000,51.06588,-0.96446,0.100000,5
45.400000,52.12702,-0.85799,0.398552,6
45.400000,53.12904,-0.43605,0.468794,7
45.400000,54.08452,0.04785,0.539146,8
45.400000,54.98972,0.58941,0.609613,9
45.400000,55.84128,1.18409,0.433333,10
45.400000,56.74868,1.60391,0.500000,11
45.400000,57.62610,2.08324,0.566667,12
45.400000,58.46964,2.61997,0.633333,13
45.400000,59.27555,3.21169,0.700000,14
45.400000,60.04025,3.85579,0.766667,15
45.400000,60.76034,4.54940,0.833333,16
45.400000,61.43263,5.28944,0.900000,17
45.400000,62.05412,6.07262,0.966667,18
45.400000,62.62206,6.89547,1.033333,19
45.400000,63.13393,7.75432,1.100000,20
45.400000,63.58744,8.64536,1.166667,21
45.400000,63.98059,9.56463,1.233333,22
45.400000,64.31162,10.50806,1.300000,23
45.400000,64.57907,11.47144,1.366667,24
45.400000,64.78175,12.45049,1.680200,25
45.400000,64.67011,13.46686,1.750914,26
45.400000,64.48983,14.45691,1.560427,27
45.400000,64.50000,15.43806,1.570796,28
45.400000,64.50000,16.43806,1.570796,29
45.400000,64.50000,17.43806,1.570796,30
45.500000,46.24547,-2.29627,0.812306,0
45.500000,47.00000,-1.50000,0.244979,1
45.500000,48.00000,-1.25000,0.244979,2
45.500000,49.00000,-1.00000,0.000000,3
45.500000,50.00000,-1.00000,0.033333,4
45.500000,51.06588,-0.96446,0.100000,5
45.500000,52.12702,-0.85799,0.398552,6
45.500000,53.12904,-0.43605,0.468794,7
45.500000,54.08452,0.04785,0.539146,8
45.500000,54.98972,0.58941,0.609613,9
45.500000,55.84128,1.18409,0.433333,10
45.500000,56.74868,1.60391,0.500000,11
45.500000,57.62610,2.08324,0.566667,12
45.500000,58.46964,2.61997,0.633333,13
45.500000,59.27555,3.21169,0.700000,14
45.500000,60.04025,3.85579,0.766667,15
45.500000,60.76034,4.54940,0.833333,16
45.500000,61.43263,5.28944,0.900000,17
45.500000,62.05412,6.07262,0.966667,18
45.500000,62.62206,6.89547,1.033333,19
45.500000,63.13393,7.75432,1.100000,20
45.500000,63.58744,8.64536,1.166667,21
45.500000,63.98059,9.56463,1.233333,22
45.500000,64.31162,10.50806,1.300000,23
45.500000,64.57907,11.47144,1.366667,24
45.500000,64.78175,12.45049,1.433333,25
45.500000,64.91875,13.44088,1.746867,26
45.500000,64.73965,14.44755,1.560348,27
45.500000,64.75000,15.43806,1.570796,28
45.500000,64.75000,16.43806,1.570796,29
45.500000,64.75000,17.43806,1.570796,30
45.600000,46.35771,-2.30300,0.612717,0
45.600000,47.50000,-1.50000,0.244979,1
45.600000,48.50000,-1.25000,0.244979,2
45.600000,49.50000,-1.00000,0.008602,3
45.600000,50.53323,-0.99111,0.066667,4
45.600000,51.59733,-0.92007,0.365219,5
45.600000,52.61286,-0.53176,0.435461,6
45.600000,53.58394,-0.07997,0.505813,7
45.600000,54.50668,0.43112,0.576280,8
45.600000,55.37759,0.99709,0.400000,9
45.600000,56.29848,1.38643,0.466667,10
45.600000,57.19138,1.83626,0.533333,11
45.600000,58.05234,2.34457,0.600000,12
45.600000,58.87752,2.90911,0.666667,13
45.600000,59.66327,3.52737,0.733333,14
45.600000,60.40608,4.19659,0.800000,15
45.600000,61.10265,4.91382,0.866667,16
45.600000,61.74990,5.67585,0.933333,17
45.600000,62.34495,6.47931,1.000000,18
45.600000,62.88515,7.32063,1.066667,19
45.600000,63.36811,8.19606,1.133333,20
45.600000,63.79167,9.10172,1.200000,21
45.600000,64.15397,10.03359,1.266667,22
45.600000,64.45337,10.98752,1.333333,23
45.600000,64.68857,11.95928,1.400000,24
45.600000,64.85850,12.94454,1.466667,25
45.600000,64.96242,13.93894,1.533333,26
45.600000,64.99987,14.93806,1.570668,27
45.600000,65.00000,15.93806,1.570796,28
45.600000,65.00000,16.93806,1.570796,29
45.600000,65.00000,17.93806,1.570796,30
45.700000,46.45104,-2.31551,0.660834,0
45.700000,47.50000,-1.50000,0.244979,1
45.700000,48.50000,-1.25000,0.244979,2
45.700000,49.50000,-1.00000,0.008602,3
45.700000,50.53323,-0.99111,0.066667,4
45.700000,51.59733,-0.92007,0.365219,5
45.700000,52.61286,-0.53176,0.435461,6
45.700000,53.58394,-0.07997,0.505813,7
45.700000,54.50668,0.43112,0.576280,8
45.700000,55.37759,0.99709,0.400000,9
45.700000,56.29848,1.38643,0.466667,10
45.700000,57.19138,1.83626,0.533333,11
45.700000,58.05234,2.34457,0.600000,12
45.700000,58.87752,2.90911,0.666667,13
45.700000,59.66327,3.52737,0.733333,14
45.700000,60.40608,4.19659,0.800000,15
45.700000,61.10265,4.91382,0.866667,16
45.700000,61.74990,5.67585,0.933333,17
45.700000,62.34495,6.47931,1.000000,18
45.700000,62.88515,7.32063,1.066667,19
45.700000,63.36811,8.19606,1.133333,20
45.700000,63.79167,9.10172,1.200000,21
45.700000,64.15397,10.03359,1.266667,22
45.700000,64.45337,10.98752,1.333333,23
45.700000,64.68857,11.95928,1.400000,24
45.700000,64.85850,12.94454,1.466667,25
45.700000,64.96242,13.93894,1.533333,26
45.700000,64.99987,14.93806,1.570668,27
45.700000,65.00000,15.93806,1.570796,28
45.700000,65.00000,16.93806,1.570796,29
45.700000,65.00000,17.93806,1.570796,30
45.800000,46.57646,-2.34752,0.742500,0
45.800000,47.50000,-1.50000,0.244979,1
45.800000,48.50000,-1.25000,0.244979,2
45.800000,49.50000,-1.00000,0.008602,3
45.800000,50.53323,-0.99111,0.066667,4
45.800000,51.59733,-0.92007,0.365219,5
45.800000,52.61286,-0.53176,0.435461,6
45.800000,53.58394,-0.07997,0.505813,7
45.800000,54.50668,0.43112,0.576280,8
45.800000,55.37759,0.99709,0.400000,9
45.800000,56.29848,1.38643,0.466667,10
45.800000,57.19138,1.83626,0.533333,11
45.800000,58.05234,2.34457,0.600000,12
45.800000,58.87752,2.90911,0.666667,13
45.800000,59.66327,3.52737,0.733333,14
45.800000,60.40608,4.19659,0.800000,15
45.800000,61.10265,4.91382,0.866667,16
45.800000,61.74990,5.67585,0.933333,17
45.800000,62.34495,6.47931,1.000000,18
45.800000,62.88515,7.32063,1.066667,19
45.800000,63.36811,8.19606,1.133333,20
45.800000,63.79167,9.10172,1.200000,21
45.800000,64.15397,10.03359,1.266667,22
45.800000,64.45337,10.98752,1.333333,23
45.800000,64.68857,11.95928,1.400000,24
45.800000,64.85850,12.94454,1.466667,25
45.800000,64.96242,13.93894,1.533333,26
45.800000,64.99987,14.93806,1.570668,27
45.800000,65.00000,15.93806,1.570796,28
45.800000,65.00000,16.93806,1.570796,29
45.800000,65.00000,17.93806,1.570796,30
45.900000,46.74123,-2.37422,0.855978,0
45.900000,47.50000,-1.50000,0.244979,1
45.900000,48.50000,-1.25000,0.244979,2
45.900000,49.50000,-1.00000,0.008602,3
45.900000,50.53323,-0.99111,0.066667,4
45.900000,51.59733,-0.92007,0.365219,5
45.900000,52.61286,-0.53176,0.435461,6
45.900000,53.58394,-0.07997,0.505813,7
45.900000,54.50668,0.43112,0.576280,8
45.900000,55.37759,0.99709,0.400000,9
45.900000,56.29848,1.38643,0.466667,10
45.900000,57.19138,1.83626,0.533333,11
45.900000,58.05234,2.34457,0.600000,12
45.900000,58.87752,2.90911,0.666667,13
45.900000,59.66327,3.52737,0.733333,14
45.900000,60.40608,4.19659,0.800000,15
45.900000,61.10265,4.91382,0.866667,16
45.900000,61.74990,5.67585,0.933333,17
45.900000,62.34495,6.47931,1.000000,18
45.900000,62.88515,7.32063,1.066667,19
45.900000,63.36811,8.19606,1.133333,20
45.900000,63.79167,9.10172,1.200000,21
45.900000,64.15397,10.03359,1.266667,22
45.900000,64.45337,10.98752,1.333333,23
45.900000,64.68857,11.95928,1.400000,24
45.900000,64.85850,12.94454,1.466667,25
45.900000,64.96242,13.93894,1.533333,26
45.900000,64.99987,14.93806,1.570668,27
45.900000,65.00000,15.93806,1.570796,28
45.900000,65.00000,16.93806,1.570796,29
45.900000,65.00000,17.93806,1.570796,30
46.000000,46.80268,-2.38108,0.634400,0
46.000000,48.00000,-1.50000,0.244979,1
46.000000,49.00000,-1.25000,0.244979,2
46.000000,50.00000,-1.00000,0.033333,3
46.000000,51.06588,-0.96446,0.100000,4
46.000000,52.12702,-0.85799,0.398552,5
46.000000,53.12904,-0.43605,0.468794,6
46.000000,54.08452,0.04785,0.539146,7
46.000000,54.98972,0.58941,0.609613,8
46.000000,55.84128,1.18409,0.433333,9
46.000000,56.74868,1.60391,0.500000,10
46.000000,57.62610,2.08324,0.566667,11
46.000000,58.46964,2.61997,0.633333,12
46.000000,59.27555,3.21169,0.700000,13
46.000000,60.04025,3.85579,0.766667,14
46.000000,60.76034,4.54940,0.833333,15
46.000000,61.43263,5.28944,0.900000,16
46.000000,62.05412,6.07262,0.966667,17
46.000000,62.62206,6.89547,1.033333,18
46.000000,63.13393,7.75432,1.100000,19
46.000000,63.58744,8.64536,1.166667,20
46.000000,63.98059,9.56463,1.233333,21
46.000000,64.31162,10.50806,1.300000,22
46.000000,64.57907,11.47144,1.366667,23
46.000000,64.78175,12.45049,1.433333,24
46.000000,64.91875,13.44088,1.746867,25
46.000000,64.73965,14.44755,1.560348,26
46.000000,64.75000,15.43806,1.570796,27
46.000000,64.75000,16.43806,1.570796,28
46.000000,64.75000,17.43806,1.570796,29
46.000000,64.75000,18.43806,1.570796,30
46.100000,46.88010,-2.42628,0.543267,0
46.100000,48.00000,-1.75000,0.463648,1
46.100000,49.00000,-1.25000,0.244979,2
46.100000,50.00000,-1.00000,0.033333,3
46.100000,51.06588,-0.96446,0.100000,4
46.100000,52.12702,-0.85799,0.398552,5
46.100000,53.12904,-0.43605,0.468794,6
46.100000,54.08452,0.04785,0.539146,7
46.100000,54.98972,0.58941,0.609613,8
46.100000,55.84128,1.18409,0.433333,9
46.100000,56.74868,1.60391,0.500000,10
46.100000,57.62610,2.08324,0.566667,11
46.100000,58.46964,2.61997,0.633333,12
46.100000,59.27555,3.21169,0.700000,13
46.100000,60.04025,3.85579,0.766667,14
46.100000,60.76034,4.54940,0.833333,15
46.100000,61.43263,5.28944,0.900000,16
46.100000,62.05412,6.07262,0.966667,17
46.100000,62.62206,6.89547,1.033333,18
46.100000,63.13393,7.75432,1.100000,19
46.100000,63.58744,8.64536,1.166667,20
46.100000,63.98059,9.56463,1.233333,21
46.100000,64.31162,10.50806,1.300000,22
46.100000,64.57907,11.47144,1.366667,23
46.100000,64.78175,12.45049,1.433333,24
46.100000,64.91875,13.44088,1.746867,25
46.100000,64.73965,14.44755,1.560348,26
46.100000,64.75000,15.43806,1.570796,27
46.100000,64.75000,16.43806,1.570796,28
46.100000,64.75000,17.43806,1.570796,29
46.100000,64.75000,18.43806,1.570796,30
46.200000,46.98052,-2.44410,0.597746,0
46.200000,48.00000,-1.75000,0.463648,1
46.200000,49.00000,-1.25000,0.244979,2
46.200000,50.00000,-1.00000,0.033333,3
46.200000,51.06588,-0.96446,0.100000,4
46.200000,52.12702,-0.85799,0.398552,5
46.200000,53.12904,-0.43605,0.468794,6
46.200000,54.08452,0.04785,0.539146,7
46.200000,54.98972,0.58941,0.609613,8
46.200000,55.84128,1.18409,0.433333,9
46.200000,56.74868,1.60391,0.500000,10
46.200000,57.62610,2.08324,0.566667,11
46.200000,58.46964,2.61997,0.633333,12
46.200000,59.27555,3.21169,0.700000,13
46.200000,60.04025,3.85579,0.766667,14
46.200000,60.76034,4.54940,0.833333,15
46.200000,61.43263,5.28944,0.900000,16
46.200000,62.05412,6.07262,0.966667,17
46.200000,62.62206,6.89547,1.033333,18
46.200000,63.13393,7.75432,1.100000,19
46.200000,63.58744,8.64536,1.166667,20
46.200000,63.98059,9.56463,1.233333,21
46.200000,64.31162,10.50806,1.300000,22
46.200000,64.57907,11.47144,1.366667,23
46.200000,64.78175,12.45049,1.433333,24
46.200000,64.91875,13.44088,1.746867,25
46.200000,64.73965,14.44755,1.808182,26
46.200000,64.50000,15.43806,1.570796,27
46.200000,64.50000,16.43806,1.570796,28
46.200000,64.50000,17.43806,1.570796,29
46.200000,64.50000,18.43806,1.570796,30
46.300000,47.06925,-2.43659,0.635567,0
46.300000,48.00000,-1.75000,0.463648,1
46.300000,49.00000,-1.25000,0.244979,2
46.300000,50.00000,-1.00000,0.033333,3
46.300000,51.06588,-0.96446,0.100000,4
46.300000,52.12702,-0.85799,0.398552,5
46.300000,53.12904,-0.43605,0.468794,6
46.300000,54.08452,0.04785,0.539146,7
46.300000,54.98972,0.58941,0.609613,8
46.300000,55.84128,1.18409,0.433333,9
46.300000,56.74868,1.60391,0.500000,10
46.300000,57.62610,2.08324,0.566667,11
46.300000,58.46964,2.61997,0.633333,12
46.300000,59.27555,3.21169,0.700000,13
46.300000,60.04025,3.85579,0.766667,14
46.300000,60.76034,4.54940,0.833333,15
46.300000,61.43263,5.28944,0.900000,16
46.300000,62.05412,6.07262,0.966667,17
46.300000,62.62206,6.89547,1.033333,18
46.300000,63.13393,7.75432,1.100000,19
46.300000,63.58744,8.64536,1.166667,20
46.300000,63.98059,9.56463,1.233333,21
46.300000,64.31162,10.50806,1.300000,22
46.300000,64.57907,11.47144,1.613534,23
46.300000,64.53538,12.49298,1.684247,24
46.300000,64.42146,13.49285,1.755092,25
46.300000,64.24000,14.46628,1.812923,26
46.300000,64.00000,15.43806,1.570796,27
46.300000,64.00000,16.43806,1.570796,28
46.300000,64.00000,17.43806,1.570796,29
46.300000,64.00000,18.43806,1.570796,30
46.400000,47.14235,-2.50329,0.720709,0
46.400000,48.00000,-1.75000,0.463648,1
46.400000,49.00000,-1.25000,0.244979,2
46.400000,50.00000,-1.00000,0.033333,3
46.400000,51.06588,-0.96446,0.100000,4
46.400000,52.12702,-0.85799,0.398552,5
46.400000,53.12904,-0.43605,0.468794,6
46.400000,54.08452,0.04785,0.539146,7
46.400000,54.98972,0.58941,0.609613,8
46.400000,55.84128,1.18409,0.433333,9
46.400000,56.74868,1.60391,0.500000,10
46.400000,57.62610,2.08324,0.566667,11
46.400000,58.46964,2.61997,0.633333,12
46.400000,59.27555,3.21169,0.700000,13
46.400000,60.04025,3.85579,0.766667,14
46.400000,60.76034,4.54940,0.833333,15
46.400000,61.43263,5.28944,0.900000,16
46.400000,62.05412,6.07262,0.966667,17
46.400000,62.62206,6.89547,1.033333,18
46.400000,63.13393,7.75432,1.100000,19
46.400000,63.58744,8.64536,1.166667,20
46.400000,63.98059,9.56463,1.233333,21
46.400000,64.31162,10.50806,1.300000,22
46.400000,64.57907,11.47144,1.613534,23
46.400000,64.53538,12.49298,1.684247,24
46.400000,64.42146,13.49285,1.755092,25
46.400000,64.24000,14.46628,1.812923,26
46.400000,64.00000,15.43806,1.570796,27
46.400000,64.00000,16.43806,1.570796,28
46.400000,64.00000,17.43806,1.570796,29
46.400000,64.00000,18.43806,1.570796,30
46.500000,47.25098,-2.54755,0.568277,0
46.500000,48.50000,-1.75000,0.244979,1
46.500000,49.50000,-1.50000,0.243745,2
46.500000,50.54157,-1.24097,0.066667,3
46.500000,51.62229,-1.16882,0.361748,4
46.500000,52.65434,-0.77829,0.431885,5
46.500000,53.64174,-0.32319,0.502128,6
46.500000,54.58056,0.19228,0.572480,7
46.500000,55.46721,0.76370,0.642947,8
46.500000,56.29848,1.38643,0.466667,9
46.500000,57.19138,1.83626,0.533333,10
46.500000,58.05234,2.34457,0.600000,11
46.500000,58.87752,2.90911,0.666667,12
46.500000,59.66327,3.52737,0.733333,13
46.500000,60.40608,4.19659,0.800000,14
46.500000,61.10265,4.91382,0.866667,15
46.500000,61.74990,5.67585,0.933333,16
46.500000,62.34495,6.47931,1.000000,17
46.500000,62.88515,7.32063,1.066667,18
46.500000,63.36811,8.19606,1.133333,19
46.500000,63.79167,9.10172,1.200000,20
46.500000,64.15397,10.03359,1.266667,21
46.500000,64.45337,10.98752,1.580200,22
46.500000,64.44376,12.00995,1.650914,23
46.500000,64.36322,13.01306,1.721759,24
46.500000,64.21430,13.99199,1.792742,25
46.500000,63.99988,14.94218,1.816638,26
46.500000,63.75000,15.93806,1.570796,27
46.500000,63.75000,16.93806,1.570796,28
46.500000,63.75000,17.93806,1.570796,29
46.500000,63.75000,18.93806,1.570796,30
46.600000,47.30286,-2.57214,0.601781,0
46.600000,48.50000,-1.75000,0.463648,1
46.600000,49.50000,-1.25000,0.245506,2
46.600000,50.53323,-0.99111,0.066667,3
46.600000,51.59733,-0.92007,0.365219,4
46.600000,52.61286,-0.53176,0.435461,5
46.600000,53.58394,-0.07997,0.505813,6
46.600000,54.50668,0.43112,0.576280,7
46.600000,55.37759,0.99709,0.400000,8
46.600000,56.29848,1.38643,0.466667,9
46.600000,57.19138,1.83626,0.533333,10
46.600000,58.05234,2.34457,0.600000,11
46.600000,58.87752,2.90911,0.666667,12
46.600000,59.66327,3.52737,0.733333,13
46.600000,60.40608,4.19659,0.800000,14
46.600000,61.10265,4.91382,0.866667,15
46.600000,61.74990,5.67585,0.933333,16
46.600000,62.34495,6.47931,1.000000,17
46.600000,62.88515,7.32063,1.066667,18
46.600000,63.36811,8.19606,1.133333,19
46.600000,63.79167,9.10172,1.200000,20
46.600000,64.15397,10.03359,1.513534,21
46.600000,64.21248,11.05439,1.584247,22
46.600000,64.19895,12.06063,1.655092,23
46.600000,64.11558,13.04732,1.726075,24
46.600000,63.96493,14.00968,1.797204,25
46.600000,63.74988,14.94322,1.816885,26
46.600000,63.50000,15.93806,1.570796,27
46.600000,63.50000,16.93806,1.570796,28
46.600000,63.50000,17.93806,1.570796,29
46.600000,63.50000,18.93806,1.570796,30
46.700000,47.33186,-2.60030,0.629211,0
46.700000,48.50000,-1.75000,0.244979,1
46.700000,49.50000,-1.50000,0.243745,2
46.700000,50.54157,-1.24097,0.066667,3
46.700000,51.62229,-1.16882,0.361748,4
46.700000,52.65434,-0.77829,0.431885,5
46.700000,53.64174,-0.32319,0.502128,6
46.700000,54.58056,0.19228,0.572480,7
46.700000,55.46721,0.76370,0.642947,8
46.700000,56.29848,1.38643,0.466667,9
46.700000,57.19138,1.83626,0.533333,10
46.700000,58.05234,2.34457,0.600000,11
46.700000,58.87752,2.90911,0.666667,12
46.700000,59.66327,3.52737,0.733333,13
46.700000,60.40608,4.19659,0.800000,14
46.700000,61.10265,4.91382,0.866667,15
46.700000,61.74990,5.67585,0.933333,16
46.700000,62.34495,6.47931,1.000000,17
46.700000,62.88515,7.32063,1.066667,18
46.700000,63.36811,8.19606,1.133333,19
46.700000,63.79167,9.10172,1.200000,20
46.700000,64.15397,10.03359,1.513534,21
46.700000,64.21248,11.05439,1.584247,22
46.700000,64.19895,12.06063,1.655092,23
46.700000,64.11558,13.04732,1.726075,24
46.700000,63.96493,14.00968,1.797204,25
46.700000,63.74988,14.94322,1.816885,26
46.700000,63.50000,15.93806,1.570796,27
46.700000,63.50000,16.93806,1.570796,28
46.700000,63.50000,17.93806,1.570796,29
46.700000,63.50000,18.93806,1.570796,30
46.800000,47.41201,-2.64223,0.686865,0
46.800000,48.50000,-1.75000,0.244979,1
46.800000,49.50000,-1.50000,0.243745,2
46.800000,50.54157,-1.24097,0.066667,3
46.800000,51.62229,-1.16882,0.361748,4
46.800000,52.65434,-0.77829,0.431885,5
46.800000,53.64174,-0.32319,0.502128,6
46.800000,54.58056,0.19228,0.572480,7
46.800000,55.46721,0.76370,0.642947,8
46.800000,56.29848,1.38643,0.466667,9
46.800000,57.19138,1.83626,0.533333,10
46.800000,58.05234,2.34457,0.600000,11
46.800000,58.87752,2.90911,0.666667,12
46.800000,59.66327,3.52737,0.733333,13
46.800000,60.40608,4.19659,0.800000,14
46.800000,61.10265,4.91382,0.866667,15
46.800000,61.74990,5.67585,0.933333,16
46.800000,62.34495,6.47931,1.000000,17
46.800000,62.88515,7.32063,1.066667,18
46.800000,63.36811,8.19606,1.133333,19
46.800000,63.79167,9.10172,1.200000,20
46.800000,64.15397,10.03359,1.513534,21
46.800000,64.21248,11.05439,1.584247,22
46.800000,64.19895,12.06063,1.655092,23
46.800000,64.11558,13.04732,1.958322,24
46.800000,63.71556,14.02736,2.040275,25
46.800000,63.24989,14.94528,1.570683,26
46.800000,63.25000,15.93806,1.570796,27
46.800000,63.25000,16.93806,1.570796,28
46.800000,63.25000,17.93806,1.570796,29
46.800000,63.25000,18.93806,1.570796,30
46.900000,47.44600,-2.65693,0.557358,0
46.900000,48.50000,-2.00000,0.463648,1
46.900000,49.50000,-1.50000,0.243745,2
46.900000,50.54157,-1.24097,0.066667,3
46.900000,51.62229,-1.16882,0.361748,4
46.900000,52.65434,-0.77829,0.431885,5
46.900000,53.64174,-0.32319,0.502128,6
46.900000,54.58056,0.19228,0.572480,7
46.900000,55.46721,0.76370,0.642947,8
46.900000,56.29848,1.38643,0.466667,9
46.900000,57.19138,1.83626,0.533333,10
46.900000,58.05234,2.34457,0.600000,11
46.900000,58.87752,2.90911,0.666667,12
46.900000,59.66327,3.52737,0.733333,13
46.900000,60.40608,4.19659,0.800000,14
46.900000,61.10265,4.91382,0.866667,15
46.900000,61.74990,5.67585,0.933333,16
46.900000,62.34495,6.47931,1.000000,17
46.900000,62.88515,7.32063,1.066667,18
46.900000,63.36811,8.19606,1.133333,19
46.900000,63.79167,9.10172,1.200000,20
46.900000,64.15397,10.03359,1.513534,21
46.900000,64.21248,11.05439,1.584247,22
46.900000,64.19895,12.06063,1.655092,23
46.900000,64.11558,13.04732,1.958322,24
46.900000,63.71556,14.02736,2.040275,25
46.900000,63.24989,14.94528,1.570683,26
46.900000,63.25000,15.93806,1.570796,27
46.900000,63.25000,16.93806,1.570796,28
46.900000,63.25000,17.93806,1.570796,29
46.900000,63.25000,18.93806,1.570796,30
47.000000,47.50479,-2.69540,0.609883,0
47.000000,48.50000,-2.00000,0.463648,1
47.000000,49.50000,-1.50000,0.243745,2
47.000000,50.54157,-1.24097,0.066667,3
47.000000,51.62229,-1.16882,0.361748,4
47.000000,52.65434,-0.77829,0.431885,5
47.000000,53.64174,-0.32319,0.502128,6
47.000000,54.58056,0.19228,0.572480,7
47.000000,55.46721,0.76370,0.642947,8
47.000000,56.29848,1.38643,0.466667,9
47.000000,57.19138,1.83626,0.533333,10
47.000000,58.05234,2.34457,0.600000,11
47.000000,58.87752,2.90911,0.666667,12
47.000000,59.66327,3.52737,0.733333,13
47.000000,60.40608,4.19659,0.800000,14
47.000000,61.10265,4.91382,0.866667,15
47.000000,61.74990,5.67585,0.933333,16
47.000000,62.34495,6.47931,1.000000,17
47.000000,62.88515,7.32063,1.066667,18
47.000000,63.36811,8.19606,1.133333,19
47.000000,63.79167,9.10172,1.200000,20
47.000000,64.15397,10.03359,1.513534,21
47.000000,64.21248,11.05439,1.584247,22
47.000000,64.19895,12.06063,1.655092,23
47.000000,64.11558,13.04732,1.958322,24
47.000000,63.71556,14.02736,2.040275,25
47.000000,63.24989,14.94528,1.570683,26
47.000000,63.25000,15.93806,1.570796,27
47.000000,63.25000,16.93806,1.570796,28
47.000000,63.25000,17.93806,1.570796,29
47.000000,63.25000,18.93806,1.570796,30
47.100000,47.58943,-2.65403,0.622884,0
47.100000,48.50000,-2.00000,0.463648,1
47.100000,49.50000,-1.50000,0.243745,2
47.100000,50.54157,-1.24097,0.066667,3
47.100000,51.62229,-1.16882,0.361748,4
47.100000,52.65434,-0.77829,0.431885,5
47.100000,53.64174,-0.32319,0.502128,6
47.100000,54.58056,0.19228,0.572480,7
47.100000,55.46721,0.76370,0.642947,8
47.100000,56.29848,1.38643,0.466667,9
47.100000,57.19138,1.83626,0.533333,10
47.100000,58.05234,2.34457,0.600000,11
47.100000,58.87752,2.90911,0.666667,12
47.100000,59.66327,3.52737,0.733333,13
47.100000,60.40608,4.19659,0.800000,14
47.100000,61.10265,4.91382,0.866667,15
47.100000,61.74990,5.67585,0.933333,16
47.100000,62.34495,6.47931,1.000000,17
47.100000,62.88515,7.32063,1.066667,18
47.100000,63.36811,8.19606,1.133333,19
47.100000,63.79167,9.10172,1.200000,20
47.100000,64.15397,10.03359,1.513534,21
47.100000,64.21248,11.05439,1.584247,22
47.100000,64.19895,12.06063,1.655092,23
47.100000,64.11558,13.04732,1.958322,24
47.100000,63.71556,14.02736,2.040275,25
47.100000,63.24989,14.94528,1.570683,26
47.100000,63.25000,15.93806,1.570796,27
47.100000,63.25000,16.93806,1.570796,28
47.100000,63.25000,17.93806,1.570796,29
47.100000,63.25000,18.93806,1.570796,30
47.200000,47.61127,-2.68293,0.655199,0
47.200000,48.50000,-2.00000,0.463648,1
47.200000,49.50000,-1.50000,0.243745,2
47.200000,50.54157,-1.24097,0.066667,3
47.200000,51.62229,-1.16882,0.571528,4
47.200000,52.61286,-0.53176,0.435461,5
47.200000,53.58394,-0.07997,0.505813,6
47.200000,54.50668,0.43112,0.576280,7
47.200000,55.37759,0.99709,0.400000,8
47.200000,56.29848,1.38643,0.466667,9
47.200000,57.19138,1.83626,0.533333,10
47.200000,58.05234,2.34457,0.600000,11
47.200000,58.87752,2.90911,0.666667,12
47.200000,59.66327,3.52737,0.733333,13
47.200000,60.40608,4.19659,0.800000,14
47.200000,61.10265,4.91382,0.866667,15
47.200000,61.74990,5.67585,0.933333,16
47.200000,62.34495,6.47931,1.000000,17
47.200000,62.88515,7.32063,1.066667,18
47.200000,63.36811,8.19606,1.133333,19
47.200000,63.79167,9.10172,1.200000,20
47.200000,64.15397,10.03359,1.513534,21
47.200000,64.21248,11.05439,1.584247,22
47.200000,64.19895,12.06063,1.655092,23
47.200000,64.11558,13.04732,1.726075,24
47.200000,63.96493,14.00968,2.032524,25
47.200000,63.49988,14.94425,1.570680,26
47.200000,63.50000,15.93806,1.570796,27
47.200000,63.50000,16.93806,1.570796,28
47.200000,63.50000,17.93806,1.570796,29
47.200000,63.50000,18.93806,1.570796,30
47.300000,47.70192,-2.67066,0.698857,0
47.300000,48.50000,-2.00000,0.463648,1
47.300000,49.50000,-1.50000,0.243745,2
47.300000,50.54157,-1.24097,0.066667,3
47.300000,51.62229,-1.16882,0.571528,4
47.300000,52.61286,-0.53176,0.435461,5
47.300000,53.58394,-0.07997,0.505813,6
47.300000,54.50668,0.43112,0.576280,7
47.300000,55.37759,0.99709,0.400000,8
47.300000,56.29848,1.38643,0.466667,9
47.300000,57.19138,1.83626,0.533333,10
47.300000,58.05234,2.34457,0.600000,11
47.300000,58.87752,2.90911,0.666667,12
47.300000,59.66327,3.52737,0.733333,13
47.300000,60.40608,4.19659,0.800000,14
47.300000,61.10265,4.91382,0.866667,15
47.300000,61.74990,5.67585,0.933333,16
47.300000,62.34495,6.47931,1.000000,17
47.300000,62.88515,7.32063,1.066667,18
47.300000,63.36811,8.19606,1.133333,19
47.300000,63.79167,9.10172,1.200000,20
47.300000,64.15397,10.03359,1.266667,21
47.300000,64.45337,10.98752,1.580200,22
47.300000,64.44376,12.00995,1.650914,23
47.300000,64.36322,13.01306,1.721759,24
47.300000,64.21430,13.99199,1.792742,25
47.300000,63.99988,14.94218,1.816638,26
47.300000,63.75000,15.93806,1.570796,27
47.300000,63.75000,16.93806,1.570796,28
47.300000,63.75000,17.93806,1.570796,29
47.300000,63.75000,18.93806,1.570796,30
47.402000,47.79419,-2.68664,0.517647,0
47.402000,49.00000,-2.00000,0.463648,1
47.402000,50.00000,-1.50000,0.258378,2
47.402000,51.08253,-1.21390,0.328415,3
47.402000,52.12702,-0.85799,0.398552,4
47.402000,53.12904,-0.43605,0.468794,5
47.402000,54.08452,0.04785,0.539146,6
47.402000,54.98972,0.58941,0.609613,7
47.402000,55.84128,1.18409,0.433333,8
47.402000,56.74868,1.60391,0.500000,9
47.402000,57.62610,2.08324,0.566667,10
47.402000,58.46964,2.61997,0.633333,11
47.402000,59.27555,3.21169,0.700000,12
47.402000,60.04025,3.85579,0.766667,13
47.402000,60.76034,4.54940,0.833333,14
47.402000,61.43263,5.28944,0.900000,15
47.402000,62.05412,6.07262,0.966667,16
47.402000,62.62206,6.89547,1.033333,17
47.402000,63.13393,7.75432,1.100000,18
47.402000,63.58744,8.64536,1.166667,19
47.402000,63.98059,9.56463,1.233333,20
47.402000,64.31162,10.50806,1.300000,21
47.402000,64.57907,11.47144,1.613534,22
47.402000,64.53538,12.49298,1.684247,23
47.402000,64.42146,13.49285,1.755092,24
47.402000,64.24000,14.46628,1.812923,25
47.402000,64.00000,15.43806,1.570796,26
47.402000,64.00000,16.43806,1.570796,27
47.402000,64.00000,17.43806,1.570796,28
47.402000,64.00000,18.43806,1.570796,29
47.402000,64.00000,19.43806,1.570796,30
47.502000,47.92308,-2.67464,0.559644,0
47.502000,49.00000,-2.00000,0.463648,1
47.502000,50.00000,-1.50000,0.258378,2
47.502000,51.08253,-1.21390,0.328415,3
47.502000,52.12702,-0.85799,0.398552,4
47.502000,53.12904,-0.43605,0.468794,5
47.502000,54.08452,0.04785,0.539146,6
47.502000,54.98972,0.58941,0.609613,7
47.502000,55.84128,1.18409,0.433333,8
47.502000,56.74868,1.60391,0.500000,9
47.502000,57.62610,2.08324,0.566667,10
47.502000,58.46964,2.61997,0.633333,11
47.502000,59.27555,3.21169,0.700000,12
47.502000,60.04025,3.85579,0.766667,13
47.502000,60.76034,4.54940,0.833333,14
47.502000,61.43263,5.28944,0.900000,15
47.502000,62.05412,6.07262,0.966667,16
47.502000,62.62206,6.89547,1.033333,17
47.502000,63.13393,7.75432,1.100000,18
47.502000,63.58744,8.64536,1.166667,19
47.502000,63.98059,9.56463,1.233333,20
47.502000,64.31162,10.50806,1.300000,21
47.502000,64.57907,11.47144,1.366667,22
47.502000,64.78175,12.45049,1.433333,23
47.502000,64.91875,13.44088,1.746867,24
47.502000,64.73965,14.44755,1.808182,25
47.502000,64.50000,15.43806,1.570796,26
47.502000,64.50000,16.43806,1.570796,27
47.502000,64.50000,17.43806,1.570796,28
47.502000,64.50000,18.43806,1.570796,29
47.502000,64.50000,19.43806,1.570796,30
47.600000,48.00217,-2.67905,0.597537,0
47.600000,49.00000,-2.00000,0.463648,1
47.600000,50.00000,-1.50000,0.258378,2
47.600000,51.08253,-1.21390,0.328415,3
47.600000,52.12702,-0.85799,0.398552,4
47.600000,53.12904,-0.43605,0.468794,5
47.600000,54.08452,0.04785,0.539146,6
47.600000,54.98972,0.58941,0.609613,7
47.600000,55.84128,1.18409,0.433333,8
47.600000,56.74868,1.60391,0.500000,9
47.600000,57.62610,2.08324,0.566667,10
47.600000,58.46964,2.61997,0.633333,11
47.600000,59.27555,3.21169,0.700000,12
47.600000,60.04025,3.85579,0.766667,13
47.600000,60.76034,4.54940,0.833333,14
47.600000,61.43263,5.28944,0.900000,15
47.600000,62.05412,6.07262,0.966667,16
47.600000,62.62206,6.89547,1.033333,17
47.600000,63.13393,7.75432,1.100000,18
47.600000,63.58744,8.64536,1.166667,19
47.600000,63.98059,9.56463,1.233333,20
47.600000,64.31162,10.50806,1.300000,21
47.600000,64.57907,11.47144,1.366667,22
47.600000,64.78175,12.45049,1.433333,23
47.600000,64.91875,13.44088,1.746867,24
47.600000,64.73965,14.44755,1.560348,25
47.600000,64.75000,15.43806,1.570796,26
47.600000,64.75000,16.43806,1.570796,27
47.600000,64.75000,17.43806,1.570796,28
47.600000,64.75000,18.43806,1.570796,29
47.600000,64.75000,19.43806,1.570796,30
47.700000,48.09669,-2.67565,0.642203,0
47.700000,49.00000,-2.00000,0.463648,1
47.700000,50.00000,-1.50000,0.258378,2
47.700000,51.08253,-1.21390,0.328415,3
47.700000,52.12702,-0.85799,0.398552,4
47.700000,53.12904,-0.43605,0.468794,5
47.700000,54.08452,0.04785,0.539146,6
47.700000,54.98972,0.58941,0.609613,7
47.700000,55.84128,1.18409,0.433333,8
47.700000,56.74868,1.60391,0.500000,9
47.700000,57.62610,2.08324,0.566667,10
47.700000,58.46964,2.61997,0.633333,11
47.700000,59.27555,3.21169,0.700000,12
47.700000,60.04025,3.85579,0.766667,13
47.700000,60.76034,4.54940,0.833333,14
47.700000,61.43263,5.28944,0.900000,15
47.700000,62.05412,6.07262,0.966667,16
47.700000,62.62206,6.89547,1.033333,17
47.700000,63.13393,7.75432,1.100000,18
47.700000,63.58744,8.64536,1.166667,19
47.700000,63.98059,9.56463,1.233333,20
47.700000,64.31162,10.50806,1.300000,21
47.700000,64.57907,11.47144,1.366667,22
47.700000,64.78175,12.45049,1.433333,23
47.700000,64.91875,13.44088,1.500000,24
47.700000,64.98948,14.43819,1.560270,25
47.700000,65.00000,15.43806,1.570796,26
47.700000,65.00000,16.43806,1.570796,27
47.700000,65.00000,17.43806,1.570796,28
47.700000,65.00000,18.43806,1.570796,29
47.700000,65.00000,19.43806,1.570796,30
47.800000,48.18721,-2.66350,0.684615,0
47.800000,49.00000,-2.00000,0.463648,1
47.800000,50.00000,-1.50000,0.258378,2
47.800000,51.08253,-1.21390,0.328415,3
47.800000,52.12702,-0.85799,0.398552,4
47.800000,53.12904,-0.43605,0.468794,5
47.800000,54.08452,0.04785,0.539146,6
47.800000,54.98972,0.58941,0.609613,7
47.800000,55.84128,1.18409,0.433333,8
47.800000,56.74868,1.60391,0.500000,9
47.800000,57.62610,2.08324,0.566667,10
47.800000,58.46964,2.61997,0.633333,11
47.800000,59.27555,3.21169,0.700000,12
47.800000,60.04025,3.85579,0.766667,13
47.800000,60.76034,4.54940,0.833333,14
47.800000,61.43263,5.28944,0.900000,15
47.800000,62.05412,6.07262,0.966667,16
47.800000,62.62206,6.89547,1.033333,17
47.800000,63.13393,7.75432,1.100000,18
47.800000,63.58744,8.64536,1.166667,19
47.800000,63.98059,9.56463,1.233333,20
47.800000,64.31162,10.50806,1.300000,21
47.800000,64.57907,11.47144,1.366667,22
47.800000,64.78175,12.45049,1.433333,23
47.800000,64.91875,13.44088,1.500000,24
47.800000,64.98948,14.43819,1.560270,25
47.800000,65.00000,15.43806,1.570796,26
47.800000,65.00000,16.43806,1.570796,27
47.800000,65.00000,17.43806,1.570796,28
47.800000,65.00000,18.43806,1.570796,29
47.800000,65.00000,19.43806,1.570796,30
47.900000,48.31033,-2.62734,0.635427,0
47.900000,49.50000,-1.75000,0.242010,1
47.900000,50.54990,-1.49083,0.291712,2
47.900000,51.62229,-1.16882,0.361748,3
47.900000,52.65434,-0.77829,0.431885,4
47.900000,53.64174,-0.32319,0.502128,5
47.900000,54.58056,0.19228,0.572480,6
47.900000,55.46721,0.76370,0.642947,7
47.900000,56.29848,1.38643,0.466667,8
47.900000,57.19138,1.83626,0.533333,9
47.900000,58.05234,2.34457,0.600000,10
47.900000,58.87752,2.90911,0.666667,11
47.900000,59.66327,3.52737,0.733333,12
47.900000,60.40608,4.19659,0.800000,13
47.900000,61.10265,4.91382,0.866667,14
47.900000,61.74990,5.67585,0.933333,15
47.900000,62.34495,6.47931,1.000000,16
47.900000,62.88515,7.32063,1.066667,17
47.900000,63.36811,8.19606,1.133333,18
47.900000,63.79167,9.10172,1.200000,19
47.900000,64.15397,10.03359,1.266667,20
47.900000,64.45337,10.98752,1.333333,21
47.900000,64.68857,11.95928,1.400000,22
47.900000,64.85850,12.94454,1.466667,23
47.900000,64.96242,13.93894,1.533333,24
47.900000,64.99987,14.93806,1.570668,25
47.900000,65.00000,15.93806,1.570796,26
47.900000,65.00000,16.93806,1.570796,27
47.900000,65.00000,17.93806,1.570796,28
47.900000,65.00000,18.93806,1.570796,29
47.900000,65.00000,19.93806,1.570796,30
48.000000,48.42076,-2.56828,0.648725,0
48.000000,49.50000,-1.75000,0.242010,1
48.000000,50.54990,-1.49083,0.291712,2
48.000000,51.62229,-1.16882,0.361748,3
48.000000,52.65434,-0.77829,0.431885,4
48.000000,53.64174,-0.32319,0.502128,5
48.000000,54.58056,0.19228,0.572480,6
48.000000,55.46721,0.76370,0.642947,7
48.000000,56.29848,1.38643,0.466667,8
48.000000,57.19138,1.83626,0.533333,9
48.000000,58.05234,2.34457,0.600000,10
48.000000,58.87752,2.90911,0.666667,11
48.000000,59.66327,3.52737,0.733333,12
48.000000,60.40608,4.19659,0.800000,13
48.000000,61.10265,4.91382,0.866667,14
48.000000,61.74990,5.67585,0.933333,15
48.000000,62.34495,6.47931,1.000000,16
48.000000,62.88515,7.32063,1.066667,17
48.000000,63.36811,8.19606,1.133333,18
48.000000,63.79167,9.10172,1.200000,19
48.000000,64.15397,10.03359,1.266667,20
48.000000,64.45337,10.98752,1.333333,21
48.000000,64.68857,11.95928,1.400000,22
48.000000,64.85850,12.94454,1.466667,23
48.000000,64.96242,13.93894,1.533333,24
48.000000,64.99987,14.93806,1.570668,25
48.000000,65.00000,15.93806,1.570796,26
48.000000,65.00000,16.93806,1.570796,27
48.000000,65.00000,17.93806,1.570796,28
48.000000,65.00000,18.93806,1.570796,29
48.000000,65.00000,19.93806,1.570796,30
48.100000,48.46216,-2.58276,0.676201,0
48.100000,49.50000,-1.75000,0.242010,1
48.100000,50.54990,-1.49083,0.291712,2
48.100000,51.62229,-1.16882,0.361748,3
48.100000,52.65434,-0.77829,0.431885,4
48.100000,53.64174,-0.32319,0.502128,5
48.100000,54.58056,0.19228,0.572480,6
48.100000,55.46721,0.76370,0.642947,7
48.100000,56.29848,1.38643,0.466667,8
48.100000,57.19138,1.83626,0.533333,9
48.100000,58.05234,2.34457,0.600000,10
48.100000,58.87752,2.90911,0.666667,11
48.100000,59.66327,3.52737,0.733333,12
48.100000,60.40608,4.19659,0.800000,13
48.100000,61.10265,4.91382,0.866667,14
48.100000,61.74990,5.67585,0.933333,15
48.100000,62.34495,6.47931,1.000000,16
48.100000,62.88515,7.32063,1.066667,17
48.100000,63.36811,8.19606,1.133333,18
48.100000,63.79167,9.10172,1.200000,19
48.100000,64.15397,10.03359,1.266667,20
48.100000,64.45337,10.98752,1.333333,21
48.100000,64.68857,11.95928,1.400000,22
48.100000,64.85850,12.94454,1.466667,23
48.100000,64.96242,13.93894,1.533333,24
48.100000,64.99987,14.93806,1.570668,25
48.100000,65.00000,15.93806,1.570796,26
48.100000,65.00000,16.93806,1.570796,27
48.100000,65.00000,17.93806,1.570796,28
48.100000,65.00000,18.93806,1.570796,29
48.100000,65.00000,19.93806,1.570796,30
48.200000,48.52805,-2.55184,0.689789,0
48.200000,49.50000,-1.75000,0.242010,1
48.200000,50.54990,-1.49083,0.291712,2
48.200000,51.62229,-1.16882,0.361748,3
48.200000,52.65434,-0.77829,0.431885,4
48.200000,53.64174,-0.32319,0.502128,5
48.200000,54.58056,0.19228,0.572480,6
48.200000,55.46721,0.76370,0.642947,7
48.200000,56.29848,1.38643,0.466667,8
48.200000,57.19138,1.83626,0.533333,9
48.200000,58.05234,2.34457,0.600000,10
48.200000,58.87752,2.90911,0.666667,11
48.200000,59.66327,3.52737,0.733333,12
48.200000,60.40608,4.19659,0.800000,13
48.200000,61.10265,4.91382,1.113534,14
48.200000,61.55407,5.83125,1.184247,15
48.200000,61.93345,6.76333,1.255092,16
48.200000,62.24090,7.70459,1.326075,17
48.200000,62.47690,8.64965,1.397204,18
48.200000,62.64237,9.59324,1.200000,19
48.200000,62.97447,10.44745,1.266667,20
48.200000,63.24893,11.32189,1.069463,21
48.200000,63.70933,12.16199,1.140591,22
48.200000,64.11558,13.04732,1.211575,23
48.200000,64.46368,13.97431,1.533333,24
48.200000,64.49988,14.94012,1.570672,25
48.200000,64.50000,15.93806,1.570796,26
48.200000,64.50000,16.93806,1.570796,27
48.200000,64.50000,17.93806,1.570796,28
48.200000,64.50000,18.93806,1.570796,29
48.200000,64.50000,19.93806,1.570796,30
48.300000,48.62050,-2.52992,0.725461,0
48.300000,49.50000,-1.75000,0.242010,1
48.300000,50.54990,-1.49083,0.291712,2
48.300000,51.62229,-1.16882,0.361748,3
48.300000,52.65434,-0.77829,0.431885,4
48.300000,53.64174,-0.32319,0.502128,5
48.300000,54.58056,0.19228,0.572480,6
48.300000,55.46721,0.76370,0.642947,7
48.300000,56.29848,1.38643,0.466667,8
48.300000,57.19138,1.83626,0.533333,9
48.300000,58.05234,2.34457,0.600000,10
48.300000,58.87752,2.90911,0.666667,11
48.300000,59.66327,3.52737,0.733333,12
48.300000,60.40608,4.19659,0.800000,13
48.300000,61.10265,4.91382,1.113534,14
48.300000,61.55407,5.83125,1.184247,15
48.300000,61.93345,6.76333,1.255092,16
48.300000,62.24090,7.70459,1.326075,17
48.300000,62.47690,8.64965,1.397204,18
48.300000,62.64237,9.59324,1.200000,19
48.300000,62.97447,10.44745,1.266667,20
48.300000,63.24893,11.32189,1.069463,21
48.300000,63.70933,12.16199,1.140591,22
48.300000,64.11558,13.04732,1.211575,23
48.300000,64.46368,13.97431,1.533333,24
48.300000,64.49988,14.94012,1.570672,25
48.300000,64.50000,15.93806,1.570796,26
48.300000,64.50000,16.93806,1.570796,27
48.300000,64.50000,17.93806,1.570796,28
48.300000,64.50000,18.93806,1.570796,29
48.300000,64.50000,19.93806,1.570796,30
48.400000,48.71682,-2.48738,0.755285,0
48.400000,49.50000,-1.75000,0.242010,1
48.400000,50.54990,-1.49083,0.291712,2
48.400000,51.62229,-1.16882,0.361748,3
48.400000,52.65434,-0.77829,0.431885,4
48.400000,53.64174,-0.32319,0.502128,5
48.400000,54.58056,0.19228,0.572480,6
48.400000,55.46721,0.76370,0.642947,7
48.400000,56.29848,1.38643,0.466667,8
48.400000,57.19138,1.83626,0.533333,9
48.400000,58.05234,2.34457,0.600000,10
48.400000,58.87752,2.90911,0.666667,11
48.400000,59.66327,3.52737,0.733333,12
48.400000,60.40608,4.19659,0.800000,13
48.400000,61.10265,4.91382,1.113534,14
48.400000,61.55407,5.83125,1.184247,15
48.400000,61.93345,6.76333,1.255092,16
48.400000,62.24090,7.70459,1.326075,17
48.400000,62.47690,8.64965,1.632524,18
48.400000,62.41251,9.69155,1.200000,19
48.400000,62.73857,10.53023,0.998182,20
48.400000,63.24893,11.32189,1.069463,21
48.400000,63.70933,12.16199,1.140591,22
48.400000,64.11558,13.04732,1.211575,23
48.400000,64.46368,13.97431,1.533333,24
48.400000,64.49988,14.94012,1.570672,25
48.400000,64.50000,15.93806,1.570796,26
48.400000,64.50000,16.93806,1.570796,27
48.400000,64.50000,17.93806,1.570796,28
48.400000,64.50000,18.93806,1.570796,29
48.400000,64.50000,19.93806,1.570796,30
48.500000,48.77231,-2.49515,0.545517,0
48.500000,50.00000,-1.75000,0.459821,1
48.500000,51.08253,-1.21390,0.328415,2
48.500000,52.12702,-0.85799,0.398552,3
48.500000,53.12904,-0.43605,0.468794,4
48.500000,54.08452,0.04785,0.539146,5
48.500000,54.98972,0.58941,0.609613,6
48.500000,55.84128,1.18409,0.433333,7
48.500000,56.74868,1.60391,0.500000,8
48.500000,57.62610,2.08324,0.566667,9
48.500000,58.46964,2.61997,0.633333,10
48.500000,59.27555,3.21169,0.700000,11
48.500000,60.04025,3.85579,0.766667,12
48.500000,60.76034,4.54940,0.833333,13
48.500000,61.43263,5.28944,1.146867,14
48.500000,61.85322,6.22141,1.217580,15
48.500000,62.20133,7.16562,1.288425,16
48.500000,62.47723,8.11660,1.591655,17
48.500000,62.45515,9.17491,1.166667,18
48.500000,62.81554,10.01758,1.233333,19
48.500000,63.11898,10.88239,1.036130,20
48.500000,63.60713,11.70667,1.107258,21
48.500000,64.04266,12.57797,1.178241,22
48.500000,64.42146,13.49285,1.249086,23
48.500000,64.73965,14.44755,1.560348,24
48.500000,64.75000,15.43806,1.570796,25
48.500000,64.75000,16.43806,1.570796,26
48.500000,64.75000,17.43806,1.570796,27
48.500000,64.75000,18.43806,1.570796,28
48.500000,64.75000,19.43806,1.570796,29
48.500000,64.75000,20.43806,1.570796,30
48.600000,48.85490,-2.47092,0.561876,0
48.600000,50.00000,-1.75000,0.459821,1
48.600000,51.08253,-1.21390,0.328415,2
48.600000,52.12702,-0.85799,0.398552,3
48.600000,53.12904,-0.43605,0.468794,4
48.600000,54.08452,0.04785,0.539146,5
48.600000,54.98972,0.58941,0.609613,6
48.600000,55.84128,1.18409,0.433333,7
48.600000,56.74868,1.60391,0.500000,8
48.600000,57.62610,2.08324,0.566667,9
48.600000,58.46964,2.61997,0.633333,10
48.600000,59.27555,3.21169,0.700000,11
48.600000,60.04025,3.85579,0.766667,12
48.600000,60.76034,4.54940,0.833333,13
48.600000,61.43263,5.28944,1.146867,14
48.600000,61.85322,6.22141,1.217580,15
48.600000,62.20133,7.16562,1.288425,16
48.600000,62.47723,8.11660,1.591655,17
48.600000,62.45515,9.17491,1.166667,18
48.600000,62.81554,10.01758,1.233333,19
48.600000,63.11898,10.88239,1.036130,20
48.600000,63.60713,11.70667,1.107258,21
48.600000,64.04266,12.57797,1.178241,22
48.600000,64.42146,13.49285,1.249086,23
48.600000,64.73965,14.44755,1.560348,24
48.600000,64.75000,15.43806,1.570796,25
48.600000,64.75000,16.43806,1.570796,26
48.600000,64.75000,17.43806,1.570796,27
48.600000,64.75000,18.43806,1.570796,28
48.600000,64.75000,19.43806,1.570796,29
48.600000,64.75000,20.43806,1.570796,30
48.700000,48.94346,-2.46441,0.594557,0
48.700000,50.00000,-1.75000,0.459821,1
48.700000,51.08253,-1.21390,0.328415,2
48.700000,52.12702,-0.85799,0.398552,3
48.700000,53.12904,-0.43605,0.468794,4
48.700000,54.08452,0.04785,0.539146,5
48.700000,54.98972,0.58941,0.609613,6
48.700000,55.84128,1.18409,0.433333,7
48.700000,56.74868,1.60391,0.500000,8
48.700000,57.62610,2.08324,0.566667,9
48.700000,58.46964,2.61997,0.633333,10
48.700000,59.27555,3.21169,0.700000,11
48.700000,60.04025,3.85579,0.766667,12
48.700000,60.76034,4.54940,0.833333,13
48.700000,61.43263,5.28944,1.146867,14
48.700000,61.85322,6.22141,1.217580,15
48.700000,62.20133,7.16562,1.288425,16
48.700000,62.47723,8.11660,1.591655,17
48.700000,62.45515,9.17491,1.166667,18
48.700000,62.81554,10.01758,1.233333,19
48.700000,63.11898,10.88239,1.036130,20
48.700000,63.60713,11.70667,1.107258,21
48.700000,64.04266,12.57797,1.178241,22
48.700000,64.42146,13.49285,1.249086,23
48.700000,64.73965,14.44755,1.560348,24
48.700000,64.75000,15.43806,1.570796,25
48.700000,64.75000,16.43806,1.570796,26
48.700000,64.75000,17.43806,1.570796,27
48.700000,64.75000,18.43806,1.570796,28
48.700000,64.75000,19.43806,1.570796,29
48.700000,64.75000,20.43806,1.570796,30
48.800000,49.03729,-2.39901,0.751196,0
48.800000,50.00000,-1.50000,0.258378,1
48.800000,51.08253,-1.21390,0.328415,2
48.800000,52.12702,-0.85799,0.398552,3
48.800000,53.12904,-0.43605,0.468794,4
48.800000,54.08452,0.04785,0.539146,5
48.800000,54.98972,0.58941,0.609613,6
48.800000,55.84128,1.18409,0.433333,7
48.800000,56.74868,1.60391,0.500000,8
48.800000,57.62610,2.08324,0.566667,9
48.800000,58.46964,2.61997,0.633333,10
48.800000,59.27555,3.21169,0.700000,11
48.800000,60.04025,3.85579,0.766667,12
48.800000,60.76034,4.54940,0.833333,13
48.800000,61.43263,5.28944,1.146867,14
48.800000,61.85322,6.22141,1.217580,15
48.800000,62.20133,7.16562,1.288425,16
48.800000,62.47723,8.11660,1.591655,17
48.800000,62.45515,9.17491,1.166667,18
48.800000,62.81554,10.01758,1.233333,19
48.800000,63.11898,10.88239,1.036130,20
48.800000,63.60713,11.70667,1.107258,21
48.800000,64.04266,12.57797,1.178241,22
48.800000,64.42146,13.49285,1.249086,23
48.800000,64.73965,14.44755,1.560348,24
48.800000,64.75000,15.43806,1.570796,25
48.800000,64.75000,16.43806,1.570796,26
48.800000,64.75000,17.43806,1.570796,27
48.800000,64.75000,18.43806,1.570796,28
48.800000,64.75000,19.43806,1.570796,29
48.800000,64.75000,20.43806,1.570796,30
48.900000,49.13689,-2.39860,0.805539,0
48.900000,50.00000,-1.50000,0.258378,1
48.900000,51.08253,-1.21390,0.328415,2
48.900000,52.12702,-0.85799,0.398552,3
48.900000,53.12904,-0.43605,0.468794,4
48.900000,54.08452,0.04785,0.539146,5
48.900000,54.98972,0.58941,0.609613,6
48.900000,55.84128,1.18409,0.433333,7
48.900000,56.74868,1.60391,0.500000,8
48.900000,57.62610,2.08324,0.566667,9
48.900000,58.46964,2.61997,0.633333,10
48.900000,59.27555,3.21169,0.700000,11
48.900000,60.04025,3.85579,0.766667,12
48.900000,60.76034,4.54940,0.833333,13
48.900000,61.43263,5.28944,1.146867,14
48.900000,61.85322,6.22141,1.217580,15
48.900000,62.20133,7.16562,1.288425,16
48.900000,62.47723,8.11660,1.591655,17
48.900000,62.45515,9.17491,1.166667,18
48.900000,62.81554,10.01758,1.233333,19
48.900000,63.11898,10.88239,1.036130,20
48.900000,63.60713,11.70667,1.107258,21
48.900000,64.04266,12.57797,1.178241,22
48.900000,64.42146,13.49285,1.249086,23
48.900000,64.73965,14.44755,1.560348,24
48.900000,64.75000,15.43806,1.570796,25
48.900000,64.75000,16.43806,1.570796,26
48.900000,64.75000,17.43806,1.570796,27
48.900000,64.75000,18.43806,1.570796,28
48.900000,64.75000,19.43806,1.570796,29
48.900000,64.75000,20.43806,1.570796,30
49.000000,49.24904,-2.33741,0.839773,0
49.000000,50.00000,-1.50000,0.258378,1
49.000000,51.08253,-1.21390,0.328415,2
49.000000,52.12702,-0.85799,0.398552,3
49.000000,53.12904,-0.43605,0.468794,4
49.000000,54.08452,0.04785,0.539146,5
49.000000,54.98972,0.58941,0.609613,6
49.000000,55.84128,1.18409,0.433333,7
49.000000,56.74868,1.60391,0.500000,8
49.000000,57.62610,2.08324,0.566667,9
49.000000,58.46964,2.61997,0.633333,10
49.000000,59.27555,3.21169,0.700000,11
49.000000,60.04025,3.85579,0.766667,12
49.000000,60.76034,4.54940,0.833333,13
49.000000,61.43263,5.28944,1.146867,14
49.000000,61.85322,6.22141,1.217580,15
49.000000,62.20133,7.16562,1.288425,16
49.000000,62.47723,8.11660,1.591655,17
49.000000,62.45515,9.17491,1.166667,18
49.000000,62.81554,10.01758,1.233333,19
49.000000,63.11898,10.88239,1.036130,20
49.000000,63.60713,11.70667,1.107258,21
49.000000,64.04266,12.57797,1.178241,22
49.000000,64.42146,13.49285,1.249086,23
49.000000,64.73965,14.44755,1.560348,24
49.000000,64.75000,15.43806,1.570796,25
49.000000,64.75000,16.43806,1.570796,26
49.000000,64.75000,17.43806,1.570796,27
49.000000,64.75000,18.43806,1.570796,28
49.000000,64.75000,19.43806,1.570796,29
49.000000,64.75000,20.43806,1.570796,30
49.100000,49.32578,-2.28212,0.573849,0
49.100000,50.54990,-1.49083,0.291712,1
49.100000,51.62229,-1.16882,0.571528,2
49.100000,52.61286,-0.53176,0.435461,3
49.100000,53.58394,-0.07997,0.505813,4
49.100000,54.50668,0.43112,0.576280,5
49.100000,55.37759,0.99709,0.400000,6
49.100000,56.29848,1.38643,0.466667,7
49.100000,57.19138,1.83626,0.533333,8
49.100000,58.05234,2.34457,0.600000,9
49.100000,58.87752,2.90911,0.666667,10
49.100000,59.66327,3.52737,0.733333,11
49.100000,60.40608,4.19659,0.800000,12
49.100000,61.10265,4.91382,1.113534,13
49.100000,61.55407,5.83125,1.184247,14
49.100000,61.93345,6.76333,1.255092,15
49.100000,62.24090,7.70459,1.326075,16
49.100000,62.47690,8.64965,1.632524,17
49.100000,62.41251,9.69155,1.200000,18
49.100000,62.73857,10.53023,0.998182,19
49.100000,63.24893,11.32189,1.069463,20
49.100000,63.70933,12.16199,1.140591,21
49.100000,64.11558,13.04732,1.211575,22
49.100000,64.46368,13.97431,1.282420,23
49.100000,64.74987,14.93909,1.570670,24
49.100000,64.75000,15.93806,1.570796,25
49.100000,64.75000,16.93806,1.570796,26
49.100000,64.75000,17.93806,1.570796,27
49.100000,64.75000,18.93806,1.570796,28
49.100000,64.75000,19.93806,1.570796,29
49.100000,64.75000,20.93806,1.570796,30
49.200000,49.46243,-2.24720,0.607722,0
49.200000,50.54990,-1.49083,0.291712,1
49.200000,51.62229,-1.16882,0.361748,2
49.200000,52.65434,-0.77829,0.431885,3
49.200000,53.64174,-0.32319,0.502128,4
49.200000,54.58056,0.19228,0.572480,5
49.200000,55.46721,0.76370,0.642947,6
49.200000,56.29848,1.38643,0.466667,7
49.200000,57.19138,1.83626,0.533333,8
49.200000,58.05234,2.34457,0.600000,9
49.200000,58.87752,2.90911,0.666667,10
49.200000,59.66327,3.52737,0.733333,11
49.200000,60.40608,4.19659,0.800000,12
49.200000,61.10265,4.91382,1.113534,13
49.200000,61.55407,5.83125,1.184247,14
49.200000,61.93345,6.76333,1.255092,15
49.200000,62.24090,7.70459,1.326075,16
49.200000,62.47690,8.64965,1.632524,17
49.200000,62.41251,9.69155,1.200000,18
49.200000,62.73857,10.53023,0.998182,19
49.200000,63.24893,11.32189,1.069463,20
49.200000,63.70933,12.16199,1.140591,21
49.200000,64.11558,13.04732,1.211575,22
49.200000,64.46368,13.97431,1.282420,23
49.200000,64.74987,14.93909,1.570670,24
49.200000,64.75000,15.93806,1.570796,25
49.200000,64.75000,16.93806,1.570796,26
49.200000,64.75000,17.93806,1.570796,27
49.200000,64.75000,18.93806,1.570796,28
49.200000,64.75000,19.93806,1.570796,29
49.200000,64.75000,20.93806,1.570796,30
49.300000,49.56170,-2.17128,0.603017,0
49.300000,50.54990,-1.49083,0.291712,1
49.300000,51.62229,-1.16882,0.571528,2
49.300000,52.61286,-0.53176,0.435461,3
49.300000,53.58394,-0.07997,0.505813,4
49.300000,54.50668,0.43112,0.576280,5
49.300000,55.37759,0.99709,0.400000,6
49.300000,56.29848,1.38643,0.466667,7
49.300000,57.19138,1.83626,0.533333,8
49.300000,58.05234,2.34457,0.600000,9
49.300000,58.87752,2.90911,0.666667,10
49.300000,59.66327,3.52737,0.733333,11
49.300000,60.40608,4.19659,0.800000,12
49.300000,61.10265,4.91382,1.113534,13
49.300000,61.55407,5.83125,1.184247,14
49.300000,61.93345,6.76333,1.255092,15
49.300000,62.24090,7.70459,1.558322,16
49.300000,62.25410,8.76305,1.401818,17
49.300000,62.41251,9.69155,1.200000,18
49.300000,62.73857,10.53023,0.998182,19
49.300000,63.24893,11.32189,1.069463,20
49.300000,63.70933,12.16199,1.140591,21
49.300000,64.11558,13.04732,1.211575,22
49.300000,64.46368,13.97431,1.282420,23
49.300000,64.74987,14.93909,1.570670,24
49.300000,64.75000,15.93806,1.570796,25
49.300000,64.75000,16.93806,1.570796,26
49.300000,64.75000,17.93806,1.570796,27
49.300000,64.75000,18.93806,1.570796,28
49.300000,64.75000,19.93806,1.570796,29
49.300000,64.75000,20.93806,1.570796,30
49.400000,49.70414,-2.09228,0.618153,0
49.400000,50.54990,-1.49083,0.291712,1
49.400000,51.62229,-1.16882,0.361748,2
49.400000,52.65434,-0.77829,0.431885,3
49.400000,53.64174,-0.32319,0.502128,4
49.400000,54.58056,0.19228,0.572480,5
49.400000,55.46721,0.76370,0.642947,6
49.400000,56.29848,1.38643,0.466667,7
49.400000,57.19138,1.83626,0.533333,8
49.400000,58.05234,2.34457,0.600000,9
49.400000,58.87752,2.90911,0.666667,10
49.400000,59.66327,3.52737,0.733333,11
49.400000,60.40608,4.19659,0.800000,12
49.400000,61.10265,4.91382,1.113534,13
49.400000,61.55407,5.83125,1.184247,14
49.400000,61.93345,6.76333,1.255092,15
49.400000,62.24090,7.70459,1.326075,16
49.400000,62.47690,8.64965,1.632524,17
49.400000,62.41251,9.69155,1.200000,18
49.400000,62.73857,10.53023,0.998182,19
49.400000,63.24893,11.32189,1.069463,20
49.400000,63.70933,12.16199,1.140591,21
49.400000,64.11558,13.04732,1.211575,22
49.400000,64.46368,13.97431,1.282420,23
49.400000,64.74987,14.93909,1.570670,24
49.400000,64.75000,15.93806,1.570796,25
49.400000,64.75000,16.93806,1.570796,26
49.400000,64.75000,17.93806,1.570796,27
49.400000,64.75000,18.93806,1.570796,28
49.400000,64.75000,19.93806,1.570796,29
49.400000,64.75000,20.93806,1.570796,30
49.500000,49.83343,-1.96531,0.541566,0
49.500000,51.08253,-1.21390,0.328415,1
49.500000,52.12702,-0.85799,0.398552,2
49.500000,53.12904,-0.43605,0.468794,3
49.500000,54.08452,0.04785,0.539146,4
49.500000,54.98972,0.58941,0.609613,5
49.500000,55.84128,1.18409,0.433333,6
49.500000,56.74868,1.60391,0.500000,7
49.500000,57.62610,2.08324,0.566667,8
49.500000,58.46964,2.61997,0.633333,9
49.500000,59.27555,3.21169,0.700000,10
49.500000,60.04025,3.85579,0.766667,11
49.500000,60.76034,4.54940,0.833333,12
49.500000,61.43263,5.28944,1.146867,13
49.500000,61.85322,6.22141,1.217580,14
49.500000,62.20133,7.16562,1.288425,15
49.500000,62.47723,8.11660,1.591655,16
49.500000,62.45515,9.17491,1.166667,17
49.500000,62.81554,10.01758,1.233333,18
49.500000,63.11898,10.88239,1.036130,19
49.500000,63.60713,11.70667,1.107258,20
49.500000,64.04266,12.57797,1.178241,21
49.500000,64.42146,13.49285,1.249086,22
49.500000,64.73965,14.44755,1.560348,23
49.500000,64.75000,15.43806,1.570796,24
49.500000,64.75000,16.43806,1.570796,25
49.500000,64.75000,17.43806,1.570796,26
49.500000,64.75000,18.43806,1.570796,27
49.500000,64.75000,19.43806,1.570796,28
49.500000,64.75000,20.43806,1.570796,29
49.500000,64.75000,21.43806,1.570796,30
49.600000,50.00557,-1.91767,0.578811,0
49.600000,51.08253,-1.21390,0.328415,1
49.600000,52.12702,-0.85799,0.398552,2
49.600000,53.12904,-0.43605,0.468794,3
49.600000,54.08452,0.04785,0.539146,4
49.600000,54.98972,0.58941,0.609613,5
49.600000,55.84128,1.18409,0.433333,6
49.600000,56.74868,1.60391,0.500000,7
49.600000,57.62610,2.08324,0.566667,8
49.600000,58.46964,2.61997,0.633333,9
49.600000,59.27555,3.21169,0.700000,10
49.600000,60.04025,3.85579,0.766667,11
49.600000,60.76034,4.54940,0.833333,12
49.600000,61.43263,5.28944,1.146867,13
49.600000,61.85322,6.22141,1.217580,14
49.600000,62.20133,7.16562,1.288425,15
49.600000,62.47723,8.11660,1.591655,16
49.600000,62.45515,9.17491,1.166667,17
49.600000,62.81554,10.01758,1.233333,18
49.600000,63.11898,10.88239,1.036130,19
49.600000,63.60713,11.70667,1.107258,20
49.600000,64.04266,12.57797,1.178241,21
49.600000,64.42146,13.49285,1.249086,22
49.600000,64.73965,14.44755,1.560348,23
49.600000,64.75000,15.43806,1.570796,24
49.600000,64.75000,16.43806,1.570796,25
49.600000,64.75000,17.43806,1.570796,26
49.600000,64.75000,18.43806,1.570796,27
49.600000,64.75000,19.43806,1.570796,28
49.600000,64.75000,20.43806,1.570796,29
49.600000,64.75000,21.43806,1.570796,30
49.700000,50.13643,-1.76882,0.530456,0
49.700000,51.08253,-1.21390,0.328415,1
49.700000,52.12702,-0.85799,0.398552,2
49.700000,53.12904,-0.43605,0.468794,3
49.700000,54.08452,0.04785,0.539146,4
49.700000,54.98972,0.58941,0.609613,5
49.700000,55.84128,1.18409,0.433333,6
49.700000,56.74868,1.60391,0.500000,7
49.700000,57.62610,2.08324,0.566667,8
49.700000,58.46964,2.61997,0.633333,9
49.700000,59.27555,3.21169,0.700000,10
49.700000,60.04025,3.85579,0.766667,11
49.700000,60.76034,4.54940,1.080200,12
49.700000,61.24209,5.45128,1.150914,13
49.700000,61.65232,6.37020,1.221759,14
49.700000,61.99096,7.30069,1.292742,15
49.700000,62.25833,8.23736,1.599191,16
49.700000,62.22870,9.28082,1.166667,17
49.700000,62.58253,10.10817,1.233333,18
49.700000,62.88046,10.95725,1.031515,19
49.700000,63.36415,11.76548,1.102796,20
49.700000,63.79630,12.62046,1.173925,21
49.700000,64.17281,13.51883,1.244908,22
49.700000,64.48983,14.45691,1.311587,23
49.700000,64.75000,15.43806,1.570796,24
49.700000,64.75000,16.43806,1.570796,25
49.700000,64.75000,17.43806,1.570796,26
49.700000,64.75000,18.43806,1.570796,27
49.700000,64.75000,19.43806,1.570796,28
49.700000,64.75000,20.43806,1.570796,29
49.700000,64.75000,21.43806,1.570796,30
49.800000,50.34250,-1.61519,0.335593,0
49.800000,51.62229,-1.16882,0.361748,1
49.800000,52.65434,-0.77829,0.431885,2
49.800000,53.64174,-0.32319,0.502128,3
49.800000,54.58056,0.19228,0.572480,4
49.800000,55.46721,0.76370,0.642947,5
49.800000,56.29848,1.38643,0.466667,6
49.800000,57.19138,1.83626,0.533333,7
49.800000,58.05234,2.34457,0.600000,8
49.800000,58.87752,2.90911,0.666667,9
49.800000,59.66327,3.52737,0.733333,10
49.800000,60.40608,4.19659,0.800000,11
49.800000,61.10265,4.91382,1.113534,12
49.800000,61.55407,5.83125,1.184247,13
49.800000,61.93345,6.76333,1.255092,14
49.800000,62.24090,7.70459,1.326075,15
49.800000,62.47690,8.64965,1.397204,16
49.800000,62.64237,9.59324,1.200000,17
49.800000,62.97447,10.44745,1.266667,18
49.800000,63.24893,11.32189,1.069463,19
49.800000,63.70933,12.16199,1.140591,20
49.800000,64.11558,13.04732,1.211575,21
49.800000,64.46368,13.97431,1.282420,22
49.800000,64.74987,14.93909,1.570670,23
49.800000,64.75000,15.93806,1.570796,24
49.800000,64.75000,16.93806,1.570796,25
49.800000,64.75000,17.93806,1.570796,26
49.800000,64.75000,18.93806,1.570796,27
49.800000,64.75000,19.93806,1.570796,28
49.800000,64.75000,20.93806,1.570796,29
49.800000,64.75000,21.93806,1.570796,30
49.900000,50.45669,-1.54964,0.315788,0
49.900000,51.62229,-1.16882,0.361748,1
49.900000,52.65434,-0.77829,0.431885,2
49.900000,53.64174,-0.32319,0.502128,3
49.900000,54.58056,0.19228,0.572480,4
49.900000,55.46721,0.76370,0.642947,5
49.900000,56.29848,1.38643,0.466667,6
49.900000,57.19138,1.83626,0.533333,7
49.900000,58.05234,2.34457,0.600000,8
49.900000,58.87752,2.90911,0.666667,9
49.900000,59.66327,3.52737,0.733333,10
49.900000,60.40608,4.19659,0.800000,11
49.900000,61.10265,4.91382,1.113534,12
49.900000,61.55407,5.83125,1.184247,13
49.900000,61.93345,6.76333,1.255092,14
49.900000,62.24090,7.70459,1.326075,15
49.900000,62.47690,8.64965,1.397204,16
49.900000,62.64237,9.59324,1.200000,17
49.900000,62.97447,10.44745,1.266667,18
49.900000,63.24893,11.32189,1.069463,19
49.900000,63.70933,12.16199,1.140591,20
49.900000,64.11558,13.04732,1.211575,21
49.900000,64.46368,13.97431,1.282420,22
49.900000,64.74987,14.93909,1.570670,23
49.900000,64.75000,15.93806,1.570796,24
49.900000,64.75000,16.93806,1.570796,25
49.900000,64.75000,17.93806,1.570796,26
49.900000,64.75000,18.93806,1.570796,27
49.900000,64.75000,19.93806,1.570796,28
49.900000,64.75000,20.93806,1.570796,29
49.900000,64.75000,21.93806,1.570796,30
50.000000,50.64289,-1.42654,0.257307,0
50.000000,51.62229,-1.16882,0.361748,1
50.000000,52.65434,-0.77829,0.431885,2
50.000000,53.64174,-0.32319,0.502128,3
50.000000,54.58056,0.19228,0.572480,4
50.000000,55.46721,0.76370,0.642947,5
50.000000,56.29848,1.38643,0.466667,6
50.000000,57.19138,1.83626,0.533333,7
50.000000,58.05234,2.34457,0.600000,8
50.000000,58.87752,2.90911,0.666667,9
50.000000,59.66327,3.52737,0.733333,10
50.000000,60.40608,4.19659,0.800000,11
50.000000,61.10265,4.91382,1.113534,12
50.000000,61.55407,5.83125,1.184247,13
50.000000,61.93345,6.76333,1.255092,14
50.000000,62.24090,7.70459,1.326075,15
50.000000,62.47690,8.64965,1.397204,16
50.000000,62.64237,9.59324,1.200000,17
50.000000,62.97447,10.44745,1.266667,18
50.000000,63.24893,11.32189,1.069463,19
50.000000,63.70933,12.16199,1.140591,20
50.000000,64.11558,13.04732,1.211575,21
50.000000,64.46368,13.97431,1.282420,22
50.000000,64.74987,14.93909,1.570670,23
50.000000,64.75000,15.93806,1.570796,24
50.000000,64.75000,16.93806,1.570796,25
50.000000,64.75000,17.93806,1.570796,26
50.000000,64.75000,18.93806,1.570796,27
50.000000,64.75000,19.93806,1.570796,28
50.000000,64.75000,20.93806,1.570796,29
50.000000,64.75000,21.93806,1.570796,30
50.100000,50.85565,-1.25212,0.300610,0
50.100000,52.12702,-0.85799,0.398552,1
50.100000,53.12904,-0.43605,0.468794,2
50.100000,54.08452,0.04785,0.539146,3
50.100000,54.98972,0.58941,0.609613,4
50.100000,55.84128,1.18409,0.433333,5
50.100000,56.74868,1.60391,0.500000,6
50.100000,57.62610,2.08324,0.566667,7
50.100000,58.46964,2.61997,0.633333,8
50.100000,59.27555,3.21169,0.700000,9
50.100000,60.04025,3.85579,0.766667,10
50.100000,60.76034,4.54940,0.833333,11
50.100000,61.43263,5.28944,1.146867,12
50.100000,61.85322,6.22141,1.217580,13
50.100000,62.20133,7.16562,1.288425,14
50.100000,62.47723,8.11660,1.591655,15
50.100000,62.45515,9.17491,1.166667,16
50.100000,62.81554,10.01758,1.233333,17
50.100000,63.11898,10.88239,1.036130,18
50.100000,63.60713,11.70667,1.107258,19
50.100000,64.04266,12.57797,1.178241,20
50.100000,64.42146,13.49285,1.249086,21
50.100000,64.73965,14.44755,1.560348,22
50.100000,64.75000,15.43806,1.570796,23
50.100000,64.75000,16.43806,1.570796,24
50.100000,64.75000,17.43806,1.570796,25
50.100000,64.75000,18.43806,1.570796,26
50.100000,64.75000,19.43806,1.570796,27
50.100000,64.75000,20.43806,1.570796,28
50.100000,64.75000,21.43806,1.570796,29
50.100000,64.75000,22.43806,1.570796,30
50.200000,50.98348,-1.11668,0.222474,0
50.200000,52.12702,-0.85799,0.398552,1
50.200000,53.12904,-0.43605,0.468794,2
50.200000,54.08452,0.04785,0.539146,3
50.200000,54.98972,0.58941,0.609613,4
50.200000,55.84128,1.18409,0.433333,5
50.200000,56.74868,1.60391,0.500000,6
50.200000,57.62610,2.08324,0.566667,7
50.200000,58.46964,2.61997,0.633333,8
50.200000,59.27555,3.21169,0.700000,9
50.200000,60.04025,3.85579,0.766667,10
50.200000,60.76034,4.54940,0.833333,11
50.200000,61.43263,5.28944,1.146867,12
50.200000,61.85322,6.22141,1.217580,13
50.200000,62.20133,7.16562,1.288425,14
50.200000,62.47723,8.11660,1.591655,15
50.200000,62.45515,9.17491,1.166667,16
50.200000,62.81554,10.01758,1.233333,17
50.200000,63.11898,10.88239,1.036130,18
50.200000,63.60713,11.70667,1.107258,19
50.200000,64.04266,12.57797,1.178241,20
50.200000,64.42146,13.49285,1.249086,21
50.200000,64.73965,14.44755,1.560348,22
50.200000,64.75000,15.43806,1.570796,23
50.200000,64.75000,16.43806,1.570796,24
50.200000,64.75000,17.43806,1.570796,25
50.200000,64.75000,18.43806,1.570796,26
50.200000,64.75000,19.43806,1.570796,27
50.200000,64.75000,20.43806,1.570796,28
50.200000,64.75000,21.43806,1.570796,29
50.200000,64.75000,22.43806,1.570796,30
50.300000,51.21543,-0.99674,0.151046,0
50.300000,52.12702,-0.85799,0.398552,1
50.300000,53.12904,-0.43605,0.468794,2
50.300000,54.08452,0.04785,0.539146,3
50.300000,54.98972,0.58941,0.609613,4
50.300000,55.84128,1.18409,0.433333,5
50.300000,56.74868,1.60391,0.500000,6
50.300000,57.62610,2.08324,0.566667,7
50.300000,58.46964,2.61997,0.633333,8
50.300000,59.27555,3.21169,0.700000,9
50.300000,60.04025,3.85579,0.766667,10
50.300000,60.76034,4.54940,0.833333,11
50.300000,61.43263,5.28944,1.146867,12
50.300000,61.85322,6.22141,1.217580,13
50.300000,62.20133,7.16562,1.288425,14
50.300000,62.47723,8.11660,1.591655,15
50.300000,62.45515,9.17491,1.166667,16
50.300000,62.81554,10.01758,1.233333,17
50.300000,63.11898,10.88239,1.036130,18
50.300000,63.60713,11.70667,1.107258,19
50.300000,64.04266,12.57797,1.178241,20
50.300000,64.42146,13.49285,1.249086,21
50.300000,64.73965,14.44755,1.560348,22
50.300000,64.75000,15.43806,1.570796,23
50.300000,64.75000,16.43806,1.570796,24
50.300000,64.75000,17.43806,1.570796,25
50.300000,64.75000,18.43806,1.570796,26
50.300000,64.75000,19.43806,1.570796,27
50.300000,64.75000,20.43806,1.570796,28
50.300000,64.75000,21.43806,1.570796,29
50.300000,64.75000,22.43806,1.570796,30
50.400000,51.38912,-0.83522,0.435423,0
50.400000,52.57139,-0.28522,0.439146,1
50.400000,53.52613,0.16326,0.509613,2
50.400000,54.43280,0.66995,0.333333,3
50.400000,55.37759,0.99709,0.400000,4
50.400000,56.29848,1.38643,0.466667,5
50.400000,57.19138,1.83626,0.533333,6
50.400000,58.05234,2.34457,0.600000,7
50.400000,58.87752,2.90911,0.666667,8
50.400000,59.66327,3.52737,0.733333,9
50.400000,60.40608,4.19659,0.800000,10
50.400000,61.10265,4.91382,1.113534,11
50.400000,61.55407,5.83125,1.184247,12
50.400000,61.93345,6.76333,1.255092,13
50.400000,62.24090,7.70459,1.326075,14
50.400000,62.47690,8.64965,1.632524,15
50.400000,62.41251,9.69155,1.200000,16
50.400000,62.73857,10.53023,0.998182,17
50.400000,63.24893,11.32189,1.069463,18
50.400000,63.70933,12.16199,1.140591,19
50.400000,64.11558,13.04732,1.211575,20
50.400000,64.46368,13.97431,1.282420,21
50.400000,64.74987,14.93909,1.570670,22
50.400000,64.75000,15.93806,1.570796,23
50.400000,64.75000,16.93806,1.570796,24
50.400000,64.75000,17.93806,1.570796,25
50.400000,64.75000,18.93806,1.570796,26
50.400000,64.75000,19.93806,1.570796,27
50.400000,64.75000,20.93806,1.570796,28
50.400000,64.75000,21.93806,1.570796,29
50.400000,64.75000,22.93806,1.570796,30
50.504000,51.60614,-0.71036,0.414884,0
50.504000,52.57139,-0.28522,0.439146,1
50.504000,53.52613,0.16326,0.509613,2
50.504000,54.43280,0.66995,0.333333,3
50.504000,55.37759,0.99709,0.400000,4
50.504000,56.29848,1.38643,0.466667,5
50.504000,57.19138,1.83626,0.533333,6
50.504000,58.05234,2.34457,0.600000,7
50.504000,58.87752,2.90911,0.666667,8
50.504000,59.66327,3.52737,0.733333,9
50.504000,60.40608,4.19659,0.800000,10
50.504000,61.10265,4.91382,1.113534,11
50.504000,61.55407,5.83125,1.184247,12
50.504000,61.93345,6.76333,1.255092,13
50.504000,62.24090,7.70459,1.326075,14
50.504000,62.47690,8.64965,1.397204,15
50.504000,62.64237,9.59324,1.200000,16
50.504000,62.97447,10.44745,1.266667,17
50.504000,63.24893,11.32189,1.069463,18
50.504000,63.70933,12.16199,1.140591,19
50.504000,64.11558,13.04732,1.211575,20
50.504000,64.46368,13.97431,1.282420,21
50.504000,64.74987,14.93909,1.570670,22
50.504000,64.75000,15.93806,1.570796,23
50.504000,64.75000,16.93806,1.570796,24
50.504000,64.75000,17.93806,1.570796,25
50.504000,64.75000,18.93806,1.570796,26
50.504000,64.75000,19.93806,1.570796,27
50.504000,64.75000,20.93806,1.570796,28
50.504000,64.75000,21.93806,1.570796,29
50.504000,64.75000,22.93806,1.570796,30
50.604000,51.78291,-0.55417,0.328727,0
50.604000,52.57139,-0.28522,0.439146,1
50.604000,53.52613,0.16326,0.509613,2
50.604000,54.43280,0.66995,0.333333,3
50.604000,55.37759,0.99709,0.400000,4
50.604000,56.29848,1.38643,0.466667,5
50.604000,57.19138,1.83626,0.533333,6
50.604000,58.05234,2.34457,0.600000,7
50.604000,58.87752,2.90911,0.666667,8
50.604000,59.66327,3.52737,0.733333,9
50.604000,60.40608,4.19659,0.800000,10
50.604000,61.10265,4.91382,1.113534,11
50.604000,61.55407,5.83125,1.184247,12
50.604000,61.93345,6.76333,1.255092,13
50.604000,62.24090,7.70459,1.326075,14
50.604000,62.47690,8.64965,1.632524,15
50.604000,62.41251,9.69155,1.200000,16
50.604000,62.73857,10.53023,0.998182,17
50.604000,63.24893,11.32189,1.069463,18
50.604000,63.70933,12.16199,1.140591,19
50.604000,64.11558,13.04732,1.211575,20
50.604000,64.46368,13.97431,1.282420,21
50.604000,64.74987,14.93909,1.570670,22
50.604000,64.75000,15.93806,1.570796,23
50.604000,64.75000,16.93806,1.570796,24
50.604000,64.75000,17.93806,1.570796,25
50.604000,64.75000,18.93806,1.570796,26
50.604000,64.75000,19.93806,1.570796,27
50.604000,64.75000,20.93806,1.570796,28
50.604000,64.75000,21.93806,1.570796,29
50.604000,64.75000,22.93806,1.570796,30
50.700000,51.97955,-0.40050,0.408436,0
50.700000,53.02971,0.05398,0.476280,1
50.700000,53.95276,0.53018,0.300000,2
50.700000,54.90792,0.82565,0.366667,3
50.700000,55.84128,1.18409,0.433333,4
50.700000,56.74868,1.60391,0.500000,5
50.700000,57.62610,2.08324,0.566667,6
50.700000,58.46964,2.61997,0.633333,7
50.700000,59.27555,3.21169,0.700000,8
50.700000,60.04025,3.85579,0.766667,9
50.700000,60.76034,4.54940,0.833333,10
50.700000,61.43263,5.28944,1.146867,11
50.700000,61.85322,6.22141,1.217580,12
50.700000,62.20133,7.16562,1.288425,13
50.700000,62.47723,8.11660,1.591655,14
50.700000,62.45515,9.17491,1.166667,15
50.700000,62.81554,10.01758,1.233333,16
50.700000,63.11898,10.88239,1.036130,17
50.700000,63.60713,11.70667,1.107258,18
50.700000,64.04266,12.57797,1.178241,19
50.700000,64.42146,13.49285,1.249086,20
50.700000,64.73965,14.44755,1.560348,21
50.700000,64.75000,15.43806,1.570796,22
50.700000,64.75000,16.43806,1.570796,23
50.700000,64.75000,17.43806,1.570796,24
50.700000,64.75000,18.43806,1.570796,25
50.700000,64.75000,19.43806,1.570796,26
50.700000,64.75000,20.43806,1.570796,27
50.700000,64.75000,21.43806,1.570796,28
50.700000,64.75000,22.43806,1.570796,29
50.700000,64.75000,23.43806,1.570796,30
50.802000,52.26724,-0.18830,0.599659,0
50.802000,52.98004,0.29900,0.233333,1
50.802000,53.95276,0.53018,0.300000,2
50.802000,54.90792,0.82565,0.366667,3
50.802000,55.84128,1.18409,0.433333,4
50.802000,56.74868,1.60391,0.500000,5
50.802000,57.62610,2.08324,0.566667,6
50.802000,58.46964,2.61997,0.633333,7
50.802000,59.27555,3.21169,0.700000,8
50.802000,60.04025,3.85579,0.766667,9
50.802000,60.76034,4.54940,0.833333,10
50.802000,61.43263,5.28944,1.146867,11
50.802000,61.85322,6.22141,1.217580,12
50.802000,62.20133,7.16562,1.288425,13
50.802000,62.47723,8.11660,1.591655,14
50.802000,62.45515,9.17491,1.166667,15
50.802000,62.81554,10.01758,1.233333,16
50.802000,63.11898,10.88239,1.036130,17
50.802000,63.60713,11.70667,1.107258,18
50.802000,64.04266,12.57797,1.178241,19
50.802000,64.42146,13.49285,1.249086,20
50.802000,64.73965,14.44755,1.560348,21
50.802000,64.75000,15.43806,1.570796,22
50.802000,64.75000,16.43806,1.570796,23
50.802000,64.75000,17.43806,1.570796,24
50.802000,64.75000,18.43806,1.570796,25
50.802000,64.75000,19.43806,1.570796,26
50.802000,64.75000,20.43806,1.570796,27
50.802000,64.75000,21.43806,1.570796,28
50.802000,64.75000,22.43806,1.570796,29
50.802000,64.75000,23.43806,1.570796,30
50.900000,52.39032,-0.11717,0.452191,0
50.900000,53.46833,0.40648,0.266667,1
50.900000,54.43280,0.66995,0.333333,2
50.900000,55.37759,0.99709,0.400000,3
50.900000,56.29848,1.38643,0.466667,4
50.900000,57.19138,1.83626,0.533333,5
50.900000,58.05234,2.34457,0.600000,6
50.900000,58.87752,2.90911,0.666667,7
50.900000,59.66327,3.52737,0.733333,8
50.900000,60.40608,4.19659,0.800000,9
50.900000,61.10265,4.91382,1.113534,10
50.900000,61.55407,5.83125,1.184247,11
50.900000,61.93345,6.76333,1.255092,12
50.900000,62.24090,7.70459,1.326075,13
50.900000,62.47690,8.64965,1.397204,14
50.900000,62.64237,9.59324,1.200000,15
50.900000,62.97447,10.44745,1.266667,16
50.900000,63.24893,11.32189,1.069463,17
50.900000,63.70933,12.16199,1.140591,18
50.900000,64.11558,13.04732,1.211575,19
50.900000,64.46368,13.97431,1.282420,20
50.900000,64.74987,14.93909,1.570670,21
50.900000,64.75000,15.93806,1.570796,22
50.900000,64.75000,16.93806,1.570796,23
50.900000,64.75000,17.93806,1.570796,24
50.900000,64.75000,18.93806,1.570796,25
50.900000,64.75000,19.93806,1.570796,26
50.900000,64.75000,20.93806,1.570796,27
50.900000,64.75000,21.93806,1.570796,28
50.900000,64.75000,22.93806,1.570796,29
50.900000,64.75000,23.93806,1.570796,30
51.000000,52.65109,0.12493,0.331790,0
51.000000,53.46833,0.40648,0.266667,1
51.000000,54.43280,0.66995,0.333333,2
51.000000,55.37759,0.99709,0.400000,3
51.000000,56.29848,1.38643,0.466667,4
51.000000,57.19138,1.83626,0.533333,5
51.000000,58.05234,2.34457,0.600000,6
51.000000,58.87752,2.90911,0.666667,7
51.000000,59.66327,3.52737,0.733333,8
51.000000,60.40608,4.19659,0.800000,9
51.000000,61.10265,4.91382,1.113534,10
51.000000,61.55407,5.83125,1.184247,11
51.000000,61.93345,6.76333,1.255092,12
51.000000,62.24090,7.70459,1.326075,13
51.000000,62.47690,8.64965,1.632524,14
51.000000,62.41251,9.69155,1.200000,15
51.000000,62.73857,10.53023,0.998182,16
51.000000,63.24893,11.32189,1.069463,17
51.000000,63.70933,12.16199,1.140591,18
51.000000,64.11558,13.04732,1.211575,19
51.000000,64.46368,13.97431,1.282420,20
51.000000,64.74987,14.93909,1.570670,21
51.000000,64.75000,15.93806,1.570796,22
51.000000,64.75000,16.93806,1.570796,23
51.000000,64.75000,17.93806,1.570796,24
51.000000,64.75000,18.93806,1.570796,25
51.000000,64.75000,19.93806,1.570796,26
51.000000,64.75000,20.93806,1.570796,27
51.000000,64.75000,21.93806,1.570796,28
51.000000,64.75000,22.93806,1.570796,29
51.000000,64.75000,23.93806,1.570796,30
51.100000,52.76851,0.21968,0.458250,0
51.100000,53.88688,0.77134,0.300000,1
51.100000,54.82612,1.06189,0.366667,2
51.100000,55.74392,1.41435,0.433333,3
51.100000,56.63620,1.82717,0.500000,4
51.100000,57.49900,2.29852,0.566667,5
51.100000,58.32848,2.82630,0.633333,6
51.100000,59.12095,3.40816,0.700000,7
51.100000,59.87291,4.04153,0.766667,8
51.100000,60.58100,4.72358,0.833333,9
51.100000,61.24209,5.45128,0.900000,10
51.100000,61.85322,6.22141,1.217580,11
51.100000,62.20133,7.16562,1.288425,12
51.100000,62.47723,8.11660,1.591655,13
51.100000,62.45515,9.17491,1.166667,14
51.100000,62.81554,10.01758,1.233333,15
51.100000,63.11898,10.88239,1.036130,16
51.100000,63.60713,11.70667,1.107258,17
51.100000,64.04266,12.57797,1.178241,18
51.100000,64.42146,13.49285,1.249086,19
51.100000,64.73965,14.44755,1.560348,20
51.100000,64.75000,15.43806,1.570796,21
51.100000,64.75000,16.43806,1.570796,22
51.100000,64.75000,17.43806,1.570796,23
51.100000,64.75000,18.43806,1.570796,24
51.100000,64.75000,19.43806,1.570796,25
51.100000,64.75000,20.43806,1.570796,26
51.100000,64.75000,21.43806,1.570796,27
51.100000,64.75000,22.43806,1.570796,28
51.100000,64.75000,23.43806,1.570796,29
51.100000,64.75000,24.43806,1.570796,30
51.200000,53.03829,0.43920,0.373075,0
51.200000,53.88688,0.77134,0.300000,1
51.200000,54.82612,1.06189,0.366667,2
51.200000,55.74392,1.41435,0.433333,3
51.200000,56.63620,1.82717,0.500000,4
51.200000,57.49900,2.29852,0.566667,5
51.200000,58.32848,2.82630,0.633333,6
51.200000,59.12095,3.40816,0.700000,7
51.200000,59.87291,4.04153,0.766667,8
51.200000,60.58100,4.72358,0.833333,9
51.200000,61.24209,5.45128,0.900000,10
51.200000,61.85322,6.22141,1.217580,11
51.200000,62.20133,7.16562,1.288425,12
51.200000,62.47723,8.11660,1.591655,13
51.200000,62.45515,9.17491,1.166667,14
51.200000,62.81554,10.01758,1.233333,15
51.200000,63.11898,10.88239,1.036130,16
51.200000,63.60713,11.70667,1.107258,17
51.200000,64.04266,12.57797,1.178241,18
51.200000,64.42146,13.49285,1.249086,19
51.200000,64.73965,14.44755,1.560348,20
51.200000,64.75000,15.43806,1.570796,21
51.200000,64.75000,16.43806,1.570796,22
51.200000,64.75000,17.43806,1.570796,23
51.200000,64.75000,18.43806,1.570796,24
51.200000,64.75000,19.43806,1.570796,25
51.200000,64.75000,20.43806,1.570796,26
51.200000,64.75000,21.43806,1.570796,27
51.200000,64.75000,22.43806,1.570796,28
51.200000,64.75000,23.43806,1.570796,29
51.200000,64.75000,24.43806,1.570796,30
51.300000,53.13876,0.53645,0.304233,0
51.300000,53.88688,0.77134,0.300000,1
51.300000,54.82612,1.06189,0.366667,2
51.300000,55.74392,1.41435,0.433333,3
51.300000,56.63620,1.82717,0.500000,4
51.300000,57.49900,2.29852,0.566667,5
51.300000,58.32848,2.82630,0.633333,6
51.300000,59.12095,3.40816,0.700000,7
51.300000,59.87291,4.04153,0.766667,8
51.300000,60.58100,4.72358,0.833333,9
51.300000,61.24209,5.45128,0.900000,10
51.300000,61.85322,6.22141,1.217580,11
51.300000,62.20133,7.16562,1.288425,12
51.300000,62.47723,8.11660,1.591655,13
51.300000,62.45515,9.17491,1.166667,14
51.300000,62.81554,10.01758,1.233333,15
51.300000,63.11898,10.88239,1.036130,16
51.300000,63.60713,11.70667,1.107258,17
51.300000,64.04266,12.57797,1.178241,18
51.300000,64.42146,13.49285,1.500000,19
51.300000,64.48983,14.45691,1.560427,20
51.300000,64.50000,15.43806,1.570796,21
51.300000,64.50000,16.43806,1.570796,22
51.300000,64.50000,17.43806,1.570796,23
51.300000,64.50000,18.43806,1.570796,24
51.300000,64.50000,19.43806,1.570796,25
51.300000,64.50000,20.43806,1.815775,26
51.300000,64.25000,21.43806,1.815775,27
51.300000,64.00000,22.43806,1.815775,28
51.300000,63.75000,23.43806,2.034444,29
51.300000,63.25000,24.43806,2.034444,30
51.400000,53.33268,0.68473,0.214952,0
51.400000,54.35892,0.90879,0.333333,1
51.400000,55.28796,1.23047,0.400000,2
51.400000,56.19350,1.61333,0.466667,3
51.400000,57.07153,2.05566,0.533333,4
51.400000,57.91814,2.55550,0.600000,5
51.400000,58.72956,3.11063,0.666667,6
51.400000,59.50221,3.71858,0.733333,7
51.400000,60.23264,4.37665,0.800000,8
51.400000,60.91761,5.08192,0.866667,9
51.400000,61.55407,5.83125,1.184247,10
51.400000,61.93345,6.76333,1.255092,11
51.400000,62.24090,7.70459,1.326075,12
51.400000,62.47690,8.64965,1.632524,13
51.400000,62.41251,9.69155,1.200000,14
51.400000,62.73857,10.53023,0.998182,15
51.400000,63.24893,11.32189,1.069463,16
51.400000,63.70933,12.16199,1.140591,17
51.400000,64.11558,13.04732,1.466667,18
51.400000,64.21430,13.99199,1.533333,19
51.400000,64.24988,14.94115,1.570674,20
51.400000,64.25000,15.93806,1.570796,21
51.400000,64.25000,16.93806,1.570796,22
51.400000,64.25000,17.93806,1.570796,23
51.400000,64.25000,18.93806,1.570796,24
51.400000,64.25000,19.93806,1.570796,25
51.400000,64.25000,20.93806,1.815775,26
51.400000,64.00000,21.93806,1.815775,27
51.400000,63.75000,22.93806,2.034444,28
51.400000,63.25000,23.93806,1.815775,29
51.400000,63.00000,24.93806,1.815775,30
51.500000,53.45093,0.83926,0.076426,0
51.500000,54.35892,0.90879,0.333333,1
51.500000,55.28796,1.23047,0.400000,2
51.500000,56.19350,1.61333,0.466667,3
51.500000,57.07153,2.05566,0.533333,4
51.500000,57.91814,2.55550,0.600000,5
51.500000,58.72956,3.11063,0.666667,6
51.500000,59.50221,3.71858,0.733333,7
51.500000,60.23264,4.37665,0.800000,8
51.500000,60.91761,5.08192,0.866667,9
51.500000,61.55407,5.83125,1.184247,10
51.500000,61.93345,6.76333,1.255092,11
51.500000,62.24090,7.70459,1.558322,12
51.500000,62.25410,8.76305,1.401818,13
51.500000,62.41251,9.69155,1.200000,14
51.500000,62.73857,10.53023,0.998182,15
51.500000,63.24893,11.32189,1.069463,16
51.500000,63.70933,12.16199,1.140591,17
51.500000,64.11558,13.04732,1.466667,18
51.500000,64.21430,13.99199,1.533333,19
51.500000,64.24988,14.94115,1.570674,20
51.500000,64.25000,15.93806,1.570796,21
51.500000,64.25000,16.93806,1.570796,22
51.500000,64.25000,17.93806,1.570796,23
51.500000,64.25000,18.93806,1.570796,24
51.500000,64.25000,19.93806,1.570796,25
51.500000,64.25000,20.93806,1.815775,26
51.500000,64.00000,21.93806,1.815775,27
51.500000,63.75000,22.93806,2.034444,28
51.500000,63.25000,23.93806,1.815775,29
51.500000,63.00000,24.93806,1.815775,30
51.600000,53.69545,0.98532,0.067612,0
51.600000,54.82612,1.06189,0.366667,1
51.600000,55.74392,1.41435,0.433333,2
51.600000,56.63620,1.82717,0.500000,3
51.600000,57.49900,2.29852,0.566667,4
51.600000,58.32848,2.82630,0.633333,5
51.600000,59.12095,3.40816,0.700000,6
51.600000,59.87291,4.04153,0.766667,7
51.600000,60.58100,4.72358,0.833333,8
51.600000,61.24209,5.45128,0.900000,9
51.600000,61.85322,6.22141,1.217580,10
51.600000,62.20133,7.16562,1.288425,11
51.600000,62.47723,8.11660,1.591655,12
51.600000,62.45515,9.17491,1.166667,13
51.600000,62.81554,10.01758,1.233333,14
51.600000,63.11898,10.88239,1.036130,15
51.600000,63.60713,11.70667,1.107258,16
51.600000,64.04266,12.57797,1.178241,17
51.600000,64.42146,13.49285,1.500000,18
51.600000,64.48983,14.45691,1.560427,19
51.600000,64.50000,15.43806,1.570796,20
51.600000,64.50000,16.43806,1.570796,21
51.600000,64.50000,17.43806,1.570796,22
51.600000,64.50000,18.43806,1.570796,23
51.600000,64.50000,19.43806,1.570796,24
51.600000,64.50000,20.43806,1.815775,25
51.600000,64.25000,21.43806,1.815775,26
51.600000,64.00000,22.43806,1.815775,27
51.600000,63.75000,23.43806,2.034444,28
51.600000,63.25000,24.43806,1.570796,29
51.600000,63.25000,25.43806,1.570796,30
51.700000,53.80496,1.10063,0.207222,0
51.700000,54.74432,1.29812,0.366667,1
51.700000,55.64657,1.64462,0.433333,2
51.700000,56.52372,2.05044,0.500000,3
51.700000,57.37189,2.51380,0.566667,4
51.700000,58.18732,3.03263,0.633333,5
51.700000,58.96636,3.60463,0.700000,6
51.700000,59.70557,4.22726,0.766667,7
51.700000,60.40166,4.89775,0.833333,8
51.700000,61.05154,5.61312,0.900000,9
51.700000,61.65232,6.37020,1.221759,10
51.700000,61.99096,7.30069,1.292742,11
51.700000,62.25833,8.23736,1.599191,12
51.700000,62.22870,9.28082,1.166667,13
51.700000,62.58253,10.10817,1.233333,14
51.700000,62.88046,10.95725,1.031515,15
51.700000,63.36415,11.76548,1.102796,16
51.700000,63.79630,12.62046,1.173925,17
51.700000,64.17281,13.51883,1.500000,18
51.700000,64.24000,14.46628,1.560508,19
51.700000,64.25000,15.43806,1.570796,20
51.700000,64.25000,16.43806,1.570796,21
51.700000,64.25000,17.43806,1.570796,22
51.700000,64.25000,18.43806,1.570796,23
51.700000,64.25000,19.43806,1.570796,24
51.700000,64.25000,20.43806,1.570796,25
51.700000,64.25000,21.43806,1.815775,26
51.700000,64.00000,22.43806,2.034444,27
51.700000,63.50000,23.43806,2.034444,28
51.700000,63.00000,24.43806,1.570796,29
51.700000,63.00000,25.43806,1.570796,30
51.800000,53.96399,1.24724,0.065119,0
51.800000,54.74432,1.29812,0.366667,1
51.800000,55.64657,1.64462,0.433333,2
51.800000,56.52372,2.05044,0.500000,3
51.800000,57.37189,2.51380,0.566667,4
51.800000,58.18732,3.03263,0.633333,5
51.800000,58.96636,3.60463,0.700000,6
51.800000,59.70557,4.22726,0.766667,7
51.800000,60.40166,4.89775,0.833333,8
51.800000,61.05154,5.61312,0.900000,9
51.800000,61.65232,6.37020,1.221759,10
51.800000,61.99096,7.30069,1.292742,11
51.800000,62.25833,8.23736,1.363870,12
51.800000,62.45515,9.17491,1.166667,13
51.800000,62.81554,10.01758,1.233333,14
51.800000,63.11898,10.88239,1.036130,15
51.800000,63.60713,11.70667,1.107258,16
51.800000,64.04266,12.57797,1.178241,17
51.800000,64.42146,13.49285,1.500000,18
51.800000,64.48983,14.45691,1.560427,19
51.800000,64.50000,15.43806,1.570796,20
51.800000,64.50000,16.43806,1.570796,21
51.800000,64.50000,17.43806,1.570796,22
51.800000,64.50000,18.43806,1.570796,23
51.800000,64.50000,19.43806,1.570796,24
51.800000,64.50000,20.43806,1.815775,25
51.800000,64.25000,21.43806,1.815775,26
51.800000,64.00000,22.43806,1.815775,27
51.800000,63.75000,23.43806,2.034444,28
51.800000,63.25000,24.43806,1.570796,29
51.800000,63.25000,25.43806,1.570796,30
51.900000,54.11245,1.32779,0.124652,0
51.900000,55.19833,1.46385,0.400000,1
51.900000,56.08853,1.84022,0.466667,2
51.900000,56.95167,2.27505,0.533333,3
51.900000,57.78393,2.76642,0.600000,4
51.900000,58.58161,3.31214,0.666667,5
51.900000,59.34116,3.90979,0.733333,6
51.900000,60.05921,4.55671,0.800000,7
51.900000,60.73256,5.25002,0.866667,8
51.900000,61.35824,5.98666,1.188425,9
51.900000,61.72770,6.90534,1.259409,10
51.900000,62.02614,7.83258,1.330537,11
51.900000,62.25410,8.76305,1.401818,12
51.900000,62.41251,9.69155,1.200000,13
51.900000,62.73857,10.53023,0.998182,14
51.900000,63.24893,11.32189,1.069463,15
51.900000,63.70933,12.16199,1.140591,16
51.900000,64.11558,13.04732,1.211575,17
51.900000,64.46368,13.97431,1.282420,18
51.900000,64.74987,14.93909,1.570670,19
51.900000,64.75000,15.93806,1.570796,20
51.900000,64.75000,16.93806,1.570796,21
51.900000,64.75000,17.93806,1.570796,22
51.900000,64.75000,18.93806,1.570796,23
51.900000,64.75000,19.93806,1.570796,24
51.900000,64.75000,20.93806,1.570796,25
51.900000,64.75000,21.93806,1.570796,26
51.900000,64.75000,22.93806,1.570796,27
51.900000,64.75000,23.93806,1.570796,28
51.900000,64.75000,24.93806,1.570796,29
51.900000,64.75000,25.93806,1.570796,30
52.000000,54.25646,1.45161,0.012993,0
52.000000,55.19833,1.46385,0.400000,1
52.000000,56.08853,1.84022,0.466667,2
52.000000,56.95167,2.27505,0.533333,3
52.000000,57.78393,2.76642,0.600000,4
52.000000,58.58161,3.31214,0.666667,5
52.000000,59.34116,3.90979,0.733333,6
52.000000,60.05921,4.55671,0.800000,7
52.000000,60.73256,5.25002,0.866667,8
52.000000,61.35824,5.98666,1.188425,9
52.000000,61.72770,6.90534,1.259409,10
52.000000,62.02614,7.83258,1.330537,11
52.000000,62.25410,8.76305,1.401818,12
52.000000,62.41251,9.69155,1.200000,13
52.000000,62.73857,10.53023,0.998182,14
52.000000,63.24893,11.32189,1.069463,15
52.000000,63.70933,12.16199,1.140591,16
52.000000,64.11558,13.04732,1.211575,17
52.000000,64.46368,13.97431,1.282420,18
52.000000,64.74987,14.93909,1.570670,19
52.000000,64.75000,15.93806,1.570796,20
52.000000,64.75000,16.93806,1.570796,21
52.000000,64.75000,17.93806,1.570796,22
52.000000,64.75000,18.93806,1.570796,23
52.000000,64.75000,19.93806,1.570796,24
52.000000,64.75000,20.93806,1.570796,25
52.000000,64.75000,21.93806,1.570796,26
52.000000,64.75000,22.93806,1.570796,27
52.000000,64.75000,23.93806,1.570796,28
52.000000,64.75000,24.93806,1.570796,29
52.000000,64.75000,25.93806,1.570796,30
52.100000,54.40332,1.52987,-0.082856,0
52.100000,55.19833,1.46385,0.400000,1
52.100000,56.08853,1.84022,0.466667,2
52.100000,56.95167,2.27505,0.533333,3
52.100000,57.78393,2.76642,0.600000,4
52.100000,58.58161,3.31214,0.666667,5
52.100000,59.34116,3.90979,0.733333,6
52.100000,60.05921,4.55671,0.800000,7
52.100000,60.73256,5.25002,0.866667,8
52.100000,61.35824,5.98666,1.188425,9
52.100000,61.72770,6.90534,1.259409,10
52.100000,62.02614,7.83258,1.330537,11
52.100000,62.25410,8.76305,1.401818,12
52.100000,62.41251,9.69155,1.200000,13
52.100000,62.73857,10.53023,0.998182,14
52.100000,63.24893,11.32189,1.069463,15
52.100000,63.70933,12.16199,1.140591,16
52.100000,64.11558,13.04732,1.211575,17
52.100000,64.46368,13.97431,1.282420,18
52.100000,64.74987,14.93909,1.570670,19
52.100000,64.75000,15.93806,1.570796,20
52.100000,64.75000,16.93806,1.570796,21
52.100000,64.75000,17.93806,1.570796,22
52.100000,64.75000,18.93806,1.570796,23
52.100000,64.75000,19.93806,1.570796,24
52.100000,64.75000,20.93806,1.570796,25
52.100000,64.75000,21.93806,1.570796,26
52.100000,64.75000,22.93806,1.570796,27
52.100000,64.75000,23.93806,1.570796,28
52.100000,64.75000,24.93806,1.570796,29
52.100000,64.75000,25.93806,1.570796,30
52.200000,54.51306,1.55457,0.079277,0
52.200000,55.64657,1.64462,0.433333,1
52.200000,56.52372,2.05044,0.500000,2
52.200000,57.37189,2.51380,0.566667,3
52.200000,58.18732,3.03263,0.633333,4
52.200000,58.96636,3.60463,0.700000,5
52.200000,59.70557,4.22726,0.766667,6
52.200000,60.40166,4.89775,0.833333,7
52.200000,61.05154,5.61312,0.900000,8
52.200000,61.65232,6.37020,1.221759,9
52.200000,61.99096,7.30069,1.292742,10
52.200000,62.25833,8.23736,1.363870,11
52.200000,62.45515,9.17491,1.166667,12
52.200000,62.81554,10.01758,1.233333,13
52.200000,63.11898,10.88239,1.036130,14
52.200000,63.60713,11.70667,1.107258,15
52.200000,64.04266,12.57797,1.178241,16
52.200000,64.42146,13.49285,1.249086,17
52.200000,64.73965,14.44755,1.560348,18
52.200000,64.75000,15.43806,1.570796,19
52.200000,64.75000,16.43806,1.570796,20
52.200000,64.75000,17.43806,1.570796,21
52.200000,64.75000,18.43806,1.570796,22
52.200000,64.75000,19.43806,1.570796,23
52.200000,64.75000,20.43806,1.570796,24
52.200000,64.75000,21.43806,1.570796,25
52.200000,64.75000,22.43806,1.570796,26
52.200000,64.75000,23.43806,1.570796,27
52.200000,64.75000,24.43806,1.570796,28
52.200000,64.75000,25.43806,1.570796,29
52.200000,64.75000,26.43806,1.570796,30
52.300000,54.63438,1.64830,-0.003643,0
52.300000,55.64657,1.64462,0.433333,1
52.300000,56.52372,2.05044,0.500000,2
52.300000,57.37189,2.51380,0.566667,3
52.300000,58.18732,3.03263,0.633333,4
52.300000,58.96636,3.60463,0.700000,5
52.300000,59.70557,4.22726,0.766667,6
52.300000,60.40166,4.89775,0.833333,7
52.300000,61.05154,5.61312,0.900000,8
52.300000,61.65232,6.37020,1.221759,9
52.300000,61.99096,7.30069,1.292742,10
52.300000,62.25833,8.23736,1.363870,11
52.300000,62.45515,9.17491,1.166667,12
52.300000,62.81554,10.01758,1.233333,13
52.300000,63.11898,10.88239,1.036130,14
52.300000,63.60713,11.70667,1.107258,15
52.300000,64.04266,12.57797,1.178241,16
52.300000,64.42146,13.49285,1.249086,17
52.300000,64.73965,14.44755,1.560348,18
52.300000,64.75000,15.43806,1.570796,19
52.300000,64.75000,16.43806,1.570796,20
52.300000,64.75000,17.43806,1.570796,21
52.300000,64.75000,18.43806,1.570796,22
52.300000,64.75000,19.43806,1.570796,23
52.300000,64.75000,20.43806,1.570796,24
52.300000,64.75000,21.43806,1.570796,25
52.300000,64.75000,22.43806,1.570796,26
52.300000,64.75000,23.43806,1.570796,27
52.300000,64.75000,24.43806,1.570796,28
52.300000,64.75000,25.43806,1.570796,29
52.300000,64.75000,26.43806,1.570796,30
52.400000,54.74483,1.68636,-0.046265,0
52.400000,55.64657,1.64462,0.433333,1
52.400000,56.52372,2.05044,0.500000,2
52.400000,57.37189,2.51380,0.566667,3
52.400000,58.18732,3.03263,0.633333,4
52.400000,58.96636,3.60463,0.700000,5
52.400000,59.70557,4.22726,0.766667,6
52.400000,60.40166,4.89775,0.833333,7
52.400000,61.05154,5.61312,0.900000,8
52.400000,61.65232,6.37020,1.221759,9
52.400000,61.99096,7.30069,1.292742,10
52.400000,62.25833,8.23736,1.363870,11
52.400000,62.45515,9.17491,1.166667,12
52.400000,62.81554,10.01758,1.233333,13
52.400000,63.11898,10.88239,1.036130,14
52.400000,63.60713,11.70667,1.107258,15
52.400000,64.04266,12.57797,1.178241,16
52.400000,64.42146,13.49285,1.249086,17
52.400000,64.73965,14.44755,1.560348,18
52.400000,64.75000,15.43806,1.570796,19
52.400000,64.75000,16.43806,1.570796,20
52.400000,64.75000,17.43806,1.570796,21
52.400000,64.75000,18.43806,1.570796,22
52.400000,64.75000,19.43806,1.570796,23
52.400000,64.75000,20.43806,1.570796,24
52.400000,64.75000,21.43806,1.570796,25
52.400000,64.75000,22.43806,1.570796,26
52.400000,64.75000,23.43806,1.570796,27
52.400000,64.75000,24.43806,1.570796,28
52.400000,64.75000,25.43806,1.570796,29
52.400000,64.75000,26.43806,1.570796,30
52.500000,54.81784,1.73689,-0.110883,0
52.500000,55.64657,1.64462,0.433333,1
52.500000,56.52372,2.05044,0.500000,2
52.500000,57.37189,2.51380,0.566667,3
52.500000,58.18732,3.03263,0.633333,4
52.500000,58.96636,3.60463,0.700000,5
52.500000,59.70557,4.22726,0.766667,6
52.500000,60.40166,4.89775,0.833333,7
52.500000,61.05154,5.61312,0.900000,8
52.500000,61.65232,6.37020,1.221759,9
52.500000,61.99096,7.30069,1.292742,10
52.500000,62.25833,8.23736,1.363870,11
52.500000,62.45515,9.17491,1.166667,12
52.500000,62.81554,10.01758,1.233333,13
52.500000,63.11898,10.88239,1.036130,14
52.500000,63.60713,11.70667,1.107258,15
52.500000,64.04266,12.57797,1.178241,16
52.500000,64.42146,13.49285,1.249086,17
52.500000,64.73965,14.44755,1.560348,18
52.500000,64.75000,15.43806,1.570796,19
52.500000,64.75000,16.43806,1.570796,20
52.500000,64.75000,17.43806,1.570796,21
52.500000,64.75000,18.43806,1.570796,22
52.500000,64.75000,19.43806,1.570796,23
52.500000,64.75000,20.43806,1.570796,24
52.500000,64.75000,21.43806,1.570796,25
52.500000,64.75000,22.43806,1.570796,26
52.500000,64.75000,23.43806,1.570796,27
52.500000,64.75000,24.43806,1.570796,28
52.500000,64.75000,25.43806,1.570796,29
52.500000,64.75000,26.43806,1.570796,30
52.600000,54.92160,1.79376,0.039792,0
52.600000,56.08853,1.84022,0.466667,1
52.600000,56.95167,2.27505,0.533333,2
52.600000,57.78393,2.76642,0.600000,3
52.600000,58.58161,3.31214,0.666667,4
52.600000,59.34116,3.90979,0.733333,5
52.600000,60.05921,4.55671,0.800000,6
52.600000,60.73256,5.25002,0.866667,7
52.600000,61.35824,5.98666,0.933333,8
52.600000,61.93345,6.76333,1.255092,9
52.600000,62.24090,7.70459,1.326075,10
52.600000,62.47690,8.64965,1.397204,11
52.600000,62.64237,9.59324,1.200000,12
52.600000,62.97447,10.44745,1.266667,13
52.600000,63.24893,11.32189,1.069463,14
52.600000,63.70933,12.16199,1.140591,15
52.600000,64.11558,13.04732,1.211575,16
52.600000,64.46368,13.97431,1.282420,17
52.600000,64.74987,14.93909,1.570670,18
52.600000,64.75000,15.93806,1.570796,19
52.600000,64.75000,16.93806,1.570796,20
52.600000,64.75000,17.93806,1.570796,21
52.600000,64.75000,18.93806,1.570796,22
52.600000,64.75000,19.93806,1.570796,23
52.600000,64.75000,20.93806,1.570796,24
52.600000,64.75000,21.93806,1.570796,25
52.600000,64.75000,22.93806,1.570796,26
52.600000,64.75000,23.93806,1.570796,27
52.600000,64.75000,24.93806,1.570796,28
52.600000,64.75000,25.93806,1.570796,29
52.600000,64.75000,26.93806,1.570796,30
52.700000,54.98598,1.80271,0.034004,0
52.700000,56.08853,1.84022,0.466667,1
52.700000,56.95167,2.27505,0.533333,2
52.700000,57.78393,2.76642,0.600000,3
52.700000,58.58161,3.31214,0.666667,4
52.700000,59.34116,3.90979,0.733333,5
52.700000,60.05921,4.55671,0.800000,6
52.700000,60.73256,5.25002,0.866667,7
52.700000,61.35824,5.98666,1.188425,8
52.700000,61.72770,6.90534,1.259409,9
52.700000,62.02614,7.83258,1.330537,10
52.700000,62.25410,8.76305,1.401818,11
52.700000,62.41251,9.69155,1.200000,12
52.700000,62.73857,10.53023,0.998182,13
52.700000,63.24893,11.32189,1.069463,14
52.700000,63.70933,12.16199,1.140591,15
52.700000,64.11558,13.04732,1.211575,16
52.700000,64.46368,13.97431,1.282420,17
52.700000,64.74987,14.93909,1.570670,18
52.700000,64.75000,15.93806,1.570796,19
52.700000,64.75000,16.93806,1.570796,20
52.700000,64.75000,17.93806,1.570796,21
52.700000,64.75000,18.93806,1.570796,22
52.700000,64.75000,19.93806,1.570796,23
52.700000,64.75000,20.93806,1.570796,24
52.700000,64.75000,21.93806,1.570796,25
52.700000,64.75000,22.93806,1.570796,26
52.700000,64.75000,23.93806,1.570796,27
52.700000,64.75000,24.93806,1.570796,28
52.700000,64.75000,25.93806,1.570796,29
52.700000,64.75000,26.93806,1.570796,30
52.800000,55.07328,1.87087,-0.030186,0
52.800000,56.08853,1.84022,0.466667,1
52.800000,56.95167,2.27505,0.533333,2
52.800000,57.78393,2.76642,0.600000,3
52.800000,58.58161,3.31214,0.666667,4
52.800000,59.34116,3.90979,0.733333,5
52.800000,60.05921,4.55671,0.800000,6
52.800000,60.73256,5.25002,0.866667,7
52.800000,61.35824,5.98666,1.188425,8
52.800000,61.72770,6.90534,1.259409,9
52.800000,62.02614,7.83258,1.330537,10
52.800000,62.25410,8.76305,1.401818,11
52.800000,62.41251,9.69155,1.200000,12
52.800000,62.73857,10.53023,0.998182,13
52.800000,63.24893,11.32189,1.069463,14
52.800000,63.70933,12.16199,1.140591,15
52.800000,64.11558,13.04732,1.211575,16
52.800000,64.46368,13.97431,1.282420,17
52.800000,64.74987,14.93909,1.570670,18
52.800000,64.75000,15.93806,1.570796,19
52.800000,64.75000,16.93806,1.570796,20
52.800000,64.75000,17.93806,1.570796,21
52.800000,64.75000,18.93806,1.570796,22
52.800000,64.75000,19.93806,1.570796,23
52.800000,64.75000,20.93806,1.570796,24
52.800000,64.75000,21.93806,1.570796,25
52.800000,64.75000,22.93806,1.570796,26
52.800000,64.75000,23.93806,1.570796,27
52.800000,64.75000,24.93806,1.570796,28
52.800000,64.75000,25.93806,1.570796,29
52.800000,64.75000,26.93806,1.570796,30
52.900000,55.14862,1.91362,-0.077931,0
52.900000,56.08853,1.84022,0.466667,1
52.900000,56.95167,2.27505,0.533333,2
52.900000,57.78393,2.76642,0.600000,3
52.900000,58.58161,3.31214,0.666667,4
52.900000,59.34116,3.90979,0.733333,5
52.900000,60.05921,4.55671,0.800000,6
52.900000,60.73256,5.25002,0.866667,7
52.900000,61.35824,5.98666,0.933333,8
52.900000,61.93345,6.76333,1.255092,9
52.900000,62.24090,7.70459,1.326075,10
52.900000,62.47690,8.64965,1.397204,11
52.900000,62.64237,9.59324,1.200000,12
52.900000,62.97447,10.44745,1.266667,13
52.900000,63.24893,11.32189,1.069463,14
52.900000,63.70933,12.16199,1.140591,15
52.900000,64.11558,13.04732,1.211575,16
52.900000,64.46368,13.97431,1.282420,17
52.900000,64.74987,14.93909,1.570670,18
52.900000,64.75000,15.93806,1.570796,19
52.900000,64.75000,16.93806,1.570796,20
52.900000,64.75000,17.93806,1.570796,21
52.900000,64.75000,18.93806,1.570796,22
52.900000,64.75000,19.93806,1.570796,23
52.900000,64.75000,20.93806,1.570796,24
52.900000,64.75000,21.93806,1.570796,25
52.900000,64.75000,22.93806,1.570796,26
52.900000,64.75000,23.93806,1.570796,27
52.900000,64.75000,24.93806,1.570796,28
52.900000,64.75000,25.93806,1.570796,29
52.900000,64.75000,26.93806,1.570796,30
53.000000,55.21716,1.93687,-0.110463,0
53.000000,56.08853,1.84022,0.466667,1
53.000000,56.95167,2.27505,0.533333,2
53.000000,57.78393,2.76642,0.600000,3
53.000000,58.58161,3.31214,0.666667,4
53.000000,59.34116,3.90979,0.733333,5
53.000000,60.05921,4.55671,0.800000,6
53.000000,60.73256,5.25002,0.866667,7
53.000000,61.35824,5.98666,1.188425,8
53.000000,61.72770,6.90534,1.259409,9
53.000000,62.02614,7.83258,1.330537,10
53.000000,62.25410,8.76305,1.401818,11
53.000000,62.41251,9.69155,1.200000,12
53.000000,62.73857,10.53023,0.998182,13
53.000000,63.24893,11.32189,1.069463,14
53.000000,63.70933,12.16199,1.140591,15
53.000000,64.11558,13.04732,1.211575,16
53.000000,64.46368,13.97431,1.282420,17
53.000000,64.74987,14.93909,1.570670,18
53.000000,64.75000,15.93806,1.570796,19
53.000000,64.75000,16.93806,1.570796,20
53.000000,64.75000,17.93806,1.570796,21
53.000000,64.75000,18.93806,1.570796,22
53.000000,64.75000,19.93806,1.570796,23
53.000000,64.75000,20.93806,1.570796,24
53.000000,64.75000,21.93806,1.570796,25
53.000000,64.75000,22.93806,1.570796,26
53.000000,64.75000,23.93806,1.570796,27
53.000000,64.75000,24.93806,1.570796,28
53.000000,64.75000,25.93806,1.570796,29
53.000000,64.75000,26.93806,1.570796,30
53.100000,55.29450,1.94886,0.082456,0
53.100000,56.52372,2.05044,0.500000,1
53.100000,57.37189,2.51380,0.566667,2
53.100000,58.18732,3.03263,0.633333,3
53.100000,58.96636,3.60463,0.700000,4
53.100000,59.70557,4.22726,0.766667,5
53.100000,60.40166,4.89775,0.833333,6
53.100000,61.05154,5.61312,0.900000,7
53.100000,61.65232,6.37020,1.221759,8
53.100000,61.99096,7.30069,1.292742,9
53.100000,62.25833,8.23736,1.363870,10
53.100000,62.45515,9.17491,1.166667,11
53.100000,62.81554,10.01758,1.233333,12
53.100000,63.11898,10.88239,1.036130,13
53.100000,63.60713,11.70667,1.107258,14
53.100000,64.04266,12.57797,1.178241,15
53.100000,64.42146,13.49285,1.249086,16
53.100000,64.73965,14.44755,1.560348,17
53.100000,64.75000,15.43806,1.570796,18
53.100000,64.75000,16.43806,1.570796,19
53.100000,64.75000,17.43806,1.570796,20
53.100000,64.75000,18.43806,1.570796,21
53.100000,64.75000,19.43806,1.570796,22
53.100000,64.75000,20.43806,1.570796,23
53.100000,64.75000,21.43806,1.570796,24
53.100000,64.75000,22.43806,1.570796,25
53.100000,64.75000,23.43806,1.570796,26
53.100000,64.75000,24.43806,1.570796,27
53.100000,64.75000,25.43806,1.570796,28
53.100000,64.75000,26.43806,1.570796,29
53.100000,64.75000,27.43806,1.570796,30
53.200000,55.38941,1.97674,0.064887,0
53.200000,56.52372,2.05044,0.500000,1
53.200000,57.37189,2.51380,0.566667,2
53.200000,58.18732,3.03263,0.633333,3
53.200000,58.96636,3.60463,0.700000,4
53.200000,59.70557,4.22726,0.766667,5
53.200000,60.40166,4.89775,0.833333,6
53.200000,61.05154,5.61312,0.900000,7
53.200000,61.65232,6.37020,1.221759,8
53.200000,61.99096,7.30069,1.292742,9
53.200000,62.25833,8.23736,1.363870,10
53.200000,62.45515,9.17491,1.166667,11
53.200000,62.81554,10.01758,1.233333,12
53.200000,63.11898,10.88239,1.036130,13
53.200000,63.60713,11.70667,1.107258,14
53.200000,64.04266,12.57797,1.178241,15
53.200000,64.42146,13.49285,1.249086,16
53.200000,64.73965,14.44755,1.560348,17
53.200000,64.75000,15.43806,1.570796,18
53.200000,64.75000,16.43806,1.570796,19
53.200000,64.75000,17.43806,1.570796,20
53.200000,64.75000,18.43806,1.570796,21
53.200000,64.75000,19.43806,1.570796,22
53.200000,64.75000,20.43806,1.570796,23
53.200000,64.75000,21.43806,1.570796,24
53.200000,64.75000,22.43806,1.570796,25
53.200000,64.75000,23.43806,1.570796,26
53.200000,64.75000,24.43806,1.570796,27
53.200000,64.75000,25.43806,1.570796,28
53.200000,64.75000,26.43806,1.570796,29
53.200000,64.75000,27.43806,1.570796,30
53.300000,55.43809,2.02192,0.026269,0
53.300000,56.52372,2.05044,0.500000,1
53.300000,57.37189,2.51380,0.566667,2
53.300000,58.18732,3.03263,0.633333,3
53.300000,58.96636,3.60463,0.700000,4
53.300000,59.70557,4.22726,0.766667,5
53.300000,60.40166,4.89775,0.833333,6
53.300000,61.05154,5.61312,0.900000,7
53.300000,61.65232,6.37020,1.221759,8
53.300000,61.99096,7.30069,1.292742,9
53.300000,62.25833,8.23736,1.599191,10
53.300000,62.22870,9.28082,1.166667,11
53.300000,62.58253,10.10817,1.233333,12
53.300000,62.88046,10.95725,1.031515,13
53.300000,63.36415,11.76548,1.102796,14
53.300000,63.79630,12.62046,1.173925,15
53.300000,64.17281,13.51883,1.244908,16
53.300000,64.48983,14.45691,1.311587,17
53.300000,64.75000,15.43806,1.570796,18
53.300000,64.75000,16.43806,1.570796,19
53.300000,64.75000,17.43806,1.570796,20
53.300000,64.75000,18.43806,1.570796,21
53.300000,64.75000,19.43806,1.570796,22
53.300000,64.75000,20.43806,1.570796,23
53.300000,64.75000,21.43806,1.570796,24
53.300000,64.75000,22.43806,1.570796,25
53.300000,64.75000,23.43806,1.570796,26
53.300000,64.75000,24.43806,1.570796,27
53.300000,64.75000,25.43806,1.570796,28
53.300000,64.75000,26.43806,1.570796,29
53.300000,64.75000,27.43806,1.570796,30
53.400000,55.54534,2.08135,-0.031580,0
53.400000,56.52372,2.05044,0.500000,1
53.400000,57.37189,2.51380,0.566667,2
53.400000,58.18732,3.03263,0.633333,3
53.400000,58.96636,3.60463,0.700000,4
53.400000,59.70557,4.22726,0.766667,5
53.400000,60.40166,4.89775,0.833333,6
53.400000,61.05154,5.61312,0.900000,7
53.400000,61.65232,6.37020,1.221759,8
53.400000,61.99096,7.30069,1.292742,9
53.400000,62.25833,8.23736,1.599191,10
53.400000,62.22870,9.28082,1.166667,11
53.400000,62.58253,10.10817,1.233333,12
53.400000,62.88046,10.95725,1.031515,13
53.400000,63.36415,11.76548,1.102796,14
53.400000,63.79630,12.62046,1.173925,15
53.400000,64.17281,13.51883,1.244908,16
53.400000,64.48983,14.45691,1.311587,17
53.400000,64.75000,15.43806,1.570796,18
53.400000,64.75000,16.43806,1.570796,19
53.400000,64.75000,17.43806,1.570796,20
53.400000,64.75000,18.43806,1.570796,21
53.400000,64.75000,19.43806,1.570796,22
53.400000,64.75000,20.43806,1.570796,23
53.400000,64.75000,21.43806,1.570796,24
53.400000,64.75000,22.43806,1.570796,25
53.400000,64.75000,23.43806,1.570796,26
53.400000,64.75000,24.43806,1.570796,27
53.400000,64.75000,25.43806,1.570796,28
53.400000,64.75000,26.43806,1.570796,29
53.400000,64.75000,27.43806,1.570796,30
53.500000,55.64293,2.06188,-0.012989,0
53.500000,56.52372,2.05044,0.500000,1
53.500000,57.37189,2.51380,0.566667,2
53.500000,58.18732,3.03263,0.633333,3
53.500000,58.96636,3.60463,0.700000,4
53.500000,59.70557,4.22726,0.766667,5
53.500000,60.40166,4.89775,0.833333,6
53.500000,61.05154,5.61312,0.900000,7
53.500000,61.65232,6.37020,1.221759,8
53.500000,61.99096,7.30069,1.292742,9
53.500000,62.25833,8.23736,1.363870,10
53.500000,62.45515,9.17491,1.166667,11
53.500000,62.81554,10.01758,1.233333,12
53.500000,63.11898,10.88239,1.036130,13
53.500000,63.60713,11.70667,1.107258,14
53.500000,64.04266,12.57797,1.178241,15
53.500000,64.42146,13.49285,1.249086,16
53.500000,64.73965,14.44755,1.560348,17
53.500000,64.75000,15.43806,1.570796,18
53.500000,64.75000,16.43806,1.570796,19
53.500000,64.75000,17.43806,1.570796,20
53.500000,64.75000,18.43806,1.570796,21
53.500000,64.75000,19.43806,1.570796,22
53.500000,64.75000,20.43806,1.570796,23
53.500000,64.75000,21.43806,1.570796,24
53.500000,64.75000,22.43806,1.570796,25
53.500000,64.75000,23.43806,1.570796,26
53.500000,64.75000,24.43806,1.570796,27
53.500000,64.75000,25.43806,1.570796,28
53.500000,64.75000,26.43806,1.570796,29
53.500000,64.75000,27.43806,1.570796,30
53.600000,55.75450,2.10769,0.138898,0
53.600000,56.95167,2.27505,0.533333,1
53.600000,57.78393,2.76642,0.600000,2
53.600000,58.58161,3.31214,0.666667,3
53.600000,59.34116,3.90979,0.733333,4
53.600000,60.05921,4.55671,0.800000,5
53.600000,60.73256,5.25002,0.866667,6
53.600000,61.35824,5.98666,0.933333,7
53.600000,61.93345,6.76333,1.255092,8
53.600000,62.24090,7.70459,1.326075,9
53.600000,62.47690,8.64965,1.397204,10
53.600000,62.64237,9.59324,1.200000,11
53.600000,62.97447,10.44745,1.266667,12
53.600000,63.24893,11.32189,1.069463,13
53.600000,63.70933,12.16199,1.140591,14
53.600000,64.11558,13.04732,1.211575,15
53.600000,64.46368,13.97431,1.282420,16
53.600000,64.74987,14.93909,1.570670,17
53.600000,64.75000,15.93806,1.570796,18
53.600000,64.75000,16.93806,1.570796,19
53.600000,64.75000,17.93806,1.570796,20
53.600000,64.75000,18.93806,1.570796,21
53.600000,64.75000,19.93806,1.570796,22
53.600000,64.75000,20.93806,1.570796,23
53.600000,64.75000,21.93806,1.570796,24
53.600000,64.75000,22.93806,1.570796,25
53.600000,64.75000,23.93806,1.570796,26
53.600000,64.75000,24.93806,1.570796,27
53.600000,64.75000,25.93806,1.570796,28
53.600000,64.75000,26.93806,1.570796,29
53.600000,64.75000,27.93806,1.570796,30
53.700000,55.83832,2.10310,0.153234,0
53.700000,56.95167,2.27505,0.533333,1
53.700000,57.78393,2.76642,0.600000,2
53.700000,58.58161,3.31214,0.666667,3
53.700000,59.34116,3.90979,0.733333,4
53.700000,60.05921,4.55671,0.800000,5
53.700000,60.73256,5.25002,0.866667,6
53.700000,61.35824,5.98666,1.188425,7
53.700000,61.72770,6.90534,1.259409,8
53.700000,62.02614,7.83258,1.330537,9
53.700000,62.25410,8.76305,1.401818,10
53.700000,62.41251,9.69155,1.200000,11
53.700000,62.73857,10.53023,0.998182,12
53.700000,63.24893,11.32189,1.069463,13
53.700000,63.70933,12.16199,1.140591,14
53.700000,64.11558,13.04732,1.211575,15
53.700000,64.46368,13.97431,1.282420,16
53.700000,64.74987,14.93909,1.570670,17
53.700000,64.75000,15.93806,1.570796,18
53.700000,64.75000,16.93806,1.570796,19
53.700000,64.75000,17.93806,1.570796,20
53.700000,64.75000,18.93806,1.570796,21
53.700000,64.75000,19.93806,1.570796,22
53.700000,64.75000,20.93806,1.570796,23
53.700000,64.75000,21.93806,1.570796,24
53.700000,64.75000,22.93806,1.570796,25
53.700000,64.75000,23.93806,1.570796,26
53.700000,64.75000,24.93806,1.570796,27
53.700000,64.75000,25.93806,1.570796,28
53.700000,64.75000,26.93806,1.570796,29
53.700000,64.75000,27.93806,1.570796,30
53.800000,55.99122,2.14819,0.131326,0
53.800000,56.95167,2.27505,0.533333,1
53.800000,57.78393,2.76642,0.600000,2
53.800000,58.58161,3.31214,0.666667,3
53.800000,59.34116,3.90979,0.733333,4
53.800000,60.05921,4.55671,0.800000,5
53.800000,60.73256,5.25002,0.866667,6
53.800000,61.35824,5.98666,1.188425,7
53.800000,61.72770,6.90534,1.259409,8
53.800000,62.02614,7.83258,1.330537,9
53.800000,62.25410,8.76305,1.401818,10
53.800000,62.41251,9.69155,1.200000,11
53.800000,62.73857,10.53023,0.998182,12
53.800000,63.24893,11.32189,1.069463,13
53.800000,63.70933,12.16199,1.140591,14
53.800000,64.11558,13.04732,1.211575,15
53.800000,64.46368,13.97431,1.282420,16
53.800000,64.74987,14.93909,1.570670,17
53.800000,64.75000,15.93806,1.570796,18
53.800000,64.75000,16.93806,1.570796,19
53.800000,64.75000,17.93806,1.570796,20
53.800000,64.75000,18.93806,1.570796,21
53.800000,64.75000,19.93806,1.570796,22
53.800000,64.75000,20.93806,1.570796,23
53.800000,64.75000,21.93806,1.570796,24
53.800000,64.75000,22.93806,1.570796,25
53.800000,64.75000,23.93806,1.570796,26
53.800000,64.75000,24.93806,1.570796,27
53.800000,64.75000,25.93806,1.570796,28
53.800000,64.75000,26.93806,1.570796,29
53.800000,64.75000,27.93806,1.570796,30
53.904000,56.12715,2.18730,0.106034,0
53.904000,56.95167,2.27505,0.533333,1
53.904000,57.78393,2.76642,0.600000,2
53.904000,58.58161,3.31214,0.666667,3
53.904000,59.34116,3.90979,0.733333,4
53.904000,60.05921,4.55671,0.800000,5
53.904000,60.73256,5.25002,0.866667,6
53.904000,61.35824,5.98666,1.188425,7
53.904000,61.72770,6.90534,1.259409,8
53.904000,62.02614,7.83258,1.330537,9
53.904000,62.25410,8.76305,1.401818,10
53.904000,62.41251,9.69155,1.200000,11
53.904000,62.73857,10.53023,0.998182,12
53.904000,63.24893,11.32189,1.069463,13
53.904000,63.70933,12.16199,1.140591,14
53.904000,64.11558,13.04732,1.211575,15
53.904000,64.46368,13.97431,1.282420,16
53.904000,64.74987,14.93909,1.570670,17
53.904000,64.75000,15.93806,1.570796,18
53.904000,64.75000,16.93806,1.570796,19
53.904000,64.75000,17.93806,1.570796,20
53.904000,64.75000,18.93806,1.570796,21
53.904000,64.75000,19.93806,1.570796,22
53.904000,64.75000,20.93806,1.570796,23
53.904000,64.75000,21.93806,1.570796,24
53.904000,64.75000,22.93806,1.570796,25
53.904000,64.75000,23.93806,1.570796,26
53.904000,64.75000,24.93806,1.570796,27
53.904000,64.75000,25.93806,1.570796,28
53.904000,64.75000,26.93806,1.570796,29
53.904000,64.75000,27.93806,1.570796,30
54.002000,56.24194,2.20034,0.270608,0
54.002000,57.37189,2.51380,0.566667,1
54.002000,58.18732,3.03263,0.633333,2
54.002000,58.96636,3.60463,0.700000,3
54.002000,59.70557,4.22726,0.766667,4
54.002000,60.40166,4.89775,0.833333,5
54.002000,61.05154,5.61312,0.900000,6
54.002000,61.65232,6.37020,1.221759,7
54.002000,61.99096,7.30069,1.292742,8
54.002000,62.25833,8.23736,1.599191,9
54.002000,62.22870,9.28082,1.166667,10
54.002000,62.58253,10.10817,1.233333,11
54.002000,62.88046,10.95725,1.031515,12
54.002000,63.36415,11.76548,1.102796,13
54.002000,63.79630,12.62046,1.173925,14
54.002000,64.17281,13.51883,1.244908,15
54.002000,64.48983,14.45691,1.311587,16
54.002000,64.75000,15.43806,1.570796,17
54.002000,64.75000,16.43806,1.570796,18
54.002000,64.75000,17.43806,1.570796,19
54.002000,64.75000,18.43806,1.570796,20
54.002000,64.75000,19.43806,1.570796,21
54.002000,64.75000,20.43806,1.570796,22
54.002000,64.75000,21.43806,1.570796,23
54.002000,64.75000,22.43806,1.570796,24
54.002000,64.75000,23.43806,1.570796,25
54.002000,64.75000,24.43806,1.570796,26
54.002000,64.75000,25.43806,1.570796,27
54.002000,64.75000,26.43806,1.570796,28
54.002000,64.75000,27.43806,1.570796,29
54.002000,64.75000,28.43806,1.570796,30
54.100000,56.40294,2.25801,0.258103,0
54.100000,57.37189,2.51380,0.566667,1
54.100000,58.18732,3.03263,0.633333,2
54.100000,58.96636,3.60463,0.700000,3
54.100000,59.70557,4.22726,0.766667,4
54.100000,60.40166,4.89775,0.833333,5
54.100000,61.05154,5.61312,0.900000,6
54.100000,61.65232,6.37020,1.221759,7
54.100000,61.99096,7.30069,1.292742,8
54.100000,62.25833,8.23736,1.363870,9
54.100000,62.45515,9.17491,1.166667,10
54.100000,62.81554,10.01758,1.233333,11
54.100000,63.11898,10.88239,1.036130,12
54.100000,63.60713,11.70667,1.107258,13
54.100000,64.04266,12.57797,1.178241,14
54.100000,64.42146,13.49285,1.249086,15
54.100000,64.73965,14.44755,1.560348,16
54.100000,64.75000,15.43806,1.570796,17
54.100000,64.75000,16.43806,1.570796,18
54.100000,64.75000,17.43806,1.570796,19
54.100000,64.75000,18.43806,1.570796,20
54.100000,64.75000,19.43806,1.570796,21
54.100000,64.75000,20.43806,1.570796,22
54.100000,64.75000,21.43806,1.570796,23
54.100000,64.75000,22.43806,1.570796,24
54.100000,64.75000,23.43806,1.570796,25
54.100000,64.75000,24.43806,1.570796,26
54.100000,64.75000,25.43806,1.570796,27
54.100000,64.75000,26.43806,1.570796,28
54.100000,64.75000,27.43806,1.570796,29
54.100000,64.75000,28.43806,1.570796,30
54.200000,56.54588,2.27967,0.276207,0
54.200000,57.37189,2.51380,0.566667,1
54.200000,58.18732,3.03263,0.633333,2
54.200000,58.96636,3.60463,0.700000,3
54.200000,59.70557,4.22726,0.766667,4
54.200000,60.40166,4.89775,0.833333,5
54.200000,61.05154,5.61312,0.900000,6
54.200000,61.65232,6.37020,1.221759,7
54.200000,61.99096,7.30069,1.292742,8
54.200000,62.25833,8.23736,1.599191,9
54.200000,62.22870,9.28082,1.166667,10
54.200000,62.58253,10.10817,1.233333,11
54.200000,62.88046,10.95725,1.031515,12
54.200000,63.36415,11.76548,1.102796,13
54.200000,63.79630,12.62046,1.173925,14
54.200000,64.17281,13.51883,1.244908,15
54.200000,64.48983,14.45691,1.311587,16
54.200000,64.75000,15.43806,1.570796,17
54.200000,64.75000,16.43806,1.570796,18
54.200000,64.75000,17.43806,1.570796,19
54.200000,64.75000,18.43806,1.570796,20
54.200000,64.75000,19.43806,1.570796,21
54.200000,64.75000,20.43806,1.570796,22
54.200000,64.75000,21.43806,1.570796,23
54.200000,64.75000,22.43806,1.570796,24
54.200000,64.75000,23.43806,1.570796,25
54.200000,64.75000,24.43806,1.570796,26
54.200000,64.75000,25.43806,1.570796,27
54.200000,64.75000,26.43806,1.570796,28
54.200000,64.75000,27.43806,1.570796,29
54.200000,64.75000,28.43806,1.570796,30
54.300000,56.74189,2.37519,0.359165,0
54.300000,57.78393,2.76642,0.600000,1
54.300000,58.58161,3.31214,0.666667,2
54.300000,59.34116,3.90979,0.733333,3
54.300000,60.05921,4.55671,0.800000,4
54.300000,60.73256,5.25002,0.866667,5
54.300000,61.35824,5.98666,0.933333,6
54.300000,61.93345,6.76333,1.255092,7
54.300000,62.24090,7.70459,1.326075,8
54.300000,62.47690,8.64965,1.397204,9
54.300000,62.64237,9.59324,1.200000,10
54.300000,62.97447,10.44745,1.266667,11
54.300000,63.24893,11.32189,1.069463,12
54.300000,63.70933,12.16199,1.140591,13
54.300000,64.11558,13.04732,1.211575,14
54.300000,64.46368,13.97431,1.282420,15
54.300000,64.74987,14.93909,1.570670,16
54.300000,64.75000,15.93806,1.570796,17
54.300000,64.75000,16.93806,1.570796,18
54.300000,64.75000,17.93806,1.570796,19
54.300000,64.75000,18.93806,1.570796,20
54.300000,64.75000,19.93806,1.570796,21
54.300000,64.75000,20.93806,1.570796,22
54.300000,64.75000,21.93806,1.570796,23
54.300000,64.75000,22.93806,1.570796,24
54.300000,64.75000,23.93806,1.570796,25
54.300000,64.75000,24.93806,1.570796,26
54.300000,64.75000,25.93806,1.570796,27
54.300000,64.75000,26.93806,1.570796,28
54.300000,64.75000,27.93806,1.570796,29
54.300000,64.75000,28.93806,1.570796,30
54.400000,56.87936,2.45274,0.333794,0
54.400000,57.78393,2.76642,0.600000,1
54.400000,58.58161,3.31214,0.666667,2
54.400000,59.34116,3.90979,0.733333,3
54.400000,60.05921,4.55671,0.800000,4
54.400000,60.73256,5.25002,0.866667,5
54.400000,61.35824,5.98666,1.188425,6
54.400000,61.72770,6.90534,1.259409,7
54.400000,62.02614,7.83258,1.330537,8
54.400000,62.25410,8.76305,1.401818,9
54.400000,62.41251,9.69155,1.200000,10
54.400000,62.73857,10.53023,0.998182,11
54.400000,63.24893,11.32189,1.069463,12
54.400000,63.70933,12.16199,1.140591,13
54.400000,64.11558,13.04732,1.211575,14
54.400000,64.46368,13.97431,1.282420,15
54.400000,64.74987,14.93909,1.570670,16
54.400000,64.75000,15.93806,1.570796,17
54.400000,64.75000,16.93806,1.570796,18
54.400000,64.75000,17.93806,1.570796,19
54.400000,64.75000,18.93806,1.570796,20
54.400000,64.75000,19.93806,1.570796,21
54.400000,64.75000,20.93806,1.570796,22
54.400000,64.75000,21.93806,1.570796,23
54.400000,64.75000,22.93806,1.570796,24
54.400000,64.75000,23.93806,1.570796,25
54.400000,64.75000,24.93806,1.570796,26
54.400000,64.75000,25.93806,1.570796,27
54.400000,64.75000,26.93806,1.570796,28
54.400000,64.75000,27.93806,1.570796,29
54.400000,64.75000,28.93806,1.570796,30
54.500000,57.11531,2.52346,0.443422,0
54.500000,58.18732,3.03263,0.633333,1
54.500000,58.96636,3.60463,0.700000,2
54.500000,59.70557,4.22726,0.766667,3
54.500000,60.40166,4.89775,0.833333,4
54.500000,61.05154,5.61312,0.900000,5
54.500000,61.65232,6.37020,1.221759,6
54.500000,61.99096,7.30069,1.292742,7
54.500000,62.25833,8.23736,1.363870,8
54.500000,62.45515,9.17491,1.166667,9
54.500000,62.81554,10.01758,1.233333,10
54.500000,63.11898,10.88239,1.036130,11
54.500000,63.60713,11.70667,1.107258,12
54.500000,64.04266,12.57797,1.178241,13
54.500000,64.42146,13.49285,1.249086,14
54.500000,64.73965,14.44755,1.560348,15
54.500000,64.75000,15.43806,1.570796,16
54.500000,64.75000,16.43806,1.570796,17
54.500000,64.75000,17.43806,1.570796,18
54.500000,64.75000,18.43806,1.570796,19
54.500000,64.75000,19.43806,1.570796,20
54.500000,64.75000,20.43806,1.570796,21
54.500000,64.75000,21.43806,1.570796,22
54.500000,64.75000,22.43806,1.570796,23
54.500000,64.75000,23.43806,1.570796,24
54.500000,64.75000,24.43806,1.570796,25
54.500000,64.75000,25.43806,1.570796,26
54.500000,64.75000,26.43806,1.570796,27
54.500000,64.75000,27.43806,1.570796,28
54.500000,64.75000,28.43806,1.570796,29
54.500000,64.75000,29.43806,1.570796,30
54.600000,57.30863,2.55793,0.495316,0
54.600000,58.18732,3.03263,0.633333,1
54.600000,58.96636,3.60463,0.700000,2
54.600000,59.70557,4.22726,0.766667,3
54.600000,60.40166,4.89775,0.833333,4
54.600000,61.05154,5.61312,0.900000,5
54.600000,61.65232,6.37020,1.221759,6
54.600000,61.99096,7.30069,1.292742,7
54.600000,62.25833,8.23736,1.363870,8
54.600000,62.45515,9.17491,1.166667,9
54.600000,62.81554,10.01758,1.233333,10
54.600000,63.11898,10.88239,1.036130,11
54.600000,63.60713,11.70667,1.107258,12
54.600000,64.04266,12.57797,1.178241,13
54.600000,64.42146,13.49285,1.249086,14
54.600000,64.73965,14.44755,1.560348,15
54.600000,64.75000,15.43806,1.570796,16
54.600000,64.75000,16.43806,1.570796,17
54.600000,64.75000,17.43806,1.570796,18
54.600000,64.75000,18.43806,1.570796,19
54.600000,64.75000,19.43806,1.570796,20
54.600000,64.75000,20.43806,1.570796,21
54.600000,64.75000,21.43806,1.570796,22
54.600000,64.75000,22.43806,1.570796,23
54.600000,64.75000,23.43806,1.570796,24
54.600000,64.75000,24.43806,1.570796,25
54.600000,64.75000,25.43806,1.570796,26
54.600000,64.75000,26.43806,1.570796,27
54.600000,64.75000,27.43806,1.570796,28
54.600000,64.75000,28.43806,1.570796,29
54.600000,64.75000,29.43806,1.570796,30
54.700000,57.49758,2.66140,0.493766,0
54.700000,58.18732,3.03263,0.633333,1
54.700000,58.96636,3.60463,0.700000,2
54.700000,59.70557,4.22726,0.766667,3
54.700000,60.40166,4.89775,0.833333,4
54.700000,61.05154,5.61312,0.900000,5
54.700000,61.65232,6.37020,1.221759,6
54.700000,61.99096,7.30069,1.292742,7
54.700000,62.25833,8.23736,1.363870,8
54.700000,62.45515,9.17491,1.166667,9
54.700000,62.81554,10.01758,1.233333,10
54.700000,63.11898,10.88239,1.036130,11
54.700000,63.60713,11.70667,1.107258,12
54.700000,64.04266,12.57797,1.178241,13
54.700000,64.42146,13.49285,1.249086,14
54.700000,64.73965,14.44755,1.560348,15
54.700000,64.75000,15.43806,1.570796,16
54.700000,64.75000,16.43806,1.570796,17
54.700000,64.75000,17.43806,1.570796,18
54.700000,64.75000,18.43806,1.570796,19
54.700000,64.75000,19.43806,1.570796,20
54.700000,64.75000,20.43806,1.570796,21
54.700000,64.75000,21.43806,1.570796,22
54.700000,64.75000,22.43806,1.570796,23
54.700000,64.75000,23.43806,1.570796,24
54.700000,64.75000,24.43806,1.570796,25
54.700000,64.75000,25.43806,1.570796,26
54.700000,64.75000,26.43806,1.570796,27
54.700000,64.75000,27.43806,1.570796,28
54.700000,64.75000,28.43806,1.570796,29
54.700000,64.75000,29.43806,1.570796,30
54.800000,57.78874,2.75853,0.609544,0
54.800000,58.58161,3.31214,0.666667,1
54.800000,59.34116,3.90979,0.733333,2
54.800000,60.05921,4.55671,0.800000,3
54.800000,60.73256,5.25002,0.866667,4
54.800000,61.35824,5.98666,0.933333,5
54.800000,61.93345,6.76333,1.255092,6
54.800000,62.24090,7.70459,1.326075,7
54.800000,62.47690,8.64965,1.397204,8
54.800000,62.64237,9.59324,1.200000,9
54.800000,62.97447,10.44745,1.266667,10
54.800000,63.24893,11.32189,1.069463,11
54.800000,63.70933,12.16199,1.140591,12
54.800000,64.11558,13.04732,1.211575,13
54.800000,64.46368,13.97431,1.282420,14
54.800000,64.74987,14.93909,1.570670,15
54.800000,64.75000,15.93806,1.570796,16
54.800000,64.75000,16.93806,1.570796,17
54.800000,64.75000,17.93806,1.570796,18
54.800000,64.75000,18.93806,1.570796,19
54.800000,64.75000,19.93806,1.570796,20
54.800000,64.75000,20.93806,1.570796,21
54.800000,64.75000,21.93806,1.570796,22
54.800000,64.75000,22.93806,1.570796,23
54.800000,64.75000,23.93806,1.570796,24
54.800000,64.75000,24.93806,1.570796,25
54.800000,64.75000,25.93806,1.570796,26
54.800000,64.75000,26.93806,1.570796,27
54.800000,64.75000,27.93806,1.570796,28
54.800000,64.75000,28.93806,1.570796,29
54.800000,64.75000,29.93806,1.570796,30
54.900000,57.94276,2.82272,0.653721,0
54.900000,58.58161,3.31214,0.666667,1
54.900000,59.34116,3.90979,0.733333,2
54.900000,60.05921,4.55671,0.800000,3
54.900000,60.73256,5.25002,0.866667,4
54.900000,61.35824,5.98666,0.933333,5
54.900000,61.93345,6.76333,1.255092,6
54.900000,62.24090,7.70459,1.326075,7
54.900000,62.47690,8.64965,1.397204,8
54.900000,62.64237,9.59324,1.200000,9
54.900000,62.97447,10.44745,1.266667,10
54.900000,63.24893,11.32189,1.069463,11
54.900000,63.70933,12.16199,1.140591,12
54.900000,64.11558,13.04732,1.211575,13
54.900000,64.46368,13.97431,1.282420,14
54.900000,64.74987,14.93909,1.570670,15
54.900000,64.75000,15.93806,1.570796,16
54.900000,64.75000,16.93806,1.570796,17
54.900000,64.75000,17.93806,1.570796,18
54.900000,64.75000,18.93806,1.570796,19
54.900000,64.75000,19.93806,1.570796,20
54.900000,64.75000,20.93806,1.570796,21
54.900000,64.75000,21.93806,1.570796,22
54.900000,64.75000,22.93806,1.570796,23
54.900000,64.75000,23.93806,1.570796,24
54.900000,64.75000,24.93806,1.570796,25
54.900000,64.75000,25.93806,1.570796,26
54.900000,64.75000,26.93806,1.570796,27
54.900000,64.75000,27.93806,1.570796,28
54.900000,64.75000,28.93806,1.570796,29
54.900000,64.75000,29.93806,1.570796,30
55.000000,58.14111,2.90702,0.701783,0
55.000000,58.96636,3.60463,0.700000,1
55.000000,59.70557,4.22726,0.766667,2
55.000000,60.40166,4.89775,0.833333,3
55.000000,61.05154,5.61312,0.900000,4
55.000000,61.65232,6.37020,1.221759,5
55.000000,61.99096,7.30069,1.292742,6
55.000000,62.25833,8.23736,1.599191,7
55.000000,62.22870,9.28082,1.166667,8
55.000000,62.58253,10.10817,1.233333,9
55.000000,62.88046,10.95725,1.031515,10
55.000000,63.36415,11.76548,1.102796,11
55.000000,63.79630,12.62046,1.173925,12
55.000000,64.17281,13.51883,1.244908,13
55.000000,64.48983,14.45691,1.311587,14
55.000000,64.75000,15.43806,1.570796,15
55.000000,64.75000,16.43806,1.570796,16
55.000000,64.75000,17.43806,1.570796,17
55.000000,64.75000,18.43806,1.570796,18
55.000000,64.75000,19.43806,1.570796,19
55.000000,64.75000,20.43806,1.570796,20
55.000000,64.75000,21.43806,1.570796,21
55.000000,64.75000,22.43806,1.570796,22
55.000000,64.75000,23.43806,1.570796,23
55.000000,64.75000,24.43806,1.570796,24
55.000000,64.75000,25.43806,1.570796,25
55.000000,64.75000,26.43806,1.570796,26
55.000000,64.75000,27.43806,1.570796,27
55.000000,64.75000,28.43806,1.570796,28
55.000000,64.75000,29.43806,1.570796,29
55.000000,64.75000,30.43806,1.570796,30
55.100000,58.36562,3.02330,0.768979,0
55.100000,58.96636,3.60463,0.700000,1
55.100000,59.70557,4.22726,0.766667,2
55.100000,60.40166,4.89775,0.833333,3
55.100000,61.05154,5.61312,0.900000,4
55.100000,61.65232,6.37020,1.221759,5
55.100000,61.99096,7.30069,1.292742,6
55.100000,62.25833,8.23736,1.599191,7
55.100000,62.22870,9.28082,1.166667,8
55.100000,62.58253,10.10817,1.233333,9
55.100000,62.88046,10.95725,1.031515,10
55.100000,63.36415,11.76548,1.102796,11
55.100000,63.79630,12.62046,1.173925,12
55.100000,64.17281,13.51883,1.244908,13
55.100000,64.48983,14.45691,1.311587,14
55.100000,64.75000,15.43806,1.570796,15
55.100000,64.75000,16.43806,1.570796,16
55.100000,64.75000,17.43806,1.570796,17
55.100000,64.75000,18.43806,1.570796,18
55.100000,64.75000,19.43806,1.570796,19
55.100000,64.75000,20.43806,1.570796,20
55.100000,64.75000,21.43806,1.570796,21
55.100000,64.75000,22.43806,1.570796,22
55.100000,64.75000,23.43806,1.570796,23
55.100000,64.75000,24.43806,1.570796,24
55.100000,64.75000,25.43806,1.570796,25
55.100000,64.75000,26.43806,1.570796,26
55.100000,64.75000,27.43806,1.570796,27
55.100000,64.75000,28.43806,1.570796,28
55.100000,64.75000,29.43806,1.570796,29
55.100000,64.75000,30.43806,1.570796,30
55.200000,58.60019,3.05780,0.854981,0
55.200000,59.34116,3.90979,0.733333,1
55.200000,60.05921,4.55671,0.800000,2
55.200000,60.73256,5.25002,0.866667,3
55.200000,61.35824,5.98666,0.933333,4
55.200000,61.93345,6.76333,1.255092,5
55.200000,62.24090,7.70459,1.326075,6
55.200000,62.47690,8.64965,1.397204,7
55.200000,62.64237,9.59324,1.200000,8
55.200000,62.97447,10.44745,1.266667,9
55.200000,63.24893,11.32189,1.069463,10
55.200000,63.70933,12.16199,1.140591,11
55.200000,64.11558,13.04732,1.211575,12
55.200000,64.46368,13.97431,1.282420,13
55.200000,64.74987,14.93909,1.570670,14
55.200000,64.75000,15.93806,1.570796,15
55.200000,64.75000,16.93806,1.570796,16
55.200000,64.75000,17.93806,1.570796,17
55.200000,64.75000,18.93806,1.570796,18
55.200000,64.75000,19.93806,1.570796,19
55.200000,64.75000,20.93806,1.570796,20
55.200000,64.75000,21.93806,1.570796,21
55.200000,64.75000,22.93806,1.570796,22
55.200000,64.75000,23.93806,1.570796,23
55.200000,64.75000,24.93806,1.570796,24
55.200000,64.75000,25.93806,1.570796,25
55.200000,64.75000,26.93806,1.570796,26
55.200000,64.75000,27.93806,1.570796,27
55.200000,64.75000,28.93806,1.570796,28
55.200000,64.75000,29.93806,1.570796,29
55.200000,64.75000,30.93806,1.570796,30
55.300000,58.79668,3.17915,0.930374,0
55.300000,59.34116,3.90979,0.733333,1
55.300000,60.05921,4.55671,0.800000,2
55.300000,60.73256,5.25002,0.866667,3
55.300000,61.35824,5.98666,0.933333,4
55.300000,61.93345,6.76333,1.255092,5
55.300000,62.24090,7.70459,1.326075,6
55.300000,62.47690,8.64965,1.397204,7
55.300000,62.64237,9.59324,1.200000,8
55.300000,62.97447,10.44745,1.266667,9
55.300000,63.24893,11.32189,1.069463,10
55.300000,63.70933,12.16199,1.140591,11
55.300000,64.11558,13.04732,1.211575,12
55.300000,64.46368,13.97431,1.282420,13
55.300000,64.74987,14.93909,1.570670,14
55.300000,64.75000,15.93806,1.570796,15
55.300000,64.75000,16.93806,1.570796,16
55.300000,64.75000,17.93806,1.570796,17
55.300000,64.75000,18.93806,1.570796,18
55.300000,64.75000,19.93806,1.570796,19
55.300000,64.75000,20.93806,1.570796,20
55.300000,64.75000,21.93806,1.570796,21
55.300000,64.75000,22.93806,1.570796,22
55.300000,64.75000,23.93806,1.570796,23
55.300000,64.75000,24.93806,1.570796,24
55.300000,64.75000,25.93806,1.570796,25
55.300000,64.75000,26.93806,1.570796,26
55.300000,64.75000,27.93806,1.570796,27
55.300000,64.75000,28.93806,1.570796,28
55.300000,64.75000,29.93806,1.570796,29
55.300000,64.75000,30.93806,1.570796,30
55.400000,59.02486,3.27586,0.734393,0
55.400000,59.87291,4.04153,0.766667,1
55.400000,60.58100,4.72358,0.833333,2
55.400000,61.24209,5.45128,0.900000,3
55.400000,61.85322,6.22141,1.217580,4
55.400000,62.20133,7.16562,1.288425,5
55.400000,62.47723,8.11660,1.591655,6
55.400000,62.45515,9.17491,1.166667,7
55.400000,62.81554,10.01758,1.233333,8
55.400000,63.11898,10.88239,1.036130,9
55.400000,63.60713,11.70667,1.107258,10
55.400000,64.04266,12.57797,1.178241,11
55.400000,64.42146,13.49285,1.249086,12
55.400000,64.73965,14.44755,1.560348,13
55.400000,64.75000,15.43806,1.570796,14
55.400000,64.75000,16.43806,1.570796,15
55.400000,64.75000,17.43806,1.570796,16
55.400000,64.75000,18.43806,1.570796,17
55.400000,64.75000,19.43806,1.570796,18
55.400000,64.75000,20.43806,1.570796,19
55.400000,64.75000,21.43806,1.570796,20
55.400000,64.75000,22.43806,1.570796,21
55.400000,64.75000,23.43806,1.570796,22
55.400000,64.75000,24.43806,1.570796,23
55.400000,64.75000,25.43806,1.570796,24
55.400000,64.75000,26.43806,1.570796,25
55.400000,64.75000,27.43806,1.570796,26
55.400000,64.75000,28.43806,1.570796,27
55.400000,64.75000,29.43806,1.570796,28
55.400000,64.75000,30.43806,1.570796,29
55.400000,64.75000,31.43806,1.570796,30
55.500000,59.18683,3.36715,0.776796,0
55.500000,59.87291,4.04153,0.766667,1
55.500000,60.58100,4.72358,0.833333,2
55.500000,61.24209,5.45128,0.900000,3
55.500000,61.85322,6.22141,1.217580,4
55.500000,62.20133,7.16562,1.288425,5
55.500000,62.47723,8.11660,1.591655,6
55.500000,62.45515,9.17491,1.166667,7
55.500000,62.81554,10.01758,1.233333,8
55.500000,63.11898,10.88239,1.036130,9
55.500000,63.60713,11.70667,1.107258,10
55.500000,64.04266,12.57797,1.178241,11
55.500000,64.42146,13.49285,1.249086,12
55.500000,64.73965,14.44755,1.560348,13
55.500000,64.75000,15.43806,1.570796,14
55.500000,64.75000,16.43806,1.570796,15
55.500000,64.75000,17.43806,1.570796,16
55.500000,64.75000,18.43806,1.570796,17
55.500000,64.75000,19.43806,1.570796,18
55.500000,64.75000,20.43806,1.570796,19
55.500000,64.75000,21.43806,1.570796,20
55.500000,64.75000,22.43806,1.570796,21
55.500000,64.75000,23.43806,1.570796,22
55.500000,64.75000,24.43806,1.570796,23
55.500000,64.75000,25.43806,1.570796,24
55.500000,64.75000,26.43806,1.570796,25
55.500000,64.75000,27.43806,1.570796,26
55.500000,64.75000,28.43806,1.570796,27
55.500000,64.75000,29.43806,1.570796,28
55.500000,64.75000,30.43806,1.570796,29
55.500000,64.75000,31.43806,1.570796,30
55.600000,59.35951,3.47767,0.832197,0
55.600000,59.87291,4.04153,0.766667,1
55.600000,60.58100,4.72358,0.833333,2
55.600000,61.24209,5.45128,0.900000,3
55.600000,61.85322,6.22141,1.217580,4
55.600000,62.20133,7.16562,1.288425,5
55.600000,62.47723,8.11660,1.591655,6
55.600000,62.45515,9.17491,1.166667,7
55.600000,62.81554,10.01758,1.233333,8
55.600000,63.11898,10.88239,1.036130,9
55.600000,63.60713,11.70667,1.107258,10
55.600000,64.04266,12.57797,1.178241,11
55.600000,64.42146,13.49285,1.249086,12
55.600000,64.73965,14.44755,1.560348,13
55.600000,64.75000,15.43806,1.570796,14
55.600000,64.75000,16.43806,1.570796,15
55.600000,64.75000,17.43806,1.570796,16
55.600000,64.75000,18.43806,1.570796,17
55.600000,64.75000,19.43806,1.570796,18
55.600000,64.75000,20.43806,1.570796,19
55.600000,64.75000,21.43806,1.570796,20
55.600000,64.75000,22.43806,1.570796,21
55.600000,64.75000,23.43806,1.570796,22
55.600000,64.75000,24.43806,1.570796,23
55.600000,64.75000,25.43806,1.570796,24
55.600000,64.75000,26.43806,1.570796,25
55.600000,64.75000,27.43806,1.570796,26
55.600000,64.75000,28.43806,1.570796,27
55.600000,64.75000,29.43806,1.570796,28
55.600000,64.75000,30.43806,1.570796,29
55.600000,64.75000,31.43806,1.570796,30
55.700000,59.55135,3.56120,0.874797,0
55.700000,60.23264,4.37665,0.800000,1
55.700000,60.91761,5.08192,0.866667,2
55.700000,61.55407,5.83125,1.184247,3
55.700000,61.93345,6.76333,1.255092,4
55.700000,62.24090,7.70459,1.326075,5
55.700000,62.47690,8.64965,1.397204,6
55.700000,62.64237,9.59324,1.200000,7
55.700000,62.97447,10.44745,1.266667,8
55.700000,63.24893,11.32189,1.069463,9
55.700000,63.70933,12.16199,1.140591,10
55.700000,64.11558,13.04732,1.211575,11
55.700000,64.46368,13.97431,1.282420,12
55.700000,64.74987,14.93909,1.570670,13
55.700000,64.75000,15.93806,1.570796,14
55.700000,64.75000,16.93806,1.570796,15
55.700000,64.75000,17.93806,1.570796,16
55.700000,64.75000,18.93806,1.570796,17
55.700000,64.75000,19.93806,1.570796,18
55.700000,64.75000,20.93806,1.570796,19
55.700000,64.75000,21.93806,1.570796,20
55.700000,64.75000,22.93806,1.570796,21
55.700000,64.75000,23.93806,1.570796,22
55.700000,64.75000,24.93806,1.570796,23
55.700000,64.75000,25.93806,1.570796,24
55.700000,64.75000,26.93806,1.570796,25
55.700000,64.75000,27.93806,1.570796,26
55.700000,64.75000,28.93806,1.570796,27
55.700000,64.75000,29.93806,1.570796,28
55.700000,64.75000,30.93806,1.570796,29
55.700000,64.75000,31.93806,1.570796,30
55.800000,59.69251,3.65281,0.929732,0
55.800000,60.23264,4.37665,0.800000,1
55.800000,60.91761,5.08192,0.866667,2
55.800000,61.55407,5.83125,1.184247,3
55.800000,61.93345,6.76333,1.255092,4
55.800000,62.24090,7.70459,1.326075,5
55.800000,62.47690,8.64965,1.397204,6
55.800000,62.64237,9.59324,1.200000,7
55.800000,62.97447,10.44745,1.266667,8
55.800000,63.24893,11.32189,1.069463,9
55.800000,63.70933,12.16199,1.140591,10
55.800000,64.11558,13.04732,1.211575,11
55.800000,64.46368,13.97431,1.282420,12
55.800000,64.74987,14.93909,1.570670,13
55.800000,64.75000,15.93806,1.570796,14
55.800000,64.75000,16.93806,1.570796,15
55.800000,64.75000,17.93806,1.570796,16
55.800000,64.75000,18.93806,1.570796,17
55.800000,64.75000,19.93806,1.570796,18
55.800000,64.75000,20.93806,1.570796,19
55.800000,64.75000,21.93806,1.570796,20
55.800000,64.75000,22.93806,1.570796,21
55.800000,64.75000,23.93806,1.570796,22
55.800000,64.75000,24.93806,1.570796,23
55.800000,64.75000,25.93806,1.570796,24
55.800000,64.75000,26.93806,1.570796,25
55.800000,64.75000,27.93806,1.570796,26
55.800000,64.75000,28.93806,1.570796,27
55.800000,64.75000,29.93806,1.570796,28
55.800000,64.75000,30.93806,1.570796,29
55.800000,64.75000,31.93806,1.570796,30
55.900000,59.79839,3.76347,0.886902,0
55.900000,60.58100,4.72358,0.833333,1
55.900000,61.24209,5.45128,1.150914,2
55.900000,61.65232,6.37020,1.221759,3
55.900000,61.99096,7.30069,1.292742,4
55.900000,62.25833,8.23736,1.599191,5
55.900000,62.22870,9.28082,1.166667,6
55.900000,62.58253,10.10817,1.233333,7
55.900000,62.88046,10.95725,1.031515,8
55.900000,63.36415,11.76548,1.102796,9
55.900000,63.79630,12.62046,1.173925,10
55.900000,64.17281,13.51883,1.244908,11
55.900000,64.48983,14.45691,1.311587,12
55.900000,64.75000,15.43806,1.570796,13
55.900000,64.75000,16.43806,1.570796,14
55.900000,64.75000,17.43806,1.570796,15
55.900000,64.75000,18.43806,1.570796,16
55.900000,64.75000,19.43806,1.570796,17
55.900000,64.75000,20.43806,1.570796,18
55.900000,64.75000,21.43806,1.570796,19
55.900000,64.75000,22.43806,1.570796,20
55.900000,64.75000,23.43806,1.570796,21
55.900000,64.75000,24.43806,1.570796,22
55.900000,64.75000,25.43806,1.570796,23
55.900000,64.75000,26.43806,1.570796,24
55.900000,64.75000,27.43806,1.570796,25
55.900000,64.75000,28.43806,1.570796,26
55.900000,64.75000,29.43806,1.570796,27
55.900000,64.75000,30.43806,1.570796,28
55.900000,64.75000,31.43806,1.570796,29
55.900000,64.75000,32.43806,1.570796,30
56.000000,59.91907,3.81744,0.939889,0
56.000000,60.58100,4.72358,0.833333,1
56.000000,61.24209,5.45128,0.900000,2
56.000000,61.85322,6.22141,1.217580,3
56.000000,62.20133,7.16562,1.288425,4
56.000000,62.47723,8.11660,1.591655,5
56.000000,62.45515,9.17491,1.166667,6
56.000000,62.81554,10.01758,1.233333,7
56.000000,63.11898,10.88239,1.036130,8
56.000000,63.60713,11.70667,1.107258,9
56.000000,64.04266,12.57797,1.178241,10
56.000000,64.42146,13.49285,1.249086,11
56.000000,64.73965,14.44755,1.560348,12
56.000000,64.75000,15.43806,1.570796,13
56.000000,64.75000,16.43806,1.570796,14
56.000000,64.75000,17.43806,1.570796,15
56.000000,64.75000,18.43806,1.570796,16
56.000000,64.75000,19.43806,1.570796,17
56.000000,64.75000,20.43806,1.570796,18
56.000000,64.75000,21.43806,1.570796,19
56.000000,64.75000,22.43806,1.570796,20
56.000000,64.75000,23.43806,1.570796,21
56.000000,64.75000,24.43806,1.570796,22
56.000000,64.75000,25.43806,1.570796,23
56.000000,64.75000,26.43806,1.570796,24
56.000000,64.75000,27.43806,1.570796,25
56.000000,64.75000,28.43806,1.570796,26
56.000000,64.75000,29.43806,1.570796,27
56.000000,64.75000,30.43806,1.570796,28
56.000000,64.75000,31.43806,1.570796,29
56.000000,64.75000,32.43806,1.570796,30
56.100000,60.02505,3.90070,0.976618,0
56.100000,60.58100,4.72358,0.833333,1
56.100000,61.24209,5.45128,1.150914,2
56.100000,61.65232,6.37020,1.221759,3
56.100000,61.99096,7.30069,1.292742,4
56.100000,62.25833,8.23736,1.599191,5
56.100000,62.22870,9.28082,1.166667,6
56.100000,62.58253,10.10817,1.233333,7
56.100000,62.88046,10.95725,1.031515,8
56.100000,63.36415,11.76548,1.102796,9
56.100000,63.79630,12.62046,1.173925,10
56.100000,64.17281,13.51883,1.244908,11
56.100000,64.48983,14.45691,1.311587,12
56.100000,64.75000,15.43806,1.570796,13
56.100000,64.75000,16.43806,1.570796,14
56.100000,64.75000,17.43806,1.570796,15
56.100000,64.75000,18.43806,1.570796,16
56.100000,64.75000,19.43806,1.570796,17
56.100000,64.75000,20.43806,1.570796,18
56.100000,64.75000,21.43806,1.570796,19
56.100000,64.75000,22.43806,1.570796,20
56.100000,64.75000,23.43806,1.570796,21
56.100000,64.75000,24.43806,1.570796,22
56.100000,64.75000,25.43806,1.570796,23
56.100000,64.75000,26.43806,1.570796,24
56.100000,64.75000,27.43806,1.570796,25
56.100000,64.75000,28.43806,1.570796,26
56.100000,64.75000,29.43806,1.570796,27
56.100000,64.75000,30.43806,1.570796,28
56.100000,64.75000,31.43806,1.570796,29
56.100000,64.75000,32.43806,1.570796,30
56.200000,60.12300,3.96101,1.029930,0
56.200000,60.58100,4.72358,0.833333,1
56.200000,61.24209,5.45128,1.150914,2
56.200000,61.65232,6.37020,1.221759,3
56.200000,61.99096,7.30069,1.292742,4
56.200000,62.25833,8.23736,1.599191,5
56.200000,62.22870,9.28082,1.166667,6
56.200000,62.58253,10.10817,1.233333,7
56.200000,62.88046,10.95725,1.031515,8
56.200000,63.36415,11.76548,1.102796,9
56.200000,63.79630,12.62046,1.173925,10
56.200000,64.17281,13.51883,1.244908,11
56.200000,64.48983,14.45691,1.311587,12
56.200000,64.75000,15.43806,1.570796,13
56.200000,64.75000,16.43806,1.570796,14
56.200000,64.75000,17.43806,1.570796,15
56.200000,64.75000,18.43806,1.570796,16
56.200000,64.75000,19.43806,1.570796,17
56.200000,64.75000,20.43806,1.570796,18
56.200000,64.75000,21.43806,1.570796,19
56.200000,64.75000,22.43806,1.570796,20
56.200000,64.75000,23.43806,1.570796,21
56.200000,64.75000,24.43806,1.570796,22
56.200000,64.75000,25.43806,1.570796,23
56.200000,64.75000,26.43806,1.570796,24
56.200000,64.75000,27.43806,1.570796,25
56.200000,64.75000,28.43806,1.570796,26
56.200000,64.75000,29.43806,1.570796,27
56.200000,64.75000,30.43806,1.570796,28
56.200000,64.75000,31.43806,1.570796,29
56.200000,64.75000,32.43806,1.570796,30
56.300000,60.23234,4.02133,0.997156,0
56.300000,60.91761,5.08192,0.866667,1
56.300000,61.55407,5.83125,1.184247,2
56.300000,61.93345,6.76333,1.255092,3
56.300000,62.24090,7.70459,1.326075,4
56.300000,62.47690,8.64965,1.632524,5
56.300000,62.41251,9.69155,1.200000,6
56.300000,62.73857,10.53023,0.998182,7
56.300000,63.24893,11.32189,1.069463,8
56.300000,63.70933,12.16199,1.140591,9
56.300000,64.11558,13.04732,1.211575,10
56.300000,64.46368,13.97431,1.282420,11
56.300000,64.74987,14.93909,1.570670,12
56.300000,64.75000,15.93806,1.570796,13
56.300000,64.75000,16.93806,1.570796,14
56.300000,64.75000,17.93806,1.570796,15
56.300000,64.75000,18.93806,1.570796,16
56.300000,64.75000,19.93806,1.570796,17
56.300000,64.75000,20.93806,1.570796,18
56.300000,64.75000,21.93806,1.570796,19
56.300000,64.75000,22.93806,1.570796,20
56.300000,64.75000,23.93806,1.570796,21
56.300000,64.75000,24.93806,1.570796,22
56.300000,64.75000,25.93806,1.570796,23
56.300000,64.75000,26.93806,1.570796,24
56.300000,64.75000,27.93806,1.570796,25
56.300000,64.75000,28.93806,1.570796,26
56.300000,64.75000,29.93806,1.570796,27
56.300000,64.75000,30.93806,1.570796,28
56.300000,64.75000,31.93806,1.570796,29
56.300000,64.75000,32.93806,1.570796,30
56.400000,60.26701,4.09773,0.986692,0
56.400000,60.91761,5.08192,0.866667,1
56.400000,61.55407,5.83125,1.184247,2
56.400000,61.93345,6.76333,1.255092,3
56.400000,62.24090,7.70459,1.558322,4
56.400000,62.25410,8.76305,1.401818,5
56.400000,62.41251,9.69155,1.200000,6
56.400000,62.73857,10.53023,0.998182,7
56.400000,63.24893,11.32189,1.069463,8
56.400000,63.70933,12.16199,1.140591,9
56.400000,64.11558,13.04732,1.211575,10
56.400000,64.46368,13.97431,1.282420,11
56.400000,64.74987,14.93909,1.570670,12
56.400000,64.75000,15.93806,1.570796,13
56.400000,64.75000,16.93806,1.570796,14
56.400000,64.75000,17.93806,1.570796,15
56.400000,64.75000,18.93806,1.570796,16
56.400000,64.75000,19.93806,1.570796,17
56.400000,64.75000,20.93806,1.570796,18
56.400000,64.75000,21.93806,1.570796,19
56.400000,64.75000,22.93806,1.570796,20
56.400000,64.75000,23.93806,1.570796,21
56.400000,64.75000,24.93806,1.570796,22
56.400000,64.75000,25.93806,1.570796,23
56.400000,64.75000,26.93806,1.570796,24
56.400000,64.75000,27.93806,1.570796,25
56.400000,64.75000,28.93806,1.570796,26
56.400000,64.75000,29.93806,1.570796,27
56.400000,64.75000,30.93806,1.570796,28
56.400000,64.75000,31.93806,1.570796,29
56.400000,64.75000,32.93806,1.570796,30
56.500000,60.39378,4.15576,1.056064,0
56.500000,60.91761,5.08192,0.866667,1
56.500000,61.55407,5.83125,1.184247,2
56.500000,61.93345,6.76333,1.255092,3
56.500000,62.24090,7.70459,1.326075,4
56.500000,62.47690,8.64965,1.397204,5
56.500000,62.64237,9.59324,1.200000,6
56.500000,62.97447,10.44745,1.266667,7
56.500000,63.24893,11.32189,1.069463,8
56.500000,63.70933,12.16199,1.140591,9
56.500000,64.11558,13.04732,1.211575,10
56.500000,64.46368,13.97431,1.282420,11
56.500000,64.74987,14.93909,1.570670,12
56.500000,64.75000,15.93806,1.570796,13
56.500000,64.75000,16.93806,1.570796,14
56.500000,64.75000,17.93806,1.570796,15
56.500000,64.75000,18.93806,1.570796,16
56.500000,64.75000,19.93806,1.570796,17
56.500000,64.75000,20.93806,1.570796,18
56.500000,64.75000,21.93806,1.570796,19
56.500000,64.75000,22.93806,1.570796,20
56.500000,64.75000,23.93806,1.570796,21
56.500000,64.75000,24.93806,1.570796,22
56.500000,64.75000,25.93806,1.570796,23
56.500000,64.75000,26.93806,1.570796,24
56.500000,64.75000,27.93806,1.570796,25
56.500000,64.75000,28.93806,1.570796,26
56.500000,64.75000,29.93806,1.570796,27
56.500000,64.75000,30.93806,1.570796,28
56.500000,64.75000,31.93806,1.570796,29
56.500000,64.75000,32.93806,1.570796,30
56.600000,60.44684,4.19936,1.080781,0
56.600000,60.91761,5.08192,0.866667,1
56.600000,61.55407,5.83125,1.184247,2
56.600000,61.93345,6.76333,1.255092,3
56.600000,62.24090,7.70459,1.326075,4
56.600000,62.47690,8.64965,1.397204,5
56.600000,62.64237,9.59324,1.200000,6
56.600000,62.97447,10.44745,1.266667,7
56.600000,63.24893,11.32189,1.069463,8
56.600000,63.70933,12.16199,1.140591,9
56.600000,64.11558,13.04732,1.211575,10
56.600000,64.46368,13.97431,1.282420,11
56.600000,64.74987,14.93909,1.570670,12
56.600000,64.75000,15.93806,1.570796,13
56.600000,64.75000,16.93806,1.570796,14
56.600000,64.75000,17.93806,1.570796,15
56.600000,64.75000,18.93806,1.570796,16
56.600000,64.75000,19.93806,1.570796,17
56.600000,64.75000,20.93806,1.570796,18
56.600000,64.75000,21.93806,1.570796,19
56.600000,64.75000,22.93806,1.570796,20
56.600000,64.75000,23.93806,1.570796,21
56.600000,64.75000,24.93806,1.570796,22
56.600000,64.75000,25.93806,1.570796,23
56.600000,64.75000,26.93806,1.570796,24
56.600000,64.75000,27.93806,1.570796,25
56.600000,64.75000,28.93806,1.570796,26
56.600000,64.75000,29.93806,1.570796,27
56.600000,64.75000,30.93806,1.570796,28
56.600000,64.75000,31.93806,1.570796,29
56.600000,64.75000,32.93806,1.570796,30
56.700000,60.45891,4.27300,1.054961,0
56.700000,60.91761,5.08192,0.866667,1
56.700000,61.55407,5.83125,1.184247,2
56.700000,61.93345,6.76333,1.255092,3
56.700000,62.24090,7.70459,1.326075,4
56.700000,62.47690,8.64965,1.632524,5
56.700000,62.41251,9.69155,1.200000,6
56.700000,62.73857,10.53023,0.998182,7
56.700000,63.24893,11.32189,1.069463,8
56.700000,63.70933,12.16199,1.140591,9
56.700000,64.11558,13.04732,1.211575,10
56.700000,64.46368,13.97431,1.282420,11
56.700000,64.74987,14.93909,1.570670,12
56.700000,64.75000,15.93806,1.570796,13
56.700000,64.75000,16.93806,1.570796,14
56.700000,64.75000,17.93806,1.570796,15
56.700000,64.75000,18.93806,1.570796,16
56.700000,64.75000,19.93806,1.570796,17
56.700000,64.75000,20.93806,1.570796,18
56.700000,64.75000,21.93806,1.570796,19
56.700000,64.75000,22.93806,1.570796,20
56.700000,64.75000,23.93806,1.570796,21
56.700000,64.75000,24.93806,1.570796,22
56.700000,64.75000,25.93806,1.570796,23
56.700000,64.75000,26.93806,1.570796,24
56.700000,64.75000,27.93806,1.570796,25
56.700000,64.75000,28.93806,1.570796,26
56.700000,64.75000,29.93806,1.570796,27
56.700000,64.75000,30.93806,1.570796,28
56.700000,64.75000,31.93806,1.570796,29
56.700000,64.75000,32.93806,1.570796,30
56.800000,60.50429,4.30472,1.082032,0
56.800000,60.91761,5.08192,0.866667,1
56.800000,61.55407,5.83125,1.184247,2
56.800000,61.93345,6.76333,1.255092,3
56.800000,62.24090,7.70459,1.326075,4
56.800000,62.47690,8.64965,1.397204,5
56.800000,62.64237,9.59324,1.200000,6
56.800000,62.97447,10.44745,1.266667,7
56.800000,63.24893,11.32189,1.069463,8
56.800000,63.70933,12.16199,1.140591,9
56.800000,64.11558,13.04732,1.211575,10
56.800000,64.46368,13.97431,1.282420,11
56.800000,64.74987,14.93909,1.570670,12
56.800000,64.75000,15.93806,1.570796,13
56.800000,64.75000,16.93806,1.570796,14
56.800000,64.75000,17.93806,1.570796,15
56.800000,64.75000,18.93806,1.570796,16
56.800000,64.75000,19.93806,1.570796,17
56.800000,64.75000,20.93806,1.570796,18
56.800000,64.75000,21.93806,1.570796,19
56.800000,64.75000,22.93806,1.570796,20
56.800000,64.75000,23.93806,1.570796,21
56.800000,64.75000,24.93806,1.570796,22
56.800000,64.75000,25.93806,1.570796,23
56.800000,64.75000,26.93806,1.570796,24
56.800000,64.75000,27.93806,1.570796,25
56.800000,64.75000,28.93806,1.570796,26
56.800000,64.75000,29.93806,1.570796,27
56.800000,64.75000,30.93806,1.570796,28
56.800000,64.75000,31.93806,1.570796,29
56.800000,64.75000,32.93806,1.570796,30
56.900000,60.56454,4.38882,1.099652,0
56.900000,60.91761,5.08192,0.866667,1
56.900000,61.55407,5.83125,1.184247,2
56.900000,61.93345,6.76333,1.255092,3
56.900000,62.24090,7.70459,1.326075,4
56.900000,62.47690,8.64965,1.632524,5
56.900000,62.41251,9.69155,1.200000,6
56.900000,62.73857,10.53023,0.998182,7
56.900000,63.24893,11.32189,1.069463,8
56.900000,63.70933,12.16199,1.140591,9
56.900000,64.11558,13.04732,1.211575,10
56.900000,64.46368,13.97431,1.282420,11
56.900000,64.74987,14.93909,1.570670,12
56.900000,64.75000,15.93806,1.570796,13
56.900000,64.75000,16.93806,1.570796,14
56.900000,64.75000,17.93806,1.570796,15
56.900000,64.75000,18.93806,1.570796,16
56.900000,64.75000,19.93806,1.570796,17
56.900000,64.75000,20.93806,1.570796,18
56.900000,64.75000,21.93806,1.570796,19
56.900000,64.75000,22.93806,1.570796,20
56.900000,64.75000,23.93806,1.570796,21
56.900000,64.75000,24.93806,1.570796,22
56.900000,64.75000,25.93806,1.570796,23
56.900000,64.75000,26.93806,1.570796,24
56.900000,64.75000,27.93806,1.570796,25
56.900000,64.75000,28.93806,1.570796,26
56.900000,64.75000,29.93806,1.570796,27
56.900000,64.75000,30.93806,1.570796,28
56.900000,64.75000,31.93806,1.570796,29
56.900000,64.75000,32.93806,1.570796,30
57.006000,60.61987,4.49982,0.991642,0
57.006000,61.24209,5.45128,0.900000,1
57.006000,61.85322,6.22141,1.217580,2
57.006000,62.20133,7.16562,1.288425,3
57.006000,62.47723,8.11660,1.591655,4
57.006000,62.45515,9.17491,1.166667,5
57.006000,62.81554,10.01758,1.233333,6
57.006000,63.11898,10.88239,1.036130,7
57.006000,63.60713,11.70667,1.107258,8
57.006000,64.04266,12.57797,1.178241,9
57.006000,64.42146,13.49285,1.249086,10
57.006000,64.73965,14.44755,1.313765,11
57.006000,65.00000,15.43806,1.570796,12
57.006000,65.00000,16.43806,1.570796,13
57.006000,65.00000,17.43806,1.570796,14
57.006000,65.00000,18.43806,1.570796,15
57.006000,65.00000,19.43806,1.570796,16
57.006000,65.00000,20.43806,1.570796,17
57.006000,65.00000,21.43806,1.570796,18
57.006000,65.00000,22.43806,1.570796,19
57.006000,65.00000,23.43806,1.570796,20
57.006000,65.00000,24.43806,1.570796,21
57.006000,65.00000,25.43806,1.570796,22
57.006000,65.00000,26.43806,1.570796,23
57.006000,65.00000,27.43806,1.570796,24
57.006000,65.00000,28.43806,1.570796,25
57.006000,65.00000,29.43806,1.570796,26
57.006000,65.00000,30.43806,1.570796,27
57.006000,65.00000,31.43806,1.570796,28
57.006000,65.00000,32.43806,1.570796,29
57.006000,65.00000,33.43806,1.570796,30
57.100000,60.63096,4.51589,0.992080,0
57.100000,61.24209,5.45128,1.150914,1
57.100000,61.65232,6.37020,1.221759,2
57.100000,61.99096,7.30069,1.292742,3
57.100000,62.25833,8.23736,1.599191,4
57.100000,62.22870,9.28082,1.166667,5
57.100000,62.58253,10.10817,1.233333,6
57.100000,62.88046,10.95725,1.031515,7
57.100000,63.36415,11.76548,1.102796,8
57.100000,63.79630,12.62046,1.173925,9
57.100000,64.17281,13.51883,1.244908,10
57.100000,64.48983,14.45691,1.311587,11
57.100000,64.75000,15.43806,1.570796,12
57.100000,64.75000,16.43806,1.570796,13
57.100000,64.75000,17.43806,1.570796,14
57.100000,64.75000,18.43806,1.570796,15
57.100000,64.75000,19.43806,1.570796,16
57.100000,64.75000,20.43806,1.570796,17
57.100000,64.75000,21.43806,1.570796,18
57.100000,64.75000,22.43806,1.570796,19
57.100000,64.75000,23.43806,1.570796,20
57.100000,64.75000,24.43806,1.570796,21
57.100000,64.75000,25.43806,1.570796,22
57.100000,64.75000,26.43806,1.570796,23
57.100000,64.75000,27.43806,1.570796,24
57.100000,64.75000,28.43806,1.570796,25
57.100000,64.75000,29.43806,1.570796,26
57.100000,64.75000,30.43806,1.570796,27
57.100000,64.75000,31.43806,1.570796,28
57.100000,64.75000,32.43806,1.570796,29
57.100000,64.75000,33.43806,1.570796,30
57.202000,60.69139,4.55454,1.020073,0
57.202000,61.24209,5.45128,0.900000,1
57.202000,61.85322,6.22141,1.217580,2
57.202000,62.20133,7.16562,1.288425,3
57.202000,62.47723,8.11660,1.591655,4
57.202000,62.45515,9.17491,1.166667,5
57.202000,62.81554,10.01758,1.233333,6
57.202000,63.11898,10.88239,1.036130,7
57.202000,63.60713,11.70667,1.107258,8
57.202000,64.04266,12.57797,1.178241,9
57.202000,64.42146,13.49285,1.500000,10
57.202000,64.48983,14.45691,1.560427,11
57.202000,64.50000,15.43806,1.570796,12
57.202000,64.50000,16.43806,1.570796,13
57.202000,64.50000,17.43806,1.570796,14
57.202000,64.50000,18.43806,1.570796,15
57.202000,64.50000,19.43806,1.570796,16
57.202000,64.50000,20.43806,1.815775,17
57.202000,64.25000,21.43806,1.815775,18
57.202000,64.00000,22.43806,1.815775,19
57.202000,63.75000,23.43806,2.034444,20
57.202000,63.25000,24.43806,1.570796,21
57.202000,63.25000,25.43806,1.570796,22
57.202000,63.25000,26.43806,1.325818,23
57.202000,63.50000,27.43806,1.325818,24
57.202000,63.75000,28.43806,1.325818,25
57.202000,64.00000,29.43806,1.325818,26
57.202000,64.25000,30.43806,1.570796,27
57.202000,64.25000,31.43806,1.570796,28
57.202000,64.25000,32.43806,1.570796,29
57.202000,64.25000,33.43806,1.570796,30
57.300000,60.76341,4.66871,1.021840,0
57.300000,61.24209,5.45128,0.900000,1
57.300000,61.85322,6.22141,1.217580,2
57.300000,62.20133,7.16562,1.288425,3
57.300000,62.47723,8.11660,1.591655,4
57.300000,62.45515,9.17491,1.166667,5
57.300000,62.81554,10.01758,1.233333,6
57.300000,63.11898,10.88239,1.036130,7
57.300000,63.60713,11.70667,1.107258,8
57.300000,64.04266,12.57797,1.178241,9
57.300000,64.42146,13.49285,1.500000,10
57.300000,64.48983,14.45691,1.560427,11
57.300000,64.50000,15.43806,1.570796,12
57.300000,64.50000,16.43806,1.570796,13
57.300000,64.50000,17.43806,1.570796,14
57.300000,64.50000,18.43806,1.570796,15
57.300000,64.50000,19.43806,1.570796,16
57.300000,64.50000,20.43806,1.815775,17
57.300000,64.25000,21.43806,1.815775,18
57.300000,64.00000,22.43806,1.815775,19
57.300000,63.75000,23.43806,2.034444,20
57.300000,63.25000,24.43806,1.570796,21
57.300000,63.25000,25.43806,1.570796,22
57.300000,63.25000,26.43806,1.325818,23
57.300000,63.50000,27.43806,1.325818,24
57.300000,63.75000,28.43806,1.325818,25
57.300000,64.00000,29.43806,1.325818,26
57.300000,64.25000,30.43806,1.570796,27
57.300000,64.25000,31.43806,1.570796,28
57.300000,64.25000,32.43806,1.570796,29
57.300000,64.25000,33.43806,1.570796,30
57.400000,60.80171,4.74962,1.289165,0
57.400000,61.05154,5.61312,0.900000,1
57.400000,61.65232,6.37020,1.221759,2
57.400000,61.99096,7.30069,1.292742,3
57.400000,62.25833,8.23736,1.599191,4
57.400000,62.22870,9.28082,1.166667,5
57.400000,62.58253,10.10817,1.233333,6
57.400000,62.88046,10.95725,1.031515,7
57.400000,63.36415,11.76548,1.102796,8
57.400000,63.79630,12.62046,1.173925,9
57.400000,64.17281,13.51883,1.500000,10
57.400000,64.24000,14.46628,1.560508,11
57.400000,64.25000,15.43806,1.570796,12
57.400000,64.25000,16.43806,1.570796,13
57.400000,64.25000,17.43806,1.570796,14
57.400000,64.25000,18.43806,1.570796,15
57.400000,64.25000,19.43806,1.570796,16
57.400000,64.25000,20.43806,1.570796,17
57.400000,64.25000,21.43806,1.815775,18
57.400000,64.00000,22.43806,2.034444,19
57.400000,63.50000,23.43806,2.034444,20
57.400000,63.00000,24.43806,1.570796,21
57.400000,63.00000,25.43806,1.325818,22
57.400000,63.25000,26.43806,1.325818,23
57.400000,63.50000,27.43806,1.325818,24
57.400000,63.75000,28.43806,1.325818,25
57.400000,64.00000,29.43806,1.325818,26
57.400000,64.25000,30.43806,1.570796,27
57.400000,64.25000,31.43806,1.570796,28
57.400000,64.25000,32.43806,1.570796,29
57.400000,64.25000,33.43806,1.570796,30
57.500000,60.84421,4.80481,1.319707,0
57.500000,61.05154,5.61312,0.900000,1
57.500000,61.65232,6.37020,1.221759,2
57.500000,61.99096,7.30069,1.292742,3
57.500000,62.25833,8.23736,1.363870,4
57.500000,62.45515,9.17491,1.166667,5
57.500000,62.81554,10.01758,1.233333,6
57.500000,63.11898,10.88239,1.036130,7
57.500000,63.60713,11.70667,1.107258,8
57.500000,64.04266,12.57797,1.178241,9
57.500000,64.42146,13.49285,1.500000,10
57.500000,64.48983,14.45691,1.560427,11
57.500000,64.50000,15.43806,1.570796,12
57.500000,64.50000,16.43806,1.570796,13
57.500000,64.50000,17.43806,1.570796,14
57.500000,64.50000,18.43806,1.570796,15
57.500000,64.50000,19.43806,1.570796,16
57.500000,64.50000,20.43806,1.815775,17
57.500000,64.25000,21.43806,1.815775,18
57.500000,64.00000,22.43806,1.815775,19
57.500000,63.75000,23.43806,2.034444,20
57.500000,63.25000,24.43806,1.570796,21
57.500000,63.25000,25.43806,1.325818,22
57.500000,63.50000,26.43806,1.325818,23
57.500000,63.75000,27.43806,1.325818,24
57.500000,64.00000,28.43806,1.325818,25
57.500000,64.25000,29.43806,1.325818,26
57.500000,64.50000,30.43806,1.570796,27
57.500000,64.50000,31.43806,1.570796,28
57.500000,64.50000,32.43806,1.570796,29
57.500000,64.50000,33.43806,1.570796,30
57.600000,60.89512,4.89210,1.170527,0
57.600000,61.35824,5.98666,1.188425,1
57.600000,61.72770,6.90534,1.259409,2
57.600000,62.02614,7.83258,1.330537,3
57.600000,62.25410,8.76305,1.401818,4
57.600000,62.41251,9.69155,1.200000,5
57.600000,62.73857,10.53023,0.998182,6
57.600000,63.24893,11.32189,1.069463,7
57.600000,63.70933,12.16199,1.140591,8
57.600000,64.11558,13.04732,1.466667,9
57.600000,64.21430,13.99199,1.533333,10
57.600000,64.24988,14.94115,1.570674,11
57.600000,64.25000,15.93806,1.570796,12
57.600000,64.25000,16.93806,1.570796,13
57.600000,64.25000,17.93806,1.570796,14
57.600000,64.25000,18.93806,1.570796,15
57.600000,64.25000,19.93806,1.570796,16
57.600000,64.25000,20.93806,1.815775,17
57.600000,64.00000,21.93806,1.815775,18
57.600000,63.75000,22.93806,2.034444,19
57.600000,63.25000,23.93806,1.570796,20
57.600000,63.25000,24.93806,1.570796,21
57.600000,63.25000,25.93806,1.325818,22
57.600000,63.50000,26.93806,1.325818,23
57.600000,63.75000,27.93806,1.325818,24
57.600000,64.00000,28.93806,1.325818,25
57.600000,64.25000,29.93806,1.325818,26
57.600000,64.50000,30.93806,1.570796,27
57.600000,64.50000,31.93806,1.570796,28
57.600000,64.50000,32.93806,1.570796,29
57.600000,64.50000,33.93806,1.570796,30
57.700000,60.95310,4.99229,1.183894,0
57.700000,61.35824,5.98666,1.188425,1
57.700000,61.72770,6.90534,1.259409,2
57.700000,62.02614,7.83258,1.330537,3
57.700000,62.25410,8.76305,1.401818,4
57.700000,62.41251,9.69155,1.200000,5
57.700000,62.73857,10.53023,0.998182,6
57.700000,63.24893,11.32189,1.069463,7
57.700000,63.70933,12.16199,1.140591,8
57.700000,64.11558,13.04732,1.211575,9
57.700000,64.46368,13.97431,1.533333,10
57.700000,64.49988,14.94012,1.570672,11
57.700000,64.50000,15.93806,1.570796,12
57.700000,64.50000,16.93806,1.570796,13
57.700000,64.50000,17.93806,1.570796,14
57.700000,64.50000,18.93806,1.570796,15
57.700000,64.50000,19.93806,1.570796,16
57.700000,64.50000,20.93806,1.815775,17
57.700000,64.25000,21.93806,1.815775,18
57.700000,64.00000,22.93806,2.034444,19
57.700000,63.50000,23.93806,1.815775,20
57.700000,63.25000,24.93806,1.570796,21
57.700000,63.25000,25.93806,1.325818,22
57.700000,63.50000,26.93806,1.325818,23
57.700000,63.75000,27.93806,1.325818,24
57.700000,64.00000,28.93806,1.325818,25
57.700000,64.25000,29.93806,1.325818,26
57.700000,64.50000,30.93806,1.570796,27
57.700000,64.50000,31.93806,1.570796,28
57.700000,64.50000,32.93806,1.570796,29
57.700000,64.50000,33.93806,1.570796,30
57.800000,61.06239,5.07832,1.255923,0
57.800000,61.35824,5.98666,0.933333,1
57.800000,61.93345,6.76333,1.255092,2
57.800000,62.24090,7.70459,1.326075,3
57.800000,62.47690,8.64965,1.397204,4
57.800000,62.64237,9.59324,1.200000,5
57.800000,62.97447,10.44745,1.266667,6
57.800000,63.24893,11.32189,1.069463,7
57.800000,63.70933,12.16199,1.140591,8
57.800000,64.11558,13.04732,1.466667,9
57.800000,64.21430,13.99199,1.533333,10
57.800000,64.24988,14.94115,1.570674,11
57.800000,64.25000,15.93806,1.570796,12
57.800000,64.25000,16.93806,1.570796,13
57.800000,64.25000,17.93806,1.570796,14
57.800000,64.25000,18.93806,1.570796,15
57.800000,64.25000,19.93806,1.570796,16
57.800000,64.25000,20.93806,1.815775,17
57.800000,64.00000,21.93806,1.815775,18
57.800000,63.75000,22.93806,2.034444,19
57.800000,63.25000,23.93806,1.570796,20
57.800000,63.25000,24.93806,1.570796,21
57.800000,63.25000,25.93806,1.325818,22
57.800000,63.50000,26.93806,1.325818,23
57.800000,63.75000,27.93806,1.325818,24
57.800000,64.00000,28.93806,1.325818,25
57.800000,64.25000,29.93806,1.325818,26
57.800000,64.50000,30.93806,1.570796,27
57.800000,64.50000,31.93806,1.570796,28
57.800000,64.50000,32.93806,1.570796,29
57.800000,64.50000,33.93806,1.570796,30
57.900000,61.12389,5.19506,1.282966,0
57.900000,61.35824,5.98666,1.188425,1
57.900000,61.72770,6.90534,1.259409,2
57.900000,62.02614,7.83258,1.330537,3
57.900000,62.25410,8.76305,1.401818,4
57.900000,62.41251,9.69155,1.200000,5
57.900000,62.73857,10.53023,0.998182,6
57.900000,63.24893,11.32189,1.069463,7
57.900000,63.70933,12.16199,1.140591,8
57.900000,64.11558,13.04732,1.211575,9
57.900000,64.46368,13.97431,1.533333,10
57.900000,64.49988,14.94012,1.570672,11
57.900000,64.50000,15.93806,1.570796,12
57.900000,64.50000,16.93806,1.570796,13
57.900000,64.50000,17.93806,1.570796,14
57.900000,64.50000,18.93806,1.570796,15
57.900000,64.50000,19.93806,1.570796,16
57.900000,64.50000,20.93806,1.815775,17
57.900000,64.25000,21.93806,1.815775,18
57.900000,64.00000,22.93806,2.034444,19
57.900000,63.50000,23.93806,1.815775,20
57.900000,63.25000,24.93806,1.570796,21
57.900000,63.25000,25.93806,1.325818,22
57.900000,63.50000,26.93806,1.325818,23
57.900000,63.75000,27.93806,1.325818,24
57.900000,64.00000,28.93806,1.325818,25
57.900000,64.25000,29.93806,1.325818,26
57.900000,64.50000,30.93806,1.570796,27
57.900000,64.50000,31.93806,1.570796,28
57.900000,64.50000,32.93806,1.570796,29
57.900000,64.50000,33.93806,1.570796,30
58.000000,61.22141,5.32743,1.178932,0
58.000000,61.65232,6.37020,1.221759,1
58.000000,61.99096,7.30069,1.292742,2
58.000000,62.25833,8.23736,1.599191,3
58.000000,62.22870,9.28082,1.166667,4
58.000000,62.58253,10.10817,1.233333,5
58.000000,62.88046,10.95725,1.031515,6
58.000000,63.36415,11.76548,1.102796,7
58.000000,63.79630,12.62046,1.173925,8
58.000000,64.17281,13.51883,1.500000,9
58.000000,64.24000,14.46628,1.560508,10
58.000000,64.25000,15.43806,1.570796,11
58.000000,64.25000,16.43806,1.570796,12
58.000000,64.25000,17.43806,1.570796,13
58.000000,64.25000,18.43806,1.570796,14
58.000000,64.25000,19.43806,1.570796,15
58.000000,64.25000,20.43806,1.570796,16
58.000000,64.25000,21.43806,1.815775,17
58.000000,64.00000,22.43806,2.034444,18
58.000000,63.50000,23.43806,2.034444,19
58.000000,63.00000,24.43806,1.570796,20
58.000000,63.00000,25.43806,1.325818,21
58.000000,63.25000,26.43806,1.325818,22
58.000000,63.50000,27.43806,1.325818,23
58.000000,63.75000,28.43806,1.325818,24
58.000000,64.00000,29.43806,1.325818,25
58.000000,64.25000,30.43806,1.325818,26
58.000000,64.50000,31.43806,1.570796,27
58.000000,64.50000,32.43806,1.570796,28
58.000000,64.50000,33.43806,1.570796,29
58.000000,64.50000,34.43806,1.570796,30
58.100000,61.30559,5.44006,1.213979,0
58.100000,61.65232,6.37020,1.221759,1
58.100000,61.99096,7.30069,1.292742,2
58.100000,62.25833,8.23736,1.363870,3
58.100000,62.45515,9.17491,1.166667,4
58.100000,62.81554,10.01758,1.233333,5
58.100000,63.11898,10.88239,1.036130,6
58.100000,63.60713,11.70667,1.107258,7
58.100000,64.04266,12.57797,1.178241,8
58.100000,64.42146,13.49285,1.500000,9
58.100000,64.48983,14.45691,1.560427,10
58.100000,64.50000,15.43806,1.570796,11
58.100000,64.50000,16.43806,1.570796,12
58.100000,64.50000,17.43806,1.570796,13
58.100000,64.50000,18.43806,1.570796,14
58.100000,64.50000,19.43806,1.570796,15
58.100000,64.50000,20.43806,1.815775,16
58.100000,64.25000,21.43806,1.815775,17
58.100000,64.00000,22.43806,1.815775,18
58.100000,63.75000,23.43806,2.034444,19
58.100000,63.25000,24.43806,1.570796,20
58.100000,63.25000,25.43806,1.325818,21
58.100000,63.50000,26.43806,1.325818,22
58.100000,63.75000,27.43806,1.325818,23
58.100000,64.00000,28.43806,1.325818,24
58.100000,64.25000,29.43806,1.325818,25
58.100000,64.50000,30.43806,1.570796,26
58.100000,64.50000,31.43806,1.570796,27
58.100000,64.50000,32.43806,1.570796,28
58.100000,64.50000,33.43806,1.570796,29
58.100000,64.50000,34.43806,1.570796,30
58.200000,61.38978,5.57352,1.252465,0
58.200000,61.65232,6.37020,1.221759,1
58.200000,61.99096,7.30069,1.292742,2
58.200000,62.25833,8.23736,1.599191,3
58.200000,62.22870,9.28082,1.166667,4
58.200000,62.58253,10.10817,1.233333,5
58.200000,62.88046,10.95725,1.031515,6
58.200000,63.36415,11.76548,1.102796,7
58.200000,63.79630,12.62046,1.173925,8
58.200000,64.17281,13.51883,1.500000,9
58.200000,64.24000,14.46628,1.560508,10
58.200000,64.25000,15.43806,1.570796,11
58.200000,64.25000,16.43806,1.570796,12
58.200000,64.25000,17.43806,1.570796,13
58.200000,64.25000,18.43806,1.570796,14
58.200000,64.25000,19.43806,1.570796,15
58.200000,64.25000,20.43806,1.570796,16
58.200000,64.25000,21.43806,1.815775,17
58.200000,64.00000,22.43806,2.034444,18
58.200000,63.50000,23.43806,2.034444,19
58.200000,63.00000,24.43806,1.570796,20
58.200000,63.00000,25.43806,1.325818,21
58.200000,63.25000,26.43806,1.325818,22
58.200000,63.50000,27.43806,1.325818,23
58.200000,63.75000,28.43806,1.325818,24
58.200000,64.00000,29.43806,1.325818,25
58.200000,64.25000,30.43806,1.325818,26
58.200000,64.50000,31.43806,1.570796,27
58.200000,64.50000,32.43806,1.570796,28
58.200000,64.50000,33.43806,1.570796,29
58.200000,64.50000,34.43806,1.570796,30
58.300000,61.50229,5.75145,1.167995,0
58.300000,61.93345,6.76333,1.255092,1
58.300000,62.24090,7.70459,1.326075,2
58.300000,62.47690,8.64965,1.632524,3
58.300000,62.41251,9.69155,1.200000,4
58.300000,62.73857,10.53023,0.998182,5
58.300000,63.24893,11.32189,1.069463,6
58.300000,63.70933,12.16199,1.140591,7
58.300000,64.11558,13.04732,1.211575,8
58.300000,64.46368,13.97431,1.533333,9
58.300000,64.49988,14.94012,1.570672,10
58.300000,64.50000,15.93806,1.570796,11
58.300000,64.50000,16.93806,1.570796,12
58.300000,64.50000,17.93806,1.570796,13
58.300000,64.50000,18.93806,1.570796,14
58.300000,64.50000,19.93806,1.570796,15
58.300000,64.50000,20.93806,1.815775,16
58.300000,64.25000,21.93806,1.815775,17
58.300000,64.00000,22.93806,2.034444,18
58.300000,63.50000,23.93806,1.815775,19
58.300000,63.25000,24.93806,1.570796,20
58.300000,63.25000,25.93806,1.325818,21
58.300000,63.50000,26.93806,1.325818,22
58.300000,63.75000,27.93806,1.325818,23
58.300000,64.00000,28.93806,1.325818,24
58.300000,64.25000,29.93806,1.325818,25
58.300000,64.50000,30.93806,1.570796,26
58.300000,64.50000,31.93806,1.570796,27
58.300000,64.50000,32.93806,1.570796,28
58.300000,64.50000,33.93806,1.570796,29
58.300000,64.50000,34.93806,1.570796,30
58.400000,61.62885,5.90697,1.229053,0
58.400000,61.93345,6.76333,1.255092,1
58.400000,62.24090,7.70459,1.326075,2
58.400000,62.47690,8.64965,1.397204,3
58.400000,62.64237,9.59324,1.200000,4
58.400000,62.97447,10.44745,1.266667,5
58.400000,63.24893,11.32189,1.069463,6
58.400000,63.70933,12.16199,1.140591,7
58.400000,64.11558,13.04732,1.211575,8
58.400000,64.46368,13.97431,1.533333,9
58.400000,64.49988,14.94012,1.570672,10
58.400000,64.50000,15.93806,1.570796,11
58.400000,64.50000,16.93806,1.570796,12
58.400000,64.50000,17.93806,1.570796,13
58.400000,64.50000,18.93806,1.570796,14
58.400000,64.50000,19.93806,1.570796,15
58.400000,64.50000,20.93806,1.815775,16
58.400000,64.25000,21.93806,1.815775,17
58.400000,64.00000,22.93806,2.034444,18
58.400000,63.50000,23.93806,1.815775,19
58.400000,63.25000,24.93806,1.570796,20
58.400000,63.25000,25.93806,1.325818,21
58.400000,63.50000,26.93806,1.325818,22
58.400000,63.75000,27.93806,1.325818,23
58.400000,64.00000,28.93806,1.325818,24
58.400000,64.25000,29.93806,1.325818,25
58.400000,64.50000,30.93806,1.570796,26
58.400000,64.50000,31.93806,1.570796,27
58.400000,64.50000,32.93806,1.570796,28
58.400000,64.50000,33.93806,1.570796,29
58.400000,64.50000,34.93806,1.570796,30
58.500000,61.69125,6.06278,1.333258,0
58.500000,61.99096,7.30069,1.292742,1
58.500000,62.25833,8.23736,1.363870,2
58.500000,62.45515,9.17491,1.166667,3
58.500000,62.81554,10.01758,1.233333,4
58.500000,63.11898,10.88239,1.036130,5
58.500000,63.60713,11.70667,1.107258,6
58.500000,64.04266,12.57797,1.178241,7
58.500000,64.42146,13.49285,1.500000,8
58.500000,64.48983,14.45691,1.560427,9
58.500000,64.50000,15.43806,1.570796,10
58.500000,64.50000,16.43806,1.570796,11
58.500000,64.50000,17.43806,1.570796,12
58.500000,64.50000,18.43806,1.570796,13
58.500000,64.50000,19.43806,1.570796,14
58.500000,64.50000,20.43806,1.815775,15
58.500000,64.25000,21.43806,1.815775,16
58.500000,64.00000,22.43806,1.815775,17
58.500000,63.75000,23.43806,2.034444,18
58.500000,63.25000,24.43806,1.570796,19
58.500000,63.25000,25.43806,1.325818,20
58.500000,63.50000,26.43806,1.325818,21
58.500000,63.75000,27.43806,1.325818,22
58.500000,64.00000,28.43806,1.325818,23
58.500000,64.25000,29.43806,1.325818,24
58.500000,64.50000,30.43806,1.570796,25
58.500000,64.50000,31.43806,1.570796,26
58.500000,64.50000,32.43806,1.570796,27
58.500000,64.50000,33.43806,1.570796,28
58.500000,64.50000,34.43806,1.570796,29
58.500000,64.50000,35.43806,1.570796,30
58.600000,61.75104,6.23857,1.348633,0
58.600000,61.99096,7.30069,1.292742,1
58.600000,62.25833,8.23736,1.599191,2
58.600000,62.22870,9.28082,1.166667,3
58.600000,62.58253,10.10817,1.233333,4
58.600000,62.88046,10.95725,1.031515,5
58.600000,63.36415,11.76548,1.102796,6
58.600000,63.79630,12.62046,1.173925,7
58.600000,64.17281,13.51883,1.500000,8
58.600000,64.24000,14.46628,1.560508,9
58.600000,64.25000,15.43806,1.570796,10
58.600000,64.25000,16.43806,1.570796,11
58.600000,64.25000,17.43806,1.570796,12
58.600000,64.25000,18.43806,1.570796,13
58.600000,64.25000,19.43806,1.570796,14
58.600000,64.25000,20.43806,1.570796,15
58.600000,64.25000,21.43806,1.815775,16
58.600000,64.00000,22.43806,2.034444,17
58.600000,63.50000,23.43806,2.034444,18
58.600000,63.00000,24.43806,1.570796,19
58.600000,63.00000,25.43806,1.325818,20
58.600000,63.25000,26.43806,1.325818,21
58.600000,63.50000,27.43806,1.325818,22
58.600000,63.75000,28.43806,1.325818,23
58.600000,64.00000,29.43806,1.325818,24
58.600000,64.25000,30.43806,1.325818,25
58.600000,64.50000,31.43806,1.570796,26
58.600000,64.50000,32.43806,1.570796,27
58.600000,64.50000,33.43806,1.570796,28
58.600000,64.50000,34.43806,1.570796,29
58.600000,64.50000,35.43806,1.570796,30
58.700000,61.81469,6.43494,1.369936,0
58.700000,61.99096,7.30069,1.292742,1
58.700000,62.25833,8.23736,1.363870,2
58.700000,62.45515,9.17491,1.166667,3
58.700000,62.81554,10.01758,1.233333,4
58.700000,63.11898,10.88239,1.036130,5
58.700000,63.60713,11.70667,1.107258,6
58.700000,64.04266,12.57797,1.178241,7
58.700000,64.42146,13.49285,1.500000,8
58.700000,64.48983,14.45691,1.560427,9
58.700000,64.50000,15.43806,1.570796,10
58.700000,64.50000,16.43806,1.570796,11
58.700000,64.50000,17.43806,1.570796,12
58.700000,64.50000,18.43806,1.570796,13
58.700000,64.50000,19.43806,1.570796,14
58.700000,64.50000,20.43806,1.815775,15
58.700000,64.25000,21.43806,1.815775,16
58.700000,64.00000,22.43806,1.815775,17
58.700000,63.75000,23.43806,2.034444,18
58.700000,63.25000,24.43806,1.570796,19
58.700000,63.25000,25.43806,1.325818,20
58.700000,63.50000,26.43806,1.325818,21
58.700000,63.75000,27.43806,1.325818,22
58.700000,64.00000,28.43806,1.325818,23
58.700000,64.25000,29.43806,1.325818,24
58.700000,64.50000,30.43806,1.570796,25
58.700000,64.50000,31.43806,1.570796,26
58.700000,64.50000,32.43806,1.570796,27
58.700000,64.50000,33.43806,1.570796,28
58.700000,64.50000,34.43806,1.570796,29
58.700000,64.50000,35.43806,1.570796,30
58.800000,61.87265,6.61233,1.445664,0
58.800000,62.02614,7.83258,1.330537,1
58.800000,62.25410,8.76305,1.401818,2
58.800000,62.41251,9.69155,1.200000,3
58.800000,62.73857,10.53023,0.998182,4
58.800000,63.24893,11.32189,1.069463,5
58.800000,63.70933,12.16199,1.140591,6
58.800000,64.11558,13.04732,1.211575,7
58.800000,64.46368,13.97431,1.533333,8
58.800000,64.49988,14.94012,1.570672,9
58.800000,64.50000,15.93806,1.570796,10
58.800000,64.50000,16.93806,1.570796,11
58.800000,64.50000,17.93806,1.570796,12
58.800000,64.50000,18.93806,1.570796,13
58.800000,64.50000,19.93806,1.570796,14
58.800000,64.50000,20.93806,1.815775,15
58.800000,64.25000,21.93806,1.815775,16
58.800000,64.00000,22.93806,2.034444,17
58.800000,63.50000,23.93806,1.815775,18
58.800000,63.25000,24.93806,1.570796,19
58.800000,63.25000,25.93806,1.325818,20
58.800000,63.50000,26.93806,1.325818,21
58.800000,63.75000,27.93806,1.325818,22
58.800000,64.00000,28.93806,1.325818,23
58.800000,64.25000,29.93806,1.325818,24
58.800000,64.50000,30.93806,1.570796,25
58.800000,64.50000,31.93806,1.570796,26
58.800000,64.50000,32.93806,1.570796,27
58.800000,64.50000,33.93806,1.570796,28
58.800000,64.50000,34.93806,1.570796,29
58.800000,64.50000,35.93806,1.570796,30
58.900000,61.90233,6.76644,1.455177,0
58.900000,62.02614,7.83258,1.330537,1
58.900000,62.25410,8.76305,1.401818,2
58.900000,62.41251,9.69155,1.200000,3
58.900000,62.73857,10.53023,0.998182,4
58.900000,63.24893,11.32189,1.069463,5
58.900000,63.70933,12.16199,1.140591,6
58.900000,64.11558,13.04732,1.466667,7
58.900000,64.21430,13.99199,1.533333,8
58.900000,64.24988,14.94115,1.570674,9
58.900000,64.25000,15.93806,1.570796,10
58.900000,64.25000,16.93806,1.570796,11
58.900000,64.25000,17.93806,1.570796,12
58.900000,64.25000,18.93806,1.570796,13
58.900000,64.25000,19.93806,1.570796,14
58.900000,64.25000,20.93806,1.815775,15
58.900000,64.00000,21.93806,1.815775,16
58.900000,63.75000,22.93806,2.034444,17
58.900000,63.25000,23.93806,1.570796,18
58.900000,63.25000,24.93806,1.570796,19
58.900000,63.25000,25.93806,1.325818,20
58.900000,63.50000,26.93806,1.325818,21
58.900000,63.75000,27.93806,1.325818,22
58.900000,64.00000,28.93806,1.325818,23
58.900000,64.25000,29.93806,1.325818,24
58.900000,64.50000,30.93806,1.570796,25
58.900000,64.50000,31.93806,1.570796,26
58.900000,64.50000,32.93806,1.570796,27
58.900000,64.50000,33.93806,1.570796,28
58.900000,64.50000,34.93806,1.570796,29
58.900000,64.50000,35.93806,1.570796,30
59.000000,61.94610,6.95615,1.479720,0
59.000000,62.02614,7.83258,1.330537,1
59.000000,62.25410,8.76305,1.401818,2
59.000000,62.41251,9.69155,1.200000,3
59.000000,62.73857,10.53023,0.998182,4
59.000000,63.24893,11.32189,1.069463,5
59.000000,63.70933,12.16199,1.140591,6
59.000000,64.11558,13.04732,1.211575,7
59.000000,64.46368,13.97431,1.533333,8
59.000000,64.49988,14.94012,1.570672,9
59.000000,64.50000,15.93806,1.570796,10
59.000000,64.50000,16.93806,1.570796,11
59.000000,64.50000,17.93806,1.570796,12
59.000000,64.50000,18.93806,1.570796,13
59.000000,64.50000,19.93806,1.570796,14
59.000000,64.50000,20.93806,1.815775,15
59.000000,64.25000,21.93806,1.815775,16
59.000000,64.00000,22.93806,2.034444,17
59.000000,63.50000,23.93806,1.815775,18
59.000000,63.25000,24.93806,1.570796,19
59.000000,63.25000,25.93806,1.325818,20
59.000000,63.50000,26.93806,1.325818,21
59.000000,63.75000,27.93806,1.325818,22
59.000000,64.00000,28.93806,1.325818,23
59.000000,64.25000,29.93806,1.325818,24
59.000000,64.50000,30.93806,1.570796,25
59.000000,64.50000,31.93806,1.570796,26
59.000000,64.50000,32.93806,1.570796,27
59.000000,64.50000,33.93806,1.570796,28
59.000000,64.50000,34.93806,1.570796,29
59.000000,64.50000,35.93806,1.570796,30
59.100000,61.98682,7.11130,1.334198,0
59.100000,62.25833,8.23736,1.363870,1
59.100000,62.45515,9.17491,1.166667,2
59.100000,62.81554,10.01758,1.233333,3
59.100000,63.11898,10.88239,1.036130,4
59.100000,63.60713,11.70667,1.107258,5
59.100000,64.04266,12.57797,1.178241,6
59.100000,64.42146,13.49285,1.500000,7
59.100000,64.48983,14.45691,1.560427,8
59.100000,64.50000,15.43806,1.570796,9
59.100000,64.50000,16.43806,1.570796,10
59.100000,64.50000,17.43806,1.570796,11
59.100000,64.50000,18.43806,1.570796,12
59.100000,64.50000,19.43806,1.570796,13
59.100000,64.50000,20.43806,1.815775,14
59.100000,64.25000,21.43806,1.815775,15
59.100000,64.00000,22.43806,1.815775,16
59.100000,63.75000,23.43806,2.034444,17
59.100000,63.25000,24.43806,1.570796,18
59.100000,63.25000,25.43806,1.325818,19
59.100000,63.50000,26.43806,1.325818,20
59.100000,63.75000,27.43806,1.325818,21
59.100000,64.00000,28.43806,1.325818,22
59.100000,64.25000,29.43806,1.325818,23
59.100000,64.50000,30.43806,1.570796,24
59.100000,64.50000,31.43806,1.570796,25
59.100000,64.50000,32.43806,1.570796,26
59.100000,64.50000,33.43806,1.570796,27
59.100000,64.50000,34.43806,1.570796,28
59.100000,64.50000,35.43806,1.570796,29
59.100000,64.50000,36.43806,1.570796,30
59.200000,61.97747,7.26035,1.514414,0
59.200000,62.03943,8.35812,1.368485,1
59.200000,62.22870,9.28082,1.166667,2
59.200000,62.58253,10.10817,1.233333,3
59.200000,62.88046,10.95725,1.031515,4
59.200000,63.36415,11.76548,1.102796,5
59.200000,63.79630,12.62046,1.173925,6
59.200000,64.17281,13.51883,1.500000,7
59.200000,64.24000,14.46628,1.560508,8
59.200000,64.25000,15.43806,1.570796,9
59.200000,64.25000,16.43806,1.570796,10
59.200000,64.25000,17.43806,1.570796,11
59.200000,64.25000,18.43806,1.570796,12
59.200000,64.25000,19.43806,1.570796,13
59.200000,64.25000,20.43806,1.570796,14
59.200000,64.25000,21.43806,1.815775,15
59.200000,64.00000,22.43806,1.815775,16
59.200000,63.75000,23.43806,2.034444,17
59.200000,63.25000,24.43806,1.570796,18
59.200000,63.25000,25.43806,1.325818,19
59.200000,63.50000,26.43806,1.325818,20
59.200000,63.75000,27.43806,1.325818,21
59.200000,64.00000,28.43806,1.325818,22
59.200000,64.25000,29.43806,1.325818,23
59.200000,64.50000,30.43806,1.570796,24
59.200000,64.50000,31.43806,1.570796,25
59.200000,64.50000,32.43806,1.570796,26
59.200000,64.50000,33.43806,1.570796,27
59.200000,64.50000,34.43806,1.570796,28
59.200000,64.50000,35.43806,1.570796,29
59.200000,64.50000,36.43806,1.570796,30
59.300000,62.00214,7.41841,1.531132,0
59.300000,62.03943,8.35812,1.368485,1
59.300000,62.22870,9.28082,1.166667,2
59.300000,62.58253,10.10817,1.233333,3
59.300000,62.88046,10.95725,1.031515,4
59.300000,63.36415,11.76548,1.102796,5
59.300000,63.79630,12.62046,1.173925,6
59.300000,64.17281,13.51883,1.500000,7
59.300000,64.24000,14.46628,1.560508,8
59.300000,64.25000,15.43806,1.570796,9
59.300000,64.25000,16.43806,1.570796,10
59.300000,64.25000,17.43806,1.570796,11
59.300000,64.25000,18.43806,1.570796,12
59.300000,64.25000,19.43806,1.570796,13
59.300000,64.25000,20.43806,1.570796,14
59.300000,64.25000,21.43806,1.815775,15
59.300000,64.00000,22.43806,2.034444,16
59.300000,63.50000,23.43806,2.034444,17
59.300000,63.00000,24.43806,1.570796,18
59.300000,63.00000,25.43806,1.325818,19
59.300000,63.25000,26.43806,1.325818,20
59.300000,63.50000,27.43806,1.325818,21
59.300000,63.75000,28.43806,1.325818,22
59.300000,64.00000,29.43806,1.325818,23
59.300000,64.25000,30.43806,1.325818,24
59.300000,64.50000,31.43806,1.570796,25
59.300000,64.50000,32.43806,1.570796,26
59.300000,64.50000,33.43806,1.570796,27
59.300000,64.50000,34.43806,1.570796,28
59.300000,64.50000,35.43806,1.570796,29
59.300000,64.50000,36.43806,1.570796,30
59.400000,61.99290,7.54718,1.513474,0
59.400000,62.03943,8.35812,1.368485,1
59.400000,62.22870,9.28082,1.166667,2
59.400000,62.58253,10.10817,1.233333,3
59.400000,62.88046,10.95725,1.031515,4
59.400000,63.36415,11.76548,1.102796,5
59.400000,63.79630,12.62046,1.173925,6
59.400000,64.17281,13.51883,1.500000,7
59.400000,64.24000,14.46628,1.560508,8
59.400000,64.25000,15.43806,1.570796,9
59.400000,64.25000,16.43806,1.570796,10
59.400000,64.25000,17.43806,1.570796,11
59.400000,64.25000,18.43806,1.570796,12
59.400000,64.25000,19.43806,1.570796,13
59.400000,64.25000,20.43806,1.570796,14
59.400000,64.25000,21.43806,1.815775,15
59.400000,64.00000,22.43806,1.815775,16
59.400000,63.75000,23.43806,2.034444,17
59.400000,63.25000,24.43806,1.570796,18
59.400000,63.25000,25.43806,1.325818,19
59.400000,63.50000,26.43806,1.325818,20
59.400000,63.75000,27.43806,1.325818,21
59.400000,64.00000,28.43806,1.325818,22
59.400000,64.25000,29.43806,1.325818,23
59.400000,64.50000,30.43806,1.570796,24
59.400000,64.50000,31.43806,1.570796,25
59.400000,64.50000,32.43806,1.570796,26
59.400000,64.50000,33.43806,1.570796,27
59.400000,64.50000,34.43806,1.570796,28
59.400000,64.50000,35.43806,1.570796,29
59.400000,64.50000,36.43806,1.570796,30
59.500000,61.99751,7.67392,1.339424,0
59.500000,62.25410,8.76305,1.401818,1
59.500000,62.41251,9.69155,1.200000,2
59.500000,62.73857,10.53023,0.998182,3
59.500000,63.24893,11.32189,1.069463,4
59.500000,63.70933,12.16199,1.140591,5
59.500000,64.11558,13.04732,1.211575,6
59.500000,64.46368,13.97431,1.533333,7
59.500000,64.49988,14.94012,1.570672,8
59.500000,64.50000,15.93806,1.570796,9
59.500000,64.50000,16.93806,1.570796,10
59.500000,64.50000,17.93806,1.570796,11
59.500000,64.50000,18.93806,1.570796,12
59.500000,64.50000,19.93806,1.570796,13
59.500000,64.50000,20.93806,1.815775,14
59.500000,64.25000,21.93806,1.815775,15
59.500000,64.00000,22.93806,2.034444,16
59.500000,63.50000,23.93806,1.815775,17
59.500000,63.25000,24.93806,1.570796,18
59.500000,63.25000,25.93806,1.325818,19
59.500000,63.50000,26.93806,1.325818,20
59.500000,63.75000,27.93806,1.325818,21
59.500000,64.00000,28.93806,1.325818,22
59.500000,64.25000,29.93806,1.325818,23
59.500000,64.50000,30.93806,1.570796,24
59.500000,64.50000,31.93806,1.570796,25
59.500000,64.50000,32.93806,1.570796,26
59.500000,64.50000,33.93806,1.570796,27
59.500000,64.50000,34.93806,1.570796,28
59.500000,64.50000,35.93806,1.570796,29
59.500000,64.50000,36.93806,1.570796,30
59.600000,62.06015,7.80678,1.370694,0
59.600000,62.25410,8.76305,1.401818,1
59.600000,62.41251,9.69155,1.200000,2
59.600000,62.73857,10.53023,0.998182,3
59.600000,63.24893,11.32189,1.069463,4
59.600000,63.70933,12.16199,1.140591,5
59.600000,64.11558,13.04732,1.211575,6
59.600000,64.46368,13.97431,1.533333,7
59.600000,64.49988,14.94012,1.570672,8
59.600000,64.50000,15.93806,1.570796,9
59.600000,64.50000,16.93806,1.570796,10
59.600000,64.50000,17.93806,1.570796,11
59.600000,64.50000,18.93806,1.570796,12
59.600000,64.50000,19.93806,1.570796,13
59.600000,64.50000,20.93806,1.815775,14
59.600000,64.25000,21.93806,1.815775,15
59.600000,64.00000,22.93806,2.034444,16
59.600000,63.50000,23.93806,1.815775,17
59.600000,63.25000,24.93806,1.570796,18
59.600000,63.25000,25.93806,1.325818,19
59.600000,63.50000,26.93806,1.325818,20
59.600000,63.75000,27.93806,1.325818,21
59.600000,64.00000,28.93806,1.325818,22
59.600000,64.25000,29.93806,1.325818,23
59.600000,64.50000,30.93806,1.570796,24
59.600000,64.50000,31.93806,1.570796,25
59.600000,64.50000,32.93806,1.570796,26
59.600000,64.50000,33.93806,1.570796,27
59.600000,64.50000,34.93806,1.570796,28
59.600000,64.50000,35.93806,1.570796,29
59.600000,64.50000,36.93806,1.570796,30
59.700000,62.08185,7.94755,1.362636,0
59.700000,62.25410,8.76305,1.401818,1
59.700000,62.41251,9.69155,1.200000,2
59.700000,62.73857,10.53023,0.998182,3
59.700000,63.24893,11.32189,1.069463,4
59.700000,63.70933,12.16199,1.140591,5
59.700000,64.11558,13.04732,1.211575,6
59.700000,64.46368,13.97431,1.533333,7
59.700000,64.49988,14.94012,1.570672,8
59.700000,64.50000,15.93806,1.570796,9
59.700000,64.50000,16.93806,1.570796,10
59.700000,64.50000,17.93806,1.570796,11
59.700000,64.50000,18.93806,1.570796,12
59.700000,64.50000,19.93806,1.570796,13
59.700000,64.50000,20.93806,1.815775,14
59.700000,64.25000,21.93806,1.815775,15
59.700000,64.00000,22.93806,2.034444,16
59.700000,63.50000,23.93806,1.815775,17
59.700000,63.25000,24.93806,1.570796,18
59.700000,63.25000,25.93806,1.325818,19
59.700000,63.50000,26.93806,1.325818,20
59.700000,63.75000,27.93806,1.325818,21
59.700000,64.00000,28.93806,1.325818,22
59.700000,64.25000,29.93806,1.325818,23
59.700000,64.50000,30.93806,1.570796,24
59.700000,64.50000,31.93806,1.570796,25
59.700000,64.50000,32.93806,1.570796,26
59.700000,64.50000,33.93806,1.570796,27
59.700000,64.50000,34.93806,1.570796,28
59.700000,64.50000,35.93806,1.570796,29
59.700000,64.50000,36.93806,1.570796,30
59.800000,62.11680,8.03023,1.385580,0
59.800000,62.25410,8.76305,1.401818,1
59.800000,62.41251,9.69155,1.200000,2
59.800000,62.73857,10.53023,0.998182,3
59.800000,63.24893,11.32189,1.069463,4
59.800000,63.70933,12.16199,1.140591,5
59.800000,64.11558,13.04732,1.211575,6
59.800000,64.46368,13.97431,1.533333,7
59.800000,64.49988,14.94012,1.570672,8
59.800000,64.50000,15.93806,1.570796,9
59.800000,64.50000,16.93806,1.570796,10
59.800000,64.50000,17.93806,1.570796,11
59.800000,64.50000,18.93806,1.570796,12
59.800000,64.50000,19.93806,1.570796,13
59.800000,64.50000,20.93806,1.815775,14
59.800000,64.25000,21.93806,1.815775,15
59.800000,64.00000,22.93806,2.034444,16
59.800000,63.50000,23.93806,1.815775,17
59.800000,63.25000,24.93806,1.570796,18
59.800000,63.25000,25.93806,1.325818,19
59.800000,63.50000,26.93806,1.325818,20
59.800000,63.75000,27.93806,1.325818,21
59.800000,64.00000,28.93806,1.325818,22
59.800000,64.25000,29.93806,1.325818,23
59.800000,64.50000,30.93806,1.570796,24
59.800000,64.50000,31.93806,1.570796,25
59.800000,64.50000,32.93806,1.570796,26
59.800000,64.50000,33.93806,1.570796,27
59.800000,64.50000,34.93806,1.570796,28
59.800000,64.50000,35.93806,1.570796,29
59.800000,64.50000,36.93806,1.570796,30
59.900000,62.09032,8.12945,1.451182,0
59.900000,62.22870,9.28082,1.166667,1
59.900000,62.58253,10.10817,1.233333,2
59.900000,62.88046,10.95725,1.031515,3
59.900000,63.36415,11.76548,1.102796,4
59.900000,63.79630,12.62046,1.173925,5
59.900000,64.17281,13.51883,1.500000,6
59.900000,64.24000,14.46628,1.560508,7
59.900000,64.25000,15.43806,1.570796,8
59.900000,64.25000,16.43806,1.570796,9
59.900000,64.25000,17.43806,1.570796,10
59.900000,64.25000,18.43806,1.570796,11
59.900000,64.25000,19.43806,1.570796,12
59.900000,64.25000,20.43806,1.570796,13
59.900000,64.25000,21.43806,1.815775,14
59.900000,64.00000,22.43806,2.034444,15
59.900000,63.50000,23.43806,2.034444,16
59.900000,63.00000,24.43806,1.570796,17
59.900000,63.00000,25.43806,1.325818,18
59.900000,63.25000,26.43806,1.325818,19
59.900000,63.50000,27.43806,1.325818,20
59.900000,63.75000,28.43806,1.107149,21
59.900000,64.25000,29.43806,1.325818,22
59.900000,64.50000,30.43806,1.325818,23
59.900000,64.75000,31.43806,1.570796,24
59.900000,64.75000,32.43806,1.570796,25
59.900000,64.75000,33.43806,1.570796,26
59.900000,64.75000,34.43806,1.570796,27
59.900000,64.75000,35.43806,1.570796,28
59.900000,64.75000,36.43806,1.570796,29
59.900000,64.75000,37.43806,1.570796,30
60.000000,62.16292,8.23195,1.508170,0
60.000000,62.22870,9.28082,1.166667,1
60.000000,62.58253,10.10817,1.233333,2
60.000000,62.88046,10.95725,1.031515,3
60.000000,63.36415,11.76548,1.102796,4
60.000000,63.79630,12.62046,1.173925,5
60.000000,64.17281,13.51883,1.500000,6
60.000000,64.24000,14.46628,1.560508,7
60.000000,64.25000,15.43806,1.570796,8
60.000000,64.25000,16.43806,1.570796,9
60.000000,64.25000,17.43806,1.570796,10
60.000000,64.25000,18.43806,1.570796,11
60.000000,64.25000,19.43806,1.570796,12
60.000000,64.25000,20.43806,1.570796,13
60.000000,64.25000,21.43806,1.815775,14
60.000000,64.00000,22.43806,1.815775,15
60.000000,63.75000,23.43806,2.034444,16
60.000000,63.25000,24.43806,1.570796,17
60.000000,63.25000,25.43806,1.570796,18
60.000000,63.25000,26.43806,1.325818,19
60.000000,63.50000,27.43806,1.325818,20
60.000000,63.75000,28.43806,1.107149,21
60.000000,64.25000,29.43806,1.325818,22
60.000000,64.50000,30.43806,1.325818,23
60.000000,64.75000,31.43806,1.570796,24
60.000000,64.75000,32.43806,1.570796,25
60.000000,64.75000,33.43806,1.570796,26
60.000000,64.75000,34.43806,1.570796,27
60.000000,64.75000,35.43806,1.570796,28
60.000000,64.75000,36.43806,1.570796,29
60.000000,64.75000,37.43806,1.570796,30
60.100000,62.20050,8.32840,1.541199,0
60.100000,62.22870,9.28082,1.166667,1
60.100000,62.58253,10.10817,1.233333,2
60.100000,62.88046,10.95725,1.031515,3
60.100000,63.36415,11.76548,1.102796,4
60.100000,63.79630,12.62046,1.173925,5
60.100000,64.17281,13.51883,1.500000,6
60.100000,64.24000,14.46628,1.560508,7
60.100000,64.25000,15.43806,1.570796,8
60.100000,64.25000,16.43806,1.570796,9
60.100000,64.25000,17.43806,1.570796,10
60.100000,64.25000,18.43806,1.570796,11
60.100000,64.25000,19.43806,1.570796,12
60.100000,64.25000,20.43806,1.570796,13
60.100000,64.25000,21.43806,1.815775,14
60.100000,64.00000,22.43806,1.815775,15
60.100000,63.75000,23.43806,2.034444,16
60.100000,63.25000,24.43806,1.570796,17
60.100000,63.25000,25.43806,1.325818,18
60.100000,63.50000,26.43806,1.325818,19
60.100000,63.75000,27.43806,1.325818,20
60.100000,64.00000,28.43806,1.325818,21
60.100000,64.25000,29.43806,1.325818,22
60.100000,64.50000,30.43806,1.325818,23
60.100000,64.75000,31.43806,1.570796,24
60.100000,64.75000,32.43806,1.570796,25
60.100000,64.75000,33.43806,1.570796,26
60.100000,64.75000,34.43806,1.570796,27
60.100000,64.75000,35.43806,1.570796,28
60.100000,64.75000,36.43806,1.570796,29
60.100000,64.75000,37.43806,1.570796,30
60.200000,62.27370,8.42575,1.623379,0
60.200000,62.22870,9.28082,1.166667,1
60.200000,62.58253,10.10817,1.233333,2
60.200000,62.88046,10.95725,1.031515,3
60.200000,63.36415,11.76548,1.102796,4
60.200000,63.79630,12.62046,1.173925,5
60.200000,64.17281,13.51883,1.500000,6
60.200000,64.24000,14.46628,1.560508,7
60.200000,64.25000,15.43806,1.570796,8
60.200000,64.25000,16.43806,1.570796,9
60.200000,64.25000,17.43806,1.570796,10
60.200000,64.25000,18.43806,1.570796,11
60.200000,64.25000,19.43806,1.570796,12
60.200000,64.25000,20.43806,1.570796,13
60.200000,64.25000,21.43806,1.815775,14
60.200000,64.00000,22.43806,1.815775,15
60.200000,63.75000,23.43806,2.034444,16
60.200000,63.25000,24.43806,1.570796,17
60.200000,63.25000,25.43806,1.325818,18
60.200000,63.50000,26.43806,1.325818,19
60.200000,63.75000,27.43806,1.325818,20
60.200000,64.00000,28.43806,1.325818,21
60.200000,64.25000,29.43806,1.325818,22
60.200000,64.50000,30.43806,1.325818,23
60.200000,64.75000,31.43806,1.570796,24
60.200000,64.75000,32.43806,1.570796,25
60.200000,64.75000,33.43806,1.570796,26
60.200000,64.75000,34.43806,1.570796,27
60.200000,64.75000,35.43806,1.570796,28
60.200000,64.75000,36.43806,1.570796,29
60.200000,64.75000,37.43806,1.570796,30
60.300000,62.25759,8.51286,1.440117,0
60.300000,62.41251,9.69155,1.200000,1
60.300000,62.73857,10.53023,0.998182,2
60.300000,63.24893,11.32189,1.069463,3
60.300000,63.70933,12.16199,1.140591,4
60.300000,64.11558,13.04732,1.211575,5
60.300000,64.46368,13.97431,1.533333,6
60.300000,64.49988,14.94012,1.570672,7
60.300000,64.50000,15.93806,1.570796,8
60.300000,64.50000,16.93806,1.570796,9
60.300000,64.50000,17.93806,1.570796,10
60.300000,64.50000,18.93806,1.570796,11
60.300000,64.50000,19.93806,1.570796,12
60.300000,64.50000,20.93806,1.815775,13
60.300000,64.25000,21.93806,1.815775,14
60.300000,64.00000,22.93806,2.034444,15
60.300000,63.50000,23.93806,1.815775,16
60.300000,63.25000,24.93806,1.570796,17
60.300000,63.25000,25.93806,1.325818,18
60.300000,63.50000,26.93806,1.325818,19
60.300000,63.75000,27.93806,1.325818,20
60.300000,64.00000,28.93806,1.325818,21
60.300000,64.25000,29.93806,1.325818,22
60.300000,64.50000,30.93806,1.325818,23
60.300000,64.75000,31.93806,1.570796,24
60.300000,64.75000,32.93806,1.570796,25
60.300000,64.75000,33.93806,1.570796,26
60.300000,64.75000,34.93806,1.570796,27
60.300000,64.75000,35.93806,1.570796,28
60.300000,64.75000,36.93806,1.570796,29
60.300000,64.75000,37.93806,1.570796,30
60.404000,62.30874,8.61286,1.474896,0
60.404000,62.41251,9.69155,1.200000,1
60.404000,62.73857,10.53023,0.998182,2
60.404000,63.24893,11.32189,1.069463,3
60.404000,63.70933,12.16199,1.140591,4
60.404000,64.11558,13.04732,1.211575,5
60.404000,64.46368,13.97431,1.533333,6
60.404000,64.49988,14.94012,1.570672,7
60.404000,64.50000,15.93806,1.570796,8
60.404000,64.50000,16.93806,1.570796,9
60.404000,64.50000,17.93806,1.570796,10
60.404000,64.50000,18.93806,1.570796,11
60.404000,64.50000,19.93806,1.570796,12
60.404000,64.50000,20.93806,1.815775,13
60.404000,64.25000,21.93806,1.815775,14
60.404000,64.00000,22.93806,2.034444,15
60.404000,63.50000,23.93806,1.815775,16
60.404000,63.25000,24.93806,1.570796,17
60.404000,63.25000,25.93806,1.325818,18
60.404000,63.50000,26.93806,1.325818,19
60.404000,63.75000,27.93806,1.325818,20
60.404000,64.00000,28.93806,1.325818,21
60.404000,64.25000,29.93806,1.325818,22
60.404000,64.50000,30.93806,1.325818,23
60.404000,64.75000,31.93806,1.570796,24
60.404000,64.75000,32.93806,1.570796,25
60.404000,64.75000,33.93806,1.570796,26
60.404000,64.75000,34.93806,1.570796,27
60.404000,64.75000,35.93806,1.570796,28
60.404000,64.75000,36.93806,1.570796,29
60.404000,64.75000,37.93806,1.570796,30
60.502000,62.39372,8.71917,1.551475,0
60.502000,62.41251,9.69155,1.200000,1
60.502000,62.73857,10.53023,0.998182,2
60.502000,63.24893,11.32189,1.069463,3
60.502000,63.70933,12.16199,1.140591,4
60.502000,64.11558,13.04732,1.211575,5
60.502000,64.46368,13.97431,1.533333,6
60.502000,64.49988,14.94012,1.570672,7
60.502000,64.50000,15.93806,1.570796,8
60.502000,64.50000,16.93806,1.570796,9
60.502000,64.50000,17.93806,1.570796,10
60.502000,64.50000,18.93806,1.570796,11
60.502000,64.50000,19.93806,1.570796,12
60.502000,64.50000,20.93806,1.815775,13
60.502000,64.25000,21.93806,1.815775,14
60.502000,64.00000,22.93806,2.034444,15
60.502000,63.50000,23.93806,1.815775,16
60.502000,63.25000,24.93806,1.570796,17
60.502000,63.25000,25.93806,1.325818,18
60.502000,63.50000,26.93806,1.325818,19
60.502000,63.75000,27.93806,1.325818,20
60.502000,64.00000,28.93806,1.325818,21
60.502000,64.25000,29.93806,1.325818,22
60.502000,64.50000,30.93806,1.325818,23
60.502000,64.75000,31.93806,1.570796,24
60.502000,64.75000,32.93806,1.570796,25
60.502000,64.75000,33.93806,1.570796,26
60.502000,64.75000,34.93806,1.570796,27
60.502000,64.75000,35.93806,1.570796,28
60.502000,64.75000,36.93806,1.570796,29
60.502000,64.75000,37.93806,1.570796,30
60.604000,62.40425,8.83418,1.561169,0
60.604000,62.41251,9.69155,1.200000,1
60.604000,62.73857,10.53023,0.998182,2
60.604000,63.24893,11.32189,1.069463,3
60.604000,63.70933,12.16199,1.140591,4
60.604000,64.11558,13.04732,1.466667,5
60.604000,64.21430,13.99199,1.533333,6
60.604000,64.24988,14.94115,1.570674,7
60.604000,64.25000,15.93806,1.570796,8
60.604000,64.25000,16.93806,1.570796,9
60.604000,64.25000,17.93806,1.570796,10
60.604000,64.25000,18.93806,1.570796,11
60.604000,64.25000,19.93806,1.570796,12
60.604000,64.25000,20.93806,1.815775,13
60.604000,64.00000,21.93806,1.815775,14
60.604000,63.75000,22.93806,2.034444,15
60.604000,63.25000,23.93806,1.570796,16
60.604000,63.25000,24.93806,1.570796,17
60.604000,63.25000,25.93806,1.325818,18
60.604000,63.50000,26.93806,1.325818,19
60.604000,63.75000,27.93806,1.325818,20
60.604000,64.00000,28.93806,1.325818,21
60.604000,64.25000,29.93806,1.325818,22
60.604000,64.50000,30.93806,1.325818,23
60.604000,64.75000,31.93806,1.570796,24
60.604000,64.75000,32.93806,1.570796,25
60.604000,64.75000,33.93806,1.570796,26
60.604000,64.75000,34.93806,1.570796,27
60.604000,64.75000,35.93806,1.570796,28
60.604000,64.75000,36.93806,1.570796,29
60.604000,64.75000,37.93806,1.570796,30
60.700000,62.42063,8.96354,1.212324,0
60.700000,62.81554,10.01758,1.233333,1
60.700000,63.11898,10.88239,1.036130,2
60.700000,63.60713,11.70667,1.107258,3
60.700000,64.04266,12.57797,1.178241,4
60.700000,64.42146,13.49285,1.500000,5
60.700000,64.48983,14.45691,1.560427,6
60.700000,64.50000,15.43806,1.570796,7
60.700000,64.50000,16.43806,1.570796,8
60.700000,64.50000,17.43806,1.570796,9
60.700000,64.50000,18.43806,1.570796,10
60.700000,64.50000,19.43806,1.570796,11
60.700000,64.50000,20.43806,1.815775,12
60.700000,64.25000,21.43806,1.815775,13
60.700000,64.00000,22.43806,1.815775,14
60.700000,63.75000,23.43806,2.034444,15
60.700000,63.25000,24.43806,1.570796,16
60.700000,63.25000,25.43806,1.325818,17
60.700000,63.50000,26.43806,1.325818,18
60.700000,63.75000,27.43806,1.325818,19
60.700000,64.00000,28.43806,1.325818,20
60.700000,64.25000,29.43806,1.325818,21
60.700000,64.50000,30.43806,1.325818,22
60.700000,64.75000,31.43806,1.570796,23
60.700000,64.75000,32.43806,1.570796,24
60.700000,64.75000,33.43806,1.570796,25
60.700000,64.75000,34.43806,1.570796,26
60.700000,64.75000,35.43806,1.570796,27
60.700000,64.75000,36.43806,1.570796,28
60.700000,64.75000,37.43806,1.570796,29
60.700000,64.75000,38.43806,1.570796,30
60.800000,62.43718,9.15309,1.419775,0
60.800000,62.58253,10.10817,1.233333,1
60.800000,62.88046,10.95725,1.031515,2
60.800000,63.36415,11.76548,1.102796,3
60.800000,63.79630,12.62046,1.173925,4
60.800000,64.17281,13.51883,1.500000,5
60.800000,64.24000,14.46628,1.560508,6
60.800000,64.25000,15.43806,1.570796,7
60.800000,64.25000,16.43806,1.570796,8
60.800000,64.25000,17.43806,1.570796,9
60.800000,64.25000,18.43806,1.570796,10
60.800000,64.25000,19.43806,1.570796,11
60.800000,64.25000,20.43806,1.570796,12
60.800000,64.25000,21.43806,1.815775,13
60.800000,64.00000,22.43806,2.034444,14
60.800000,63.50000,23.43806,2.034444,15
60.800000,63.00000,24.43806,1.570796,16
60.800000,63.00000,25.43806,1.325818,17
60.800000,63.25000,26.43806,1.325818,18
60.800000,63.50000,27.43806,1.325818,19
60.800000,63.75000,28.43806,1.107149,20
60.800000,64.25000,29.43806,1.325818,21
60.800000,64.50000,30.43806,1.325818,22
60.800000,64.75000,31.43806,1.570796,23
60.800000,64.75000,32.43806,1.570796,24
60.800000,64.75000,33.43806,1.570796,25
60.800000,64.75000,34.43806,1.570796,26
60.800000,64.75000,35.43806,1.570796,27
60.800000,64.75000,36.43806,1.570796,28
60.800000,64.75000,37.43806,1.570796,29
60.800000,64.75000,38.43806,1.570796,30
60.902000,62.46147,9.25465,1.429905,0
60.902000,62.58253,10.10817,1.233333,1
60.902000,62.88046,10.95725,1.031515,2
60.902000,63.36415,11.76548,1.102796,3
60.902000,63.79630,12.62046,1.173925,4
60.902000,64.17281,13.51883,1.500000,5
60.902000,64.24000,14.46628,1.560508,6
60.902000,64.25000,15.43806,1.570796,7
60.902000,64.25000,16.43806,1.570796,8
60.902000,64.25000,17.43806,1.570796,9
60.902000,64.25000,18.43806,1.570796,10
60.902000,64.25000,19.43806,1.570796,11
60.902000,64.25000,20.43806,1.570796,12
60.902000,64.25000,21.43806,1.815775,13
60.902000,64.00000,22.43806,2.034444,14
60.902000,63.50000,23.43806,2.034444,15
60.902000,63.00000,24.43806,1.570796,16
60.902000,63.00000,25.43806,1.325818,17
60.902000,63.25000,26.43806,1.325818,18
60.902000,63.50000,27.43806,1.325818,19
60.902000,63.75000,28.43806,1.107149,20
60.902000,64.25000,29.43806,1.325818,21
60.902000,64.50000,30.43806,1.325818,22
60.902000,64.75000,31.43806,1.570796,23
60.902000,64.75000,32.43806,1.570796,24
60.902000,64.75000,33.43806,1.570796,25
60.902000,64.75000,34.43806,1.570796,26
60.902000,64.75000,35.43806,1.570796,27
60.902000,64.75000,36.43806,1.570796,28
60.902000,64.75000,37.43806,1.570796,29
60.902000,64.75000,38.43806,1.570796,30
61.000000,62.52081,9.47564,1.134048,0
61.000000,62.97447,10.44745,1.266667,1
61.000000,63.24893,11.32189,1.069463,2
61.000000,63.70933,12.16199,1.140591,3
61.000000,64.11558,13.04732,1.211575,4
61.000000,64.46368,13.97431,1.533333,5
61.000000,64.49988,14.94012,1.570672,6
61.000000,64.50000,15.93806,1.570796,7
61.000000,64.50000,16.93806,1.570796,8
61.000000,64.50000,17.93806,1.570796,9
61.000000,64.50000,18.93806,1.570796,10
61.000000,64.50000,19.93806,1.570796,11
61.000000,64.50000,20.93806,1.815775,12
61.000000,64.25000,21.93806,1.815775,13
61.000000,64.00000,22.93806,2.034444,14
61.000000,63.50000,23.93806,1.815775,15
61.000000,63.25000,24.93806,1.570796,16
61.000000,63.25000,25.93806,1.325818,17
61.000000,63.50000,26.93806,1.325818,18
61.000000,63.75000,27.93806,1.325818,19
61.000000,64.00000,28.93806,1.325818,20
61.000000,64.25000,29.93806,1.325818,21
61.000000,64.50000,30.93806,1.325818,22
61.000000,64.75000,31.93806,1.570796,23
61.000000,64.75000,32.93806,1.570796,24
61.000000,64.75000,33.93806,1.570796,25
61.000000,64.75000,34.93806,1.570796,26
61.000000,64.75000,35.93806,1.570796,27
61.000000,64.75000,36.93806,1.570796,28
61.000000,64.75000,37.93806,1.570796,29
61.000000,64.75000,38.93806,1.570796,30
61.100000,62.51254,9.65918,1.040729,0
61.100000,62.97447,10.44745,1.266667,1
61.100000,63.24893,11.32189,1.069463,2
61.100000,63.70933,12.16199,1.140591,3
61.100000,64.11558,13.04732,1.211575,4
61.100000,64.46368,13.97431,1.533333,5
61.100000,64.49988,14.94012,1.570672,6
61.100000,64.50000,15.93806,1.570796,7
61.100000,64.50000,16.93806,1.570796,8
61.100000,64.50000,17.93806,1.570796,9
61.100000,64.50000,18.93806,1.570796,10
61.100000,64.50000,19.93806,1.570796,11
61.100000,64.50000,20.93806,1.815775,12
61.100000,64.25000,21.93806,1.815775,13
61.100000,64.00000,22.93806,2.034444,14
61.100000,63.50000,23.93806,1.815775,15
61.100000,63.25000,24.93806,1.570796,16
61.100000,63.25000,25.93806,1.325818,17
61.100000,63.50000,26.93806,1.325818,18
61.100000,63.75000,27.93806,1.325818,19
61.100000,64.00000,28.93806,1.325818,20
61.100000,64.25000,29.93806,1.325818,21
61.100000,64.50000,30.93806,1.325818,22
61.100000,64.75000,31.93806,1.570796,23
61.100000,64.75000,32.93806,1.570796,24
61.100000,64.75000,33.93806,1.570796,25
61.100000,64.75000,34.93806,1.570796,26
61.100000,64.75000,35.93806,1.570796,27
61.100000,64.75000,36.93806,1.570796,28
61.100000,64.75000,37.93806,1.570796,29
61.100000,64.75000,38.93806,1.570796,30
61.200000,62.54412,9.80797,0.978449,0
61.200000,62.97447,10.44745,1.266667,1
61.200000,63.24893,11.32189,1.069463,2
61.200000,63.70933,12.16199,1.140591,3
61.200000,64.11558,13.04732,1.466667,4
61.200000,64.21430,13.99199,1.533333,5
61.200000,64.24988,14.94115,1.570674,6
61.200000,64.25000,15.93806,1.570796,7
61.200000,64.25000,16.93806,1.570796,8
61.200000,64.25000,17.93806,1.570796,9
61.200000,64.25000,18.93806,1.570796,10
61.200000,64.25000,19.93806,1.570796,11
61.200000,64.25000,20.93806,1.815775,12
61.200000,64.00000,21.93806,1.815775,13
61.200000,63.75000,22.93806,2.034444,14
61.200000,63.25000,23.93806,1.570796,15
61.200000,63.25000,24.93806,1.570796,16
61.200000,63.25000,25.93806,1.325818,17
61.200000,63.50000,26.93806,1.325818,18
61.200000,63.75000,27.93806,1.325818,19
61.200000,64.00000,28.93806,1.325818,20
61.200000,64.25000,29.93806,1.325818,21
61.200000,64.50000,30.93806,1.325818,22
61.200000,64.75000,31.93806,1.570796,23
61.200000,64.75000,32.93806,1.570796,24
61.200000,64.75000,33.93806,1.570796,25
61.200000,64.75000,34.93806,1.570796,26
61.200000,64.75000,35.93806,1.570796,27
61.200000,64.75000,36.93806,1.570796,28
61.200000,64.75000,37.93806,1.570796,29
61.200000,64.75000,38.93806,1.570796,30
61.300000,62.50689,10.04702,0.938443,0
61.300000,63.11898,10.88239,1.300000,1
61.300000,63.36415,11.76548,1.102796,2
61.300000,63.79630,12.62046,1.173925,3
61.300000,64.17281,13.51883,1.500000,4
61.300000,64.24000,14.46628,1.560508,5
61.300000,64.25000,15.43806,1.570796,6
61.300000,64.25000,16.43806,1.570796,7
61.300000,64.25000,17.43806,1.570796,8
61.300000,64.25000,18.43806,1.570796,9
61.300000,64.25000,19.43806,1.570796,10
61.300000,64.25000,20.43806,1.570796,11
61.300000,64.25000,21.43806,1.815775,12
61.300000,64.00000,22.43806,1.815775,13
61.300000,63.75000,23.43806,2.034444,14
61.300000,63.25000,24.43806,1.570796,15
61.300000,63.25000,25.43806,1.325818,16
61.300000,63.50000,26.43806,1.325818,17
61.300000,63.75000,27.43806,1.325818,18
61.300000,64.00000,28.43806,1.325818,19
61.300000,64.25000,29.43806,1.325818,20
61.300000,64.50000,30.43806,1.325818,21
61.300000,64.75000,31.43806,1.570796,22
61.300000,64.75000,32.43806,1.570796,23
61.300000,64.75000,33.43806,1.570796,24
61.300000,64.75000,34.43806,1.570796,25
61.300000,64.75000,35.43806,1.570796,26
61.300000,64.75000,36.43806,1.570796,27
61.300000,64.75000,37.43806,1.570796,28
61.300000,64.75000,38.43806,1.570796,29
61.300000,64.75000,39.43806,1.570796,30
61.400000,62.56844,10.25209,0.852829,0
61.400000,63.11898,10.88239,1.036130,1
61.400000,63.60713,11.70667,1.107258,2
61.400000,64.04266,12.57797,1.178241,3
61.400000,64.42146,13.49285,1.500000,4
61.400000,64.48983,14.45691,1.560427,5
61.400000,64.50000,15.43806,1.570796,6
61.400000,64.50000,16.43806,1.570796,7
61.400000,64.50000,17.43806,1.570796,8
61.400000,64.50000,18.43806,1.570796,9
61.400000,64.50000,19.43806,1.570796,10
61.400000,64.50000,20.43806,1.815775,11
61.400000,64.25000,21.43806,1.815775,12
61.400000,64.00000,22.43806,1.815775,13
61.400000,63.75000,23.43806,2.034444,14
61.400000,63.25000,24.43806,1.570796,15
61.400000,63.25000,25.43806,1.325818,16
61.400000,63.50000,26.43806,1.325818,17
61.400000,63.75000,27.43806,1.325818,18
61.400000,64.00000,28.43806,1.325818,19
61.400000,64.25000,29.43806,1.325818,20
61.400000,64.50000,30.43806,1.325818,21
61.400000,64.75000,31.43806,1.570796,22
61.400000,64.75000,32.43806,1.570796,23
61.400000,64.75000,33.43806,1.570796,24
61.400000,64.75000,34.43806,1.570796,25
61.400000,64.75000,35.43806,1.570796,26
61.400000,64.75000,36.43806,1.570796,27
61.400000,64.75000,37.43806,1.570796,28
61.400000,64.75000,38.43806,1.570796,29
61.400000,64.75000,39.43806,1.570796,30
61.500000,62.57658,10.49034,0.890871,0
61.500000,63.24893,11.32189,1.069463,1
61.500000,63.70933,12.16199,1.140591,2
61.500000,64.11558,13.04732,1.211575,3
61.500000,64.46368,13.97431,1.533333,4
61.500000,64.49988,14.94012,1.570672,5
61.500000,64.50000,15.93806,1.570796,6
61.500000,64.50000,16.93806,1.570796,7
61.500000,64.50000,17.93806,1.570796,8
61.500000,64.50000,18.93806,1.570796,9
61.500000,64.50000,19.93806,1.570796,10
61.500000,64.50000,20.93806,1.815775,11
61.500000,64.25000,21.93806,1.815775,12
61.500000,64.00000,22.93806,2.034444,13
61.500000,63.50000,23.93806,1.815775,14
61.500000,63.25000,24.93806,1.570796,15
61.500000,63.25000,25.93806,1.325818,16
61.500000,63.50000,26.93806,1.325818,17
61.500000,63.75000,27.93806,1.325818,18
61.500000,64.00000,28.93806,1.325818,19
61.500000,64.25000,29.93806,1.325818,20
61.500000,64.50000,30.93806,1.325818,21
61.500000,64.75000,31.93806,1.570796,22
61.500000,64.75000,32.93806,1.570796,23
61.500000,64.75000,33.93806,1.570796,24
61.500000,64.75000,34.93806,1.570796,25
61.500000,64.75000,35.93806,1.570796,26
61.500000,64.75000,36.93806,1.570796,27
61.500000,64.75000,37.93806,1.570796,28
61.500000,64.75000,38.93806,1.570796,29
61.500000,64.75000,39.93806,1.570796,30
61.600000,62.59287,10.77153,0.698005,0
61.600000,63.24893,11.32189,1.069463,1
61.600000,63.70933,12.16199,1.140591,2
61.600000,64.11558,13.04732,1.211575,3
61.600000,64.46368,13.97431,1.533333,4
61.600000,64.49988,14.94012,1.570672,5
61.600000,64.50000,15.93806,1.570796,6
61.600000,64.50000,16.93806,1.570796,7
61.600000,64.50000,17.93806,1.570796,8
61.600000,64.50000,18.93806,1.570796,9
61.600000,64.50000,19.93806,1.570796,10
61.600000,64.50000,20.93806,1.815775,11
61.600000,64.25000,21.93806,1.815775,12
61.600000,64.00000,22.93806,2.034444,13
61.600000,63.50000,23.93806,1.815775,14
61.600000,63.25000,24.93806,1.570796,15
61.600000,63.25000,25.93806,1.325818,16
61.600000,63.50000,26.93806,1.325818,17
61.600000,63.75000,27.93806,1.325818,18
61.600000,64.00000,28.93806,1.325818,19
61.600000,64.25000,29.93806,1.325818,20
61.600000,64.50000,30.93806,1.325818,21
61.600000,64.75000,31.93806,1.570796,22
61.600000,64.75000,32.93806,1.570796,23
61.600000,64.75000,33.93806,1.570796,24
61.600000,64.75000,34.93806,1.570796,25
61.600000,64.75000,35.93806,1.570796,26
61.600000,64.75000,36.93806,1.570796,27
61.600000,64.75000,37.93806,1.570796,28
61.600000,64.75000,38.93806,1.570796,29
61.600000,64.75000,39.93806,1.570796,30
61.700000,62.59011,10.95419,0.808898,0
61.700000,63.36415,11.76548,1.102796,1
61.700000,63.79630,12.62046,1.173925,2
61.700000,64.17281,13.51883,1.500000,3
61.700000,64.24000,14.46628,1.560508,4
61.700000,64.25000,15.43806,1.570796,5
61.700000,64.25000,16.43806,1.570796,6
61.700000,64.25000,17.43806,1.570796,7
61.700000,64.25000,18.43806,1.570796,8
61.700000,64.25000,19.43806,1.570796,9
61.700000,64.25000,20.43806,1.570796,10
61.700000,64.25000,21.43806,1.815775,11
61.700000,64.00000,22.43806,1.815775,12
61.700000,63.75000,23.43806,2.034444,13
61.700000,63.25000,24.43806,1.570796,14
61.700000,63.25000,25.43806,1.325818,15
61.700000,63.50000,26.43806,1.325818,16
61.700000,63.75000,27.43806,1.325818,17
61.700000,64.00000,28.43806,1.325818,18
61.700000,64.25000,29.43806,1.325818,19
61.700000,64.50000,30.43806,1.325818,20
61.700000,64.75000,31.43806,1.570796,21
61.700000,64.75000,32.43806,1.570796,22
61.700000,64.75000,33.43806,1.570796,23
61.700000,64.75000,34.43806,1.570796,24
61.700000,64.75000,35.43806,1.570796,25
61.700000,64.75000,36.43806,1.570796,26
61.700000,64.75000,37.43806,1.570796,27
61.700000,64.75000,38.43806,1.570796,28
61.700000,64.75000,39.43806,1.570796,29
61.700000,64.75000,40.43806,1.570796,30
61.800000,62.62091,11.18359,0.664241,0
61.800000,63.36415,11.76548,1.102796,1
61.800000,63.79630,12.62046,1.173925,2
61.800000,64.17281,13.51883,1.500000,3
61.800000,64.24000,14.46628,1.560508,4
61.800000,64.25000,15.43806,1.570796,5
61.800000,64.25000,16.43806,1.570796,6
61.800000,64.25000,17.43806,1.570796,7
61.800000,64.25000,18.43806,1.570796,8
61.800000,64.25000,19.43806,1.570796,9
61.800000,64.25000,20.43806,1.570796,10
61.800000,64.25000,21.43806,1.815775,11
61.800000,64.00000,22.43806,1.815775,12
61.800000,63.75000,23.43806,2.034444,13
61.800000,63.25000,24.43806,1.570796,14
61.800000,63.25000,25.43806,1.570796,15
61.800000,63.25000,26.43806,1.325818,16
61.800000,63.50000,27.43806,1.107149,17
61.800000,64.00000,28.43806,1.325818,18
61.800000,64.25000,29.43806,1.325818,19
61.800000,64.50000,30.43806,1.325818,20
61.800000,64.75000,31.43806,1.570796,21
61.800000,64.75000,32.43806,1.570796,22
61.800000,64.75000,33.43806,1.570796,23
61.800000,64.75000,34.43806,1.570796,24
61.800000,64.75000,35.43806,1.570796,25
61.800000,64.75000,36.43806,1.570796,26
61.800000,64.75000,37.43806,1.570796,27
61.800000,64.75000,38.43806,1.570796,28
61.800000,64.75000,39.43806,1.570796,29
61.800000,64.75000,40.43806,1.570796,30
61.900000,62.67015,11.39578,0.799377,0
61.900000,63.46452,12.21267,1.136130,1
61.900000,63.86794,13.08157,1.207258,2
61.900000,64.21430,13.99199,1.533333,3
61.900000,64.24988,14.94115,1.570674,4
61.900000,64.25000,15.93806,1.570796,5
61.900000,64.25000,16.93806,1.570796,6
61.900000,64.25000,17.93806,1.570796,7
61.900000,64.25000,18.93806,1.570796,8
61.900000,64.25000,19.93806,1.570796,9
61.900000,64.25000,20.93806,1.815775,10
61.900000,64.00000,21.93806,1.815775,11
61.900000,63.75000,22.93806,2.034444,12
61.900000,63.25000,23.93806,1.570796,13
61.900000,63.25000,24.93806,1.570796,14
61.900000,63.25000,25.93806,1.325818,15
61.900000,63.50000,26.93806,1.325818,16
61.900000,63.75000,27.93806,1.325818,17
61.900000,64.00000,28.93806,1.325818,18
61.900000,64.25000,29.93806,1.325818,19
61.900000,64.50000,30.93806,1.325818,20
61.900000,64.75000,31.93806,1.570796,21
61.900000,64.75000,32.93806,1.570796,22
61.900000,64.75000,33.93806,1.570796,23
61.900000,64.75000,34.93806,1.570796,24
61.900000,64.75000,35.93806,1.570796,25
61.900000,64.75000,36.93806,1.570796,26
61.900000,64.75000,37.93806,1.570796,27
61.900000,64.75000,38.93806,1.570796,28
61.900000,64.75000,39.93806,1.570796,29
61.900000,64.75000,40.93806,1.570796,30
62.000000,62.74854,11.63362,0.680057,0
62.000000,63.46452,12.21267,1.136130,1
62.000000,63.86794,13.08157,1.207258,2
62.000000,64.21430,13.99199,1.533333,3
62.000000,64.24988,14.94115,1.570674,4
62.000000,64.25000,15.93806,1.570796,5
62.000000,64.25000,16.93806,1.570796,6
62.000000,64.25000,17.93806,1.570796,7
62.000000,64.25000,18.93806,1.570796,8
62.000000,64.25000,19.93806,1.570796,9
62.000000,64.25000,20.93806,1.815775,10
62.000000,64.00000,21.93806,1.815775,11
62.000000,63.75000,22.93806,2.034444,12
62.000000,63.25000,23.93806,1.570796,13
62.000000,63.25000,24.93806,1.570796,14
62.000000,63.25000,25.93806,1.325818,15
62.000000,63.50000,26.93806,1.325818,16
62.000000,63.75000,27.93806,1.325818,17
62.000000,64.00000,28.93806,1.325818,18
62.000000,64.25000,29.93806,1.325818,19
62.000000,64.50000,30.93806,1.325818,20
62.000000,64.75000,31.93806,1.570796,21
62.000000,64.75000,32.93806,1.570796,22
62.000000,64.75000,33.93806,1.570796,23
62.000000,64.75000,34.93806,1.570796,24
62.000000,64.75000,35.93806,1.570796,25
62.000000,64.75000,36.93806,1.570796,26
62.000000,64.75000,37.93806,1.570796,27
62.000000,64.75000,38.93806,1.570796,28
62.000000,64.75000,39.93806,1.570796,29
62.000000,64.75000,40.93806,1.570796,30
62.100000,62.79404,11.85668,0.817638,0
62.100000,63.54993,12.66295,1.169463,1
62.100000,63.92417,13.54482,1.240591,2
62.100000,64.24000,14.46628,1.560508,3
62.100000,64.25000,15.43806,1.570796,4
62.100000,64.25000,16.43806,1.570796,5
62.100000,64.25000,17.43806,1.570796,6
62.100000,64.25000,18.43806,1.570796,7
62.100000,64.25000,19.43806,1.570796,8
62.100000,64.25000,20.43806,1.570796,9
62.100000,64.25000,21.43806,1.815775,10
62.100000,64.00000,22.43806,1.815775,11
62.100000,63.75000,23.43806,2.034444,12
62.100000,63.25000,24.43806,1.570796,13
62.100000,63.25000,25.43806,1.325818,14
62.100000,63.50000,26.43806,1.325818,15
62.100000,63.75000,27.43806,1.325818,16
62.100000,64.00000,28.43806,1.325818,17
62.100000,64.25000,29.43806,1.325818,18
62.100000,64.50000,30.43806,1.325818,19
62.100000,64.75000,31.43806,1.570796,20
62.100000,64.75000,32.43806,1.570796,21
62.100000,64.75000,33.43806,1.570796,22
62.100000,64.75000,34.43806,1.570796,23
62.100000,64.75000,35.43806,1.570796,24
62.100000,64.75000,36.43806,1.570796,25
62.100000,64.75000,37.43806,1.570796,26
62.100000,64.75000,38.43806,1.570796,27
62.100000,64.75000,39.43806,1.570796,28
62.100000,64.75000,40.43806,1.570796,29
62.100000,64.75000,41.43806,1.570796,30
62.200000,62.86978,12.04416,0.738194,0
62.200000,63.54993,12.66295,1.169463,1
62.200000,63.92417,13.54482,1.240591,2
62.200000,64.24000,14.46628,1.560508,3
62.200000,64.25000,15.43806,1.570796,4
62.200000,64.25000,16.43806,1.570796,5
62.200000,64.25000,17.43806,1.570796,6
62.200000,64.25000,18.43806,1.570796,7
62.200000,64.25000,19.43806,1.570796,8
62.200000,64.25000,20.43806,1.570796,9
62.200000,64.25000,21.43806,1.815775,10
62.200000,64.00000,22.43806,1.815775,11
62.200000,63.75000,23.43806,2.034444,12
62.200000,63.25000,24.43806,1.570796,13
62.200000,63.25000,25.43806,1.325818,14
62.200000,63.50000,26.43806,1.325818,15
62.200000,63.75000,27.43806,1.325818,16
62.200000,64.00000,28.43806,1.325818,17
62.200000,64.25000,29.43806,1.325818,18
62.200000,64.50000,30.43806,1.325818,19
62.200000,64.75000,31.43806,1.570796,20
62.200000,64.75000,32.43806,1.570796,21
62.200000,64.75000,33.43806,1.570796,22
62.200000,64.75000,34.43806,1.570796,23
62.200000,64.75000,35.43806,1.570796,24
62.200000,64.75000,36.43806,1.570796,25
62.200000,64.75000,37.43806,1.570796,26
62.200000,64.75000,38.43806,1.570796,27
62.200000,64.75000,39.43806,1.570796,28
62.200000,64.75000,40.43806,1.570796,29
62.200000,64.75000,41.43806,1.570796,30
62.300000,62.96243,12.27645,0.906043,0
62.300000,63.62029,13.11583,1.202796,1
62.300000,63.96493,14.00968,1.273925,2
62.300000,64.24988,14.94115,1.570674,3
62.300000,64.25000,15.93806,1.570796,4
62.300000,64.25000,16.93806,1.570796,5
62.300000,64.25000,17.93806,1.570796,6
62.300000,64.25000,18.93806,1.570796,7
62.300000,64.25000,19.93806,1.570796,8
62.300000,64.25000,20.93806,1.815775,9
62.300000,64.00000,21.93806,1.815775,10
62.300000,63.75000,22.93806,2.034444,11
62.300000,63.25000,23.93806,1.570796,12
62.300000,63.25000,24.93806,1.570796,13
62.300000,63.25000,25.93806,1.325818,14
62.300000,63.50000,26.93806,1.325818,15
62.300000,63.75000,27.93806,1.325818,16
62.300000,64.00000,28.93806,1.325818,17
62.300000,64.25000,29.93806,1.325818,18
62.300000,64.50000,30.93806,1.325818,19
62.300000,64.75000,31.93806,1.570796,20
62.300000,64.75000,32.93806,1.570796,21
62.300000,64.75000,33.93806,1.570796,22
62.300000,64.75000,34.93806,1.570796,23
62.300000,64.75000,35.93806,1.570796,24
62.300000,64.75000,36.93806,1.570796,25
62.300000,64.75000,37.93806,1.570796,26
62.300000,64.75000,38.93806,1.570796,27
62.300000,64.75000,39.93806,1.570796,28
62.300000,64.75000,40.93806,1.570796,29
62.400000,63.04622,12.45131,0.654296,0
62.400000,63.86794,13.08157,1.207258,1
62.400000,64.21430,13.99199,1.533333,2
62.400000,64.24988,14.94115,1.570674,3
62.400000,64.25000,15.93806,1.570796,4
62.400000,64.25000,16.93806,1.570796,5
62.400000,64.25000,17.93806,1.570796,6
62.400000,64.25000,18.93806,1.570796,7
62.400000,64.25000,19.93806,1.570796,8
62.400000,64.25000,20.93806,1.815775,9
62.400000,64.00000,21.93806,1.815775,10
62.400000,63.75000,22.93806,2.034444,11
62.400000,63.25000,23.93806,1.570796,12
62.400000,63.25000,24.93806,1.570796,13
62.400000,63.25000,25.93806,1.325818,14
62.400000,63.50000,26.93806,1.325818,15
62.400000,63.75000,27.93806,1.325818,16
62.400000,64.00000,28.93806,1.325818,17
62.400000,64.25000,29.93806,1.325818,18
62.400000,64.50000,30.93806,1.325818,19
62.400000,64.75000,31.93806,1.570796,20
62.400000,64.75000,32.93806,1.570796,21
62.400000,64.75000,33.93806,1.570796,22
62.400000,64.75000,34.93806,1.570796,23
62.400000,64.75000,35.93806,1.570796,24
62.400000,64.75000,36.93806,1.570796,25
62.400000,64.75000,37.93806,1.570796,26
62.400000,64.75000,38.93806,1.570796,27
62.400000,64.75000,39.93806,1.570796,28
62.400000,64.75000,40.93806,1.570796,29
62.500000,63.11968,12.63629,0.846060,0
62.500000,63.92417,13.54482,1.240591,1
62.500000,64.24000,14.46628,1.560508,2
62.500000,64.25000,15.43806,1.570796,3
62.500000,64.25000,16.43806,1.570796,4
62.500000,64.25000,17.43806,1.570796,5
62.500000,64.25000,18.43806,1.570796,6
62.500000,64.25000,19.43806,1.570796,7
62.500000,64.25000,20.43806,1.570796,8
62.500000,64.25000,21.43806,1.815775,9
62.500000,64.00000,22.43806,1.815775,10
62.500000,63.75000,23.43806,2.034444,11
62.500000,63.25000,24.43806,1.570796,12
62.500000,63.25000,25.43806,1.325818,13
62.500000,63.50000,26.43806,1.325818,14
62.500000,63.75000,27.43806,1.325818,15
62.500000,64.00000,28.43806,1.325818,16
62.500000,64.25000,29.43806,1.325818,17
62.500000,64.50000,30.43806,1.325818,18
62.500000,64.75000,31.43806,1.570796,19
62.500000,64.75000,32.43806,1.570796,20
62.500000,64.75000,33.43806,1.570796,21
62.500000,64.75000,34.43806,1.570796,22
62.500000,64.75000,35.43806,1.570796,23
62.500000,64.75000,36.43806,1.570796,24
62.500000,64.75000,37.43806,1.570796,25
62.500000,64.75000,38.43806,1.570796,26
62.500000,64.75000,39.43806,1.570796,27
62.500000,64.75000,40.43806,1.570796,28
62.500000,64.75000,41.43806,1.570796,29
62.600000,63.25706,12.86357,0.795884,0
62.600000,63.92417,13.54482,1.240591,1
62.600000,64.24000,14.46628,1.560508,2
62.600000,64.25000,15.43806,1.570796,3
62.600000,64.25000,16.43806,1.570796,4
62.600000,64.25000,17.43806,1.570796,5
62.600000,64.25000,18.43806,1.570796,6
62.600000,64.25000,19.43806,1.570796,7
62.600000,64.25000,20.43806,1.570796,8
62.600000,64.25000,21.43806,1.815775,9
62.600000,64.00000,22.43806,1.815775,10
62.600000,63.75000,23.43806,2.034444,11
62.600000,63.25000,24.43806,1.570796,12
62.600000,63.25000,25.43806,1.325818,13
62.600000,63.50000,26.43806,1.325818,14
62.600000,63.75000,27.43806,1.325818,15
62.600000,64.00000,28.43806,1.325818,16
62.600000,64.25000,29.43806,1.325818,17
62.600000,64.50000,30.43806,1.325818,18
62.600000,64.75000,31.43806,1.570796,19
62.600000,64.75000,32.43806,1.570796,20
62.600000,64.75000,33.43806,1.570796,21
62.600000,64.75000,34.43806,1.570796,22
62.600000,64.75000,35.43806,1.570796,23
62.600000,64.75000,36.43806,1.570796,24
62.600000,64.75000,37.43806,1.570796,25
62.600000,64.75000,38.43806,1.570796,26
62.600000,64.75000,39.43806,1.570796,27
62.600000,64.75000,40.43806,1.570796,28
62.600000,64.75000,41.43806,1.570796,29
62.700000,63.30809,12.96691,1.008683,0
62.700000,63.96493,14.00968,1.273925,1
62.700000,64.24988,14.94115,1.570674,2
62.700000,64.25000,15.93806,1.570796,3
62.700000,64.25000,16.93806,1.570796,4
62.700000,64.25000,17.93806,1.570796,5
62.700000,64.25000,18.93806,1.570796,6
62.700000,64.25000,19.93806,1.570796,7
62.700000,64.25000,20.93806,1.570796,8
62.700000,64.25000,21.93806,1.815775,9
62.700000,64.00000,22.93806,2.034444,10
62.700000,63.50000,23.93806,1.815775,11
62.700000,63.25000,24.93806,1.570796,12
62.700000,63.25000,25.93806,1.325818,13
62.700000,63.50000,26.93806,1.325818,14
62.700000,63.75000,27.93806,1.325818,15
62.700000,64.00000,28.93806,1.325818,16
62.700000,64.25000,29.93806,1.325818,17
62.700000,64.50000,30.93806,1.325818,18
62.700000,64.75000,31.93806,1.570796,19
62.700000,64.75000,32.93806,1.570796,20
62.700000,64.75000,33.93806,1.570796,21
62.700000,64.75000,34.93806,1.570796,22
62.700000,64.75000,35.93806,1.570796,23
62.700000,64.75000,36.93806,1.570796,24
62.700000,64.75000,37.93806,1.570796,25
62.700000,64.75000,38.93806,1.570796,26
62.700000,64.75000,39.93806,1.570796,27
62.700000,64.75000,40.93806,1.570796,28
62.800000,63.39264,13.09495,1.011739,0
62.800000,63.96493,14.00968,1.273925,1
62.800000,64.24988,14.94115,1.570674,2
62.800000,64.25000,15.93806,1.570796,3
62.800000,64.25000,16.93806,1.570796,4
62.800000,64.25000,17.93806,1.570796,5
62.800000,64.25000,18.93806,1.570796,6
62.800000,64.25000,19.93806,1.570796,7
62.800000,64.25000,20.93806,1.570796,8
62.800000,64.25000,21.93806,1.815775,9
62.800000,64.00000,22.93806,2.034444,10
62.800000,63.50000,23.93806,1.815775,11
62.800000,63.25000,24.93806,1.570796,12
62.800000,63.25000,25.93806,1.325818,13
62.800000,63.50000,26.93806,1.325818,14
62.800000,63.75000,27.93806,1.325818,15
62.800000,64.00000,28.93806,1.325818,16
62.800000,64.25000,29.93806,1.325818,17
62.800000,64.50000,30.93806,1.325818,18
62.800000,64.75000,31.93806,1.570796,19
62.800000,64.75000,32.93806,1.570796,20
62.800000,64.75000,33.93806,1.570796,21
62.800000,64.75000,34.93806,1.570796,22
62.800000,64.75000,35.93806,1.570796,23
62.800000,64.75000,36.93806,1.570796,24
62.800000,64.75000,37.93806,1.570796,25
62.800000,64.75000,38.93806,1.570796,26
62.800000,64.75000,39.93806,1.570796,27
62.800000,64.75000,40.93806,1.570796,28
62.900000,63.49193,13.19718,1.043598,0
62.900000,63.96493,14.00968,1.273925,1
62.900000,64.24988,14.94115,1.570674,2
62.900000,64.25000,15.93806,1.570796,3
62.900000,64.25000,16.93806,1.570796,4
62.900000,64.25000,17.93806,1.570796,5
62.900000,64.25000,18.93806,1.570796,6
62.900000,64.25000,19.93806,1.570796,7
62.900000,64.25000,20.93806,1.815775,8
62.900000,64.00000,21.93806,1.815775,9
62.900000,63.75000,22.93806,2.034444,10
62.900000,63.25000,23.93806,1.570796,11
62.900000,63.25000,24.93806,1.570796,12
62.900000,63.25000,25.93806,1.325818,13
62.900000,63.50000,26.93806,1.325818,14
62.900000,63.75000,27.93806,1.325818,15
62.900000,64.00000,28.93806,1.325818,16
62.900000,64.25000,29.93806,1.325818,17
62.900000,64.50000,30.93806,1.325818,18
62.900000,64.75000,31.93806,1.570796,19
62.900000,64.75000,32.93806,1.570796,20
62.900000,64.75000,33.93806,1.570796,21
62.900000,64.75000,34.93806,1.570796,22
62.900000,64.75000,35.93806,1.570796,23
62.900000,64.75000,36.93806,1.570796,24
62.900000,64.75000,37.93806,1.570796,25
62.900000,64.75000,38.93806,1.570796,26
62.900000,64.75000,39.93806,1.570796,27
62.900000,64.75000,40.93806,1.570796,28
63.000000,63.54479,13.32915,1.017706,0
63.000000,63.96493,14.00968,1.273925,1
63.000000,64.24988,14.94115,1.570674,2
63.000000,64.25000,15.93806,1.570796,3
63.000000,64.25000,16.93806,1.570796,4
63.000000,64.25000,17.93806,1.570796,5
63.000000,64.25000,18.93806,1.570796,6
63.000000,64.25000,19.93806,1.570796,7
63.000000,64.25000,20.93806,1.815775,8
63.000000,64.00000,21.93806,1.815775,9
63.000000,63.75000,22.93806,2.034444,10
63.000000,63.25000,23.93806,1.570796,11
63.000000,63.25000,24.93806,1.570796,12
63.000000,63.25000,25.93806,1.325818,13
63.000000,63.50000,26.93806,1.325818,14
63.000000,63.75000,27.93806,1.325818,15
63.000000,64.00000,28.93806,1.325818,16
63.000000,64.25000,29.93806,1.325818,17
63.000000,64.50000,30.93806,1.325818,18
63.000000,64.75000,31.93806,1.570796,19
63.000000,64.75000,32.93806,1.570796,20
63.000000,64.75000,33.93806,1.570796,21
63.000000,64.75000,34.93806,1.570796,22
63.000000,64.75000,35.93806,1.570796,23
63.000000,64.75000,36.93806,1.570796,24
63.000000,64.75000,37.93806,1.570796,25
63.000000,64.75000,38.93806,1.570796,26
63.000000,64.75000,39.93806,1.570796,27
63.000000,64.75000,40.93806,1.570796,28
63.100000,63.62681,13.46604,1.020843,0
63.100000,64.24000,14.46628,1.560508,1
63.100000,64.25000,15.43806,1.570796,2
63.100000,64.25000,16.43806,1.570796,3
63.100000,64.25000,17.43806,1.570796,4
63.100000,64.25000,18.43806,1.570796,5
63.100000,64.25000,19.43806,1.570796,6
63.100000,64.25000,20.43806,1.570796,7
63.100000,64.25000,21.43806,1.815775,8
63.100000,64.00000,22.43806,2.034444,9
63.100000,63.50000,23.43806,2.034444,10
63.100000,63.00000,24.43806,1.570796,11
63.100000,63.00000,25.43806,1.325818,12
63.100000,63.25000,26.43806,1.325818,13
63.100000,63.50000,27.43806,1.325818,14
63.100000,63.75000,28.43806,1.107149,15
63.100000,64.25000,29.43806,1.325818,16
63.100000,64.50000,30.43806,1.325818,17
63.100000,64.75000,31.43806,1.570796,18
63.100000,64.75000,32.43806,1.570796,19
63.100000,64.75000,33.43806,1.570796,20
63.100000,64.75000,34.43806,1.570796,21
63.100000,64.75000,35.43806,1.570796,22
63.100000,64.75000,36.43806,1.570796,23
63.100000,64.75000,37.43806,1.570796,24
63.100000,64.75000,38.43806,1.570796,25
63.100000,64.75000,39.43806,1.570796,26
63.100000,64.75000,40.43806,1.570796,27
63.100000,64.75000,41.43806,1.570796,28
63.200000,63.67905,13.58770,1.002561,0
63.200000,64.24000,14.46628,1.560508,1
63.200000,64.25000,15.43806,1.570796,2
63.200000,64.25000,16.43806,1.570796,3
63.200000,64.25000,17.43806,1.570796,4
63.200000,64.25000,18.43806,1.570796,5
63.200000,64.25000,19.43806,1.570796,6
63.200000,64.25000,20.43806,1.570796,7
63.200000,64.25000,21.43806,1.815775,8
63.200000,64.00000,22.43806,1.815775,9
63.200000,63.75000,23.43806,2.034444,10
63.200000,63.25000,24.43806,1.570796,11
63.200000,63.25000,25.43806,1.325818,12
63.200000,63.50000,26.43806,1.325818,13
63.200000,63.75000,27.43806,1.325818,14
63.200000,64.00000,28.43806,1.325818,15
63.200000,64.25000,29.43806,1.325818,16
63.200000,64.50000,30.43806,1.325818,17
63.200000,64.75000,31.43806,1.570796,18
63.200000,64.75000,32.43806,1.570796,19
63.200000,64.75000,33.43806,1.570796,20
63.200000,64.75000,34.43806,1.570796,21
63.200000,64.75000,35.43806,1.570796,22
63.200000,64.75000,36.43806,1.570796,23
63.200000,64.75000,37.43806,1.570796,24
63.200000,64.75000,38.43806,1.570796,25
63.200000,64.75000,39.43806,1.570796,26
63.200000,64.75000,40.43806,1.570796,27
63.200000,64.75000,41.43806,1.570796,28
63.300000,63.74036,13.71218,0.985635,0
63.300000,64.24000,14.46628,1.560508,1
63.300000,64.25000,15.43806,1.570796,2
63.300000,64.25000,16.43806,1.570796,3
63.300000,64.25000,17.43806,1.570796,4
63.300000,64.25000,18.43806,1.570796,5
63.300000,64.25000,19.43806,1.570796,6
63.300000,64.25000,20.43806,1.570796,7
63.300000,64.25000,21.43806,1.815775,8
63.300000,64.00000,22.43806,1.815775,9
63.300000,63.75000,23.43806,2.034444,10
63.300000,63.25000,24.43806,1.570796,11
63.300000,63.25000,25.43806,1.325818,12
63.300000,63.50000,26.43806,1.325818,13
63.300000,63.75000,27.43806,1.325818,14
63.300000,64.00000,28.43806,1.325818,15
63.300000,64.25000,29.43806,1.325818,16
63.300000,64.50000,30.43806,1.325818,17
63.300000,64.75000,31.43806,1.570796,18
63.300000,64.75000,32.43806,1.570796,19
63.300000,64.75000,33.43806,1.570796,20
63.300000,64.75000,34.43806,1.570796,21
63.300000,64.75000,35.43806,1.570796,22
63.300000,64.75000,36.43806,1.570796,23
63.300000,64.75000,37.43806,1.570796,24
63.300000,64.75000,38.43806,1.570796,25
63.300000,64.75000,39.43806,1.570796,26
63.300000,64.75000,40.43806,1.570796,27
63.300000,64.75000,41.43806,1.570796,28
63.400000,63.77773,13.79140,0.970228,0
63.400000,64.24000,14.46628,1.560508,1
63.400000,64.25000,15.43806,1.570796,2
63.400000,64.25000,16.43806,1.570796,3
63.400000,64.25000,17.43806,1.570796,4
63.400000,64.25000,18.43806,1.570796,5
63.400000,64.25000,19.43806,1.570796,6
63.400000,64.25000,20.43806,1.570796,7
63.400000,64.25000,21.43806,1.815775,8
63.400000,64.00000,22.43806,2.034444,9
63.400000,63.50000,23.43806,2.034444,10
63.400000,63.00000,24.43806,1.570796,11
63.400000,63.00000,25.43806,1.325818,12
63.400000,63.25000,26.43806,1.325818,13
63.400000,63.50000,27.43806,1.325818,14
63.400000,63.75000,28.43806,1.107149,15
63.400000,64.25000,29.43806,1.325818,16
63.400000,64.50000,30.43806,1.325818,17
63.400000,64.75000,31.43806,1.570796,18
63.400000,64.75000,32.43806,1.570796,19
63.400000,64.75000,33.43806,1.570796,20
63.400000,64.75000,34.43806,1.570796,21
63.400000,64.75000,35.43806,1.570796,22
63.400000,64.75000,36.43806,1.570796,23
63.400000,64.75000,37.43806,1.570796,24
63.400000,64.75000,38.43806,1.570796,25
63.400000,64.75000,39.43806,1.570796,26
63.400000,64.75000,40.43806,1.570796,27
63.400000,64.75000,41.43806,1.570796,28
63.500000,63.83485,13.95456,1.172599,0
63.500000,64.24988,14.94115,1.570674,1
63.500000,64.25000,15.93806,1.570796,2
63.500000,64.25000,16.93806,1.570796,3
63.500000,64.25000,17.93806,1.570796,4
63.500000,64.25000,18.93806,1.570796,5
63.500000,64.25000,19.93806,1.570796,6
63.500000,64.25000,20.93806,1.815775,7
63.500000,64.00000,21.93806,1.815775,8
63.500000,63.75000,22.93806,2.034444,9
63.500000,63.25000,23.93806,1.570796,10
63.500000,63.25000,24.93806,1.570796,11
63.500000,63.25000,25.93806,1.325818,12
63.500000,63.50000,26.93806,1.325818,13
63.500000,63.75000,27.93806,1.325818,14
63.500000,64.00000,28.93806,1.325818,15
63.500000,64.25000,29.93806,1.325818,16
63.500000,64.50000,30.93806,1.325818,17
63.500000,64.75000,31.93806,1.570796,18
63.500000,64.75000,32.93806,1.570796,19
63.500000,64.75000,33.93806,1.570796,20
63.500000,64.75000,34.93806,1.570796,21
63.500000,64.75000,35.93806,1.570796,22
63.500000,64.75000,36.93806,1.570796,23
63.500000,64.75000,37.93806,1.570796,24
63.500000,64.75000,38.93806,1.570796,25
63.500000,64.75000,39.93806,1.570796,26
63.500000,64.75000,40.93806,1.570796,27
63.604000,63.86175,14.17360,1.102627,0
63.604000,64.24988,14.94115,1.570674,1
63.604000,64.25000,15.93806,1.570796,2
63.604000,64.25000,16.93806,1.570796,3
63.604000,64.25000,17.93806,1.570796,4
63.604000,64.25000,18.93806,1.570796,5
63.604000,64.25000,19.93806,1.570796,6
63.604000,64.25000,20.93806,1.570796,7
63.604000,64.25000,21.93806,1.815775,8
63.604000,64.00000,22.93806,2.034444,9
63.604000,63.50000,23.93806,1.815775,10
63.604000,63.25000,24.93806,1.570796,11
63.604000,63.25000,25.93806,1.325818,12
63.604000,63.50000,26.93806,1.325818,13
63.604000,63.75000,27.93806,1.325818,14
63.604000,64.00000,28.93806,1.325818,15
63.604000,64.25000,29.93806,1.325818,16
63.604000,64.50000,30.93806,1.325818,17
63.604000,64.75000,31.93806,1.570796,18
63.604000,64.75000,32.93806,1.570796,19
63.604000,64.75000,33.93806,1.570796,20
63.604000,64.75000,34.93806,1.570796,21
63.604000,64.75000,35.93806,1.570796,22
63.604000,64.75000,36.93806,1.570796,23
63.604000,64.75000,37.93806,1.570796,24
63.604000,64.75000,38.93806,1.570796,25
63.604000,64.75000,39.93806,1.570796,26
63.604000,64.75000,40.93806,1.570796,27
63.700000,63.86503,14.23111,1.074114,0
63.700000,64.24988,14.94115,1.570674,1
63.700000,64.25000,15.93806,1.570796,2
63.700000,64.25000,16.93806,1.570796,3
63.700000,64.25000,17.93806,1.570796,4
63.700000,64.25000,18.93806,1.570796,5
63.700000,64.25000,19.93806,1.570796,6
63.700000,64.25000,20.93806,1.570796,7
63.700000,64.25000,21.93806,1.815775,8
63.700000,64.00000,22.93806,2.034444,9
63.700000,63.50000,23.93806,1.815775,10
63.700000,63.25000,24.93806,1.570796,11
63.700000,63.25000,25.93806,1.325818,12
63.700000,63.50000,26.93806,1.325818,13
63.700000,63.75000,27.93806,1.325818,14
63.700000,64.00000,28.93806,1.325818,15
63.700000,64.25000,29.93806,1.325818,16
63.700000,64.50000,30.93806,1.325818,17
63.700000,64.75000,31.93806,1.570796,18
63.700000,64.75000,32.93806,1.570796,19
63.700000,64.75000,33.93806,1.570796,20
63.700000,64.75000,34.93806,1.570796,21
63.700000,64.75000,35.93806,1.570796,22
63.700000,64.75000,36.93806,1.570796,23
63.700000,64.75000,37.93806,1.570796,24
63.700000,64.75000,38.93806,1.570796,25
63.700000,64.75000,39.93806,1.570796,26
63.700000,64.75000,40.93806,1.570796,27
63.800000,63.92509,14.40689,1.265551,0
63.800000,64.25000,15.43806,1.570796,1
63.800000,64.25000,16.43806,1.570796,2
63.800000,64.25000,17.43806,1.570796,3
63.800000,64.25000,18.43806,1.570796,4
63.800000,64.25000,19.43806,1.570796,5
63.800000,64.25000,20.43806,1.570796,6
63.800000,64.25000,21.43806,1.815775,7
63.800000,64.00000,22.43806,1.815775,8
63.800000,63.75000,23.43806,2.034444,9
63.800000,63.25000,24.43806,1.570796,10
63.800000,63.25000,25.43806,1.325818,11
63.800000,63.50000,26.43806,1.325818,12
63.800000,63.75000,27.43806,1.325818,13
63.800000,64.00000,28.43806,1.325818,14
63.800000,64.25000,29.43806,1.325818,15
63.800000,64.50000,30.43806,1.325818,16
63.800000,64.75000,31.43806,1.570796,17
63.800000,64.75000,32.43806,1.570796,18
63.800000,64.75000,33.43806,1.570796,19
63.800000,64.75000,34.43806,1.570796,20
63.800000,64.75000,35.43806,1.570796,21
63.800000,64.75000,36.43806,1.570796,22
63.800000,64.75000,37.43806,1.570796,23
63.800000,64.75000,38.43806,1.570796,24
63.800000,64.75000,39.43806,1.570796,25
63.800000,64.75000,40.43806,1.570796,26
63.800000,64.75000,41.43806,1.570796,27
63.900000,63.93271,14.54330,1.230017,0
63.900000,64.25000,15.43806,1.570796,1
63.900000,64.25000,16.43806,1.570796,2
63.900000,64.25000,17.43806,1.570796,3
63.900000,64.25000,18.43806,1.570796,4
63.900000,64.25000,19.43806,1.570796,5
63.900000,64.25000,20.43806,1.570796,6
63.900000,64.25000,21.43806,1.815775,7
63.900000,64.00000,22.43806,1.815775,8
63.900000,63.75000,23.43806,2.034444,9
63.900000,63.25000,24.43806,1.570796,10
63.900000,63.25000,25.43806,1.325818,11
63.900000,63.50000,26.43806,1.325818,12
63.900000,63.75000,27.43806,1.325818,13
63.900000,64.00000,28.43806,1.325818,14
63.900000,64.25000,29.43806,1.325818,15
63.900000,64.50000,30.43806,1.325818,16
63.900000,64.75000,31.43806,1.570796,17
63.900000,64.75000,32.43806,1.570796,18
63.900000,64.75000,33.43806,1.570796,19
63.900000,64.75000,34.43806,1.570796,20
63.900000,64.75000,35.43806,1.570796,21
63.900000,64.75000,36.43806,1.570796,22
63.900000,64.75000,37.43806,1.570796,23
63.900000,64.75000,38.43806,1.570796,24
63.900000,64.75000,39.43806,1.570796,25
63.900000,64.75000,40.43806,1.570796,26
63.900000,64.75000,41.43806,1.570796,27
64.000000,63.99156,14.76840,1.353334,0
64.000000,64.25000,15.93806,1.570796,1
64.000000,64.25000,16.93806,1.570796,2
64.000000,64.25000,17.93806,1.570796,3
64.000000,64.25000,18.93806,1.570796,4
64.000000,64.25000,19.93806,1.570796,5
64.000000,64.25000,20.93806,1.815775,6
64.000000,64.00000,21.93806,1.815775,7
64.000000,63.75000,22.93806,2.034444,8
64.000000,63.25000,23.93806,1.570796,9
64.000000,63.25000,24.93806,1.570796,10
64.000000,63.25000,25.93806,1.325818,11
64.000000,63.50000,26.93806,1.325818,12
64.000000,63.75000,27.93806,1.325818,13
64.000000,64.00000,28.93806,1.325818,14
64.000000,64.25000,29.93806,1.325818,15
64.000000,64.50000,30.93806,1.325818,16
64.000000,64.75000,31.93806,1.570796,17
64.000000,64.75000,32.93806,1.570796,18
64.000000,64.75000,33.93806,1.570796,19
64.000000,64.75000,34.93806,1.570796,20
64.000000,64.75000,35.93806,1.570796,21
64.000000,64.75000,36.93806,1.570796,22
64.000000,64.75000,37.93806,1.570796,23
64.000000,64.75000,38.93806,1.570796,24
64.000000,64.75000,39.93806,1.570796,25
64.000000,64.75000,40.93806,1.570796,26
64.104000,63.97523,14.88501,1.315554,0
64.104000,64.25000,15.93806,1.570796,1
64.104000,64.25000,16.93806,1.570796,2
64.104000,64.25000,17.93806,1.570796,3
64.104000,64.25000,18.93806,1.570796,4
64.104000,64.25000,19.93806,1.570796,5
64.104000,64.25000,20.93806,1.815775,6
64.104000,64.00000,21.93806,1.815775,7
64.104000,63.75000,22.93806,2.034444,8
64.104000,63.25000,23.93806,1.570796,9
64.104000,63.25000,24.93806,1.570796,10
64.104000,63.25000,25.93806,1.325818,11
64.104000,63.50000,26.93806,1.325818,12
64.104000,63.75000,27.93806,1.325818,13
64.104000,64.00000,28.93806,1.325818,14
64.104000,64.25000,29.93806,1.325818,15
64.104000,64.50000,30.93806,1.325818,16
64.104000,64.75000,31.93806,1.570796,17
64.104000,64.75000,32.93806,1.570796,18
64.104000,64.75000,33.93806,1.570796,19
64.104000,64.75000,34.93806,1.570796,20
64.104000,64.75000,35.93806,1.570796,21
64.104000,64.75000,36.93806,1.570796,22
64.104000,64.75000,37.93806,1.570796,23
64.104000,64.75000,38.93806,1.570796,24
64.104000,64.75000,39.93806,1.570796,25
64.104000,64.75000,40.93806,1.570796,26
64.200000,64.00531,15.05492,1.300511,0
64.200000,64.25000,15.93806,1.570796,1
64.200000,64.25000,16.93806,1.570796,2
64.200000,64.25000,17.93806,1.570796,3
64.200000,64.25000,18.93806,1.570796,4
64.200000,64.25000,19.93806,1.570796,5
64.200000,64.25000,20.93806,1.815775,6
64.200000,64.00000,21.93806,1.815775,7
64.200000,63.75000,22.93806,2.034444,8
64.200000,63.25000,23.93806,1.570796,9
64.200000,63.25000,24.93806,1.570796,10
64.200000,63.25000,25.93806,1.325818,11
64.200000,63.50000,26.93806,1.325818,12
64.200000,63.75000,27.93806,1.325818,13
64.200000,64.00000,28.93806,1.325818,14
64.200000,64.25000,29.93806,1.325818,15
64.200000,64.50000,30.93806,1.325818,16
64.200000,64.75000,31.93806,1.570796,17
64.200000,64.75000,32.93806,1.570796,18
64.200000,64.75000,33.93806,1.570796,19
64.200000,64.75000,34.93806,1.570796,20
64.200000,64.75000,35.93806,1.570796,21
64.200000,64.75000,36.93806,1.570796,22
64.200000,64.75000,37.93806,1.570796,23
64.200000,64.75000,38.93806,1.570796,24
64.200000,64.75000,39.93806,1.570796,25
64.200000,64.75000,40.93806,1.570796,26
64.300000,64.02807,15.26341,1.384060,0
64.300000,64.25000,16.43806,1.570796,1
64.300000,64.25000,17.43806,1.570796,2
64.300000,64.25000,18.43806,1.570796,3
64.300000,64.25000,19.43806,1.570796,4
64.300000,64.25000,20.43806,1.570796,5
64.300000,64.25000,21.43806,1.815775,6
64.300000,64.00000,22.43806,2.034444,7
64.300000,63.50000,23.43806,2.034444,8
64.300000,63.00000,24.43806,1.570796,9
64.300000,63.00000,25.43806,1.325818,10
64.300000,63.25000,26.43806,1.325818,11
64.300000,63.50000,27.43806,1.325818,12
64.300000,63.75000,28.43806,1.107149,13
64.300000,64.25000,29.43806,1.325818,14
64.300000,64.50000,30.43806,1.325818,15
64.300000,64.75000,31.43806,1.570796,16
64.300000,64.75000,32.43806,1.570796,17
64.300000,64.75000,33.43806,1.570796,18
64.300000,64.75000,34.43806,1.570796,19
64.300000,64.75000,35.43806,1.570796,20
64.300000,64.75000,36.43806,1.570796,21
64.300000,64.75000,37.43806,1.570796,22
64.300000,64.75000,38.43806,1.570796,23
64.300000,64.75000,39.43806,1.570796,24
64.300000,64.75000,40.43806,1.570796,25
64.300000,64.75000,41.43806,1.570796,26
64.400000,64.08190,15.47156,1.398594,0
64.400000,64.25000,16.43806,1.570796,1
64.400000,64.25000,17.43806,1.570796,2
64.400000,64.25000,18.43806,1.570796,3
64.400000,64.25000,19.43806,1.570796,4
64.400000,64.25000,20.43806,1.570796,5
64.400000,64.25000,21.43806,1.815775,6
64.400000,64.00000,22.43806,2.034444,7
64.400000,63.50000,23.43806,2.034444,8
64.400000,63.00000,24.43806,1.570796,9
64.400000,63.00000,25.43806,1.325818,10
64.400000,63.25000,26.43806,1.325818,11
64.400000,63.50000,27.43806,1.325818,12
64.400000,63.75000,28.43806,1.107149,13
64.400000,64.25000,29.43806,1.325818,14
64.400000,64.50000,30.43806,1.325818,15
64.400000,64.75000,31.43806,1.570796,16
64.400000,64.75000,32.43806,1.570796,17
64.400000,64.75000,33.43806,1.570796,18
64.400000,64.75000,34.43806,1.570796,19
64.400000,64.75000,35.43806,1.570796,20
64.400000,64.75000,36.43806,1.570796,21
64.400000,64.75000,37.43806,1.570796,22
64.400000,64.75000,38.43806,1.570796,23
64.400000,64.75000,39.43806,1.570796,24
64.400000,64.75000,40.43806,1.570796,25
64.400000,64.75000,41.43806,1.570796,26
64.500000,64.14210,15.68615,1.428274,0
64.500000,64.25000,16.43806,1.570796,1
64.500000,64.25000,17.43806,1.570796,2
64.500000,64.25000,18.43806,1.570796,3
64.500000,64.25000,19.43806,1.570796,4
64.500000,64.25000,20.43806,1.570796,5
64.500000,64.25000,21.43806,1.815775,6
64.500000,64.00000,22.43806,1.815775,7
64.500000,63.75000,23.43806,2.034444,8
64.500000,63.25000,24.43806,1.570796,9
64.500000,63.25000,25.43806,1.325818,10
64.500000,63.50000,26.43806,1.325818,11
64.500000,63.75000,27.43806,1.325818,12
64.500000,64.00000,28.43806,1.325818,13
64.500000,64.25000,29.43806,1.325818,14
64.500000,64.50000,30.43806,1.325818,15
64.500000,64.75000,31.43806,1.570796,16
64.500000,64.75000,32.43806,1.570796,17
64.500000,64.75000,33.43806,1.570796,18
64.500000,64.75000,34.43806,1.570796,19
64.500000,64.75000,35.43806,1.570796,20
64.500000,64.75000,36.43806,1.570796,21
64.500000,64.75000,37.43806,1.570796,22
64.500000,64.75000,38.43806,1.570796,23
64.500000,64.75000,39.43806,1.570796,24
64.500000,64.75000,40.43806,1.570796,25
64.500000,64.75000,41.43806,1.570796,26
64.600000,64.16442,15.88619,1.489617,0
64.600000,64.25000,16.93806,1.570796,1
64.600000,64.25000,17.93806,1.570796,2
64.600000,64.25000,18.93806,1.570796,3
64.600000,64.25000,19.93806,1.570796,4
64.600000,64.25000,20.93806,1.815775,5
64.600000,64.00000,21.93806,1.815775,6
64.600000,63.75000,22.93806,2.034444,7
64.600000,63.25000,23.93806,1.570796,8
64.600000,63.25000,24.93806,1.570796,9
64.600000,63.25000,25.93806,1.325818,10
64.600000,63.50000,26.93806,1.325818,11
64.600000,63.75000,27.93806,1.325818,12
64.600000,64.00000,28.93806,1.325818,13
64.600000,64.25000,29.93806,1.325818,14
64.600000,64.50000,30.93806,1.325818,15
64.600000,64.75000,31.93806,1.570796,16
64.600000,64.75000,32.93806,1.570796,17
64.600000,64.75000,33.93806,1.570796,18
64.600000,64.75000,34.93806,1.570796,19
64.600000,64.75000,35.93806,1.570796,20
64.600000,64.75000,36.93806,1.570796,21
64.600000,64.75000,37.93806,1.570796,22
64.600000,64.75000,38.93806,1.570796,23
64.600000,64.75000,39.93806,1.570796,24
64.600000,64.75000,40.93806,1.570796,25
64.700000,64.24798,16.14071,1.568267,0
64.700000,64.25000,16.93806,1.570796,1
64.700000,64.25000,17.93806,1.570796,2
64.700000,64.25000,18.93806,1.570796,3
64.700000,64.25000,19.93806,1.570796,4
64.700000,64.25000,20.93806,1.570796,5
64.700000,64.25000,21.93806,1.815775,6
64.700000,64.00000,22.93806,2.034444,7
64.700000,63.50000,23.93806,1.815775,8
64.700000,63.25000,24.93806,1.570796,9
64.700000,63.25000,25.93806,1.325818,10
64.700000,63.50000,26.93806,1.325818,11
64.700000,63.75000,27.93806,1.325818,12
64.700000,64.00000,28.93806,1.325818,13
64.700000,64.25000,29.93806,1.325818,14
64.700000,64.50000,30.93806,1.325818,15
64.700000,64.75000,31.93806,1.570796,16
64.700000,64.75000,32.93806,1.570796,17
64.700000,64.75000,33.93806,1.570796,18
64.700000,64.75000,34.93806,1.570796,19
64.700000,64.75000,35.93806,1.570796,20
64.700000,64.75000,36.93806,1.570796,21
64.700000,64.75000,37.93806,1.570796,22
64.700000,64.75000,38.93806,1.570796,23
64.700000,64.75000,39.93806,1.570796,24
64.700000,64.75000,40.93806,1.570796,25
64.800000,64.32993,16.33257,1.642975,0
64.800000,64.25000,17.43806,1.570796,1
64.800000,64.25000,18.43806,1.570796,2
64.800000,64.25000,19.43806,1.570796,3
64.800000,64.25000,20.43806,1.570796,4
64.800000,64.25000,21.43806,1.815775,5
64.800000,64.00000,22.43806,1.815775,6
64.800000,63.75000,23.43806,2.034444,7
64.800000,63.25000,24.43806,1.570796,8
64.800000,63.25000,25.43806,1.325818,9
64.800000,63.50000,26.43806,1.325818,10
64.800000,63.75000,27.43806,1.325818,11
64.800000,64.00000,28.43806,1.325818,12
64.800000,64.25000,29.43806,1.325818,13
64.800000,64.50000,30.43806,1.325818,14
64.800000,64.75000,31.43806,1.570796,15
64.800000,64.75000,32.43806,1.570796,16
64.800000,64.75000,33.43806,1.570796,17
64.800000,64.75000,34.43806,1.570796,18
64.800000,64.75000,35.43806,1.570796,19
64.800000,64.75000,36.43806,1.570796,20
64.800000,64.75000,37.43806,1.570796,21
64.800000,64.75000,38.43806,1.570796,22
64.800000,64.75000,39.43806,1.570796,23
64.800000,64.75000,40.43806,1.570796,24
64.800000,64.75000,41.43806,1.570796,25
64.900000,64.38831,16.53704,1.447466,0
64.900000,64.50000,17.43806,1.570796,1
64.900000,64.50000,18.43806,1.570796,2
64.900000,64.50000,19.43806,1.570796,3
64.900000,64.50000,20.43806,1.815775,4
64.900000,64.25000,21.43806,1.815775,5
64.900000,64.00000,22.43806,2.034444,6
64.900000,63.50000,23.43806,2.034444,7
64.900000,63.00000,24.43806,1.570796,8
64.900000,63.00000,25.43806,1.325818,9
64.900000,63.25000,26.43806,1.325818,10
64.900000,63.50000,27.43806,1.107149,11
64.900000,64.00000,28.43806,1.325818,12
64.900000,64.25000,29.43806,1.325818,13
64.900000,64.50000,30.43806,1.325818,14
64.900000,64.75000,31.43806,1.570796,15
64.900000,64.75000,32.43806,1.570796,16
64.900000,64.75000,33.43806,1.570796,17
64.900000,64.75000,34.43806,1.570796,18
64.900000,64.75000,35.43806,1.570796,19
64.900000,64.75000,36.43806,1.570796,20
64.900000,64.75000,37.43806,1.570796,21
64.900000,64.75000,38.43806,1.570796,22
64.900000,64.75000,39.43806,1.570796,23
64.900000,64.75000,40.43806,1.570796,24
64.900000,64.75000,41.43806,1.570796,25
65.000000,64.47580,16.80978,1.549352,0
65.000000,64.50000,17.93806,1.570796,1
65.000000,64.50000,18.93806,1.570796,2
65.000000,64.50000,19.93806,1.570796,3
65.000000,64.50000,20.93806,1.815775,4
65.000000,64.25000,21.93806,1.815775,5
65.000000,64.00000,22.93806,2.034444,6
65.000000,63.50000,23.93806,1.815775,7
65.000000,63.25000,24.93806,1.570796,8
65.000000,63.25000,25.93806,1.325818,9
65.000000,63.50000,26.93806,1.325818,10
65.000000,63.75000,27.93806,1.325818,11
65.000000,64.00000,28.93806,1.325818,12
65.000000,64.25000,29.93806,1.325818,13
65.000000,64.50000,30.93806,1.325818,14
65.000000,64.75000,31.93806,1.570796,15
65.000000,64.75000,32.93806,1.570796,16
65.000000,64.75000,33.93806,1.570796,17
65.000000,64.75000,34.93806,1.570796,18
65.000000,64.75000,35.93806,1.570796,19
65.000000,64.75000,36.93806,1.570796,20
65.000000,64.75000,37.93806,1.570796,21
65.000000,64.75000,38.93806,1.570796,22
65.000000,64.75000,39.93806,1.570796,23
65.000000,64.75000,40.93806,1.570796,24
65.100000,64.55182,17.02937,1.627766,0
65.100000,64.50000,17.93806,1.570796,1
65.100000,64.50000,18.93806,1.570796,2
65.100000,64.50000,19.93806,1.570796,3
65.100000,64.50000,20.93806,1.815775,4
65.100000,64.25000,21.93806,1.815775,5
65.100000,64.00000,22.93806,2.034444,6
65.100000,63.50000,23.93806,1.815775,7
65.100000,63.25000,24.93806,1.570796,8
65.100000,63.25000,25.93806,1.325818,9
65.100000,63.50000,26.93806,1.325818,10
65.100000,63.75000,27.93806,1.325818,11
65.100000,64.00000,28.93806,1.325818,12
65.100000,64.25000,29.93806,1.325818,13
65.100000,64.50000,30.93806,1.325818,14
65.100000,64.75000,31.93806,1.570796,15
65.100000,64.75000,32.93806,1.570796,16
65.100000,64.75000,33.93806,1.570796,17
65.100000,64.75000,34.93806,1.570796,18
65.100000,64.75000,35.93806,1.570796,19
65.100000,64.75000,36.93806,1.570796,20
65.100000,64.75000,37.93806,1.570796,21
65.100000,64.75000,38.93806,1.570796,22
65.100000,64.75000,39.93806,1.570796,23
65.100000,64.75000,40.93806,1.570796,24
65.200000,64.62696,17.26254,1.678382,0
65.200000,64.50000,18.43806,1.570796,1
65.200000,64.50000,19.43806,1.570796,2
65.200000,64.50000,20.43806,1.815775,3
65.200000,64.25000,21.43806,1.815775,4
65.200000,64.00000,22.43806,1.815775,5
65.200000,63.75000,23.43806,2.034444,6
65.200000,63.25000,24.43806,1.570796,7
65.200000,63.25000,25.43806,1.570796,8
65.200000,63.25000,26.43806,1.325818,9
65.200000,63.50000,27.43806,1.325818,10
65.200000,63.75000,28.43806,1.107149,11
65.200000,64.25000,29.43806,1.325818,12
65.200000,64.50000,30.43806,1.325818,13
65.200000,64.75000,31.43806,1.570796,14
65.200000,64.75000,32.43806,1.570796,15
65.200000,64.75000,33.43806,1.570796,16
65.200000,64.75000,34.43806,1.570796,17
65.200000,64.75000,35.43806,1.570796,18
65.200000,64.75000,36.43806,1.570796,19
65.200000,64.75000,37.43806,1.570796,20
65.200000,64.75000,38.43806,1.570796,21
65.200000,64.75000,39.43806,1.570796,22
65.200000,64.75000,40.43806,1.570796,23
65.200000,64.75000,41.43806,1.570796,24
65.300000,64.71698,17.42596,1.781987,0
65.300000,64.50000,18.43806,1.570796,1
65.300000,64.50000,19.43806,1.570796,2
65.300000,64.50000,20.43806,1.815775,3
65.300000,64.25000,21.43806,1.815775,4
65.300000,64.00000,22.43806,1.815775,5
65.300000,63.75000,23.43806,2.034444,6
65.300000,63.25000,24.43806,1.570796,7
65.300000,63.25000,25.43806,1.325818,8
65.300000,63.50000,26.43806,1.325818,9
65.300000,63.75000,27.43806,1.325818,10
65.300000,64.00000,28.43806,1.325818,11
65.300000,64.25000,29.43806,1.325818,12
65.300000,64.50000,30.43806,1.325818,13
65.300000,64.75000,31.43806,1.570796,14
65.300000,64.75000,32.43806,1.570796,15
65.300000,64.75000,33.43806,1.570796,16
65.300000,64.75000,34.43806,1.570796,17
65.300000,64.75000,35.43806,1.570796,18
65.300000,64.75000,36.43806,1.570796,19
65.300000,64.75000,37.43806,1.570796,20
65.300000,64.75000,38.43806,1.570796,21
65.300000,64.75000,39.43806,1.570796,22
65.300000,64.75000,40.43806,1.570796,23
65.300000,64.75000,41.43806,1.570796,24
65.400000,64.82246,17.65030,1.959330,0
65.400000,64.50000,18.43806,1.570796,1
65.400000,64.50000,19.43806,1.570796,2
65.400000,64.50000,20.43806,1.815775,3
65.400000,64.25000,21.43806,1.815775,4
65.400000,64.00000,22.43806,1.815775,5
65.400000,63.75000,23.43806,2.034444,6
65.400000,63.25000,24.43806,1.570796,7
65.400000,63.25000,25.43806,1.325818,8
65.400000,63.50000,26.43806,1.325818,9
65.400000,63.75000,27.43806,1.325818,10
65.400000,64.00000,28.43806,1.325818,11
65.400000,64.25000,29.43806,1.325818,12
65.400000,64.50000,30.43806,1.325818,13
65.400000,64.75000,31.43806,1.570796,14
65.400000,64.75000,32.43806,1.570796,15
65.400000,64.75000,33.43806,1.570796,16
65.400000,64.75000,34.43806,1.570796,17
65.400000,64.75000,35.43806,1.570796,18
65.400000,64.75000,36.43806,1.570796,19
65.400000,64.75000,37.43806,1.570796,20
65.400000,64.75000,38.43806,1.570796,21
65.400000,64.75000,39.43806,1.570796,22
65.400000,64.75000,40.43806,1.570796,23
65.400000,64.75000,41.43806,1.570796,24
65.500000,64.87441,17.87058,1.686821,0
65.500000,64.75000,18.93806,1.570796,1
65.500000,64.75000,19.93806,1.815775,2
65.500000,64.50000,20.93806,1.815775,3
65.500000,64.25000,21.93806,1.815775,4
65.500000,64.00000,22.93806,2.034444,5
65.500000,63.50000,23.93806,1.815775,6
65.500000,63.25000,24.93806,1.570796,7
65.500000,63.25000,25.93806,1.325818,8
65.500000,63.50000,26.93806,1.325818,9
65.500000,63.75000,27.93806,1.325818,10
65.500000,64.00000,28.93806,1.325818,11
65.500000,64.25000,29.93806,1.325818,12
65.500000,64.50000,30.93806,1.325818,13
65.500000,64.75000,31.93806,1.570796,14
65.500000,64.75000,32.93806,1.570796,15
65.500000,64.75000,33.93806,1.570796,16
65.500000,64.75000,34.93806,1.570796,17
65.500000,64.75000,35.93806,1.570796,18
65.500000,64.75000,36.93806,1.570796,19
65.500000,64.75000,37.93806,1.570796,20
65.500000,64.75000,38.93806,1.570796,21
65.500000,64.75000,39.93806,1.570796,22
65.500000,64.75000,40.93806,1.570796,23
65.600000,64.92929,18.04000,1.767844,0
65.600000,64.75000,18.93806,1.570796,1
65.600000,64.75000,19.93806,1.815775,2
65.600000,64.50000,20.93806,1.815775,3
65.600000,64.25000,21.93806,1.815775,4
65.600000,64.00000,22.93806,2.034444,5
65.600000,63.50000,23.93806,1.815775,6
65.600000,63.25000,24.93806,1.570796,7
65.600000,63.25000,25.93806,1.325818,8
65.600000,63.50000,26.93806,1.325818,9
65.600000,63.75000,27.93806,1.325818,10
65.600000,64.00000,28.93806,1.325818,11
65.600000,64.25000,29.93806,1.325818,12
65.600000,64.50000,30.93806,1.325818,13
65.600000,64.75000,31.93806,1.570796,14
65.600000,64.75000,32.93806,1.570796,15
65.600000,64.75000,33.93806,1.570796,16
65.600000,64.75000,34.93806,1.570796,17
65.600000,64.75000,35.93806,1.570796,18
65.600000,64.75000,36.93806,1.570796,19
65.600000,64.75000,37.93806,1.570796,20
65.600000,64.75000,38.93806,1.570796,21
65.600000,64.75000,39.93806,1.570796,22
65.600000,64.75000,40.93806,1.570796,23
65.702000,65.00831,18.31299,1.796479,0
65.702000,64.75000,19.43806,1.570796,1
65.702000,64.75000,20.43806,1.815775,2
65.702000,64.50000,21.43806,1.815775,3
65.702000,64.25000,22.43806,2.034444,4
65.702000,63.75000,23.43806,2.034444,5
65.702000,63.25000,24.43806,1.570796,6
65.702000,63.25000,25.43806,1.325818,7
65.702000,63.50000,26.43806,1.325818,8
65.702000,63.75000,27.43806,1.325818,9
65.702000,64.00000,28.43806,1.325818,10
65.702000,64.25000,29.43806,1.325818,11
65.702000,64.50000,30.43806,1.325818,12
65.702000,64.75000,31.43806,1.570796,13
65.702000,64.75000,32.43806,1.570796,14
65.702000,64.75000,33.43806,1.570796,15
65.702000,64.75000,34.43806,1.570796,16
65.702000,64.75000,35.43806,1.570796,17
65.702000,64.75000,36.43806,1.570796,18
65.702000,64.75000,37.43806,1.570796,19
65.702000,64.75000,38.43806,1.570796,20
65.702000,64.75000,39.43806,1.570796,21
65.702000,64.75000,40.43806,1.570796,22
65.702000,64.75000,41.43806,1.570796,23
65.800000,65.03768,18.43948,1.851289,0
65.800000,64.75000,19.43806,1.570796,1
65.800000,64.75000,20.43806,1.815775,2
65.800000,64.50000,21.43806,1.815775,3
65.800000,64.25000,22.43806,2.034444,4
65.800000,63.75000,23.43806,2.034444,5
65.800000,63.25000,24.43806,1.570796,6
65.800000,63.25000,25.43806,1.325818,7
65.800000,63.50000,26.43806,1.325818,8
65.800000,63.75000,27.43806,1.325818,9
65.800000,64.00000,28.43806,1.325818,10
65.800000,64.25000,29.43806,1.325818,11
65.800000,64.50000,30.43806,1.325818,12
65.800000,64.75000,31.43806,1.570796,13
65.800000,64.75000,32.43806,1.570796,14
65.800000,64.75000,33.43806,1.570796,15
65.800000,64.75000,34.43806,1.570796,16
65.800000,64.75000,35.43806,1.570796,17
65.800000,64.75000,36.43806,1.570796,18
65.800000,64.75000,37.43806,1.570796,19
65.800000,64.75000,38.43806,1.570796,20
65.800000,64.75000,39.43806,1.570796,21
65.800000,64.75000,40.43806,1.570796,22
65.800000,64.75000,41.43806,1.570796,23
65.900000,65.06234,18.56889,1.915778,0
65.900000,64.75000,19.43806,1.570796,1
65.900000,64.75000,20.43806,1.815775,2
65.900000,64.50000,21.43806,1.815775,3
65.900000,64.25000,22.43806,2.034444,4
65.900000,63.75000,23.43806,2.034444,5
65.900000,63.25000,24.43806,1.570796,6
65.900000,63.25000,25.43806,1.325818,7
65.900000,63.50000,26.43806,1.325818,8
65.900000,63.75000,27.43806,1.325818,9
65.900000,64.00000,28.43806,1.325818,10
65.900000,64.25000,29.43806,1.325818,11
65.900000,64.50000,30.43806,1.325818,12
65.900000,64.75000,31.43806,1.570796,13
65.900000,64.75000,32.43806,1.570796,14
65.900000,64.75000,33.43806,1.570796,15
65.900000,64.75000,34.43806,1.570796,16
65.900000,64.75000,35.43806,1.570796,17
65.900000,64.75000,36.43806,1.570796,18
65.900000,64.75000,37.43806,1.570796,19
65.900000,64.75000,38.43806,1.570796,20
65.900000,64.75000,39.43806,1.570796,21
65.900000,64.75000,40.43806,1.570796,22
65.900000,64.75000,41.43806,1.570796,23
66.000000,65.06450,18.73265,1.826016,0
66.000000,64.75000,19.93806,1.815775,1
66.000000,64.50000,20.93806,1.815775,2
66.000000,64.25000,21.93806,1.815775,3
66.000000,64.00000,22.93806,2.034444,4
66.000000,63.50000,23.93806,1.815775,5
66.000000,63.25000,24.93806,1.570796,6
66.000000,63.25000,25.93806,1.325818,7
66.000000,63.50000,26.93806,1.325818,8
66.000000,63.75000,27.93806,1.325818,9
66.000000,64.00000,28.93806,1.325818,10
66.000000,64.25000,29.93806,1.325818,11
66.000000,64.50000,30.93806,1.325818,12
66.000000,64.75000,31.93806,1.570796,13
66.000000,64.75000,32.93806,1.570796,14
66.000000,64.75000,33.93806,1.570796,15
66.000000,64.75000,34.93806,1.570796,16
66.000000,64.75000,35.93806,1.570796,17
66.000000,64.75000,36.93806,1.570796,18
66.000000,64.75000,37.93806,1.570796,19
66.000000,64.75000,38.93806,1.570796,20
66.000000,64.75000,39.93806,1.570796,21
66.000000,64.75000,40.93806,1.570796,22
66.100000,65.04008,18.86074,1.833819,0
66.100000,64.75000,19.93806,1.815775,1
66.100000,64.50000,20.93806,1.815775,2
66.100000,64.25000,21.93806,1.815775,3
66.100000,64.00000,22.93806,2.034444,4
66.100000,63.50000,23.93806,1.815775,5
66.100000,63.25000,24.93806,1.570796,6
66.100000,63.25000,25.93806,1.325818,7
66.100000,63.50000,26.93806,1.325818,8
66.100000,63.75000,27.93806,1.325818,9
66.100000,64.00000,28.93806,1.325818,10
66.100000,64.25000,29.93806,1.325818,11
66.100000,64.50000,30.93806,1.325818,12
66.100000,64.75000,31.93806,1.570796,13
66.100000,64.75000,32.93806,1.570796,14
66.100000,64.75000,33.93806,1.570796,15
66.100000,64.75000,34.93806,1.570796,16
66.100000,64.75000,35.93806,1.570796,17
66.100000,64.75000,36.93806,1.570796,18
66.100000,64.75000,37.93806,1.570796,19
66.100000,64.75000,38.93806,1.570796,20
66.100000,64.75000,39.93806,1.570796,21
66.100000,64.75000,40.93806,1.570796,22
66.200000,64.98877,19.00017,1.820082,0
66.200000,64.75000,19.93806,1.815775,1
66.200000,64.50000,20.93806,1.815775,2
66.200000,64.25000,21.93806,1.815775,3
66.200000,64.00000,22.93806,2.034444,4
66.200000,63.50000,23.93806,1.815775,5
66.200000,63.25000,24.93806,1.570796,6
66.200000,63.25000,25.93806,1.325818,7
66.200000,63.50000,26.93806,1.325818,8
66.200000,63.75000,27.93806,1.325818,9
66.200000,64.00000,28.93806,1.325818,10
66.200000,64.25000,29.93806,1.325818,11
66.200000,64.50000,30.93806,1.325818,12
66.200000,64.75000,31.93806,1.570796,13
66.200000,64.75000,32.93806,1.570796,14
66.200000,64.75000,33.93806,1.570796,15
66.200000,64.75000,34.93806,1.570796,16
66.200000,64.75000,35.93806,1.570796,17
66.200000,64.75000,36.93806,1.570796,18
66.200000,64.75000,37.93806,1.570796,19
66.200000,64.75000,38.93806,1.570796,20
66.200000,64.75000,39.93806,1.570796,21
66.200000,64.75000,40.93806,1.570796,22
66.300000,64.97580,19.11301,1.837941,0
66.300000,64.75000,19.93806,1.815775,1
66.300000,64.50000,20.93806,1.815775,2
66.300000,64.25000,21.93806,1.815775,3
66.300000,64.00000,22.93806,2.034444,4
66.300000,63.50000,23.93806,1.815775,5
66.300000,63.25000,24.93806,1.570796,6
66.300000,63.25000,25.93806,1.325818,7
66.300000,63.50000,26.93806,1.325818,8
66.300000,63.75000,27.93806,1.325818,9
66.300000,64.00000,28.93806,1.325818,10
66.300000,64.25000,29.93806,1.325818,11
66.300000,64.50000,30.93806,1.325818,12
66.300000,64.75000,31.93806,1.570796,13
66.300000,64.75000,32.93806,1.570796,14
66.300000,64.75000,33.93806,1.570796,15
66.300000,64.75000,34.93806,1.570796,16
66.300000,64.75000,35.93806,1.570796,17
66.300000,64.75000,36.93806,1.570796,18
66.300000,64.75000,37.93806,1.570796,19
66.300000,64.75000,38.93806,1.570796,20
66.300000,64.75000,39.93806,1.570796,21
66.300000,64.75000,40.93806,1.570796,22
66.400000,64.95206,19.20956,1.733811,0
66.400000,64.75000,20.43806,1.815775,1
66.400000,64.50000,21.43806,1.815775,2
66.400000,64.25000,22.43806,2.034444,3
66.400000,63.75000,23.43806,2.034444,4
66.400000,63.25000,24.43806,1.570796,5
66.400000,63.25000,25.43806,1.570796,6
66.400000,63.25000,26.43806,1.325818,7
66.400000,63.50000,27.43806,1.325818,8
66.400000,63.75000,28.43806,1.107149,9
66.400000,64.25000,29.43806,1.325818,10
66.400000,64.50000,30.43806,1.325818,11
66.400000,64.75000,31.43806,1.570796,12
66.400000,64.75000,32.43806,1.570796,13
66.400000,64.75000,33.43806,1.570796,14
66.400000,64.75000,34.43806,1.570796,15
66.400000,64.75000,35.43806,1.570796,16
66.400000,64.75000,36.43806,1.570796,17
66.400000,64.75000,37.43806,1.570796,18
66.400000,64.75000,38.43806,1.570796,19
66.400000,64.75000,39.43806,1.570796,20
66.400000,64.75000,40.43806,1.570796,21
66.400000,64.75000,41.43806,1.570796,22
66.500000,64.91705,19.29395,1.920347,0
66.500000,64.50000,20.43806,1.815775,1
66.500000,64.25000,21.43806,1.815775,2
66.500000,64.00000,22.43806,1.815775,3
66.500000,63.75000,23.43806,2.034444,4
66.500000,63.25000,24.43806,1.570796,5
66.500000,63.25000,25.43806,1.325818,6
66.500000,63.50000,26.43806,1.325818,7
66.500000,63.75000,27.43806,1.325818,8
66.500000,64.00000,28.43806,1.325818,9
66.500000,64.25000,29.43806,1.325818,10
66.500000,64.50000,30.43806,1.325818,11
66.500000,64.75000,31.43806,1.570796,12
66.500000,64.75000,32.43806,1.570796,13
66.500000,64.75000,33.43806,1.570796,14
66.500000,64.75000,34.43806,1.570796,15
66.500000,64.75000,35.43806,1.570796,16
66.500000,64.75000,36.43806,1.570796,17
66.500000,64.75000,37.43806,1.570796,18
66.500000,64.75000,38.43806,1.570796,19
66.500000,64.75000,39.43806,1.570796,20
66.500000,64.75000,40.43806,1.570796,21
66.500000,64.75000,41.43806,1.570796,22
66.600000,64.91987,19.38267,1.949431,0
66.600000,64.50000,20.43806,1.815775,1
66.600000,64.25000,21.43806,1.815775,2
66.600000,64.00000,22.43806,2.034444,3
66.600000,63.50000,23.43806,2.034444,4
66.600000,63.00000,24.43806,1.570796,5
66.600000,63.00000,25.43806,1.325818,6
66.600000,63.25000,26.43806,1.325818,7
66.600000,63.50000,27.43806,1.325818,8
66.600000,63.75000,28.43806,1.107149,9
66.600000,64.25000,29.43806,1.325818,10
66.600000,64.50000,30.43806,1.325818,11
66.600000,64.75000,31.43806,1.570796,12
66.600000,64.75000,32.43806,1.570796,13
66.600000,64.75000,33.43806,1.570796,14
66.600000,64.75000,34.43806,1.570796,15
66.600000,64.75000,35.43806,1.570796,16
66.600000,64.75000,36.43806,1.570796,17
66.600000,64.75000,37.43806,1.570796,18
66.600000,64.75000,38.43806,1.570796,19
66.600000,64.75000,39.43806,1.570796,20
66.600000,64.75000,40.43806,1.570796,21
66.600000,64.75000,41.43806,1.570796,22
66.700000,64.89886,19.42591,1.946181,0
66.700000,64.50000,20.43806,1.815775,1
66.700000,64.25000,21.43806,1.815775,2
66.700000,64.00000,22.43806,1.815775,3
66.700000,63.75000,23.43806,2.034444,4
66.700000,63.25000,24.43806,1.570796,5
66.700000,63.25000,25.43806,1.325818,6
66.700000,63.50000,26.43806,1.325818,7
66.700000,63.75000,27.43806,1.325818,8
66.700000,64.00000,28.43806,1.325818,9
66.700000,64.25000,29.43806,1.325818,10
66.700000,64.50000,30.43806,1.325818,11
66.700000,64.75000,31.43806,1.570796,12
66.700000,64.75000,32.43806,1.570796,13
66.700000,64.75000,33.43806,1.570796,14
66.700000,64.75000,34.43806,1.570796,15
66.700000,64.75000,35.43806,1.570796,16
66.700000,64.75000,36.43806,1.570796,17
66.700000,64.75000,37.43806,1.570796,18
66.700000,64.75000,38.43806,1.570796,19
66.700000,64.75000,39.43806,1.570796,20
66.700000,64.75000,40.43806,1.570796,21
66.700000,64.75000,41.43806,1.570796,22
66.800000,64.87713,19.47118,1.942698,0
66.800000,64.50000,20.43806,1.815775,1
66.800000,64.25000,21.43806,1.815775,2
66.800000,64.00000,22.43806,1.815775,3
66.800000,63.75000,23.43806,2.034444,4
66.800000,63.25000,24.43806,1.570796,5
66.800000,63.25000,25.43806,1.325818,6
66.800000,63.50000,26.43806,1.325818,7
66.800000,63.75000,27.43806,1.325818,8
66.800000,64.00000,28.43806,1.325818,9
66.800000,64.25000,29.43806,1.325818,10
66.800000,64.50000,30.43806,1.325818,11
66.800000,64.75000,31.43806,1.570796,12
66.800000,64.75000,32.43806,1.570796,13
66.800000,64.75000,33.43806,1.570796,14
66.800000,64.75000,34.43806,1.570796,15
66.800000,64.75000,35.43806,1.570796,16
66.800000,64.75000,36.43806,1.570796,17
66.800000,64.75000,37.43806,1.570796,18
66.800000,64.75000,38.43806,1.570796,19
66.800000,64.75000,39.43806,1.570796,20
66.800000,64.75000,40.43806,1.570796,21
66.800000,64.75000,41.43806,1.570796,22
66.900000,64.85154,19.54645,1.946354,0
66.900000,64.50000,20.43806,1.815775,1
66.900000,64.25000,21.43806,1.815775,2
66.900000,64.00000,22.43806,1.815775,3
66.900000,63.75000,23.43806,2.034444,4
66.900000,63.25000,24.43806,1.570796,5
66.900000,63.25000,25.43806,1.325818,6
66.900000,63.50000,26.43806,1.325818,7
66.900000,63.75000,27.43806,1.325818,8
66.900000,64.00000,28.43806,1.325818,9
66.900000,64.25000,29.43806,1.325818,10
66.900000,64.50000,30.43806,1.325818,11
66.900000,64.75000,31.43806,1.570796,12
66.900000,64.75000,32.43806,1.570796,13
66.900000,64.75000,33.43806,1.570796,14
66.900000,64.75000,34.43806,1.570796,15
66.900000,64.75000,35.43806,1.570796,16
66.900000,64.75000,36.43806,1.570796,17
66.900000,64.75000,37.43806,1.570796,18
66.900000,64.75000,38.43806,1.570796,19
66.900000,64.75000,39.43806,1.570796,20
66.900000,64.75000,40.43806,1.570796,21
66.900000,64.75000,41.43806,1.570796,22
67.000000,64.83717,19.64271,1.971759,0
67.000000,64.50000,20.43806,1.815775,1
67.000000,64.25000,21.43806,1.815775,2
67.000000,64.00000,22.43806,1.815775,3
67.000000,63.75000,23.43806,2.034444,4
67.000000,63.25000,24.43806,1.570796,5
67.000000,63.25000,25.43806,1.325818,6
67.000000,63.50000,26.43806,1.325818,7
67.000000,63.75000,27.43806,1.325818,8
67.000000,64.00000,28.43806,1.325818,9
67.000000,64.25000,29.43806,1.325818,10
67.000000,64.50000,30.43806,1.325818,11
67.000000,64.75000,31.43806,1.570796,12
67.000000,64.75000,32.43806,1.570796,13
67.000000,64.75000,33.43806,1.570796,14
67.000000,64.75000,34.43806,1.570796,15
67.000000,64.75000,35.43806,1.570796,16
67.000000,64.75000,36.43806,1.570796,17
67.000000,64.75000,37.43806,1.570796,18
67.000000,64.75000,38.43806,1.570796,19
67.000000,64.75000,39.43806,1.570796,20
67.000000,64.75000,40.43806,1.570796,21
67.000000,64.75000,41.43806,1.570796,22
67.100000,64.84478,19.71276,1.845092,0
67.100000,64.50000,20.93806,1.815775,1
67.100000,64.25000,21.93806,1.815775,2
67.100000,64.00000,22.93806,2.034444,3
67.100000,63.50000,23.93806,1.815775,4
67.100000,63.25000,24.93806,1.570796,5
67.100000,63.25000,25.93806,1.325818,6
67.100000,63.50000,26.93806,1.325818,7
67.100000,63.75000,27.93806,1.325818,8
67.100000,64.00000,28.93806,1.325818,9
67.100000,64.25000,29.93806,1.325818,10
67.100000,64.50000,30.93806,1.325818,11
67.100000,64.75000,31.93806,1.570796,12
67.100000,64.75000,32.93806,1.570796,13
67.100000,64.75000,33.93806,1.570796,14
67.100000,64.75000,34.93806,1.570796,15
67.100000,64.75000,35.93806,1.570796,16
67.100000,64.75000,36.93806,1.570796,17
67.100000,64.75000,37.93806,1.570796,18
67.100000,64.75000,38.93806,1.570796,19
67.100000,64.75000,39.93806,1.570796,20
67.100000,64.75000,40.93806,1.570796,21
67.204000,64.80424,19.78782,1.829380,0
67.204000,64.50000,20.93806,1.815775,1
67.204000,64.25000,21.93806,1.815775,2
67.204000,64.00000,22.93806,2.034444,3
67.204000,63.50000,23.93806,1.815775,4
67.204000,63.25000,24.93806,1.570796,5
67.204000,63.25000,25.93806,1.325818,6
67.204000,63.50000,26.93806,1.325818,7
67.204000,63.75000,27.93806,1.325818,8
67.204000,64.00000,28.93806,1.325818,9
67.204000,64.25000,29.93806,1.325818,10
67.204000,64.50000,30.93806,1.325818,11
67.204000,64.75000,31.93806,1.570796,12
67.204000,64.75000,32.93806,1.570796,13
67.204000,64.75000,33.93806,1.570796,14
67.204000,64.75000,34.93806,1.570796,15
67.204000,64.75000,35.93806,1.570796,16
67.204000,64.75000,36.93806,1.570796,17
67.204000,64.75000,37.93806,1.570796,18
67.204000,64.75000,38.93806,1.570796,19
67.204000,64.75000,39.93806,1.570796,20
67.204000,64.75000,40.93806,1.570796,21
67.302000,64.80353,19.87425,1.848738,0
67.302000,64.50000,20.93806,1.815775,1
67.302000,64.25000,21.93806,1.815775,2
67.302000,64.00000,22.93806,2.034444,3
67.302000,63.50000,23.93806,1.815775,4
67.302000,63.25000,24.93806,1.570796,5
67.302000,63.25000,25.93806,1.325818,6
67.302000,63.50000,26.93806,1.325818,7
67.302000,63.75000,27.93806,1.325818,8
67.302000,64.00000,28.93806,1.325818,9
67.302000,64.25000,29.93806,1.325818,10
67.302000,64.50000,30.93806,1.325818,11
67.302000,64.75000,31.93806,1.570796,12
67.302000,64.75000,32.93806,1.570796,13
67.302000,64.75000,33.93806,1.570796,14
67.302000,64.75000,34.93806,1.570796,15
67.302000,64.75000,35.93806,1.570796,16
67.302000,64.75000,36.93806,1.570796,17
67.302000,64.75000,37.93806,1.570796,18
67.302000,64.75000,38.93806,1.570796,19
67.302000,64.75000,39.93806,1.570796,20
67.302000,64.75000,40.93806,1.570796,21
67.402000,64.84447,19.93292,1.900964,0
67.402000,64.50000,20.93806,1.815775,1
67.402000,64.25000,21.93806,1.815775,2
67.402000,64.00000,22.93806,2.034444,3
67.402000,63.50000,23.93806,1.815775,4
67.402000,63.25000,24.93806,1.570796,5
67.402000,63.25000,25.93806,1.325818,6
67.402000,63.50000,26.93806,1.325818,7
67.402000,63.75000,27.93806,1.325818,8
67.402000,64.00000,28.93806,1.325818,9
67.402000,64.25000,29.93806,1.325818,10
67.402000,64.50000,30.93806,1.325818,11
67.402000,64.75000,31.93806,1.570796,12
67.402000,64.75000,32.93806,1.570796,13
67.402000,64.75000,33.93806,1.570796,14
67.402000,64.75000,34.93806,1.570796,15
67.402000,64.75000,35.93806,1.570796,16
67.402000,64.75000,36.93806,1.570796,17
67.402000,64.75000,37.93806,1.570796,18
67.402000,64.75000,38.93806,1.570796,19
67.402000,64.75000,39.93806,1.570796,20
67.402000,64.75000,40.93806,1.570796,21
67.500000,64.83727,19.98687,1.911547,0
67.500000,64.50000,20.93806,1.815775,1
67.500000,64.25000,21.93806,1.815775,2
67.500000,64.00000,22.93806,2.034444,3
67.500000,63.50000,23.93806,1.815775,4
67.500000,63.25000,24.93806,1.570796,5
67.500000,63.25000,25.93806,1.325818,6
67.500000,63.50000,26.93806,1.325818,7
67.500000,63.75000,27.93806,1.325818,8
67.500000,64.00000,28.93806,1.325818,9
67.500000,64.25000,29.93806,1.325818,10
67.500000,64.50000,30.93806,1.325818,11
67.500000,64.75000,31.93806,1.570796,12
67.500000,64.75000,32.93806,1.570796,13
67.500000,64.75000,33.93806,1.570796,14
67.500000,64.75000,34.93806,1.570796,15
67.500000,64.75000,35.93806,1.570796,16
67.500000,64.75000,36.93806,1.570796,17
67.500000,64.75000,37.93806,1.570796,18
67.500000,64.75000,38.93806,1.570796,19
67.500000,64.75000,39.93806,1.570796,20
67.500000,64.75000,40.93806,1.570796,21
67.600000,64.87609,20.03975,1.967286,0
67.600000,64.50000,20.93806,1.815775,1
67.600000,64.25000,21.93806,1.815775,2
67.600000,64.00000,22.93806,2.034444,3
67.600000,63.50000,23.93806,1.815775,4
67.600000,63.25000,24.93806,1.570796,5
67.600000,63.25000,25.93806,1.325818,6
67.600000,63.50000,26.93806,1.325818,7
67.600000,63.75000,27.93806,1.325818,8
67.600000,64.00000,28.93806,1.325818,9
67.600000,64.25000,29.93806,1.325818,10
67.600000,64.50000,30.93806,1.325818,11
67.600000,64.75000,31.93806,1.570796,12
67.600000,64.75000,32.93806,1.570796,13
67.600000,64.75000,33.93806,1.570796,14
67.600000,64.75000,34.93806,1.570796,15
67.600000,64.75000,35.93806,1.570796,16
67.600000,64.75000,36.93806,1.570796,17
67.600000,64.75000,37.93806,1.570796,18
67.600000,64.75000,38.93806,1.570796,19
67.600000,64.75000,39.93806,1.570796,20
67.600000,64.75000,40.93806,1.570796,21
67.700000,64.86319,20.14467,2.000100,0
67.700000,64.50000,20.93806,1.815775,1
67.700000,64.25000,21.93806,1.815775,2
67.700000,64.00000,22.93806,2.034444,3
67.700000,63.50000,23.93806,1.815775,4
67.700000,63.25000,24.93806,1.570796,5
67.700000,63.25000,25.93806,1.325818,6
67.700000,63.50000,26.93806,1.325818,7
67.700000,63.75000,27.93806,1.325818,8
67.700000,64.00000,28.93806,1.325818,9
67.700000,64.25000,29.93806,1.325818,10
67.700000,64.50000,30.93806,1.325818,11
67.700000,64.75000,31.93806,1.570796,12
67.700000,64.75000,32.93806,1.570796,13
67.700000,64.75000,33.93806,1.570796,14
67.700000,64.75000,34.93806,1.570796,15
67.700000,64.75000,35.93806,1.570796,16
67.700000,64.75000,36.93806,1.570796,17
67.700000,64.75000,37.93806,1.570796,18
67.700000,64.75000,38.93806,1.570796,19
67.700000,64.75000,39.93806,1.570796,20
67.700000,64.75000,40.93806,1.570796,21
67.800000,64.85888,20.23128,1.859851,0
67.800000,64.50000,21.43806,1.815775,1
67.800000,64.25000,22.43806,2.034444,2
67.800000,63.75000,23.43806,2.034444,3
67.800000,63.25000,24.43806,1.570796,4
67.800000,63.25000,25.43806,1.570796,5
67.800000,63.25000,26.43806,1.325818,6
67.800000,63.50000,27.43806,1.325818,7
67.800000,63.75000,28.43806,1.107149,8
67.800000,64.25000,29.43806,1.325818,9
67.800000,64.50000,30.43806,1.325818,10
67.800000,64.75000,31.43806,1.570796,11
67.800000,64.75000,32.43806,1.570796,12
67.800000,64.75000,33.43806,1.570796,13
67.800000,64.75000,34.43806,1.570796,14
67.800000,64.75000,35.43806,1.570796,15
67.800000,64.75000,36.43806,1.570796,16
67.800000,64.75000,37.43806,1.570796,17
67.800000,64.75000,38.43806,1.570796,18
67.800000,64.75000,39.43806,1.570796,19
67.800000,64.75000,40.43806,1.570796,20
67.800000,64.75000,41.43806,1.570796,21
67.900000,64.87632,20.31920,1.895252,0
67.900000,64.50000,21.43806,1.815775,1
67.900000,64.25000,22.43806,2.034444,2
67.900000,63.75000,23.43806,2.034444,3
67.900000,63.25000,24.43806,1.570796,4
67.900000,63.25000,25.43806,1.325818,5
67.900000,63.50000,26.43806,1.325818,6
67.900000,63.75000,27.43806,1.325818,7
67.900000,64.00000,28.43806,1.325818,8
67.900000,64.25000,29.43806,1.325818,9
67.900000,64.50000,30.43806,1.325818,10
67.900000,64.75000,31.43806,1.570796,11
67.900000,64.75000,32.43806,1.570796,12
67.900000,64.75000,33.43806,1.570796,13
67.900000,64.75000,34.43806,1.570796,14
67.900000,64.75000,35.43806,1.570796,15
67.900000,64.75000,36.43806,1.570796,16
67.900000,64.75000,37.43806,1.570796,17
67.900000,64.75000,38.43806,1.570796,18
67.900000,64.75000,39.43806,1.570796,19
67.900000,64.75000,40.43806,1.570796,20
67.900000,64.75000,41.43806,1.570796,21
68.000000,64.87586,20.48501,1.946447,0
68.000000,64.50000,21.43806,1.815775,1
68.000000,64.25000,22.43806,2.034444,2
68.000000,63.75000,23.43806,2.034444,3
68.000000,63.25000,24.43806,1.570796,4
68.000000,63.25000,25.43806,1.325818,5
68.000000,63.50000,26.43806,1.325818,6
68.000000,63.75000,27.43806,1.325818,7
68.000000,64.00000,28.43806,1.325818,8
68.000000,64.25000,29.43806,1.325818,9
68.000000,64.50000,30.43806,1.325818,10
68.000000,64.75000,31.43806,1.570796,11
68.000000,64.75000,32.43806,1.570796,12
68.000000,64.75000,33.43806,1.570796,13
68.000000,64.75000,34.43806,1.570796,14
68.000000,64.75000,35.43806,1.570796,15
68.000000,64.75000,36.43806,1.570796,16
68.000000,64.75000,37.43806,1.570796,17
68.000000,64.75000,38.43806,1.570796,18
68.000000,64.75000,39.43806,1.570796,19
68.000000,64.75000,40.43806,1.570796,20
68.000000,64.75000,41.43806,1.570796,21
68.100000,64.86326,20.59526,1.977759,0
68.100000,64.50000,21.43806,1.815775,1
68.100000,64.25000,22.43806,2.034444,2
68.100000,63.75000,23.43806,2.034444,3
68.100000,63.25000,24.43806,1.570796,4
68.100000,63.25000,25.43806,1.570796,5
68.100000,63.25000,26.43806,1.325818,6
68.100000,63.50000,27.43806,1.107149,7
68.100000,64.00000,28.43806,1.325818,8
68.100000,64.25000,29.43806,1.325818,9
68.100000,64.50000,30.43806,1.325818,10
68.100000,64.75000,31.43806,1.570796,11
68.100000,64.75000,32.43806,1.570796,12
68.100000,64.75000,33.43806,1.570796,13
68.100000,64.75000,34.43806,1.570796,14
68.100000,64.75000,35.43806,1.570796,15
68.100000,64.75000,36.43806,1.570796,16
68.100000,64.75000,37.43806,1.570796,17
68.100000,64.75000,38.43806,1.570796,18
68.100000,64.75000,39.43806,1.570796,19
68.100000,64.75000,40.43806,1.570796,20
68.100000,64.75000,41.43806,1.570796,21
68.200000,64.86219,20.72515,2.038219,0
68.200000,64.25000,21.93806,1.815775,1
68.200000,64.00000,22.93806,2.034444,2
68.200000,63.50000,23.93806,1.815775,3
68.200000,63.25000,24.93806,1.570796,4
68.200000,63.25000,25.93806,1.325818,5
68.200000,63.50000,26.93806,1.325818,6
68.200000,63.75000,27.93806,1.325818,7
68.200000,64.00000,28.93806,1.325818,8
68.200000,64.25000,29.93806,1.325818,9
68.200000,64.50000,30.93806,1.325818,10
68.200000,64.75000,31.93806,1.570796,11
68.200000,64.75000,32.93806,1.570796,12
68.200000,64.75000,33.93806,1.570796,13
68.200000,64.75000,34.93806,1.570796,14
68.200000,64.75000,35.93806,1.570796,15
68.200000,64.75000,36.93806,1.570796,16
68.200000,64.75000,37.93806,1.570796,17
68.200000,64.75000,38.93806,1.570796,18
68.200000,64.75000,39.93806,1.570796,19
68.200000,64.75000,40.93806,1.570796,20
68.300000,64.87264,20.89654,2.109609,0
68.300000,64.25000,21.93806,1.815775,1
68.300000,64.00000,22.93806,2.034444,2
68.300000,63.50000,23.93806,1.815775,3
68.300000,63.25000,24.93806,1.570796,4
68.300000,63.25000,25.93806,1.325818,5
68.300000,63.50000,26.93806,1.325818,6
68.300000,63.75000,27.93806,1.325818,7
68.300000,64.00000,28.93806,1.325818,8
68.300000,64.25000,29.93806,1.325818,9
68.300000,64.50000,30.93806,1.325818,10
68.300000,64.75000,31.93806,1.570796,11
68.300000,64.75000,32.93806,1.570796,12
68.300000,64.75000,33.93806,1.570796,13
68.300000,64.75000,34.93806,1.570796,14
68.300000,64.75000,35.93806,1.570796,15
68.300000,64.75000,36.93806,1.570796,16
68.300000,64.75000,37.93806,1.570796,17
68.300000,64.75000,38.93806,1.570796,18
68.300000,64.75000,39.93806,1.570796,19
68.300000,64.75000,40.93806,1.570796,20
68.400000,64.81100,21.00208,2.110754,0
68.400000,64.25000,21.93806,1.815775,1
68.400000,64.00000,22.93806,2.034444,2
68.400000,63.50000,23.93806,1.815775,3
68.400000,63.25000,24.93806,1.570796,4
68.400000,63.25000,25.93806,1.325818,5
68.400000,63.50000,26.93806,1.325818,6
68.400000,63.75000,27.93806,1.325818,7
68.400000,64.00000,28.93806,1.325818,8
68.400000,64.25000,29.93806,1.325818,9
68.400000,64.50000,30.93806,1.325818,10
68.400000,64.75000,31.93806,1.570796,11
68.400000,64.75000,32.93806,1.570796,12
68.400000,64.75000,33.93806,1.570796,13
68.400000,64.75000,34.93806,1.570796,14
68.400000,64.75000,35.93806,1.570796,15
68.400000,64.75000,36.93806,1.570796,16
68.400000,64.75000,37.93806,1.570796,17
68.400000,64.75000,38.93806,1.570796,18
68.400000,64.75000,39.93806,1.570796,19
68.400000,64.75000,40.93806,1.570796,20
68.500000,64.78650,21.18131,2.187506,0
68.500000,64.25000,21.93806,1.815775,1
68.500000,64.00000,22.93806,2.034444,2
68.500000,63.50000,23.93806,1.815775,3
68.500000,63.25000,24.93806,1.570796,4
68.500000,63.25000,25.93806,1.325818,5
68.500000,63.50000,26.93806,1.325818,6
68.500000,63.75000,27.93806,1.325818,7
68.500000,64.00000,28.93806,1.325818,8
68.500000,64.25000,29.93806,1.325818,9
68.500000,64.50000,30.93806,1.325818,10
68.500000,64.75000,31.93806,1.570796,11
68.500000,64.75000,32.93806,1.570796,12
68.500000,64.75000,33.93806,1.570796,13
68.500000,64.75000,34.93806,1.570796,14
68.500000,64.75000,35.93806,1.570796,15
68.500000,64.75000,36.93806,1.570796,16
68.500000,64.75000,37.93806,1.570796,17
68.500000,64.75000,38.93806,1.570796,18
68.500000,64.75000,39.93806,1.570796,19
68.500000,64.75000,40.93806,1.570796,20
68.600000,64.76788,21.34807,2.014349,0
68.600000,64.25000,22.43806,2.034444,1
68.600000,63.75000,23.43806,2.034444,2
68.600000,63.25000,24.43806,1.570796,3
68.600000,63.25000,25.43806,1.325818,4
68.600000,63.50000,26.43806,1.325818,5
68.600000,63.75000,27.43806,1.325818,6
68.600000,64.00000,28.43806,1.325818,7
68.600000,64.25000,29.43806,1.325818,8
68.600000,64.50000,30.43806,1.325818,9
68.600000,64.75000,31.43806,1.570796,10
68.600000,64.75000,32.43806,1.570796,11
68.600000,64.75000,33.43806,1.570796,12
68.600000,64.75000,34.43806,1.570796,13
68.600000,64.75000,35.43806,1.570796,14
68.600000,64.75000,36.43806,1.570796,15
68.600000,64.75000,37.43806,1.570796,16
68.600000,64.75000,38.43806,1.570796,17
68.600000,64.75000,39.43806,1.570796,18
68.600000,64.75000,40.43806,1.570796,19
68.600000,64.75000,41.43806,1.570796,20
68.700000,64.64228,21.60877,2.012633,0
68.700000,64.25000,22.43806,2.034444,1
68.700000,63.75000,23.43806,2.034444,2
68.700000,63.25000,24.43806,1.570796,3
68.700000,63.25000,25.43806,1.570796,4
68.700000,63.25000,26.43806,1.325818,5
68.700000,63.50000,27.43806,1.325818,6
68.700000,63.75000,28.43806,1.107149,7
68.700000,64.25000,29.43806,1.325818,8
68.700000,64.50000,30.43806,1.325818,9
68.700000,64.75000,31.43806,1.570796,10
68.700000,64.75000,32.43806,1.570796,11
68.700000,64.75000,33.43806,1.570796,12
68.700000,64.75000,34.43806,1.570796,13
68.700000,64.75000,35.43806,1.570796,14
68.700000,64.75000,36.43806,1.570796,15
68.700000,64.75000,37.43806,1.570796,16
68.700000,64.75000,38.43806,1.570796,17
68.700000,64.75000,39.43806,1.570796,18
68.700000,64.75000,40.43806,1.570796,19
68.700000,64.75000,41.43806,1.570796,20
68.800000,64.61645,21.71038,2.036143,0
68.800000,64.00000,22.93806,2.034444,1
68.800000,63.50000,23.93806,1.815775,2
68.800000,63.25000,24.93806,1.570796,3
68.800000,63.25000,25.93806,1.325818,4
68.800000,63.50000,26.93806,1.325818,5
68.800000,63.75000,27.93806,1.325818,6
68.800000,64.00000,28.93806,1.325818,7
68.800000,64.25000,29.93806,1.325818,8
68.800000,64.50000,30.93806,1.325818,9
68.800000,64.75000,31.93806,1.570796,10
68.800000,64.75000,32.93806,1.570796,11
68.800000,64.75000,33.93806,1.570796,12
68.800000,64.75000,34.93806,1.570796,13
68.800000,64.75000,35.93806,1.570796,14
68.800000,64.75000,36.93806,1.570796,15
68.800000,64.75000,37.93806,1.570796,16
68.800000,64.75000,38.93806,1.570796,17
68.800000,64.75000,39.93806,1.570796,18
68.800000,64.75000,40.93806,1.570796,19
68.900000,64.53508,21.87205,2.035999,0
68.900000,64.00000,22.93806,2.034444,1
68.900000,63.50000,23.93806,1.815775,2
68.900000,63.25000,24.93806,1.570796,3
68.900000,63.25000,25.93806,1.325818,4
68.900000,63.50000,26.93806,1.325818,5
68.900000,63.75000,27.93806,1.325818,6
68.900000,64.00000,28.93806,1.325818,7
68.900000,64.25000,29.93806,1.325818,8
68.900000,64.50000,30.93806,1.325818,9
68.900000,64.75000,31.93806,1.570796,10
68.900000,64.75000,32.93806,1.570796,11
68.900000,64.75000,33.93806,1.570796,12
68.900000,64.75000,34.93806,1.570796,13
68.900000,64.75000,35.93806,1.570796,14
68.900000,64.75000,36.93806,1.570796,15
68.900000,64.75000,37.93806,1.570796,16
68.900000,64.75000,38.93806,1.570796,17
68.900000,64.75000,39.93806,1.570796,18
68.900000,64.75000,40.93806,1.570796,19
69.000000,64.40409,21.99279,1.974772,0
69.000000,64.00000,22.93806,2.034444,1
69.000000,63.50000,23.93806,1.815775,2
69.000000,63.25000,24.93806,1.570796,3
69.000000,63.25000,25.93806,1.325818,4
69.000000,63.50000,26.93806,1.325818,5
69.000000,63.75000,27.93806,1.325818,6
69.000000,64.00000,28.93806,1.325818,7
69.000000,64.25000,29.93806,1.325818,8
69.000000,64.50000,30.93806,1.325818,9
69.000000,64.75000,31.93806,1.570796,10
69.000000,64.75000,32.93806,1.570796,11
69.000000,64.75000,33.93806,1.570796,12
69.000000,64.75000,34.93806,1.570796,13
69.000000,64.75000,35.93806,1.570796,14
69.000000,64.75000,36.93806,1.570796,15
69.000000,64.75000,37.93806,1.570796,16
69.000000,64.75000,38.93806,1.570796,17
69.000000,64.75000,39.93806,1.570796,18
69.000000,64.75000,40.93806,1.570796,19
69.100000,64.30441,22.17395,2.198478,0
69.100000,63.75000,22.93806,2.034444,1
69.100000,63.25000,23.93806,1.570796,2
69.100000,63.25000,24.93806,1.570796,3
69.100000,63.25000,25.93806,1.325818,4
69.100000,63.50000,26.93806,1.325818,5
69.100000,63.75000,27.93806,1.325818,6
69.100000,64.00000,28.93806,1.325818,7
69.100000,64.25000,29.93806,1.325818,8
69.100000,64.50000,30.93806,1.325818,9
69.100000,64.75000,31.93806,1.570796,10
69.100000,64.75000,32.93806,1.570796,11
69.100000,64.75000,33.93806,1.570796,12
69.100000,64.75000,34.93806,1.570796,13
69.100000,64.75000,35.93806,1.570796,14
69.100000,64.75000,36.93806,1.570796,15
69.100000,64.75000,37.93806,1.570796,16
69.100000,64.75000,38.93806,1.570796,17
69.100000,64.75000,39.93806,1.570796,18
69.100000,64.75000,40.93806,1.570796,19
69.200000,64.21700,22.36058,1.979775,0
69.200000,63.75000,23.43806,2.034444,1
69.200000,63.25000,24.43806,1.570796,2
69.200000,63.25000,25.43806,1.325818,3
69.200000,63.50000,26.43806,1.325818,4
69.200000,63.75000,27.43806,1.325818,5
69.200000,64.00000,28.43806,1.325818,6
69.200000,64.25000,29.43806,1.325818,7
69.200000,64.50000,30.43806,1.325818,8
69.200000,64.75000,31.43806,1.570796,9
69.200000,64.75000,32.43806,1.570796,10
69.200000,64.75000,33.43806,1.570796,11
69.200000,64.75000,34.43806,1.570796,12
69.200000,64.75000,35.43806,1.570796,13
69.200000,64.75000,36.43806,1.570796,14
69.200000,64.75000,37.43806,1.570796,15
69.200000,64.75000,38.43806,1.570796,16
69.200000,64.75000,39.43806,1.570796,17
69.200000,64.75000,40.43806,1.570796,18
69.200000,64.75000,41.43806,1.570796,19
69.300000,64.12716,22.48298,1.946897,0
69.300000,63.75000,23.43806,2.034444,1
69.300000,63.25000,24.43806,1.570796,2
69.300000,63.25000,25.43806,1.325818,3
69.300000,63.50000,26.43806,1.325818,4
69.300000,63.75000,27.43806,1.325818,5
69.300000,64.00000,28.43806,1.325818,6
69.300000,64.25000,29.43806,1.325818,7
69.300000,64.50000,30.43806,1.325818,8
69.300000,64.75000,31.43806,1.570796,9
69.300000,64.75000,32.43806,1.570796,10
69.300000,64.75000,33.43806,1.570796,11
69.300000,64.75000,34.43806,1.570796,12
69.300000,64.75000,35.43806,1.570796,13
69.300000,64.75000,36.43806,1.570796,14
69.300000,64.75000,37.43806,1.570796,15
69.300000,64.75000,38.43806,1.570796,16
69.300000,64.75000,39.43806,1.570796,17
69.300000,64.75000,40.43806,1.570796,18
69.300000,64.75000,41.43806,1.570796,19
69.400000,63.99657,22.63193,2.122898,0
69.400000,63.50000,23.43806,2.034444,1
69.400000,63.00000,24.43806,1.570796,2
69.400000,63.00000,25.43806,1.325818,3
69.400000,63.25000,26.43806,1.325818,4
69.400000,63.50000,27.43806,1.107149,5
69.400000,64.00000,28.43806,1.325818,6
69.400000,64.25000,29.43806,1.325818,7
69.400000,64.50000,30.43806,1.325818,8
69.400000,64.75000,31.43806,1.570796,9
69.400000,64.75000,32.43806,1.570796,10
69.400000,64.75000,33.43806,1.570796,11
69.400000,64.75000,34.43806,1.570796,12
69.400000,64.75000,35.43806,1.570796,13
69.400000,64.75000,36.43806,1.570796,14
69.400000,64.75000,37.43806,1.570796,15
69.400000,64.75000,38.43806,1.570796,16
69.400000,64.75000,39.43806,1.570796,17
69.400000,64.75000,40.43806,1.570796,18
69.400000,64.75000,41.43806,1.570796,19
69.500000,63.89938,22.84956,2.108703,0
69.500000,63.25000,23.93806,1.570796,1
69.500000,63.25000,24.93806,1.570796,2
69.500000,63.25000,25.93806,1.325818,3
69.500000,63.50000,26.93806,1.325818,4
69.500000,63.75000,27.93806,1.325818,5
69.500000,64.00000,28.93806,1.325818,6
69.500000,64.25000,29.93806,1.325818,7
69.500000,64.50000,30.93806,1.325818,8
69.500000,64.75000,31.93806,1.570796,9
69.500000,64.75000,32.93806,1.570796,10
69.500000,64.75000,33.93806,1.570796,11
69.500000,64.75000,34.93806,1.570796,12
69.500000,64.75000,35.93806,1.570796,13
69.500000,64.75000,36.93806,1.570796,14
69.500000,64.75000,37.93806,1.570796,15
69.500000,64.75000,38.93806,1.570796,16
69.500000,64.75000,39.93806,1.570796,17
69.500000,64.75000,40.93806,1.570796,18
69.600000,63.82147,22.92381,2.083903,0
69.600000,63.25000,23.93806,1.570796,1
69.600000,63.25000,24.93806,1.570796,2
69.600000,63.25000,25.93806,1.325818,3
69.600000,63.50000,26.93806,1.325818,4
69.600000,63.75000,27.93806,1.325818,5
69.600000,64.00000,28.93806,1.325818,6
69.600000,64.25000,29.93806,1.325818,7
69.600000,64.50000,30.93806,1.325818,8
69.600000,64.75000,31.93806,1.570796,9
69.600000,64.75000,32.93806,1.570796,10
69.600000,64.75000,33.93806,1.570796,11
69.600000,64.75000,34.93806,1.570796,12
69.600000,64.75000,35.93806,1.570796,13
69.600000,64.75000,36.93806,1.570796,14
69.600000,64.75000,37.93806,1.570796,15
69.600000,64.75000,38.93806,1.570796,16
69.600000,64.75000,39.93806,1.570796,17
69.600000,64.75000,40.93806,1.570796,18
69.700000,63.77644,23.05910,2.110433,0
69.700000,63.25000,23.93806,1.570796,1
69.700000,63.25000,24.93806,1.570796,2
69.700000,63.25000,25.93806,1.325818,3
69.700000,63.50000,26.93806,1.325818,4
69.700000,63.75000,27.93806,1.325818,5
69.700000,64.00000,28.93806,1.325818,6
69.700000,64.25000,29.93806,1.325818,7
69.700000,64.50000,30.93806,1.325818,8
69.700000,64.75000,31.93806,1.570796,9
69.700000,64.75000,32.93806,1.570796,10
69.700000,64.75000,33.93806,1.570796,11
69.700000,64.75000,34.93806,1.570796,12
69.700000,64.75000,35.93806,1.570796,13
69.700000,64.75000,36.93806,1.570796,14
69.700000,64.75000,37.93806,1.570796,15
69.700000,64.75000,38.93806,1.570796,16
69.700000,64.75000,39.93806,1.570796,17
69.700000,64.75000,40.93806,1.570796,18
69.800000,63.69374,23.19993,2.081526,0
69.800000,63.00000,24.43806,1.570796,1
69.800000,63.00000,25.43806,1.325818,2
69.800000,63.25000,26.43806,1.325818,3
69.800000,63.50000,27.43806,1.107149,4
69.800000,64.00000,28.43806,1.325818,5
69.800000,64.25000,29.43806,1.325818,6
69.800000,64.50000,30.43806,1.325818,7
69.800000,64.75000,31.43806,1.570796,8
69.800000,64.75000,32.43806,1.570796,9
69.800000,64.75000,33.43806,1.570796,10
69.800000,64.75000,34.43806,1.570796,11
69.800000,64.75000,35.43806,1.570796,12
69.800000,64.75000,36.43806,1.570796,13
69.800000,64.75000,37.43806,1.570796,14
69.800000,64.75000,38.43806,1.570796,15
69.800000,64.75000,39.43806,1.570796,16
69.800000,64.75000,40.43806,1.570796,17
69.800000,64.75000,41.43806,1.570796,18
69.902000,63.61627,23.31500,2.072671,0
69.902000,63.00000,24.43806,1.570796,1
69.902000,63.00000,25.43806,1.325818,2
69.902000,63.25000,26.43806,1.325818,3
69.902000,63.50000,27.43806,1.325818,4
69.902000,63.75000,28.43806,1.107149,5
69.902000,64.25000,29.43806,1.325818,6
69.902000,64.50000,30.43806,1.325818,7
69.902000,64.75000,31.43806,1.570796,8
69.902000,64.75000,32.43806,1.570796,9
69.902000,64.75000,33.43806,1.570796,10
69.902000,64.75000,34.43806,1.570796,11
69.902000,64.75000,35.43806,1.570796,12
69.902000,64.75000,36.43806,1.570796,13
69.902000,64.75000,37.43806,1.570796,14
69.902000,64.75000,38.43806,1.570796,15
69.902000,64.75000,39.43806,1.570796,16
69.902000,64.75000,40.43806,1.570796,17
69.902000,64.75000,41.43806,1.570796,18
70.000000,63.63040,23.41050,1.925350,0
70.000000,63.25000,24.43806,1.570796,1
70.000000,63.25000,25.43806,1.325818,2
70.000000,63.50000,26.43806,1.325818,3
70.000000,63.75000,27.43806,1.325818,4
70.000000,64.00000,28.43806,1.325818,5
70.000000,64.25000,29.43806,1.325818,6
70.000000,64.50000,30.43806,1.325818,7
70.000000,64.75000,31.43806,1.570796,8
70.000000,64.75000,32.43806,1.570796,9
70.000000,64.75000,33.43806,1.570796,10
70.000000,64.75000,34.43806,1.570796,11
70.000000,64.75000,35.43806,1.570796,12
70.000000,64.75000,36.43806,1.570796,13
70.000000,64.75000,37.43806,1.570796,14
70.000000,64.75000,38.43806,1.570796,15
70.000000,64.75000,39.43806,1.570796,16
70.000000,64.75000,40.43806,1.570796,17
70.000000,64.75000,41.43806,1.570796,18
70.100000,63.57936,23.48029,2.114815,0
70.100000,63.00000,24.43806,1.570796,1
70.100000,63.00000,25.43806,1.325818,2
70.100000,63.25000,26.43806,1.325818,3
70.100000,63.50000,27.43806,1.107149,4
70.100000,64.00000,28.43806,1.325818,5
70.100000,64.25000,29.43806,1.325818,6
70.100000,64.50000,30.43806,1.325818,7
70.100000,64.75000,31.43806,1.570796,8
70.100000,64.75000,32.43806,1.570796,9
70.100000,64.75000,33.43806,1.570796,10
70.100000,64.75000,34.43806,1.570796,11
70.100000,64.75000,35.43806,1.570796,12
70.100000,64.75000,36.43806,1.570796,13
70.100000,64.75000,37.43806,1.570796,14
70.100000,64.75000,38.43806,1.570796,15
70.100000,64.75000,39.43806,1.570796,16
70.100000,64.75000,40.43806,1.570796,17
70.100000,64.75000,41.43806,1.570796,18
70.204000,63.57740,23.59251,2.169935,0
70.204000,63.00000,24.43806,1.570796,1
70.204000,63.00000,25.43806,1.325818,2
70.204000,63.25000,26.43806,1.325818,3
70.204000,63.50000,27.43806,1.107149,4
70.204000,64.00000,28.43806,1.325818,5
70.204000,64.25000,29.43806,1.325818,6
70.204000,64.50000,30.43806,1.325818,7
70.204000,64.75000,31.43806,1.570796,8
70.204000,64.75000,32.43806,1.570796,9
70.204000,64.75000,33.43806,1.570796,10
70.204000,64.75000,34.43806,1.570796,11
70.204000,64.75000,35.43806,1.570796,12
70.204000,64.75000,36.43806,1.570796,13
70.204000,64.75000,37.43806,1.570796,14
70.204000,64.75000,38.43806,1.570796,15
70.204000,64.75000,39.43806,1.570796,16
70.204000,64.75000,40.43806,1.570796,17
70.204000,64.75000,41.43806,1.570796,18
70.300000,63.56843,23.67110,1.964329,0
70.300000,63.25000,24.43806,1.570796,1
70.300000,63.25000,25.43806,1.325818,2
70.300000,63.50000,26.43806,1.325818,3
70.300000,63.75000,27.43806,1.325818,4
70.300000,64.00000,28.43806,1.325818,5
70.300000,64.25000,29.43806,1.325818,6
70.300000,64.50000,30.43806,1.325818,7
70.300000,64.75000,31.43806,1.570796,8
70.300000,64.75000,32.43806,1.570796,9
70.300000,64.75000,33.43806,1.570796,10
70.300000,64.75000,34.43806,1.570796,11
70.300000,64.75000,35.43806,1.570796,12
70.300000,64.75000,36.43806,1.570796,13
70.300000,64.75000,37.43806,1.570796,14
70.300000,64.75000,38.43806,1.570796,15
70.300000,64.75000,39.43806,1.570796,16
70.300000,64.75000,40.43806,1.570796,17
70.300000,64.75000,41.43806,1.570796,18
70.402000,63.54108,23.77820,1.816683,0
70.402000,63.25000,24.93806,1.570796,1
70.402000,63.25000,25.93806,1.325818,2
70.402000,63.50000,26.93806,1.325818,3
70.402000,63.75000,27.93806,1.325818,4
70.402000,64.00000,28.93806,1.325818,5
70.402000,64.25000,29.93806,1.325818,6
70.402000,64.50000,30.93806,1.325818,7
70.402000,64.75000,31.93806,1.570796,8
70.402000,64.75000,32.93806,1.570796,9
70.402000,64.75000,33.93806,1.570796,10
70.402000,64.75000,34.93806,1.570796,11
70.402000,64.75000,35.93806,1.570796,12
70.402000,64.75000,36.93806,1.570796,13
70.402000,64.75000,37.93806,1.570796,14
70.402000,64.75000,38.93806,1.570796,15
70.402000,64.75000,39.93806,1.570796,16
70.402000,64.75000,40.93806,1.570796,17
70.502000,63.52316,23.88845,1.825399,0
70.502000,63.25000,24.93806,1.570796,1
70.502000,63.25000,25.93806,1.325818,2
70.502000,63.50000,26.93806,1.325818,3
70.502000,63.75000,27.93806,1.325818,4
70.502000,64.00000,28.93806,1.325818,5
70.502000,64.25000,29.93806,1.325818,6
70.502000,64.50000,30.93806,1.325818,7
70.502000,64.75000,31.93806,1.570796,8
70.502000,64.75000,32.93806,1.570796,9
70.502000,64.75000,33.93806,1.570796,10
70.502000,64.75000,34.93806,1.570796,11
70.502000,64.75000,35.93806,1.570796,12
70.502000,64.75000,36.93806,1.570796,13
70.502000,64.75000,37.93806,1.570796,14
70.502000,64.75000,38.93806,1.570796,15
70.502000,64.75000,39.93806,1.570796,16
70.502000,64.75000,40.93806,1.570796,17
70.600000,63.52251,23.99970,1.853435,0
70.600000,63.25000,24.93806,1.570796,1
70.600000,63.25000,25.93806,1.325818,2
70.600000,63.50000,26.93806,1.325818,3
70.600000,63.75000,27.93806,1.325818,4
70.600000,64.00000,28.93806,1.325818,5
70.600000,64.25000,29.93806,1.325818,6
70.600000,64.50000,30.93806,1.325818,7
70.600000,64.75000,31.93806,1.570796,8
70.600000,64.75000,32.93806,1.570796,9
70.600000,64.75000,33.93806,1.570796,10
70.600000,64.75000,34.93806,1.570796,11
70.600000,64.75000,35.93806,1.570796,12
70.600000,64.75000,36.93806,1.570796,13
70.600000,64.75000,37.93806,1.570796,14
70.600000,64.75000,38.93806,1.570796,15
70.600000,64.75000,39.93806,1.570796,16
70.600000,64.75000,40.93806,1.570796,17
70.700000,63.53780,24.09190,1.898648,0
70.700000,63.25000,24.93806,1.570796,1
70.700000,63.25000,25.93806,1.325818,2
70.700000,63.50000,26.93806,1.325818,3
70.700000,63.75000,27.93806,1.325818,4
70.700000,64.00000,28.93806,1.325818,5
70.700000,64.25000,29.93806,1.325818,6
70.700000,64.50000,30.93806,1.325818,7
70.700000,64.75000,31.93806,1.570796,8
70.700000,64.75000,32.93806,1.570796,9
70.700000,64.75000,33.93806,1.570796,10
70.700000,64.75000,34.93806,1.570796,11
70.700000,64.75000,35.93806,1.570796,12
70.700000,64.75000,36.93806,1.570796,13
70.700000,64.75000,37.93806,1.570796,14
70.700000,64.75000,38.93806,1.570796,15
70.700000,64.75000,39.93806,1.570796,16
70.700000,64.75000,40.93806,1.570796,17
70.800000,63.53440,24.21443,1.799163,0
70.800000,63.25000,25.43806,1.325818,1
70.800000,63.50000,26.43806,1.325818,2
70.800000,63.75000,27.43806,1.325818,3
70.800000,64.00000,28.43806,1.325818,4
70.800000,64.25000,29.43806,1.325818,5
70.800000,64.50000,30.43806,1.325818,6
70.800000,64.75000,31.43806,1.570796,7
70.800000,64.75000,32.43806,1.570796,8
70.800000,64.75000,33.43806,1.570796,9
70.800000,64.75000,34.43806,1.570796,10
70.800000,64.75000,35.43806,1.570796,11
70.800000,64.75000,36.43806,1.570796,12
70.800000,64.75000,37.43806,1.570796,13
70.800000,64.75000,38.43806,1.570796,14
70.800000,64.75000,39.43806,1.570796,15
70.800000,64.75000,40.43806,1.570796,16
70.800000,64.75000,41.43806,1.570796,17
70.900000,63.51273,24.31322,1.800255,0
70.900000,63.25000,25.43806,1.325818,1
70.900000,63.50000,26.43806,1.325818,2
70.900000,63.75000,27.43806,1.325818,3
70.900000,64.00000,28.43806,1.325818,4
70.900000,64.25000,29.43806,1.325818,5
70.900000,64.50000,30.43806,1.325818,6
70.900000,64.75000,31.43806,1.570796,7
70.900000,64.75000,32.43806,1.570796,8
70.900000,64.75000,33.43806,1.570796,9
70.900000,64.75000,34.43806,1.570796,10
70.900000,64.75000,35.43806,1.570796,11
70.900000,64.75000,36.43806,1.570796,12
70.900000,64.75000,37.43806,1.570796,13
70.900000,64.75000,38.43806,1.570796,14
70.900000,64.75000,39.43806,1.570796,15
70.900000,64.75000,40.43806,1.570796,16
70.900000,64.75000,41.43806,1.570796,17
71.000000,63.48448,24.44951,1.803691,0
71.000000,63.25000,25.43806,1.325818,1
71.000000,63.50000,26.43806,1.325818,2
71.000000,63.75000,27.43806,1.325818,3
71.000000,64.00000,28.43806,1.325818,4
71.000000,64.25000,29.43806,1.325818,5
71.000000,64.50000,30.43806,1.325818,6
71.000000,64.75000,31.43806,1.570796,7
71.000000,64.75000,32.43806,1.570796,8
71.000000,64.75000,33.43806,1.570796,9
71.000000,64.75000,34.43806,1.570796,10
71.000000,64.75000,35.43806,1.570796,11
71.000000,64.75000,36.43806,1.570796,12
71.000000,64.75000,37.43806,1.570796,13
71.000000,64.75000,38.43806,1.570796,14
71.000000,64.75000,39.43806,1.570796,15
71.000000,64.75000,40.43806,1.570796,16
71.000000,64.75000,41.43806,1.570796,17
71.100000,63.46684,24.57692,1.817477,0
71.100000,63.25000,25.43806,1.325818,1
71.100000,63.50000,26.43806,1.325818,2
71.100000,63.75000,27.43806,1.325818,3
71.100000,64.00000,28.43806,1.325818,4
71.100000,64.25000,29.43806,1.325818,5
71.100000,64.50000,30.43806,1.325818,6
71.100000,64.75000,31.43806,1.570796,7
71.100000,64.75000,32.43806,1.570796,8
71.100000,64.75000,33.43806,1.570796,9
71.100000,64.75000,34.43806,1.570796,10
71.100000,64.75000,35.43806,1.570796,11
71.100000,64.75000,36.43806,1.570796,12
71.100000,64.75000,37.43806,1.570796,13
71.100000,64.75000,38.43806,1.570796,14
71.100000,64.75000,39.43806,1.570796,15
71.100000,64.75000,40.43806,1.570796,16
71.100000,64.75000,41.43806,1.570796,17
71.200000,63.41547,24.68271,1.786457,0
71.200000,63.25000,25.43806,1.325818,1
71.200000,63.50000,26.43806,1.325818,2
71.200000,63.75000,27.43806,1.325818,3
71.200000,64.00000,28.43806,1.325818,4
71.200000,64.25000,29.43806,1.325818,5
71.200000,64.50000,30.43806,1.325818,6
71.200000,64.75000,31.43806,1.570796,7
71.200000,64.75000,32.43806,1.570796,8
71.200000,64.75000,33.43806,1.570796,9
71.200000,64.75000,34.43806,1.570796,10
71.200000,64.75000,35.43806,1.570796,11
71.200000,64.75000,36.43806,1.570796,12
71.200000,64.75000,37.43806,1.570796,13
71.200000,64.75000,38.43806,1.570796,14
71.200000,64.75000,39.43806,1.570796,15
71.200000,64.75000,40.43806,1.570796,16
71.200000,64.75000,41.43806,1.570796,17
71.300000,63.39082,24.85430,1.700013,0
71.300000,63.25000,25.93806,1.325818,1
71.300000,63.50000,26.93806,1.325818,2
71.300000,63.75000,27.93806,1.325818,3
71.300000,64.00000,28.93806,1.325818,4
71.300000,64.25000,29.93806,1.325818,5
71.300000,64.50000,30.93806,1.325818,6
71.300000,64.75000,31.93806,1.570796,7
71.300000,64.75000,32.93806,1.570796,8
71.300000,64.75000,33.93806,1.570796,9
71.300000,64.75000,34.93806,1.570796,10
71.300000,64.75000,35.93806,1.570796,11
71.300000,64.75000,36.93806,1.570796,12
71.300000,64.75000,37.93806,1.570796,13
71.300000,64.75000,38.93806,1.570796,14
71.300000,64.75000,39.93806,1.570796,15
71.300000,64.75000,40.93806,1.570796,16
71.400000,63.32818,25.00420,1.654323,0
71.400000,63.25000,25.93806,1.325818,1
71.400000,63.50000,26.93806,1.325818,2
71.400000,63.75000,27.93806,1.325818,3
71.400000,64.00000,28.93806,1.325818,4
71.400000,64.25000,29.93806,1.325818,5
71.400000,64.50000,30.93806,1.325818,6
71.400000,64.75000,31.93806,1.570796,7
71.400000,64.75000,32.93806,1.570796,8
71.400000,64.75000,33.93806,1.570796,9
71.400000,64.75000,34.93806,1.570796,10
71.400000,64.75000,35.93806,1.570796,11
71.400000,64.75000,36.93806,1.570796,12
71.400000,64.75000,37.93806,1.570796,13
71.400000,64.75000,38.93806,1.570796,14
71.400000,64.75000,39.93806,1.570796,15
71.400000,64.75000,40.93806,1.570796,16
71.500000,63.27651,25.15333,1.604566,0
71.500000,63.25000,25.93806,1.325818,1
71.500000,63.50000,26.93806,1.325818,2
71.500000,63.75000,27.93806,1.325818,3
71.500000,64.00000,28.93806,1.325818,4
71.500000,64.25000,29.93806,1.325818,5
71.500000,64.50000,30.93806,1.325818,6
71.500000,64.75000,31.93806,1.570796,7
71.500000,64.75000,32.93806,1.570796,8
71.500000,64.75000,33.93806,1.570796,9
71.500000,64.75000,34.93806,1.570796,10
71.500000,64.75000,35.93806,1.570796,11
71.500000,64.75000,36.93806,1.570796,12
71.500000,64.75000,37.93806,1.570796,13
71.500000,64.75000,38.93806,1.570796,14
71.500000,64.75000,39.93806,1.570796,15
71.500000,64.75000,40.93806,1.570796,16
71.600000,63.19965,25.34488,1.302663,0
71.600000,63.50000,26.43806,1.325818,1
71.600000,63.75000,27.43806,1.325818,2
71.600000,64.00000,28.43806,1.325818,3
71.600000,64.25000,29.43806,1.325818,4
71.600000,64.50000,30.43806,1.325818,5
71.600000,64.75000,31.43806,1.570796,6
71.600000,64.75000,32.43806,1.570796,7
71.600000,64.75000,33.43806,1.570796,8
71.600000,64.75000,34.43806,1.570796,9
71.600000,64.75000,35.43806,1.570796,10
71.600000,64.75000,36.43806,1.570796,11
71.600000,64.75000,37.43806,1.570796,12
71.600000,64.75000,38.43806,1.570796,13
71.600000,64.75000,39.43806,1.570796,14
71.600000,64.75000,40.43806,1.570796,15
71.600000,64.75000,41.43806,1.570796,16
71.700000,63.12165,25.49778,1.188236,0
71.700000,63.50000,26.43806,1.325818,1
71.700000,63.75000,27.43806,1.325818,2
71.700000,64.00000,28.43806,1.325818,3
71.700000,64.25000,29.43806,1.325818,4
71.700000,64.50000,30.43806,1.325818,5
71.700000,64.75000,31.43806,1.570796,6
71.700000,64.75000,32.43806,1.570796,7
71.700000,64.75000,33.43806,1.570796,8
71.700000,64.75000,34.43806,1.570796,9
71.700000,64.75000,35.43806,1.570796,10
71.700000,64.75000,36.43806,1.570796,11
71.700000,64.75000,37.43806,1.570796,12
71.700000,64.75000,38.43806,1.570796,13
71.700000,64.75000,39.43806,1.570796,14
71.700000,64.75000,40.43806,1.570796,15
71.700000,64.75000,41.43806,1.570796,16
71.800000,63.08162,25.66751,1.073374,0
71.800000,63.50000,26.43806,1.325818,1
71.800000,63.75000,27.43806,1.325818,2
71.800000,64.00000,28.43806,1.325818,3
71.800000,64.25000,29.43806,1.325818,4
71.800000,64.50000,30.43806,1.325818,5
71.800000,64.75000,31.43806,1.570796,6
71.800000,64.75000,32.43806,1.570796,7
71.800000,64.75000,33.43806,1.570796,8
71.800000,64.75000,34.43806,1.570796,9
71.800000,64.75000,35.43806,1.570796,10
71.800000,64.75000,36.43806,1.570796,11
71.800000,64.75000,37.43806,1.570796,12
71.800000,64.75000,38.43806,1.570796,13
71.800000,64.75000,39.43806,1.570796,14
71.800000,64.75000,40.43806,1.570796,15
71.800000,64.75000,41.43806,1.570796,16
71.900000,63.01287,25.87607,1.140733,0
71.900000,63.50000,26.93806,1.325818,1
71.900000,63.75000,27.93806,1.325818,2
71.900000,64.00000,28.93806,1.325818,3
71.900000,64.25000,29.93806,1.325818,4
71.900000,64.50000,30.93806,1.325818,5
71.900000,64.75000,31.93806,1.570796,6
71.900000,64.75000,32.93806,1.570796,7
71.900000,64.75000,33.93806,1.570796,8
71.900000,64.75000,34.93806,1.570796,9
71.900000,64.75000,35.93806,1.570796,10
71.900000,64.75000,36.93806,1.570796,11
71.900000,64.75000,37.93806,1.570796,12
71.900000,64.75000,38.93806,1.570796,13
71.900000,64.75000,39.93806,1.570796,14
71.900000,64.75000,40.93806,1.570796,15
72.000000,62.94838,26.05515,1.012357,0
72.000000,63.50000,26.93806,1.325818,1
72.000000,63.75000,27.93806,1.325818,2
72.000000,64.00000,28.93806,1.325818,3
72.000000,64.25000,29.93806,1.325818,4
72.000000,64.50000,30.93806,1.325818,5
72.000000,64.75000,31.93806,1.570796,6
72.000000,64.75000,32.93806,1.570796,7
72.000000,64.75000,33.93806,1.570796,8
72.000000,64.75000,34.93806,1.570796,9
72.000000,64.75000,35.93806,1.570796,10
72.000000,64.75000,36.93806,1.570796,11
72.000000,64.75000,37.93806,1.570796,12
72.000000,64.75000,38.93806,1.570796,13
72.000000,64.75000,39.93806,1.570796,14
72.000000,64.75000,40.93806,1.570796,15
72.100000,62.91450,26.25042,1.112766,0
72.100000,63.50000,27.43806,1.107149,1
72.100000,64.00000,28.43806,1.325818,2
72.100000,64.25000,29.43806,1.325818,3
72.100000,64.50000,30.43806,1.325818,4
72.100000,64.75000,31.43806,1.570796,5
72.100000,64.75000,32.43806,1.570796,6
72.100000,64.75000,33.43806,1.570796,7
72.100000,64.75000,34.43806,1.570796,8
72.100000,64.75000,35.43806,1.570796,9
72.100000,64.75000,36.43806,1.570796,10
72.100000,64.75000,37.43806,1.570796,11
72.100000,64.75000,38.43806,1.570796,12
72.100000,64.75000,39.43806,1.570796,13
72.100000,64.75000,40.43806,1.570796,14
72.100000,64.75000,41.43806,1.570796,15
72.200000,62.89715,26.45503,1.020688,0
72.200000,63.50000,27.43806,1.107149,1
72.200000,64.00000,28.43806,1.325818,2
72.200000,64.25000,29.43806,1.325818,3
72.200000,64.50000,30.43806,1.325818,4
72.200000,64.75000,31.43806,1.570796,5
72.200000,64.75000,32.43806,1.570796,6
72.200000,64.75000,33.43806,1.570796,7
72.200000,64.75000,34.43806,1.570796,8
72.200000,64.75000,35.43806,1.570796,9
72.200000,64.75000,36.43806,1.570796,10
72.200000,64.75000,37.43806,1.570796,11
72.200000,64.75000,38.43806,1.570796,12
72.200000,64.75000,39.43806,1.570796,13
72.200000,64.75000,40.43806,1.570796,14
72.200000,64.75000,41.43806,1.570796,15
72.300000,62.85051,26.63560,0.890358,0
72.300000,63.50000,27.43806,1.107149,1
72.300000,64.00000,28.43806,1.325818,2
72.300000,64.25000,29.43806,1.325818,3
72.300000,64.50000,30.43806,1.325818,4
72.300000,64.75000,31.43806,1.570796,5
72.300000,64.75000,32.43806,1.570796,6
72.300000,64.75000,33.43806,1.570796,7
72.300000,64.75000,34.43806,1.570796,8
72.300000,64.75000,35.43806,1.570796,9
72.300000,64.75000,36.43806,1.570796,10
72.300000,64.75000,37.43806,1.570796,11
72.300000,64.75000,38.43806,1.570796,12
72.300000,64.75000,39.43806,1.570796,13
72.300000,64.75000,40.43806,1.570796,14
72.300000,64.75000,41.43806,1.570796,15
72.400000,62.79881,26.81659,1.012020,0
72.400000,63.50000,27.93806,1.107149,1
72.400000,64.00000,28.93806,1.325818,2
72.400000,64.25000,29.93806,1.325818,3
72.400000,64.50000,30.93806,1.325818,4
72.400000,64.75000,31.93806,1.570796,5
72.400000,64.75000,32.93806,1.570796,6
72.400000,64.75000,33.93806,1.570796,7
72.400000,64.75000,34.93806,1.570796,8
72.400000,64.75000,35.93806,1.570796,9
72.400000,64.75000,36.93806,1.570796,10
72.400000,64.75000,37.93806,1.570796,11
72.400000,64.75000,38.93806,1.570796,12
72.400000,64.75000,39.93806,1.570796,13
72.400000,64.75000,40.93806,1.570796,14
72.500000,62.81154,26.96197,0.956502,0
72.500000,63.50000,27.93806,1.107149,1
72.500000,64.00000,28.93806,1.325818,2
72.500000,64.25000,29.93806,1.325818,3
72.500000,64.50000,30.93806,1.325818,4
72.500000,64.75000,31.93806,1.570796,5
72.500000,64.75000,32.93806,1.570796,6
72.500000,64.75000,33.93806,1.570796,7
72.500000,64.75000,34.93806,1.570796,8
72.500000,64.75000,35.93806,1.570796,9
72.500000,64.75000,36.93806,1.570796,10
72.500000,64.75000,37.93806,1.570796,11
72.500000,64.75000,38.93806,1.570796,12
72.500000,64.75000,39.93806,1.570796,13
72.500000,64.75000,40.93806,1.570796,14
72.600000,62.81123,27.16929,0.840228,0
72.600000,63.50000,27.93806,1.107149,1
72.600000,64.00000,28.93806,1.325818,2
72.600000,64.25000,29.93806,1.325818,3
72.600000,64.50000,30.93806,1.325818,4
72.600000,64.75000,31.93806,1.570796,5
72.600000,64.75000,32.93806,1.570796,6
72.600000,64.75000,33.93806,1.570796,7
72.600000,64.75000,34.93806,1.570796,8
72.600000,64.75000,35.93806,1.570796,9
72.600000,64.75000,36.93806,1.570796,10
72.600000,64.75000,37.93806,1.570796,11
72.600000,64.75000,38.93806,1.570796,12
72.600000,64.75000,39.93806,1.570796,13
72.600000,64.75000,40.93806,1.570796,14
72.700000,62.84249,27.30400,1.045377,0
72.700000,63.50000,28.43806,1.107149,1
72.700000,64.00000,29.43806,1.325818,2
72.700000,64.25000,30.43806,1.325818,3
72.700000,64.50000,31.43806,1.325818,4
72.700000,64.75000,32.43806,1.570796,5
72.700000,64.75000,33.43806,1.570796,6
72.700000,64.75000,34.43806,1.570796,7
72.700000,64.75000,35.43806,1.570796,8
72.700000,64.75000,36.43806,1.570796,9
72.700000,64.75000,37.43806,1.570796,10
72.700000,64.75000,38.43806,1.570796,11
72.700000,64.75000,39.43806,1.570796,12
72.700000,64.75000,40.43806,1.570796,13
72.700000,64.75000,41.43806,1.570796,14
72.800000,62.86888,27.42542,0.854734,0
72.800000,63.75000,28.43806,1.107149,1
72.800000,64.25000,29.43806,1.325818,2
72.800000,64.50000,30.43806,1.325818,3
72.800000,64.75000,31.43806,1.570796,4
72.800000,64.75000,32.43806,1.570796,5
72.800000,64.75000,33.43806,1.570796,6
72.800000,64.75000,34.43806,1.570796,7
72.800000,64.75000,35.43806,1.570796,8
72.800000,64.75000,36.43806,1.570796,9
72.800000,64.75000,37.43806,1.570796,10
72.800000,64.75000,38.43806,1.570796,11
72.800000,64.75000,39.43806,1.570796,12
72.800000,64.75000,40.43806,1.570796,13
72.800000,64.75000,41.43806,1.570796,14
72.900000,62.88166,27.58831,0.774572,0
72.900000,63.75000,28.43806,1.107149,1
72.900000,64.25000,29.43806,1.325818,2
72.900000,64.50000,30.43806,1.325818,3
72.900000,64.75000,31.43806,1.570796,4
72.900000,64.75000,32.43806,1.570796,5
72.900000,64.75000,33.43806,1.570796,6
72.900000,64.75000,34.43806,1.570796,7
72.900000,64.75000,35.43806,1.570796,8
72.900000,64.75000,36.43806,1.570796,9
72.900000,64.75000,37.43806,1.570796,10
72.900000,64.75000,38.43806,1.570796,11
72.900000,64.75000,39.43806,1.570796,12
72.900000,64.75000,40.43806,1.570796,13
72.900000,64.75000,41.43806,1.570796,14
73.000000,62.93784,27.69810,0.990920,0
73.000000,63.75000,28.93806,1.107149,1
73.000000,64.25000,29.93806,1.325818,2
73.000000,64.50000,30.93806,1.325818,3
73.000000,64.75000,31.93806,1.570796,4
73.000000,64.75000,32.93806,1.570796,5
73.000000,64.75000,33.93806,1.570796,6
73.000000,64.75000,34.93806,1.570796,7
73.000000,64.75000,35.93806,1.570796,8
73.000000,64.75000,36.93806,1.570796,9
73.000000,64.75000,37.93806,1.570796,10
73.000000,64.75000,38.93806,1.570796,11
73.000000,64.75000,39.93806,1.570796,12
73.000000,64.75000,40.93806,1.570796,13
73.100000,62.95190,27.77855,0.967959,0
73.100000,63.75000,28.93806,1.107149,1
73.100000,64.25000,29.93806,1.325818,2
73.100000,64.50000,30.93806,1.325818,3
73.100000,64.75000,31.93806,1.570796,4
73.100000,64.75000,32.93806,1.570796,5
73.100000,64.75000,33.93806,1.570796,6
73.100000,64.75000,34.93806,1.570796,7
73.100000,64.75000,35.93806,1.570796,8
73.100000,64.75000,36.93806,1.570796,9
73.100000,64.75000,37.93806,1.570796,10
73.100000,64.75000,38.93806,1.570796,11
73.100000,64.75000,39.93806,1.570796,12
73.100000,64.75000,40.93806,1.570796,13
73.200000,63.00293,27.85047,0.968914,0
73.200000,63.75000,28.93806,1.107149,1
73.200000,64.25000,29.93806,1.325818,2
73.200000,64.50000,30.93806,1.325818,3
73.200000,64.75000,31.93806,1.570796,4
73.200000,64.75000,32.93806,1.570796,5
73.200000,64.75000,33.93806,1.570796,6
73.200000,64.75000,34.93806,1.570796,7
73.200000,64.75000,35.93806,1.570796,8
73.200000,64.75000,36.93806,1.570796,9
73.200000,64.75000,37.93806,1.570796,10
73.200000,64.75000,38.93806,1.570796,11
73.200000,64.75000,39.93806,1.570796,12
73.200000,64.75000,40.93806,1.570796,13
73.300000,63.01102,27.95302,0.927162,0
73.300000,63.75000,28.93806,1.107149,1
73.300000,64.25000,29.93806,1.325818,2
73.300000,64.50000,30.93806,1.325818,3
73.300000,64.75000,31.93806,1.570796,4
73.300000,64.75000,32.93806,1.570796,5
73.300000,64.75000,33.93806,1.570796,6
73.300000,64.75000,34.93806,1.570796,7
73.300000,64.75000,35.93806,1.570796,8
73.300000,64.75000,36.93806,1.570796,9
73.300000,64.75000,37.93806,1.570796,10
73.300000,64.75000,38.93806,1.570796,11
73.300000,64.75000,39.93806,1.570796,12
73.300000,64.75000,40.93806,1.570796,13
73.400000,63.05066,28.01220,0.923881,0
73.400000,63.75000,28.93806,1.107149,1
73.400000,64.25000,29.93806,1.325818,2
73.400000,64.50000,30.93806,1.325818,3
73.400000,64.75000,31.93806,1.570796,4
73.400000,64.75000,32.93806,1.570796,5
73.400000,64.75000,33.93806,1.570796,6
73.400000,64.75000,34.93806,1.570796,7
73.400000,64.75000,35.93806,1.570796,8
73.400000,64.75000,36.93806,1.570796,9
73.400000,64.75000,37.93806,1.570796,10
73.400000,64.75000,38.93806,1.570796,11
73.400000,64.75000,39.93806,1.570796,12
73.400000,64.75000,40.93806,1.570796,13
73.500000,63.07057,28.03803,0.924164,0
73.500000,63.75000,28.93806,1.107149,1
73.500000,64.25000,29.93806,1.325818,2
73.500000,64.50000,30.93806,1.325818,3
73.500000,64.75000,31.93806,1.570796,4
73.500000,64.75000,32.93806,1.570796,5
73.500000,64.75000,33.93806,1.570796,6
73.500000,64.75000,34.93806,1.570796,7
73.500000,64.75000,35.93806,1.570796,8
73.500000,64.75000,36.93806,1.570796,9
73.500000,64.75000,37.93806,1.570796,10
73.500000,64.75000,38.93806,1.570796,11
73.500000,64.75000,39.93806,1.570796,12
73.500000,64.75000,40.93806,1.570796,13
73.604000,63.08249,28.10904,0.892900,0
73.604000,63.75000,28.93806,1.107149,1
73.604000,64.25000,29.93806,1.325818,2
73.604000,64.50000,30.93806,1.325818,3
73.604000,64.75000,31.93806,1.570796,4
73.604000,64.75000,32.93806,1.570796,5
73.604000,64.75000,33.93806,1.570796,6
73.604000,64.75000,34.93806,1.570796,7
73.604000,64.75000,35.93806,1.570796,8
73.604000,64.75000,36.93806,1.570796,9
73.604000,64.75000,37.93806,1.570796,10
73.604000,64.75000,38.93806,1.570796,11
73.604000,64.75000,39.93806,1.570796,12
73.604000,64.75000,40.93806,1.570796,13
73.702000,63.07546,28.11245,0.885761,0
73.702000,63.75000,28.93806,1.107149,1
73.702000,64.25000,29.93806,1.325818,2
73.702000,64.50000,30.93806,1.325818,3
73.702000,64.75000,31.93806,1.570796,4
73.702000,64.75000,32.93806,1.570796,5
73.702000,64.75000,33.93806,1.570796,6
73.702000,64.75000,34.93806,1.570796,7
73.702000,64.75000,35.93806,1.570796,8
73.702000,64.75000,36.93806,1.570796,9
73.702000,64.75000,37.93806,1.570796,10
73.702000,64.75000,38.93806,1.570796,11
73.702000,64.75000,39.93806,1.570796,12
73.702000,64.75000,40.93806,1.570796,13
73.802000,63.10713,28.11200,0.909467,0
73.802000,63.75000,28.93806,1.107149,1
73.802000,64.25000,29.93806,1.325818,2
73.802000,64.50000,30.93806,1.325818,3
73.802000,64.75000,31.93806,1.570796,4
73.802000,64.75000,32.93806,1.570796,5
73.802000,64.75000,33.93806,1.570796,6
73.802000,64.75000,34.93806,1.570796,7
73.802000,64.75000,35.93806,1.570796,8
73.802000,64.75000,36.93806,1.570796,9
73.802000,64.75000,37.93806,1.570796,10
73.802000,64.75000,38.93806,1.570796,11
73.802000,64.75000,39.93806,1.570796,12
73.802000,64.75000,40.93806,1.570796,13
73.900000,63.13689,28.14186,0.745094,0
73.900000,64.00000,28.93806,1.325818,1
73.900000,64.25000,29.93806,1.325818,2
73.900000,64.50000,30.93806,1.325818,3
73.900000,64.75000,31.93806,1.570796,4
73.900000,64.75000,32.93806,1.570796,5
73.900000,64.75000,33.93806,1.570796,6
73.900000,64.75000,34.93806,1.570796,7
73.900000,64.75000,35.93806,1.570796,8
73.900000,64.75000,36.93806,1.570796,9
73.900000,64.75000,37.93806,1.570796,10
73.900000,64.75000,38.93806,1.570796,11
73.900000,64.75000,39.93806,1.570796,12
73.900000,64.75000,40.93806,1.570796,13
74.000000,63.15033,28.16426,0.738699,0
74.000000,64.00000,28.93806,1.325818,1
74.000000,64.25000,29.93806,1.325818,2
74.000000,64.50000,30.93806,1.325818,3
74.000000,64.75000,31.93806,1.570796,4
74.000000,64.75000,32.93806,1.570796,5
74.000000,64.75000,33.93806,1.570796,6
74.000000,64.75000,34.93806,1.570796,7
74.000000,64.75000,35.93806,1.570796,8
74.000000,64.75000,36.93806,1.570796,9
74.000000,64.75000,37.93806,1.570796,10
74.000000,64.75000,38.93806,1.570796,11
74.000000,64.75000,39.93806,1.570796,12
74.000000,64.75000,40.93806,1.570796,13
74.100000,63.12679,28.20319,0.955302,0
74.100000,64.00000,29.43806,1.325818,1
74.100000,64.25000,30.43806,1.325818,2
74.100000,64.50000,31.43806,1.325818,3
74.100000,64.75000,32.43806,1.570796,4
74.100000,64.75000,33.43806,1.570796,5
74.100000,64.75000,34.43806,1.570796,6
74.100000,64.75000,35.43806,1.570796,7
74.100000,64.75000,36.43806,1.570796,8
74.100000,64.75000,37.43806,1.570796,9
74.100000,64.75000,38.43806,1.570796,10
74.100000,64.75000,39.43806,1.570796,11
74.100000,64.75000,40.43806,1.570796,12
74.100000,64.75000,41.43806,1.570796,13
74.200000,63.15006,28.16905,0.735448,0
74.200000,64.00000,28.93806,1.325818,1
74.200000,64.25000,29.93806,1.325818,2
74.200000,64.50000,30.93806,1.325818,3
74.200000,64.75000,31.93806,1.570796,4
74.200000,64.75000,32.93806,1.570796,5
74.200000,64.75000,33.93806,1.570796,6
74.200000,64.75000,34.93806,1.570796,7
74.200000,64.75000,35.93806,1.570796,8
74.200000,64.75000,36.93806,1.570796,9
74.200000,64.75000,37.93806,1.570796,10
74.200000,64.75000,38.93806,1.570796,11
74.200000,64.75000,39.93806,1.570796,12
74.200000,64.75000,40.93806,1.570796,13
74.300000,63.16936,28.22807,0.969198,0
74.300000,64.00000,29.43806,1.325818,1
74.300000,64.25000,30.43806,1.325818,2
74.300000,64.50000,31.43806,1.325818,3
74.300000,64.75000,32.43806,1.570796,4
74.300000,64.75000,33.43806,1.570796,5
74.300000,64.75000,34.43806,1.570796,6
74.300000,64.75000,35.43806,1.570796,7
74.300000,64.75000,36.43806,1.570796,8
74.300000,64.75000,37.43806,1.570796,9
74.300000,64.75000,38.43806,1.570796,10
74.300000,64.75000,39.43806,1.570796,11
74.300000,64.75000,40.43806,1.570796,12
74.300000,64.75000,41.43806,1.570796,13
74.400000,63.16929,28.21635,0.973646,0
74.400000,64.00000,29.43806,1.325818,1
74.400000,64.25000,30.43806,1.325818,2
74.400000,64.50000,31.43806,1.325818,3
74.400000,64.75000,32.43806,1.570796,4
74.400000,64.75000,33.43806,1.570796,5
74.400000,64.75000,34.43806,1.570796,6
74.400000,64.75000,35.43806,1.570796,7
74.400000,64.75000,36.43806,1.570796,8
74.400000,64.75000,37.43806,1.570796,9
74.400000,64.75000,38.43806,1.570796,10
74.400000,64.75000,39.43806,1.570796,11
74.400000,64.75000,40.43806,1.570796,12
74.400000,64.75000,41.43806,1.570796,13
74.500000,63.20595,28.27181,0.973031,0
74.500000,64.00000,29.43806,1.325818,1
74.500000,64.25000,30.43806,1.325818,2
74.500000,64.50000,31.43806,1.325818,3
74.500000,64.75000,32.43806,1.570796,4
74.500000,64.75000,33.43806,1.570796,5
74.500000,64.75000,34.43806,1.570796,6
74.500000,64.75000,35.43806,1.570796,7
74.500000,64.75000,36.43806,1.570796,8
74.500000,64.75000,37.43806,1.570796,9
74.500000,64.75000,38.43806,1.570796,10
74.500000,64.75000,39.43806,1.570796,11
74.500000,64.75000,40.43806,1.570796,12
74.500000,64.75000,41.43806,1.570796,13
74.600000,63.21095,28.26501,0.978660,0
74.600000,64.00000,29.43806,1.325818,1
74.600000,64.25000,30.43806,1.325818,2
74.600000,64.50000,31.43806,1.325818,3
74.600000,64.75000,32.43806,1.570796,4
74.600000,64.75000,33.43806,1.570796,5
74.600000,64.75000,34.43806,1.570796,6
74.600000,64.75000,35.43806,1.570796,7
74.600000,64.75000,36.43806,1.570796,8
74.600000,64.75000,37.43806,1.570796,9
74.600000,64.75000,38.43806,1.570796,10
74.600000,64.75000,39.43806,1.570796,11
74.600000,64.75000,40.43806,1.570796,12
74.600000,64.75000,41.43806,1.570796,13
74.700000,63.23858,28.31510,0.974956,0
74.700000,64.00000,29.43806,1.325818,1
74.700000,64.25000,30.43806,1.325818,2
74.700000,64.50000,31.43806,1.325818,3
74.700000,64.75000,32.43806,1.570796,4
74.700000,64.75000,33.43806,1.570796,5
74.700000,64.75000,34.43806,1.570796,6
74.700000,64.75000,35.43806,1.570796,7
74.700000,64.75000,36.43806,1.570796,8
74.700000,64.75000,37.43806,1.570796,9
74.700000,64.75000,38.43806,1.570796,10
74.700000,64.75000,39.43806,1.570796,11
74.700000,64.75000,40.43806,1.570796,12
74.700000,64.75000,41.43806,1.570796,13
74.800000,63.30016,28.36573,0.992573,0
74.800000,64.00000,29.43806,1.325818,1
74.800000,64.25000,30.43806,1.325818,2
74.800000,64.50000,31.43806,1.325818,3
74.800000,64.75000,32.43806,1.570796,4
74.800000,64.75000,33.43806,1.570796,5
74.800000,64.75000,34.43806,1.570796,6
74.800000,64.75000,35.43806,1.570796,7
74.800000,64.75000,36.43806,1.570796,8
74.800000,64.75000,37.43806,1.570796,9
74.800000,64.75000,38.43806,1.570796,10
74.800000,64.75000,39.43806,1.570796,11
74.800000,64.75000,40.43806,1.570796,12
74.800000,64.75000,41.43806,1.570796,13
74.900000,63.30965,28.40414,0.982077,0
74.900000,64.00000,29.43806,1.325818,1
74.900000,64.25000,30.43806,1.325818,2
74.900000,64.50000,31.43806,1.325818,3
74.900000,64.75000,32.43806,1.570796,4
74.900000,64.75000,33.43806,1.570796,5
74.900000,64.75000,34.43806,1.570796,6
74.900000,64.75000,35.43806,1.570796,7
74.900000,64.75000,36.43806,1.570796,8
74.900000,64.75000,37.43806,1.570796,9
74.900000,64.75000,38.43806,1.570796,10
74.900000,64.75000,39.43806,1.570796,11
74.900000,64.75000,40.43806,1.570796,12
74.900000,64.75000,41.43806,1.570796,13
75.000000,63.36005,28.49199,0.976063,0
75.000000,64.00000,29.43806,1.325818,1
75.000000,64.25000,30.43806,1.325818,2
75.000000,64.50000,31.43806,1.325818,3
75.000000,64.75000,32.43806,1.570796,4
75.000000,64.75000,33.43806,1.570796,5
75.000000,64.75000,34.43806,1.570796,6
75.000000,64.75000,35.43806,1.570796,7
75.000000,64.75000,36.43806,1.570796,8
75.000000,64.75000,37.43806,1.570796,9
75.000000,64.75000,38.43806,1.570796,10
75.000000,64.75000,39.43806,1.570796,11
75.000000,64.75000,40.43806,1.570796,12
75.000000,64.75000,41.43806,1.570796,13
75.100000,63.38594,28.53871,0.971716,0
75.100000,64.00000,29.43806,1.325818,1
75.100000,64.25000,30.43806,1.325818,2
75.100000,64.50000,31.43806,1.325818,3
75.100000,64.75000,32.43806,1.570796,4
75.100000,64.75000,33.43806,1.570796,5
75.100000,64.75000,34.43806,1.570796,6
75.100000,64.75000,35.43806,1.570796,7
75.100000,64.75000,36.43806,1.570796,8
75.100000,64.75000,37.43806,1.570796,9
75.100000,64.75000,38.43806,1.570796,10
75.100000,64.75000,39.43806,1.570796,11
75.100000,64.75000,40.43806,1.570796,12
75.100000,64.75000,41.43806,1.570796,13
75.200000,63.45343,28.63659,0.972283,0
75.200000,64.00000,29.43806,1.325818,1
75.200000,64.25000,30.43806,1.325818,2
75.200000,64.50000,31.43806,1.325818,3
75.200000,64.75000,32.43806,1.570796,4
75.200000,64.75000,33.43806,1.570796,5
75.200000,64.75000,34.43806,1.570796,6
75.200000,64.75000,35.43806,1.570796,7
75.200000,64.75000,36.43806,1.570796,8
75.200000,64.75000,37.43806,1.570796,9
75.200000,64.75000,38.43806,1.570796,10
75.200000,64.75000,39.43806,1.570796,11
75.200000,64.75000,40.43806,1.570796,12
75.200000,64.75000,41.43806,1.570796,13
75.300000,63.54886,28.74207,1.040553,0
75.300000,64.25000,29.93806,1.325818,1
75.300000,64.50000,30.93806,1.325818,2
75.300000,64.75000,31.93806,1.570796,3
75.300000,64.75000,32.93806,1.570796,4
75.300000,64.75000,33.93806,1.570796,5
75.300000,64.75000,34.93806,1.570796,6
75.300000,64.75000,35.93806,1.570796,7
75.300000,64.75000,36.93806,1.570796,8
75.300000,64.75000,37.93806,1.570796,9
75.300000,64.75000,38.93806,1.570796,10
75.300000,64.75000,39.93806,1.570796,11
75.300000,64.75000,40.93806,1.570796,12
75.400000,63.61834,28.82199,1.055775,0
75.400000,64.25000,29.93806,1.325818,1
75.400000,64.50000,30.93806,1.325818,2
75.400000,64.75000,31.93806,1.570796,3
75.400000,64.75000,32.93806,1.570796,4
75.400000,64.75000,33.93806,1.570796,5
75.400000,64.75000,34.93806,1.570796,6
75.400000,64.75000,35.93806,1.570796,7
75.400000,64.75000,36.93806,1.570796,8
75.400000,64.75000,37.93806,1.570796,9
75.400000,64.75000,38.93806,1.570796,10
75.400000,64.75000,39.93806,1.570796,11
75.400000,64.75000,40.93806,1.570796,12
75.500000,63.67614,28.91109,1.061224,0
75.500000,64.25000,29.93806,1.325818,1
75.500000,64.50000,30.93806,1.325818,2
75.500000,64.75000,31.93806,1.570796,3
75.500000,64.75000,32.93806,1.570796,4
75.500000,64.75000,33.93806,1.570796,5
75.500000,64.75000,34.93806,1.570796,6
75.500000,64.75000,35.93806,1.570796,7
75.500000,64.75000,36.93806,1.570796,8
75.500000,64.75000,37.93806,1.570796,9
75.500000,64.75000,38.93806,1.570796,10
75.500000,64.75000,39.93806,1.570796,11
75.500000,64.75000,40.93806,1.570796,12
75.600000,63.78306,29.05357,1.085062,0
75.600000,64.25000,29.93806,1.325818,1
75.600000,64.50000,30.93806,1.325818,2
75.600000,64.75000,31.93806,1.570796,3
75.600000,64.75000,32.93806,1.570796,4
75.600000,64.75000,33.93806,1.570796,5
75.600000,64.75000,34.93806,1.570796,6
75.600000,64.75000,35.93806,1.570796,7
75.600000,64.75000,36.93806,1.570796,8
75.600000,64.75000,37.93806,1.570796,9
75.600000,64.75000,38.93806,1.570796,10
75.600000,64.75000,39.93806,1.570796,11
75.600000,64.75000,40.93806,1.570796,12
75.700000,63.82044,29.21465,1.233127,0
75.700000,64.25000,30.43806,1.325818,1
75.700000,64.50000,31.43806,1.325818,2
75.700000,64.75000,32.43806,1.570796,3
75.700000,64.75000,33.43806,1.570796,4
75.700000,64.75000,34.43806,1.570796,5
75.700000,64.75000,35.43806,1.570796,6
75.700000,64.75000,36.43806,1.570796,7
75.700000,64.75000,37.43806,1.570796,8
75.700000,64.75000,38.43806,1.570796,9
75.700000,64.75000,39.43806,1.570796,10
75.700000,64.75000,40.43806,1.570796,11
75.700000,64.75000,41.43806,1.570796,12
75.800000,63.91299,29.33683,1.081059,0
75.800000,64.50000,30.43806,1.325818,1
75.800000,64.75000,31.43806,1.570796,2
75.800000,64.75000,32.43806,1.570796,3
75.800000,64.75000,33.43806,1.570796,4
75.800000,64.75000,34.43806,1.570796,5
75.800000,64.75000,35.43806,1.570796,6
75.800000,64.75000,36.43806,1.570796,7
75.800000,64.75000,37.43806,1.570796,8
75.800000,64.75000,38.43806,1.570796,9
75.800000,64.75000,39.43806,1.570796,10
75.800000,64.75000,40.43806,1.570796,11
75.800000,64.75000,41.43806,1.570796,12
75.900000,63.95799,29.50550,1.044310,0
75.900000,64.50000,30.43806,1.325818,1
75.900000,64.75000,31.43806,1.570796,2
75.900000,64.75000,32.43806,1.570796,3
75.900000,64.75000,33.43806,1.570796,4
75.900000,64.75000,34.43806,1.570796,5
75.900000,64.75000,35.43806,1.570796,6
75.900000,64.75000,36.43806,1.570796,7
75.900000,64.75000,37.43806,1.570796,8
75.900000,64.75000,38.43806,1.570796,9
75.900000,64.75000,39.43806,1.570796,10
75.900000,64.75000,40.43806,1.570796,11
75.900000,64.75000,41.43806,1.570796,12
76.000000,64.04131,29.66353,1.036115,0
76.000000,64.50000,30.43806,1.325818,1
76.000000,64.75000,31.43806,1.570796,2
76.000000,64.75000,32.43806,1.570796,3
76.000000,64.75000,33.43806,1.570796,4
76.000000,64.75000,34.43806,1.570796,5
76.000000,64.75000,35.43806,1.570796,6
76.000000,64.75000,36.43806,1.570796,7
76.000000,64.75000,37.43806,1.570796,8
76.000000,64.75000,38.43806,1.570796,9
76.000000,64.75000,39.43806,1.570796,10
76.000000,64.75000,40.43806,1.570796,11
76.000000,64.75000,41.43806,1.570796,12
76.100000,64.11991,29.83607,1.238665,0
76.100000,64.50000,30.93806,1.325818,1
76.100000,64.75000,31.93806,1.570796,2
76.100000,64.75000,32.93806,1.570796,3
76.100000,64.75000,33.93806,1.570796,4
76.100000,64.75000,34.93806,1.570796,5
76.100000,64.75000,35.93806,1.570796,6
76.100000,64.75000,36.93806,1.570796,7
76.100000,64.75000,37.93806,1.570796,8
76.100000,64.75000,38.93806,1.570796,9
76.100000,64.75000,39.93806,1.570796,10
76.100000,64.75000,40.93806,1.570796,11
76.200000,64.25950,30.11369,1.034057,0
76.200000,64.75000,30.93806,1.570796,1
76.200000,64.75000,31.93806,1.570796,2
76.200000,64.75000,32.93806,1.570796,3
76.200000,64.75000,33.93806,1.570796,4
76.200000,64.75000,34.93806,1.570796,5
76.200000,64.75000,35.93806,1.570796,6
76.200000,64.75000,36.93806,1.570796,7
76.200000,64.75000,37.93806,1.570796,8
76.200000,64.75000,38.93806,1.570796,9
76.200000,64.75000,39.93806,1.570796,10
76.200000,64.75000,40.93806,1.570796,11
76.300000,64.36676,30.21674,1.266734,0
76.300000,64.75000,31.43806,1.570796,1
76.300000,64.75000,32.43806,1.570796,2
76.300000,64.75000,33.43806,1.570796,3
76.300000,64.75000,34.43806,1.570796,4
76.300000,64.75000,35.43806,1.570796,5
76.300000,64.75000,36.43806,1.570796,6
76.300000,64.75000,37.43806,1.570796,7
76.300000,64.75000,38.43806,1.570796,8
76.300000,64.75000,39.43806,1.570796,9
76.300000,64.75000,40.43806,1.570796,10
76.300000,64.75000,41.43806,1.570796,11
76.400000,64.49530,30.41398,1.327032,0
76.400000,64.75000,31.43806,1.570796,1
76.400000,64.75000,32.43806,1.570796,2
76.400000,64.75000,33.43806,1.570796,3
76.400000,64.75000,34.43806,1.570796,4
76.400000,64.75000,35.43806,1.570796,5
76.400000,64.75000,36.43806,1.570796,6
76.400000,64.75000,37.43806,1.570796,7
76.400000,64.75000,38.43806,1.570796,8
76.400000,64.75000,39.43806,1.570796,9
76.400000,64.75000,40.43806,1.570796,10
76.400000,64.75000,41.43806,1.570796,11
76.500000,64.60122,30.61863,1.391191,0
76.500000,64.75000,31.43806,1.570796,1
76.500000,64.75000,32.43806,1.570796,2
76.500000,64.75000,33.43806,1.570796,3
76.500000,64.75000,34.43806,1.570796,4
76.500000,64.75000,35.43806,1.570796,5
76.500000,64.75000,36.43806,1.570796,6
76.500000,64.75000,37.43806,1.570796,7
76.500000,64.75000,38.43806,1.570796,8
76.500000,64.75000,39.43806,1.570796,9
76.500000,64.75000,40.43806,1.570796,10
76.500000,64.75000,41.43806,1.570796,11
76.600000,64.72954,30.84419,1.328407,0
76.600000,65.00000,31.93806,1.570796,1
76.600000,65.00000,32.93806,1.570796,2
76.600000,65.00000,33.93806,1.570796,3
76.600000,65.00000,34.93806,1.570796,4
76.600000,65.00000,35.93806,1.570796,5
76.600000,65.00000,36.93806,1.570796,6
76.600000,65.00000,37.93806,1.570796,7
76.600000,65.00000,38.93806,1.570796,8
76.600000,65.00000,39.93806,1.570796,9
76.600000,65.00000,40.93806,1.570796,10
76.700000,64.86207,31.07723,1.411912,0
76.700000,65.00000,31.93806,1.570796,1
76.700000,65.00000,32.93806,1.570796,2
76.700000,65.00000,33.93806,1.570796,3
76.700000,65.00000,34.93806,1.570796,4
76.700000,65.00000,35.93806,1.570796,5
76.700000,65.00000,36.93806,1.570796,6
76.700000,65.00000,37.93806,1.570796,7
76.700000,65.00000,38.93806,1.570796,8
76.700000,65.00000,39.93806,1.570796,9
76.700000,65.00000,40.93806,1.570796,10
76.800000,65.05196,31.28234,1.615724,0
76.800000,65.00000,32.43806,1.570796,1
76.800000,65.00000,33.43806,1.570796,2
76.800000,65.00000,34.43806,1.570796,3
76.800000,65.00000,35.43806,1.570796,4
76.800000,65.00000,36.43806,1.570796,5
76.800000,65.00000,37.43806,1.570796,6
76.800000,65.00000,38.43806,1.570796,7
76.800000,65.00000,39.43806,1.570796,8
76.800000,65.00000,40.43806,1.570796,9
76.800000,65.00000,41.43806,1.570796,10
76.904000,65.18191,31.48787,1.759955,0
76.904000,65.00000,32.43806,1.570796,1
76.904000,65.00000,33.43806,1.570796,2
76.904000,65.00000,34.43806,1.570796,3
76.904000,65.00000,35.43806,1.570796,4
76.904000,65.00000,36.43806,1.570796,5
76.904000,65.00000,37.43806,1.570796,6
76.904000,65.00000,38.43806,1.570796,7
76.904000,65.00000,39.43806,1.570796,8
76.904000,65.00000,40.43806,1.570796,9
76.904000,65.00000,41.43806,1.570796,10
77.000000,65.38026,31.69758,1.675420,0
77.000000,65.25000,32.93806,1.570796,1
77.000000,65.25000,33.93806,1.570796,2
77.000000,65.25000,34.93806,1.570796,3
77.000000,65.25000,35.93806,1.570796,4
77.000000,65.25000,36.93806,1.570796,5
77.000000,65.25000,37.93806,1.570796,6
77.000000,65.25000,38.93806,1.570796,7
77.000000,65.25000,39.93806,1.570796,8
77.000000,65.25000,40.93806,1.570796,9
77.102000,65.51220,31.94891,1.829914,0
77.102000,65.25000,32.93806,1.570796,1
77.102000,65.25000,33.93806,1.570796,2
77.102000,65.25000,34.93806,1.570796,3
77.102000,65.25000,35.93806,1.570796,4
77.102000,65.25000,36.93806,1.570796,5
77.102000,65.25000,37.93806,1.570796,6
77.102000,65.25000,38.93806,1.570796,7
77.102000,65.25000,39.93806,1.570796,8
77.102000,65.25000,40.93806,1.570796,9
77.200000,65.68023,32.12149,2.055717,0
77.200000,65.25000,32.93806,1.570796,1
77.200000,65.25000,33.93806,1.570796,2
77.200000,65.25000,34.93806,1.570796,3
77.200000,65.25000,35.93806,1.570796,4
77.200000,65.25000,36.93806,1.570796,5
77.200000,65.25000,37.93806,1.570796,6
77.200000,65.25000,38.93806,1.570796,7
77.200000,65.25000,39.93806,1.570796,8
77.200000,65.25000,40.93806,1.570796,9
77.300000,65.81279,32.35184,1.851177,0
77.300000,65.50000,33.43806,1.815775,1
77.300000,65.25000,34.43806,1.570796,2
77.300000,65.25000,35.43806,1.570796,3
77.300000,65.25000,36.43806,1.570796,4
77.300000,65.25000,37.43806,1.570796,5
77.300000,65.25000,38.43806,1.570796,6
77.300000,65.25000,39.43806,1.570796,7
77.300000,65.25000,40.43806,1.570796,8
77.300000,65.25000,41.43806,1.570796,9
77.400000,65.95369,32.54170,2.039354,0
77.400000,65.50000,33.43806,1.815775,1
77.400000,65.25000,34.43806,1.570796,2
77.400000,65.25000,35.43806,1.570796,3
77.400000,65.25000,36.43806,1.570796,4
77.400000,65.25000,37.43806,1.570796,5
77.400000,65.25000,38.43806,1.570796,6
77.400000,65.25000,39.43806,1.570796,7
77.400000,65.25000,40.43806,1.570796,8
77.400000,65.25000,41.43806,1.570796,9
77.500000,66.05423,32.78553,2.019032,0
77.500000,65.50000,33.93806,1.815775,1
77.500000,65.25000,34.93806,1.570796,2
77.500000,65.25000,35.93806,1.570796,3
77.500000,65.25000,36.93806,1.570796,4
77.500000,65.25000,37.93806,1.570796,5
77.500000,65.25000,38.93806,1.570796,6
77.500000,65.25000,39.93806,1.570796,7
77.500000,65.25000,40.93806,1.570796,8
77.600000,66.16554,32.97533,1.978271,0
77.600000,65.75000,33.93806,1.815775,1
77.600000,65.50000,34.93806,1.570796,2
77.600000,65.50000,35.93806,1.570796,3
77.600000,65.50000,36.93806,1.570796,4
77.600000,65.50000,37.93806,1.570796,5
77.600000,65.50000,38.93806,1.570796,6
77.600000,65.50000,39.93806,1.570796,7
77.600000,65.50000,40.93806,1.570796,8
77.700000,66.28692,33.16223,2.176180,0
77.700000,65.75000,33.93806,1.815775,1
77.700000,65.50000,34.93806,1.570796,2
77.700000,65.50000,35.93806,1.570796,3
77.700000,65.50000,36.93806,1.570796,4
77.700000,65.50000,37.93806,1.570796,5
77.700000,65.50000,38.93806,1.570796,6
77.700000,65.50000,39.93806,1.570796,7
77.700000,65.50000,40.93806,1.570796,8
77.800000,66.37612,33.33026,2.085233,0
77.800000,65.75000,34.43806,1.815775,1
77.800000,65.50000,35.43806,1.570796,2
77.800000,65.50000,36.43806,1.570796,3
77.800000,65.50000,37.43806,1.570796,4
77.800000,65.50000,38.43806,1.570796,5
77.800000,65.50000,39.43806,1.570796,6
77.800000,65.50000,40.43806,1.570796,7
77.800000,65.50000,41.43806,1.570796,8
77.900000,66.49945,33.54348,2.079993,0
77.900000,66.00000,34.43806,1.815775,1
77.900000,65.75000,35.43806,1.815775,2
77.900000,65.50000,36.43806,1.570796,3
77.900000,65.50000,37.43806,1.570796,4
77.900000,65.50000,38.43806,1.570796,5
77.900000,65.50000,39.43806,1.570796,6
77.900000,65.50000,40.43806,1.570796,7
77.900000,65.50000,41.43806,1.570796,8
78.000000,66.53865,33.67930,2.188147,0
78.000000,66.00000,34.43806,1.815775,1
78.000000,65.75000,35.43806,1.815775,2
78.000000,65.50000,36.43806,1.570796,3
78.000000,65.50000,37.43806,1.570796,4
78.000000,65.50000,38.43806,1.570796,5
78.000000,65.50000,39.43806,1.570796,6
78.000000,65.50000,40.43806,1.570796,7
78.000000,65.50000,41.43806,1.570796,8
78.100000,66.64432,33.84834,2.104774,0
78.100000,66.00000,34.93806,1.815775,1
78.100000,65.75000,35.93806,1.815775,2
78.100000,65.50000,36.93806,1.570796,3
78.100000,65.50000,37.93806,1.570796,4
78.100000,65.50000,38.93806,1.570796,5
78.100000,65.50000,39.93806,1.570796,6
78.100000,65.50000,40.93806,1.570796,7
78.200000,66.67347,33.96116,2.174372,0
78.200000,66.00000,34.93806,1.815775,1
78.200000,65.75000,35.93806,1.815775,2
78.200000,65.50000,36.93806,1.570796,3
78.200000,65.50000,37.93806,1.570796,4
78.200000,65.50000,38.93806,1.570796,5
78.200000,65.50000,39.93806,1.570796,6
78.200000,65.50000,40.93806,1.570796,7
78.300000,66.73605,34.10258,2.293017,0
78.300000,66.00000,34.93806,1.815775,1
78.300000,65.75000,35.93806,1.815775,2
78.300000,65.50000,36.93806,1.570796,3
78.300000,65.50000,37.93806,1.570796,4
78.300000,65.50000,38.93806,1.570796,5
78.300000,65.50000,39.93806,1.570796,6
78.300000,65.50000,40.93806,1.570796,7
78.400000,66.78829,34.18041,2.376012,0
78.400000,66.00000,34.93806,1.815775,1
78.400000,65.75000,35.93806,1.815775,2
78.400000,65.50000,36.93806,1.570796,3
78.400000,65.50000,37.93806,1.570796,4
78.400000,65.50000,38.93806,1.570796,5
78.400000,65.50000,39.93806,1.570796,6
78.400000,65.50000,40.93806,1.570796,7
78.500000,66.81374,34.28824,2.186679,0
78.500000,66.00000,35.43806,1.815775,1
78.500000,65.75000,36.43806,1.815775,2
78.500000,65.50000,37.43806,1.570796,3
78.500000,65.50000,38.43806,1.570796,4
78.500000,65.50000,39.43806,1.570796,5
78.500000,65.50000,40.43806,1.570796,6
78.500000,65.50000,41.43806,1.570796,7
78.600000,66.86027,34.34622,2.080477,0
78.600000,66.25000,35.43806,1.815775,1
78.600000,66.00000,36.43806,1.815775,2
78.600000,65.75000,37.43806,1.815775,3
78.600000,65.50000,38.43806,1.570796,4
78.600000,65.50000,39.43806,1.570796,5
78.600000,65.50000,40.43806,1.570796,6
78.600000,65.50000,41.43806,1.570796,7
78.700000,66.94330,34.45295,2.184060,0
78.700000,66.25000,35.43806,1.815775,1
78.700000,66.00000,36.43806,1.815775,2
78.700000,65.75000,37.43806,1.815775,3
78.700000,65.50000,38.43806,1.570796,4
78.700000,65.50000,39.43806,1.570796,5
78.700000,65.50000,40.43806,1.570796,6
78.700000,65.50000,41.43806,1.570796,7
78.800000,66.93513,34.47894,2.191078,0
78.800000,66.25000,35.43806,1.815775,1
78.800000,66.00000,36.43806,1.815775,2
78.800000,65.75000,37.43806,1.815775,3
78.800000,65.50000,38.43806,1.570796,4
78.800000,65.50000,39.43806,1.570796,5
78.800000,65.50000,40.43806,1.570796,6
78.800000,65.50000,41.43806,1.570796,7
78.900000,66.91917,34.50330,2.192102,0
78.900000,66.25000,35.43806,1.815775,1
78.900000,66.00000,36.43806,1.815775,2
78.900000,65.75000,37.43806,1.815775,3
78.900000,65.50000,38.43806,1.570796,4
78.900000,65.50000,39.43806,1.570796,5
78.900000,65.50000,40.43806,1.570796,6
78.900000,65.50000,41.43806,1.570796,7
79.000000,66.94979,34.58010,2.255008,0
79.000000,66.25000,35.43806,1.815775,1
79.000000,66.00000,36.43806,1.815775,2
79.000000,65.75000,37.43806,1.815775,3
79.000000,65.50000,38.43806,1.570796,4
79.000000,65.50000,39.43806,1.570796,5
79.000000,65.50000,40.43806,1.570796,6
79.000000,65.50000,41.43806,1.570796,7
79.100000,66.93677,34.56397,2.236755,0
79.100000,66.25000,35.43806,1.815775,1
79.100000,66.00000,36.43806,1.815775,2
79.100000,65.75000,37.43806,1.815775,3
79.100000,65.50000,38.43806,1.570796,4
79.100000,65.50000,39.43806,1.570796,5
79.100000,65.50000,40.43806,1.570796,6
79.100000,65.50000,41.43806,1.570796,7
79.200000,66.92721,34.60287,2.252118,0
79.200000,66.25000,35.43806,1.815775,1
79.200000,66.00000,36.43806,1.815775,2
79.200000,65.75000,37.43806,1.815775,3
79.200000,65.50000,38.43806,1.570796,4
79.200000,65.50000,39.43806,1.570796,5
79.200000,65.50000,40.43806,1.570796,6
79.200000,65.50000,41.43806,1.570796,7
79.300000,66.93912,34.59949,2.258680,0
79.300000,66.25000,35.43806,1.815775,1
79.300000,66.00000,36.43806,1.815775,2
79.300000,65.75000,37.43806,1.815775,3
79.300000,65.50000,38.43806,1.570796,4
79.300000,65.50000,39.43806,1.570796,5
79.300000,65.50000,40.43806,1.570796,6
79.300000,65.50000,41.43806,1.570796,7
79.400000,66.92750,34.58065,2.239516,0
79.400000,66.25000,35.43806,1.815775,1
79.400000,66.00000,36.43806,1.815775,2
79.400000,65.75000,37.43806,1.815775,3
79.400000,65.50000,38.43806,1.570796,4
79.400000,65.50000,39.43806,1.570796,5
79.400000,65.50000,40.43806,1.570796,6
79.400000,65.50000,41.43806,1.570796,7
79.500000,66.97697,34.63069,2.303845,0
79.500000,66.25000,35.43806,1.815775,1
79.500000,66.00000,36.43806,1.815775,2
79.500000,65.75000,37.43806,1.815775,3
79.500000,65.50000,38.43806,1.570796,4
79.500000,65.50000,39.43806,1.570796,5
79.500000,65.50000,40.43806,1.570796,6
79.500000,65.50000,41.43806,1.570796,7
79.600000,66.93669,34.60506,2.260214,0
79.600000,66.25000,35.43806,1.815775,1
79.600000,66.00000,36.43806,1.815775,2
79.600000,65.75000,37.43806,1.815775,3
79.600000,65.50000,38.43806,1.570796,4
79.600000,65.50000,39.43806,1.570796,5
79.600000,65.50000,40.43806,1.570796,6
79.600000,65.50000,41.43806,1.570796,7
79.700000,66.92104,34.63377,2.266120,0
79.700000,66.25000,35.43806,1.815775,1
79.700000,66.00000,36.43806,1.815775,2
79.700000,65.75000,37.43806,1.815775,3
79.700000,65.50000,38.43806,1.570796,4
79.700000,65.50000,39.43806,1.570796,5
79.700000,65.50000,40.43806,1.570796,6
79.700000,65.50000,41.43806,1.570796,7
79.800000,66.93413,34.61211,2.262557,0
79.800000,66.25000,35.43806,1.815775,1
79.800000,66.00000,36.43806,1.815775,2
79.800000,65.75000,37.43806,1.815775,3
79.800000,65.50000,38.43806,1.570796,4
79.800000,65.50000,39.43806,1.570796,5
79.800000,65.50000,40.43806,1.570796,6
79.800000,65.50000,41.43806,1.570796,7
79.900000,66.95370,34.63310,2.289184,0
79.900000,66.25000,35.43806,1.815775,1
79.900000,66.00000,36.43806,1.815775,2
79.900000,65.75000,37.43806,1.815775,3
79.900000,65.50000,38.43806,1.570796,4
79.900000,65.50000,39.43806,1.570796,5
79.900000,65.50000,40.43806,1.570796,6
79.900000,65.50000,41.43806,1.570796,7
80.000000,66.92857,34.63883,2.274733,0
80.000000,66.25000,35.43806,1.815775,1
80.000000,66.00000,36.43806,1.815775,2
80.000000,65.75000,37.43806,1.815775,3
80.000000,65.50000,38.43806,1.570796,4
80.000000,65.50000,39.43806,1.570796,5
80.000000,65.50000,40.43806,1.570796,6
80.000000,65.50000,41.43806,1.570796,7
80.102000,66.93894,34.65267,2.290869,0
80.102000,66.25000,35.43806,1.815775,1
80.102000,66.00000,36.43806,1.815775,2
80.102000,65.75000,37.43806,1.815775,3
80.102000,65.50000,38.43806,1.570796,4
80.102000,65.50000,39.43806,1.570796,5
80.102000,65.50000,40.43806,1.570796,6
80.102000,65.50000,41.43806,1.570796,7
80.200000,66.95201,34.67804,2.316541,0
80.200000,66.25000,35.43806,1.815775,1
80.200000,66.00000,36.43806,1.815775,2
80.200000,65.75000,37.43806,1.815775,3
80.200000,65.50000,38.43806,1.570796,4
80.200000,65.50000,39.43806,1.570796,5
80.200000,65.50000,40.43806,1.570796,6
80.200000,65.50000,41.43806,1.570796,7
80.302000,66.96835,34.73911,2.110591,0
80.302000,66.25000,35.93806,1.815775,1
80.302000,66.00000,36.93806,1.815775,2
80.302000,65.75000,37.93806,1.570796,3
80.302000,65.75000,38.93806,1.570796,4
80.302000,65.75000,39.93806,1.570796,5
80.302000,65.75000,40.93806,1.570796,6
80.400000,66.97968,34.78726,2.135892,0
80.400000,66.25000,35.93806,1.815775,1
80.400000,66.00000,36.93806,1.815775,2
80.400000,65.75000,37.93806,1.570796,3
80.400000,65.75000,38.93806,1.570796,4
80.400000,65.75000,39.93806,1.570796,5
80.400000,65.75000,40.93806,1.570796,6
80.500000,67.00642,34.84650,2.176794,0
80.500000,66.25000,35.93806,1.815775,1
80.500000,66.00000,36.93806,1.815775,2
80.500000,65.75000,37.93806,1.570796,3
80.500000,65.75000,38.93806,1.570796,4
80.500000,65.75000,39.93806,1.570796,5
80.500000,65.75000,40.93806,1.570796,6
80.600000,67.03942,34.93258,2.236401,0
80.600000,66.25000,35.93806,1.815775,1
80.600000,66.00000,36.93806,1.815775,2
80.600000,65.75000,37.93806,1.570796,3
80.600000,65.75000,38.93806,1.570796,4
80.600000,65.75000,39.93806,1.570796,5
80.600000,65.75000,40.93806,1.570796,6
80.700000,67.00943,35.01764,2.260653,0
80.700000,66.25000,35.93806,1.815775,1
80.700000,66.00000,36.93806,1.815775,2
80.700000,65.75000,37.93806,1.570796,3
80.700000,65.75000,38.93806,1.570796,4
80.700000,65.75000,39.93806,1.570796,5
80.700000,65.75000,40.93806,1.570796,6
80.800000,67.03621,35.08959,2.318123,0
80.800000,66.25000,35.93806,1.815775,1
80.800000,66.00000,36.93806,1.815775,2
80.800000,65.75000,37.93806,1.570796,3
80.800000,65.75000,38.93806,1.570796,4
80.800000,65.75000,39.93806,1.570796,5
80.800000,65.75000,40.93806,1.570796,6
80.900000,67.05958,35.22606,2.159706,0
80.900000,66.25000,36.43806,1.815775,1
80.900000,66.00000,37.43806,1.815775,2
80.900000,65.75000,38.43806,1.570796,3
80.900000,65.75000,39.43806,1.570796,4
80.900000,65.75000,40.43806,1.570796,5
80.900000,65.75000,41.43806,1.570796,6
81.000000,67.05729,35.32481,2.198213,0
81.000000,66.25000,36.43806,1.815775,1
81.000000,66.00000,37.43806,1.815775,2
81.000000,65.75000,38.43806,1.570796,3
81.000000,65.75000,39.43806,1.570796,4
81.000000,65.75000,40.43806,1.570796,5
81.000000,65.75000,41.43806,1.570796,6
81.100000,67.08192,35.44120,2.266249,0
81.100000,66.25000,36.43806,1.815775,1
81.100000,66.00000,37.43806,1.815775,2
81.100000,65.75000,38.43806,1.570796,3
81.100000,65.75000,39.43806,1.570796,4
81.100000,65.75000,40.43806,1.570796,5
81.100000,65.75000,41.43806,1.570796,6
81.200000,67.10119,35.53478,2.326518,0
81.200000,66.25000,36.43806,1.815775,1
81.200000,66.00000,37.43806,1.815775,2
81.200000,65.75000,38.43806,1.570796,3
81.200000,65.75000,39.43806,1.570796,4
81.200000,65.75000,40.43806,1.570796,5
81.200000,65.75000,41.43806,1.570796,6
81.300000,67.12714,35.65283,2.411425,0
81.300000,66.25000,36.43806,1.815775,1
81.300000,66.00000,37.43806,1.815775,2
81.300000,65.75000,38.43806,1.570796,3
81.300000,65.75000,39.43806,1.570796,4
81.300000,65.75000,40.43806,1.570796,5
81.300000,65.75000,41.43806,1.570796,6
81.400000,67.16923,35.76870,2.090600,0
81.400000,66.50000,36.93806,1.815775,1
81.400000,66.25000,37.93806,1.815775,2
81.400000,66.00000,38.93806,1.570796,3
81.400000,66.00000,39.93806,1.570796,4
81.400000,66.00000,40.93806,1.570796,5
81.502000,67.19103,35.90900,2.162150,0
81.502000,66.50000,36.93806,1.815775,1
81.502000,66.25000,37.93806,1.815775,2
81.502000,66.00000,38.93806,1.570796,3
81.502000,66.00000,39.93806,1.570796,4
81.502000,66.00000,40.93806,1.570796,5
81.600000,67.19818,36.01895,2.220434,0
81.600000,66.50000,36.93806,1.815775,1
81.600000,66.25000,37.93806,1.815775,2
81.600000,66.00000,38.93806,1.570796,3
81.600000,66.00000,39.93806,1.570796,4
81.600000,66.00000,40.93806,1.570796,5
81.700000,67.22966,36.07166,2.270731,0
81.700000,66.50000,36.93806,1.815775,1
81.700000,66.25000,37.93806,1.815775,2
81.700000,66.00000,38.93806,1.570796,3
81.700000,66.00000,39.93806,1.570796,4
81.700000,66.00000,40.93806,1.570796,5
81.800000,67.23914,36.17474,2.340104,0
81.800000,66.50000,36.93806,1.815775,1
81.800000,66.25000,37.93806,1.815775,2
81.800000,66.00000,38.93806,1.570796,3
81.800000,66.00000,39.93806,1.570796,4
81.800000,66.00000,40.93806,1.570796,5
81.900000,67.23862,36.24164,2.123884,0
81.900000,66.50000,37.43806,1.815775,1
81.900000,66.25000,38.43806,1.815775,2
81.900000,66.00000,39.43806,1.570796,3
81.900000,66.00000,40.43806,1.570796,4
81.900000,66.00000,41.43806,1.570796,5
82.000000,67.24928,36.28571,2.147324,0
82.000000,66.50000,37.43806,1.815775,1
82.000000,66.25000,38.43806,1.815775,2
82.000000,66.00000,39.43806,1.570796,3
82.000000,66.00000,40.43806,1.570796,4
82.000000,66.00000,41.43806,1.570796,5
82.100000,67.25596,36.36868,2.186149,0
82.100000,66.50000,37.43806,1.815775,1
82.100000,66.25000,38.43806,1.815775,2
82.100000,66.00000,39.43806,1.570796,3
82.100000,66.00000,40.43806,1.570796,4
82.100000,66.00000,41.43806,1.570796,5
82.200000,67.25839,36.39670,2.200246,0
82.200000,66.50000,37.43806,1.815775,1
82.200000,66.25000,38.43806,1.815775,2
82.200000,66.00000,39.43806,1.570796,3
82.200000,66.00000,40.43806,1.570796,4
82.200000,66.00000,41.43806,1.570796,5
82.300000,67.26520,36.42673,2.218532,0
82.300000,66.50000,37.43806,1.815775,1
82.300000,66.25000,38.43806,1.815775,2
82.300000,66.00000,39.43806,1.570796,3
82.300000,66.00000,40.43806,1.570796,4
82.300000,66.00000,41.43806,1.570796,5
82.400000,67.25852,36.48948,2.245315,0
82.400000,66.50000,37.43806,1.815775,1
82.400000,66.25000,38.43806,1.815775,2
82.400000,66.00000,39.43806,1.570796,3
82.400000,66.00000,40.43806,1.570796,4
82.400000,66.00000,41.43806,1.570796,5
82.500000,67.23812,36.46386,2.219187,0
82.500000,66.50000,37.43806,1.815775,1
82.500000,66.25000,38.43806,1.815775,2
82.500000,66.00000,39.43806,1.570796,3
82.500000,66.00000,40.43806,1.570796,4
82.500000,66.00000,41.43806,1.570796,5
82.600000,67.21681,36.54123,2.245096,0
82.600000,66.50000,37.43806,1.815775,1
82.600000,66.25000,38.43806,1.815775,2
82.600000,66.00000,39.43806,1.570796,3
82.600000,66.00000,40.43806,1.570796,4
82.600000,66.00000,41.43806,1.570796,5
82.700000,67.21661,36.56569,2.258488,0
82.700000,66.50000,37.43806,1.815775,1
82.700000,66.25000,38.43806,1.815775,2
82.700000,66.00000,39.43806,1.570796,3
82.700000,66.00000,40.43806,1.570796,4
82.700000,66.00000,41.43806,1.570796,5
82.800000,67.22611,36.59969,2.284565,0
82.800000,66.50000,37.43806,1.815775,1
82.800000,66.25000,38.43806,1.815775,2
82.800000,66.00000,39.43806,1.570796,3
82.800000,66.00000,40.43806,1.570796,4
82.800000,66.00000,41.43806,1.570796,5
82.900000,67.22483,36.61160,2.290776,0
82.900000,66.50000,37.43806,1.815775,1
82.900000,66.25000,38.43806,1.815775,2
82.900000,66.00000,39.43806,1.570796,3
82.900000,66.00000,40.43806,1.570796,4
82.900000,66.00000,41.43806,1.570796,5
83.000000,67.22910,36.67514,2.333537,0
83.000000,66.50000,37.43806,1.815775,1
83.000000,66.25000,38.43806,1.815775,2
83.000000,66.00000,39.43806,1.570796,3
83.000000,66.00000,40.43806,1.570796,4
83.000000,66.00000,41.43806,1.570796,5
83.100000,67.21102,36.77276,2.118652,0
83.100000,66.50000,37.93806,1.815775,1
83.100000,66.25000,38.93806,1.570796,2
83.100000,66.25000,39.93806,1.570796,3
83.100000,66.25000,40.93806,1.570796,4
83.200000,67.22665,36.79540,2.137215,0
83.200000,66.50000,37.93806,1.815775,1
83.200000,66.25000,38.93806,1.570796,2
83.200000,66.25000,39.93806,1.570796,3
83.200000,66.25000,40.93806,1.570796,4
83.300000,67.25382,36.84548,2.174743,0
83.300000,66.50000,37.93806,1.815775,1
83.300000,66.25000,38.93806,1.570796,2
83.300000,66.25000,39.93806,1.570796,3
83.300000,66.25000,40.93806,1.570796,4
83.400000,67.23889,36.93702,2.206654,0
83.400000,66.50000,37.93806,1.815775,1
83.400000,66.25000,38.93806,1.570796,2
83.400000,66.25000,39.93806,1.570796,3
83.400000,66.25000,40.93806,1.570796,4
83.500000,67.27848,37.01877,2.273452,0
83.500000,66.50000,37.93806,1.815775,1
83.500000,66.25000,38.93806,1.570796,2
83.500000,66.25000,39.93806,1.570796,3
83.500000,66.25000,40.93806,1.570796,4
83.602000,67.22191,37.16088,2.319347,0
83.602000,66.50000,37.93806,1.815775,1
83.602000,66.25000,38.93806,1.570796,2
83.602000,66.25000,39.93806,1.570796,3
83.602000,66.25000,40.93806,1.570796,4
83.702000,67.23398,37.26796,2.131034,0
83.702000,66.50000,38.43806,1.815775,1
83.702000,66.25000,39.43806,1.570796,2
83.702000,66.25000,40.43806,1.570796,3
83.702000,66.25000,41.43806,1.570796,4
83.802000,67.21750,37.38872,2.170545,0
83.802000,66.50000,38.43806,1.815775,1
83.802000,66.25000,39.43806,1.570796,2
83.802000,66.25000,40.43806,1.570796,3
83.802000,66.25000,41.43806,1.570796,4
83.900000,67.19790,37.48478,2.202745,0
83.900000,66.50000,38.43806,1.815775,1
83.900000,66.25000,39.43806,1.570796,2
83.900000,66.25000,40.43806,1.570796,3
83.900000,66.25000,41.43806,1.570796,4
84.000000,67.16301,37.65960,2.276276,0
84.000000,66.50000,38.43806,1.815775,1
84.000000,66.25000,39.43806,1.570796,2
84.000000,66.25000,40.43806,1.570796,3
84.000000,66.25000,41.43806,1.570796,4
84.100000,67.13285,37.81539,2.084097,0
84.100000,66.50000,38.93806,1.815775,1
84.100000,66.25000,39.93806,1.570796,2
84.100000,66.25000,40.93806,1.570796,3
84.200000,67.08563,37.97748,2.118295,0
84.200000,66.50000,38.93806,1.815775,1
84.200000,66.25000,39.93806,1.570796,2
84.200000,66.25000,40.93806,1.570796,3
84.300000,67.03376,38.15196,2.167292,0
84.300000,66.50000,38.93806,1.815775,1
84.300000,66.25000,39.93806,1.570796,2
84.300000,66.25000,40.93806,1.570796,3
84.400000,66.97666,38.33265,1.977914,0
84.400000,66.50000,39.43806,1.815775,1
84.400000,66.25000,40.43806,1.570796,2
84.400000,66.25000,41.43806,1.570796,3
84.500000,66.92159,38.54903,2.013604,0
84.500000,66.50000,39.43806,1.815775,1
84.500000,66.25000,40.43806,1.570796,2
84.500000,66.25000,41.43806,1.570796,3
84.600000,66.90047,38.73709,1.892660,0
84.600000,66.50000,39.93806,1.570796,1
84.600000,66.50000,40.93806,1.570796,2
84.700000,66.83648,38.92828,1.892446,0
84.700000,66.50000,39.93806,1.570796,1
84.700000,66.50000,40.93806,1.570796,2
84.800000,66.76425,39.10700,2.124915,0
84.800000,66.25000,39.93806,1.570796,1
84.800000,66.25000,40.93806,1.570796,2
84.900000,66.69351,39.27490,1.935081,0
84.900000,66.25000,40.43806,1.570796,1
84.900000,66.25000,41.43806,1.570796,2
85.000000,66.63940,39.47393,1.954651,0
85.000000,66.25000,40.43806,1.570796,1
85.000000,66.25000,41.43806,1.570796,2
85.100000,66.56703,39.61772,1.939584,0
85.100000,66.25000,40.43806,1.570796,1
85.100000,66.25000,41.43806,1.570796,2
85.200000,66.52525,39.79116,1.806338,0
85.200000,66.25000,40.93806,1.806338,1
85.300000,66.47149,39.93061,1.787202,0
85.300000,66.25000,40.93806,1.787202,1
85.400000,66.35705,40.07829,1.694673,0
85.400000,66.25000,40.93806,1.694673,1
85.500000,66.35977,40.23363,1.661680,0
85.500000,66.25000,41.43806,1.661680,1
85.600000,66.25771,40.40078,1.814313,0
85.600000,66.00000,41.43806,1.814313,1
85.700000,66.25092,40.50607,1.833787,0
85.700000,66.00000,41.43806,1.833787,1
85.800000,66.18204,40.63934,1.794890,0
85.800000,66.00000,41.43806,1.794890,1
