timestamp_s,x,y,yaw,seq
0.102000,-0.01540,-0.00177,0.243046,0
0.102000,1.00000,0.25000,0.000000,1
0.102000,2.00000,0.25000,0.000000,2
0.102000,3.00000,0.25000,0.000000,3
0.102000,4.00000,0.25000,0.000000,4
0.102000,5.00000,0.25000,0.000000,5
0.102000,6.00000,0.25000,0.000000,6
0.102000,7.00000,0.25000,0.000000,7
0.102000,8.00000,0.25000,0.000000,8
0.102000,9.00000,0.25000,0.000000,9
0.102000,10.00000,0.25000,0.000000,10
0.102000,11.00000,0.25000,0.244979,11
0.102000,12.00000,0.50000,0.244979,12
0.102000,13.00000,0.75000,0.244979,13
0.102000,14.00000,1.00000,0.463648,14
0.102000,15.00000,1.50000,0.463648,15
0.102000,16.00000,2.00000,0.000000,16
0.102000,17.00000,2.00000,0.000000,17
0.102000,18.00000,2.00000,0.000000,18
0.102000,19.00000,2.00000,-0.244979,19
0.102000,20.00000,1.75000,-0.463648,20
0.102000,21.00000,1.25000,-0.463648,21
0.102000,22.00000,0.75000,-0.463648,22
0.102000,23.00000,0.25000,-0.244979,23
0.102000,24.00000,0.00000,-0.244979,24
0.102000,25.00000,-0.25000,-0.463648,25
0.102000,26.00000,-0.75000,-0.463648,26
0.102000,27.00000,-1.25000,-0.244979,27
0.102000,28.00000,-1.50000,0.000000,28
0.102000,29.00000,-1.50000,0.000000,29
0.102000,30.00000,-1.50000,0.000000,30
0.200000,0.00643,-0.00114,0.247581,0
0.200000,1.00000,0.25000,0.000000,1
0.200000,2.00000,0.25000,0.000000,2
0.200000,3.00000,0.25000,0.000000,3
0.200000,4.00000,0.25000,0.000000,4
0.200000,5.00000,0.25000,0.000000,5
0.200000,6.00000,0.25000,0.000000,6
0.200000,7.00000,0.25000,0.000000,7
0.200000,8.00000,0.25000,0.000000,8
0.200000,9.00000,0.25000,0.000000,9
0.200000,10.00000,0.25000,0.000000,10
0.200000,11.00000,0.25000,0.244979,11
0.200000,12.00000,0.50000,0.244979,12
0.200000,13.00000,0.75000,0.244979,13
0.200000,14.00000,1.00000,0.463648,14
0.200000,15.00000,1.50000,0.463648,15
0.200000,16.00000,2.00000,0.000000,16
0.200000,17.00000,2.00000,0.000000,17
0.200000,18.00000,2.00000,-0.244979,18
0.200000,19.00000,1.75000,-0.244979,19
0.200000,20.00000,1.50000,-0.244979,20
0.200000,21.00000,1.25000,-0.463648,21
0.200000,22.00000,0.75000,-0.463648,22
0.200000,23.00000,0.25000,-0.244979,23
0.200000,24.00000,0.00000,-0.244979,24
0.200000,25.00000,-0.25000,-0.463648,25
0.200000,26.00000,-0.75000,-0.463648,26
0.200000,27.00000,-1.25000,-0.244979,27
0.200000,28.00000,-1.50000,0.000000,28
0.200000,29.00000,-1.50000,0.000000,29
0.200000,30.00000,-1.50000,0.000000,30
0.300000,-0.01165,-0.01284,0.254192,0
0.300000,1.00000,0.25000,0.000000,1
0.300000,2.00000,0.25000,0.000000,2
0.300000,3.00000,0.25000,0.000000,3
0.300000,4.00000,0.25000,0.000000,4
0.300000,5.00000,0.25000,0.000000,5
0.300000,6.00000,0.25000,0.000000,6
0.300000,7.00000,0.25000,0.000000,7
0.300000,8.00000,0.25000,0.000000,8
0.300000,9.00000,0.25000,0.000000,9
0.300000,10.00000,0.25000,0.000000,10
0.300000,11.00000,0.25000,0.244979,11
0.300000,12.00000,0.50000,0.244979,12
0.300000,13.00000,0.75000,0.244979,13
0.300000,14.00000,1.00000,0.463648,14
0.300000,15.00000,1.50000,0.463648,15
0.300000,16.00000,2.00000,0.000000,16
0.300000,17.00000,2.00000,0.000000,17
0.300000,18.00000,2.00000,0.000000,18
0.300000,19.00000,2.00000,-0.244979,19
0.300000,20.00000,1.75000,-0.463648,20
0.300000,21.00000,1.25000,-0.463648,21
0.300000,22.00000,0.75000,-0.463648,22
0.300000,23.00000,0.25000,-0.244979,23
0.300000,24.00000,0.00000,-0.244979,24
0.300000,25.00000,-0.25000,-0.463648,25
0.300000,26.00000,-0.75000,-0.463648,26
0.300000,27.00000,-1.25000,-0.244979,27
0.300000,28.00000,-1.50000,0.000000,28
0.300000,29.00000,-1.50000,0.000000,29
0.300000,30.00000,-1.50000,0.000000,30
0.400000,-0.01390,0.03749,0.206607,0
0.400000,1.00000,0.25000,0.000000,1
0.400000,2.00000,0.25000,0.000000,2
0.400000,3.00000,0.25000,0.000000,3
0.400000,4.00000,0.25000,0.000000,4
0.400000,5.00000,0.25000,0.000000,5
0.400000,6.00000,0.25000,0.000000,6
0.400000,7.00000,0.25000,0.000000,7
0.400000,8.00000,0.25000,0.000000,8
0.400000,9.00000,0.25000,0.000000,9
0.400000,10.00000,0.25000,0.000000,10
0.400000,11.00000,0.25000,0.244979,11
0.400000,12.00000,0.50000,0.244979,12
0.400000,13.00000,0.75000,0.244979,13
0.400000,14.00000,1.00000,0.463648,14
0.400000,15.00000,1.50000,0.463648,15
0.400000,16.00000,2.00000,0.000000,16
0.400000,17.00000,2.00000,0.000000,17
0.400000,18.00000,2.00000,0.000000,18
0.400000,19.00000,2.00000,-0.244979,19
0.400000,20.00000,1.75000,-0.463648,20
0.400000,21.00000,1.25000,-0.463648,21
0.400000,22.00000,0.75000,-0.463648,22
0.400000,23.00000,0.25000,-0.244979,23
0.400000,24.00000,0.00000,-0.244979,24
0.400000,25.00000,-0.25000,-0.463648,25
0.400000,26.00000,-0.75000,-0.463648,26
0.400000,27.00000,-1.25000,-0.244979,27
0.400000,28.00000,-1.50000,0.000000,28
0.400000,29.00000,-1.50000,0.000000,29
0.400000,30.00000,-1.50000,0.000000,30
0.500000,-0.01322,0.01508,0.227831,0
0.500000,1.00000,0.25000,0.000000,1
0.500000,2.00000,0.25000,0.000000,2
0.500000,3.00000,0.25000,0.000000,3
0.500000,4.00000,0.25000,0.000000,4
0.500000,5.00000,0.25000,0.000000,5
0.500000,6.00000,0.25000,0.000000,6
0.500000,7.00000,0.25000,0.000000,7
0.500000,8.00000,0.25000,0.000000,8
0.500000,9.00000,0.25000,0.000000,9
0.500000,10.00000,0.25000,0.000000,10
0.500000,11.00000,0.25000,0.244979,11
0.500000,12.00000,0.50000,0.244979,12
0.500000,13.00000,0.75000,0.244979,13
0.500000,14.00000,1.00000,0.463648,14
0.500000,15.00000,1.50000,0.463648,15
0.500000,16.00000,2.00000,0.000000,16
0.500000,17.00000,2.00000,0.000000,17
0.500000,18.00000,2.00000,0.000000,18
0.500000,19.00000,2.00000,-0.244979,19
0.500000,20.00000,1.75000,-0.463648,20
0.500000,21.00000,1.25000,-0.463648,21
0.500000,22.00000,0.75000,-0.463648,22
0.500000,23.00000,0.25000,-0.244979,23
0.500000,24.00000,0.00000,-0.244979,24
0.500000,25.00000,-0.25000,-0.463648,25
0.500000,26.00000,-0.75000,-0.463648,26
0.500000,27.00000,-1.25000,-0.244979,27
0.500000,28.00000,-1.50000,0.000000,28
0.500000,29.00000,-1.50000,0.000000,29
0.500000,30.00000,-1.50000,0.000000,30
0.600000,-0.00765,0.00247,0.240886,0
0.600000,1.00000,0.25000,0.000000,1
0.600000,2.00000,0.25000,0.000000,2
0.600000,3.00000,0.25000,0.000000,3
0.600000,4.00000,0.25000,0.000000,4
0.600000,5.00000,0.25000,0.000000,5
0.600000,6.00000,0.25000,0.000000,6
0.600000,7.00000,0.25000,0.000000,7
0.600000,8.00000,0.25000,0.000000,8
0.600000,9.00000,0.25000,0.000000,9
0.600000,10.00000,0.25000,0.000000,10
0.600000,11.00000,0.25000,0.244979,11
0.600000,12.00000,0.50000,0.244979,12
0.600000,13.00000,0.75000,0.244979,13
0.600000,14.00000,1.00000,0.463648,14
0.600000,15.00000,1.50000,0.463648,15
0.600000,16.00000,2.00000,0.000000,16
0.600000,17.00000,2.00000,0.000000,17
0.600000,18.00000,2.00000,-0.244979,18
0.600000,19.00000,1.75000,-0.244979,19
0.600000,20.00000,1.50000,-0.244979,20
0.600000,21.00000,1.25000,-0.463648,21
0.600000,22.00000,0.75000,-0.463648,22
0.600000,23.00000,0.25000,-0.244979,23
0.600000,24.00000,0.00000,-0.244979,24
0.600000,25.00000,-0.25000,-0.463648,25
0.600000,26.00000,-0.75000,-0.463648,26
0.600000,27.00000,-1.25000,-0.244979,27
0.600000,28.00000,-1.50000,0.000000,28
0.600000,29.00000,-1.50000,0.000000,29
0.600000,30.00000,-1.50000,0.000000,30
0.700000,0.02908,-0.00642,0.258204,0
0.700000,1.00000,0.25000,0.000000,1
0.700000,2.00000,0.25000,0.000000,2
0.700000,3.00000,0.25000,0.000000,3
0.700000,4.00000,0.25000,0.000000,4
0.700000,5.00000,0.25000,0.000000,5
0.700000,6.00000,0.25000,0.000000,6
0.700000,7.00000,0.25000,0.000000,7
0.700000,8.00000,0.25000,0.000000,8
0.700000,9.00000,0.25000,0.000000,9
0.700000,10.00000,0.25000,0.000000,10
0.700000,11.00000,0.25000,0.244979,11
0.700000,12.00000,0.50000,0.244979,12
0.700000,13.00000,0.75000,0.244979,13
0.700000,14.00000,1.00000,0.463648,14
0.700000,15.00000,1.50000,0.463648,15
0.700000,16.00000,2.00000,0.000000,16
0.700000,17.00000,2.00000,0.000000,17
0.700000,18.00000,2.00000,-0.244979,18
0.700000,19.00000,1.75000,-0.244979,19
0.700000,20.00000,1.50000,-0.244979,20
0.700000,21.00000,1.25000,-0.463648,21
0.700000,22.00000,0.75000,-0.463648,22
0.700000,23.00000,0.25000,-0.244979,23
0.700000,24.00000,0.00000,-0.244979,24
0.700000,25.00000,-0.25000,-0.463648,25
0.700000,26.00000,-0.75000,-0.463648,26
0.700000,27.00000,-1.25000,-0.244979,27
0.700000,28.00000,-1.50000,0.000000,28
0.700000,29.00000,-1.50000,0.000000,29
0.700000,30.00000,-1.50000,0.000000,30
0.800000,0.01745,-0.00398,0.252959,0
0.800000,1.00000,0.25000,0.000000,1
0.800000,2.00000,0.25000,0.000000,2
0.800000,3.00000,0.25000,0.000000,3
0.800000,4.00000,0.25000,0.000000,4
0.800000,5.00000,0.25000,0.000000,5
0.800000,6.00000,0.25000,0.000000,6
0.800000,7.00000,0.25000,0.000000,7
0.800000,8.00000,0.25000,0.000000,8
0.800000,9.00000,0.25000,0.000000,9
0.800000,10.00000,0.25000,0.000000,10
0.800000,11.00000,0.25000,0.244979,11
0.800000,12.00000,0.50000,0.244979,12
0.800000,13.00000,0.75000,0.244979,13
0.800000,14.00000,1.00000,0.463648,14
0.800000,15.00000,1.50000,0.463648,15
0.800000,16.00000,2.00000,0.000000,16
0.800000,17.00000,2.00000,0.000000,17
0.800000,18.00000,2.00000,-0.244979,18
0.800000,19.00000,1.75000,-0.244979,19
0.800000,20.00000,1.50000,-0.244979,20
0.800000,21.00000,1.25000,-0.463648,21
0.800000,22.00000,0.75000,-0.463648,22
0.800000,23.00000,0.25000,-0.244979,23
0.800000,24.00000,0.00000,-0.244979,24
0.800000,25.00000,-0.25000,-0.463648,25
0.800000,26.00000,-0.75000,-0.463648,26
0.800000,27.00000,-1.25000,-0.244979,27
0.800000,28.00000,-1.50000,0.000000,28
0.800000,29.00000,-1.50000,0.000000,29
0.800000,30.00000,-1.50000,0.000000,30
0.900000,0.03581,0.01656,0.237535,0
0.900000,1.00000,0.25000,0.000000,1
0.900000,2.00000,0.25000,0.000000,2
0.900000,3.00000,0.25000,0.000000,3
0.900000,4.00000,0.25000,0.000000,4
0.900000,5.00000,0.25000,0.000000,5
0.900000,6.00000,0.25000,0.000000,6
0.900000,7.00000,0.25000,0.000000,7
0.900000,8.00000,0.25000,0.000000,8
0.900000,9.00000,0.25000,0.000000,9
0.900000,10.00000,0.25000,0.000000,10
0.900000,11.00000,0.25000,0.244979,11
0.900000,12.00000,0.50000,0.244979,12
0.900000,13.00000,0.75000,0.244979,13
0.900000,14.00000,1.00000,0.463648,14
0.900000,15.00000,1.50000,0.463648,15
0.900000,16.00000,2.00000,0.000000,16
0.900000,17.00000,2.00000,0.000000,17
0.900000,18.00000,2.00000,0.000000,18
0.900000,19.00000,2.00000,-0.244979,19
0.900000,20.00000,1.75000,-0.463648,20
0.900000,21.00000,1.25000,-0.463648,21
0.900000,22.00000,0.75000,-0.463648,22
0.900000,23.00000,0.25000,-0.244979,23
0.900000,24.00000,0.00000,-0.244979,24
0.900000,25.00000,-0.25000,-0.463648,25
0.900000,26.00000,-0.75000,-0.463648,26
0.900000,27.00000,-1.25000,-0.244979,27
0.900000,28.00000,-1.50000,0.000000,28
0.900000,29.00000,-1.50000,0.000000,29
0.900000,30.00000,-1.50000,0.000000,30
1.000000,0.05546,-0.00050,0.259240,0
1.000000,1.00000,0.25000,0.000000,1
1.000000,2.00000,0.25000,0.000000,2
1.000000,3.00000,0.25000,0.000000,3
1.000000,4.00000,0.25000,0.000000,4
1.000000,5.00000,0.25000,0.000000,5
1.000000,6.00000,0.25000,0.000000,6
1.000000,7.00000,0.25000,0.000000,7
1.000000,8.00000,0.25000,0.000000,8
1.000000,9.00000,0.25000,0.000000,9
1.000000,10.00000,0.25000,0.000000,10
1.000000,11.00000,0.25000,0.244979,11
1.000000,12.00000,0.50000,0.244979,12
1.000000,13.00000,0.75000,0.244979,13
1.000000,14.00000,1.00000,0.463648,14
1.000000,15.00000,1.50000,0.463648,15
1.000000,16.00000,2.00000,0.000000,16
1.000000,17.00000,2.00000,0.000000,17
1.000000,18.00000,2.00000,-0.244979,18
1.000000,19.00000,1.75000,-0.244979,19
1.000000,20.00000,1.50000,-0.244979,20
1.000000,21.00000,1.25000,-0.463648,21
1.000000,22.00000,0.75000,-0.463648,22
1.000000,23.00000,0.25000,-0.244979,23
1.000000,24.00000,0.00000,-0.463648,24
1.000000,25.00000,-0.50000,-0.463648,25
1.000000,26.00000,-1.00000,-0.463648,26
1.000000,27.00000,-1.50000,0.000000,27
1.000000,28.00000,-1.50000,0.000000,28
1.000000,29.00000,-1.50000,0.000000,29
1.000000,30.00000,-1.50000,0.000000,30
1.102000,0.12539,0.01306,0.264560,0
1.102000,1.00000,0.25000,0.000000,1
1.102000,2.00000,0.25000,0.000000,2
1.102000,3.00000,0.25000,0.000000,3
1.102000,4.00000,0.25000,0.000000,4
1.102000,5.00000,0.25000,0.000000,5
1.102000,6.00000,0.25000,0.000000,6
1.102000,7.00000,0.25000,0.000000,7
1.102000,8.00000,0.25000,0.000000,8
1.102000,9.00000,0.25000,0.000000,9
1.102000,10.00000,0.25000,0.000000,10
1.102000,11.00000,0.25000,0.244979,11
1.102000,12.00000,0.50000,0.244979,12
1.102000,13.00000,0.75000,0.244979,13
1.102000,14.00000,1.00000,0.463648,14
1.102000,15.00000,1.50000,0.463648,15
1.102000,16.00000,2.00000,0.000000,16
1.102000,17.00000,2.00000,0.000000,17
1.102000,18.00000,2.00000,-0.244979,18
1.102000,19.00000,1.75000,-0.244979,19
1.102000,20.00000,1.50000,-0.244979,20
1.102000,21.00000,1.25000,-0.463648,21
1.102000,22.00000,0.75000,-0.463648,22
1.102000,23.00000,0.25000,-0.244979,23
1.102000,24.00000,0.00000,-0.244979,24
1.102000,25.00000,-0.25000,-0.463648,25
1.102000,26.00000,-0.75000,-0.463648,26
1.102000,27.00000,-1.25000,-0.244979,27
1.102000,28.00000,-1.50000,0.000000,28
1.102000,29.00000,-1.50000,0.000000,29
1.102000,30.00000,-1.50000,0.000000,30
1.200000,0.18702,0.00269,0.295312,0
1.200000,1.00000,0.25000,0.000000,1
1.200000,2.00000,0.25000,0.000000,2
1.200000,3.00000,0.25000,0.000000,3
1.200000,4.00000,0.25000,0.000000,4
1.200000,5.00000,0.25000,0.000000,5
1.200000,6.00000,0.25000,0.000000,6
1.200000,7.00000,0.25000,0.000000,7
1.200000,8.00000,0.25000,0.000000,8
1.200000,9.00000,0.25000,0.000000,9
1.200000,10.00000,0.25000,0.000000,10
1.200000,11.00000,0.25000,0.244979,11
1.200000,12.00000,0.50000,0.244979,12
1.200000,13.00000,0.75000,0.244979,13
1.200000,14.00000,1.00000,0.463648,14
1.200000,15.00000,1.50000,0.463648,15
1.200000,16.00000,2.00000,0.000000,16
1.200000,17.00000,2.00000,0.000000,17
1.200000,18.00000,2.00000,-0.244979,18
1.200000,19.00000,1.75000,-0.244979,19
1.200000,20.00000,1.50000,-0.244979,20
1.200000,21.00000,1.25000,-0.463648,21
1.200000,22.00000,0.75000,-0.463648,22
1.200000,23.00000,0.25000,-0.244979,23
1.200000,24.00000,0.00000,-0.244979,24
1.200000,25.00000,-0.25000,-0.463648,25
1.200000,26.00000,-0.75000,-0.463648,26
1.200000,27.00000,-1.25000,-0.244979,27
1.200000,28.00000,-1.50000,0.000000,28
1.200000,29.00000,-1.50000,0.000000,29
1.200000,30.00000,-1.50000,0.000000,30
1.304000,0.28575,0.02153,0.185983,0
1.304000,1.50000,0.25000,0.000000,1
1.304000,2.50000,0.25000,0.000000,2
1.304000,3.50000,0.25000,0.000000,3
1.304000,4.50000,0.25000,0.000000,4
1.304000,5.50000,0.25000,0.000000,5
1.304000,6.50000,0.25000,0.000000,6
1.304000,7.50000,0.25000,0.000000,7
1.304000,8.50000,0.25000,0.000000,8
1.304000,9.50000,0.25000,0.000000,9
1.304000,10.50000,0.25000,0.000000,10
1.304000,11.50000,0.25000,0.244979,11
1.304000,12.50000,0.50000,0.244979,12
1.304000,13.50000,0.75000,0.244979,13
1.304000,14.50000,1.00000,0.463648,14
1.304000,15.50000,1.50000,0.463648,15
1.304000,16.50000,2.00000,0.000000,16
1.304000,17.50000,2.00000,0.000000,17
1.304000,18.50000,2.00000,-0.244979,18
1.304000,19.50000,1.75000,-0.244979,19
1.304000,20.50000,1.50000,-0.463648,20
1.304000,21.50000,1.00000,-0.463648,21
1.304000,22.50000,0.50000,-0.463648,22
1.304000,23.50000,0.00000,-0.244979,23
1.304000,24.50000,-0.25000,-0.463648,24
1.304000,25.50000,-0.75000,-0.463648,25
1.304000,26.50000,-1.25000,-0.244979,26
1.304000,27.50000,-1.50000,0.000000,27
1.304000,28.50000,-1.50000,0.000000,28
1.304000,29.50000,-1.50000,0.000000,29
1.304000,30.50000,-1.50000,0.000000,30
1.402000,0.38153,0.00589,0.214886,0
1.402000,1.50000,0.25000,0.000000,1
1.402000,2.50000,0.25000,0.000000,2
1.402000,3.50000,0.25000,0.000000,3
1.402000,4.50000,0.25000,0.000000,4
1.402000,5.50000,0.25000,0.000000,5
1.402000,6.50000,0.25000,0.000000,6
1.402000,7.50000,0.25000,0.000000,7
1.402000,8.50000,0.25000,0.000000,8
1.402000,9.50000,0.25000,0.000000,9
1.402000,10.50000,0.25000,0.000000,10
1.402000,11.50000,0.25000,0.244979,11
1.402000,12.50000,0.50000,0.244979,12
1.402000,13.50000,0.75000,0.244979,13
1.402000,14.50000,1.00000,0.463648,14
1.402000,15.50000,1.50000,0.463648,15
1.402000,16.50000,2.00000,0.000000,16
1.402000,17.50000,2.00000,0.000000,17
1.402000,18.50000,2.00000,-0.244979,18
1.402000,19.50000,1.75000,-0.244979,19
1.402000,20.50000,1.50000,-0.463648,20
1.402000,21.50000,1.00000,-0.463648,21
1.402000,22.50000,0.50000,-0.463648,22
1.402000,23.50000,0.00000,-0.244979,23
1.402000,24.50000,-0.25000,-0.463648,24
1.402000,25.50000,-0.75000,-0.463648,25
1.402000,26.50000,-1.25000,-0.244979,26
1.402000,27.50000,-1.50000,0.000000,27
1.402000,28.50000,-1.50000,0.000000,28
1.402000,29.50000,-1.50000,0.000000,29
1.402000,30.50000,-1.50000,0.000000,30
1.500000,0.36484,-0.02433,0.237123,0
1.500000,1.50000,0.25000,0.000000,1
1.500000,2.50000,0.25000,0.000000,2
1.500000,3.50000,0.25000,0.000000,3
1.500000,4.50000,0.25000,0.000000,4
1.500000,5.50000,0.25000,0.000000,5
1.500000,6.50000,0.25000,0.000000,6
1.500000,7.50000,0.25000,0.000000,7
1.500000,8.50000,0.25000,0.000000,8
1.500000,9.50000,0.25000,0.000000,9
1.500000,10.50000,0.25000,0.000000,10
1.500000,11.50000,0.25000,0.244979,11
1.500000,12.50000,0.50000,0.244979,12
1.500000,13.50000,0.75000,0.244979,13
1.500000,14.50000,1.00000,0.463648,14
1.500000,15.50000,1.50000,0.463648,15
1.500000,16.50000,2.00000,0.000000,16
1.500000,17.50000,2.00000,-0.244979,17
1.500000,18.50000,1.75000,0.000000,18
1.500000,19.50000,1.75000,-0.244979,19
1.500000,20.50000,1.50000,-0.463648,20
1.500000,21.50000,1.00000,-0.463648,21
1.500000,22.50000,0.50000,-0.463648,22
1.500000,23.50000,0.00000,-0.244979,23
1.500000,24.50000,-0.25000,-0.463648,24
1.500000,25.50000,-0.75000,-0.463648,25
1.500000,26.50000,-1.25000,-0.244979,26
1.500000,27.50000,-1.50000,-0.244979,27
1.500000,28.50000,-1.75000,0.000000,28
1.500000,29.50000,-1.75000,0.000000,29
1.500000,30.50000,-1.75000,0.000000,30
1.600000,0.47663,0.02066,0.220460,0
1.600000,1.50000,0.25000,0.000000,1
1.600000,2.50000,0.25000,0.000000,2
1.600000,3.50000,0.25000,0.000000,3
1.600000,4.50000,0.25000,0.000000,4
1.600000,5.50000,0.25000,0.000000,5
1.600000,6.50000,0.25000,0.000000,6
1.600000,7.50000,0.25000,0.000000,7
1.600000,8.50000,0.25000,0.000000,8
1.600000,9.50000,0.25000,0.000000,9
1.600000,10.50000,0.25000,0.000000,10
1.600000,11.50000,0.25000,0.244979,11
1.600000,12.50000,0.50000,0.244979,12
1.600000,13.50000,0.75000,0.244979,13
1.600000,14.50000,1.00000,0.463648,14
1.600000,15.50000,1.50000,0.463648,15
1.600000,16.50000,2.00000,0.000000,16
1.600000,17.50000,2.00000,0.000000,17
1.600000,18.50000,2.00000,-0.244979,18
1.600000,19.50000,1.75000,-0.244979,19
1.600000,20.50000,1.50000,-0.463648,20
1.600000,21.50000,1.00000,-0.463648,21
1.600000,22.50000,0.50000,-0.463648,22
1.600000,23.50000,0.00000,-0.244979,23
1.600000,24.50000,-0.25000,-0.463648,24
1.600000,25.50000,-0.75000,-0.463648,25
1.600000,26.50000,-1.25000,-0.244979,26
1.600000,27.50000,-1.50000,0.000000,27
1.600000,28.50000,-1.50000,0.000000,28
1.600000,29.50000,-1.50000,0.000000,29
1.600000,30.50000,-1.50000,0.000000,30
1.700000,0.55848,-0.02380,0.283001,0
1.700000,1.50000,0.25000,0.000000,1
1.700000,2.50000,0.25000,0.000000,2
1.700000,3.50000,0.25000,0.000000,3
1.700000,4.50000,0.25000,0.000000,4
1.700000,5.50000,0.25000,0.000000,5
1.700000,6.50000,0.25000,0.000000,6
1.700000,7.50000,0.25000,0.000000,7
1.700000,8.50000,0.25000,0.000000,8
1.700000,9.50000,0.25000,0.000000,9
1.700000,10.50000,0.25000,0.000000,10
1.700000,11.50000,0.25000,0.244979,11
1.700000,12.50000,0.50000,0.244979,12
1.700000,13.50000,0.75000,0.244979,13
1.700000,14.50000,1.00000,0.463648,14
1.700000,15.50000,1.50000,0.463648,15
1.700000,16.50000,2.00000,0.000000,16
1.700000,17.50000,2.00000,0.000000,17
1.700000,18.50000,2.00000,-0.244979,18
1.700000,19.50000,1.75000,-0.244979,19
1.700000,20.50000,1.50000,-0.463648,20
1.700000,21.50000,1.00000,-0.463648,21
1.700000,22.50000,0.50000,-0.463648,22
1.700000,23.50000,0.00000,-0.244979,23
1.700000,24.50000,-0.25000,-0.463648,24
1.700000,25.50000,-0.75000,-0.463648,25
1.700000,26.50000,-1.25000,-0.244979,26
1.700000,27.50000,-1.50000,0.000000,27
1.700000,28.50000,-1.50000,0.000000,28
1.700000,29.50000,-1.50000,0.000000,29
1.700000,30.50000,-1.50000,0.000000,30
1.800000,0.67970,-0.03316,0.332381,0
1.800000,1.50000,0.25000,0.000000,1
1.800000,2.50000,0.25000,0.000000,2
1.800000,3.50000,0.25000,0.000000,3
1.800000,4.50000,0.25000,0.000000,4
1.800000,5.50000,0.25000,0.000000,5
1.800000,6.50000,0.25000,0.000000,6
1.800000,7.50000,0.25000,0.000000,7
1.800000,8.50000,0.25000,0.000000,8
1.800000,9.50000,0.25000,0.000000,9
1.800000,10.50000,0.25000,0.000000,10
1.800000,11.50000,0.25000,0.244979,11
1.800000,12.50000,0.50000,0.244979,12
1.800000,13.50000,0.75000,0.244979,13
1.800000,14.50000,1.00000,0.463648,14
1.800000,15.50000,1.50000,0.463648,15
1.800000,16.50000,2.00000,0.000000,16
1.800000,17.50000,2.00000,0.000000,17
1.800000,18.50000,2.00000,-0.244979,18
1.800000,19.50000,1.75000,-0.244979,19
1.800000,20.50000,1.50000,-0.463648,20
1.800000,21.50000,1.00000,-0.463648,21
1.800000,22.50000,0.50000,-0.463648,22
1.800000,23.50000,0.00000,-0.244979,23
1.800000,24.50000,-0.25000,-0.463648,24
1.800000,25.50000,-0.75000,-0.463648,25
1.800000,26.50000,-1.25000,-0.244979,26
1.800000,27.50000,-1.50000,0.000000,27
1.800000,28.50000,-1.50000,0.000000,28
1.800000,29.50000,-1.50000,0.000000,29
1.800000,30.50000,-1.50000,0.000000,30
1.900000,0.78614,-0.03048,0.227080,0
1.900000,2.00000,0.25000,0.000000,1
1.900000,3.00000,0.25000,0.000000,2
1.900000,4.00000,0.25000,0.000000,3
1.900000,5.00000,0.25000,0.000000,4
1.900000,6.00000,0.25000,0.000000,5
1.900000,7.00000,0.25000,0.000000,6
1.900000,8.00000,0.25000,0.000000,7
1.900000,9.00000,0.25000,0.000000,8
1.900000,10.00000,0.25000,0.000000,9
1.900000,11.00000,0.25000,0.244979,10
1.900000,12.00000,0.50000,0.244979,11
1.900000,13.00000,0.75000,0.244979,12
1.900000,14.00000,1.00000,0.463648,13
1.900000,15.00000,1.50000,0.463648,14
1.900000,16.00000,2.00000,0.000000,15
1.900000,17.00000,2.00000,0.000000,16
1.900000,18.00000,2.00000,0.000000,17
1.900000,19.00000,2.00000,-0.244979,18
1.900000,20.00000,1.75000,-0.463648,19
1.900000,21.00000,1.25000,-0.463648,20
1.900000,22.00000,0.75000,-0.463648,21
1.900000,23.00000,0.25000,-0.244979,22
1.900000,24.00000,0.00000,-0.244979,23
1.900000,25.00000,-0.25000,-0.463648,24
1.900000,26.00000,-0.75000,-0.463648,25
1.900000,27.00000,-1.25000,-0.244979,26
1.900000,28.00000,-1.50000,0.000000,27
1.900000,29.00000,-1.50000,0.000000,28
1.900000,30.00000,-1.50000,0.000000,29
1.900000,31.00000,-1.50000,0.000000,30
2.000000,0.93539,-0.09040,0.084712,0
2.000000,2.00000,0.00000,0.000000,1
2.000000,3.00000,0.00000,0.000000,2
2.000000,4.00000,0.00000,0.000000,3
2.000000,5.00000,0.00000,0.000000,4
2.000000,6.00000,0.00000,0.000000,5
2.000000,7.00000,0.00000,0.000000,6
2.000000,8.00000,0.00000,0.000000,7
2.000000,9.00000,0.00000,0.000000,8
2.000000,10.00000,0.00000,0.244979,9
2.000000,11.00000,0.25000,0.244979,10
2.000000,12.00000,0.50000,0.244979,11
2.000000,13.00000,0.75000,0.244979,12
2.000000,14.00000,1.00000,0.463648,13
2.000000,15.00000,1.50000,0.463648,14
2.000000,16.00000,2.00000,0.000000,15
2.000000,17.00000,2.00000,0.000000,16
2.000000,18.00000,2.00000,0.000000,17
2.000000,19.00000,2.00000,-0.244979,18
2.000000,20.00000,1.75000,-0.463648,19
2.000000,21.00000,1.25000,-0.463648,20
2.000000,22.00000,0.75000,-0.463648,21
2.000000,23.00000,0.25000,-0.244979,22
2.000000,24.00000,0.00000,-0.244979,23
2.000000,25.00000,-0.25000,-0.463648,24
2.000000,26.00000,-0.75000,-0.463648,25
2.000000,27.00000,-1.25000,-0.244979,26
2.000000,28.00000,-1.50000,0.000000,27
2.000000,29.00000,-1.50000,0.000000,28
2.000000,30.00000,-1.50000,0.000000,29
2.000000,31.00000,-1.50000,0.000000,30
2.100000,1.07501,-0.11375,0.122355,0
2.100000,2.00000,0.00000,0.000000,1
2.100000,3.00000,0.00000,0.000000,2
2.100000,4.00000,0.00000,0.000000,3
2.100000,5.00000,0.00000,0.000000,4
2.100000,6.00000,0.00000,0.000000,5
2.100000,7.00000,0.00000,0.000000,6
2.100000,8.00000,0.00000,0.000000,7
2.100000,9.00000,0.00000,0.000000,8
2.100000,10.00000,0.00000,0.244979,9
2.100000,11.00000,0.25000,0.244979,10
2.100000,12.00000,0.50000,0.244979,11
2.100000,13.00000,0.75000,0.244979,12
2.100000,14.00000,1.00000,0.463648,13
2.100000,15.00000,1.50000,0.463648,14
2.100000,16.00000,2.00000,0.000000,15
2.100000,17.00000,2.00000,0.000000,16
2.100000,18.00000,2.00000,0.000000,17
2.100000,19.00000,2.00000,-0.244979,18
2.100000,20.00000,1.75000,-0.463648,19
2.100000,21.00000,1.25000,-0.463648,20
2.100000,22.00000,0.75000,-0.463648,21
2.100000,23.00000,0.25000,-0.244979,22
2.100000,24.00000,0.00000,-0.244979,23
2.100000,25.00000,-0.25000,-0.463648,24
2.100000,26.00000,-0.75000,-0.463648,25
2.100000,27.00000,-1.25000,-0.244979,26
2.100000,28.00000,-1.50000,0.000000,27
2.100000,29.00000,-1.50000,0.000000,28
2.100000,30.00000,-1.50000,0.000000,29
2.100000,31.00000,-1.50000,0.000000,30
2.200000,1.28379,-0.15087,0.123416,0
2.200000,2.50000,0.00000,0.000000,1
2.200000,3.50000,0.00000,0.000000,2
2.200000,4.50000,0.00000,0.000000,3
2.200000,5.50000,0.00000,0.000000,4
2.200000,6.50000,0.00000,0.000000,5
2.200000,7.50000,0.00000,0.000000,6
2.200000,8.50000,0.00000,0.000000,7
2.200000,9.50000,0.00000,0.000000,8
2.200000,10.50000,0.00000,0.244979,9
2.200000,11.50000,0.25000,0.244979,10
2.200000,12.50000,0.50000,0.244979,11
2.200000,13.50000,0.75000,0.244979,12
2.200000,14.50000,1.00000,0.463648,13
2.200000,15.50000,1.50000,0.463648,14
2.200000,16.50000,2.00000,0.000000,15
2.200000,17.50000,2.00000,0.000000,16
2.200000,18.50000,2.00000,-0.244979,17
2.200000,19.50000,1.75000,-0.244979,18
2.200000,20.50000,1.50000,-0.463648,19
2.200000,21.50000,1.00000,-0.463648,20
2.200000,22.50000,0.50000,-0.463648,21
2.200000,23.50000,0.00000,-0.244979,22
2.200000,24.50000,-0.25000,-0.463648,23
2.200000,25.50000,-0.75000,-0.463648,24
2.200000,26.50000,-1.25000,-0.244979,25
2.200000,27.50000,-1.50000,0.000000,26
2.200000,28.50000,-1.50000,0.000000,27
2.200000,29.50000,-1.50000,0.000000,28
2.200000,30.50000,-1.50000,0.000000,29
2.200000,31.50000,-1.50000,0.000000,30
2.300000,1.41938,-0.20279,0.185506,0
2.300000,2.50000,0.00000,0.000000,1
2.300000,3.50000,0.00000,0.000000,2
2.300000,4.50000,0.00000,0.000000,3
2.300000,5.50000,0.00000,0.000000,4
2.300000,6.50000,0.00000,0.000000,5
2.300000,7.50000,0.00000,0.000000,6
2.300000,8.50000,0.00000,0.000000,7
2.300000,9.50000,0.00000,0.000000,8
2.300000,10.50000,0.00000,0.244979,9
2.300000,11.50000,0.25000,0.244979,10
2.300000,12.50000,0.50000,0.244979,11
2.300000,13.50000,0.75000,0.244979,12
2.300000,14.50000,1.00000,0.463648,13
2.300000,15.50000,1.50000,0.463648,14
2.300000,16.50000,2.00000,0.000000,15
2.300000,17.50000,2.00000,0.000000,16
2.300000,18.50000,2.00000,-0.244979,17
2.300000,19.50000,1.75000,-0.244979,18
2.300000,20.50000,1.50000,-0.463648,19
2.300000,21.50000,1.00000,-0.463648,20
2.300000,22.50000,0.50000,-0.463648,21
2.300000,23.50000,0.00000,-0.244979,22
2.300000,24.50000,-0.25000,-0.463648,23
2.300000,25.50000,-0.75000,-0.463648,24
2.300000,26.50000,-1.25000,-0.244979,25
2.300000,27.50000,-1.50000,0.000000,26
2.300000,28.50000,-1.50000,0.000000,27
2.300000,29.50000,-1.50000,0.000000,28
2.300000,30.50000,-1.50000,0.000000,29
2.300000,31.50000,-1.50000,0.000000,30
2.400000,1.59716,-0.22276,0.241901,0
2.400000,2.50000,0.00000,0.000000,1
2.400000,3.50000,0.00000,0.000000,2
2.400000,4.50000,0.00000,0.000000,3
2.400000,5.50000,0.00000,0.000000,4
2.400000,6.50000,0.00000,0.000000,5
2.400000,7.50000,0.00000,0.000000,6
2.400000,8.50000,0.00000,0.000000,7
2.400000,9.50000,0.00000,0.000000,8
2.400000,10.50000,0.00000,0.244979,9
2.400000,11.50000,0.25000,0.244979,10
2.400000,12.50000,0.50000,0.244979,11
2.400000,13.50000,0.75000,0.244979,12
2.400000,14.50000,1.00000,0.463648,13
2.400000,15.50000,1.50000,0.463648,14
2.400000,16.50000,2.00000,0.000000,15
2.400000,17.50000,2.00000,0.000000,16
2.400000,18.50000,2.00000,-0.244979,17
2.400000,19.50000,1.75000,-0.244979,18
2.400000,20.50000,1.50000,-0.463648,19
2.400000,21.50000,1.00000,-0.463648,20
2.400000,22.50000,0.50000,-0.463648,21
2.400000,23.50000,0.00000,-0.244979,22
2.400000,24.50000,-0.25000,-0.463648,23
2.400000,25.50000,-0.75000,-0.463648,24
2.400000,26.50000,-1.25000,-0.244979,25
2.400000,27.50000,-1.50000,0.000000,26
2.400000,28.50000,-1.50000,0.000000,27
2.400000,29.50000,-1.50000,0.000000,28
2.400000,30.50000,-1.50000,0.000000,29
2.400000,31.50000,-1.50000,0.000000,30
2.500000,1.76777,-0.25286,0.202392,0
2.500000,3.00000,0.00000,0.000000,1
2.500000,4.00000,0.00000,0.000000,2
2.500000,5.00000,0.00000,0.000000,3
2.500000,6.00000,0.00000,0.000000,4
2.500000,7.00000,0.00000,0.000000,5
2.500000,8.00000,0.00000,0.000000,6
2.500000,9.00000,0.00000,0.000000,7
2.500000,10.00000,0.00000,0.244979,8
2.500000,11.00000,0.25000,0.244979,9
2.500000,12.00000,0.50000,0.244979,10
2.500000,13.00000,0.75000,0.244979,11
2.500000,14.00000,1.00000,0.463648,12
2.500000,15.00000,1.50000,0.463648,13
2.500000,16.00000,2.00000,0.000000,14
2.500000,17.00000,2.00000,0.000000,15
2.500000,18.00000,2.00000,0.000000,16
2.500000,19.00000,2.00000,-0.244979,17
2.500000,20.00000,1.75000,-0.463648,18
2.500000,21.00000,1.25000,-0.463648,19
2.500000,22.00000,0.75000,-0.463648,20
2.500000,23.00000,0.25000,-0.244979,21
2.500000,24.00000,0.00000,-0.244979,22
2.500000,25.00000,-0.25000,-0.463648,23
2.500000,26.00000,-0.75000,-0.463648,24
2.500000,27.00000,-1.25000,-0.244979,25
2.500000,28.00000,-1.50000,0.000000,26
2.500000,29.00000,-1.50000,0.000000,27
2.500000,30.00000,-1.50000,0.000000,28
2.500000,31.00000,-1.50000,0.000000,29
2.500000,32.00000,-1.50000,0.000000,30
2.600000,1.94859,-0.30123,0.279026,0
2.600000,3.00000,0.00000,0.000000,1
2.600000,4.00000,0.00000,0.000000,2
2.600000,5.00000,0.00000,0.000000,3
2.600000,6.00000,0.00000,0.000000,4
2.600000,7.00000,0.00000,0.000000,5
2.600000,8.00000,0.00000,0.000000,6
2.600000,9.00000,0.00000,0.000000,7
2.600000,10.00000,0.00000,0.244979,8
2.600000,11.00000,0.25000,0.244979,9
2.600000,12.00000,0.50000,0.244979,10
2.600000,13.00000,0.75000,0.244979,11
2.600000,14.00000,1.00000,0.463648,12
2.600000,15.00000,1.50000,0.463648,13
2.600000,16.00000,2.00000,0.000000,14
2.600000,17.00000,2.00000,0.000000,15
2.600000,18.00000,2.00000,0.000000,16
2.600000,19.00000,2.00000,-0.244979,17
2.600000,20.00000,1.75000,-0.463648,18
2.600000,21.00000,1.25000,-0.463648,19
2.600000,22.00000,0.75000,-0.463648,20
2.600000,23.00000,0.25000,-0.244979,21
2.600000,24.00000,0.00000,-0.244979,22
2.600000,25.00000,-0.25000,-0.463648,23
2.600000,26.00000,-0.75000,-0.463648,24
2.600000,27.00000,-1.25000,-0.244979,25
2.600000,28.00000,-1.50000,0.000000,26
2.600000,29.00000,-1.50000,0.000000,27
2.600000,30.00000,-1.50000,0.000000,28
2.600000,31.00000,-1.50000,0.000000,29
2.600000,32.00000,-1.50000,0.000000,30
2.700000,2.14159,-0.30146,0.337733,0
2.700000,3.00000,0.00000,0.000000,1
2.700000,4.00000,0.00000,0.000000,2
2.700000,5.00000,0.00000,0.000000,3
2.700000,6.00000,0.00000,0.000000,4
2.700000,7.00000,0.00000,0.000000,5
2.700000,8.00000,0.00000,0.000000,6
2.700000,9.00000,0.00000,0.000000,7
2.700000,10.00000,0.00000,0.244979,8
2.700000,11.00000,0.25000,0.244979,9
2.700000,12.00000,0.50000,0.244979,10
2.700000,13.00000,0.75000,0.244979,11
2.700000,14.00000,1.00000,0.463648,12
2.700000,15.00000,1.50000,0.463648,13
2.700000,16.00000,2.00000,0.000000,14
2.700000,17.00000,2.00000,0.000000,15
2.700000,18.00000,2.00000,0.000000,16
2.700000,19.00000,2.00000,-0.244979,17
2.700000,20.00000,1.75000,-0.463648,18
2.700000,21.00000,1.25000,-0.463648,19
2.700000,22.00000,0.75000,-0.463648,20
2.700000,23.00000,0.25000,-0.244979,21
2.700000,24.00000,0.00000,-0.244979,22
2.700000,25.00000,-0.25000,-0.463648,23
2.700000,26.00000,-0.75000,-0.463648,24
2.700000,27.00000,-1.25000,0.000000,25
2.700000,28.00000,-1.25000,0.000000,26
2.700000,29.00000,-1.25000,0.000000,27
2.700000,30.00000,-1.25000,0.000000,28
2.700000,31.00000,-1.25000,0.000000,29
2.700000,32.00000,-1.25000,0.000000,30
2.800000,2.31409,-0.29309,0.242288,0
2.800000,3.50000,0.00000,0.000000,1
2.800000,4.50000,0.00000,0.000000,2
2.800000,5.50000,0.00000,0.000000,3
2.800000,6.50000,0.00000,0.000000,4
2.800000,7.50000,0.00000,0.000000,5
2.800000,8.50000,0.00000,0.000000,6
2.800000,9.50000,0.00000,0.000000,7
2.800000,10.50000,0.00000,0.244979,8
2.800000,11.50000,0.25000,0.244979,9
2.800000,12.50000,0.50000,0.244979,10
2.800000,13.50000,0.75000,0.244979,11
2.800000,14.50000,1.00000,0.463648,12
2.800000,15.50000,1.50000,0.463648,13
2.800000,16.50000,2.00000,0.000000,14
2.800000,17.50000,2.00000,0.000000,15
2.800000,18.50000,2.00000,-0.244979,16
2.800000,19.50000,1.75000,-0.244979,17
2.800000,20.50000,1.50000,-0.463648,18
2.800000,21.50000,1.00000,-0.463648,19
2.800000,22.50000,0.50000,-0.463648,20
2.800000,23.50000,0.00000,-0.244979,21
2.800000,24.50000,-0.25000,-0.244979,22
2.800000,25.50000,-0.50000,-0.463648,23
2.800000,26.50000,-1.00000,-0.244979,24
2.800000,27.50000,-1.25000,-0.244979,25
2.800000,28.50000,-1.50000,0.000000,26
2.800000,29.50000,-1.50000,0.000000,27
2.800000,30.50000,-1.50000,0.000000,28
2.800000,31.50000,-1.50000,0.000000,29
2.800000,32.50000,-1.50000,0.000000,30
2.900000,2.49121,-0.32388,0.310666,0
2.900000,3.50000,0.00000,0.000000,1
2.900000,4.50000,0.00000,0.000000,2
2.900000,5.50000,0.00000,0.000000,3
2.900000,6.50000,0.00000,0.000000,4
2.900000,7.50000,0.00000,0.000000,5
2.900000,8.50000,0.00000,0.000000,6
2.900000,9.50000,0.00000,0.000000,7
2.900000,10.50000,0.00000,0.244979,8
2.900000,11.50000,0.25000,0.244979,9
2.900000,12.50000,0.50000,0.244979,10
2.900000,13.50000,0.75000,0.244979,11
2.900000,14.50000,1.00000,0.463648,12
2.900000,15.50000,1.50000,0.463648,13
2.900000,16.50000,2.00000,0.000000,14
2.900000,17.50000,2.00000,0.000000,15
2.900000,18.50000,2.00000,-0.244979,16
2.900000,19.50000,1.75000,-0.244979,17
2.900000,20.50000,1.50000,-0.463648,18
2.900000,21.50000,1.00000,-0.463648,19
2.900000,22.50000,0.50000,-0.463648,20
2.900000,23.50000,0.00000,-0.244979,21
2.900000,24.50000,-0.25000,-0.463648,22
2.900000,25.50000,-0.75000,-0.463648,23
2.900000,26.50000,-1.25000,-0.244979,24
2.900000,27.50000,-1.50000,0.000000,25
2.900000,28.50000,-1.50000,0.000000,26
2.900000,29.50000,-1.50000,0.000000,27
2.900000,30.50000,-1.50000,0.000000,28
2.900000,31.50000,-1.50000,0.000000,29
2.900000,32.50000,-1.50000,0.000000,30
3.000000,2.64175,-0.26856,0.303261,0
3.000000,3.50000,0.00000,0.000000,1
3.000000,4.50000,0.00000,0.000000,2
3.000000,5.50000,0.00000,0.000000,3
3.000000,6.50000,0.00000,0.000000,4
3.000000,7.50000,0.00000,0.000000,5
3.000000,8.50000,0.00000,0.000000,6
3.000000,9.50000,0.00000,0.000000,7
3.000000,10.50000,0.00000,0.244979,8
3.000000,11.50000,0.25000,0.244979,9
3.000000,12.50000,0.50000,0.244979,10
3.000000,13.50000,0.75000,0.244979,11
3.000000,14.50000,1.00000,0.463648,12
3.000000,15.50000,1.50000,0.463648,13
3.000000,16.50000,2.00000,0.000000,14
3.000000,17.50000,2.00000,0.000000,15
3.000000,18.50000,2.00000,-0.244979,16
3.000000,19.50000,1.75000,-0.244979,17
3.000000,20.50000,1.50000,-0.463648,18
3.000000,21.50000,1.00000,-0.463648,19
3.000000,22.50000,0.50000,-0.463648,20
3.000000,23.50000,0.00000,-0.244979,21
3.000000,24.50000,-0.25000,-0.463648,22
3.000000,25.50000,-0.75000,-0.463648,23
3.000000,26.50000,-1.25000,-0.244979,24
3.000000,27.50000,-1.50000,0.000000,25
3.000000,28.50000,-1.50000,0.000000,26
3.000000,29.50000,-1.50000,0.000000,27
3.000000,30.50000,-1.50000,0.000000,28
3.000000,31.50000,-1.50000,0.000000,29
3.000000,32.50000,-1.50000,0.000000,30
3.100000,2.82000,-0.24781,0.207004,0
3.100000,4.00000,0.00000,0.000000,1
3.100000,5.00000,0.00000,0.000000,2
3.100000,6.00000,0.00000,0.000000,3
3.100000,7.00000,0.00000,0.000000,4
3.100000,8.00000,0.00000,0.000000,5
3.100000,9.00000,0.00000,0.000000,6
3.100000,10.00000,0.00000,0.244979,7
3.100000,11.00000,0.25000,0.244979,8
3.100000,12.00000,0.50000,0.244979,9
3.100000,13.00000,0.75000,0.244979,10
3.100000,14.00000,1.00000,0.463648,11
3.100000,15.00000,1.50000,0.463648,12
3.100000,16.00000,2.00000,0.000000,13
3.100000,17.00000,2.00000,0.000000,14
3.100000,18.00000,2.00000,0.000000,15
3.100000,19.00000,2.00000,-0.244979,16
3.100000,20.00000,1.75000,-0.463648,17
3.100000,21.00000,1.25000,-0.463648,18
3.100000,22.00000,0.75000,-0.463648,19
3.100000,23.00000,0.25000,-0.244979,20
3.100000,24.00000,0.00000,-0.244979,21
3.100000,25.00000,-0.25000,-0.463648,22
3.100000,26.00000,-0.75000,-0.463648,23
3.100000,27.00000,-1.25000,-0.244979,24
3.100000,28.00000,-1.50000,0.000000,25
3.100000,29.00000,-1.50000,0.000000,26
3.100000,30.00000,-1.50000,0.000000,27
3.100000,31.00000,-1.50000,0.244979,28
3.100000,32.00000,-1.25000,0.000000,29
3.100000,33.00000,-1.25000,0.000000,30
3.200000,2.95936,-0.21065,0.199728,0
3.200000,4.00000,0.00000,0.000000,1
3.200000,5.00000,0.00000,0.000000,2
3.200000,6.00000,0.00000,0.000000,3
3.200000,7.00000,0.00000,0.000000,4
3.200000,8.00000,0.00000,0.000000,5
3.200000,9.00000,0.00000,0.000000,6
3.200000,10.00000,0.00000,0.244979,7
3.200000,11.00000,0.25000,0.244979,8
3.200000,12.00000,0.50000,0.244979,9
3.200000,13.00000,0.75000,0.244979,10
3.200000,14.00000,1.00000,0.463648,11
3.200000,15.00000,1.50000,0.463648,12
3.200000,16.00000,2.00000,0.000000,13
3.200000,17.00000,2.00000,0.000000,14
3.200000,18.00000,2.00000,0.000000,15
3.200000,19.00000,2.00000,-0.244979,16
3.200000,20.00000,1.75000,-0.463648,17
3.200000,21.00000,1.25000,-0.463648,18
3.200000,22.00000,0.75000,-0.463648,19
3.200000,23.00000,0.25000,-0.244979,20
3.200000,24.00000,0.00000,-0.244979,21
3.200000,25.00000,-0.25000,-0.463648,22
3.200000,26.00000,-0.75000,-0.463648,23
3.200000,27.00000,-1.25000,-0.244979,24
3.200000,28.00000,-1.50000,0.000000,25
3.200000,29.00000,-1.50000,0.000000,26
3.200000,30.00000,-1.50000,0.000000,27
3.200000,31.00000,-1.50000,0.244979,28
3.200000,32.00000,-1.25000,0.000000,29
3.200000,33.00000,-1.25000,0.000000,30
3.300000,3.03303,-0.16914,0.173170,0
3.300000,4.00000,0.00000,0.000000,1
3.300000,5.00000,0.00000,0.000000,2
3.300000,6.00000,0.00000,0.000000,3
3.300000,7.00000,0.00000,0.000000,4
3.300000,8.00000,0.00000,0.000000,5
3.300000,9.00000,0.00000,0.000000,6
3.300000,10.00000,0.00000,0.244979,7
3.300000,11.00000,0.25000,0.244979,8
3.300000,12.00000,0.50000,0.244979,9
3.300000,13.00000,0.75000,0.244979,10
3.300000,14.00000,1.00000,0.463648,11
3.300000,15.00000,1.50000,0.463648,12
3.300000,16.00000,2.00000,0.000000,13
3.300000,17.00000,2.00000,0.000000,14
3.300000,18.00000,2.00000,-0.244979,15
3.300000,19.00000,1.75000,-0.244979,16
3.300000,20.00000,1.50000,-0.244979,17
3.300000,21.00000,1.25000,-0.463648,18
3.300000,22.00000,0.75000,-0.463648,19
3.300000,23.00000,0.25000,-0.244979,20
3.300000,24.00000,0.00000,-0.244979,21
3.300000,25.00000,-0.25000,-0.463648,22
3.300000,26.00000,-0.75000,-0.463648,23
3.300000,27.00000,-1.25000,-0.244979,24
3.300000,28.00000,-1.50000,0.000000,25
3.300000,29.00000,-1.50000,0.000000,26
3.300000,30.00000,-1.50000,0.000000,27
3.300000,31.00000,-1.50000,0.244979,28
3.300000,32.00000,-1.25000,0.000000,29
3.300000,33.00000,-1.25000,0.000000,30
3.400000,3.18321,-0.16448,0.198721,0
3.400000,4.00000,0.00000,0.000000,1
3.400000,5.00000,0.00000,0.000000,2
3.400000,6.00000,0.00000,0.000000,3
3.400000,7.00000,0.00000,0.000000,4
3.400000,8.00000,0.00000,0.000000,5
3.400000,9.00000,0.00000,0.000000,6
3.400000,10.00000,0.00000,0.244979,7
3.400000,11.00000,0.25000,0.244979,8
3.400000,12.00000,0.50000,0.244979,9
3.400000,13.00000,0.75000,0.244979,10
3.400000,14.00000,1.00000,0.463648,11
3.400000,15.00000,1.50000,0.463648,12
3.400000,16.00000,2.00000,0.000000,13
3.400000,17.00000,2.00000,0.000000,14
3.400000,18.00000,2.00000,-0.244979,15
3.400000,19.00000,1.75000,-0.244979,16
3.400000,20.00000,1.50000,-0.244979,17
3.400000,21.00000,1.25000,-0.463648,18
3.400000,22.00000,0.75000,-0.463648,19
3.400000,23.00000,0.25000,-0.244979,20
3.400000,24.00000,0.00000,-0.244979,21
3.400000,25.00000,-0.25000,-0.463648,22
3.400000,26.00000,-0.75000,-0.463648,23
3.400000,27.00000,-1.25000,-0.244979,24
3.400000,28.00000,-1.50000,0.000000,25
3.400000,29.00000,-1.50000,0.000000,26
3.400000,30.00000,-1.50000,0.000000,27
3.400000,31.00000,-1.50000,0.244979,28
3.400000,32.00000,-1.25000,0.000000,29
3.400000,33.00000,-1.25000,0.000000,30
3.500000,3.26603,-0.11231,0.090762,0
3.500000,4.50000,0.00000,0.000000,1
3.500000,5.50000,0.00000,0.000000,2
3.500000,6.50000,0.00000,0.000000,3
3.500000,7.50000,0.00000,0.000000,4
3.500000,8.50000,0.00000,0.000000,5
3.500000,9.50000,0.00000,0.000000,6
3.500000,10.50000,0.00000,0.244979,7
3.500000,11.50000,0.25000,0.244979,8
3.500000,12.50000,0.50000,0.244979,9
3.500000,13.50000,0.75000,0.244979,10
3.500000,14.50000,1.00000,0.463648,11
3.500000,15.50000,1.50000,0.463648,12
3.500000,16.50000,2.00000,0.000000,13
3.500000,17.50000,2.00000,0.000000,14
3.500000,18.50000,2.00000,-0.244979,15
3.500000,19.50000,1.75000,-0.244979,16
3.500000,20.50000,1.50000,-0.463648,17
3.500000,21.50000,1.00000,-0.463648,18
3.500000,22.50000,0.50000,-0.463648,19
3.500000,23.50000,0.00000,-0.244979,20
3.500000,24.50000,-0.25000,-0.463648,21
3.500000,25.50000,-0.75000,-0.463648,22
3.500000,26.50000,-1.25000,-0.244979,23
3.500000,27.50000,-1.50000,0.000000,24
3.500000,28.50000,-1.50000,0.000000,25
3.500000,29.50000,-1.50000,0.000000,26
3.500000,30.50000,-1.50000,0.000000,27
3.500000,31.50000,-1.50000,0.244979,28
3.500000,32.50000,-1.25000,0.000000,29
3.500000,33.50000,-1.25000,0.000000,30
3.600000,3.40359,-0.02782,0.248168,0
3.600000,4.50000,0.25000,0.000000,1
3.600000,5.50000,0.25000,0.000000,2
3.600000,6.50000,0.25000,0.000000,3
3.600000,7.50000,0.25000,0.000000,4
3.600000,8.50000,0.25000,0.000000,5
3.600000,9.50000,0.25000,0.000000,6
3.600000,10.50000,0.25000,0.000000,7
3.600000,11.50000,0.25000,0.244979,8
3.600000,12.50000,0.50000,0.244979,9
3.600000,13.50000,0.75000,0.244979,10
3.600000,14.50000,1.00000,0.463648,11
3.600000,15.50000,1.50000,0.463648,12
3.600000,16.50000,2.00000,0.000000,13
3.600000,17.50000,2.00000,0.000000,14
3.600000,18.50000,2.00000,-0.244979,15
3.600000,19.50000,1.75000,-0.244979,16
3.600000,20.50000,1.50000,-0.463648,17
3.600000,21.50000,1.00000,-0.463648,18
3.600000,22.50000,0.50000,-0.463648,19
3.600000,23.50000,0.00000,-0.244979,20
3.600000,24.50000,-0.25000,-0.463648,21
3.600000,25.50000,-0.75000,-0.463648,22
3.600000,26.50000,-1.25000,-0.244979,23
3.600000,27.50000,-1.50000,0.000000,24
3.600000,28.50000,-1.50000,0.000000,25
3.600000,29.50000,-1.50000,0.000000,26
3.600000,30.50000,-1.50000,0.000000,27
3.600000,31.50000,-1.50000,0.244979,28
3.600000,32.50000,-1.25000,0.000000,29
3.600000,33.50000,-1.25000,0.000000,30
3.700000,3.47905,0.00623,0.234379,0
3.700000,4.50000,0.25000,0.000000,1
3.700000,5.50000,0.25000,0.000000,2
3.700000,6.50000,0.25000,0.000000,3
3.700000,7.50000,0.25000,0.000000,4
3.700000,8.50000,0.25000,0.000000,5
3.700000,9.50000,0.25000,0.000000,6
3.700000,10.50000,0.25000,0.000000,7
3.700000,11.50000,0.25000,0.244979,8
3.700000,12.50000,0.50000,0.244979,9
3.700000,13.50000,0.75000,0.244979,10
3.700000,14.50000,1.00000,0.463648,11
3.700000,15.50000,1.50000,0.463648,12
3.700000,16.50000,2.00000,0.000000,13
3.700000,17.50000,2.00000,0.000000,14
3.700000,18.50000,2.00000,-0.244979,15
3.700000,19.50000,1.75000,-0.244979,16
3.700000,20.50000,1.50000,-0.463648,17
3.700000,21.50000,1.00000,-0.463648,18
3.700000,22.50000,0.50000,-0.463648,19
3.700000,23.50000,0.00000,-0.244979,20
3.700000,24.50000,-0.25000,-0.244979,21
3.700000,25.50000,-0.50000,-0.463648,22
3.700000,26.50000,-1.00000,-0.244979,23
3.700000,27.50000,-1.25000,-0.244979,24
3.700000,28.50000,-1.50000,0.000000,25
3.700000,29.50000,-1.50000,0.000000,26
3.700000,30.50000,-1.50000,0.000000,27
3.700000,31.50000,-1.50000,0.244979,28
3.700000,32.50000,-1.25000,0.000000,29
3.700000,33.50000,-1.25000,0.000000,30
3.800000,3.57190,0.01593,0.247053,0
3.800000,4.50000,0.25000,0.000000,1
3.800000,5.50000,0.25000,0.000000,2
3.800000,6.50000,0.25000,0.000000,3
3.800000,7.50000,0.25000,0.000000,4
3.800000,8.50000,0.25000,0.000000,5
3.800000,9.50000,0.25000,0.000000,6
3.800000,10.50000,0.25000,0.000000,7
3.800000,11.50000,0.25000,0.244979,8
3.800000,12.50000,0.50000,0.244979,9
3.800000,13.50000,0.75000,0.244979,10
3.800000,14.50000,1.00000,0.463648,11
3.800000,15.50000,1.50000,0.463648,12
3.800000,16.50000,2.00000,0.000000,13
3.800000,17.50000,2.00000,0.000000,14
3.800000,18.50000,2.00000,-0.244979,15
3.800000,19.50000,1.75000,-0.244979,16
3.800000,20.50000,1.50000,-0.463648,17
3.800000,21.50000,1.00000,-0.463648,18
3.800000,22.50000,0.50000,-0.463648,19
3.800000,23.50000,0.00000,-0.244979,20
3.800000,24.50000,-0.25000,-0.463648,21
3.800000,25.50000,-0.75000,-0.463648,22
3.800000,26.50000,-1.25000,-0.244979,23
3.800000,27.50000,-1.50000,0.000000,24
3.800000,28.50000,-1.50000,0.000000,25
3.800000,29.50000,-1.50000,0.000000,26
3.800000,30.50000,-1.50000,0.000000,27
3.800000,31.50000,-1.50000,0.244979,28
3.800000,32.50000,-1.25000,0.000000,29
3.800000,33.50000,-1.25000,0.000000,30
3.900000,3.68059,0.04846,0.241176,0
3.900000,4.50000,0.25000,0.000000,1
3.900000,5.50000,0.25000,0.000000,2
3.900000,6.50000,0.25000,0.000000,3
3.900000,7.50000,0.25000,0.000000,4
3.900000,8.50000,0.25000,0.000000,5
3.900000,9.50000,0.25000,0.000000,6
3.900000,10.50000,0.25000,0.000000,7
3.900000,11.50000,0.25000,0.244979,8
3.900000,12.50000,0.50000,0.244979,9
3.900000,13.50000,0.75000,0.244979,10
3.900000,14.50000,1.00000,0.463648,11
3.900000,15.50000,1.50000,0.463648,12
3.900000,16.50000,2.00000,0.000000,13
3.900000,17.50000,2.00000,0.000000,14
3.900000,18.50000,2.00000,-0.244979,15
3.900000,19.50000,1.75000,-0.244979,16
3.900000,20.50000,1.50000,-0.463648,17
3.900000,21.50000,1.00000,-0.463648,18
3.900000,22.50000,0.50000,-0.463648,19
3.900000,23.50000,0.00000,-0.244979,20
3.900000,24.50000,-0.25000,-0.244979,21
3.900000,25.50000,-0.50000,-0.463648,22
3.900000,26.50000,-1.00000,-0.244979,23
3.900000,27.50000,-1.25000,-0.244979,24
3.900000,28.50000,-1.50000,0.000000,25
3.900000,29.50000,-1.50000,0.000000,26
3.900000,30.50000,-1.50000,0.000000,27
3.900000,31.50000,-1.50000,0.244979,28
3.900000,32.50000,-1.25000,0.000000,29
3.900000,33.50000,-1.25000,0.000000,30
4.000000,3.81919,0.07129,0.150203,0
4.000000,5.00000,0.25000,0.000000,1
4.000000,6.00000,0.25000,0.000000,2
4.000000,7.00000,0.25000,0.000000,3
4.000000,8.00000,0.25000,0.000000,4
4.000000,9.00000,0.25000,0.000000,5
4.000000,10.00000,0.25000,0.000000,6
4.000000,11.00000,0.25000,0.244979,7
4.000000,12.00000,0.50000,0.244979,8
4.000000,13.00000,0.75000,0.244979,9
4.000000,14.00000,1.00000,0.463648,10
4.000000,15.00000,1.50000,0.463648,11
4.000000,16.00000,2.00000,0.000000,12
4.000000,17.00000,2.00000,0.000000,13
4.000000,18.00000,2.00000,0.000000,14
4.000000,19.00000,2.00000,-0.244979,15
4.000000,20.00000,1.75000,-0.463648,16
4.000000,21.00000,1.25000,-0.463648,17
4.000000,22.00000,0.75000,-0.463648,18
4.000000,23.00000,0.25000,-0.244979,19
4.000000,24.00000,0.00000,-0.244979,20
4.000000,25.00000,-0.25000,-0.463648,21
4.000000,26.00000,-0.75000,-0.463648,22
4.000000,27.00000,-1.25000,-0.244979,23
4.000000,28.00000,-1.50000,0.000000,24
4.000000,29.00000,-1.50000,0.000000,25
4.000000,30.00000,-1.50000,0.000000,26
4.000000,31.00000,-1.50000,0.244979,27
4.000000,32.00000,-1.25000,0.000000,28
4.000000,33.00000,-1.25000,0.000000,29
4.000000,34.00000,-1.25000,0.000000,30
4.100000,3.90167,0.06844,0.163826,0
4.100000,5.00000,0.25000,0.000000,1
4.100000,6.00000,0.25000,0.000000,2
4.100000,7.00000,0.25000,0.000000,3
4.100000,8.00000,0.25000,0.000000,4
4.100000,9.00000,0.25000,0.000000,5
4.100000,10.00000,0.25000,0.000000,6
4.100000,11.00000,0.25000,0.244979,7
4.100000,12.00000,0.50000,0.244979,8
4.100000,13.00000,0.75000,0.244979,9
4.100000,14.00000,1.00000,0.463648,10
4.100000,15.00000,1.50000,0.463648,11
4.100000,16.00000,2.00000,0.000000,12
4.100000,17.00000,2.00000,0.000000,13
4.100000,18.00000,2.00000,-0.244979,14
4.100000,19.00000,1.75000,-0.244979,15
4.100000,20.00000,1.50000,-0.244979,16
4.100000,21.00000,1.25000,-0.463648,17
4.100000,22.00000,0.75000,-0.463648,18
4.100000,23.00000,0.25000,-0.244979,19
4.100000,24.00000,0.00000,-0.463648,20
4.100000,25.00000,-0.50000,-0.463648,21
4.100000,26.00000,-1.00000,-0.463648,22
4.100000,27.00000,-1.50000,0.000000,23
4.100000,28.00000,-1.50000,0.000000,24
4.100000,29.00000,-1.50000,0.000000,25
4.100000,30.00000,-1.50000,0.000000,26
4.100000,31.00000,-1.50000,0.244979,27
4.100000,32.00000,-1.25000,0.000000,28
4.100000,33.00000,-1.25000,0.000000,29
4.100000,34.00000,-1.25000,0.000000,30
4.200000,3.97832,0.08721,0.158005,0
4.200000,5.00000,0.25000,0.000000,1
4.200000,6.00000,0.25000,0.000000,2
4.200000,7.00000,0.25000,0.000000,3
4.200000,8.00000,0.25000,0.000000,4
4.200000,9.00000,0.25000,0.000000,5
4.200000,10.00000,0.25000,0.000000,6
4.200000,11.00000,0.25000,0.244979,7
4.200000,12.00000,0.50000,0.244979,8
4.200000,13.00000,0.75000,0.244979,9
4.200000,14.00000,1.00000,0.463648,10
4.200000,15.00000,1.50000,0.463648,11
4.200000,16.00000,2.00000,0.000000,12
4.200000,17.00000,2.00000,0.000000,13
4.200000,18.00000,2.00000,0.000000,14
4.200000,19.00000,2.00000,-0.244979,15
4.200000,20.00000,1.75000,-0.463648,16
4.200000,21.00000,1.25000,-0.463648,17
4.200000,22.00000,0.75000,-0.463648,18
4.200000,23.00000,0.25000,-0.244979,19
4.200000,24.00000,0.00000,-0.244979,20
4.200000,25.00000,-0.25000,-0.463648,21
4.200000,26.00000,-0.75000,-0.463648,22
4.200000,27.00000,-1.25000,-0.244979,23
4.200000,28.00000,-1.50000,0.000000,24
4.200000,29.00000,-1.50000,0.000000,25
4.200000,30.00000,-1.50000,0.000000,26
4.200000,31.00000,-1.50000,0.244979,27
4.200000,32.00000,-1.25000,0.000000,28
4.200000,33.00000,-1.25000,0.000000,29
4.200000,34.00000,-1.25000,0.000000,30
4.304000,4.10866,0.05392,0.216539,0
4.304000,5.00000,0.25000,0.000000,1
4.304000,6.00000,0.25000,0.000000,2
4.304000,7.00000,0.25000,0.000000,3
4.304000,8.00000,0.25000,0.000000,4
4.304000,9.00000,0.25000,0.000000,5
4.304000,10.00000,0.25000,0.000000,6
4.304000,11.00000,0.25000,0.244979,7
4.304000,12.00000,0.50000,0.244979,8
4.304000,13.00000,0.75000,0.244979,9
4.304000,14.00000,1.00000,0.463648,10
4.304000,15.00000,1.50000,0.463648,11
4.304000,16.00000,2.00000,0.000000,12
4.304000,17.00000,2.00000,0.000000,13
4.304000,18.00000,2.00000,-0.244979,14
4.304000,19.00000,1.75000,-0.244979,15
4.304000,20.00000,1.50000,-0.244979,16
4.304000,21.00000,1.25000,-0.463648,17
4.304000,22.00000,0.75000,-0.463648,18
4.304000,23.00000,0.25000,-0.244979,19
4.304000,24.00000,0.00000,-0.244979,20
4.304000,25.00000,-0.25000,-0.463648,21
4.304000,26.00000,-0.75000,-0.463648,22
4.304000,27.00000,-1.25000,-0.244979,23
4.304000,28.00000,-1.50000,0.000000,24
4.304000,29.00000,-1.50000,0.000000,25
4.304000,30.00000,-1.50000,0.000000,26
4.304000,31.00000,-1.50000,0.244979,27
4.304000,32.00000,-1.25000,0.000000,28
4.304000,33.00000,-1.25000,0.000000,29
4.304000,34.00000,-1.25000,0.000000,30
4.402000,4.17041,0.04860,0.238165,0
4.402000,5.00000,0.25000,0.000000,1
4.402000,6.00000,0.25000,0.000000,2
4.402000,7.00000,0.25000,0.000000,3
4.402000,8.00000,0.25000,0.000000,4
4.402000,9.00000,0.25000,0.000000,5
4.402000,10.00000,0.25000,0.000000,6
4.402000,11.00000,0.25000,0.244979,7
4.402000,12.00000,0.50000,0.244979,8
4.402000,13.00000,0.75000,0.244979,9
4.402000,14.00000,1.00000,0.463648,10
4.402000,15.00000,1.50000,0.463648,11
4.402000,16.00000,2.00000,0.000000,12
4.402000,17.00000,2.00000,0.000000,13
4.402000,18.00000,2.00000,0.000000,14
4.402000,19.00000,2.00000,-0.244979,15
4.402000,20.00000,1.75000,-0.463648,16
4.402000,21.00000,1.25000,-0.463648,17
4.402000,22.00000,0.75000,-0.463648,18
4.402000,23.00000,0.25000,-0.244979,19
4.402000,24.00000,0.00000,-0.244979,20
4.402000,25.00000,-0.25000,-0.463648,21
4.402000,26.00000,-0.75000,-0.463648,22
4.402000,27.00000,-1.25000,-0.244979,23
4.402000,28.00000,-1.50000,0.000000,24
4.402000,29.00000,-1.50000,0.000000,25
4.402000,30.00000,-1.50000,0.000000,26
4.402000,31.00000,-1.50000,0.244979,27
4.402000,32.00000,-1.25000,0.000000,28
4.402000,33.00000,-1.25000,0.000000,29
4.402000,34.00000,-1.25000,0.000000,30
4.502000,4.32113,0.00897,0.201676,0
4.502000,5.50000,0.25000,0.000000,1
4.502000,6.50000,0.25000,0.000000,2
4.502000,7.50000,0.25000,0.000000,3
4.502000,8.50000,0.25000,0.000000,4
4.502000,9.50000,0.25000,0.000000,5
4.502000,10.50000,0.25000,0.000000,6
4.502000,11.50000,0.25000,0.244979,7
4.502000,12.50000,0.50000,0.244979,8
4.502000,13.50000,0.75000,0.244979,9
4.502000,14.50000,1.00000,0.463648,10
4.502000,15.50000,1.50000,0.463648,11
4.502000,16.50000,2.00000,0.000000,12
4.502000,17.50000,2.00000,0.000000,13
4.502000,18.50000,2.00000,-0.244979,14
4.502000,19.50000,1.75000,-0.244979,15
4.502000,20.50000,1.50000,-0.463648,16
4.502000,21.50000,1.00000,-0.463648,17
4.502000,22.50000,0.50000,-0.463648,18
4.502000,23.50000,0.00000,-0.244979,19
4.502000,24.50000,-0.25000,-0.463648,20
4.502000,25.50000,-0.75000,-0.463648,21
4.502000,26.50000,-1.25000,-0.244979,22
4.502000,27.50000,-1.50000,0.000000,23
4.502000,28.50000,-1.50000,0.000000,24
4.502000,29.50000,-1.50000,0.000000,25
4.502000,30.50000,-1.50000,0.000000,26
4.502000,31.50000,-1.50000,0.244979,27
4.502000,32.50000,-1.25000,0.000000,28
4.502000,33.50000,-1.25000,0.000000,29
4.502000,34.50000,-1.25000,0.000000,30
4.602000,4.44143,0.01262,0.220596,0
4.602000,5.50000,0.25000,0.000000,1
4.602000,6.50000,0.25000,0.000000,2
4.602000,7.50000,0.25000,0.000000,3
4.602000,8.50000,0.25000,0.000000,4
4.602000,9.50000,0.25000,0.000000,5
4.602000,10.50000,0.25000,0.000000,6
4.602000,11.50000,0.25000,0.244979,7
4.602000,12.50000,0.50000,0.244979,8
4.602000,13.50000,0.75000,0.244979,9
4.602000,14.50000,1.00000,0.463648,10
4.602000,15.50000,1.50000,0.463648,11
4.602000,16.50000,2.00000,0.000000,12
4.602000,17.50000,2.00000,0.000000,13
4.602000,18.50000,2.00000,-0.244979,14
4.602000,19.50000,1.75000,-0.244979,15
4.602000,20.50000,1.50000,-0.463648,16
4.602000,21.50000,1.00000,-0.463648,17
4.602000,22.50000,0.50000,-0.463648,18
4.602000,23.50000,0.00000,-0.244979,19
4.602000,24.50000,-0.25000,-0.463648,20
4.602000,25.50000,-0.75000,-0.463648,21
4.602000,26.50000,-1.25000,-0.244979,22
4.602000,27.50000,-1.50000,0.000000,23
4.602000,28.50000,-1.50000,0.000000,24
4.602000,29.50000,-1.50000,0.000000,25
4.602000,30.50000,-1.50000,0.244979,26
4.602000,31.50000,-1.25000,0.244979,27
4.602000,32.50000,-1.00000,0.000000,28
4.602000,33.50000,-1.00000,0.000000,29
4.602000,34.50000,-1.00000,0.000000,30
4.700000,4.60480,-0.07009,0.343392,0
4.700000,5.50000,0.25000,0.000000,1
4.700000,6.50000,0.25000,0.000000,2
4.700000,7.50000,0.25000,0.000000,3
4.700000,8.50000,0.25000,0.000000,4
4.700000,9.50000,0.25000,0.000000,5
4.700000,10.50000,0.25000,0.000000,6
4.700000,11.50000,0.25000,0.244979,7
4.700000,12.50000,0.50000,0.244979,8
4.700000,13.50000,0.75000,0.244979,9
4.700000,14.50000,1.00000,0.463648,10
4.700000,15.50000,1.50000,0.463648,11
4.700000,16.50000,2.00000,0.000000,12
4.700000,17.50000,2.00000,0.000000,13
4.700000,18.50000,2.00000,-0.244979,14
4.700000,19.50000,1.75000,-0.244979,15
4.700000,20.50000,1.50000,-0.463648,16
4.700000,21.50000,1.00000,-0.463648,17
4.700000,22.50000,0.50000,-0.463648,18
4.700000,23.50000,0.00000,-0.244979,19
4.700000,24.50000,-0.25000,-0.463648,20
4.700000,25.50000,-0.75000,-0.463648,21
4.700000,26.50000,-1.25000,-0.244979,22
4.700000,27.50000,-1.50000,0.000000,23
4.700000,28.50000,-1.50000,0.000000,24
4.700000,29.50000,-1.50000,0.000000,25
4.700000,30.50000,-1.50000,0.244979,26
4.700000,31.50000,-1.25000,0.244979,27
4.700000,32.50000,-1.00000,0.000000,28
4.700000,33.50000,-1.00000,0.000000,29
4.700000,34.50000,-1.00000,0.000000,30
4.800000,4.73911,-0.08979,0.419997,0
4.800000,5.50000,0.25000,0.000000,1
4.800000,6.50000,0.25000,0.000000,2
4.800000,7.50000,0.25000,0.000000,3
4.800000,8.50000,0.25000,0.000000,4
4.800000,9.50000,0.25000,0.000000,5
4.800000,10.50000,0.25000,0.000000,6
4.800000,11.50000,0.25000,0.244979,7
4.800000,12.50000,0.50000,0.244979,8
4.800000,13.50000,0.75000,0.244979,9
4.800000,14.50000,1.00000,0.463648,10
4.800000,15.50000,1.50000,0.463648,11
4.800000,16.50000,2.00000,0.000000,12
4.800000,17.50000,2.00000,0.000000,13
4.800000,18.50000,2.00000,-0.244979,14
4.800000,19.50000,1.75000,-0.244979,15
4.800000,20.50000,1.50000,-0.463648,16
4.800000,21.50000,1.00000,-0.463648,17
4.800000,22.50000,0.50000,-0.463648,18
4.800000,23.50000,0.00000,-0.244979,19
4.800000,24.50000,-0.25000,-0.244979,20
4.800000,25.50000,-0.50000,-0.463648,21
4.800000,26.50000,-1.00000,-0.244979,22
4.800000,27.50000,-1.25000,-0.244979,23
4.800000,28.50000,-1.50000,0.000000,24
4.800000,29.50000,-1.50000,0.000000,25
4.800000,30.50000,-1.50000,0.244979,26
4.800000,31.50000,-1.25000,0.244979,27
4.800000,32.50000,-1.00000,0.000000,28
4.800000,33.50000,-1.00000,0.000000,29
4.800000,34.50000,-1.00000,0.000000,30
4.900000,4.88172,-0.17692,0.156908,0
4.900000,6.00000,0.00000,0.000000,1
4.900000,7.00000,0.00000,0.000000,2
4.900000,8.00000,0.00000,0.000000,3
4.900000,9.00000,0.00000,0.000000,4
4.900000,10.00000,0.00000,0.244979,5
4.900000,11.00000,0.25000,0.244979,6
4.900000,12.00000,0.50000,0.244979,7
4.900000,13.00000,0.75000,0.244979,8
4.900000,14.00000,1.00000,0.463648,9
4.900000,15.00000,1.50000,0.463648,10
4.900000,16.00000,2.00000,0.000000,11
4.900000,17.00000,2.00000,0.000000,12
4.900000,18.00000,2.00000,-0.244979,13
4.900000,19.00000,1.75000,-0.244979,14
4.900000,20.00000,1.50000,-0.244979,15
4.900000,21.00000,1.25000,-0.463648,16
4.900000,22.00000,0.75000,-0.463648,17
4.900000,23.00000,0.25000,-0.244979,18
4.900000,24.00000,0.00000,-0.244979,19
4.900000,25.00000,-0.25000,-0.463648,20
4.900000,26.00000,-0.75000,-0.463648,21
4.900000,27.00000,-1.25000,-0.244979,22
4.900000,28.00000,-1.50000,0.000000,23
4.900000,29.00000,-1.50000,0.000000,24
4.900000,30.00000,-1.50000,0.000000,25
4.900000,31.00000,-1.50000,0.244979,26
4.900000,32.00000,-1.25000,0.244979,27
4.900000,33.00000,-1.00000,0.000000,28
4.900000,34.00000,-1.00000,0.000000,29
4.900000,35.00000,-1.00000,0.000000,30
5.000000,5.10695,-0.29108,0.315083,0
5.000000,6.00000,0.00000,0.000000,1
5.000000,7.00000,0.00000,0.000000,2
5.000000,8.00000,0.00000,0.000000,3
5.000000,9.00000,0.00000,0.000000,4
5.000000,10.00000,0.00000,0.244979,5
5.000000,11.00000,0.25000,0.244979,6
5.000000,12.00000,0.50000,0.244979,7
5.000000,13.00000,0.75000,0.244979,8
5.000000,14.00000,1.00000,0.463648,9
5.000000,15.00000,1.50000,0.463648,10
5.000000,16.00000,2.00000,0.000000,11
5.000000,17.00000,2.00000,0.000000,12
5.000000,18.00000,2.00000,0.000000,13
5.000000,19.00000,2.00000,-0.244979,14
5.000000,20.00000,1.75000,-0.463648,15
5.000000,21.00000,1.25000,-0.463648,16
5.000000,22.00000,0.75000,-0.463648,17
5.000000,23.00000,0.25000,-0.244979,18
5.000000,24.00000,0.00000,-0.244979,19
5.000000,25.00000,-0.25000,-0.463648,20
5.000000,26.00000,-0.75000,-0.463648,21
5.000000,27.00000,-1.25000,-0.244979,22
5.000000,28.00000,-1.50000,0.000000,23
5.000000,29.00000,-1.50000,0.000000,24
5.000000,30.00000,-1.50000,0.000000,25
5.000000,31.00000,-1.50000,0.244979,26
5.000000,32.00000,-1.25000,0.244979,27
5.000000,33.00000,-1.00000,0.000000,28
5.000000,34.00000,-1.00000,0.000000,29
5.000000,35.00000,-1.00000,0.000000,30
5.102000,5.21711,-0.33652,0.405967,0
5.102000,6.00000,0.00000,0.000000,1
5.102000,7.00000,0.00000,0.000000,2
5.102000,8.00000,0.00000,0.000000,3
5.102000,9.00000,0.00000,0.000000,4
5.102000,10.00000,0.00000,0.244979,5
5.102000,11.00000,0.25000,0.244979,6
5.102000,12.00000,0.50000,0.244979,7
5.102000,13.00000,0.75000,0.244979,8
5.102000,14.00000,1.00000,0.463648,9
5.102000,15.00000,1.50000,0.463648,10
5.102000,16.00000,2.00000,0.000000,11
5.102000,17.00000,2.00000,0.000000,12
5.102000,18.00000,2.00000,0.000000,13
5.102000,19.00000,2.00000,-0.244979,14
5.102000,20.00000,1.75000,-0.463648,15
5.102000,21.00000,1.25000,-0.463648,16
5.102000,22.00000,0.75000,-0.463648,17
5.102000,23.00000,0.25000,-0.244979,18
5.102000,24.00000,0.00000,-0.244979,19
5.102000,25.00000,-0.25000,-0.463648,20
5.102000,26.00000,-0.75000,-0.463648,21
5.102000,27.00000,-1.25000,-0.244979,22
5.102000,28.00000,-1.50000,0.000000,23
5.102000,29.00000,-1.50000,0.000000,24
5.102000,30.00000,-1.50000,0.000000,25
5.102000,31.00000,-1.50000,0.244979,26
5.102000,32.00000,-1.25000,0.244979,27
5.102000,33.00000,-1.00000,0.000000,28
5.102000,34.00000,-1.00000,0.000000,29
5.102000,35.00000,-1.00000,0.000000,30
5.200000,5.32537,-0.47459,0.383980,0
5.200000,6.50000,0.00000,0.000000,1
5.200000,7.50000,0.00000,0.000000,2
5.200000,8.50000,0.00000,0.000000,3
5.200000,9.50000,0.00000,0.000000,4
5.200000,10.50000,0.00000,0.244979,5
5.200000,11.50000,0.25000,0.244979,6
5.200000,12.50000,0.50000,0.244979,7
5.200000,13.50000,0.75000,0.244979,8
5.200000,14.50000,1.00000,0.463648,9
5.200000,15.50000,1.50000,0.463648,10
5.200000,16.50000,2.00000,0.000000,11
5.200000,17.50000,2.00000,0.000000,12
5.200000,18.50000,2.00000,-0.244979,13
5.200000,19.50000,1.75000,-0.244979,14
5.200000,20.50000,1.50000,-0.463648,15
5.200000,21.50000,1.00000,-0.463648,16
5.200000,22.50000,0.50000,-0.463648,17
5.200000,23.50000,0.00000,-0.244979,18
5.200000,24.50000,-0.25000,-0.463648,19
5.200000,25.50000,-0.75000,-0.463648,20
5.200000,26.50000,-1.25000,-0.244979,21
5.200000,27.50000,-1.50000,0.000000,22
5.200000,28.50000,-1.50000,0.000000,23
5.200000,29.50000,-1.50000,0.000000,24
5.200000,30.50000,-1.50000,0.244979,25
5.200000,31.50000,-1.25000,0.244979,26
5.200000,32.50000,-1.00000,0.244979,27
5.200000,33.50000,-0.75000,0.000000,28
5.200000,34.50000,-0.75000,0.000000,29
5.200000,35.50000,-0.75000,0.000000,30
5.300000,5.47602,-0.60595,0.334548,0
5.300000,6.50000,-0.25000,0.244979,1
5.300000,7.50000,0.00000,0.000000,2
5.300000,8.50000,0.00000,0.000000,3
5.300000,9.50000,0.00000,0.000000,4
5.300000,10.50000,0.00000,0.244979,5
5.300000,11.50000,0.25000,0.244979,6
5.300000,12.50000,0.50000,0.244979,7
5.300000,13.50000,0.75000,0.244979,8
5.300000,14.50000,1.00000,0.463648,9
5.300000,15.50000,1.50000,0.463648,10
5.300000,16.50000,2.00000,0.000000,11
5.300000,17.50000,2.00000,0.000000,12
5.300000,18.50000,2.00000,-0.244979,13
5.300000,19.50000,1.75000,-0.244979,14
5.300000,20.50000,1.50000,-0.463648,15
5.300000,21.50000,1.00000,-0.463648,16
5.300000,22.50000,0.50000,-0.463648,17
5.300000,23.50000,0.00000,-0.244979,18
5.300000,24.50000,-0.25000,-0.463648,19
5.300000,25.50000,-0.75000,-0.463648,20
5.300000,26.50000,-1.25000,-0.244979,21
5.300000,27.50000,-1.50000,0.000000,22
5.300000,28.50000,-1.50000,0.000000,23
5.300000,29.50000,-1.50000,0.000000,24
5.300000,30.50000,-1.50000,0.244979,25
5.300000,31.50000,-1.25000,0.244979,26
5.300000,32.50000,-1.00000,0.244979,27
5.300000,33.50000,-0.75000,0.000000,28
5.300000,34.50000,-0.75000,0.000000,29
5.300000,35.50000,-0.75000,0.000000,30
5.400000,5.60168,-0.70392,0.467874,0
5.400000,6.50000,-0.25000,0.244979,1
5.400000,7.50000,0.00000,0.000000,2
5.400000,8.50000,0.00000,0.000000,3
5.400000,9.50000,0.00000,0.000000,4
5.400000,10.50000,0.00000,0.244979,5
5.400000,11.50000,0.25000,0.244979,6
5.400000,12.50000,0.50000,0.244979,7
5.400000,13.50000,0.75000,0.244979,8
5.400000,14.50000,1.00000,0.463648,9
5.400000,15.50000,1.50000,0.463648,10
5.400000,16.50000,2.00000,0.000000,11
5.400000,17.50000,2.00000,0.000000,12
5.400000,18.50000,2.00000,-0.244979,13
5.400000,19.50000,1.75000,-0.244979,14
5.400000,20.50000,1.50000,-0.463648,15
5.400000,21.50000,1.00000,-0.244979,16
5.400000,22.50000,0.75000,-0.244979,17
5.400000,23.50000,0.50000,-0.244979,18
5.400000,24.50000,0.25000,0.000000,19
5.400000,25.50000,0.25000,0.000000,20
5.400000,26.50000,0.25000,0.000000,21
5.400000,27.50000,0.25000,0.000000,22
5.400000,28.50000,0.25000,0.000000,23
5.400000,29.50000,0.25000,0.000000,24
5.400000,30.50000,0.25000,0.000000,25
5.400000,31.50000,0.25000,0.000000,26
5.400000,32.50000,0.25000,0.000000,27
5.400000,33.50000,0.25000,0.000000,28
5.400000,34.50000,0.25000,0.000000,29
5.400000,35.50000,0.25000,0.000000,30
5.500000,5.72650,-0.84119,0.415429,0
5.500000,6.50000,-0.50000,0.244979,1
5.500000,7.50000,-0.25000,0.244979,2
5.500000,8.50000,0.00000,0.000000,3
5.500000,9.50000,0.00000,0.000000,4
5.500000,10.50000,0.00000,0.244979,5
5.500000,11.50000,0.25000,0.244979,6
5.500000,12.50000,0.50000,0.244979,7
5.500000,13.50000,0.75000,0.244979,8
5.500000,14.50000,1.00000,0.463648,9
5.500000,15.50000,1.50000,0.463648,10
5.500000,16.50000,2.00000,0.000000,11
5.500000,17.50000,2.00000,0.000000,12
5.500000,18.50000,2.00000,-0.244979,13
5.500000,19.50000,1.75000,-0.244979,14
5.500000,20.50000,1.50000,-0.463648,15
5.500000,21.50000,1.00000,-0.244979,16
5.500000,22.50000,0.75000,-0.244979,17
5.500000,23.50000,0.50000,-0.244979,18
5.500000,24.50000,0.25000,0.000000,19
5.500000,25.50000,0.25000,0.000000,20
5.500000,26.50000,0.25000,0.000000,21
5.500000,27.50000,0.25000,0.000000,22
5.500000,28.50000,0.25000,0.000000,23
5.500000,29.50000,0.25000,0.000000,24
5.500000,30.50000,0.25000,0.000000,25
5.500000,31.50000,0.25000,0.000000,26
5.500000,32.50000,0.25000,0.000000,27
5.500000,33.50000,0.25000,0.000000,28
5.500000,34.50000,0.25000,0.000000,29
5.500000,35.50000,0.25000,0.000000,30
5.600000,5.85674,-0.99252,0.406775,0
5.600000,7.00000,-0.50000,0.244979,1
5.600000,8.00000,-0.25000,0.244979,2
5.600000,9.00000,0.00000,0.000000,3
5.600000,10.00000,0.00000,0.244979,4
5.600000,11.00000,0.25000,0.244979,5
5.600000,12.00000,0.50000,0.244979,6
5.600000,13.00000,0.75000,0.244979,7
5.600000,14.00000,1.00000,0.463648,8
5.600000,15.00000,1.50000,0.463648,9
5.600000,16.00000,2.00000,0.000000,10
5.600000,17.00000,2.00000,0.000000,11
5.600000,18.00000,2.00000,0.000000,12
5.600000,19.00000,2.00000,-0.244979,13
5.600000,20.00000,1.75000,-0.244979,14
5.600000,21.00000,1.50000,-0.463648,15
5.600000,22.00000,1.00000,-0.244979,16
5.600000,23.00000,0.75000,-0.244979,17
5.600000,24.00000,0.50000,-0.244979,18
5.600000,25.00000,0.25000,0.000000,19
5.600000,26.00000,0.25000,0.000000,20
5.600000,27.00000,0.25000,0.000000,21
5.600000,28.00000,0.25000,0.000000,22
5.600000,29.00000,0.25000,0.000000,23
5.600000,30.00000,0.25000,0.000000,24
5.600000,31.00000,0.25000,0.000000,25
5.600000,32.00000,0.25000,0.000000,26
5.600000,33.00000,0.25000,0.000000,27
5.600000,34.00000,0.25000,0.000000,28
5.600000,35.00000,0.25000,0.000000,29
5.600000,36.00000,0.25000,0.000000,30
5.700000,5.96612,-1.10395,0.528688,0
5.700000,7.00000,-0.50000,0.244979,1
5.700000,8.00000,-0.25000,0.244979,2
5.700000,9.00000,0.00000,0.000000,3
5.700000,10.00000,0.00000,0.244979,4
5.700000,11.00000,0.25000,0.244979,5
5.700000,12.00000,0.50000,0.244979,6
5.700000,13.00000,0.75000,0.244979,7
5.700000,14.00000,1.00000,0.463648,8
5.700000,15.00000,1.50000,0.463648,9
5.700000,16.00000,2.00000,0.000000,10
5.700000,17.00000,2.00000,0.000000,11
5.700000,18.00000,2.00000,0.000000,12
5.700000,19.00000,2.00000,-0.244979,13
5.700000,20.00000,1.75000,-0.244979,14
5.700000,21.00000,1.50000,-0.463648,15
5.700000,22.00000,1.00000,-0.244979,16
5.700000,23.00000,0.75000,-0.244979,17
5.700000,24.00000,0.50000,-0.244979,18
5.700000,25.00000,0.25000,0.000000,19
5.700000,26.00000,0.25000,0.000000,20
5.700000,27.00000,0.25000,0.000000,21
5.700000,28.00000,0.25000,0.000000,22
5.700000,29.00000,0.25000,0.000000,23
5.700000,30.00000,0.25000,0.000000,24
5.700000,31.00000,0.25000,0.000000,25
5.700000,32.00000,0.25000,0.000000,26
5.700000,33.00000,0.25000,0.000000,27
5.700000,34.00000,0.25000,0.000000,28
5.700000,35.00000,0.25000,0.000000,29
5.700000,36.00000,0.25000,0.000000,30
5.800000,6.01832,-1.22287,0.448892,0
5.800000,7.00000,-0.75000,0.244979,1
5.800000,8.00000,-0.50000,0.244979,2
5.800000,9.00000,-0.25000,0.244979,3
5.800000,10.00000,0.00000,0.244979,4
5.800000,11.00000,0.25000,0.244979,5
5.800000,12.00000,0.50000,0.244979,6
5.800000,13.00000,0.75000,0.244979,7
5.800000,14.00000,1.00000,0.463648,8
5.800000,15.00000,1.50000,0.463648,9
5.800000,16.00000,2.00000,0.000000,10
5.800000,17.00000,2.00000,0.000000,11
5.800000,18.00000,2.00000,0.000000,12
5.800000,19.00000,2.00000,-0.244979,13
5.800000,20.00000,1.75000,-0.244979,14
5.800000,21.00000,1.50000,-0.463648,15
5.800000,22.00000,1.00000,-0.244979,16
5.800000,23.00000,0.75000,-0.244979,17
5.800000,24.00000,0.50000,-0.244979,18
5.800000,25.00000,0.25000,0.000000,19
5.800000,26.00000,0.25000,0.000000,20
5.800000,27.00000,0.25000,0.000000,21
5.800000,28.00000,0.25000,0.000000,22
5.800000,29.00000,0.25000,0.000000,23
5.800000,30.00000,0.25000,0.000000,24
5.800000,31.00000,0.25000,0.000000,25
5.800000,32.00000,0.25000,0.000000,26
5.800000,33.00000,0.25000,0.000000,27
5.800000,34.00000,0.25000,0.000000,28
5.800000,35.00000,0.25000,0.000000,29
5.800000,36.00000,0.25000,0.000000,30
5.900000,6.09638,-1.37025,0.601544,0
5.900000,7.00000,-0.75000,0.244979,1
5.900000,8.00000,-0.50000,0.244979,2
5.900000,9.00000,-0.25000,0.244979,3
5.900000,10.00000,0.00000,0.244979,4
5.900000,11.00000,0.25000,0.244979,5
5.900000,12.00000,0.50000,0.244979,6
5.900000,13.00000,0.75000,0.244979,7
5.900000,14.00000,1.00000,0.463648,8
5.900000,15.00000,1.50000,0.463648,9
5.900000,16.00000,2.00000,0.000000,10
5.900000,17.00000,2.00000,0.000000,11
5.900000,18.00000,2.00000,-0.244979,12
5.900000,19.00000,1.75000,-0.244979,13
5.900000,20.00000,1.50000,-0.244979,14
5.900000,21.00000,1.25000,-0.463648,15
5.900000,22.00000,0.75000,-0.244979,16
5.900000,23.00000,0.50000,-0.244979,17
5.900000,24.00000,0.25000,0.000000,18
5.900000,25.00000,0.25000,0.000000,19
5.900000,26.00000,0.25000,0.000000,20
5.900000,27.00000,0.25000,0.000000,21
5.900000,28.00000,0.25000,0.000000,22
5.900000,29.00000,0.25000,0.000000,23
5.900000,30.00000,0.25000,0.000000,24
5.900000,31.00000,0.25000,0.000000,25
5.900000,32.00000,0.25000,0.000000,26
5.900000,33.00000,0.25000,0.000000,27
5.900000,34.00000,0.25000,0.000000,28
5.900000,35.00000,0.25000,0.000000,29
5.900000,36.00000,0.25000,0.000000,30
6.000000,6.20698,-1.47168,0.738333,0
6.000000,7.00000,-0.75000,0.244979,1
6.000000,8.00000,-0.50000,0.244979,2
6.000000,9.00000,-0.25000,0.244979,3
6.000000,10.00000,0.00000,0.244979,4
6.000000,11.00000,0.25000,0.244979,5
6.000000,12.00000,0.50000,0.244979,6
6.000000,13.00000,0.75000,0.244979,7
6.000000,14.00000,1.00000,0.463648,8
6.000000,15.00000,1.50000,0.463648,9
6.000000,16.00000,2.00000,0.000000,10
6.000000,17.00000,2.00000,0.000000,11
6.000000,18.00000,2.00000,-0.244979,12
6.000000,19.00000,1.75000,-0.244979,13
6.000000,20.00000,1.50000,-0.244979,14
6.000000,21.00000,1.25000,-0.463648,15
6.000000,22.00000,0.75000,-0.244979,16
6.000000,23.00000,0.50000,-0.244979,17
6.000000,24.00000,0.25000,0.000000,18
6.000000,25.00000,0.25000,0.000000,19
6.000000,26.00000,0.25000,0.000000,20
6.000000,27.00000,0.25000,0.000000,21
6.000000,28.00000,0.25000,0.000000,22
6.000000,29.00000,0.25000,0.000000,23
6.000000,30.00000,0.25000,0.000000,24
6.000000,31.00000,0.25000,0.000000,25
6.000000,32.00000,0.25000,0.000000,26
6.000000,33.00000,0.25000,0.000000,27
6.000000,34.00000,0.25000,0.000000,28
6.000000,35.00000,0.25000,0.000000,29
6.000000,36.00000,0.25000,0.000000,30
6.100000,6.25384,-1.56591,0.579701,0
6.100000,7.50000,-0.75000,0.244979,1
6.100000,8.50000,-0.50000,0.244979,2
6.100000,9.50000,-0.25000,0.244979,3
6.100000,10.50000,0.00000,0.244979,4
6.100000,11.50000,0.25000,0.244979,5
6.100000,12.50000,0.50000,0.244979,6
6.100000,13.50000,0.75000,0.244979,7
6.100000,14.50000,1.00000,0.463648,8
6.100000,15.50000,1.50000,0.463648,9
6.100000,16.50000,2.00000,0.000000,10
6.100000,17.50000,2.00000,0.000000,11
6.100000,18.50000,2.00000,-0.244979,12
6.100000,19.50000,1.75000,-0.244979,13
6.100000,20.50000,1.50000,-0.463648,14
6.100000,21.50000,1.00000,-0.244979,15
6.100000,22.50000,0.75000,-0.244979,16
6.100000,23.50000,0.50000,-0.244979,17
6.100000,24.50000,0.25000,0.000000,18
6.100000,25.50000,0.25000,0.000000,19
6.100000,26.50000,0.25000,0.000000,20
6.100000,27.50000,0.25000,0.000000,21
6.100000,28.50000,0.25000,0.000000,22
6.100000,29.50000,0.25000,0.000000,23
6.100000,30.50000,0.25000,0.000000,24
6.100000,31.50000,0.25000,0.000000,25
6.100000,32.50000,0.25000,0.000000,26
6.100000,33.50000,0.25000,0.000000,27
6.100000,34.50000,0.25000,0.000000,28
6.100000,35.50000,0.25000,0.000000,29
6.100000,36.50000,0.25000,0.000000,30
6.200000,6.33106,-1.64744,0.505811,0
6.200000,7.50000,-1.00000,0.244979,1
6.200000,8.50000,-0.75000,0.244979,2
6.200000,9.50000,-0.50000,0.244979,3
6.200000,10.50000,-0.25000,0.244979,4
6.200000,11.50000,0.00000,0.244979,5
6.200000,12.50000,0.25000,0.244979,6
6.200000,13.50000,0.50000,0.463648,7
6.200000,14.50000,1.00000,0.463648,8
6.200000,15.50000,1.50000,0.463648,9
6.200000,16.50000,2.00000,0.000000,10
6.200000,17.50000,2.00000,0.000000,11
6.200000,18.50000,2.00000,-0.244979,12
6.200000,19.50000,1.75000,-0.244979,13
6.200000,20.50000,1.50000,-0.463648,14
6.200000,21.50000,1.00000,-0.244979,15
6.200000,22.50000,0.75000,-0.244979,16
6.200000,23.50000,0.50000,-0.244979,17
6.200000,24.50000,0.25000,0.000000,18
6.200000,25.50000,0.25000,0.000000,19
6.200000,26.50000,0.25000,0.000000,20
6.200000,27.50000,0.25000,0.000000,21
6.200000,28.50000,0.25000,0.000000,22
6.200000,29.50000,0.25000,0.000000,23
6.200000,30.50000,0.25000,0.000000,24
6.200000,31.50000,0.25000,0.000000,25
6.200000,32.50000,0.25000,0.000000,26
6.200000,33.50000,0.25000,0.000000,27
6.200000,34.50000,0.25000,0.000000,28
6.200000,35.50000,0.25000,0.000000,29
6.200000,36.50000,0.25000,0.000000,30
6.300000,6.39595,-1.69095,0.559197,0
6.300000,7.50000,-1.00000,0.244979,1
6.300000,8.50000,-0.75000,0.244979,2
6.300000,9.50000,-0.50000,0.244979,3
6.300000,10.50000,-0.25000,0.244979,4
6.300000,11.50000,0.00000,0.244979,5
6.300000,12.50000,0.25000,0.244979,6
6.300000,13.50000,0.50000,0.463648,7
6.300000,14.50000,1.00000,0.463648,8
6.300000,15.50000,1.50000,0.463648,9
6.300000,16.50000,2.00000,0.000000,10
6.300000,17.50000,2.00000,0.000000,11
6.300000,18.50000,2.00000,-0.244979,12
6.300000,19.50000,1.75000,-0.244979,13
6.300000,20.50000,1.50000,-0.463648,14
6.300000,21.50000,1.00000,-0.244979,15
6.300000,22.50000,0.75000,-0.244979,16
6.300000,23.50000,0.50000,-0.244979,17
6.300000,24.50000,0.25000,0.000000,18
6.300000,25.50000,0.25000,0.000000,19
6.300000,26.50000,0.25000,0.000000,20
6.300000,27.50000,0.25000,0.000000,21
6.300000,28.50000,0.25000,0.000000,22
6.300000,29.50000,0.25000,0.000000,23
6.300000,30.50000,0.25000,0.000000,24
6.300000,31.50000,0.25000,0.000000,25
6.300000,32.50000,0.25000,0.000000,26
6.300000,33.50000,0.25000,0.000000,27
6.300000,34.50000,0.25000,0.000000,28
6.300000,35.50000,0.25000,0.000000,29
6.300000,36.50000,0.25000,0.000000,30
6.400000,6.48097,-1.71789,0.613731,0
6.400000,7.50000,-1.00000,0.244979,1
6.400000,8.50000,-0.75000,0.244979,2
6.400000,9.50000,-0.50000,0.244979,3
6.400000,10.50000,-0.25000,0.244979,4
6.400000,11.50000,0.00000,0.244979,5
6.400000,12.50000,0.25000,0.244979,6
6.400000,13.50000,0.50000,0.463648,7
6.400000,14.50000,1.00000,0.463648,8
6.400000,15.50000,1.50000,0.463648,9
6.400000,16.50000,2.00000,0.000000,10
6.400000,17.50000,2.00000,0.000000,11
6.400000,18.50000,2.00000,-0.244979,12
6.400000,19.50000,1.75000,-0.244979,13
6.400000,20.50000,1.50000,-0.463648,14
6.400000,21.50000,1.00000,-0.244979,15
6.400000,22.50000,0.75000,-0.244979,16
6.400000,23.50000,0.50000,-0.244979,17
6.400000,24.50000,0.25000,0.000000,18
6.400000,25.50000,0.25000,0.000000,19
6.400000,26.50000,0.25000,0.000000,20
6.400000,27.50000,0.25000,0.000000,21
6.400000,28.50000,0.25000,0.000000,22
6.400000,29.50000,0.25000,0.000000,23
6.400000,30.50000,0.25000,0.000000,24
6.400000,31.50000,0.25000,0.000000,25
6.400000,32.50000,0.25000,0.000000,26
6.400000,33.50000,0.25000,0.000000,27
6.400000,34.50000,0.25000,0.000000,28
6.400000,35.50000,0.25000,0.000000,29
6.400000,36.50000,0.25000,0.000000,30
6.500000,6.53353,-1.77502,0.675907,0
6.500000,7.50000,-1.00000,0.244979,1
6.500000,8.50000,-0.75000,0.244979,2
6.500000,9.50000,-0.50000,0.244979,3
6.500000,10.50000,-0.25000,0.244979,4
6.500000,11.50000,0.00000,0.244979,5
6.500000,12.50000,0.25000,0.244979,6
6.500000,13.50000,0.50000,0.463648,7
6.500000,14.50000,1.00000,0.463648,8
6.500000,15.50000,1.50000,0.463648,9
6.500000,16.50000,2.00000,0.000000,10
6.500000,17.50000,2.00000,0.000000,11
6.500000,18.50000,2.00000,-0.244979,12
6.500000,19.50000,1.75000,-0.244979,13
6.500000,20.50000,1.50000,-0.463648,14
6.500000,21.50000,1.00000,-0.244979,15
6.500000,22.50000,0.75000,-0.244979,16
6.500000,23.50000,0.50000,-0.244979,17
6.500000,24.50000,0.25000,0.000000,18
6.500000,25.50000,0.25000,0.000000,19
6.500000,26.50000,0.25000,0.000000,20
6.500000,27.50000,0.25000,0.000000,21
6.500000,28.50000,0.25000,0.000000,22
6.500000,29.50000,0.25000,0.000000,23
6.500000,30.50000,0.25000,0.000000,24
6.500000,31.50000,0.25000,0.000000,25
6.500000,32.50000,0.25000,0.000000,26
6.500000,33.50000,0.25000,0.000000,27
6.500000,34.50000,0.25000,0.000000,28
6.500000,35.50000,0.25000,0.000000,29
6.500000,36.50000,0.25000,0.000000,30
6.600000,6.58138,-1.79713,0.714708,0
6.600000,7.50000,-1.00000,0.244979,1
6.600000,8.50000,-0.75000,0.244979,2
6.600000,9.50000,-0.50000,0.244979,3
6.600000,10.50000,-0.25000,0.244979,4
6.600000,11.50000,0.00000,0.244979,5
6.600000,12.50000,0.25000,0.244979,6
6.600000,13.50000,0.50000,0.463648,7
6.600000,14.50000,1.00000,0.463648,8
6.600000,15.50000,1.50000,0.463648,9
6.600000,16.50000,2.00000,0.000000,10
6.600000,17.50000,2.00000,0.000000,11
6.600000,18.50000,2.00000,-0.244979,12
6.600000,19.50000,1.75000,-0.244979,13
6.600000,20.50000,1.50000,-0.463648,14
6.600000,21.50000,1.00000,-0.244979,15
6.600000,22.50000,0.75000,-0.244979,16
6.600000,23.50000,0.50000,-0.244979,17
6.600000,24.50000,0.25000,0.000000,18
6.600000,25.50000,0.25000,0.000000,19
6.600000,26.50000,0.25000,0.000000,20
6.600000,27.50000,0.25000,0.000000,21
6.600000,28.50000,0.25000,0.000000,22
6.600000,29.50000,0.25000,0.000000,23
6.600000,30.50000,0.25000,0.000000,24
6.600000,31.50000,0.25000,0.000000,25
6.600000,32.50000,0.25000,0.000000,26
6.600000,33.50000,0.25000,0.000000,27
6.600000,34.50000,0.25000,0.000000,28
6.600000,35.50000,0.25000,0.000000,29
6.600000,36.50000,0.25000,0.000000,30
6.700000,6.59903,-1.80405,0.728617,0
6.700000,7.50000,-1.00000,0.244979,1
6.700000,8.50000,-0.75000,0.244979,2
6.700000,9.50000,-0.50000,0.244979,3
6.700000,10.50000,-0.25000,0.244979,4
6.700000,11.50000,0.00000,0.244979,5
6.700000,12.50000,0.25000,0.244979,6
6.700000,13.50000,0.50000,0.463648,7
6.700000,14.50000,1.00000,0.463648,8
6.700000,15.50000,1.50000,0.463648,9
6.700000,16.50000,2.00000,0.000000,10
6.700000,17.50000,2.00000,0.000000,11
6.700000,18.50000,2.00000,-0.244979,12
6.700000,19.50000,1.75000,-0.244979,13
6.700000,20.50000,1.50000,-0.463648,14
6.700000,21.50000,1.00000,-0.244979,15
6.700000,22.50000,0.75000,-0.244979,16
6.700000,23.50000,0.50000,-0.244979,17
6.700000,24.50000,0.25000,0.000000,18
6.700000,25.50000,0.25000,0.000000,19
6.700000,26.50000,0.25000,0.000000,20
6.700000,27.50000,0.25000,0.000000,21
6.700000,28.50000,0.25000,0.000000,22
6.700000,29.50000,0.25000,0.000000,23
6.700000,30.50000,0.25000,0.000000,24
6.700000,31.50000,0.25000,0.000000,25
6.700000,32.50000,0.25000,0.000000,26
6.700000,33.50000,0.25000,0.000000,27
6.700000,34.50000,0.25000,0.000000,28
6.700000,35.50000,0.25000,0.000000,29
6.700000,36.50000,0.25000,0.000000,30
6.800000,6.56183,-1.81995,0.718253,0
6.800000,7.50000,-1.00000,0.244979,1
6.800000,8.50000,-0.75000,0.244979,2
6.800000,9.50000,-0.50000,0.244979,3
6.800000,10.50000,-0.25000,0.244979,4
6.800000,11.50000,0.00000,0.244979,5
6.800000,12.50000,0.25000,0.244979,6
6.800000,13.50000,0.50000,0.463648,7
6.800000,14.50000,1.00000,0.463648,8
6.800000,15.50000,1.50000,0.463648,9
6.800000,16.50000,2.00000,0.000000,10
6.800000,17.50000,2.00000,0.000000,11
6.800000,18.50000,2.00000,-0.244979,12
6.800000,19.50000,1.75000,-0.244979,13
6.800000,20.50000,1.50000,-0.463648,14
6.800000,21.50000,1.00000,-0.244979,15
6.800000,22.50000,0.75000,-0.244979,16
6.800000,23.50000,0.50000,-0.244979,17
6.800000,24.50000,0.25000,0.000000,18
6.800000,25.50000,0.25000,0.000000,19
6.800000,26.50000,0.25000,0.000000,20
6.800000,27.50000,0.25000,0.000000,21
6.800000,28.50000,0.25000,0.000000,22
6.800000,29.50000,0.25000,0.000000,23
6.800000,30.50000,0.25000,0.000000,24
6.800000,31.50000,0.25000,0.000000,25
6.800000,32.50000,0.25000,0.000000,26
6.800000,33.50000,0.25000,0.000000,27
6.800000,34.50000,0.25000,0.000000,28
6.800000,35.50000,0.25000,0.000000,29
6.800000,36.50000,0.25000,0.000000,30
6.900000,6.61769,-1.83904,0.760265,0
6.900000,7.50000,-1.00000,0.244979,1
6.900000,8.50000,-0.75000,0.244979,2
6.900000,9.50000,-0.50000,0.244979,3
6.900000,10.50000,-0.25000,0.244979,4
6.900000,11.50000,0.00000,0.244979,5
6.900000,12.50000,0.25000,0.244979,6
6.900000,13.50000,0.50000,0.463648,7
6.900000,14.50000,1.00000,0.463648,8
6.900000,15.50000,1.50000,0.463648,9
6.900000,16.50000,2.00000,0.000000,10
6.900000,17.50000,2.00000,0.000000,11
6.900000,18.50000,2.00000,-0.244979,12
6.900000,19.50000,1.75000,-0.244979,13
6.900000,20.50000,1.50000,-0.463648,14
6.900000,21.50000,1.00000,-0.244979,15
6.900000,22.50000,0.75000,-0.244979,16
6.900000,23.50000,0.50000,-0.244979,17
6.900000,24.50000,0.25000,0.000000,18
6.900000,25.50000,0.25000,0.000000,19
6.900000,26.50000,0.25000,0.000000,20
6.900000,27.50000,0.25000,0.000000,21
6.900000,28.50000,0.25000,0.000000,22
6.900000,29.50000,0.25000,0.000000,23
6.900000,30.50000,0.25000,0.000000,24
6.900000,31.50000,0.25000,0.000000,25
6.900000,32.50000,0.25000,0.000000,26
6.900000,33.50000,0.25000,0.000000,27
6.900000,34.50000,0.25000,0.000000,28
6.900000,35.50000,0.25000,0.000000,29
6.900000,36.50000,0.25000,0.000000,30
7.000000,6.60014,-1.82060,0.739362,0
7.000000,7.50000,-1.00000,0.244979,1
7.000000,8.50000,-0.75000,0.244979,2
7.000000,9.50000,-0.50000,0.244979,3
7.000000,10.50000,-0.25000,0.244979,4
7.000000,11.50000,0.00000,0.244979,5
7.000000,12.50000,0.25000,0.244979,6
7.000000,13.50000,0.50000,0.463648,7
7.000000,14.50000,1.00000,0.463648,8
7.000000,15.50000,1.50000,0.463648,9
7.000000,16.50000,2.00000,0.000000,10
7.000000,17.50000,2.00000,0.000000,11
7.000000,18.50000,2.00000,-0.244979,12
7.000000,19.50000,1.75000,-0.244979,13
7.000000,20.50000,1.50000,-0.463648,14
7.000000,21.50000,1.00000,-0.244979,15
7.000000,22.50000,0.75000,-0.244979,16
7.000000,23.50000,0.50000,-0.244979,17
7.000000,24.50000,0.25000,0.000000,18
7.000000,25.50000,0.25000,0.000000,19
7.000000,26.50000,0.25000,0.000000,20
7.000000,27.50000,0.25000,0.000000,21
7.000000,28.50000,0.25000,0.000000,22
7.000000,29.50000,0.25000,0.000000,23
7.000000,30.50000,0.25000,0.000000,24
7.000000,31.50000,0.25000,0.000000,25
7.000000,32.50000,0.25000,0.000000,26
7.000000,33.50000,0.25000,0.000000,27
7.000000,34.50000,0.25000,0.000000,28
7.000000,35.50000,0.25000,0.000000,29
7.000000,36.50000,0.25000,0.000000,30
7.100000,6.58905,-1.76262,0.697001,0
7.100000,7.50000,-1.00000,0.244979,1
7.100000,8.50000,-0.75000,0.244979,2
7.100000,9.50000,-0.50000,0.244979,3
7.100000,10.50000,-0.25000,0.244979,4
7.100000,11.50000,0.00000,0.244979,5
7.100000,12.50000,0.25000,0.244979,6
7.100000,13.50000,0.50000,0.463648,7
7.100000,14.50000,1.00000,0.463648,8
7.100000,15.50000,1.50000,0.463648,9
7.100000,16.50000,2.00000,0.000000,10
7.100000,17.50000,2.00000,0.000000,11
7.100000,18.50000,2.00000,-0.244979,12
7.100000,19.50000,1.75000,-0.244979,13
7.100000,20.50000,1.50000,-0.463648,14
7.100000,21.50000,1.00000,-0.244979,15
7.100000,22.50000,0.75000,-0.244979,16
7.100000,23.50000,0.50000,-0.244979,17
7.100000,24.50000,0.25000,0.000000,18
7.100000,25.50000,0.25000,0.000000,19
7.100000,26.50000,0.25000,0.000000,20
7.100000,27.50000,0.25000,0.000000,21
7.100000,28.50000,0.25000,0.000000,22
7.100000,29.50000,0.25000,0.000000,23
7.100000,30.50000,0.25000,0.000000,24
7.100000,31.50000,0.25000,0.000000,25
7.100000,32.50000,0.25000,0.000000,26
7.100000,33.50000,0.25000,0.000000,27
7.100000,34.50000,0.25000,0.000000,28
7.100000,35.50000,0.25000,0.000000,29
7.100000,36.50000,0.25000,0.000000,30
7.200000,6.56932,-1.76633,0.688852,0
7.200000,7.50000,-1.00000,0.244979,1
7.200000,8.50000,-0.75000,0.244979,2
7.200000,9.50000,-0.50000,0.244979,3
7.200000,10.50000,-0.25000,0.244979,4
7.200000,11.50000,0.00000,0.244979,5
7.200000,12.50000,0.25000,0.244979,6
7.200000,13.50000,0.50000,0.463648,7
7.200000,14.50000,1.00000,0.463648,8
7.200000,15.50000,1.50000,0.463648,9
7.200000,16.50000,2.00000,0.000000,10
7.200000,17.50000,2.00000,0.000000,11
7.200000,18.50000,2.00000,-0.244979,12
7.200000,19.50000,1.75000,-0.244979,13
7.200000,20.50000,1.50000,-0.463648,14
7.200000,21.50000,1.00000,-0.244979,15
7.200000,22.50000,0.75000,-0.244979,16
7.200000,23.50000,0.50000,-0.244979,17
7.200000,24.50000,0.25000,0.000000,18
7.200000,25.50000,0.25000,0.000000,19
7.200000,26.50000,0.25000,0.000000,20
7.200000,27.50000,0.25000,0.000000,21
7.200000,28.50000,0.25000,0.000000,22
7.200000,29.50000,0.25000,0.000000,23
7.200000,30.50000,0.25000,0.000000,24
7.200000,31.50000,0.25000,0.000000,25
7.200000,32.50000,0.25000,0.000000,26
7.200000,33.50000,0.25000,0.000000,27
7.200000,34.50000,0.25000,0.000000,28
7.200000,35.50000,0.25000,0.000000,29
7.200000,36.50000,0.25000,0.000000,30
7.300000,6.58045,-1.75159,0.685225,0
7.300000,7.50000,-1.00000,0.244979,1
7.300000,8.50000,-0.75000,0.244979,2
7.300000,9.50000,-0.50000,0.244979,3
7.300000,10.50000,-0.25000,0.244979,4
7.300000,11.50000,0.00000,0.244979,5
7.300000,12.50000,0.25000,0.244979,6
7.300000,13.50000,0.50000,0.463648,7
7.300000,14.50000,1.00000,0.463648,8
7.300000,15.50000,1.50000,0.463648,9
7.300000,16.50000,2.00000,0.000000,10
7.300000,17.50000,2.00000,0.000000,11
7.300000,18.50000,2.00000,-0.244979,12
7.300000,19.50000,1.75000,-0.244979,13
7.300000,20.50000,1.50000,-0.463648,14
7.300000,21.50000,1.00000,-0.244979,15
7.300000,22.50000,0.75000,-0.244979,16
7.300000,23.50000,0.50000,-0.244979,17
7.300000,24.50000,0.25000,0.000000,18
7.300000,25.50000,0.25000,0.000000,19
7.300000,26.50000,0.25000,0.000000,20
7.300000,27.50000,0.25000,0.000000,21
7.300000,28.50000,0.25000,0.000000,22
7.300000,29.50000,0.25000,0.000000,23
7.300000,30.50000,0.25000,0.000000,24
7.300000,31.50000,0.25000,0.000000,25
7.300000,32.50000,0.25000,0.000000,26
7.300000,33.50000,0.25000,0.000000,27
7.300000,34.50000,0.25000,0.000000,28
7.300000,35.50000,0.25000,0.000000,29
7.300000,36.50000,0.25000,0.000000,30
7.400000,6.53074,-1.73485,0.648703,0
7.400000,7.50000,-1.00000,0.244979,1
7.400000,8.50000,-0.75000,0.244979,2
7.400000,9.50000,-0.50000,0.244979,3
7.400000,10.50000,-0.25000,0.244979,4
7.400000,11.50000,0.00000,0.244979,5
7.400000,12.50000,0.25000,0.244979,6
7.400000,13.50000,0.50000,0.463648,7
7.400000,14.50000,1.00000,0.463648,8
7.400000,15.50000,1.50000,0.463648,9
7.400000,16.50000,2.00000,0.000000,10
7.400000,17.50000,2.00000,0.000000,11
7.400000,18.50000,2.00000,-0.244979,12
7.400000,19.50000,1.75000,-0.244979,13
7.400000,20.50000,1.50000,-0.463648,14
7.400000,21.50000,1.00000,-0.244979,15
7.400000,22.50000,0.75000,-0.244979,16
7.400000,23.50000,0.50000,-0.244979,17
7.400000,24.50000,0.25000,0.000000,18
7.400000,25.50000,0.25000,0.000000,19
7.400000,26.50000,0.25000,0.000000,20
7.400000,27.50000,0.25000,0.000000,21
7.400000,28.50000,0.25000,0.000000,22
7.400000,29.50000,0.25000,0.000000,23
7.400000,30.50000,0.25000,0.000000,24
7.400000,31.50000,0.25000,0.000000,25
7.400000,32.50000,0.25000,0.000000,26
7.400000,33.50000,0.25000,0.000000,27
7.400000,34.50000,0.25000,0.000000,28
7.400000,35.50000,0.25000,0.000000,29
7.400000,36.50000,0.25000,0.000000,30
7.500000,6.49982,-1.71525,0.620804,0
7.500000,7.50000,-1.00000,0.244979,1
7.500000,8.50000,-0.75000,0.244979,2
7.500000,9.50000,-0.50000,0.244979,3
7.500000,10.50000,-0.25000,0.244979,4
7.500000,11.50000,0.00000,0.244979,5
7.500000,12.50000,0.25000,0.244979,6
7.500000,13.50000,0.50000,0.463648,7
7.500000,14.50000,1.00000,0.463648,8
7.500000,15.50000,1.50000,0.463648,9
7.500000,16.50000,2.00000,0.000000,10
7.500000,17.50000,2.00000,0.000000,11
7.500000,18.50000,2.00000,-0.244979,12
7.500000,19.50000,1.75000,-0.244979,13
7.500000,20.50000,1.50000,-0.463648,14
7.500000,21.50000,1.00000,-0.244979,15
7.500000,22.50000,0.75000,-0.244979,16
7.500000,23.50000,0.50000,-0.244979,17
7.500000,24.50000,0.25000,0.000000,18
7.500000,25.50000,0.25000,0.000000,19
7.500000,26.50000,0.25000,0.000000,20
7.500000,27.50000,0.25000,0.000000,21
7.500000,28.50000,0.25000,0.000000,22
7.500000,29.50000,0.25000,0.000000,23
7.500000,30.50000,0.25000,0.000000,24
7.500000,31.50000,0.25000,0.000000,25
7.500000,32.50000,0.25000,0.000000,26
7.500000,33.50000,0.25000,0.000000,27
7.500000,34.50000,0.25000,0.000000,28
7.500000,35.50000,0.25000,0.000000,29
7.500000,36.50000,0.25000,0.000000,30
7.604000,6.44559,-1.69108,0.580172,0
7.604000,7.50000,-1.00000,0.244979,1
7.604000,8.50000,-0.75000,0.244979,2
7.604000,9.50000,-0.50000,0.244979,3
7.604000,10.50000,-0.25000,0.244979,4
7.604000,11.50000,0.00000,0.244979,5
7.604000,12.50000,0.25000,0.244979,6
7.604000,13.50000,0.50000,0.463648,7
7.604000,14.50000,1.00000,0.463648,8
7.604000,15.50000,1.50000,0.463648,9
7.604000,16.50000,2.00000,0.000000,10
7.604000,17.50000,2.00000,0.000000,11
7.604000,18.50000,2.00000,-0.244979,12
7.604000,19.50000,1.75000,-0.244979,13
7.604000,20.50000,1.50000,-0.463648,14
7.604000,21.50000,1.00000,-0.244979,15
7.604000,22.50000,0.75000,-0.244979,16
7.604000,23.50000,0.50000,-0.244979,17
7.604000,24.50000,0.25000,0.000000,18
7.604000,25.50000,0.25000,0.000000,19
7.604000,26.50000,0.25000,0.000000,20
7.604000,27.50000,0.25000,0.000000,21
7.604000,28.50000,0.25000,0.000000,22
7.604000,29.50000,0.25000,0.000000,23
7.604000,30.50000,0.25000,0.000000,24
7.604000,31.50000,0.25000,0.000000,25
7.604000,32.50000,0.25000,0.000000,26
7.604000,33.50000,0.25000,0.000000,27
7.604000,34.50000,0.25000,0.000000,28
7.604000,35.50000,0.25000,0.000000,29
7.604000,36.50000,0.25000,0.000000,30
7.700000,6.44942,-1.68875,0.580295,0
7.700000,7.50000,-1.00000,0.244979,1
7.700000,8.50000,-0.75000,0.244979,2
7.700000,9.50000,-0.50000,0.244979,3
7.700000,10.50000,-0.25000,0.244979,4
7.700000,11.50000,0.00000,0.244979,5
7.700000,12.50000,0.25000,0.244979,6
7.700000,13.50000,0.50000,0.463648,7
7.700000,14.50000,1.00000,0.463648,8
7.700000,15.50000,1.50000,0.463648,9
7.700000,16.50000,2.00000,0.000000,10
7.700000,17.50000,2.00000,0.000000,11
7.700000,18.50000,2.00000,-0.244979,12
7.700000,19.50000,1.75000,-0.244979,13
7.700000,20.50000,1.50000,-0.463648,14
7.700000,21.50000,1.00000,-0.244979,15
7.700000,22.50000,0.75000,-0.244979,16
7.700000,23.50000,0.50000,-0.244979,17
7.700000,24.50000,0.25000,0.000000,18
7.700000,25.50000,0.25000,0.000000,19
7.700000,26.50000,0.25000,0.000000,20
7.700000,27.50000,0.25000,0.000000,21
7.700000,28.50000,0.25000,0.000000,22
7.700000,29.50000,0.25000,0.000000,23
7.700000,30.50000,0.25000,0.000000,24
7.700000,31.50000,0.25000,0.000000,25
7.700000,32.50000,0.25000,0.000000,26
7.700000,33.50000,0.25000,0.000000,27
7.700000,34.50000,0.25000,0.000000,28
7.700000,35.50000,0.25000,0.000000,29
7.700000,36.50000,0.25000,0.000000,30
7.802000,6.40889,-1.65098,0.537930,0
7.802000,7.50000,-1.00000,0.244979,1
7.802000,8.50000,-0.75000,0.244979,2
7.802000,9.50000,-0.50000,0.244979,3
7.802000,10.50000,-0.25000,0.244979,4
7.802000,11.50000,0.00000,0.244979,5
7.802000,12.50000,0.25000,0.244979,6
7.802000,13.50000,0.50000,0.463648,7
7.802000,14.50000,1.00000,0.463648,8
7.802000,15.50000,1.50000,0.463648,9
7.802000,16.50000,2.00000,0.000000,10
7.802000,17.50000,2.00000,0.000000,11
7.802000,18.50000,2.00000,-0.244979,12
7.802000,19.50000,1.75000,-0.244979,13
7.802000,20.50000,1.50000,-0.463648,14
7.802000,21.50000,1.00000,-0.244979,15
7.802000,22.50000,0.75000,-0.244979,16
7.802000,23.50000,0.50000,-0.244979,17
7.802000,24.50000,0.25000,0.000000,18
7.802000,25.50000,0.25000,0.000000,19
7.802000,26.50000,0.25000,0.000000,20
7.802000,27.50000,0.25000,0.000000,21
7.802000,28.50000,0.25000,0.000000,22
7.802000,29.50000,0.25000,0.000000,23
7.802000,30.50000,0.25000,0.000000,24
7.802000,31.50000,0.25000,0.000000,25
7.802000,32.50000,0.25000,0.000000,26
7.802000,33.50000,0.25000,0.000000,27
7.802000,34.50000,0.25000,0.000000,28
7.802000,35.50000,0.25000,0.000000,29
7.802000,36.50000,0.25000,0.000000,30
7.900000,6.38801,-1.66070,0.536116,0
7.900000,7.50000,-1.00000,0.244979,1
7.900000,8.50000,-0.75000,0.244979,2
7.900000,9.50000,-0.50000,0.244979,3
7.900000,10.50000,-0.25000,0.244979,4
7.900000,11.50000,0.00000,0.244979,5
7.900000,12.50000,0.25000,0.244979,6
7.900000,13.50000,0.50000,0.463648,7
7.900000,14.50000,1.00000,0.463648,8
7.900000,15.50000,1.50000,0.463648,9
7.900000,16.50000,2.00000,0.000000,10
7.900000,17.50000,2.00000,0.000000,11
7.900000,18.50000,2.00000,-0.244979,12
7.900000,19.50000,1.75000,-0.244979,13
7.900000,20.50000,1.50000,-0.463648,14
7.900000,21.50000,1.00000,-0.244979,15
7.900000,22.50000,0.75000,-0.244979,16
7.900000,23.50000,0.50000,-0.244979,17
7.900000,24.50000,0.25000,0.000000,18
7.900000,25.50000,0.25000,0.000000,19
7.900000,26.50000,0.25000,0.000000,20
7.900000,27.50000,0.25000,0.000000,21
7.900000,28.50000,0.25000,0.000000,22
7.900000,29.50000,0.25000,0.000000,23
7.900000,30.50000,0.25000,0.000000,24
7.900000,31.50000,0.25000,0.000000,25
7.900000,32.50000,0.25000,0.000000,26
7.900000,33.50000,0.25000,0.000000,27
7.900000,34.50000,0.25000,0.000000,28
7.900000,35.50000,0.25000,0.000000,29
7.900000,36.50000,0.25000,0.000000,30
8.000000,6.37658,-1.62058,0.504687,0
8.000000,7.50000,-1.00000,0.244979,1
8.000000,8.50000,-0.75000,0.244979,2
8.000000,9.50000,-0.50000,0.244979,3
8.000000,10.50000,-0.25000,0.244979,4
8.000000,11.50000,0.00000,0.244979,5
8.000000,12.50000,0.25000,0.244979,6
8.000000,13.50000,0.50000,0.463648,7
8.000000,14.50000,1.00000,0.463648,8
8.000000,15.50000,1.50000,0.463648,9
8.000000,16.50000,2.00000,0.000000,10
8.000000,17.50000,2.00000,0.000000,11
8.000000,18.50000,2.00000,-0.244979,12
8.000000,19.50000,1.75000,-0.244979,13
8.000000,20.50000,1.50000,-0.463648,14
8.000000,21.50000,1.00000,-0.244979,15
8.000000,22.50000,0.75000,-0.244979,16
8.000000,23.50000,0.50000,-0.244979,17
8.000000,24.50000,0.25000,0.000000,18
8.000000,25.50000,0.25000,0.000000,19
8.000000,26.50000,0.25000,0.000000,20
8.000000,27.50000,0.25000,0.000000,21
8.000000,28.50000,0.25000,0.000000,22
8.000000,29.50000,0.25000,0.000000,23
8.000000,30.50000,0.25000,0.000000,24
8.000000,31.50000,0.25000,0.000000,25
8.000000,32.50000,0.25000,0.000000,26
8.000000,33.50000,0.25000,0.000000,27
8.000000,34.50000,0.25000,0.000000,28
8.000000,35.50000,0.25000,0.000000,29
8.000000,36.50000,0.25000,0.000000,30
8.100000,6.34793,-1.63022,0.500564,0
8.100000,7.50000,-1.00000,0.244979,1
8.100000,8.50000,-0.75000,0.244979,2
8.100000,9.50000,-0.50000,0.244979,3
8.100000,10.50000,-0.25000,0.244979,4
8.100000,11.50000,0.00000,0.244979,5
8.100000,12.50000,0.25000,0.244979,6
8.100000,13.50000,0.50000,0.463648,7
8.100000,14.50000,1.00000,0.463648,8
8.100000,15.50000,1.50000,0.463648,9
8.100000,16.50000,2.00000,0.000000,10
8.100000,17.50000,2.00000,0.000000,11
8.100000,18.50000,2.00000,-0.244979,12
8.100000,19.50000,1.75000,-0.244979,13
8.100000,20.50000,1.50000,-0.463648,14
8.100000,21.50000,1.00000,-0.244979,15
8.100000,22.50000,0.75000,-0.244979,16
8.100000,23.50000,0.50000,-0.244979,17
8.100000,24.50000,0.25000,0.000000,18
8.100000,25.50000,0.25000,0.000000,19
8.100000,26.50000,0.25000,0.000000,20
8.100000,27.50000,0.25000,0.000000,21
8.100000,28.50000,0.25000,0.000000,22
8.100000,29.50000,0.25000,0.000000,23
8.100000,30.50000,0.25000,0.000000,24
8.100000,31.50000,0.25000,0.000000,25
8.100000,32.50000,0.25000,0.000000,26
8.100000,33.50000,0.25000,0.000000,27
8.100000,34.50000,0.25000,0.000000,28
8.100000,35.50000,0.25000,0.000000,29
8.100000,36.50000,0.25000,0.000000,30
8.200000,6.32360,-1.61738,0.483295,0
8.200000,7.50000,-1.00000,0.244979,1
8.200000,8.50000,-0.75000,0.244979,2
8.200000,9.50000,-0.50000,0.244979,3
8.200000,10.50000,-0.25000,0.244979,4
8.200000,11.50000,0.00000,0.244979,5
8.200000,12.50000,0.25000,0.244979,6
8.200000,13.50000,0.50000,0.463648,7
8.200000,14.50000,1.00000,0.463648,8
8.200000,15.50000,1.50000,0.463648,9
8.200000,16.50000,2.00000,0.000000,10
8.200000,17.50000,2.00000,0.000000,11
8.200000,18.50000,2.00000,-0.244979,12
8.200000,19.50000,1.75000,-0.244979,13
8.200000,20.50000,1.50000,-0.463648,14
8.200000,21.50000,1.00000,-0.244979,15
8.200000,22.50000,0.75000,-0.244979,16
8.200000,23.50000,0.50000,-0.244979,17
8.200000,24.50000,0.25000,0.000000,18
8.200000,25.50000,0.25000,0.000000,19
8.200000,26.50000,0.25000,0.000000,20
8.200000,27.50000,0.25000,0.000000,21
8.200000,28.50000,0.25000,0.000000,22
8.200000,29.50000,0.25000,0.000000,23
8.200000,30.50000,0.25000,0.000000,24
8.200000,31.50000,0.25000,0.000000,25
8.200000,32.50000,0.25000,0.000000,26
8.200000,33.50000,0.25000,0.000000,27
8.200000,34.50000,0.25000,0.000000,28
8.200000,35.50000,0.25000,0.000000,29
8.200000,36.50000,0.25000,0.000000,30
8.300000,6.32811,-1.62624,0.490775,0
8.300000,7.50000,-1.00000,0.244979,1
8.300000,8.50000,-0.75000,0.244979,2
8.300000,9.50000,-0.50000,0.244979,3
8.300000,10.50000,-0.25000,0.244979,4
8.300000,11.50000,0.00000,0.244979,5
8.300000,12.50000,0.25000,0.244979,6
8.300000,13.50000,0.50000,0.463648,7
8.300000,14.50000,1.00000,0.463648,8
8.300000,15.50000,1.50000,0.463648,9
8.300000,16.50000,2.00000,0.000000,10
8.300000,17.50000,2.00000,0.000000,11
8.300000,18.50000,2.00000,-0.244979,12
8.300000,19.50000,1.75000,-0.244979,13
8.300000,20.50000,1.50000,-0.463648,14
8.300000,21.50000,1.00000,-0.244979,15
8.300000,22.50000,0.75000,-0.244979,16
8.300000,23.50000,0.50000,-0.244979,17
8.300000,24.50000,0.25000,0.000000,18
8.300000,25.50000,0.25000,0.000000,19
8.300000,26.50000,0.25000,0.000000,20
8.300000,27.50000,0.25000,0.000000,21
8.300000,28.50000,0.25000,0.000000,22
8.300000,29.50000,0.25000,0.000000,23
8.300000,30.50000,0.25000,0.000000,24
8.300000,31.50000,0.25000,0.000000,25
8.300000,32.50000,0.25000,0.000000,26
8.300000,33.50000,0.25000,0.000000,27
8.300000,34.50000,0.25000,0.000000,28
8.300000,35.50000,0.25000,0.000000,29
8.300000,36.50000,0.25000,0.000000,30
8.400000,6.33397,-1.61970,0.488497,0
8.400000,7.50000,-1.00000,0.244979,1
8.400000,8.50000,-0.75000,0.244979,2
8.400000,9.50000,-0.50000,0.244979,3
8.400000,10.50000,-0.25000,0.244979,4
8.400000,11.50000,0.00000,0.244979,5
8.400000,12.50000,0.25000,0.244979,6
8.400000,13.50000,0.50000,0.463648,7
8.400000,14.50000,1.00000,0.463648,8
8.400000,15.50000,1.50000,0.463648,9
8.400000,16.50000,2.00000,0.000000,10
8.400000,17.50000,2.00000,0.000000,11
8.400000,18.50000,2.00000,-0.244979,12
8.400000,19.50000,1.75000,-0.244979,13
8.400000,20.50000,1.50000,-0.463648,14
8.400000,21.50000,1.00000,-0.244979,15
8.400000,22.50000,0.75000,-0.244979,16
8.400000,23.50000,0.50000,-0.244979,17
8.400000,24.50000,0.25000,0.000000,18
8.400000,25.50000,0.25000,0.000000,19
8.400000,26.50000,0.25000,0.000000,20
8.400000,27.50000,0.25000,0.000000,21
8.400000,28.50000,0.25000,0.000000,22
8.400000,29.50000,0.25000,0.000000,23
8.400000,30.50000,0.25000,0.000000,24
8.400000,31.50000,0.25000,0.000000,25
8.400000,32.50000,0.25000,0.000000,26
8.400000,33.50000,0.25000,0.000000,27
8.400000,34.50000,0.25000,0.000000,28
8.400000,35.50000,0.25000,0.000000,29
8.400000,36.50000,0.25000,0.000000,30
8.500000,6.36179,-1.62229,0.500328,0
8.500000,7.50000,-1.00000,0.244979,1
8.500000,8.50000,-0.75000,0.244979,2
8.500000,9.50000,-0.50000,0.244979,3
8.500000,10.50000,-0.25000,0.244979,4
8.500000,11.50000,0.00000,0.244979,5
8.500000,12.50000,0.25000,0.244979,6
8.500000,13.50000,0.50000,0.463648,7
8.500000,14.50000,1.00000,0.463648,8
8.500000,15.50000,1.50000,0.463648,9
8.500000,16.50000,2.00000,0.000000,10
8.500000,17.50000,2.00000,0.000000,11
8.500000,18.50000,2.00000,-0.244979,12
8.500000,19.50000,1.75000,-0.244979,13
8.500000,20.50000,1.50000,-0.463648,14
8.500000,21.50000,1.00000,-0.244979,15
8.500000,22.50000,0.75000,-0.244979,16
8.500000,23.50000,0.50000,-0.244979,17
8.500000,24.50000,0.25000,0.000000,18
8.500000,25.50000,0.25000,0.000000,19
8.500000,26.50000,0.25000,0.000000,20
8.500000,27.50000,0.25000,0.000000,21
8.500000,28.50000,0.25000,0.000000,22
8.500000,29.50000,0.25000,0.000000,23
8.500000,30.50000,0.25000,0.000000,24
8.500000,31.50000,0.25000,0.000000,25
8.500000,32.50000,0.25000,0.000000,26
8.500000,33.50000,0.25000,0.000000,27
8.500000,34.50000,0.25000,0.000000,28
8.500000,35.50000,0.25000,0.000000,29
8.500000,36.50000,0.25000,0.000000,30
8.600000,6.36295,-1.63120,0.506763,0
8.600000,7.50000,-1.00000,0.244979,1
8.600000,8.50000,-0.75000,0.244979,2
8.600000,9.50000,-0.50000,0.244979,3
8.600000,10.50000,-0.25000,0.244979,4
8.600000,11.50000,0.00000,0.244979,5
8.600000,12.50000,0.25000,0.244979,6
8.600000,13.50000,0.50000,0.463648,7
8.600000,14.50000,1.00000,0.463648,8
8.600000,15.50000,1.50000,0.463648,9
8.600000,16.50000,2.00000,0.000000,10
8.600000,17.50000,2.00000,0.000000,11
8.600000,18.50000,2.00000,-0.244979,12
8.600000,19.50000,1.75000,-0.244979,13
8.600000,20.50000,1.50000,-0.463648,14
8.600000,21.50000,1.00000,-0.244979,15
8.600000,22.50000,0.75000,-0.244979,16
8.600000,23.50000,0.50000,-0.244979,17
8.600000,24.50000,0.25000,0.000000,18
8.600000,25.50000,0.25000,0.000000,19
8.600000,26.50000,0.25000,0.000000,20
8.600000,27.50000,0.25000,0.000000,21
8.600000,28.50000,0.25000,0.000000,22
8.600000,29.50000,0.25000,0.000000,23
8.600000,30.50000,0.25000,0.000000,24
8.600000,31.50000,0.25000,0.000000,25
8.600000,32.50000,0.25000,0.000000,26
8.600000,33.50000,0.25000,0.000000,27
8.600000,34.50000,0.25000,0.000000,28
8.600000,35.50000,0.25000,0.000000,29
8.600000,36.50000,0.25000,0.000000,30
8.700000,6.37367,-1.68610,0.547116,0
8.700000,7.50000,-1.00000,0.244979,1
8.700000,8.50000,-0.75000,0.244979,2
8.700000,9.50000,-0.50000,0.244979,3
8.700000,10.50000,-0.25000,0.244979,4
8.700000,11.50000,0.00000,0.244979,5
8.700000,12.50000,0.25000,0.244979,6
8.700000,13.50000,0.50000,0.463648,7
8.700000,14.50000,1.00000,0.463648,8
8.700000,15.50000,1.50000,0.463648,9
8.700000,16.50000,2.00000,0.000000,10
8.700000,17.50000,2.00000,0.000000,11
8.700000,18.50000,2.00000,-0.244979,12
8.700000,19.50000,1.75000,-0.244979,13
8.700000,20.50000,1.50000,-0.463648,14
8.700000,21.50000,1.00000,-0.244979,15
8.700000,22.50000,0.75000,-0.244979,16
8.700000,23.50000,0.50000,-0.244979,17
8.700000,24.50000,0.25000,0.000000,18
8.700000,25.50000,0.25000,0.000000,19
8.700000,26.50000,0.25000,0.000000,20
8.700000,27.50000,0.25000,0.000000,21
8.700000,28.50000,0.25000,0.000000,22
8.700000,29.50000,0.25000,0.000000,23
8.700000,30.50000,0.25000,0.000000,24
8.700000,31.50000,0.25000,0.000000,25
8.700000,32.50000,0.25000,0.000000,26
8.700000,33.50000,0.25000,0.000000,27
8.700000,34.50000,0.25000,0.000000,28
8.700000,35.50000,0.25000,0.000000,29
8.700000,36.50000,0.25000,0.000000,30
8.800000,6.41387,-1.73573,0.595388,0
8.800000,7.50000,-1.00000,0.244979,1
8.800000,8.50000,-0.75000,0.244979,2
8.800000,9.50000,-0.50000,0.244979,3
8.800000,10.50000,-0.25000,0.244979,4
8.800000,11.50000,0.00000,0.244979,5
8.800000,12.50000,0.25000,0.244979,6
8.800000,13.50000,0.50000,0.463648,7
8.800000,14.50000,1.00000,0.463648,8
8.800000,15.50000,1.50000,0.463648,9
8.800000,16.50000,2.00000,0.000000,10
8.800000,17.50000,2.00000,0.000000,11
8.800000,18.50000,2.00000,-0.244979,12
8.800000,19.50000,1.75000,-0.244979,13
8.800000,20.50000,1.50000,-0.463648,14
8.800000,21.50000,1.00000,-0.244979,15
8.800000,22.50000,0.75000,-0.244979,16
8.800000,23.50000,0.50000,-0.244979,17
8.800000,24.50000,0.25000,0.000000,18
8.800000,25.50000,0.25000,0.000000,19
8.800000,26.50000,0.25000,0.000000,20
8.800000,27.50000,0.25000,0.000000,21
8.800000,28.50000,0.25000,0.000000,22
8.800000,29.50000,0.25000,0.000000,23
8.800000,30.50000,0.25000,0.000000,24
8.800000,31.50000,0.25000,0.000000,25
8.800000,32.50000,0.25000,0.000000,26
8.800000,33.50000,0.25000,0.000000,27
8.800000,34.50000,0.25000,0.000000,28
8.800000,35.50000,0.25000,0.000000,29
8.800000,36.50000,0.25000,0.000000,30
8.900000,6.46706,-1.80599,0.662603,0
8.900000,7.50000,-1.00000,0.244979,1
8.900000,8.50000,-0.75000,0.244979,2
8.900000,9.50000,-0.50000,0.244979,3
8.900000,10.50000,-0.25000,0.244979,4
8.900000,11.50000,0.00000,0.244979,5
8.900000,12.50000,0.25000,0.244979,6
8.900000,13.50000,0.50000,0.463648,7
8.900000,14.50000,1.00000,0.463648,8
8.900000,15.50000,1.50000,0.463648,9
8.900000,16.50000,2.00000,0.000000,10
8.900000,17.50000,2.00000,0.000000,11
8.900000,18.50000,2.00000,-0.244979,12
8.900000,19.50000,1.75000,-0.244979,13
8.900000,20.50000,1.50000,-0.463648,14
8.900000,21.50000,1.00000,-0.244979,15
8.900000,22.50000,0.75000,-0.244979,16
8.900000,23.50000,0.50000,-0.244979,17
8.900000,24.50000,0.25000,0.000000,18
8.900000,25.50000,0.25000,0.000000,19
8.900000,26.50000,0.25000,0.000000,20
8.900000,27.50000,0.25000,0.000000,21
8.900000,28.50000,0.25000,0.000000,22
8.900000,29.50000,0.25000,0.000000,23
8.900000,30.50000,0.25000,0.000000,24
8.900000,31.50000,0.25000,0.000000,25
8.900000,32.50000,0.25000,0.000000,26
8.900000,33.50000,0.25000,0.000000,27
8.900000,34.50000,0.25000,0.000000,28
8.900000,35.50000,0.25000,0.000000,29
8.900000,36.50000,0.25000,0.000000,30
9.000000,6.49011,-1.86615,0.708929,0
9.000000,7.50000,-1.00000,0.244979,1
9.000000,8.50000,-0.75000,0.244979,2
9.000000,9.50000,-0.50000,0.244979,3
9.000000,10.50000,-0.25000,0.244979,4
9.000000,11.50000,0.00000,0.244979,5
9.000000,12.50000,0.25000,0.244979,6
9.000000,13.50000,0.50000,0.463648,7
9.000000,14.50000,1.00000,0.463648,8
9.000000,15.50000,1.50000,0.463648,9
9.000000,16.50000,2.00000,0.000000,10
9.000000,17.50000,2.00000,0.000000,11
9.000000,18.50000,2.00000,-0.244979,12
9.000000,19.50000,1.75000,-0.244979,13
9.000000,20.50000,1.50000,-0.463648,14
9.000000,21.50000,1.00000,-0.244979,15
9.000000,22.50000,0.75000,-0.244979,16
9.000000,23.50000,0.50000,-0.244979,17
9.000000,24.50000,0.25000,0.000000,18
9.000000,25.50000,0.25000,0.000000,19
9.000000,26.50000,0.25000,0.000000,20
9.000000,27.50000,0.25000,0.000000,21
9.000000,28.50000,0.25000,0.000000,22
9.000000,29.50000,0.25000,0.000000,23
9.000000,30.50000,0.25000,0.000000,24
9.000000,31.50000,0.25000,0.000000,25
9.000000,32.50000,0.25000,0.000000,26
9.000000,33.50000,0.25000,0.000000,27
9.000000,34.50000,0.25000,0.000000,28
9.000000,35.50000,0.25000,0.000000,29
9.000000,36.50000,0.25000,0.000000,30
9.100000,6.55981,-1.93202,0.627571,0
9.100000,7.50000,-1.25000,0.463648,1
9.100000,8.50000,-0.75000,0.244979,2
9.100000,9.50000,-0.50000,0.244979,3
9.100000,10.50000,-0.25000,0.244979,4
9.100000,11.50000,0.00000,0.244979,5
9.100000,12.50000,0.25000,0.244979,6
9.100000,13.50000,0.50000,0.463648,7
9.100000,14.50000,1.00000,0.463648,8
9.100000,15.50000,1.50000,0.463648,9
9.100000,16.50000,2.00000,0.000000,10
9.100000,17.50000,2.00000,0.000000,11
9.100000,18.50000,2.00000,-0.244979,12
9.100000,19.50000,1.75000,-0.244979,13
9.100000,20.50000,1.50000,-0.463648,14
9.100000,21.50000,1.00000,-0.244979,15
9.100000,22.50000,0.75000,-0.244979,16
9.100000,23.50000,0.50000,-0.244979,17
9.100000,24.50000,0.25000,0.000000,18
9.100000,25.50000,0.25000,0.000000,19
9.100000,26.50000,0.25000,0.000000,20
9.100000,27.50000,0.25000,0.000000,21
9.100000,28.50000,0.25000,0.000000,22
9.100000,29.50000,0.25000,0.000000,23
9.100000,30.50000,0.25000,0.000000,24
9.100000,31.50000,0.25000,0.000000,25
9.100000,32.50000,0.25000,0.000000,26
9.100000,33.50000,0.25000,0.000000,27
9.100000,34.50000,0.25000,0.000000,28
9.100000,35.50000,0.25000,0.000000,29
9.100000,36.50000,0.25000,0.000000,30
9.200000,6.61761,-1.93815,0.662351,0
9.200000,7.50000,-1.25000,0.463648,1
9.200000,8.50000,-0.75000,0.244979,2
9.200000,9.50000,-0.50000,0.244979,3
9.200000,10.50000,-0.25000,0.244979,4
9.200000,11.50000,0.00000,0.244979,5
9.200000,12.50000,0.25000,0.244979,6
9.200000,13.50000,0.50000,0.463648,7
9.200000,14.50000,1.00000,0.463648,8
9.200000,15.50000,1.50000,0.463648,9
9.200000,16.50000,2.00000,0.000000,10
9.200000,17.50000,2.00000,0.000000,11
9.200000,18.50000,2.00000,-0.244979,12
9.200000,19.50000,1.75000,-0.244979,13
9.200000,20.50000,1.50000,-0.463648,14
9.200000,21.50000,1.00000,-0.244979,15
9.200000,22.50000,0.75000,-0.244979,16
9.200000,23.50000,0.50000,-0.244979,17
9.200000,24.50000,0.25000,0.000000,18
9.200000,25.50000,0.25000,0.000000,19
9.200000,26.50000,0.25000,0.000000,20
9.200000,27.50000,0.25000,0.000000,21
9.200000,28.50000,0.25000,0.000000,22
9.200000,29.50000,0.25000,0.000000,23
9.200000,30.50000,0.25000,0.000000,24
9.200000,31.50000,0.25000,0.000000,25
9.200000,32.50000,0.25000,0.000000,26
9.200000,33.50000,0.25000,0.000000,27
9.200000,34.50000,0.25000,0.000000,28
9.200000,35.50000,0.25000,0.000000,29
9.200000,36.50000,0.25000,0.000000,30
9.300000,6.67910,-1.97564,0.723882,0
9.300000,7.50000,-1.25000,0.463648,1
9.300000,8.50000,-0.75000,0.244979,2
9.300000,9.50000,-0.50000,0.244979,3
9.300000,10.50000,-0.25000,0.244979,4
9.300000,11.50000,0.00000,0.244979,5
9.300000,12.50000,0.25000,0.244979,6
9.300000,13.50000,0.50000,0.463648,7
9.300000,14.50000,1.00000,0.463648,8
9.300000,15.50000,1.50000,0.463648,9
9.300000,16.50000,2.00000,0.000000,10
9.300000,17.50000,2.00000,0.000000,11
9.300000,18.50000,2.00000,-0.244979,12
9.300000,19.50000,1.75000,-0.244979,13
9.300000,20.50000,1.50000,-0.463648,14
9.300000,21.50000,1.00000,-0.244979,15
9.300000,22.50000,0.75000,-0.244979,16
9.300000,23.50000,0.50000,-0.244979,17
9.300000,24.50000,0.25000,0.000000,18
9.300000,25.50000,0.25000,0.000000,19
9.300000,26.50000,0.25000,0.000000,20
9.300000,27.50000,0.25000,0.000000,21
9.300000,28.50000,0.25000,0.000000,22
9.300000,29.50000,0.25000,0.000000,23
9.300000,30.50000,0.25000,0.000000,24
9.300000,31.50000,0.25000,0.000000,25
9.300000,32.50000,0.25000,0.000000,26
9.300000,33.50000,0.25000,0.000000,27
9.300000,34.50000,0.25000,0.000000,28
9.300000,35.50000,0.25000,0.000000,29
9.300000,36.50000,0.25000,0.000000,30
9.400000,6.71617,-1.98683,0.754501,0
9.400000,7.50000,-1.25000,0.463648,1
9.400000,8.50000,-0.75000,0.244979,2
9.400000,9.50000,-0.50000,0.244979,3
9.400000,10.50000,-0.25000,0.244979,4
9.400000,11.50000,0.00000,0.244979,5
9.400000,12.50000,0.25000,0.244979,6
9.400000,13.50000,0.50000,0.463648,7
9.400000,14.50000,1.00000,0.463648,8
9.400000,15.50000,1.50000,0.463648,9
9.400000,16.50000,2.00000,0.000000,10
9.400000,17.50000,2.00000,0.000000,11
9.400000,18.50000,2.00000,-0.244979,12
9.400000,19.50000,1.75000,-0.244979,13
9.400000,20.50000,1.50000,-0.463648,14
9.400000,21.50000,1.00000,-0.244979,15
9.400000,22.50000,0.75000,-0.244979,16
9.400000,23.50000,0.50000,-0.244979,17
9.400000,24.50000,0.25000,0.000000,18
9.400000,25.50000,0.25000,0.000000,19
9.400000,26.50000,0.25000,0.000000,20
9.400000,27.50000,0.25000,0.000000,21
9.400000,28.50000,0.25000,0.000000,22
9.400000,29.50000,0.25000,0.000000,23
9.400000,30.50000,0.25000,0.000000,24
9.400000,31.50000,0.25000,0.000000,25
9.400000,32.50000,0.25000,0.000000,26
9.400000,33.50000,0.25000,0.000000,27
9.400000,34.50000,0.25000,0.000000,28
9.400000,35.50000,0.25000,0.000000,29
9.400000,36.50000,0.25000,0.000000,30
9.500000,6.77229,-2.01942,0.559829,0
9.500000,8.00000,-1.25000,0.463648,1
9.500000,9.00000,-0.75000,0.244979,2
9.500000,10.00000,-0.50000,0.244979,3
9.500000,11.00000,-0.25000,0.244979,4
9.500000,12.00000,0.00000,0.244979,5
9.500000,13.00000,0.25000,0.463648,6
9.500000,14.00000,0.75000,0.463648,7
9.500000,15.00000,1.25000,0.643501,8
9.500000,16.00000,2.00000,0.000000,9
9.500000,17.00000,2.00000,0.000000,10
9.500000,18.00000,2.00000,0.000000,11
9.500000,19.00000,2.00000,-0.244979,12
9.500000,20.00000,1.75000,-0.244979,13
9.500000,21.00000,1.50000,-0.463648,14
9.500000,22.00000,1.00000,-0.244979,15
9.500000,23.00000,0.75000,-0.244979,16
9.500000,24.00000,0.50000,-0.244979,17
9.500000,25.00000,0.25000,0.000000,18
9.500000,26.00000,0.25000,0.000000,19
9.500000,27.00000,0.25000,0.000000,20
9.500000,28.00000,0.25000,0.000000,21
9.500000,29.00000,0.25000,0.000000,22
9.500000,30.00000,0.25000,0.000000,23
9.500000,31.00000,0.25000,0.000000,24
9.500000,32.00000,0.25000,0.000000,25
9.500000,33.00000,0.25000,0.000000,26
9.500000,34.00000,0.25000,0.000000,27
9.500000,35.00000,0.25000,0.000000,28
9.500000,36.00000,0.25000,0.000000,29
9.500000,37.00000,0.25000,0.000000,30
9.600000,6.82547,-2.05767,0.602395,0
9.600000,8.00000,-1.25000,0.463648,1
9.600000,9.00000,-0.75000,0.244979,2
9.600000,10.00000,-0.50000,0.244979,3
9.600000,11.00000,-0.25000,0.244979,4
9.600000,12.00000,0.00000,0.244979,5
9.600000,13.00000,0.25000,0.463648,6
9.600000,14.00000,0.75000,0.463648,7
9.600000,15.00000,1.25000,0.643501,8
9.600000,16.00000,2.00000,0.000000,9
9.600000,17.00000,2.00000,0.000000,10
9.600000,18.00000,2.00000,-0.244979,11
9.600000,19.00000,1.75000,-0.244979,12
9.600000,20.00000,1.50000,-0.244979,13
9.600000,21.00000,1.25000,-0.463648,14
9.600000,22.00000,0.75000,-0.244979,15
9.600000,23.00000,0.50000,-0.244979,16
9.600000,24.00000,0.25000,0.000000,17
9.600000,25.00000,0.25000,0.000000,18
9.600000,26.00000,0.25000,0.000000,19
9.600000,27.00000,0.25000,0.000000,20
9.600000,28.00000,0.25000,0.000000,21
9.600000,29.00000,0.25000,0.000000,22
9.600000,30.00000,0.25000,0.000000,23
9.600000,31.00000,0.25000,0.000000,24
9.600000,32.00000,0.25000,0.000000,25
9.600000,33.00000,0.25000,0.000000,26
9.600000,34.00000,0.25000,0.000000,27
9.600000,35.00000,0.25000,0.000000,28
9.600000,36.00000,0.25000,0.000000,29
9.600000,37.00000,0.25000,0.000000,30
9.700000,6.87529,-2.08230,0.637078,0
9.700000,8.00000,-1.25000,0.463648,1
9.700000,9.00000,-0.75000,0.244979,2
9.700000,10.00000,-0.50000,0.244979,3
9.700000,11.00000,-0.25000,0.244979,4
9.700000,12.00000,0.00000,0.244979,5
9.700000,13.00000,0.25000,0.463648,6
9.700000,14.00000,0.75000,0.463648,7
9.700000,15.00000,1.25000,0.643501,8
9.700000,16.00000,2.00000,0.000000,9
9.700000,17.00000,2.00000,0.000000,10
9.700000,18.00000,2.00000,-0.244979,11
9.700000,19.00000,1.75000,-0.244979,12
9.700000,20.00000,1.50000,-0.244979,13
9.700000,21.00000,1.25000,-0.463648,14
9.700000,22.00000,0.75000,-0.244979,15
9.700000,23.00000,0.50000,-0.244979,16
9.700000,24.00000,0.25000,0.000000,17
9.700000,25.00000,0.25000,0.000000,18
9.700000,26.00000,0.25000,0.000000,19
9.700000,27.00000,0.25000,0.000000,20
9.700000,28.00000,0.25000,0.000000,21
9.700000,29.00000,0.25000,0.000000,22
9.700000,30.00000,0.25000,0.000000,23
9.700000,31.00000,0.25000,0.000000,24
9.700000,32.00000,0.25000,0.000000,25
9.700000,33.00000,0.25000,0.000000,26
9.700000,34.00000,0.25000,0.000000,27
9.700000,35.00000,0.25000,0.000000,28
9.700000,36.00000,0.25000,0.000000,29
9.700000,37.00000,0.25000,0.000000,30
9.800000,6.91787,-2.14510,0.691086,0
9.800000,8.00000,-1.25000,0.463648,1
9.800000,9.00000,-0.75000,0.244979,2
9.800000,10.00000,-0.50000,0.244979,3
9.800000,11.00000,-0.25000,0.244979,4
9.800000,12.00000,0.00000,0.244979,5
9.800000,13.00000,0.25000,0.463648,6
9.800000,14.00000,0.75000,0.463648,7
9.800000,15.00000,1.25000,0.643501,8
9.800000,16.00000,2.00000,0.000000,9
9.800000,17.00000,2.00000,0.000000,10
9.800000,18.00000,2.00000,0.000000,11
9.800000,19.00000,2.00000,-0.244979,12
9.800000,20.00000,1.75000,-0.244979,13
9.800000,21.00000,1.50000,-0.463648,14
9.800000,22.00000,1.00000,-0.244979,15
9.800000,23.00000,0.75000,-0.244979,16
9.800000,24.00000,0.50000,-0.244979,17
9.800000,25.00000,0.25000,0.000000,18
9.800000,26.00000,0.25000,0.000000,19
9.800000,27.00000,0.25000,0.000000,20
9.800000,28.00000,0.25000,0.000000,21
9.800000,29.00000,0.25000,0.000000,22
9.800000,30.00000,0.25000,0.000000,23
9.800000,31.00000,0.25000,0.000000,24
9.800000,32.00000,0.25000,0.000000,25
9.800000,33.00000,0.25000,0.000000,26
9.800000,34.00000,0.25000,0.000000,27
9.800000,35.00000,0.25000,0.000000,28
9.800000,36.00000,0.25000,0.000000,29
9.800000,37.00000,0.25000,0.000000,30
9.900000,6.92588,-2.13913,0.691448,0
9.900000,8.00000,-1.25000,0.463648,1
9.900000,9.00000,-0.75000,0.244979,2
9.900000,10.00000,-0.50000,0.244979,3
9.900000,11.00000,-0.25000,0.244979,4
9.900000,12.00000,0.00000,0.244979,5
9.900000,13.00000,0.25000,0.463648,6
9.900000,14.00000,0.75000,0.463648,7
9.900000,15.00000,1.25000,0.643501,8
9.900000,16.00000,2.00000,0.000000,9
9.900000,17.00000,2.00000,0.000000,10
9.900000,18.00000,2.00000,-0.244979,11
9.900000,19.00000,1.75000,-0.244979,12
9.900000,20.00000,1.50000,-0.244979,13
9.900000,21.00000,1.25000,-0.463648,14
9.900000,22.00000,0.75000,-0.244979,15
9.900000,23.00000,0.50000,-0.244979,16
9.900000,24.00000,0.25000,0.000000,17
9.900000,25.00000,0.25000,0.000000,18
9.900000,26.00000,0.25000,0.000000,19
9.900000,27.00000,0.25000,0.000000,20
9.900000,28.00000,0.25000,0.000000,21
9.900000,29.00000,0.25000,0.000000,22
9.900000,30.00000,0.25000,0.000000,23
9.900000,31.00000,0.25000,0.000000,24
9.900000,32.00000,0.25000,0.000000,25
9.900000,33.00000,0.25000,0.000000,26
9.900000,34.00000,0.25000,0.000000,27
9.900000,35.00000,0.25000,0.000000,28
9.900000,36.00000,0.25000,0.000000,29
9.900000,37.00000,0.25000,0.000000,30
10.000000,6.98038,-2.12703,0.710359,0
10.000000,8.00000,-1.25000,0.463648,1
10.000000,9.00000,-0.75000,0.244979,2
10.000000,10.00000,-0.50000,0.244979,3
10.000000,11.00000,-0.25000,0.244979,4
10.000000,12.00000,0.00000,0.244979,5
10.000000,13.00000,0.25000,0.463648,6
10.000000,14.00000,0.75000,0.463648,7
10.000000,15.00000,1.25000,0.643501,8
10.000000,16.00000,2.00000,0.000000,9
10.000000,17.00000,2.00000,0.000000,10
10.000000,18.00000,2.00000,0.000000,11
10.000000,19.00000,2.00000,-0.244979,12
10.000000,20.00000,1.75000,-0.244979,13
10.000000,21.00000,1.50000,-0.463648,14
10.000000,22.00000,1.00000,-0.244979,15
10.000000,23.00000,0.75000,-0.244979,16
10.000000,24.00000,0.50000,-0.244979,17
10.000000,25.00000,0.25000,0.000000,18
10.000000,26.00000,0.25000,0.000000,19
10.000000,27.00000,0.25000,0.000000,20
10.000000,28.00000,0.25000,0.000000,21
10.000000,29.00000,0.25000,0.000000,22
10.000000,30.00000,0.25000,0.000000,23
10.000000,31.00000,0.25000,0.000000,24
10.000000,32.00000,0.25000,0.000000,25
10.000000,33.00000,0.25000,0.000000,26
10.000000,34.00000,0.25000,0.000000,27
10.000000,35.00000,0.25000,0.000000,28
10.000000,36.00000,0.25000,0.000000,29
10.000000,37.00000,0.25000,0.000000,30
10.100000,7.01466,-2.13632,0.732541,0
10.100000,8.00000,-1.25000,0.463648,1
10.100000,9.00000,-0.75000,0.244979,2
10.100000,10.00000,-0.50000,0.244979,3
10.100000,11.00000,-0.25000,0.244979,4
10.100000,12.00000,0.00000,0.244979,5
10.100000,13.00000,0.25000,0.463648,6
10.100000,14.00000,0.75000,0.463648,7
10.100000,15.00000,1.25000,0.643501,8
10.100000,16.00000,2.00000,0.000000,9
10.100000,17.00000,2.00000,0.000000,10
10.100000,18.00000,2.00000,0.000000,11
10.100000,19.00000,2.00000,-0.244979,12
10.100000,20.00000,1.75000,-0.244979,13
10.100000,21.00000,1.50000,-0.463648,14
10.100000,22.00000,1.00000,-0.244979,15
10.100000,23.00000,0.75000,-0.244979,16
10.100000,24.00000,0.50000,-0.244979,17
10.100000,25.00000,0.25000,0.000000,18
10.100000,26.00000,0.25000,0.000000,19
10.100000,27.00000,0.25000,0.000000,20
10.100000,28.00000,0.25000,0.000000,21
10.100000,29.00000,0.25000,0.000000,22
10.100000,30.00000,0.25000,0.000000,23
10.100000,31.00000,0.25000,0.000000,24
10.100000,32.00000,0.25000,0.000000,25
10.100000,33.00000,0.25000,0.000000,26
10.100000,34.00000,0.25000,0.000000,27
10.100000,35.00000,0.25000,0.000000,28
10.100000,36.00000,0.25000,0.000000,29
10.100000,37.00000,0.25000,0.000000,30
10.200000,6.99127,-2.12688,0.715587,0
10.200000,8.00000,-1.25000,0.463648,1
10.200000,9.00000,-0.75000,0.244979,2
10.200000,10.00000,-0.50000,0.244979,3
10.200000,11.00000,-0.25000,0.244979,4
10.200000,12.00000,0.00000,0.244979,5
10.200000,13.00000,0.25000,0.463648,6
10.200000,14.00000,0.75000,0.463648,7
10.200000,15.00000,1.25000,0.643501,8
10.200000,16.00000,2.00000,0.000000,9
10.200000,17.00000,2.00000,0.000000,10
10.200000,18.00000,2.00000,0.000000,11
10.200000,19.00000,2.00000,-0.244979,12
10.200000,20.00000,1.75000,-0.244979,13
10.200000,21.00000,1.50000,-0.463648,14
10.200000,22.00000,1.00000,-0.244979,15
10.200000,23.00000,0.75000,-0.244979,16
10.200000,24.00000,0.50000,-0.244979,17
10.200000,25.00000,0.25000,0.000000,18
10.200000,26.00000,0.25000,0.000000,19
10.200000,27.00000,0.25000,0.000000,20
10.200000,28.00000,0.25000,0.000000,21
10.200000,29.00000,0.25000,0.000000,22
10.200000,30.00000,0.25000,0.000000,23
10.200000,31.00000,0.25000,0.000000,24
10.200000,32.00000,0.25000,0.000000,25
10.200000,33.00000,0.25000,0.000000,26
10.200000,34.00000,0.25000,0.000000,27
10.200000,35.00000,0.25000,0.000000,28
10.200000,36.00000,0.25000,0.000000,29
10.200000,37.00000,0.25000,0.000000,30
10.300000,6.99315,-2.12908,0.717753,0
10.300000,8.00000,-1.25000,0.463648,1
10.300000,9.00000,-0.75000,0.244979,2
10.300000,10.00000,-0.50000,0.244979,3
10.300000,11.00000,-0.25000,0.244979,4
10.300000,12.00000,0.00000,0.244979,5
10.300000,13.00000,0.25000,0.463648,6
10.300000,14.00000,0.75000,0.463648,7
10.300000,15.00000,1.25000,0.643501,8
10.300000,16.00000,2.00000,0.000000,9
10.300000,17.00000,2.00000,0.000000,10
10.300000,18.00000,2.00000,0.000000,11
10.300000,19.00000,2.00000,-0.244979,12
10.300000,20.00000,1.75000,-0.244979,13
10.300000,21.00000,1.50000,-0.463648,14
10.300000,22.00000,1.00000,-0.244979,15
10.300000,23.00000,0.75000,-0.244979,16
10.300000,24.00000,0.50000,-0.244979,17
10.300000,25.00000,0.25000,0.000000,18
10.300000,26.00000,0.25000,0.000000,19
10.300000,27.00000,0.25000,0.000000,20
10.300000,28.00000,0.25000,0.000000,21
10.300000,29.00000,0.25000,0.000000,22
10.300000,30.00000,0.25000,0.000000,23
10.300000,31.00000,0.25000,0.000000,24
10.300000,32.00000,0.25000,0.000000,25
10.300000,33.00000,0.25000,0.000000,26
10.300000,34.00000,0.25000,0.000000,27
10.300000,35.00000,0.25000,0.000000,28
10.300000,36.00000,0.25000,0.000000,29
10.300000,37.00000,0.25000,0.000000,30
10.400000,7.00276,-2.11026,0.711789,0
10.400000,8.00000,-1.25000,0.463648,1
10.400000,9.00000,-0.75000,0.244979,2
10.400000,10.00000,-0.50000,0.244979,3
10.400000,11.00000,-0.25000,0.244979,4
10.400000,12.00000,0.00000,0.244979,5
10.400000,13.00000,0.25000,0.463648,6
10.400000,14.00000,0.75000,0.463648,7
10.400000,15.00000,1.25000,0.643501,8
10.400000,16.00000,2.00000,0.000000,9
10.400000,17.00000,2.00000,0.000000,10
10.400000,18.00000,2.00000,0.000000,11
10.400000,19.00000,2.00000,-0.244979,12
10.400000,20.00000,1.75000,-0.244979,13
10.400000,21.00000,1.50000,-0.463648,14
10.400000,22.00000,1.00000,-0.244979,15
10.400000,23.00000,0.75000,-0.244979,16
10.400000,24.00000,0.50000,-0.244979,17
10.400000,25.00000,0.25000,0.000000,18
10.400000,26.00000,0.25000,0.000000,19
10.400000,27.00000,0.25000,0.000000,20
10.400000,28.00000,0.25000,0.000000,21
10.400000,29.00000,0.25000,0.000000,22
10.400000,30.00000,0.25000,0.000000,23
10.400000,31.00000,0.25000,0.000000,24
10.400000,32.00000,0.25000,0.000000,25
10.400000,33.00000,0.25000,0.000000,26
10.400000,34.00000,0.25000,0.000000,27
10.400000,35.00000,0.25000,0.000000,28
10.400000,36.00000,0.25000,0.000000,29
10.400000,37.00000,0.25000,0.000000,30
10.500000,6.98880,-2.12644,0.714131,0
10.500000,8.00000,-1.25000,0.463648,1
10.500000,9.00000,-0.75000,0.244979,2
10.500000,10.00000,-0.50000,0.244979,3
10.500000,11.00000,-0.25000,0.244979,4
10.500000,12.00000,0.00000,0.244979,5
10.500000,13.00000,0.25000,0.463648,6
10.500000,14.00000,0.75000,0.463648,7
10.500000,15.00000,1.25000,0.643501,8
10.500000,16.00000,2.00000,0.000000,9
10.500000,17.00000,2.00000,0.000000,10
10.500000,18.00000,2.00000,0.000000,11
10.500000,19.00000,2.00000,-0.244979,12
10.500000,20.00000,1.75000,-0.244979,13
10.500000,21.00000,1.50000,-0.463648,14
10.500000,22.00000,1.00000,-0.244979,15
10.500000,23.00000,0.75000,-0.244979,16
10.500000,24.00000,0.50000,-0.244979,17
10.500000,25.00000,0.25000,0.000000,18
10.500000,26.00000,0.25000,0.000000,19
10.500000,27.00000,0.25000,0.000000,20
10.500000,28.00000,0.25000,0.000000,21
10.500000,29.00000,0.25000,0.000000,22
10.500000,30.00000,0.25000,0.000000,23
10.500000,31.00000,0.25000,0.000000,24
10.500000,32.00000,0.25000,0.000000,25
10.500000,33.00000,0.25000,0.000000,26
10.500000,34.00000,0.25000,0.000000,27
10.500000,35.00000,0.25000,0.000000,28
10.500000,36.00000,0.25000,0.000000,29
10.500000,37.00000,0.25000,0.000000,30
10.600000,6.98941,-2.14900,0.727028,0
10.600000,8.00000,-1.25000,0.463648,1
10.600000,9.00000,-0.75000,0.244979,2
10.600000,10.00000,-0.50000,0.244979,3
10.600000,11.00000,-0.25000,0.244979,4
10.600000,12.00000,0.00000,0.244979,5
10.600000,13.00000,0.25000,0.463648,6
10.600000,14.00000,0.75000,0.463648,7
10.600000,15.00000,1.25000,0.643501,8
10.600000,16.00000,2.00000,0.000000,9
10.600000,17.00000,2.00000,0.000000,10
10.600000,18.00000,2.00000,0.000000,11
10.600000,19.00000,2.00000,-0.244979,12
10.600000,20.00000,1.75000,-0.244979,13
10.600000,21.00000,1.50000,-0.463648,14
10.600000,22.00000,1.00000,-0.244979,15
10.600000,23.00000,0.75000,-0.244979,16
10.600000,24.00000,0.50000,-0.244979,17
10.600000,25.00000,0.25000,0.000000,18
10.600000,26.00000,0.25000,0.000000,19
10.600000,27.00000,0.25000,0.000000,20
10.600000,28.00000,0.25000,0.000000,21
10.600000,29.00000,0.25000,0.000000,22
10.600000,30.00000,0.25000,0.000000,23
10.600000,31.00000,0.25000,0.000000,24
10.600000,32.00000,0.25000,0.000000,25
10.600000,33.00000,0.25000,0.000000,26
10.600000,34.00000,0.25000,0.000000,27
10.600000,35.00000,0.25000,0.000000,28
10.600000,36.00000,0.25000,0.000000,29
10.600000,37.00000,0.25000,0.000000,30
10.700000,6.94805,-2.11891,0.690394,0
10.700000,8.00000,-1.25000,0.463648,1
10.700000,9.00000,-0.75000,0.244979,2
10.700000,10.00000,-0.50000,0.244979,3
10.700000,11.00000,-0.25000,0.244979,4
10.700000,12.00000,0.00000,0.244979,5
10.700000,13.00000,0.25000,0.463648,6
10.700000,14.00000,0.75000,0.463648,7
10.700000,15.00000,1.25000,0.643501,8
10.700000,16.00000,2.00000,0.000000,9
10.700000,17.00000,2.00000,0.000000,10
10.700000,18.00000,2.00000,0.000000,11
10.700000,19.00000,2.00000,-0.244979,12
10.700000,20.00000,1.75000,-0.244979,13
10.700000,21.00000,1.50000,-0.463648,14
10.700000,22.00000,1.00000,-0.244979,15
10.700000,23.00000,0.75000,-0.244979,16
10.700000,24.00000,0.50000,-0.244979,17
10.700000,25.00000,0.25000,0.000000,18
10.700000,26.00000,0.25000,0.000000,19
10.700000,27.00000,0.25000,0.000000,20
10.700000,28.00000,0.25000,0.000000,21
10.700000,29.00000,0.25000,0.000000,22
10.700000,30.00000,0.25000,0.000000,23
10.700000,31.00000,0.25000,0.000000,24
10.700000,32.00000,0.25000,0.000000,25
10.700000,33.00000,0.25000,0.000000,26
10.700000,34.00000,0.25000,0.000000,27
10.700000,35.00000,0.25000,0.000000,28
10.700000,36.00000,0.25000,0.000000,29
10.700000,37.00000,0.25000,0.000000,30
10.800000,6.99756,-2.11623,0.712637,0
10.800000,8.00000,-1.25000,0.463648,1
10.800000,9.00000,-0.75000,0.244979,2
10.800000,10.00000,-0.50000,0.244979,3
10.800000,11.00000,-0.25000,0.244979,4
10.800000,12.00000,0.00000,0.244979,5
10.800000,13.00000,0.25000,0.463648,6
10.800000,14.00000,0.75000,0.463648,7
10.800000,15.00000,1.25000,0.643501,8
10.800000,16.00000,2.00000,0.000000,9
10.800000,17.00000,2.00000,0.000000,10
10.800000,18.00000,2.00000,0.000000,11
10.800000,19.00000,2.00000,-0.244979,12
10.800000,20.00000,1.75000,-0.244979,13
10.800000,21.00000,1.50000,-0.463648,14
10.800000,22.00000,1.00000,-0.244979,15
10.800000,23.00000,0.75000,-0.244979,16
10.800000,24.00000,0.50000,-0.244979,17
10.800000,25.00000,0.25000,0.000000,18
10.800000,26.00000,0.25000,0.000000,19
10.800000,27.00000,0.25000,0.000000,20
10.800000,28.00000,0.25000,0.000000,21
10.800000,29.00000,0.25000,0.000000,22
10.800000,30.00000,0.25000,0.000000,23
10.800000,31.00000,0.25000,0.000000,24
10.800000,32.00000,0.25000,0.000000,25
10.800000,33.00000,0.25000,0.000000,26
10.800000,34.00000,0.25000,0.000000,27
10.800000,35.00000,0.25000,0.000000,28
10.800000,36.00000,0.25000,0.000000,29
10.800000,37.00000,0.25000,0.000000,30
10.904000,6.95679,-2.12462,0.697720,0
10.904000,8.00000,-1.25000,0.463648,1
10.904000,9.00000,-0.75000,0.244979,2
10.904000,10.00000,-0.50000,0.244979,3
10.904000,11.00000,-0.25000,0.244979,4
10.904000,12.00000,0.00000,0.244979,5
10.904000,13.00000,0.25000,0.463648,6
10.904000,14.00000,0.75000,0.463648,7
10.904000,15.00000,1.25000,0.643501,8
10.904000,16.00000,2.00000,0.000000,9
10.904000,17.00000,2.00000,0.000000,10
10.904000,18.00000,2.00000,0.000000,11
10.904000,19.00000,2.00000,-0.244979,12
10.904000,20.00000,1.75000,-0.244979,13
10.904000,21.00000,1.50000,-0.463648,14
10.904000,22.00000,1.00000,-0.244979,15
10.904000,23.00000,0.75000,-0.244979,16
10.904000,24.00000,0.50000,-0.244979,17
10.904000,25.00000,0.25000,0.000000,18
10.904000,26.00000,0.25000,0.000000,19
10.904000,27.00000,0.25000,0.000000,20
10.904000,28.00000,0.25000,0.000000,21
10.904000,29.00000,0.25000,0.000000,22
10.904000,30.00000,0.25000,0.000000,23
10.904000,31.00000,0.25000,0.000000,24
10.904000,32.00000,0.25000,0.000000,25
10.904000,33.00000,0.25000,0.000000,26
10.904000,34.00000,0.25000,0.000000,27
10.904000,35.00000,0.25000,0.000000,28
10.904000,36.00000,0.25000,0.000000,29
10.904000,37.00000,0.25000,0.000000,30
11.002000,6.99347,-2.13332,0.720296,0
11.002000,8.00000,-1.25000,0.463648,1
11.002000,9.00000,-0.75000,0.244979,2
11.002000,10.00000,-0.50000,0.244979,3
11.002000,11.00000,-0.25000,0.244979,4
11.002000,12.00000,0.00000,0.244979,5
11.002000,13.00000,0.25000,0.463648,6
11.002000,14.00000,0.75000,0.463648,7
11.002000,15.00000,1.25000,0.643501,8
11.002000,16.00000,2.00000,0.000000,9
11.002000,17.00000,2.00000,0.000000,10
11.002000,18.00000,2.00000,-0.244979,11
11.002000,19.00000,1.75000,-0.244979,12
11.002000,20.00000,1.50000,-0.244979,13
11.002000,21.00000,1.25000,-0.463648,14
11.002000,22.00000,0.75000,-0.244979,15
11.002000,23.00000,0.50000,-0.244979,16
11.002000,24.00000,0.25000,0.000000,17
11.002000,25.00000,0.25000,0.000000,18
11.002000,26.00000,0.25000,0.000000,19
11.002000,27.00000,0.25000,0.000000,20
11.002000,28.00000,0.25000,0.000000,21
11.002000,29.00000,0.25000,0.000000,22
11.002000,30.00000,0.25000,0.000000,23
11.002000,31.00000,0.25000,0.000000,24
11.002000,32.00000,0.25000,0.000000,25
11.002000,33.00000,0.25000,0.000000,26
11.002000,34.00000,0.25000,0.000000,27
11.002000,35.00000,0.25000,0.000000,28
11.002000,36.00000,0.25000,0.000000,29
11.002000,37.00000,0.25000,0.000000,30
11.100000,6.99546,-2.11897,0.713166,0
11.100000,8.00000,-1.25000,0.463648,1
11.100000,9.00000,-0.75000,0.244979,2
11.100000,10.00000,-0.50000,0.244979,3
11.100000,11.00000,-0.25000,0.244979,4
11.100000,12.00000,0.00000,0.244979,5
11.100000,13.00000,0.25000,0.463648,6
11.100000,14.00000,0.75000,0.463648,7
11.100000,15.00000,1.25000,0.643501,8
11.100000,16.00000,2.00000,0.000000,9
11.100000,17.00000,2.00000,0.000000,10
11.100000,18.00000,2.00000,0.000000,11
11.100000,19.00000,2.00000,-0.244979,12
11.100000,20.00000,1.75000,-0.244979,13
11.100000,21.00000,1.50000,-0.463648,14
11.100000,22.00000,1.00000,-0.244979,15
11.100000,23.00000,0.75000,-0.244979,16
11.100000,24.00000,0.50000,-0.244979,17
11.100000,25.00000,0.25000,0.000000,18
11.100000,26.00000,0.25000,0.000000,19
11.100000,27.00000,0.25000,0.000000,20
11.100000,28.00000,0.25000,0.000000,21
11.100000,29.00000,0.25000,0.000000,22
11.100000,30.00000,0.25000,0.000000,23
11.100000,31.00000,0.25000,0.000000,24
11.100000,32.00000,0.25000,0.000000,25
11.100000,33.00000,0.25000,0.000000,26
11.100000,34.00000,0.25000,0.000000,27
11.100000,35.00000,0.25000,0.000000,28
11.100000,36.00000,0.25000,0.000000,29
11.100000,37.00000,0.25000,0.000000,30
11.202000,6.97427,-2.14937,0.719853,0
11.202000,8.00000,-1.25000,0.463648,1
11.202000,9.00000,-0.75000,0.244979,2
11.202000,10.00000,-0.50000,0.244979,3
11.202000,11.00000,-0.25000,0.244979,4
11.202000,12.00000,0.00000,0.244979,5
11.202000,13.00000,0.25000,0.463648,6
11.202000,14.00000,0.75000,0.463648,7
11.202000,15.00000,1.25000,0.643501,8
11.202000,16.00000,2.00000,0.000000,9
11.202000,17.00000,2.00000,0.000000,10
11.202000,18.00000,2.00000,0.000000,11
11.202000,19.00000,2.00000,-0.244979,12
11.202000,20.00000,1.75000,-0.244979,13
11.202000,21.00000,1.50000,-0.463648,14
11.202000,22.00000,1.00000,-0.244979,15
11.202000,23.00000,0.75000,-0.244979,16
11.202000,24.00000,0.50000,-0.244979,17
11.202000,25.00000,0.25000,0.000000,18
11.202000,26.00000,0.25000,0.000000,19
11.202000,27.00000,0.25000,0.000000,20
11.202000,28.00000,0.25000,0.000000,21
11.202000,29.00000,0.25000,0.000000,22
11.202000,30.00000,0.25000,0.000000,23
11.202000,31.00000,0.25000,0.000000,24
11.202000,32.00000,0.25000,0.000000,25
11.202000,33.00000,0.25000,0.000000,26
11.202000,34.00000,0.25000,0.000000,27
11.202000,35.00000,0.25000,0.000000,28
11.202000,36.00000,0.25000,0.000000,29
11.202000,37.00000,0.25000,0.000000,30
11.300000,7.00682,-2.17286,0.595452,0
11.300000,8.00000,-1.50000,0.463648,1
11.300000,9.00000,-1.00000,0.463648,2
11.300000,10.00000,-0.50000,0.244979,3
11.300000,11.00000,-0.25000,0.244979,4
11.300000,12.00000,0.00000,0.244979,5
11.300000,13.00000,0.25000,0.463648,6
11.300000,14.00000,0.75000,0.463648,7
11.300000,15.00000,1.25000,0.643501,8
11.300000,16.00000,2.00000,0.000000,9
11.300000,17.00000,2.00000,0.000000,10
11.300000,18.00000,2.00000,-0.244979,11
11.300000,19.00000,1.75000,-0.244979,12
11.300000,20.00000,1.50000,-0.244979,13
11.300000,21.00000,1.25000,-0.463648,14
11.300000,22.00000,0.75000,-0.244979,15
11.300000,23.00000,0.50000,-0.244979,16
11.300000,24.00000,0.25000,0.000000,17
11.300000,25.00000,0.25000,0.000000,18
11.300000,26.00000,0.25000,0.000000,19
11.300000,27.00000,0.25000,0.000000,20
11.300000,28.00000,0.25000,0.000000,21
11.300000,29.00000,0.25000,0.000000,22
11.300000,30.00000,0.25000,0.000000,23
11.300000,31.00000,0.25000,0.000000,24
11.300000,32.00000,0.25000,0.000000,25
11.300000,33.00000,0.25000,0.000000,26
11.300000,34.00000,0.25000,0.000000,27
11.300000,35.00000,0.25000,0.000000,28
11.300000,36.00000,0.25000,0.000000,29
11.300000,37.00000,0.25000,0.000000,30
11.400000,7.03220,-2.20145,0.627168,0
11.400000,8.00000,-1.50000,0.463648,1
11.400000,9.00000,-1.00000,0.463648,2
11.400000,10.00000,-0.50000,0.244979,3
11.400000,11.00000,-0.25000,0.244979,4
11.400000,12.00000,0.00000,0.244979,5
11.400000,13.00000,0.25000,0.463648,6
11.400000,14.00000,0.75000,0.463648,7
11.400000,15.00000,1.25000,0.643501,8
11.400000,16.00000,2.00000,0.000000,9
11.400000,17.00000,2.00000,0.000000,10
11.400000,18.00000,2.00000,0.000000,11
11.400000,19.00000,2.00000,-0.244979,12
11.400000,20.00000,1.75000,-0.244979,13
11.400000,21.00000,1.50000,-0.463648,14
11.400000,22.00000,1.00000,-0.244979,15
11.400000,23.00000,0.75000,-0.244979,16
11.400000,24.00000,0.50000,-0.244979,17
11.400000,25.00000,0.25000,0.000000,18
11.400000,26.00000,0.25000,0.000000,19
11.400000,27.00000,0.25000,0.000000,20
11.400000,28.00000,0.25000,0.000000,21
11.400000,29.00000,0.25000,0.000000,22
11.400000,30.00000,0.25000,0.000000,23
11.400000,31.00000,0.25000,0.000000,24
11.400000,32.00000,0.25000,0.000000,25
11.400000,33.00000,0.25000,0.000000,26
11.400000,34.00000,0.25000,0.000000,27
11.400000,35.00000,0.25000,0.000000,28
11.400000,36.00000,0.25000,0.000000,29
11.400000,37.00000,0.25000,0.000000,30
11.500000,7.07006,-2.24232,0.673669,0
11.500000,8.00000,-1.50000,0.463648,1
11.500000,9.00000,-1.00000,0.463648,2
11.500000,10.00000,-0.50000,0.244979,3
11.500000,11.00000,-0.25000,0.244979,4
11.500000,12.00000,0.00000,0.244979,5
11.500000,13.00000,0.25000,0.463648,6
11.500000,14.00000,0.75000,0.463648,7
11.500000,15.00000,1.25000,0.643501,8
11.500000,16.00000,2.00000,0.000000,9
11.500000,17.00000,2.00000,0.000000,10
11.500000,18.00000,2.00000,-0.244979,11
11.500000,19.00000,1.75000,-0.244979,12
11.500000,20.00000,1.50000,-0.244979,13
11.500000,21.00000,1.25000,-0.463648,14
11.500000,22.00000,0.75000,-0.244979,15
11.500000,23.00000,0.50000,-0.244979,16
11.500000,24.00000,0.25000,0.000000,17
11.500000,25.00000,0.25000,0.000000,18
11.500000,26.00000,0.25000,0.000000,19
11.500000,27.00000,0.25000,0.000000,20
11.500000,28.00000,0.25000,0.000000,21
11.500000,29.00000,0.25000,0.000000,22
11.500000,30.00000,0.25000,0.000000,23
11.500000,31.00000,0.25000,0.000000,24
11.500000,32.00000,0.25000,0.000000,25
11.500000,33.00000,0.25000,0.000000,26
11.500000,34.00000,0.25000,0.000000,27
11.500000,35.00000,0.25000,0.000000,28
11.500000,36.00000,0.25000,0.000000,29
11.500000,37.00000,0.25000,0.000000,30
11.600000,7.10620,-2.28260,0.719164,0
11.600000,8.00000,-1.50000,0.463648,1
11.600000,9.00000,-1.00000,0.463648,2
11.600000,10.00000,-0.50000,0.244979,3
11.600000,11.00000,-0.25000,0.244979,4
11.600000,12.00000,0.00000,0.244979,5
11.600000,13.00000,0.25000,0.463648,6
11.600000,14.00000,0.75000,0.463648,7
11.600000,15.00000,1.25000,0.643501,8
11.600000,16.00000,2.00000,0.000000,9
11.600000,17.00000,2.00000,0.000000,10
11.600000,18.00000,2.00000,0.000000,11
11.600000,19.00000,2.00000,-0.244979,12
11.600000,20.00000,1.75000,-0.244979,13
11.600000,21.00000,1.50000,-0.463648,14
11.600000,22.00000,1.00000,-0.244979,15
11.600000,23.00000,0.75000,-0.244979,16
11.600000,24.00000,0.50000,-0.244979,17
11.600000,25.00000,0.25000,0.000000,18
11.600000,26.00000,0.25000,0.000000,19
11.600000,27.00000,0.25000,0.000000,20
11.600000,28.00000,0.25000,0.000000,21
11.600000,29.00000,0.25000,0.000000,22
11.600000,30.00000,0.25000,0.000000,23
11.600000,31.00000,0.25000,0.000000,24
11.600000,32.00000,0.25000,0.000000,25
11.600000,33.00000,0.25000,0.000000,26
11.600000,34.00000,0.25000,0.000000,27
11.600000,35.00000,0.25000,0.000000,28
11.600000,36.00000,0.25000,0.000000,29
11.600000,37.00000,0.25000,0.000000,30
11.700000,7.15549,-2.34049,0.783013,0
11.700000,8.00000,-1.50000,0.463648,1
11.700000,9.00000,-1.00000,0.463648,2
11.700000,10.00000,-0.50000,0.244979,3
11.700000,11.00000,-0.25000,0.244979,4
11.700000,12.00000,0.00000,0.244979,5
11.700000,13.00000,0.25000,0.463648,6
11.700000,14.00000,0.75000,0.463648,7
11.700000,15.00000,1.25000,0.643501,8
11.700000,16.00000,2.00000,0.000000,9
11.700000,17.00000,2.00000,0.000000,10
11.700000,18.00000,2.00000,0.000000,11
11.700000,19.00000,2.00000,-0.244979,12
11.700000,20.00000,1.75000,-0.244979,13
11.700000,21.00000,1.50000,-0.463648,14
11.700000,22.00000,1.00000,-0.244979,15
11.700000,23.00000,0.75000,-0.244979,16
11.700000,24.00000,0.50000,-0.244979,17
11.700000,25.00000,0.25000,0.000000,18
11.700000,26.00000,0.25000,0.000000,19
11.700000,27.00000,0.25000,0.000000,20
11.700000,28.00000,0.25000,0.000000,21
11.700000,29.00000,0.25000,0.000000,22
11.700000,30.00000,0.25000,0.000000,23
11.700000,31.00000,0.25000,0.000000,24
11.700000,32.00000,0.25000,0.000000,25
11.700000,33.00000,0.25000,0.000000,26
11.700000,34.00000,0.25000,0.000000,27
11.700000,35.00000,0.25000,0.000000,28
11.700000,36.00000,0.25000,0.000000,29
11.700000,37.00000,0.25000,0.000000,30
11.800000,7.20579,-2.39131,0.842945,0
11.800000,8.00000,-1.50000,0.463648,1
11.800000,9.00000,-1.00000,0.463648,2
11.800000,10.00000,-0.50000,0.244979,3
11.800000,11.00000,-0.25000,0.244979,4
11.800000,12.00000,0.00000,0.244979,5
11.800000,13.00000,0.25000,0.463648,6
11.800000,14.00000,0.75000,0.463648,7
11.800000,15.00000,1.25000,0.643501,8
11.800000,16.00000,2.00000,0.000000,9
11.800000,17.00000,2.00000,0.000000,10
11.800000,18.00000,2.00000,-0.244979,11
11.800000,19.00000,1.75000,-0.244979,12
11.800000,20.00000,1.50000,-0.244979,13
11.800000,21.00000,1.25000,-0.463648,14
11.800000,22.00000,0.75000,-0.244979,15
11.800000,23.00000,0.50000,-0.244979,16
11.800000,24.00000,0.25000,0.000000,17
11.800000,25.00000,0.25000,0.000000,18
11.800000,26.00000,0.25000,0.000000,19
11.800000,27.00000,0.25000,0.000000,20
11.800000,28.00000,0.25000,0.000000,21
11.800000,29.00000,0.25000,0.000000,22
11.800000,30.00000,0.25000,0.000000,23
11.800000,31.00000,0.25000,0.000000,24
11.800000,32.00000,0.25000,0.000000,25
11.800000,33.00000,0.25000,0.000000,26
11.800000,34.00000,0.25000,0.000000,27
11.800000,35.00000,0.25000,0.000000,28
11.800000,36.00000,0.25000,0.000000,29
11.800000,37.00000,0.25000,0.000000,30
11.900000,7.26446,-2.40235,0.485790,0
11.900000,8.50000,-1.75000,0.463648,1
11.900000,9.50000,-1.25000,0.463648,2
11.900000,10.50000,-0.75000,0.463648,3
11.900000,11.50000,-0.25000,0.244979,4
11.900000,12.50000,0.00000,0.463648,5
11.900000,13.50000,0.50000,0.463648,6
11.900000,14.50000,1.00000,0.463648,7
11.900000,15.50000,1.50000,0.463648,8
11.900000,16.50000,2.00000,0.000000,9
11.900000,17.50000,2.00000,0.000000,10
11.900000,18.50000,2.00000,-0.244979,11
11.900000,19.50000,1.75000,-0.244979,12
11.900000,20.50000,1.50000,-0.463648,13
11.900000,21.50000,1.00000,-0.244979,14
11.900000,22.50000,0.75000,-0.244979,15
11.900000,23.50000,0.50000,-0.244979,16
11.900000,24.50000,0.25000,0.000000,17
11.900000,25.50000,0.25000,0.000000,18
11.900000,26.50000,0.25000,0.000000,19
11.900000,27.50000,0.25000,0.000000,20
11.900000,28.50000,0.25000,0.000000,21
11.900000,29.50000,0.25000,0.000000,22
11.900000,30.50000,0.25000,0.000000,23
11.900000,31.50000,0.25000,0.000000,24
11.900000,32.50000,0.25000,0.000000,25
11.900000,33.50000,0.25000,0.000000,26
11.900000,34.50000,0.25000,0.000000,27
11.900000,35.50000,0.25000,0.000000,28
11.900000,36.50000,0.25000,0.000000,29
11.900000,37.50000,0.25000,0.000000,30
12.000000,7.32736,-2.43234,0.526995,0
12.000000,8.50000,-1.75000,0.463648,1
12.000000,9.50000,-1.25000,0.463648,2
12.000000,10.50000,-0.75000,0.463648,3
12.000000,11.50000,-0.25000,0.244979,4
12.000000,12.50000,0.00000,0.463648,5
12.000000,13.50000,0.50000,0.463648,6
12.000000,14.50000,1.00000,0.463648,7
12.000000,15.50000,1.50000,0.463648,8
12.000000,16.50000,2.00000,0.000000,9
12.000000,17.50000,2.00000,0.000000,10
12.000000,18.50000,2.00000,-0.244979,11
12.000000,19.50000,1.75000,-0.244979,12
12.000000,20.50000,1.50000,-0.463648,13
12.000000,21.50000,1.00000,-0.244979,14
12.000000,22.50000,0.75000,-0.244979,15
12.000000,23.50000,0.50000,-0.244979,16
12.000000,24.50000,0.25000,0.000000,17
12.000000,25.50000,0.25000,0.000000,18
12.000000,26.50000,0.25000,0.000000,19
12.000000,27.50000,0.25000,0.000000,20
12.000000,28.50000,0.25000,0.000000,21
12.000000,29.50000,0.25000,0.000000,22
12.000000,30.50000,0.25000,0.000000,23
12.000000,31.50000,0.25000,0.000000,24
12.000000,32.50000,0.25000,0.000000,25
12.000000,33.50000,0.25000,0.000000,26
12.000000,34.50000,0.25000,0.000000,27
12.000000,35.50000,0.25000,0.000000,28
12.000000,36.50000,0.25000,0.000000,29
12.000000,37.50000,0.25000,0.000000,30
12.100000,7.38426,-2.48500,0.582508,0
12.100000,8.50000,-1.75000,0.463648,1
12.100000,9.50000,-1.25000,0.463648,2
12.100000,10.50000,-0.75000,0.463648,3
12.100000,11.50000,-0.25000,0.244979,4
12.100000,12.50000,0.00000,0.463648,5
12.100000,13.50000,0.50000,0.463648,6
12.100000,14.50000,1.00000,0.463648,7
12.100000,15.50000,1.50000,0.463648,8
12.100000,16.50000,2.00000,0.000000,9
12.100000,17.50000,2.00000,0.000000,10
12.100000,18.50000,2.00000,-0.244979,11
12.100000,19.50000,1.75000,-0.244979,12
12.100000,20.50000,1.50000,-0.463648,13
12.100000,21.50000,1.00000,-0.244979,14
12.100000,22.50000,0.75000,-0.244979,15
12.100000,23.50000,0.50000,-0.244979,16
12.100000,24.50000,0.25000,0.000000,17
12.100000,25.50000,0.25000,0.000000,18
12.100000,26.50000,0.25000,0.000000,19
12.100000,27.50000,0.25000,0.000000,20
12.100000,28.50000,0.25000,0.000000,21
12.100000,29.50000,0.25000,0.000000,22
12.100000,30.50000,0.25000,0.000000,23
12.100000,31.50000,0.25000,0.000000,24
12.100000,32.50000,0.25000,0.000000,25
12.100000,33.50000,0.25000,0.000000,26
12.100000,34.50000,0.25000,0.000000,27
12.100000,35.50000,0.25000,0.000000,28
12.100000,36.50000,0.25000,0.000000,29
12.100000,37.50000,0.25000,0.000000,30
12.200000,7.45466,-2.50797,0.627372,0
12.200000,8.50000,-1.75000,0.463648,1
12.200000,9.50000,-1.25000,0.463648,2
12.200000,10.50000,-0.75000,0.463648,3
12.200000,11.50000,-0.25000,0.244979,4
12.200000,12.50000,0.00000,0.463648,5
12.200000,13.50000,0.50000,0.463648,6
12.200000,14.50000,1.00000,0.463648,7
12.200000,15.50000,1.50000,0.463648,8
12.200000,16.50000,2.00000,0.000000,9
12.200000,17.50000,2.00000,0.000000,10
12.200000,18.50000,2.00000,-0.244979,11
12.200000,19.50000,1.75000,-0.244979,12
12.200000,20.50000,1.50000,-0.463648,13
12.200000,21.50000,1.00000,-0.244979,14
12.200000,22.50000,0.75000,-0.244979,15
12.200000,23.50000,0.50000,-0.244979,16
12.200000,24.50000,0.25000,0.000000,17
12.200000,25.50000,0.25000,0.000000,18
12.200000,26.50000,0.25000,0.000000,19
12.200000,27.50000,0.25000,0.000000,20
12.200000,28.50000,0.25000,0.000000,21
12.200000,29.50000,0.25000,0.000000,22
12.200000,30.50000,0.25000,0.000000,23
12.200000,31.50000,0.25000,0.000000,24
12.200000,32.50000,0.25000,0.000000,25
12.200000,33.50000,0.25000,0.000000,26
12.200000,34.50000,0.25000,0.000000,27
12.200000,35.50000,0.25000,0.000000,28
12.200000,36.50000,0.25000,0.000000,29
12.200000,37.50000,0.25000,0.000000,30
12.300000,7.52567,-2.54771,0.686059,0
12.300000,8.50000,-1.75000,0.463648,1
12.300000,9.50000,-1.25000,0.463648,2
12.300000,10.50000,-0.75000,0.463648,3
12.300000,11.50000,-0.25000,0.244979,4
12.300000,12.50000,0.00000,0.463648,5
12.300000,13.50000,0.50000,0.463648,6
12.300000,14.50000,1.00000,0.463648,7
12.300000,15.50000,1.50000,0.463648,8
12.300000,16.50000,2.00000,0.000000,9
12.300000,17.50000,2.00000,0.000000,10
12.300000,18.50000,2.00000,-0.244979,11
12.300000,19.50000,1.75000,-0.244979,12
12.300000,20.50000,1.50000,-0.463648,13
12.300000,21.50000,1.00000,-0.244979,14
12.300000,22.50000,0.75000,-0.244979,15
12.300000,23.50000,0.50000,-0.244979,16
12.300000,24.50000,0.25000,0.000000,17
12.300000,25.50000,0.25000,0.000000,18
12.300000,26.50000,0.25000,0.000000,19
12.300000,27.50000,0.25000,0.000000,20
12.300000,28.50000,0.25000,0.000000,21
12.300000,29.50000,0.25000,0.000000,22
12.300000,30.50000,0.25000,0.000000,23
12.300000,31.50000,0.25000,0.000000,24
12.300000,32.50000,0.25000,0.000000,25
12.300000,33.50000,0.25000,0.000000,26
12.300000,34.50000,0.25000,0.000000,27
12.300000,35.50000,0.25000,0.000000,28
12.300000,36.50000,0.25000,0.000000,29
12.300000,37.50000,0.25000,0.000000,30
12.400000,7.57423,-2.54720,0.710914,0
12.400000,8.50000,-1.75000,0.463648,1
12.400000,9.50000,-1.25000,0.463648,2
12.400000,10.50000,-0.75000,0.463648,3
12.400000,11.50000,-0.25000,0.244979,4
12.400000,12.50000,0.00000,0.463648,5
12.400000,13.50000,0.50000,0.463648,6
12.400000,14.50000,1.00000,0.463648,7
12.400000,15.50000,1.50000,0.463648,8
12.400000,16.50000,2.00000,0.000000,9
12.400000,17.50000,2.00000,0.000000,10
12.400000,18.50000,2.00000,-0.244979,11
12.400000,19.50000,1.75000,-0.244979,12
12.400000,20.50000,1.50000,-0.463648,13
12.400000,21.50000,1.00000,-0.244979,14
12.400000,22.50000,0.75000,-0.244979,15
12.400000,23.50000,0.50000,-0.244979,16
12.400000,24.50000,0.25000,0.000000,17
12.400000,25.50000,0.25000,0.000000,18
12.400000,26.50000,0.25000,0.000000,19
12.400000,27.50000,0.25000,0.000000,20
12.400000,28.50000,0.25000,0.000000,21
12.400000,29.50000,0.25000,0.000000,22
12.400000,30.50000,0.25000,0.000000,23
12.400000,31.50000,0.25000,0.000000,24
12.400000,32.50000,0.25000,0.000000,25
12.400000,33.50000,0.25000,0.000000,26
12.400000,34.50000,0.25000,0.000000,27
12.400000,35.50000,0.25000,0.000000,28
12.400000,36.50000,0.25000,0.000000,29
12.400000,37.50000,0.25000,0.000000,30
12.500000,7.64844,-2.56162,0.761387,0
12.500000,8.50000,-1.75000,0.463648,1
12.500000,9.50000,-1.25000,0.463648,2
12.500000,10.50000,-0.75000,0.463648,3
12.500000,11.50000,-0.25000,0.244979,4
12.500000,12.50000,0.00000,0.463648,5
12.500000,13.50000,0.50000,0.463648,6
12.500000,14.50000,1.00000,0.463648,7
12.500000,15.50000,1.50000,0.463648,8
12.500000,16.50000,2.00000,0.000000,9
12.500000,17.50000,2.00000,0.000000,10
12.500000,18.50000,2.00000,-0.244979,11
12.500000,19.50000,1.75000,-0.244979,12
12.500000,20.50000,1.50000,-0.463648,13
12.500000,21.50000,1.00000,-0.244979,14
12.500000,22.50000,0.75000,-0.244979,15
12.500000,23.50000,0.50000,-0.244979,16
12.500000,24.50000,0.25000,0.000000,17
12.500000,25.50000,0.25000,0.000000,18
12.500000,26.50000,0.25000,0.000000,19
12.500000,27.50000,0.25000,0.000000,20
12.500000,28.50000,0.25000,0.000000,21
12.500000,29.50000,0.25000,0.000000,22
12.500000,30.50000,0.25000,0.000000,23
12.500000,31.50000,0.25000,0.000000,24
12.500000,32.50000,0.25000,0.000000,25
12.500000,33.50000,0.25000,0.000000,26
12.500000,34.50000,0.25000,0.000000,27
12.500000,35.50000,0.25000,0.000000,28
12.500000,36.50000,0.25000,0.000000,29
12.500000,37.50000,0.25000,0.000000,30
12.600000,7.70877,-2.58231,0.810695,0
12.600000,8.50000,-1.75000,0.463648,1
12.600000,9.50000,-1.25000,0.463648,2
12.600000,10.50000,-0.75000,0.463648,3
12.600000,11.50000,-0.25000,0.244979,4
12.600000,12.50000,0.00000,0.463648,5
12.600000,13.50000,0.50000,0.463648,6
12.600000,14.50000,1.00000,0.463648,7
12.600000,15.50000,1.50000,0.463648,8
12.600000,16.50000,2.00000,0.000000,9
12.600000,17.50000,2.00000,0.000000,10
12.600000,18.50000,2.00000,-0.244979,11
12.600000,19.50000,1.75000,-0.244979,12
12.600000,20.50000,1.50000,-0.463648,13
12.600000,21.50000,1.00000,-0.244979,14
12.600000,22.50000,0.75000,-0.244979,15
12.600000,23.50000,0.50000,-0.244979,16
12.600000,24.50000,0.25000,0.000000,17
12.600000,25.50000,0.25000,0.000000,18
12.600000,26.50000,0.25000,0.000000,19
12.600000,27.50000,0.25000,0.000000,20
12.600000,28.50000,0.25000,0.000000,21
12.600000,29.50000,0.25000,0.000000,22
12.600000,30.50000,0.25000,0.000000,23
12.600000,31.50000,0.25000,0.000000,24
12.600000,32.50000,0.25000,0.000000,25
12.600000,33.50000,0.25000,0.000000,26
12.600000,34.50000,0.25000,0.000000,27
12.600000,35.50000,0.25000,0.000000,28
12.600000,36.50000,0.25000,0.000000,29
12.600000,37.50000,0.25000,0.000000,30
12.700000,7.72275,-2.58767,0.822792,0
12.700000,8.50000,-1.75000,0.463648,1
12.700000,9.50000,-1.25000,0.463648,2
12.700000,10.50000,-0.75000,0.463648,3
12.700000,11.50000,-0.25000,0.244979,4
12.700000,12.50000,0.00000,0.463648,5
12.700000,13.50000,0.50000,0.463648,6
12.700000,14.50000,1.00000,0.463648,7
12.700000,15.50000,1.50000,0.463648,8
12.700000,16.50000,2.00000,0.000000,9
12.700000,17.50000,2.00000,0.000000,10
12.700000,18.50000,2.00000,-0.244979,11
12.700000,19.50000,1.75000,-0.244979,12
12.700000,20.50000,1.50000,-0.463648,13
12.700000,21.50000,1.00000,-0.244979,14
12.700000,22.50000,0.75000,-0.244979,15
12.700000,23.50000,0.50000,-0.244979,16
12.700000,24.50000,0.25000,0.000000,17
12.700000,25.50000,0.25000,0.000000,18
12.700000,26.50000,0.25000,0.000000,19
12.700000,27.50000,0.25000,0.000000,20
12.700000,28.50000,0.25000,0.000000,21
12.700000,29.50000,0.25000,0.000000,22
12.700000,30.50000,0.25000,0.000000,23
12.700000,31.50000,0.25000,0.000000,24
12.700000,32.50000,0.25000,0.000000,25
12.700000,33.50000,0.25000,0.000000,26
12.700000,34.50000,0.25000,0.000000,27
12.700000,35.50000,0.25000,0.000000,28
12.700000,36.50000,0.25000,0.000000,29
12.700000,37.50000,0.25000,0.000000,30
12.800000,7.74569,-2.60634,0.848663,0
12.800000,8.50000,-1.75000,0.463648,1
12.800000,9.50000,-1.25000,0.463648,2
12.800000,10.50000,-0.75000,0.463648,3
12.800000,11.50000,-0.25000,0.244979,4
12.800000,12.50000,0.00000,0.463648,5
12.800000,13.50000,0.50000,0.463648,6
12.800000,14.50000,1.00000,0.463648,7
12.800000,15.50000,1.50000,0.463648,8
12.800000,16.50000,2.00000,0.000000,9
12.800000,17.50000,2.00000,0.000000,10
12.800000,18.50000,2.00000,-0.244979,11
12.800000,19.50000,1.75000,-0.244979,12
12.800000,20.50000,1.50000,-0.463648,13
12.800000,21.50000,1.00000,-0.244979,14
12.800000,22.50000,0.75000,-0.244979,15
12.800000,23.50000,0.50000,-0.244979,16
12.800000,24.50000,0.25000,0.000000,17
12.800000,25.50000,0.25000,0.000000,18
12.800000,26.50000,0.25000,0.000000,19
12.800000,27.50000,0.25000,0.000000,20
12.800000,28.50000,0.25000,0.000000,21
12.800000,29.50000,0.25000,0.000000,22
12.800000,30.50000,0.25000,0.000000,23
12.800000,31.50000,0.25000,0.000000,24
12.800000,32.50000,0.25000,0.000000,25
12.800000,33.50000,0.25000,0.000000,26
12.800000,34.50000,0.25000,0.000000,27
12.800000,35.50000,0.25000,0.000000,28
12.800000,36.50000,0.25000,0.000000,29
12.800000,37.50000,0.25000,0.000000,30
12.900000,7.74588,-2.59105,0.839840,0
12.900000,8.50000,-1.75000,0.463648,1
12.900000,9.50000,-1.25000,0.463648,2
12.900000,10.50000,-0.75000,0.463648,3
12.900000,11.50000,-0.25000,0.244979,4
12.900000,12.50000,0.00000,0.463648,5
12.900000,13.50000,0.50000,0.463648,6
12.900000,14.50000,1.00000,0.463648,7
12.900000,15.50000,1.50000,0.463648,8
12.900000,16.50000,2.00000,0.000000,9
12.900000,17.50000,2.00000,0.000000,10
12.900000,18.50000,2.00000,-0.244979,11
12.900000,19.50000,1.75000,-0.244979,12
12.900000,20.50000,1.50000,-0.463648,13
12.900000,21.50000,1.00000,-0.244979,14
12.900000,22.50000,0.75000,-0.244979,15
12.900000,23.50000,0.50000,-0.244979,16
12.900000,24.50000,0.25000,0.000000,17
12.900000,25.50000,0.25000,0.000000,18
12.900000,26.50000,0.25000,0.000000,19
12.900000,27.50000,0.25000,0.000000,20
12.900000,28.50000,0.25000,0.000000,21
12.900000,29.50000,0.25000,0.000000,22
12.900000,30.50000,0.25000,0.000000,23
12.900000,31.50000,0.25000,0.000000,24
12.900000,32.50000,0.25000,0.000000,25
12.900000,33.50000,0.25000,0.000000,26
12.900000,34.50000,0.25000,0.000000,27
12.900000,35.50000,0.25000,0.000000,28
12.900000,36.50000,0.25000,0.000000,29
12.900000,37.50000,0.25000,0.000000,30
13.000000,7.74353,-2.59987,0.843475,0
13.000000,8.50000,-1.75000,0.463648,1
13.000000,9.50000,-1.25000,0.463648,2
13.000000,10.50000,-0.75000,0.463648,3
13.000000,11.50000,-0.25000,0.244979,4
13.000000,12.50000,0.00000,0.463648,5
13.000000,13.50000,0.50000,0.463648,6
13.000000,14.50000,1.00000,0.463648,7
13.000000,15.50000,1.50000,0.463648,8
13.000000,16.50000,2.00000,0.000000,9
13.000000,17.50000,2.00000,0.000000,10
13.000000,18.50000,2.00000,-0.244979,11
13.000000,19.50000,1.75000,-0.244979,12
13.000000,20.50000,1.50000,-0.463648,13
13.000000,21.50000,1.00000,-0.244979,14
13.000000,22.50000,0.75000,-0.244979,15
13.000000,23.50000,0.50000,-0.244979,16
13.000000,24.50000,0.25000,0.000000,17
13.000000,25.50000,0.25000,0.000000,18
13.000000,26.50000,0.25000,0.000000,19
13.000000,27.50000,0.25000,0.000000,20
13.000000,28.50000,0.25000,0.000000,21
13.000000,29.50000,0.25000,0.000000,22
13.000000,30.50000,0.25000,0.000000,23
13.000000,31.50000,0.25000,0.000000,24
13.000000,32.50000,0.25000,0.000000,25
13.000000,33.50000,0.25000,0.000000,26
13.000000,34.50000,0.25000,0.000000,27
13.000000,35.50000,0.25000,0.000000,28
13.000000,36.50000,0.25000,0.000000,29
13.000000,37.50000,0.25000,0.000000,30
13.100000,7.74367,-2.62084,0.855654,0
13.100000,8.50000,-1.75000,0.463648,1
13.100000,9.50000,-1.25000,0.463648,2
13.100000,10.50000,-0.75000,0.463648,3
13.100000,11.50000,-0.25000,0.244979,4
13.100000,12.50000,0.00000,0.463648,5
13.100000,13.50000,0.50000,0.463648,6
13.100000,14.50000,1.00000,0.463648,7
13.100000,15.50000,1.50000,0.463648,8
13.100000,16.50000,2.00000,0.000000,9
13.100000,17.50000,2.00000,0.000000,10
13.100000,18.50000,2.00000,-0.244979,11
13.100000,19.50000,1.75000,-0.244979,12
13.100000,20.50000,1.50000,-0.463648,13
13.100000,21.50000,1.00000,-0.244979,14
13.100000,22.50000,0.75000,-0.244979,15
13.100000,23.50000,0.50000,-0.244979,16
13.100000,24.50000,0.25000,0.000000,17
13.100000,25.50000,0.25000,0.000000,18
13.100000,26.50000,0.25000,0.000000,19
13.100000,27.50000,0.25000,0.000000,20
13.100000,28.50000,0.25000,0.000000,21
13.100000,29.50000,0.25000,0.000000,22
13.100000,30.50000,0.25000,0.000000,23
13.100000,31.50000,0.25000,0.000000,24
13.100000,32.50000,0.25000,0.000000,25
13.100000,33.50000,0.25000,0.000000,26
13.100000,34.50000,0.25000,0.000000,27
13.100000,35.50000,0.25000,0.000000,28
13.100000,36.50000,0.25000,0.000000,29
13.100000,37.50000,0.25000,0.000000,30
13.200000,7.72692,-2.61631,0.842203,0
13.200000,8.50000,-1.75000,0.463648,1
13.200000,9.50000,-1.25000,0.463648,2
13.200000,10.50000,-0.75000,0.463648,3
13.200000,11.50000,-0.25000,0.244979,4
13.200000,12.50000,0.00000,0.463648,5
13.200000,13.50000,0.50000,0.463648,6
13.200000,14.50000,1.00000,0.463648,7
13.200000,15.50000,1.50000,0.463648,8
13.200000,16.50000,2.00000,0.000000,9
13.200000,17.50000,2.00000,0.000000,10
13.200000,18.50000,2.00000,-0.244979,11
13.200000,19.50000,1.75000,-0.244979,12
13.200000,20.50000,1.50000,-0.463648,13
13.200000,21.50000,1.00000,-0.244979,14
13.200000,22.50000,0.75000,-0.244979,15
13.200000,23.50000,0.50000,-0.244979,16
13.200000,24.50000,0.25000,0.000000,17
13.200000,25.50000,0.25000,0.000000,18
13.200000,26.50000,0.25000,0.000000,19
13.200000,27.50000,0.25000,0.000000,20
13.200000,28.50000,0.25000,0.000000,21
13.200000,29.50000,0.25000,0.000000,22
13.200000,30.50000,0.25000,0.000000,23
13.200000,31.50000,0.25000,0.000000,24
13.200000,32.50000,0.25000,0.000000,25
13.200000,33.50000,0.25000,0.000000,26
13.200000,34.50000,0.25000,0.000000,27
13.200000,35.50000,0.25000,0.000000,28
13.200000,36.50000,0.25000,0.000000,29
13.200000,37.50000,0.25000,0.000000,30
13.300000,7.74521,-2.61941,0.855848,0
13.300000,8.50000,-1.75000,0.463648,1
13.300000,9.50000,-1.25000,0.463648,2
13.300000,10.50000,-0.75000,0.463648,3
13.300000,11.50000,-0.25000,0.244979,4
13.300000,12.50000,0.00000,0.463648,5
13.300000,13.50000,0.50000,0.463648,6
13.300000,14.50000,1.00000,0.463648,7
13.300000,15.50000,1.50000,0.463648,8
13.300000,16.50000,2.00000,0.000000,9
13.300000,17.50000,2.00000,0.000000,10
13.300000,18.50000,2.00000,-0.244979,11
13.300000,19.50000,1.75000,-0.244979,12
13.300000,20.50000,1.50000,-0.463648,13
13.300000,21.50000,1.00000,-0.244979,14
13.300000,22.50000,0.75000,-0.244979,15
13.300000,23.50000,0.50000,-0.244979,16
13.300000,24.50000,0.25000,0.000000,17
13.300000,25.50000,0.25000,0.000000,18
13.300000,26.50000,0.25000,0.000000,19
13.300000,27.50000,0.25000,0.000000,20
13.300000,28.50000,0.25000,0.000000,21
13.300000,29.50000,0.25000,0.000000,22
13.300000,30.50000,0.25000,0.000000,23
13.300000,31.50000,0.25000,0.000000,24
13.300000,32.50000,0.25000,0.000000,25
13.300000,33.50000,0.25000,0.000000,26
13.300000,34.50000,0.25000,0.000000,27
13.300000,35.50000,0.25000,0.000000,28
13.300000,36.50000,0.25000,0.000000,29
13.300000,37.50000,0.25000,0.000000,30
13.400000,7.73491,-2.60216,0.839187,0
13.400000,8.50000,-1.75000,0.463648,1
13.400000,9.50000,-1.25000,0.463648,2
13.400000,10.50000,-0.75000,0.463648,3
13.400000,11.50000,-0.25000,0.244979,4
13.400000,12.50000,0.00000,0.463648,5
13.400000,13.50000,0.50000,0.463648,6
13.400000,14.50000,1.00000,0.463648,7
13.400000,15.50000,1.50000,0.463648,8
13.400000,16.50000,2.00000,0.000000,9
13.400000,17.50000,2.00000,0.000000,10
13.400000,18.50000,2.00000,-0.244979,11
13.400000,19.50000,1.75000,-0.244979,12
13.400000,20.50000,1.50000,-0.463648,13
13.400000,21.50000,1.00000,-0.244979,14
13.400000,22.50000,0.75000,-0.244979,15
13.400000,23.50000,0.50000,-0.244979,16
13.400000,24.50000,0.25000,0.000000,17
13.400000,25.50000,0.25000,0.000000,18
13.400000,26.50000,0.25000,0.000000,19
13.400000,27.50000,0.25000,0.000000,20
13.400000,28.50000,0.25000,0.000000,21
13.400000,29.50000,0.25000,0.000000,22
13.400000,30.50000,0.25000,0.000000,23
13.400000,31.50000,0.25000,0.000000,24
13.400000,32.50000,0.25000,0.000000,25
13.400000,33.50000,0.25000,0.000000,26
13.400000,34.50000,0.25000,0.000000,27
13.400000,35.50000,0.25000,0.000000,28
13.400000,36.50000,0.25000,0.000000,29
13.400000,37.50000,0.25000,0.000000,30
13.500000,7.73812,-2.60228,0.841342,0
13.500000,8.50000,-1.75000,0.463648,1
13.500000,9.50000,-1.25000,0.463648,2
13.500000,10.50000,-0.75000,0.463648,3
13.500000,11.50000,-0.25000,0.244979,4
13.500000,12.50000,0.00000,0.463648,5
13.500000,13.50000,0.50000,0.463648,6
13.500000,14.50000,1.00000,0.463648,7
13.500000,15.50000,1.50000,0.463648,8
13.500000,16.50000,2.00000,0.000000,9
13.500000,17.50000,2.00000,0.000000,10
13.500000,18.50000,2.00000,-0.244979,11
13.500000,19.50000,1.75000,-0.244979,12
13.500000,20.50000,1.50000,-0.463648,13
13.500000,21.50000,1.00000,-0.244979,14
13.500000,22.50000,0.75000,-0.244979,15
13.500000,23.50000,0.50000,-0.244979,16
13.500000,24.50000,0.25000,0.000000,17
13.500000,25.50000,0.25000,0.000000,18
13.500000,26.50000,0.25000,0.000000,19
13.500000,27.50000,0.25000,0.000000,20
13.500000,28.50000,0.25000,0.000000,21
13.500000,29.50000,0.25000,0.000000,22
13.500000,30.50000,0.25000,0.000000,23
13.500000,31.50000,0.25000,0.000000,24
13.500000,32.50000,0.25000,0.000000,25
13.500000,33.50000,0.25000,0.000000,26
13.500000,34.50000,0.25000,0.000000,27
13.500000,35.50000,0.25000,0.000000,28
13.500000,36.50000,0.25000,0.000000,29
13.500000,37.50000,0.25000,0.000000,30
13.600000,7.72884,-2.58949,0.827792,0
13.600000,8.50000,-1.75000,0.463648,1
13.600000,9.50000,-1.25000,0.463648,2
13.600000,10.50000,-0.75000,0.463648,3
13.600000,11.50000,-0.25000,0.244979,4
13.600000,12.50000,0.00000,0.463648,5
13.600000,13.50000,0.50000,0.463648,6
13.600000,14.50000,1.00000,0.463648,7
13.600000,15.50000,1.50000,0.463648,8
13.600000,16.50000,2.00000,0.000000,9
13.600000,17.50000,2.00000,0.000000,10
13.600000,18.50000,2.00000,-0.244979,11
13.600000,19.50000,1.75000,-0.244979,12
13.600000,20.50000,1.50000,-0.463648,13
13.600000,21.50000,1.00000,-0.244979,14
13.600000,22.50000,0.75000,-0.244979,15
13.600000,23.50000,0.50000,-0.244979,16
13.600000,24.50000,0.25000,0.000000,17
13.600000,25.50000,0.25000,0.000000,18
13.600000,26.50000,0.25000,0.000000,19
13.600000,27.50000,0.25000,0.000000,20
13.600000,28.50000,0.25000,0.000000,21
13.600000,29.50000,0.25000,0.000000,22
13.600000,30.50000,0.25000,0.000000,23
13.600000,31.50000,0.25000,0.000000,24
13.600000,32.50000,0.25000,0.000000,25
13.600000,33.50000,0.25000,0.000000,26
13.600000,34.50000,0.25000,0.000000,27
13.600000,35.50000,0.25000,0.000000,28
13.600000,36.50000,0.25000,0.000000,29
13.600000,37.50000,0.25000,0.000000,30
13.700000,7.72698,-2.57597,0.818500,0
13.700000,8.50000,-1.75000,0.463648,1
13.700000,9.50000,-1.25000,0.463648,2
13.700000,10.50000,-0.75000,0.463648,3
13.700000,11.50000,-0.25000,0.244979,4
13.700000,12.50000,0.00000,0.463648,5
13.700000,13.50000,0.50000,0.463648,6
13.700000,14.50000,1.00000,0.463648,7
13.700000,15.50000,1.50000,0.463648,8
13.700000,16.50000,2.00000,0.000000,9
13.700000,17.50000,2.00000,0.000000,10
13.700000,18.50000,2.00000,-0.244979,11
13.700000,19.50000,1.75000,-0.244979,12
13.700000,20.50000,1.50000,-0.463648,13
13.700000,21.50000,1.00000,-0.244979,14
13.700000,22.50000,0.75000,-0.244979,15
13.700000,23.50000,0.50000,-0.244979,16
13.700000,24.50000,0.25000,0.000000,17
13.700000,25.50000,0.25000,0.000000,18
13.700000,26.50000,0.25000,0.000000,19
13.700000,27.50000,0.25000,0.000000,20
13.700000,28.50000,0.25000,0.000000,21
13.700000,29.50000,0.25000,0.000000,22
13.700000,30.50000,0.25000,0.000000,23
13.700000,31.50000,0.25000,0.000000,24
13.700000,32.50000,0.25000,0.000000,25
13.700000,33.50000,0.25000,0.000000,26
13.700000,34.50000,0.25000,0.000000,27
13.700000,35.50000,0.25000,0.000000,28
13.700000,36.50000,0.25000,0.000000,29
13.700000,37.50000,0.25000,0.000000,30
13.800000,7.74034,-2.57562,0.826983,0
13.800000,8.50000,-1.75000,0.463648,1
13.800000,9.50000,-1.25000,0.463648,2
13.800000,10.50000,-0.75000,0.463648,3
13.800000,11.50000,-0.25000,0.244979,4
13.800000,12.50000,0.00000,0.463648,5
13.800000,13.50000,0.50000,0.463648,6
13.800000,14.50000,1.00000,0.463648,7
13.800000,15.50000,1.50000,0.463648,8
13.800000,16.50000,2.00000,0.000000,9
13.800000,17.50000,2.00000,0.000000,10
13.800000,18.50000,2.00000,-0.244979,11
13.800000,19.50000,1.75000,-0.244979,12
13.800000,20.50000,1.50000,-0.463648,13
13.800000,21.50000,1.00000,-0.244979,14
13.800000,22.50000,0.75000,-0.244979,15
13.800000,23.50000,0.50000,-0.244979,16
13.800000,24.50000,0.25000,0.000000,17
13.800000,25.50000,0.25000,0.000000,18
13.800000,26.50000,0.25000,0.000000,19
13.800000,27.50000,0.25000,0.000000,20
13.800000,28.50000,0.25000,0.000000,21
13.800000,29.50000,0.25000,0.000000,22
13.800000,30.50000,0.25000,0.000000,23
13.800000,31.50000,0.25000,0.000000,24
13.800000,32.50000,0.25000,0.000000,25
13.800000,33.50000,0.25000,0.000000,26
13.800000,34.50000,0.25000,0.000000,27
13.800000,35.50000,0.25000,0.000000,28
13.800000,36.50000,0.25000,0.000000,29
13.800000,37.50000,0.25000,0.000000,30
13.900000,7.75875,-2.62722,0.615223,0
13.900000,9.00000,-1.75000,0.643501,1
13.900000,10.00000,-1.00000,0.463648,2
13.900000,11.00000,-0.50000,0.463648,3
13.900000,12.00000,0.00000,0.244979,4
13.900000,13.00000,0.25000,0.463648,5
13.900000,14.00000,0.75000,0.463648,6
13.900000,15.00000,1.25000,0.643501,7
13.900000,16.00000,2.00000,0.000000,8
13.900000,17.00000,2.00000,0.000000,9
13.900000,18.00000,2.00000,0.000000,10
13.900000,19.00000,2.00000,-0.244979,11
13.900000,20.00000,1.75000,-0.244979,12
13.900000,21.00000,1.50000,-0.463648,13
13.900000,22.00000,1.00000,-0.244979,14
13.900000,23.00000,0.75000,-0.244979,15
13.900000,24.00000,0.50000,-0.244979,16
13.900000,25.00000,0.25000,0.000000,17
13.900000,26.00000,0.25000,0.000000,18
13.900000,27.00000,0.25000,0.000000,19
13.900000,28.00000,0.25000,0.000000,20
13.900000,29.00000,0.25000,0.000000,21
13.900000,30.00000,0.25000,0.000000,22
13.900000,31.00000,0.25000,0.000000,23
13.900000,32.00000,0.25000,0.000000,24
13.900000,33.00000,0.25000,0.000000,25
13.900000,34.00000,0.25000,0.000000,26
13.900000,35.00000,0.25000,0.000000,27
13.900000,36.00000,0.25000,0.000000,28
13.900000,37.00000,0.25000,0.000000,29
13.900000,38.00000,0.25000,0.000000,30
14.000000,7.80319,-2.61854,0.627776,0
14.000000,9.00000,-1.75000,0.643501,1
14.000000,10.00000,-1.00000,0.463648,2
14.000000,11.00000,-0.50000,0.463648,3
14.000000,12.00000,0.00000,0.244979,4
14.000000,13.00000,0.25000,0.463648,5
14.000000,14.00000,0.75000,0.463648,6
14.000000,15.00000,1.25000,0.643501,7
14.000000,16.00000,2.00000,0.000000,8
14.000000,17.00000,2.00000,0.000000,9
14.000000,18.00000,2.00000,0.000000,10
14.000000,19.00000,2.00000,-0.244979,11
14.000000,20.00000,1.75000,-0.244979,12
14.000000,21.00000,1.50000,-0.463648,13
14.000000,22.00000,1.00000,-0.244979,14
14.000000,23.00000,0.75000,-0.244979,15
14.000000,24.00000,0.50000,-0.244979,16
14.000000,25.00000,0.25000,0.000000,17
14.000000,26.00000,0.25000,0.000000,18
14.000000,27.00000,0.25000,0.000000,19
14.000000,28.00000,0.25000,0.000000,20
14.000000,29.00000,0.25000,0.000000,21
14.000000,30.00000,0.25000,0.000000,22
14.000000,31.00000,0.25000,0.000000,23
14.000000,32.00000,0.25000,0.000000,24
14.000000,33.00000,0.25000,0.000000,25
14.000000,34.00000,0.25000,0.000000,26
14.000000,35.00000,0.25000,0.000000,27
14.000000,36.00000,0.25000,0.000000,28
14.000000,37.00000,0.25000,0.000000,29
14.000000,38.00000,0.25000,0.000000,30
14.100000,7.81189,-2.64597,0.646128,0
14.100000,9.00000,-1.75000,0.643501,1
14.100000,10.00000,-1.00000,0.463648,2
14.100000,11.00000,-0.50000,0.463648,3
14.100000,12.00000,0.00000,0.244979,4
14.100000,13.00000,0.25000,0.463648,5
14.100000,14.00000,0.75000,0.463648,6
14.100000,15.00000,1.25000,0.643501,7
14.100000,16.00000,2.00000,0.000000,8
14.100000,17.00000,2.00000,0.000000,9
14.100000,18.00000,2.00000,0.000000,10
14.100000,19.00000,2.00000,-0.244979,11
14.100000,20.00000,1.75000,-0.244979,12
14.100000,21.00000,1.50000,-0.463648,13
14.100000,22.00000,1.00000,-0.244979,14
14.100000,23.00000,0.75000,-0.244979,15
14.100000,24.00000,0.50000,-0.244979,16
14.100000,25.00000,0.25000,0.000000,17
14.100000,26.00000,0.25000,0.000000,18
14.100000,27.00000,0.25000,0.000000,19
14.100000,28.00000,0.25000,0.000000,20
14.100000,29.00000,0.25000,0.000000,21
14.100000,30.00000,0.25000,0.000000,22
14.100000,31.00000,0.25000,0.000000,23
14.100000,32.00000,0.25000,0.000000,24
14.100000,33.00000,0.25000,0.000000,25
14.100000,34.00000,0.25000,0.000000,26
14.100000,35.00000,0.25000,0.000000,27
14.100000,36.00000,0.25000,0.000000,28
14.100000,37.00000,0.25000,0.000000,29
14.100000,38.00000,0.25000,0.000000,30
14.200000,7.85151,-2.67889,0.533864,0
14.200000,9.00000,-2.00000,0.643501,1
14.200000,10.00000,-1.25000,0.463648,2
14.200000,11.00000,-0.75000,0.463648,3
14.200000,12.00000,-0.25000,0.463648,4
14.200000,13.00000,0.25000,0.463648,5
14.200000,14.00000,0.75000,0.463648,6
14.200000,15.00000,1.25000,0.643501,7
14.200000,16.00000,2.00000,0.000000,8
14.200000,17.00000,2.00000,0.000000,9
14.200000,18.00000,2.00000,0.000000,10
14.200000,19.00000,2.00000,-0.244979,11
14.200000,20.00000,1.75000,-0.244979,12
14.200000,21.00000,1.50000,-0.463648,13
14.200000,22.00000,1.00000,-0.244979,14
14.200000,23.00000,0.75000,-0.244979,15
14.200000,24.00000,0.50000,-0.244979,16
14.200000,25.00000,0.25000,0.000000,17
14.200000,26.00000,0.25000,0.000000,18
14.200000,27.00000,0.25000,0.000000,19
14.200000,28.00000,0.25000,0.000000,20
14.200000,29.00000,0.25000,0.000000,21
14.200000,30.00000,0.25000,0.000000,22
14.200000,31.00000,0.25000,0.000000,23
14.200000,32.00000,0.25000,0.000000,24
14.200000,33.00000,0.25000,0.000000,25
14.200000,34.00000,0.25000,0.000000,26
14.200000,35.00000,0.25000,0.000000,27
14.200000,36.00000,0.25000,0.000000,28
14.200000,37.00000,0.25000,0.000000,29
14.200000,38.00000,0.25000,0.000000,30
14.304000,7.85394,-2.72603,0.564686,0
14.304000,9.00000,-2.00000,0.643501,1
14.304000,10.00000,-1.25000,0.463648,2
14.304000,11.00000,-0.75000,0.463648,3
14.304000,12.00000,-0.25000,0.463648,4
14.304000,13.00000,0.25000,0.463648,5
14.304000,14.00000,0.75000,0.463648,6
14.304000,15.00000,1.25000,0.643501,7
14.304000,16.00000,2.00000,0.000000,8
14.304000,17.00000,2.00000,0.000000,9
14.304000,18.00000,2.00000,0.000000,10
14.304000,19.00000,2.00000,-0.244979,11
14.304000,20.00000,1.75000,-0.244979,12
14.304000,21.00000,1.50000,-0.463648,13
14.304000,22.00000,1.00000,-0.244979,14
14.304000,23.00000,0.75000,-0.244979,15
14.304000,24.00000,0.50000,-0.244979,16
14.304000,25.00000,0.25000,0.000000,17
14.304000,26.00000,0.25000,0.000000,18
14.304000,27.00000,0.25000,0.000000,19
14.304000,28.00000,0.25000,0.000000,20
14.304000,29.00000,0.25000,0.000000,21
14.304000,30.00000,0.25000,0.000000,22
14.304000,31.00000,0.25000,0.000000,23
14.304000,32.00000,0.25000,0.000000,24
14.304000,33.00000,0.25000,0.000000,25
14.304000,34.00000,0.25000,0.000000,26
14.304000,35.00000,0.25000,0.000000,27
14.304000,36.00000,0.25000,0.000000,28
14.304000,37.00000,0.25000,0.000000,29
14.304000,38.00000,0.25000,0.000000,30
14.400000,7.88841,-2.73553,0.584550,0
14.400000,9.00000,-2.00000,0.643501,1
14.400000,10.00000,-1.25000,0.463648,2
14.400000,11.00000,-0.75000,0.463648,3
14.400000,12.00000,-0.25000,0.463648,4
14.400000,13.00000,0.25000,0.463648,5
14.400000,14.00000,0.75000,0.463648,6
14.400000,15.00000,1.25000,0.643501,7
14.400000,16.00000,2.00000,0.000000,8
14.400000,17.00000,2.00000,0.000000,9
14.400000,18.00000,2.00000,0.000000,10
14.400000,19.00000,2.00000,-0.244979,11
14.400000,20.00000,1.75000,-0.244979,12
14.400000,21.00000,1.50000,-0.463648,13
14.400000,22.00000,1.00000,-0.244979,14
14.400000,23.00000,0.75000,-0.244979,15
14.400000,24.00000,0.50000,-0.244979,16
14.400000,25.00000,0.25000,0.000000,17
14.400000,26.00000,0.25000,0.000000,18
14.400000,27.00000,0.25000,0.000000,19
14.400000,28.00000,0.25000,0.000000,20
14.400000,29.00000,0.25000,0.000000,21
14.400000,30.00000,0.25000,0.000000,22
14.400000,31.00000,0.25000,0.000000,23
14.400000,32.00000,0.25000,0.000000,24
14.400000,33.00000,0.25000,0.000000,25
14.400000,34.00000,0.25000,0.000000,26
14.400000,35.00000,0.25000,0.000000,27
14.400000,36.00000,0.25000,0.000000,28
14.400000,37.00000,0.25000,0.000000,29
14.400000,38.00000,0.25000,0.000000,30
14.500000,7.95961,-2.82125,0.668227,0
14.500000,9.00000,-2.00000,0.643501,1
14.500000,10.00000,-1.25000,0.463648,2
14.500000,11.00000,-0.75000,0.463648,3
14.500000,12.00000,-0.25000,0.463648,4
14.500000,13.00000,0.25000,0.463648,5
14.500000,14.00000,0.75000,0.463648,6
14.500000,15.00000,1.25000,0.643501,7
14.500000,16.00000,2.00000,0.000000,8
14.500000,17.00000,2.00000,0.000000,9
14.500000,18.00000,2.00000,-0.244979,10
14.500000,19.00000,1.75000,-0.244979,11
14.500000,20.00000,1.50000,-0.244979,12
14.500000,21.00000,1.25000,-0.463648,13
14.500000,22.00000,0.75000,-0.244979,14
14.500000,23.00000,0.50000,-0.244979,15
14.500000,24.00000,0.25000,0.000000,16
14.500000,25.00000,0.25000,0.000000,17
14.500000,26.00000,0.25000,0.000000,18
14.500000,27.00000,0.25000,0.000000,19
14.500000,28.00000,0.25000,0.000000,20
14.500000,29.00000,0.25000,0.000000,21
14.500000,30.00000,0.25000,0.000000,22
14.500000,31.00000,0.25000,0.000000,23
14.500000,32.00000,0.25000,0.000000,24
14.500000,33.00000,0.25000,0.000000,25
14.500000,34.00000,0.25000,0.000000,26
14.500000,35.00000,0.25000,0.000000,27
14.500000,36.00000,0.25000,0.000000,28
14.500000,37.00000,0.25000,0.000000,29
14.500000,38.00000,0.25000,0.000000,30
14.600000,8.00940,-2.84442,0.705904,0
14.600000,9.00000,-2.00000,0.643501,1
14.600000,10.00000,-1.25000,0.463648,2
14.600000,11.00000,-0.75000,0.463648,3
14.600000,12.00000,-0.25000,0.463648,4
14.600000,13.00000,0.25000,0.463648,5
14.600000,14.00000,0.75000,0.463648,6
14.600000,15.00000,1.25000,0.643501,7
14.600000,16.00000,2.00000,0.000000,8
14.600000,17.00000,2.00000,0.000000,9
14.600000,18.00000,2.00000,0.000000,10
14.600000,19.00000,2.00000,-0.244979,11
14.600000,20.00000,1.75000,-0.244979,12
14.600000,21.00000,1.50000,-0.463648,13
14.600000,22.00000,1.00000,-0.244979,14
14.600000,23.00000,0.75000,-0.244979,15
14.600000,24.00000,0.50000,-0.244979,16
14.600000,25.00000,0.25000,0.000000,17
14.600000,26.00000,0.25000,0.000000,18
14.600000,27.00000,0.25000,0.000000,19
14.600000,28.00000,0.25000,0.000000,20
14.600000,29.00000,0.25000,0.000000,21
14.600000,30.00000,0.25000,0.000000,22
14.600000,31.00000,0.25000,0.000000,23
14.600000,32.00000,0.25000,0.000000,24
14.600000,33.00000,0.25000,0.000000,25
14.600000,34.00000,0.25000,0.000000,26
14.600000,35.00000,0.25000,0.000000,27
14.600000,36.00000,0.25000,0.000000,28
14.600000,37.00000,0.25000,0.000000,29
14.600000,38.00000,0.25000,0.000000,30
14.700000,8.10995,-2.84497,0.759420,0
14.700000,9.00000,-2.00000,0.643501,1
14.700000,10.00000,-1.25000,0.463648,2
14.700000,11.00000,-0.75000,0.463648,3
14.700000,12.00000,-0.25000,0.463648,4
14.700000,13.00000,0.25000,0.463648,5
14.700000,14.00000,0.75000,0.463648,6
14.700000,15.00000,1.25000,0.643501,7
14.700000,16.00000,2.00000,0.000000,8
14.700000,17.00000,2.00000,0.000000,9
14.700000,18.00000,2.00000,0.000000,10
14.700000,19.00000,2.00000,-0.244979,11
14.700000,20.00000,1.75000,-0.244979,12
14.700000,21.00000,1.50000,-0.463648,13
14.700000,22.00000,1.00000,-0.244979,14
14.700000,23.00000,0.75000,-0.244979,15
14.700000,24.00000,0.50000,-0.244979,16
14.700000,25.00000,0.25000,0.000000,17
14.700000,26.00000,0.25000,0.000000,18
14.700000,27.00000,0.25000,0.000000,19
14.700000,28.00000,0.25000,0.000000,20
14.700000,29.00000,0.25000,0.000000,21
14.700000,30.00000,0.25000,0.000000,22
14.700000,31.00000,0.25000,0.000000,23
14.700000,32.00000,0.25000,0.000000,24
14.700000,33.00000,0.25000,0.000000,25
14.700000,34.00000,0.25000,0.000000,26
14.700000,35.00000,0.25000,0.000000,27
14.700000,36.00000,0.25000,0.000000,28
14.700000,37.00000,0.25000,0.000000,29
14.700000,38.00000,0.25000,0.000000,30
14.800000,8.16452,-2.89925,0.822142,0
14.800000,9.00000,-2.00000,0.643501,1
14.800000,10.00000,-1.25000,0.463648,2
14.800000,11.00000,-0.75000,0.463648,3
14.800000,12.00000,-0.25000,0.463648,4
14.800000,13.00000,0.25000,0.463648,5
14.800000,14.00000,0.75000,0.463648,6
14.800000,15.00000,1.25000,0.643501,7
14.800000,16.00000,2.00000,0.000000,8
14.800000,17.00000,2.00000,0.000000,9
14.800000,18.00000,2.00000,0.000000,10
14.800000,19.00000,2.00000,-0.244979,11
14.800000,20.00000,1.75000,-0.244979,12
14.800000,21.00000,1.50000,-0.463648,13
14.800000,22.00000,1.00000,-0.244979,14
14.800000,23.00000,0.75000,-0.244979,15
14.800000,24.00000,0.50000,-0.244979,16
14.800000,25.00000,0.25000,0.000000,17
14.800000,26.00000,0.25000,0.000000,18
14.800000,27.00000,0.25000,0.000000,19
14.800000,28.00000,0.25000,0.000000,20
14.800000,29.00000,0.25000,0.000000,21
14.800000,30.00000,0.25000,0.000000,22
14.800000,31.00000,0.25000,0.000000,23
14.800000,32.00000,0.25000,0.000000,24
14.800000,33.00000,0.25000,0.000000,25
14.800000,34.00000,0.25000,0.000000,26
14.800000,35.00000,0.25000,0.000000,27
14.800000,36.00000,0.25000,0.000000,28
14.800000,37.00000,0.25000,0.000000,29
14.800000,38.00000,0.25000,0.000000,30
14.900000,8.26945,-2.93107,0.505503,0
14.900000,9.50000,-2.25000,0.643501,1
14.900000,10.50000,-1.50000,0.643501,2
14.900000,11.50000,-0.75000,0.463648,3
14.900000,12.50000,-0.25000,0.463648,4
14.900000,13.50000,0.25000,0.463648,5
14.900000,14.50000,0.75000,0.463648,6
14.900000,15.50000,1.25000,0.643501,7
14.900000,16.50000,2.00000,0.000000,8
14.900000,17.50000,2.00000,0.000000,9
14.900000,18.50000,2.00000,-0.244979,10
14.900000,19.50000,1.75000,-0.244979,11
14.900000,20.50000,1.50000,-0.463648,12
14.900000,21.50000,1.00000,-0.244979,13
14.900000,22.50000,0.75000,-0.244979,14
14.900000,23.50000,0.50000,-0.244979,15
14.900000,24.50000,0.25000,0.000000,16
14.900000,25.50000,0.25000,0.000000,17
14.900000,26.50000,0.25000,0.000000,18
14.900000,27.50000,0.25000,0.000000,19
14.900000,28.50000,0.25000,0.000000,20
14.900000,29.50000,0.25000,0.000000,21
14.900000,30.50000,0.25000,0.000000,22
14.900000,31.50000,0.25000,0.000000,23
14.900000,32.50000,0.25000,0.000000,24
14.900000,33.50000,0.25000,0.000000,25
14.900000,34.50000,0.25000,0.000000,26
14.900000,35.50000,0.25000,0.000000,27
14.900000,36.50000,0.25000,0.000000,28
14.900000,37.50000,0.25000,0.000000,29
14.900000,38.50000,0.25000,0.000000,30
15.000000,8.33066,-2.92459,0.523258,0
15.000000,9.50000,-2.25000,0.643501,1
15.000000,10.50000,-1.50000,0.643501,2
15.000000,11.50000,-0.75000,0.463648,3
15.000000,12.50000,-0.25000,0.463648,4
15.000000,13.50000,0.25000,0.463648,5
15.000000,14.50000,0.75000,0.463648,6
15.000000,15.50000,1.25000,0.643501,7
15.000000,16.50000,2.00000,0.000000,8
15.000000,17.50000,2.00000,0.000000,9
15.000000,18.50000,2.00000,-0.244979,10
15.000000,19.50000,1.75000,-0.244979,11
15.000000,20.50000,1.50000,-0.463648,12
15.000000,21.50000,1.00000,-0.244979,13
15.000000,22.50000,0.75000,-0.244979,14
15.000000,23.50000,0.50000,-0.244979,15
15.000000,24.50000,0.25000,0.000000,16
15.000000,25.50000,0.25000,0.000000,17
15.000000,26.50000,0.25000,0.000000,18
15.000000,27.50000,0.25000,0.000000,19
15.000000,28.50000,0.25000,0.000000,20
15.000000,29.50000,0.25000,0.000000,21
15.000000,30.50000,0.25000,0.000000,22
15.000000,31.50000,0.25000,0.000000,23
15.000000,32.50000,0.25000,0.000000,24
15.000000,33.50000,0.25000,0.000000,25
15.000000,34.50000,0.25000,0.000000,26
15.000000,35.50000,0.25000,0.000000,27
15.000000,36.50000,0.25000,0.000000,28
15.000000,37.50000,0.25000,0.000000,29
15.000000,38.50000,0.25000,0.000000,30
15.100000,8.38401,-2.95594,0.564024,0
15.100000,9.50000,-2.25000,0.643501,1
15.100000,10.50000,-1.50000,0.643501,2
15.100000,11.50000,-0.75000,0.463648,3
15.100000,12.50000,-0.25000,0.463648,4
15.100000,13.50000,0.25000,0.463648,5
15.100000,14.50000,0.75000,0.463648,6
15.100000,15.50000,1.25000,0.643501,7
15.100000,16.50000,2.00000,0.000000,8
15.100000,17.50000,2.00000,0.000000,9
15.100000,18.50000,2.00000,-0.244979,10
15.100000,19.50000,1.75000,-0.244979,11
15.100000,20.50000,1.50000,-0.463648,12
15.100000,21.50000,1.00000,-0.244979,13
15.100000,22.50000,0.75000,-0.244979,14
15.100000,23.50000,0.50000,-0.244979,15
15.100000,24.50000,0.25000,0.000000,16
15.100000,25.50000,0.25000,0.000000,17
15.100000,26.50000,0.25000,0.000000,18
15.100000,27.50000,0.25000,0.000000,19
15.100000,28.50000,0.25000,0.000000,20
15.100000,29.50000,0.25000,0.000000,21
15.100000,30.50000,0.25000,0.000000,22
15.100000,31.50000,0.25000,0.000000,23
15.100000,32.50000,0.25000,0.000000,24
15.100000,33.50000,0.25000,0.000000,25
15.100000,34.50000,0.25000,0.000000,26
15.100000,35.50000,0.25000,0.000000,27
15.100000,36.50000,0.25000,0.000000,28
15.100000,37.50000,0.25000,0.000000,29
15.100000,38.50000,0.25000,0.000000,30
15.200000,8.41758,-2.95183,0.575240,0
15.200000,9.50000,-2.25000,0.643501,1
15.200000,10.50000,-1.50000,0.643501,2
15.200000,11.50000,-0.75000,0.463648,3
15.200000,12.50000,-0.25000,0.463648,4
15.200000,13.50000,0.25000,0.463648,5
15.200000,14.50000,0.75000,0.463648,6
15.200000,15.50000,1.25000,0.643501,7
15.200000,16.50000,2.00000,0.000000,8
15.200000,17.50000,2.00000,0.000000,9
15.200000,18.50000,2.00000,-0.244979,10
15.200000,19.50000,1.75000,-0.244979,11
15.200000,20.50000,1.50000,-0.463648,12
15.200000,21.50000,1.00000,-0.244979,13
15.200000,22.50000,0.75000,-0.244979,14
15.200000,23.50000,0.50000,-0.244979,15
15.200000,24.50000,0.25000,0.000000,16
15.200000,25.50000,0.25000,0.000000,17
15.200000,26.50000,0.25000,0.000000,18
15.200000,27.50000,0.25000,0.000000,19
15.200000,28.50000,0.25000,0.000000,20
15.200000,29.50000,0.25000,0.000000,21
15.200000,30.50000,0.25000,0.000000,22
15.200000,31.50000,0.25000,0.000000,23
15.200000,32.50000,0.25000,0.000000,24
15.200000,33.50000,0.25000,0.000000,25
15.200000,34.50000,0.25000,0.000000,26
15.200000,35.50000,0.25000,0.000000,27
15.200000,36.50000,0.25000,0.000000,28
15.200000,37.50000,0.25000,0.000000,29
15.200000,38.50000,0.25000,0.000000,30
15.300000,8.47604,-2.97232,0.614357,0
15.300000,9.50000,-2.25000,0.643501,1
15.300000,10.50000,-1.50000,0.643501,2
15.300000,11.50000,-0.75000,0.463648,3
15.300000,12.50000,-0.25000,0.463648,4
15.300000,13.50000,0.25000,0.463648,5
15.300000,14.50000,0.75000,0.463648,6
15.300000,15.50000,1.25000,0.643501,7
15.300000,16.50000,2.00000,0.000000,8
15.300000,17.50000,2.00000,0.000000,9
15.300000,18.50000,2.00000,-0.244979,10
15.300000,19.50000,1.75000,-0.244979,11
15.300000,20.50000,1.50000,-0.463648,12
15.300000,21.50000,1.00000,-0.244979,13
15.300000,22.50000,0.75000,-0.244979,14
15.300000,23.50000,0.50000,-0.244979,15
15.300000,24.50000,0.25000,0.000000,16
15.300000,25.50000,0.25000,0.000000,17
15.300000,26.50000,0.25000,0.000000,18
15.300000,27.50000,0.25000,0.000000,19
15.300000,28.50000,0.25000,0.000000,20
15.300000,29.50000,0.25000,0.000000,21
15.300000,30.50000,0.25000,0.000000,22
15.300000,31.50000,0.25000,0.000000,23
15.300000,32.50000,0.25000,0.000000,24
15.300000,33.50000,0.25000,0.000000,25
15.300000,34.50000,0.25000,0.000000,26
15.300000,35.50000,0.25000,0.000000,27
15.300000,36.50000,0.25000,0.000000,28
15.300000,37.50000,0.25000,0.000000,29
15.300000,38.50000,0.25000,0.000000,30
15.400000,8.54884,-2.96362,0.643670,0
15.400000,9.50000,-2.25000,0.643501,1
15.400000,10.50000,-1.50000,0.643501,2
15.400000,11.50000,-0.75000,0.463648,3
15.400000,12.50000,-0.25000,0.463648,4
15.400000,13.50000,0.25000,0.463648,5
15.400000,14.50000,0.75000,0.463648,6
15.400000,15.50000,1.25000,0.643501,7
15.400000,16.50000,2.00000,0.000000,8
15.400000,17.50000,2.00000,0.000000,9
15.400000,18.50000,2.00000,-0.244979,10
15.400000,19.50000,1.75000,-0.244979,11
15.400000,20.50000,1.50000,-0.463648,12
15.400000,21.50000,1.00000,-0.463648,13
15.400000,22.50000,0.50000,-0.463648,14
15.400000,23.50000,0.00000,-0.244979,15
15.400000,24.50000,-0.25000,-0.244979,16
15.400000,25.50000,-0.50000,-0.463648,17
15.400000,26.50000,-1.00000,-0.244979,18
15.400000,27.50000,-1.25000,-0.244979,19
15.400000,28.50000,-1.50000,0.000000,20
15.400000,29.50000,-1.50000,0.000000,21
15.400000,30.50000,-1.50000,0.244979,22
15.400000,31.50000,-1.25000,0.244979,23
15.400000,32.50000,-1.00000,0.244979,24
15.400000,33.50000,-0.75000,0.244979,25
15.400000,34.50000,-0.50000,0.000000,26
15.400000,35.50000,-0.50000,0.000000,27
15.400000,36.50000,-0.50000,0.000000,28
15.400000,37.50000,-0.50000,0.000000,29
15.400000,38.50000,-0.50000,0.000000,30
15.500000,8.55846,-2.97770,0.657981,0
15.500000,9.50000,-2.25000,0.643501,1
15.500000,10.50000,-1.50000,0.643501,2
15.500000,11.50000,-0.75000,0.463648,3
15.500000,12.50000,-0.25000,0.463648,4
15.500000,13.50000,0.25000,0.463648,5
15.500000,14.50000,0.75000,0.463648,6
15.500000,15.50000,1.25000,0.643501,7
15.500000,16.50000,2.00000,0.000000,8
15.500000,17.50000,2.00000,0.000000,9
15.500000,18.50000,2.00000,-0.244979,10
15.500000,19.50000,1.75000,-0.244979,11
15.500000,20.50000,1.50000,-0.463648,12
15.500000,21.50000,1.00000,-0.463648,13
15.500000,22.50000,0.50000,-0.463648,14
15.500000,23.50000,0.00000,-0.244979,15
15.500000,24.50000,-0.25000,-0.463648,16
15.500000,25.50000,-0.75000,-0.463648,17
15.500000,26.50000,-1.25000,-0.244979,18
15.500000,27.50000,-1.50000,0.000000,19
15.500000,28.50000,-1.50000,0.000000,20
15.500000,29.50000,-1.50000,0.000000,21
15.500000,30.50000,-1.50000,0.244979,22
15.500000,31.50000,-1.25000,0.244979,23
15.500000,32.50000,-1.00000,0.244979,24
15.500000,33.50000,-0.75000,0.244979,25
15.500000,34.50000,-0.50000,0.000000,26
15.500000,35.50000,-0.50000,0.000000,27
15.500000,36.50000,-0.50000,0.000000,28
15.500000,37.50000,-0.50000,0.000000,29
15.500000,38.50000,-0.50000,0.000000,30
15.600000,8.55861,-2.98995,0.666156,0
15.600000,9.50000,-2.25000,0.643501,1
15.600000,10.50000,-1.50000,0.643501,2
15.600000,11.50000,-0.75000,0.463648,3
15.600000,12.50000,-0.25000,0.463648,4
15.600000,13.50000,0.25000,0.463648,5
15.600000,14.50000,0.75000,0.463648,6
15.600000,15.50000,1.25000,0.643501,7
15.600000,16.50000,2.00000,0.000000,8
15.600000,17.50000,2.00000,0.000000,9
15.600000,18.50000,2.00000,-0.244979,10
15.600000,19.50000,1.75000,-0.244979,11
15.600000,20.50000,1.50000,-0.463648,12
15.600000,21.50000,1.00000,-0.463648,13
15.600000,22.50000,0.50000,-0.463648,14
15.600000,23.50000,0.00000,-0.244979,15
15.600000,24.50000,-0.25000,-0.463648,16
15.600000,25.50000,-0.75000,-0.463648,17
15.600000,26.50000,-1.25000,-0.244979,18
15.600000,27.50000,-1.50000,0.000000,19
15.600000,28.50000,-1.50000,0.000000,20
15.600000,29.50000,-1.50000,0.000000,21
15.600000,30.50000,-1.50000,0.244979,22
15.600000,31.50000,-1.25000,0.244979,23
15.600000,32.50000,-1.00000,0.244979,24
15.600000,33.50000,-0.75000,0.244979,25
15.600000,34.50000,-0.50000,0.000000,26
15.600000,35.50000,-0.50000,0.000000,27
15.600000,36.50000,-0.50000,0.000000,28
15.600000,37.50000,-0.50000,0.000000,29
15.600000,38.50000,-0.50000,0.000000,30
15.700000,8.60599,-2.97961,0.684489,0
15.700000,9.50000,-2.25000,0.643501,1
15.700000,10.50000,-1.50000,0.643501,2
15.700000,11.50000,-0.75000,0.463648,3
15.700000,12.50000,-0.25000,0.463648,4
15.700000,13.50000,0.25000,0.463648,5
15.700000,14.50000,0.75000,0.463648,6
15.700000,15.50000,1.25000,0.643501,7
15.700000,16.50000,2.00000,0.000000,8
15.700000,17.50000,2.00000,0.000000,9
15.700000,18.50000,2.00000,-0.244979,10
15.700000,19.50000,1.75000,-0.244979,11
15.700000,20.50000,1.50000,-0.463648,12
15.700000,21.50000,1.00000,-0.463648,13
15.700000,22.50000,0.50000,-0.463648,14
15.700000,23.50000,0.00000,-0.244979,15
15.700000,24.50000,-0.25000,-0.463648,16
15.700000,25.50000,-0.75000,-0.463648,17
15.700000,26.50000,-1.25000,-0.244979,18
15.700000,27.50000,-1.50000,0.000000,19
15.700000,28.50000,-1.50000,0.000000,20
15.700000,29.50000,-1.50000,0.000000,21
15.700000,30.50000,-1.50000,0.244979,22
15.700000,31.50000,-1.25000,0.244979,23
15.700000,32.50000,-1.00000,0.244979,24
15.700000,33.50000,-0.75000,0.244979,25
15.700000,34.50000,-0.50000,0.000000,26
15.700000,35.50000,-0.50000,0.000000,27
15.700000,36.50000,-0.50000,0.000000,28
15.700000,37.50000,-0.50000,0.000000,29
15.700000,38.50000,-0.50000,0.000000,30
15.800000,8.56721,-2.95086,0.644372,0
15.800000,9.50000,-2.25000,0.643501,1
15.800000,10.50000,-1.50000,0.643501,2
15.800000,11.50000,-0.75000,0.463648,3
15.800000,12.50000,-0.25000,0.463648,4
15.800000,13.50000,0.25000,0.463648,5
15.800000,14.50000,0.75000,0.463648,6
15.800000,15.50000,1.25000,0.643501,7
15.800000,16.50000,2.00000,0.000000,8
15.800000,17.50000,2.00000,0.000000,9
15.800000,18.50000,2.00000,-0.244979,10
15.800000,19.50000,1.75000,-0.244979,11
15.800000,20.50000,1.50000,-0.463648,12
15.800000,21.50000,1.00000,-0.463648,13
15.800000,22.50000,0.50000,-0.463648,14
15.800000,23.50000,0.00000,-0.244979,15
15.800000,24.50000,-0.25000,-0.463648,16
15.800000,25.50000,-0.75000,-0.463648,17
15.800000,26.50000,-1.25000,-0.244979,18
15.800000,27.50000,-1.50000,0.000000,19
15.800000,28.50000,-1.50000,0.000000,20
15.800000,29.50000,-1.50000,0.000000,21
15.800000,30.50000,-1.50000,0.244979,22
15.800000,31.50000,-1.25000,0.244979,23
15.800000,32.50000,-1.00000,0.244979,24
15.800000,33.50000,-0.75000,0.244979,25
15.800000,34.50000,-0.50000,0.000000,26
15.800000,35.50000,-0.50000,0.000000,27
15.800000,36.50000,-0.50000,0.000000,28
15.800000,37.50000,-0.50000,0.000000,29
15.800000,38.50000,-0.50000,0.000000,30
15.900000,8.58458,-2.99495,0.683085,0
15.900000,9.50000,-2.25000,0.643501,1
15.900000,10.50000,-1.50000,0.643501,2
15.900000,11.50000,-0.75000,0.463648,3
15.900000,12.50000,-0.25000,0.463648,4
15.900000,13.50000,0.25000,0.463648,5
15.900000,14.50000,0.75000,0.463648,6
15.900000,15.50000,1.25000,0.643501,7
15.900000,16.50000,2.00000,0.000000,8
15.900000,17.50000,2.00000,0.000000,9
15.900000,18.50000,2.00000,-0.244979,10
15.900000,19.50000,1.75000,-0.244979,11
15.900000,20.50000,1.50000,-0.463648,12
15.900000,21.50000,1.00000,-0.463648,13
15.900000,22.50000,0.50000,-0.463648,14
15.900000,23.50000,0.00000,-0.244979,15
15.900000,24.50000,-0.25000,-0.244979,16
15.900000,25.50000,-0.50000,-0.463648,17
15.900000,26.50000,-1.00000,-0.244979,18
15.900000,27.50000,-1.25000,0.000000,19
15.900000,28.50000,-1.25000,0.000000,20
15.900000,29.50000,-1.25000,0.000000,21
15.900000,30.50000,-1.25000,0.000000,22
15.900000,31.50000,-1.25000,0.244979,23
15.900000,32.50000,-1.00000,0.244979,24
15.900000,33.50000,-0.75000,0.244979,25
15.900000,34.50000,-0.50000,0.000000,26
15.900000,35.50000,-0.50000,0.000000,27
15.900000,36.50000,-0.50000,0.000000,28
15.900000,37.50000,-0.50000,0.000000,29
15.900000,38.50000,-0.50000,0.000000,30
16.000000,8.56238,-2.98528,0.665033,0
16.000000,9.50000,-2.25000,0.643501,1
16.000000,10.50000,-1.50000,0.643501,2
16.000000,11.50000,-0.75000,0.463648,3
16.000000,12.50000,-0.25000,0.463648,4
16.000000,13.50000,0.25000,0.463648,5
16.000000,14.50000,0.75000,0.463648,6
16.000000,15.50000,1.25000,0.643501,7
16.000000,16.50000,2.00000,0.000000,8
16.000000,17.50000,2.00000,0.000000,9
16.000000,18.50000,2.00000,-0.244979,10
16.000000,19.50000,1.75000,-0.244979,11
16.000000,20.50000,1.50000,-0.463648,12
16.000000,21.50000,1.00000,-0.463648,13
16.000000,22.50000,0.50000,-0.463648,14
16.000000,23.50000,0.00000,-0.244979,15
16.000000,24.50000,-0.25000,-0.463648,16
16.000000,25.50000,-0.75000,-0.463648,17
16.000000,26.50000,-1.25000,-0.244979,18
16.000000,27.50000,-1.50000,0.000000,19
16.000000,28.50000,-1.50000,0.000000,20
16.000000,29.50000,-1.50000,0.000000,21
16.000000,30.50000,-1.50000,0.244979,22
16.000000,31.50000,-1.25000,0.244979,23
16.000000,32.50000,-1.00000,0.244979,24
16.000000,33.50000,-0.75000,0.244979,25
16.000000,34.50000,-0.50000,0.000000,26
16.000000,35.50000,-0.50000,0.000000,27
16.000000,36.50000,-0.50000,0.000000,28
16.000000,37.50000,-0.50000,0.000000,29
16.000000,38.50000,-0.50000,0.000000,30
16.100000,8.56590,-2.97690,0.661296,0
16.100000,9.50000,-2.25000,0.643501,1
16.100000,10.50000,-1.50000,0.643501,2
16.100000,11.50000,-0.75000,0.463648,3
16.100000,12.50000,-0.25000,0.463648,4
16.100000,13.50000,0.25000,0.463648,5
16.100000,14.50000,0.75000,0.463648,6
16.100000,15.50000,1.25000,0.643501,7
16.100000,16.50000,2.00000,0.000000,8
16.100000,17.50000,2.00000,0.000000,9
16.100000,18.50000,2.00000,-0.244979,10
16.100000,19.50000,1.75000,-0.244979,11
16.100000,20.50000,1.50000,-0.463648,12
16.100000,21.50000,1.00000,-0.463648,13
16.100000,22.50000,0.50000,-0.463648,14
16.100000,23.50000,0.00000,-0.244979,15
16.100000,24.50000,-0.25000,-0.463648,16
16.100000,25.50000,-0.75000,-0.463648,17
16.100000,26.50000,-1.25000,-0.244979,18
16.100000,27.50000,-1.50000,0.000000,19
16.100000,28.50000,-1.50000,0.000000,20
16.100000,29.50000,-1.50000,0.000000,21
16.100000,30.50000,-1.50000,0.244979,22
16.100000,31.50000,-1.25000,0.244979,23
16.100000,32.50000,-1.00000,0.244979,24
16.100000,33.50000,-0.75000,0.244979,25
16.100000,34.50000,-0.50000,0.000000,26
16.100000,35.50000,-0.50000,0.000000,27
16.100000,36.50000,-0.50000,0.000000,28
16.100000,37.50000,-0.50000,0.000000,29
16.100000,38.50000,-0.50000,0.000000,30
16.200000,8.55309,-2.98391,0.659341,0
16.200000,9.50000,-2.25000,0.643501,1
16.200000,10.50000,-1.50000,0.643501,2
16.200000,11.50000,-0.75000,0.463648,3
16.200000,12.50000,-0.25000,0.463648,4
16.200000,13.50000,0.25000,0.463648,5
16.200000,14.50000,0.75000,0.463648,6
16.200000,15.50000,1.25000,0.643501,7
16.200000,16.50000,2.00000,0.000000,8
16.200000,17.50000,2.00000,0.000000,9
16.200000,18.50000,2.00000,-0.244979,10
16.200000,19.50000,1.75000,-0.244979,11
16.200000,20.50000,1.50000,-0.463648,12
16.200000,21.50000,1.00000,-0.463648,13
16.200000,22.50000,0.50000,-0.463648,14
16.200000,23.50000,0.00000,-0.244979,15
16.200000,24.50000,-0.25000,-0.463648,16
16.200000,25.50000,-0.75000,-0.463648,17
16.200000,26.50000,-1.25000,-0.244979,18
16.200000,27.50000,-1.50000,0.000000,19
16.200000,28.50000,-1.50000,0.000000,20
16.200000,29.50000,-1.50000,0.000000,21
16.200000,30.50000,-1.50000,0.244979,22
16.200000,31.50000,-1.25000,0.244979,23
16.200000,32.50000,-1.00000,0.244979,24
16.200000,33.50000,-0.75000,0.244979,25
16.200000,34.50000,-0.50000,0.000000,26
16.200000,35.50000,-0.50000,0.000000,27
16.200000,36.50000,-0.50000,0.000000,28
16.200000,37.50000,-0.50000,0.000000,29
16.200000,38.50000,-0.50000,0.000000,30
16.300000,8.56922,-2.96728,0.656568,0
16.300000,9.50000,-2.25000,0.643501,1
16.300000,10.50000,-1.50000,0.643501,2
16.300000,11.50000,-0.75000,0.463648,3
16.300000,12.50000,-0.25000,0.463648,4
16.300000,13.50000,0.25000,0.463648,5
16.300000,14.50000,0.75000,0.463648,6
16.300000,15.50000,1.25000,0.643501,7
16.300000,16.50000,2.00000,0.000000,8
16.300000,17.50000,2.00000,0.000000,9
16.300000,18.50000,2.00000,-0.244979,10
16.300000,19.50000,1.75000,-0.244979,11
16.300000,20.50000,1.50000,-0.463648,12
16.300000,21.50000,1.00000,-0.463648,13
16.300000,22.50000,0.50000,-0.463648,14
16.300000,23.50000,0.00000,-0.244979,15
16.300000,24.50000,-0.25000,-0.244979,16
16.300000,25.50000,-0.50000,-0.463648,17
16.300000,26.50000,-1.00000,-0.244979,18
16.300000,27.50000,-1.25000,-0.244979,19
16.300000,28.50000,-1.50000,0.000000,20
16.300000,29.50000,-1.50000,0.000000,21
16.300000,30.50000,-1.50000,0.244979,22
16.300000,31.50000,-1.25000,0.244979,23
16.300000,32.50000,-1.00000,0.244979,24
16.300000,33.50000,-0.75000,0.244979,25
16.300000,34.50000,-0.50000,0.000000,26
16.300000,35.50000,-0.50000,0.000000,27
16.300000,36.50000,-0.50000,0.000000,28
16.300000,37.50000,-0.50000,0.000000,29
16.300000,38.50000,-0.50000,0.000000,30
16.400000,8.56507,-2.98620,0.667033,0
16.400000,9.50000,-2.25000,0.643501,1
16.400000,10.50000,-1.50000,0.643501,2
16.400000,11.50000,-0.75000,0.463648,3
16.400000,12.50000,-0.25000,0.463648,4
16.400000,13.50000,0.25000,0.463648,5
16.400000,14.50000,0.75000,0.463648,6
16.400000,15.50000,1.25000,0.643501,7
16.400000,16.50000,2.00000,0.000000,8
16.400000,17.50000,2.00000,0.000000,9
16.400000,18.50000,2.00000,-0.244979,10
16.400000,19.50000,1.75000,-0.244979,11
16.400000,20.50000,1.50000,-0.463648,12
16.400000,21.50000,1.00000,-0.463648,13
16.400000,22.50000,0.50000,-0.463648,14
16.400000,23.50000,0.00000,-0.244979,15
16.400000,24.50000,-0.25000,-0.463648,16
16.400000,25.50000,-0.75000,-0.463648,17
16.400000,26.50000,-1.25000,-0.244979,18
16.400000,27.50000,-1.50000,0.000000,19
16.400000,28.50000,-1.50000,0.000000,20
16.400000,29.50000,-1.50000,0.000000,21
16.400000,30.50000,-1.50000,0.244979,22
16.400000,31.50000,-1.25000,0.244979,23
16.400000,32.50000,-1.00000,0.244979,24
16.400000,33.50000,-0.75000,0.244979,25
16.400000,34.50000,-0.50000,0.000000,26
16.400000,35.50000,-0.50000,0.000000,27
16.400000,36.50000,-0.50000,0.000000,28
16.400000,37.50000,-0.50000,0.000000,29
16.400000,38.50000,-0.50000,0.000000,30
16.500000,8.58017,-2.95988,0.657276,0
16.500000,9.50000,-2.25000,0.643501,1
16.500000,10.50000,-1.50000,0.643501,2
16.500000,11.50000,-0.75000,0.463648,3
16.500000,12.50000,-0.25000,0.463648,4
16.500000,13.50000,0.25000,0.463648,5
16.500000,14.50000,0.75000,0.463648,6
16.500000,15.50000,1.25000,0.643501,7
16.500000,16.50000,2.00000,0.000000,8
16.500000,17.50000,2.00000,0.000000,9
16.500000,18.50000,2.00000,-0.244979,10
16.500000,19.50000,1.75000,-0.244979,11
16.500000,20.50000,1.50000,-0.463648,12
16.500000,21.50000,1.00000,-0.463648,13
16.500000,22.50000,0.50000,-0.463648,14
16.500000,23.50000,0.00000,-0.244979,15
16.500000,24.50000,-0.25000,-0.463648,16
16.500000,25.50000,-0.75000,-0.463648,17
16.500000,26.50000,-1.25000,-0.244979,18
16.500000,27.50000,-1.50000,0.000000,19
16.500000,28.50000,-1.50000,0.000000,20
16.500000,29.50000,-1.50000,0.000000,21
16.500000,30.50000,-1.50000,0.244979,22
16.500000,31.50000,-1.25000,0.244979,23
16.500000,32.50000,-1.00000,0.244979,24
16.500000,33.50000,-0.75000,0.244979,25
16.500000,34.50000,-0.50000,0.000000,26
16.500000,35.50000,-0.50000,0.000000,27
16.500000,36.50000,-0.50000,0.000000,28
16.500000,37.50000,-0.50000,0.000000,29
16.500000,38.50000,-0.50000,0.000000,30
16.600000,8.55144,-2.99697,0.667059,0
16.600000,9.50000,-2.25000,0.643501,1
16.600000,10.50000,-1.50000,0.643501,2
16.600000,11.50000,-0.75000,0.463648,3
16.600000,12.50000,-0.25000,0.463648,4
16.600000,13.50000,0.25000,0.463648,5
16.600000,14.50000,0.75000,0.463648,6
16.600000,15.50000,1.25000,0.643501,7
16.600000,16.50000,2.00000,0.000000,8
16.600000,17.50000,2.00000,0.000000,9
16.600000,18.50000,2.00000,-0.244979,10
16.600000,19.50000,1.75000,-0.244979,11
16.600000,20.50000,1.50000,-0.463648,12
16.600000,21.50000,1.00000,-0.463648,13
16.600000,22.50000,0.50000,-0.463648,14
16.600000,23.50000,0.00000,-0.244979,15
16.600000,24.50000,-0.25000,-0.463648,16
16.600000,25.50000,-0.75000,-0.463648,17
16.600000,26.50000,-1.25000,-0.244979,18
16.600000,27.50000,-1.50000,0.000000,19
16.600000,28.50000,-1.50000,0.000000,20
16.600000,29.50000,-1.50000,0.000000,21
16.600000,30.50000,-1.50000,0.244979,22
16.600000,31.50000,-1.25000,0.244979,23
16.600000,32.50000,-1.00000,0.244979,24
16.600000,33.50000,-0.75000,0.244979,25
16.600000,34.50000,-0.50000,0.000000,26
16.600000,35.50000,-0.50000,0.000000,27
16.600000,36.50000,-0.50000,0.000000,28
16.600000,37.50000,-0.50000,0.000000,29
16.600000,38.50000,-0.50000,0.000000,30
16.700000,8.55789,-3.02044,0.685493,0
16.700000,9.50000,-2.25000,0.643501,1
16.700000,10.50000,-1.50000,0.643501,2
16.700000,11.50000,-0.75000,0.463648,3
16.700000,12.50000,-0.25000,0.463648,4
16.700000,13.50000,0.25000,0.463648,5
16.700000,14.50000,0.75000,0.463648,6
16.700000,15.50000,1.25000,0.643501,7
16.700000,16.50000,2.00000,0.000000,8
16.700000,17.50000,2.00000,0.000000,9
16.700000,18.50000,2.00000,-0.244979,10
16.700000,19.50000,1.75000,-0.244979,11
16.700000,20.50000,1.50000,-0.463648,12
16.700000,21.50000,1.00000,-0.463648,13
16.700000,22.50000,0.50000,-0.463648,14
16.700000,23.50000,0.00000,-0.244979,15
16.700000,24.50000,-0.25000,-0.463648,16
16.700000,25.50000,-0.75000,-0.463648,17
16.700000,26.50000,-1.25000,-0.244979,18
16.700000,27.50000,-1.50000,0.000000,19
16.700000,28.50000,-1.50000,0.000000,20
16.700000,29.50000,-1.50000,0.000000,21
16.700000,30.50000,-1.50000,0.244979,22
16.700000,31.50000,-1.25000,0.244979,23
16.700000,32.50000,-1.00000,0.244979,24
16.700000,33.50000,-0.75000,0.244979,25
16.700000,34.50000,-0.50000,0.000000,26
16.700000,35.50000,-0.50000,0.000000,27
16.700000,36.50000,-0.50000,0.000000,28
16.700000,37.50000,-0.50000,0.000000,29
16.700000,38.50000,-0.50000,0.000000,30
16.800000,8.59054,-3.01817,0.701378,0
16.800000,9.50000,-2.25000,0.643501,1
16.800000,10.50000,-1.50000,0.643501,2
16.800000,11.50000,-0.75000,0.463648,3
16.800000,12.50000,-0.25000,0.463648,4
16.800000,13.50000,0.25000,0.463648,5
16.800000,14.50000,0.75000,0.463648,6
16.800000,15.50000,1.25000,0.643501,7
16.800000,16.50000,2.00000,0.000000,8
16.800000,17.50000,2.00000,0.000000,9
16.800000,18.50000,2.00000,-0.244979,10
16.800000,19.50000,1.75000,-0.244979,11
16.800000,20.50000,1.50000,-0.463648,12
16.800000,21.50000,1.00000,-0.463648,13
16.800000,22.50000,0.50000,-0.463648,14
16.800000,23.50000,0.00000,-0.244979,15
16.800000,24.50000,-0.25000,-0.463648,16
16.800000,25.50000,-0.75000,-0.463648,17
16.800000,26.50000,-1.25000,-0.244979,18
16.800000,27.50000,-1.50000,0.000000,19
16.800000,28.50000,-1.50000,0.000000,20
16.800000,29.50000,-1.50000,0.000000,21
16.800000,30.50000,-1.50000,0.244979,22
16.800000,31.50000,-1.25000,0.244979,23
16.800000,32.50000,-1.00000,0.244979,24
16.800000,33.50000,-0.75000,0.244979,25
16.800000,34.50000,-0.50000,0.000000,26
16.800000,35.50000,-0.50000,0.000000,27
16.800000,36.50000,-0.50000,0.000000,28
16.800000,37.50000,-0.50000,0.000000,29
16.800000,38.50000,-0.50000,0.000000,30
16.900000,8.60448,-3.02529,0.713564,0
16.900000,9.50000,-2.25000,0.643501,1
16.900000,10.50000,-1.50000,0.643501,2
16.900000,11.50000,-0.75000,0.463648,3
16.900000,12.50000,-0.25000,0.463648,4
16.900000,13.50000,0.25000,0.463648,5
16.900000,14.50000,0.75000,0.463648,6
16.900000,15.50000,1.25000,0.643501,7
16.900000,16.50000,2.00000,0.000000,8
16.900000,17.50000,2.00000,0.000000,9
16.900000,18.50000,2.00000,-0.244979,10
16.900000,19.50000,1.75000,-0.244979,11
16.900000,20.50000,1.50000,-0.463648,12
16.900000,21.50000,1.00000,-0.244979,13
16.900000,22.50000,0.75000,-0.244979,14
16.900000,23.50000,0.50000,-0.244979,15
16.900000,24.50000,0.25000,0.000000,16
16.900000,25.50000,0.25000,0.000000,17
16.900000,26.50000,0.25000,0.000000,18
16.900000,27.50000,0.25000,0.000000,19
16.900000,28.50000,0.25000,0.000000,20
16.900000,29.50000,0.25000,0.000000,21
16.900000,30.50000,0.25000,0.000000,22
16.900000,31.50000,0.25000,0.000000,23
16.900000,32.50000,0.25000,0.000000,24
16.900000,33.50000,0.25000,0.000000,25
16.900000,34.50000,0.25000,0.000000,26
16.900000,35.50000,0.25000,0.000000,27
16.900000,36.50000,0.25000,0.000000,28
16.900000,37.50000,0.25000,0.000000,29
16.900000,38.50000,0.25000,0.000000,30
17.000000,8.66564,-3.05413,0.766951,0
17.000000,9.50000,-2.25000,0.643501,1
17.000000,10.50000,-1.50000,0.643501,2
17.000000,11.50000,-0.75000,0.463648,3
17.000000,12.50000,-0.25000,0.463648,4
17.000000,13.50000,0.25000,0.463648,5
17.000000,14.50000,0.75000,0.463648,6
17.000000,15.50000,1.25000,0.643501,7
17.000000,16.50000,2.00000,0.000000,8
17.000000,17.50000,2.00000,0.000000,9
17.000000,18.50000,2.00000,-0.244979,10
17.000000,19.50000,1.75000,-0.244979,11
17.000000,20.50000,1.50000,-0.463648,12
17.000000,21.50000,1.00000,-0.244979,13
17.000000,22.50000,0.75000,-0.244979,14
17.000000,23.50000,0.50000,-0.244979,15
17.000000,24.50000,0.25000,0.000000,16
17.000000,25.50000,0.25000,0.000000,17
17.000000,26.50000,0.25000,0.000000,18
17.000000,27.50000,0.25000,0.000000,19
17.000000,28.50000,0.25000,0.000000,20
17.000000,29.50000,0.25000,0.000000,21
17.000000,30.50000,0.25000,0.000000,22
17.000000,31.50000,0.25000,0.000000,23
17.000000,32.50000,0.25000,0.000000,24
17.000000,33.50000,0.25000,0.000000,25
17.000000,34.50000,0.25000,0.000000,26
17.000000,35.50000,0.25000,0.000000,27
17.000000,36.50000,0.25000,0.000000,28
17.000000,37.50000,0.25000,0.000000,29
17.000000,38.50000,0.25000,0.000000,30
17.100000,8.73329,-3.10205,0.838066,0
17.100000,9.50000,-2.25000,0.643501,1
17.100000,10.50000,-1.50000,0.643501,2
17.100000,11.50000,-0.75000,0.463648,3
17.100000,12.50000,-0.25000,0.463648,4
17.100000,13.50000,0.25000,0.463648,5
17.100000,14.50000,0.75000,0.463648,6
17.100000,15.50000,1.25000,0.643501,7
17.100000,16.50000,2.00000,0.000000,8
17.100000,17.50000,2.00000,0.000000,9
17.100000,18.50000,2.00000,-0.244979,10
17.100000,19.50000,1.75000,-0.244979,11
17.100000,20.50000,1.50000,-0.463648,12
17.100000,21.50000,1.00000,-0.244979,13
17.100000,22.50000,0.75000,-0.244979,14
17.100000,23.50000,0.50000,-0.244979,15
17.100000,24.50000,0.25000,0.000000,16
17.100000,25.50000,0.25000,0.000000,17
17.100000,26.50000,0.25000,0.000000,18
17.100000,27.50000,0.25000,0.000000,19
17.100000,28.50000,0.25000,0.000000,20
17.100000,29.50000,0.25000,0.000000,21
17.100000,30.50000,0.25000,0.000000,22
17.100000,31.50000,0.25000,0.000000,23
17.100000,32.50000,0.25000,0.000000,24
17.100000,33.50000,0.25000,0.000000,25
17.100000,34.50000,0.25000,0.000000,26
17.100000,35.50000,0.25000,0.000000,27
17.100000,36.50000,0.25000,0.000000,28
17.100000,37.50000,0.25000,0.000000,29
17.100000,38.50000,0.25000,0.000000,30
17.200000,8.76457,-3.16126,0.491444,0
17.200000,10.00000,-2.50000,0.643501,1
17.200000,11.00000,-1.75000,0.643501,2
17.200000,12.00000,-1.00000,0.643501,3
17.200000,13.00000,-0.25000,0.463648,4
17.200000,14.00000,0.25000,0.643501,5
17.200000,15.00000,1.00000,0.643501,6
17.200000,16.00000,1.75000,0.244979,7
17.200000,17.00000,2.00000,0.000000,8
17.200000,18.00000,2.00000,-0.244979,9
17.200000,19.00000,1.75000,-0.244979,10
17.200000,20.00000,1.50000,-0.244979,11
17.200000,21.00000,1.25000,-0.463648,12
17.200000,22.00000,0.75000,-0.244979,13
17.200000,23.00000,0.50000,-0.244979,14
17.200000,24.00000,0.25000,0.000000,15
17.200000,25.00000,0.25000,0.000000,16
17.200000,26.00000,0.25000,0.000000,17
17.200000,27.00000,0.25000,0.000000,18
17.200000,28.00000,0.25000,0.000000,19
17.200000,29.00000,0.25000,0.000000,20
17.200000,30.00000,0.25000,0.000000,21
17.200000,31.00000,0.25000,0.000000,22
17.200000,32.00000,0.25000,0.000000,23
17.200000,33.00000,0.25000,0.000000,24
17.200000,34.00000,0.25000,0.000000,25
17.200000,35.00000,0.25000,0.000000,26
17.200000,36.00000,0.25000,0.000000,27
17.200000,37.00000,0.25000,0.000000,28
17.200000,38.00000,0.25000,0.000000,29
17.200000,39.00000,0.25000,0.000000,30
17.300000,8.86996,-3.18834,0.547105,0
17.300000,10.00000,-2.50000,0.643501,1
17.300000,11.00000,-1.75000,0.643501,2
17.300000,12.00000,-1.00000,0.643501,3
17.300000,13.00000,-0.25000,0.643501,4
17.300000,14.00000,0.50000,0.643501,5
17.300000,15.00000,1.25000,0.643501,6
17.300000,16.00000,2.00000,0.000000,7
17.300000,17.00000,2.00000,0.000000,8
17.300000,18.00000,2.00000,0.000000,9
17.300000,19.00000,2.00000,-0.244979,10
17.300000,20.00000,1.75000,-0.244979,11
17.300000,21.00000,1.50000,-0.463648,12
17.300000,22.00000,1.00000,-0.244979,13
17.300000,23.00000,0.75000,-0.244979,14
17.300000,24.00000,0.50000,-0.244979,15
17.300000,25.00000,0.25000,0.000000,16
17.300000,26.00000,0.25000,0.000000,17
17.300000,27.00000,0.25000,0.000000,18
17.300000,28.00000,0.25000,0.000000,19
17.300000,29.00000,0.25000,0.000000,20
17.300000,30.00000,0.25000,0.000000,21
17.300000,31.00000,0.25000,0.000000,22
17.300000,32.00000,0.25000,0.000000,23
17.300000,33.00000,0.25000,0.000000,24
17.300000,34.00000,0.25000,0.000000,25
17.300000,35.00000,0.25000,0.000000,26
17.300000,36.00000,0.25000,0.000000,27
17.300000,37.00000,0.25000,0.000000,28
17.300000,38.00000,0.25000,0.000000,29
17.300000,39.00000,0.25000,0.000000,30
17.404000,8.90816,-3.17781,0.555574,0
17.404000,10.00000,-2.50000,0.643501,1
17.404000,11.00000,-1.75000,0.643501,2
17.404000,12.00000,-1.00000,0.643501,3
17.404000,13.00000,-0.25000,0.643501,4
17.404000,14.00000,0.50000,0.643501,5
17.404000,15.00000,1.25000,0.643501,6
17.404000,16.00000,2.00000,0.000000,7
17.404000,17.00000,2.00000,0.000000,8
17.404000,18.00000,2.00000,0.000000,9
17.404000,19.00000,2.00000,-0.244979,10
17.404000,20.00000,1.75000,-0.244979,11
17.404000,21.00000,1.50000,-0.463648,12
17.404000,22.00000,1.00000,-0.244979,13
17.404000,23.00000,0.75000,-0.244979,14
17.404000,24.00000,0.50000,-0.244979,15
17.404000,25.00000,0.25000,0.000000,16
17.404000,26.00000,0.25000,0.000000,17
17.404000,27.00000,0.25000,0.000000,18
17.404000,28.00000,0.25000,0.000000,19
17.404000,29.00000,0.25000,0.000000,20
17.404000,30.00000,0.25000,0.000000,21
17.404000,31.00000,0.25000,0.000000,22
17.404000,32.00000,0.25000,0.000000,23
17.404000,33.00000,0.25000,0.000000,24
17.404000,34.00000,0.25000,0.000000,25
17.404000,35.00000,0.25000,0.000000,26
17.404000,36.00000,0.25000,0.000000,27
17.404000,37.00000,0.25000,0.000000,28
17.404000,38.00000,0.25000,0.000000,29
17.404000,39.00000,0.25000,0.000000,30
17.500000,8.98470,-3.21685,0.614769,0
17.500000,10.00000,-2.50000,0.643501,1
17.500000,11.00000,-1.75000,0.643501,2
17.500000,12.00000,-1.00000,0.643501,3
17.500000,13.00000,-0.25000,0.643501,4
17.500000,14.00000,0.50000,0.643501,5
17.500000,15.00000,1.25000,0.643501,6
17.500000,16.00000,2.00000,0.000000,7
17.500000,17.00000,2.00000,0.000000,8
17.500000,18.00000,2.00000,0.000000,9
17.500000,19.00000,2.00000,-0.244979,10
17.500000,20.00000,1.75000,-0.244979,11
17.500000,21.00000,1.50000,-0.463648,12
17.500000,22.00000,1.00000,-0.244979,13
17.500000,23.00000,0.75000,-0.244979,14
17.500000,24.00000,0.50000,-0.244979,15
17.500000,25.00000,0.25000,0.000000,16
17.500000,26.00000,0.25000,0.000000,17
17.500000,27.00000,0.25000,0.000000,18
17.500000,28.00000,0.25000,0.000000,19
17.500000,29.00000,0.25000,0.000000,20
17.500000,30.00000,0.25000,0.000000,21
17.500000,31.00000,0.25000,0.000000,22
17.500000,32.00000,0.25000,0.000000,23
17.500000,33.00000,0.25000,0.000000,24
17.500000,34.00000,0.25000,0.000000,25
17.500000,35.00000,0.25000,0.000000,26
17.500000,36.00000,0.25000,0.000000,27
17.500000,37.00000,0.25000,0.000000,28
17.500000,38.00000,0.25000,0.000000,29
17.500000,39.00000,0.25000,0.000000,30
17.604000,9.13254,-3.24551,0.709936,0
17.604000,10.00000,-2.50000,0.643501,1
17.604000,11.00000,-1.75000,0.643501,2
17.604000,12.00000,-1.00000,0.643501,3
17.604000,13.00000,-0.25000,0.643501,4
17.604000,14.00000,0.50000,0.643501,5
17.604000,15.00000,1.25000,0.643501,6
17.604000,16.00000,2.00000,0.000000,7
17.604000,17.00000,2.00000,0.000000,8
17.604000,18.00000,2.00000,0.000000,9
17.604000,19.00000,2.00000,-0.244979,10
17.604000,20.00000,1.75000,-0.463648,11
17.604000,21.00000,1.25000,-0.463648,12
17.604000,22.00000,0.75000,-0.463648,13
17.604000,23.00000,0.25000,-0.244979,14
17.604000,24.00000,0.00000,-0.244979,15
17.604000,25.00000,-0.25000,-0.463648,16
17.604000,26.00000,-0.75000,-0.463648,17
17.604000,27.00000,-1.25000,-0.244979,18
17.604000,28.00000,-1.50000,0.000000,19
17.604000,29.00000,-1.50000,0.000000,20
17.604000,30.00000,-1.50000,0.000000,21
17.604000,31.00000,-1.50000,0.463648,22
17.604000,32.00000,-1.00000,0.244979,23
17.604000,33.00000,-0.75000,0.244979,24
17.604000,34.00000,-0.50000,0.000000,25
17.604000,35.00000,-0.50000,0.000000,26
17.604000,36.00000,-0.50000,0.000000,27
17.604000,37.00000,-0.50000,0.000000,28
17.604000,38.00000,-0.50000,0.000000,29
17.604000,39.00000,-0.50000,0.000000,30
17.702000,9.14284,-3.23067,0.705907,0
17.702000,10.00000,-2.50000,0.643501,1
17.702000,11.00000,-1.75000,0.643501,2
17.702000,12.00000,-1.00000,0.643501,3
17.702000,13.00000,-0.25000,0.643501,4
17.702000,14.00000,0.50000,0.643501,5
17.702000,15.00000,1.25000,0.643501,6
17.702000,16.00000,2.00000,0.000000,7
17.702000,17.00000,2.00000,0.000000,8
17.702000,18.00000,2.00000,0.000000,9
17.702000,19.00000,2.00000,-0.244979,10
17.702000,20.00000,1.75000,-0.463648,11
17.702000,21.00000,1.25000,-0.463648,12
17.702000,22.00000,0.75000,-0.463648,13
17.702000,23.00000,0.25000,-0.244979,14
17.702000,24.00000,0.00000,-0.244979,15
17.702000,25.00000,-0.25000,-0.463648,16
17.702000,26.00000,-0.75000,-0.463648,17
17.702000,27.00000,-1.25000,-0.244979,18
17.702000,28.00000,-1.50000,0.000000,19
17.702000,29.00000,-1.50000,0.000000,20
17.702000,30.00000,-1.50000,0.000000,21
17.702000,31.00000,-1.50000,0.463648,22
17.702000,32.00000,-1.00000,0.244979,23
17.702000,33.00000,-0.75000,0.244979,24
17.702000,34.00000,-0.50000,0.000000,25
17.702000,35.00000,-0.50000,0.000000,26
17.702000,36.00000,-0.50000,0.000000,27
17.702000,37.00000,-0.50000,0.000000,28
17.702000,38.00000,-0.50000,0.000000,29
17.702000,39.00000,-0.50000,0.000000,30
17.800000,9.24161,-3.26061,0.786858,0
17.800000,10.00000,-2.50000,0.643501,1
17.800000,11.00000,-1.75000,0.643501,2
17.800000,12.00000,-1.00000,0.643501,3
17.800000,13.00000,-0.25000,0.643501,4
17.800000,14.00000,0.50000,0.643501,5
17.800000,15.00000,1.25000,0.643501,6
17.800000,16.00000,2.00000,0.000000,7
17.800000,17.00000,2.00000,0.000000,8
17.800000,18.00000,2.00000,0.000000,9
17.800000,19.00000,2.00000,-0.244979,10
17.800000,20.00000,1.75000,-0.463648,11
17.800000,21.00000,1.25000,-0.463648,12
17.800000,22.00000,0.75000,-0.463648,13
17.800000,23.00000,0.25000,-0.244979,14
17.800000,24.00000,0.00000,-0.244979,15
17.800000,25.00000,-0.25000,-0.463648,16
17.800000,26.00000,-0.75000,-0.463648,17
17.800000,27.00000,-1.25000,-0.244979,18
17.800000,28.00000,-1.50000,0.000000,19
17.800000,29.00000,-1.50000,0.000000,20
17.800000,30.00000,-1.50000,0.000000,21
17.800000,31.00000,-1.50000,0.463648,22
17.800000,32.00000,-1.00000,0.244979,23
17.800000,33.00000,-0.75000,0.244979,24
17.800000,34.00000,-0.50000,0.000000,25
17.800000,35.00000,-0.50000,0.000000,26
17.800000,36.00000,-0.50000,0.000000,27
17.800000,37.00000,-0.50000,0.000000,28
17.800000,38.00000,-0.50000,0.000000,29
17.800000,39.00000,-0.50000,0.000000,30
17.900000,9.24928,-3.26762,0.796528,0
17.900000,10.00000,-2.50000,0.643501,1
17.900000,11.00000,-1.75000,0.643501,2
17.900000,12.00000,-1.00000,0.643501,3
17.900000,13.00000,-0.25000,0.643501,4
17.900000,14.00000,0.50000,0.643501,5
17.900000,15.00000,1.25000,0.643501,6
17.900000,16.00000,2.00000,0.000000,7
17.900000,17.00000,2.00000,0.000000,8
17.900000,18.00000,2.00000,-0.244979,9
17.900000,19.00000,1.75000,-0.244979,10
17.900000,20.00000,1.50000,-0.244979,11
17.900000,21.00000,1.25000,-0.463648,12
17.900000,22.00000,0.75000,-0.463648,13
17.900000,23.00000,0.25000,-0.244979,14
17.900000,24.00000,0.00000,-0.244979,15
17.900000,25.00000,-0.25000,-0.463648,16
17.900000,26.00000,-0.75000,-0.463648,17
17.900000,27.00000,-1.25000,-0.244979,18
17.900000,28.00000,-1.50000,0.000000,19
17.900000,29.00000,-1.50000,0.000000,20
17.900000,30.00000,-1.50000,0.000000,21
17.900000,31.00000,-1.50000,0.463648,22
17.900000,32.00000,-1.00000,0.244979,23
17.900000,33.00000,-0.75000,0.244979,24
17.900000,34.00000,-0.50000,0.000000,25
17.900000,35.00000,-0.50000,0.000000,26
17.900000,36.00000,-0.50000,0.000000,27
17.900000,37.00000,-0.50000,0.000000,28
17.900000,38.00000,-0.50000,0.000000,29
17.900000,39.00000,-0.50000,0.000000,30
18.000000,9.32411,-3.26922,0.579292,0
18.000000,10.50000,-2.50000,0.643501,1
18.000000,11.50000,-1.75000,0.643501,2
18.000000,12.50000,-1.00000,0.643501,3
18.000000,13.50000,-0.25000,0.643501,4
18.000000,14.50000,0.50000,0.643501,5
18.000000,15.50000,1.25000,0.643501,6
18.000000,16.50000,2.00000,0.000000,7
18.000000,17.50000,2.00000,0.000000,8
18.000000,18.50000,2.00000,-0.244979,9
18.000000,19.50000,1.75000,-0.244979,10
18.000000,20.50000,1.50000,-0.463648,11
18.000000,21.50000,1.00000,-0.463648,12
18.000000,22.50000,0.50000,-0.463648,13
18.000000,23.50000,0.00000,-0.244979,14
18.000000,24.50000,-0.25000,-0.463648,15
18.000000,25.50000,-0.75000,-0.463648,16
18.000000,26.50000,-1.25000,-0.244979,17
18.000000,27.50000,-1.50000,0.000000,18
18.000000,28.50000,-1.50000,0.000000,19
18.000000,29.50000,-1.50000,0.000000,20
18.000000,30.50000,-1.50000,0.244979,21
18.000000,31.50000,-1.25000,0.244979,22
18.000000,32.50000,-1.00000,0.244979,23
18.000000,33.50000,-0.75000,0.244979,24
18.000000,34.50000,-0.50000,0.000000,25
18.000000,35.50000,-0.50000,0.000000,26
18.000000,36.50000,-0.50000,0.000000,27
18.000000,37.50000,-0.50000,0.000000,28
18.000000,38.50000,-0.50000,0.000000,29
18.000000,39.50000,-0.50000,0.000000,30
18.100000,9.35566,-3.26742,0.590739,0
18.100000,10.50000,-2.50000,0.643501,1
18.100000,11.50000,-1.75000,0.643501,2
18.100000,12.50000,-1.00000,0.643501,3
18.100000,13.50000,-0.25000,0.643501,4
18.100000,14.50000,0.50000,0.643501,5
18.100000,15.50000,1.25000,0.643501,6
18.100000,16.50000,2.00000,0.000000,7
18.100000,17.50000,2.00000,0.000000,8
18.100000,18.50000,2.00000,-0.244979,9
18.100000,19.50000,1.75000,-0.244979,10
18.100000,20.50000,1.50000,-0.463648,11
18.100000,21.50000,1.00000,-0.463648,12
18.100000,22.50000,0.50000,-0.463648,13
18.100000,23.50000,0.00000,-0.244979,14
18.100000,24.50000,-0.25000,-0.463648,15
18.100000,25.50000,-0.75000,-0.463648,16
18.100000,26.50000,-1.25000,-0.244979,17
18.100000,27.50000,-1.50000,0.000000,18
18.100000,28.50000,-1.50000,0.000000,19
18.100000,29.50000,-1.50000,0.000000,20
18.100000,30.50000,-1.50000,0.244979,21
18.100000,31.50000,-1.25000,0.244979,22
18.100000,32.50000,-1.00000,0.244979,23
18.100000,33.50000,-0.75000,0.244979,24
18.100000,34.50000,-0.50000,0.000000,25
18.100000,35.50000,-0.50000,0.000000,26
18.100000,36.50000,-0.50000,0.000000,27
18.100000,37.50000,-0.50000,0.000000,28
18.100000,38.50000,-0.50000,0.000000,29
18.100000,39.50000,-0.50000,0.000000,30
18.200000,9.37681,-3.24995,0.588717,0
18.200000,10.50000,-2.50000,0.643501,1
18.200000,11.50000,-1.75000,0.643501,2
18.200000,12.50000,-1.00000,0.643501,3
18.200000,13.50000,-0.25000,0.643501,4
18.200000,14.50000,0.50000,0.643501,5
18.200000,15.50000,1.25000,0.643501,6
18.200000,16.50000,2.00000,0.000000,7
18.200000,17.50000,2.00000,0.000000,8
18.200000,18.50000,2.00000,-0.244979,9
18.200000,19.50000,1.75000,-0.244979,10
18.200000,20.50000,1.50000,-0.463648,11
18.200000,21.50000,1.00000,-0.463648,12
18.200000,22.50000,0.50000,-0.463648,13
18.200000,23.50000,0.00000,-0.244979,14
18.200000,24.50000,-0.25000,-0.463648,15
18.200000,25.50000,-0.75000,-0.463648,16
18.200000,26.50000,-1.25000,-0.244979,17
18.200000,27.50000,-1.50000,0.000000,18
18.200000,28.50000,-1.50000,0.000000,19
18.200000,29.50000,-1.50000,0.000000,20
18.200000,30.50000,-1.50000,0.244979,21
18.200000,31.50000,-1.25000,0.244979,22
18.200000,32.50000,-1.00000,0.244979,23
18.200000,33.50000,-0.75000,0.244979,24
18.200000,34.50000,-0.50000,0.000000,25
18.200000,35.50000,-0.50000,0.000000,26
18.200000,36.50000,-0.50000,0.000000,27
18.200000,37.50000,-0.50000,0.000000,28
18.200000,38.50000,-0.50000,0.000000,29
18.200000,39.50000,-0.50000,0.000000,30
18.300000,9.40991,-3.23447,0.592905,0
18.300000,10.50000,-2.50000,0.643501,1
18.300000,11.50000,-1.75000,0.643501,2
18.300000,12.50000,-1.00000,0.643501,3
18.300000,13.50000,-0.25000,0.643501,4
18.300000,14.50000,0.50000,0.643501,5
18.300000,15.50000,1.25000,0.643501,6
18.300000,16.50000,2.00000,0.000000,7
18.300000,17.50000,2.00000,0.000000,8
18.300000,18.50000,2.00000,-0.244979,9
18.300000,19.50000,1.75000,-0.244979,10
18.300000,20.50000,1.50000,-0.463648,11
18.300000,21.50000,1.00000,-0.463648,12
18.300000,22.50000,0.50000,-0.463648,13
18.300000,23.50000,0.00000,-0.244979,14
18.300000,24.50000,-0.25000,-0.244979,15
18.300000,25.50000,-0.50000,-0.463648,16
18.300000,26.50000,-1.00000,-0.244979,17
18.300000,27.50000,-1.25000,-0.244979,18
18.300000,28.50000,-1.50000,0.000000,19
18.300000,29.50000,-1.50000,0.000000,20
18.300000,30.50000,-1.50000,0.244979,21
18.300000,31.50000,-1.25000,0.244979,22
18.300000,32.50000,-1.00000,0.244979,23
18.300000,33.50000,-0.75000,0.244979,24
18.300000,34.50000,-0.50000,0.000000,25
18.300000,35.50000,-0.50000,0.000000,26
18.300000,36.50000,-0.50000,0.000000,27
18.300000,37.50000,-0.50000,0.000000,28
18.300000,38.50000,-0.50000,0.000000,29
18.300000,39.50000,-0.50000,0.000000,30
18.400000,9.42483,-3.23766,0.601326,0
18.400000,10.50000,-2.50000,0.643501,1
18.400000,11.50000,-1.75000,0.643501,2
18.400000,12.50000,-1.00000,0.643501,3
18.400000,13.50000,-0.25000,0.643501,4
18.400000,14.50000,0.50000,0.643501,5
18.400000,15.50000,1.25000,0.643501,6
18.400000,16.50000,2.00000,0.000000,7
18.400000,17.50000,2.00000,0.000000,8
18.400000,18.50000,2.00000,-0.244979,9
18.400000,19.50000,1.75000,-0.244979,10
18.400000,20.50000,1.50000,-0.463648,11
18.400000,21.50000,1.00000,-0.463648,12
18.400000,22.50000,0.50000,-0.463648,13
18.400000,23.50000,0.00000,-0.244979,14
18.400000,24.50000,-0.25000,-0.244979,15
18.400000,25.50000,-0.50000,-0.463648,16
18.400000,26.50000,-1.00000,-0.244979,17
18.400000,27.50000,-1.25000,0.000000,18
18.400000,28.50000,-1.25000,0.000000,19
18.400000,29.50000,-1.25000,0.000000,20
18.400000,30.50000,-1.25000,0.000000,21
18.400000,31.50000,-1.25000,0.244979,22
18.400000,32.50000,-1.00000,0.244979,23
18.400000,33.50000,-0.75000,0.244979,24
18.400000,34.50000,-0.50000,0.000000,25
18.400000,35.50000,-0.50000,0.000000,26
18.400000,36.50000,-0.50000,0.000000,27
18.400000,37.50000,-0.50000,0.000000,28
18.400000,38.50000,-0.50000,0.000000,29
18.400000,39.50000,-0.50000,0.000000,30
18.500000,9.42082,-3.26448,0.616335,0
18.500000,10.50000,-2.50000,0.643501,1
18.500000,11.50000,-1.75000,0.643501,2
18.500000,12.50000,-1.00000,0.643501,3
18.500000,13.50000,-0.25000,0.643501,4
18.500000,14.50000,0.50000,0.643501,5
18.500000,15.50000,1.25000,0.643501,6
18.500000,16.50000,2.00000,0.000000,7
18.500000,17.50000,2.00000,0.000000,8
18.500000,18.50000,2.00000,-0.244979,9
18.500000,19.50000,1.75000,-0.244979,10
18.500000,20.50000,1.50000,-0.463648,11
18.500000,21.50000,1.00000,-0.463648,12
18.500000,22.50000,0.50000,-0.463648,13
18.500000,23.50000,0.00000,-0.244979,14
18.500000,24.50000,-0.25000,-0.463648,15
18.500000,25.50000,-0.75000,-0.463648,16
18.500000,26.50000,-1.25000,-0.244979,17
18.500000,27.50000,-1.50000,0.000000,18
18.500000,28.50000,-1.50000,0.000000,19
18.500000,29.50000,-1.50000,0.000000,20
18.500000,30.50000,-1.50000,0.244979,21
18.500000,31.50000,-1.25000,0.244979,22
18.500000,32.50000,-1.00000,0.244979,23
18.500000,33.50000,-0.75000,0.244979,24
18.500000,34.50000,-0.50000,0.000000,25
18.500000,35.50000,-0.50000,0.000000,26
18.500000,36.50000,-0.50000,0.000000,27
18.500000,37.50000,-0.50000,0.000000,28
18.500000,38.50000,-0.50000,0.000000,29
18.500000,39.50000,-0.50000,0.000000,30
18.600000,9.43484,-3.25627,0.617410,0
18.600000,10.50000,-2.50000,0.643501,1
18.600000,11.50000,-1.75000,0.643501,2
18.600000,12.50000,-1.00000,0.643501,3
18.600000,13.50000,-0.25000,0.643501,4
18.600000,14.50000,0.50000,0.643501,5
18.600000,15.50000,1.25000,0.643501,6
18.600000,16.50000,2.00000,0.000000,7
18.600000,17.50000,2.00000,0.000000,8
18.600000,18.50000,2.00000,-0.244979,9
18.600000,19.50000,1.75000,-0.244979,10
18.600000,20.50000,1.50000,-0.463648,11
18.600000,21.50000,1.00000,-0.463648,12
18.600000,22.50000,0.50000,-0.463648,13
18.600000,23.50000,0.00000,-0.244979,14
18.600000,24.50000,-0.25000,-0.463648,15
18.600000,25.50000,-0.75000,-0.463648,16
18.600000,26.50000,-1.25000,-0.244979,17
18.600000,27.50000,-1.50000,0.000000,18
18.600000,28.50000,-1.50000,0.000000,19
18.600000,29.50000,-1.50000,0.000000,20
18.600000,30.50000,-1.50000,0.244979,21
18.600000,31.50000,-1.25000,0.244979,22
18.600000,32.50000,-1.00000,0.244979,23
18.600000,33.50000,-0.75000,0.244979,24
18.600000,34.50000,-0.50000,0.000000,25
18.600000,35.50000,-0.50000,0.000000,26
18.600000,36.50000,-0.50000,0.000000,27
18.600000,37.50000,-0.50000,0.000000,28
18.600000,38.50000,-0.50000,0.000000,29
18.600000,39.50000,-0.50000,0.000000,30
18.700000,9.41814,-3.25325,0.608206,0
18.700000,10.50000,-2.50000,0.643501,1
18.700000,11.50000,-1.75000,0.643501,2
18.700000,12.50000,-1.00000,0.643501,3
18.700000,13.50000,-0.25000,0.643501,4
18.700000,14.50000,0.50000,0.643501,5
18.700000,15.50000,1.25000,0.643501,6
18.700000,16.50000,2.00000,0.000000,7
18.700000,17.50000,2.00000,0.000000,8
18.700000,18.50000,2.00000,-0.244979,9
18.700000,19.50000,1.75000,-0.244979,10
18.700000,20.50000,1.50000,-0.463648,11
18.700000,21.50000,1.00000,-0.463648,12
18.700000,22.50000,0.50000,-0.463648,13
18.700000,23.50000,0.00000,-0.244979,14
18.700000,24.50000,-0.25000,-0.463648,15
18.700000,25.50000,-0.75000,-0.463648,16
18.700000,26.50000,-1.25000,-0.244979,17
18.700000,27.50000,-1.50000,0.000000,18
18.700000,28.50000,-1.50000,0.000000,19
18.700000,29.50000,-1.50000,0.000000,20
18.700000,30.50000,-1.50000,0.244979,21
18.700000,31.50000,-1.25000,0.244979,22
18.700000,32.50000,-1.00000,0.244979,23
18.700000,33.50000,-0.75000,0.244979,24
18.700000,34.50000,-0.50000,0.000000,25
18.700000,35.50000,-0.50000,0.000000,26
18.700000,36.50000,-0.50000,0.000000,27
18.700000,37.50000,-0.50000,0.000000,28
18.700000,38.50000,-0.50000,0.000000,29
18.700000,39.50000,-0.50000,0.000000,30
18.800000,9.38333,-3.26226,0.598969,0
18.800000,10.50000,-2.50000,0.643501,1
18.800000,11.50000,-1.75000,0.643501,2
18.800000,12.50000,-1.00000,0.643501,3
18.800000,13.50000,-0.25000,0.643501,4
18.800000,14.50000,0.50000,0.643501,5
18.800000,15.50000,1.25000,0.643501,6
18.800000,16.50000,2.00000,0.000000,7
18.800000,17.50000,2.00000,0.000000,8
18.800000,18.50000,2.00000,-0.244979,9
18.800000,19.50000,1.75000,-0.244979,10
18.800000,20.50000,1.50000,-0.463648,11
18.800000,21.50000,1.00000,-0.463648,12
18.800000,22.50000,0.50000,-0.463648,13
18.800000,23.50000,0.00000,-0.244979,14
18.800000,24.50000,-0.25000,-0.463648,15
18.800000,25.50000,-0.75000,-0.463648,16
18.800000,26.50000,-1.25000,-0.244979,17
18.800000,27.50000,-1.50000,0.000000,18
18.800000,28.50000,-1.50000,0.000000,19
18.800000,29.50000,-1.50000,0.000000,20
18.800000,30.50000,-1.50000,0.244979,21
18.800000,31.50000,-1.25000,0.244979,22
18.800000,32.50000,-1.00000,0.244979,23
18.800000,33.50000,-0.75000,0.244979,24
18.800000,34.50000,-0.50000,0.000000,25
18.800000,35.50000,-0.50000,0.000000,26
18.800000,36.50000,-0.50000,0.000000,27
18.800000,37.50000,-0.50000,0.000000,28
18.800000,38.50000,-0.50000,0.000000,29
18.800000,39.50000,-0.50000,0.000000,30
18.900000,9.42141,-3.27909,0.625551,0
18.900000,10.50000,-2.50000,0.643501,1
18.900000,11.50000,-1.75000,0.643501,2
18.900000,12.50000,-1.00000,0.643501,3
18.900000,13.50000,-0.25000,0.643501,4
18.900000,14.50000,0.50000,0.643501,5
18.900000,15.50000,1.25000,0.643501,6
18.900000,16.50000,2.00000,0.000000,7
18.900000,17.50000,2.00000,0.000000,8
18.900000,18.50000,2.00000,-0.244979,9
18.900000,19.50000,1.75000,-0.244979,10
18.900000,20.50000,1.50000,-0.463648,11
18.900000,21.50000,1.00000,-0.463648,12
18.900000,22.50000,0.50000,-0.463648,13
18.900000,23.50000,0.00000,-0.244979,14
18.900000,24.50000,-0.25000,-0.463648,15
18.900000,25.50000,-0.75000,-0.463648,16
18.900000,26.50000,-1.25000,-0.244979,17
18.900000,27.50000,-1.50000,0.000000,18
18.900000,28.50000,-1.50000,0.000000,19
18.900000,29.50000,-1.50000,0.000000,20
18.900000,30.50000,-1.50000,0.244979,21
18.900000,31.50000,-1.25000,0.244979,22
18.900000,32.50000,-1.00000,0.244979,23
18.900000,33.50000,-0.75000,0.244979,24
18.900000,34.50000,-0.50000,0.000000,25
18.900000,35.50000,-0.50000,0.000000,26
18.900000,36.50000,-0.50000,0.000000,27
18.900000,37.50000,-0.50000,0.000000,28
18.900000,38.50000,-0.50000,0.000000,29
18.900000,39.50000,-0.50000,0.000000,30
19.000000,9.38357,-3.24749,0.589987,0
19.000000,10.50000,-2.50000,0.643501,1
19.000000,11.50000,-1.75000,0.643501,2
19.000000,12.50000,-1.00000,0.643501,3
19.000000,13.50000,-0.25000,0.643501,4
19.000000,14.50000,0.50000,0.643501,5
19.000000,15.50000,1.25000,0.643501,6
19.000000,16.50000,2.00000,0.000000,7
19.000000,17.50000,2.00000,0.000000,8
19.000000,18.50000,2.00000,-0.244979,9
19.000000,19.50000,1.75000,-0.244979,10
19.000000,20.50000,1.50000,-0.463648,11
19.000000,21.50000,1.00000,-0.463648,12
19.000000,22.50000,0.50000,-0.463648,13
19.000000,23.50000,0.00000,-0.244979,14
19.000000,24.50000,-0.25000,-0.463648,15
19.000000,25.50000,-0.75000,-0.463648,16
19.000000,26.50000,-1.25000,-0.244979,17
19.000000,27.50000,-1.50000,0.000000,18
19.000000,28.50000,-1.50000,0.000000,19
19.000000,29.50000,-1.50000,0.000000,20
19.000000,30.50000,-1.50000,0.244979,21
19.000000,31.50000,-1.25000,0.244979,22
19.000000,32.50000,-1.00000,0.244979,23
19.000000,33.50000,-0.75000,0.244979,24
19.000000,34.50000,-0.50000,0.000000,25
19.000000,35.50000,-0.50000,0.000000,26
19.000000,36.50000,-0.50000,0.000000,27
19.000000,37.50000,-0.50000,0.000000,28
19.000000,38.50000,-0.50000,0.000000,29
19.000000,39.50000,-0.50000,0.000000,30
19.100000,9.42013,-3.25892,0.612592,0
19.100000,10.50000,-2.50000,0.643501,1
19.100000,11.50000,-1.75000,0.643501,2
19.100000,12.50000,-1.00000,0.643501,3
19.100000,13.50000,-0.25000,0.643501,4
19.100000,14.50000,0.50000,0.643501,5
19.100000,15.50000,1.25000,0.643501,6
19.100000,16.50000,2.00000,0.000000,7
19.100000,17.50000,2.00000,0.000000,8
19.100000,18.50000,2.00000,-0.244979,9
19.100000,19.50000,1.75000,-0.244979,10
19.100000,20.50000,1.50000,-0.463648,11
19.100000,21.50000,1.00000,-0.463648,12
19.100000,22.50000,0.50000,-0.463648,13
19.100000,23.50000,0.00000,-0.244979,14
19.100000,24.50000,-0.25000,-0.463648,15
19.100000,25.50000,-0.75000,-0.463648,16
19.100000,26.50000,-1.25000,-0.244979,17
19.100000,27.50000,-1.50000,0.000000,18
19.100000,28.50000,-1.50000,0.000000,19
19.100000,29.50000,-1.50000,0.000000,20
19.100000,30.50000,-1.50000,0.244979,21
19.100000,31.50000,-1.25000,0.244979,22
19.100000,32.50000,-1.00000,0.244979,23
19.100000,33.50000,-0.75000,0.244979,24
19.100000,34.50000,-0.50000,0.000000,25
19.100000,35.50000,-0.50000,0.000000,26
19.100000,36.50000,-0.50000,0.000000,27
19.100000,37.50000,-0.50000,0.000000,28
19.100000,38.50000,-0.50000,0.000000,29
19.100000,39.50000,-0.50000,0.000000,30
19.200000,9.39701,-3.26367,0.605579,0
19.200000,10.50000,-2.50000,0.643501,1
19.200000,11.50000,-1.75000,0.643501,2
19.200000,12.50000,-1.00000,0.643501,3
19.200000,13.50000,-0.25000,0.643501,4
19.200000,14.50000,0.50000,0.643501,5
19.200000,15.50000,1.25000,0.643501,6
19.200000,16.50000,2.00000,0.000000,7
19.200000,17.50000,2.00000,0.000000,8
19.200000,18.50000,2.00000,-0.244979,9
19.200000,19.50000,1.75000,-0.244979,10
19.200000,20.50000,1.50000,-0.463648,11
19.200000,21.50000,1.00000,-0.463648,12
19.200000,22.50000,0.50000,-0.463648,13
19.200000,23.50000,0.00000,-0.244979,14
19.200000,24.50000,-0.25000,-0.244979,15
19.200000,25.50000,-0.50000,-0.463648,16
19.200000,26.50000,-1.00000,-0.244979,17
19.200000,27.50000,-1.25000,0.000000,18
19.200000,28.50000,-1.25000,0.000000,19
19.200000,29.50000,-1.25000,0.000000,20
19.200000,30.50000,-1.25000,0.000000,21
19.200000,31.50000,-1.25000,0.244979,22
19.200000,32.50000,-1.00000,0.244979,23
19.200000,33.50000,-0.75000,0.244979,24
19.200000,34.50000,-0.50000,0.000000,25
19.200000,35.50000,-0.50000,0.000000,26
19.200000,36.50000,-0.50000,0.000000,27
19.200000,37.50000,-0.50000,0.000000,28
19.200000,38.50000,-0.50000,0.000000,29
19.200000,39.50000,-0.50000,0.000000,30
19.300000,9.43002,-3.25222,0.612749,0
19.300000,10.50000,-2.50000,0.643501,1
19.300000,11.50000,-1.75000,0.643501,2
19.300000,12.50000,-1.00000,0.643501,3
19.300000,13.50000,-0.25000,0.643501,4
19.300000,14.50000,0.50000,0.643501,5
19.300000,15.50000,1.25000,0.643501,6
19.300000,16.50000,2.00000,0.000000,7
19.300000,17.50000,2.00000,0.000000,8
19.300000,18.50000,2.00000,-0.244979,9
19.300000,19.50000,1.75000,-0.244979,10
19.300000,20.50000,1.50000,-0.463648,11
19.300000,21.50000,1.00000,-0.463648,12
19.300000,22.50000,0.50000,-0.463648,13
19.300000,23.50000,0.00000,-0.244979,14
19.300000,24.50000,-0.25000,-0.463648,15
19.300000,25.50000,-0.75000,-0.463648,16
19.300000,26.50000,-1.25000,-0.244979,17
19.300000,27.50000,-1.50000,0.000000,18
19.300000,28.50000,-1.50000,0.000000,19
19.300000,29.50000,-1.50000,0.000000,20
19.300000,30.50000,-1.50000,0.244979,21
19.300000,31.50000,-1.25000,0.244979,22
19.300000,32.50000,-1.00000,0.244979,23
19.300000,33.50000,-0.75000,0.244979,24
19.300000,34.50000,-0.50000,0.000000,25
19.300000,35.50000,-0.50000,0.000000,26
19.300000,36.50000,-0.50000,0.000000,27
19.300000,37.50000,-0.50000,0.000000,28
19.300000,38.50000,-0.50000,0.000000,29
19.300000,39.50000,-0.50000,0.000000,30
19.400000,9.42464,-3.28538,0.630802,0
19.400000,10.50000,-2.50000,0.643501,1
19.400000,11.50000,-1.75000,0.643501,2
19.400000,12.50000,-1.00000,0.643501,3
19.400000,13.50000,-0.25000,0.643501,4
19.400000,14.50000,0.50000,0.643501,5
19.400000,15.50000,1.25000,0.643501,6
19.400000,16.50000,2.00000,0.000000,7
19.400000,17.50000,2.00000,0.000000,8
19.400000,18.50000,2.00000,-0.244979,9
19.400000,19.50000,1.75000,-0.244979,10
19.400000,20.50000,1.50000,-0.463648,11
19.400000,21.50000,1.00000,-0.463648,12
19.400000,22.50000,0.50000,-0.463648,13
19.400000,23.50000,0.00000,-0.244979,14
19.400000,24.50000,-0.25000,-0.463648,15
19.400000,25.50000,-0.75000,-0.463648,16
19.400000,26.50000,-1.25000,-0.244979,17
19.400000,27.50000,-1.50000,0.000000,18
19.400000,28.50000,-1.50000,0.000000,19
19.400000,29.50000,-1.50000,0.000000,20
19.400000,30.50000,-1.50000,0.244979,21
19.400000,31.50000,-1.25000,0.244979,22
19.400000,32.50000,-1.00000,0.244979,23
19.400000,33.50000,-0.75000,0.244979,24
19.400000,34.50000,-0.50000,0.000000,25
19.400000,35.50000,-0.50000,0.000000,26
19.400000,36.50000,-0.50000,0.000000,27
19.400000,37.50000,-0.50000,0.000000,28
19.400000,38.50000,-0.50000,0.000000,29
19.400000,39.50000,-0.50000,0.000000,30
19.500000,9.45254,-3.29816,0.651138,0
19.500000,10.50000,-2.50000,0.643501,1
19.500000,11.50000,-1.75000,0.643501,2
19.500000,12.50000,-1.00000,0.643501,3
19.500000,13.50000,-0.25000,0.643501,4
19.500000,14.50000,0.50000,0.643501,5
19.500000,15.50000,1.25000,0.643501,6
19.500000,16.50000,2.00000,0.000000,7
19.500000,17.50000,2.00000,0.000000,8
19.500000,18.50000,2.00000,-0.244979,9
19.500000,19.50000,1.75000,-0.244979,10
19.500000,20.50000,1.50000,-0.463648,11
19.500000,21.50000,1.00000,-0.463648,12
19.500000,22.50000,0.50000,-0.463648,13
19.500000,23.50000,0.00000,-0.244979,14
19.500000,24.50000,-0.25000,-0.463648,15
19.500000,25.50000,-0.75000,-0.463648,16
19.500000,26.50000,-1.25000,-0.244979,17
19.500000,27.50000,-1.50000,0.000000,18
19.500000,28.50000,-1.50000,0.000000,19
19.500000,29.50000,-1.50000,0.000000,20
19.500000,30.50000,-1.50000,0.244979,21
19.500000,31.50000,-1.25000,0.244979,22
19.500000,32.50000,-1.00000,0.244979,23
19.500000,33.50000,-0.75000,0.244979,24
19.500000,34.50000,-0.50000,0.000000,25
19.500000,35.50000,-0.50000,0.000000,26
19.500000,36.50000,-0.50000,0.000000,27
19.500000,37.50000,-0.50000,0.000000,28
19.500000,38.50000,-0.50000,0.000000,29
19.500000,39.50000,-0.50000,0.000000,30
19.600000,9.50641,-3.31239,0.685399,0
19.600000,10.50000,-2.50000,0.643501,1
19.600000,11.50000,-1.75000,0.643501,2
19.600000,12.50000,-1.00000,0.643501,3
19.600000,13.50000,-0.25000,0.643501,4
19.600000,14.50000,0.50000,0.643501,5
19.600000,15.50000,1.25000,0.643501,6
19.600000,16.50000,2.00000,0.000000,7
19.600000,17.50000,2.00000,0.000000,8
19.600000,18.50000,2.00000,-0.244979,9
19.600000,19.50000,1.75000,-0.244979,10
19.600000,20.50000,1.50000,-0.463648,11
19.600000,21.50000,1.00000,-0.463648,12
19.600000,22.50000,0.50000,-0.463648,13
19.600000,23.50000,0.00000,-0.244979,14
19.600000,24.50000,-0.25000,-0.463648,15
19.600000,25.50000,-0.75000,-0.463648,16
19.600000,26.50000,-1.25000,-0.244979,17
19.600000,27.50000,-1.50000,0.000000,18
19.600000,28.50000,-1.50000,0.000000,19
19.600000,29.50000,-1.50000,0.000000,20
19.600000,30.50000,-1.50000,0.244979,21
19.600000,31.50000,-1.25000,0.244979,22
19.600000,32.50000,-1.00000,0.244979,23
19.600000,33.50000,-0.75000,0.244979,24
19.600000,34.50000,-0.50000,0.000000,25
19.600000,35.50000,-0.50000,0.000000,26
19.600000,36.50000,-0.50000,0.000000,27
19.600000,37.50000,-0.50000,0.000000,28
19.600000,38.50000,-0.50000,0.000000,29
19.600000,39.50000,-0.50000,0.000000,30
19.700000,9.52904,-3.34015,0.713299,0
19.700000,10.50000,-2.50000,0.643501,1
19.700000,11.50000,-1.75000,0.643501,2
19.700000,12.50000,-1.00000,0.643501,3
19.700000,13.50000,-0.25000,0.643501,4
19.700000,14.50000,0.50000,0.643501,5
19.700000,15.50000,1.25000,0.643501,6
19.700000,16.50000,2.00000,0.000000,7
19.700000,17.50000,2.00000,0.000000,8
19.700000,18.50000,2.00000,-0.244979,9
19.700000,19.50000,1.75000,-0.244979,10
19.700000,20.50000,1.50000,-0.463648,11
19.700000,21.50000,1.00000,-0.463648,12
19.700000,22.50000,0.50000,-0.463648,13
19.700000,23.50000,0.00000,-0.244979,14
19.700000,24.50000,-0.25000,-0.463648,15
19.700000,25.50000,-0.75000,-0.463648,16
19.700000,26.50000,-1.25000,-0.244979,17
19.700000,27.50000,-1.50000,0.000000,18
19.700000,28.50000,-1.50000,0.000000,19
19.700000,29.50000,-1.50000,0.000000,20
19.700000,30.50000,-1.50000,0.244979,21
19.700000,31.50000,-1.25000,0.244979,22
19.700000,32.50000,-1.00000,0.244979,23
19.700000,33.50000,-0.75000,0.244979,24
19.700000,34.50000,-0.50000,0.000000,25
19.700000,35.50000,-0.50000,0.000000,26
19.700000,36.50000,-0.50000,0.000000,27
19.700000,37.50000,-0.50000,0.000000,28
19.700000,38.50000,-0.50000,0.000000,29
19.700000,39.50000,-0.50000,0.000000,30
19.800000,9.62900,-3.36497,0.781926,0
19.800000,10.50000,-2.50000,0.643501,1
19.800000,11.50000,-1.75000,0.643501,2
19.800000,12.50000,-1.00000,0.643501,3
19.800000,13.50000,-0.25000,0.643501,4
19.800000,14.50000,0.50000,0.643501,5
19.800000,15.50000,1.25000,0.643501,6
19.800000,16.50000,2.00000,0.000000,7
19.800000,17.50000,2.00000,0.000000,8
19.800000,18.50000,2.00000,-0.244979,9
19.800000,19.50000,1.75000,-0.244979,10
19.800000,20.50000,1.50000,-0.463648,11
19.800000,21.50000,1.00000,-0.463648,12
19.800000,22.50000,0.50000,-0.463648,13
19.800000,23.50000,0.00000,-0.244979,14
19.800000,24.50000,-0.25000,-0.463648,15
19.800000,25.50000,-0.75000,-0.463648,16
19.800000,26.50000,-1.25000,-0.244979,17
19.800000,27.50000,-1.50000,0.000000,18
19.800000,28.50000,-1.50000,0.000000,19
19.800000,29.50000,-1.50000,0.000000,20
19.800000,30.50000,-1.50000,0.244979,21
19.800000,31.50000,-1.25000,0.244979,22
19.800000,32.50000,-1.00000,0.244979,23
19.800000,33.50000,-0.75000,0.244979,24
19.800000,34.50000,-0.50000,0.000000,25
19.800000,35.50000,-0.50000,0.000000,26
19.800000,36.50000,-0.50000,0.000000,27
19.800000,37.50000,-0.50000,0.000000,28
19.800000,38.50000,-0.50000,0.000000,29
19.800000,39.50000,-0.50000,0.000000,30
19.900000,9.67004,-3.38669,0.818430,0
19.900000,10.50000,-2.50000,0.643501,1
19.900000,11.50000,-1.75000,0.643501,2
19.900000,12.50000,-1.00000,0.643501,3
19.900000,13.50000,-0.25000,0.643501,4
19.900000,14.50000,0.50000,0.643501,5
19.900000,15.50000,1.25000,0.643501,6
19.900000,16.50000,2.00000,0.000000,7
19.900000,17.50000,2.00000,0.000000,8
19.900000,18.50000,2.00000,-0.244979,9
19.900000,19.50000,1.75000,-0.244979,10
19.900000,20.50000,1.50000,-0.463648,11
19.900000,21.50000,1.00000,-0.463648,12
19.900000,22.50000,0.50000,-0.463648,13
19.900000,23.50000,0.00000,-0.244979,14
19.900000,24.50000,-0.25000,-0.463648,15
19.900000,25.50000,-0.75000,-0.463648,16
19.900000,26.50000,-1.25000,-0.244979,17
19.900000,27.50000,-1.50000,0.000000,18
19.900000,28.50000,-1.50000,0.000000,19
19.900000,29.50000,-1.50000,0.000000,20
19.900000,30.50000,-1.50000,0.244979,21
19.900000,31.50000,-1.25000,0.244979,22
19.900000,32.50000,-1.00000,0.244979,23
19.900000,33.50000,-0.75000,0.244979,24
19.900000,34.50000,-0.50000,0.000000,25
19.900000,35.50000,-0.50000,0.000000,26
19.900000,36.50000,-0.50000,0.000000,27
19.900000,37.50000,-0.50000,0.000000,28
19.900000,38.50000,-0.50000,0.000000,29
19.900000,39.50000,-0.50000,0.000000,30
20.000000,9.70660,-3.44312,0.718037,0
20.000000,10.50000,-2.75000,0.643501,1
20.000000,11.50000,-2.00000,0.643501,2
20.000000,12.50000,-1.25000,0.643501,3
20.000000,13.50000,-0.50000,0.643501,4
20.000000,14.50000,0.25000,0.643501,5
20.000000,15.50000,1.00000,0.643501,6
20.000000,16.50000,1.75000,0.244979,7
20.000000,17.50000,2.00000,0.000000,8
20.000000,18.50000,2.00000,-0.244979,9
20.000000,19.50000,1.75000,-0.244979,10
20.000000,20.50000,1.50000,-0.463648,11
20.000000,21.50000,1.00000,-0.463648,12
20.000000,22.50000,0.50000,-0.463648,13
20.000000,23.50000,0.00000,-0.244979,14
20.000000,24.50000,-0.25000,-0.463648,15
20.000000,25.50000,-0.75000,-0.463648,16
20.000000,26.50000,-1.25000,-0.244979,17
20.000000,27.50000,-1.50000,0.000000,18
20.000000,28.50000,-1.50000,0.000000,19
20.000000,29.50000,-1.50000,0.000000,20
20.000000,30.50000,-1.50000,0.244979,21
20.000000,31.50000,-1.25000,0.244979,22
20.000000,32.50000,-1.00000,0.244979,23
20.000000,33.50000,-0.75000,0.244979,24
20.000000,34.50000,-0.50000,0.000000,25
20.000000,35.50000,-0.50000,0.000000,26
20.000000,36.50000,-0.50000,0.000000,27
20.000000,37.50000,-0.50000,0.000000,28
20.000000,38.50000,-0.50000,0.000000,29
20.000000,39.50000,-0.50000,0.000000,30
20.100000,9.80082,-3.41017,0.503237,0
20.100000,11.00000,-2.75000,0.643501,1
20.100000,12.00000,-2.00000,0.000000,2
20.100000,13.00000,-2.00000,0.000000,3
20.100000,14.00000,-2.00000,-0.244979,4
20.100000,15.00000,-2.25000,-0.244979,5
20.100000,16.00000,-2.50000,0.000000,6
20.100000,17.00000,-2.50000,0.000000,7
20.100000,18.00000,-2.50000,-0.244979,8
20.100000,19.00000,-2.75000,0.244979,9
20.100000,20.00000,-2.50000,0.643501,10
20.100000,21.00000,-1.75000,0.244979,11
20.100000,22.00000,-1.50000,0.244979,12
20.100000,23.00000,-1.25000,0.000000,13
20.100000,24.00000,-1.25000,0.000000,14
20.100000,25.00000,-1.25000,0.000000,15
20.100000,26.00000,-1.25000,-0.244979,16
20.100000,27.00000,-1.50000,0.000000,17
20.100000,28.00000,-1.50000,0.000000,18
20.100000,29.00000,-1.50000,0.000000,19
20.100000,30.00000,-1.50000,0.000000,20
20.100000,31.00000,-1.50000,0.463648,21
20.100000,32.00000,-1.00000,0.244979,22
20.100000,33.00000,-0.75000,0.244979,23
20.100000,34.00000,-0.50000,0.000000,24
20.100000,35.00000,-0.50000,0.000000,25
20.100000,36.00000,-0.50000,0.000000,26
20.100000,37.00000,-0.50000,0.000000,27
20.100000,38.00000,-0.50000,0.000000,28
20.100000,39.00000,-0.50000,0.000000,29
20.100000,40.00000,-0.50000,0.000000,30
20.200000,9.87987,-3.44420,0.554813,0
20.200000,11.00000,-2.75000,0.643501,1
20.200000,12.00000,-2.00000,0.000000,2
20.200000,13.00000,-2.00000,0.000000,3
20.200000,14.00000,-2.00000,-0.244979,4
20.200000,15.00000,-2.25000,-0.244979,5
20.200000,16.00000,-2.50000,0.000000,6
20.200000,17.00000,-2.50000,-0.244979,7
20.200000,18.00000,-2.75000,0.000000,8
20.200000,19.00000,-2.75000,0.244979,9
20.200000,20.00000,-2.50000,0.463648,10
20.200000,21.00000,-2.00000,0.463648,11
20.200000,22.00000,-1.50000,0.244979,12
20.200000,23.00000,-1.25000,0.000000,13
20.200000,24.00000,-1.25000,0.000000,14
20.200000,25.00000,-1.25000,0.000000,15
20.200000,26.00000,-1.25000,-0.244979,16
20.200000,27.00000,-1.50000,0.000000,17
20.200000,28.00000,-1.50000,0.000000,18
20.200000,29.00000,-1.50000,0.000000,19
20.200000,30.00000,-1.50000,0.000000,20
20.200000,31.00000,-1.50000,0.463648,21
20.200000,32.00000,-1.00000,0.244979,22
20.200000,33.00000,-0.75000,0.244979,23
20.200000,34.00000,-0.50000,0.000000,24
20.200000,35.00000,-0.50000,0.000000,25
20.200000,36.00000,-0.50000,0.000000,26
20.200000,37.00000,-0.50000,0.000000,27
20.200000,38.00000,-0.50000,0.000000,28
20.200000,39.00000,-0.50000,0.000000,29
20.200000,40.00000,-0.50000,0.000000,30
20.300000,9.93032,-3.41288,0.554782,0
20.300000,11.00000,-2.75000,0.643501,1
20.300000,12.00000,-2.00000,0.000000,2
20.300000,13.00000,-2.00000,0.000000,3
20.300000,14.00000,-2.00000,-0.244979,4
20.300000,15.00000,-2.25000,-0.244979,5
20.300000,16.00000,-2.50000,0.000000,6
20.300000,17.00000,-2.50000,0.000000,7
20.300000,18.00000,-2.50000,-0.244979,8
20.300000,19.00000,-2.75000,0.244979,9
20.300000,20.00000,-2.50000,0.643501,10
20.300000,21.00000,-1.75000,0.244979,11
20.300000,22.00000,-1.50000,0.244979,12
20.300000,23.00000,-1.25000,0.000000,13
20.300000,24.00000,-1.25000,0.000000,14
20.300000,25.00000,-1.25000,0.000000,15
20.300000,26.00000,-1.25000,-0.244979,16
20.300000,27.00000,-1.50000,0.000000,17
20.300000,28.00000,-1.50000,0.000000,18
20.300000,29.00000,-1.50000,0.000000,19
20.300000,30.00000,-1.50000,0.000000,20
20.300000,31.00000,-1.50000,0.463648,21
20.300000,32.00000,-1.00000,0.244979,22
20.300000,33.00000,-0.75000,0.244979,23
20.300000,34.00000,-0.50000,0.000000,24
20.300000,35.00000,-0.50000,0.000000,25
20.300000,36.00000,-0.50000,0.000000,26
20.300000,37.00000,-0.50000,0.000000,27
20.300000,38.00000,-0.50000,0.000000,28
20.300000,39.00000,-0.50000,0.000000,29
20.300000,40.00000,-0.50000,0.000000,30
20.400000,10.02692,-3.43861,0.615845,0
20.400000,11.00000,-2.75000,0.643501,1
20.400000,12.00000,-2.00000,0.000000,2
20.400000,13.00000,-2.00000,0.000000,3
20.400000,14.00000,-2.00000,-0.244979,4
20.400000,15.00000,-2.25000,-0.244979,5
20.400000,16.00000,-2.50000,0.000000,6
20.400000,17.00000,-2.50000,0.000000,7
20.400000,18.00000,-2.50000,-0.244979,8
20.400000,19.00000,-2.75000,0.244979,9
20.400000,20.00000,-2.50000,0.643501,10
20.400000,21.00000,-1.75000,0.244979,11
20.400000,22.00000,-1.50000,0.244979,12
20.400000,23.00000,-1.25000,0.000000,13
20.400000,24.00000,-1.25000,0.000000,14
20.400000,25.00000,-1.25000,0.000000,15
20.400000,26.00000,-1.25000,0.000000,16
20.400000,27.00000,-1.25000,0.000000,17
20.400000,28.00000,-1.25000,0.000000,18
20.400000,29.00000,-1.25000,0.000000,19
20.400000,30.00000,-1.25000,0.000000,20
20.400000,31.00000,-1.25000,0.244979,21
20.400000,32.00000,-1.00000,0.244979,22
20.400000,33.00000,-0.75000,0.244979,23
20.400000,34.00000,-0.50000,0.000000,24
20.400000,35.00000,-0.50000,0.000000,25
20.400000,36.00000,-0.50000,0.000000,26
20.400000,37.00000,-0.50000,0.000000,27
20.400000,38.00000,-0.50000,0.000000,28
20.400000,39.00000,-0.50000,0.000000,29
20.400000,40.00000,-0.50000,0.000000,30
20.500000,10.08336,-3.43645,0.642782,0
20.500000,11.00000,-2.75000,0.643501,1
20.500000,12.00000,-2.00000,0.000000,2
20.500000,13.00000,-2.00000,0.000000,3
20.500000,14.00000,-2.00000,-0.244979,4
20.500000,15.00000,-2.25000,-0.244979,5
20.500000,16.00000,-2.50000,0.000000,6
20.500000,17.00000,-2.50000,-0.244979,7
20.500000,18.00000,-2.75000,0.000000,8
20.500000,19.00000,-2.75000,0.244979,9
20.500000,20.00000,-2.50000,0.643501,10
20.500000,21.00000,-1.75000,0.244979,11
20.500000,22.00000,-1.50000,0.244979,12
20.500000,23.00000,-1.25000,0.000000,13
20.500000,24.00000,-1.25000,0.000000,14
20.500000,25.00000,-1.25000,0.000000,15
20.500000,26.00000,-1.25000,-0.244979,16
20.500000,27.00000,-1.50000,0.000000,17
20.500000,28.00000,-1.50000,0.000000,18
20.500000,29.00000,-1.50000,0.000000,19
20.500000,30.00000,-1.50000,0.000000,20
20.500000,31.00000,-1.50000,0.463648,21
20.500000,32.00000,-1.00000,0.244979,22
20.500000,33.00000,-0.75000,0.244979,23
20.500000,34.00000,-0.50000,0.000000,24
20.500000,35.00000,-0.50000,0.000000,25
20.500000,36.00000,-0.50000,0.000000,26
20.500000,37.00000,-0.50000,0.000000,27
20.500000,38.00000,-0.50000,0.000000,28
20.500000,39.00000,-0.50000,0.000000,29
20.500000,40.00000,-0.50000,0.000000,30
20.600000,10.13631,-3.42438,0.662935,0
20.600000,11.00000,-2.75000,0.643501,1
20.600000,12.00000,-2.00000,0.000000,2
20.600000,13.00000,-2.00000,0.000000,3
20.600000,14.00000,-2.00000,-0.244979,4
20.600000,15.00000,-2.25000,-0.244979,5
20.600000,16.00000,-2.50000,0.000000,6
20.600000,17.00000,-2.50000,-0.244979,7
20.600000,18.00000,-2.75000,0.000000,8
20.600000,19.00000,-2.75000,0.244979,9
20.600000,20.00000,-2.50000,0.643501,10
20.600000,21.00000,-1.75000,0.244979,11
20.600000,22.00000,-1.50000,0.244979,12
20.600000,23.00000,-1.25000,0.000000,13
20.600000,24.00000,-1.25000,0.000000,14
20.600000,25.00000,-1.25000,0.000000,15
20.600000,26.00000,-1.25000,-0.244979,16
20.600000,27.00000,-1.50000,0.000000,17
20.600000,28.00000,-1.50000,0.000000,18
20.600000,29.00000,-1.50000,0.000000,19
20.600000,30.00000,-1.50000,0.000000,20
20.600000,31.00000,-1.50000,0.463648,21
20.600000,32.00000,-1.00000,0.244979,22
20.600000,33.00000,-0.75000,0.244979,23
20.600000,34.00000,-0.50000,0.000000,24
20.600000,35.00000,-0.50000,0.000000,25
20.600000,36.00000,-0.50000,0.000000,26
20.600000,37.00000,-0.50000,0.000000,27
20.600000,38.00000,-0.50000,0.000000,28
20.600000,39.00000,-0.50000,0.000000,29
20.600000,40.00000,-0.50000,0.000000,30
20.700000,10.21780,-3.41463,0.704314,0
20.700000,11.00000,-2.75000,0.643501,1
20.700000,12.00000,-2.00000,0.000000,2
20.700000,13.00000,-2.00000,0.000000,3
20.700000,14.00000,-2.00000,-0.244979,4
20.700000,15.00000,-2.25000,-0.244979,5
20.700000,16.00000,-2.50000,0.000000,6
20.700000,17.00000,-2.50000,-0.244979,7
20.700000,18.00000,-2.75000,0.000000,8
20.700000,19.00000,-2.75000,0.244979,9
20.700000,20.00000,-2.50000,0.643501,10
20.700000,21.00000,-1.75000,0.244979,11
20.700000,22.00000,-1.50000,0.244979,12
20.700000,23.00000,-1.25000,0.000000,13
20.700000,24.00000,-1.25000,0.000000,14
20.700000,25.00000,-1.25000,0.000000,15
20.700000,26.00000,-1.25000,-0.244979,16
20.700000,27.00000,-1.50000,0.000000,17
20.700000,28.00000,-1.50000,0.000000,18
20.700000,29.00000,-1.50000,0.000000,19
20.700000,30.00000,-1.50000,0.000000,20
20.700000,31.00000,-1.50000,0.463648,21
20.700000,32.00000,-1.00000,0.244979,22
20.700000,33.00000,-0.75000,0.244979,23
20.700000,34.00000,-0.50000,0.000000,24
20.700000,35.00000,-0.50000,0.000000,25
20.700000,36.00000,-0.50000,0.000000,26
20.700000,37.00000,-0.50000,0.000000,27
20.700000,38.00000,-0.50000,0.000000,28
20.700000,39.00000,-0.50000,0.000000,29
20.700000,40.00000,-0.50000,0.000000,30
20.800000,10.25840,-3.39262,0.623319,0
20.800000,11.50000,-2.50000,0.463648,1
20.800000,12.50000,-2.00000,0.000000,2
20.800000,13.50000,-2.00000,0.000000,3
20.800000,14.50000,-2.00000,-0.244979,4
20.800000,15.50000,-2.25000,-0.244979,5
20.800000,16.50000,-2.50000,0.000000,6
20.800000,17.50000,-2.50000,-0.244979,7
20.800000,18.50000,-2.75000,0.000000,8
20.800000,19.50000,-2.75000,0.643501,9
20.800000,20.50000,-2.00000,0.463648,10
20.800000,21.50000,-1.50000,0.244979,11
20.800000,22.50000,-1.25000,0.000000,12
20.800000,23.50000,-1.25000,0.000000,13
20.800000,24.50000,-1.25000,0.000000,14
20.800000,25.50000,-1.25000,0.000000,15
20.800000,26.50000,-1.25000,0.000000,16
20.800000,27.50000,-1.25000,0.000000,17
20.800000,28.50000,-1.25000,0.000000,18
20.800000,29.50000,-1.25000,0.000000,19
20.800000,30.50000,-1.25000,0.244979,20
20.800000,31.50000,-1.00000,0.244979,21
20.800000,32.50000,-0.75000,0.244979,22
20.800000,33.50000,-0.50000,0.244979,23
20.800000,34.50000,-0.25000,0.000000,24
20.800000,35.50000,-0.25000,0.000000,25
20.800000,36.50000,-0.25000,0.000000,26
20.800000,37.50000,-0.25000,0.000000,27
20.800000,38.50000,-0.25000,0.000000,28
20.800000,39.50000,-0.25000,0.000000,29
20.800000,40.50000,-0.25000,0.000000,30
20.900000,10.33730,-3.41432,0.519098,0
20.900000,11.50000,-2.75000,0.643501,1
20.900000,12.50000,-2.00000,0.000000,2
20.900000,13.50000,-2.00000,0.000000,3
20.900000,14.50000,-2.00000,-0.463648,4
20.900000,15.50000,-2.50000,0.000000,5
20.900000,16.50000,-2.50000,0.000000,6
20.900000,17.50000,-2.50000,-0.244979,7
20.900000,18.50000,-2.75000,0.000000,8
20.900000,19.50000,-2.75000,0.463648,9
20.900000,20.50000,-2.25000,0.463648,10
20.900000,21.50000,-1.75000,0.244979,11
20.900000,22.50000,-1.50000,0.000000,12
20.900000,23.50000,-1.50000,0.000000,13
20.900000,24.50000,-1.50000,0.000000,14
20.900000,25.50000,-1.50000,0.000000,15
20.900000,26.50000,-1.50000,0.000000,16
20.900000,27.50000,-1.50000,0.000000,17
20.900000,28.50000,-1.50000,0.000000,18
20.900000,29.50000,-1.50000,0.000000,19
20.900000,30.50000,-1.50000,0.244979,20
20.900000,31.50000,-1.25000,0.244979,21
20.900000,32.50000,-1.00000,0.244979,22
20.900000,33.50000,-0.75000,0.244979,23
20.900000,34.50000,-0.50000,0.000000,24
20.900000,35.50000,-0.50000,0.000000,25
20.900000,36.50000,-0.50000,0.000000,26
20.900000,37.50000,-0.50000,0.000000,27
20.900000,38.50000,-0.50000,0.000000,28
20.900000,39.50000,-0.50000,0.000000,29
20.900000,40.50000,-0.50000,0.000000,30
21.000000,10.39578,-3.40415,0.534820,0
21.000000,11.50000,-2.75000,0.643501,1
21.000000,12.50000,-2.00000,0.000000,2
21.000000,13.50000,-2.00000,0.000000,3
21.000000,14.50000,-2.00000,-0.244979,4
21.000000,15.50000,-2.25000,-0.244979,5
21.000000,16.50000,-2.50000,0.000000,6
21.000000,17.50000,-2.50000,-0.244979,7
21.000000,18.50000,-2.75000,0.000000,8
21.000000,19.50000,-2.75000,0.643501,9
21.000000,20.50000,-2.00000,0.463648,10
21.000000,21.50000,-1.50000,0.244979,11
21.000000,22.50000,-1.25000,0.000000,12
21.000000,23.50000,-1.25000,0.000000,13
21.000000,24.50000,-1.25000,0.000000,14
21.000000,25.50000,-1.25000,0.000000,15
21.000000,26.50000,-1.25000,-0.244979,16
21.000000,27.50000,-1.50000,0.000000,17
21.000000,28.50000,-1.50000,0.000000,18
21.000000,29.50000,-1.50000,0.000000,19
21.000000,30.50000,-1.50000,0.244979,20
21.000000,31.50000,-1.25000,0.244979,21
21.000000,32.50000,-1.00000,0.244979,22
21.000000,33.50000,-0.75000,0.244979,23
21.000000,34.50000,-0.50000,0.000000,24
21.000000,35.50000,-0.50000,0.000000,25
21.000000,36.50000,-0.50000,0.000000,26
21.000000,37.50000,-0.50000,0.000000,27
21.000000,38.50000,-0.50000,0.000000,28
21.000000,39.50000,-0.50000,0.000000,29
21.000000,40.50000,-0.50000,0.000000,30
21.102000,10.48608,-3.38963,0.720196,0
21.102000,11.50000,-2.50000,0.463648,1
21.102000,12.50000,-2.00000,0.000000,2
21.102000,13.50000,-2.00000,0.000000,3
21.102000,14.50000,-2.00000,-0.244979,4
21.102000,15.50000,-2.25000,-0.244979,5
21.102000,16.50000,-2.50000,0.000000,6
21.102000,17.50000,-2.50000,-0.244979,7
21.102000,18.50000,-2.75000,0.000000,8
21.102000,19.50000,-2.75000,0.463648,9
21.102000,20.50000,-2.25000,0.463648,10
21.102000,21.50000,-1.75000,0.244979,11
21.102000,22.50000,-1.50000,0.000000,12
21.102000,23.50000,-1.50000,0.000000,13
21.102000,24.50000,-1.50000,0.000000,14
21.102000,25.50000,-1.50000,0.000000,15
21.102000,26.50000,-1.50000,0.000000,16
21.102000,27.50000,-1.50000,0.000000,17
21.102000,28.50000,-1.50000,0.000000,18
21.102000,29.50000,-1.50000,0.000000,19
21.102000,30.50000,-1.50000,0.244979,20
21.102000,31.50000,-1.25000,0.244979,21
21.102000,32.50000,-1.00000,0.244979,22
21.102000,33.50000,-0.75000,0.244979,23
21.102000,34.50000,-0.50000,0.000000,24
21.102000,35.50000,-0.50000,0.000000,25
21.102000,36.50000,-0.50000,0.000000,26
21.102000,37.50000,-0.50000,0.000000,27
21.102000,38.50000,-0.50000,0.000000,28
21.102000,39.50000,-0.50000,0.000000,29
21.102000,40.50000,-0.50000,0.000000,30
21.200000,10.58271,-3.39797,0.774755,0
21.200000,11.50000,-2.50000,0.463648,1
21.200000,12.50000,-2.00000,0.000000,2
21.200000,13.50000,-2.00000,0.000000,3
21.200000,14.50000,-2.00000,-0.244979,4
21.200000,15.50000,-2.25000,-0.244979,5
21.200000,16.50000,-2.50000,0.000000,6
21.200000,17.50000,-2.50000,-0.244979,7
21.200000,18.50000,-2.75000,0.000000,8
21.200000,19.50000,-2.75000,0.643501,9
21.200000,20.50000,-2.00000,0.463648,10
21.200000,21.50000,-1.50000,0.244979,11
21.200000,22.50000,-1.25000,0.000000,12
21.200000,23.50000,-1.25000,0.000000,13
21.200000,24.50000,-1.25000,0.000000,14
21.200000,25.50000,-1.25000,0.000000,15
21.200000,26.50000,-1.25000,-0.244979,16
21.200000,27.50000,-1.50000,0.000000,17
21.200000,28.50000,-1.50000,0.000000,18
21.200000,29.50000,-1.50000,0.000000,19
21.200000,30.50000,-1.50000,0.244979,20
21.200000,31.50000,-1.25000,0.244979,21
21.200000,32.50000,-1.00000,0.244979,22
21.200000,33.50000,-0.75000,0.244979,23
21.200000,34.50000,-0.50000,0.000000,24
21.200000,35.50000,-0.50000,0.000000,25
21.200000,36.50000,-0.50000,0.000000,26
21.200000,37.50000,-0.50000,0.000000,27
21.200000,38.50000,-0.50000,0.000000,28
21.200000,39.50000,-0.50000,0.000000,29
21.200000,40.50000,-0.50000,0.000000,30
21.300000,10.63082,-3.41531,0.653314,0
21.300000,11.50000,-2.75000,0.643501,1
21.300000,12.50000,-2.00000,0.000000,2
21.300000,13.50000,-2.00000,0.000000,3
21.300000,14.50000,-2.00000,-0.244979,4
21.300000,15.50000,-2.25000,-0.244979,5
21.300000,16.50000,-2.50000,0.000000,6
21.300000,17.50000,-2.50000,-0.244979,7
21.300000,18.50000,-2.75000,0.000000,8
21.300000,19.50000,-2.75000,0.643501,9
21.300000,20.50000,-2.00000,0.463648,10
21.300000,21.50000,-1.50000,0.244979,11
21.300000,22.50000,-1.25000,0.000000,12
21.300000,23.50000,-1.25000,0.000000,13
21.300000,24.50000,-1.25000,0.000000,14
21.300000,25.50000,-1.25000,0.000000,15
21.300000,26.50000,-1.25000,-0.244979,16
21.300000,27.50000,-1.50000,0.000000,17
21.300000,28.50000,-1.50000,0.000000,18
21.300000,29.50000,-1.50000,0.000000,19
21.300000,30.50000,-1.50000,0.244979,20
21.300000,31.50000,-1.25000,0.244979,21
21.300000,32.50000,-1.00000,0.244979,22
21.300000,33.50000,-0.75000,0.244979,23
21.300000,34.50000,-0.50000,0.000000,24
21.300000,35.50000,-0.50000,0.000000,25
21.300000,36.50000,-0.50000,0.000000,26
21.300000,37.50000,-0.50000,0.000000,27
21.300000,38.50000,-0.50000,0.000000,28
21.300000,39.50000,-0.50000,0.000000,29
21.300000,40.50000,-0.50000,0.000000,30
21.400000,10.69986,-3.43409,0.707365,0
21.400000,11.50000,-2.75000,0.643501,1
21.400000,12.50000,-2.00000,0.000000,2
21.400000,13.50000,-2.00000,0.000000,3
21.400000,14.50000,-2.00000,-0.244979,4
21.400000,15.50000,-2.25000,-0.244979,5
21.400000,16.50000,-2.50000,0.000000,6
21.400000,17.50000,-2.50000,-0.244979,7
21.400000,18.50000,-2.75000,0.000000,8
21.400000,19.50000,-2.75000,0.643501,9
21.400000,20.50000,-2.00000,0.463648,10
21.400000,21.50000,-1.50000,0.244979,11
21.400000,22.50000,-1.25000,0.000000,12
21.400000,23.50000,-1.25000,0.000000,13
21.400000,24.50000,-1.25000,0.000000,14
21.400000,25.50000,-1.25000,0.000000,15
21.400000,26.50000,-1.25000,-0.244979,16
21.400000,27.50000,-1.50000,0.000000,17
21.400000,28.50000,-1.50000,0.000000,18
21.400000,29.50000,-1.50000,0.000000,19
21.400000,30.50000,-1.50000,0.244979,20
21.400000,31.50000,-1.25000,0.244979,21
21.400000,32.50000,-1.00000,0.244979,22
21.400000,33.50000,-0.75000,0.244979,23
21.400000,34.50000,-0.50000,0.000000,24
21.400000,35.50000,-0.50000,0.000000,25
21.400000,36.50000,-0.50000,0.000000,26
21.400000,37.50000,-0.50000,0.000000,27
21.400000,38.50000,-0.50000,0.000000,28
21.400000,39.50000,-0.50000,0.000000,29
21.400000,40.50000,-0.50000,0.000000,30
21.500000,10.81114,-3.45372,0.534460,0
21.500000,12.00000,-2.75000,0.643501,1
21.500000,13.00000,-2.00000,0.000000,2
21.500000,14.00000,-2.00000,-0.244979,3
21.500000,15.00000,-2.25000,-0.244979,4
21.500000,16.00000,-2.50000,0.000000,5
21.500000,17.00000,-2.50000,-0.244979,6
21.500000,18.00000,-2.75000,0.000000,7
21.500000,19.00000,-2.75000,0.244979,8
21.500000,20.00000,-2.50000,0.643501,9
21.500000,21.00000,-1.75000,0.244979,10
21.500000,22.00000,-1.50000,0.244979,11
21.500000,23.00000,-1.25000,0.000000,12
21.500000,24.00000,-1.25000,0.000000,13
21.500000,25.00000,-1.25000,0.000000,14
21.500000,26.00000,-1.25000,-0.244979,15
21.500000,27.00000,-1.50000,0.000000,16
21.500000,28.00000,-1.50000,0.000000,17
21.500000,29.00000,-1.50000,0.000000,18
21.500000,30.00000,-1.50000,0.000000,19
21.500000,31.00000,-1.50000,0.463648,20
21.500000,32.00000,-1.00000,0.244979,21
21.500000,33.00000,-0.75000,0.244979,22
21.500000,34.00000,-0.50000,0.244979,23
21.500000,35.00000,-0.25000,0.000000,24
21.500000,36.00000,-0.25000,0.000000,25
21.500000,37.00000,-0.25000,0.000000,26
21.500000,38.00000,-0.25000,0.000000,27
21.500000,39.00000,-0.25000,0.000000,28
21.500000,40.00000,-0.25000,0.000000,29
21.500000,41.00000,-0.25000,0.000000,30
21.600000,10.91902,-3.45613,0.578642,0
21.600000,12.00000,-2.75000,0.643501,1
21.600000,13.00000,-2.00000,0.000000,2
21.600000,14.00000,-2.00000,-0.244979,3
21.600000,15.00000,-2.25000,-0.244979,4
21.600000,16.00000,-2.50000,0.000000,5
21.600000,17.00000,-2.50000,-0.244979,6
21.600000,18.00000,-2.75000,0.000000,7
21.600000,19.00000,-2.75000,0.244979,8
21.600000,20.00000,-2.50000,0.463648,9
21.600000,21.00000,-2.00000,0.463648,10
21.600000,22.00000,-1.50000,0.244979,11
21.600000,23.00000,-1.25000,0.000000,12
21.600000,24.00000,-1.25000,0.000000,13
21.600000,25.00000,-1.25000,0.000000,14
21.600000,26.00000,-1.25000,-0.244979,15
21.600000,27.00000,-1.50000,0.000000,16
21.600000,28.00000,-1.50000,0.000000,17
21.600000,29.00000,-1.50000,0.000000,18
21.600000,30.00000,-1.50000,0.000000,19
21.600000,31.00000,-1.50000,0.463648,20
21.600000,32.00000,-1.00000,0.244979,21
21.600000,33.00000,-0.75000,0.244979,22
21.600000,34.00000,-0.50000,0.244979,23
21.600000,35.00000,-0.25000,0.000000,24
21.600000,36.00000,-0.25000,0.000000,25
21.600000,37.00000,-0.25000,0.000000,26
21.600000,38.00000,-0.25000,0.000000,27
21.600000,39.00000,-0.25000,0.000000,28
21.600000,40.00000,-0.25000,0.000000,29
21.600000,41.00000,-0.25000,0.000000,30
21.700000,10.99272,-3.46277,0.615822,0
21.700000,12.00000,-2.75000,0.643501,1
21.700000,13.00000,-2.00000,0.000000,2
21.700000,14.00000,-2.00000,-0.244979,3
21.700000,15.00000,-2.25000,-0.244979,4
21.700000,16.00000,-2.50000,0.000000,5
21.700000,17.00000,-2.50000,0.000000,6
21.700000,18.00000,-2.50000,-0.244979,7
21.700000,19.00000,-2.75000,0.244979,8
21.700000,20.00000,-2.50000,0.643501,9
21.700000,21.00000,-1.75000,0.244979,10
21.700000,22.00000,-1.50000,0.244979,11
21.700000,23.00000,-1.25000,0.000000,12
21.700000,24.00000,-1.25000,0.000000,13
21.700000,25.00000,-1.25000,0.000000,14
21.700000,26.00000,-1.25000,-0.244979,15
21.700000,27.00000,-1.50000,0.000000,16
21.700000,28.00000,-1.50000,0.000000,17
21.700000,29.00000,-1.50000,0.000000,18
21.700000,30.00000,-1.50000,0.000000,19
21.700000,31.00000,-1.50000,0.463648,20
21.700000,32.00000,-1.00000,0.244979,21
21.700000,33.00000,-0.75000,0.244979,22
21.700000,34.00000,-0.50000,0.244979,23
21.700000,35.00000,-0.25000,0.000000,24
21.700000,36.00000,-0.25000,0.000000,25
21.700000,37.00000,-0.25000,0.000000,26
21.700000,38.00000,-0.25000,0.000000,27
21.700000,39.00000,-0.25000,0.000000,28
21.700000,40.00000,-0.25000,0.000000,29
21.700000,41.00000,-0.25000,0.000000,30
21.800000,11.09892,-3.48205,0.682263,0
21.800000,12.00000,-2.75000,0.643501,1
21.800000,13.00000,-2.00000,0.000000,2
21.800000,14.00000,-2.00000,-0.244979,3
21.800000,15.00000,-2.25000,-0.244979,4
21.800000,16.00000,-2.50000,0.000000,5
21.800000,17.00000,-2.50000,-0.244979,6
21.800000,18.00000,-2.75000,0.000000,7
21.800000,19.00000,-2.75000,0.244979,8
21.800000,20.00000,-2.50000,0.643501,9
21.800000,21.00000,-1.75000,0.244979,10
21.800000,22.00000,-1.50000,0.244979,11
21.800000,23.00000,-1.25000,0.000000,12
21.800000,24.00000,-1.25000,0.000000,13
21.800000,25.00000,-1.25000,0.000000,14
21.800000,26.00000,-1.25000,-0.244979,15
21.800000,27.00000,-1.50000,0.000000,16
21.800000,28.00000,-1.50000,0.000000,17
21.800000,29.00000,-1.50000,0.000000,18
21.800000,30.00000,-1.50000,0.000000,19
21.800000,31.00000,-1.50000,0.463648,20
21.800000,32.00000,-1.00000,0.244979,21
21.800000,33.00000,-0.75000,0.244979,22
21.800000,34.00000,-0.50000,0.244979,23
21.800000,35.00000,-0.25000,0.000000,24
21.800000,36.00000,-0.25000,0.000000,25
21.800000,37.00000,-0.25000,0.000000,26
21.800000,38.00000,-0.25000,0.000000,27
21.800000,39.00000,-0.25000,0.000000,28
21.800000,40.00000,-0.25000,0.000000,29
21.800000,41.00000,-0.25000,0.000000,30
21.900000,11.18079,-3.48893,0.733927,0
21.900000,12.00000,-2.75000,0.643501,1
21.900000,13.00000,-2.00000,0.000000,2
21.900000,14.00000,-2.00000,-0.244979,3
21.900000,15.00000,-2.25000,-0.244979,4
21.900000,16.00000,-2.50000,0.000000,5
21.900000,17.00000,-2.50000,-0.244979,6
21.900000,18.00000,-2.75000,0.000000,7
21.900000,19.00000,-2.75000,0.244979,8
21.900000,20.00000,-2.50000,0.643501,9
21.900000,21.00000,-1.75000,0.244979,10
21.900000,22.00000,-1.50000,0.244979,11
21.900000,23.00000,-1.25000,0.000000,12
21.900000,24.00000,-1.25000,0.000000,13
21.900000,25.00000,-1.25000,0.000000,14
21.900000,26.00000,-1.25000,-0.244979,15
21.900000,27.00000,-1.50000,0.000000,16
21.900000,28.00000,-1.50000,0.000000,17
21.900000,29.00000,-1.50000,0.000000,18
21.900000,30.00000,-1.50000,0.000000,19
21.900000,31.00000,-1.50000,0.463648,20
21.900000,32.00000,-1.00000,0.244979,21
21.900000,33.00000,-0.75000,0.244979,22
21.900000,34.00000,-0.50000,0.244979,23
21.900000,35.00000,-0.25000,0.000000,24
21.900000,36.00000,-0.25000,0.000000,25
21.900000,37.00000,-0.25000,0.000000,26
21.900000,38.00000,-0.25000,0.000000,27
21.900000,39.00000,-0.25000,0.000000,28
21.900000,40.00000,-0.25000,0.000000,29
21.900000,41.00000,-0.25000,0.000000,30
22.000000,11.29200,-3.47574,0.540991,0
22.000000,12.50000,-2.75000,0.643501,1
22.000000,13.50000,-2.00000,0.000000,2
22.000000,14.50000,-2.00000,-0.244979,3
22.000000,15.50000,-2.25000,-0.244979,4
22.000000,16.50000,-2.50000,0.000000,5
22.000000,17.50000,-2.50000,-0.244979,6
22.000000,18.50000,-2.75000,0.000000,7
22.000000,19.50000,-2.75000,0.643501,8
22.000000,20.50000,-2.00000,0.463648,9
22.000000,21.50000,-1.50000,0.244979,10
22.000000,22.50000,-1.25000,0.000000,11
22.000000,23.50000,-1.25000,0.000000,12
22.000000,24.50000,-1.25000,0.000000,13
22.000000,25.50000,-1.25000,0.000000,14
22.000000,26.50000,-1.25000,-0.244979,15
22.000000,27.50000,-1.50000,0.000000,16
22.000000,28.50000,-1.50000,0.000000,17
22.000000,29.50000,-1.50000,0.000000,18
22.000000,30.50000,-1.50000,0.244979,19
22.000000,31.50000,-1.25000,0.463648,20
22.000000,32.50000,-0.75000,0.244979,21
22.000000,33.50000,-0.50000,0.244979,22
22.000000,34.50000,-0.25000,0.000000,23
22.000000,35.50000,-0.25000,0.000000,24
22.000000,36.50000,-0.25000,0.000000,25
22.000000,37.50000,-0.25000,0.000000,26
22.000000,38.50000,-0.25000,0.000000,27
22.000000,39.50000,-0.25000,0.000000,28
22.000000,40.50000,-0.25000,0.000000,29
22.000000,41.50000,-0.25000,0.000000,30
22.100000,11.38268,-3.50228,0.592574,0
22.100000,12.50000,-2.75000,0.643501,1
22.100000,13.50000,-2.00000,0.000000,2
22.100000,14.50000,-2.00000,-0.244979,3
22.100000,15.50000,-2.25000,-0.244979,4
22.100000,16.50000,-2.50000,0.000000,5
22.100000,17.50000,-2.50000,-0.244979,6
22.100000,18.50000,-2.75000,0.000000,7
22.100000,19.50000,-2.75000,0.643501,8
22.100000,20.50000,-2.00000,0.463648,9
22.100000,21.50000,-1.50000,0.244979,10
22.100000,22.50000,-1.25000,0.000000,11
22.100000,23.50000,-1.25000,0.000000,12
22.100000,24.50000,-1.25000,0.000000,13
22.100000,25.50000,-1.25000,0.000000,14
22.100000,26.50000,-1.25000,-0.244979,15
22.100000,27.50000,-1.50000,0.000000,16
22.100000,28.50000,-1.50000,0.000000,17
22.100000,29.50000,-1.50000,0.000000,18
22.100000,30.50000,-1.50000,0.244979,19
22.100000,31.50000,-1.25000,0.463648,20
22.100000,32.50000,-0.75000,0.244979,21
22.100000,33.50000,-0.50000,0.244979,22
22.100000,34.50000,-0.25000,0.000000,23
22.100000,35.50000,-0.25000,0.000000,24
22.100000,36.50000,-0.25000,0.000000,25
22.100000,37.50000,-0.25000,0.000000,26
22.100000,38.50000,-0.25000,0.000000,27
22.100000,39.50000,-0.25000,0.000000,28
22.100000,40.50000,-0.25000,0.000000,29
22.100000,41.50000,-0.25000,0.000000,30
22.200000,11.43371,-3.50747,0.617660,0
22.200000,12.50000,-2.75000,0.643501,1
22.200000,13.50000,-2.00000,0.000000,2
22.200000,14.50000,-2.00000,-0.244979,3
22.200000,15.50000,-2.25000,-0.244979,4
22.200000,16.50000,-2.50000,0.000000,5
22.200000,17.50000,-2.50000,-0.244979,6
22.200000,18.50000,-2.75000,0.000000,7
22.200000,19.50000,-2.75000,0.643501,8
22.200000,20.50000,-2.00000,0.463648,9
22.200000,21.50000,-1.50000,0.244979,10
22.200000,22.50000,-1.25000,0.000000,11
22.200000,23.50000,-1.25000,0.000000,12
22.200000,24.50000,-1.25000,0.000000,13
22.200000,25.50000,-1.25000,0.000000,14
22.200000,26.50000,-1.25000,-0.244979,15
22.200000,27.50000,-1.50000,0.000000,16
22.200000,28.50000,-1.50000,0.000000,17
22.200000,29.50000,-1.50000,0.000000,18
22.200000,30.50000,-1.50000,0.244979,19
22.200000,31.50000,-1.25000,0.463648,20
22.200000,32.50000,-0.75000,0.244979,21
22.200000,33.50000,-0.50000,0.244979,22
22.200000,34.50000,-0.25000,0.000000,23
22.200000,35.50000,-0.25000,0.000000,24
22.200000,36.50000,-0.25000,0.000000,25
22.200000,37.50000,-0.25000,0.000000,26
22.200000,38.50000,-0.25000,0.000000,27
22.200000,39.50000,-0.25000,0.000000,28
22.200000,40.50000,-0.25000,0.000000,29
22.200000,41.50000,-0.25000,0.000000,30
22.300000,11.48740,-3.49852,0.636561,0
22.300000,12.50000,-2.75000,0.643501,1
22.300000,13.50000,-2.00000,0.000000,2
22.300000,14.50000,-2.00000,-0.244979,3
22.300000,15.50000,-2.25000,-0.244979,4
22.300000,16.50000,-2.50000,0.000000,5
22.300000,17.50000,-2.50000,-0.244979,6
22.300000,18.50000,-2.75000,0.000000,7
22.300000,19.50000,-2.75000,0.643501,8
22.300000,20.50000,-2.00000,0.463648,9
22.300000,21.50000,-1.50000,0.244979,10
22.300000,22.50000,-1.25000,0.000000,11
22.300000,23.50000,-1.25000,0.000000,12
22.300000,24.50000,-1.25000,0.000000,13
22.300000,25.50000,-1.25000,0.000000,14
22.300000,26.50000,-1.25000,0.000000,15
22.300000,27.50000,-1.25000,0.000000,16
22.300000,28.50000,-1.25000,0.000000,17
22.300000,29.50000,-1.25000,0.000000,18
22.300000,30.50000,-1.25000,0.244979,19
22.300000,31.50000,-1.00000,0.244979,20
22.300000,32.50000,-0.75000,0.244979,21
22.300000,33.50000,-0.50000,0.244979,22
22.300000,34.50000,-0.25000,0.000000,23
22.300000,35.50000,-0.25000,0.000000,24
22.300000,36.50000,-0.25000,0.000000,25
22.300000,37.50000,-0.25000,0.000000,26
22.300000,38.50000,-0.25000,0.000000,27
22.300000,39.50000,-0.25000,0.000000,28
22.300000,40.50000,-0.25000,0.000000,29
22.300000,41.50000,-0.25000,0.000000,30
22.400000,11.55685,-3.48215,0.660111,0
22.400000,12.50000,-2.75000,0.643501,1
22.400000,13.50000,-2.00000,0.000000,2
22.400000,14.50000,-2.00000,-0.244979,3
22.400000,15.50000,-2.25000,-0.244979,4
22.400000,16.50000,-2.50000,0.000000,5
22.400000,17.50000,-2.50000,-0.244979,6
22.400000,18.50000,-2.75000,0.000000,7
22.400000,19.50000,-2.75000,0.643501,8
22.400000,20.50000,-2.00000,0.463648,9
22.400000,21.50000,-1.50000,0.244979,10
22.400000,22.50000,-1.25000,0.000000,11
22.400000,23.50000,-1.25000,0.000000,12
22.400000,24.50000,-1.25000,0.000000,13
22.400000,25.50000,-1.25000,0.000000,14
22.400000,26.50000,-1.25000,-0.244979,15
22.400000,27.50000,-1.50000,0.000000,16
22.400000,28.50000,-1.50000,0.000000,17
22.400000,29.50000,-1.50000,0.000000,18
22.400000,30.50000,-1.50000,0.244979,19
22.400000,31.50000,-1.25000,0.463648,20
22.400000,32.50000,-0.75000,0.244979,21
22.400000,33.50000,-0.50000,0.244979,22
22.400000,34.50000,-0.25000,0.000000,23
22.400000,35.50000,-0.25000,0.000000,24
22.400000,36.50000,-0.25000,0.000000,25
22.400000,37.50000,-0.25000,0.000000,26
22.400000,38.50000,-0.25000,0.000000,27
22.400000,39.50000,-0.25000,0.000000,28
22.400000,40.50000,-0.25000,0.000000,29
22.400000,41.50000,-0.25000,0.000000,30
22.500000,11.64805,-3.45423,0.690758,0
22.500000,12.50000,-2.75000,0.643501,1
22.500000,13.50000,-2.00000,0.000000,2
22.500000,14.50000,-2.00000,-0.244979,3
22.500000,15.50000,-2.25000,-0.244979,4
22.500000,16.50000,-2.50000,0.000000,5
22.500000,17.50000,-2.50000,-0.244979,6
22.500000,18.50000,-2.75000,0.000000,7
22.500000,19.50000,-2.75000,0.643501,8
22.500000,20.50000,-2.00000,0.463648,9
22.500000,21.50000,-1.50000,0.244979,10
22.500000,22.50000,-1.25000,0.000000,11
22.500000,23.50000,-1.25000,0.000000,12
22.500000,24.50000,-1.25000,0.000000,13
22.500000,25.50000,-1.25000,0.000000,14
22.500000,26.50000,-1.25000,-0.244979,15
22.500000,27.50000,-1.50000,0.000000,16
22.500000,28.50000,-1.50000,0.000000,17
22.500000,29.50000,-1.50000,0.000000,18
22.500000,30.50000,-1.50000,0.244979,19
22.500000,31.50000,-1.25000,0.463648,20
22.500000,32.50000,-0.75000,0.244979,21
22.500000,33.50000,-0.50000,0.244979,22
22.500000,34.50000,-0.25000,0.000000,23
22.500000,35.50000,-0.25000,0.000000,24
22.500000,36.50000,-0.25000,0.000000,25
22.500000,37.50000,-0.25000,0.000000,26
22.500000,38.50000,-0.25000,0.000000,27
22.500000,39.50000,-0.25000,0.000000,28
22.500000,40.50000,-0.25000,0.000000,29
22.500000,41.50000,-0.25000,0.000000,30
22.600000,11.69345,-3.42869,0.699522,0
22.600000,12.50000,-2.75000,0.643501,1
22.600000,13.50000,-2.00000,0.000000,2
22.600000,14.50000,-2.00000,-0.244979,3
22.600000,15.50000,-2.25000,-0.244979,4
22.600000,16.50000,-2.50000,0.000000,5
22.600000,17.50000,-2.50000,-0.244979,6
22.600000,18.50000,-2.75000,0.000000,7
22.600000,19.50000,-2.75000,0.643501,8
22.600000,20.50000,-2.00000,0.463648,9
22.600000,21.50000,-1.50000,0.244979,10
22.600000,22.50000,-1.25000,0.000000,11
22.600000,23.50000,-1.25000,0.000000,12
22.600000,24.50000,-1.25000,0.000000,13
22.600000,25.50000,-1.25000,0.000000,14
22.600000,26.50000,-1.25000,-0.244979,15
22.600000,27.50000,-1.50000,0.000000,16
22.600000,28.50000,-1.50000,0.000000,17
22.600000,29.50000,-1.50000,0.000000,18
22.600000,30.50000,-1.50000,0.244979,19
22.600000,31.50000,-1.25000,0.463648,20
22.600000,32.50000,-0.75000,0.244979,21
22.600000,33.50000,-0.50000,0.244979,22
22.600000,34.50000,-0.25000,0.000000,23
22.600000,35.50000,-0.25000,0.000000,24
22.600000,36.50000,-0.25000,0.000000,25
22.600000,37.50000,-0.25000,0.000000,26
22.600000,38.50000,-0.25000,0.000000,27
22.600000,39.50000,-0.25000,0.000000,28
22.600000,40.50000,-0.25000,0.000000,29
22.600000,41.50000,-0.25000,0.000000,30
22.700000,11.74491,-3.42931,0.732622,0
22.700000,12.50000,-2.75000,0.643501,1
22.700000,13.50000,-2.00000,0.000000,2
22.700000,14.50000,-2.00000,-0.244979,3
22.700000,15.50000,-2.25000,-0.244979,4
22.700000,16.50000,-2.50000,0.000000,5
22.700000,17.50000,-2.50000,-0.244979,6
22.700000,18.50000,-2.75000,0.000000,7
22.700000,19.50000,-2.75000,0.643501,8
22.700000,20.50000,-2.00000,0.463648,9
22.700000,21.50000,-1.50000,0.244979,10
22.700000,22.50000,-1.25000,0.000000,11
22.700000,23.50000,-1.25000,0.000000,12
22.700000,24.50000,-1.25000,0.000000,13
22.700000,25.50000,-1.25000,0.000000,14
22.700000,26.50000,-1.25000,-0.244979,15
22.700000,27.50000,-1.50000,0.000000,16
22.700000,28.50000,-1.50000,0.000000,17
22.700000,29.50000,-1.50000,0.000000,18
22.700000,30.50000,-1.50000,0.244979,19
22.700000,31.50000,-1.25000,0.463648,20
22.700000,32.50000,-0.75000,0.244979,21
22.700000,33.50000,-0.50000,0.244979,22
22.700000,34.50000,-0.25000,0.000000,23
22.700000,35.50000,-0.25000,0.000000,24
22.700000,36.50000,-0.25000,0.000000,25
22.700000,37.50000,-0.25000,0.000000,26
22.700000,38.50000,-0.25000,0.000000,27
22.700000,39.50000,-0.25000,0.000000,28
22.700000,40.50000,-0.25000,0.000000,29
22.700000,41.50000,-0.25000,0.000000,30
22.800000,11.79410,-3.41470,0.503768,0
22.800000,13.00000,-2.75000,0.463648,1
22.800000,14.00000,-2.25000,0.000000,2
22.800000,15.00000,-2.25000,-0.244979,3
22.800000,16.00000,-2.50000,0.000000,4
22.800000,17.00000,-2.50000,0.000000,5
22.800000,18.00000,-2.50000,-0.244979,6
22.800000,19.00000,-2.75000,0.244979,7
22.800000,20.00000,-2.50000,0.643501,8
22.800000,21.00000,-1.75000,0.244979,9
22.800000,22.00000,-1.50000,0.244979,10
22.800000,23.00000,-1.25000,0.000000,11
22.800000,24.00000,-1.25000,0.000000,12
22.800000,25.00000,-1.25000,0.000000,13
22.800000,26.00000,-1.25000,-0.244979,14
22.800000,27.00000,-1.50000,0.000000,15
22.800000,28.00000,-1.50000,0.000000,16
22.800000,29.00000,-1.50000,0.000000,17
22.800000,30.00000,-1.50000,0.000000,18
22.800000,31.00000,-1.50000,0.463648,19
22.800000,32.00000,-1.00000,0.244979,20
22.800000,33.00000,-0.75000,0.244979,21
22.800000,34.00000,-0.50000,0.244979,22
22.800000,35.00000,-0.25000,0.000000,23
22.800000,36.00000,-0.25000,0.000000,24
22.800000,37.00000,-0.25000,0.000000,25
22.800000,38.00000,-0.25000,0.000000,26
22.800000,39.00000,-0.25000,0.000000,27
22.800000,40.00000,-0.25000,0.000000,28
22.800000,41.00000,-0.25000,0.000000,29
22.800000,42.00000,-0.25000,0.000000,30
22.900000,11.86938,-3.40625,0.525908,0
22.900000,13.00000,-2.75000,0.463648,1
22.900000,14.00000,-2.25000,0.000000,2
22.900000,15.00000,-2.25000,-0.244979,3
22.900000,16.00000,-2.50000,0.000000,4
22.900000,17.00000,-2.50000,0.000000,5
22.900000,18.00000,-2.50000,-0.244979,6
22.900000,19.00000,-2.75000,0.244979,7
22.900000,20.00000,-2.50000,0.643501,8
22.900000,21.00000,-1.75000,0.244979,9
22.900000,22.00000,-1.50000,0.244979,10
22.900000,23.00000,-1.25000,0.000000,11
22.900000,24.00000,-1.25000,0.000000,12
22.900000,25.00000,-1.25000,0.000000,13
22.900000,26.00000,-1.25000,-0.244979,14
22.900000,27.00000,-1.50000,0.000000,15
22.900000,28.00000,-1.50000,0.000000,16
22.900000,29.00000,-1.50000,0.000000,17
22.900000,30.00000,-1.50000,0.000000,18
22.900000,31.00000,-1.50000,0.463648,19
22.900000,32.00000,-1.00000,0.244979,20
22.900000,33.00000,-0.75000,0.244979,21
22.900000,34.00000,-0.50000,0.244979,22
22.900000,35.00000,-0.25000,0.000000,23
22.900000,36.00000,-0.25000,0.000000,24
22.900000,37.00000,-0.25000,0.000000,25
22.900000,38.00000,-0.25000,0.000000,26
22.900000,39.00000,-0.25000,0.000000,27
22.900000,40.00000,-0.25000,0.000000,28
22.900000,41.00000,-0.25000,0.000000,29
22.900000,42.00000,-0.25000,0.000000,30
23.000000,11.92756,-3.36003,0.675920,0
23.000000,13.00000,-2.50000,0.244979,1
23.000000,14.00000,-2.25000,0.000000,2
23.000000,15.00000,-2.25000,-0.244979,3
23.000000,16.00000,-2.50000,0.000000,4
23.000000,17.00000,-2.50000,0.000000,5
23.000000,18.00000,-2.50000,-0.244979,6
23.000000,19.00000,-2.75000,0.244979,7
23.000000,20.00000,-2.50000,0.643501,8
23.000000,21.00000,-1.75000,0.244979,9
23.000000,22.00000,-1.50000,0.244979,10
23.000000,23.00000,-1.25000,0.000000,11
23.000000,24.00000,-1.25000,0.000000,12
23.000000,25.00000,-1.25000,0.000000,13
23.000000,26.00000,-1.25000,0.000000,14
23.000000,27.00000,-1.25000,0.000000,15
23.000000,28.00000,-1.25000,0.000000,16
23.000000,29.00000,-1.25000,0.000000,17
23.000000,30.00000,-1.25000,0.000000,18
23.000000,31.00000,-1.25000,0.244979,19
23.000000,32.00000,-1.00000,0.244979,20
23.000000,33.00000,-0.75000,0.244979,21
23.000000,34.00000,-0.50000,0.244979,22
23.000000,35.00000,-0.25000,0.000000,23
23.000000,36.00000,-0.25000,0.000000,24
23.000000,37.00000,-0.25000,0.000000,25
23.000000,38.00000,-0.25000,0.000000,26
23.000000,39.00000,-0.25000,0.000000,27
23.000000,40.00000,-0.25000,0.000000,28
23.000000,41.00000,-0.25000,0.000000,29
23.000000,42.00000,-0.25000,0.000000,30
23.100000,12.02660,-3.35928,0.723205,0
23.100000,13.00000,-2.50000,0.244979,1
23.100000,14.00000,-2.25000,0.000000,2
23.100000,15.00000,-2.25000,-0.244979,3
23.100000,16.00000,-2.50000,0.000000,4
23.100000,17.00000,-2.50000,0.000000,5
23.100000,18.00000,-2.50000,-0.244979,6
23.100000,19.00000,-2.75000,0.244979,7
23.100000,20.00000,-2.50000,0.643501,8
23.100000,21.00000,-1.75000,0.244979,9
23.100000,22.00000,-1.50000,0.244979,10
23.100000,23.00000,-1.25000,0.000000,11
23.100000,24.00000,-1.25000,0.000000,12
23.100000,25.00000,-1.25000,0.000000,13
23.100000,26.00000,-1.25000,-0.244979,14
23.100000,27.00000,-1.50000,0.000000,15
23.100000,28.00000,-1.50000,0.000000,16
23.100000,29.00000,-1.50000,0.000000,17
23.100000,30.00000,-1.50000,0.000000,18
23.100000,31.00000,-1.50000,0.463648,19
23.100000,32.00000,-1.00000,0.244979,20
23.100000,33.00000,-0.75000,0.244979,21
23.100000,34.00000,-0.50000,0.244979,22
23.100000,35.00000,-0.25000,0.000000,23
23.100000,36.00000,-0.25000,0.000000,24
23.100000,37.00000,-0.25000,0.000000,25
23.100000,38.00000,-0.25000,0.000000,26
23.100000,39.00000,-0.25000,0.000000,27
23.100000,40.00000,-0.25000,0.000000,28
23.100000,41.00000,-0.25000,0.000000,29
23.100000,42.00000,-0.25000,0.000000,30
23.200000,12.10230,-3.37055,0.770044,0
23.200000,13.00000,-2.50000,0.244979,1
23.200000,14.00000,-2.25000,0.000000,2
23.200000,15.00000,-2.25000,-0.244979,3
23.200000,16.00000,-2.50000,0.000000,4
23.200000,17.00000,-2.50000,-0.244979,5
23.200000,18.00000,-2.75000,0.000000,6
23.200000,19.00000,-2.75000,0.244979,7
23.200000,20.00000,-2.50000,0.463648,8
23.200000,21.00000,-2.00000,0.463648,9
23.200000,22.00000,-1.50000,0.244979,10
23.200000,23.00000,-1.25000,0.000000,11
23.200000,24.00000,-1.25000,0.000000,12
23.200000,25.00000,-1.25000,0.000000,13
23.200000,26.00000,-1.25000,-0.244979,14
23.200000,27.00000,-1.50000,0.000000,15
23.200000,28.00000,-1.50000,0.000000,16
23.200000,29.00000,-1.50000,0.000000,17
23.200000,30.00000,-1.50000,0.000000,18
23.200000,31.00000,-1.50000,0.463648,19
23.200000,32.00000,-1.00000,0.244979,20
23.200000,33.00000,-0.75000,0.244979,21
23.200000,34.00000,-0.50000,0.244979,22
23.200000,35.00000,-0.25000,0.000000,23
23.200000,36.00000,-0.25000,0.000000,24
23.200000,37.00000,-0.25000,0.000000,25
23.200000,38.00000,-0.25000,0.000000,26
23.200000,39.00000,-0.25000,0.000000,27
23.200000,40.00000,-0.25000,0.000000,28
23.200000,41.00000,-0.25000,0.000000,29
23.200000,42.00000,-0.25000,0.000000,30
23.300000,12.18244,-3.32717,0.791239,0
23.300000,13.00000,-2.50000,0.244979,1
23.300000,14.00000,-2.25000,0.000000,2
23.300000,15.00000,-2.25000,-0.244979,3
23.300000,16.00000,-2.50000,0.000000,4
23.300000,17.00000,-2.50000,0.000000,5
23.300000,18.00000,-2.50000,-0.244979,6
23.300000,19.00000,-2.75000,0.244979,7
23.300000,20.00000,-2.50000,0.643501,8
23.300000,21.00000,-1.75000,0.244979,9
23.300000,22.00000,-1.50000,0.244979,10
23.300000,23.00000,-1.25000,0.000000,11
23.300000,24.00000,-1.25000,0.000000,12
23.300000,25.00000,-1.25000,0.000000,13
23.300000,26.00000,-1.25000,-0.244979,14
23.300000,27.00000,-1.50000,0.000000,15
23.300000,28.00000,-1.50000,0.000000,16
23.300000,29.00000,-1.50000,0.000000,17
23.300000,30.00000,-1.50000,0.000000,18
23.300000,31.00000,-1.50000,0.463648,19
23.300000,32.00000,-1.00000,0.244979,20
23.300000,33.00000,-0.75000,0.244979,21
23.300000,34.00000,-0.50000,0.244979,22
23.300000,35.00000,-0.25000,0.000000,23
23.300000,36.00000,-0.25000,0.000000,24
23.300000,37.00000,-0.25000,0.000000,25
23.300000,38.00000,-0.25000,0.000000,26
23.300000,39.00000,-0.25000,0.000000,27
23.300000,40.00000,-0.25000,0.000000,28
23.300000,41.00000,-0.25000,0.000000,29
23.300000,42.00000,-0.25000,0.000000,30
23.400000,12.28193,-3.35265,0.610728,0
23.400000,13.50000,-2.50000,0.244979,1
23.400000,14.50000,-2.25000,-0.244979,2
23.400000,15.50000,-2.50000,0.000000,3
23.400000,16.50000,-2.50000,0.000000,4
23.400000,17.50000,-2.50000,-0.244979,5
23.400000,18.50000,-2.75000,0.000000,6
23.400000,19.50000,-2.75000,0.463648,7
23.400000,20.50000,-2.25000,0.463648,8
23.400000,21.50000,-1.75000,0.244979,9
23.400000,22.50000,-1.50000,0.000000,10
23.400000,23.50000,-1.50000,0.000000,11
23.400000,24.50000,-1.50000,0.000000,12
23.400000,25.50000,-1.50000,0.000000,13
23.400000,26.50000,-1.50000,0.000000,14
23.400000,27.50000,-1.50000,0.000000,15
23.400000,28.50000,-1.50000,0.000000,16
23.400000,29.50000,-1.50000,0.000000,17
23.400000,30.50000,-1.50000,0.244979,18
23.400000,31.50000,-1.25000,0.463648,19
23.400000,32.50000,-0.75000,0.244979,20
23.400000,33.50000,-0.50000,0.244979,21
23.400000,34.50000,-0.25000,0.000000,22
23.400000,35.50000,-0.25000,0.000000,23
23.400000,36.50000,-0.25000,0.000000,24
23.400000,37.50000,-0.25000,0.000000,25
23.400000,38.50000,-0.25000,0.000000,26
23.400000,39.50000,-0.25000,0.000000,27
23.400000,40.50000,-0.25000,0.000000,28
23.400000,41.50000,-0.25000,0.000000,29
23.400000,42.50000,-0.25000,0.000000,30
23.500000,12.42361,-3.32441,0.653599,0
23.500000,13.50000,-2.50000,0.244979,1
23.500000,14.50000,-2.25000,-0.244979,2
23.500000,15.50000,-2.50000,0.000000,3
23.500000,16.50000,-2.50000,0.000000,4
23.500000,17.50000,-2.50000,-0.244979,5
23.500000,18.50000,-2.75000,0.000000,6
23.500000,19.50000,-2.75000,0.643501,7
23.500000,20.50000,-2.00000,0.463648,8
23.500000,21.50000,-1.50000,0.244979,9
23.500000,22.50000,-1.25000,0.000000,10
23.500000,23.50000,-1.25000,0.000000,11
23.500000,24.50000,-1.25000,0.000000,12
23.500000,25.50000,-1.25000,0.000000,13
23.500000,26.50000,-1.25000,-0.244979,14
23.500000,27.50000,-1.50000,0.000000,15
23.500000,28.50000,-1.50000,0.000000,16
23.500000,29.50000,-1.50000,0.000000,17
23.500000,30.50000,-1.50000,0.244979,18
23.500000,31.50000,-1.25000,0.463648,19
23.500000,32.50000,-0.75000,0.244979,20
23.500000,33.50000,-0.50000,0.244979,21
23.500000,34.50000,-0.25000,0.000000,22
23.500000,35.50000,-0.25000,0.000000,23
23.500000,36.50000,-0.25000,0.000000,24
23.500000,37.50000,-0.25000,0.000000,25
23.500000,38.50000,-0.25000,0.000000,26
23.500000,39.50000,-0.25000,0.000000,27
23.500000,40.50000,-0.25000,0.000000,28
23.500000,41.50000,-0.25000,0.000000,29
23.500000,42.50000,-0.25000,0.000000,30
23.600000,12.54168,-3.30560,0.699032,0
23.600000,13.50000,-2.50000,0.244979,1
23.600000,14.50000,-2.25000,0.000000,2
23.600000,15.50000,-2.25000,-0.244979,3
23.600000,16.50000,-2.50000,0.000000,4
23.600000,17.50000,-2.50000,-0.244979,5
23.600000,18.50000,-2.75000,0.000000,6
23.600000,19.50000,-2.75000,0.643501,7
23.600000,20.50000,-2.00000,0.463648,8
23.600000,21.50000,-1.50000,0.244979,9
23.600000,22.50000,-1.25000,0.000000,10
23.600000,23.50000,-1.25000,0.000000,11
23.600000,24.50000,-1.25000,0.000000,12
23.600000,25.50000,-1.25000,0.000000,13
23.600000,26.50000,-1.25000,-0.244979,14
23.600000,27.50000,-1.50000,0.000000,15
23.600000,28.50000,-1.50000,0.000000,16
23.600000,29.50000,-1.50000,0.000000,17
23.600000,30.50000,-1.50000,0.244979,18
23.600000,31.50000,-1.25000,0.463648,19
23.600000,32.50000,-0.75000,0.244979,20
23.600000,33.50000,-0.50000,0.244979,21
23.600000,34.50000,-0.25000,0.000000,22
23.600000,35.50000,-0.25000,0.000000,23
23.600000,36.50000,-0.25000,0.000000,24
23.600000,37.50000,-0.25000,0.000000,25
23.600000,38.50000,-0.25000,0.000000,26
23.600000,39.50000,-0.25000,0.000000,27
23.600000,40.50000,-0.25000,0.000000,28
23.600000,41.50000,-0.25000,0.000000,29
23.600000,42.50000,-0.25000,0.000000,30
23.700000,12.66750,-3.33976,0.789735,0
23.700000,13.50000,-2.50000,0.244979,1
23.700000,14.50000,-2.25000,-0.244979,2
23.700000,15.50000,-2.50000,0.000000,3
23.700000,16.50000,-2.50000,0.000000,4
23.700000,17.50000,-2.50000,-0.244979,5
23.700000,18.50000,-2.75000,0.000000,6
23.700000,19.50000,-2.75000,0.643501,7
23.700000,20.50000,-2.00000,0.463648,8
23.700000,21.50000,-1.50000,0.244979,9
23.700000,22.50000,-1.25000,0.000000,10
23.700000,23.50000,-1.25000,0.000000,11
23.700000,24.50000,-1.25000,0.000000,12
23.700000,25.50000,-1.25000,0.000000,13
23.700000,26.50000,-1.25000,-0.244979,14
23.700000,27.50000,-1.50000,0.000000,15
23.700000,28.50000,-1.50000,0.000000,16
23.700000,29.50000,-1.50000,0.000000,17
23.700000,30.50000,-1.50000,0.244979,18
23.700000,31.50000,-1.25000,0.463648,19
23.700000,32.50000,-0.75000,0.244979,20
23.700000,33.50000,-0.50000,0.244979,21
23.700000,34.50000,-0.25000,0.000000,22
23.700000,35.50000,-0.25000,0.000000,23
23.700000,36.50000,-0.25000,0.000000,24
23.700000,37.50000,-0.25000,0.000000,25
23.700000,38.50000,-0.25000,0.000000,26
23.700000,39.50000,-0.25000,0.000000,27
23.700000,40.50000,-0.25000,0.000000,28
23.700000,41.50000,-0.25000,0.000000,29
23.700000,42.50000,-0.25000,0.000000,30
23.800000,12.84375,-3.33856,0.627468,0
23.800000,14.00000,-2.50000,0.244979,1
23.800000,15.00000,-2.25000,-0.244979,2
23.800000,16.00000,-2.50000,0.000000,3
23.800000,17.00000,-2.50000,-0.244979,4
23.800000,18.00000,-2.75000,0.000000,5
23.800000,19.00000,-2.75000,0.244979,6
23.800000,20.00000,-2.50000,0.463648,7
23.800000,21.00000,-2.00000,0.463648,8
23.800000,22.00000,-1.50000,0.244979,9
23.800000,23.00000,-1.25000,0.000000,10
23.800000,24.00000,-1.25000,0.000000,11
23.800000,25.00000,-1.25000,0.000000,12
23.800000,26.00000,-1.25000,-0.244979,13
23.800000,27.00000,-1.50000,0.000000,14
23.800000,28.00000,-1.50000,0.000000,15
23.800000,29.00000,-1.50000,0.000000,16
23.800000,30.00000,-1.50000,0.000000,17
23.800000,31.00000,-1.50000,0.463648,18
23.800000,32.00000,-1.00000,0.244979,19
23.800000,33.00000,-0.75000,0.244979,20
23.800000,34.00000,-0.50000,0.244979,21
23.800000,35.00000,-0.25000,0.000000,22
23.800000,36.00000,-0.25000,0.000000,23
23.800000,37.00000,-0.25000,0.000000,24
23.800000,38.00000,-0.25000,0.000000,25
23.800000,39.00000,-0.25000,0.000000,26
23.800000,40.00000,-0.25000,0.000000,27
23.800000,41.00000,-0.25000,0.000000,28
23.800000,42.00000,-0.25000,0.000000,29
23.800000,43.00000,-0.25000,0.000000,30
23.900000,12.99930,-3.30927,0.680023,0
23.900000,14.00000,-2.50000,0.244979,1
23.900000,15.00000,-2.25000,-0.244979,2
23.900000,16.00000,-2.50000,0.000000,3
23.900000,17.00000,-2.50000,0.000000,4
23.900000,18.00000,-2.50000,-0.244979,5
23.900000,19.00000,-2.75000,0.244979,6
23.900000,20.00000,-2.50000,0.643501,7
23.900000,21.00000,-1.75000,0.244979,8
23.900000,22.00000,-1.50000,0.244979,9
23.900000,23.00000,-1.25000,0.000000,10
23.900000,24.00000,-1.25000,0.000000,11
23.900000,25.00000,-1.25000,0.000000,12
23.900000,26.00000,-1.25000,-0.244979,13
23.900000,27.00000,-1.50000,0.000000,14
23.900000,28.00000,-1.50000,0.000000,15
23.900000,29.00000,-1.50000,0.000000,16
23.900000,30.00000,-1.50000,0.000000,17
23.900000,31.00000,-1.50000,0.463648,18
23.900000,32.00000,-1.00000,0.244979,19
23.900000,33.00000,-0.75000,0.244979,20
23.900000,34.00000,-0.50000,0.244979,21
23.900000,35.00000,-0.25000,0.000000,22
23.900000,36.00000,-0.25000,0.000000,23
23.900000,37.00000,-0.25000,0.000000,24
23.900000,38.00000,-0.25000,0.000000,25
23.900000,39.00000,-0.25000,0.000000,26
23.900000,40.00000,-0.25000,0.000000,27
23.900000,41.00000,-0.25000,0.000000,28
23.900000,42.00000,-0.25000,0.000000,29
23.900000,43.00000,-0.25000,0.000000,30
24.004000,13.14819,-3.28652,0.745566,0
24.004000,14.00000,-2.50000,0.244979,1
24.004000,15.00000,-2.25000,-0.244979,2
24.004000,16.00000,-2.50000,0.000000,3
24.004000,17.00000,-2.50000,0.000000,4
24.004000,18.00000,-2.50000,-0.244979,5
24.004000,19.00000,-2.75000,0.244979,6
24.004000,20.00000,-2.50000,0.643501,7
24.004000,21.00000,-1.75000,0.244979,8
24.004000,22.00000,-1.50000,0.244979,9
24.004000,23.00000,-1.25000,0.000000,10
24.004000,24.00000,-1.25000,0.000000,11
24.004000,25.00000,-1.25000,0.000000,12
24.004000,26.00000,-1.25000,-0.244979,13
24.004000,27.00000,-1.50000,0.000000,14
24.004000,28.00000,-1.50000,0.000000,15
24.004000,29.00000,-1.50000,0.000000,16
24.004000,30.00000,-1.50000,0.000000,17
24.004000,31.00000,-1.50000,0.463648,18
24.004000,32.00000,-1.00000,0.244979,19
24.004000,33.00000,-0.75000,0.244979,20
24.004000,34.00000,-0.50000,0.244979,21
24.004000,35.00000,-0.25000,0.000000,22
24.004000,36.00000,-0.25000,0.000000,23
24.004000,37.00000,-0.25000,0.000000,24
24.004000,38.00000,-0.25000,0.000000,25
24.004000,39.00000,-0.25000,0.000000,26
24.004000,40.00000,-0.25000,0.000000,27
24.004000,41.00000,-0.25000,0.000000,28
24.004000,42.00000,-0.25000,0.000000,29
24.004000,43.00000,-0.25000,0.000000,30
24.104000,13.34421,-3.28428,0.596197,0
24.104000,14.50000,-2.50000,0.000000,1
24.104000,15.50000,-2.50000,0.000000,2
24.104000,16.50000,-2.50000,0.000000,3
24.104000,17.50000,-2.50000,-0.244979,4
24.104000,18.50000,-2.75000,0.000000,5
24.104000,19.50000,-2.75000,0.643501,6
24.104000,20.50000,-2.00000,0.463648,7
24.104000,21.50000,-1.50000,0.244979,8
24.104000,22.50000,-1.25000,0.000000,9
24.104000,23.50000,-1.25000,0.000000,10
24.104000,24.50000,-1.25000,0.000000,11
24.104000,25.50000,-1.25000,0.000000,12
24.104000,26.50000,-1.25000,-0.244979,13
24.104000,27.50000,-1.50000,0.000000,14
24.104000,28.50000,-1.50000,0.000000,15
24.104000,29.50000,-1.50000,0.000000,16
24.104000,30.50000,-1.50000,0.244979,17
24.104000,31.50000,-1.25000,0.463648,18
24.104000,32.50000,-0.75000,0.244979,19
24.104000,33.50000,-0.50000,0.244979,20
24.104000,34.50000,-0.25000,0.000000,21
24.104000,35.50000,-0.25000,0.000000,22
24.104000,36.50000,-0.25000,0.000000,23
24.104000,37.50000,-0.25000,0.000000,24
24.104000,38.50000,-0.25000,0.000000,25
24.104000,39.50000,-0.25000,0.000000,26
24.104000,40.50000,-0.25000,0.000000,27
24.104000,41.50000,-0.25000,0.000000,28
24.104000,42.50000,-0.25000,0.000000,29
24.104000,43.50000,-0.25000,0.000000,30
24.200000,13.53426,-3.31005,0.697947,0
24.200000,14.50000,-2.50000,0.000000,1
24.200000,15.50000,-2.50000,0.000000,2
24.200000,16.50000,-2.50000,-0.244979,3
24.200000,17.50000,-2.75000,0.000000,4
24.200000,18.50000,-2.75000,0.000000,5
24.200000,19.50000,-2.75000,0.463648,6
24.200000,20.50000,-2.25000,0.463648,7
24.200000,21.50000,-1.75000,0.244979,8
24.200000,22.50000,-1.50000,0.000000,9
24.200000,23.50000,-1.50000,0.000000,10
24.200000,24.50000,-1.50000,0.000000,11
24.200000,25.50000,-1.50000,0.000000,12
24.200000,26.50000,-1.50000,0.000000,13
24.200000,27.50000,-1.50000,0.000000,14
24.200000,28.50000,-1.50000,0.000000,15
24.200000,29.50000,-1.50000,0.000000,16
24.200000,30.50000,-1.50000,0.244979,17
24.200000,31.50000,-1.25000,0.463648,18
24.200000,32.50000,-0.75000,0.244979,19
24.200000,33.50000,-0.50000,0.244979,20
24.200000,34.50000,-0.25000,0.000000,21
24.200000,35.50000,-0.25000,0.000000,22
24.200000,36.50000,-0.25000,0.000000,23
24.200000,37.50000,-0.25000,0.000000,24
24.200000,38.50000,-0.25000,0.000000,25
24.200000,39.50000,-0.25000,0.000000,26
24.200000,40.50000,-0.25000,0.000000,27
24.200000,41.50000,-0.25000,0.000000,28
24.200000,42.50000,-0.25000,0.000000,29
24.200000,43.50000,-0.25000,0.000000,30
24.302000,13.69948,-3.26915,0.765414,0
24.302000,14.50000,-2.50000,0.000000,1
24.302000,15.50000,-2.50000,0.000000,2
24.302000,16.50000,-2.50000,0.000000,3
24.302000,17.50000,-2.50000,-0.244979,4
24.302000,18.50000,-2.75000,0.000000,5
24.302000,19.50000,-2.75000,0.643501,6
24.302000,20.50000,-2.00000,0.463648,7
24.302000,21.50000,-1.50000,0.244979,8
24.302000,22.50000,-1.25000,0.000000,9
24.302000,23.50000,-1.25000,0.000000,10
24.302000,24.50000,-1.25000,0.000000,11
24.302000,25.50000,-1.25000,0.000000,12
24.302000,26.50000,-1.25000,-0.244979,13
24.302000,27.50000,-1.50000,0.000000,14
24.302000,28.50000,-1.50000,0.000000,15
24.302000,29.50000,-1.50000,0.000000,16
24.302000,30.50000,-1.50000,0.244979,17
24.302000,31.50000,-1.25000,0.463648,18
24.302000,32.50000,-0.75000,0.244979,19
24.302000,33.50000,-0.50000,0.244979,20
24.302000,34.50000,-0.25000,0.000000,21
24.302000,35.50000,-0.25000,0.000000,22
24.302000,36.50000,-0.25000,0.000000,23
24.302000,37.50000,-0.25000,0.000000,24
24.302000,38.50000,-0.25000,0.000000,25
24.302000,39.50000,-0.25000,0.000000,26
24.302000,40.50000,-0.25000,0.000000,27
24.302000,41.50000,-0.25000,0.000000,28
24.302000,42.50000,-0.25000,0.000000,29
24.302000,43.50000,-0.25000,0.000000,30
24.404000,13.94941,-3.19872,0.586900,0
24.404000,15.00000,-2.50000,0.000000,1
24.404000,16.00000,-2.50000,0.000000,2
24.404000,17.00000,-2.50000,-0.244979,3
24.404000,18.00000,-2.75000,0.000000,4
24.404000,19.00000,-2.75000,0.244979,5
24.404000,20.00000,-2.50000,0.463648,6
24.404000,21.00000,-2.00000,0.463648,7
24.404000,22.00000,-1.50000,0.244979,8
24.404000,23.00000,-1.25000,0.000000,9
24.404000,24.00000,-1.25000,0.000000,10
24.404000,25.00000,-1.25000,0.000000,11
24.404000,26.00000,-1.25000,-0.244979,12
24.404000,27.00000,-1.50000,0.000000,13
24.404000,28.00000,-1.50000,0.000000,14
24.404000,29.00000,-1.50000,0.000000,15
24.404000,30.00000,-1.50000,0.000000,16
24.404000,31.00000,-1.50000,0.463648,17
24.404000,32.00000,-1.00000,0.244979,18
24.404000,33.00000,-0.75000,0.244979,19
24.404000,34.00000,-0.50000,0.244979,20
24.404000,35.00000,-0.25000,0.000000,21
24.404000,36.00000,-0.25000,0.000000,22
24.404000,37.00000,-0.25000,0.000000,23
24.404000,38.00000,-0.25000,0.000000,24
24.404000,39.00000,-0.25000,0.000000,25
24.404000,40.00000,-0.25000,0.000000,26
24.404000,41.00000,-0.25000,0.000000,27
24.404000,42.00000,-0.25000,0.000000,28
24.404000,43.00000,-0.25000,0.000000,29
24.404000,44.00000,-0.25000,0.000000,30
24.500000,14.02204,-3.15820,0.592401,0
24.500000,15.00000,-2.50000,0.000000,1
24.500000,16.00000,-2.50000,0.000000,2
24.500000,17.00000,-2.50000,-0.244979,3
24.500000,18.00000,-2.75000,0.000000,4
24.500000,19.00000,-2.75000,0.244979,5
24.500000,20.00000,-2.50000,0.643501,6
24.500000,21.00000,-1.75000,0.244979,7
24.500000,22.00000,-1.50000,0.244979,8
24.500000,23.00000,-1.25000,0.000000,9
24.500000,24.00000,-1.25000,0.000000,10
24.500000,25.00000,-1.25000,0.000000,11
24.500000,26.00000,-1.25000,-0.244979,12
24.500000,27.00000,-1.50000,0.000000,13
24.500000,28.00000,-1.50000,0.000000,14
24.500000,29.00000,-1.50000,0.000000,15
24.500000,30.00000,-1.50000,0.000000,16
24.500000,31.00000,-1.50000,0.463648,17
24.500000,32.00000,-1.00000,0.244979,18
24.500000,33.00000,-0.75000,0.244979,19
24.500000,34.00000,-0.50000,0.244979,20
24.500000,35.00000,-0.25000,0.000000,21
24.500000,36.00000,-0.25000,0.000000,22
24.500000,37.00000,-0.25000,0.000000,23
24.500000,38.00000,-0.25000,0.000000,24
24.500000,39.00000,-0.25000,0.000000,25
24.500000,40.00000,-0.25000,0.000000,26
24.500000,41.00000,-0.25000,0.000000,27
24.500000,42.00000,-0.25000,0.000000,28
24.500000,43.00000,-0.25000,0.000000,29
24.500000,44.00000,-0.25000,0.000000,30
24.600000,14.20094,-3.10874,0.821377,0
24.600000,15.00000,-2.25000,-0.244979,1
24.600000,16.00000,-2.50000,0.000000,2
24.600000,17.00000,-2.50000,0.000000,3
24.600000,18.00000,-2.50000,-0.244979,4
24.600000,19.00000,-2.75000,0.244979,5
24.600000,20.00000,-2.50000,0.643501,6
24.600000,21.00000,-1.75000,0.244979,7
24.600000,22.00000,-1.50000,0.244979,8
24.600000,23.00000,-1.25000,0.000000,9
24.600000,24.00000,-1.25000,0.000000,10
24.600000,25.00000,-1.25000,0.000000,11
24.600000,26.00000,-1.25000,0.000000,12
24.600000,27.00000,-1.25000,0.000000,13
24.600000,28.00000,-1.25000,0.000000,14
24.600000,29.00000,-1.25000,0.000000,15
24.600000,30.00000,-1.25000,0.000000,16
24.600000,31.00000,-1.25000,0.244979,17
24.600000,32.00000,-1.00000,0.244979,18
24.600000,33.00000,-0.75000,0.244979,19
24.600000,34.00000,-0.50000,0.244979,20
24.600000,35.00000,-0.25000,0.000000,21
24.600000,36.00000,-0.25000,0.000000,22
24.600000,37.00000,-0.25000,0.000000,23
24.600000,38.00000,-0.25000,0.000000,24
24.600000,39.00000,-0.25000,0.000000,25
24.600000,40.00000,-0.25000,0.000000,26
24.600000,41.00000,-0.25000,0.000000,27
24.600000,42.00000,-0.25000,0.000000,28
24.600000,43.00000,-0.25000,0.000000,29
24.600000,44.00000,-0.25000,0.000000,30
24.700000,14.36169,-3.03737,0.441063,0
24.700000,15.50000,-2.50000,0.000000,1
24.700000,16.50000,-2.50000,0.000000,2
24.700000,17.50000,-2.50000,-0.244979,3
24.700000,18.50000,-2.75000,0.000000,4
24.700000,19.50000,-2.75000,0.643501,5
24.700000,20.50000,-2.00000,0.463648,6
24.700000,21.50000,-1.50000,0.244979,7
24.700000,22.50000,-1.25000,0.000000,8
24.700000,23.50000,-1.25000,0.000000,9
24.700000,24.50000,-1.25000,0.000000,10
24.700000,25.50000,-1.25000,0.000000,11
24.700000,26.50000,-1.25000,-0.244979,12
24.700000,27.50000,-1.50000,0.000000,13
24.700000,28.50000,-1.50000,0.000000,14
24.700000,29.50000,-1.50000,0.000000,15
24.700000,30.50000,-1.50000,0.244979,16
24.700000,31.50000,-1.25000,0.463648,17
24.700000,32.50000,-0.75000,0.244979,18
24.700000,33.50000,-0.50000,0.244979,19
24.700000,34.50000,-0.25000,0.000000,20
24.700000,35.50000,-0.25000,0.000000,21
24.700000,36.50000,-0.25000,0.000000,22
24.700000,37.50000,-0.25000,0.000000,23
24.700000,38.50000,-0.25000,0.000000,24
24.700000,39.50000,-0.25000,0.000000,25
24.700000,40.50000,-0.25000,0.000000,26
24.700000,41.50000,-0.25000,0.000000,27
24.700000,42.50000,-0.25000,0.000000,28
24.700000,43.50000,-0.25000,0.000000,29
24.700000,44.50000,-0.25000,0.000000,30
24.800000,14.50758,-2.97975,0.450293,0
24.800000,15.50000,-2.50000,0.000000,1
24.800000,16.50000,-2.50000,0.000000,2
24.800000,17.50000,-2.50000,-0.244979,3
24.800000,18.50000,-2.75000,0.000000,4
24.800000,19.50000,-2.75000,0.643501,5
24.800000,20.50000,-2.00000,0.463648,6
24.800000,21.50000,-1.50000,0.244979,7
24.800000,22.50000,-1.25000,0.000000,8
24.800000,23.50000,-1.25000,0.000000,9
24.800000,24.50000,-1.25000,0.000000,10
24.800000,25.50000,-1.25000,0.000000,11
24.800000,26.50000,-1.25000,-0.244979,12
24.800000,27.50000,-1.50000,0.000000,13
24.800000,28.50000,-1.50000,0.000000,14
24.800000,29.50000,-1.50000,0.000000,15
24.800000,30.50000,-1.50000,0.244979,16
24.800000,31.50000,-1.25000,0.463648,17
24.800000,32.50000,-0.75000,0.244979,18
24.800000,33.50000,-0.50000,0.244979,19
24.800000,34.50000,-0.25000,0.000000,20
24.800000,35.50000,-0.25000,0.000000,21
24.800000,36.50000,-0.25000,0.000000,22
24.800000,37.50000,-0.25000,0.000000,23
24.800000,38.50000,-0.25000,0.000000,24
24.800000,39.50000,-0.25000,0.000000,25
24.800000,40.50000,-0.25000,0.000000,26
24.800000,41.50000,-0.25000,0.000000,27
24.800000,42.50000,-0.25000,0.000000,28
24.800000,43.50000,-0.25000,0.000000,29
24.800000,44.50000,-0.25000,0.000000,30
24.900000,14.67122,-2.94514,0.492884,0
24.900000,15.50000,-2.50000,0.000000,1
24.900000,16.50000,-2.50000,0.000000,2
24.900000,17.50000,-2.50000,-0.244979,3
24.900000,18.50000,-2.75000,0.000000,4
24.900000,19.50000,-2.75000,0.643501,5
24.900000,20.50000,-2.00000,0.463648,6
24.900000,21.50000,-1.50000,0.244979,7
24.900000,22.50000,-1.25000,0.000000,8
24.900000,23.50000,-1.25000,0.000000,9
24.900000,24.50000,-1.25000,0.000000,10
24.900000,25.50000,-1.25000,0.000000,11
24.900000,26.50000,-1.25000,-0.244979,12
24.900000,27.50000,-1.50000,0.000000,13
24.900000,28.50000,-1.50000,0.000000,14
24.900000,29.50000,-1.50000,0.000000,15
24.900000,30.50000,-1.50000,0.244979,16
24.900000,31.50000,-1.25000,0.463648,17
24.900000,32.50000,-0.75000,0.244979,18
24.900000,33.50000,-0.50000,0.244979,19
24.900000,34.50000,-0.25000,0.000000,20
24.900000,35.50000,-0.25000,0.000000,21
24.900000,36.50000,-0.25000,0.000000,22
24.900000,37.50000,-0.25000,0.000000,23
24.900000,38.50000,-0.25000,0.000000,24
24.900000,39.50000,-0.25000,0.000000,25
24.900000,40.50000,-0.25000,0.000000,26
24.900000,41.50000,-0.25000,0.000000,27
24.900000,42.50000,-0.25000,0.000000,28
24.900000,43.50000,-0.25000,0.000000,29
24.900000,44.50000,-0.25000,0.000000,30
25.000000,14.73113,-2.87500,0.453778,0
25.000000,15.50000,-2.50000,0.000000,1
25.000000,16.50000,-2.50000,0.000000,2
25.000000,17.50000,-2.50000,-0.244979,3
25.000000,18.50000,-2.75000,0.000000,4
25.000000,19.50000,-2.75000,0.643501,5
25.000000,20.50000,-2.00000,0.463648,6
25.000000,21.50000,-1.50000,0.244979,7
25.000000,22.50000,-1.25000,0.000000,8
25.000000,23.50000,-1.25000,0.000000,9
25.000000,24.50000,-1.25000,0.000000,10
25.000000,25.50000,-1.25000,0.000000,11
25.000000,26.50000,-1.25000,-0.244979,12
25.000000,27.50000,-1.50000,0.000000,13
25.000000,28.50000,-1.50000,0.000000,14
25.000000,29.50000,-1.50000,0.000000,15
25.000000,30.50000,-1.50000,0.244979,16
25.000000,31.50000,-1.25000,0.463648,17
25.000000,32.50000,-0.75000,0.244979,18
25.000000,33.50000,-0.50000,0.244979,19
25.000000,34.50000,-0.25000,0.000000,20
25.000000,35.50000,-0.25000,0.000000,21
25.000000,36.50000,-0.25000,0.000000,22
25.000000,37.50000,-0.25000,0.000000,23
25.000000,38.50000,-0.25000,0.000000,24
25.000000,39.50000,-0.25000,0.000000,25
25.000000,40.50000,-0.25000,0.000000,26
25.000000,41.50000,-0.25000,0.000000,27
25.000000,42.50000,-0.25000,0.000000,28
25.000000,43.50000,-0.25000,0.000000,29
25.000000,44.50000,-0.25000,0.000000,30
25.100000,14.88939,-2.84654,0.302456,0
25.100000,16.00000,-2.50000,0.000000,1
25.100000,17.00000,-2.50000,-0.244979,2
25.100000,18.00000,-2.75000,0.000000,3
25.100000,19.00000,-2.75000,0.244979,4
25.100000,20.00000,-2.50000,0.643501,5
25.100000,21.00000,-1.75000,0.244979,6
25.100000,22.00000,-1.50000,0.244979,7
25.100000,23.00000,-1.25000,0.000000,8
25.100000,24.00000,-1.25000,0.000000,9
25.100000,25.00000,-1.25000,0.000000,10
25.100000,26.00000,-1.25000,-0.244979,11
25.100000,27.00000,-1.50000,0.000000,12
25.100000,28.00000,-1.50000,0.000000,13
25.100000,29.00000,-1.50000,0.000000,14
25.100000,30.00000,-1.50000,0.000000,15
25.100000,31.00000,-1.50000,0.463648,16
25.100000,32.00000,-1.00000,0.244979,17
25.100000,33.00000,-0.75000,0.244979,18
25.100000,34.00000,-0.50000,0.244979,19
25.100000,35.00000,-0.25000,0.000000,20
25.100000,36.00000,-0.25000,0.000000,21
25.100000,37.00000,-0.25000,0.000000,22
25.100000,38.00000,-0.25000,0.000000,23
25.100000,39.00000,-0.25000,0.000000,24
25.100000,40.00000,-0.25000,0.000000,25
25.100000,41.00000,-0.25000,0.000000,26
25.100000,42.00000,-0.25000,0.000000,27
25.100000,43.00000,-0.25000,0.000000,28
25.100000,44.00000,-0.25000,0.000000,29
25.100000,45.00000,-0.25000,0.000000,30
25.200000,14.99647,-2.79869,0.289289,0
25.200000,16.00000,-2.50000,0.000000,1
25.200000,17.00000,-2.50000,-0.244979,2
25.200000,18.00000,-2.75000,0.000000,3
25.200000,19.00000,-2.75000,0.244979,4
25.200000,20.00000,-2.50000,0.643501,5
25.200000,21.00000,-1.75000,0.244979,6
25.200000,22.00000,-1.50000,0.244979,7
25.200000,23.00000,-1.25000,0.000000,8
25.200000,24.00000,-1.25000,0.000000,9
25.200000,25.00000,-1.25000,0.000000,10
25.200000,26.00000,-1.25000,-0.244979,11
25.200000,27.00000,-1.50000,0.000000,12
25.200000,28.00000,-1.50000,0.000000,13
25.200000,29.00000,-1.50000,0.000000,14
25.200000,30.00000,-1.50000,0.000000,15
25.200000,31.00000,-1.50000,0.463648,16
25.200000,32.00000,-1.00000,0.244979,17
25.200000,33.00000,-0.75000,0.244979,18
25.200000,34.00000,-0.50000,0.244979,19
25.200000,35.00000,-0.25000,0.000000,20
25.200000,36.00000,-0.25000,0.000000,21
25.200000,37.00000,-0.25000,0.000000,22
25.200000,38.00000,-0.25000,0.000000,23
25.200000,39.00000,-0.25000,0.000000,24
25.200000,40.00000,-0.25000,0.000000,25
25.200000,41.00000,-0.25000,0.000000,26
25.200000,42.00000,-0.25000,0.000000,27
25.200000,43.00000,-0.25000,0.000000,28
25.200000,44.00000,-0.25000,0.000000,29
25.200000,45.00000,-0.25000,0.000000,30
25.300000,15.11883,-2.75642,0.283182,0
25.300000,16.00000,-2.50000,0.000000,1
25.300000,17.00000,-2.50000,0.000000,2
25.300000,18.00000,-2.50000,-0.244979,3
25.300000,19.00000,-2.75000,0.244979,4
25.300000,20.00000,-2.50000,0.643501,5
25.300000,21.00000,-1.75000,0.244979,6
25.300000,22.00000,-1.50000,0.244979,7
25.300000,23.00000,-1.25000,0.000000,8
25.300000,24.00000,-1.25000,0.000000,9
25.300000,25.00000,-1.25000,0.000000,10
25.300000,26.00000,-1.25000,-0.244979,11
25.300000,27.00000,-1.50000,0.000000,12
25.300000,28.00000,-1.50000,0.000000,13
25.300000,29.00000,-1.50000,0.000000,14
25.300000,30.00000,-1.50000,0.000000,15
25.300000,31.00000,-1.50000,0.463648,16
25.300000,32.00000,-1.00000,0.244979,17
25.300000,33.00000,-0.75000,0.244979,18
25.300000,34.00000,-0.50000,0.244979,19
25.300000,35.00000,-0.25000,0.000000,20
25.300000,36.00000,-0.25000,0.000000,21
25.300000,37.00000,-0.25000,0.000000,22
25.300000,38.00000,-0.25000,0.000000,23
25.300000,39.00000,-0.25000,0.000000,24
25.300000,40.00000,-0.25000,0.000000,25
25.300000,41.00000,-0.25000,0.000000,26
25.300000,42.00000,-0.25000,0.000000,27
25.300000,43.00000,-0.25000,0.000000,28
25.300000,44.00000,-0.25000,0.000000,29
25.300000,45.00000,-0.25000,0.000000,30
25.400000,15.22747,-2.73680,0.297432,0
25.400000,16.00000,-2.50000,0.000000,1
25.400000,17.00000,-2.50000,0.000000,2
25.400000,18.00000,-2.50000,-0.244979,3
25.400000,19.00000,-2.75000,0.244979,4
25.400000,20.00000,-2.50000,0.643501,5
25.400000,21.00000,-1.75000,0.244979,6
25.400000,22.00000,-1.50000,0.244979,7
25.400000,23.00000,-1.25000,0.000000,8
25.400000,24.00000,-1.25000,0.000000,9
25.400000,25.00000,-1.25000,0.000000,10
25.400000,26.00000,-1.25000,-0.244979,11
25.400000,27.00000,-1.50000,0.000000,12
25.400000,28.00000,-1.50000,0.000000,13
25.400000,29.00000,-1.50000,0.000000,14
25.400000,30.00000,-1.50000,0.000000,15
25.400000,31.00000,-1.50000,0.463648,16
25.400000,32.00000,-1.00000,0.244979,17
25.400000,33.00000,-0.75000,0.244979,18
25.400000,34.00000,-0.50000,0.244979,19
25.400000,35.00000,-0.25000,0.000000,20
25.400000,36.00000,-0.25000,0.000000,21
25.400000,37.00000,-0.25000,0.000000,22
25.400000,38.00000,-0.25000,0.000000,23
25.400000,39.00000,-0.25000,0.000000,24
25.400000,40.00000,-0.25000,0.000000,25
25.400000,41.00000,-0.25000,0.000000,26
25.400000,42.00000,-0.25000,0.000000,27
25.400000,43.00000,-0.25000,0.000000,28
25.400000,44.00000,-0.25000,0.000000,29
25.400000,45.00000,-0.25000,0.000000,30
25.500000,15.31917,-2.72441,0.187807,0
25.500000,16.50000,-2.50000,0.000000,1
25.500000,17.50000,-2.50000,-0.244979,2
25.500000,18.50000,-2.75000,0.000000,3
25.500000,19.50000,-2.75000,0.643501,4
25.500000,20.50000,-2.00000,0.463648,5
25.500000,21.50000,-1.50000,0.244979,6
25.500000,22.50000,-1.25000,0.000000,7
25.500000,23.50000,-1.25000,0.000000,8
25.500000,24.50000,-1.25000,0.000000,9
25.500000,25.50000,-1.25000,0.000000,10
25.500000,26.50000,-1.25000,-0.244979,11
25.500000,27.50000,-1.50000,0.000000,12
25.500000,28.50000,-1.50000,0.000000,13
25.500000,29.50000,-1.50000,0.000000,14
25.500000,30.50000,-1.50000,0.244979,15
25.500000,31.50000,-1.25000,0.463648,16
25.500000,32.50000,-0.75000,0.244979,17
25.500000,33.50000,-0.50000,0.244979,18
25.500000,34.50000,-0.25000,0.000000,19
25.500000,35.50000,-0.25000,0.000000,20
25.500000,36.50000,-0.25000,0.000000,21
25.500000,37.50000,-0.25000,0.000000,22
25.500000,38.50000,-0.25000,0.000000,23
25.500000,39.50000,-0.25000,0.000000,24
25.500000,40.50000,-0.25000,0.000000,25
25.500000,41.50000,-0.25000,0.000000,26
25.500000,42.50000,-0.25000,0.000000,27
25.500000,43.50000,-0.25000,0.000000,28
25.500000,44.50000,-0.25000,0.000000,29
25.500000,45.50000,-0.25000,0.000000,30
25.600000,15.44744,-2.73992,0.224111,0
25.600000,16.50000,-2.50000,0.000000,1
25.600000,17.50000,-2.50000,-0.244979,2
25.600000,18.50000,-2.75000,0.000000,3
25.600000,19.50000,-2.75000,0.643501,4
25.600000,20.50000,-2.00000,0.463648,5
25.600000,21.50000,-1.50000,0.244979,6
25.600000,22.50000,-1.25000,0.000000,7
25.600000,23.50000,-1.25000,0.000000,8
25.600000,24.50000,-1.25000,0.000000,9
25.600000,25.50000,-1.25000,0.000000,10
25.600000,26.50000,-1.25000,-0.244979,11
25.600000,27.50000,-1.50000,0.000000,12
25.600000,28.50000,-1.50000,0.000000,13
25.600000,29.50000,-1.50000,0.000000,14
25.600000,30.50000,-1.50000,0.244979,15
25.600000,31.50000,-1.25000,0.463648,16
25.600000,32.50000,-0.75000,0.244979,17
25.600000,33.50000,-0.50000,0.244979,18
25.600000,34.50000,-0.25000,0.000000,19
25.600000,35.50000,-0.25000,0.000000,20
25.600000,36.50000,-0.25000,0.000000,21
25.600000,37.50000,-0.25000,0.000000,22
25.600000,38.50000,-0.25000,0.000000,23
25.600000,39.50000,-0.25000,0.000000,24
25.600000,40.50000,-0.25000,0.000000,25
25.600000,41.50000,-0.25000,0.000000,26
25.600000,42.50000,-0.25000,0.000000,27
25.600000,43.50000,-0.25000,0.000000,28
25.600000,44.50000,-0.25000,0.000000,29
25.600000,45.50000,-0.25000,0.000000,30
25.700000,15.51345,-2.72893,0.228019,0
25.700000,16.50000,-2.50000,0.000000,1
25.700000,17.50000,-2.50000,-0.244979,2
25.700000,18.50000,-2.75000,0.000000,3
25.700000,19.50000,-2.75000,0.643501,4
25.700000,20.50000,-2.00000,0.463648,5
25.700000,21.50000,-1.50000,0.244979,6
25.700000,22.50000,-1.25000,0.000000,7
25.700000,23.50000,-1.25000,0.000000,8
25.700000,24.50000,-1.25000,0.000000,9
25.700000,25.50000,-1.25000,0.000000,10
25.700000,26.50000,-1.25000,-0.244979,11
25.700000,27.50000,-1.50000,0.000000,12
25.700000,28.50000,-1.50000,0.000000,13
25.700000,29.50000,-1.50000,0.000000,14
25.700000,30.50000,-1.50000,0.244979,15
25.700000,31.50000,-1.25000,0.463648,16
25.700000,32.50000,-0.75000,0.244979,17
25.700000,33.50000,-0.50000,0.244979,18
25.700000,34.50000,-0.25000,0.000000,19
25.700000,35.50000,-0.25000,0.000000,20
25.700000,36.50000,-0.25000,0.000000,21
25.700000,37.50000,-0.25000,0.000000,22
25.700000,38.50000,-0.25000,0.000000,23
25.700000,39.50000,-0.25000,0.000000,24
25.700000,40.50000,-0.25000,0.000000,25
25.700000,41.50000,-0.25000,0.000000,26
25.700000,42.50000,-0.25000,0.000000,27
25.700000,43.50000,-0.25000,0.000000,28
25.700000,44.50000,-0.25000,0.000000,29
25.700000,45.50000,-0.25000,0.000000,30
25.800000,15.61421,-2.74152,0.266187,0
25.800000,16.50000,-2.50000,0.000000,1
25.800000,17.50000,-2.50000,-0.244979,2
25.800000,18.50000,-2.75000,0.000000,3
25.800000,19.50000,-2.75000,0.643501,4
25.800000,20.50000,-2.00000,0.463648,5
25.800000,21.50000,-1.50000,0.244979,6
25.800000,22.50000,-1.25000,0.000000,7
25.800000,23.50000,-1.25000,0.000000,8
25.800000,24.50000,-1.25000,0.000000,9
25.800000,25.50000,-1.25000,0.000000,10
25.800000,26.50000,-1.25000,-0.244979,11
25.800000,27.50000,-1.50000,0.000000,12
25.800000,28.50000,-1.50000,0.000000,13
25.800000,29.50000,-1.50000,0.000000,14
25.800000,30.50000,-1.50000,0.244979,15
25.800000,31.50000,-1.25000,0.463648,16
25.800000,32.50000,-0.75000,0.244979,17
25.800000,33.50000,-0.50000,0.244979,18
25.800000,34.50000,-0.25000,0.000000,19
25.800000,35.50000,-0.25000,0.000000,20
25.800000,36.50000,-0.25000,0.000000,21
25.800000,37.50000,-0.25000,0.000000,22
25.800000,38.50000,-0.25000,0.000000,23
25.800000,39.50000,-0.25000,0.000000,24
25.800000,40.50000,-0.25000,0.000000,25
25.800000,41.50000,-0.25000,0.000000,26
25.800000,42.50000,-0.25000,0.000000,27
25.800000,43.50000,-0.25000,0.000000,28
25.800000,44.50000,-0.25000,0.000000,29
25.800000,45.50000,-0.25000,0.000000,30
25.900000,15.69995,-2.78300,0.339990,0
25.900000,16.50000,-2.50000,0.000000,1
25.900000,17.50000,-2.50000,-0.244979,2
25.900000,18.50000,-2.75000,0.000000,3
25.900000,19.50000,-2.75000,0.643501,4
25.900000,20.50000,-2.00000,0.463648,5
25.900000,21.50000,-1.50000,0.244979,6
25.900000,22.50000,-1.25000,0.000000,7
25.900000,23.50000,-1.25000,0.000000,8
25.900000,24.50000,-1.25000,0.000000,9
25.900000,25.50000,-1.25000,0.000000,10
25.900000,26.50000,-1.25000,-0.244979,11
25.900000,27.50000,-1.50000,0.000000,12
25.900000,28.50000,-1.50000,0.000000,13
25.900000,29.50000,-1.50000,0.000000,14
25.900000,30.50000,-1.50000,0.244979,15
25.900000,31.50000,-1.25000,0.463648,16
25.900000,32.50000,-0.75000,0.244979,17
25.900000,33.50000,-0.50000,0.244979,18
25.900000,34.50000,-0.25000,0.000000,19
25.900000,35.50000,-0.25000,0.000000,20
25.900000,36.50000,-0.25000,0.000000,21
25.900000,37.50000,-0.25000,0.000000,22
25.900000,38.50000,-0.25000,0.000000,23
25.900000,39.50000,-0.25000,0.000000,24
25.900000,40.50000,-0.25000,0.000000,25
25.900000,41.50000,-0.25000,0.000000,26
25.900000,42.50000,-0.25000,0.000000,27
25.900000,43.50000,-0.25000,0.000000,28
25.900000,44.50000,-0.25000,0.000000,29
25.900000,45.50000,-0.25000,0.000000,30
26.000000,15.78547,-2.79869,0.241147,0
26.000000,17.00000,-2.50000,-0.244979,1
26.000000,18.00000,-2.75000,0.000000,2
26.000000,19.00000,-2.75000,0.244979,3
26.000000,20.00000,-2.50000,0.643501,4
26.000000,21.00000,-1.75000,0.244979,5
26.000000,22.00000,-1.50000,0.244979,6
26.000000,23.00000,-1.25000,0.000000,7
26.000000,24.00000,-1.25000,0.000000,8
26.000000,25.00000,-1.25000,0.000000,9
26.000000,26.00000,-1.25000,-0.244979,10
26.000000,27.00000,-1.50000,0.000000,11
26.000000,28.00000,-1.50000,0.000000,12
26.000000,29.00000,-1.50000,0.000000,13
26.000000,30.00000,-1.50000,0.000000,14
26.000000,31.00000,-1.50000,0.463648,15
26.000000,32.00000,-1.00000,0.244979,16
26.000000,33.00000,-0.75000,0.244979,17
26.000000,34.00000,-0.50000,0.244979,18
26.000000,35.00000,-0.25000,0.000000,19
26.000000,36.00000,-0.25000,0.000000,20
26.000000,37.00000,-0.25000,0.000000,21
26.000000,38.00000,-0.25000,0.000000,22
26.000000,39.00000,-0.25000,0.000000,23
26.000000,40.00000,-0.25000,0.000000,24
26.000000,41.00000,-0.25000,0.000000,25
26.000000,42.00000,-0.25000,0.000000,26
26.000000,43.00000,-0.25000,0.000000,27
26.000000,44.00000,-0.25000,0.000000,28
26.000000,45.00000,-0.25000,0.000000,29
26.000000,46.00000,-0.25000,0.000000,30
26.100000,15.87717,-2.80757,0.267363,0
26.100000,17.00000,-2.50000,0.000000,1
26.100000,18.00000,-2.50000,-0.244979,2
26.100000,19.00000,-2.75000,0.244979,3
26.100000,20.00000,-2.50000,0.643501,4
26.100000,21.00000,-1.75000,0.244979,5
26.100000,22.00000,-1.50000,0.244979,6
26.100000,23.00000,-1.25000,0.000000,7
26.100000,24.00000,-1.25000,0.000000,8
26.100000,25.00000,-1.25000,0.000000,9
26.100000,26.00000,-1.25000,-0.244979,10
26.100000,27.00000,-1.50000,0.000000,11
26.100000,28.00000,-1.50000,0.000000,12
26.100000,29.00000,-1.50000,0.000000,13
26.100000,30.00000,-1.50000,0.000000,14
26.100000,31.00000,-1.50000,0.463648,15
26.100000,32.00000,-1.00000,0.244979,16
26.100000,33.00000,-0.75000,0.244979,17
26.100000,34.00000,-0.50000,0.244979,18
26.100000,35.00000,-0.25000,0.000000,19
26.100000,36.00000,-0.25000,0.000000,20
26.100000,37.00000,-0.25000,0.000000,21
26.100000,38.00000,-0.25000,0.000000,22
26.100000,39.00000,-0.25000,0.000000,23
26.100000,40.00000,-0.25000,0.000000,24
26.100000,41.00000,-0.25000,0.000000,25
26.100000,42.00000,-0.25000,0.000000,26
26.100000,43.00000,-0.25000,0.000000,27
26.100000,44.00000,-0.25000,0.000000,28
26.100000,45.00000,-0.25000,0.000000,29
26.100000,46.00000,-0.25000,0.000000,30
26.200000,16.03613,-2.88583,0.380754,0
26.200000,17.00000,-2.50000,-0.244979,1
26.200000,18.00000,-2.75000,0.000000,2
26.200000,19.00000,-2.75000,0.244979,3
26.200000,20.00000,-2.50000,0.463648,4
26.200000,21.00000,-2.00000,0.463648,5
26.200000,22.00000,-1.50000,0.244979,6
26.200000,23.00000,-1.25000,0.000000,7
26.200000,24.00000,-1.25000,0.000000,8
26.200000,25.00000,-1.25000,0.000000,9
26.200000,26.00000,-1.25000,-0.244979,10
26.200000,27.00000,-1.50000,0.000000,11
26.200000,28.00000,-1.50000,0.000000,12
26.200000,29.00000,-1.50000,0.000000,13
26.200000,30.00000,-1.50000,0.000000,14
26.200000,31.00000,-1.50000,0.463648,15
26.200000,32.00000,-1.00000,0.244979,16
26.200000,33.00000,-0.75000,0.244979,17
26.200000,34.00000,-0.50000,0.244979,18
26.200000,35.00000,-0.25000,0.000000,19
26.200000,36.00000,-0.25000,0.000000,20
26.200000,37.00000,-0.25000,0.000000,21
26.200000,38.00000,-0.25000,0.000000,22
26.200000,39.00000,-0.25000,0.000000,23
26.200000,40.00000,-0.25000,0.000000,24
26.200000,41.00000,-0.25000,0.000000,25
26.200000,42.00000,-0.25000,0.000000,26
26.200000,43.00000,-0.25000,0.000000,27
26.200000,44.00000,-0.25000,0.000000,28
26.200000,45.00000,-0.25000,0.000000,29
26.200000,46.00000,-0.25000,0.000000,30
26.300000,16.10667,-2.88224,0.404309,0
26.300000,17.00000,-2.50000,-0.244979,1
26.300000,18.00000,-2.75000,0.000000,2
26.300000,19.00000,-2.75000,0.244979,3
26.300000,20.00000,-2.50000,0.643501,4
26.300000,21.00000,-1.75000,0.244979,5
26.300000,22.00000,-1.50000,0.244979,6
26.300000,23.00000,-1.25000,0.000000,7
26.300000,24.00000,-1.25000,0.000000,8
26.300000,25.00000,-1.25000,0.000000,9
26.300000,26.00000,-1.25000,-0.244979,10
26.300000,27.00000,-1.50000,0.000000,11
26.300000,28.00000,-1.50000,0.000000,12
26.300000,29.00000,-1.50000,0.000000,13
26.300000,30.00000,-1.50000,0.000000,14
26.300000,31.00000,-1.50000,0.463648,15
26.300000,32.00000,-1.00000,0.244979,16
26.300000,33.00000,-0.75000,0.244979,17
26.300000,34.00000,-0.50000,0.244979,18
26.300000,35.00000,-0.25000,0.000000,19
26.300000,36.00000,-0.25000,0.000000,20
26.300000,37.00000,-0.25000,0.000000,21
26.300000,38.00000,-0.25000,0.000000,22
26.300000,39.00000,-0.25000,0.000000,23
26.300000,40.00000,-0.25000,0.000000,24
26.300000,41.00000,-0.25000,0.000000,25
26.300000,42.00000,-0.25000,0.000000,26
26.300000,43.00000,-0.25000,0.000000,27
26.300000,44.00000,-0.25000,0.000000,28
26.300000,45.00000,-0.25000,0.000000,29
26.300000,46.00000,-0.25000,0.000000,30
26.400000,16.31791,-2.95320,0.170237,0
26.400000,17.50000,-2.75000,0.000000,1
26.400000,18.50000,-2.75000,0.000000,2
26.400000,19.50000,-2.75000,0.463648,3
26.400000,20.50000,-2.25000,0.463648,4
26.400000,21.50000,-1.75000,0.244979,5
26.400000,22.50000,-1.50000,0.000000,6
26.400000,23.50000,-1.50000,0.000000,7
26.400000,24.50000,-1.50000,0.000000,8
26.400000,25.50000,-1.50000,0.000000,9
26.400000,26.50000,-1.50000,0.000000,10
26.400000,27.50000,-1.50000,0.000000,11
26.400000,28.50000,-1.50000,0.000000,12
26.400000,29.50000,-1.50000,0.000000,13
26.400000,30.50000,-1.50000,0.244979,14
26.400000,31.50000,-1.25000,0.463648,15
26.400000,32.50000,-0.75000,0.244979,16
26.400000,33.50000,-0.50000,0.244979,17
26.400000,34.50000,-0.25000,0.000000,18
26.400000,35.50000,-0.25000,0.000000,19
26.400000,36.50000,-0.25000,0.000000,20
26.400000,37.50000,-0.25000,0.000000,21
26.400000,38.50000,-0.25000,0.000000,22
26.400000,39.50000,-0.25000,0.000000,23
26.400000,40.50000,-0.25000,0.000000,24
26.400000,41.50000,-0.25000,0.000000,25
26.400000,42.50000,-0.25000,0.000000,26
26.400000,43.50000,-0.25000,0.000000,27
26.400000,44.50000,-0.25000,0.000000,28
26.400000,45.50000,-0.25000,0.000000,29
26.400000,46.50000,-0.25000,0.000000,30
26.500000,16.40210,-2.96962,0.404196,0
26.500000,17.50000,-2.50000,-0.244979,1
26.500000,18.50000,-2.75000,0.000000,2
26.500000,19.50000,-2.75000,0.643501,3
26.500000,20.50000,-2.00000,0.463648,4
26.500000,21.50000,-1.50000,0.244979,5
26.500000,22.50000,-1.25000,0.000000,6
26.500000,23.50000,-1.25000,0.000000,7
26.500000,24.50000,-1.25000,0.000000,8
26.500000,25.50000,-1.25000,0.000000,9
26.500000,26.50000,-1.25000,-0.244979,10
26.500000,27.50000,-1.50000,0.000000,11
26.500000,28.50000,-1.50000,0.000000,12
26.500000,29.50000,-1.50000,0.000000,13
26.500000,30.50000,-1.50000,0.244979,14
26.500000,31.50000,-1.25000,0.463648,15
26.500000,32.50000,-0.75000,0.244979,16
26.500000,33.50000,-0.50000,0.244979,17
26.500000,34.50000,-0.25000,0.000000,18
26.500000,35.50000,-0.25000,0.000000,19
26.500000,36.50000,-0.25000,0.000000,20
26.500000,37.50000,-0.25000,0.000000,21
26.500000,38.50000,-0.25000,0.000000,22
26.500000,39.50000,-0.25000,0.000000,23
26.500000,40.50000,-0.25000,0.000000,24
26.500000,41.50000,-0.25000,0.000000,25
26.500000,42.50000,-0.25000,0.000000,26
26.500000,43.50000,-0.25000,0.000000,27
26.500000,44.50000,-0.25000,0.000000,28
26.500000,45.50000,-0.25000,0.000000,29
26.500000,46.50000,-0.25000,0.000000,30
26.600000,16.50465,-3.07360,0.314331,0
26.600000,17.50000,-2.75000,0.000000,1
26.600000,18.50000,-2.75000,0.000000,2
26.600000,19.50000,-2.75000,0.463648,3
26.600000,20.50000,-2.25000,0.463648,4
26.600000,21.50000,-1.75000,0.244979,5
26.600000,22.50000,-1.50000,0.000000,6
26.600000,23.50000,-1.50000,0.000000,7
26.600000,24.50000,-1.50000,0.000000,8
26.600000,25.50000,-1.50000,0.000000,9
26.600000,26.50000,-1.50000,0.000000,10
26.600000,27.50000,-1.50000,0.000000,11
26.600000,28.50000,-1.50000,0.000000,12
26.600000,29.50000,-1.50000,0.000000,13
26.600000,30.50000,-1.50000,0.244979,14
26.600000,31.50000,-1.25000,0.463648,15
26.600000,32.50000,-0.75000,0.244979,16
26.600000,33.50000,-0.50000,0.244979,17
26.600000,34.50000,-0.25000,0.000000,18
26.600000,35.50000,-0.25000,0.000000,19
26.600000,36.50000,-0.25000,0.000000,20
26.600000,37.50000,-0.25000,0.000000,21
26.600000,38.50000,-0.25000,0.000000,22
26.600000,39.50000,-0.25000,0.000000,23
26.600000,40.50000,-0.25000,0.000000,24
26.600000,41.50000,-0.25000,0.000000,25
26.600000,42.50000,-0.25000,0.000000,26
26.600000,43.50000,-0.25000,0.000000,27
26.600000,44.50000,-0.25000,0.000000,28
26.600000,45.50000,-0.25000,0.000000,29
26.600000,46.50000,-0.25000,0.000000,30
26.700000,16.64895,-3.10753,0.397711,0
26.700000,17.50000,-2.75000,0.000000,1
26.700000,18.50000,-2.75000,0.000000,2
26.700000,19.50000,-2.75000,0.643501,3
26.700000,20.50000,-2.00000,0.463648,4
26.700000,21.50000,-1.50000,0.244979,5
26.700000,22.50000,-1.25000,0.000000,6
26.700000,23.50000,-1.25000,0.000000,7
26.700000,24.50000,-1.25000,0.000000,8
26.700000,25.50000,-1.25000,0.000000,9
26.700000,26.50000,-1.25000,-0.244979,10
26.700000,27.50000,-1.50000,0.000000,11
26.700000,28.50000,-1.50000,0.000000,12
26.700000,29.50000,-1.50000,0.000000,13
26.700000,30.50000,-1.50000,0.244979,14
26.700000,31.50000,-1.25000,0.463648,15
26.700000,32.50000,-0.75000,0.244979,16
26.700000,33.50000,-0.50000,0.244979,17
26.700000,34.50000,-0.25000,0.000000,18
26.700000,35.50000,-0.25000,0.000000,19
26.700000,36.50000,-0.25000,0.000000,20
26.700000,37.50000,-0.25000,0.000000,21
26.700000,38.50000,-0.25000,0.000000,22
26.700000,39.50000,-0.25000,0.000000,23
26.700000,40.50000,-0.25000,0.000000,24
26.700000,41.50000,-0.25000,0.000000,25
26.700000,42.50000,-0.25000,0.000000,26
26.700000,43.50000,-0.25000,0.000000,27
26.700000,44.50000,-0.25000,0.000000,28
26.700000,45.50000,-0.25000,0.000000,29
26.700000,46.50000,-0.25000,0.000000,30
26.800000,16.78842,-3.21550,0.366818,0
26.800000,18.00000,-2.75000,0.000000,1
26.800000,19.00000,-2.75000,0.244979,2
26.800000,20.00000,-2.50000,0.463648,3
26.800000,21.00000,-2.00000,0.463648,4
26.800000,22.00000,-1.50000,0.244979,5
26.800000,23.00000,-1.25000,0.000000,6
26.800000,24.00000,-1.25000,0.000000,7
26.800000,25.00000,-1.25000,0.000000,8
26.800000,26.00000,-1.25000,-0.244979,9
26.800000,27.00000,-1.50000,0.000000,10
26.800000,28.00000,-1.50000,0.000000,11
26.800000,29.00000,-1.50000,0.000000,12
26.800000,30.00000,-1.50000,0.000000,13
26.800000,31.00000,-1.50000,0.463648,14
26.800000,32.00000,-1.00000,0.244979,15
26.800000,33.00000,-0.75000,0.244979,16
26.800000,34.00000,-0.50000,0.244979,17
26.800000,35.00000,-0.25000,0.000000,18
26.800000,36.00000,-0.25000,0.000000,19
26.800000,37.00000,-0.25000,0.000000,20
26.800000,38.00000,-0.25000,0.000000,21
26.800000,39.00000,-0.25000,0.000000,22
26.800000,40.00000,-0.25000,0.000000,23
26.800000,41.00000,-0.25000,0.000000,24
26.800000,42.00000,-0.25000,0.000000,25
26.800000,43.00000,-0.25000,0.000000,26
26.800000,44.00000,-0.25000,0.000000,27
26.800000,45.00000,-0.25000,0.000000,28
26.800000,46.00000,-0.25000,0.000000,29
26.800000,47.00000,-0.25000,0.000000,30
26.900000,16.90913,-3.31444,0.477485,0
26.900000,18.00000,-2.75000,0.000000,1
26.900000,19.00000,-2.75000,0.244979,2
26.900000,20.00000,-2.50000,0.643501,3
26.900000,21.00000,-1.75000,0.244979,4
26.900000,22.00000,-1.50000,0.244979,5
26.900000,23.00000,-1.25000,0.000000,6
26.900000,24.00000,-1.25000,0.000000,7
26.900000,25.00000,-1.25000,0.000000,8
26.900000,26.00000,-1.25000,-0.244979,9
26.900000,27.00000,-1.50000,0.000000,10
26.900000,28.00000,-1.50000,0.000000,11
26.900000,29.00000,-1.50000,0.000000,12
26.900000,30.00000,-1.50000,0.000000,13
26.900000,31.00000,-1.50000,0.463648,14
26.900000,32.00000,-1.00000,0.244979,15
26.900000,33.00000,-0.75000,0.244979,16
26.900000,34.00000,-0.50000,0.244979,17
26.900000,35.00000,-0.25000,0.000000,18
26.900000,36.00000,-0.25000,0.000000,19
26.900000,37.00000,-0.25000,0.000000,20
26.900000,38.00000,-0.25000,0.000000,21
26.900000,39.00000,-0.25000,0.000000,22
26.900000,40.00000,-0.25000,0.000000,23
26.900000,41.00000,-0.25000,0.000000,24
26.900000,42.00000,-0.25000,0.000000,25
26.900000,43.00000,-0.25000,0.000000,26
26.900000,44.00000,-0.25000,0.000000,27
26.900000,45.00000,-0.25000,0.000000,28
26.900000,46.00000,-0.25000,0.000000,29
26.900000,47.00000,-0.25000,0.000000,30
27.000000,17.03878,-3.46287,0.638125,0
27.000000,18.00000,-2.75000,0.000000,1
27.000000,19.00000,-2.75000,0.244979,2
27.000000,20.00000,-2.50000,0.463648,3
27.000000,21.00000,-2.00000,0.463648,4
27.000000,22.00000,-1.50000,0.244979,5
27.000000,23.00000,-1.25000,0.000000,6
27.000000,24.00000,-1.25000,0.000000,7
27.000000,25.00000,-1.25000,0.000000,8
27.000000,26.00000,-1.25000,-0.244979,9
27.000000,27.00000,-1.50000,0.000000,10
27.000000,28.00000,-1.50000,0.000000,11
27.000000,29.00000,-1.50000,0.000000,12
27.000000,30.00000,-1.50000,0.000000,13
27.000000,31.00000,-1.50000,0.463648,14
27.000000,32.00000,-1.00000,0.244979,15
27.000000,33.00000,-0.75000,0.244979,16
27.000000,34.00000,-0.50000,0.244979,17
27.000000,35.00000,-0.25000,0.000000,18
27.000000,36.00000,-0.25000,0.000000,19
27.000000,37.00000,-0.25000,0.000000,20
27.000000,38.00000,-0.25000,0.000000,21
27.000000,39.00000,-0.25000,0.000000,22
27.000000,40.00000,-0.25000,0.000000,23
27.000000,41.00000,-0.25000,0.000000,24
27.000000,42.00000,-0.25000,0.000000,25
27.000000,43.00000,-0.25000,0.000000,26
27.000000,44.00000,-0.25000,0.000000,27
27.000000,45.00000,-0.25000,0.000000,28
27.000000,46.00000,-0.25000,0.000000,29
27.000000,47.00000,-0.25000,0.000000,30
27.100000,17.14768,-3.56407,0.762448,0
27.100000,18.00000,-2.75000,0.000000,1
27.100000,19.00000,-2.75000,0.244979,2
27.100000,20.00000,-2.50000,0.643501,3
27.100000,21.00000,-1.75000,0.244979,4
27.100000,22.00000,-1.50000,0.244979,5
27.100000,23.00000,-1.25000,0.000000,6
27.100000,24.00000,-1.25000,0.000000,7
27.100000,25.00000,-1.25000,0.000000,8
27.100000,26.00000,-1.25000,-0.244979,9
27.100000,27.00000,-1.50000,0.000000,10
27.100000,28.00000,-1.50000,0.000000,11
27.100000,29.00000,-1.50000,0.000000,12
27.100000,30.00000,-1.50000,0.000000,13
27.100000,31.00000,-1.50000,0.463648,14
27.100000,32.00000,-1.00000,0.244979,15
27.100000,33.00000,-0.75000,0.244979,16
27.100000,34.00000,-0.50000,0.244979,17
27.100000,35.00000,-0.25000,0.000000,18
27.100000,36.00000,-0.25000,0.000000,19
27.100000,37.00000,-0.25000,0.000000,20
27.100000,38.00000,-0.25000,0.000000,21
27.100000,39.00000,-0.25000,0.000000,22
27.100000,40.00000,-0.25000,0.000000,23
27.100000,41.00000,-0.25000,0.000000,24
27.100000,42.00000,-0.25000,0.000000,25
27.100000,43.00000,-0.25000,0.000000,26
27.100000,44.00000,-0.25000,0.000000,27
27.100000,45.00000,-0.25000,0.000000,28
27.100000,46.00000,-0.25000,0.000000,29
27.100000,47.00000,-0.25000,0.000000,30
27.200000,17.31470,-3.69239,0.528681,0
27.200000,18.50000,-3.00000,0.244979,1
27.200000,19.50000,-2.75000,0.463648,2
27.200000,20.50000,-2.25000,0.463648,3
27.200000,21.50000,-1.75000,0.244979,4
27.200000,22.50000,-1.50000,0.000000,5
27.200000,23.50000,-1.50000,0.000000,6
27.200000,24.50000,-1.50000,0.000000,7
27.200000,25.50000,-1.50000,0.000000,8
27.200000,26.50000,-1.50000,0.000000,9
27.200000,27.50000,-1.50000,0.000000,10
27.200000,28.50000,-1.50000,0.000000,11
27.200000,29.50000,-1.50000,0.000000,12
27.200000,30.50000,-1.50000,0.244979,13
27.200000,31.50000,-1.25000,0.463648,14
27.200000,32.50000,-0.75000,0.244979,15
27.200000,33.50000,-0.50000,0.244979,16
27.200000,34.50000,-0.25000,0.000000,17
27.200000,35.50000,-0.25000,0.000000,18
27.200000,36.50000,-0.25000,0.000000,19
27.200000,37.50000,-0.25000,0.000000,20
27.200000,38.50000,-0.25000,0.000000,21
27.200000,39.50000,-0.25000,0.000000,22
27.200000,40.50000,-0.25000,0.000000,23
27.200000,41.50000,-0.25000,0.000000,24
27.200000,42.50000,-0.25000,0.000000,25
27.200000,43.50000,-0.25000,0.000000,26
27.200000,44.50000,-0.25000,0.000000,27
27.200000,45.50000,-0.25000,0.000000,28
27.200000,46.50000,-0.25000,0.000000,29
27.200000,47.50000,-0.25000,0.000000,30
27.300000,17.48318,-3.87636,0.711343,0
27.300000,18.50000,-3.00000,0.244979,1
27.300000,19.50000,-2.75000,0.643501,2
27.300000,20.50000,-2.00000,0.463648,3
27.300000,21.50000,-1.50000,0.244979,4
27.300000,22.50000,-1.25000,0.000000,5
27.300000,23.50000,-1.25000,0.000000,6
27.300000,24.50000,-1.25000,0.000000,7
27.300000,25.50000,-1.25000,0.000000,8
27.300000,26.50000,-1.25000,-0.244979,9
27.300000,27.50000,-1.50000,0.000000,10
27.300000,28.50000,-1.50000,0.000000,11
27.300000,29.50000,-1.50000,0.000000,12
27.300000,30.50000,-1.50000,0.244979,13
27.300000,31.50000,-1.25000,0.463648,14
27.300000,32.50000,-0.75000,0.244979,15
27.300000,33.50000,-0.50000,0.244979,16
27.300000,34.50000,-0.25000,0.000000,17
27.300000,35.50000,-0.25000,0.000000,18
27.300000,36.50000,-0.25000,0.000000,19
27.300000,37.50000,-0.25000,0.000000,20
27.300000,38.50000,-0.25000,0.000000,21
27.300000,39.50000,-0.25000,0.000000,22
27.300000,40.50000,-0.25000,0.000000,23
27.300000,41.50000,-0.25000,0.000000,24
27.300000,42.50000,-0.25000,0.000000,25
27.300000,43.50000,-0.25000,0.000000,26
27.300000,44.50000,-0.25000,0.000000,27
27.300000,45.50000,-0.25000,0.000000,28
27.300000,46.50000,-0.25000,0.000000,29
27.300000,47.50000,-0.25000,0.000000,30
