timestamp_s,x,y,yaw,seq
1.100000,0.00993,-0.00307,0.250249,0
1.100000,1.00000,0.25000,0.000000,1
1.100000,2.00000,0.25000,0.000000,2
1.100000,3.00000,0.25000,0.000000,3
1.100000,4.00000,0.25000,0.000000,4
1.100000,5.00000,0.25000,0.000000,5
1.100000,6.00000,0.25000,0.000000,6
1.100000,7.00000,0.25000,0.000000,7
1.100000,8.00000,0.25000,0.000000,8
1.100000,9.00000,0.25000,0.000000,9
1.100000,10.00000,0.25000,0.000000,10
1.100000,11.00000,0.25000,0.244979,11
1.100000,12.00000,0.50000,0.244979,12
1.100000,13.00000,0.75000,0.244979,13
1.100000,14.00000,1.00000,0.463648,14
1.100000,15.00000,1.50000,0.463648,15
1.100000,16.00000,2.00000,0.000000,16
1.100000,17.00000,2.00000,0.000000,17
1.100000,18.00000,2.00000,-0.244979,18
1.100000,19.00000,1.75000,-0.244979,19
1.100000,20.00000,1.50000,-0.244979,20
1.100000,21.00000,1.25000,-0.463648,21
1.100000,22.00000,0.75000,-0.463648,22
1.100000,23.00000,0.25000,-0.244979,23
1.100000,24.00000,0.00000,-0.244979,24
1.100000,25.00000,-0.25000,-0.463648,25
1.100000,26.00000,-0.75000,-0.463648,26
1.100000,27.00000,-1.25000,-0.244979,27
1.100000,28.00000,-1.50000,0.000000,28
1.100000,29.00000,-1.50000,0.000000,29
1.100000,30.00000,-1.50000,0.000000,30
1.200000,0.01859,-0.01688,0.265517,0
1.200000,1.00000,0.25000,0.000000,1
1.200000,2.00000,0.25000,0.000000,2
1.200000,3.00000,0.25000,0.000000,3
1.200000,4.00000,0.25000,0.000000,4
1.200000,5.00000,0.25000,0.000000,5
1.200000,6.00000,0.25000,0.000000,6
1.200000,7.00000,0.25000,0.000000,7
1.200000,8.00000,0.25000,0.000000,8
1.200000,9.00000,0.25000,0.000000,9
1.200000,10.00000,0.25000,0.000000,10
1.200000,11.00000,0.25000,0.244979,11
1.200000,12.00000,0.50000,0.244979,12
1.200000,13.00000,0.75000,0.244979,13
1.200000,14.00000,1.00000,0.463648,14
1.200000,15.00000,1.50000,0.463648,15
1.200000,16.00000,2.00000,0.000000,16
1.200000,17.00000,2.00000,0.000000,17
1.200000,18.00000,2.00000,-0.244979,18
1.200000,19.00000,1.75000,-0.244979,19
1.200000,20.00000,1.50000,-0.244979,20
1.200000,21.00000,1.25000,-0.463648,21
1.200000,22.00000,0.75000,-0.463648,22
1.200000,23.00000,0.25000,-0.244979,23
1.200000,24.00000,0.00000,-0.244979,24
1.200000,25.00000,-0.25000,-0.463648,25
1.200000,26.00000,-0.75000,-0.463648,26
1.200000,27.00000,-1.25000,-0.244979,27
1.200000,28.00000,-1.50000,0.000000,28
1.200000,29.00000,-1.50000,0.000000,29
1.200000,30.00000,-1.50000,0.000000,30
1.300000,-0.01890,-0.02356,0.262302,0
1.300000,1.00000,0.25000,0.000000,1
1.300000,2.00000,0.25000,0.000000,2
1.300000,3.00000,0.25000,0.000000,3
1.300000,4.00000,0.25000,0.000000,4
1.300000,5.00000,0.25000,0.000000,5
1.300000,6.00000,0.25000,0.000000,6
1.300000,7.00000,0.25000,0.000000,7
1.300000,8.00000,0.25000,0.000000,8
1.300000,9.00000,0.25000,0.000000,9
1.300000,10.00000,0.25000,0.000000,10
1.300000,11.00000,0.25000,0.244979,11
1.300000,12.00000,0.50000,0.244979,12
1.300000,13.00000,0.75000,0.244979,13
1.300000,14.00000,1.00000,0.463648,14
1.300000,15.00000,1.50000,0.463648,15
1.300000,16.00000,2.00000,0.000000,16
1.300000,17.00000,2.00000,0.000000,17
1.300000,18.00000,2.00000,-0.244979,18
1.300000,19.00000,1.75000,-0.244979,19
1.300000,20.00000,1.50000,-0.244979,20
1.300000,21.00000,1.25000,-0.463648,21
1.300000,22.00000,0.75000,-0.463648,22
1.300000,23.00000,0.25000,-0.244979,23
1.300000,24.00000,0.00000,-0.244979,24
1.300000,25.00000,-0.25000,-0.463648,25
1.300000,26.00000,-0.75000,-0.463648,26
1.300000,27.00000,-1.25000,-0.244979,27
1.300000,28.00000,-1.50000,0.000000,28
1.300000,29.00000,-1.50000,0.000000,29
1.300000,30.00000,-1.50000,0.000000,30
1.400000,-0.00526,-0.01843,0.260934,0
1.400000,1.00000,0.25000,0.000000,1
1.400000,2.00000,0.25000,0.000000,2
1.400000,3.00000,0.25000,0.000000,3
1.400000,4.00000,0.25000,0.000000,4
1.400000,5.00000,0.25000,0.000000,5
1.400000,6.00000,0.25000,0.000000,6
1.400000,7.00000,0.25000,0.000000,7
1.400000,8.00000,0.25000,0.000000,8
1.400000,9.00000,0.25000,0.000000,9
1.400000,10.00000,0.25000,0.000000,10
1.400000,11.00000,0.25000,0.244979,11
1.400000,12.00000,0.50000,0.244979,12
1.400000,13.00000,0.75000,0.244979,13
1.400000,14.00000,1.00000,0.463648,14
1.400000,15.00000,1.50000,0.463648,15
1.400000,16.00000,2.00000,0.000000,16
1.400000,17.00000,2.00000,0.000000,17
1.400000,18.00000,2.00000,0.000000,18
1.400000,19.00000,2.00000,-0.244979,19
1.400000,20.00000,1.75000,-0.463648,20
1.400000,21.00000,1.25000,-0.463648,21
1.400000,22.00000,0.75000,-0.463648,22
1.400000,23.00000,0.25000,-0.244979,23
1.400000,24.00000,0.00000,-0.244979,24
1.400000,25.00000,-0.25000,-0.463648,25
1.400000,26.00000,-0.75000,-0.463648,26
1.400000,27.00000,-1.25000,-0.244979,27
1.400000,28.00000,-1.50000,0.000000,28
1.400000,29.00000,-1.50000,0.000000,29
1.400000,30.00000,-1.50000,0.000000,30
1.500000,-0.03019,-0.02868,0.264193,0
1.500000,1.00000,0.25000,0.000000,1
1.500000,2.00000,0.25000,0.000000,2
1.500000,3.00000,0.25000,0.000000,3
1.500000,4.00000,0.25000,0.000000,4
1.500000,5.00000,0.25000,0.000000,5
1.500000,6.00000,0.25000,0.000000,6
1.500000,7.00000,0.25000,0.000000,7
1.500000,8.00000,0.25000,0.000000,8
1.500000,9.00000,0.25000,0.000000,9
1.500000,10.00000,0.25000,0.000000,10
1.500000,11.00000,0.25000,0.244979,11
1.500000,12.00000,0.50000,0.244979,12
1.500000,13.00000,0.75000,0.244979,13
1.500000,14.00000,1.00000,0.463648,14
1.500000,15.00000,1.50000,0.463648,15
1.500000,16.00000,2.00000,0.000000,16
1.500000,17.00000,2.00000,0.000000,17
1.500000,18.00000,2.00000,-0.244979,18
1.500000,19.00000,1.75000,-0.244979,19
1.500000,20.00000,1.50000,-0.244979,20
1.500000,21.00000,1.25000,-0.463648,21
1.500000,22.00000,0.75000,-0.463648,22
1.500000,23.00000,0.25000,-0.244979,23
1.500000,24.00000,0.00000,-0.463648,24
1.500000,25.00000,-0.50000,-0.463648,25
1.500000,26.00000,-1.00000,-0.463648,26
1.500000,27.00000,-1.50000,0.000000,27
1.500000,28.00000,-1.50000,0.000000,28
1.500000,29.00000,-1.50000,0.000000,29
1.500000,30.00000,-1.50000,0.000000,30
1.600000,-0.00039,0.03439,0.212276,0
1.600000,1.00000,0.25000,0.000000,1
1.600000,2.00000,0.25000,0.000000,2
1.600000,3.00000,0.25000,0.000000,3
1.600000,4.00000,0.25000,0.000000,4
1.600000,5.00000,0.25000,0.000000,5
1.600000,6.00000,0.25000,0.000000,6
1.600000,7.00000,0.25000,0.000000,7
1.600000,8.00000,0.25000,0.000000,8
1.600000,9.00000,0.25000,0.000000,9
1.600000,10.00000,0.25000,0.000000,10
1.600000,11.00000,0.25000,0.244979,11
1.600000,12.00000,0.50000,0.244979,12
1.600000,13.00000,0.75000,0.244979,13
1.600000,14.00000,1.00000,0.463648,14
1.600000,15.00000,1.50000,0.463648,15
1.600000,16.00000,2.00000,0.000000,16
1.600000,17.00000,2.00000,0.000000,17
1.600000,18.00000,2.00000,0.000000,18
1.600000,19.00000,2.00000,-0.244979,19
1.600000,20.00000,1.75000,-0.463648,20
1.600000,21.00000,1.25000,-0.463648,21
1.600000,22.00000,0.75000,-0.463648,22
1.600000,23.00000,0.25000,-0.244979,23
1.600000,24.00000,0.00000,-0.244979,24
1.600000,25.00000,-0.25000,-0.463648,25
1.600000,26.00000,-0.75000,-0.463648,26
1.600000,27.00000,-1.25000,-0.244979,27
1.600000,28.00000,-1.50000,0.000000,28
1.600000,29.00000,-1.50000,0.000000,29
1.600000,30.00000,-1.50000,0.000000,30
1.700000,0.01537,0.00164,0.247087,0
1.700000,1.00000,0.25000,0.000000,1
1.700000,2.00000,0.25000,0.000000,2
1.700000,3.00000,0.25000,0.000000,3
1.700000,4.00000,0.25000,0.000000,4
1.700000,5.00000,0.25000,0.000000,5
1.700000,6.00000,0.25000,0.000000,6
1.700000,7.00000,0.25000,0.000000,7
1.700000,8.00000,0.25000,0.000000,8
1.700000,9.00000,0.25000,0.000000,9
1.700000,10.00000,0.25000,0.000000,10
1.700000,11.00000,0.25000,0.244979,11
1.700000,12.00000,0.50000,0.244979,12
1.700000,13.00000,0.75000,0.244979,13
1.700000,14.00000,1.00000,0.463648,14
1.700000,15.00000,1.50000,0.463648,15
1.700000,16.00000,2.00000,0.000000,16
1.700000,17.00000,2.00000,0.000000,17
1.700000,18.00000,2.00000,0.000000,18
1.700000,19.00000,2.00000,-0.244979,19
1.700000,20.00000,1.75000,-0.463648,20
1.700000,21.00000,1.25000,-0.463648,21
1.700000,22.00000,0.75000,-0.463648,22
1.700000,23.00000,0.25000,-0.244979,23
1.700000,24.00000,0.00000,-0.244979,24
1.700000,25.00000,-0.25000,-0.463648,25
1.700000,26.00000,-0.75000,-0.463648,26
1.700000,27.00000,-1.25000,-0.244979,27
1.700000,28.00000,-1.50000,0.000000,28
1.700000,29.00000,-1.50000,0.000000,29
1.700000,30.00000,-1.50000,0.000000,30
1.808000,0.06030,0.00351,0.256524,0
1.808000,1.00000,0.25000,0.000000,1
1.808000,2.00000,0.25000,0.000000,2
1.808000,3.00000,0.25000,0.000000,3
1.808000,4.00000,0.25000,0.000000,4
1.808000,5.00000,0.25000,0.000000,5
1.808000,6.00000,0.25000,0.000000,6
1.808000,7.00000,0.25000,0.000000,7
1.808000,8.00000,0.25000,0.000000,8
1.808000,9.00000,0.25000,0.000000,9
1.808000,10.00000,0.25000,0.000000,10
1.808000,11.00000,0.25000,0.244979,11
1.808000,12.00000,0.50000,0.244979,12
1.808000,13.00000,0.75000,0.244979,13
1.808000,14.00000,1.00000,0.463648,14
1.808000,15.00000,1.50000,0.463648,15
1.808000,16.00000,2.00000,0.000000,16
1.808000,17.00000,2.00000,0.000000,17
1.808000,18.00000,2.00000,0.000000,18
1.808000,19.00000,2.00000,-0.244979,19
1.808000,20.00000,1.75000,-0.463648,20
1.808000,21.00000,1.25000,-0.463648,21
1.808000,22.00000,0.75000,-0.463648,22
1.808000,23.00000,0.25000,-0.244979,23
1.808000,24.00000,0.00000,-0.244979,24
1.808000,25.00000,-0.25000,-0.463648,25
1.808000,26.00000,-0.75000,-0.463648,26
1.808000,27.00000,-1.25000,-0.244979,27
1.808000,28.00000,-1.50000,0.000000,28
1.808000,29.00000,-1.50000,0.000000,29
1.808000,30.00000,-1.50000,0.000000,30
1.900000,0.06901,0.02448,0.237661,0
1.900000,1.00000,0.25000,0.000000,1
1.900000,2.00000,0.25000,0.000000,2
1.900000,3.00000,0.25000,0.000000,3
1.900000,4.00000,0.25000,0.000000,4
1.900000,5.00000,0.25000,0.000000,5
1.900000,6.00000,0.25000,0.000000,6
1.900000,7.00000,0.25000,0.000000,7
1.900000,8.00000,0.25000,0.000000,8
1.900000,9.00000,0.25000,0.000000,9
1.900000,10.00000,0.25000,0.000000,10
1.900000,11.00000,0.25000,0.244979,11
1.900000,12.00000,0.50000,0.244979,12
1.900000,13.00000,0.75000,0.244979,13
1.900000,14.00000,1.00000,0.463648,14
1.900000,15.00000,1.50000,0.463648,15
1.900000,16.00000,2.00000,0.000000,16
1.900000,17.00000,2.00000,0.000000,17
1.900000,18.00000,2.00000,0.000000,18
1.900000,19.00000,2.00000,-0.244979,19
1.900000,20.00000,1.75000,-0.463648,20
1.900000,21.00000,1.25000,-0.463648,21
1.900000,22.00000,0.75000,-0.463648,22
1.900000,23.00000,0.25000,-0.244979,23
1.900000,24.00000,0.00000,-0.244979,24
1.900000,25.00000,-0.25000,-0.463648,25
1.900000,26.00000,-0.75000,-0.463648,26
1.900000,27.00000,-1.25000,-0.244979,27
1.900000,28.00000,-1.50000,0.000000,28
1.900000,29.00000,-1.50000,0.000000,29
1.900000,30.00000,-1.50000,0.000000,30
2.000000,0.10339,-0.00425,0.276313,0
2.000000,1.00000,0.25000,0.000000,1
2.000000,2.00000,0.25000,0.000000,2
2.000000,3.00000,0.25000,0.000000,3
2.000000,4.00000,0.25000,0.000000,4
2.000000,5.00000,0.25000,0.000000,5
2.000000,6.00000,0.25000,0.000000,6
2.000000,7.00000,0.25000,0.000000,7
2.000000,8.00000,0.25000,0.000000,8
2.000000,9.00000,0.25000,0.000000,9
2.000000,10.00000,0.25000,0.000000,10
2.000000,11.00000,0.25000,0.244979,11
2.000000,12.00000,0.50000,0.244979,12
2.000000,13.00000,0.75000,0.244979,13
2.000000,14.00000,1.00000,0.463648,14
2.000000,15.00000,1.50000,0.463648,15
2.000000,16.00000,2.00000,0.000000,16
2.000000,17.00000,2.00000,0.000000,17
2.000000,18.00000,2.00000,0.000000,18
2.000000,19.00000,2.00000,-0.244979,19
2.000000,20.00000,1.75000,-0.463648,20
2.000000,21.00000,1.25000,-0.463648,21
2.000000,22.00000,0.75000,-0.463648,22
2.000000,23.00000,0.25000,-0.244979,23
2.000000,24.00000,0.00000,-0.244979,24
2.000000,25.00000,-0.25000,-0.463648,25
2.000000,26.00000,-0.75000,-0.463648,26
2.000000,27.00000,-1.25000,-0.244979,27
2.000000,28.00000,-1.50000,0.000000,28
2.000000,29.00000,-1.50000,0.000000,29
2.000000,30.00000,-1.50000,0.000000,30
2.100000,0.12983,0.00770,0.271571,0
2.100000,1.00000,0.25000,0.000000,1
2.100000,2.00000,0.25000,0.000000,2
2.100000,3.00000,0.25000,0.000000,3
2.100000,4.00000,0.25000,0.000000,4
2.100000,5.00000,0.25000,0.000000,5
2.100000,6.00000,0.25000,0.000000,6
2.100000,7.00000,0.25000,0.000000,7
2.100000,8.00000,0.25000,0.000000,8
2.100000,9.00000,0.25000,0.000000,9
2.100000,10.00000,0.25000,0.000000,10
2.100000,11.00000,0.25000,0.244979,11
2.100000,12.00000,0.50000,0.244979,12
2.100000,13.00000,0.75000,0.244979,13
2.100000,14.00000,1.00000,0.463648,14
2.100000,15.00000,1.50000,0.463648,15
2.100000,16.00000,2.00000,0.000000,16
2.100000,17.00000,2.00000,0.000000,17
2.100000,18.00000,2.00000,0.000000,18
2.100000,19.00000,2.00000,-0.244979,19
2.100000,20.00000,1.75000,-0.463648,20
2.100000,21.00000,1.25000,-0.463648,21
2.100000,22.00000,0.75000,-0.463648,22
2.100000,23.00000,0.25000,-0.244979,23
2.100000,24.00000,0.00000,-0.244979,24
2.100000,25.00000,-0.25000,-0.463648,25
2.100000,26.00000,-0.75000,-0.463648,26
2.100000,27.00000,-1.25000,-0.244979,27
2.100000,28.00000,-1.50000,0.000000,28
2.100000,29.00000,-1.50000,0.000000,29
2.100000,30.00000,-1.50000,0.000000,30
2.200000,0.22965,0.00937,0.302766,0
2.200000,1.00000,0.25000,0.000000,1
2.200000,2.00000,0.25000,0.000000,2
2.200000,3.00000,0.25000,0.000000,3
2.200000,4.00000,0.25000,0.000000,4
2.200000,5.00000,0.25000,0.000000,5
2.200000,6.00000,0.25000,0.000000,6
2.200000,7.00000,0.25000,0.000000,7
2.200000,8.00000,0.25000,0.000000,8
2.200000,9.00000,0.25000,0.000000,9
2.200000,10.00000,0.25000,0.000000,10
2.200000,11.00000,0.25000,0.244979,11
2.200000,12.00000,0.50000,0.244979,12
2.200000,13.00000,0.75000,0.244979,13
2.200000,14.00000,1.00000,0.463648,14
2.200000,15.00000,1.50000,0.463648,15
2.200000,16.00000,2.00000,0.000000,16
2.200000,17.00000,2.00000,0.000000,17
2.200000,18.00000,2.00000,0.000000,18
2.200000,19.00000,2.00000,-0.244979,19
2.200000,20.00000,1.75000,-0.463648,20
2.200000,21.00000,1.25000,-0.463648,21
2.200000,22.00000,0.75000,-0.463648,22
2.200000,23.00000,0.25000,-0.244979,23
2.200000,24.00000,0.00000,-0.244979,24
2.200000,25.00000,-0.25000,-0.463648,25
2.200000,26.00000,-0.75000,-0.463648,26
2.200000,27.00000,-1.25000,-0.244979,27
2.200000,28.00000,-1.50000,0.000000,28
2.200000,29.00000,-1.50000,0.000000,29
2.200000,30.00000,-1.50000,0.000000,30
2.300000,0.26248,-0.00107,0.200165,0
2.300000,1.50000,0.25000,0.000000,1
2.300000,2.50000,0.25000,0.000000,2
2.300000,3.50000,0.25000,0.000000,3
2.300000,4.50000,0.25000,0.000000,4
2.300000,5.50000,0.25000,0.000000,5
2.300000,6.50000,0.25000,0.000000,6
2.300000,7.50000,0.25000,0.000000,7
2.300000,8.50000,0.25000,0.000000,8
2.300000,9.50000,0.25000,0.000000,9
2.300000,10.50000,0.25000,0.000000,10
2.300000,11.50000,0.25000,0.244979,11
2.300000,12.50000,0.50000,0.244979,12
2.300000,13.50000,0.75000,0.244979,13
2.300000,14.50000,1.00000,0.463648,14
2.300000,15.50000,1.50000,0.463648,15
2.300000,16.50000,2.00000,0.000000,16
2.300000,17.50000,2.00000,0.000000,17
2.300000,18.50000,2.00000,-0.244979,18
2.300000,19.50000,1.75000,-0.244979,19
2.300000,20.50000,1.50000,-0.463648,20
2.300000,21.50000,1.00000,-0.463648,21
2.300000,22.50000,0.50000,-0.463648,22
2.300000,23.50000,0.00000,-0.244979,23
2.300000,24.50000,-0.25000,-0.463648,24
2.300000,25.50000,-0.75000,-0.463648,25
2.300000,26.50000,-1.25000,-0.244979,26
2.300000,27.50000,-1.50000,0.000000,27
2.300000,28.50000,-1.50000,0.000000,28
2.300000,29.50000,-1.50000,0.000000,29
2.300000,30.50000,-1.50000,0.000000,30
2.400000,0.34561,0.02103,0.195809,0
2.400000,1.50000,0.25000,0.000000,1
2.400000,2.50000,0.25000,0.000000,2
2.400000,3.50000,0.25000,0.000000,3
2.400000,4.50000,0.25000,0.000000,4
2.400000,5.50000,0.25000,0.000000,5
2.400000,6.50000,0.25000,0.000000,6
2.400000,7.50000,0.25000,0.000000,7
2.400000,8.50000,0.25000,0.000000,8
2.400000,9.50000,0.25000,0.000000,9
2.400000,10.50000,0.25000,0.000000,10
2.400000,11.50000,0.25000,0.244979,11
2.400000,12.50000,0.50000,0.244979,12
2.400000,13.50000,0.75000,0.244979,13
2.400000,14.50000,1.00000,0.463648,14
2.400000,15.50000,1.50000,0.463648,15
2.400000,16.50000,2.00000,0.000000,16
2.400000,17.50000,2.00000,0.000000,17
2.400000,18.50000,2.00000,-0.244979,18
2.400000,19.50000,1.75000,-0.244979,19
2.400000,20.50000,1.50000,-0.463648,20
2.400000,21.50000,1.00000,-0.463648,21
2.400000,22.50000,0.50000,-0.463648,22
2.400000,23.50000,0.00000,-0.244979,23
2.400000,24.50000,-0.25000,-0.463648,24
2.400000,25.50000,-0.75000,-0.463648,25
2.400000,26.50000,-1.25000,-0.244979,26
2.400000,27.50000,-1.50000,0.000000,27
2.400000,28.50000,-1.50000,0.000000,28
2.400000,29.50000,-1.50000,0.000000,29
2.400000,30.50000,-1.50000,0.000000,30
2.500000,0.42701,0.03158,0.200815,0
2.500000,1.50000,0.25000,0.000000,1
2.500000,2.50000,0.25000,0.000000,2
2.500000,3.50000,0.25000,0.000000,3
2.500000,4.50000,0.25000,0.000000,4
2.500000,5.50000,0.25000,0.000000,5
2.500000,6.50000,0.25000,0.000000,6
2.500000,7.50000,0.25000,0.000000,7
2.500000,8.50000,0.25000,0.000000,8
2.500000,9.50000,0.25000,0.000000,9
2.500000,10.50000,0.25000,0.000000,10
2.500000,11.50000,0.25000,0.244979,11
2.500000,12.50000,0.50000,0.244979,12
2.500000,13.50000,0.75000,0.244979,13
2.500000,14.50000,1.00000,0.463648,14
2.500000,15.50000,1.50000,0.463648,15
2.500000,16.50000,2.00000,0.000000,16
2.500000,17.50000,2.00000,0.000000,17
2.500000,18.50000,2.00000,-0.244979,18
2.500000,19.50000,1.75000,-0.244979,19
2.500000,20.50000,1.50000,-0.463648,20
2.500000,21.50000,1.00000,-0.463648,21
2.500000,22.50000,0.50000,-0.463648,22
2.500000,23.50000,0.00000,-0.244979,23
2.500000,24.50000,-0.25000,-0.463648,24
2.500000,25.50000,-0.75000,-0.463648,25
2.500000,26.50000,-1.25000,-0.244979,26
2.500000,27.50000,-1.50000,0.000000,27
2.500000,28.50000,-1.50000,0.000000,28
2.500000,29.50000,-1.50000,0.000000,29
2.500000,30.50000,-1.50000,0.000000,30
2.600000,0.56509,0.04106,0.219874,0
2.600000,1.50000,0.25000,0.000000,1
2.600000,2.50000,0.25000,0.000000,2
2.600000,3.50000,0.25000,0.000000,3
2.600000,4.50000,0.25000,0.000000,4
2.600000,5.50000,0.25000,0.000000,5
2.600000,6.50000,0.25000,0.000000,6
2.600000,7.50000,0.25000,0.000000,7
2.600000,8.50000,0.25000,0.000000,8
2.600000,9.50000,0.25000,0.000000,9
2.600000,10.50000,0.25000,0.000000,10
2.600000,11.50000,0.25000,0.244979,11
2.600000,12.50000,0.50000,0.244979,12
2.600000,13.50000,0.75000,0.244979,13
2.600000,14.50000,1.00000,0.463648,14
2.600000,15.50000,1.50000,0.463648,15
2.600000,16.50000,2.00000,0.000000,16
2.600000,17.50000,2.00000,0.000000,17
2.600000,18.50000,2.00000,-0.244979,18
2.600000,19.50000,1.75000,-0.244979,19
2.600000,20.50000,1.50000,-0.463648,20
2.600000,21.50000,1.00000,-0.463648,21
2.600000,22.50000,0.50000,-0.463648,22
2.600000,23.50000,0.00000,-0.244979,23
2.600000,24.50000,-0.25000,-0.463648,24
2.600000,25.50000,-0.75000,-0.463648,25
2.600000,26.50000,-1.25000,-0.244979,26
2.600000,27.50000,-1.50000,0.000000,27
2.600000,28.50000,-1.50000,0.000000,28
2.600000,29.50000,-1.50000,0.000000,29
2.600000,30.50000,-1.50000,0.000000,30
2.700000,0.58695,0.03962,0.226464,0
2.700000,1.50000,0.25000,0.000000,1
2.700000,2.50000,0.25000,0.000000,2
2.700000,3.50000,0.25000,0.000000,3
2.700000,4.50000,0.25000,0.000000,4
2.700000,5.50000,0.25000,0.000000,5
2.700000,6.50000,0.25000,0.000000,6
2.700000,7.50000,0.25000,0.000000,7
2.700000,8.50000,0.25000,0.000000,8
2.700000,9.50000,0.25000,0.000000,9
2.700000,10.50000,0.25000,0.000000,10
2.700000,11.50000,0.25000,0.244979,11
2.700000,12.50000,0.50000,0.244979,12
2.700000,13.50000,0.75000,0.244979,13
2.700000,14.50000,1.00000,0.463648,14
2.700000,15.50000,1.50000,0.463648,15
2.700000,16.50000,2.00000,0.000000,16
2.700000,17.50000,2.00000,0.000000,17
2.700000,18.50000,2.00000,-0.244979,18
2.700000,19.50000,1.75000,-0.244979,19
2.700000,20.50000,1.50000,-0.463648,20
2.700000,21.50000,1.00000,-0.463648,21
2.700000,22.50000,0.50000,-0.463648,22
2.700000,23.50000,0.00000,-0.244979,23
2.700000,24.50000,-0.25000,-0.244979,24
2.700000,25.50000,-0.50000,-0.463648,25
2.700000,26.50000,-1.00000,-0.244979,26
2.700000,27.50000,-1.25000,0.000000,27
2.700000,28.50000,-1.25000,0.000000,28
2.700000,29.50000,-1.25000,0.000000,29
2.700000,30.50000,-1.25000,0.000000,30
2.800000,0.68771,0.05140,0.239787,0
2.800000,1.50000,0.25000,0.000000,1
2.800000,2.50000,0.25000,0.000000,2
2.800000,3.50000,0.25000,0.000000,3
2.800000,4.50000,0.25000,0.000000,4
2.800000,5.50000,0.25000,0.000000,5
2.800000,6.50000,0.25000,0.000000,6
2.800000,7.50000,0.25000,0.000000,7
2.800000,8.50000,0.25000,0.000000,8
2.800000,9.50000,0.25000,0.000000,9
2.800000,10.50000,0.25000,0.000000,10
2.800000,11.50000,0.25000,0.244979,11
2.800000,12.50000,0.50000,0.244979,12
2.800000,13.50000,0.75000,0.244979,13
2.800000,14.50000,1.00000,0.463648,14
2.800000,15.50000,1.50000,0.463648,15
2.800000,16.50000,2.00000,0.000000,16
2.800000,17.50000,2.00000,0.000000,17
2.800000,18.50000,2.00000,-0.244979,18
2.800000,19.50000,1.75000,-0.244979,19
2.800000,20.50000,1.50000,-0.463648,20
2.800000,21.50000,1.00000,-0.463648,21
2.800000,22.50000,0.50000,-0.463648,22
2.800000,23.50000,0.00000,-0.244979,23
2.800000,24.50000,-0.25000,-0.244979,24
2.800000,25.50000,-0.50000,-0.463648,25
2.800000,26.50000,-1.00000,-0.244979,26
2.800000,27.50000,-1.25000,-0.244979,27
2.800000,28.50000,-1.50000,0.000000,28
2.800000,29.50000,-1.50000,0.000000,29
2.800000,30.50000,-1.50000,0.000000,30
2.900000,0.83443,0.01920,0.195487,0
2.900000,2.00000,0.25000,0.000000,1
2.900000,3.00000,0.25000,0.000000,2
2.900000,4.00000,0.25000,0.000000,3
2.900000,5.00000,0.25000,0.000000,4
2.900000,6.00000,0.25000,0.000000,5
2.900000,7.00000,0.25000,0.000000,6
2.900000,8.00000,0.25000,0.000000,7
2.900000,9.00000,0.25000,0.000000,8
2.900000,10.00000,0.25000,0.000000,9
2.900000,11.00000,0.25000,0.244979,10
2.900000,12.00000,0.50000,0.244979,11
2.900000,13.00000,0.75000,0.244979,12
2.900000,14.00000,1.00000,0.463648,13
2.900000,15.00000,1.50000,0.463648,14
2.900000,16.00000,2.00000,0.000000,15
2.900000,17.00000,2.00000,0.000000,16
2.900000,18.00000,2.00000,-0.244979,17
2.900000,19.00000,1.75000,-0.244979,18
2.900000,20.00000,1.50000,-0.244979,19
2.900000,21.00000,1.25000,-0.463648,20
2.900000,22.00000,0.75000,-0.463648,21
2.900000,23.00000,0.25000,-0.244979,22
2.900000,24.00000,0.00000,-0.244979,23
2.900000,25.00000,-0.25000,-0.463648,24
2.900000,26.00000,-0.75000,-0.463648,25
2.900000,27.00000,-1.25000,-0.244979,26
2.900000,28.00000,-1.50000,0.000000,27
2.900000,29.00000,-1.50000,0.000000,28
2.900000,30.00000,-1.50000,0.000000,29
2.900000,31.00000,-1.50000,0.000000,30
3.000000,0.98012,0.06551,0.178956,0
3.000000,2.00000,0.25000,0.000000,1
3.000000,3.00000,0.25000,0.000000,2
3.000000,4.00000,0.25000,0.000000,3
3.000000,5.00000,0.25000,0.000000,4
3.000000,6.00000,0.25000,0.000000,5
3.000000,7.00000,0.25000,0.000000,6
3.000000,8.00000,0.25000,0.000000,7
3.000000,9.00000,0.25000,0.000000,8
3.000000,10.00000,0.25000,0.000000,9
3.000000,11.00000,0.25000,0.244979,10
3.000000,12.00000,0.50000,0.244979,11
3.000000,13.00000,0.75000,0.244979,12
3.000000,14.00000,1.00000,0.463648,13
3.000000,15.00000,1.50000,0.463648,14
3.000000,16.00000,2.00000,0.000000,15
3.000000,17.00000,2.00000,0.000000,16
3.000000,18.00000,2.00000,0.000000,17
3.000000,19.00000,2.00000,-0.244979,18
3.000000,20.00000,1.75000,-0.463648,19
3.000000,21.00000,1.25000,-0.463648,20
3.000000,22.00000,0.75000,-0.463648,21
3.000000,23.00000,0.25000,-0.244979,22
3.000000,24.00000,0.00000,-0.244979,23
3.000000,25.00000,-0.25000,-0.463648,24
3.000000,26.00000,-0.75000,-0.463648,25
3.000000,27.00000,-1.25000,-0.244979,26
3.000000,28.00000,-1.50000,0.000000,27
3.000000,29.00000,-1.50000,0.000000,28
3.000000,30.00000,-1.50000,0.000000,29
3.000000,31.00000,-1.50000,0.000000,30
3.100000,1.12766,0.05129,0.223963,0
3.100000,2.00000,0.25000,0.000000,1
3.100000,3.00000,0.25000,0.000000,2
3.100000,4.00000,0.25000,0.000000,3
3.100000,5.00000,0.25000,0.000000,4
3.100000,6.00000,0.25000,0.000000,5
3.100000,7.00000,0.25000,0.000000,6
3.100000,8.00000,0.25000,0.000000,7
3.100000,9.00000,0.25000,0.000000,8
3.100000,10.00000,0.25000,0.000000,9
3.100000,11.00000,0.25000,0.244979,10
3.100000,12.00000,0.50000,0.244979,11
3.100000,13.00000,0.75000,0.244979,12
3.100000,14.00000,1.00000,0.463648,13
3.100000,15.00000,1.50000,0.463648,14
3.100000,16.00000,2.00000,0.000000,15
3.100000,17.00000,2.00000,0.000000,16
3.100000,18.00000,2.00000,0.000000,17
3.100000,19.00000,2.00000,-0.244979,18
3.100000,20.00000,1.75000,-0.463648,19
3.100000,21.00000,1.25000,-0.463648,20
3.100000,22.00000,0.75000,-0.463648,21
3.100000,23.00000,0.25000,-0.244979,22
3.100000,24.00000,0.00000,-0.244979,23
3.100000,25.00000,-0.25000,-0.463648,24
3.100000,26.00000,-0.75000,-0.463648,25
3.100000,27.00000,-1.25000,-0.244979,26
3.100000,28.00000,-1.50000,0.000000,27
3.100000,29.00000,-1.50000,0.000000,28
3.100000,30.00000,-1.50000,0.000000,29
3.100000,31.00000,-1.50000,0.000000,30
3.200000,1.35412,0.08335,0.144418,0
3.200000,2.50000,0.25000,0.000000,1
3.200000,3.50000,0.25000,0.000000,2
3.200000,4.50000,0.25000,0.000000,3
3.200000,5.50000,0.25000,0.000000,4
3.200000,6.50000,0.25000,0.000000,5
3.200000,7.50000,0.25000,0.000000,6
3.200000,8.50000,0.25000,0.000000,7
3.200000,9.50000,0.25000,0.000000,8
3.200000,10.50000,0.25000,0.000000,9
3.200000,11.50000,0.25000,0.244979,10
3.200000,12.50000,0.50000,0.244979,11
3.200000,13.50000,0.75000,0.244979,12
3.200000,14.50000,1.00000,0.463648,13
3.200000,15.50000,1.50000,0.463648,14
3.200000,16.50000,2.00000,0.000000,15
3.200000,17.50000,2.00000,0.000000,16
3.200000,18.50000,2.00000,-0.244979,17
3.200000,19.50000,1.75000,-0.244979,18
3.200000,20.50000,1.50000,-0.463648,19
3.200000,21.50000,1.00000,-0.463648,20
3.200000,22.50000,0.50000,-0.463648,21
3.200000,23.50000,0.00000,-0.244979,22
3.200000,24.50000,-0.25000,-0.463648,23
3.200000,25.50000,-0.75000,-0.463648,24
3.200000,26.50000,-1.25000,-0.244979,25
3.200000,27.50000,-1.50000,0.000000,26
3.200000,28.50000,-1.50000,0.000000,27
3.200000,29.50000,-1.50000,0.000000,28
3.200000,30.50000,-1.50000,0.000000,29
3.200000,31.50000,-1.50000,0.000000,30
3.300000,1.49060,0.09534,0.152033,0
3.300000,2.50000,0.25000,0.000000,1
3.300000,3.50000,0.25000,0.000000,2
3.300000,4.50000,0.25000,0.000000,3
3.300000,5.50000,0.25000,0.000000,4
3.300000,6.50000,0.25000,0.000000,5
3.300000,7.50000,0.25000,0.000000,6
3.300000,8.50000,0.25000,0.000000,7
3.300000,9.50000,0.25000,0.000000,8
3.300000,10.50000,0.25000,0.000000,9
3.300000,11.50000,0.25000,0.244979,10
3.300000,12.50000,0.50000,0.244979,11
3.300000,13.50000,0.75000,0.244979,12
3.300000,14.50000,1.00000,0.463648,13
3.300000,15.50000,1.50000,0.463648,14
3.300000,16.50000,2.00000,0.000000,15
3.300000,17.50000,2.00000,0.000000,16
3.300000,18.50000,2.00000,-0.244979,17
3.300000,19.50000,1.75000,-0.244979,18
3.300000,20.50000,1.50000,-0.463648,19
3.300000,21.50000,1.00000,-0.463648,20
3.300000,22.50000,0.50000,-0.463648,21
3.300000,23.50000,0.00000,-0.244979,22
3.300000,24.50000,-0.25000,-0.463648,23
3.300000,25.50000,-0.75000,-0.463648,24
3.300000,26.50000,-1.25000,-0.244979,25
3.300000,27.50000,-1.50000,0.000000,26
3.300000,28.50000,-1.50000,0.000000,27
3.300000,29.50000,-1.50000,0.000000,28
3.300000,30.50000,-1.50000,0.000000,29
3.300000,31.50000,-1.50000,0.000000,30
3.400000,1.72572,0.06675,0.232398,0
3.400000,2.50000,0.25000,0.000000,1
3.400000,3.50000,0.25000,0.000000,2
3.400000,4.50000,0.25000,0.000000,3
3.400000,5.50000,0.25000,0.000000,4
3.400000,6.50000,0.25000,0.000000,5
3.400000,7.50000,0.25000,0.000000,6
3.400000,8.50000,0.25000,0.000000,7
3.400000,9.50000,0.25000,0.000000,8
3.400000,10.50000,0.25000,0.000000,9
3.400000,11.50000,0.25000,0.244979,10
3.400000,12.50000,0.50000,0.244979,11
3.400000,13.50000,0.75000,0.244979,12
3.400000,14.50000,1.00000,0.463648,13
3.400000,15.50000,1.50000,0.463648,14
3.400000,16.50000,2.00000,0.000000,15
3.400000,17.50000,2.00000,0.000000,16
3.400000,18.50000,2.00000,-0.244979,17
3.400000,19.50000,1.75000,-0.244979,18
3.400000,20.50000,1.50000,-0.463648,19
3.400000,21.50000,1.00000,-0.463648,20
3.400000,22.50000,0.50000,-0.463648,21
3.400000,23.50000,0.00000,-0.244979,22
3.400000,24.50000,-0.25000,-0.463648,23
3.400000,25.50000,-0.75000,-0.463648,24
3.400000,26.50000,-1.25000,-0.244979,25
3.400000,27.50000,-1.50000,0.000000,26
3.400000,28.50000,-1.50000,0.000000,27
3.400000,29.50000,-1.50000,0.000000,28
3.400000,30.50000,-1.50000,0.000000,29
3.400000,31.50000,-1.50000,0.000000,30
3.500000,1.91397,0.08509,0.150699,0
3.500000,3.00000,0.25000,0.000000,1
3.500000,4.00000,0.25000,0.000000,2
3.500000,5.00000,0.25000,0.000000,3
3.500000,6.00000,0.25000,0.000000,4
3.500000,7.00000,0.25000,0.000000,5
3.500000,8.00000,0.25000,0.000000,6
3.500000,9.00000,0.25000,0.000000,7
3.500000,10.00000,0.25000,0.000000,8
3.500000,11.00000,0.25000,0.244979,9
3.500000,12.00000,0.50000,0.244979,10
3.500000,13.00000,0.75000,0.244979,11
3.500000,14.00000,1.00000,0.463648,12
3.500000,15.00000,1.50000,0.463648,13
3.500000,16.00000,2.00000,0.000000,14
3.500000,17.00000,2.00000,0.000000,15
3.500000,18.00000,2.00000,-0.244979,16
3.500000,19.00000,1.75000,-0.244979,17
3.500000,20.00000,1.50000,-0.244979,18
3.500000,21.00000,1.25000,-0.463648,19
3.500000,22.00000,0.75000,-0.463648,20
3.500000,23.00000,0.25000,-0.244979,21
3.500000,24.00000,0.00000,-0.244979,22
3.500000,25.00000,-0.25000,-0.463648,23
3.500000,26.00000,-0.75000,-0.463648,24
3.500000,27.00000,-1.25000,-0.244979,25
3.500000,28.00000,-1.50000,0.000000,26
3.500000,29.00000,-1.50000,0.000000,27
3.500000,30.00000,-1.50000,0.000000,28
3.500000,31.00000,-1.50000,0.000000,29
3.500000,32.00000,-1.50000,0.000000,30
3.600000,2.27002,0.13717,0.091481,0
3.600000,3.50000,0.25000,0.000000,1
3.600000,4.50000,0.25000,0.000000,2
3.600000,5.50000,0.25000,0.000000,3
3.600000,6.50000,0.25000,0.000000,4
3.600000,7.50000,0.25000,0.000000,5
3.600000,8.50000,0.25000,0.000000,6
3.600000,9.50000,0.25000,0.000000,7
3.600000,10.50000,0.25000,0.000000,8
3.600000,11.50000,0.25000,0.244979,9
3.600000,12.50000,0.50000,0.244979,10
3.600000,13.50000,0.75000,0.244979,11
3.600000,14.50000,1.00000,0.463648,12
3.600000,15.50000,1.50000,0.463648,13
3.600000,16.50000,2.00000,0.000000,14
3.600000,17.50000,2.00000,0.000000,15
3.600000,18.50000,2.00000,-0.244979,16
3.600000,19.50000,1.75000,-0.244979,17
3.600000,20.50000,1.50000,-0.463648,18
3.600000,21.50000,1.00000,-0.463648,19
3.600000,22.50000,0.50000,-0.463648,20
3.600000,23.50000,0.00000,-0.244979,21
3.600000,24.50000,-0.25000,-0.463648,22
3.600000,25.50000,-0.75000,-0.463648,23
3.600000,26.50000,-1.25000,-0.244979,24
3.600000,27.50000,-1.50000,0.000000,25
3.600000,28.50000,-1.50000,0.000000,26
3.600000,29.50000,-1.50000,0.000000,27
3.600000,30.50000,-1.50000,0.000000,28
3.600000,31.50000,-1.50000,0.000000,29
3.600000,32.50000,-1.50000,0.000000,30
3.700000,2.38931,0.14904,0.090650,0
3.700000,3.50000,0.25000,0.000000,1
3.700000,4.50000,0.25000,0.000000,2
3.700000,5.50000,0.25000,0.000000,3
3.700000,6.50000,0.25000,0.000000,4
3.700000,7.50000,0.25000,0.000000,5
3.700000,8.50000,0.25000,0.000000,6
3.700000,9.50000,0.25000,0.000000,7
3.700000,10.50000,0.25000,0.000000,8
3.700000,11.50000,0.25000,0.244979,9
3.700000,12.50000,0.50000,0.244979,10
3.700000,13.50000,0.75000,0.244979,11
3.700000,14.50000,1.00000,0.463648,12
3.700000,15.50000,1.50000,0.463648,13
3.700000,16.50000,2.00000,0.000000,14
3.700000,17.50000,2.00000,0.000000,15
3.700000,18.50000,2.00000,-0.244979,16
3.700000,19.50000,1.75000,-0.244979,17
3.700000,20.50000,1.50000,-0.463648,18
3.700000,21.50000,1.00000,-0.463648,19
3.700000,22.50000,0.50000,-0.463648,20
3.700000,23.50000,0.00000,-0.244979,21
3.700000,24.50000,-0.25000,-0.244979,22
3.700000,25.50000,-0.50000,-0.463648,23
3.700000,26.50000,-1.00000,-0.244979,24
3.700000,27.50000,-1.25000,-0.244979,25
3.700000,28.50000,-1.50000,0.000000,26
3.700000,29.50000,-1.50000,0.000000,27
3.700000,30.50000,-1.50000,0.000000,28
3.700000,31.50000,-1.50000,0.000000,29
3.700000,32.50000,-1.50000,0.000000,30
3.800000,2.63189,0.14336,0.122228,0
3.800000,3.50000,0.25000,0.000000,1
3.800000,4.50000,0.25000,0.000000,2
3.800000,5.50000,0.25000,0.000000,3
3.800000,6.50000,0.25000,0.000000,4
3.800000,7.50000,0.25000,0.000000,5
3.800000,8.50000,0.25000,0.000000,6
3.800000,9.50000,0.25000,0.000000,7
3.800000,10.50000,0.25000,0.000000,8
3.800000,11.50000,0.25000,0.244979,9
3.800000,12.50000,0.50000,0.244979,10
3.800000,13.50000,0.75000,0.244979,11
3.800000,14.50000,1.00000,0.463648,12
3.800000,15.50000,1.50000,0.463648,13
3.800000,16.50000,2.00000,0.000000,14
3.800000,17.50000,2.00000,0.000000,15
3.800000,18.50000,2.00000,-0.244979,16
3.800000,19.50000,1.75000,-0.244979,17
3.800000,20.50000,1.50000,-0.463648,18
3.800000,21.50000,1.00000,-0.463648,19
3.800000,22.50000,0.50000,-0.463648,20
3.800000,23.50000,0.00000,-0.244979,21
3.800000,24.50000,-0.25000,-0.463648,22
3.800000,25.50000,-0.75000,-0.463648,23
3.800000,26.50000,-1.25000,-0.244979,24
3.800000,27.50000,-1.50000,0.000000,25
3.800000,28.50000,-1.50000,0.000000,26
3.800000,29.50000,-1.50000,0.000000,27
3.800000,30.50000,-1.50000,0.000000,28
3.800000,31.50000,-1.50000,0.000000,29
3.800000,32.50000,-1.50000,0.000000,30
3.900000,2.90289,0.17133,0.071588,0
3.900000,4.00000,0.25000,0.000000,1
3.900000,5.00000,0.25000,0.000000,2
3.900000,6.00000,0.25000,0.000000,3
3.900000,7.00000,0.25000,0.000000,4
3.900000,8.00000,0.25000,0.000000,5
3.900000,9.00000,0.25000,0.000000,6
3.900000,10.00000,0.25000,0.000000,7
3.900000,11.00000,0.25000,0.244979,8
3.900000,12.00000,0.50000,0.244979,9
3.900000,13.00000,0.75000,0.244979,10
3.900000,14.00000,1.00000,0.463648,11
3.900000,15.00000,1.50000,0.463648,12
3.900000,16.00000,2.00000,0.000000,13
3.900000,17.00000,2.00000,0.000000,14
3.900000,18.00000,2.00000,0.000000,15
3.900000,19.00000,2.00000,-0.244979,16
3.900000,20.00000,1.75000,-0.463648,17
3.900000,21.00000,1.25000,-0.463648,18
3.900000,22.00000,0.75000,-0.463648,19
3.900000,23.00000,0.25000,-0.244979,20
3.900000,24.00000,0.00000,-0.244979,21
3.900000,25.00000,-0.25000,-0.463648,22
3.900000,26.00000,-0.75000,-0.463648,23
3.900000,27.00000,-1.25000,-0.244979,24
3.900000,28.00000,-1.50000,0.000000,25
3.900000,29.00000,-1.50000,0.000000,26
3.900000,30.00000,-1.50000,0.000000,27
3.900000,31.00000,-1.50000,0.244979,28
3.900000,32.00000,-1.25000,0.000000,29
3.900000,33.00000,-1.25000,0.000000,30
4.000000,3.15924,0.20616,0.052098,0
4.000000,4.00000,0.25000,0.000000,1
4.000000,5.00000,0.25000,0.000000,2
4.000000,6.00000,0.25000,0.000000,3
4.000000,7.00000,0.25000,0.000000,4
4.000000,8.00000,0.25000,0.000000,5
4.000000,9.00000,0.25000,0.000000,6
4.000000,10.00000,0.25000,0.000000,7
4.000000,11.00000,0.25000,0.244979,8
4.000000,12.00000,0.50000,0.244979,9
4.000000,13.00000,0.75000,0.244979,10
4.000000,14.00000,1.00000,0.463648,11
4.000000,15.00000,1.50000,0.463648,12
4.000000,16.00000,2.00000,0.000000,13
4.000000,17.00000,2.00000,0.000000,14
4.000000,18.00000,2.00000,-0.244979,15
4.000000,19.00000,1.75000,-0.244979,16
4.000000,20.00000,1.50000,-0.244979,17
4.000000,21.00000,1.25000,-0.463648,18
4.000000,22.00000,0.75000,-0.463648,19
4.000000,23.00000,0.25000,-0.244979,20
4.000000,24.00000,0.00000,-0.244979,21
4.000000,25.00000,-0.25000,-0.463648,22
4.000000,26.00000,-0.75000,-0.463648,23
4.000000,27.00000,-1.25000,-0.244979,24
4.000000,28.00000,-1.50000,0.000000,25
4.000000,29.00000,-1.50000,0.000000,26
4.000000,30.00000,-1.50000,0.000000,27
4.000000,31.00000,-1.50000,0.244979,28
4.000000,32.00000,-1.25000,0.000000,29
4.000000,33.00000,-1.25000,0.000000,30
4.100000,3.47957,0.21302,0.036228,0
4.100000,4.50000,0.25000,0.000000,1
4.100000,5.50000,0.25000,0.000000,2
4.100000,6.50000,0.25000,0.000000,3
4.100000,7.50000,0.25000,0.000000,4
4.100000,8.50000,0.25000,0.000000,5
4.100000,9.50000,0.25000,0.000000,6
4.100000,10.50000,0.25000,0.000000,7
4.100000,11.50000,0.25000,0.244979,8
4.100000,12.50000,0.50000,0.244979,9
4.100000,13.50000,0.75000,0.244979,10
4.100000,14.50000,1.00000,0.463648,11
4.100000,15.50000,1.50000,0.463648,12
4.100000,16.50000,2.00000,0.000000,13
4.100000,17.50000,2.00000,-0.244979,14
4.100000,18.50000,1.75000,0.000000,15
4.100000,19.50000,1.75000,-0.244979,16
4.100000,20.50000,1.50000,-0.463648,17
4.100000,21.50000,1.00000,-0.463648,18
4.100000,22.50000,0.50000,-0.463648,19
4.100000,23.50000,0.00000,-0.244979,20
4.100000,24.50000,-0.25000,-0.463648,21
4.100000,25.50000,-0.75000,-0.463648,22
4.100000,26.50000,-1.25000,-0.244979,23
4.100000,27.50000,-1.50000,0.000000,24
4.100000,28.50000,-1.50000,0.000000,25
4.100000,29.50000,-1.50000,0.000000,26
4.100000,30.50000,-1.50000,0.000000,27
4.100000,31.50000,-1.50000,0.244979,28
4.100000,32.50000,-1.25000,0.000000,29
4.100000,33.50000,-1.25000,0.000000,30
4.200000,3.74926,0.25526,-0.007006,0
4.200000,4.50000,0.25000,0.000000,1
4.200000,5.50000,0.25000,0.000000,2
4.200000,6.50000,0.25000,0.000000,3
4.200000,7.50000,0.25000,0.000000,4
4.200000,8.50000,0.25000,0.000000,5
4.200000,9.50000,0.25000,0.000000,6
4.200000,10.50000,0.25000,0.000000,7
4.200000,11.50000,0.25000,0.244979,8
4.200000,12.50000,0.50000,0.244979,9
4.200000,13.50000,0.75000,0.244979,10
4.200000,14.50000,1.00000,0.463648,11
4.200000,15.50000,1.50000,0.463648,12
4.200000,16.50000,2.00000,0.000000,13
4.200000,17.50000,2.00000,0.000000,14
4.200000,18.50000,2.00000,-0.244979,15
4.200000,19.50000,1.75000,-0.244979,16
4.200000,20.50000,1.50000,-0.463648,17
4.200000,21.50000,1.00000,-0.463648,18
4.200000,22.50000,0.50000,-0.463648,19
4.200000,23.50000,0.00000,-0.244979,20
4.200000,24.50000,-0.25000,-0.463648,21
4.200000,25.50000,-0.75000,-0.463648,22
4.200000,26.50000,-1.25000,-0.244979,23
4.200000,27.50000,-1.50000,0.000000,24
4.200000,28.50000,-1.50000,0.000000,25
4.200000,29.50000,-1.50000,0.000000,26
4.200000,30.50000,-1.50000,0.000000,27
4.200000,31.50000,-1.50000,0.244979,28
4.200000,32.50000,-1.25000,0.000000,29
4.200000,33.50000,-1.25000,0.000000,30
4.300000,4.08080,0.25021,-0.000232,0
4.300000,5.00000,0.25000,0.000000,1
4.300000,6.00000,0.25000,0.000000,2
4.300000,7.00000,0.25000,0.000000,3
4.300000,8.00000,0.25000,0.000000,4
4.300000,9.00000,0.25000,0.000000,5
4.300000,10.00000,0.25000,0.000000,6
4.300000,11.00000,0.25000,0.244979,7
4.300000,12.00000,0.50000,0.244979,8
4.300000,13.00000,0.75000,0.244979,9
4.300000,14.00000,1.00000,0.463648,10
4.300000,15.00000,1.50000,0.463648,11
4.300000,16.00000,2.00000,0.000000,12
4.300000,17.00000,2.00000,0.000000,13
4.300000,18.00000,2.00000,-0.244979,14
4.300000,19.00000,1.75000,-0.244979,15
4.300000,20.00000,1.50000,-0.244979,16
4.300000,21.00000,1.25000,-0.463648,17
4.300000,22.00000,0.75000,-0.463648,18
4.300000,23.00000,0.25000,-0.244979,19
4.300000,24.00000,0.00000,-0.244979,20
4.300000,25.00000,-0.25000,-0.463648,21
4.300000,26.00000,-0.75000,-0.463648,22
4.300000,27.00000,-1.25000,-0.244979,23
4.300000,28.00000,-1.50000,0.000000,24
4.300000,29.00000,-1.50000,0.000000,25
4.300000,30.00000,-1.50000,0.000000,26
4.300000,31.00000,-1.50000,0.244979,27
4.300000,32.00000,-1.25000,0.000000,28
4.300000,33.00000,-1.25000,0.000000,29
4.300000,34.00000,-1.25000,0.000000,30
4.400000,4.34589,0.27469,-0.021390,0
4.400000,5.50000,0.25000,0.000000,1
4.400000,6.50000,0.25000,0.000000,2
4.400000,7.50000,0.25000,0.000000,3
4.400000,8.50000,0.25000,0.000000,4
4.400000,9.50000,0.25000,0.000000,5
4.400000,10.50000,0.25000,0.000000,6
4.400000,11.50000,0.25000,0.244979,7
4.400000,12.50000,0.50000,0.244979,8
4.400000,13.50000,0.75000,0.244979,9
4.400000,14.50000,1.00000,0.463648,10
4.400000,15.50000,1.50000,0.463648,11
4.400000,16.50000,2.00000,0.000000,12
4.400000,17.50000,2.00000,0.000000,13
4.400000,18.50000,2.00000,-0.244979,14
4.400000,19.50000,1.75000,-0.244979,15
4.400000,20.50000,1.50000,-0.463648,16
4.400000,21.50000,1.00000,-0.463648,17
4.400000,22.50000,0.50000,-0.463648,18
4.400000,23.50000,0.00000,-0.244979,19
4.400000,24.50000,-0.25000,-0.463648,20
4.400000,25.50000,-0.75000,-0.463648,21
4.400000,26.50000,-1.25000,-0.244979,22
4.400000,27.50000,-1.50000,0.000000,23
4.400000,28.50000,-1.50000,0.000000,24
4.400000,29.50000,-1.50000,0.000000,25
4.400000,30.50000,-1.50000,0.244979,26
4.400000,31.50000,-1.25000,0.244979,27
4.400000,32.50000,-1.00000,0.000000,28
4.400000,33.50000,-1.00000,0.000000,29
4.400000,34.50000,-1.00000,0.000000,30
4.502000,4.69910,0.26785,-0.022281,0
4.502000,5.50000,0.25000,0.000000,1
4.502000,6.50000,0.25000,0.000000,2
4.502000,7.50000,0.25000,0.000000,3
4.502000,8.50000,0.25000,0.000000,4
4.502000,9.50000,0.25000,0.000000,5
4.502000,10.50000,0.25000,0.000000,6
4.502000,11.50000,0.25000,0.244979,7
4.502000,12.50000,0.50000,0.244979,8
4.502000,13.50000,0.75000,0.244979,9
4.502000,14.50000,1.00000,0.463648,10
4.502000,15.50000,1.50000,0.463648,11
4.502000,16.50000,2.00000,0.000000,12
4.502000,17.50000,2.00000,0.000000,13
4.502000,18.50000,2.00000,-0.244979,14
4.502000,19.50000,1.75000,-0.244979,15
4.502000,20.50000,1.50000,-0.463648,16
4.502000,21.50000,1.00000,-0.463648,17
4.502000,22.50000,0.50000,-0.463648,18
4.502000,23.50000,0.00000,-0.244979,19
4.502000,24.50000,-0.25000,-0.463648,20
4.502000,25.50000,-0.75000,-0.463648,21
4.502000,26.50000,-1.25000,-0.244979,22
4.502000,27.50000,-1.50000,0.000000,23
4.502000,28.50000,-1.50000,0.000000,24
4.502000,29.50000,-1.50000,0.000000,25
4.502000,30.50000,-1.50000,0.000000,26
4.502000,31.50000,-1.50000,0.244979,27
4.502000,32.50000,-1.25000,0.000000,28
4.502000,33.50000,-1.25000,0.000000,29
4.502000,34.50000,-1.25000,0.000000,30
4.600000,5.01487,0.30934,-0.060163,0
4.600000,6.00000,0.25000,0.000000,1
4.600000,7.00000,0.25000,0.000000,2
4.600000,8.00000,0.25000,0.000000,3
4.600000,9.00000,0.25000,0.000000,4
4.600000,10.00000,0.25000,0.000000,5
4.600000,11.00000,0.25000,0.244979,6
4.600000,12.00000,0.50000,0.244979,7
4.600000,13.00000,0.75000,0.244979,8
4.600000,14.00000,1.00000,0.463648,9
4.600000,15.00000,1.50000,0.463648,10
4.600000,16.00000,2.00000,0.000000,11
4.600000,17.00000,2.00000,0.000000,12
4.600000,18.00000,2.00000,0.000000,13
4.600000,19.00000,2.00000,-0.244979,14
4.600000,20.00000,1.75000,-0.463648,15
4.600000,21.00000,1.25000,-0.463648,16
4.600000,22.00000,0.75000,-0.463648,17
4.600000,23.00000,0.25000,-0.244979,18
4.600000,24.00000,0.00000,-0.244979,19
4.600000,25.00000,-0.25000,-0.463648,20
4.600000,26.00000,-0.75000,-0.463648,21
4.600000,27.00000,-1.25000,-0.244979,22
4.600000,28.00000,-1.50000,0.000000,23
4.600000,29.00000,-1.50000,0.000000,24
4.600000,30.00000,-1.50000,0.000000,25
4.600000,31.00000,-1.50000,0.244979,26
4.600000,32.00000,-1.25000,0.244979,27
4.600000,33.00000,-1.00000,0.000000,28
4.600000,34.00000,-1.00000,0.000000,29
4.600000,35.00000,-1.00000,0.000000,30
4.700000,5.36470,0.27336,-0.020572,0
4.700000,6.50000,0.25000,0.000000,1
4.700000,7.50000,0.25000,0.000000,2
4.700000,8.50000,0.25000,0.000000,3
4.700000,9.50000,0.25000,0.000000,4
4.700000,10.50000,0.25000,0.000000,5
4.700000,11.50000,0.25000,0.244979,6
4.700000,12.50000,0.50000,0.244979,7
4.700000,13.50000,0.75000,0.244979,8
4.700000,14.50000,1.00000,0.463648,9
4.700000,15.50000,1.50000,0.463648,10
4.700000,16.50000,2.00000,0.000000,11
4.700000,17.50000,2.00000,0.000000,12
4.700000,18.50000,2.00000,-0.244979,13
4.700000,19.50000,1.75000,-0.244979,14
4.700000,20.50000,1.50000,-0.463648,15
4.700000,21.50000,1.00000,-0.463648,16
4.700000,22.50000,0.50000,-0.463648,17
4.700000,23.50000,0.00000,-0.244979,18
4.700000,24.50000,-0.25000,-0.463648,19
4.700000,25.50000,-0.75000,-0.463648,20
4.700000,26.50000,-1.25000,-0.244979,21
4.700000,27.50000,-1.50000,0.000000,22
4.700000,28.50000,-1.50000,0.000000,23
4.700000,29.50000,-1.50000,0.000000,24
4.700000,30.50000,-1.50000,0.244979,25
4.700000,31.50000,-1.25000,0.244979,26
4.700000,32.50000,-1.00000,0.244979,27
4.700000,33.50000,-0.75000,0.000000,28
4.700000,34.50000,-0.75000,0.000000,29
4.700000,35.50000,-0.75000,0.000000,30
4.800000,5.79476,0.29387,-0.036386,0
4.800000,7.00000,0.25000,0.000000,1
4.800000,8.00000,0.25000,0.000000,2
4.800000,9.00000,0.25000,0.000000,3
4.800000,10.00000,0.25000,0.000000,4
4.800000,11.00000,0.25000,0.244979,5
4.800000,12.00000,0.50000,0.244979,6
4.800000,13.00000,0.75000,0.244979,7
4.800000,14.00000,1.00000,0.463648,8
4.800000,15.00000,1.50000,0.463648,9
4.800000,16.00000,2.00000,0.000000,10
4.800000,17.00000,2.00000,0.000000,11
4.800000,18.00000,2.00000,0.000000,12
4.800000,19.00000,2.00000,-0.244979,13
4.800000,20.00000,1.75000,-0.463648,14
4.800000,21.00000,1.25000,-0.463648,15
4.800000,22.00000,0.75000,-0.463648,16
4.800000,23.00000,0.25000,-0.244979,17
4.800000,24.00000,0.00000,-0.244979,18
4.800000,25.00000,-0.25000,-0.463648,19
4.800000,26.00000,-0.75000,-0.463648,20
4.800000,27.00000,-1.25000,-0.244979,21
4.800000,28.00000,-1.50000,0.000000,22
4.800000,29.00000,-1.50000,0.000000,23
4.800000,30.00000,-1.50000,0.000000,24
4.800000,31.00000,-1.50000,0.463648,25
4.800000,32.00000,-1.00000,0.244979,26
4.800000,33.00000,-0.75000,0.000000,27
4.800000,34.00000,-0.75000,0.000000,28
4.800000,35.00000,-0.75000,0.000000,29
4.800000,36.00000,-0.75000,0.000000,30
4.900000,5.99845,0.30042,-0.050300,0
4.900000,7.00000,0.25000,0.000000,1
4.900000,8.00000,0.25000,0.000000,2
4.900000,9.00000,0.25000,0.000000,3
4.900000,10.00000,0.25000,0.000000,4
4.900000,11.00000,0.25000,0.244979,5
4.900000,12.00000,0.50000,0.244979,6
4.900000,13.00000,0.75000,0.244979,7
4.900000,14.00000,1.00000,0.463648,8
4.900000,15.00000,1.50000,0.463648,9
4.900000,16.00000,2.00000,0.000000,10
4.900000,17.00000,2.00000,0.000000,11
4.900000,18.00000,2.00000,-0.244979,12
4.900000,19.00000,1.75000,-0.244979,13
4.900000,20.00000,1.50000,-0.244979,14
4.900000,21.00000,1.25000,-0.463648,15
4.900000,22.00000,0.75000,-0.463648,16
4.900000,23.00000,0.25000,-0.244979,17
4.900000,24.00000,0.00000,-0.244979,18
4.900000,25.00000,-0.25000,-0.463648,19
4.900000,26.00000,-0.75000,-0.463648,20
4.900000,27.00000,-1.25000,-0.244979,21
4.900000,28.00000,-1.50000,0.000000,22
4.900000,29.00000,-1.50000,0.000000,23
4.900000,30.00000,-1.50000,0.000000,24
4.900000,31.00000,-1.50000,0.463648,25
4.900000,32.00000,-1.00000,0.244979,26
4.900000,33.00000,-0.75000,0.000000,27
4.900000,34.00000,-0.75000,0.000000,28
4.900000,35.00000,-0.75000,0.000000,29
4.900000,36.00000,-0.75000,0.000000,30
5.000000,6.32274,0.30143,-0.043660,0
5.000000,7.50000,0.25000,0.000000,1
5.000000,8.50000,0.25000,0.000000,2
5.000000,9.50000,0.25000,0.000000,3
5.000000,10.50000,0.25000,0.000000,4
5.000000,11.50000,0.25000,0.244979,5
5.000000,12.50000,0.50000,0.244979,6
5.000000,13.50000,0.75000,0.244979,7
5.000000,14.50000,1.00000,0.463648,8
5.000000,15.50000,1.50000,0.463648,9
5.000000,16.50000,2.00000,0.000000,10
5.000000,17.50000,2.00000,0.000000,11
5.000000,18.50000,2.00000,-0.244979,12
5.000000,19.50000,1.75000,-0.244979,13
5.000000,20.50000,1.50000,-0.463648,14
5.000000,21.50000,1.00000,-0.463648,15
5.000000,22.50000,0.50000,-0.463648,16
5.000000,23.50000,0.00000,-0.244979,17
5.000000,24.50000,-0.25000,-0.244979,18
5.000000,25.50000,-0.50000,-0.463648,19
5.000000,26.50000,-1.00000,-0.244979,20
5.000000,27.50000,-1.25000,-0.244979,21
5.000000,28.50000,-1.50000,0.000000,22
5.000000,29.50000,-1.50000,0.000000,23
5.000000,30.50000,-1.50000,0.244979,24
5.000000,31.50000,-1.25000,0.244979,25
5.000000,32.50000,-1.00000,0.244979,26
5.000000,33.50000,-0.75000,0.000000,27
5.000000,34.50000,-0.75000,0.000000,28
5.000000,35.50000,-0.75000,0.000000,29
5.000000,36.50000,-0.75000,0.000000,30
5.100000,6.65277,0.32678,0.201671,0
5.100000,7.50000,0.50000,0.000000,1
5.100000,8.50000,0.50000,0.000000,2
5.100000,9.50000,0.50000,0.000000,3
5.100000,10.50000,0.50000,0.000000,4
5.100000,11.50000,0.50000,0.000000,5
5.100000,12.50000,0.50000,0.244979,6
5.100000,13.50000,0.75000,0.244979,7
5.100000,14.50000,1.00000,0.463648,8
5.100000,15.50000,1.50000,0.463648,9
5.100000,16.50000,2.00000,0.000000,10
5.100000,17.50000,2.00000,0.000000,11
5.100000,18.50000,2.00000,-0.244979,12
5.100000,19.50000,1.75000,-0.244979,13
5.100000,20.50000,1.50000,-0.463648,14
5.100000,21.50000,1.00000,-0.463648,15
5.100000,22.50000,0.50000,-0.463648,16
5.100000,23.50000,0.00000,-0.244979,17
5.100000,24.50000,-0.25000,-0.244979,18
5.100000,25.50000,-0.50000,-0.463648,19
5.100000,26.50000,-1.00000,-0.244979,20
5.100000,27.50000,-1.25000,-0.244979,21
5.100000,28.50000,-1.50000,0.000000,22
5.100000,29.50000,-1.50000,0.000000,23
5.100000,30.50000,-1.50000,0.244979,24
5.100000,31.50000,-1.25000,0.244979,25
5.100000,32.50000,-1.00000,0.244979,26
5.100000,33.50000,-0.75000,0.000000,27
5.100000,34.50000,-0.75000,0.000000,28
5.100000,35.50000,-0.75000,0.000000,29
5.100000,36.50000,-0.75000,0.000000,30
5.200000,6.91684,0.29869,0.183760,0
5.200000,8.00000,0.50000,0.000000,1
5.200000,9.00000,0.50000,0.000000,2
5.200000,10.00000,0.50000,0.000000,3
5.200000,11.00000,0.50000,0.000000,4
5.200000,12.00000,0.50000,0.244979,5
5.200000,13.00000,0.75000,0.244979,6
5.200000,14.00000,1.00000,0.463648,7
5.200000,15.00000,1.50000,0.463648,8
5.200000,16.00000,2.00000,0.000000,9
5.200000,17.00000,2.00000,0.000000,10
5.200000,18.00000,2.00000,-0.244979,11
5.200000,19.00000,1.75000,-0.244979,12
5.200000,20.00000,1.50000,-0.244979,13
5.200000,21.00000,1.25000,-0.463648,14
5.200000,22.00000,0.75000,-0.463648,15
5.200000,23.00000,0.25000,-0.244979,16
5.200000,24.00000,0.00000,-0.244979,17
5.200000,25.00000,-0.25000,-0.463648,18
5.200000,26.00000,-0.75000,-0.463648,19
5.200000,27.00000,-1.25000,-0.244979,20
5.200000,28.00000,-1.50000,0.000000,21
5.200000,29.00000,-1.50000,0.000000,22
5.200000,30.00000,-1.50000,0.000000,23
5.200000,31.00000,-1.50000,0.463648,24
5.200000,32.00000,-1.00000,0.244979,25
5.200000,33.00000,-0.75000,0.244979,26
5.200000,34.00000,-0.50000,0.000000,27
5.200000,35.00000,-0.50000,0.000000,28
5.200000,36.00000,-0.50000,0.000000,29
5.200000,37.00000,-0.50000,0.000000,30
5.300000,7.21858,0.28177,0.272337,0
5.300000,8.00000,0.50000,0.000000,1
5.300000,9.00000,0.50000,0.000000,2
5.300000,10.00000,0.50000,0.000000,3
5.300000,11.00000,0.50000,0.000000,4
5.300000,12.00000,0.50000,0.244979,5
5.300000,13.00000,0.75000,0.244979,6
5.300000,14.00000,1.00000,0.463648,7
5.300000,15.00000,1.50000,0.463648,8
5.300000,16.00000,2.00000,0.000000,9
5.300000,17.00000,2.00000,0.000000,10
5.300000,18.00000,2.00000,-0.244979,11
5.300000,19.00000,1.75000,-0.244979,12
5.300000,20.00000,1.50000,-0.244979,13
5.300000,21.00000,1.25000,-0.463648,14
5.300000,22.00000,0.75000,-0.463648,15
5.300000,23.00000,0.25000,-0.244979,16
5.300000,24.00000,0.00000,-0.244979,17
5.300000,25.00000,-0.25000,-0.463648,18
5.300000,26.00000,-0.75000,-0.463648,19
5.300000,27.00000,-1.25000,-0.244979,20
5.300000,28.00000,-1.50000,0.000000,21
5.300000,29.00000,-1.50000,0.000000,22
5.300000,30.00000,-1.50000,0.000000,23
5.300000,31.00000,-1.50000,0.463648,24
5.300000,32.00000,-1.00000,0.244979,25
5.300000,33.00000,-0.75000,0.244979,26
5.300000,34.00000,-0.50000,0.000000,27
5.300000,35.00000,-0.50000,0.000000,28
5.300000,36.00000,-0.50000,0.000000,29
5.300000,37.00000,-0.50000,0.000000,30
5.400000,7.49125,0.30118,0.194601,0
5.400000,8.50000,0.50000,0.000000,1
5.400000,9.50000,0.50000,0.000000,2
5.400000,10.50000,0.50000,0.000000,3
5.400000,11.50000,0.50000,0.000000,4
5.400000,12.50000,0.50000,0.244979,5
5.400000,13.50000,0.75000,0.244979,6
5.400000,14.50000,1.00000,0.463648,7
5.400000,15.50000,1.50000,0.463648,8
5.400000,16.50000,2.00000,0.000000,9
5.400000,17.50000,2.00000,0.000000,10
5.400000,18.50000,2.00000,-0.244979,11
5.400000,19.50000,1.75000,-0.244979,12
5.400000,20.50000,1.50000,-0.463648,13
5.400000,21.50000,1.00000,-0.463648,14
5.400000,22.50000,0.50000,-0.463648,15
5.400000,23.50000,0.00000,-0.244979,16
5.400000,24.50000,-0.25000,-0.463648,17
5.400000,25.50000,-0.75000,-0.463648,18
5.400000,26.50000,-1.25000,-0.244979,19
5.400000,27.50000,-1.50000,0.000000,20
5.400000,28.50000,-1.50000,0.000000,21
5.400000,29.50000,-1.50000,0.000000,22
5.400000,30.50000,-1.50000,0.244979,23
5.400000,31.50000,-1.25000,0.244979,24
5.400000,32.50000,-1.00000,0.244979,25
5.400000,33.50000,-0.75000,0.244979,26
5.400000,34.50000,-0.50000,0.000000,27
5.400000,35.50000,-0.50000,0.000000,28
5.400000,36.50000,-0.50000,0.000000,29
5.400000,37.50000,-0.50000,0.000000,30
5.500000,7.75961,0.28215,0.173856,0
5.500000,9.00000,0.50000,0.000000,1
5.500000,10.00000,0.50000,0.000000,2
5.500000,11.00000,0.50000,0.000000,3
5.500000,12.00000,0.50000,0.244979,4
5.500000,13.00000,0.75000,0.244979,5
5.500000,14.00000,1.00000,0.463648,6
5.500000,15.00000,1.50000,0.463648,7
5.500000,16.00000,2.00000,0.000000,8
5.500000,17.00000,2.00000,0.000000,9
5.500000,18.00000,2.00000,0.000000,10
5.500000,19.00000,2.00000,-0.244979,11
5.500000,20.00000,1.75000,-0.463648,12
5.500000,21.00000,1.25000,-0.463648,13
5.500000,22.00000,0.75000,-0.463648,14
5.500000,23.00000,0.25000,-0.244979,15
5.500000,24.00000,0.00000,-0.244979,16
5.500000,25.00000,-0.25000,-0.463648,17
5.500000,26.00000,-0.75000,-0.463648,18
5.500000,27.00000,-1.25000,-0.244979,19
5.500000,28.00000,-1.50000,0.000000,20
5.500000,29.00000,-1.50000,0.000000,21
5.500000,30.00000,-1.50000,0.000000,22
5.500000,31.00000,-1.50000,0.463648,23
5.500000,32.00000,-1.00000,0.244979,24
5.500000,33.00000,-0.75000,0.244979,25
5.500000,34.00000,-0.50000,0.000000,26
5.500000,35.00000,-0.50000,0.000000,27
5.500000,36.00000,-0.50000,0.000000,28
5.500000,37.00000,-0.50000,0.000000,29
5.500000,38.00000,-0.50000,0.000000,30
5.600000,8.02530,0.24366,0.257172,0
5.600000,9.00000,0.50000,0.000000,1
5.600000,10.00000,0.50000,0.000000,2
5.600000,11.00000,0.50000,0.000000,3
5.600000,12.00000,0.50000,0.244979,4
5.600000,13.00000,0.75000,0.244979,5
5.600000,14.00000,1.00000,0.463648,6
5.600000,15.00000,1.50000,0.463648,7
5.600000,16.00000,2.00000,0.000000,8
5.600000,17.00000,2.00000,0.000000,9
5.600000,18.00000,2.00000,0.000000,10
5.600000,19.00000,2.00000,-0.244979,11
5.600000,20.00000,1.75000,-0.463648,12
5.600000,21.00000,1.25000,-0.463648,13
5.600000,22.00000,0.75000,-0.463648,14
5.600000,23.00000,0.25000,-0.244979,15
5.600000,24.00000,0.00000,-0.244979,16
5.600000,25.00000,-0.25000,-0.463648,17
5.600000,26.00000,-0.75000,-0.463648,18
5.600000,27.00000,-1.25000,-0.244979,19
5.600000,28.00000,-1.50000,0.000000,20
5.600000,29.00000,-1.50000,0.000000,21
5.600000,30.00000,-1.50000,0.000000,22
5.600000,31.00000,-1.50000,0.463648,23
5.600000,32.00000,-1.00000,0.244979,24
5.600000,33.00000,-0.75000,0.244979,25
5.600000,34.00000,-0.50000,0.000000,26
5.600000,35.00000,-0.50000,0.000000,27
5.600000,36.00000,-0.50000,0.000000,28
5.600000,37.00000,-0.50000,0.000000,29
5.600000,38.00000,-0.50000,0.000000,30
5.700000,8.26522,0.23813,0.208980,0
5.700000,9.50000,0.50000,0.000000,1
5.700000,10.50000,0.50000,0.000000,2
5.700000,11.50000,0.50000,0.000000,3
5.700000,12.50000,0.50000,0.244979,4
5.700000,13.50000,0.75000,0.244979,5
5.700000,14.50000,1.00000,0.463648,6
5.700000,15.50000,1.50000,0.463648,7
5.700000,16.50000,2.00000,0.000000,8
5.700000,17.50000,2.00000,0.000000,9
5.700000,18.50000,2.00000,-0.244979,10
5.700000,19.50000,1.75000,-0.244979,11
5.700000,20.50000,1.50000,-0.463648,12
5.700000,21.50000,1.00000,-0.463648,13
5.700000,22.50000,0.50000,-0.463648,14
5.700000,23.50000,0.00000,-0.244979,15
5.700000,24.50000,-0.25000,-0.463648,16
5.700000,25.50000,-0.75000,-0.463648,17
5.700000,26.50000,-1.25000,-0.244979,18
5.700000,27.50000,-1.50000,0.000000,19
5.700000,28.50000,-1.50000,0.000000,20
5.700000,29.50000,-1.50000,0.000000,21
5.700000,30.50000,-1.50000,0.244979,22
5.700000,31.50000,-1.25000,0.244979,23
5.700000,32.50000,-1.00000,0.244979,24
5.700000,33.50000,-0.75000,0.244979,25
5.700000,34.50000,-0.50000,0.000000,26
5.700000,35.50000,-0.50000,0.000000,27
5.700000,36.50000,-0.50000,0.000000,28
5.700000,37.50000,-0.50000,0.000000,29
5.700000,38.50000,-0.50000,0.000000,30
5.800000,8.44154,0.21710,0.261174,0
5.800000,9.50000,0.50000,0.000000,1
5.800000,10.50000,0.50000,0.000000,2
5.800000,11.50000,0.50000,0.000000,3
5.800000,12.50000,0.50000,0.244979,4
5.800000,13.50000,0.75000,0.244979,5
5.800000,14.50000,1.00000,0.463648,6
5.800000,15.50000,1.50000,0.463648,7
5.800000,16.50000,2.00000,0.000000,8
5.800000,17.50000,2.00000,0.000000,9
5.800000,18.50000,2.00000,-0.244979,10
5.800000,19.50000,1.75000,-0.244979,11
5.800000,20.50000,1.50000,-0.463648,12
5.800000,21.50000,1.00000,-0.463648,13
5.800000,22.50000,0.50000,-0.463648,14
5.800000,23.50000,0.00000,-0.244979,15
5.800000,24.50000,-0.25000,-0.244979,16
5.800000,25.50000,-0.50000,-0.463648,17
5.800000,26.50000,-1.00000,-0.244979,18
5.800000,27.50000,-1.25000,0.000000,19
5.800000,28.50000,-1.25000,0.000000,20
5.800000,29.50000,-1.25000,0.000000,21
5.800000,30.50000,-1.25000,0.000000,22
5.800000,31.50000,-1.25000,0.244979,23
5.800000,32.50000,-1.00000,0.244979,24
5.800000,33.50000,-0.75000,0.244979,25
5.800000,34.50000,-0.50000,0.000000,26
5.800000,35.50000,-0.50000,0.000000,27
5.800000,36.50000,-0.50000,0.000000,28
5.800000,37.50000,-0.50000,0.000000,29
5.800000,38.50000,-0.50000,0.000000,30
5.900000,8.63545,0.15912,0.104734,0
5.900000,9.50000,0.25000,0.000000,1
5.900000,10.50000,0.25000,0.000000,2
5.900000,11.50000,0.25000,0.244979,3
5.900000,12.50000,0.50000,0.244979,4
5.900000,13.50000,0.75000,0.244979,5
5.900000,14.50000,1.00000,0.463648,6
5.900000,15.50000,1.50000,0.463648,7
5.900000,16.50000,2.00000,0.000000,8
5.900000,17.50000,2.00000,0.000000,9
5.900000,18.50000,2.00000,-0.244979,10
5.900000,19.50000,1.75000,-0.244979,11
5.900000,20.50000,1.50000,-0.463648,12
5.900000,21.50000,1.00000,-0.463648,13
5.900000,22.50000,0.50000,-0.463648,14
5.900000,23.50000,0.00000,-0.244979,15
5.900000,24.50000,-0.25000,-0.463648,16
5.900000,25.50000,-0.75000,-0.463648,17
5.900000,26.50000,-1.25000,-0.244979,18
5.900000,27.50000,-1.50000,0.000000,19
5.900000,28.50000,-1.50000,0.000000,20
5.900000,29.50000,-1.50000,0.000000,21
5.900000,30.50000,-1.50000,0.244979,22
5.900000,31.50000,-1.25000,0.244979,23
5.900000,32.50000,-1.00000,0.244979,24
5.900000,33.50000,-0.75000,0.244979,25
5.900000,34.50000,-0.50000,0.000000,26
5.900000,35.50000,-0.50000,0.000000,27
5.900000,36.50000,-0.50000,0.000000,28
5.900000,37.50000,-0.50000,0.000000,29
5.900000,38.50000,-0.50000,0.000000,30
6.000000,8.85433,0.13811,0.097358,0
6.000000,10.00000,0.25000,0.000000,1
6.000000,11.00000,0.25000,0.244979,2
6.000000,12.00000,0.50000,0.244979,3
6.000000,13.00000,0.75000,0.244979,4
6.000000,14.00000,1.00000,0.463648,5
6.000000,15.00000,1.50000,0.463648,6
6.000000,16.00000,2.00000,0.000000,7
6.000000,17.00000,2.00000,0.000000,8
6.000000,18.00000,2.00000,-0.244979,9
6.000000,19.00000,1.75000,-0.244979,10
6.000000,20.00000,1.50000,-0.244979,11
6.000000,21.00000,1.25000,-0.463648,12
6.000000,22.00000,0.75000,-0.463648,13
6.000000,23.00000,0.25000,-0.244979,14
6.000000,24.00000,0.00000,-0.244979,15
6.000000,25.00000,-0.25000,-0.463648,16
6.000000,26.00000,-0.75000,-0.463648,17
6.000000,27.00000,-1.25000,-0.244979,18
6.000000,28.00000,-1.50000,0.000000,19
6.000000,29.00000,-1.50000,0.000000,20
6.000000,30.00000,-1.50000,0.000000,21
6.000000,31.00000,-1.50000,0.463648,22
6.000000,32.00000,-1.00000,0.244979,23
6.000000,33.00000,-0.75000,0.244979,24
6.000000,34.00000,-0.50000,0.000000,25
6.000000,35.00000,-0.50000,0.000000,26
6.000000,36.00000,-0.50000,0.000000,27
6.000000,37.00000,-0.50000,0.000000,28
6.000000,38.00000,-0.50000,0.000000,29
6.000000,39.00000,-0.50000,0.000000,30
6.100000,9.00179,0.11152,0.137847,0
6.100000,10.00000,0.25000,0.000000,1
6.100000,11.00000,0.25000,0.244979,2
6.100000,12.00000,0.50000,0.244979,3
6.100000,13.00000,0.75000,0.244979,4
6.100000,14.00000,1.00000,0.463648,5
6.100000,15.00000,1.50000,0.463648,6
6.100000,16.00000,2.00000,0.000000,7
6.100000,17.00000,2.00000,0.000000,8
6.100000,18.00000,2.00000,0.000000,9
6.100000,19.00000,2.00000,-0.244979,10
6.100000,20.00000,1.75000,-0.463648,11
6.100000,21.00000,1.25000,-0.463648,12
6.100000,22.00000,0.75000,-0.463648,13
6.100000,23.00000,0.25000,-0.244979,14
6.100000,24.00000,0.00000,-0.244979,15
6.100000,25.00000,-0.25000,-0.463648,16
6.100000,26.00000,-0.75000,-0.463648,17
6.100000,27.00000,-1.25000,-0.244979,18
6.100000,28.00000,-1.50000,0.000000,19
6.100000,29.00000,-1.50000,0.000000,20
6.100000,30.00000,-1.50000,0.000000,21
6.100000,31.00000,-1.50000,0.463648,22
6.100000,32.00000,-1.00000,0.244979,23
6.100000,33.00000,-0.75000,0.244979,24
6.100000,34.00000,-0.50000,0.000000,25
6.100000,35.00000,-0.50000,0.000000,26
6.100000,36.00000,-0.50000,0.000000,27
6.100000,37.00000,-0.50000,0.000000,28
6.100000,38.00000,-0.50000,0.000000,29
6.100000,39.00000,-0.50000,0.000000,30
6.200000,9.17328,0.08701,0.194657,0
6.200000,10.00000,0.25000,0.000000,1
6.200000,11.00000,0.25000,0.244979,2
6.200000,12.00000,0.50000,0.244979,3
6.200000,13.00000,0.75000,0.244979,4
6.200000,14.00000,1.00000,0.463648,5
6.200000,15.00000,1.50000,0.463648,6
6.200000,16.00000,2.00000,0.000000,7
6.200000,17.00000,2.00000,0.000000,8
6.200000,18.00000,2.00000,-0.244979,9
6.200000,19.00000,1.75000,-0.244979,10
6.200000,20.00000,1.50000,-0.244979,11
6.200000,21.00000,1.25000,-0.463648,12
6.200000,22.00000,0.75000,-0.463648,13
6.200000,23.00000,0.25000,-0.244979,14
6.200000,24.00000,0.00000,-0.244979,15
6.200000,25.00000,-0.25000,-0.463648,16
6.200000,26.00000,-0.75000,-0.463648,17
6.200000,27.00000,-1.25000,-0.244979,18
6.200000,28.00000,-1.50000,0.000000,19
6.200000,29.00000,-1.50000,0.000000,20
6.200000,30.00000,-1.50000,0.000000,21
6.200000,31.00000,-1.50000,0.463648,22
6.200000,32.00000,-1.00000,0.244979,23
6.200000,33.00000,-0.75000,0.244979,24
6.200000,34.00000,-0.50000,0.000000,25
6.200000,35.00000,-0.50000,0.000000,26
6.200000,36.00000,-0.50000,0.000000,27
6.200000,37.00000,-0.50000,0.000000,28
6.200000,38.00000,-0.50000,0.000000,29
6.200000,39.00000,-0.50000,0.000000,30
6.300000,9.32741,0.09056,0.135144,0
6.300000,10.50000,0.25000,0.000000,1
6.300000,11.50000,0.25000,0.244979,2
6.300000,12.50000,0.50000,0.244979,3
6.300000,13.50000,0.75000,0.244979,4
6.300000,14.50000,1.00000,0.463648,5
6.300000,15.50000,1.50000,0.463648,6
6.300000,16.50000,2.00000,0.000000,7
6.300000,17.50000,2.00000,0.000000,8
6.300000,18.50000,2.00000,-0.244979,9
6.300000,19.50000,1.75000,-0.244979,10
6.300000,20.50000,1.50000,-0.463648,11
6.300000,21.50000,1.00000,-0.463648,12
6.300000,22.50000,0.50000,-0.463648,13
6.300000,23.50000,0.00000,-0.244979,14
6.300000,24.50000,-0.25000,-0.244979,15
6.300000,25.50000,-0.50000,-0.463648,16
6.300000,26.50000,-1.00000,-0.244979,17
6.300000,27.50000,-1.25000,-0.244979,18
6.300000,28.50000,-1.50000,0.000000,19
6.300000,29.50000,-1.50000,0.000000,20
6.300000,30.50000,-1.50000,0.244979,21
6.300000,31.50000,-1.25000,0.244979,22
6.300000,32.50000,-1.00000,0.244979,23
6.300000,33.50000,-0.75000,0.244979,24
6.300000,34.50000,-0.50000,0.000000,25
6.300000,35.50000,-0.50000,0.000000,26
6.300000,36.50000,-0.50000,0.000000,27
6.300000,37.50000,-0.50000,0.000000,28
6.300000,38.50000,-0.50000,0.000000,29
6.300000,39.50000,-0.50000,0.000000,30
6.400000,9.49764,0.10234,0.146260,0
6.400000,10.50000,0.25000,0.000000,1
6.400000,11.50000,0.25000,0.244979,2
6.400000,12.50000,0.50000,0.244979,3
6.400000,13.50000,0.75000,0.244979,4
6.400000,14.50000,1.00000,0.463648,5
6.400000,15.50000,1.50000,0.463648,6
6.400000,16.50000,2.00000,0.000000,7
6.400000,17.50000,2.00000,0.000000,8
6.400000,18.50000,2.00000,-0.244979,9
6.400000,19.50000,1.75000,-0.244979,10
6.400000,20.50000,1.50000,-0.463648,11
6.400000,21.50000,1.00000,-0.463648,12
6.400000,22.50000,0.50000,-0.463648,13
6.400000,23.50000,0.00000,-0.244979,14
6.400000,24.50000,-0.25000,-0.463648,15
6.400000,25.50000,-0.75000,-0.463648,16
6.400000,26.50000,-1.25000,-0.244979,17
6.400000,27.50000,-1.50000,0.000000,18
6.400000,28.50000,-1.50000,0.000000,19
6.400000,29.50000,-1.50000,0.000000,20
6.400000,30.50000,-1.50000,0.244979,21
6.400000,31.50000,-1.25000,0.244979,22
6.400000,32.50000,-1.00000,0.244979,23
6.400000,33.50000,-0.75000,0.244979,24
6.400000,34.50000,-0.50000,0.000000,25
6.400000,35.50000,-0.50000,0.000000,26
6.400000,36.50000,-0.50000,0.000000,27
6.400000,37.50000,-0.50000,0.000000,28
6.400000,38.50000,-0.50000,0.000000,29
6.400000,39.50000,-0.50000,0.000000,30
6.500000,9.64016,0.07483,0.200970,0
6.500000,10.50000,0.25000,0.000000,1
6.500000,11.50000,0.25000,0.244979,2
6.500000,12.50000,0.50000,0.244979,3
6.500000,13.50000,0.75000,0.244979,4
6.500000,14.50000,1.00000,0.463648,5
6.500000,15.50000,1.50000,0.463648,6
6.500000,16.50000,2.00000,0.000000,7
6.500000,17.50000,2.00000,0.000000,8
6.500000,18.50000,2.00000,-0.244979,9
6.500000,19.50000,1.75000,-0.244979,10
6.500000,20.50000,1.50000,-0.463648,11
6.500000,21.50000,1.00000,-0.463648,12
6.500000,22.50000,0.50000,-0.463648,13
6.500000,23.50000,0.00000,-0.244979,14
6.500000,24.50000,-0.25000,-0.463648,15
6.500000,25.50000,-0.75000,-0.463648,16
6.500000,26.50000,-1.25000,-0.244979,17
6.500000,27.50000,-1.50000,0.000000,18
6.500000,28.50000,-1.50000,0.000000,19
6.500000,29.50000,-1.50000,0.000000,20
6.500000,30.50000,-1.50000,0.244979,21
6.500000,31.50000,-1.25000,0.244979,22
6.500000,32.50000,-1.00000,0.244979,23
6.500000,33.50000,-0.75000,0.244979,24
6.500000,34.50000,-0.50000,0.000000,25
6.500000,35.50000,-0.50000,0.000000,26
6.500000,36.50000,-0.50000,0.000000,27
6.500000,37.50000,-0.50000,0.000000,28
6.500000,38.50000,-0.50000,0.000000,29
6.500000,39.50000,-0.50000,0.000000,30
6.600000,9.78754,0.07707,0.141675,0
6.600000,11.00000,0.25000,0.244979,1
6.600000,12.00000,0.50000,0.244979,2
6.600000,13.00000,0.75000,0.244979,3
6.600000,14.00000,1.00000,0.463648,4
6.600000,15.00000,1.50000,0.463648,5
6.600000,16.00000,2.00000,0.000000,6
6.600000,17.00000,2.00000,0.000000,7
6.600000,18.00000,2.00000,0.000000,8
6.600000,19.00000,2.00000,-0.244979,9
6.600000,20.00000,1.75000,-0.463648,10
6.600000,21.00000,1.25000,-0.463648,11
6.600000,22.00000,0.75000,-0.463648,12
6.600000,23.00000,0.25000,-0.244979,13
6.600000,24.00000,0.00000,-0.244979,14
6.600000,25.00000,-0.25000,-0.463648,15
6.600000,26.00000,-0.75000,-0.463648,16
6.600000,27.00000,-1.25000,-0.244979,17
6.600000,28.00000,-1.50000,0.000000,18
6.600000,29.00000,-1.50000,0.000000,19
6.600000,30.00000,-1.50000,0.000000,20
6.600000,31.00000,-1.50000,0.463648,21
6.600000,32.00000,-1.00000,0.244979,22
6.600000,33.00000,-0.75000,0.244979,23
6.600000,34.00000,-0.50000,0.000000,24
6.600000,35.00000,-0.50000,0.000000,25
6.600000,36.00000,-0.50000,0.000000,26
6.600000,37.00000,-0.50000,0.000000,27
6.600000,38.00000,-0.50000,0.000000,28
6.600000,39.00000,-0.50000,0.000000,29
6.600000,40.00000,-0.50000,0.000000,30
6.700000,9.91222,0.09140,0.359320,0
6.700000,11.00000,0.50000,0.000000,1
6.700000,12.00000,0.50000,0.244979,2
6.700000,13.00000,0.75000,0.244979,3
6.700000,14.00000,1.00000,0.463648,4
6.700000,15.00000,1.50000,0.463648,5
6.700000,16.00000,2.00000,0.000000,6
6.700000,17.00000,2.00000,0.000000,7
6.700000,18.00000,2.00000,0.000000,8
6.700000,19.00000,2.00000,-0.244979,9
6.700000,20.00000,1.75000,-0.463648,10
6.700000,21.00000,1.25000,-0.463648,11
6.700000,22.00000,0.75000,-0.463648,12
6.700000,23.00000,0.25000,-0.244979,13
6.700000,24.00000,0.00000,-0.244979,14
6.700000,25.00000,-0.25000,-0.463648,15
6.700000,26.00000,-0.75000,-0.463648,16
6.700000,27.00000,-1.25000,-0.244979,17
6.700000,28.00000,-1.50000,0.000000,18
6.700000,29.00000,-1.50000,0.000000,19
6.700000,30.00000,-1.50000,0.000000,20
6.700000,31.00000,-1.50000,0.463648,21
6.700000,32.00000,-1.00000,0.244979,22
6.700000,33.00000,-0.75000,0.244979,23
6.700000,34.00000,-0.50000,0.000000,24
6.700000,35.00000,-0.50000,0.000000,25
6.700000,36.00000,-0.50000,0.000000,26
6.700000,37.00000,-0.50000,0.000000,27
6.700000,38.00000,-0.50000,0.000000,28
6.700000,39.00000,-0.50000,0.000000,29
6.700000,40.00000,-0.50000,0.000000,30
6.800000,9.98989,0.09335,0.382733,0
6.800000,11.00000,0.50000,0.000000,1
6.800000,12.00000,0.50000,0.244979,2
6.800000,13.00000,0.75000,0.244979,3
6.800000,14.00000,1.00000,0.463648,4
6.800000,15.00000,1.50000,0.463648,5
6.800000,16.00000,2.00000,0.000000,6
6.800000,17.00000,2.00000,0.000000,7
6.800000,18.00000,2.00000,-0.244979,8
6.800000,19.00000,1.75000,-0.244979,9
6.800000,20.00000,1.50000,-0.244979,10
6.800000,21.00000,1.25000,-0.463648,11
6.800000,22.00000,0.75000,-0.463648,12
6.800000,23.00000,0.25000,-0.244979,13
6.800000,24.00000,0.00000,-0.244979,14
6.800000,25.00000,-0.25000,-0.463648,15
6.800000,26.00000,-0.75000,-0.463648,16
6.800000,27.00000,-1.25000,-0.244979,17
6.800000,28.00000,-1.50000,0.000000,18
6.800000,29.00000,-1.50000,0.000000,19
6.800000,30.00000,-1.50000,0.000000,20
6.800000,31.00000,-1.50000,0.463648,21
6.800000,32.00000,-1.00000,0.244979,22
6.800000,33.00000,-0.75000,0.244979,23
6.800000,34.00000,-0.50000,0.000000,24
6.800000,35.00000,-0.50000,0.000000,25
6.800000,36.00000,-0.50000,0.000000,26
6.800000,37.00000,-0.50000,0.000000,27
6.800000,38.00000,-0.50000,0.000000,28
6.800000,39.00000,-0.50000,0.000000,29
6.800000,40.00000,-0.50000,0.000000,30
6.900000,10.16806,0.08836,0.191898,0
6.900000,11.00000,0.25000,0.244979,1
6.900000,12.00000,0.50000,0.244979,2
6.900000,13.00000,0.75000,0.244979,3
6.900000,14.00000,1.00000,0.463648,4
6.900000,15.00000,1.50000,0.463648,5
6.900000,16.00000,2.00000,0.000000,6
6.900000,17.00000,2.00000,0.000000,7
6.900000,18.00000,2.00000,-0.244979,8
6.900000,19.00000,1.75000,-0.244979,9
6.900000,20.00000,1.50000,-0.244979,10
6.900000,21.00000,1.25000,-0.463648,11
6.900000,22.00000,0.75000,-0.463648,12
6.900000,23.00000,0.25000,-0.244979,13
6.900000,24.00000,0.00000,-0.244979,14
6.900000,25.00000,-0.25000,-0.463648,15
6.900000,26.00000,-0.75000,-0.463648,16
6.900000,27.00000,-1.25000,-0.244979,17
6.900000,28.00000,-1.50000,0.000000,18
6.900000,29.00000,-1.50000,0.000000,19
6.900000,30.00000,-1.50000,0.000000,20
6.900000,31.00000,-1.50000,0.463648,21
6.900000,32.00000,-1.00000,0.244979,22
6.900000,33.00000,-0.75000,0.244979,23
6.900000,34.00000,-0.50000,0.000000,24
6.900000,35.00000,-0.50000,0.000000,25
6.900000,36.00000,-0.50000,0.000000,26
6.900000,37.00000,-0.50000,0.000000,27
6.900000,38.00000,-0.50000,0.000000,28
6.900000,39.00000,-0.50000,0.000000,29
6.900000,40.00000,-0.50000,0.000000,30
7.000000,10.28532,0.11121,0.309768,0
7.000000,11.50000,0.50000,0.000000,1
7.000000,12.50000,0.50000,0.244979,2
7.000000,13.50000,0.75000,0.244979,3
7.000000,14.50000,1.00000,0.463648,4
7.000000,15.50000,1.50000,0.463648,5
7.000000,16.50000,2.00000,0.000000,6
7.000000,17.50000,2.00000,0.000000,7
7.000000,18.50000,2.00000,-0.244979,8
7.000000,19.50000,1.75000,-0.244979,9
7.000000,20.50000,1.50000,-0.463648,10
7.000000,21.50000,1.00000,-0.463648,11
7.000000,22.50000,0.50000,-0.463648,12
7.000000,23.50000,0.00000,-0.244979,13
7.000000,24.50000,-0.25000,-0.463648,14
7.000000,25.50000,-0.75000,-0.463648,15
7.000000,26.50000,-1.25000,-0.244979,16
7.000000,27.50000,-1.50000,0.000000,17
7.000000,28.50000,-1.50000,0.000000,18
7.000000,29.50000,-1.50000,0.000000,19
7.000000,30.50000,-1.50000,0.244979,20
7.000000,31.50000,-1.25000,0.244979,21
7.000000,32.50000,-1.00000,0.244979,22
7.000000,33.50000,-0.75000,0.244979,23
7.000000,34.50000,-0.50000,0.000000,24
7.000000,35.50000,-0.50000,0.000000,25
7.000000,36.50000,-0.50000,0.000000,26
7.000000,37.50000,-0.50000,0.000000,27
7.000000,38.50000,-0.50000,0.000000,28
7.000000,39.50000,-0.50000,0.000000,29
7.000000,40.50000,-0.50000,0.000000,30
7.100000,10.41804,0.16470,0.300512,0
7.100000,11.50000,0.50000,0.000000,1
7.100000,12.50000,0.50000,0.244979,2
7.100000,13.50000,0.75000,0.244979,3
7.100000,14.50000,1.00000,0.463648,4
7.100000,15.50000,1.50000,0.463648,5
7.100000,16.50000,2.00000,0.000000,6
7.100000,17.50000,2.00000,0.000000,7
7.100000,18.50000,2.00000,-0.244979,8
7.100000,19.50000,1.75000,-0.244979,9
7.100000,20.50000,1.50000,-0.463648,10
7.100000,21.50000,1.00000,-0.463648,11
7.100000,22.50000,0.50000,-0.463648,12
7.100000,23.50000,0.00000,-0.244979,13
7.100000,24.50000,-0.25000,-0.463648,14
7.100000,25.50000,-0.75000,-0.463648,15
7.100000,26.50000,-1.25000,-0.244979,16
7.100000,27.50000,-1.50000,0.000000,17
7.100000,28.50000,-1.50000,0.000000,18
7.100000,29.50000,-1.50000,0.000000,19
7.100000,30.50000,-1.50000,0.244979,20
7.100000,31.50000,-1.25000,0.244979,21
7.100000,32.50000,-1.00000,0.244979,22
7.100000,33.50000,-0.75000,0.244979,23
7.100000,34.50000,-0.50000,0.000000,24
7.100000,35.50000,-0.50000,0.000000,25
7.100000,36.50000,-0.50000,0.000000,26
7.100000,37.50000,-0.50000,0.000000,27
7.100000,38.50000,-0.50000,0.000000,28
7.100000,39.50000,-0.50000,0.000000,29
7.100000,40.50000,-0.50000,0.000000,30
7.200000,10.54709,0.15336,0.348885,0
7.200000,11.50000,0.50000,0.000000,1
7.200000,12.50000,0.50000,0.244979,2
7.200000,13.50000,0.75000,0.244979,3
7.200000,14.50000,1.00000,0.463648,4
7.200000,15.50000,1.50000,0.463648,5
7.200000,16.50000,2.00000,0.000000,6
7.200000,17.50000,2.00000,0.000000,7
7.200000,18.50000,2.00000,-0.244979,8
7.200000,19.50000,1.75000,-0.244979,9
7.200000,20.50000,1.50000,-0.463648,10
7.200000,21.50000,1.00000,-0.463648,11
7.200000,22.50000,0.50000,-0.463648,12
7.200000,23.50000,0.00000,-0.244979,13
7.200000,24.50000,-0.25000,-0.244979,14
7.200000,25.50000,-0.50000,-0.463648,15
7.200000,26.50000,-1.00000,-0.244979,16
7.200000,27.50000,-1.25000,0.000000,17
7.200000,28.50000,-1.25000,0.000000,18
7.200000,29.50000,-1.25000,0.000000,19
7.200000,30.50000,-1.25000,0.000000,20
7.200000,31.50000,-1.25000,0.244979,21
7.200000,32.50000,-1.00000,0.244979,22
7.200000,33.50000,-0.75000,0.244979,23
7.200000,34.50000,-0.50000,0.000000,24
7.200000,35.50000,-0.50000,0.000000,25
7.200000,36.50000,-0.50000,0.000000,26
7.200000,37.50000,-0.50000,0.000000,27
7.200000,38.50000,-0.50000,0.000000,28
7.200000,39.50000,-0.50000,0.000000,29
7.200000,40.50000,-0.50000,0.000000,30
7.300000,10.71434,0.15489,0.413892,0
7.300000,11.50000,0.50000,0.000000,1
7.300000,12.50000,0.50000,0.244979,2
7.300000,13.50000,0.75000,0.244979,3
7.300000,14.50000,1.00000,0.463648,4
7.300000,15.50000,1.50000,0.463648,5
7.300000,16.50000,2.00000,0.000000,6
7.300000,17.50000,2.00000,0.000000,7
7.300000,18.50000,2.00000,-0.244979,8
7.300000,19.50000,1.75000,-0.244979,9
7.300000,20.50000,1.50000,-0.463648,10
7.300000,21.50000,1.00000,-0.463648,11
7.300000,22.50000,0.50000,-0.463648,12
7.300000,23.50000,0.00000,-0.244979,13
7.300000,24.50000,-0.25000,-0.463648,14
7.300000,25.50000,-0.75000,-0.463648,15
7.300000,26.50000,-1.25000,-0.244979,16
7.300000,27.50000,-1.50000,0.000000,17
7.300000,28.50000,-1.50000,0.000000,18
7.300000,29.50000,-1.50000,0.000000,19
7.300000,30.50000,-1.50000,0.244979,20
7.300000,31.50000,-1.25000,0.244979,21
7.300000,32.50000,-1.00000,0.244979,22
7.300000,33.50000,-0.75000,0.244979,23
7.300000,34.50000,-0.50000,0.000000,24
7.300000,35.50000,-0.50000,0.000000,25
7.300000,36.50000,-0.50000,0.000000,26
7.300000,37.50000,-0.50000,0.000000,27
7.300000,38.50000,-0.50000,0.000000,28
7.300000,39.50000,-0.50000,0.000000,29
7.300000,40.50000,-0.50000,0.000000,30
7.400000,10.83587,0.15125,0.291075,0
7.400000,12.00000,0.50000,0.244979,1
7.400000,13.00000,0.75000,0.244979,2
7.400000,14.00000,1.00000,0.463648,3
7.400000,15.00000,1.50000,0.463648,4
7.400000,16.00000,2.00000,0.000000,5
7.400000,17.00000,2.00000,0.000000,6
7.400000,18.00000,2.00000,0.000000,7
7.400000,19.00000,2.00000,-0.244979,8
7.400000,20.00000,1.75000,-0.463648,9
7.400000,21.00000,1.25000,-0.463648,10
7.400000,22.00000,0.75000,-0.463648,11
7.400000,23.00000,0.25000,-0.244979,12
7.400000,24.00000,0.00000,-0.244979,13
7.400000,25.00000,-0.25000,-0.463648,14
7.400000,26.00000,-0.75000,-0.463648,15
7.400000,27.00000,-1.25000,-0.244979,16
7.400000,28.00000,-1.50000,0.000000,17
7.400000,29.00000,-1.50000,0.000000,18
7.400000,30.00000,-1.50000,0.000000,19
7.400000,31.00000,-1.50000,0.463648,20
7.400000,32.00000,-1.00000,0.244979,21
7.400000,33.00000,-0.75000,0.244979,22
7.400000,34.00000,-0.50000,0.244979,23
7.400000,35.00000,-0.25000,0.000000,24
7.400000,36.00000,-0.25000,0.000000,25
7.400000,37.00000,-0.25000,0.000000,26
7.400000,38.00000,-0.25000,0.000000,27
7.400000,39.00000,-0.25000,0.000000,28
7.400000,40.00000,-0.25000,0.000000,29
7.400000,41.00000,-0.25000,0.000000,30
7.502000,10.99232,0.15144,0.333020,0
7.502000,12.00000,0.50000,0.244979,1
7.502000,13.00000,0.75000,0.244979,2
7.502000,14.00000,1.00000,0.463648,3
7.502000,15.00000,1.50000,0.463648,4
7.502000,16.00000,2.00000,0.000000,5
7.502000,17.00000,2.00000,0.000000,6
7.502000,18.00000,2.00000,-0.244979,7
7.502000,19.00000,1.75000,-0.244979,8
7.502000,20.00000,1.50000,-0.244979,9
7.502000,21.00000,1.25000,-0.463648,10
7.502000,22.00000,0.75000,-0.463648,11
7.502000,23.00000,0.25000,-0.244979,12
7.502000,24.00000,0.00000,-0.244979,13
7.502000,25.00000,-0.25000,-0.463648,14
7.502000,26.00000,-0.75000,-0.463648,15
7.502000,27.00000,-1.25000,-0.244979,16
7.502000,28.00000,-1.50000,0.000000,17
7.502000,29.00000,-1.50000,0.000000,18
7.502000,30.00000,-1.50000,0.000000,19
7.502000,31.00000,-1.50000,0.463648,20
7.502000,32.00000,-1.00000,0.244979,21
7.502000,33.00000,-0.75000,0.244979,22
7.502000,34.00000,-0.50000,0.244979,23
7.502000,35.00000,-0.25000,0.000000,24
7.502000,36.00000,-0.25000,0.000000,25
7.502000,37.00000,-0.25000,0.000000,26
7.502000,38.00000,-0.25000,0.000000,27
7.502000,39.00000,-0.25000,0.000000,28
7.502000,40.00000,-0.25000,0.000000,29
7.502000,41.00000,-0.25000,0.000000,30
7.600000,11.22364,0.17625,0.395077,0
7.600000,12.00000,0.50000,0.244979,1
7.600000,13.00000,0.75000,0.244979,2
7.600000,14.00000,1.00000,0.463648,3
7.600000,15.00000,1.50000,0.463648,4
7.600000,16.00000,2.00000,0.000000,5
7.600000,17.00000,2.00000,0.000000,6
7.600000,18.00000,2.00000,0.000000,7
7.600000,19.00000,2.00000,-0.244979,8
7.600000,20.00000,1.75000,-0.463648,9
7.600000,21.00000,1.25000,-0.463648,10
7.600000,22.00000,0.75000,-0.463648,11
7.600000,23.00000,0.25000,-0.244979,12
7.600000,24.00000,0.00000,-0.244979,13
7.600000,25.00000,-0.25000,-0.463648,14
7.600000,26.00000,-0.75000,-0.463648,15
7.600000,27.00000,-1.25000,0.000000,16
7.600000,28.00000,-1.25000,0.000000,17
7.600000,29.00000,-1.25000,0.000000,18
7.600000,30.00000,-1.25000,0.000000,19
7.600000,31.00000,-1.25000,0.244979,20
7.600000,32.00000,-1.00000,0.244979,21
7.600000,33.00000,-0.75000,0.244979,22
7.600000,34.00000,-0.50000,0.244979,23
7.600000,35.00000,-0.25000,0.000000,24
7.600000,36.00000,-0.25000,0.000000,25
7.600000,37.00000,-0.25000,0.000000,26
7.600000,38.00000,-0.25000,0.000000,27
7.600000,39.00000,-0.25000,0.000000,28
7.600000,40.00000,-0.25000,0.000000,29
7.600000,41.00000,-0.25000,0.000000,30
7.700000,11.34156,0.16025,0.285281,0
7.700000,12.50000,0.50000,0.244979,1
7.700000,13.50000,0.75000,0.244979,2
7.700000,14.50000,1.00000,0.463648,3
7.700000,15.50000,1.50000,0.463648,4
7.700000,16.50000,2.00000,0.000000,5
7.700000,17.50000,2.00000,0.000000,6
7.700000,18.50000,2.00000,-0.244979,7
7.700000,19.50000,1.75000,-0.244979,8
7.700000,20.50000,1.50000,-0.463648,9
7.700000,21.50000,1.00000,-0.463648,10
7.700000,22.50000,0.50000,-0.463648,11
7.700000,23.50000,0.00000,-0.244979,12
7.700000,24.50000,-0.25000,-0.463648,13
7.700000,25.50000,-0.75000,-0.463648,14
7.700000,26.50000,-1.25000,-0.244979,15
7.700000,27.50000,-1.50000,0.000000,16
7.700000,28.50000,-1.50000,0.000000,17
7.700000,29.50000,-1.50000,0.000000,18
7.700000,30.50000,-1.50000,0.244979,19
7.700000,31.50000,-1.25000,0.463648,20
7.700000,32.50000,-0.75000,0.244979,21
7.700000,33.50000,-0.50000,0.244979,22
7.700000,34.50000,-0.25000,0.000000,23
7.700000,35.50000,-0.25000,0.000000,24
7.700000,36.50000,-0.25000,0.000000,25
7.700000,37.50000,-0.25000,0.000000,26
7.700000,38.50000,-0.25000,0.000000,27
7.700000,39.50000,-0.25000,0.000000,28
7.700000,40.50000,-0.25000,0.000000,29
7.700000,41.50000,-0.25000,0.000000,30
7.800000,11.50205,0.20160,0.290545,0
7.800000,12.50000,0.50000,0.244979,1
7.800000,13.50000,0.75000,0.244979,2
7.800000,14.50000,1.00000,0.463648,3
7.800000,15.50000,1.50000,0.463648,4
7.800000,16.50000,2.00000,0.000000,5
7.800000,17.50000,2.00000,0.000000,6
7.800000,18.50000,2.00000,-0.244979,7
7.800000,19.50000,1.75000,-0.244979,8
7.800000,20.50000,1.50000,-0.463648,9
7.800000,21.50000,1.00000,-0.463648,10
7.800000,22.50000,0.50000,-0.463648,11
7.800000,23.50000,0.00000,-0.244979,12
7.800000,24.50000,-0.25000,-0.463648,13
7.800000,25.50000,-0.75000,-0.463648,14
7.800000,26.50000,-1.25000,-0.244979,15
7.800000,27.50000,-1.50000,0.000000,16
7.800000,28.50000,-1.50000,0.000000,17
7.800000,29.50000,-1.50000,0.000000,18
7.800000,30.50000,-1.50000,0.244979,19
7.800000,31.50000,-1.25000,0.463648,20
7.800000,32.50000,-0.75000,0.244979,21
7.800000,33.50000,-0.50000,0.244979,22
7.800000,34.50000,-0.25000,0.000000,23
7.800000,35.50000,-0.25000,0.000000,24
7.800000,36.50000,-0.25000,0.000000,25
7.800000,37.50000,-0.25000,0.000000,26
7.800000,38.50000,-0.25000,0.000000,27
7.800000,39.50000,-0.25000,0.000000,28
7.800000,40.50000,-0.25000,0.000000,29
7.800000,41.50000,-0.25000,0.000000,30
7.900000,11.67947,0.20385,0.346373,0
7.900000,12.50000,0.50000,0.244979,1
7.900000,13.50000,0.75000,0.244979,2
7.900000,14.50000,1.00000,0.463648,3
7.900000,15.50000,1.50000,0.463648,4
7.900000,16.50000,2.00000,0.000000,5
7.900000,17.50000,2.00000,0.000000,6
7.900000,18.50000,2.00000,-0.244979,7
7.900000,19.50000,1.75000,-0.244979,8
7.900000,20.50000,1.50000,-0.463648,9
7.900000,21.50000,1.00000,-0.463648,10
7.900000,22.50000,0.50000,-0.463648,11
7.900000,23.50000,0.00000,-0.244979,12
7.900000,24.50000,-0.25000,-0.463648,13
7.900000,25.50000,-0.75000,-0.463648,14
7.900000,26.50000,-1.25000,-0.244979,15
7.900000,27.50000,-1.50000,0.000000,16
7.900000,28.50000,-1.50000,0.000000,17
7.900000,29.50000,-1.50000,0.000000,18
7.900000,30.50000,-1.50000,0.244979,19
7.900000,31.50000,-1.25000,0.463648,20
7.900000,32.50000,-0.75000,0.244979,21
7.900000,33.50000,-0.50000,0.244979,22
7.900000,34.50000,-0.25000,0.000000,23
7.900000,35.50000,-0.25000,0.000000,24
7.900000,36.50000,-0.25000,0.000000,25
7.900000,37.50000,-0.25000,0.000000,26
7.900000,38.50000,-0.25000,0.000000,27
7.900000,39.50000,-0.25000,0.000000,28
7.900000,40.50000,-0.25000,0.000000,29
7.900000,41.50000,-0.25000,0.000000,30
8.000000,11.90786,0.27093,0.413375,0
8.000000,13.00000,0.75000,0.244979,1
8.000000,14.00000,1.00000,0.463648,2
8.000000,15.00000,1.50000,0.463648,3
8.000000,16.00000,2.00000,0.000000,4
8.000000,17.00000,2.00000,0.000000,5
8.000000,18.00000,2.00000,-0.244979,6
8.000000,19.00000,1.75000,-0.244979,7
8.000000,20.00000,1.50000,-0.244979,8
8.000000,21.00000,1.25000,-0.463648,9
8.000000,22.00000,0.75000,-0.463648,10
8.000000,23.00000,0.25000,-0.244979,11
8.000000,24.00000,0.00000,-0.244979,12
8.000000,25.00000,-0.25000,-0.463648,13
8.000000,26.00000,-0.75000,-0.463648,14
8.000000,27.00000,-1.25000,-0.244979,15
8.000000,28.00000,-1.50000,0.000000,16
8.000000,29.00000,-1.50000,0.000000,17
8.000000,30.00000,-1.50000,0.000000,18
8.000000,31.00000,-1.50000,0.463648,19
8.000000,32.00000,-1.00000,0.244979,20
8.000000,33.00000,-0.75000,0.244979,21
8.000000,34.00000,-0.50000,0.244979,22
8.000000,35.00000,-0.25000,0.000000,23
8.000000,36.00000,-0.25000,0.000000,24
8.000000,37.00000,-0.25000,0.000000,25
8.000000,38.00000,-0.25000,0.000000,26
8.000000,39.00000,-0.25000,0.000000,27
8.000000,40.00000,-0.25000,0.000000,28
8.000000,41.00000,-0.25000,0.000000,29
8.000000,42.00000,-0.25000,0.000000,30
8.102000,12.01651,0.28552,0.441222,0
8.102000,13.00000,0.75000,0.244979,1
8.102000,14.00000,1.00000,0.463648,2
8.102000,15.00000,1.50000,0.463648,3
8.102000,16.00000,2.00000,0.000000,4
8.102000,17.00000,2.00000,0.000000,5
8.102000,18.00000,2.00000,0.000000,6
8.102000,19.00000,2.00000,-0.244979,7
8.102000,20.00000,1.75000,-0.463648,8
8.102000,21.00000,1.25000,-0.463648,9
8.102000,22.00000,0.75000,-0.463648,10
8.102000,23.00000,0.25000,-0.244979,11
8.102000,24.00000,0.00000,-0.244979,12
8.102000,25.00000,-0.25000,-0.463648,13
8.102000,26.00000,-0.75000,-0.463648,14
8.102000,27.00000,-1.25000,-0.244979,15
8.102000,28.00000,-1.50000,0.000000,16
8.102000,29.00000,-1.50000,0.000000,17
8.102000,30.00000,-1.50000,0.000000,18
8.102000,31.00000,-1.50000,0.463648,19
8.102000,32.00000,-1.00000,0.244979,20
8.102000,33.00000,-0.75000,0.244979,21
8.102000,34.00000,-0.50000,0.244979,22
8.102000,35.00000,-0.25000,0.000000,23
8.102000,36.00000,-0.25000,0.000000,24
8.102000,37.00000,-0.25000,0.000000,25
8.102000,38.00000,-0.25000,0.000000,26
8.102000,39.00000,-0.25000,0.000000,27
8.102000,40.00000,-0.25000,0.000000,28
8.102000,41.00000,-0.25000,0.000000,29
8.102000,42.00000,-0.25000,0.000000,30
8.200000,12.16492,0.33706,0.459236,0
8.200000,13.00000,0.75000,0.244979,1
8.200000,14.00000,1.00000,0.463648,2
8.200000,15.00000,1.50000,0.463648,3
8.200000,16.00000,2.00000,0.000000,4
8.200000,17.00000,2.00000,0.000000,5
8.200000,18.00000,2.00000,0.000000,6
8.200000,19.00000,2.00000,-0.244979,7
8.200000,20.00000,1.75000,-0.463648,8
8.200000,21.00000,1.25000,-0.463648,9
8.200000,22.00000,0.75000,-0.463648,10
8.200000,23.00000,0.25000,-0.244979,11
8.200000,24.00000,0.00000,-0.244979,12
8.200000,25.00000,-0.25000,-0.463648,13
8.200000,26.00000,-0.75000,-0.463648,14
8.200000,27.00000,-1.25000,0.000000,15
8.200000,28.00000,-1.25000,0.000000,16
8.200000,29.00000,-1.25000,0.000000,17
8.200000,30.00000,-1.25000,0.000000,18
8.200000,31.00000,-1.25000,0.244979,19
8.200000,32.00000,-1.00000,0.244979,20
8.200000,33.00000,-0.75000,0.244979,21
8.200000,34.00000,-0.50000,0.244979,22
8.200000,35.00000,-0.25000,0.000000,23
8.200000,36.00000,-0.25000,0.000000,24
8.200000,37.00000,-0.25000,0.000000,25
8.200000,38.00000,-0.25000,0.000000,26
8.200000,39.00000,-0.25000,0.000000,27
8.200000,40.00000,-0.25000,0.000000,28
8.200000,41.00000,-0.25000,0.000000,29
8.200000,42.00000,-0.25000,0.000000,30
8.300000,12.32881,0.37463,0.310157,0
8.300000,13.50000,0.75000,0.244979,1
8.300000,14.50000,1.00000,0.463648,2
8.300000,15.50000,1.50000,0.463648,3
8.300000,16.50000,2.00000,0.000000,4
8.300000,17.50000,2.00000,0.000000,5
8.300000,18.50000,2.00000,-0.244979,6
8.300000,19.50000,1.75000,-0.244979,7
8.300000,20.50000,1.50000,-0.463648,8
8.300000,21.50000,1.00000,-0.463648,9
8.300000,22.50000,0.50000,-0.463648,10
8.300000,23.50000,0.00000,-0.244979,11
8.300000,24.50000,-0.25000,-0.463648,12
8.300000,25.50000,-0.75000,-0.463648,13
8.300000,26.50000,-1.25000,-0.244979,14
8.300000,27.50000,-1.50000,0.000000,15
8.300000,28.50000,-1.50000,0.000000,16
8.300000,29.50000,-1.50000,0.000000,17
8.300000,30.50000,-1.50000,0.244979,18
8.300000,31.50000,-1.25000,0.463648,19
8.300000,32.50000,-0.75000,0.244979,20
8.300000,33.50000,-0.50000,0.244979,21
8.300000,34.50000,-0.25000,0.000000,22
8.300000,35.50000,-0.25000,0.000000,23
8.300000,36.50000,-0.25000,0.000000,24
8.300000,37.50000,-0.25000,0.000000,25
8.300000,38.50000,-0.25000,0.000000,26
8.300000,39.50000,-0.25000,0.000000,27
8.300000,40.50000,-0.25000,0.000000,28
8.300000,41.50000,-0.25000,0.000000,29
8.300000,42.50000,-0.25000,0.000000,30
8.400000,12.55081,0.42762,0.327416,0
8.400000,13.50000,0.75000,0.244979,1
8.400000,14.50000,1.00000,0.463648,2
8.400000,15.50000,1.50000,0.463648,3
8.400000,16.50000,2.00000,0.000000,4
8.400000,17.50000,2.00000,0.000000,5
8.400000,18.50000,2.00000,-0.244979,6
8.400000,19.50000,1.75000,-0.244979,7
8.400000,20.50000,1.50000,-0.463648,8
8.400000,21.50000,1.00000,-0.463648,9
8.400000,22.50000,0.50000,-0.463648,10
8.400000,23.50000,0.00000,-0.244979,11
8.400000,24.50000,-0.25000,-0.463648,12
8.400000,25.50000,-0.75000,-0.463648,13
8.400000,26.50000,-1.25000,-0.244979,14
8.400000,27.50000,-1.50000,0.000000,15
8.400000,28.50000,-1.50000,0.000000,16
8.400000,29.50000,-1.50000,0.000000,17
8.400000,30.50000,-1.50000,0.244979,18
8.400000,31.50000,-1.25000,0.463648,19
8.400000,32.50000,-0.75000,0.244979,20
8.400000,33.50000,-0.50000,0.244979,21
8.400000,34.50000,-0.25000,0.000000,22
8.400000,35.50000,-0.25000,0.000000,23
8.400000,36.50000,-0.25000,0.000000,24
8.400000,37.50000,-0.25000,0.000000,25
8.400000,38.50000,-0.25000,0.000000,26
8.400000,39.50000,-0.25000,0.000000,27
8.400000,40.50000,-0.25000,0.000000,28
8.400000,41.50000,-0.25000,0.000000,29
8.400000,42.50000,-0.25000,0.000000,30
8.500000,12.64363,0.48711,0.297854,0
8.500000,13.50000,0.75000,0.244979,1
8.500000,14.50000,1.00000,0.463648,2
8.500000,15.50000,1.50000,0.463648,3
8.500000,16.50000,2.00000,0.000000,4
8.500000,17.50000,2.00000,0.000000,5
8.500000,18.50000,2.00000,-0.244979,6
8.500000,19.50000,1.75000,-0.244979,7
8.500000,20.50000,1.50000,-0.463648,8
8.500000,21.50000,1.00000,-0.463648,9
8.500000,22.50000,0.50000,-0.463648,10
8.500000,23.50000,0.00000,-0.244979,11
8.500000,24.50000,-0.25000,-0.463648,12
8.500000,25.50000,-0.75000,-0.463648,13
8.500000,26.50000,-1.25000,-0.244979,14
8.500000,27.50000,-1.50000,0.000000,15
8.500000,28.50000,-1.50000,0.000000,16
8.500000,29.50000,-1.50000,0.000000,17
8.500000,30.50000,-1.50000,0.244979,18
8.500000,31.50000,-1.25000,0.463648,19
8.500000,32.50000,-0.75000,0.244979,20
8.500000,33.50000,-0.50000,0.244979,21
8.500000,34.50000,-0.25000,0.000000,22
8.500000,35.50000,-0.25000,0.000000,23
8.500000,36.50000,-0.25000,0.000000,24
8.500000,37.50000,-0.25000,0.000000,25
8.500000,38.50000,-0.25000,0.000000,26
8.500000,39.50000,-0.25000,0.000000,27
8.500000,40.50000,-0.25000,0.000000,28
8.500000,41.50000,-0.25000,0.000000,29
8.500000,42.50000,-0.25000,0.000000,30
8.600000,12.76169,0.54010,0.355609,0
8.600000,14.00000,1.00000,0.463648,1
8.600000,15.00000,1.50000,0.463648,2
8.600000,16.00000,2.00000,0.000000,3
8.600000,17.00000,2.00000,0.000000,4
8.600000,18.00000,2.00000,0.000000,5
8.600000,19.00000,2.00000,-0.244979,6
8.600000,20.00000,1.75000,-0.463648,7
8.600000,21.00000,1.25000,-0.463648,8
8.600000,22.00000,0.75000,-0.463648,9
8.600000,23.00000,0.25000,-0.244979,10
8.600000,24.00000,0.00000,-0.244979,11
8.600000,25.00000,-0.25000,-0.463648,12
8.600000,26.00000,-0.75000,-0.463648,13
8.600000,27.00000,-1.25000,0.000000,14
8.600000,28.00000,-1.25000,0.000000,15
8.600000,29.00000,-1.25000,0.000000,16
8.600000,30.00000,-1.25000,0.000000,17
8.600000,31.00000,-1.25000,0.244979,18
8.600000,32.00000,-1.00000,0.244979,19
8.600000,33.00000,-0.75000,0.244979,20
8.600000,34.00000,-0.50000,0.244979,21
8.600000,35.00000,-0.25000,0.000000,22
8.600000,36.00000,-0.25000,0.000000,23
8.600000,37.00000,-0.25000,0.000000,24
8.600000,38.00000,-0.25000,0.000000,25
8.600000,39.00000,-0.25000,0.000000,26
8.600000,40.00000,-0.25000,0.000000,27
8.600000,41.00000,-0.25000,0.000000,28
8.600000,42.00000,-0.25000,0.000000,29
8.600000,43.00000,-0.25000,0.000000,30
8.700000,12.87249,0.55829,0.373382,0
8.700000,14.00000,1.00000,0.463648,1
8.700000,15.00000,1.50000,0.463648,2
8.700000,16.00000,2.00000,0.000000,3
8.700000,17.00000,2.00000,0.000000,4
8.700000,18.00000,2.00000,0.000000,5
8.700000,19.00000,2.00000,-0.244979,6
8.700000,20.00000,1.75000,-0.463648,7
8.700000,21.00000,1.25000,-0.463648,8
8.700000,22.00000,0.75000,-0.463648,9
8.700000,23.00000,0.25000,-0.244979,10
8.700000,24.00000,0.00000,-0.244979,11
8.700000,25.00000,-0.25000,-0.463648,12
8.700000,26.00000,-0.75000,-0.463648,13
8.700000,27.00000,-1.25000,-0.244979,14
8.700000,28.00000,-1.50000,0.000000,15
8.700000,29.00000,-1.50000,0.000000,16
8.700000,30.00000,-1.50000,0.000000,17
8.700000,31.00000,-1.50000,0.463648,18
8.700000,32.00000,-1.00000,0.244979,19
8.700000,33.00000,-0.75000,0.244979,20
8.700000,34.00000,-0.50000,0.244979,21
8.700000,35.00000,-0.25000,0.000000,22
8.700000,36.00000,-0.25000,0.000000,23
8.700000,37.00000,-0.25000,0.000000,24
8.700000,38.00000,-0.25000,0.000000,25
8.700000,39.00000,-0.25000,0.000000,26
8.700000,40.00000,-0.25000,0.000000,27
8.700000,41.00000,-0.25000,0.000000,28
8.700000,42.00000,-0.25000,0.000000,29
8.700000,43.00000,-0.25000,0.000000,30
8.800000,12.99530,0.59188,0.385847,0
8.800000,14.00000,1.00000,0.463648,1
8.800000,15.00000,1.50000,0.463648,2
8.800000,16.00000,2.00000,0.000000,3
8.800000,17.00000,2.00000,0.000000,4
8.800000,18.00000,2.00000,-0.244979,5
8.800000,19.00000,1.75000,-0.244979,6
8.800000,20.00000,1.50000,-0.244979,7
8.800000,21.00000,1.25000,-0.463648,8
8.800000,22.00000,0.75000,-0.463648,9
8.800000,23.00000,0.25000,-0.244979,10
8.800000,24.00000,0.00000,-0.244979,11
8.800000,25.00000,-0.25000,-0.463648,12
8.800000,26.00000,-0.75000,-0.463648,13
8.800000,27.00000,-1.25000,-0.244979,14
8.800000,28.00000,-1.50000,0.000000,15
8.800000,29.00000,-1.50000,0.000000,16
8.800000,30.00000,-1.50000,0.000000,17
8.800000,31.00000,-1.50000,0.463648,18
8.800000,32.00000,-1.00000,0.244979,19
8.800000,33.00000,-0.75000,0.244979,20
8.800000,34.00000,-0.50000,0.244979,21
8.800000,35.00000,-0.25000,0.000000,22
8.800000,36.00000,-0.25000,0.000000,23
8.800000,37.00000,-0.25000,0.000000,24
8.800000,38.00000,-0.25000,0.000000,25
8.800000,39.00000,-0.25000,0.000000,26
8.800000,40.00000,-0.25000,0.000000,27
8.800000,41.00000,-0.25000,0.000000,28
8.800000,42.00000,-0.25000,0.000000,29
8.800000,43.00000,-0.25000,0.000000,30
8.900000,13.11107,0.60708,0.416196,0
8.900000,14.00000,1.00000,0.463648,1
8.900000,15.00000,1.50000,0.463648,2
8.900000,16.00000,2.00000,0.000000,3
8.900000,17.00000,2.00000,0.000000,4
8.900000,18.00000,2.00000,-0.244979,5
8.900000,19.00000,1.75000,-0.244979,6
8.900000,20.00000,1.50000,-0.244979,7
8.900000,21.00000,1.25000,-0.463648,8
8.900000,22.00000,0.75000,-0.463648,9
8.900000,23.00000,0.25000,-0.244979,10
8.900000,24.00000,0.00000,-0.244979,11
8.900000,25.00000,-0.25000,-0.463648,12
8.900000,26.00000,-0.75000,-0.463648,13
8.900000,27.00000,-1.25000,-0.244979,14
8.900000,28.00000,-1.50000,0.000000,15
8.900000,29.00000,-1.50000,0.000000,16
8.900000,30.00000,-1.50000,0.000000,17
8.900000,31.00000,-1.50000,0.463648,18
8.900000,32.00000,-1.00000,0.244979,19
8.900000,33.00000,-0.75000,0.244979,20
8.900000,34.00000,-0.50000,0.244979,21
8.900000,35.00000,-0.25000,0.000000,22
8.900000,36.00000,-0.25000,0.000000,23
8.900000,37.00000,-0.25000,0.000000,24
8.900000,38.00000,-0.25000,0.000000,25
8.900000,39.00000,-0.25000,0.000000,26
8.900000,40.00000,-0.25000,0.000000,27
8.900000,41.00000,-0.25000,0.000000,28
8.900000,42.00000,-0.25000,0.000000,29
8.900000,43.00000,-0.25000,0.000000,30
9.000000,13.18048,0.62632,0.427808,0
9.000000,14.00000,1.00000,0.463648,1
9.000000,15.00000,1.50000,0.463648,2
9.000000,16.00000,2.00000,0.000000,3
9.000000,17.00000,2.00000,0.000000,4
9.000000,18.00000,2.00000,0.000000,5
9.000000,19.00000,2.00000,-0.244979,6
9.000000,20.00000,1.75000,-0.463648,7
9.000000,21.00000,1.25000,-0.463648,8
9.000000,22.00000,0.75000,-0.463648,9
9.000000,23.00000,0.25000,-0.244979,10
9.000000,24.00000,0.00000,-0.244979,11
9.000000,25.00000,-0.25000,-0.463648,12
9.000000,26.00000,-0.75000,-0.463648,13
9.000000,27.00000,-1.25000,-0.244979,14
9.000000,28.00000,-1.50000,0.000000,15
9.000000,29.00000,-1.50000,0.000000,16
9.000000,30.00000,-1.50000,0.000000,17
9.000000,31.00000,-1.50000,0.463648,18
9.000000,32.00000,-1.00000,0.244979,19
9.000000,33.00000,-0.75000,0.244979,20
9.000000,34.00000,-0.50000,0.244979,21
9.000000,35.00000,-0.25000,0.000000,22
9.000000,36.00000,-0.25000,0.000000,23
9.000000,37.00000,-0.25000,0.000000,24
9.000000,38.00000,-0.25000,0.000000,25
9.000000,39.00000,-0.25000,0.000000,26
9.000000,40.00000,-0.25000,0.000000,27
9.000000,41.00000,-0.25000,0.000000,28
9.000000,42.00000,-0.25000,0.000000,29
9.000000,43.00000,-0.25000,0.000000,30
9.100000,13.27414,0.68642,0.250431,0
9.100000,14.50000,1.00000,0.463648,1
9.100000,15.50000,1.50000,0.463648,2
9.100000,16.50000,2.00000,0.000000,3
9.100000,17.50000,2.00000,0.000000,4
9.100000,18.50000,2.00000,-0.244979,5
9.100000,19.50000,1.75000,-0.244979,6
9.100000,20.50000,1.50000,-0.463648,7
9.100000,21.50000,1.00000,-0.463648,8
9.100000,22.50000,0.50000,-0.463648,9
9.100000,23.50000,0.00000,-0.244979,10
9.100000,24.50000,-0.25000,-0.244979,11
9.100000,25.50000,-0.50000,-0.463648,12
9.100000,26.50000,-1.00000,-0.244979,13
9.100000,27.50000,-1.25000,0.000000,14
9.100000,28.50000,-1.25000,0.000000,15
9.100000,29.50000,-1.25000,0.000000,16
9.100000,30.50000,-1.25000,0.000000,17
9.100000,31.50000,-1.25000,0.463648,18
9.100000,32.50000,-0.75000,0.244979,19
9.100000,33.50000,-0.50000,0.244979,20
9.100000,34.50000,-0.25000,0.000000,21
9.100000,35.50000,-0.25000,0.000000,22
9.100000,36.50000,-0.25000,0.000000,23
9.100000,37.50000,-0.25000,0.000000,24
9.100000,38.50000,-0.25000,0.000000,25
9.100000,39.50000,-0.25000,0.000000,26
9.100000,40.50000,-0.25000,0.000000,27
9.100000,41.50000,-0.25000,0.000000,28
9.100000,42.50000,-0.25000,0.000000,29
9.100000,43.50000,-0.25000,0.000000,30
9.200000,13.36617,0.69938,0.452086,0
9.200000,14.50000,1.25000,0.244979,1
9.200000,15.50000,1.50000,0.463648,2
9.200000,16.50000,2.00000,0.000000,3
9.200000,17.50000,2.00000,0.000000,4
9.200000,18.50000,2.00000,-0.244979,5
9.200000,19.50000,1.75000,-0.244979,6
9.200000,20.50000,1.50000,-0.463648,7
9.200000,21.50000,1.00000,-0.463648,8
9.200000,22.50000,0.50000,-0.463648,9
9.200000,23.50000,0.00000,-0.244979,10
9.200000,24.50000,-0.25000,-0.463648,11
9.200000,25.50000,-0.75000,-0.463648,12
9.200000,26.50000,-1.25000,-0.244979,13
9.200000,27.50000,-1.50000,0.000000,14
9.200000,28.50000,-1.50000,0.000000,15
9.200000,29.50000,-1.50000,0.000000,16
9.200000,30.50000,-1.50000,0.244979,17
9.200000,31.50000,-1.25000,0.463648,18
9.200000,32.50000,-0.75000,0.244979,19
9.200000,33.50000,-0.50000,0.244979,20
9.200000,34.50000,-0.25000,0.000000,21
9.200000,35.50000,-0.25000,0.000000,22
9.200000,36.50000,-0.25000,0.000000,23
9.200000,37.50000,-0.25000,0.000000,24
9.200000,38.50000,-0.25000,0.000000,25
9.200000,39.50000,-0.25000,0.000000,26
9.200000,40.50000,-0.25000,0.000000,27
9.200000,41.50000,-0.25000,0.000000,28
9.200000,42.50000,-0.25000,0.000000,29
9.200000,43.50000,-0.25000,0.000000,30
9.300000,13.44041,0.73066,0.455725,0
9.300000,14.50000,1.25000,0.244979,1
9.300000,15.50000,1.50000,0.463648,2
9.300000,16.50000,2.00000,0.000000,3
9.300000,17.50000,2.00000,0.000000,4
9.300000,18.50000,2.00000,-0.244979,5
9.300000,19.50000,1.75000,-0.244979,6
9.300000,20.50000,1.50000,-0.463648,7
9.300000,21.50000,1.00000,-0.463648,8
9.300000,22.50000,0.50000,-0.463648,9
9.300000,23.50000,0.00000,-0.244979,10
9.300000,24.50000,-0.25000,-0.463648,11
9.300000,25.50000,-0.75000,-0.463648,12
9.300000,26.50000,-1.25000,-0.244979,13
9.300000,27.50000,-1.50000,0.000000,14
9.300000,28.50000,-1.50000,0.000000,15
9.300000,29.50000,-1.50000,0.000000,16
9.300000,30.50000,-1.50000,0.244979,17
9.300000,31.50000,-1.25000,0.463648,18
9.300000,32.50000,-0.75000,0.244979,19
9.300000,33.50000,-0.50000,0.244979,20
9.300000,34.50000,-0.25000,0.000000,21
9.300000,35.50000,-0.25000,0.000000,22
9.300000,36.50000,-0.25000,0.000000,23
9.300000,37.50000,-0.25000,0.000000,24
9.300000,38.50000,-0.25000,0.000000,25
9.300000,39.50000,-0.25000,0.000000,26
9.300000,40.50000,-0.25000,0.000000,27
9.300000,41.50000,-0.25000,0.000000,28
9.300000,42.50000,-0.25000,0.000000,29
9.300000,43.50000,-0.25000,0.000000,30
9.400000,13.48458,0.78870,0.426420,0
9.400000,14.50000,1.25000,0.244979,1
9.400000,15.50000,1.50000,0.463648,2
9.400000,16.50000,2.00000,0.000000,3
9.400000,17.50000,2.00000,0.000000,4
9.400000,18.50000,2.00000,-0.244979,5
9.400000,19.50000,1.75000,-0.244979,6
9.400000,20.50000,1.50000,-0.463648,7
9.400000,21.50000,1.00000,-0.463648,8
9.400000,22.50000,0.50000,-0.463648,9
9.400000,23.50000,0.00000,-0.244979,10
9.400000,24.50000,-0.25000,-0.463648,11
9.400000,25.50000,-0.75000,-0.463648,12
9.400000,26.50000,-1.25000,-0.244979,13
9.400000,27.50000,-1.50000,0.000000,14
9.400000,28.50000,-1.50000,0.000000,15
9.400000,29.50000,-1.50000,0.000000,16
9.400000,30.50000,-1.50000,0.244979,17
9.400000,31.50000,-1.25000,0.463648,18
9.400000,32.50000,-0.75000,0.244979,19
9.400000,33.50000,-0.50000,0.244979,20
9.400000,34.50000,-0.25000,0.000000,21
9.400000,35.50000,-0.25000,0.000000,22
9.400000,36.50000,-0.25000,0.000000,23
9.400000,37.50000,-0.25000,0.000000,24
9.400000,38.50000,-0.25000,0.000000,25
9.400000,39.50000,-0.25000,0.000000,26
9.400000,40.50000,-0.25000,0.000000,27
9.400000,41.50000,-0.25000,0.000000,28
9.400000,42.50000,-0.25000,0.000000,29
9.400000,43.50000,-0.25000,0.000000,30
9.500000,13.54694,0.82557,0.418962,0
9.500000,14.50000,1.25000,0.244979,1
9.500000,15.50000,1.50000,0.463648,2
9.500000,16.50000,2.00000,0.000000,3
9.500000,17.50000,2.00000,0.000000,4
9.500000,18.50000,2.00000,-0.244979,5
9.500000,19.50000,1.75000,-0.244979,6
9.500000,20.50000,1.50000,-0.463648,7
9.500000,21.50000,1.00000,-0.463648,8
9.500000,22.50000,0.50000,-0.463648,9
9.500000,23.50000,0.00000,-0.244979,10
9.500000,24.50000,-0.25000,-0.463648,11
9.500000,25.50000,-0.75000,-0.463648,12
9.500000,26.50000,-1.25000,-0.244979,13
9.500000,27.50000,-1.50000,0.000000,14
9.500000,28.50000,-1.50000,0.000000,15
9.500000,29.50000,-1.50000,0.000000,16
9.500000,30.50000,-1.50000,0.244979,17
9.500000,31.50000,-1.25000,0.463648,18
9.500000,32.50000,-0.75000,0.244979,19
9.500000,33.50000,-0.50000,0.244979,20
9.500000,34.50000,-0.25000,0.000000,21
9.500000,35.50000,-0.25000,0.000000,22
9.500000,36.50000,-0.25000,0.000000,23
9.500000,37.50000,-0.25000,0.000000,24
9.500000,38.50000,-0.25000,0.000000,25
9.500000,39.50000,-0.25000,0.000000,26
9.500000,40.50000,-0.25000,0.000000,27
9.500000,41.50000,-0.25000,0.000000,28
9.500000,42.50000,-0.25000,0.000000,29
9.500000,43.50000,-0.25000,0.000000,30
9.600000,13.61024,0.85635,0.416533,0
9.600000,14.50000,1.25000,0.244979,1
9.600000,15.50000,1.50000,0.463648,2
9.600000,16.50000,2.00000,0.000000,3
9.600000,17.50000,2.00000,0.000000,4
9.600000,18.50000,2.00000,-0.244979,5
9.600000,19.50000,1.75000,-0.244979,6
9.600000,20.50000,1.50000,-0.463648,7
9.600000,21.50000,1.00000,-0.463648,8
9.600000,22.50000,0.50000,-0.463648,9
9.600000,23.50000,0.00000,-0.244979,10
9.600000,24.50000,-0.25000,-0.463648,11
9.600000,25.50000,-0.75000,-0.463648,12
9.600000,26.50000,-1.25000,-0.244979,13
9.600000,27.50000,-1.50000,0.000000,14
9.600000,28.50000,-1.50000,0.000000,15
9.600000,29.50000,-1.50000,0.000000,16
9.600000,30.50000,-1.50000,0.244979,17
9.600000,31.50000,-1.25000,0.463648,18
9.600000,32.50000,-0.75000,0.244979,19
9.600000,33.50000,-0.50000,0.244979,20
9.600000,34.50000,-0.25000,0.000000,21
9.600000,35.50000,-0.25000,0.000000,22
9.600000,36.50000,-0.25000,0.000000,23
9.600000,37.50000,-0.25000,0.000000,24
9.600000,38.50000,-0.25000,0.000000,25
9.600000,39.50000,-0.25000,0.000000,26
9.600000,40.50000,-0.25000,0.000000,27
9.600000,41.50000,-0.25000,0.000000,28
9.600000,42.50000,-0.25000,0.000000,29
9.600000,43.50000,-0.25000,0.000000,30
9.700000,13.67801,0.89961,0.402946,0
9.700000,14.50000,1.25000,0.244979,1
9.700000,15.50000,1.50000,0.463648,2
9.700000,16.50000,2.00000,0.000000,3
9.700000,17.50000,2.00000,0.000000,4
9.700000,18.50000,2.00000,-0.244979,5
9.700000,19.50000,1.75000,-0.244979,6
9.700000,20.50000,1.50000,-0.463648,7
9.700000,21.50000,1.00000,-0.463648,8
9.700000,22.50000,0.50000,-0.463648,9
9.700000,23.50000,0.00000,-0.244979,10
9.700000,24.50000,-0.25000,-0.463648,11
9.700000,25.50000,-0.75000,-0.463648,12
9.700000,26.50000,-1.25000,-0.244979,13
9.700000,27.50000,-1.50000,0.000000,14
9.700000,28.50000,-1.50000,0.000000,15
9.700000,29.50000,-1.50000,0.000000,16
9.700000,30.50000,-1.50000,0.244979,17
9.700000,31.50000,-1.25000,0.463648,18
9.700000,32.50000,-0.75000,0.244979,19
9.700000,33.50000,-0.50000,0.244979,20
9.700000,34.50000,-0.25000,0.000000,21
9.700000,35.50000,-0.25000,0.000000,22
9.700000,36.50000,-0.25000,0.000000,23
9.700000,37.50000,-0.25000,0.000000,24
9.700000,38.50000,-0.25000,0.000000,25
9.700000,39.50000,-0.25000,0.000000,26
9.700000,40.50000,-0.25000,0.000000,27
9.700000,41.50000,-0.25000,0.000000,28
9.700000,42.50000,-0.25000,0.000000,29
9.700000,43.50000,-0.25000,0.000000,30
9.800000,13.75001,0.90274,0.445741,0
9.800000,15.00000,1.50000,0.463648,1
9.800000,16.00000,2.00000,0.000000,2
9.800000,17.00000,2.00000,0.000000,3
9.800000,18.00000,2.00000,-0.244979,4
9.800000,19.00000,1.75000,-0.244979,5
9.800000,20.00000,1.50000,-0.244979,6
9.800000,21.00000,1.25000,-0.463648,7
9.800000,22.00000,0.75000,-0.463648,8
9.800000,23.00000,0.25000,-0.244979,9
9.800000,24.00000,0.00000,-0.244979,10
9.800000,25.00000,-0.25000,-0.463648,11
9.800000,26.00000,-0.75000,-0.463648,12
9.800000,27.00000,-1.25000,-0.244979,13
9.800000,28.00000,-1.50000,0.000000,14
9.800000,29.00000,-1.50000,0.000000,15
9.800000,30.00000,-1.50000,0.000000,16
9.800000,31.00000,-1.50000,0.463648,17
9.800000,32.00000,-1.00000,0.244979,18
9.800000,33.00000,-0.75000,0.244979,19
9.800000,34.00000,-0.50000,0.244979,20
9.800000,35.00000,-0.25000,0.000000,21
9.800000,36.00000,-0.25000,0.000000,22
9.800000,37.00000,-0.25000,0.000000,23
9.800000,38.00000,-0.25000,0.000000,24
9.800000,39.00000,-0.25000,0.000000,25
9.800000,40.00000,-0.25000,0.000000,26
9.800000,41.00000,-0.25000,0.000000,27
9.800000,42.00000,-0.25000,0.000000,28
9.800000,43.00000,-0.25000,0.000000,29
9.800000,44.00000,-0.25000,0.000000,30
9.900000,13.80342,0.97277,0.415024,0
9.900000,15.00000,1.50000,0.463648,1
9.900000,16.00000,2.00000,0.000000,2
9.900000,17.00000,2.00000,0.000000,3
9.900000,18.00000,2.00000,-0.244979,4
9.900000,19.00000,1.75000,-0.244979,5
9.900000,20.00000,1.50000,-0.244979,6
9.900000,21.00000,1.25000,-0.463648,7
9.900000,22.00000,0.75000,-0.463648,8
9.900000,23.00000,0.25000,-0.244979,9
9.900000,24.00000,0.00000,-0.463648,10
9.900000,25.00000,-0.50000,-0.463648,11
9.900000,26.00000,-1.00000,-0.244979,12
9.900000,27.00000,-1.25000,-0.244979,13
9.900000,28.00000,-1.50000,0.000000,14
9.900000,29.00000,-1.50000,0.000000,15
9.900000,30.00000,-1.50000,0.000000,16
9.900000,31.00000,-1.50000,0.463648,17
9.900000,32.00000,-1.00000,0.244979,18
9.900000,33.00000,-0.75000,0.244979,19
9.900000,34.00000,-0.50000,0.244979,20
9.900000,35.00000,-0.25000,0.000000,21
9.900000,36.00000,-0.25000,0.000000,22
9.900000,37.00000,-0.25000,0.000000,23
9.900000,38.00000,-0.25000,0.000000,24
9.900000,39.00000,-0.25000,0.000000,25
9.900000,40.00000,-0.25000,0.000000,26
9.900000,41.00000,-0.25000,0.000000,27
9.900000,42.00000,-0.25000,0.000000,28
9.900000,43.00000,-0.25000,0.000000,29
9.900000,44.00000,-0.25000,0.000000,30
10.000000,13.92231,1.04572,0.398928,0
10.000000,15.00000,1.50000,0.463648,1
10.000000,16.00000,2.00000,0.000000,2
10.000000,17.00000,2.00000,0.000000,3
10.000000,18.00000,2.00000,0.000000,4
10.000000,19.00000,2.00000,-0.244979,5
10.000000,20.00000,1.75000,-0.463648,6
10.000000,21.00000,1.25000,-0.463648,7
10.000000,22.00000,0.75000,-0.463648,8
10.000000,23.00000,0.25000,-0.244979,9
10.000000,24.00000,0.00000,-0.244979,10
10.000000,25.00000,-0.25000,-0.463648,11
10.000000,26.00000,-0.75000,-0.463648,12
10.000000,27.00000,-1.25000,-0.244979,13
10.000000,28.00000,-1.50000,0.000000,14
10.000000,29.00000,-1.50000,0.000000,15
10.000000,30.00000,-1.50000,0.000000,16
10.000000,31.00000,-1.50000,0.463648,17
10.000000,32.00000,-1.00000,0.244979,18
10.000000,33.00000,-0.75000,0.244979,19
10.000000,34.00000,-0.50000,0.244979,20
10.000000,35.00000,-0.25000,0.000000,21
10.000000,36.00000,-0.25000,0.000000,22
10.000000,37.00000,-0.25000,0.000000,23
10.000000,38.00000,-0.25000,0.000000,24
10.000000,39.00000,-0.25000,0.000000,25
10.000000,40.00000,-0.25000,0.000000,26
10.000000,41.00000,-0.25000,0.000000,27
10.000000,42.00000,-0.25000,0.000000,28
10.000000,43.00000,-0.25000,0.000000,29
10.000000,44.00000,-0.25000,0.000000,30
10.100000,14.03804,1.09429,0.399117,0
10.100000,15.00000,1.50000,0.463648,1
10.100000,16.00000,2.00000,0.000000,2
10.100000,17.00000,2.00000,0.000000,3
10.100000,18.00000,2.00000,0.000000,4
10.100000,19.00000,2.00000,-0.244979,5
10.100000,20.00000,1.75000,-0.463648,6
10.100000,21.00000,1.25000,-0.463648,7
10.100000,22.00000,0.75000,-0.463648,8
10.100000,23.00000,0.25000,-0.244979,9
10.100000,24.00000,0.00000,-0.244979,10
10.100000,25.00000,-0.25000,-0.463648,11
10.100000,26.00000,-0.75000,-0.463648,12
10.100000,27.00000,-1.25000,0.000000,13
10.100000,28.00000,-1.25000,0.000000,14
10.100000,29.00000,-1.25000,0.000000,15
10.100000,30.00000,-1.25000,0.000000,16
10.100000,31.00000,-1.25000,0.244979,17
10.100000,32.00000,-1.00000,0.244979,18
10.100000,33.00000,-0.75000,0.244979,19
10.100000,34.00000,-0.50000,0.244979,20
10.100000,35.00000,-0.25000,0.000000,21
10.100000,36.00000,-0.25000,0.000000,22
10.100000,37.00000,-0.25000,0.000000,23
10.100000,38.00000,-0.25000,0.000000,24
10.100000,39.00000,-0.25000,0.000000,25
10.100000,40.00000,-0.25000,0.000000,26
10.100000,41.00000,-0.25000,0.000000,27
10.100000,42.00000,-0.25000,0.000000,28
10.100000,43.00000,-0.25000,0.000000,29
10.100000,44.00000,-0.25000,0.000000,30
10.200000,14.10996,1.15807,0.366794,0
10.200000,15.00000,1.50000,0.463648,1
10.200000,16.00000,2.00000,0.000000,2
10.200000,17.00000,2.00000,0.000000,3
10.200000,18.00000,2.00000,0.000000,4
10.200000,19.00000,2.00000,-0.244979,5
10.200000,20.00000,1.75000,-0.463648,6
10.200000,21.00000,1.25000,-0.463648,7
10.200000,22.00000,0.75000,-0.463648,8
10.200000,23.00000,0.25000,-0.244979,9
10.200000,24.00000,0.00000,-0.244979,10
10.200000,25.00000,-0.25000,-0.463648,11
10.200000,26.00000,-0.75000,-0.463648,12
10.200000,27.00000,-1.25000,-0.244979,13
10.200000,28.00000,-1.50000,0.000000,14
10.200000,29.00000,-1.50000,0.000000,15
10.200000,30.00000,-1.50000,0.000000,16
10.200000,31.00000,-1.50000,0.463648,17
10.200000,32.00000,-1.00000,0.244979,18
10.200000,33.00000,-0.75000,0.244979,19
10.200000,34.00000,-0.50000,0.244979,20
10.200000,35.00000,-0.25000,0.000000,21
10.200000,36.00000,-0.25000,0.000000,22
10.200000,37.00000,-0.25000,0.000000,23
10.200000,38.00000,-0.25000,0.000000,24
10.200000,39.00000,-0.25000,0.000000,25
10.200000,40.00000,-0.25000,0.000000,26
10.200000,41.00000,-0.25000,0.000000,27
10.200000,42.00000,-0.25000,0.000000,28
10.200000,43.00000,-0.25000,0.000000,29
10.200000,44.00000,-0.25000,0.000000,30
10.300000,14.22271,1.21127,0.355657,0
10.300000,15.00000,1.50000,0.463648,1
10.300000,16.00000,2.00000,0.000000,2
10.300000,17.00000,2.00000,0.000000,3
10.300000,18.00000,2.00000,0.000000,4
10.300000,19.00000,2.00000,-0.244979,5
10.300000,20.00000,1.75000,-0.463648,6
10.300000,21.00000,1.25000,-0.463648,7
10.300000,22.00000,0.75000,-0.463648,8
10.300000,23.00000,0.25000,-0.244979,9
10.300000,24.00000,0.00000,-0.244979,10
10.300000,25.00000,-0.25000,-0.463648,11
10.300000,26.00000,-0.75000,-0.463648,12
10.300000,27.00000,-1.25000,-0.244979,13
10.300000,28.00000,-1.50000,0.000000,14
10.300000,29.00000,-1.50000,0.000000,15
10.300000,30.00000,-1.50000,0.000000,16
10.300000,31.00000,-1.50000,0.463648,17
10.300000,32.00000,-1.00000,0.244979,18
10.300000,33.00000,-0.75000,0.244979,19
10.300000,34.00000,-0.50000,0.244979,20
10.300000,35.00000,-0.25000,0.000000,21
10.300000,36.00000,-0.25000,0.000000,22
10.300000,37.00000,-0.25000,0.000000,23
10.300000,38.00000,-0.25000,0.000000,24
10.300000,39.00000,-0.25000,0.000000,25
10.300000,40.00000,-0.25000,0.000000,26
10.300000,41.00000,-0.25000,0.000000,27
10.300000,42.00000,-0.25000,0.000000,28
10.300000,43.00000,-0.25000,0.000000,29
10.300000,44.00000,-0.25000,0.000000,30
10.400000,14.36065,1.28695,0.386027,0
10.400000,15.50000,1.75000,0.244979,1
10.400000,16.50000,2.00000,0.000000,2
10.400000,17.50000,2.00000,0.000000,3
10.400000,18.50000,2.00000,-0.244979,4
10.400000,19.50000,1.75000,-0.244979,5
10.400000,20.50000,1.50000,-0.463648,6
10.400000,21.50000,1.00000,-0.463648,7
10.400000,22.50000,0.50000,-0.463648,8
10.400000,23.50000,0.00000,-0.244979,9
10.400000,24.50000,-0.25000,-0.463648,10
10.400000,25.50000,-0.75000,-0.463648,11
10.400000,26.50000,-1.25000,-0.244979,12
10.400000,27.50000,-1.50000,0.000000,13
10.400000,28.50000,-1.50000,0.000000,14
10.400000,29.50000,-1.50000,0.000000,15
10.400000,30.50000,-1.50000,0.244979,16
10.400000,31.50000,-1.25000,0.463648,17
10.400000,32.50000,-0.75000,0.244979,18
10.400000,33.50000,-0.50000,0.244979,19
10.400000,34.50000,-0.25000,0.000000,20
10.400000,35.50000,-0.25000,0.000000,21
10.400000,36.50000,-0.25000,0.000000,22
10.400000,37.50000,-0.25000,0.000000,23
10.400000,38.50000,-0.25000,0.000000,24
10.400000,39.50000,-0.25000,0.000000,25
10.400000,40.50000,-0.25000,0.000000,26
10.400000,41.50000,-0.25000,0.000000,27
10.400000,42.50000,-0.25000,0.000000,28
10.400000,43.50000,-0.25000,0.000000,29
10.400000,44.50000,-0.25000,0.000000,30
10.500000,14.53508,1.34609,0.396438,0
10.500000,15.50000,1.75000,0.244979,1
10.500000,16.50000,2.00000,0.000000,2
10.500000,17.50000,2.00000,0.000000,3
10.500000,18.50000,2.00000,-0.244979,4
10.500000,19.50000,1.75000,-0.244979,5
10.500000,20.50000,1.50000,-0.463648,6
10.500000,21.50000,1.00000,-0.463648,7
10.500000,22.50000,0.50000,-0.463648,8
10.500000,23.50000,0.00000,-0.244979,9
10.500000,24.50000,-0.25000,-0.463648,10
10.500000,25.50000,-0.75000,-0.463648,11
10.500000,26.50000,-1.25000,-0.244979,12
10.500000,27.50000,-1.50000,0.000000,13
10.500000,28.50000,-1.50000,0.000000,14
10.500000,29.50000,-1.50000,0.000000,15
10.500000,30.50000,-1.50000,0.244979,16
10.500000,31.50000,-1.25000,0.463648,17
10.500000,32.50000,-0.75000,0.244979,18
10.500000,33.50000,-0.50000,0.244979,19
10.500000,34.50000,-0.25000,0.000000,20
10.500000,35.50000,-0.25000,0.000000,21
10.500000,36.50000,-0.25000,0.000000,22
10.500000,37.50000,-0.25000,0.000000,23
10.500000,38.50000,-0.25000,0.000000,24
10.500000,39.50000,-0.25000,0.000000,25
10.500000,40.50000,-0.25000,0.000000,26
10.500000,41.50000,-0.25000,0.000000,27
10.500000,42.50000,-0.25000,0.000000,28
10.500000,43.50000,-0.25000,0.000000,29
10.500000,44.50000,-0.25000,0.000000,30
10.600000,14.64439,1.36992,0.418042,0
10.600000,15.50000,1.75000,0.244979,1
10.600000,16.50000,2.00000,0.000000,2
10.600000,17.50000,2.00000,0.000000,3
10.600000,18.50000,2.00000,-0.244979,4
10.600000,19.50000,1.75000,-0.244979,5
10.600000,20.50000,1.50000,-0.463648,6
10.600000,21.50000,1.00000,-0.463648,7
10.600000,22.50000,0.50000,-0.463648,8
10.600000,23.50000,0.00000,-0.244979,9
10.600000,24.50000,-0.25000,-0.463648,10
10.600000,25.50000,-0.75000,-0.463648,11
10.600000,26.50000,-1.25000,-0.244979,12
10.600000,27.50000,-1.50000,0.000000,13
10.600000,28.50000,-1.50000,0.000000,14
10.600000,29.50000,-1.50000,0.000000,15
10.600000,30.50000,-1.50000,0.244979,16
10.600000,31.50000,-1.25000,0.463648,17
10.600000,32.50000,-0.75000,0.244979,18
10.600000,33.50000,-0.50000,0.244979,19
10.600000,34.50000,-0.25000,0.000000,20
10.600000,35.50000,-0.25000,0.000000,21
10.600000,36.50000,-0.25000,0.000000,22
10.600000,37.50000,-0.25000,0.000000,23
10.600000,38.50000,-0.25000,0.000000,24
10.600000,39.50000,-0.25000,0.000000,25
10.600000,40.50000,-0.25000,0.000000,26
10.600000,41.50000,-0.25000,0.000000,27
10.600000,42.50000,-0.25000,0.000000,28
10.600000,43.50000,-0.25000,0.000000,29
10.600000,44.50000,-0.25000,0.000000,30
10.700000,14.76987,1.46862,0.407758,0
10.700000,16.00000,2.00000,0.000000,1
10.700000,17.00000,2.00000,0.000000,2
10.700000,18.00000,2.00000,0.000000,3
10.700000,19.00000,2.00000,-0.244979,4
10.700000,20.00000,1.75000,-0.463648,5
10.700000,21.00000,1.25000,-0.463648,6
10.700000,22.00000,0.75000,-0.463648,7
10.700000,23.00000,0.25000,-0.244979,8
10.700000,24.00000,0.00000,-0.244979,9
10.700000,25.00000,-0.25000,-0.463648,10
10.700000,26.00000,-0.75000,-0.463648,11
10.700000,27.00000,-1.25000,-0.244979,12
10.700000,28.00000,-1.50000,0.000000,13
10.700000,29.00000,-1.50000,0.000000,14
10.700000,30.00000,-1.50000,0.000000,15
10.700000,31.00000,-1.50000,0.463648,16
10.700000,32.00000,-1.00000,0.244979,17
10.700000,33.00000,-0.75000,0.244979,18
10.700000,34.00000,-0.50000,0.244979,19
10.700000,35.00000,-0.25000,0.000000,20
10.700000,36.00000,-0.25000,0.000000,21
10.700000,37.00000,-0.25000,0.000000,22
10.700000,38.00000,-0.25000,0.000000,23
10.700000,39.00000,-0.25000,0.000000,24
10.700000,40.00000,-0.25000,0.000000,25
10.700000,41.00000,-0.25000,0.000000,26
10.700000,42.00000,-0.25000,0.000000,27
10.700000,43.00000,-0.25000,0.000000,28
10.700000,44.00000,-0.25000,0.000000,29
10.700000,45.00000,-0.25000,0.000000,30
10.800000,14.99482,1.54737,0.423102,0
10.800000,16.00000,2.00000,0.000000,1
10.800000,17.00000,2.00000,0.000000,2
10.800000,18.00000,2.00000,0.000000,3
10.800000,19.00000,2.00000,-0.244979,4
10.800000,20.00000,1.75000,-0.463648,5
10.800000,21.00000,1.25000,-0.463648,6
10.800000,22.00000,0.75000,-0.463648,7
10.800000,23.00000,0.25000,-0.244979,8
10.800000,24.00000,0.00000,-0.244979,9
10.800000,25.00000,-0.25000,-0.463648,10
10.800000,26.00000,-0.75000,-0.463648,11
10.800000,27.00000,-1.25000,-0.244979,12
10.800000,28.00000,-1.50000,0.000000,13
10.800000,29.00000,-1.50000,0.000000,14
10.800000,30.00000,-1.50000,0.000000,15
10.800000,31.00000,-1.50000,0.463648,16
10.800000,32.00000,-1.00000,0.244979,17
10.800000,33.00000,-0.75000,0.244979,18
10.800000,34.00000,-0.50000,0.244979,19
10.800000,35.00000,-0.25000,0.000000,20
10.800000,36.00000,-0.25000,0.000000,21
10.800000,37.00000,-0.25000,0.000000,22
10.800000,38.00000,-0.25000,0.000000,23
10.800000,39.00000,-0.25000,0.000000,24
10.800000,40.00000,-0.25000,0.000000,25
10.800000,41.00000,-0.25000,0.000000,26
10.800000,42.00000,-0.25000,0.000000,27
10.800000,43.00000,-0.25000,0.000000,28
10.800000,44.00000,-0.25000,0.000000,29
10.800000,45.00000,-0.25000,0.000000,30
10.906000,15.19933,1.65522,0.406617,0
10.906000,16.00000,2.00000,0.000000,1
10.906000,17.00000,2.00000,0.000000,2
10.906000,18.00000,2.00000,0.000000,3
10.906000,19.00000,2.00000,-0.244979,4
10.906000,20.00000,1.75000,-0.463648,5
10.906000,21.00000,1.25000,-0.463648,6
10.906000,22.00000,0.75000,-0.463648,7
10.906000,23.00000,0.25000,-0.244979,8
10.906000,24.00000,0.00000,-0.244979,9
10.906000,25.00000,-0.25000,-0.463648,10
10.906000,26.00000,-0.75000,-0.463648,11
10.906000,27.00000,-1.25000,-0.244979,12
10.906000,28.00000,-1.50000,0.000000,13
10.906000,29.00000,-1.50000,0.000000,14
10.906000,30.00000,-1.50000,0.000000,15
10.906000,31.00000,-1.50000,0.463648,16
10.906000,32.00000,-1.00000,0.244979,17
10.906000,33.00000,-0.75000,0.244979,18
10.906000,34.00000,-0.50000,0.244979,19
10.906000,35.00000,-0.25000,0.000000,20
10.906000,36.00000,-0.25000,0.000000,21
10.906000,37.00000,-0.25000,0.000000,22
10.906000,38.00000,-0.25000,0.000000,23
10.906000,39.00000,-0.25000,0.000000,24
10.906000,40.00000,-0.25000,0.000000,25
10.906000,41.00000,-0.25000,0.000000,26
10.906000,42.00000,-0.25000,0.000000,27
10.906000,43.00000,-0.25000,0.000000,28
10.906000,44.00000,-0.25000,0.000000,29
10.906000,45.00000,-0.25000,0.000000,30
11.000000,15.36009,1.71140,0.247963,0
11.000000,16.50000,2.00000,0.000000,1
11.000000,17.50000,2.00000,0.000000,2
11.000000,18.50000,2.00000,-0.244979,3
11.000000,19.50000,1.75000,-0.244979,4
11.000000,20.50000,1.50000,-0.463648,5
11.000000,21.50000,1.00000,-0.463648,6
11.000000,22.50000,0.50000,-0.463648,7
11.000000,23.50000,0.00000,-0.244979,8
11.000000,24.50000,-0.25000,-0.463648,9
11.000000,25.50000,-0.75000,-0.463648,10
11.000000,26.50000,-1.25000,-0.244979,11
11.000000,27.50000,-1.50000,0.000000,12
11.000000,28.50000,-1.50000,0.000000,13
11.000000,29.50000,-1.50000,0.000000,14
11.000000,30.50000,-1.50000,0.244979,15
11.000000,31.50000,-1.25000,0.463648,16
11.000000,32.50000,-0.75000,0.244979,17
11.000000,33.50000,-0.50000,0.244979,18
11.000000,34.50000,-0.25000,0.000000,19
11.000000,35.50000,-0.25000,0.000000,20
11.000000,36.50000,-0.25000,0.000000,21
11.000000,37.50000,-0.25000,0.000000,22
11.000000,38.50000,-0.25000,0.000000,23
11.000000,39.50000,-0.25000,0.000000,24
11.000000,40.50000,-0.25000,0.000000,25
11.000000,41.50000,-0.25000,0.000000,26
11.000000,42.50000,-0.25000,0.000000,27
11.000000,43.50000,-0.25000,0.000000,28
11.000000,44.50000,-0.25000,0.000000,29
11.000000,45.50000,-0.25000,0.000000,30
11.100000,15.55273,1.83274,0.174774,0
11.100000,16.50000,2.00000,0.000000,1
11.100000,17.50000,2.00000,0.000000,2
11.100000,18.50000,2.00000,-0.244979,3
11.100000,19.50000,1.75000,-0.244979,4
11.100000,20.50000,1.50000,-0.463648,5
11.100000,21.50000,1.00000,-0.463648,6
11.100000,22.50000,0.50000,-0.463648,7
11.100000,23.50000,0.00000,-0.244979,8
11.100000,24.50000,-0.25000,-0.244979,9
11.100000,25.50000,-0.50000,-0.463648,10
11.100000,26.50000,-1.00000,-0.244979,11
11.100000,27.50000,-1.25000,0.000000,12
11.100000,28.50000,-1.25000,0.000000,13
11.100000,29.50000,-1.25000,0.000000,14
11.100000,30.50000,-1.25000,0.000000,15
11.100000,31.50000,-1.25000,0.463648,16
11.100000,32.50000,-0.75000,0.244979,17
11.100000,33.50000,-0.50000,0.244979,18
11.100000,34.50000,-0.25000,0.000000,19
11.100000,35.50000,-0.25000,0.000000,20
11.100000,36.50000,-0.25000,0.000000,21
11.100000,37.50000,-0.25000,0.000000,22
11.100000,38.50000,-0.25000,0.000000,23
11.100000,39.50000,-0.25000,0.000000,24
11.100000,40.50000,-0.25000,0.000000,25
11.100000,41.50000,-0.25000,0.000000,26
11.100000,42.50000,-0.25000,0.000000,27
11.100000,43.50000,-0.25000,0.000000,28
11.100000,44.50000,-0.25000,0.000000,29
11.100000,45.50000,-0.25000,0.000000,30
11.200000,15.72411,1.92027,0.102398,0
11.200000,16.50000,2.00000,0.000000,1
11.200000,17.50000,2.00000,0.000000,2
11.200000,18.50000,2.00000,-0.244979,3
11.200000,19.50000,1.75000,-0.244979,4
11.200000,20.50000,1.50000,-0.463648,5
11.200000,21.50000,1.00000,-0.463648,6
11.200000,22.50000,0.50000,-0.463648,7
11.200000,23.50000,0.00000,-0.244979,8
11.200000,24.50000,-0.25000,-0.463648,9
11.200000,25.50000,-0.75000,-0.463648,10
11.200000,26.50000,-1.25000,-0.244979,11
11.200000,27.50000,-1.50000,0.000000,12
11.200000,28.50000,-1.50000,0.000000,13
11.200000,29.50000,-1.50000,0.000000,14
11.200000,30.50000,-1.50000,0.244979,15
11.200000,31.50000,-1.25000,0.463648,16
11.200000,32.50000,-0.75000,0.244979,17
11.200000,33.50000,-0.50000,0.244979,18
11.200000,34.50000,-0.25000,0.000000,19
11.200000,35.50000,-0.25000,0.000000,20
11.200000,36.50000,-0.25000,0.000000,21
11.200000,37.50000,-0.25000,0.000000,22
11.200000,38.50000,-0.25000,0.000000,23
11.200000,39.50000,-0.25000,0.000000,24
11.200000,40.50000,-0.25000,0.000000,25
11.200000,41.50000,-0.25000,0.000000,26
11.200000,42.50000,-0.25000,0.000000,27
11.200000,43.50000,-0.25000,0.000000,28
11.200000,44.50000,-0.25000,0.000000,29
11.200000,45.50000,-0.25000,0.000000,30
11.300000,15.94673,2.02635,-0.025008,0
11.300000,17.00000,2.00000,0.000000,1
11.300000,18.00000,2.00000,0.000000,2
11.300000,19.00000,2.00000,-0.244979,3
11.300000,20.00000,1.75000,-0.463648,4
11.300000,21.00000,1.25000,-0.463648,5
11.300000,22.00000,0.75000,-0.463648,6
11.300000,23.00000,0.25000,-0.244979,7
11.300000,24.00000,0.00000,-0.244979,8
11.300000,25.00000,-0.25000,-0.463648,9
11.300000,26.00000,-0.75000,-0.463648,10
11.300000,27.00000,-1.25000,-0.244979,11
11.300000,28.00000,-1.50000,0.000000,12
11.300000,29.00000,-1.50000,0.000000,13
11.300000,30.00000,-1.50000,0.000000,14
11.300000,31.00000,-1.50000,0.463648,15
11.300000,32.00000,-1.00000,0.244979,16
11.300000,33.00000,-0.75000,0.244979,17
11.300000,34.00000,-0.50000,0.244979,18
11.300000,35.00000,-0.25000,0.000000,19
11.300000,36.00000,-0.25000,0.000000,20
11.300000,37.00000,-0.25000,0.000000,21
11.300000,38.00000,-0.25000,0.000000,22
11.300000,39.00000,-0.25000,0.000000,23
11.300000,40.00000,-0.25000,0.000000,24
11.300000,41.00000,-0.25000,0.000000,25
11.300000,42.00000,-0.25000,0.000000,26
11.300000,43.00000,-0.25000,0.000000,27
11.300000,44.00000,-0.25000,0.000000,28
11.300000,45.00000,-0.25000,0.000000,29
11.300000,46.00000,-0.25000,0.000000,30
11.400000,16.16456,2.13499,-0.160196,0
11.400000,17.00000,2.00000,0.000000,1
11.400000,18.00000,2.00000,0.000000,2
11.400000,19.00000,2.00000,-0.244979,3
11.400000,20.00000,1.75000,-0.463648,4
11.400000,21.00000,1.25000,-0.463648,5
11.400000,22.00000,0.75000,-0.463648,6
11.400000,23.00000,0.25000,-0.244979,7
11.400000,24.00000,0.00000,-0.244979,8
11.400000,25.00000,-0.25000,-0.463648,9
11.400000,26.00000,-0.75000,-0.463648,10
11.400000,27.00000,-1.25000,-0.244979,11
11.400000,28.00000,-1.50000,0.000000,12
11.400000,29.00000,-1.50000,0.000000,13
11.400000,30.00000,-1.50000,0.000000,14
11.400000,31.00000,-1.50000,0.463648,15
11.400000,32.00000,-1.00000,0.244979,16
11.400000,33.00000,-0.75000,0.244979,17
11.400000,34.00000,-0.50000,0.244979,18
11.400000,35.00000,-0.25000,0.000000,19
11.400000,36.00000,-0.25000,0.000000,20
11.400000,37.00000,-0.25000,0.000000,21
11.400000,38.00000,-0.25000,0.000000,22
11.400000,39.00000,-0.25000,0.000000,23
11.400000,40.00000,-0.25000,0.000000,24
11.400000,41.00000,-0.25000,0.000000,25
11.400000,42.00000,-0.25000,0.000000,26
11.400000,43.00000,-0.25000,0.000000,27
11.400000,44.00000,-0.25000,0.000000,28
11.400000,45.00000,-0.25000,0.000000,29
11.400000,46.00000,-0.25000,0.000000,30
11.500000,16.39365,2.23783,-0.211748,0
11.500000,17.50000,2.00000,0.000000,1
11.500000,18.50000,2.00000,-0.244979,2
11.500000,19.50000,1.75000,-0.244979,3
11.500000,20.50000,1.50000,-0.463648,4
11.500000,21.50000,1.00000,-0.463648,5
11.500000,22.50000,0.50000,-0.463648,6
11.500000,23.50000,0.00000,-0.244979,7
11.500000,24.50000,-0.25000,-0.463648,8
11.500000,25.50000,-0.75000,-0.463648,9
11.500000,26.50000,-1.25000,-0.244979,10
11.500000,27.50000,-1.50000,0.000000,11
11.500000,28.50000,-1.50000,0.000000,12
11.500000,29.50000,-1.50000,0.000000,13
11.500000,30.50000,-1.50000,0.244979,14
11.500000,31.50000,-1.25000,0.463648,15
11.500000,32.50000,-0.75000,0.244979,16
11.500000,33.50000,-0.50000,0.244979,17
11.500000,34.50000,-0.25000,0.000000,18
11.500000,35.50000,-0.25000,0.000000,19
11.500000,36.50000,-0.25000,0.000000,20
11.500000,37.50000,-0.25000,0.000000,21
11.500000,38.50000,-0.25000,0.000000,22
11.500000,39.50000,-0.25000,0.000000,23
11.500000,40.50000,-0.25000,0.000000,24
11.500000,41.50000,-0.25000,0.000000,25
11.500000,42.50000,-0.25000,0.000000,26
11.500000,43.50000,-0.25000,0.000000,27
11.500000,44.50000,-0.25000,0.000000,28
11.500000,45.50000,-0.25000,0.000000,29
11.500000,46.50000,-0.25000,0.000000,30
11.600000,16.61907,2.34111,-0.369441,0
11.600000,17.50000,2.00000,0.000000,1
11.600000,18.50000,2.00000,-0.244979,2
11.600000,19.50000,1.75000,-0.244979,3
11.600000,20.50000,1.50000,-0.463648,4
11.600000,21.50000,1.00000,-0.463648,5
11.600000,22.50000,0.50000,-0.463648,6
11.600000,23.50000,0.00000,-0.244979,7
11.600000,24.50000,-0.25000,-0.463648,8
11.600000,25.50000,-0.75000,-0.463648,9
11.600000,26.50000,-1.25000,-0.244979,10
11.600000,27.50000,-1.50000,0.000000,11
11.600000,28.50000,-1.50000,0.000000,12
11.600000,29.50000,-1.50000,0.000000,13
11.600000,30.50000,-1.50000,0.244979,14
11.600000,31.50000,-1.25000,0.463648,15
11.600000,32.50000,-0.75000,0.244979,16
11.600000,33.50000,-0.50000,0.244979,17
11.600000,34.50000,-0.25000,0.000000,18
11.600000,35.50000,-0.25000,0.000000,19
11.600000,36.50000,-0.25000,0.000000,20
11.600000,37.50000,-0.25000,0.000000,21
11.600000,38.50000,-0.25000,0.000000,22
11.600000,39.50000,-0.25000,0.000000,23
11.600000,40.50000,-0.25000,0.000000,24
11.600000,41.50000,-0.25000,0.000000,25
11.600000,42.50000,-0.25000,0.000000,26
11.600000,43.50000,-0.25000,0.000000,27
11.600000,44.50000,-0.25000,0.000000,28
11.600000,45.50000,-0.25000,0.000000,29
11.600000,46.50000,-0.25000,0.000000,30
11.700000,16.85243,2.42471,-0.354460,0
11.700000,18.00000,2.00000,0.000000,1
11.700000,19.00000,2.00000,-0.244979,2
11.700000,20.00000,1.75000,-0.463648,3
11.700000,21.00000,1.25000,-0.463648,4
11.700000,22.00000,0.75000,-0.463648,5
11.700000,23.00000,0.25000,-0.244979,6
11.700000,24.00000,0.00000,-0.244979,7
11.700000,25.00000,-0.25000,-0.463648,8
11.700000,26.00000,-0.75000,-0.463648,9
11.700000,27.00000,-1.25000,-0.244979,10
11.700000,28.00000,-1.50000,0.000000,11
11.700000,29.00000,-1.50000,0.000000,12
11.700000,30.00000,-1.50000,0.000000,13
11.700000,31.00000,-1.50000,0.463648,14
11.700000,32.00000,-1.00000,0.244979,15
11.700000,33.00000,-0.75000,0.244979,16
11.700000,34.00000,-0.50000,0.244979,17
11.700000,35.00000,-0.25000,0.000000,18
11.700000,36.00000,-0.25000,0.000000,19
11.700000,37.00000,-0.25000,0.000000,20
11.700000,38.00000,-0.25000,0.000000,21
11.700000,39.00000,-0.25000,0.000000,22
11.700000,40.00000,-0.25000,0.000000,23
11.700000,41.00000,-0.25000,0.000000,24
11.700000,42.00000,-0.25000,0.000000,25
11.700000,43.00000,-0.25000,0.000000,26
11.700000,44.00000,-0.25000,0.000000,27
11.700000,45.00000,-0.25000,0.000000,28
11.700000,46.00000,-0.25000,0.000000,29
11.700000,47.00000,-0.25000,0.000000,30
11.800000,17.07693,2.50654,-0.501887,0
11.800000,18.00000,2.00000,-0.244979,1
11.800000,19.00000,1.75000,-0.244979,2
11.800000,20.00000,1.50000,-0.244979,3
11.800000,21.00000,1.25000,-0.463648,4
11.800000,22.00000,0.75000,-0.463648,5
11.800000,23.00000,0.25000,-0.244979,6
11.800000,24.00000,0.00000,-0.244979,7
11.800000,25.00000,-0.25000,-0.463648,8
11.800000,26.00000,-0.75000,-0.463648,9
11.800000,27.00000,-1.25000,-0.244979,10
11.800000,28.00000,-1.50000,0.000000,11
11.800000,29.00000,-1.50000,0.000000,12
11.800000,30.00000,-1.50000,0.000000,13
11.800000,31.00000,-1.50000,0.463648,14
11.800000,32.00000,-1.00000,0.244979,15
11.800000,33.00000,-0.75000,0.244979,16
11.800000,34.00000,-0.50000,0.244979,17
11.800000,35.00000,-0.25000,0.000000,18
11.800000,36.00000,-0.25000,0.000000,19
11.800000,37.00000,-0.25000,0.000000,20
11.800000,38.00000,-0.25000,0.000000,21
11.800000,39.00000,-0.25000,0.000000,22
11.800000,40.00000,-0.25000,0.000000,23
11.800000,41.00000,-0.25000,0.000000,24
11.800000,42.00000,-0.25000,0.000000,25
11.800000,43.00000,-0.25000,0.000000,26
11.800000,44.00000,-0.25000,0.000000,27
11.800000,45.00000,-0.25000,0.000000,28
11.800000,46.00000,-0.25000,0.000000,29
11.800000,47.00000,-0.25000,0.000000,30
11.900000,17.29883,2.61677,-0.474366,0
11.900000,18.50000,2.00000,-0.244979,1
11.900000,19.50000,1.75000,-0.244979,2
11.900000,20.50000,1.50000,-0.463648,3
11.900000,21.50000,1.00000,-0.463648,4
11.900000,22.50000,0.50000,-0.463648,5
11.900000,23.50000,0.00000,-0.244979,6
11.900000,24.50000,-0.25000,-0.463648,7
11.900000,25.50000,-0.75000,-0.463648,8
11.900000,26.50000,-1.25000,-0.244979,9
11.900000,27.50000,-1.50000,0.000000,10
11.900000,28.50000,-1.50000,0.000000,11
11.900000,29.50000,-1.50000,0.000000,12
11.900000,30.50000,-1.50000,0.244979,13
11.900000,31.50000,-1.25000,0.463648,14
11.900000,32.50000,-0.75000,0.244979,15
11.900000,33.50000,-0.50000,0.244979,16
11.900000,34.50000,-0.25000,0.000000,17
11.900000,35.50000,-0.25000,0.000000,18
11.900000,36.50000,-0.25000,0.000000,19
11.900000,37.50000,-0.25000,0.000000,20
11.900000,38.50000,-0.25000,0.000000,21
11.900000,39.50000,-0.25000,0.000000,22
11.900000,40.50000,-0.25000,0.000000,23
11.900000,41.50000,-0.25000,0.000000,24
11.900000,42.50000,-0.25000,0.000000,25
11.900000,43.50000,-0.25000,0.000000,26
11.900000,44.50000,-0.25000,0.000000,27
11.900000,45.50000,-0.25000,0.000000,28
11.900000,46.50000,-0.25000,0.000000,29
11.900000,47.50000,-0.25000,0.000000,30
12.000000,17.51292,2.69710,-0.614889,0
12.000000,18.50000,2.00000,-0.244979,1
12.000000,19.50000,1.75000,-0.244979,2
12.000000,20.50000,1.50000,-0.463648,3
12.000000,21.50000,1.00000,-0.463648,4
12.000000,22.50000,0.50000,-0.463648,5
12.000000,23.50000,0.00000,-0.244979,6
12.000000,24.50000,-0.25000,-0.244979,7
12.000000,25.50000,-0.50000,-0.463648,8
12.000000,26.50000,-1.00000,-0.244979,9
12.000000,27.50000,-1.25000,0.000000,10
12.000000,28.50000,-1.25000,0.000000,11
12.000000,29.50000,-1.25000,0.000000,12
12.000000,30.50000,-1.25000,0.000000,13
12.000000,31.50000,-1.25000,0.463648,14
12.000000,32.50000,-0.75000,0.244979,15
12.000000,33.50000,-0.50000,0.244979,16
12.000000,34.50000,-0.25000,0.000000,17
12.000000,35.50000,-0.25000,0.000000,18
12.000000,36.50000,-0.25000,0.000000,19
12.000000,37.50000,-0.25000,0.000000,20
12.000000,38.50000,-0.25000,0.000000,21
12.000000,39.50000,-0.25000,0.000000,22
12.000000,40.50000,-0.25000,0.000000,23
12.000000,41.50000,-0.25000,0.000000,24
12.000000,42.50000,-0.25000,0.000000,25
12.000000,43.50000,-0.25000,0.000000,26
12.000000,44.50000,-0.25000,0.000000,27
12.000000,45.50000,-0.25000,0.000000,28
12.000000,46.50000,-0.25000,0.000000,29
12.000000,47.50000,-0.25000,0.000000,30
12.100000,17.70715,2.74483,-0.754180,0
12.100000,18.50000,2.00000,-0.244979,1
12.100000,19.50000,1.75000,-0.244979,2
12.100000,20.50000,1.50000,-0.463648,3
12.100000,21.50000,1.00000,-0.463648,4
12.100000,22.50000,0.50000,-0.463648,5
12.100000,23.50000,0.00000,-0.244979,6
12.100000,24.50000,-0.25000,-0.463648,7
12.100000,25.50000,-0.75000,-0.463648,8
12.100000,26.50000,-1.25000,-0.244979,9
12.100000,27.50000,-1.50000,0.000000,10
12.100000,28.50000,-1.50000,0.000000,11
12.100000,29.50000,-1.50000,0.000000,12
12.100000,30.50000,-1.50000,0.244979,13
12.100000,31.50000,-1.25000,0.463648,14
12.100000,32.50000,-0.75000,0.244979,15
12.100000,33.50000,-0.50000,0.244979,16
12.100000,34.50000,-0.25000,0.000000,17
12.100000,35.50000,-0.25000,0.000000,18
12.100000,36.50000,-0.25000,0.000000,19
12.100000,37.50000,-0.25000,0.000000,20
12.100000,38.50000,-0.25000,0.000000,21
12.100000,39.50000,-0.25000,0.000000,22
12.100000,40.50000,-0.25000,0.000000,23
12.100000,41.50000,-0.25000,0.000000,24
12.100000,42.50000,-0.25000,0.000000,25
12.100000,43.50000,-0.25000,0.000000,26
12.100000,44.50000,-0.25000,0.000000,27
12.100000,45.50000,-0.25000,0.000000,28
12.100000,46.50000,-0.25000,0.000000,29
12.100000,47.50000,-0.25000,0.000000,30
12.200000,17.90136,2.81110,-0.635959,0
12.200000,19.00000,2.00000,-0.244979,1
12.200000,20.00000,1.75000,-0.463648,2
12.200000,21.00000,1.25000,-0.463648,3
12.200000,22.00000,0.75000,-0.463648,4
12.200000,23.00000,0.25000,-0.244979,5
12.200000,24.00000,0.00000,-0.244979,6
12.200000,25.00000,-0.25000,-0.463648,7
12.200000,26.00000,-0.75000,-0.463648,8
12.200000,27.00000,-1.25000,-0.244979,9
12.200000,28.00000,-1.50000,0.000000,10
12.200000,29.00000,-1.50000,0.000000,11
12.200000,30.00000,-1.50000,0.000000,12
12.200000,31.00000,-1.50000,0.463648,13
12.200000,32.00000,-1.00000,0.244979,14
12.200000,33.00000,-0.75000,0.244979,15
12.200000,34.00000,-0.50000,0.244979,16
12.200000,35.00000,-0.25000,0.000000,17
12.200000,36.00000,-0.25000,0.000000,18
12.200000,37.00000,-0.25000,0.000000,19
12.200000,38.00000,-0.25000,0.000000,20
12.200000,39.00000,-0.25000,0.000000,21
12.200000,40.00000,-0.25000,0.000000,22
12.200000,41.00000,-0.25000,0.000000,23
12.200000,42.00000,-0.25000,0.000000,24
12.200000,43.00000,-0.25000,0.000000,25
12.200000,44.00000,-0.25000,0.000000,26
12.200000,45.00000,-0.25000,0.000000,27
12.200000,46.00000,-0.25000,0.000000,28
12.200000,47.00000,-0.25000,0.000000,29
12.200000,48.00000,-0.25000,0.000000,30
12.300000,18.08703,2.85236,-0.751076,0
12.300000,19.00000,2.00000,-0.244979,1
12.300000,20.00000,1.75000,-0.463648,2
12.300000,21.00000,1.25000,-0.463648,3
12.300000,22.00000,0.75000,-0.463648,4
12.300000,23.00000,0.25000,-0.244979,5
12.300000,24.00000,0.00000,-0.244979,6
12.300000,25.00000,-0.25000,-0.463648,7
12.300000,26.00000,-0.75000,-0.463648,8
12.300000,27.00000,-1.25000,-0.244979,9
12.300000,28.00000,-1.50000,0.000000,10
12.300000,29.00000,-1.50000,0.000000,11
12.300000,30.00000,-1.50000,0.000000,12
12.300000,31.00000,-1.50000,0.463648,13
12.300000,32.00000,-1.00000,0.244979,14
12.300000,33.00000,-0.75000,0.244979,15
12.300000,34.00000,-0.50000,0.244979,16
12.300000,35.00000,-0.25000,0.000000,17
12.300000,36.00000,-0.25000,0.000000,18
12.300000,37.00000,-0.25000,0.000000,19
12.300000,38.00000,-0.25000,0.000000,20
12.300000,39.00000,-0.25000,0.000000,21
12.300000,40.00000,-0.25000,0.000000,22
12.300000,41.00000,-0.25000,0.000000,23
12.300000,42.00000,-0.25000,0.000000,24
12.300000,43.00000,-0.25000,0.000000,25
12.300000,44.00000,-0.25000,0.000000,26
12.300000,45.00000,-0.25000,0.000000,27
12.300000,46.00000,-0.25000,0.000000,28
12.300000,47.00000,-0.25000,0.000000,29
12.300000,48.00000,-0.25000,0.000000,30
12.400000,18.24639,2.92950,-0.733734,0
12.400000,19.00000,2.25000,-0.463648,1
12.400000,20.00000,1.75000,-0.463648,2
12.400000,21.00000,1.25000,-0.463648,3
12.400000,22.00000,0.75000,-0.463648,4
12.400000,23.00000,0.25000,-0.244979,5
12.400000,24.00000,0.00000,-0.244979,6
12.400000,25.00000,-0.25000,-0.463648,7
12.400000,26.00000,-0.75000,-0.463648,8
12.400000,27.00000,-1.25000,-0.244979,9
12.400000,28.00000,-1.50000,0.000000,10
12.400000,29.00000,-1.50000,0.000000,11
12.400000,30.00000,-1.50000,0.000000,12
12.400000,31.00000,-1.50000,0.463648,13
12.400000,32.00000,-1.00000,0.244979,14
12.400000,33.00000,-0.75000,0.244979,15
12.400000,34.00000,-0.50000,0.244979,16
12.400000,35.00000,-0.25000,0.000000,17
12.400000,36.00000,-0.25000,0.000000,18
12.400000,37.00000,-0.25000,0.000000,19
12.400000,38.00000,-0.25000,0.000000,20
12.400000,39.00000,-0.25000,0.000000,21
12.400000,40.00000,-0.25000,0.000000,22
12.400000,41.00000,-0.25000,0.000000,23
12.400000,42.00000,-0.25000,0.000000,24
12.400000,43.00000,-0.25000,0.000000,25
12.400000,44.00000,-0.25000,0.000000,26
12.400000,45.00000,-0.25000,0.000000,27
12.400000,46.00000,-0.25000,0.000000,28
12.400000,47.00000,-0.25000,0.000000,29
12.400000,48.00000,-0.25000,0.000000,30
12.500000,18.43010,2.98991,-0.605044,0
12.500000,19.50000,2.25000,-0.463648,1
12.500000,20.50000,1.75000,-0.643501,2
12.500000,21.50000,1.00000,-0.463648,3
12.500000,22.50000,0.50000,-0.463648,4
12.500000,23.50000,0.00000,-0.244979,5
12.500000,24.50000,-0.25000,-0.463648,6
12.500000,25.50000,-0.75000,-0.463648,7
12.500000,26.50000,-1.25000,-0.244979,8
12.500000,27.50000,-1.50000,0.000000,9
12.500000,28.50000,-1.50000,0.000000,10
12.500000,29.50000,-1.50000,0.000000,11
12.500000,30.50000,-1.50000,0.244979,12
12.500000,31.50000,-1.25000,0.463648,13
12.500000,32.50000,-0.75000,0.244979,14
12.500000,33.50000,-0.50000,0.244979,15
12.500000,34.50000,-0.25000,0.000000,16
12.500000,35.50000,-0.25000,0.000000,17
12.500000,36.50000,-0.25000,0.000000,18
12.500000,37.50000,-0.25000,0.000000,19
12.500000,38.50000,-0.25000,0.000000,20
12.500000,39.50000,-0.25000,0.000000,21
12.500000,40.50000,-0.25000,0.000000,22
12.500000,41.50000,-0.25000,0.000000,23
12.500000,42.50000,-0.25000,0.000000,24
12.500000,43.50000,-0.25000,0.000000,25
12.500000,44.50000,-0.25000,0.000000,26
12.500000,45.50000,-0.25000,0.000000,27
12.500000,46.50000,-0.25000,0.000000,28
12.500000,47.50000,-0.25000,0.000000,29
12.500000,48.50000,-0.25000,0.000000,30
12.600000,18.59791,3.03299,-0.714832,0
12.600000,19.50000,2.25000,-0.463648,1
12.600000,20.50000,1.75000,-0.643501,2
12.600000,21.50000,1.00000,-0.463648,3
12.600000,22.50000,0.50000,-0.463648,4
12.600000,23.50000,0.00000,-0.244979,5
12.600000,24.50000,-0.25000,-0.463648,6
12.600000,25.50000,-0.75000,-0.463648,7
12.600000,26.50000,-1.25000,-0.244979,8
12.600000,27.50000,-1.50000,0.000000,9
12.600000,28.50000,-1.50000,0.000000,10
12.600000,29.50000,-1.50000,0.000000,11
12.600000,30.50000,-1.50000,0.244979,12
12.600000,31.50000,-1.25000,0.244979,13
12.600000,32.50000,-1.00000,0.244979,14
12.600000,33.50000,-0.75000,0.244979,15
12.600000,34.50000,-0.50000,0.000000,16
12.600000,35.50000,-0.50000,0.000000,17
12.600000,36.50000,-0.50000,0.000000,18
12.600000,37.50000,-0.50000,0.000000,19
12.600000,38.50000,-0.50000,0.000000,20
12.600000,39.50000,-0.50000,0.000000,21
12.600000,40.50000,-0.50000,0.000000,22
12.600000,41.50000,-0.50000,0.000000,23
12.600000,42.50000,-0.50000,0.000000,24
12.600000,43.50000,-0.50000,0.000000,25
12.600000,44.50000,-0.50000,0.000000,26
12.600000,45.50000,-0.50000,0.000000,27
12.600000,46.50000,-0.50000,0.000000,28
12.600000,47.50000,-0.50000,0.000000,29
12.600000,48.50000,-0.50000,0.000000,30
12.700000,18.71585,3.07450,-0.810473,0
12.700000,19.50000,2.25000,-0.463648,1
12.700000,20.50000,1.75000,-0.643501,2
12.700000,21.50000,1.00000,-0.463648,3
12.700000,22.50000,0.50000,-0.463648,4
12.700000,23.50000,0.00000,-0.244979,5
12.700000,24.50000,-0.25000,-0.463648,6
12.700000,25.50000,-0.75000,-0.463648,7
12.700000,26.50000,-1.25000,-0.244979,8
12.700000,27.50000,-1.50000,0.000000,9
12.700000,28.50000,-1.50000,0.000000,10
12.700000,29.50000,-1.50000,0.000000,11
12.700000,30.50000,-1.50000,0.244979,12
12.700000,31.50000,-1.25000,0.463648,13
12.700000,32.50000,-0.75000,0.244979,14
12.700000,33.50000,-0.50000,0.244979,15
12.700000,34.50000,-0.25000,0.000000,16
12.700000,35.50000,-0.25000,0.000000,17
12.700000,36.50000,-0.25000,0.000000,18
12.700000,37.50000,-0.25000,0.000000,19
12.700000,38.50000,-0.25000,0.000000,20
12.700000,39.50000,-0.25000,0.000000,21
12.700000,40.50000,-0.25000,0.000000,22
12.700000,41.50000,-0.25000,0.000000,23
12.700000,42.50000,-0.25000,0.000000,24
12.700000,43.50000,-0.25000,0.000000,25
12.700000,44.50000,-0.25000,0.000000,26
12.700000,45.50000,-0.25000,0.000000,27
12.700000,46.50000,-0.25000,0.000000,28
12.700000,47.50000,-0.25000,0.000000,29
12.700000,48.50000,-0.25000,0.000000,30
12.800000,18.83828,3.08592,-0.623728,0
12.800000,20.00000,2.25000,-0.643501,1
12.800000,21.00000,1.50000,-0.463648,2
12.800000,22.00000,1.00000,-0.463648,3
12.800000,23.00000,0.50000,-0.463648,4
12.800000,24.00000,0.00000,-0.244979,5
12.800000,25.00000,-0.25000,-0.463648,6
12.800000,26.00000,-0.75000,-0.463648,7
12.800000,27.00000,-1.25000,-0.244979,8
12.800000,28.00000,-1.50000,0.000000,9
12.800000,29.00000,-1.50000,0.000000,10
12.800000,30.00000,-1.50000,0.000000,11
12.800000,31.00000,-1.50000,0.463648,12
12.800000,32.00000,-1.00000,0.244979,13
12.800000,33.00000,-0.75000,0.244979,14
12.800000,34.00000,-0.50000,0.244979,15
12.800000,35.00000,-0.25000,0.000000,16
12.800000,36.00000,-0.25000,0.000000,17
12.800000,37.00000,-0.25000,0.000000,18
12.800000,38.00000,-0.25000,0.000000,19
12.800000,39.00000,-0.25000,0.000000,20
12.800000,40.00000,-0.25000,0.000000,21
12.800000,41.00000,-0.25000,0.000000,22
12.800000,42.00000,-0.25000,0.000000,23
12.800000,43.00000,-0.25000,0.000000,24
12.800000,44.00000,-0.25000,0.000000,25
12.800000,45.00000,-0.25000,0.000000,26
12.800000,46.00000,-0.25000,0.000000,27
12.800000,47.00000,-0.25000,0.000000,28
12.800000,48.00000,-0.25000,0.000000,29
12.800000,49.00000,-0.25000,0.000000,30
12.900000,18.93641,3.12537,-0.688627,0
12.900000,20.00000,2.25000,-0.643501,1
12.900000,21.00000,1.50000,-0.463648,2
12.900000,22.00000,1.00000,-0.463648,3
12.900000,23.00000,0.50000,-0.463648,4
12.900000,24.00000,0.00000,-0.244979,5
12.900000,25.00000,-0.25000,-0.463648,6
12.900000,26.00000,-0.75000,-0.463648,7
12.900000,27.00000,-1.25000,-0.244979,8
12.900000,28.00000,-1.50000,0.000000,9
12.900000,29.00000,-1.50000,0.000000,10
12.900000,30.00000,-1.50000,0.000000,11
12.900000,31.00000,-1.50000,0.463648,12
12.900000,32.00000,-1.00000,0.244979,13
12.900000,33.00000,-0.75000,0.244979,14
12.900000,34.00000,-0.50000,0.244979,15
12.900000,35.00000,-0.25000,0.000000,16
12.900000,36.00000,-0.25000,0.000000,17
12.900000,37.00000,-0.25000,0.000000,18
12.900000,38.00000,-0.25000,0.000000,19
12.900000,39.00000,-0.25000,0.000000,20
12.900000,40.00000,-0.25000,0.000000,21
12.900000,41.00000,-0.25000,0.000000,22
12.900000,42.00000,-0.25000,0.000000,23
12.900000,43.00000,-0.25000,0.000000,24
12.900000,44.00000,-0.25000,0.000000,25
12.900000,45.00000,-0.25000,0.000000,26
12.900000,46.00000,-0.25000,0.000000,27
12.900000,47.00000,-0.25000,-0.244979,28
12.900000,48.00000,-0.50000,0.000000,29
12.900000,49.00000,-0.50000,0.000000,30
13.000000,19.02483,3.13135,-0.734903,0
13.000000,20.00000,2.25000,-0.643501,1
13.000000,21.00000,1.50000,-0.463648,2
13.000000,22.00000,1.00000,-0.463648,3
13.000000,23.00000,0.50000,-0.463648,4
13.000000,24.00000,0.00000,-0.244979,5
13.000000,25.00000,-0.25000,-0.463648,6
13.000000,26.00000,-0.75000,-0.463648,7
13.000000,27.00000,-1.25000,-0.244979,8
13.000000,28.00000,-1.50000,0.000000,9
13.000000,29.00000,-1.50000,0.000000,10
13.000000,30.00000,-1.50000,0.000000,11
13.000000,31.00000,-1.50000,0.463648,12
13.000000,32.00000,-1.00000,0.244979,13
13.000000,33.00000,-0.75000,0.244979,14
13.000000,34.00000,-0.50000,0.244979,15
13.000000,35.00000,-0.25000,0.000000,16
13.000000,36.00000,-0.25000,0.000000,17
13.000000,37.00000,-0.25000,0.000000,18
13.000000,38.00000,-0.25000,0.000000,19
13.000000,39.00000,-0.25000,0.000000,20
13.000000,40.00000,-0.25000,0.000000,21
13.000000,41.00000,-0.25000,0.000000,22
13.000000,42.00000,-0.25000,0.000000,23
13.000000,43.00000,-0.25000,0.000000,24
13.000000,44.00000,-0.25000,0.000000,25
13.000000,45.00000,-0.25000,0.000000,26
13.000000,46.00000,-0.25000,0.000000,27
13.000000,47.00000,-0.25000,-0.244979,28
13.000000,48.00000,-0.50000,0.000000,29
13.000000,49.00000,-0.50000,0.000000,30
13.100000,19.15293,3.13089,-0.804967,0
13.100000,20.00000,2.25000,-0.643501,1
13.100000,21.00000,1.50000,-0.463648,2
13.100000,22.00000,1.00000,-0.463648,3
13.100000,23.00000,0.50000,-0.463648,4
13.100000,24.00000,0.00000,-0.244979,5
13.100000,25.00000,-0.25000,-0.463648,6
13.100000,26.00000,-0.75000,-0.463648,7
13.100000,27.00000,-1.25000,-0.244979,8
13.100000,28.00000,-1.50000,0.000000,9
13.100000,29.00000,-1.50000,0.000000,10
13.100000,30.00000,-1.50000,0.000000,11
13.100000,31.00000,-1.50000,0.463648,12
13.100000,32.00000,-1.00000,0.244979,13
13.100000,33.00000,-0.75000,0.244979,14
13.100000,34.00000,-0.50000,0.244979,15
13.100000,35.00000,-0.25000,0.000000,16
13.100000,36.00000,-0.25000,0.000000,17
13.100000,37.00000,-0.25000,0.000000,18
13.100000,38.00000,-0.25000,0.000000,19
13.100000,39.00000,-0.25000,0.000000,20
13.100000,40.00000,-0.25000,0.000000,21
13.100000,41.00000,-0.25000,0.000000,22
13.100000,42.00000,-0.25000,0.000000,23
13.100000,43.00000,-0.25000,0.000000,24
13.100000,44.00000,-0.25000,0.000000,25
13.100000,45.00000,-0.25000,0.000000,26
13.100000,46.00000,-0.25000,0.000000,27
13.100000,47.00000,-0.25000,-0.244979,28
13.100000,48.00000,-0.50000,0.000000,29
13.100000,49.00000,-0.50000,0.000000,30
13.200000,19.16166,3.11330,-0.800068,0
13.200000,20.00000,2.25000,-0.643501,1
13.200000,21.00000,1.50000,-0.463648,2
13.200000,22.00000,1.00000,-0.463648,3
13.200000,23.00000,0.50000,-0.463648,4
13.200000,24.00000,0.00000,-0.244979,5
13.200000,25.00000,-0.25000,-0.463648,6
13.200000,26.00000,-0.75000,-0.463648,7
13.200000,27.00000,-1.25000,-0.244979,8
13.200000,28.00000,-1.50000,0.000000,9
13.200000,29.00000,-1.50000,0.000000,10
13.200000,30.00000,-1.50000,0.000000,11
13.200000,31.00000,-1.50000,0.463648,12
13.200000,32.00000,-1.00000,0.244979,13
13.200000,33.00000,-0.75000,0.244979,14
13.200000,34.00000,-0.50000,0.244979,15
13.200000,35.00000,-0.25000,0.000000,16
13.200000,36.00000,-0.25000,0.000000,17
13.200000,37.00000,-0.25000,0.000000,18
13.200000,38.00000,-0.25000,0.000000,19
13.200000,39.00000,-0.25000,0.000000,20
13.200000,40.00000,-0.25000,0.000000,21
13.200000,41.00000,-0.25000,0.000000,22
13.200000,42.00000,-0.25000,0.000000,23
13.200000,43.00000,-0.25000,0.000000,24
13.200000,44.00000,-0.25000,0.000000,25
13.200000,45.00000,-0.25000,0.000000,26
13.200000,46.00000,-0.25000,0.000000,27
13.200000,47.00000,-0.25000,-0.244979,28
13.200000,48.00000,-0.50000,0.000000,29
13.200000,49.00000,-0.50000,0.000000,30
13.300000,19.24045,3.10463,-0.844233,0
13.300000,20.00000,2.25000,-0.643501,1
13.300000,21.00000,1.50000,-0.463648,2
13.300000,22.00000,1.00000,-0.463648,3
13.300000,23.00000,0.50000,-0.463648,4
13.300000,24.00000,0.00000,-0.244979,5
13.300000,25.00000,-0.25000,-0.463648,6
13.300000,26.00000,-0.75000,-0.463648,7
13.300000,27.00000,-1.25000,-0.244979,8
13.300000,28.00000,-1.50000,0.000000,9
13.300000,29.00000,-1.50000,0.000000,10
13.300000,30.00000,-1.50000,0.000000,11
13.300000,31.00000,-1.50000,0.463648,12
13.300000,32.00000,-1.00000,0.244979,13
13.300000,33.00000,-0.75000,0.244979,14
13.300000,34.00000,-0.50000,0.244979,15
13.300000,35.00000,-0.25000,0.000000,16
13.300000,36.00000,-0.25000,0.000000,17
13.300000,37.00000,-0.25000,0.000000,18
13.300000,38.00000,-0.25000,0.000000,19
13.300000,39.00000,-0.25000,0.000000,20
13.300000,40.00000,-0.25000,0.000000,21
13.300000,41.00000,-0.25000,0.000000,22
13.300000,42.00000,-0.25000,0.000000,23
13.300000,43.00000,-0.25000,0.000000,24
13.300000,44.00000,-0.25000,0.000000,25
13.300000,45.00000,-0.25000,0.000000,26
13.300000,46.00000,-0.25000,0.000000,27
13.300000,47.00000,-0.25000,-0.244979,28
13.300000,48.00000,-0.50000,0.000000,29
13.300000,49.00000,-0.50000,0.000000,30
13.400000,19.27908,3.11589,-0.616884,0
13.400000,20.50000,2.25000,-0.643501,1
13.400000,21.50000,1.50000,-0.643501,2
13.400000,22.50000,0.75000,-0.463648,3
13.400000,23.50000,0.25000,-0.463648,4
13.400000,24.50000,-0.25000,-0.463648,5
13.400000,25.50000,-0.75000,-0.463648,6
13.400000,26.50000,-1.25000,-0.244979,7
13.400000,27.50000,-1.50000,0.000000,8
13.400000,28.50000,-1.50000,0.000000,9
13.400000,29.50000,-1.50000,0.000000,10
13.400000,30.50000,-1.50000,0.244979,11
13.400000,31.50000,-1.25000,0.244979,12
13.400000,32.50000,-1.00000,0.244979,13
13.400000,33.50000,-0.75000,0.244979,14
13.400000,34.50000,-0.50000,0.000000,15
13.400000,35.50000,-0.50000,0.000000,16
13.400000,36.50000,-0.50000,0.000000,17
13.400000,37.50000,-0.50000,0.000000,18
13.400000,38.50000,-0.50000,0.000000,19
13.400000,39.50000,-0.50000,0.000000,20
13.400000,40.50000,-0.50000,0.000000,21
13.400000,41.50000,-0.50000,0.000000,22
13.400000,42.50000,-0.50000,0.000000,23
13.400000,43.50000,-0.50000,0.000000,24
13.400000,44.50000,-0.50000,0.000000,25
13.400000,45.50000,-0.50000,0.000000,26
13.400000,46.50000,-0.50000,0.000000,27
13.400000,47.50000,-0.50000,0.000000,28
13.400000,48.50000,-0.50000,0.000000,29
13.400000,49.50000,-0.50000,0.000000,30
13.500000,19.31971,3.11085,-0.630158,0
13.500000,20.50000,2.25000,-0.643501,1
13.500000,21.50000,1.50000,-0.643501,2
13.500000,22.50000,0.75000,-0.463648,3
13.500000,23.50000,0.25000,-0.463648,4
13.500000,24.50000,-0.25000,-0.463648,5
13.500000,25.50000,-0.75000,-0.463648,6
13.500000,26.50000,-1.25000,-0.244979,7
13.500000,27.50000,-1.50000,0.000000,8
13.500000,28.50000,-1.50000,0.000000,9
13.500000,29.50000,-1.50000,0.000000,10
13.500000,30.50000,-1.50000,0.244979,11
13.500000,31.50000,-1.25000,0.244979,12
13.500000,32.50000,-1.00000,0.244979,13
13.500000,33.50000,-0.75000,0.244979,14
13.500000,34.50000,-0.50000,0.000000,15
13.500000,35.50000,-0.50000,0.000000,16
13.500000,36.50000,-0.50000,0.000000,17
13.500000,37.50000,-0.50000,0.000000,18
13.500000,38.50000,-0.50000,0.000000,19
13.500000,39.50000,-0.50000,0.000000,20
13.500000,40.50000,-0.50000,0.000000,21
13.500000,41.50000,-0.50000,0.000000,22
13.500000,42.50000,-0.50000,0.000000,23
13.500000,43.50000,-0.50000,0.000000,24
13.500000,44.50000,-0.50000,0.000000,25
13.500000,45.50000,-0.50000,0.000000,26
13.500000,46.50000,-0.50000,0.000000,27
13.500000,47.50000,-0.50000,-0.244979,28
13.500000,48.50000,-0.75000,0.000000,29
13.500000,49.50000,-0.75000,0.000000,30
13.600000,19.33729,3.11996,-0.642357,0
13.600000,20.50000,2.25000,-0.643501,1
13.600000,21.50000,1.50000,-0.463648,2
13.600000,22.50000,1.00000,-0.463648,3
13.600000,23.50000,0.50000,-0.463648,4
13.600000,24.50000,0.00000,-0.463648,5
13.600000,25.50000,-0.50000,-0.463648,6
13.600000,26.50000,-1.00000,-0.244979,7
13.600000,27.50000,-1.25000,-0.244979,8
13.600000,28.50000,-1.50000,0.000000,9
13.600000,29.50000,-1.50000,0.000000,10
13.600000,30.50000,-1.50000,0.244979,11
13.600000,31.50000,-1.25000,0.244979,12
13.600000,32.50000,-1.00000,0.244979,13
13.600000,33.50000,-0.75000,0.244979,14
13.600000,34.50000,-0.50000,0.000000,15
13.600000,35.50000,-0.50000,0.000000,16
13.600000,36.50000,-0.50000,0.000000,17
13.600000,37.50000,-0.50000,0.000000,18
13.600000,38.50000,-0.50000,0.000000,19
13.600000,39.50000,-0.50000,0.000000,20
13.600000,40.50000,-0.50000,0.000000,21
13.600000,41.50000,-0.50000,0.000000,22
13.600000,42.50000,-0.50000,0.000000,23
13.600000,43.50000,-0.50000,0.000000,24
13.600000,44.50000,-0.50000,0.000000,25
13.600000,45.50000,-0.50000,0.000000,26
13.600000,46.50000,-0.50000,0.000000,27
13.600000,47.50000,-0.50000,0.000000,28
13.600000,48.50000,-0.50000,0.000000,29
13.600000,49.50000,-0.50000,0.000000,30
13.700000,19.35114,3.13184,-0.654655,0
13.700000,20.50000,2.25000,-0.643501,1
13.700000,21.50000,1.50000,-0.463648,2
13.700000,22.50000,1.00000,-0.463648,3
13.700000,23.50000,0.50000,-0.463648,4
13.700000,24.50000,0.00000,-0.463648,5
13.700000,25.50000,-0.50000,-0.463648,6
13.700000,26.50000,-1.00000,-0.244979,7
13.700000,27.50000,-1.25000,0.000000,8
13.700000,28.50000,-1.25000,0.000000,9
13.700000,29.50000,-1.25000,0.000000,10
13.700000,30.50000,-1.25000,0.000000,11
13.700000,31.50000,-1.25000,0.463648,12
13.700000,32.50000,-0.75000,0.244979,13
13.700000,33.50000,-0.50000,0.244979,14
13.700000,34.50000,-0.25000,0.000000,15
13.700000,35.50000,-0.25000,0.000000,16
13.700000,36.50000,-0.25000,0.000000,17
13.700000,37.50000,-0.25000,0.000000,18
13.700000,38.50000,-0.25000,0.000000,19
13.700000,39.50000,-0.25000,0.000000,20
13.700000,40.50000,-0.25000,0.000000,21
13.700000,41.50000,-0.25000,0.000000,22
13.700000,42.50000,-0.25000,0.000000,23
13.700000,43.50000,-0.25000,0.000000,24
13.700000,44.50000,-0.25000,0.000000,25
13.700000,45.50000,-0.25000,0.000000,26
13.700000,46.50000,-0.25000,0.000000,27
13.700000,47.50000,-0.25000,-0.244979,28
13.700000,48.50000,-0.50000,0.000000,29
13.700000,49.50000,-0.50000,0.000000,30
13.800000,19.36525,3.08937,-0.636874,0
13.800000,20.50000,2.25000,-0.643501,1
13.800000,21.50000,1.50000,-0.643501,2
13.800000,22.50000,0.75000,-0.463648,3
13.800000,23.50000,0.25000,-0.463648,4
13.800000,24.50000,-0.25000,-0.463648,5
13.800000,25.50000,-0.75000,-0.463648,6
13.800000,26.50000,-1.25000,-0.244979,7
13.800000,27.50000,-1.50000,0.000000,8
13.800000,28.50000,-1.50000,0.000000,9
13.800000,29.50000,-1.50000,0.000000,10
13.800000,30.50000,-1.50000,0.244979,11
13.800000,31.50000,-1.25000,0.463648,12
13.800000,32.50000,-0.75000,0.244979,13
13.800000,33.50000,-0.50000,0.244979,14
13.800000,34.50000,-0.25000,0.000000,15
13.800000,35.50000,-0.25000,0.000000,16
13.800000,36.50000,-0.25000,0.000000,17
13.800000,37.50000,-0.25000,0.000000,18
13.800000,38.50000,-0.25000,0.000000,19
13.800000,39.50000,-0.25000,0.000000,20
13.800000,40.50000,-0.25000,0.000000,21
13.800000,41.50000,-0.25000,0.000000,22
13.800000,42.50000,-0.25000,0.000000,23
13.800000,43.50000,-0.25000,0.000000,24
13.800000,44.50000,-0.25000,0.000000,25
13.800000,45.50000,-0.25000,0.000000,26
13.800000,46.50000,-0.25000,0.000000,27
13.800000,47.50000,-0.25000,-0.244979,28
13.800000,48.50000,-0.50000,0.000000,29
13.800000,49.50000,-0.50000,0.000000,30
13.900000,19.36245,3.08012,-0.630413,0
13.900000,20.50000,2.25000,-0.643501,1
13.900000,21.50000,1.50000,-0.463648,2
13.900000,22.50000,1.00000,-0.463648,3
13.900000,23.50000,0.50000,-0.463648,4
13.900000,24.50000,0.00000,-0.463648,5
13.900000,25.50000,-0.50000,-0.463648,6
13.900000,26.50000,-1.00000,-0.244979,7
13.900000,27.50000,-1.25000,-0.244979,8
13.900000,28.50000,-1.50000,0.000000,9
13.900000,29.50000,-1.50000,0.000000,10
13.900000,30.50000,-1.50000,0.244979,11
13.900000,31.50000,-1.25000,0.463648,12
13.900000,32.50000,-0.75000,0.244979,13
13.900000,33.50000,-0.50000,0.244979,14
13.900000,34.50000,-0.25000,0.000000,15
13.900000,35.50000,-0.25000,0.000000,16
13.900000,36.50000,-0.25000,0.000000,17
13.900000,37.50000,-0.25000,0.000000,18
13.900000,38.50000,-0.25000,0.000000,19
13.900000,39.50000,-0.25000,0.000000,20
13.900000,40.50000,-0.25000,0.000000,21
13.900000,41.50000,-0.25000,0.000000,22
13.900000,42.50000,-0.25000,0.000000,23
13.900000,43.50000,-0.25000,0.000000,24
13.900000,44.50000,-0.25000,0.000000,25
13.900000,45.50000,-0.25000,0.000000,26
13.900000,46.50000,-0.25000,0.000000,27
13.900000,47.50000,-0.25000,-0.244979,28
13.900000,48.50000,-0.50000,0.000000,29
13.900000,49.50000,-0.50000,0.000000,30
14.000000,19.41494,3.11382,-0.672362,0
14.000000,20.50000,2.25000,-0.643501,1
14.000000,21.50000,1.50000,-0.643501,2
14.000000,22.50000,0.75000,-0.463648,3
14.000000,23.50000,0.25000,-0.463648,4
14.000000,24.50000,-0.25000,-0.463648,5
14.000000,25.50000,-0.75000,-0.463648,6
14.000000,26.50000,-1.25000,-0.244979,7
14.000000,27.50000,-1.50000,0.000000,8
14.000000,28.50000,-1.50000,0.000000,9
14.000000,29.50000,-1.50000,0.000000,10
14.000000,30.50000,-1.50000,0.244979,11
14.000000,31.50000,-1.25000,0.244979,12
14.000000,32.50000,-1.00000,0.244979,13
14.000000,33.50000,-0.75000,0.244979,14
14.000000,34.50000,-0.50000,0.000000,15
14.000000,35.50000,-0.50000,0.000000,16
14.000000,36.50000,-0.50000,0.000000,17
14.000000,37.50000,-0.50000,0.000000,18
14.000000,38.50000,-0.50000,0.000000,19
14.000000,39.50000,-0.50000,0.000000,20
14.000000,40.50000,-0.50000,0.000000,21
14.000000,41.50000,-0.50000,0.000000,22
14.000000,42.50000,-0.50000,0.000000,23
14.000000,43.50000,-0.50000,0.000000,24
14.000000,44.50000,-0.50000,0.000000,25
14.000000,45.50000,-0.50000,0.000000,26
14.000000,46.50000,-0.50000,0.000000,27
14.000000,47.50000,-0.50000,0.000000,28
14.000000,48.50000,-0.50000,-0.244979,29
14.000000,49.50000,-0.75000,-0.244979,30
14.100000,19.40596,3.10905,-0.665657,0
14.100000,20.50000,2.25000,-0.643501,1
14.100000,21.50000,1.50000,-0.643501,2
14.100000,22.50000,0.75000,-0.463648,3
14.100000,23.50000,0.25000,-0.463648,4
14.100000,24.50000,-0.25000,-0.463648,5
14.100000,25.50000,-0.75000,-0.463648,6
14.100000,26.50000,-1.25000,-0.244979,7
14.100000,27.50000,-1.50000,0.000000,8
14.100000,28.50000,-1.50000,0.000000,9
14.100000,29.50000,-1.50000,0.000000,10
14.100000,30.50000,-1.50000,0.244979,11
14.100000,31.50000,-1.25000,0.244979,12
14.100000,32.50000,-1.00000,0.244979,13
14.100000,33.50000,-0.75000,0.244979,14
14.100000,34.50000,-0.50000,0.000000,15
14.100000,35.50000,-0.50000,0.000000,16
14.100000,36.50000,-0.50000,0.000000,17
14.100000,37.50000,-0.50000,0.000000,18
14.100000,38.50000,-0.50000,0.000000,19
14.100000,39.50000,-0.50000,0.000000,20
14.100000,40.50000,-0.50000,0.000000,21
14.100000,41.50000,-0.50000,0.000000,22
14.100000,42.50000,-0.50000,0.000000,23
14.100000,43.50000,-0.50000,0.000000,24
14.100000,44.50000,-0.50000,0.000000,25
14.100000,45.50000,-0.50000,0.000000,26
14.100000,46.50000,-0.50000,0.000000,27
14.100000,47.50000,-0.50000,-0.244979,28
14.100000,48.50000,-0.75000,0.000000,29
14.100000,49.50000,-0.75000,0.000000,30
14.200000,19.42188,3.10761,-0.671974,0
14.200000,20.50000,2.25000,-0.643501,1
14.200000,21.50000,1.50000,-0.463648,2
14.200000,22.50000,1.00000,-0.463648,3
14.200000,23.50000,0.50000,-0.463648,4
14.200000,24.50000,0.00000,-0.463648,5
14.200000,25.50000,-0.50000,-0.463648,6
14.200000,26.50000,-1.00000,-0.244979,7
14.200000,27.50000,-1.25000,-0.244979,8
14.200000,28.50000,-1.50000,0.000000,9
14.200000,29.50000,-1.50000,0.000000,10
14.200000,30.50000,-1.50000,0.244979,11
14.200000,31.50000,-1.25000,0.244979,12
14.200000,32.50000,-1.00000,0.244979,13
14.200000,33.50000,-0.75000,0.244979,14
14.200000,34.50000,-0.50000,0.000000,15
14.200000,35.50000,-0.50000,0.000000,16
14.200000,36.50000,-0.50000,0.000000,17
14.200000,37.50000,-0.50000,0.000000,18
14.200000,38.50000,-0.50000,0.000000,19
14.200000,39.50000,-0.50000,0.000000,20
14.200000,40.50000,-0.50000,0.000000,21
14.200000,41.50000,-0.50000,0.000000,22
14.200000,42.50000,-0.50000,0.000000,23
14.200000,43.50000,-0.50000,0.000000,24
14.200000,44.50000,-0.50000,0.000000,25
14.200000,45.50000,-0.50000,0.000000,26
14.200000,46.50000,-0.50000,0.000000,27
14.200000,47.50000,-0.50000,0.000000,28
14.200000,48.50000,-0.50000,0.000000,29
14.200000,49.50000,-0.50000,0.000000,30
14.300000,19.39669,3.09849,-0.655577,0
14.300000,20.50000,2.25000,-0.643501,1
14.300000,21.50000,1.50000,-0.463648,2
14.300000,22.50000,1.00000,-0.463648,3
14.300000,23.50000,0.50000,-0.463648,4
14.300000,24.50000,0.00000,-0.463648,5
14.300000,25.50000,-0.50000,-0.463648,6
14.300000,26.50000,-1.00000,-0.244979,7
14.300000,27.50000,-1.25000,-0.244979,8
14.300000,28.50000,-1.50000,0.000000,9
14.300000,29.50000,-1.50000,0.000000,10
14.300000,30.50000,-1.50000,0.244979,11
14.300000,31.50000,-1.25000,0.463648,12
14.300000,32.50000,-0.75000,0.244979,13
14.300000,33.50000,-0.50000,0.244979,14
14.300000,34.50000,-0.25000,0.000000,15
14.300000,35.50000,-0.25000,0.000000,16
14.300000,36.50000,-0.25000,0.000000,17
14.300000,37.50000,-0.25000,0.000000,18
14.300000,38.50000,-0.25000,0.000000,19
14.300000,39.50000,-0.25000,0.000000,20
14.300000,40.50000,-0.25000,0.000000,21
14.300000,41.50000,-0.25000,0.000000,22
14.300000,42.50000,-0.25000,0.000000,23
14.300000,43.50000,-0.25000,0.000000,24
14.300000,44.50000,-0.25000,0.000000,25
14.300000,45.50000,-0.25000,0.000000,26
14.300000,46.50000,-0.25000,0.000000,27
14.300000,47.50000,-0.25000,-0.244979,28
14.300000,48.50000,-0.50000,0.000000,29
14.300000,49.50000,-0.50000,0.000000,30
14.402000,19.40011,3.12739,-0.673338,0
14.402000,20.50000,2.25000,-0.643501,1
14.402000,21.50000,1.50000,-0.463648,2
14.402000,22.50000,1.00000,-0.463648,3
14.402000,23.50000,0.50000,-0.463648,4
14.402000,24.50000,0.00000,-0.463648,5
14.402000,25.50000,-0.50000,-0.463648,6
14.402000,26.50000,-1.00000,-0.244979,7
14.402000,27.50000,-1.25000,-0.244979,8
14.402000,28.50000,-1.50000,0.000000,9
14.402000,29.50000,-1.50000,0.000000,10
14.402000,30.50000,-1.50000,0.244979,11
14.402000,31.50000,-1.25000,0.244979,12
14.402000,32.50000,-1.00000,0.244979,13
14.402000,33.50000,-0.75000,0.244979,14
14.402000,34.50000,-0.50000,0.000000,15
14.402000,35.50000,-0.50000,0.000000,16
14.402000,36.50000,-0.50000,0.000000,17
14.402000,37.50000,-0.50000,0.000000,18
14.402000,38.50000,-0.50000,0.000000,19
14.402000,39.50000,-0.50000,0.000000,20
14.402000,40.50000,-0.50000,0.000000,21
14.402000,41.50000,-0.50000,0.000000,22
14.402000,42.50000,-0.50000,0.000000,23
14.402000,43.50000,-0.50000,0.000000,24
14.402000,44.50000,-0.50000,0.000000,25
14.402000,45.50000,-0.50000,0.000000,26
14.402000,46.50000,-0.50000,0.000000,27
14.402000,47.50000,-0.50000,0.000000,28
14.402000,48.50000,-0.50000,0.000000,29
14.402000,49.50000,-0.50000,0.000000,30
14.500000,19.43060,3.08167,-0.660998,0
14.500000,20.50000,2.25000,-0.643501,1
14.500000,21.50000,1.50000,-0.643501,2
14.500000,22.50000,0.75000,-0.463648,3
14.500000,23.50000,0.25000,-0.463648,4
14.500000,24.50000,-0.25000,-0.463648,5
14.500000,25.50000,-0.75000,-0.463648,6
14.500000,26.50000,-1.25000,-0.244979,7
14.500000,27.50000,-1.50000,0.000000,8
14.500000,28.50000,-1.50000,0.000000,9
14.500000,29.50000,-1.50000,0.000000,10
14.500000,30.50000,-1.50000,0.244979,11
14.500000,31.50000,-1.25000,0.244979,12
14.500000,32.50000,-1.00000,0.244979,13
14.500000,33.50000,-0.75000,0.244979,14
14.500000,34.50000,-0.50000,0.000000,15
14.500000,35.50000,-0.50000,0.000000,16
14.500000,36.50000,-0.50000,0.000000,17
14.500000,37.50000,-0.50000,0.000000,18
14.500000,38.50000,-0.50000,0.000000,19
14.500000,39.50000,-0.50000,0.000000,20
14.500000,40.50000,-0.50000,0.000000,21
14.500000,41.50000,-0.50000,0.000000,22
14.500000,42.50000,-0.50000,0.000000,23
14.500000,43.50000,-0.50000,0.000000,24
14.500000,44.50000,-0.50000,0.000000,25
14.500000,45.50000,-0.50000,0.000000,26
14.500000,46.50000,-0.50000,0.000000,27
14.500000,47.50000,-0.50000,0.000000,28
14.500000,48.50000,-0.50000,0.000000,29
14.500000,49.50000,-0.50000,0.000000,30
14.600000,19.43798,3.09209,-0.670406,0
14.600000,20.50000,2.25000,-0.643501,1
14.600000,21.50000,1.50000,-0.643501,2
14.600000,22.50000,0.75000,-0.463648,3
14.600000,23.50000,0.25000,-0.463648,4
14.600000,24.50000,-0.25000,-0.463648,5
14.600000,25.50000,-0.75000,-0.463648,6
14.600000,26.50000,-1.25000,-0.244979,7
14.600000,27.50000,-1.50000,0.000000,8
14.600000,28.50000,-1.50000,0.000000,9
14.600000,29.50000,-1.50000,0.000000,10
14.600000,30.50000,-1.50000,0.244979,11
14.600000,31.50000,-1.25000,0.244979,12
14.600000,32.50000,-1.00000,0.244979,13
14.600000,33.50000,-0.75000,0.244979,14
14.600000,34.50000,-0.50000,0.000000,15
14.600000,35.50000,-0.50000,0.000000,16
14.600000,36.50000,-0.50000,0.000000,17
14.600000,37.50000,-0.50000,0.000000,18
14.600000,38.50000,-0.50000,0.000000,19
14.600000,39.50000,-0.50000,0.000000,20
14.600000,40.50000,-0.50000,0.000000,21
14.600000,41.50000,-0.50000,0.000000,22
14.600000,42.50000,-0.50000,0.000000,23
14.600000,43.50000,-0.50000,0.000000,24
14.600000,44.50000,-0.50000,0.000000,25
14.600000,45.50000,-0.50000,0.000000,26
14.600000,46.50000,-0.50000,0.000000,27
14.600000,47.50000,-0.50000,0.000000,28
14.600000,48.50000,-0.50000,0.000000,29
14.600000,49.50000,-0.50000,0.000000,30
14.700000,19.49724,3.11711,-0.712983,0
14.700000,20.50000,2.25000,-0.643501,1
14.700000,21.50000,1.50000,-0.463648,2
14.700000,22.50000,1.00000,-0.463648,3
14.700000,23.50000,0.50000,-0.463648,4
14.700000,24.50000,0.00000,-0.463648,5
14.700000,25.50000,-0.50000,-0.463648,6
14.700000,26.50000,-1.00000,-0.244979,7
14.700000,27.50000,-1.25000,-0.244979,8
14.700000,28.50000,-1.50000,0.000000,9
14.700000,29.50000,-1.50000,0.000000,10
14.700000,30.50000,-1.50000,0.244979,11
14.700000,31.50000,-1.25000,0.463648,12
14.700000,32.50000,-0.75000,0.244979,13
14.700000,33.50000,-0.50000,0.244979,14
14.700000,34.50000,-0.25000,0.000000,15
14.700000,35.50000,-0.25000,0.000000,16
14.700000,36.50000,-0.25000,0.000000,17
14.700000,37.50000,-0.25000,0.000000,18
14.700000,38.50000,-0.25000,0.000000,19
14.700000,39.50000,-0.25000,0.000000,20
14.700000,40.50000,-0.25000,0.000000,21
14.700000,41.50000,-0.25000,0.000000,22
14.700000,42.50000,-0.25000,0.000000,23
14.700000,43.50000,-0.25000,0.000000,24
14.700000,44.50000,-0.25000,0.000000,25
14.700000,45.50000,-0.25000,0.000000,26
14.700000,46.50000,-0.25000,0.000000,27
14.700000,47.50000,-0.25000,-0.244979,28
14.700000,48.50000,-0.50000,0.000000,29
14.700000,49.50000,-0.50000,0.000000,30
14.800000,19.51533,3.07962,-0.700146,0
14.800000,20.50000,2.25000,-0.643501,1
14.800000,21.50000,1.50000,-0.643501,2
14.800000,22.50000,0.75000,-0.463648,3
14.800000,23.50000,0.25000,-0.463648,4
14.800000,24.50000,-0.25000,-0.463648,5
14.800000,25.50000,-0.75000,-0.463648,6
14.800000,26.50000,-1.25000,-0.244979,7
14.800000,27.50000,-1.50000,0.000000,8
14.800000,28.50000,-1.50000,0.000000,9
14.800000,29.50000,-1.50000,0.000000,10
14.800000,30.50000,-1.50000,0.244979,11
14.800000,31.50000,-1.25000,0.244979,12
14.800000,32.50000,-1.00000,0.244979,13
14.800000,33.50000,-0.75000,0.244979,14
14.800000,34.50000,-0.50000,0.000000,15
14.800000,35.50000,-0.50000,0.000000,16
14.800000,36.50000,-0.50000,0.000000,17
14.800000,37.50000,-0.50000,0.000000,18
14.800000,38.50000,-0.50000,0.000000,19
14.800000,39.50000,-0.50000,0.000000,20
14.800000,40.50000,-0.50000,0.000000,21
14.800000,41.50000,-0.50000,0.000000,22
14.800000,42.50000,-0.50000,0.000000,23
14.800000,43.50000,-0.50000,0.000000,24
14.800000,44.50000,-0.50000,0.000000,25
14.800000,45.50000,-0.50000,0.000000,26
14.800000,46.50000,-0.50000,0.000000,27
14.800000,47.50000,-0.50000,0.000000,28
14.800000,48.50000,-0.50000,0.000000,29
14.800000,49.50000,-0.50000,0.000000,30
14.902000,19.57095,3.06923,-0.722663,0
14.902000,20.50000,2.25000,-0.643501,1
14.902000,21.50000,1.50000,-0.643501,2
14.902000,22.50000,0.75000,-0.463648,3
14.902000,23.50000,0.25000,-0.463648,4
14.902000,24.50000,-0.25000,-0.463648,5
14.902000,25.50000,-0.75000,-0.463648,6
14.902000,26.50000,-1.25000,-0.244979,7
14.902000,27.50000,-1.50000,0.000000,8
14.902000,28.50000,-1.50000,0.000000,9
14.902000,29.50000,-1.50000,0.000000,10
14.902000,30.50000,-1.50000,0.244979,11
14.902000,31.50000,-1.25000,0.244979,12
14.902000,32.50000,-1.00000,0.244979,13
14.902000,33.50000,-0.75000,0.244979,14
14.902000,34.50000,-0.50000,0.000000,15
14.902000,35.50000,-0.50000,0.000000,16
14.902000,36.50000,-0.50000,0.000000,17
14.902000,37.50000,-0.50000,0.000000,18
14.902000,38.50000,-0.50000,0.000000,19
14.902000,39.50000,-0.50000,0.000000,20
14.902000,40.50000,-0.50000,0.000000,21
14.902000,41.50000,-0.50000,0.000000,22
14.902000,42.50000,-0.50000,0.000000,23
14.902000,43.50000,-0.50000,0.000000,24
14.902000,44.50000,-0.50000,0.000000,25
14.902000,45.50000,-0.50000,0.000000,26
14.902000,46.50000,-0.50000,0.000000,27
14.902000,47.50000,-0.50000,-0.244979,28
14.902000,48.50000,-0.75000,0.000000,29
14.902000,49.50000,-0.75000,0.000000,30
15.000000,19.64947,3.06766,-0.765699,0
15.000000,20.50000,2.25000,-0.643501,1
15.000000,21.50000,1.50000,-0.463648,2
15.000000,22.50000,1.00000,-0.463648,3
15.000000,23.50000,0.50000,-0.463648,4
15.000000,24.50000,0.00000,-0.463648,5
15.000000,25.50000,-0.50000,-0.463648,6
15.000000,26.50000,-1.00000,-0.244979,7
15.000000,27.50000,-1.25000,-0.244979,8
15.000000,28.50000,-1.50000,0.000000,9
15.000000,29.50000,-1.50000,0.000000,10
15.000000,30.50000,-1.50000,0.244979,11
15.000000,31.50000,-1.25000,0.244979,12
15.000000,32.50000,-1.00000,0.244979,13
15.000000,33.50000,-0.75000,0.244979,14
15.000000,34.50000,-0.50000,0.000000,15
15.000000,35.50000,-0.50000,0.000000,16
15.000000,36.50000,-0.50000,0.000000,17
15.000000,37.50000,-0.50000,0.000000,18
15.000000,38.50000,-0.50000,0.000000,19
15.000000,39.50000,-0.50000,0.000000,20
15.000000,40.50000,-0.50000,0.000000,21
15.000000,41.50000,-0.50000,0.000000,22
15.000000,42.50000,-0.50000,0.000000,23
15.000000,43.50000,-0.50000,0.000000,24
15.000000,44.50000,-0.50000,0.000000,25
15.000000,45.50000,-0.50000,0.000000,26
15.000000,46.50000,-0.50000,0.000000,27
15.000000,47.50000,-0.50000,0.000000,28
15.000000,48.50000,-0.50000,0.000000,29
15.000000,49.50000,-0.50000,0.000000,30
15.100000,19.71369,3.03892,-0.787055,0
15.100000,20.50000,2.25000,-0.643501,1
15.100000,21.50000,1.50000,-0.643501,2
15.100000,22.50000,0.75000,-0.463648,3
15.100000,23.50000,0.25000,-0.463648,4
15.100000,24.50000,-0.25000,-0.463648,5
15.100000,25.50000,-0.75000,-0.463648,6
15.100000,26.50000,-1.25000,-0.244979,7
15.100000,27.50000,-1.50000,0.000000,8
15.100000,28.50000,-1.50000,0.000000,9
15.100000,29.50000,-1.50000,0.000000,10
15.100000,30.50000,-1.50000,0.244979,11
15.100000,31.50000,-1.25000,0.244979,12
15.100000,32.50000,-1.00000,0.244979,13
15.100000,33.50000,-0.75000,0.244979,14
15.100000,34.50000,-0.50000,0.000000,15
15.100000,35.50000,-0.50000,0.000000,16
15.100000,36.50000,-0.50000,0.000000,17
15.100000,37.50000,-0.50000,0.000000,18
15.100000,38.50000,-0.50000,0.000000,19
15.100000,39.50000,-0.50000,0.000000,20
15.100000,40.50000,-0.50000,0.000000,21
15.100000,41.50000,-0.50000,0.000000,22
15.100000,42.50000,-0.50000,0.000000,23
15.100000,43.50000,-0.50000,0.000000,24
15.100000,44.50000,-0.50000,0.000000,25
15.100000,45.50000,-0.50000,0.000000,26
15.100000,46.50000,-0.50000,0.000000,27
15.100000,47.50000,-0.50000,0.000000,28
15.100000,48.50000,-0.50000,-0.244979,29
15.100000,49.50000,-0.75000,-0.244979,30
15.200000,19.77704,3.04382,-0.575737,0
15.200000,21.00000,2.25000,-0.643501,1
15.200000,22.00000,1.50000,-0.643501,2
15.200000,23.00000,0.75000,-0.463648,3
15.200000,24.00000,0.25000,-0.463648,4
15.200000,25.00000,-0.25000,-0.463648,5
15.200000,26.00000,-0.75000,-0.463648,6
15.200000,27.00000,-1.25000,-0.244979,7
15.200000,28.00000,-1.50000,0.000000,8
15.200000,29.00000,-1.50000,0.000000,9
15.200000,30.00000,-1.50000,0.000000,10
15.200000,31.00000,-1.50000,0.463648,11
15.200000,32.00000,-1.00000,0.244979,12
15.200000,33.00000,-0.75000,0.244979,13
15.200000,34.00000,-0.50000,0.244979,14
15.200000,35.00000,-0.25000,0.000000,15
15.200000,36.00000,-0.25000,0.000000,16
15.200000,37.00000,-0.25000,0.000000,17
15.200000,38.00000,-0.25000,0.000000,18
15.200000,39.00000,-0.25000,0.000000,19
15.200000,40.00000,-0.25000,0.000000,20
15.200000,41.00000,-0.25000,0.000000,21
15.200000,42.00000,-0.25000,0.000000,22
15.200000,43.00000,-0.25000,0.000000,23
15.200000,44.00000,-0.25000,0.000000,24
15.200000,45.00000,-0.25000,0.000000,25
15.200000,46.00000,-0.25000,0.000000,26
15.200000,47.00000,-0.25000,-0.244979,27
15.200000,48.00000,-0.50000,-0.244979,28
15.200000,49.00000,-0.75000,0.000000,29
15.200000,50.00000,-0.75000,0.000000,30
15.300000,19.88415,3.02242,-0.605487,0
15.300000,21.00000,2.25000,-0.643501,1
15.300000,22.00000,1.50000,-0.643501,2
15.300000,23.00000,0.75000,-0.463648,3
15.300000,24.00000,0.25000,-0.463648,4
15.300000,25.00000,-0.25000,-0.463648,5
15.300000,26.00000,-0.75000,-0.463648,6
15.300000,27.00000,-1.25000,-0.244979,7
15.300000,28.00000,-1.50000,0.000000,8
15.300000,29.00000,-1.50000,0.000000,9
15.300000,30.00000,-1.50000,0.000000,10
15.300000,31.00000,-1.50000,0.463648,11
15.300000,32.00000,-1.00000,0.244979,12
15.300000,33.00000,-0.75000,0.244979,13
15.300000,34.00000,-0.50000,0.244979,14
15.300000,35.00000,-0.25000,0.000000,15
15.300000,36.00000,-0.25000,0.000000,16
15.300000,37.00000,-0.25000,0.000000,17
15.300000,38.00000,-0.25000,0.000000,18
15.300000,39.00000,-0.25000,0.000000,19
15.300000,40.00000,-0.25000,0.000000,20
15.300000,41.00000,-0.25000,0.000000,21
15.300000,42.00000,-0.25000,0.000000,22
15.300000,43.00000,-0.25000,0.000000,23
15.300000,44.00000,-0.25000,0.000000,24
15.300000,45.00000,-0.25000,0.000000,25
15.300000,46.00000,-0.25000,0.000000,26
15.300000,47.00000,-0.25000,-0.244979,27
15.300000,48.00000,-0.50000,-0.244979,28
15.300000,49.00000,-0.75000,0.000000,29
15.300000,50.00000,-0.75000,0.000000,30
15.400000,20.02422,3.02581,-0.671722,0
15.400000,21.00000,2.25000,-0.643501,1
15.400000,22.00000,1.50000,-0.643501,2
15.400000,23.00000,0.75000,-0.463648,3
15.400000,24.00000,0.25000,-0.463648,4
15.400000,25.00000,-0.25000,-0.463648,5
15.400000,26.00000,-0.75000,-0.463648,6
15.400000,27.00000,-1.25000,-0.244979,7
15.400000,28.00000,-1.50000,0.000000,8
15.400000,29.00000,-1.50000,0.000000,9
15.400000,30.00000,-1.50000,0.000000,10
15.400000,31.00000,-1.50000,0.463648,11
15.400000,32.00000,-1.00000,0.244979,12
15.400000,33.00000,-0.75000,0.244979,13
15.400000,34.00000,-0.50000,0.244979,14
15.400000,35.00000,-0.25000,0.000000,15
15.400000,36.00000,-0.25000,0.000000,16
15.400000,37.00000,-0.25000,0.000000,17
15.400000,38.00000,-0.25000,0.000000,18
15.400000,39.00000,-0.25000,0.000000,19
15.400000,40.00000,-0.25000,0.000000,20
15.400000,41.00000,-0.25000,0.000000,21
15.400000,42.00000,-0.25000,0.000000,22
15.400000,43.00000,-0.25000,0.000000,23
15.400000,44.00000,-0.25000,0.000000,24
15.400000,45.00000,-0.25000,0.000000,25
15.400000,46.00000,-0.25000,0.000000,26
15.400000,47.00000,-0.25000,-0.244979,27
15.400000,48.00000,-0.50000,0.000000,28
15.400000,49.00000,-0.50000,-0.244979,29
15.400000,50.00000,-0.75000,-0.244979,30
15.500000,20.11696,3.00010,-0.704175,0
15.500000,21.00000,2.25000,-0.643501,1
15.500000,22.00000,1.50000,-0.643501,2
15.500000,23.00000,0.75000,-0.463648,3
15.500000,24.00000,0.25000,-0.463648,4
15.500000,25.00000,-0.25000,-0.463648,5
15.500000,26.00000,-0.75000,-0.463648,6
15.500000,27.00000,-1.25000,-0.244979,7
15.500000,28.00000,-1.50000,0.000000,8
15.500000,29.00000,-1.50000,0.000000,9
15.500000,30.00000,-1.50000,0.000000,10
15.500000,31.00000,-1.50000,0.463648,11
15.500000,32.00000,-1.00000,0.244979,12
15.500000,33.00000,-0.75000,0.244979,13
15.500000,34.00000,-0.50000,0.244979,14
15.500000,35.00000,-0.25000,0.000000,15
15.500000,36.00000,-0.25000,0.000000,16
15.500000,37.00000,-0.25000,0.000000,17
15.500000,38.00000,-0.25000,0.000000,18
15.500000,39.00000,-0.25000,0.000000,19
15.500000,40.00000,-0.25000,0.000000,20
15.500000,41.00000,-0.25000,0.000000,21
15.500000,42.00000,-0.25000,0.000000,22
15.500000,43.00000,-0.25000,0.000000,23
15.500000,44.00000,-0.25000,0.000000,24
15.500000,45.00000,-0.25000,0.000000,25
15.500000,46.00000,-0.25000,0.000000,26
15.500000,47.00000,-0.25000,-0.244979,27
15.500000,48.00000,-0.50000,-0.244979,28
15.500000,49.00000,-0.75000,0.000000,29
15.500000,50.00000,-0.75000,0.000000,30
15.600000,20.21489,2.96802,-0.740789,0
15.600000,21.00000,2.25000,-0.643501,1
15.600000,22.00000,1.50000,-0.643501,2
15.600000,23.00000,0.75000,-0.463648,3
15.600000,24.00000,0.25000,-0.463648,4
15.600000,25.00000,-0.25000,-0.463648,5
15.600000,26.00000,-0.75000,-0.463648,6
15.600000,27.00000,-1.25000,-0.244979,7
15.600000,28.00000,-1.50000,0.000000,8
15.600000,29.00000,-1.50000,0.000000,9
15.600000,30.00000,-1.50000,0.000000,10
15.600000,31.00000,-1.50000,0.463648,11
15.600000,32.00000,-1.00000,0.244979,12
15.600000,33.00000,-0.75000,0.244979,13
15.600000,34.00000,-0.50000,0.244979,14
15.600000,35.00000,-0.25000,0.000000,15
15.600000,36.00000,-0.25000,0.000000,16
15.600000,37.00000,-0.25000,0.000000,17
15.600000,38.00000,-0.25000,0.000000,18
15.600000,39.00000,-0.25000,0.000000,19
15.600000,40.00000,-0.25000,0.000000,20
15.600000,41.00000,-0.25000,0.000000,21
15.600000,42.00000,-0.25000,0.000000,22
15.600000,43.00000,-0.25000,0.000000,23
15.600000,44.00000,-0.25000,0.000000,24
15.600000,45.00000,-0.25000,0.000000,25
15.600000,46.00000,-0.25000,0.000000,26
15.600000,47.00000,-0.25000,-0.244979,27
15.600000,48.00000,-0.50000,-0.244979,28
15.600000,49.00000,-0.75000,0.000000,29
15.600000,50.00000,-0.75000,0.000000,30
15.700000,20.37381,2.94819,-0.554969,0
15.700000,21.50000,2.25000,-0.643501,1
15.700000,22.50000,1.50000,-0.643501,2
15.700000,23.50000,0.75000,-0.463648,3
15.700000,24.50000,0.25000,-0.463648,4
15.700000,25.50000,-0.25000,-0.643501,5
15.700000,26.50000,-1.00000,-0.244979,6
15.700000,27.50000,-1.25000,-0.244979,7
15.700000,28.50000,-1.50000,0.000000,8
15.700000,29.50000,-1.50000,0.000000,9
15.700000,30.50000,-1.50000,0.244979,10
15.700000,31.50000,-1.25000,0.244979,11
15.700000,32.50000,-1.00000,0.244979,12
15.700000,33.50000,-0.75000,0.244979,13
15.700000,34.50000,-0.50000,0.000000,14
15.700000,35.50000,-0.50000,0.000000,15
15.700000,36.50000,-0.50000,0.000000,16
15.700000,37.50000,-0.50000,0.000000,17
15.700000,38.50000,-0.50000,0.000000,18
15.700000,39.50000,-0.50000,0.000000,19
15.700000,40.50000,-0.50000,0.000000,20
15.700000,41.50000,-0.50000,0.000000,21
15.700000,42.50000,-0.50000,0.000000,22
15.700000,43.50000,-0.50000,0.000000,23
15.700000,44.50000,-0.50000,0.000000,24
15.700000,45.50000,-0.50000,0.000000,25
15.700000,46.50000,-0.50000,0.000000,26
15.700000,47.50000,-0.50000,0.000000,27
15.700000,48.50000,-0.50000,-0.244979,28
15.700000,49.50000,-0.75000,0.008536,29
15.700000,50.52490,-0.74125,0.008536,30
15.800000,20.46113,2.89771,-0.712633,0
15.800000,21.50000,2.00000,-0.643501,1
15.800000,22.50000,1.25000,-0.643501,2
15.800000,23.50000,0.50000,-0.463648,3
15.800000,24.50000,0.00000,-0.463648,4
15.800000,25.50000,-0.50000,-0.463648,5
15.800000,26.50000,-1.00000,-0.244979,6
15.800000,27.50000,-1.25000,-0.244979,7
15.800000,28.50000,-1.50000,0.000000,8
15.800000,29.50000,-1.50000,0.000000,9
15.800000,30.50000,-1.50000,0.244979,10
15.800000,31.50000,-1.25000,0.244979,11
15.800000,32.50000,-1.00000,0.244979,12
15.800000,33.50000,-0.75000,0.244979,13
15.800000,34.50000,-0.50000,0.000000,14
15.800000,35.50000,-0.50000,0.000000,15
15.800000,36.50000,-0.50000,0.000000,16
15.800000,37.50000,-0.50000,0.000000,17
15.800000,38.50000,-0.50000,0.000000,18
15.800000,39.50000,-0.50000,0.000000,19
15.800000,40.50000,-0.50000,0.000000,20
15.800000,41.50000,-0.50000,0.000000,21
15.800000,42.50000,-0.50000,0.000000,22
15.800000,43.50000,-0.50000,0.000000,23
15.800000,44.50000,-0.50000,0.000000,24
15.800000,45.50000,-0.50000,0.000000,25
15.800000,46.50000,-0.50000,0.000000,26
15.800000,47.50000,-0.50000,0.000000,27
15.800000,48.50000,-0.50000,-0.244979,28
15.800000,49.50000,-0.75000,0.008536,29
15.800000,50.52490,-0.74125,0.008536,30
15.900000,20.66721,2.81466,-0.774392,0
15.900000,21.50000,2.00000,-0.643501,1
15.900000,22.50000,1.25000,-0.643501,2
15.900000,23.50000,0.50000,-0.463648,3
15.900000,24.50000,0.00000,-0.463648,4
15.900000,25.50000,-0.50000,-0.463648,5
15.900000,26.50000,-1.00000,-0.244979,6
15.900000,27.50000,-1.25000,-0.244979,7
15.900000,28.50000,-1.50000,0.000000,8
15.900000,29.50000,-1.50000,0.000000,9
15.900000,30.50000,-1.50000,0.244979,10
15.900000,31.50000,-1.25000,0.463648,11
15.900000,32.50000,-0.75000,0.244979,12
15.900000,33.50000,-0.50000,0.244979,13
15.900000,34.50000,-0.25000,0.000000,14
15.900000,35.50000,-0.25000,0.000000,15
15.900000,36.50000,-0.25000,0.000000,16
15.900000,37.50000,-0.25000,0.000000,17
15.900000,38.50000,-0.25000,0.000000,18
15.900000,39.50000,-0.25000,0.000000,19
15.900000,40.50000,-0.25000,0.000000,20
15.900000,41.50000,-0.25000,0.000000,21
15.900000,42.50000,-0.25000,0.000000,22
15.900000,43.50000,-0.25000,0.000000,23
15.900000,44.50000,-0.25000,0.000000,24
15.900000,45.50000,-0.25000,0.000000,25
15.900000,46.50000,-0.25000,0.000000,26
15.900000,47.50000,-0.25000,-0.244979,27
15.900000,48.50000,-0.50000,-0.244979,28
15.900000,49.50000,-0.75000,0.008536,29
15.900000,50.52490,-0.74125,0.008536,30
16.000000,20.74952,2.77160,-0.799274,0
16.000000,21.50000,2.00000,-0.643501,1
16.000000,22.50000,1.25000,-0.643501,2
16.000000,23.50000,0.50000,-0.463648,3
16.000000,24.50000,0.00000,-0.463648,4
16.000000,25.50000,-0.50000,-0.463648,5
16.000000,26.50000,-1.00000,-0.244979,6
16.000000,27.50000,-1.25000,-0.244979,7
16.000000,28.50000,-1.50000,0.000000,8
16.000000,29.50000,-1.50000,0.000000,9
16.000000,30.50000,-1.50000,0.244979,10
16.000000,31.50000,-1.25000,0.244979,11
16.000000,32.50000,-1.00000,0.244979,12
16.000000,33.50000,-0.75000,0.244979,13
16.000000,34.50000,-0.50000,0.000000,14
16.000000,35.50000,-0.50000,0.000000,15
16.000000,36.50000,-0.50000,0.000000,16
16.000000,37.50000,-0.50000,0.000000,17
16.000000,38.50000,-0.50000,0.000000,18
16.000000,39.50000,-0.50000,0.000000,19
16.000000,40.50000,-0.50000,0.000000,20
16.000000,41.50000,-0.50000,0.000000,21
16.000000,42.50000,-0.50000,0.000000,22
16.000000,43.50000,-0.50000,0.000000,23
16.000000,44.50000,-0.50000,0.000000,24
16.000000,45.50000,-0.50000,0.000000,25
16.000000,46.50000,-0.50000,0.000000,26
16.000000,47.50000,-0.50000,0.000000,27
16.000000,48.50000,-0.50000,-0.244979,28
16.000000,49.50000,-0.75000,0.008536,29
16.000000,50.52490,-0.74125,0.008536,30
16.100000,20.91053,2.68993,-0.564525,0
16.100000,22.00000,2.00000,-0.643501,1
16.100000,23.00000,1.25000,-0.643501,2
16.100000,24.00000,0.50000,-0.463648,3
16.100000,25.00000,0.00000,-0.643501,4
16.100000,26.00000,-0.75000,-0.463648,5
16.100000,27.00000,-1.25000,-0.244979,6
16.100000,28.00000,-1.50000,0.000000,7
16.100000,29.00000,-1.50000,0.000000,8
16.100000,30.00000,-1.50000,0.000000,9
16.100000,31.00000,-1.50000,0.463648,10
16.100000,32.00000,-1.00000,0.244979,11
16.100000,33.00000,-0.75000,0.244979,12
16.100000,34.00000,-0.50000,0.244979,13
16.100000,35.00000,-0.25000,0.000000,14
16.100000,36.00000,-0.25000,0.000000,15
16.100000,37.00000,-0.25000,0.000000,16
16.100000,38.00000,-0.25000,0.000000,17
16.100000,39.00000,-0.25000,0.000000,18
16.100000,40.00000,-0.25000,0.000000,19
16.100000,41.00000,-0.25000,0.000000,20
16.100000,42.00000,-0.25000,0.000000,21
16.100000,43.00000,-0.25000,0.000000,22
16.100000,44.00000,-0.25000,0.000000,23
16.100000,45.00000,-0.25000,0.000000,24
16.100000,46.00000,-0.25000,0.000000,25
16.100000,47.00000,-0.25000,-0.244979,26
16.100000,48.00000,-0.50000,-0.244979,27
16.100000,49.00000,-0.75000,-0.244979,28
16.100000,50.00000,-1.00000,0.033333,29
16.100000,51.06588,-0.96446,0.033333,30
16.200000,21.06231,2.57492,-0.721503,0
16.200000,22.00000,1.75000,-0.643501,1
16.200000,23.00000,1.00000,-0.643501,2
16.200000,24.00000,0.25000,-0.463648,3
16.200000,25.00000,-0.25000,-0.463648,4
16.200000,26.00000,-0.75000,-0.463648,5
16.200000,27.00000,-1.25000,-0.244979,6
16.200000,28.00000,-1.50000,0.000000,7
16.200000,29.00000,-1.50000,0.000000,8
16.200000,30.00000,-1.50000,0.000000,9
16.200000,31.00000,-1.50000,0.463648,10
16.200000,32.00000,-1.00000,0.244979,11
16.200000,33.00000,-0.75000,0.244979,12
16.200000,34.00000,-0.50000,0.244979,13
16.200000,35.00000,-0.25000,0.000000,14
16.200000,36.00000,-0.25000,0.000000,15
16.200000,37.00000,-0.25000,0.000000,16
16.200000,38.00000,-0.25000,0.000000,17
16.200000,39.00000,-0.25000,0.000000,18
16.200000,40.00000,-0.25000,0.000000,19
16.200000,41.00000,-0.25000,0.000000,20
16.200000,42.00000,-0.25000,0.000000,21
16.200000,43.00000,-0.25000,0.000000,22
16.200000,44.00000,-0.25000,0.000000,23
16.200000,45.00000,-0.25000,0.000000,24
16.200000,46.00000,-0.25000,0.000000,25
16.200000,47.00000,-0.25000,-0.244979,26
16.200000,48.00000,-0.50000,-0.244979,27
16.200000,49.00000,-0.75000,-0.244979,28
16.200000,50.00000,-1.00000,0.033333,29
16.200000,51.06588,-0.96446,0.033333,30
16.300000,21.23836,2.47314,-0.759473,0
16.300000,22.00000,1.75000,-0.643501,1
16.300000,23.00000,1.00000,-0.643501,2
16.300000,24.00000,0.25000,-0.463648,3
16.300000,25.00000,-0.25000,-0.463648,4
16.300000,26.00000,-0.75000,-0.463648,5
16.300000,27.00000,-1.25000,-0.244979,6
16.300000,28.00000,-1.50000,0.000000,7
16.300000,29.00000,-1.50000,0.000000,8
16.300000,30.00000,-1.50000,0.000000,9
16.300000,31.00000,-1.50000,0.463648,10
16.300000,32.00000,-1.00000,0.244979,11
16.300000,33.00000,-0.75000,0.244979,12
16.300000,34.00000,-0.50000,0.244979,13
16.300000,35.00000,-0.25000,0.000000,14
16.300000,36.00000,-0.25000,0.000000,15
16.300000,37.00000,-0.25000,0.000000,16
16.300000,38.00000,-0.25000,0.000000,17
16.300000,39.00000,-0.25000,0.000000,18
16.300000,40.00000,-0.25000,0.000000,19
16.300000,41.00000,-0.25000,0.000000,20
16.300000,42.00000,-0.25000,0.000000,21
16.300000,43.00000,-0.25000,0.000000,22
16.300000,44.00000,-0.25000,0.000000,23
16.300000,45.00000,-0.25000,0.000000,24
16.300000,46.00000,-0.25000,0.000000,25
16.300000,47.00000,-0.25000,-0.244979,26
16.300000,48.00000,-0.50000,-0.244979,27
16.300000,49.00000,-0.75000,0.000000,28
16.300000,50.00000,-0.75000,-0.198552,29
16.300000,51.06588,-0.96446,-0.198552,30
16.400000,21.37033,2.32155,-0.628779,0
16.400000,22.50000,1.50000,-0.643501,1
16.400000,23.50000,0.75000,-0.463648,2
16.400000,24.50000,0.25000,-0.463648,3
16.400000,25.50000,-0.25000,-0.643501,4
16.400000,26.50000,-1.00000,-0.244979,5
16.400000,27.50000,-1.25000,-0.244979,6
16.400000,28.50000,-1.50000,0.000000,7
16.400000,29.50000,-1.50000,0.000000,8
16.400000,30.50000,-1.50000,0.244979,9
16.400000,31.50000,-1.25000,0.463648,10
16.400000,32.50000,-0.75000,0.244979,11
16.400000,33.50000,-0.50000,0.244979,12
16.400000,34.50000,-0.25000,0.000000,13
16.400000,35.50000,-0.25000,0.000000,14
16.400000,36.50000,-0.25000,0.000000,15
16.400000,37.50000,-0.25000,0.000000,16
16.400000,38.50000,-0.25000,0.000000,17
16.400000,39.50000,-0.25000,0.000000,18
16.400000,40.50000,-0.25000,0.000000,19
16.400000,41.50000,-0.25000,0.000000,20
16.400000,42.50000,-0.25000,0.000000,21
16.400000,43.50000,-0.25000,0.000000,22
16.400000,44.50000,-0.25000,0.000000,23
16.400000,45.50000,-0.25000,0.000000,24
16.400000,46.50000,-0.25000,0.000000,25
16.400000,47.50000,-0.25000,0.000000,26
16.400000,48.50000,-0.25000,0.000000,27
16.400000,49.50000,-0.25000,0.008402,28
16.400000,50.50824,-0.24153,0.066667,29
16.400000,51.52246,-0.17381,0.066667,30
16.500000,21.51670,2.19938,-0.618238,0
16.500000,22.50000,1.50000,-0.643501,1
16.500000,23.50000,0.75000,-0.463648,2
16.500000,24.50000,0.25000,-0.463648,3
16.500000,25.50000,-0.25000,-0.643501,4
16.500000,26.50000,-1.00000,-0.244979,5
16.500000,27.50000,-1.25000,-0.244979,6
16.500000,28.50000,-1.50000,0.000000,7
16.500000,29.50000,-1.50000,0.000000,8
16.500000,30.50000,-1.50000,0.244979,9
16.500000,31.50000,-1.25000,0.463648,10
16.500000,32.50000,-0.75000,0.244979,11
16.500000,33.50000,-0.50000,0.244979,12
16.500000,34.50000,-0.25000,0.000000,13
16.500000,35.50000,-0.25000,0.000000,14
16.500000,36.50000,-0.25000,0.000000,15
16.500000,37.50000,-0.25000,0.000000,16
16.500000,38.50000,-0.25000,0.000000,17
16.500000,39.50000,-0.25000,0.000000,18
16.500000,40.50000,-0.25000,0.000000,19
16.500000,41.50000,-0.25000,0.000000,20
16.500000,42.50000,-0.25000,0.000000,21
16.500000,43.50000,-0.25000,0.000000,22
16.500000,44.50000,-0.25000,0.000000,23
16.500000,45.50000,-0.25000,0.000000,24
16.500000,46.50000,-0.25000,0.000000,25
16.500000,47.50000,-0.25000,0.000000,26
16.500000,48.50000,-0.25000,0.000000,27
16.500000,49.50000,-0.25000,0.008402,28
16.500000,50.50824,-0.24153,0.066667,29
16.500000,51.52246,-0.17381,0.066667,30
16.600000,21.60742,2.01039,-0.705596,0
16.600000,22.50000,1.25000,-0.643501,1
16.600000,23.50000,0.50000,-0.463648,2
16.600000,24.50000,0.00000,-0.463648,3
16.600000,25.50000,-0.50000,-0.463648,4
16.600000,26.50000,-1.00000,-0.244979,5
16.600000,27.50000,-1.25000,-0.244979,6
16.600000,28.50000,-1.50000,0.000000,7
16.600000,29.50000,-1.50000,0.000000,8
16.600000,30.50000,-1.50000,0.244979,9
16.600000,31.50000,-1.25000,0.463648,10
16.600000,32.50000,-0.75000,0.244979,11
16.600000,33.50000,-0.50000,0.244979,12
16.600000,34.50000,-0.25000,0.000000,13
16.600000,35.50000,-0.25000,0.000000,14
16.600000,36.50000,-0.25000,0.000000,15
16.600000,37.50000,-0.25000,0.000000,16
16.600000,38.50000,-0.25000,0.000000,17
16.600000,39.50000,-0.25000,0.000000,18
16.600000,40.50000,-0.25000,0.000000,19
16.600000,41.50000,-0.25000,0.000000,20
16.600000,42.50000,-0.25000,0.000000,21
16.600000,43.50000,-0.25000,0.000000,22
16.600000,44.50000,-0.25000,0.000000,23
16.600000,45.50000,-0.25000,0.000000,24
16.600000,46.50000,-0.25000,0.000000,25
16.600000,47.50000,-0.25000,0.000000,26
16.600000,48.50000,-0.25000,0.000000,27
16.600000,49.50000,-0.25000,0.008402,28
16.600000,50.50824,-0.24153,0.066667,29
16.600000,51.52246,-0.17381,0.066667,30
16.700000,21.70928,1.83947,-0.815292,0
16.700000,22.50000,1.00000,-0.463648,1
16.700000,23.50000,0.50000,-0.463648,2
16.700000,24.50000,0.00000,-0.463648,3
16.700000,25.50000,-0.50000,-0.643501,4
16.700000,26.50000,-1.25000,-0.244979,5
16.700000,27.50000,-1.50000,0.000000,6
16.700000,28.50000,-1.50000,0.000000,7
16.700000,29.50000,-1.50000,0.000000,8
16.700000,30.50000,-1.50000,0.244979,9
16.700000,31.50000,-1.25000,0.463648,10
16.700000,32.50000,-0.75000,0.244979,11
16.700000,33.50000,-0.50000,0.244979,12
16.700000,34.50000,-0.25000,0.000000,13
16.700000,35.50000,-0.25000,0.000000,14
16.700000,36.50000,-0.25000,0.000000,15
16.700000,37.50000,-0.25000,0.000000,16
16.700000,38.50000,-0.25000,0.000000,17
16.700000,39.50000,-0.25000,0.000000,18
16.700000,40.50000,-0.25000,0.000000,19
16.700000,41.50000,-0.25000,0.000000,20
16.700000,42.50000,-0.25000,0.000000,21
16.700000,43.50000,-0.25000,0.000000,22
16.700000,44.50000,-0.25000,0.000000,23
16.700000,45.50000,-0.25000,0.000000,24
16.700000,46.50000,-0.25000,0.000000,25
16.700000,47.50000,-0.25000,0.000000,26
16.700000,48.50000,-0.25000,0.000000,27
16.700000,49.50000,-0.25000,0.008402,28
16.700000,50.50824,-0.24153,0.066667,29
16.700000,51.52246,-0.17381,0.066667,30
16.800000,21.81207,1.69981,-0.532370,0
16.800000,23.00000,1.00000,-0.643501,1
16.800000,24.00000,0.25000,-0.463648,2
16.800000,25.00000,-0.25000,-0.463648,3
16.800000,26.00000,-0.75000,-0.463648,4
16.800000,27.00000,-1.25000,-0.244979,5
16.800000,28.00000,-1.50000,0.000000,6
16.800000,29.00000,-1.50000,0.000000,7
16.800000,30.00000,-1.50000,0.000000,8
16.800000,31.00000,-1.50000,0.463648,9
16.800000,32.00000,-1.00000,0.244979,10
16.800000,33.00000,-0.75000,0.244979,11
16.800000,34.00000,-0.50000,0.244979,12
16.800000,35.00000,-0.25000,0.000000,13
16.800000,36.00000,-0.25000,0.000000,14
16.800000,37.00000,-0.25000,0.000000,15
16.800000,38.00000,-0.25000,0.000000,16
16.800000,39.00000,-0.25000,0.000000,17
16.800000,40.00000,-0.25000,0.000000,18
16.800000,41.00000,-0.25000,0.000000,19
16.800000,42.00000,-0.25000,0.000000,20
16.800000,43.00000,-0.25000,0.000000,21
16.800000,44.00000,-0.25000,0.000000,22
16.800000,45.00000,-0.25000,0.000000,23
16.800000,46.00000,-0.25000,0.000000,24
16.800000,47.00000,-0.25000,0.000000,25
16.800000,48.00000,-0.25000,0.000000,26
16.800000,49.00000,-0.25000,0.000000,27
16.800000,50.00000,-0.25000,0.033333,28
16.800000,51.01591,-0.21612,0.100000,29
16.800000,52.02731,-0.11465,0.100000,30
16.900000,21.89925,1.51572,-0.607792,0
16.900000,23.00000,0.75000,-0.463648,1
16.900000,24.00000,0.25000,-0.463648,2
16.900000,25.00000,-0.25000,-0.463648,3
16.900000,26.00000,-0.75000,-0.463648,4
16.900000,27.00000,-1.25000,-0.244979,5
16.900000,28.00000,-1.50000,0.000000,6
16.900000,29.00000,-1.50000,0.000000,7
16.900000,30.00000,-1.50000,0.000000,8
16.900000,31.00000,-1.50000,0.463648,9
16.900000,32.00000,-1.00000,0.244979,10
16.900000,33.00000,-0.75000,0.244979,11
16.900000,34.00000,-0.50000,0.244979,12
16.900000,35.00000,-0.25000,0.000000,13
16.900000,36.00000,-0.25000,0.000000,14
16.900000,37.00000,-0.25000,0.000000,15
16.900000,38.00000,-0.25000,0.000000,16
16.900000,39.00000,-0.25000,0.000000,17
16.900000,40.00000,-0.25000,0.000000,18
16.900000,41.00000,-0.25000,0.000000,19
16.900000,42.00000,-0.25000,0.000000,20
16.900000,43.00000,-0.25000,0.000000,21
16.900000,44.00000,-0.25000,0.000000,22
16.900000,45.00000,-0.25000,0.000000,23
16.900000,46.00000,-0.25000,0.000000,24
16.900000,47.00000,-0.25000,0.000000,25
16.900000,48.00000,-0.25000,0.000000,26
16.900000,49.00000,-0.25000,0.000000,27
16.900000,50.00000,-0.25000,0.033333,28
16.900000,51.01591,-0.21612,0.100000,29
16.900000,52.02731,-0.11465,0.100000,30
17.000000,21.95820,1.40476,-0.561106,0
17.000000,23.00000,0.75000,-0.463648,1
17.000000,24.00000,0.25000,-0.463648,2
17.000000,25.00000,-0.25000,-0.463648,3
17.000000,26.00000,-0.75000,-0.463648,4
17.000000,27.00000,-1.25000,-0.244979,5
17.000000,28.00000,-1.50000,0.000000,6
17.000000,29.00000,-1.50000,0.000000,7
17.000000,30.00000,-1.50000,0.000000,8
17.000000,31.00000,-1.50000,0.463648,9
17.000000,32.00000,-1.00000,0.244979,10
17.000000,33.00000,-0.75000,0.244979,11
17.000000,34.00000,-0.50000,0.244979,12
17.000000,35.00000,-0.25000,0.000000,13
17.000000,36.00000,-0.25000,0.000000,14
17.000000,37.00000,-0.25000,0.000000,15
17.000000,38.00000,-0.25000,0.000000,16
17.000000,39.00000,-0.25000,0.000000,17
17.000000,40.00000,-0.25000,0.000000,18
17.000000,41.00000,-0.25000,0.000000,19
17.000000,42.00000,-0.25000,0.000000,20
17.000000,43.00000,-0.25000,0.000000,21
17.000000,44.00000,-0.25000,0.000000,22
17.000000,45.00000,-0.25000,0.000000,23
17.000000,46.00000,-0.25000,0.000000,24
17.000000,47.00000,-0.25000,0.000000,25
17.000000,48.00000,-0.25000,0.000000,26
17.000000,49.00000,-0.25000,0.000000,27
17.000000,50.00000,-0.25000,0.033333,28
17.000000,51.01591,-0.21612,0.100000,29
17.000000,52.02731,-0.11465,0.100000,30
17.100000,22.03935,1.24535,-0.659860,0
17.100000,23.00000,0.50000,-0.463648,1
17.100000,24.00000,0.00000,-0.244979,2
17.100000,25.00000,-0.25000,-0.463648,3
17.100000,26.00000,-0.75000,-0.463648,4
17.100000,27.00000,-1.25000,-0.244979,5
17.100000,28.00000,-1.50000,0.000000,6
17.100000,29.00000,-1.50000,0.000000,7
17.100000,30.00000,-1.50000,0.000000,8
17.100000,31.00000,-1.50000,0.463648,9
17.100000,32.00000,-1.00000,0.244979,10
17.100000,33.00000,-0.75000,0.244979,11
17.100000,34.00000,-0.50000,0.244979,12
17.100000,35.00000,-0.25000,0.000000,13
17.100000,36.00000,-0.25000,0.000000,14
17.100000,37.00000,-0.25000,0.000000,15
17.100000,38.00000,-0.25000,0.000000,16
17.100000,39.00000,-0.25000,0.000000,17
17.100000,40.00000,-0.25000,0.000000,18
17.100000,41.00000,-0.25000,0.000000,19
17.100000,42.00000,-0.25000,0.000000,20
17.100000,43.00000,-0.25000,0.000000,21
17.100000,44.00000,-0.25000,0.000000,22
17.100000,45.00000,-0.25000,0.000000,23
17.100000,46.00000,-0.25000,0.000000,24
17.100000,47.00000,-0.25000,0.000000,25
17.100000,48.00000,-0.25000,0.000000,26
17.100000,49.00000,-0.25000,0.000000,27
17.100000,50.00000,-0.25000,0.033333,28
17.100000,51.01591,-0.21612,0.100000,29
17.100000,52.02731,-0.11465,0.100000,30
17.200000,22.07150,1.08458,-0.561901,0
17.200000,23.00000,0.50000,-0.463648,1
17.200000,24.00000,0.00000,-0.244979,2
17.200000,25.00000,-0.25000,-0.463648,3
17.200000,26.00000,-0.75000,-0.463648,4
17.200000,27.00000,-1.25000,-0.244979,5
17.200000,28.00000,-1.50000,0.000000,6
17.200000,29.00000,-1.50000,0.000000,7
17.200000,30.00000,-1.50000,0.000000,8
17.200000,31.00000,-1.50000,0.463648,9
17.200000,32.00000,-1.00000,0.244979,10
17.200000,33.00000,-0.75000,0.244979,11
17.200000,34.00000,-0.50000,0.244979,12
17.200000,35.00000,-0.25000,0.000000,13
17.200000,36.00000,-0.25000,0.000000,14
17.200000,37.00000,-0.25000,0.000000,15
17.200000,38.00000,-0.25000,0.000000,16
17.200000,39.00000,-0.25000,0.000000,17
17.200000,40.00000,-0.25000,0.000000,18
17.200000,41.00000,-0.25000,0.000000,19
17.200000,42.00000,-0.25000,0.000000,20
17.200000,43.00000,-0.25000,0.000000,21
17.200000,44.00000,-0.25000,0.000000,22
17.200000,45.00000,-0.25000,0.000000,23
17.200000,46.00000,-0.25000,0.000000,24
17.200000,47.00000,-0.25000,0.000000,25
17.200000,48.00000,-0.25000,0.000000,26
17.200000,49.00000,-0.25000,0.000000,27
17.200000,50.00000,-0.25000,0.033333,28
17.200000,51.01591,-0.21612,0.100000,29
17.200000,52.02731,-0.11465,0.100000,30
17.300000,22.15278,0.99926,-0.724118,0
17.300000,23.00000,0.25000,-0.244979,1
17.300000,24.00000,0.00000,-0.244979,2
17.300000,25.00000,-0.25000,-0.463648,3
17.300000,26.00000,-0.75000,-0.463648,4
17.300000,27.00000,-1.25000,-0.244979,5
17.300000,28.00000,-1.50000,0.000000,6
17.300000,29.00000,-1.50000,0.000000,7
17.300000,30.00000,-1.50000,0.000000,8
17.300000,31.00000,-1.50000,0.463648,9
17.300000,32.00000,-1.00000,0.244979,10
17.300000,33.00000,-0.75000,0.244979,11
17.300000,34.00000,-0.50000,0.244979,12
17.300000,35.00000,-0.25000,0.000000,13
17.300000,36.00000,-0.25000,0.000000,14
17.300000,37.00000,-0.25000,0.000000,15
17.300000,38.00000,-0.25000,0.000000,16
17.300000,39.00000,-0.25000,0.000000,17
17.300000,40.00000,-0.25000,0.000000,18
17.300000,41.00000,-0.25000,0.000000,19
17.300000,42.00000,-0.25000,0.000000,20
17.300000,43.00000,-0.25000,0.000000,21
17.300000,44.00000,-0.25000,0.000000,22
17.300000,45.00000,-0.25000,0.000000,23
17.300000,46.00000,-0.25000,0.000000,24
17.300000,47.00000,-0.25000,0.000000,25
17.300000,48.00000,-0.25000,0.000000,26
17.300000,49.00000,-0.25000,0.000000,27
17.300000,50.00000,-0.25000,0.033333,28
17.300000,51.01591,-0.21612,0.100000,29
17.300000,52.02731,-0.11465,0.100000,30
17.400000,22.17404,0.89528,-0.663203,0
17.400000,23.00000,0.25000,-0.244979,1
17.400000,24.00000,0.00000,-0.244979,2
17.400000,25.00000,-0.25000,-0.463648,3
17.400000,26.00000,-0.75000,-0.463648,4
17.400000,27.00000,-1.25000,0.000000,5
17.400000,28.00000,-1.25000,0.000000,6
17.400000,29.00000,-1.25000,0.000000,7
17.400000,30.00000,-1.25000,0.000000,8
17.400000,31.00000,-1.25000,0.244979,9
17.400000,32.00000,-1.00000,0.244979,10
17.400000,33.00000,-0.75000,0.244979,11
17.400000,34.00000,-0.50000,0.244979,12
17.400000,35.00000,-0.25000,0.244979,13
17.400000,36.00000,0.00000,0.000000,14
17.400000,37.00000,0.00000,0.000000,15
17.400000,38.00000,0.00000,0.000000,16
17.400000,39.00000,0.00000,0.000000,17
17.400000,40.00000,0.00000,0.000000,18
17.400000,41.00000,0.00000,0.000000,19
17.400000,42.00000,0.00000,0.000000,20
17.400000,43.00000,0.00000,0.000000,21
17.400000,44.00000,0.00000,0.000000,22
17.400000,45.00000,0.00000,0.000000,23
17.400000,46.00000,0.00000,0.000000,24
17.400000,47.00000,0.00000,0.000000,25
17.400000,48.00000,0.00000,0.000000,26
17.400000,49.00000,0.00000,0.000000,27
17.400000,50.00000,0.00000,0.033333,28
17.400000,50.99926,0.03332,0.100000,29
17.400000,51.99408,0.13314,0.100000,30
17.500000,22.21573,0.78617,-0.599676,0
17.500000,23.00000,0.25000,-0.244979,1
17.500000,24.00000,0.00000,-0.244979,2
17.500000,25.00000,-0.25000,-0.463648,3
17.500000,26.00000,-0.75000,-0.463648,4
17.500000,27.00000,-1.25000,-0.244979,5
17.500000,28.00000,-1.50000,0.000000,6
17.500000,29.00000,-1.50000,0.000000,7
17.500000,30.00000,-1.50000,0.000000,8
17.500000,31.00000,-1.50000,0.463648,9
17.500000,32.00000,-1.00000,0.244979,10
17.500000,33.00000,-0.75000,0.244979,11
17.500000,34.00000,-0.50000,0.244979,12
17.500000,35.00000,-0.25000,0.244979,13
17.500000,36.00000,0.00000,0.000000,14
17.500000,37.00000,0.00000,0.000000,15
17.500000,38.00000,0.00000,0.000000,16
17.500000,39.00000,0.00000,0.000000,17
17.500000,40.00000,0.00000,0.000000,18
17.500000,41.00000,0.00000,0.000000,19
17.500000,42.00000,0.00000,0.000000,20
17.500000,43.00000,0.00000,0.000000,21
17.500000,44.00000,0.00000,0.000000,22
17.500000,45.00000,0.00000,0.000000,23
17.500000,46.00000,0.00000,0.000000,24
17.500000,47.00000,0.00000,0.000000,25
17.500000,48.00000,0.00000,0.000000,26
17.500000,49.00000,0.00000,0.000000,27
17.500000,50.00000,0.00000,0.033333,28
17.500000,50.99926,0.03332,0.100000,29
17.500000,51.99408,0.13314,0.100000,30
17.600000,22.28595,0.71098,-0.529787,0
17.600000,23.50000,0.00000,-0.244979,1
17.600000,24.50000,-0.25000,-0.463648,2
17.600000,25.50000,-0.75000,-0.463648,3
17.600000,26.50000,-1.25000,-0.244979,4
17.600000,27.50000,-1.50000,0.000000,5
17.600000,28.50000,-1.50000,0.000000,6
17.600000,29.50000,-1.50000,0.000000,7
17.600000,30.50000,-1.50000,0.244979,8
17.600000,31.50000,-1.25000,0.463648,9
17.600000,32.50000,-0.75000,0.244979,10
17.600000,33.50000,-0.50000,0.244979,11
17.600000,34.50000,-0.25000,0.244979,12
17.600000,35.50000,0.00000,0.000000,13
17.600000,36.50000,0.00000,0.000000,14
17.600000,37.50000,0.00000,0.000000,15
17.600000,38.50000,0.00000,0.000000,16
17.600000,39.50000,0.00000,0.000000,17
17.600000,40.50000,0.00000,0.000000,18
17.600000,41.50000,0.00000,0.000000,19
17.600000,42.50000,0.00000,0.000000,20
17.600000,43.50000,0.00000,0.000000,21
17.600000,44.50000,0.00000,0.000000,22
17.600000,45.50000,0.00000,0.000000,23
17.600000,46.50000,0.00000,0.000000,24
17.600000,47.50000,0.00000,0.000000,25
17.600000,48.50000,0.00000,0.000000,26
17.600000,49.50000,0.00000,0.008333,27
17.600000,50.49991,0.00833,0.066667,28
17.600000,51.49750,0.07494,0.380200,29
17.600000,52.44697,0.45439,0.380200,30
17.700000,22.30620,0.66132,-0.505879,0
17.700000,23.50000,0.00000,-0.244979,1
17.700000,24.50000,-0.25000,-0.463648,2
17.700000,25.50000,-0.75000,-0.463648,3
17.700000,26.50000,-1.25000,-0.244979,4
17.700000,27.50000,-1.50000,0.000000,5
17.700000,28.50000,-1.50000,0.000000,6
17.700000,29.50000,-1.50000,0.000000,7
17.700000,30.50000,-1.50000,0.244979,8
17.700000,31.50000,-1.25000,0.463648,9
17.700000,32.50000,-0.75000,0.244979,10
17.700000,33.50000,-0.50000,0.244979,11
17.700000,34.50000,-0.25000,0.244979,12
17.700000,35.50000,0.00000,0.000000,13
17.700000,36.50000,0.00000,0.000000,14
17.700000,37.50000,0.00000,0.000000,15
17.700000,38.50000,0.00000,0.000000,16
17.700000,39.50000,0.00000,0.000000,17
17.700000,40.50000,0.00000,0.000000,18
17.700000,41.50000,0.00000,0.000000,19
17.700000,42.50000,0.00000,0.000000,20
17.700000,43.50000,0.00000,0.000000,21
17.700000,44.50000,0.00000,0.000000,22
17.700000,45.50000,0.00000,0.000000,23
17.700000,46.50000,0.00000,0.000000,24
17.700000,47.50000,0.00000,0.000000,25
17.700000,48.50000,0.00000,0.000000,26
17.700000,49.50000,0.00000,0.008333,27
17.700000,50.49991,0.00833,0.066667,28
17.700000,51.49750,0.07494,0.133333,29
17.700000,52.48844,0.20785,0.133333,30
17.800000,22.30891,0.61083,-0.473862,0
17.800000,23.50000,0.00000,-0.244979,1
17.800000,24.50000,-0.25000,-0.463648,2
17.800000,25.50000,-0.75000,-0.463648,3
17.800000,26.50000,-1.25000,-0.244979,4
17.800000,27.50000,-1.50000,0.000000,5
17.800000,28.50000,-1.50000,0.000000,6
17.800000,29.50000,-1.50000,0.000000,7
17.800000,30.50000,-1.50000,0.244979,8
17.800000,31.50000,-1.25000,0.463648,9
17.800000,32.50000,-0.75000,0.244979,10
17.800000,33.50000,-0.50000,0.244979,11
17.800000,34.50000,-0.25000,0.244979,12
17.800000,35.50000,0.00000,0.000000,13
17.800000,36.50000,0.00000,0.000000,14
17.800000,37.50000,0.00000,0.000000,15
17.800000,38.50000,0.00000,0.000000,16
17.800000,39.50000,0.00000,0.000000,17
17.800000,40.50000,0.00000,0.000000,18
17.800000,41.50000,0.00000,0.000000,19
17.800000,42.50000,0.00000,0.000000,20
17.800000,43.50000,0.00000,0.000000,21
17.800000,44.50000,0.00000,0.000000,22
17.800000,45.50000,0.00000,0.000000,23
17.800000,46.50000,0.00000,0.000000,24
17.800000,47.50000,0.00000,0.000000,25
17.800000,48.50000,0.00000,0.000000,26
17.800000,49.50000,0.00000,0.008333,27
17.800000,50.49991,0.00833,0.066667,28
17.800000,51.49750,0.07494,0.133333,29
17.800000,52.48844,0.20785,0.133333,30
17.902000,22.39226,0.55161,-0.462015,0
17.902000,23.50000,0.00000,-0.244979,1
17.902000,24.50000,-0.25000,-0.463648,2
17.902000,25.50000,-0.75000,-0.463648,3
17.902000,26.50000,-1.25000,-0.244979,4
17.902000,27.50000,-1.50000,0.000000,5
17.902000,28.50000,-1.50000,0.000000,6
17.902000,29.50000,-1.50000,0.000000,7
17.902000,30.50000,-1.50000,0.244979,8
17.902000,31.50000,-1.25000,0.463648,9
17.902000,32.50000,-0.75000,0.244979,10
17.902000,33.50000,-0.50000,0.244979,11
17.902000,34.50000,-0.25000,0.244979,12
17.902000,35.50000,0.00000,0.000000,13
17.902000,36.50000,0.00000,0.000000,14
17.902000,37.50000,0.00000,0.000000,15
17.902000,38.50000,0.00000,0.000000,16
17.902000,39.50000,0.00000,0.000000,17
17.902000,40.50000,0.00000,0.000000,18
17.902000,41.50000,0.00000,0.000000,19
17.902000,42.50000,0.00000,0.000000,20
17.902000,43.50000,0.00000,0.000000,21
17.902000,44.50000,0.00000,0.000000,22
17.902000,45.50000,0.00000,0.000000,23
17.902000,46.50000,0.00000,0.000000,24
17.902000,47.50000,0.00000,0.000000,25
17.902000,48.50000,0.00000,0.000000,26
17.902000,49.50000,0.00000,0.008333,27
17.902000,50.49991,0.00833,0.066667,28
17.902000,51.49750,0.07494,0.133333,29
17.902000,52.48844,0.20785,0.133333,30
18.000000,22.41788,0.51841,-0.446760,0
18.000000,23.50000,0.00000,-0.244979,1
18.000000,24.50000,-0.25000,-0.463648,2
18.000000,25.50000,-0.75000,-0.463648,3
18.000000,26.50000,-1.25000,-0.244979,4
18.000000,27.50000,-1.50000,0.000000,5
18.000000,28.50000,-1.50000,0.000000,6
18.000000,29.50000,-1.50000,0.000000,7
18.000000,30.50000,-1.50000,0.244979,8
18.000000,31.50000,-1.25000,0.463648,9
18.000000,32.50000,-0.75000,0.244979,10
18.000000,33.50000,-0.50000,0.244979,11
18.000000,34.50000,-0.25000,0.244979,12
18.000000,35.50000,0.00000,0.000000,13
18.000000,36.50000,0.00000,0.000000,14
18.000000,37.50000,0.00000,0.000000,15
18.000000,38.50000,0.00000,0.000000,16
18.000000,39.50000,0.00000,0.000000,17
18.000000,40.50000,0.00000,0.000000,18
18.000000,41.50000,0.00000,0.000000,19
18.000000,42.50000,0.00000,0.000000,20
18.000000,43.50000,0.00000,0.000000,21
18.000000,44.50000,0.00000,0.000000,22
18.000000,45.50000,0.00000,0.000000,23
18.000000,46.50000,0.00000,0.000000,24
18.000000,47.50000,0.00000,0.000000,25
18.000000,48.50000,0.00000,0.000000,26
18.000000,49.50000,0.00000,0.008333,27
18.000000,50.49991,0.00833,0.066667,28
18.000000,51.49750,0.07494,0.133333,29
18.000000,52.48844,0.20785,0.133333,30
18.100000,22.44088,0.49536,-0.437484,0
18.100000,23.50000,0.00000,-0.244979,1
18.100000,24.50000,-0.25000,-0.463648,2
18.100000,25.50000,-0.75000,-0.463648,3
18.100000,26.50000,-1.25000,-0.244979,4
18.100000,27.50000,-1.50000,0.000000,5
18.100000,28.50000,-1.50000,0.000000,6
18.100000,29.50000,-1.50000,0.000000,7
18.100000,30.50000,-1.50000,0.244979,8
18.100000,31.50000,-1.25000,0.463648,9
18.100000,32.50000,-0.75000,0.244979,10
18.100000,33.50000,-0.50000,0.244979,11
18.100000,34.50000,-0.25000,0.244979,12
18.100000,35.50000,0.00000,0.000000,13
18.100000,36.50000,0.00000,0.000000,14
18.100000,37.50000,0.00000,0.000000,15
18.100000,38.50000,0.00000,0.000000,16
18.100000,39.50000,0.00000,0.000000,17
18.100000,40.50000,0.00000,0.000000,18
18.100000,41.50000,0.00000,0.000000,19
18.100000,42.50000,0.00000,0.000000,20
18.100000,43.50000,0.00000,0.000000,21
18.100000,44.50000,0.00000,0.000000,22
18.100000,45.50000,0.00000,0.000000,23
18.100000,46.50000,0.00000,0.000000,24
18.100000,47.50000,0.00000,0.000000,25
18.100000,48.50000,0.00000,0.000000,26
18.100000,49.50000,0.00000,0.008333,27
18.100000,50.49991,0.00833,0.066667,28
18.100000,51.49750,0.07494,0.133333,29
18.100000,52.48844,0.20785,0.133333,30
18.200000,22.46092,0.49141,-0.441755,0
18.200000,23.50000,0.00000,-0.244979,1
18.200000,24.50000,-0.25000,-0.463648,2
18.200000,25.50000,-0.75000,-0.463648,3
18.200000,26.50000,-1.25000,-0.244979,4
18.200000,27.50000,-1.50000,0.000000,5
18.200000,28.50000,-1.50000,0.000000,6
18.200000,29.50000,-1.50000,0.000000,7
18.200000,30.50000,-1.50000,0.244979,8
18.200000,31.50000,-1.25000,0.463648,9
18.200000,32.50000,-0.75000,0.244979,10
18.200000,33.50000,-0.50000,0.244979,11
18.200000,34.50000,-0.25000,0.244979,12
18.200000,35.50000,0.00000,0.000000,13
18.200000,36.50000,0.00000,0.000000,14
18.200000,37.50000,0.00000,0.000000,15
18.200000,38.50000,0.00000,0.000000,16
18.200000,39.50000,0.00000,0.000000,17
18.200000,40.50000,0.00000,0.000000,18
18.200000,41.50000,0.00000,0.000000,19
18.200000,42.50000,0.00000,0.000000,20
18.200000,43.50000,0.00000,0.000000,21
18.200000,44.50000,0.00000,0.000000,22
18.200000,45.50000,0.00000,0.000000,23
18.200000,46.50000,0.00000,0.000000,24
18.200000,47.50000,0.00000,0.000000,25
18.200000,48.50000,0.00000,0.000000,26
18.200000,49.50000,0.00000,0.008333,27
18.200000,50.49991,0.00833,0.066667,28
18.200000,51.49750,0.07494,0.133333,29
18.200000,52.48844,0.20785,0.133333,30
18.300000,22.49933,0.48800,-0.453735,0
18.300000,23.50000,0.00000,-0.244979,1
18.300000,24.50000,-0.25000,-0.463648,2
18.300000,25.50000,-0.75000,-0.463648,3
18.300000,26.50000,-1.25000,-0.244979,4
18.300000,27.50000,-1.50000,0.000000,5
18.300000,28.50000,-1.50000,0.000000,6
18.300000,29.50000,-1.50000,0.000000,7
18.300000,30.50000,-1.50000,0.244979,8
18.300000,31.50000,-1.25000,0.463648,9
18.300000,32.50000,-0.75000,0.244979,10
18.300000,33.50000,-0.50000,0.244979,11
18.300000,34.50000,-0.25000,0.244979,12
18.300000,35.50000,0.00000,0.000000,13
18.300000,36.50000,0.00000,0.000000,14
18.300000,37.50000,0.00000,0.000000,15
18.300000,38.50000,0.00000,0.000000,16
18.300000,39.50000,0.00000,0.000000,17
18.300000,40.50000,0.00000,0.000000,18
18.300000,41.50000,0.00000,0.000000,19
18.300000,42.50000,0.00000,0.000000,20
18.300000,43.50000,0.00000,0.000000,21
18.300000,44.50000,0.00000,0.000000,22
18.300000,45.50000,0.00000,0.000000,23
18.300000,46.50000,0.00000,0.000000,24
18.300000,47.50000,0.00000,0.000000,25
18.300000,48.50000,0.00000,0.000000,26
18.300000,49.50000,0.00000,0.008333,27
18.300000,50.49991,0.00833,0.066667,28
18.300000,51.49750,0.07494,0.133333,29
18.300000,52.48844,0.20785,0.133333,30
18.400000,22.52547,0.46574,-0.445825,0
18.400000,23.50000,0.00000,-0.244979,1
18.400000,24.50000,-0.25000,-0.244979,2
18.400000,25.50000,-0.50000,-0.463648,3
18.400000,26.50000,-1.00000,-0.244979,4
18.400000,27.50000,-1.25000,-0.244979,5
18.400000,28.50000,-1.50000,0.000000,6
18.400000,29.50000,-1.50000,0.000000,7
18.400000,30.50000,-1.50000,0.244979,8
18.400000,31.50000,-1.25000,0.463648,9
18.400000,32.50000,-0.75000,0.244979,10
18.400000,33.50000,-0.50000,0.244979,11
18.400000,34.50000,-0.25000,0.244979,12
18.400000,35.50000,0.00000,0.000000,13
18.400000,36.50000,0.00000,0.000000,14
18.400000,37.50000,0.00000,0.000000,15
18.400000,38.50000,0.00000,0.000000,16
18.400000,39.50000,0.00000,0.000000,17
18.400000,40.50000,0.00000,0.000000,18
18.400000,41.50000,0.00000,0.000000,19
18.400000,42.50000,0.00000,0.000000,20
18.400000,43.50000,0.00000,0.000000,21
18.400000,44.50000,0.00000,0.000000,22
18.400000,45.50000,0.00000,0.000000,23
18.400000,46.50000,0.00000,0.000000,24
18.400000,47.50000,0.00000,0.000000,25
18.400000,48.50000,0.00000,0.000000,26
18.400000,49.50000,0.00000,0.008333,27
18.400000,50.49991,0.00833,0.066667,28
18.400000,51.49750,0.07494,0.133333,29
18.400000,52.48844,0.20785,0.133333,30
18.500000,22.53723,0.41618,-0.408012,0
18.500000,23.50000,0.00000,-0.244979,1
18.500000,24.50000,-0.25000,-0.463648,2
18.500000,25.50000,-0.75000,-0.463648,3
18.500000,26.50000,-1.25000,-0.244979,4
18.500000,27.50000,-1.50000,0.000000,5
18.500000,28.50000,-1.50000,0.000000,6
18.500000,29.50000,-1.50000,0.000000,7
18.500000,30.50000,-1.50000,0.244979,8
18.500000,31.50000,-1.25000,0.463648,9
18.500000,32.50000,-0.75000,0.244979,10
18.500000,33.50000,-0.50000,0.244979,11
18.500000,34.50000,-0.25000,0.244979,12
18.500000,35.50000,0.00000,0.000000,13
18.500000,36.50000,0.00000,0.000000,14
18.500000,37.50000,0.00000,0.000000,15
18.500000,38.50000,0.00000,0.000000,16
18.500000,39.50000,0.00000,0.000000,17
18.500000,40.50000,0.00000,0.000000,18
18.500000,41.50000,0.00000,0.000000,19
18.500000,42.50000,0.00000,0.000000,20
18.500000,43.50000,0.00000,0.000000,21
18.500000,44.50000,0.00000,0.000000,22
18.500000,45.50000,0.00000,0.000000,23
18.500000,46.50000,0.00000,0.000000,24
18.500000,47.50000,0.00000,0.000000,25
18.500000,48.50000,0.00000,0.000000,26
18.500000,49.50000,0.00000,0.008333,27
18.500000,50.49991,0.00833,0.066667,28
18.500000,51.49750,0.07494,0.133333,29
18.500000,52.48844,0.20785,0.133333,30
18.600000,22.57089,0.39675,-0.403585,0
18.600000,23.50000,0.00000,-0.244979,1
18.600000,24.50000,-0.25000,-0.463648,2
18.600000,25.50000,-0.75000,-0.463648,3
18.600000,26.50000,-1.25000,-0.244979,4
18.600000,27.50000,-1.50000,0.000000,5
18.600000,28.50000,-1.50000,0.000000,6
18.600000,29.50000,-1.50000,0.000000,7
18.600000,30.50000,-1.50000,0.244979,8
18.600000,31.50000,-1.25000,0.463648,9
18.600000,32.50000,-0.75000,0.244979,10
18.600000,33.50000,-0.50000,0.244979,11
18.600000,34.50000,-0.25000,0.244979,12
18.600000,35.50000,0.00000,0.000000,13
18.600000,36.50000,0.00000,0.000000,14
18.600000,37.50000,0.00000,0.000000,15
18.600000,38.50000,0.00000,0.000000,16
18.600000,39.50000,0.00000,0.000000,17
18.600000,40.50000,0.00000,0.000000,18
18.600000,41.50000,0.00000,0.000000,19
18.600000,42.50000,0.00000,0.000000,20
18.600000,43.50000,0.00000,0.000000,21
18.600000,44.50000,0.00000,0.000000,22
18.600000,45.50000,0.00000,0.000000,23
18.600000,46.50000,0.00000,0.000000,24
18.600000,47.50000,0.00000,0.000000,25
18.600000,48.50000,0.00000,0.000000,26
18.600000,49.50000,0.00000,0.008333,27
18.600000,50.49991,0.00833,0.066667,28
18.600000,51.49750,0.07494,0.133333,29
18.600000,52.48844,0.20785,0.133333,30
18.700000,22.57577,0.36943,-0.590449,0
18.700000,23.50000,-0.25000,-0.244979,1
18.700000,24.50000,-0.50000,-0.244979,2
18.700000,25.50000,-0.75000,-0.463648,3
18.700000,26.50000,-1.25000,-0.244979,4
18.700000,27.50000,-1.50000,0.000000,5
18.700000,28.50000,-1.50000,0.000000,6
18.700000,29.50000,-1.50000,0.000000,7
18.700000,30.50000,-1.50000,0.244979,8
18.700000,31.50000,-1.25000,0.463648,9
18.700000,32.50000,-0.75000,0.244979,10
18.700000,33.50000,-0.50000,0.244979,11
18.700000,34.50000,-0.25000,0.244979,12
18.700000,35.50000,0.00000,0.000000,13
18.700000,36.50000,0.00000,0.000000,14
18.700000,37.50000,0.00000,0.000000,15
18.700000,38.50000,0.00000,0.000000,16
18.700000,39.50000,0.00000,0.000000,17
18.700000,40.50000,0.00000,0.000000,18
18.700000,41.50000,0.00000,0.000000,19
18.700000,42.50000,0.00000,0.000000,20
18.700000,43.50000,0.00000,0.000000,21
18.700000,44.50000,0.00000,0.000000,22
18.700000,45.50000,0.00000,0.000000,23
18.700000,46.50000,0.00000,0.000000,24
18.700000,47.50000,0.00000,0.000000,25
18.700000,48.50000,0.00000,0.000000,26
18.700000,49.50000,0.00000,0.008333,27
18.700000,50.49991,0.00833,0.066667,28
18.700000,51.49750,0.07494,0.133333,29
18.700000,52.48844,0.20785,0.133333,30
18.800000,22.56014,0.32684,-0.550466,0
18.800000,23.50000,-0.25000,-0.244979,1
18.800000,24.50000,-0.50000,-0.244979,2
18.800000,25.50000,-0.75000,-0.463648,3
18.800000,26.50000,-1.25000,-0.244979,4
18.800000,27.50000,-1.50000,0.000000,5
18.800000,28.50000,-1.50000,0.000000,6
18.800000,29.50000,-1.50000,0.000000,7
18.800000,30.50000,-1.50000,0.244979,8
18.800000,31.50000,-1.25000,0.463648,9
18.800000,32.50000,-0.75000,0.244979,10
18.800000,33.50000,-0.50000,0.244979,11
18.800000,34.50000,-0.25000,0.244979,12
18.800000,35.50000,0.00000,0.000000,13
18.800000,36.50000,0.00000,0.000000,14
18.800000,37.50000,0.00000,0.000000,15
18.800000,38.50000,0.00000,0.000000,16
18.800000,39.50000,0.00000,0.000000,17
18.800000,40.50000,0.00000,0.000000,18
18.800000,41.50000,0.00000,0.000000,19
18.800000,42.50000,0.00000,0.000000,20
18.800000,43.50000,0.00000,0.000000,21
18.800000,44.50000,0.00000,0.000000,22
18.800000,45.50000,0.00000,0.000000,23
18.800000,46.50000,0.00000,0.000000,24
18.800000,47.50000,0.00000,0.000000,25
18.800000,48.50000,0.00000,0.000000,26
18.800000,49.50000,0.00000,0.008333,27
18.800000,50.49991,0.00833,0.066667,28
18.800000,51.49750,0.07494,0.133333,29
18.800000,52.48844,0.20785,0.133333,30
18.900000,22.61289,0.27157,-0.531502,0
18.900000,23.50000,-0.25000,-0.244979,1
18.900000,24.50000,-0.50000,-0.244979,2
18.900000,25.50000,-0.75000,-0.463648,3
18.900000,26.50000,-1.25000,-0.244979,4
18.900000,27.50000,-1.50000,0.000000,5
18.900000,28.50000,-1.50000,0.000000,6
18.900000,29.50000,-1.50000,0.000000,7
18.900000,30.50000,-1.50000,0.244979,8
18.900000,31.50000,-1.25000,0.463648,9
18.900000,32.50000,-0.75000,0.244979,10
18.900000,33.50000,-0.50000,0.244979,11
18.900000,34.50000,-0.25000,0.244979,12
18.900000,35.50000,0.00000,0.000000,13
18.900000,36.50000,0.00000,0.000000,14
18.900000,37.50000,0.00000,0.000000,15
18.900000,38.50000,0.00000,0.000000,16
18.900000,39.50000,0.00000,0.000000,17
18.900000,40.50000,0.00000,0.000000,18
18.900000,41.50000,0.00000,0.000000,19
18.900000,42.50000,0.00000,0.000000,20
18.900000,43.50000,0.00000,0.000000,21
18.900000,44.50000,0.00000,0.000000,22
18.900000,45.50000,0.00000,0.000000,23
18.900000,46.50000,0.00000,0.000000,24
18.900000,47.50000,0.00000,0.000000,25
18.900000,48.50000,0.00000,0.000000,26
18.900000,49.50000,0.00000,0.008333,27
18.900000,50.49991,0.00833,0.066667,28
18.900000,51.49750,0.07494,0.133333,29
18.900000,52.48844,0.20785,0.133333,30
19.000000,22.58490,0.25848,-0.507172,0
19.000000,23.50000,-0.25000,-0.244979,1
19.000000,24.50000,-0.50000,-0.244979,2
19.000000,25.50000,-0.75000,-0.463648,3
19.000000,26.50000,-1.25000,-0.244979,4
19.000000,27.50000,-1.50000,0.000000,5
19.000000,28.50000,-1.50000,0.000000,6
19.000000,29.50000,-1.50000,0.000000,7
19.000000,30.50000,-1.50000,0.244979,8
19.000000,31.50000,-1.25000,0.463648,9
19.000000,32.50000,-0.75000,0.244979,10
19.000000,33.50000,-0.50000,0.244979,11
19.000000,34.50000,-0.25000,0.244979,12
19.000000,35.50000,0.00000,0.000000,13
19.000000,36.50000,0.00000,0.000000,14
19.000000,37.50000,0.00000,0.000000,15
19.000000,38.50000,0.00000,0.000000,16
19.000000,39.50000,0.00000,0.000000,17
19.000000,40.50000,0.00000,0.000000,18
19.000000,41.50000,0.00000,0.000000,19
19.000000,42.50000,0.00000,0.000000,20
19.000000,43.50000,0.00000,0.000000,21
19.000000,44.50000,0.00000,0.000000,22
19.000000,45.50000,0.00000,0.000000,23
19.000000,46.50000,0.00000,0.000000,24
19.000000,47.50000,0.00000,0.000000,25
19.000000,48.50000,0.00000,0.000000,26
19.000000,49.50000,0.00000,0.008333,27
19.000000,50.49991,0.00833,0.066667,28
19.000000,51.49750,0.07494,0.133333,29
19.000000,52.48844,0.20785,0.133333,30
19.100000,22.63441,0.19351,-0.473500,0
19.100000,23.50000,-0.25000,-0.244979,1
19.100000,24.50000,-0.50000,-0.244979,2
19.100000,25.50000,-0.75000,-0.463648,3
19.100000,26.50000,-1.25000,-0.244979,4
19.100000,27.50000,-1.50000,0.000000,5
19.100000,28.50000,-1.50000,0.000000,6
19.100000,29.50000,-1.50000,0.000000,7
19.100000,30.50000,-1.50000,0.244979,8
19.100000,31.50000,-1.25000,0.463648,9
19.100000,32.50000,-0.75000,0.244979,10
19.100000,33.50000,-0.50000,0.244979,11
19.100000,34.50000,-0.25000,0.244979,12
19.100000,35.50000,0.00000,0.000000,13
19.100000,36.50000,0.00000,0.000000,14
19.100000,37.50000,0.00000,0.000000,15
19.100000,38.50000,0.00000,0.000000,16
19.100000,39.50000,0.00000,0.000000,17
19.100000,40.50000,0.00000,0.000000,18
19.100000,41.50000,0.00000,0.000000,19
19.100000,42.50000,0.00000,0.000000,20
19.100000,43.50000,0.00000,0.000000,21
19.100000,44.50000,0.00000,0.000000,22
19.100000,45.50000,0.00000,0.000000,23
19.100000,46.50000,0.00000,0.000000,24
19.100000,47.50000,0.00000,0.000000,25
19.100000,48.50000,0.00000,0.000000,26
19.100000,49.50000,0.00000,0.008333,27
19.100000,50.49991,0.00833,0.066667,28
19.100000,51.49750,0.07494,0.133333,29
19.100000,52.48844,0.20785,0.133333,30
19.200000,22.62226,0.12538,-0.404123,0
19.200000,23.50000,-0.25000,-0.244979,1
19.200000,24.50000,-0.50000,-0.244979,2
19.200000,25.50000,-0.75000,-0.463648,3
19.200000,26.50000,-1.25000,-0.244979,4
19.200000,27.50000,-1.50000,0.000000,5
19.200000,28.50000,-1.50000,0.000000,6
19.200000,29.50000,-1.50000,0.000000,7
19.200000,30.50000,-1.50000,0.244979,8
19.200000,31.50000,-1.25000,0.463648,9
19.200000,32.50000,-0.75000,0.244979,10
19.200000,33.50000,-0.50000,0.244979,11
19.200000,34.50000,-0.25000,0.244979,12
19.200000,35.50000,0.00000,0.000000,13
19.200000,36.50000,0.00000,0.000000,14
19.200000,37.50000,0.00000,0.000000,15
19.200000,38.50000,0.00000,0.000000,16
19.200000,39.50000,0.00000,0.000000,17
19.200000,40.50000,0.00000,0.000000,18
19.200000,41.50000,0.00000,0.000000,19
19.200000,42.50000,0.00000,0.000000,20
19.200000,43.50000,0.00000,0.000000,21
19.200000,44.50000,0.00000,0.000000,22
19.200000,45.50000,0.00000,0.000000,23
19.200000,46.50000,0.00000,0.000000,24
19.200000,47.50000,0.00000,0.000000,25
19.200000,48.50000,0.00000,0.000000,26
19.200000,49.50000,0.00000,0.008333,27
19.200000,50.49991,0.00833,0.066667,28
19.200000,51.49750,0.07494,0.380200,29
19.200000,52.44697,0.45439,0.380200,30
19.300000,22.66256,0.06346,-0.358165,0
19.300000,23.50000,-0.25000,-0.244979,1
19.300000,24.50000,-0.50000,-0.244979,2
19.300000,25.50000,-0.75000,-0.463648,3
19.300000,26.50000,-1.25000,-0.244979,4
19.300000,27.50000,-1.50000,0.000000,5
19.300000,28.50000,-1.50000,0.000000,6
19.300000,29.50000,-1.50000,0.000000,7
19.300000,30.50000,-1.50000,0.244979,8
19.300000,31.50000,-1.25000,0.463648,9
19.300000,32.50000,-0.75000,0.244979,10
19.300000,33.50000,-0.50000,0.244979,11
19.300000,34.50000,-0.25000,0.244979,12
19.300000,35.50000,0.00000,0.000000,13
19.300000,36.50000,0.00000,0.000000,14
19.300000,37.50000,0.00000,0.000000,15
19.300000,38.50000,0.00000,0.000000,16
19.300000,39.50000,0.00000,0.000000,17
19.300000,40.50000,0.00000,0.000000,18
19.300000,41.50000,0.00000,0.000000,19
19.300000,42.50000,0.00000,0.000000,20
19.300000,43.50000,0.00000,0.000000,21
19.300000,44.50000,0.00000,0.000000,22
19.300000,45.50000,0.00000,0.000000,23
19.300000,46.50000,0.00000,0.000000,24
19.300000,47.50000,0.00000,0.000000,25
19.300000,48.50000,0.00000,0.000000,26
19.300000,49.50000,0.00000,0.008333,27
19.300000,50.49991,0.00833,0.066667,28
19.300000,51.49750,0.07494,0.380200,29
19.300000,52.44697,0.45439,0.380200,30
19.400000,22.65775,-0.05092,-0.232107,0
19.400000,23.50000,-0.25000,-0.244979,1
19.400000,24.50000,-0.50000,-0.244979,2
19.400000,25.50000,-0.75000,-0.463648,3
19.400000,26.50000,-1.25000,-0.244979,4
19.400000,27.50000,-1.50000,0.000000,5
19.400000,28.50000,-1.50000,0.000000,6
19.400000,29.50000,-1.50000,0.000000,7
19.400000,30.50000,-1.50000,0.244979,8
19.400000,31.50000,-1.25000,0.463648,9
19.400000,32.50000,-0.75000,0.244979,10
19.400000,33.50000,-0.50000,0.244979,11
19.400000,34.50000,-0.25000,0.244979,12
19.400000,35.50000,0.00000,0.000000,13
19.400000,36.50000,0.00000,0.000000,14
19.400000,37.50000,0.00000,0.000000,15
19.400000,38.50000,0.00000,0.000000,16
19.400000,39.50000,0.00000,0.000000,17
19.400000,40.50000,0.00000,0.000000,18
19.400000,41.50000,0.00000,0.000000,19
19.400000,42.50000,0.00000,0.000000,20
19.400000,43.50000,0.00000,0.000000,21
19.400000,44.50000,0.00000,0.000000,22
19.400000,45.50000,0.00000,0.000000,23
19.400000,46.50000,0.00000,0.000000,24
19.400000,47.50000,0.00000,0.000000,25
19.400000,48.50000,0.00000,0.000000,26
19.400000,49.50000,0.00000,0.008333,27
19.400000,50.49991,0.00833,0.066667,28
19.400000,51.49750,0.07494,0.380200,29
19.400000,52.44697,0.45439,0.380200,30
19.500000,22.67874,-0.14545,-0.407547,0
19.500000,23.50000,-0.50000,-0.244979,1
19.500000,24.50000,-0.75000,-0.244979,2
19.500000,25.50000,-1.00000,-0.244979,3
19.500000,26.50000,-1.25000,-0.244979,4
19.500000,27.50000,-1.50000,0.000000,5
19.500000,28.50000,-1.50000,0.000000,6
19.500000,29.50000,-1.50000,0.000000,7
19.500000,30.50000,-1.50000,0.244979,8
19.500000,31.50000,-1.25000,0.463648,9
19.500000,32.50000,-0.75000,0.244979,10
19.500000,33.50000,-0.50000,0.244979,11
19.500000,34.50000,-0.25000,0.244979,12
19.500000,35.50000,0.00000,0.000000,13
19.500000,36.50000,0.00000,0.000000,14
19.500000,37.50000,0.00000,0.000000,15
19.500000,38.50000,0.00000,0.000000,16
19.500000,39.50000,0.00000,0.000000,17
19.500000,40.50000,0.00000,0.000000,18
19.500000,41.50000,0.00000,0.000000,19
19.500000,42.50000,0.00000,0.000000,20
19.500000,43.50000,0.00000,0.000000,21
19.500000,44.50000,0.00000,0.000000,22
19.500000,45.50000,0.00000,0.000000,23
19.500000,46.50000,0.00000,0.000000,24
19.500000,47.50000,0.00000,0.000000,25
19.500000,48.50000,0.00000,0.000000,26
19.500000,49.50000,0.00000,0.008333,27
19.500000,50.49991,0.00833,0.066667,28
19.500000,51.49750,0.07494,0.380200,29
19.500000,52.44697,0.45439,0.380200,30
19.600000,22.72010,-0.24040,-0.321330,0
19.600000,23.50000,-0.50000,-0.244979,1
19.600000,24.50000,-0.75000,-0.244979,2
19.600000,25.50000,-1.00000,-0.244979,3
19.600000,26.50000,-1.25000,-0.244979,4
19.600000,27.50000,-1.50000,0.000000,5
19.600000,28.50000,-1.50000,0.000000,6
19.600000,29.50000,-1.50000,0.000000,7
19.600000,30.50000,-1.50000,0.244979,8
19.600000,31.50000,-1.25000,0.463648,9
19.600000,32.50000,-0.75000,0.244979,10
19.600000,33.50000,-0.50000,0.244979,11
19.600000,34.50000,-0.25000,0.244979,12
19.600000,35.50000,0.00000,0.000000,13
19.600000,36.50000,0.00000,0.000000,14
19.600000,37.50000,0.00000,0.000000,15
19.600000,38.50000,0.00000,0.000000,16
19.600000,39.50000,0.00000,0.000000,17
19.600000,40.50000,0.00000,0.000000,18
19.600000,41.50000,0.00000,0.000000,19
19.600000,42.50000,0.00000,0.000000,20
19.600000,43.50000,0.00000,0.000000,21
19.600000,44.50000,0.00000,0.000000,22
19.600000,45.50000,0.00000,0.000000,23
19.600000,46.50000,0.00000,0.000000,24
19.600000,47.50000,0.00000,0.000000,25
19.600000,48.50000,0.00000,0.000000,26
19.600000,49.50000,0.00000,0.008333,27
19.600000,50.49991,0.00833,0.066667,28
19.600000,51.49750,0.07494,0.380200,29
19.600000,52.44697,0.45439,0.380200,30
19.700000,22.72289,-0.34596,-0.195681,0
19.700000,23.50000,-0.50000,-0.244979,1
19.700000,24.50000,-0.75000,-0.244979,2
19.700000,25.50000,-1.00000,-0.244979,3
19.700000,26.50000,-1.25000,-0.244979,4
19.700000,27.50000,-1.50000,0.000000,5
19.700000,28.50000,-1.50000,0.000000,6
19.700000,29.50000,-1.50000,0.000000,7
19.700000,30.50000,-1.50000,0.244979,8
19.700000,31.50000,-1.25000,0.463648,9
19.700000,32.50000,-0.75000,0.244979,10
19.700000,33.50000,-0.50000,0.244979,11
19.700000,34.50000,-0.25000,0.244979,12
19.700000,35.50000,0.00000,0.000000,13
19.700000,36.50000,0.00000,0.000000,14
19.700000,37.50000,0.00000,0.000000,15
19.700000,38.50000,0.00000,0.000000,16
19.700000,39.50000,0.00000,0.000000,17
19.700000,40.50000,0.00000,0.000000,18
19.700000,41.50000,0.00000,0.000000,19
19.700000,42.50000,0.00000,0.000000,20
19.700000,43.50000,0.00000,0.000000,21
19.700000,44.50000,0.00000,0.000000,22
19.700000,45.50000,0.00000,0.000000,23
19.700000,46.50000,0.00000,0.000000,24
19.700000,47.50000,0.00000,0.000000,25
19.700000,48.50000,0.00000,0.000000,26
19.700000,49.50000,0.00000,0.008333,27
19.700000,50.49991,0.00833,0.066667,28
19.700000,51.49750,0.07494,0.380200,29
19.700000,52.44697,0.45439,0.380200,30
19.800000,22.79733,-0.44942,-0.244913,0
19.800000,24.00000,-0.75000,0.000000,1
19.800000,25.00000,-0.75000,-0.244979,2
19.800000,26.00000,-1.00000,-0.244979,3
19.800000,27.00000,-1.25000,-0.244979,4
19.800000,28.00000,-1.50000,0.000000,5
19.800000,29.00000,-1.50000,0.000000,6
19.800000,30.00000,-1.50000,0.000000,7
19.800000,31.00000,-1.50000,0.463648,8
19.800000,32.00000,-1.00000,0.244979,9
19.800000,33.00000,-0.75000,0.244979,10
19.800000,34.00000,-0.50000,0.244979,11
19.800000,35.00000,-0.25000,0.244979,12
19.800000,36.00000,0.00000,0.000000,13
19.800000,37.00000,0.00000,0.000000,14
19.800000,38.00000,0.00000,0.000000,15
19.800000,39.00000,0.00000,0.000000,16
19.800000,40.00000,0.00000,0.000000,17
19.800000,41.00000,0.00000,0.000000,18
19.800000,42.00000,0.00000,0.000000,19
19.800000,43.00000,0.00000,0.000000,20
19.800000,44.00000,0.00000,0.000000,21
19.800000,45.00000,0.00000,0.000000,22
19.800000,46.00000,0.00000,0.000000,23
19.800000,47.00000,0.00000,0.000000,24
19.800000,48.00000,0.00000,0.000000,25
19.800000,49.00000,0.00000,0.000000,26
19.800000,50.00000,0.00000,0.280200,27
19.800000,50.98261,0.28277,0.350914,28
19.800000,51.92761,0.62870,0.421759,29
19.800000,52.83104,1.03405,0.421759,30
19.900000,22.80982,-0.55213,-0.164744,0
19.900000,24.00000,-0.75000,0.000000,1
19.900000,25.00000,-0.75000,-0.244979,2
19.900000,26.00000,-1.00000,-0.244979,3
19.900000,27.00000,-1.25000,-0.244979,4
19.900000,28.00000,-1.50000,0.000000,5
19.900000,29.00000,-1.50000,0.000000,6
19.900000,30.00000,-1.50000,0.000000,7
19.900000,31.00000,-1.50000,0.463648,8
19.900000,32.00000,-1.00000,0.244979,9
19.900000,33.00000,-0.75000,0.244979,10
19.900000,34.00000,-0.50000,0.244979,11
19.900000,35.00000,-0.25000,0.244979,12
19.900000,36.00000,0.00000,0.000000,13
19.900000,37.00000,0.00000,0.000000,14
19.900000,38.00000,0.00000,0.000000,15
19.900000,39.00000,0.00000,0.000000,16
19.900000,40.00000,0.00000,0.000000,17
19.900000,41.00000,0.00000,0.000000,18
19.900000,42.00000,0.00000,0.000000,19
19.900000,43.00000,0.00000,0.000000,20
19.900000,44.00000,0.00000,0.000000,21
19.900000,45.00000,0.00000,0.000000,22
19.900000,46.00000,0.00000,0.000000,23
19.900000,47.00000,0.00000,0.000000,24
19.900000,48.00000,0.00000,0.000000,25
19.900000,49.00000,0.00000,0.000000,26
19.900000,50.00000,0.00000,0.280200,27
19.900000,50.98261,0.28277,0.350914,28
19.900000,51.92761,0.62870,0.421759,29
19.900000,52.83104,1.03405,0.421759,30
20.000000,22.81659,-0.69060,-0.050154,0
20.000000,24.00000,-0.75000,0.000000,1
20.000000,25.00000,-0.75000,-0.244979,2
20.000000,26.00000,-1.00000,-0.244979,3
20.000000,27.00000,-1.25000,-0.244979,4
20.000000,28.00000,-1.50000,0.000000,5
20.000000,29.00000,-1.50000,0.000000,6
20.000000,30.00000,-1.50000,0.000000,7
20.000000,31.00000,-1.50000,0.463648,8
20.000000,32.00000,-1.00000,0.244979,9
20.000000,33.00000,-0.75000,0.244979,10
20.000000,34.00000,-0.50000,0.244979,11
20.000000,35.00000,-0.25000,0.244979,12
20.000000,36.00000,0.00000,0.000000,13
20.000000,37.00000,0.00000,0.000000,14
20.000000,38.00000,0.00000,0.000000,15
20.000000,39.00000,0.00000,0.000000,16
20.000000,40.00000,0.00000,0.000000,17
20.000000,41.00000,0.00000,0.000000,18
20.000000,42.00000,0.00000,0.000000,19
20.000000,43.00000,0.00000,0.000000,20
20.000000,44.00000,0.00000,0.000000,21
20.000000,45.00000,0.00000,0.000000,22
20.000000,46.00000,0.00000,0.000000,23
20.000000,47.00000,0.00000,0.000000,24
20.000000,48.00000,0.00000,0.000000,25
20.000000,49.00000,0.00000,0.000000,26
20.000000,50.00000,0.00000,0.280200,27
20.000000,50.98261,0.28277,0.350914,28
20.000000,51.92761,0.62870,0.421759,29
20.000000,52.83104,1.03405,0.421759,30
20.100000,22.88257,-0.74194,-0.007211,0
20.100000,24.00000,-0.75000,0.000000,1
20.100000,25.00000,-0.75000,-0.244979,2
20.100000,26.00000,-1.00000,-0.244979,3
20.100000,27.00000,-1.25000,-0.244979,4
20.100000,28.00000,-1.50000,0.000000,5
20.100000,29.00000,-1.50000,0.000000,6
20.100000,30.00000,-1.50000,0.000000,7
20.100000,31.00000,-1.50000,0.463648,8
20.100000,32.00000,-1.00000,0.244979,9
20.100000,33.00000,-0.75000,0.244979,10
20.100000,34.00000,-0.50000,0.244979,11
20.100000,35.00000,-0.25000,0.244979,12
20.100000,36.00000,0.00000,0.000000,13
20.100000,37.00000,0.00000,0.000000,14
20.100000,38.00000,0.00000,0.000000,15
20.100000,39.00000,0.00000,0.000000,16
20.100000,40.00000,0.00000,0.000000,17
20.100000,41.00000,0.00000,0.000000,18
20.100000,42.00000,0.00000,0.000000,19
20.100000,43.00000,0.00000,0.000000,20
20.100000,44.00000,0.00000,0.000000,21
20.100000,45.00000,0.00000,0.000000,22
20.100000,46.00000,0.00000,0.000000,23
20.100000,47.00000,0.00000,0.000000,24
20.100000,48.00000,0.00000,0.000000,25
20.100000,49.00000,0.00000,0.000000,26
20.100000,50.00000,0.00000,0.280200,27
20.100000,50.98261,0.28277,0.350914,28
20.100000,51.92761,0.62870,0.421759,29
20.100000,52.83104,1.03405,0.421759,30
20.200000,22.93735,-0.86342,-0.127822,0
20.200000,24.00000,-1.00000,0.000000,1
20.200000,25.00000,-1.00000,0.000000,2
20.200000,26.00000,-1.00000,-0.244979,3
20.200000,27.00000,-1.25000,-0.244979,4
20.200000,28.00000,-1.50000,0.000000,5
20.200000,29.00000,-1.50000,0.000000,6
20.200000,30.00000,-1.50000,0.000000,7
20.200000,31.00000,-1.50000,0.463648,8
20.200000,32.00000,-1.00000,0.244979,9
20.200000,33.00000,-0.75000,0.244979,10
20.200000,34.00000,-0.50000,0.244979,11
20.200000,35.00000,-0.25000,0.244979,12
20.200000,36.00000,0.00000,0.000000,13
20.200000,37.00000,0.00000,0.000000,14
20.200000,38.00000,0.00000,0.000000,15
20.200000,39.00000,0.00000,0.000000,16
20.200000,40.00000,0.00000,0.000000,17
20.200000,41.00000,0.00000,0.000000,18
20.200000,42.00000,0.00000,0.000000,19
20.200000,43.00000,0.00000,0.000000,20
20.200000,44.00000,0.00000,0.000000,21
20.200000,45.00000,0.00000,0.000000,22
20.200000,46.00000,0.00000,0.000000,23
20.200000,47.00000,0.00000,0.000000,24
20.200000,48.00000,0.00000,0.000000,25
20.200000,49.00000,0.00000,0.000000,26
20.200000,50.00000,0.00000,0.280200,27
20.200000,50.98261,0.28277,0.350914,28
20.200000,51.92761,0.62870,0.421759,29
20.200000,52.83104,1.03405,0.421759,30
20.300000,22.96871,-0.91616,-0.081116,0
20.300000,24.00000,-1.00000,0.000000,1
20.300000,25.00000,-1.00000,0.000000,2
20.300000,26.00000,-1.00000,-0.244979,3
20.300000,27.00000,-1.25000,-0.244979,4
20.300000,28.00000,-1.50000,0.000000,5
20.300000,29.00000,-1.50000,0.000000,6
20.300000,30.00000,-1.50000,0.000000,7
20.300000,31.00000,-1.50000,0.463648,8
20.300000,32.00000,-1.00000,0.244979,9
20.300000,33.00000,-0.75000,0.244979,10
20.300000,34.00000,-0.50000,0.244979,11
20.300000,35.00000,-0.25000,0.244979,12
20.300000,36.00000,0.00000,0.000000,13
20.300000,37.00000,0.00000,0.000000,14
20.300000,38.00000,0.00000,0.000000,15
20.300000,39.00000,0.00000,0.000000,16
20.300000,40.00000,0.00000,0.000000,17
20.300000,41.00000,0.00000,0.000000,18
20.300000,42.00000,0.00000,0.000000,19
20.300000,43.00000,0.00000,0.000000,20
20.300000,44.00000,0.00000,0.000000,21
20.300000,45.00000,0.00000,0.000000,22
20.300000,46.00000,0.00000,0.000000,23
20.300000,47.00000,0.00000,0.000000,24
20.300000,48.00000,0.00000,0.000000,25
20.300000,49.00000,0.00000,0.000000,26
20.300000,50.00000,0.00000,0.280200,27
20.300000,50.98261,0.28277,0.350914,28
20.300000,51.92761,0.62870,0.421759,29
20.300000,52.83104,1.03405,0.421759,30
20.400000,23.05195,-1.01939,0.020453,0
20.400000,24.00000,-1.00000,0.000000,1
20.400000,25.00000,-1.00000,0.000000,2
20.400000,26.00000,-1.00000,-0.244979,3
20.400000,27.00000,-1.25000,-0.244979,4
20.400000,28.00000,-1.50000,0.000000,5
20.400000,29.00000,-1.50000,0.000000,6
20.400000,30.00000,-1.50000,0.000000,7
20.400000,31.00000,-1.50000,0.463648,8
20.400000,32.00000,-1.00000,0.244979,9
20.400000,33.00000,-0.75000,0.244979,10
20.400000,34.00000,-0.50000,0.244979,11
20.400000,35.00000,-0.25000,0.244979,12
20.400000,36.00000,0.00000,0.000000,13
20.400000,37.00000,0.00000,0.000000,14
20.400000,38.00000,0.00000,0.000000,15
20.400000,39.00000,0.00000,0.000000,16
20.400000,40.00000,0.00000,0.000000,17
20.400000,41.00000,0.00000,0.000000,18
20.400000,42.00000,0.00000,0.000000,19
20.400000,43.00000,0.00000,0.000000,20
20.400000,44.00000,0.00000,0.000000,21
20.400000,45.00000,0.00000,0.000000,22
20.400000,46.00000,0.00000,0.000000,23
20.400000,47.00000,0.00000,0.000000,24
20.400000,48.00000,0.00000,0.000000,25
20.400000,49.00000,0.00000,0.000000,26
20.400000,50.00000,0.00000,0.280200,27
20.400000,50.98261,0.28277,0.350914,28
20.400000,51.92761,0.62870,0.421759,29
20.400000,52.83104,1.03405,0.421759,30
20.500000,23.09850,-1.08638,0.095527,0
20.500000,24.00000,-1.00000,0.000000,1
20.500000,25.00000,-1.00000,0.000000,2
20.500000,26.00000,-1.00000,-0.244979,3
20.500000,27.00000,-1.25000,-0.244979,4
20.500000,28.00000,-1.50000,0.000000,5
20.500000,29.00000,-1.50000,0.000000,6
20.500000,30.00000,-1.50000,0.000000,7
20.500000,31.00000,-1.50000,0.463648,8
20.500000,32.00000,-1.00000,0.244979,9
20.500000,33.00000,-0.75000,0.244979,10
20.500000,34.00000,-0.50000,0.244979,11
20.500000,35.00000,-0.25000,0.244979,12
20.500000,36.00000,0.00000,0.000000,13
20.500000,37.00000,0.00000,0.000000,14
20.500000,38.00000,0.00000,0.000000,15
20.500000,39.00000,0.00000,0.000000,16
20.500000,40.00000,0.00000,0.000000,17
20.500000,41.00000,0.00000,0.000000,18
20.500000,42.00000,0.00000,0.000000,19
20.500000,43.00000,0.00000,0.000000,20
20.500000,44.00000,0.00000,0.000000,21
20.500000,45.00000,0.00000,0.000000,22
20.500000,46.00000,0.00000,0.000000,23
20.500000,47.00000,0.00000,0.000000,24
20.500000,48.00000,0.00000,0.000000,25
20.500000,49.00000,0.00000,0.000000,26
20.500000,50.00000,0.00000,0.033333,27
20.500000,50.99926,0.03332,0.346867,28
20.500000,51.96084,0.38092,0.417580,29
20.500000,52.88071,0.78903,0.417580,30
20.600000,23.14120,-1.13417,-0.134069,0
20.600000,24.00000,-1.25000,0.000000,1
20.600000,25.00000,-1.25000,0.000000,2
20.600000,26.00000,-1.25000,-0.244979,3
20.600000,27.00000,-1.50000,0.000000,4
20.600000,28.00000,-1.50000,0.000000,5
20.600000,29.00000,-1.50000,0.000000,6
20.600000,30.00000,-1.50000,0.000000,7
20.600000,31.00000,-1.50000,0.463648,8
20.600000,32.00000,-1.00000,0.244979,9
20.600000,33.00000,-0.75000,0.244979,10
20.600000,34.00000,-0.50000,0.244979,11
20.600000,35.00000,-0.25000,0.244979,12
20.600000,36.00000,0.00000,0.000000,13
20.600000,37.00000,0.00000,0.000000,14
20.600000,38.00000,0.00000,0.000000,15
20.600000,39.00000,0.00000,0.000000,16
20.600000,40.00000,0.00000,0.000000,17
20.600000,41.00000,0.00000,0.000000,18
20.600000,42.00000,0.00000,0.000000,19
20.600000,43.00000,0.00000,0.000000,20
20.600000,44.00000,0.00000,0.000000,21
20.600000,45.00000,0.00000,0.000000,22
20.600000,46.00000,0.00000,0.000000,23
20.600000,47.00000,0.00000,0.000000,24
20.600000,48.00000,0.00000,0.000000,25
20.600000,49.00000,0.00000,0.000000,26
20.600000,50.00000,0.00000,0.033333,27
20.600000,50.99926,0.03332,0.346867,28
20.600000,51.96084,0.38092,0.417580,29
20.600000,52.88071,0.78903,0.417580,30
20.700000,23.21091,-1.17694,-0.092324,0
20.700000,24.00000,-1.25000,0.000000,1
20.700000,25.00000,-1.25000,0.000000,2
20.700000,26.00000,-1.25000,-0.244979,3
20.700000,27.00000,-1.50000,0.000000,4
20.700000,28.00000,-1.50000,0.000000,5
20.700000,29.00000,-1.50000,0.000000,6
20.700000,30.00000,-1.50000,0.000000,7
20.700000,31.00000,-1.50000,0.463648,8
20.700000,32.00000,-1.00000,0.244979,9
20.700000,33.00000,-0.75000,0.244979,10
20.700000,34.00000,-0.50000,0.244979,11
20.700000,35.00000,-0.25000,0.244979,12
20.700000,36.00000,0.00000,0.000000,13
20.700000,37.00000,0.00000,0.000000,14
20.700000,38.00000,0.00000,0.000000,15
20.700000,39.00000,0.00000,0.000000,16
20.700000,40.00000,0.00000,0.000000,17
20.700000,41.00000,0.00000,0.000000,18
20.700000,42.00000,0.00000,0.000000,19
20.700000,43.00000,0.00000,0.000000,20
20.700000,44.00000,0.00000,0.000000,21
20.700000,45.00000,0.00000,0.000000,22
20.700000,46.00000,0.00000,0.000000,23
20.700000,47.00000,0.00000,0.000000,24
20.700000,48.00000,0.00000,0.000000,25
20.700000,49.00000,0.00000,0.000000,26
20.700000,50.00000,0.00000,0.033333,27
20.700000,50.99926,0.03332,0.346867,28
20.700000,51.96084,0.38092,0.417580,29
20.700000,52.88071,0.78903,0.417580,30
20.800000,23.27900,-1.23002,-0.016360,0
20.800000,24.50000,-1.25000,0.000000,1
20.800000,25.50000,-1.25000,0.000000,2
20.800000,26.50000,-1.25000,-0.244979,3
20.800000,27.50000,-1.50000,0.000000,4
20.800000,28.50000,-1.50000,0.000000,5
20.800000,29.50000,-1.50000,0.000000,6
20.800000,30.50000,-1.50000,0.244979,7
20.800000,31.50000,-1.25000,0.463648,8
20.800000,32.50000,-0.75000,0.244979,9
20.800000,33.50000,-0.50000,0.244979,10
20.800000,34.50000,-0.25000,0.244979,11
20.800000,35.50000,0.00000,0.000000,12
20.800000,36.50000,0.00000,0.000000,13
20.800000,37.50000,0.00000,0.000000,14
20.800000,38.50000,0.00000,0.000000,15
20.800000,39.50000,0.00000,0.000000,16
20.800000,40.50000,0.00000,0.000000,17
20.800000,41.50000,0.00000,0.000000,18
20.800000,42.50000,0.00000,0.000000,19
20.800000,43.50000,0.00000,0.000000,20
20.800000,44.50000,0.00000,0.000000,21
20.800000,45.50000,0.00000,0.000000,22
20.800000,46.50000,0.00000,0.000000,23
20.800000,47.50000,0.00000,0.000000,24
20.800000,48.50000,0.00000,0.000000,25
20.800000,49.50000,0.00000,0.254731,26
20.800000,50.49158,0.25819,0.317580,27
20.800000,51.44758,0.57244,0.388425,28
20.800000,52.36402,0.94746,0.459409,29
20.800000,53.23711,1.37939,0.459409,30
20.900000,23.29552,-1.26693,0.014053,0
20.900000,24.50000,-1.25000,0.000000,1
20.900000,25.50000,-1.25000,0.000000,2
20.900000,26.50000,-1.25000,-0.244979,3
20.900000,27.50000,-1.50000,0.000000,4
20.900000,28.50000,-1.50000,0.000000,5
20.900000,29.50000,-1.50000,0.000000,6
20.900000,30.50000,-1.50000,0.244979,7
20.900000,31.50000,-1.25000,0.463648,8
20.900000,32.50000,-0.75000,0.244979,9
20.900000,33.50000,-0.50000,0.244979,10
20.900000,34.50000,-0.25000,0.244979,11
20.900000,35.50000,0.00000,0.000000,12
20.900000,36.50000,0.00000,0.000000,13
20.900000,37.50000,0.00000,0.000000,14
20.900000,38.50000,0.00000,0.000000,15
20.900000,39.50000,0.00000,0.000000,16
20.900000,40.50000,0.00000,0.000000,17
20.900000,41.50000,0.00000,0.000000,18
20.900000,42.50000,0.00000,0.000000,19
20.900000,43.50000,0.00000,0.000000,20
20.900000,44.50000,0.00000,0.000000,21
20.900000,45.50000,0.00000,0.000000,22
20.900000,46.50000,0.00000,0.000000,23
20.900000,47.50000,0.00000,0.000000,24
20.900000,48.50000,0.00000,0.000000,25
20.900000,49.50000,0.00000,0.008333,26
20.900000,50.49991,0.00833,0.313534,27
20.900000,51.47254,0.32369,0.384247,28
20.900000,52.40549,0.70092,0.455092,29
20.900000,53.29491,1.13616,0.455092,30
21.002000,23.32811,-1.29472,0.038146,0
21.002000,24.50000,-1.25000,0.000000,1
21.002000,25.50000,-1.25000,0.000000,2
21.002000,26.50000,-1.25000,-0.244979,3
21.002000,27.50000,-1.50000,0.000000,4
21.002000,28.50000,-1.50000,0.000000,5
21.002000,29.50000,-1.50000,0.000000,6
21.002000,30.50000,-1.50000,0.244979,7
21.002000,31.50000,-1.25000,0.463648,8
21.002000,32.50000,-0.75000,0.244979,9
21.002000,33.50000,-0.50000,0.244979,10
21.002000,34.50000,-0.25000,0.244979,11
21.002000,35.50000,0.00000,0.000000,12
21.002000,36.50000,0.00000,0.000000,13
21.002000,37.50000,0.00000,0.000000,14
21.002000,38.50000,0.00000,0.000000,15
21.002000,39.50000,0.00000,0.000000,16
21.002000,40.50000,0.00000,0.000000,17
21.002000,41.50000,0.00000,0.000000,18
21.002000,42.50000,0.00000,0.000000,19
21.002000,43.50000,0.00000,0.000000,20
21.002000,44.50000,0.00000,0.000000,21
21.002000,45.50000,0.00000,0.000000,22
21.002000,46.50000,0.00000,0.000000,23
21.002000,47.50000,0.00000,0.000000,24
21.002000,48.50000,0.00000,0.000000,25
21.002000,49.50000,0.00000,0.008333,26
21.002000,50.49991,0.00833,0.313534,27
21.002000,51.47254,0.32369,0.384247,28
21.002000,52.40549,0.70092,0.455092,29
21.002000,53.29491,1.13616,0.455092,30
21.102000,23.37772,-1.31101,0.054305,0
21.102000,24.50000,-1.25000,0.000000,1
21.102000,25.50000,-1.25000,0.000000,2
21.102000,26.50000,-1.25000,-0.244979,3
21.102000,27.50000,-1.50000,0.000000,4
21.102000,28.50000,-1.50000,0.000000,5
21.102000,29.50000,-1.50000,0.000000,6
21.102000,30.50000,-1.50000,0.244979,7
21.102000,31.50000,-1.25000,0.463648,8
21.102000,32.50000,-0.75000,0.244979,9
21.102000,33.50000,-0.50000,0.244979,10
21.102000,34.50000,-0.25000,0.244979,11
21.102000,35.50000,0.00000,0.000000,12
21.102000,36.50000,0.00000,0.000000,13
21.102000,37.50000,0.00000,0.000000,14
21.102000,38.50000,0.00000,0.000000,15
21.102000,39.50000,0.00000,0.000000,16
21.102000,40.50000,0.00000,0.000000,17
21.102000,41.50000,0.00000,0.000000,18
21.102000,42.50000,0.00000,0.000000,19
21.102000,43.50000,0.00000,0.000000,20
21.102000,44.50000,0.00000,0.000000,21
21.102000,45.50000,0.00000,0.000000,22
21.102000,46.50000,0.00000,0.000000,23
21.102000,47.50000,0.00000,0.000000,24
21.102000,48.50000,0.00000,0.000000,25
21.102000,49.50000,0.00000,0.008333,26
21.102000,50.49991,0.00833,0.313534,27
21.102000,51.47254,0.32369,0.384247,28
21.102000,52.40549,0.70092,0.455092,29
21.102000,53.29491,1.13616,0.455092,30
21.200000,23.41756,-1.34277,0.085500,0
21.200000,24.50000,-1.25000,0.000000,1
21.200000,25.50000,-1.25000,0.000000,2
21.200000,26.50000,-1.25000,-0.244979,3
21.200000,27.50000,-1.50000,0.000000,4
21.200000,28.50000,-1.50000,0.000000,5
21.200000,29.50000,-1.50000,0.000000,6
21.200000,30.50000,-1.50000,0.244979,7
21.200000,31.50000,-1.25000,0.463648,8
21.200000,32.50000,-0.75000,0.244979,9
21.200000,33.50000,-0.50000,0.244979,10
21.200000,34.50000,-0.25000,0.244979,11
21.200000,35.50000,0.00000,0.000000,12
21.200000,36.50000,0.00000,0.000000,13
21.200000,37.50000,0.00000,0.000000,14
21.200000,38.50000,0.00000,0.000000,15
21.200000,39.50000,0.00000,0.000000,16
21.200000,40.50000,0.00000,0.000000,17
21.200000,41.50000,0.00000,0.000000,18
21.200000,42.50000,0.00000,0.000000,19
21.200000,43.50000,0.00000,0.000000,20
21.200000,44.50000,0.00000,0.000000,21
21.200000,45.50000,0.00000,0.000000,22
21.200000,46.50000,0.00000,0.000000,23
21.200000,47.50000,0.00000,0.000000,24
21.200000,48.50000,0.00000,0.000000,25
21.200000,49.50000,0.00000,0.008333,26
21.200000,50.49991,0.00833,0.313534,27
21.200000,51.47254,0.32369,0.384247,28
21.200000,52.40549,0.70092,0.455092,29
21.200000,53.29491,1.13616,0.455092,30
21.300000,23.39742,-1.37822,0.115767,0
21.300000,24.50000,-1.25000,0.000000,1
21.300000,25.50000,-1.25000,0.000000,2
21.300000,26.50000,-1.25000,-0.244979,3
21.300000,27.50000,-1.50000,0.000000,4
21.300000,28.50000,-1.50000,0.000000,5
21.300000,29.50000,-1.50000,0.000000,6
21.300000,30.50000,-1.50000,0.244979,7
21.300000,31.50000,-1.25000,0.463648,8
21.300000,32.50000,-0.75000,0.244979,9
21.300000,33.50000,-0.50000,0.244979,10
21.300000,34.50000,-0.25000,0.244979,11
21.300000,35.50000,0.00000,0.000000,12
21.300000,36.50000,0.00000,0.000000,13
21.300000,37.50000,0.00000,0.000000,14
21.300000,38.50000,0.00000,0.000000,15
21.300000,39.50000,0.00000,0.000000,16
21.300000,40.50000,0.00000,0.000000,17
21.300000,41.50000,0.00000,0.000000,18
21.300000,42.50000,0.00000,0.000000,19
21.300000,43.50000,0.00000,0.000000,20
21.300000,44.50000,0.00000,0.000000,21
21.300000,45.50000,0.00000,0.000000,22
21.300000,46.50000,0.00000,0.000000,23
21.300000,47.50000,0.00000,0.000000,24
21.300000,48.50000,0.00000,0.000000,25
21.300000,49.50000,0.00000,0.008333,26
21.300000,50.49991,0.00833,0.313534,27
21.300000,51.47254,0.32369,0.384247,28
21.300000,52.40549,0.70092,0.455092,29
21.300000,53.29491,1.13616,0.455092,30
21.400000,23.39161,-1.41127,0.144485,0
21.400000,24.50000,-1.25000,0.000000,1
21.400000,25.50000,-1.25000,0.000000,2
21.400000,26.50000,-1.25000,-0.244979,3
21.400000,27.50000,-1.50000,0.000000,4
21.400000,28.50000,-1.50000,0.000000,5
21.400000,29.50000,-1.50000,0.000000,6
21.400000,30.50000,-1.50000,0.244979,7
21.400000,31.50000,-1.25000,0.463648,8
21.400000,32.50000,-0.75000,0.244979,9
21.400000,33.50000,-0.50000,0.244979,10
21.400000,34.50000,-0.25000,0.244979,11
21.400000,35.50000,0.00000,0.000000,12
21.400000,36.50000,0.00000,0.000000,13
21.400000,37.50000,0.00000,0.000000,14
21.400000,38.50000,0.00000,0.000000,15
21.400000,39.50000,0.00000,0.000000,16
21.400000,40.50000,0.00000,0.000000,17
21.400000,41.50000,0.00000,0.000000,18
21.400000,42.50000,0.00000,0.000000,19
21.400000,43.50000,0.00000,0.000000,20
21.400000,44.50000,0.00000,0.000000,21
21.400000,45.50000,0.00000,0.000000,22
21.400000,46.50000,0.00000,0.000000,23
21.400000,47.50000,0.00000,0.000000,24
21.400000,48.50000,0.00000,0.000000,25
21.400000,49.50000,0.00000,0.008333,26
21.400000,50.49991,0.00833,0.313534,27
21.400000,51.47254,0.32369,0.384247,28
21.400000,52.40549,0.70092,0.455092,29
21.400000,53.29491,1.13616,0.455092,30
21.500000,23.42752,-1.44349,0.178496,0
21.500000,24.50000,-1.25000,0.000000,1
21.500000,25.50000,-1.25000,0.000000,2
21.500000,26.50000,-1.25000,-0.244979,3
21.500000,27.50000,-1.50000,0.000000,4
21.500000,28.50000,-1.50000,0.000000,5
21.500000,29.50000,-1.50000,0.000000,6
21.500000,30.50000,-1.50000,0.244979,7
21.500000,31.50000,-1.25000,0.463648,8
21.500000,32.50000,-0.75000,0.244979,9
21.500000,33.50000,-0.50000,0.244979,10
21.500000,34.50000,-0.25000,0.244979,11
21.500000,35.50000,0.00000,0.000000,12
21.500000,36.50000,0.00000,0.000000,13
21.500000,37.50000,0.00000,0.000000,14
21.500000,38.50000,0.00000,0.000000,15
21.500000,39.50000,0.00000,0.000000,16
21.500000,40.50000,0.00000,0.000000,17
21.500000,41.50000,0.00000,0.000000,18
21.500000,42.50000,0.00000,0.000000,19
21.500000,43.50000,0.00000,0.000000,20
21.500000,44.50000,0.00000,0.000000,21
21.500000,45.50000,0.00000,0.000000,22
21.500000,46.50000,0.00000,0.000000,23
21.500000,47.50000,0.00000,0.000000,24
21.500000,48.50000,0.00000,0.000000,25
21.500000,49.50000,0.00000,0.008333,26
21.500000,50.49991,0.00833,0.313534,27
21.500000,51.47254,0.32369,0.384247,28
21.500000,52.40549,0.70092,0.455092,29
21.500000,53.29491,1.13616,0.455092,30
21.600000,23.46287,-1.45863,0.198513,0
21.600000,24.50000,-1.25000,0.000000,1
21.600000,25.50000,-1.25000,0.000000,2
21.600000,26.50000,-1.25000,-0.244979,3
21.600000,27.50000,-1.50000,0.000000,4
21.600000,28.50000,-1.50000,0.000000,5
21.600000,29.50000,-1.50000,0.000000,6
21.600000,30.50000,-1.50000,0.244979,7
21.600000,31.50000,-1.25000,0.463648,8
21.600000,32.50000,-0.75000,0.244979,9
21.600000,33.50000,-0.50000,0.244979,10
21.600000,34.50000,-0.25000,0.244979,11
21.600000,35.50000,0.00000,0.000000,12
21.600000,36.50000,0.00000,0.000000,13
21.600000,37.50000,0.00000,0.000000,14
21.600000,38.50000,0.00000,0.000000,15
21.600000,39.50000,0.00000,0.000000,16
21.600000,40.50000,0.00000,0.000000,17
21.600000,41.50000,0.00000,0.000000,18
21.600000,42.50000,0.00000,0.000000,19
21.600000,43.50000,0.00000,0.000000,20
21.600000,44.50000,0.00000,0.000000,21
21.600000,45.50000,0.00000,0.000000,22
21.600000,46.50000,0.00000,0.000000,23
21.600000,47.50000,0.00000,0.000000,24
21.600000,48.50000,0.00000,0.000000,25
21.600000,49.50000,0.00000,0.008333,26
21.600000,50.49991,0.00833,0.313534,27
21.600000,51.47254,0.32369,0.384247,28
21.600000,52.40549,0.70092,0.455092,29
21.600000,53.29491,1.13616,0.455092,30
21.700000,23.46940,-1.47970,0.219296,0
21.700000,24.50000,-1.25000,0.000000,1
21.700000,25.50000,-1.25000,0.000000,2
21.700000,26.50000,-1.25000,-0.244979,3
21.700000,27.50000,-1.50000,0.000000,4
21.700000,28.50000,-1.50000,0.000000,5
21.700000,29.50000,-1.50000,0.000000,6
21.700000,30.50000,-1.50000,0.244979,7
21.700000,31.50000,-1.25000,0.463648,8
21.700000,32.50000,-0.75000,0.244979,9
21.700000,33.50000,-0.50000,0.244979,10
21.700000,34.50000,-0.25000,0.244979,11
21.700000,35.50000,0.00000,0.000000,12
21.700000,36.50000,0.00000,0.000000,13
21.700000,37.50000,0.00000,0.000000,14
21.700000,38.50000,0.00000,0.000000,15
21.700000,39.50000,0.00000,0.000000,16
21.700000,40.50000,0.00000,0.000000,17
21.700000,41.50000,0.00000,0.000000,18
21.700000,42.50000,0.00000,0.000000,19
21.700000,43.50000,0.00000,0.000000,20
21.700000,44.50000,0.00000,0.000000,21
21.700000,45.50000,0.00000,0.000000,22
21.700000,46.50000,0.00000,0.000000,23
21.700000,47.50000,0.00000,0.000000,24
21.700000,48.50000,0.00000,0.000000,25
21.700000,49.50000,0.00000,0.008333,26
21.700000,50.49991,0.00833,0.313534,27
21.700000,51.47254,0.32369,0.384247,28
21.700000,52.40549,0.70092,0.455092,29
21.700000,53.29491,1.13616,0.455092,30
21.800000,23.51404,-1.51650,0.016733,0
21.800000,24.50000,-1.50000,0.000000,1
21.800000,25.50000,-1.50000,0.000000,2
21.800000,26.50000,-1.50000,0.000000,3
21.800000,27.50000,-1.50000,0.000000,4
21.800000,28.50000,-1.50000,0.000000,5
21.800000,29.50000,-1.50000,0.000000,6
21.800000,30.50000,-1.50000,0.244979,7
21.800000,31.50000,-1.25000,0.463648,8
21.800000,32.50000,-0.75000,0.244979,9
21.800000,33.50000,-0.50000,0.244979,10
21.800000,34.50000,-0.25000,0.244979,11
21.800000,35.50000,0.00000,0.000000,12
21.800000,36.50000,0.00000,0.000000,13
21.800000,37.50000,0.00000,0.000000,14
21.800000,38.50000,0.00000,0.000000,15
21.800000,39.50000,0.00000,0.000000,16
21.800000,40.50000,0.00000,0.000000,17
21.800000,41.50000,0.00000,0.000000,18
21.800000,42.50000,0.00000,0.000000,19
21.800000,43.50000,0.00000,0.000000,20
21.800000,44.50000,0.00000,0.000000,21
21.800000,45.50000,0.00000,0.000000,22
21.800000,46.50000,0.00000,0.000000,23
21.800000,47.50000,0.00000,0.000000,24
21.800000,48.50000,0.00000,0.000000,25
21.800000,49.50000,0.00000,0.008333,26
21.800000,50.49991,0.00833,0.313534,27
21.800000,51.47254,0.32369,0.384247,28
21.800000,52.40549,0.70092,0.455092,29
21.800000,53.29491,1.13616,0.455092,30
21.900000,23.54371,-1.54621,0.048287,0
21.900000,24.50000,-1.50000,0.000000,1
21.900000,25.50000,-1.50000,0.000000,2
21.900000,26.50000,-1.50000,0.000000,3
21.900000,27.50000,-1.50000,0.000000,4
21.900000,28.50000,-1.50000,0.000000,5
21.900000,29.50000,-1.50000,0.000000,6
21.900000,30.50000,-1.50000,0.244979,7
21.900000,31.50000,-1.25000,0.463648,8
21.900000,32.50000,-0.75000,0.244979,9
21.900000,33.50000,-0.50000,0.244979,10
21.900000,34.50000,-0.25000,0.244979,11
21.900000,35.50000,0.00000,0.000000,12
21.900000,36.50000,0.00000,0.000000,13
21.900000,37.50000,0.00000,0.000000,14
21.900000,38.50000,0.00000,0.000000,15
21.900000,39.50000,0.00000,0.000000,16
21.900000,40.50000,0.00000,0.000000,17
21.900000,41.50000,0.00000,0.000000,18
21.900000,42.50000,0.00000,0.000000,19
21.900000,43.50000,0.00000,0.000000,20
21.900000,44.50000,0.00000,0.000000,21
21.900000,45.50000,0.00000,0.000000,22
21.900000,46.50000,0.00000,0.000000,23
21.900000,47.50000,0.00000,0.000000,24
21.900000,48.50000,0.00000,0.000000,25
21.900000,49.50000,0.00000,0.008333,26
21.900000,50.49991,0.00833,0.313534,27
21.900000,51.47254,0.32369,0.384247,28
21.900000,52.40549,0.70092,0.455092,29
21.900000,53.29491,1.13616,0.455092,30
22.000000,23.61456,-1.56432,0.072511,0
22.000000,24.50000,-1.50000,0.000000,1
22.000000,25.50000,-1.50000,0.000000,2
22.000000,26.50000,-1.50000,0.000000,3
22.000000,27.50000,-1.50000,0.000000,4
22.000000,28.50000,-1.50000,0.000000,5
22.000000,29.50000,-1.50000,0.000000,6
22.000000,30.50000,-1.50000,0.244979,7
22.000000,31.50000,-1.25000,0.463648,8
22.000000,32.50000,-0.75000,0.244979,9
22.000000,33.50000,-0.50000,0.244979,10
22.000000,34.50000,-0.25000,0.244979,11
22.000000,35.50000,0.00000,0.000000,12
22.000000,36.50000,0.00000,0.000000,13
22.000000,37.50000,0.00000,0.000000,14
22.000000,38.50000,0.00000,0.000000,15
22.000000,39.50000,0.00000,0.000000,16
22.000000,40.50000,0.00000,0.000000,17
22.000000,41.50000,0.00000,0.000000,18
22.000000,42.50000,0.00000,0.000000,19
22.000000,43.50000,0.00000,0.000000,20
22.000000,44.50000,0.00000,0.000000,21
22.000000,45.50000,0.00000,0.000000,22
22.000000,46.50000,0.00000,0.000000,23
22.000000,47.50000,0.00000,0.000000,24
22.000000,48.50000,0.00000,0.000000,25
22.000000,49.50000,0.00000,0.008333,26
22.000000,50.49991,0.00833,0.313534,27
22.000000,51.47254,0.32369,0.384247,28
22.000000,52.40549,0.70092,0.455092,29
22.000000,53.29491,1.13616,0.455092,30
22.100000,23.68059,-1.63419,0.162318,0
22.100000,24.50000,-1.50000,0.000000,1
22.100000,25.50000,-1.50000,0.000000,2
22.100000,26.50000,-1.50000,0.000000,3
22.100000,27.50000,-1.50000,0.000000,4
22.100000,28.50000,-1.50000,0.000000,5
22.100000,29.50000,-1.50000,0.000000,6
22.100000,30.50000,-1.50000,0.244979,7
22.100000,31.50000,-1.25000,0.463648,8
22.100000,32.50000,-0.75000,0.244979,9
22.100000,33.50000,-0.50000,0.244979,10
22.100000,34.50000,-0.25000,0.244979,11
22.100000,35.50000,0.00000,0.000000,12
22.100000,36.50000,0.00000,0.000000,13
22.100000,37.50000,0.00000,0.000000,14
22.100000,38.50000,0.00000,0.000000,15
22.100000,39.50000,0.00000,0.000000,16
22.100000,40.50000,0.00000,0.000000,17
22.100000,41.50000,0.00000,0.000000,18
22.100000,42.50000,0.00000,0.000000,19
22.100000,43.50000,0.00000,0.000000,20
22.100000,44.50000,0.00000,0.000000,21
22.100000,45.50000,0.00000,0.000000,22
22.100000,46.50000,0.00000,0.000000,23
22.100000,47.50000,0.00000,0.000000,24
22.100000,48.50000,0.00000,0.000000,25
22.100000,49.50000,0.00000,0.008333,26
22.100000,50.49991,0.00833,0.066667,27
22.100000,51.49750,0.07494,0.380200,28
22.100000,52.44697,0.45439,0.450914,29
22.100000,53.35272,0.89293,0.450914,30
22.200000,23.72629,-1.69688,0.249173,0
22.200000,24.50000,-1.50000,0.000000,1
22.200000,25.50000,-1.50000,0.000000,2
22.200000,26.50000,-1.50000,0.000000,3
22.200000,27.50000,-1.50000,0.000000,4
22.200000,28.50000,-1.50000,0.000000,5
22.200000,29.50000,-1.50000,0.000000,6
22.200000,30.50000,-1.50000,0.244979,7
22.200000,31.50000,-1.25000,0.463648,8
22.200000,32.50000,-0.75000,0.244979,9
22.200000,33.50000,-0.50000,0.244979,10
22.200000,34.50000,-0.25000,0.244979,11
22.200000,35.50000,0.00000,0.000000,12
22.200000,36.50000,0.00000,0.000000,13
22.200000,37.50000,0.00000,0.000000,14
22.200000,38.50000,0.00000,0.000000,15
22.200000,39.50000,0.00000,0.000000,16
22.200000,40.50000,0.00000,0.000000,17
22.200000,41.50000,0.00000,0.000000,18
22.200000,42.50000,0.00000,0.000000,19
22.200000,43.50000,0.00000,0.000000,20
22.200000,44.50000,0.00000,0.000000,21
22.200000,45.50000,0.00000,0.000000,22
22.200000,46.50000,0.00000,0.000000,23
22.200000,47.50000,0.00000,0.000000,24
22.200000,48.50000,0.00000,0.000000,25
22.200000,49.50000,0.00000,0.008333,26
22.200000,50.49991,0.00833,0.066667,27
22.200000,51.49750,0.07494,0.380200,28
22.200000,52.44697,0.45439,0.450914,29
22.200000,53.35272,0.89293,0.450914,30
22.300000,23.79021,-1.75762,0.209815,0
22.300000,25.00000,-1.50000,0.000000,1
22.300000,26.00000,-1.50000,0.000000,2
22.300000,27.00000,-1.50000,0.000000,3
22.300000,28.00000,-1.50000,0.000000,4
22.300000,29.00000,-1.50000,0.000000,5
22.300000,30.00000,-1.50000,0.000000,6
22.300000,31.00000,-1.50000,0.463648,7
22.300000,32.00000,-1.00000,0.244979,8
22.300000,33.00000,-0.75000,0.244979,9
22.300000,34.00000,-0.50000,0.244979,10
22.300000,35.00000,-0.25000,0.244979,11
22.300000,36.00000,0.00000,0.000000,12
22.300000,37.00000,0.00000,0.000000,13
22.300000,38.00000,0.00000,0.000000,14
22.300000,39.00000,0.00000,0.000000,15
22.300000,40.00000,0.00000,0.000000,16
22.300000,41.00000,0.00000,0.000000,17
22.300000,42.00000,0.00000,0.000000,18
22.300000,43.00000,0.00000,0.000000,19
22.300000,44.00000,0.00000,0.000000,20
22.300000,45.00000,0.00000,0.000000,21
22.300000,46.00000,0.00000,0.000000,22
22.300000,47.00000,0.00000,0.000000,23
22.300000,48.00000,0.00000,0.000000,24
22.300000,49.00000,0.00000,0.000000,25
22.300000,50.00000,0.00000,0.033333,26
22.300000,50.99926,0.03332,0.346867,27
22.300000,51.96084,0.38092,0.417580,28
22.300000,52.88071,0.78903,0.488425,29
22.300000,53.75512,1.25367,0.488425,30
22.400000,23.88163,-1.81849,0.277439,0
22.400000,25.00000,-1.50000,0.000000,1
22.400000,26.00000,-1.50000,0.000000,2
22.400000,27.00000,-1.50000,0.000000,3
22.400000,28.00000,-1.50000,0.000000,4
22.400000,29.00000,-1.50000,0.000000,5
22.400000,30.00000,-1.50000,0.000000,6
22.400000,31.00000,-1.50000,0.463648,7
22.400000,32.00000,-1.00000,0.244979,8
22.400000,33.00000,-0.75000,0.244979,9
22.400000,34.00000,-0.50000,0.244979,10
22.400000,35.00000,-0.25000,0.244979,11
22.400000,36.00000,0.00000,0.000000,12
22.400000,37.00000,0.00000,0.000000,13
22.400000,38.00000,0.00000,0.000000,14
22.400000,39.00000,0.00000,0.000000,15
22.400000,40.00000,0.00000,0.000000,16
22.400000,41.00000,0.00000,0.000000,17
22.400000,42.00000,0.00000,0.000000,18
22.400000,43.00000,0.00000,0.000000,19
22.400000,44.00000,0.00000,0.000000,20
22.400000,45.00000,0.00000,0.000000,21
22.400000,46.00000,0.00000,0.000000,22
22.400000,47.00000,0.00000,0.000000,23
22.400000,48.00000,0.00000,0.000000,24
22.400000,49.00000,0.00000,0.000000,25
22.400000,50.00000,0.00000,0.033333,26
22.400000,50.99926,0.03332,0.346867,27
22.400000,51.96084,0.38092,0.417580,28
22.400000,52.88071,0.78903,0.488425,29
22.400000,53.75512,1.25367,0.488425,30
22.500000,24.00332,-1.87362,0.358650,0
22.500000,25.00000,-1.50000,0.000000,1
22.500000,26.00000,-1.50000,0.000000,2
22.500000,27.00000,-1.50000,0.000000,3
22.500000,28.00000,-1.50000,0.000000,4
22.500000,29.00000,-1.50000,0.000000,5
22.500000,30.00000,-1.50000,0.000000,6
22.500000,31.00000,-1.50000,0.463648,7
22.500000,32.00000,-1.00000,0.244979,8
22.500000,33.00000,-0.75000,0.244979,9
22.500000,34.00000,-0.50000,0.244979,10
22.500000,35.00000,-0.25000,0.244979,11
22.500000,36.00000,0.00000,0.000000,12
22.500000,37.00000,0.00000,0.000000,13
22.500000,38.00000,0.00000,0.000000,14
22.500000,39.00000,0.00000,0.000000,15
22.500000,40.00000,0.00000,0.000000,16
22.500000,41.00000,0.00000,0.000000,17
22.500000,42.00000,0.00000,0.000000,18
22.500000,43.00000,0.00000,0.000000,19
22.500000,44.00000,0.00000,0.000000,20
22.500000,45.00000,0.00000,0.000000,21
22.500000,46.00000,0.00000,0.000000,22
22.500000,47.00000,0.00000,0.000000,23
22.500000,48.00000,0.00000,0.000000,24
22.500000,49.00000,0.00000,0.000000,25
22.500000,50.00000,0.00000,0.033333,26
22.500000,50.99926,0.03332,0.100000,27
22.500000,51.99408,0.13314,0.413534,28
22.500000,52.93037,0.54402,0.484247,29
22.500000,53.82100,1.01251,0.484247,30
22.600000,24.08531,-1.93611,0.444901,0
22.600000,25.00000,-1.50000,0.000000,1
22.600000,26.00000,-1.50000,0.000000,2
22.600000,27.00000,-1.50000,0.000000,3
22.600000,28.00000,-1.50000,0.000000,4
22.600000,29.00000,-1.50000,0.000000,5
22.600000,30.00000,-1.50000,0.000000,6
22.600000,31.00000,-1.50000,0.463648,7
22.600000,32.00000,-1.00000,0.244979,8
22.600000,33.00000,-0.75000,0.244979,9
22.600000,34.00000,-0.50000,0.244979,10
22.600000,35.00000,-0.25000,0.244979,11
22.600000,36.00000,0.00000,0.000000,12
22.600000,37.00000,0.00000,0.000000,13
22.600000,38.00000,0.00000,0.000000,14
22.600000,39.00000,0.00000,0.000000,15
22.600000,40.00000,0.00000,0.000000,16
22.600000,41.00000,0.00000,0.000000,17
22.600000,42.00000,0.00000,0.000000,18
22.600000,43.00000,0.00000,0.000000,19
22.600000,44.00000,0.00000,0.000000,20
22.600000,45.00000,0.00000,0.000000,21
22.600000,46.00000,0.00000,0.000000,22
22.600000,47.00000,0.00000,0.000000,23
22.600000,48.00000,0.00000,0.000000,24
22.600000,49.00000,0.00000,0.000000,25
22.600000,50.00000,0.00000,0.033333,26
22.600000,50.99926,0.03332,0.100000,27
22.600000,51.99408,0.13314,0.413534,28
22.600000,52.93037,0.54402,0.484247,29
22.600000,53.82100,1.01251,0.484247,30
22.700000,24.17691,-2.02917,0.571374,0
22.700000,25.00000,-1.50000,0.000000,1
22.700000,26.00000,-1.50000,0.000000,2
22.700000,27.00000,-1.50000,0.000000,3
22.700000,28.00000,-1.50000,0.000000,4
22.700000,29.00000,-1.50000,0.000000,5
22.700000,30.00000,-1.50000,0.000000,6
22.700000,31.00000,-1.50000,0.463648,7
22.700000,32.00000,-1.00000,0.244979,8
22.700000,33.00000,-0.75000,0.244979,9
22.700000,34.00000,-0.50000,0.244979,10
22.700000,35.00000,-0.25000,0.244979,11
22.700000,36.00000,0.00000,0.000000,12
22.700000,37.00000,0.00000,0.000000,13
22.700000,38.00000,0.00000,0.000000,14
22.700000,39.00000,0.00000,0.000000,15
22.700000,40.00000,0.00000,0.000000,16
22.700000,41.00000,0.00000,0.000000,17
22.700000,42.00000,0.00000,0.000000,18
22.700000,43.00000,0.00000,0.000000,19
22.700000,44.00000,0.00000,0.000000,20
22.700000,45.00000,0.00000,0.000000,21
22.700000,46.00000,0.00000,0.000000,22
22.700000,47.00000,0.00000,0.000000,23
22.700000,48.00000,0.00000,0.000000,24
22.700000,49.00000,0.00000,0.000000,25
22.700000,50.00000,0.00000,0.033333,26
22.700000,50.99926,0.03332,0.100000,27
22.700000,51.99408,0.13314,0.413534,28
22.700000,52.93037,0.54402,0.484247,29
22.700000,53.82100,1.01251,0.484247,30
22.800000,24.26138,-2.11012,0.457694,0
22.800000,25.50000,-1.50000,0.000000,1
22.800000,26.50000,-1.50000,0.000000,2
22.800000,27.50000,-1.50000,0.000000,3
22.800000,28.50000,-1.50000,0.000000,4
22.800000,29.50000,-1.50000,0.000000,5
22.800000,30.50000,-1.50000,0.244979,6
22.800000,31.50000,-1.25000,0.463648,7
22.800000,32.50000,-0.75000,0.244979,8
22.800000,33.50000,-0.50000,0.244979,9
22.800000,34.50000,-0.25000,0.244979,10
22.800000,35.50000,0.00000,0.000000,11
22.800000,36.50000,0.00000,0.000000,12
22.800000,37.50000,0.00000,0.000000,13
22.800000,38.50000,0.00000,0.000000,14
22.800000,39.50000,0.00000,0.000000,15
22.800000,40.50000,0.00000,0.000000,16
22.800000,41.50000,0.00000,0.000000,17
22.800000,42.50000,0.00000,0.000000,18
22.800000,43.50000,0.00000,0.000000,19
22.800000,44.50000,0.00000,0.000000,20
22.800000,45.50000,0.00000,0.000000,21
22.800000,46.50000,0.00000,0.000000,22
22.800000,47.50000,0.00000,0.000000,23
22.800000,48.50000,0.00000,0.000000,24
22.800000,49.50000,0.00000,0.008333,25
22.800000,50.49991,0.00833,0.066667,26
22.800000,51.49750,0.07494,0.380200,27
22.800000,52.44697,0.45439,0.450914,28
22.800000,53.35272,0.89293,0.521759,29
22.800000,54.21116,1.38646,0.521759,30
22.900000,24.36012,-2.19811,0.374565,0
22.900000,25.50000,-1.75000,0.244979,1
22.900000,26.50000,-1.50000,0.000000,2
22.900000,27.50000,-1.50000,0.000000,3
22.900000,28.50000,-1.50000,0.000000,4
22.900000,29.50000,-1.50000,0.000000,5
22.900000,30.50000,-1.50000,0.244979,6
22.900000,31.50000,-1.25000,0.463648,7
22.900000,32.50000,-0.75000,0.244979,8
22.900000,33.50000,-0.50000,0.244979,9
22.900000,34.50000,-0.25000,0.244979,10
22.900000,35.50000,0.00000,0.000000,11
22.900000,36.50000,0.00000,0.000000,12
22.900000,37.50000,0.00000,0.000000,13
22.900000,38.50000,0.00000,0.000000,14
22.900000,39.50000,0.00000,0.000000,15
22.900000,40.50000,0.00000,0.000000,16
22.900000,41.50000,0.00000,0.000000,17
22.900000,42.50000,0.00000,0.000000,18
22.900000,43.50000,0.00000,0.000000,19
22.900000,44.50000,0.00000,0.000000,20
22.900000,45.50000,0.00000,0.000000,21
22.900000,46.50000,0.00000,0.000000,22
22.900000,47.50000,0.00000,0.000000,23
22.900000,48.50000,0.00000,0.000000,24
22.900000,49.50000,0.00000,0.008333,25
22.900000,50.49991,0.00833,0.066667,26
22.900000,51.49750,0.07494,0.380200,27
22.900000,52.44697,0.45439,0.450914,28
22.900000,53.35272,0.89293,0.521759,29
22.900000,54.21116,1.38646,0.521759,30
23.000000,24.42608,-2.24443,0.431465,0
23.000000,25.50000,-1.75000,0.244979,1
23.000000,26.50000,-1.50000,0.000000,2
23.000000,27.50000,-1.50000,0.000000,3
23.000000,28.50000,-1.50000,0.000000,4
23.000000,29.50000,-1.50000,0.000000,5
23.000000,30.50000,-1.50000,0.244979,6
23.000000,31.50000,-1.25000,0.463648,7
23.000000,32.50000,-0.75000,0.244979,8
23.000000,33.50000,-0.50000,0.244979,9
23.000000,34.50000,-0.25000,0.244979,10
23.000000,35.50000,0.00000,0.000000,11
23.000000,36.50000,0.00000,0.000000,12
23.000000,37.50000,0.00000,0.000000,13
23.000000,38.50000,0.00000,0.000000,14
23.000000,39.50000,0.00000,0.000000,15
23.000000,40.50000,0.00000,0.000000,16
23.000000,41.50000,0.00000,0.000000,17
23.000000,42.50000,0.00000,0.000000,18
23.000000,43.50000,0.00000,0.000000,19
23.000000,44.50000,0.00000,0.000000,20
23.000000,45.50000,0.00000,0.000000,21
23.000000,46.50000,0.00000,0.000000,22
23.000000,47.50000,0.00000,0.000000,23
23.000000,48.50000,0.00000,0.000000,24
23.000000,49.50000,0.00000,0.008333,25
23.000000,50.49991,0.00833,0.066667,26
23.000000,51.49750,0.07494,0.380200,27
23.000000,52.44697,0.45439,0.450914,28
23.000000,53.35272,0.89293,0.521759,29
23.000000,54.21116,1.38646,0.521759,30
23.100000,24.51770,-2.32729,0.531322,0
23.100000,25.50000,-1.75000,0.244979,1
23.100000,26.50000,-1.50000,0.000000,2
23.100000,27.50000,-1.50000,0.000000,3
23.100000,28.50000,-1.50000,0.000000,4
23.100000,29.50000,-1.50000,0.000000,5
23.100000,30.50000,-1.50000,0.244979,6
23.100000,31.50000,-1.25000,0.463648,7
23.100000,32.50000,-0.75000,0.244979,8
23.100000,33.50000,-0.50000,0.244979,9
23.100000,34.50000,-0.25000,0.244979,10
23.100000,35.50000,0.00000,0.000000,11
23.100000,36.50000,0.00000,0.000000,12
23.100000,37.50000,0.00000,0.000000,13
23.100000,38.50000,0.00000,0.000000,14
23.100000,39.50000,0.00000,0.000000,15
23.100000,40.50000,0.00000,0.000000,16
23.100000,41.50000,0.00000,0.000000,17
23.100000,42.50000,0.00000,0.000000,18
23.100000,43.50000,0.00000,0.000000,19
23.100000,44.50000,0.00000,0.000000,20
23.100000,45.50000,0.00000,0.000000,21
23.100000,46.50000,0.00000,0.000000,22
23.100000,47.50000,0.00000,0.000000,23
23.100000,48.50000,0.00000,0.000000,24
23.100000,49.50000,0.00000,0.008333,25
23.100000,50.49991,0.00833,0.066667,26
23.100000,51.49750,0.07494,0.133333,27
23.100000,52.48844,0.20785,0.446867,28
23.100000,53.41052,0.64971,0.517580,29
23.100000,54.28504,1.14762,0.517580,30
23.200000,24.57668,-2.40989,0.620523,0
23.200000,25.50000,-1.75000,0.244979,1
23.200000,26.50000,-1.50000,0.000000,2
23.200000,27.50000,-1.50000,0.000000,3
23.200000,28.50000,-1.50000,0.000000,4
23.200000,29.50000,-1.50000,0.000000,5
23.200000,30.50000,-1.50000,0.244979,6
23.200000,31.50000,-1.25000,0.463648,7
23.200000,32.50000,-0.75000,0.244979,8
23.200000,33.50000,-0.50000,0.244979,9
23.200000,34.50000,-0.25000,0.244979,10
23.200000,35.50000,0.00000,0.000000,11
23.200000,36.50000,0.00000,0.000000,12
23.200000,37.50000,0.00000,0.000000,13
23.200000,38.50000,0.00000,0.000000,14
23.200000,39.50000,0.00000,0.000000,15
23.200000,40.50000,0.00000,0.000000,16
23.200000,41.50000,0.00000,0.000000,17
23.200000,42.50000,0.00000,0.000000,18
23.200000,43.50000,0.00000,0.000000,19
23.200000,44.50000,0.00000,0.000000,20
23.200000,45.50000,0.00000,0.000000,21
23.200000,46.50000,0.00000,0.000000,22
23.200000,47.50000,0.00000,0.000000,23
23.200000,48.50000,0.00000,0.000000,24
23.200000,49.50000,0.00000,0.008333,25
23.200000,50.49991,0.00833,0.066667,26
23.200000,51.49750,0.07494,0.133333,27
23.200000,52.48844,0.20785,0.446867,28
23.200000,53.41052,0.64971,0.517580,29
23.200000,54.28504,1.14762,0.517580,30
23.300000,24.63360,-2.42451,0.661510,0
23.300000,25.50000,-1.75000,0.244979,1
23.300000,26.50000,-1.50000,0.000000,2
23.300000,27.50000,-1.50000,0.000000,3
23.300000,28.50000,-1.50000,0.000000,4
23.300000,29.50000,-1.50000,0.000000,5
23.300000,30.50000,-1.50000,0.244979,6
23.300000,31.50000,-1.25000,0.463648,7
23.300000,32.50000,-0.75000,0.244979,8
23.300000,33.50000,-0.50000,0.244979,9
23.300000,34.50000,-0.25000,0.244979,10
23.300000,35.50000,0.00000,0.000000,11
23.300000,36.50000,0.00000,0.000000,12
23.300000,37.50000,0.00000,0.000000,13
23.300000,38.50000,0.00000,0.000000,14
23.300000,39.50000,0.00000,0.000000,15
23.300000,40.50000,0.00000,0.000000,16
23.300000,41.50000,0.00000,0.000000,17
23.300000,42.50000,0.00000,0.000000,18
23.300000,43.50000,0.00000,0.000000,19
23.300000,44.50000,0.00000,0.000000,20
23.300000,45.50000,0.00000,0.000000,21
23.300000,46.50000,0.00000,0.000000,22
23.300000,47.50000,0.00000,0.000000,23
23.300000,48.50000,0.00000,0.000000,24
23.300000,49.50000,0.00000,0.008333,25
23.300000,50.49991,0.00833,0.066667,26
23.300000,51.49750,0.07494,0.133333,27
23.300000,52.48844,0.20785,0.446867,28
23.300000,53.41052,0.64971,0.517580,29
23.300000,54.28504,1.14762,0.517580,30
23.400000,24.69380,-2.49581,0.746505,0
23.400000,25.50000,-1.75000,0.244979,1
23.400000,26.50000,-1.50000,0.000000,2
23.400000,27.50000,-1.50000,0.000000,3
23.400000,28.50000,-1.50000,0.000000,4
23.400000,29.50000,-1.50000,0.000000,5
23.400000,30.50000,-1.50000,0.244979,6
23.400000,31.50000,-1.25000,0.463648,7
23.400000,32.50000,-0.75000,0.244979,8
23.400000,33.50000,-0.50000,0.244979,9
23.400000,34.50000,-0.25000,0.244979,10
23.400000,35.50000,0.00000,0.000000,11
23.400000,36.50000,0.00000,0.000000,12
23.400000,37.50000,0.00000,0.000000,13
23.400000,38.50000,0.00000,0.000000,14
23.400000,39.50000,0.00000,0.000000,15
23.400000,40.50000,0.00000,0.000000,16
23.400000,41.50000,0.00000,0.000000,17
23.400000,42.50000,0.00000,0.000000,18
23.400000,43.50000,0.00000,0.000000,19
23.400000,44.50000,0.00000,0.000000,20
23.400000,45.50000,0.00000,0.000000,21
23.400000,46.50000,0.00000,0.000000,22
23.400000,47.50000,0.00000,0.000000,23
23.400000,48.50000,0.00000,0.000000,24
23.400000,49.50000,0.00000,0.008333,25
23.400000,50.49991,0.00833,0.066667,26
23.400000,51.49750,0.07494,0.133333,27
23.400000,52.48844,0.20785,0.446867,28
23.400000,53.41052,0.64971,0.517580,29
23.400000,54.28504,1.14762,0.517580,30
23.500000,24.77494,-2.50277,0.550994,0
23.500000,26.00000,-1.75000,0.244979,1
23.500000,27.00000,-1.50000,0.000000,2
23.500000,28.00000,-1.50000,0.000000,3
23.500000,29.00000,-1.50000,0.000000,4
23.500000,30.00000,-1.50000,0.000000,5
23.500000,31.00000,-1.50000,0.463648,6
23.500000,32.00000,-1.00000,0.244979,7
23.500000,33.00000,-0.75000,0.244979,8
23.500000,34.00000,-0.50000,0.244979,9
23.500000,35.00000,-0.25000,0.244979,10
23.500000,36.00000,0.00000,0.000000,11
23.500000,37.00000,0.00000,0.000000,12
23.500000,38.00000,0.00000,0.000000,13
23.500000,39.00000,0.00000,0.000000,14
23.500000,40.00000,0.00000,0.000000,15
23.500000,41.00000,0.00000,0.000000,16
23.500000,42.00000,0.00000,0.000000,17
23.500000,43.00000,0.00000,0.000000,18
23.500000,44.00000,0.00000,0.000000,19
23.500000,45.00000,0.00000,0.000000,20
23.500000,46.00000,0.00000,0.000000,21
23.500000,47.00000,0.00000,0.000000,22
23.500000,48.00000,0.00000,0.000000,23
23.500000,49.00000,0.00000,0.000000,24
23.500000,50.00000,0.00000,0.033333,25
23.500000,50.99926,0.03332,0.100000,26
23.500000,51.99408,0.13314,0.413534,27
23.500000,52.93037,0.54402,0.484247,28
23.500000,53.82100,1.01251,0.555092,29
23.500000,54.66252,1.53436,0.555092,30
23.600000,24.81233,-2.51120,0.569966,0
23.600000,26.00000,-1.75000,0.244979,1
23.600000,27.00000,-1.50000,0.000000,2
23.600000,28.00000,-1.50000,0.000000,3
23.600000,29.00000,-1.50000,0.000000,4
23.600000,30.00000,-1.50000,0.000000,5
23.600000,31.00000,-1.50000,0.463648,6
23.600000,32.00000,-1.00000,0.244979,7
23.600000,33.00000,-0.75000,0.244979,8
23.600000,34.00000,-0.50000,0.244979,9
23.600000,35.00000,-0.25000,0.244979,10
23.600000,36.00000,0.00000,0.000000,11
23.600000,37.00000,0.00000,0.000000,12
23.600000,38.00000,0.00000,0.000000,13
23.600000,39.00000,0.00000,0.000000,14
23.600000,40.00000,0.00000,0.000000,15
23.600000,41.00000,0.00000,0.000000,16
23.600000,42.00000,0.00000,0.000000,17
23.600000,43.00000,0.00000,0.000000,18
23.600000,44.00000,0.00000,0.000000,19
23.600000,45.00000,0.00000,0.000000,20
23.600000,46.00000,0.00000,0.000000,21
23.600000,47.00000,0.00000,0.000000,22
23.600000,48.00000,0.00000,0.000000,23
23.600000,49.00000,0.00000,0.000000,24
23.600000,50.00000,0.00000,0.033333,25
23.600000,50.99926,0.03332,0.100000,26
23.600000,51.99408,0.13314,0.166667,27
23.600000,52.98004,0.29900,0.480200,28
23.600000,53.88688,0.77134,0.550914,29
23.600000,54.74432,1.29812,0.550914,30
23.700000,24.83796,-2.56833,0.613549,0
23.700000,26.00000,-1.75000,0.244979,1
23.700000,27.00000,-1.50000,0.000000,2
23.700000,28.00000,-1.50000,0.000000,3
23.700000,29.00000,-1.50000,0.000000,4
23.700000,30.00000,-1.50000,0.000000,5
23.700000,31.00000,-1.50000,0.463648,6
23.700000,32.00000,-1.00000,0.244979,7
23.700000,33.00000,-0.75000,0.244979,8
23.700000,34.00000,-0.50000,0.244979,9
23.700000,35.00000,-0.25000,0.244979,10
23.700000,36.00000,0.00000,0.000000,11
23.700000,37.00000,0.00000,0.000000,12
23.700000,38.00000,0.00000,0.000000,13
23.700000,39.00000,0.00000,0.000000,14
23.700000,40.00000,0.00000,0.000000,15
23.700000,41.00000,0.00000,0.000000,16
23.700000,42.00000,0.00000,0.000000,17
23.700000,43.00000,0.00000,0.000000,18
23.700000,44.00000,0.00000,0.000000,19
23.700000,45.00000,0.00000,0.000000,20
23.700000,46.00000,0.00000,0.000000,21
23.700000,47.00000,0.00000,0.000000,22
23.700000,48.00000,0.00000,0.000000,23
23.700000,49.00000,0.00000,0.000000,24
23.700000,50.00000,0.00000,0.033333,25
23.700000,50.99926,0.03332,0.100000,26
23.700000,51.99408,0.13314,0.166667,27
23.700000,52.98004,0.29900,0.480200,28
23.700000,53.88688,0.77134,0.550914,29
23.700000,54.74432,1.29812,0.550914,30
23.800000,24.89643,-2.58816,0.649555,0
23.800000,26.00000,-1.75000,0.244979,1
23.800000,27.00000,-1.50000,0.000000,2
23.800000,28.00000,-1.50000,0.000000,3
23.800000,29.00000,-1.50000,0.000000,4
23.800000,30.00000,-1.50000,0.000000,5
23.800000,31.00000,-1.50000,0.463648,6
23.800000,32.00000,-1.00000,0.244979,7
23.800000,33.00000,-0.75000,0.244979,8
23.800000,34.00000,-0.50000,0.244979,9
23.800000,35.00000,-0.25000,0.244979,10
23.800000,36.00000,0.00000,0.000000,11
23.800000,37.00000,0.00000,0.000000,12
23.800000,38.00000,0.00000,0.000000,13
23.800000,39.00000,0.00000,0.000000,14
23.800000,40.00000,0.00000,0.000000,15
23.800000,41.00000,0.00000,0.000000,16
23.800000,42.00000,0.00000,0.000000,17
23.800000,43.00000,0.00000,0.000000,18
23.800000,44.00000,0.00000,0.000000,19
23.800000,45.00000,0.00000,0.000000,20
23.800000,46.00000,0.00000,0.000000,21
23.800000,47.00000,0.00000,0.000000,22
23.800000,48.00000,0.00000,0.000000,23
23.800000,49.00000,0.00000,0.000000,24
23.800000,50.00000,0.00000,0.033333,25
23.800000,50.99926,0.03332,0.100000,26
23.800000,51.99408,0.13314,0.166667,27
23.800000,52.98004,0.29900,0.233333,28
23.800000,53.95276,0.53018,0.546867,29
23.800000,54.82612,1.06189,0.546867,30
23.900000,24.92298,-2.57788,0.655347,0
23.900000,26.00000,-1.75000,0.244979,1
23.900000,27.00000,-1.50000,0.000000,2
23.900000,28.00000,-1.50000,0.000000,3
23.900000,29.00000,-1.50000,0.000000,4
23.900000,30.00000,-1.50000,0.000000,5
23.900000,31.00000,-1.50000,0.463648,6
23.900000,32.00000,-1.00000,0.244979,7
23.900000,33.00000,-0.75000,0.244979,8
23.900000,34.00000,-0.50000,0.244979,9
23.900000,35.00000,-0.25000,0.244979,10
23.900000,36.00000,0.00000,0.000000,11
23.900000,37.00000,0.00000,0.000000,12
23.900000,38.00000,0.00000,0.000000,13
23.900000,39.00000,0.00000,0.000000,14
23.900000,40.00000,0.00000,0.000000,15
23.900000,41.00000,0.00000,0.000000,16
23.900000,42.00000,0.00000,0.000000,17
23.900000,43.00000,0.00000,0.000000,18
23.900000,44.00000,0.00000,0.000000,19
23.900000,45.00000,0.00000,0.000000,20
23.900000,46.00000,0.00000,0.000000,21
23.900000,47.00000,0.00000,0.000000,22
23.900000,48.00000,0.00000,0.000000,23
23.900000,49.00000,0.00000,0.000000,24
23.900000,50.00000,0.00000,0.033333,25
23.900000,50.99926,0.03332,0.100000,26
23.900000,51.99408,0.13314,0.166667,27
23.900000,52.98004,0.29900,0.233333,28
23.900000,53.95276,0.53018,0.300000,29
23.900000,54.90792,0.82565,0.300000,30
24.000000,24.93779,-2.57678,0.661406,0
24.000000,26.00000,-1.75000,0.244979,1
24.000000,27.00000,-1.50000,0.000000,2
24.000000,28.00000,-1.50000,0.000000,3
24.000000,29.00000,-1.50000,0.000000,4
24.000000,30.00000,-1.50000,0.000000,5
24.000000,31.00000,-1.50000,0.463648,6
24.000000,32.00000,-1.00000,0.244979,7
24.000000,33.00000,-0.75000,0.244979,8
24.000000,34.00000,-0.50000,0.244979,9
24.000000,35.00000,-0.25000,0.244979,10
24.000000,36.00000,0.00000,0.000000,11
24.000000,37.00000,0.00000,0.000000,12
24.000000,38.00000,0.00000,0.000000,13
24.000000,39.00000,0.00000,0.000000,14
24.000000,40.00000,0.00000,0.000000,15
24.000000,41.00000,0.00000,0.000000,16
24.000000,42.00000,0.00000,0.000000,17
24.000000,43.00000,0.00000,0.000000,18
24.000000,44.00000,0.00000,0.000000,19
24.000000,45.00000,0.00000,0.000000,20
24.000000,46.00000,0.00000,0.000000,21
24.000000,47.00000,0.00000,0.000000,22
24.000000,48.00000,0.00000,0.000000,23
24.000000,49.00000,0.00000,0.000000,24
24.000000,50.00000,0.00000,0.033333,25
24.000000,50.99926,0.03332,0.100000,26
24.000000,51.99408,0.13314,0.166667,27
24.000000,52.98004,0.29900,0.233333,28
24.000000,53.95276,0.53018,0.300000,29
24.000000,54.90792,0.82565,0.300000,30
24.104000,24.98842,-2.60289,0.700493,0
24.104000,26.00000,-1.75000,0.244979,1
24.104000,27.00000,-1.50000,0.000000,2
24.104000,28.00000,-1.50000,0.000000,3
24.104000,29.00000,-1.50000,0.000000,4
24.104000,30.00000,-1.50000,0.000000,5
24.104000,31.00000,-1.50000,0.463648,6
24.104000,32.00000,-1.00000,0.244979,7
24.104000,33.00000,-0.75000,0.244979,8
24.104000,34.00000,-0.50000,0.244979,9
24.104000,35.00000,-0.25000,0.244979,10
24.104000,36.00000,0.00000,0.000000,11
24.104000,37.00000,0.00000,0.000000,12
24.104000,38.00000,0.00000,0.000000,13
24.104000,39.00000,0.00000,0.000000,14
24.104000,40.00000,0.00000,0.000000,15
24.104000,41.00000,0.00000,0.000000,16
24.104000,42.00000,0.00000,0.000000,17
24.104000,43.00000,0.00000,0.000000,18
24.104000,44.00000,0.00000,0.000000,19
24.104000,45.00000,0.00000,0.000000,20
24.104000,46.00000,0.00000,0.000000,21
24.104000,47.00000,0.00000,0.000000,22
24.104000,48.00000,0.00000,0.000000,23
24.104000,49.00000,0.00000,0.000000,24
24.104000,50.00000,0.00000,0.033333,25
24.104000,50.99926,0.03332,0.100000,26
24.104000,51.99408,0.13314,0.166667,27
24.104000,52.98004,0.29900,0.233333,28
24.104000,53.95276,0.53018,0.300000,29
24.104000,54.90792,0.82565,0.300000,30
24.200000,25.02803,-2.66497,0.600008,0
24.200000,26.00000,-2.00000,0.244979,1
24.200000,27.00000,-1.75000,0.244979,2
24.200000,28.00000,-1.50000,0.000000,3
24.200000,29.00000,-1.50000,0.000000,4
24.200000,30.00000,-1.50000,0.000000,5
24.200000,31.00000,-1.50000,0.463648,6
24.200000,32.00000,-1.00000,0.244979,7
24.200000,33.00000,-0.75000,0.244979,8
24.200000,34.00000,-0.50000,0.244979,9
24.200000,35.00000,-0.25000,0.244979,10
24.200000,36.00000,0.00000,0.000000,11
24.200000,37.00000,0.00000,0.000000,12
24.200000,38.00000,0.00000,0.000000,13
24.200000,39.00000,0.00000,0.000000,14
24.200000,40.00000,0.00000,0.000000,15
24.200000,41.00000,0.00000,0.000000,16
24.200000,42.00000,0.00000,0.000000,17
24.200000,43.00000,0.00000,0.000000,18
24.200000,44.00000,0.00000,0.000000,19
24.200000,45.00000,0.00000,0.000000,20
24.200000,46.00000,0.00000,0.000000,21
24.200000,47.00000,0.00000,0.000000,22
24.200000,48.00000,0.00000,0.000000,23
24.200000,49.00000,0.00000,0.000000,24
24.200000,50.00000,0.00000,0.033333,25
24.200000,50.99926,0.03332,0.100000,26
24.200000,51.99408,0.13314,0.166667,27
24.200000,52.98004,0.29900,0.233333,28
24.200000,53.95276,0.53018,0.300000,29
24.200000,54.90792,0.82565,0.300000,30
24.300000,25.04406,-2.66993,0.611265,0
24.300000,26.00000,-2.00000,0.244979,1
24.300000,27.00000,-1.75000,0.244979,2
24.300000,28.00000,-1.50000,0.000000,3
24.300000,29.00000,-1.50000,0.000000,4
24.300000,30.00000,-1.50000,0.000000,5
24.300000,31.00000,-1.50000,0.463648,6
24.300000,32.00000,-1.00000,0.244979,7
24.300000,33.00000,-0.75000,0.244979,8
24.300000,34.00000,-0.50000,0.244979,9
24.300000,35.00000,-0.25000,0.244979,10
24.300000,36.00000,0.00000,0.000000,11
24.300000,37.00000,0.00000,0.000000,12
24.300000,38.00000,0.00000,0.000000,13
24.300000,39.00000,0.00000,0.000000,14
24.300000,40.00000,0.00000,0.000000,15
24.300000,41.00000,0.00000,0.000000,16
24.300000,42.00000,0.00000,0.000000,17
24.300000,43.00000,0.00000,0.000000,18
24.300000,44.00000,0.00000,0.000000,19
24.300000,45.00000,0.00000,0.000000,20
24.300000,46.00000,0.00000,0.000000,21
24.300000,47.00000,0.00000,0.000000,22
24.300000,48.00000,0.00000,0.000000,23
24.300000,49.00000,0.00000,0.000000,24
24.300000,50.00000,0.00000,0.033333,25
24.300000,50.99926,0.03332,0.100000,26
24.300000,51.99408,0.13314,0.166667,27
24.300000,52.98004,0.29900,0.233333,28
24.300000,53.95276,0.53018,0.300000,29
24.300000,54.90792,0.82565,0.300000,30
24.402000,25.07383,-2.64428,0.767880,0
24.402000,26.00000,-1.75000,0.244979,1
24.402000,27.00000,-1.50000,0.000000,2
24.402000,28.00000,-1.50000,0.000000,3
24.402000,29.00000,-1.50000,0.000000,4
24.402000,30.00000,-1.50000,0.000000,5
24.402000,31.00000,-1.50000,0.463648,6
24.402000,32.00000,-1.00000,0.244979,7
24.402000,33.00000,-0.75000,0.244979,8
24.402000,34.00000,-0.50000,0.244979,9
24.402000,35.00000,-0.25000,0.244979,10
24.402000,36.00000,0.00000,0.000000,11
24.402000,37.00000,0.00000,0.000000,12
24.402000,38.00000,0.00000,0.000000,13
24.402000,39.00000,0.00000,0.000000,14
24.402000,40.00000,0.00000,0.000000,15
24.402000,41.00000,0.00000,0.000000,16
24.402000,42.00000,0.00000,0.000000,17
24.402000,43.00000,0.00000,0.000000,18
24.402000,44.00000,0.00000,0.000000,19
24.402000,45.00000,0.00000,0.000000,20
24.402000,46.00000,0.00000,0.000000,21
24.402000,47.00000,0.00000,0.000000,22
24.402000,48.00000,0.00000,0.000000,23
24.402000,49.00000,0.00000,0.000000,24
24.402000,50.00000,0.00000,0.033333,25
24.402000,50.99926,0.03332,0.100000,26
24.402000,51.99408,0.13314,0.166667,27
24.402000,52.98004,0.29900,0.233333,28
24.402000,53.95276,0.53018,0.300000,29
24.402000,54.90792,0.82565,0.300000,30
24.500000,25.10227,-2.67732,0.646365,0
24.500000,26.00000,-2.00000,0.244979,1
24.500000,27.00000,-1.75000,0.244979,2
24.500000,28.00000,-1.50000,0.000000,3
24.500000,29.00000,-1.50000,0.000000,4
24.500000,30.00000,-1.50000,0.000000,5
24.500000,31.00000,-1.50000,0.463648,6
24.500000,32.00000,-1.00000,0.244979,7
24.500000,33.00000,-0.75000,0.244979,8
24.500000,34.00000,-0.50000,0.244979,9
24.500000,35.00000,-0.25000,0.244979,10
24.500000,36.00000,0.00000,0.000000,11
24.500000,37.00000,0.00000,0.000000,12
24.500000,38.00000,0.00000,0.000000,13
24.500000,39.00000,0.00000,0.000000,14
24.500000,40.00000,0.00000,0.000000,15
24.500000,41.00000,0.00000,0.000000,16
24.500000,42.00000,0.00000,0.000000,17
24.500000,43.00000,0.00000,0.000000,18
24.500000,44.00000,0.00000,0.000000,19
24.500000,45.00000,0.00000,0.000000,20
24.500000,46.00000,0.00000,0.000000,21
24.500000,47.00000,0.00000,0.000000,22
24.500000,48.00000,0.00000,0.000000,23
24.500000,49.00000,0.00000,0.000000,24
24.500000,50.00000,0.00000,0.033333,25
24.500000,50.99926,0.03332,0.100000,26
24.500000,51.99408,0.13314,0.166667,27
24.500000,52.98004,0.29900,0.233333,28
24.500000,53.95276,0.53018,0.300000,29
24.500000,54.90792,0.82565,0.300000,30
24.600000,25.17262,-2.69682,0.699948,0
24.600000,26.00000,-2.00000,0.244979,1
24.600000,27.00000,-1.75000,0.244979,2
24.600000,28.00000,-1.50000,0.000000,3
24.600000,29.00000,-1.50000,0.000000,4
24.600000,30.00000,-1.50000,0.000000,5
24.600000,31.00000,-1.50000,0.463648,6
24.600000,32.00000,-1.00000,0.244979,7
24.600000,33.00000,-0.75000,0.244979,8
24.600000,34.00000,-0.50000,0.244979,9
24.600000,35.00000,-0.25000,0.244979,10
24.600000,36.00000,0.00000,0.000000,11
24.600000,37.00000,0.00000,0.000000,12
24.600000,38.00000,0.00000,0.000000,13
24.600000,39.00000,0.00000,0.000000,14
24.600000,40.00000,0.00000,0.000000,15
24.600000,41.00000,0.00000,0.000000,16
24.600000,42.00000,0.00000,0.000000,17
24.600000,43.00000,0.00000,0.000000,18
24.600000,44.00000,0.00000,0.000000,19
24.600000,45.00000,0.00000,0.000000,20
24.600000,46.00000,0.00000,0.000000,21
24.600000,47.00000,0.00000,0.000000,22
24.600000,48.00000,0.00000,0.000000,23
24.600000,49.00000,0.00000,0.000000,24
24.600000,50.00000,0.00000,0.033333,25
24.600000,50.99926,0.03332,0.100000,26
24.600000,51.99408,0.13314,0.166667,27
24.600000,52.98004,0.29900,0.233333,28
24.600000,53.95276,0.53018,0.300000,29
24.600000,54.90792,0.82565,0.300000,30
24.700000,25.24173,-2.70107,0.746219,0
24.700000,26.00000,-2.00000,0.244979,1
24.700000,27.00000,-1.75000,0.244979,2
24.700000,28.00000,-1.50000,0.000000,3
24.700000,29.00000,-1.50000,0.000000,4
24.700000,30.00000,-1.50000,0.000000,5
24.700000,31.00000,-1.50000,0.463648,6
24.700000,32.00000,-1.00000,0.244979,7
24.700000,33.00000,-0.75000,0.244979,8
24.700000,34.00000,-0.50000,0.244979,9
24.700000,35.00000,-0.25000,0.244979,10
24.700000,36.00000,0.00000,0.000000,11
24.700000,37.00000,0.00000,0.000000,12
24.700000,38.00000,0.00000,0.000000,13
24.700000,39.00000,0.00000,0.000000,14
24.700000,40.00000,0.00000,0.000000,15
24.700000,41.00000,0.00000,0.000000,16
24.700000,42.00000,0.00000,0.000000,17
24.700000,43.00000,0.00000,0.000000,18
24.700000,44.00000,0.00000,0.000000,19
24.700000,45.00000,0.00000,0.000000,20
24.700000,46.00000,0.00000,0.000000,21
24.700000,47.00000,0.00000,0.000000,22
24.700000,48.00000,0.00000,0.000000,23
24.700000,49.00000,0.00000,0.000000,24
24.700000,50.00000,0.00000,0.033333,25
24.700000,50.99926,0.03332,0.100000,26
24.700000,51.99408,0.13314,0.166667,27
24.700000,52.98004,0.29900,0.233333,28
24.700000,53.95276,0.53018,0.300000,29
24.700000,54.90792,0.82565,0.300000,30
24.800000,25.31458,-2.72546,0.549189,0
24.800000,26.50000,-2.00000,0.244979,1
24.800000,27.50000,-1.75000,0.244979,2
24.800000,28.50000,-1.50000,0.000000,3
24.800000,29.50000,-1.50000,0.000000,4
24.800000,30.50000,-1.50000,0.244979,5
24.800000,31.50000,-1.25000,0.463648,6
24.800000,32.50000,-0.75000,0.244979,7
24.800000,33.50000,-0.50000,0.244979,8
24.800000,34.50000,-0.25000,0.244979,9
24.800000,35.50000,0.00000,0.000000,10
24.800000,36.50000,0.00000,0.000000,11
24.800000,37.50000,0.00000,0.000000,12
24.800000,38.50000,0.00000,0.000000,13
24.800000,39.50000,0.00000,0.000000,14
24.800000,40.50000,0.00000,0.000000,15
24.800000,41.50000,0.00000,0.000000,16
24.800000,42.50000,0.00000,0.000000,17
24.800000,43.50000,0.00000,0.000000,18
24.800000,44.50000,0.00000,0.000000,19
24.800000,45.50000,0.00000,0.000000,20
24.800000,46.50000,0.00000,0.000000,21
24.800000,47.50000,0.00000,0.000000,22
24.800000,48.50000,0.00000,0.000000,23
24.800000,49.50000,0.00000,0.008333,24
24.800000,50.49991,0.00833,0.066667,25
24.800000,51.49750,0.07494,0.133333,26
24.800000,52.48844,0.20785,0.200000,27
24.800000,53.46833,0.40648,0.266667,28
24.800000,54.43280,0.66995,0.333333,29
24.800000,55.37759,0.99709,0.333333,30
24.900000,25.42415,-2.77970,0.627131,0
24.900000,26.50000,-2.00000,0.244979,1
24.900000,27.50000,-1.75000,0.244979,2
24.900000,28.50000,-1.50000,0.000000,3
24.900000,29.50000,-1.50000,0.000000,4
24.900000,30.50000,-1.50000,0.244979,5
24.900000,31.50000,-1.25000,0.463648,6
24.900000,32.50000,-0.75000,0.244979,7
24.900000,33.50000,-0.50000,0.244979,8
24.900000,34.50000,-0.25000,0.244979,9
24.900000,35.50000,0.00000,0.000000,10
24.900000,36.50000,0.00000,0.000000,11
24.900000,37.50000,0.00000,0.000000,12
24.900000,38.50000,0.00000,0.000000,13
24.900000,39.50000,0.00000,0.000000,14
24.900000,40.50000,0.00000,0.000000,15
24.900000,41.50000,0.00000,0.000000,16
24.900000,42.50000,0.00000,0.000000,17
24.900000,43.50000,0.00000,0.000000,18
24.900000,44.50000,0.00000,0.000000,19
24.900000,45.50000,0.00000,0.000000,20
24.900000,46.50000,0.00000,0.000000,21
24.900000,47.50000,0.00000,0.000000,22
24.900000,48.50000,0.00000,0.000000,23
24.900000,49.50000,0.00000,0.008333,24
24.900000,50.49991,0.00833,0.066667,25
24.900000,51.49750,0.07494,0.133333,26
24.900000,52.48844,0.20785,0.200000,27
24.900000,53.46833,0.40648,0.266667,28
24.900000,54.43280,0.66995,0.333333,29
24.900000,55.37759,0.99709,0.333333,30
25.000000,25.44812,-2.79837,0.649231,0
25.000000,26.50000,-2.00000,0.244979,1
25.000000,27.50000,-1.75000,0.244979,2
25.000000,28.50000,-1.50000,0.000000,3
25.000000,29.50000,-1.50000,0.000000,4
25.000000,30.50000,-1.50000,0.244979,5
25.000000,31.50000,-1.25000,0.463648,6
25.000000,32.50000,-0.75000,0.244979,7
25.000000,33.50000,-0.50000,0.244979,8
25.000000,34.50000,-0.25000,0.244979,9
25.000000,35.50000,0.00000,0.000000,10
25.000000,36.50000,0.00000,0.000000,11
25.000000,37.50000,0.00000,0.000000,12
25.000000,38.50000,0.00000,0.000000,13
25.000000,39.50000,0.00000,0.000000,14
25.000000,40.50000,0.00000,0.000000,15
25.000000,41.50000,0.00000,0.000000,16
25.000000,42.50000,0.00000,0.000000,17
25.000000,43.50000,0.00000,0.000000,18
25.000000,44.50000,0.00000,0.000000,19
25.000000,45.50000,0.00000,0.000000,20
25.000000,46.50000,0.00000,0.000000,21
25.000000,47.50000,0.00000,0.000000,22
25.000000,48.50000,0.00000,0.000000,23
25.000000,49.50000,0.00000,0.008333,24
25.000000,50.49991,0.00833,0.066667,25
25.000000,51.49750,0.07494,0.133333,26
25.000000,52.48844,0.20785,0.200000,27
25.000000,53.46833,0.40648,0.266667,28
25.000000,54.43280,0.66995,0.333333,29
25.000000,55.37759,0.99709,0.333333,30
25.100000,25.58273,-2.85819,0.752133,0
25.100000,26.50000,-2.00000,0.244979,1
25.100000,27.50000,-1.75000,0.244979,2
25.100000,28.50000,-1.50000,0.000000,3
25.100000,29.50000,-1.50000,0.000000,4
25.100000,30.50000,-1.50000,0.244979,5
25.100000,31.50000,-1.25000,0.463648,6
25.100000,32.50000,-0.75000,0.244979,7
25.100000,33.50000,-0.50000,0.244979,8
25.100000,34.50000,-0.25000,0.244979,9
25.100000,35.50000,0.00000,0.000000,10
25.100000,36.50000,0.00000,0.000000,11
25.100000,37.50000,0.00000,0.000000,12
25.100000,38.50000,0.00000,0.000000,13
25.100000,39.50000,0.00000,0.000000,14
25.100000,40.50000,0.00000,0.000000,15
25.100000,41.50000,0.00000,0.000000,16
25.100000,42.50000,0.00000,0.000000,17
25.100000,43.50000,0.00000,0.000000,18
25.100000,44.50000,0.00000,0.000000,19
25.100000,45.50000,0.00000,0.000000,20
25.100000,46.50000,0.00000,0.000000,21
25.100000,47.50000,0.00000,0.000000,22
25.100000,48.50000,0.00000,0.000000,23
25.100000,49.50000,0.00000,0.008333,24
25.100000,50.49991,0.00833,0.066667,25
25.100000,51.49750,0.07494,0.133333,26
25.100000,52.48844,0.20785,0.200000,27
25.100000,53.46833,0.40648,0.266667,28
25.100000,54.43280,0.66995,0.333333,29
25.100000,55.37759,0.99709,0.333333,30
25.200000,25.67666,-2.89448,0.826789,0
25.200000,26.50000,-2.00000,0.244979,1
25.200000,27.50000,-1.75000,0.244979,2
25.200000,28.50000,-1.50000,0.000000,3
25.200000,29.50000,-1.50000,0.000000,4
25.200000,30.50000,-1.50000,0.244979,5
25.200000,31.50000,-1.25000,0.463648,6
25.200000,32.50000,-0.75000,0.244979,7
25.200000,33.50000,-0.50000,0.244979,8
25.200000,34.50000,-0.25000,0.244979,9
25.200000,35.50000,0.00000,0.000000,10
25.200000,36.50000,0.00000,0.000000,11
25.200000,37.50000,0.00000,0.000000,12
25.200000,38.50000,0.00000,0.000000,13
25.200000,39.50000,0.00000,0.000000,14
25.200000,40.50000,0.00000,0.000000,15
25.200000,41.50000,0.00000,0.000000,16
25.200000,42.50000,0.00000,0.000000,17
25.200000,43.50000,0.00000,0.000000,18
25.200000,44.50000,0.00000,0.000000,19
25.200000,45.50000,0.00000,0.000000,20
25.200000,46.50000,0.00000,0.000000,21
25.200000,47.50000,0.00000,0.000000,22
25.200000,48.50000,0.00000,0.000000,23
25.200000,49.50000,0.00000,0.008333,24
25.200000,50.49991,0.00833,0.066667,25
25.200000,51.49750,0.07494,0.133333,26
25.200000,52.48844,0.20785,0.200000,27
25.200000,53.46833,0.40648,0.266667,28
25.200000,54.43280,0.66995,0.333333,29
25.200000,55.37759,0.99709,0.333333,30
25.300000,25.84429,-2.94835,0.543544,0
25.300000,27.00000,-2.25000,0.463648,1
25.300000,28.00000,-1.75000,0.244979,2
25.300000,29.00000,-1.50000,0.000000,3
25.300000,30.00000,-1.50000,0.000000,4
25.300000,31.00000,-1.50000,0.463648,5
25.300000,32.00000,-1.00000,0.244979,6
25.300000,33.00000,-0.75000,0.244979,7
25.300000,34.00000,-0.50000,0.244979,8
25.300000,35.00000,-0.25000,0.244979,9
25.300000,36.00000,0.00000,0.000000,10
25.300000,37.00000,0.00000,0.000000,11
25.300000,38.00000,0.00000,0.000000,12
25.300000,39.00000,0.00000,0.000000,13
25.300000,40.00000,0.00000,0.000000,14
25.300000,41.00000,0.00000,0.000000,15
25.300000,42.00000,0.00000,0.000000,16
25.300000,43.00000,0.00000,0.000000,17
25.300000,44.00000,0.00000,0.000000,18
25.300000,45.00000,0.00000,0.000000,19
25.300000,46.00000,0.00000,0.000000,20
25.300000,47.00000,0.00000,0.000000,21
25.300000,48.00000,0.00000,0.000000,22
25.300000,49.00000,0.00000,0.000000,23
25.300000,50.00000,0.00000,0.033333,24
25.300000,50.99926,0.03332,0.100000,25
25.300000,51.99408,0.13314,0.166667,26
25.300000,52.98004,0.29900,0.233333,27
25.300000,53.95276,0.53018,0.300000,28
25.300000,54.90792,0.82565,0.366667,29
25.300000,55.84128,1.18409,0.366667,30
25.400000,25.89928,-2.97416,0.581911,0
25.400000,27.00000,-2.25000,0.463648,1
25.400000,28.00000,-1.75000,0.244979,2
25.400000,29.00000,-1.50000,0.000000,3
25.400000,30.00000,-1.50000,0.000000,4
25.400000,31.00000,-1.50000,0.463648,5
25.400000,32.00000,-1.00000,0.244979,6
25.400000,33.00000,-0.75000,0.244979,7
25.400000,34.00000,-0.50000,0.244979,8
25.400000,35.00000,-0.25000,0.244979,9
25.400000,36.00000,0.00000,0.000000,10
25.400000,37.00000,0.00000,0.000000,11
25.400000,38.00000,0.00000,0.000000,12
25.400000,39.00000,0.00000,0.000000,13
25.400000,40.00000,0.00000,0.000000,14
25.400000,41.00000,0.00000,0.000000,15
25.400000,42.00000,0.00000,0.000000,16
25.400000,43.00000,0.00000,0.000000,17
25.400000,44.00000,0.00000,0.000000,18
25.400000,45.00000,0.00000,0.000000,19
25.400000,46.00000,0.00000,0.000000,20
25.400000,47.00000,0.00000,0.000000,21
25.400000,48.00000,0.00000,0.000000,22
25.400000,49.00000,0.00000,0.000000,23
25.400000,50.00000,0.00000,0.033333,24
25.400000,50.99926,0.03332,0.100000,25
25.400000,51.99408,0.13314,0.166667,26
25.400000,52.98004,0.29900,0.233333,27
25.400000,53.95276,0.53018,0.300000,28
25.400000,54.90792,0.82565,0.366667,29
25.400000,55.84128,1.18409,0.366667,30
25.500000,25.99483,-3.00944,0.647031,0
25.500000,27.00000,-2.25000,0.463648,1
25.500000,28.00000,-1.75000,0.244979,2
25.500000,29.00000,-1.50000,0.000000,3
25.500000,30.00000,-1.50000,0.000000,4
25.500000,31.00000,-1.50000,0.463648,5
25.500000,32.00000,-1.00000,0.244979,6
25.500000,33.00000,-0.75000,0.244979,7
25.500000,34.00000,-0.50000,0.244979,8
25.500000,35.00000,-0.25000,0.244979,9
25.500000,36.00000,0.00000,0.000000,10
25.500000,37.00000,0.00000,0.000000,11
25.500000,38.00000,0.00000,0.000000,12
25.500000,39.00000,0.00000,0.000000,13
25.500000,40.00000,0.00000,0.000000,14
25.500000,41.00000,0.00000,0.000000,15
25.500000,42.00000,0.00000,0.000000,16
25.500000,43.00000,0.00000,0.000000,17
25.500000,44.00000,0.00000,0.000000,18
25.500000,45.00000,0.00000,0.000000,19
25.500000,46.00000,0.00000,0.000000,20
25.500000,47.00000,0.00000,0.000000,21
25.500000,48.00000,0.00000,0.000000,22
25.500000,49.00000,0.00000,0.000000,23
25.500000,50.00000,0.00000,0.033333,24
25.500000,50.99926,0.03332,0.100000,25
25.500000,51.99408,0.13314,0.166667,26
25.500000,52.98004,0.29900,0.233333,27
25.500000,53.95276,0.53018,0.300000,28
25.500000,54.90792,0.82565,0.366667,29
25.500000,55.84128,1.18409,0.366667,30
25.600000,26.13516,-3.05657,0.750545,0
25.600000,27.00000,-2.25000,0.463648,1
25.600000,28.00000,-1.75000,0.244979,2
25.600000,29.00000,-1.50000,0.000000,3
25.600000,30.00000,-1.50000,0.000000,4
25.600000,31.00000,-1.50000,0.463648,5
25.600000,32.00000,-1.00000,0.244979,6
25.600000,33.00000,-0.75000,0.244979,7
25.600000,34.00000,-0.50000,0.244979,8
25.600000,35.00000,-0.25000,0.244979,9
25.600000,36.00000,0.00000,0.000000,10
25.600000,37.00000,0.00000,0.000000,11
25.600000,38.00000,0.00000,0.000000,12
25.600000,39.00000,0.00000,0.000000,13
25.600000,40.00000,0.00000,0.000000,14
25.600000,41.00000,0.00000,0.000000,15
25.600000,42.00000,0.00000,0.000000,16
25.600000,43.00000,0.00000,0.000000,17
25.600000,44.00000,0.00000,0.000000,18
25.600000,45.00000,0.00000,0.000000,19
25.600000,46.00000,0.00000,0.000000,20
25.600000,47.00000,0.00000,0.000000,21
25.600000,48.00000,0.00000,0.000000,22
25.600000,49.00000,0.00000,0.000000,23
25.600000,50.00000,0.00000,0.033333,24
25.600000,50.99926,0.03332,0.100000,25
25.600000,51.99408,0.13314,0.166667,26
25.600000,52.98004,0.29900,0.233333,27
25.600000,53.95276,0.53018,0.300000,28
25.600000,54.90792,0.82565,0.366667,29
25.600000,55.84128,1.18409,0.366667,30
25.700000,26.21100,-3.07218,0.805987,0
25.700000,27.00000,-2.25000,0.463648,1
25.700000,28.00000,-1.75000,0.244979,2
25.700000,29.00000,-1.50000,0.000000,3
25.700000,30.00000,-1.50000,0.000000,4
25.700000,31.00000,-1.50000,0.463648,5
25.700000,32.00000,-1.00000,0.244979,6
25.700000,33.00000,-0.75000,0.244979,7
25.700000,34.00000,-0.50000,0.244979,8
25.700000,35.00000,-0.25000,0.244979,9
25.700000,36.00000,0.00000,0.000000,10
25.700000,37.00000,0.00000,0.000000,11
25.700000,38.00000,0.00000,0.000000,12
25.700000,39.00000,0.00000,0.000000,13
25.700000,40.00000,0.00000,0.000000,14
25.700000,41.00000,0.00000,0.000000,15
25.700000,42.00000,0.00000,0.000000,16
25.700000,43.00000,0.00000,0.000000,17
25.700000,44.00000,0.00000,0.000000,18
25.700000,45.00000,0.00000,0.000000,19
25.700000,46.00000,0.00000,0.000000,20
25.700000,47.00000,0.00000,0.000000,21
25.700000,48.00000,0.00000,0.000000,22
25.700000,49.00000,0.00000,0.000000,23
25.700000,50.00000,0.00000,0.033333,24
25.700000,50.99926,0.03332,0.100000,25
25.700000,51.99408,0.13314,0.166667,26
25.700000,52.98004,0.29900,0.233333,27
25.700000,53.95276,0.53018,0.300000,28
25.700000,54.90792,0.82565,0.366667,29
25.700000,55.84128,1.18409,0.366667,30
25.800000,26.31652,-3.10420,0.625186,0
25.800000,27.50000,-2.25000,0.463648,1
25.800000,28.50000,-1.75000,0.244979,2
25.800000,29.50000,-1.50000,0.000000,3
25.800000,30.50000,-1.50000,0.244979,4
25.800000,31.50000,-1.25000,0.463648,5
25.800000,32.50000,-0.75000,0.244979,6
25.800000,33.50000,-0.50000,0.244979,7
25.800000,34.50000,-0.25000,0.244979,8
25.800000,35.50000,0.00000,0.000000,9
25.800000,36.50000,0.00000,0.000000,10
25.800000,37.50000,0.00000,0.000000,11
25.800000,38.50000,0.00000,0.000000,12
25.800000,39.50000,0.00000,0.000000,13
25.800000,40.50000,0.00000,0.000000,14
25.800000,41.50000,0.00000,0.000000,15
25.800000,42.50000,0.00000,0.000000,16
25.800000,43.50000,0.00000,0.000000,17
25.800000,44.50000,0.00000,0.000000,18
25.800000,45.50000,0.00000,0.000000,19
25.800000,46.50000,0.00000,0.000000,20
25.800000,47.50000,0.00000,0.000000,21
25.800000,48.50000,0.00000,0.000000,22
25.800000,49.50000,0.00000,0.008333,23
25.800000,50.49991,0.00833,0.066667,24
25.800000,51.49750,0.07494,0.133333,25
25.800000,52.48844,0.20785,0.200000,26
25.800000,53.46833,0.40648,0.266667,27
25.800000,54.43280,0.66995,0.333333,28
25.800000,55.37759,0.99709,0.400000,29
25.800000,56.29848,1.38643,0.400000,30
25.900000,26.39817,-3.15839,0.538609,0
25.900000,27.50000,-2.50000,0.463648,1
25.900000,28.50000,-2.00000,0.244979,2
25.900000,29.50000,-1.75000,0.244979,3
25.900000,30.50000,-1.50000,0.244979,4
25.900000,31.50000,-1.25000,0.463648,5
25.900000,32.50000,-0.75000,0.244979,6
25.900000,33.50000,-0.50000,0.244979,7
25.900000,34.50000,-0.25000,0.244979,8
25.900000,35.50000,0.00000,0.000000,9
25.900000,36.50000,0.00000,0.000000,10
25.900000,37.50000,0.00000,0.000000,11
25.900000,38.50000,0.00000,0.000000,12
25.900000,39.50000,0.00000,0.000000,13
25.900000,40.50000,0.00000,0.000000,14
25.900000,41.50000,0.00000,0.000000,15
25.900000,42.50000,0.00000,0.000000,16
25.900000,43.50000,0.00000,0.000000,17
25.900000,44.50000,0.00000,0.000000,18
25.900000,45.50000,0.00000,0.000000,19
25.900000,46.50000,0.00000,0.000000,20
25.900000,47.50000,0.00000,0.000000,21
25.900000,48.50000,0.00000,0.000000,22
25.900000,49.50000,0.00000,0.008333,23
25.900000,50.49991,0.00833,0.066667,24
25.900000,51.49750,0.07494,0.133333,25
25.900000,52.48844,0.20785,0.200000,26
25.900000,53.46833,0.40648,0.266667,27
25.900000,54.43280,0.66995,0.333333,28
25.900000,55.37759,0.99709,0.400000,29
25.900000,56.29848,1.38643,0.400000,30
26.000000,26.46713,-3.17932,0.581771,0
26.000000,27.50000,-2.50000,0.463648,1
26.000000,28.50000,-2.00000,0.244979,2
26.000000,29.50000,-1.75000,0.244979,3
26.000000,30.50000,-1.50000,0.244979,4
26.000000,31.50000,-1.25000,0.463648,5
26.000000,32.50000,-0.75000,0.244979,6
26.000000,33.50000,-0.50000,0.244979,7
26.000000,34.50000,-0.25000,0.244979,8
26.000000,35.50000,0.00000,0.000000,9
26.000000,36.50000,0.00000,0.000000,10
26.000000,37.50000,0.00000,0.000000,11
26.000000,38.50000,0.00000,0.000000,12
26.000000,39.50000,0.00000,0.000000,13
26.000000,40.50000,0.00000,0.000000,14
26.000000,41.50000,0.00000,0.000000,15
26.000000,42.50000,0.00000,0.000000,16
26.000000,43.50000,0.00000,0.000000,17
26.000000,44.50000,0.00000,0.000000,18
26.000000,45.50000,0.00000,0.000000,19
26.000000,46.50000,0.00000,0.000000,20
26.000000,47.50000,0.00000,0.000000,21
26.000000,48.50000,0.00000,0.000000,22
26.000000,49.50000,0.00000,0.008333,23
26.000000,50.49991,0.00833,0.066667,24
26.000000,51.49750,0.07494,0.133333,25
26.000000,52.48844,0.20785,0.200000,26
26.000000,53.46833,0.40648,0.266667,27
26.000000,54.43280,0.66995,0.333333,28
26.000000,55.37759,0.99709,0.400000,29
26.000000,56.29848,1.38643,0.400000,30
26.100000,26.52763,-3.18255,0.612033,0
26.100000,27.50000,-2.50000,0.463648,1
26.100000,28.50000,-2.00000,0.244979,2
26.100000,29.50000,-1.75000,0.244979,3
26.100000,30.50000,-1.50000,0.244979,4
26.100000,31.50000,-1.25000,0.463648,5
26.100000,32.50000,-0.75000,0.244979,6
26.100000,33.50000,-0.50000,0.244979,7
26.100000,34.50000,-0.25000,0.244979,8
26.100000,35.50000,0.00000,0.000000,9
26.100000,36.50000,0.00000,0.000000,10
26.100000,37.50000,0.00000,0.000000,11
26.100000,38.50000,0.00000,0.000000,12
26.100000,39.50000,0.00000,0.000000,13
26.100000,40.50000,0.00000,0.000000,14
26.100000,41.50000,0.00000,0.000000,15
26.100000,42.50000,0.00000,0.000000,16
26.100000,43.50000,0.00000,0.000000,17
26.100000,44.50000,0.00000,0.000000,18
26.100000,45.50000,0.00000,0.000000,19
26.100000,46.50000,0.00000,0.000000,20
26.100000,47.50000,0.00000,0.000000,21
26.100000,48.50000,0.00000,0.000000,22
26.100000,49.50000,0.00000,0.008333,23
26.100000,50.49991,0.00833,0.066667,24
26.100000,51.49750,0.07494,0.133333,25
26.100000,52.48844,0.20785,0.200000,26
26.100000,53.46833,0.40648,0.266667,27
26.100000,54.43280,0.66995,0.333333,28
26.100000,55.37759,0.99709,0.400000,29
26.100000,56.29848,1.38643,0.400000,30
26.200000,26.64185,-3.24513,0.715025,0
26.200000,27.50000,-2.50000,0.463648,1
26.200000,28.50000,-2.00000,0.244979,2
26.200000,29.50000,-1.75000,0.244979,3
26.200000,30.50000,-1.50000,0.244979,4
26.200000,31.50000,-1.25000,0.463648,5
26.200000,32.50000,-0.75000,0.244979,6
26.200000,33.50000,-0.50000,0.244979,7
26.200000,34.50000,-0.25000,0.244979,8
26.200000,35.50000,0.00000,0.000000,9
26.200000,36.50000,0.00000,0.000000,10
26.200000,37.50000,0.00000,0.000000,11
26.200000,38.50000,0.00000,0.000000,12
26.200000,39.50000,0.00000,0.000000,13
26.200000,40.50000,0.00000,0.000000,14
26.200000,41.50000,0.00000,0.000000,15
26.200000,42.50000,0.00000,0.000000,16
26.200000,43.50000,0.00000,0.000000,17
26.200000,44.50000,0.00000,0.000000,18
26.200000,45.50000,0.00000,0.000000,19
26.200000,46.50000,0.00000,0.000000,20
26.200000,47.50000,0.00000,0.000000,21
26.200000,48.50000,0.00000,0.000000,22
26.200000,49.50000,0.00000,0.008333,23
26.200000,50.49991,0.00833,0.066667,24
26.200000,51.49750,0.07494,0.133333,25
26.200000,52.48844,0.20785,0.200000,26
26.200000,53.46833,0.40648,0.266667,27
26.200000,54.43280,0.66995,0.333333,28
26.200000,55.37759,0.99709,0.400000,29
26.200000,56.29848,1.38643,0.400000,30
26.300000,26.65461,-3.21345,0.700960,0
26.300000,27.50000,-2.50000,0.463648,1
26.300000,28.50000,-2.00000,0.244979,2
26.300000,29.50000,-1.75000,0.244979,3
26.300000,30.50000,-1.50000,0.244979,4
26.300000,31.50000,-1.25000,0.463648,5
26.300000,32.50000,-0.75000,0.244979,6
26.300000,33.50000,-0.50000,0.244979,7
26.300000,34.50000,-0.25000,0.244979,8
26.300000,35.50000,0.00000,0.000000,9
26.300000,36.50000,0.00000,0.000000,10
26.300000,37.50000,0.00000,0.000000,11
26.300000,38.50000,0.00000,0.000000,12
26.300000,39.50000,0.00000,0.000000,13
26.300000,40.50000,0.00000,0.000000,14
26.300000,41.50000,0.00000,0.000000,15
26.300000,42.50000,0.00000,0.000000,16
26.300000,43.50000,0.00000,0.000000,17
26.300000,44.50000,0.00000,0.000000,18
26.300000,45.50000,0.00000,0.000000,19
26.300000,46.50000,0.00000,0.000000,20
26.300000,47.50000,0.00000,0.000000,21
26.300000,48.50000,0.00000,0.000000,22
26.300000,49.50000,0.00000,0.008333,23
26.300000,50.49991,0.00833,0.066667,24
26.300000,51.49750,0.07494,0.133333,25
26.300000,52.48844,0.20785,0.200000,26
26.300000,53.46833,0.40648,0.266667,27
26.300000,54.43280,0.66995,0.333333,28
26.300000,55.37759,0.99709,0.400000,29
26.300000,56.29848,1.38643,0.400000,30
26.400000,26.73450,-3.21458,0.751011,0
26.400000,27.50000,-2.50000,0.463648,1
26.400000,28.50000,-2.00000,0.244979,2
26.400000,29.50000,-1.75000,0.244979,3
26.400000,30.50000,-1.50000,0.244979,4
26.400000,31.50000,-1.25000,0.244979,5
26.400000,32.50000,-1.00000,0.244979,6
26.400000,33.50000,-0.75000,0.244979,7
26.400000,34.50000,-0.50000,0.000000,8
26.400000,35.50000,-0.50000,0.000000,9
26.400000,36.50000,-0.50000,0.000000,10
26.400000,37.50000,-0.50000,0.000000,11
26.400000,38.50000,-0.50000,0.000000,12
26.400000,39.50000,-0.50000,0.000000,13
26.400000,40.50000,-0.50000,0.000000,14
26.400000,41.50000,-0.50000,0.000000,15
26.400000,42.50000,-0.50000,0.000000,16
26.400000,43.50000,-0.50000,0.000000,17
26.400000,44.50000,-0.50000,0.000000,18
26.400000,45.50000,-0.50000,0.000000,19
26.400000,46.50000,-0.50000,0.000000,20
26.400000,47.50000,-0.50000,-0.244979,21
26.400000,48.50000,-0.75000,0.000000,22
26.400000,49.50000,-0.75000,-0.229254,23
26.400000,50.53323,-0.99111,0.066667,24
26.400000,51.59733,-0.92007,0.365219,25
26.400000,52.61286,-0.53176,0.435461,26
26.400000,53.58394,-0.07997,0.266667,27
26.400000,54.58056,0.19228,0.333333,28
26.400000,55.55684,0.53032,0.400000,29
26.400000,56.50842,0.93265,0.400000,30
26.500000,26.80898,-3.20809,0.536385,0
26.500000,28.00000,-2.50000,0.463648,1
26.500000,29.00000,-2.00000,0.244979,2
26.500000,30.00000,-1.75000,0.244979,3
26.500000,31.00000,-1.50000,0.463648,4
26.500000,32.00000,-1.00000,0.244979,5
26.500000,33.00000,-0.75000,0.244979,6
26.500000,34.00000,-0.50000,0.244979,7
26.500000,35.00000,-0.25000,0.000000,8
26.500000,36.00000,-0.25000,0.000000,9
26.500000,37.00000,-0.25000,0.000000,10
26.500000,38.00000,-0.25000,0.000000,11
26.500000,39.00000,-0.25000,0.000000,12
26.500000,40.00000,-0.25000,0.000000,13
26.500000,41.00000,-0.25000,0.000000,14
26.500000,42.00000,-0.25000,0.000000,15
26.500000,43.00000,-0.25000,0.000000,16
26.500000,44.00000,-0.25000,0.000000,17
26.500000,45.00000,-0.25000,0.000000,18
26.500000,46.00000,-0.25000,0.000000,19
26.500000,47.00000,-0.25000,-0.244979,20
26.500000,48.00000,-0.50000,-0.244979,21
26.500000,49.00000,-0.75000,0.000000,22
26.500000,50.00000,-0.75000,-0.198552,23
26.500000,51.06588,-0.96446,0.100000,24
26.500000,52.12702,-0.85799,0.398552,25
26.500000,53.12904,-0.43605,0.468794,26
26.500000,54.08452,0.04785,0.300000,27
26.500000,55.07152,0.35317,0.366667,28
26.500000,56.03598,0.72355,0.433333,29
26.500000,56.97363,1.15737,0.433333,30
26.600000,26.82388,-3.24635,0.565464,0
26.600000,28.00000,-2.50000,0.463648,1
26.600000,29.00000,-2.00000,0.244979,2
26.600000,30.00000,-1.75000,0.244979,3
26.600000,31.00000,-1.50000,0.463648,4
26.600000,32.00000,-1.00000,0.244979,5
26.600000,33.00000,-0.75000,0.244979,6
26.600000,34.00000,-0.50000,0.244979,7
26.600000,35.00000,-0.25000,0.000000,8
26.600000,36.00000,-0.25000,0.000000,9
26.600000,37.00000,-0.25000,0.000000,10
26.600000,38.00000,-0.25000,0.000000,11
26.600000,39.00000,-0.25000,0.000000,12
26.600000,40.00000,-0.25000,0.000000,13
26.600000,41.00000,-0.25000,0.000000,14
26.600000,42.00000,-0.25000,0.000000,15
26.600000,43.00000,-0.25000,0.000000,16
26.600000,44.00000,-0.25000,0.000000,17
26.600000,45.00000,-0.25000,0.000000,18
26.600000,46.00000,-0.25000,0.000000,19
26.600000,47.00000,-0.25000,-0.244979,20
26.600000,48.00000,-0.50000,-0.244979,21
26.600000,49.00000,-0.75000,-0.244979,22
26.600000,50.00000,-1.00000,0.033333,23
26.600000,51.06588,-0.96446,0.100000,24
26.600000,52.12702,-0.85799,0.398552,25
26.600000,53.12904,-0.43605,0.468794,26
26.600000,54.08452,0.04785,0.300000,27
26.600000,55.07152,0.35317,0.366667,28
26.600000,56.03598,0.72355,0.433333,29
26.600000,56.97363,1.15737,0.433333,30
26.700000,26.87381,-3.20054,0.556467,0
26.700000,28.00000,-2.50000,0.463648,1
26.700000,29.00000,-2.00000,0.244979,2
26.700000,30.00000,-1.75000,0.244979,3
26.700000,31.00000,-1.50000,0.463648,4
26.700000,32.00000,-1.00000,0.244979,5
26.700000,33.00000,-0.75000,0.244979,6
26.700000,34.00000,-0.50000,0.244979,7
26.700000,35.00000,-0.25000,0.000000,8
26.700000,36.00000,-0.25000,0.000000,9
26.700000,37.00000,-0.25000,0.000000,10
26.700000,38.00000,-0.25000,0.000000,11
26.700000,39.00000,-0.25000,0.000000,12
26.700000,40.00000,-0.25000,0.000000,13
26.700000,41.00000,-0.25000,0.000000,14
26.700000,42.00000,-0.25000,0.000000,15
26.700000,43.00000,-0.25000,0.000000,16
26.700000,44.00000,-0.25000,0.000000,17
26.700000,45.00000,-0.25000,0.000000,18
26.700000,46.00000,-0.25000,0.000000,19
26.700000,47.00000,-0.25000,-0.244979,20
26.700000,48.00000,-0.50000,-0.244979,21
26.700000,49.00000,-0.75000,-0.244979,22
26.700000,50.00000,-1.00000,0.033333,23
26.700000,51.06588,-0.96446,0.100000,24
26.700000,52.12702,-0.85799,0.398552,25
26.700000,53.12904,-0.43605,0.468794,26
26.700000,54.08452,0.04785,0.300000,27
26.700000,55.07152,0.35317,0.366667,28
26.700000,56.03598,0.72355,0.433333,29
26.700000,56.97363,1.15737,0.433333,30
26.800000,26.91700,-3.21548,0.583822,0
26.800000,28.00000,-2.50000,0.463648,1
26.800000,29.00000,-2.00000,0.244979,2
26.800000,30.00000,-1.75000,0.244979,3
26.800000,31.00000,-1.50000,0.463648,4
26.800000,32.00000,-1.00000,0.244979,5
26.800000,33.00000,-0.75000,0.244979,6
26.800000,34.00000,-0.50000,0.244979,7
26.800000,35.00000,-0.25000,0.000000,8
26.800000,36.00000,-0.25000,0.000000,9
26.800000,37.00000,-0.25000,0.000000,10
26.800000,38.00000,-0.25000,0.000000,11
26.800000,39.00000,-0.25000,0.000000,12
26.800000,40.00000,-0.25000,0.000000,13
26.800000,41.00000,-0.25000,0.000000,14
26.800000,42.00000,-0.25000,0.000000,15
26.800000,43.00000,-0.25000,0.000000,16
26.800000,44.00000,-0.25000,0.000000,17
26.800000,45.00000,-0.25000,0.000000,18
26.800000,46.00000,-0.25000,0.000000,19
26.800000,47.00000,-0.25000,-0.244979,20
26.800000,48.00000,-0.50000,-0.244979,21
26.800000,49.00000,-0.75000,-0.244979,22
26.800000,50.00000,-1.00000,0.033333,23
26.800000,51.06588,-0.96446,0.100000,24
26.800000,52.12702,-0.85799,0.398552,25
26.800000,53.12904,-0.43605,0.468794,26
26.800000,54.08452,0.04785,0.300000,27
26.800000,55.07152,0.35317,0.366667,28
26.800000,56.03598,0.72355,0.433333,29
26.800000,56.97363,1.15737,0.433333,30
26.900000,26.94260,-3.20874,0.590495,0
26.900000,28.00000,-2.50000,0.463648,1
26.900000,29.00000,-2.00000,0.244979,2
26.900000,30.00000,-1.75000,0.244979,3
26.900000,31.00000,-1.50000,0.463648,4
26.900000,32.00000,-1.00000,0.244979,5
26.900000,33.00000,-0.75000,0.244979,6
26.900000,34.00000,-0.50000,0.244979,7
26.900000,35.00000,-0.25000,0.000000,8
26.900000,36.00000,-0.25000,0.000000,9
26.900000,37.00000,-0.25000,0.000000,10
26.900000,38.00000,-0.25000,0.000000,11
26.900000,39.00000,-0.25000,0.000000,12
26.900000,40.00000,-0.25000,0.000000,13
26.900000,41.00000,-0.25000,0.000000,14
26.900000,42.00000,-0.25000,0.000000,15
26.900000,43.00000,-0.25000,0.000000,16
26.900000,44.00000,-0.25000,0.000000,17
26.900000,45.00000,-0.25000,0.000000,18
26.900000,46.00000,-0.25000,0.000000,19
26.900000,47.00000,-0.25000,-0.244979,20
26.900000,48.00000,-0.50000,-0.244979,21
26.900000,49.00000,-0.75000,-0.244979,22
26.900000,50.00000,-1.00000,0.033333,23
26.900000,51.06588,-0.96446,0.100000,24
26.900000,52.12702,-0.85799,0.398552,25
26.900000,53.12904,-0.43605,0.468794,26
26.900000,54.08452,0.04785,0.300000,27
26.900000,55.07152,0.35317,0.366667,28
26.900000,56.03598,0.72355,0.433333,29
26.900000,56.97363,1.15737,0.433333,30
27.000000,26.98050,-3.23924,0.627370,0
27.000000,28.00000,-2.50000,0.463648,1
27.000000,29.00000,-2.00000,0.244979,2
27.000000,30.00000,-1.75000,0.244979,3
27.000000,31.00000,-1.50000,0.463648,4
27.000000,32.00000,-1.00000,0.244979,5
27.000000,33.00000,-0.75000,0.244979,6
27.000000,34.00000,-0.50000,0.244979,7
27.000000,35.00000,-0.25000,0.000000,8
27.000000,36.00000,-0.25000,0.000000,9
27.000000,37.00000,-0.25000,0.000000,10
27.000000,38.00000,-0.25000,0.000000,11
27.000000,39.00000,-0.25000,0.000000,12
27.000000,40.00000,-0.25000,0.000000,13
27.000000,41.00000,-0.25000,0.000000,14
27.000000,42.00000,-0.25000,0.000000,15
27.000000,43.00000,-0.25000,0.000000,16
27.000000,44.00000,-0.25000,0.000000,17
27.000000,45.00000,-0.25000,0.000000,18
27.000000,46.00000,-0.25000,0.000000,19
27.000000,47.00000,-0.25000,-0.244979,20
27.000000,48.00000,-0.50000,-0.244979,21
27.000000,49.00000,-0.75000,0.000000,22
27.000000,50.00000,-0.75000,-0.198552,23
27.000000,51.06588,-0.96446,0.100000,24
27.000000,52.12702,-0.85799,0.398552,25
27.000000,53.12904,-0.43605,0.468794,26
27.000000,54.08452,0.04785,0.300000,27
27.000000,55.07152,0.35317,0.366667,28
27.000000,56.03598,0.72355,0.433333,29
27.000000,56.97363,1.15737,0.433333,30
27.100000,27.00368,-3.21604,0.623155,0
27.100000,28.00000,-2.50000,0.463648,1
27.100000,29.00000,-2.00000,0.244979,2
27.100000,30.00000,-1.75000,0.244979,3
27.100000,31.00000,-1.50000,0.463648,4
27.100000,32.00000,-1.00000,0.244979,5
27.100000,33.00000,-0.75000,0.244979,6
27.100000,34.00000,-0.50000,0.244979,7
27.100000,35.00000,-0.25000,0.000000,8
27.100000,36.00000,-0.25000,0.000000,9
27.100000,37.00000,-0.25000,0.000000,10
27.100000,38.00000,-0.25000,0.000000,11
27.100000,39.00000,-0.25000,0.000000,12
27.100000,40.00000,-0.25000,0.000000,13
27.100000,41.00000,-0.25000,0.000000,14
27.100000,42.00000,-0.25000,0.000000,15
27.100000,43.00000,-0.25000,0.000000,16
27.100000,44.00000,-0.25000,0.000000,17
27.100000,45.00000,-0.25000,0.000000,18
27.100000,46.00000,-0.25000,0.000000,19
27.100000,47.00000,-0.25000,-0.244979,20
27.100000,48.00000,-0.50000,-0.244979,21
27.100000,49.00000,-0.75000,-0.244979,22
27.100000,50.00000,-1.00000,0.033333,23
27.100000,51.06588,-0.96446,0.100000,24
27.100000,52.12702,-0.85799,0.398552,25
27.100000,53.12904,-0.43605,0.468794,26
27.100000,54.08452,0.04785,0.300000,27
27.100000,55.07152,0.35317,0.366667,28
27.100000,56.03598,0.72355,0.433333,29
27.100000,56.97363,1.15737,0.433333,30
27.200000,27.08763,-3.21217,0.662785,0
27.200000,28.00000,-2.50000,0.463648,1
27.200000,29.00000,-2.00000,0.244979,2
27.200000,30.00000,-1.75000,0.244979,3
27.200000,31.00000,-1.50000,0.463648,4
27.200000,32.00000,-1.00000,0.244979,5
27.200000,33.00000,-0.75000,0.244979,6
27.200000,34.00000,-0.50000,0.244979,7
27.200000,35.00000,-0.25000,0.000000,8
27.200000,36.00000,-0.25000,0.000000,9
27.200000,37.00000,-0.25000,0.000000,10
27.200000,38.00000,-0.25000,0.000000,11
27.200000,39.00000,-0.25000,0.000000,12
27.200000,40.00000,-0.25000,0.000000,13
27.200000,41.00000,-0.25000,0.000000,14
27.200000,42.00000,-0.25000,0.000000,15
27.200000,43.00000,-0.25000,0.000000,16
27.200000,44.00000,-0.25000,0.000000,17
27.200000,45.00000,-0.25000,0.000000,18
27.200000,46.00000,-0.25000,0.000000,19
27.200000,47.00000,-0.25000,-0.244979,20
27.200000,48.00000,-0.50000,-0.244979,21
27.200000,49.00000,-0.75000,-0.244979,22
27.200000,50.00000,-1.00000,0.033333,23
27.200000,51.06588,-0.96446,0.100000,24
27.200000,52.12702,-0.85799,0.398552,25
27.200000,53.12904,-0.43605,0.468794,26
27.200000,54.08452,0.04785,0.300000,27
27.200000,55.07152,0.35317,0.366667,28
27.200000,56.03598,0.72355,0.433333,29
27.200000,56.97363,1.15737,0.433333,30
27.300000,27.11711,-3.22159,0.685203,0
27.300000,28.00000,-2.50000,0.463648,1
27.300000,29.00000,-2.00000,0.244979,2
27.300000,30.00000,-1.75000,0.244979,3
27.300000,31.00000,-1.50000,0.463648,4
27.300000,32.00000,-1.00000,0.244979,5
27.300000,33.00000,-0.75000,0.244979,6
27.300000,34.00000,-0.50000,0.244979,7
27.300000,35.00000,-0.25000,0.000000,8
27.300000,36.00000,-0.25000,0.000000,9
27.300000,37.00000,-0.25000,0.000000,10
27.300000,38.00000,-0.25000,0.000000,11
27.300000,39.00000,-0.25000,0.000000,12
27.300000,40.00000,-0.25000,0.000000,13
27.300000,41.00000,-0.25000,0.000000,14
27.300000,42.00000,-0.25000,0.000000,15
27.300000,43.00000,-0.25000,0.000000,16
27.300000,44.00000,-0.25000,0.000000,17
27.300000,45.00000,-0.25000,0.000000,18
27.300000,46.00000,-0.25000,0.000000,19
27.300000,47.00000,-0.25000,-0.244979,20
27.300000,48.00000,-0.50000,-0.244979,21
27.300000,49.00000,-0.75000,0.000000,22
27.300000,50.00000,-0.75000,-0.198552,23
27.300000,51.06588,-0.96446,0.100000,24
27.300000,52.12702,-0.85799,0.398552,25
27.300000,53.12904,-0.43605,0.468794,26
27.300000,54.08452,0.04785,0.300000,27
27.300000,55.07152,0.35317,0.366667,28
27.300000,56.03598,0.72355,0.433333,29
27.300000,56.97363,1.15737,0.433333,30
27.400000,27.18533,-3.18877,0.701848,0
27.400000,28.00000,-2.50000,0.463648,1
27.400000,29.00000,-2.00000,0.244979,2
27.400000,30.00000,-1.75000,0.244979,3
27.400000,31.00000,-1.50000,0.463648,4
27.400000,32.00000,-1.00000,0.244979,5
27.400000,33.00000,-0.75000,0.244979,6
27.400000,34.00000,-0.50000,0.244979,7
27.400000,35.00000,-0.25000,0.000000,8
27.400000,36.00000,-0.25000,0.000000,9
27.400000,37.00000,-0.25000,0.000000,10
27.400000,38.00000,-0.25000,0.000000,11
27.400000,39.00000,-0.25000,0.000000,12
27.400000,40.00000,-0.25000,0.000000,13
27.400000,41.00000,-0.25000,0.000000,14
27.400000,42.00000,-0.25000,0.000000,15
27.400000,43.00000,-0.25000,0.000000,16
27.400000,44.00000,-0.25000,0.000000,17
27.400000,45.00000,-0.25000,0.000000,18
27.400000,46.00000,-0.25000,0.000000,19
27.400000,47.00000,-0.25000,-0.244979,20
27.400000,48.00000,-0.50000,-0.244979,21
27.400000,49.00000,-0.75000,0.000000,22
27.400000,50.00000,-0.75000,-0.198552,23
27.400000,51.06588,-0.96446,0.100000,24
27.400000,52.12702,-0.85799,0.398552,25
27.400000,53.12904,-0.43605,0.468794,26
27.400000,54.08452,0.04785,0.300000,27
27.400000,55.07152,0.35317,0.366667,28
27.400000,56.03598,0.72355,0.433333,29
27.400000,56.97363,1.15737,0.433333,30
27.500000,27.27337,-3.18055,0.506529,0
27.500000,28.50000,-2.50000,0.643501,1
27.500000,29.50000,-1.75000,0.244979,2
27.500000,30.50000,-1.50000,0.244979,3
27.500000,31.50000,-1.25000,0.463648,4
27.500000,32.50000,-0.75000,0.244979,5
27.500000,33.50000,-0.50000,0.244979,6
27.500000,34.50000,-0.25000,0.000000,7
27.500000,35.50000,-0.25000,0.000000,8
27.500000,36.50000,-0.25000,0.000000,9
27.500000,37.50000,-0.25000,0.000000,10
27.500000,38.50000,-0.25000,0.000000,11
27.500000,39.50000,-0.25000,0.000000,12
27.500000,40.50000,-0.25000,0.000000,13
27.500000,41.50000,-0.25000,0.000000,14
27.500000,42.50000,-0.25000,0.000000,15
27.500000,43.50000,-0.25000,0.000000,16
27.500000,44.50000,-0.25000,0.000000,17
27.500000,45.50000,-0.25000,0.000000,18
27.500000,46.50000,-0.25000,0.000000,19
27.500000,47.50000,-0.25000,-0.244979,20
27.500000,48.50000,-0.50000,-0.244979,21
27.500000,49.50000,-0.75000,-0.229254,22
27.500000,50.53323,-0.99111,0.066667,23
27.500000,51.59733,-0.92007,0.365219,24
27.500000,52.61286,-0.53176,0.435461,25
27.500000,53.58394,-0.07997,0.266667,26
27.500000,54.58056,0.19228,0.333333,27
27.500000,55.55684,0.53032,0.400000,28
27.500000,56.50842,0.93265,0.466667,29
27.500000,57.43110,1.39747,0.466667,30
27.604000,27.35084,-3.18259,0.535989,0
27.604000,28.50000,-2.50000,0.643501,1
27.604000,29.50000,-1.75000,0.244979,2
27.604000,30.50000,-1.50000,0.244979,3
27.604000,31.50000,-1.25000,0.463648,4
27.604000,32.50000,-0.75000,0.244979,5
27.604000,33.50000,-0.50000,0.244979,6
27.604000,34.50000,-0.25000,0.000000,7
27.604000,35.50000,-0.25000,0.000000,8
27.604000,36.50000,-0.25000,0.000000,9
27.604000,37.50000,-0.25000,0.000000,10
27.604000,38.50000,-0.25000,0.000000,11
27.604000,39.50000,-0.25000,0.000000,12
27.604000,40.50000,-0.25000,0.000000,13
27.604000,41.50000,-0.25000,0.000000,14
27.604000,42.50000,-0.25000,0.000000,15
27.604000,43.50000,-0.25000,0.000000,16
27.604000,44.50000,-0.25000,0.000000,17
27.604000,45.50000,-0.25000,0.000000,18
27.604000,46.50000,-0.25000,0.000000,19
27.604000,47.50000,-0.25000,-0.244979,20
27.604000,48.50000,-0.50000,-0.244979,21
27.604000,49.50000,-0.75000,-0.229254,22
27.604000,50.53323,-0.99111,0.066667,23
27.604000,51.59733,-0.92007,0.365219,24
27.604000,52.61286,-0.53176,0.435461,25
27.604000,53.58394,-0.07997,0.266667,26
27.604000,54.58056,0.19228,0.333333,27
27.604000,55.55684,0.53032,0.400000,28
27.604000,56.50842,0.93265,0.466667,29
27.604000,57.43110,1.39747,0.466667,30
27.700000,27.44772,-3.18686,0.578296,0
27.700000,28.50000,-2.50000,0.643501,1
27.700000,29.50000,-1.75000,0.244979,2
27.700000,30.50000,-1.50000,0.244979,3
27.700000,31.50000,-1.25000,0.463648,4
27.700000,32.50000,-0.75000,0.244979,5
27.700000,33.50000,-0.50000,0.244979,6
27.700000,34.50000,-0.25000,0.000000,7
27.700000,35.50000,-0.25000,0.000000,8
27.700000,36.50000,-0.25000,0.000000,9
27.700000,37.50000,-0.25000,0.000000,10
27.700000,38.50000,-0.25000,0.000000,11
27.700000,39.50000,-0.25000,0.000000,12
27.700000,40.50000,-0.25000,0.000000,13
27.700000,41.50000,-0.25000,0.000000,14
27.700000,42.50000,-0.25000,0.000000,15
27.700000,43.50000,-0.25000,0.000000,16
27.700000,44.50000,-0.25000,0.000000,17
27.700000,45.50000,-0.25000,0.000000,18
27.700000,46.50000,-0.25000,0.000000,19
27.700000,47.50000,-0.25000,-0.244979,20
27.700000,48.50000,-0.50000,-0.244979,21
27.700000,49.50000,-0.75000,-0.229254,22
27.700000,50.53323,-0.99111,0.066667,23
27.700000,51.59733,-0.92007,0.365219,24
27.700000,52.61286,-0.53176,0.435461,25
27.700000,53.58394,-0.07997,0.266667,26
27.700000,54.58056,0.19228,0.333333,27
27.700000,55.55684,0.53032,0.400000,28
27.700000,56.50842,0.93265,0.466667,29
27.700000,57.43110,1.39747,0.466667,30
27.800000,27.51230,-3.17909,0.602321,0
27.800000,28.50000,-2.50000,0.643501,1
27.800000,29.50000,-1.75000,0.244979,2
27.800000,30.50000,-1.50000,0.244979,3
27.800000,31.50000,-1.25000,0.463648,4
27.800000,32.50000,-0.75000,0.244979,5
27.800000,33.50000,-0.50000,0.244979,6
27.800000,34.50000,-0.25000,0.000000,7
27.800000,35.50000,-0.25000,0.000000,8
27.800000,36.50000,-0.25000,0.000000,9
27.800000,37.50000,-0.25000,0.000000,10
27.800000,38.50000,-0.25000,0.000000,11
27.800000,39.50000,-0.25000,0.000000,12
27.800000,40.50000,-0.25000,0.000000,13
27.800000,41.50000,-0.25000,0.000000,14
27.800000,42.50000,-0.25000,0.000000,15
27.800000,43.50000,-0.25000,0.000000,16
27.800000,44.50000,-0.25000,0.000000,17
27.800000,45.50000,-0.25000,0.000000,18
27.800000,46.50000,-0.25000,0.000000,19
27.800000,47.50000,-0.25000,-0.244979,20
27.800000,48.50000,-0.50000,-0.244979,21
27.800000,49.50000,-0.75000,-0.229254,22
27.800000,50.53323,-0.99111,0.066667,23
27.800000,51.59733,-0.92007,0.365219,24
27.800000,52.61286,-0.53176,0.435461,25
27.800000,53.58394,-0.07997,0.266667,26
27.800000,54.58056,0.19228,0.333333,27
27.800000,55.55684,0.53032,0.400000,28
27.800000,56.50842,0.93265,0.466667,29
27.800000,57.43110,1.39747,0.466667,30
27.900000,27.63742,-3.18880,0.673849,0
27.900000,28.50000,-2.50000,0.643501,1
27.900000,29.50000,-1.75000,0.244979,2
27.900000,30.50000,-1.50000,0.244979,3
27.900000,31.50000,-1.25000,0.244979,4
27.900000,32.50000,-1.00000,0.244979,5
27.900000,33.50000,-0.75000,0.244979,6
27.900000,34.50000,-0.50000,0.000000,7
27.900000,35.50000,-0.50000,0.000000,8
27.900000,36.50000,-0.50000,0.000000,9
27.900000,37.50000,-0.50000,0.000000,10
27.900000,38.50000,-0.50000,0.000000,11
27.900000,39.50000,-0.50000,0.000000,12
27.900000,40.50000,-0.50000,0.000000,13
27.900000,41.50000,-0.50000,0.000000,14
27.900000,42.50000,-0.50000,0.000000,15
27.900000,43.50000,-0.50000,0.000000,16
27.900000,44.50000,-0.50000,0.000000,17
27.900000,45.50000,-0.50000,0.000000,18
27.900000,46.50000,-0.50000,0.000000,19
27.900000,47.50000,-0.50000,0.000000,20
27.900000,48.50000,-0.50000,-0.244979,21
27.900000,49.50000,-0.75000,-0.229254,22
27.900000,50.53323,-0.99111,0.066667,23
27.900000,51.59733,-0.92007,0.365219,24
27.900000,52.61286,-0.53176,0.435461,25
27.900000,53.58394,-0.07997,0.266667,26
27.900000,54.58056,0.19228,0.333333,27
27.900000,55.55684,0.53032,0.400000,28
27.900000,56.50842,0.93265,0.466667,29
27.900000,57.43110,1.39747,0.466667,30
28.000000,27.74816,-3.19429,0.745623,0
28.000000,28.50000,-2.50000,0.463648,1
28.000000,29.50000,-2.00000,0.244979,2
28.000000,30.50000,-1.75000,0.244979,3
28.000000,31.50000,-1.50000,0.463648,4
28.000000,32.50000,-1.00000,0.244979,5
28.000000,33.50000,-0.75000,0.244979,6
28.000000,34.50000,-0.50000,0.000000,7
28.000000,35.50000,-0.50000,0.000000,8
28.000000,36.50000,-0.50000,0.000000,9
28.000000,37.50000,-0.50000,0.000000,10
28.000000,38.50000,-0.50000,0.000000,11
28.000000,39.50000,-0.50000,0.000000,12
28.000000,40.50000,-0.50000,0.000000,13
28.000000,41.50000,-0.50000,0.000000,14
28.000000,42.50000,-0.50000,0.000000,15
28.000000,43.50000,-0.50000,0.000000,16
28.000000,44.50000,-0.50000,0.000000,17
28.000000,45.50000,-0.50000,0.000000,18
28.000000,46.50000,-0.50000,0.000000,19
28.000000,47.50000,-0.50000,0.000000,20
28.000000,48.50000,-0.50000,-0.244979,21
28.000000,49.50000,-0.75000,-0.229254,22
28.000000,50.53323,-0.99111,0.066667,23
28.000000,51.59733,-0.92007,0.365219,24
28.000000,52.61286,-0.53176,0.435461,25
28.000000,53.58394,-0.07997,0.266667,26
28.000000,54.58056,0.19228,0.333333,27
28.000000,55.55684,0.53032,0.400000,28
28.000000,56.50842,0.93265,0.466667,29
28.000000,57.43110,1.39747,0.466667,30
28.100000,27.90576,-3.17780,0.554578,0
28.100000,29.00000,-2.50000,0.643501,1
28.100000,30.00000,-1.75000,0.244979,2
28.100000,31.00000,-1.50000,0.463648,3
28.100000,32.00000,-1.00000,0.244979,4
28.100000,33.00000,-0.75000,0.244979,5
28.100000,34.00000,-0.50000,0.244979,6
28.100000,35.00000,-0.25000,0.000000,7
28.100000,36.00000,-0.25000,0.000000,8
28.100000,37.00000,-0.25000,0.000000,9
28.100000,38.00000,-0.25000,0.000000,10
28.100000,39.00000,-0.25000,0.000000,11
28.100000,40.00000,-0.25000,0.000000,12
28.100000,41.00000,-0.25000,0.000000,13
28.100000,42.00000,-0.25000,0.000000,14
28.100000,43.00000,-0.25000,0.000000,15
28.100000,44.00000,-0.25000,0.000000,16
28.100000,45.00000,-0.25000,0.000000,17
28.100000,46.00000,-0.25000,0.000000,18
28.100000,47.00000,-0.25000,-0.244979,19
28.100000,48.00000,-0.50000,-0.244979,20
28.100000,49.00000,-0.75000,-0.244979,21
28.100000,50.00000,-1.00000,0.033333,22
28.100000,51.06588,-0.96446,0.100000,23
28.100000,52.12702,-0.85799,0.398552,24
28.100000,53.12904,-0.43605,0.468794,25
28.100000,54.08452,0.04785,0.300000,26
28.100000,55.07152,0.35317,0.366667,27
28.100000,56.03598,0.72355,0.433333,28
28.100000,56.97363,1.15737,0.500000,29
28.100000,57.88030,1.65268,0.500000,30
28.200000,28.03989,-3.13102,0.742466,0
28.200000,29.00000,-2.25000,0.463648,1
28.200000,30.00000,-1.75000,0.244979,2
28.200000,31.00000,-1.50000,0.463648,3
28.200000,32.00000,-1.00000,0.244979,4
28.200000,33.00000,-0.75000,0.244979,5
28.200000,34.00000,-0.50000,0.244979,6
28.200000,35.00000,-0.25000,0.000000,7
28.200000,36.00000,-0.25000,0.000000,8
28.200000,37.00000,-0.25000,0.000000,9
28.200000,38.00000,-0.25000,0.000000,10
28.200000,39.00000,-0.25000,0.000000,11
28.200000,40.00000,-0.25000,0.000000,12
28.200000,41.00000,-0.25000,0.000000,13
28.200000,42.00000,-0.25000,0.000000,14
28.200000,43.00000,-0.25000,0.000000,15
28.200000,44.00000,-0.25000,0.000000,16
28.200000,45.00000,-0.25000,0.000000,17
28.200000,46.00000,-0.25000,0.000000,18
28.200000,47.00000,-0.25000,-0.244979,19
28.200000,48.00000,-0.50000,-0.244979,20
28.200000,49.00000,-0.75000,-0.244979,21
28.200000,50.00000,-1.00000,0.033333,22
28.200000,51.06588,-0.96446,0.100000,23
28.200000,52.12702,-0.85799,0.398552,24
28.200000,53.12904,-0.43605,0.468794,25
28.200000,54.08452,0.04785,0.300000,26
28.200000,55.07152,0.35317,0.366667,27
28.200000,56.03598,0.72355,0.433333,28
28.200000,56.97363,1.15737,0.500000,29
28.200000,57.88030,1.65268,0.500000,30
28.300000,28.20642,-3.13721,0.841047,0
28.300000,29.00000,-2.25000,0.463648,1
28.300000,30.00000,-1.75000,0.244979,2
28.300000,31.00000,-1.50000,0.463648,3
28.300000,32.00000,-1.00000,0.244979,4
28.300000,33.00000,-0.75000,0.244979,5
28.300000,34.00000,-0.50000,0.244979,6
28.300000,35.00000,-0.25000,0.000000,7
28.300000,36.00000,-0.25000,0.000000,8
28.300000,37.00000,-0.25000,0.000000,9
28.300000,38.00000,-0.25000,0.000000,10
28.300000,39.00000,-0.25000,0.000000,11
28.300000,40.00000,-0.25000,0.000000,12
28.300000,41.00000,-0.25000,0.000000,13
28.300000,42.00000,-0.25000,0.000000,14
28.300000,43.00000,-0.25000,0.000000,15
28.300000,44.00000,-0.25000,0.000000,16
28.300000,45.00000,-0.25000,0.000000,17
28.300000,46.00000,-0.25000,0.000000,18
28.300000,47.00000,-0.25000,-0.244979,19
28.300000,48.00000,-0.50000,-0.244979,20
28.300000,49.00000,-0.75000,0.000000,21
28.300000,50.00000,-0.75000,-0.198552,22
28.300000,51.06588,-0.96446,0.100000,23
28.300000,52.12702,-0.85799,0.398552,24
28.300000,53.12904,-0.43605,0.468794,25
28.300000,54.08452,0.04785,0.300000,26
28.300000,55.07152,0.35317,0.366667,27
28.300000,56.03598,0.72355,0.433333,28
28.300000,56.97363,1.15737,0.500000,29
28.300000,57.88030,1.65268,0.500000,30
28.400000,28.32819,-3.08696,0.620225,0
28.400000,29.50000,-2.25000,0.463648,1
28.400000,30.50000,-1.75000,0.244979,2
28.400000,31.50000,-1.50000,0.463648,3
28.400000,32.50000,-1.00000,0.244979,4
28.400000,33.50000,-0.75000,0.244979,5
28.400000,34.50000,-0.50000,0.000000,6
28.400000,35.50000,-0.50000,0.000000,7
28.400000,36.50000,-0.50000,0.000000,8
28.400000,37.50000,-0.50000,0.000000,9
28.400000,38.50000,-0.50000,0.000000,10
28.400000,39.50000,-0.50000,0.000000,11
28.400000,40.50000,-0.50000,0.000000,12
28.400000,41.50000,-0.50000,0.000000,13
28.400000,42.50000,-0.50000,0.000000,14
28.400000,43.50000,-0.50000,0.000000,15
28.400000,44.50000,-0.50000,0.000000,16
28.400000,45.50000,-0.50000,0.000000,17
28.400000,46.50000,-0.50000,0.000000,18
28.400000,47.50000,-0.50000,0.000000,19
28.400000,48.50000,-0.50000,-0.244979,20
28.400000,49.50000,-0.75000,-0.229254,21
28.400000,50.53323,-0.99111,0.066667,22
28.400000,51.59733,-0.92007,0.365219,23
28.400000,52.61286,-0.53176,0.435461,24
28.400000,53.58394,-0.07997,0.266667,25
28.400000,54.58056,0.19228,0.333333,26
28.400000,55.55684,0.53032,0.400000,27
28.400000,56.50842,0.93265,0.466667,28
28.400000,57.43110,1.39747,0.533333,29
28.400000,58.32075,1.92273,0.533333,30
28.500000,28.51925,-3.09301,0.710017,0
28.500000,29.50000,-2.25000,0.463648,1
28.500000,30.50000,-1.75000,0.244979,2
28.500000,31.50000,-1.50000,0.463648,3
28.500000,32.50000,-1.00000,0.244979,4
28.500000,33.50000,-0.75000,0.244979,5
28.500000,34.50000,-0.50000,0.244979,6
28.500000,35.50000,-0.25000,0.000000,7
28.500000,36.50000,-0.25000,0.000000,8
28.500000,37.50000,-0.25000,0.000000,9
28.500000,38.50000,-0.25000,0.000000,10
28.500000,39.50000,-0.25000,0.000000,11
28.500000,40.50000,-0.25000,0.000000,12
28.500000,41.50000,-0.25000,0.000000,13
28.500000,42.50000,-0.25000,0.000000,14
28.500000,43.50000,-0.25000,0.000000,15
28.500000,44.50000,-0.25000,0.000000,16
28.500000,45.50000,-0.25000,0.000000,17
28.500000,46.50000,-0.25000,0.000000,18
28.500000,47.50000,-0.25000,-0.244979,19
28.500000,48.50000,-0.50000,-0.244979,20
28.500000,49.50000,-0.75000,-0.229254,21
28.500000,50.53323,-0.99111,0.066667,22
28.500000,51.59733,-0.92007,0.365219,23
28.500000,52.61286,-0.53176,0.435461,24
28.500000,53.58394,-0.07997,0.266667,25
28.500000,54.58056,0.19228,0.333333,26
28.500000,55.55684,0.53032,0.400000,27
28.500000,56.50842,0.93265,0.466667,28
28.500000,57.43110,1.39747,0.533333,29
28.500000,58.32075,1.92273,0.533333,30
28.600000,28.65965,-3.06387,0.769392,0
28.600000,29.50000,-2.25000,0.463648,1
28.600000,30.50000,-1.75000,0.244979,2
28.600000,31.50000,-1.50000,0.463648,3
28.600000,32.50000,-1.00000,0.244979,4
28.600000,33.50000,-0.75000,0.244979,5
28.600000,34.50000,-0.50000,0.244979,6
28.600000,35.50000,-0.25000,0.000000,7
28.600000,36.50000,-0.25000,0.000000,8
28.600000,37.50000,-0.25000,0.000000,9
28.600000,38.50000,-0.25000,0.000000,10
28.600000,39.50000,-0.25000,0.000000,11
28.600000,40.50000,-0.25000,0.000000,12
28.600000,41.50000,-0.25000,0.000000,13
28.600000,42.50000,-0.25000,0.000000,14
28.600000,43.50000,-0.25000,0.000000,15
28.600000,44.50000,-0.25000,0.000000,16
28.600000,45.50000,-0.25000,0.000000,17
28.600000,46.50000,-0.25000,0.000000,18
28.600000,47.50000,-0.25000,-0.244979,19
28.600000,48.50000,-0.50000,-0.244979,20
28.600000,49.50000,-0.75000,-0.229254,21
28.600000,50.53323,-0.99111,0.066667,22
28.600000,51.59733,-0.92007,0.365219,23
28.600000,52.61286,-0.53176,0.435461,24
28.600000,53.58394,-0.07997,0.266667,25
28.600000,54.58056,0.19228,0.333333,26
28.600000,55.55684,0.53032,0.400000,27
28.600000,56.50842,0.93265,0.466667,28
28.600000,57.43110,1.39747,0.533333,29
28.600000,58.32075,1.92273,0.533333,30
28.700000,28.82631,-3.06371,0.606209,0
28.700000,30.00000,-2.25000,0.463648,1
28.700000,31.00000,-1.75000,0.463648,2
28.700000,32.00000,-1.25000,0.244979,3
28.700000,33.00000,-1.00000,0.244979,4
28.700000,34.00000,-0.75000,0.244979,5
28.700000,35.00000,-0.50000,0.000000,6
28.700000,36.00000,-0.50000,0.000000,7
28.700000,37.00000,-0.50000,0.000000,8
28.700000,38.00000,-0.50000,0.000000,9
28.700000,39.00000,-0.50000,0.000000,10
28.700000,40.00000,-0.50000,0.000000,11
28.700000,41.00000,-0.50000,0.000000,12
28.700000,42.00000,-0.50000,0.000000,13
28.700000,43.00000,-0.50000,0.000000,14
28.700000,44.00000,-0.50000,0.000000,15
28.700000,45.00000,-0.50000,0.000000,16
28.700000,46.00000,-0.50000,0.000000,17
28.700000,47.00000,-0.50000,0.000000,18
28.700000,48.00000,-0.50000,-0.244979,19
28.700000,49.00000,-0.75000,-0.244979,20
28.700000,50.00000,-1.00000,0.033333,21
28.700000,51.06588,-0.96446,0.100000,22
28.700000,52.12702,-0.85799,0.398552,23
28.700000,53.12904,-0.43605,0.468794,24
28.700000,54.08452,0.04785,0.300000,25
28.700000,55.07152,0.35317,0.366667,26
28.700000,56.03598,0.72355,0.433333,27
28.700000,56.97363,1.15737,0.500000,28
28.700000,57.88030,1.65268,0.566667,29
28.700000,58.75196,2.20730,0.566667,30
28.800000,28.97480,-3.05505,0.665692,0
28.800000,30.00000,-2.25000,0.463648,1
28.800000,31.00000,-1.75000,0.463648,2
28.800000,32.00000,-1.25000,0.244979,3
28.800000,33.00000,-1.00000,0.244979,4
28.800000,34.00000,-0.75000,0.244979,5
28.800000,35.00000,-0.50000,0.000000,6
28.800000,36.00000,-0.50000,0.000000,7
28.800000,37.00000,-0.50000,0.000000,8
28.800000,38.00000,-0.50000,0.000000,9
28.800000,39.00000,-0.50000,0.000000,10
28.800000,40.00000,-0.50000,0.000000,11
28.800000,41.00000,-0.50000,0.000000,12
28.800000,42.00000,-0.50000,0.000000,13
28.800000,43.00000,-0.50000,0.000000,14
28.800000,44.00000,-0.50000,0.000000,15
28.800000,45.00000,-0.50000,0.000000,16
28.800000,46.00000,-0.50000,0.000000,17
28.800000,47.00000,-0.50000,0.000000,18
28.800000,48.00000,-0.50000,-0.244979,19
28.800000,49.00000,-0.75000,0.000000,20
28.800000,50.00000,-0.75000,-0.198552,21
28.800000,51.06588,-0.96446,0.100000,22
28.800000,52.12702,-0.85799,0.398552,23
28.800000,53.12904,-0.43605,0.468794,24
28.800000,54.08452,0.04785,0.300000,25
28.800000,55.07152,0.35317,0.366667,26
28.800000,56.03598,0.72355,0.433333,27
28.800000,56.97363,1.15737,0.500000,28
28.800000,57.88030,1.65268,0.566667,29
28.800000,58.75196,2.20730,0.566667,30
28.900000,29.19131,-3.02925,0.766857,0
28.900000,30.00000,-2.25000,0.463648,1
28.900000,31.00000,-1.75000,0.463648,2
28.900000,32.00000,-1.25000,0.244979,3
28.900000,33.00000,-1.00000,0.244979,4
28.900000,34.00000,-0.75000,0.244979,5
28.900000,35.00000,-0.50000,0.000000,6
28.900000,36.00000,-0.50000,0.000000,7
28.900000,37.00000,-0.50000,0.000000,8
28.900000,38.00000,-0.50000,0.000000,9
28.900000,39.00000,-0.50000,0.000000,10
28.900000,40.00000,-0.50000,0.000000,11
28.900000,41.00000,-0.50000,0.000000,12
28.900000,42.00000,-0.50000,0.000000,13
28.900000,43.00000,-0.50000,0.000000,14
28.900000,44.00000,-0.50000,0.000000,15
28.900000,45.00000,-0.50000,0.000000,16
28.900000,46.00000,-0.50000,0.000000,17
28.900000,47.00000,-0.50000,0.000000,18
28.900000,48.00000,-0.50000,-0.244979,19
28.900000,49.00000,-0.75000,-0.244979,20
28.900000,50.00000,-1.00000,0.033333,21
28.900000,51.06588,-0.96446,0.100000,22
28.900000,52.12702,-0.85799,0.398552,23
28.900000,53.12904,-0.43605,0.468794,24
28.900000,54.08452,0.04785,0.300000,25
28.900000,55.07152,0.35317,0.366667,26
28.900000,56.03598,0.72355,0.433333,27
28.900000,56.97363,1.15737,0.500000,28
28.900000,57.88030,1.65268,0.566667,29
28.900000,58.75196,2.20730,0.566667,30
29.000000,29.35448,-2.98778,0.572186,0
29.000000,30.50000,-2.25000,0.643501,1
29.000000,31.50000,-1.50000,0.463648,2
29.000000,32.50000,-1.00000,0.244979,3
29.000000,33.50000,-0.75000,0.244979,4
29.000000,34.50000,-0.50000,0.244979,5
29.000000,35.50000,-0.25000,0.000000,6
29.000000,36.50000,-0.25000,0.000000,7
29.000000,37.50000,-0.25000,0.000000,8
29.000000,38.50000,-0.25000,0.000000,9
29.000000,39.50000,-0.25000,0.000000,10
29.000000,40.50000,-0.25000,0.000000,11
29.000000,41.50000,-0.25000,0.000000,12
29.000000,42.50000,-0.25000,0.000000,13
29.000000,43.50000,-0.25000,0.000000,14
29.000000,44.50000,-0.25000,0.000000,15
29.000000,45.50000,-0.25000,0.000000,16
29.000000,46.50000,-0.25000,0.000000,17
29.000000,47.50000,-0.25000,-0.244979,18
29.000000,48.50000,-0.50000,-0.244979,19
29.000000,49.50000,-0.75000,-0.229254,20
29.000000,50.53323,-0.99111,0.066667,21
29.000000,51.59733,-0.92007,0.365219,22
29.000000,52.61286,-0.53176,0.435461,23
29.000000,53.58394,-0.07997,0.266667,24
29.000000,54.58056,0.19228,0.333333,25
29.000000,55.55684,0.53032,0.400000,26
29.000000,56.50842,0.93265,0.466667,27
29.000000,57.43110,1.39747,0.533333,28
29.000000,58.32075,1.92273,0.600000,29
29.000000,59.17344,2.50608,0.600000,30
29.100000,29.51107,-2.93373,0.604919,0
29.100000,30.50000,-2.25000,0.643501,1
29.100000,31.50000,-1.50000,0.463648,2
29.100000,32.50000,-1.00000,0.244979,3
29.100000,33.50000,-0.75000,0.244979,4
29.100000,34.50000,-0.50000,0.244979,5
29.100000,35.50000,-0.25000,0.000000,6
29.100000,36.50000,-0.25000,0.000000,7
29.100000,37.50000,-0.25000,0.000000,8
29.100000,38.50000,-0.25000,0.000000,9
29.100000,39.50000,-0.25000,0.000000,10
29.100000,40.50000,-0.25000,0.000000,11
29.100000,41.50000,-0.25000,0.000000,12
29.100000,42.50000,-0.25000,0.000000,13
29.100000,43.50000,-0.25000,0.000000,14
29.100000,44.50000,-0.25000,0.000000,15
29.100000,45.50000,-0.25000,0.000000,16
29.100000,46.50000,-0.25000,0.000000,17
29.100000,47.50000,-0.25000,-0.244979,18
29.100000,48.50000,-0.50000,-0.244979,19
29.100000,49.50000,-0.75000,-0.229254,20
29.100000,50.53323,-0.99111,0.066667,21
29.100000,51.59733,-0.92007,0.365219,22
29.100000,52.61286,-0.53176,0.435461,23
29.100000,53.58394,-0.07997,0.266667,24
29.100000,54.58056,0.19228,0.333333,25
29.100000,55.55684,0.53032,0.400000,26
29.100000,56.50842,0.93265,0.466667,27
29.100000,57.43110,1.39747,0.533333,28
29.100000,58.32075,1.92273,0.600000,29
29.100000,59.17344,2.50608,0.600000,30
29.204000,29.70919,-2.85051,0.821754,0
29.204000,30.50000,-2.00000,0.463648,1
29.204000,31.50000,-1.50000,0.463648,2
29.204000,32.50000,-1.00000,0.244979,3
29.204000,33.50000,-0.75000,0.244979,4
29.204000,34.50000,-0.50000,0.000000,5
29.204000,35.50000,-0.50000,0.000000,6
29.204000,36.50000,-0.50000,0.000000,7
29.204000,37.50000,-0.50000,0.000000,8
29.204000,38.50000,-0.50000,0.000000,9
29.204000,39.50000,-0.50000,0.000000,10
29.204000,40.50000,-0.50000,0.000000,11
29.204000,41.50000,-0.50000,0.000000,12
29.204000,42.50000,-0.50000,0.000000,13
29.204000,43.50000,-0.50000,0.000000,14
29.204000,44.50000,-0.50000,0.000000,15
29.204000,45.50000,-0.50000,0.000000,16
29.204000,46.50000,-0.50000,0.000000,17
29.204000,47.50000,-0.50000,0.000000,18
29.204000,48.50000,-0.50000,-0.244979,19
29.204000,49.50000,-0.75000,-0.229254,20
29.204000,50.53323,-0.99111,0.066667,21
29.204000,51.59733,-0.92007,0.365219,22
29.204000,52.61286,-0.53176,0.435461,23
29.204000,53.58394,-0.07997,0.266667,24
29.204000,54.58056,0.19228,0.333333,25
29.204000,55.55684,0.53032,0.400000,26
29.204000,56.50842,0.93265,0.466667,27
29.204000,57.43110,1.39747,0.533333,28
29.204000,58.32075,1.92273,0.600000,29
29.204000,59.17344,2.50608,0.600000,30
29.300000,29.81902,-2.80399,0.597710,0
29.300000,31.00000,-2.00000,0.463648,1
29.300000,32.00000,-1.50000,0.463648,2
29.300000,33.00000,-1.00000,0.244979,3
29.300000,34.00000,-0.75000,0.244979,4
29.300000,35.00000,-0.50000,0.000000,5
29.300000,36.00000,-0.50000,0.000000,6
29.300000,37.00000,-0.50000,0.000000,7
29.300000,38.00000,-0.50000,0.000000,8
29.300000,39.00000,-0.50000,0.000000,9
29.300000,40.00000,-0.50000,0.000000,10
29.300000,41.00000,-0.50000,0.000000,11
29.300000,42.00000,-0.50000,0.000000,12
29.300000,43.00000,-0.50000,0.000000,13
29.300000,44.00000,-0.50000,0.000000,14
29.300000,45.00000,-0.50000,0.000000,15
29.300000,46.00000,-0.50000,0.000000,16
29.300000,47.00000,-0.50000,0.000000,17
29.300000,48.00000,-0.50000,-0.244979,18
29.300000,49.00000,-0.75000,-0.244979,19
29.300000,50.00000,-1.00000,0.033333,20
29.300000,51.06588,-0.96446,0.100000,21
29.300000,52.12702,-0.85799,0.398552,22
29.300000,53.12904,-0.43605,0.468794,23
29.300000,54.08452,0.04785,0.300000,24
29.300000,55.07152,0.35317,0.366667,25
29.300000,56.03598,0.72355,0.433333,26
29.300000,56.97363,1.15737,0.500000,27
29.300000,57.88030,1.65268,0.566667,28
29.300000,58.75196,2.20730,0.633333,29
29.300000,59.58473,2.81875,0.633333,30
29.400000,30.00161,-2.73398,0.633936,0
29.400000,31.00000,-2.00000,0.463648,1
29.400000,32.00000,-1.50000,0.463648,2
29.400000,33.00000,-1.00000,0.244979,3
29.400000,34.00000,-0.75000,0.244979,4
29.400000,35.00000,-0.50000,0.000000,5
29.400000,36.00000,-0.50000,0.000000,6
29.400000,37.00000,-0.50000,0.000000,7
29.400000,38.00000,-0.50000,0.000000,8
29.400000,39.00000,-0.50000,0.000000,9
29.400000,40.00000,-0.50000,0.000000,10
29.400000,41.00000,-0.50000,0.000000,11
29.400000,42.00000,-0.50000,0.000000,12
29.400000,43.00000,-0.50000,0.000000,13
29.400000,44.00000,-0.50000,0.000000,14
29.400000,45.00000,-0.50000,0.000000,15
29.400000,46.00000,-0.50000,0.000000,16
29.400000,47.00000,-0.50000,0.000000,17
29.400000,48.00000,-0.50000,0.000000,18
29.400000,49.00000,-0.50000,-0.244979,19
29.400000,50.00000,-0.75000,0.033333,20
29.400000,51.04922,-0.71501,0.100000,21
29.400000,52.09378,-0.61021,0.402128,22
29.400000,53.07937,-0.19103,0.472480,23
29.400000,54.01864,0.28902,0.300000,24
29.400000,54.98972,0.58941,0.366667,25
29.400000,55.93863,0.95382,0.433333,26
29.400000,56.86116,1.38064,0.500000,27
29.400000,57.75320,1.86796,0.566667,28
29.400000,58.61080,2.41363,0.633333,29
29.400000,59.43014,3.01522,0.633333,30
29.500000,30.11987,-2.67244,0.652415,0
29.500000,31.00000,-2.00000,0.463648,1
29.500000,32.00000,-1.50000,0.463648,2
29.500000,33.00000,-1.00000,0.244979,3
29.500000,34.00000,-0.75000,0.244979,4
29.500000,35.00000,-0.50000,0.000000,5
29.500000,36.00000,-0.50000,0.000000,6
29.500000,37.00000,-0.50000,0.000000,7
29.500000,38.00000,-0.50000,0.000000,8
29.500000,39.00000,-0.50000,0.000000,9
29.500000,40.00000,-0.50000,0.000000,10
29.500000,41.00000,-0.50000,0.000000,11
29.500000,42.00000,-0.50000,0.000000,12
29.500000,43.00000,-0.50000,0.000000,13
29.500000,44.00000,-0.50000,0.000000,14
29.500000,45.00000,-0.50000,0.000000,15
29.500000,46.00000,-0.50000,0.000000,16
29.500000,47.00000,-0.50000,0.000000,17
29.500000,48.00000,-0.50000,-0.244979,18
29.500000,49.00000,-0.75000,0.000000,19
29.500000,50.00000,-0.75000,0.033333,20
29.500000,51.04922,-0.71501,0.100000,21
29.500000,52.09378,-0.61021,0.402128,22
29.500000,53.07937,-0.19103,0.472480,23
29.500000,54.01864,0.28902,0.300000,24
29.500000,54.98972,0.58941,0.366667,25
29.500000,55.93863,0.95382,0.433333,26
29.500000,56.86116,1.38064,0.500000,27
29.500000,57.75320,1.86796,0.566667,28
29.500000,58.61080,2.41363,0.633333,29
29.500000,59.43014,3.01522,0.633333,30
29.600000,30.27655,-2.57964,0.595889,0
29.600000,31.50000,-1.75000,0.463648,1
29.600000,32.50000,-1.25000,0.244979,2
29.600000,33.50000,-1.00000,0.244979,3
29.600000,34.50000,-0.75000,0.244979,4
29.600000,35.50000,-0.50000,0.000000,5
29.600000,36.50000,-0.50000,0.000000,6
29.600000,37.50000,-0.50000,0.000000,7
29.600000,38.50000,-0.50000,0.000000,8
29.600000,39.50000,-0.50000,0.000000,9
29.600000,40.50000,-0.50000,0.000000,10
29.600000,41.50000,-0.50000,0.000000,11
29.600000,42.50000,-0.50000,0.000000,12
29.600000,43.50000,-0.50000,0.000000,13
29.600000,44.50000,-0.50000,0.000000,14
29.600000,45.50000,-0.50000,0.000000,15
29.600000,46.50000,-0.50000,0.000000,16
29.600000,47.50000,-0.50000,0.000000,17
29.600000,48.50000,-0.50000,-0.244979,18
29.600000,49.50000,-0.75000,-0.229254,19
29.600000,50.53323,-0.99111,0.066667,20
29.600000,51.59733,-0.92007,0.365219,21
29.600000,52.61286,-0.53176,0.435461,22
29.600000,53.58394,-0.07997,0.505813,23
29.600000,54.50668,0.43112,0.333333,24
29.600000,55.46721,0.76370,0.400000,25
29.600000,56.40345,1.15954,0.466667,26
29.600000,57.31124,1.61687,0.533333,27
29.600000,58.18655,2.13365,0.600000,28
29.600000,59.02548,2.70760,0.666667,29
29.600000,59.82432,3.33616,0.666667,30
29.700000,30.41362,-2.52718,0.620976,0
29.700000,31.50000,-1.75000,0.463648,1
29.700000,32.50000,-1.25000,0.244979,2
29.700000,33.50000,-1.00000,0.244979,3
29.700000,34.50000,-0.75000,0.244979,4
29.700000,35.50000,-0.50000,0.000000,5
29.700000,36.50000,-0.50000,0.000000,6
29.700000,37.50000,-0.50000,0.000000,7
29.700000,38.50000,-0.50000,0.000000,8
29.700000,39.50000,-0.50000,0.000000,9
29.700000,40.50000,-0.50000,0.000000,10
29.700000,41.50000,-0.50000,0.000000,11
29.700000,42.50000,-0.50000,0.000000,12
29.700000,43.50000,-0.50000,0.000000,13
29.700000,44.50000,-0.50000,0.000000,14
29.700000,45.50000,-0.50000,0.000000,15
29.700000,46.50000,-0.50000,0.000000,16
29.700000,47.50000,-0.50000,0.000000,17
29.700000,48.50000,-0.50000,-0.244979,18
29.700000,49.50000,-0.75000,-0.229254,19
29.700000,50.53323,-0.99111,0.066667,20
29.700000,51.59733,-0.92007,0.365219,21
29.700000,52.61286,-0.53176,0.435461,22
29.700000,53.58394,-0.07997,0.505813,23
29.700000,54.50668,0.43112,0.333333,24
29.700000,55.46721,0.76370,0.400000,25
29.700000,56.40345,1.15954,0.466667,26
29.700000,57.31124,1.61687,0.533333,27
29.700000,58.18655,2.13365,0.600000,28
29.700000,59.02548,2.70760,0.666667,29
29.700000,59.82432,3.33616,0.666667,30
29.800000,30.54257,-2.49645,0.662203,0
29.800000,31.50000,-1.75000,0.463648,1
29.800000,32.50000,-1.25000,0.244979,2
29.800000,33.50000,-1.00000,0.244979,3
29.800000,34.50000,-0.75000,0.244979,4
29.800000,35.50000,-0.50000,0.000000,5
29.800000,36.50000,-0.50000,0.000000,6
29.800000,37.50000,-0.50000,0.000000,7
29.800000,38.50000,-0.50000,0.000000,8
29.800000,39.50000,-0.50000,0.000000,9
29.800000,40.50000,-0.50000,0.000000,10
29.800000,41.50000,-0.50000,0.000000,11
29.800000,42.50000,-0.50000,0.000000,12
29.800000,43.50000,-0.50000,0.000000,13
29.800000,44.50000,-0.50000,0.000000,14
29.800000,45.50000,-0.50000,0.000000,15
29.800000,46.50000,-0.50000,0.000000,16
29.800000,47.50000,-0.50000,0.000000,17
29.800000,48.50000,-0.50000,-0.244979,18
29.800000,49.50000,-0.75000,-0.229254,19
29.800000,50.53323,-0.99111,0.066667,20
29.800000,51.59733,-0.92007,0.365219,21
29.800000,52.61286,-0.53176,0.435461,22
29.800000,53.58394,-0.07997,0.505813,23
29.800000,54.50668,0.43112,0.333333,24
29.800000,55.46721,0.76370,0.400000,25
29.800000,56.40345,1.15954,0.466667,26
29.800000,57.31124,1.61687,0.533333,27
29.800000,58.18655,2.13365,0.600000,28
29.800000,59.02548,2.70760,0.666667,29
29.800000,59.82432,3.33616,0.666667,30
29.900000,30.63293,-2.40006,0.643326,0
29.900000,31.50000,-1.75000,0.463648,1
29.900000,32.50000,-1.25000,0.244979,2
29.900000,33.50000,-1.00000,0.244979,3
29.900000,34.50000,-0.75000,0.244979,4
29.900000,35.50000,-0.50000,0.000000,5
29.900000,36.50000,-0.50000,0.000000,6
29.900000,37.50000,-0.50000,0.000000,7
29.900000,38.50000,-0.50000,0.000000,8
29.900000,39.50000,-0.50000,0.000000,9
29.900000,40.50000,-0.50000,0.000000,10
29.900000,41.50000,-0.50000,0.000000,11
29.900000,42.50000,-0.50000,0.000000,12
29.900000,43.50000,-0.50000,0.000000,13
29.900000,44.50000,-0.50000,0.000000,14
29.900000,45.50000,-0.50000,0.000000,15
29.900000,46.50000,-0.50000,0.000000,16
29.900000,47.50000,-0.50000,0.000000,17
29.900000,48.50000,-0.50000,-0.244979,18
29.900000,49.50000,-0.75000,-0.229254,19
29.900000,50.53323,-0.99111,0.066667,20
29.900000,51.59733,-0.92007,0.365219,21
29.900000,52.61286,-0.53176,0.435461,22
29.900000,53.58394,-0.07997,0.505813,23
29.900000,54.50668,0.43112,0.333333,24
29.900000,55.46721,0.76370,0.400000,25
29.900000,56.40345,1.15954,0.466667,26
29.900000,57.31124,1.61687,0.533333,27
29.900000,58.18655,2.13365,0.600000,28
29.900000,59.02548,2.70760,0.666667,29
29.900000,59.82432,3.33616,0.666667,30
30.000000,30.70981,-2.39068,0.845108,0
30.000000,31.50000,-1.50000,0.463648,1
30.000000,32.50000,-1.00000,0.244979,2
30.000000,33.50000,-0.75000,0.244979,3
30.000000,34.50000,-0.50000,0.000000,4
30.000000,35.50000,-0.50000,0.000000,5
30.000000,36.50000,-0.50000,0.000000,6
30.000000,37.50000,-0.50000,0.000000,7
30.000000,38.50000,-0.50000,0.000000,8
30.000000,39.50000,-0.50000,0.000000,9
30.000000,40.50000,-0.50000,0.000000,10
30.000000,41.50000,-0.50000,0.000000,11
30.000000,42.50000,-0.50000,0.000000,12
30.000000,43.50000,-0.50000,0.000000,13
30.000000,44.50000,-0.50000,0.000000,14
30.000000,45.50000,-0.50000,0.000000,15
30.000000,46.50000,-0.50000,0.000000,16
30.000000,47.50000,-0.50000,0.000000,17
30.000000,48.50000,-0.50000,-0.244979,18
30.000000,49.50000,-0.75000,-0.229254,19
30.000000,50.53323,-0.99111,0.066667,20
30.000000,51.59733,-0.92007,0.365219,21
30.000000,52.61286,-0.53176,0.435461,22
30.000000,53.58394,-0.07997,0.505813,23
30.000000,54.50668,0.43112,0.333333,24
30.000000,55.46721,0.76370,0.400000,25
30.000000,56.40345,1.15954,0.466667,26
30.000000,57.31124,1.61687,0.533333,27
30.000000,58.18655,2.13365,0.600000,28
30.000000,59.02548,2.70760,0.666667,29
30.000000,59.82432,3.33616,0.666667,30
30.100000,30.83178,-2.33728,0.621855,0
30.100000,32.00000,-1.50000,0.463648,1
30.100000,33.00000,-1.00000,0.244979,2
30.100000,34.00000,-0.75000,0.244979,3
30.100000,35.00000,-0.50000,0.000000,4
30.100000,36.00000,-0.50000,0.000000,5
30.100000,37.00000,-0.50000,0.000000,6
30.100000,38.00000,-0.50000,0.000000,7
30.100000,39.00000,-0.50000,0.000000,8
30.100000,40.00000,-0.50000,0.000000,9
30.100000,41.00000,-0.50000,0.000000,10
30.100000,42.00000,-0.50000,0.000000,11
30.100000,43.00000,-0.50000,0.000000,12
30.100000,44.00000,-0.50000,0.000000,13
30.100000,45.00000,-0.50000,0.000000,14
30.100000,46.00000,-0.50000,0.000000,15
30.100000,47.00000,-0.50000,0.000000,16
30.100000,48.00000,-0.50000,-0.244979,17
30.100000,49.00000,-0.75000,-0.244979,18
30.100000,50.00000,-1.00000,0.033333,19
30.100000,51.06588,-0.96446,0.100000,20
30.100000,52.12702,-0.85799,0.398552,21
30.100000,53.12904,-0.43605,0.468794,22
30.100000,54.08452,0.04785,0.539146,23
30.100000,54.98972,0.58941,0.366667,24
30.100000,55.93863,0.95382,0.433333,25
30.100000,56.86116,1.38064,0.500000,26
30.100000,57.75320,1.86796,0.566667,27
30.100000,58.61080,2.41363,0.633333,28
30.100000,59.43014,3.01522,0.700000,29
30.100000,60.20759,3.67005,0.700000,30
30.200000,30.89630,-2.27256,0.610708,0
30.200000,32.00000,-1.50000,0.463648,1
30.200000,33.00000,-1.00000,0.244979,2
30.200000,34.00000,-0.75000,0.244979,3
30.200000,35.00000,-0.50000,0.000000,4
30.200000,36.00000,-0.50000,0.000000,5
30.200000,37.00000,-0.50000,0.000000,6
30.200000,38.00000,-0.50000,0.000000,7
30.200000,39.00000,-0.50000,0.000000,8
30.200000,40.00000,-0.50000,0.000000,9
30.200000,41.00000,-0.50000,0.000000,10
30.200000,42.00000,-0.50000,0.000000,11
30.200000,43.00000,-0.50000,0.000000,12
30.200000,44.00000,-0.50000,0.000000,13
30.200000,45.00000,-0.50000,0.000000,14
30.200000,46.00000,-0.50000,0.000000,15
30.200000,47.00000,-0.50000,0.000000,16
30.200000,48.00000,-0.50000,-0.244979,17
30.200000,49.00000,-0.75000,-0.244979,18
30.200000,50.00000,-1.00000,0.033333,19
30.200000,51.06588,-0.96446,0.100000,20
30.200000,52.12702,-0.85799,0.398552,21
30.200000,53.12904,-0.43605,0.468794,22
30.200000,54.08452,0.04785,0.539146,23
30.200000,54.98972,0.58941,0.366667,24
30.200000,55.93863,0.95382,0.433333,25
30.200000,56.86116,1.38064,0.500000,26
30.200000,57.75320,1.86796,0.566667,27
30.200000,58.61080,2.41363,0.633333,28
30.200000,59.43014,3.01522,0.700000,29
30.200000,60.20759,3.67005,0.700000,30
30.300000,30.95574,-2.19713,0.588636,0
30.300000,32.00000,-1.50000,0.463648,1
30.300000,33.00000,-1.00000,0.244979,2
30.300000,34.00000,-0.75000,0.244979,3
30.300000,35.00000,-0.50000,0.000000,4
30.300000,36.00000,-0.50000,0.000000,5
30.300000,37.00000,-0.50000,0.000000,6
30.300000,38.00000,-0.50000,0.000000,7
30.300000,39.00000,-0.50000,0.000000,8
30.300000,40.00000,-0.50000,0.000000,9
30.300000,41.00000,-0.50000,0.000000,10
30.300000,42.00000,-0.50000,0.000000,11
30.300000,43.00000,-0.50000,0.000000,12
30.300000,44.00000,-0.50000,0.000000,13
30.300000,45.00000,-0.50000,0.000000,14
30.300000,46.00000,-0.50000,0.000000,15
30.300000,47.00000,-0.50000,0.000000,16
30.300000,48.00000,-0.50000,-0.244979,17
30.300000,49.00000,-0.75000,-0.244979,18
30.300000,50.00000,-1.00000,0.033333,19
30.300000,51.06588,-0.96446,0.100000,20
30.300000,52.12702,-0.85799,0.398552,21
30.300000,53.12904,-0.43605,0.468794,22
30.300000,54.08452,0.04785,0.539146,23
30.300000,54.98972,0.58941,0.366667,24
30.300000,55.93863,0.95382,0.433333,25
30.300000,56.86116,1.38064,0.500000,26
30.300000,57.75320,1.86796,0.566667,27
30.300000,58.61080,2.41363,0.633333,28
30.300000,59.43014,3.01522,0.700000,29
30.300000,60.20759,3.67005,0.700000,30
30.400000,31.05958,-2.17571,0.623043,0
30.400000,32.00000,-1.50000,0.463648,1
30.400000,33.00000,-1.00000,0.244979,2
30.400000,34.00000,-0.75000,0.244979,3
30.400000,35.00000,-0.50000,0.000000,4
30.400000,36.00000,-0.50000,0.000000,5
30.400000,37.00000,-0.50000,0.000000,6
30.400000,38.00000,-0.50000,0.000000,7
30.400000,39.00000,-0.50000,0.000000,8
30.400000,40.00000,-0.50000,0.000000,9
30.400000,41.00000,-0.50000,0.000000,10
30.400000,42.00000,-0.50000,0.000000,11
30.400000,43.00000,-0.50000,0.000000,12
30.400000,44.00000,-0.50000,0.000000,13
30.400000,45.00000,-0.50000,0.000000,14
30.400000,46.00000,-0.50000,0.000000,15
30.400000,47.00000,-0.50000,0.000000,16
30.400000,48.00000,-0.50000,-0.244979,17
30.400000,49.00000,-0.75000,-0.244979,18
30.400000,50.00000,-1.00000,0.033333,19
30.400000,51.06588,-0.96446,0.100000,20
30.400000,52.12702,-0.85799,0.398552,21
30.400000,53.12904,-0.43605,0.468794,22
30.400000,54.08452,0.04785,0.539146,23
30.400000,54.98972,0.58941,0.366667,24
30.400000,55.93863,0.95382,0.433333,25
30.400000,56.86116,1.38064,0.500000,26
30.400000,57.75320,1.86796,0.566667,27
30.400000,58.61080,2.41363,0.633333,28
30.400000,59.43014,3.01522,0.700000,29
30.400000,60.20759,3.67005,0.700000,30
30.500000,31.11911,-2.10111,0.768207,0
30.500000,32.00000,-1.25000,0.244979,1
30.500000,33.00000,-1.00000,0.244979,2
30.500000,34.00000,-0.75000,0.244979,3
30.500000,35.00000,-0.50000,0.000000,4
30.500000,36.00000,-0.50000,0.000000,5
30.500000,37.00000,-0.50000,0.000000,6
30.500000,38.00000,-0.50000,0.000000,7
30.500000,39.00000,-0.50000,0.000000,8
30.500000,40.00000,-0.50000,0.000000,9
30.500000,41.00000,-0.50000,0.000000,10
30.500000,42.00000,-0.50000,0.000000,11
30.500000,43.00000,-0.50000,0.000000,12
30.500000,44.00000,-0.50000,0.000000,13
30.500000,45.00000,-0.50000,0.000000,14
30.500000,46.00000,-0.50000,0.000000,15
30.500000,47.00000,-0.50000,0.000000,16
30.500000,48.00000,-0.50000,-0.244979,17
30.500000,49.00000,-0.75000,-0.244979,18
30.500000,50.00000,-1.00000,0.033333,19
30.500000,51.06588,-0.96446,0.100000,20
30.500000,52.12702,-0.85799,0.398552,21
30.500000,53.12904,-0.43605,0.468794,22
30.500000,54.08452,0.04785,0.539146,23
30.500000,54.98972,0.58941,0.366667,24
30.500000,55.93863,0.95382,0.433333,25
30.500000,56.86116,1.38064,0.500000,26
30.500000,57.75320,1.86796,0.566667,27
30.500000,58.61080,2.41363,0.633333,28
30.500000,59.43014,3.01522,0.700000,29
30.500000,60.20759,3.67005,0.700000,30
30.600000,31.15992,-2.01889,0.741181,0
30.600000,32.00000,-1.25000,0.244979,1
30.600000,33.00000,-1.00000,0.244979,2
30.600000,34.00000,-0.75000,0.244979,3
30.600000,35.00000,-0.50000,0.000000,4
30.600000,36.00000,-0.50000,0.000000,5
30.600000,37.00000,-0.50000,0.000000,6
30.600000,38.00000,-0.50000,0.000000,7
30.600000,39.00000,-0.50000,0.000000,8
30.600000,40.00000,-0.50000,0.000000,9
30.600000,41.00000,-0.50000,0.000000,10
30.600000,42.00000,-0.50000,0.000000,11
30.600000,43.00000,-0.50000,0.000000,12
30.600000,44.00000,-0.50000,0.000000,13
30.600000,45.00000,-0.50000,0.000000,14
30.600000,46.00000,-0.50000,0.000000,15
30.600000,47.00000,-0.50000,0.000000,16
30.600000,48.00000,-0.50000,-0.244979,17
30.600000,49.00000,-0.75000,-0.244979,18
30.600000,50.00000,-1.00000,0.033333,19
30.600000,51.06588,-0.96446,0.100000,20
30.600000,52.12702,-0.85799,0.398552,21
30.600000,53.12904,-0.43605,0.468794,22
30.600000,54.08452,0.04785,0.539146,23
30.600000,54.98972,0.58941,0.609613,24
30.600000,55.84128,1.18409,0.680200,25
30.600000,56.63620,1.82717,0.750914,26
30.600000,57.37189,2.51380,1.050992,27
30.600000,57.90499,3.44530,1.132524,28
30.600000,58.34799,4.39052,1.214914,29
30.600000,58.70155,5.34168,1.214914,30
30.700000,31.25518,-1.97640,0.528224,0
30.700000,32.50000,-1.25000,0.244979,1
30.700000,33.50000,-1.00000,0.244979,2
30.700000,34.50000,-0.75000,0.244979,3
30.700000,35.50000,-0.50000,0.000000,4
30.700000,36.50000,-0.50000,0.000000,5
30.700000,37.50000,-0.50000,0.000000,6
30.700000,38.50000,-0.50000,0.000000,7
30.700000,39.50000,-0.50000,0.000000,8
30.700000,40.50000,-0.50000,0.000000,9
30.700000,41.50000,-0.50000,0.000000,10
30.700000,42.50000,-0.50000,0.000000,11
30.700000,43.50000,-0.50000,0.000000,12
30.700000,44.50000,-0.50000,0.000000,13
30.700000,45.50000,-0.50000,0.000000,14
30.700000,46.50000,-0.50000,0.000000,15
30.700000,47.50000,-0.50000,0.000000,16
30.700000,48.50000,-0.50000,-0.244979,17
30.700000,49.50000,-0.75000,-0.229254,18
30.700000,50.53323,-0.99111,0.066667,19
30.700000,51.59733,-0.92007,0.365219,20
30.700000,52.61286,-0.53176,0.435461,21
30.700000,53.58394,-0.07997,0.505813,22
30.700000,54.50668,0.43112,0.576280,23
30.700000,55.37759,0.99709,0.646867,24
30.700000,56.19350,1.61333,0.943861,25
30.700000,56.83181,2.49445,1.024988,26
30.700000,57.38131,3.39919,1.106941,27
30.700000,57.84181,4.31972,1.189785,28
30.700000,58.21378,5.24826,1.273589,29
30.700000,58.49829,6.17722,1.273589,30
31.600000,32.08420,-1.38735,0.608001,0
31.600000,33.00000,-0.75000,0.244979,1
31.600000,34.00000,-0.50000,0.244979,2
31.600000,35.00000,-0.25000,0.000000,3
31.600000,36.00000,-0.25000,0.000000,4
31.600000,37.00000,-0.25000,0.000000,5
31.600000,38.00000,-0.25000,0.000000,6
31.600000,39.00000,-0.25000,0.000000,7
31.600000,40.00000,-0.25000,0.000000,8
31.600000,41.00000,-0.25000,0.000000,9
31.600000,42.00000,-0.25000,0.000000,10
31.600000,43.00000,-0.25000,0.000000,11
31.600000,44.00000,-0.25000,0.000000,12
31.600000,45.00000,-0.25000,0.000000,13
31.600000,46.00000,-0.25000,0.000000,14
31.600000,47.00000,-0.25000,-0.244979,15
31.600000,48.00000,-0.50000,-0.244979,16
31.600000,49.00000,-0.75000,-0.244979,17
31.600000,50.00000,-1.00000,0.033333,18
31.600000,51.06588,-0.96446,0.100000,19
31.600000,52.12702,-0.85799,0.398552,20
31.600000,53.12904,-0.43605,0.468794,21
31.600000,54.08452,0.04785,0.539146,22
31.600000,54.98972,0.58941,0.609613,23
31.600000,55.84128,1.18409,0.680200,24
31.600000,56.63620,1.82717,0.750914,25
31.600000,57.37189,2.51380,0.566667,26
31.600000,58.18732,3.03263,0.633333,27
31.600000,58.96636,3.60463,0.700000,28
31.600000,59.70557,4.22726,0.766667,29
31.600000,60.40166,4.89775,0.766667,30
31.700000,32.16962,-1.34511,0.621828,0
31.700000,33.00000,-0.75000,0.244979,1
31.700000,34.00000,-0.50000,0.244979,2
31.700000,35.00000,-0.25000,0.000000,3
31.700000,36.00000,-0.25000,0.000000,4
31.700000,37.00000,-0.25000,0.000000,5
31.700000,38.00000,-0.25000,0.000000,6
31.700000,39.00000,-0.25000,0.000000,7
31.700000,40.00000,-0.25000,0.000000,8
31.700000,41.00000,-0.25000,0.000000,9
31.700000,42.00000,-0.25000,0.000000,10
31.700000,43.00000,-0.25000,0.000000,11
31.700000,44.00000,-0.25000,0.000000,12
31.700000,45.00000,-0.25000,0.000000,13
31.700000,46.00000,-0.25000,0.000000,14
31.700000,47.00000,-0.25000,-0.244979,15
31.700000,48.00000,-0.50000,-0.244979,16
31.700000,49.00000,-0.75000,-0.244979,17
31.700000,50.00000,-1.00000,0.033333,18
31.700000,51.06588,-0.96446,0.100000,19
31.700000,52.12702,-0.85799,0.398552,20
31.700000,53.12904,-0.43605,0.468794,21
31.700000,54.08452,0.04785,0.539146,22
31.700000,54.98972,0.58941,0.609613,23
31.700000,55.84128,1.18409,0.433333,24
31.700000,56.74868,1.60391,0.746867,25
31.700000,57.49900,2.29852,0.566667,26
31.700000,58.32848,2.82630,0.633333,27
31.700000,59.12095,3.40816,0.700000,28
31.700000,59.87291,4.04153,0.766667,29
31.700000,60.58100,4.72358,0.766667,30
31.800000,32.28253,-1.27229,0.405250,0
31.800000,33.50000,-0.75000,0.244979,1
31.800000,34.50000,-0.50000,0.000000,2
31.800000,35.50000,-0.50000,0.000000,3
31.800000,36.50000,-0.50000,0.000000,4
31.800000,37.50000,-0.50000,0.000000,5
31.800000,38.50000,-0.50000,0.000000,6
31.800000,39.50000,-0.50000,0.000000,7
31.800000,40.50000,-0.50000,0.000000,8
31.800000,41.50000,-0.50000,0.000000,9
31.800000,42.50000,-0.50000,0.000000,10
31.800000,43.50000,-0.50000,0.000000,11
31.800000,44.50000,-0.50000,0.000000,12
31.800000,45.50000,-0.50000,0.000000,13
31.800000,46.50000,-0.50000,0.000000,14
31.800000,47.50000,-0.50000,0.000000,15
31.800000,48.50000,-0.50000,-0.244979,16
31.800000,49.50000,-0.75000,-0.229254,17
31.800000,50.53323,-0.99111,0.066667,18
31.800000,51.59733,-0.92007,0.365219,19
31.800000,52.61286,-0.53176,0.435461,20
31.800000,53.58394,-0.07997,0.505813,21
31.800000,54.50668,0.43112,0.333333,22
31.800000,55.46721,0.76370,0.400000,23
31.800000,56.40345,1.15954,0.466667,24
31.800000,57.31124,1.61687,0.533333,25
31.800000,58.18655,2.13365,0.600000,26
31.800000,59.02548,2.70760,0.666667,27
31.800000,59.82432,3.33616,0.733333,28
31.800000,60.57951,4.01654,0.800000,29
31.800000,61.28770,4.74571,0.800000,30
31.900000,32.39494,-1.27306,0.442086,0
31.900000,33.50000,-0.75000,0.244979,1
31.900000,34.50000,-0.50000,0.000000,2
31.900000,35.50000,-0.50000,0.000000,3
31.900000,36.50000,-0.50000,0.000000,4
31.900000,37.50000,-0.50000,0.000000,5
31.900000,38.50000,-0.50000,0.000000,6
31.900000,39.50000,-0.50000,0.000000,7
31.900000,40.50000,-0.50000,0.000000,8
31.900000,41.50000,-0.50000,0.000000,9
31.900000,42.50000,-0.50000,0.000000,10
31.900000,43.50000,-0.50000,0.000000,11
31.900000,44.50000,-0.50000,0.000000,12
31.900000,45.50000,-0.50000,0.000000,13
31.900000,46.50000,-0.50000,0.000000,14
31.900000,47.50000,-0.50000,0.000000,15
31.900000,48.50000,-0.50000,-0.244979,16
31.900000,49.50000,-0.75000,-0.229254,17
31.900000,50.53323,-0.99111,0.066667,18
31.900000,51.59733,-0.92007,0.365219,19
31.900000,52.61286,-0.53176,0.435461,20
31.900000,53.58394,-0.07997,0.505813,21
31.900000,54.50668,0.43112,0.333333,22
31.900000,55.46721,0.76370,0.400000,23
31.900000,56.40345,1.15954,0.466667,24
31.900000,57.31124,1.61687,0.533333,25
31.900000,58.18655,2.13365,0.600000,26
31.900000,59.02548,2.70760,0.666667,27
31.900000,59.82432,3.33616,0.733333,28
31.900000,60.57951,4.01654,0.800000,29
31.900000,61.28770,4.74571,0.800000,30
32.000000,32.42014,-1.23001,0.418282,0
32.000000,33.50000,-0.75000,0.244979,1
32.000000,34.50000,-0.50000,0.000000,2
32.000000,35.50000,-0.50000,0.000000,3
32.000000,36.50000,-0.50000,0.000000,4
32.000000,37.50000,-0.50000,0.000000,5
32.000000,38.50000,-0.50000,0.000000,6
32.000000,39.50000,-0.50000,0.000000,7
32.000000,40.50000,-0.50000,0.000000,8
32.000000,41.50000,-0.50000,0.000000,9
32.000000,42.50000,-0.50000,0.000000,10
32.000000,43.50000,-0.50000,0.000000,11
32.000000,44.50000,-0.50000,0.000000,12
32.000000,45.50000,-0.50000,0.000000,13
32.000000,46.50000,-0.50000,0.000000,14
32.000000,47.50000,-0.50000,0.000000,15
32.000000,48.50000,-0.50000,-0.244979,16
32.000000,49.50000,-0.75000,-0.229254,17
32.000000,50.53323,-0.99111,0.066667,18
32.000000,51.59733,-0.92007,0.365219,19
32.000000,52.61286,-0.53176,0.435461,20
32.000000,53.58394,-0.07997,0.505813,21
32.000000,54.50668,0.43112,0.333333,22
32.000000,55.46721,0.76370,0.400000,23
32.000000,56.40345,1.15954,0.466667,24
32.000000,57.31124,1.61687,0.533333,25
32.000000,58.18655,2.13365,0.600000,26
32.000000,59.02548,2.70760,0.666667,27
32.000000,59.82432,3.33616,0.733333,28
32.000000,60.57951,4.01654,0.800000,29
32.000000,61.28770,4.74571,0.800000,30
32.100000,32.52214,-1.18257,0.416485,0
32.100000,33.50000,-0.75000,0.244979,1
32.100000,34.50000,-0.50000,0.000000,2
32.100000,35.50000,-0.50000,0.000000,3
32.100000,36.50000,-0.50000,0.000000,4
32.100000,37.50000,-0.50000,0.000000,5
32.100000,38.50000,-0.50000,0.000000,6
32.100000,39.50000,-0.50000,0.000000,7
32.100000,40.50000,-0.50000,0.000000,8
32.100000,41.50000,-0.50000,0.000000,9
32.100000,42.50000,-0.50000,0.000000,10
32.100000,43.50000,-0.50000,0.000000,11
32.100000,44.50000,-0.50000,0.000000,12
32.100000,45.50000,-0.50000,0.000000,13
32.100000,46.50000,-0.50000,0.000000,14
32.100000,47.50000,-0.50000,0.000000,15
32.100000,48.50000,-0.50000,-0.244979,16
32.100000,49.50000,-0.75000,-0.229254,17
32.100000,50.53323,-0.99111,0.066667,18
32.100000,51.59733,-0.92007,0.365219,19
32.100000,52.61286,-0.53176,0.435461,20
32.100000,53.58394,-0.07997,0.505813,21
32.100000,54.50668,0.43112,0.333333,22
32.100000,55.46721,0.76370,0.400000,23
32.100000,56.40345,1.15954,0.466667,24
32.100000,57.31124,1.61687,0.533333,25
32.100000,58.18655,2.13365,0.600000,26
32.100000,59.02548,2.70760,0.666667,27
32.100000,59.82432,3.33616,0.733333,28
32.100000,60.57951,4.01654,0.800000,29
32.100000,61.28770,4.74571,0.800000,30
32.200000,32.63634,-1.13985,0.424008,0
32.200000,33.50000,-0.75000,0.244979,1
32.200000,34.50000,-0.50000,0.000000,2
32.200000,35.50000,-0.50000,0.000000,3
32.200000,36.50000,-0.50000,0.000000,4
32.200000,37.50000,-0.50000,0.000000,5
32.200000,38.50000,-0.50000,0.000000,6
32.200000,39.50000,-0.50000,0.000000,7
32.200000,40.50000,-0.50000,0.000000,8
32.200000,41.50000,-0.50000,0.000000,9
32.200000,42.50000,-0.50000,0.000000,10
32.200000,43.50000,-0.50000,0.000000,11
32.200000,44.50000,-0.50000,0.000000,12
32.200000,45.50000,-0.50000,0.000000,13
32.200000,46.50000,-0.50000,0.000000,14
32.200000,47.50000,-0.50000,0.000000,15
32.200000,48.50000,-0.50000,-0.244979,16
32.200000,49.50000,-0.75000,-0.229254,17
32.200000,50.53323,-0.99111,0.066667,18
32.200000,51.59733,-0.92007,0.365219,19
32.200000,52.61286,-0.53176,0.435461,20
32.200000,53.58394,-0.07997,0.505813,21
32.200000,54.50668,0.43112,0.333333,22
32.200000,55.46721,0.76370,0.400000,23
32.200000,56.40345,1.15954,0.466667,24
32.200000,57.31124,1.61687,0.533333,25
32.200000,58.18655,2.13365,0.600000,26
32.200000,59.02548,2.70760,0.666667,27
32.200000,59.82432,3.33616,0.733333,28
32.200000,60.57951,4.01654,0.800000,29
32.200000,61.28770,4.74571,0.800000,30
32.300000,32.66852,-1.09142,0.618257,0
32.300000,33.50000,-0.50000,0.244979,1
32.300000,34.50000,-0.25000,0.000000,2
32.300000,35.50000,-0.25000,0.000000,3
32.300000,36.50000,-0.25000,0.000000,4
32.300000,37.50000,-0.25000,0.000000,5
32.300000,38.50000,-0.25000,0.000000,6
32.300000,39.50000,-0.25000,0.000000,7
32.300000,40.50000,-0.25000,0.000000,8
32.300000,41.50000,-0.25000,0.000000,9
32.300000,42.50000,-0.25000,0.000000,10
32.300000,43.50000,-0.25000,0.000000,11
32.300000,44.50000,-0.25000,0.000000,12
32.300000,45.50000,-0.25000,0.000000,13
32.300000,46.50000,-0.25000,0.000000,14
32.300000,47.50000,-0.25000,-0.244979,15
32.300000,48.50000,-0.50000,-0.244979,16
32.300000,49.50000,-0.75000,-0.229254,17
32.300000,50.53323,-0.99111,0.066667,18
32.300000,51.59733,-0.92007,0.365219,19
32.300000,52.61286,-0.53176,0.435461,20
32.300000,53.58394,-0.07997,0.505813,21
32.300000,54.50668,0.43112,0.333333,22
32.300000,55.46721,0.76370,0.400000,23
32.300000,56.40345,1.15954,0.466667,24
32.300000,57.31124,1.61687,0.533333,25
32.300000,58.18655,2.13365,0.600000,26
32.300000,59.02548,2.70760,0.666667,27
32.300000,59.82432,3.33616,0.733333,28
32.300000,60.57951,4.01654,0.800000,29
32.300000,61.28770,4.74571,0.800000,30
32.400000,32.74590,-1.05805,0.637079,0
32.400000,33.50000,-0.50000,0.244979,1
32.400000,34.50000,-0.25000,0.000000,2
32.400000,35.50000,-0.25000,0.000000,3
32.400000,36.50000,-0.25000,0.000000,4
32.400000,37.50000,-0.25000,0.000000,5
32.400000,38.50000,-0.25000,0.000000,6
32.400000,39.50000,-0.25000,0.000000,7
32.400000,40.50000,-0.25000,0.000000,8
32.400000,41.50000,-0.25000,0.000000,9
32.400000,42.50000,-0.25000,0.000000,10
32.400000,43.50000,-0.25000,0.000000,11
32.400000,44.50000,-0.25000,0.000000,12
32.400000,45.50000,-0.25000,0.000000,13
32.400000,46.50000,-0.25000,0.000000,14
32.400000,47.50000,-0.25000,-0.244979,15
32.400000,48.50000,-0.50000,-0.244979,16
32.400000,49.50000,-0.75000,-0.229254,17
32.400000,50.53323,-0.99111,0.066667,18
32.400000,51.59733,-0.92007,0.365219,19
32.400000,52.61286,-0.53176,0.435461,20
32.400000,53.58394,-0.07997,0.505813,21
32.400000,54.50668,0.43112,0.333333,22
32.400000,55.46721,0.76370,0.400000,23
32.400000,56.40345,1.15954,0.466667,24
32.400000,57.31124,1.61687,0.533333,25
32.400000,58.18655,2.13365,0.600000,26
32.400000,59.02548,2.70760,0.666667,27
32.400000,59.82432,3.33616,0.733333,28
32.400000,60.57951,4.01654,0.800000,29
32.400000,61.28770,4.74571,0.800000,30
32.500000,32.81435,-1.00071,0.399587,0
32.500000,34.00000,-0.50000,0.244979,1
32.500000,35.00000,-0.25000,0.000000,2
32.500000,36.00000,-0.25000,0.000000,3
32.500000,37.00000,-0.25000,0.000000,4
32.500000,38.00000,-0.25000,0.000000,5
32.500000,39.00000,-0.25000,0.000000,6
32.500000,40.00000,-0.25000,0.000000,7
32.500000,41.00000,-0.25000,0.000000,8
32.500000,42.00000,-0.25000,0.000000,9
32.500000,43.00000,-0.25000,0.000000,10
32.500000,44.00000,-0.25000,0.000000,11
32.500000,45.00000,-0.25000,0.000000,12
32.500000,46.00000,-0.25000,0.000000,13
32.500000,47.00000,-0.25000,-0.244979,14
32.500000,48.00000,-0.50000,-0.244979,15
32.500000,49.00000,-0.75000,0.000000,16
32.500000,50.00000,-0.75000,-0.198552,17
32.500000,51.06588,-0.96446,0.100000,18
32.500000,52.12702,-0.85799,0.398552,19
32.500000,53.12904,-0.43605,0.468794,20
32.500000,54.08452,0.04785,0.539146,21
32.500000,54.98972,0.58941,0.609613,22
32.500000,55.84128,1.18409,0.433333,23
32.500000,56.74868,1.60391,0.500000,24
32.500000,57.62610,2.08324,0.566667,25
32.500000,58.46964,2.61997,0.633333,26
32.500000,59.27555,3.21169,0.700000,27
32.500000,60.04025,3.85579,0.766667,28
32.500000,60.76034,4.54940,0.833333,29
32.500000,61.43263,5.28944,0.833333,30
32.600000,32.88358,-0.93588,0.372230,0
32.600000,34.00000,-0.50000,0.244979,1
32.600000,35.00000,-0.25000,0.000000,2
32.600000,36.00000,-0.25000,0.000000,3
32.600000,37.00000,-0.25000,0.000000,4
32.600000,38.00000,-0.25000,0.000000,5
32.600000,39.00000,-0.25000,0.000000,6
32.600000,40.00000,-0.25000,0.000000,7
32.600000,41.00000,-0.25000,0.000000,8
32.600000,42.00000,-0.25000,0.000000,9
32.600000,43.00000,-0.25000,0.000000,10
32.600000,44.00000,-0.25000,0.000000,11
32.600000,45.00000,-0.25000,0.000000,12
32.600000,46.00000,-0.25000,0.000000,13
32.600000,47.00000,-0.25000,-0.244979,14
32.600000,48.00000,-0.50000,-0.244979,15
32.600000,49.00000,-0.75000,-0.244979,16
32.600000,50.00000,-1.00000,0.033333,17
32.600000,51.06588,-0.96446,0.100000,18
32.600000,52.12702,-0.85799,0.398552,19
32.600000,53.12904,-0.43605,0.468794,20
32.600000,54.08452,0.04785,0.539146,21
32.600000,54.98972,0.58941,0.609613,22
32.600000,55.84128,1.18409,0.433333,23
32.600000,56.74868,1.60391,0.746867,24
32.600000,57.49900,2.29852,0.566667,25
32.600000,58.32848,2.82630,0.633333,26
32.600000,59.12095,3.40816,0.700000,27
32.600000,59.87291,4.04153,0.766667,28
32.600000,60.58100,4.72358,0.833333,29
32.600000,61.24209,5.45128,0.833333,30
32.700000,32.94172,-0.89728,0.359120,0
32.700000,34.00000,-0.50000,0.244979,1
32.700000,35.00000,-0.25000,0.000000,2
32.700000,36.00000,-0.25000,0.000000,3
32.700000,37.00000,-0.25000,0.000000,4
32.700000,38.00000,-0.25000,0.000000,5
32.700000,39.00000,-0.25000,0.000000,6
32.700000,40.00000,-0.25000,0.000000,7
32.700000,41.00000,-0.25000,0.000000,8
32.700000,42.00000,-0.25000,0.000000,9
32.700000,43.00000,-0.25000,0.000000,10
32.700000,44.00000,-0.25000,0.000000,11
32.700000,45.00000,-0.25000,0.000000,12
32.700000,46.00000,-0.25000,0.000000,13
32.700000,47.00000,-0.25000,-0.244979,14
32.700000,48.00000,-0.50000,-0.244979,15
32.700000,49.00000,-0.75000,-0.244979,16
32.700000,50.00000,-1.00000,0.033333,17
32.700000,51.06588,-0.96446,0.100000,18
32.700000,52.12702,-0.85799,0.610942,19
32.700000,53.07937,-0.19103,0.472480,20
32.700000,54.01864,0.28902,0.542947,21
32.700000,54.90792,0.82565,0.613534,22
32.700000,55.74392,1.41435,0.684247,23
32.700000,56.52372,2.05044,0.755092,24
32.700000,57.24479,2.72908,0.566667,25
32.700000,58.04616,3.23897,0.633333,26
32.700000,58.81177,3.80111,0.700000,27
32.700000,59.53824,4.41300,0.766667,28
32.700000,60.22232,5.07193,0.833333,29
32.700000,60.86100,5.77497,0.833333,30
33.900000,34.04151,0.04007,-0.041782,0
33.900000,35.00000,0.00000,0.000000,1
33.900000,36.00000,0.00000,0.000000,2
33.900000,37.00000,0.00000,0.000000,3
33.900000,38.00000,0.00000,0.000000,4
33.900000,39.00000,0.00000,0.000000,5
33.900000,40.00000,0.00000,0.000000,6
33.900000,41.00000,0.00000,0.000000,7
33.900000,42.00000,0.00000,0.000000,8
33.900000,43.00000,0.00000,0.000000,9
33.900000,44.00000,0.00000,0.000000,10
33.900000,45.00000,0.00000,0.000000,11
33.900000,46.00000,0.00000,-0.244979,12
33.900000,47.00000,-0.25000,-0.244979,13
33.900000,48.00000,-0.50000,-0.244979,14
33.900000,49.00000,-0.75000,0.000000,15
33.900000,50.00000,-0.75000,0.033333,16
33.900000,51.04922,-0.71501,0.100000,17
33.900000,52.09378,-0.61021,0.402128,18
33.900000,53.07937,-0.19103,0.472480,19
33.900000,54.01864,0.28902,0.542947,20
33.900000,54.90792,0.82565,0.613534,21
33.900000,55.74392,1.41435,0.910528,22
33.900000,56.41124,2.27371,0.991655,23
33.900000,56.99059,3.15964,0.835151,24
33.900000,57.62267,3.85797,0.364849,25
33.900000,58.50258,4.19405,0.436130,26
33.900000,59.37090,4.59874,0.507258,27
33.900000,60.22232,5.07193,0.833333,28
33.900000,60.86100,5.77497,0.900000,29
33.900000,61.45142,6.51899,0.900000,30
34.000000,34.11468,0.05576,-0.062896,0
34.000000,35.00000,0.00000,0.000000,1
34.000000,36.00000,0.00000,0.000000,2
34.000000,37.00000,0.00000,0.000000,3
34.000000,38.00000,0.00000,0.000000,4
34.000000,39.00000,0.00000,0.000000,5
34.000000,40.00000,0.00000,0.000000,6
34.000000,41.00000,0.00000,0.000000,7
34.000000,42.00000,0.00000,0.000000,8
34.000000,43.00000,0.00000,0.000000,9
34.000000,44.00000,0.00000,0.000000,10
34.000000,45.00000,0.00000,0.000000,11
34.000000,46.00000,0.00000,-0.244979,12
34.000000,47.00000,-0.25000,-0.244979,13
34.000000,48.00000,-0.50000,-0.244979,14
34.000000,49.00000,-0.75000,0.000000,15
34.000000,50.00000,-0.75000,0.033333,16
34.000000,51.04922,-0.71501,0.100000,17
34.000000,52.09378,-0.61021,0.402128,18
34.000000,53.07937,-0.19103,0.472480,19
34.000000,54.01864,0.28902,0.542947,20
34.000000,54.90792,0.82565,0.613534,21
34.000000,55.74392,1.41435,0.684247,22
34.000000,56.52372,2.05044,0.755092,23
34.000000,57.24479,2.72908,0.566667,24
34.000000,58.04616,3.23897,0.378241,25
34.000000,58.96636,3.60463,0.700000,26
34.000000,59.70557,4.22726,0.766667,27
34.000000,60.40166,4.89775,0.833333,28
34.000000,61.05154,5.61312,0.900000,29
34.000000,61.65232,6.37020,0.900000,30
34.100000,34.23921,0.12422,-0.161849,0
34.100000,35.00000,0.00000,0.000000,1
34.100000,36.00000,0.00000,0.000000,2
34.100000,37.00000,0.00000,0.000000,3
34.100000,38.00000,0.00000,0.000000,4
34.100000,39.00000,0.00000,0.000000,5
34.100000,40.00000,0.00000,0.000000,6
34.100000,41.00000,0.00000,0.000000,7
34.100000,42.00000,0.00000,0.000000,8
34.100000,43.00000,0.00000,0.000000,9
34.100000,44.00000,0.00000,0.000000,10
34.100000,45.00000,0.00000,0.000000,11
34.100000,46.00000,0.00000,-0.244979,12
34.100000,47.00000,-0.25000,-0.244979,13
34.100000,48.00000,-0.50000,-0.244979,14
34.100000,49.00000,-0.75000,0.000000,15
34.100000,50.00000,-0.75000,0.033333,16
34.100000,51.04922,-0.71501,0.100000,17
34.100000,52.09378,-0.61021,0.402128,18
34.100000,53.07937,-0.19103,0.472480,19
34.100000,54.01864,0.28902,0.542947,20
34.100000,54.90792,0.82565,0.366667,21
34.100000,55.84128,1.18409,0.433333,22
34.100000,56.74868,1.60391,0.746867,23
34.100000,57.49900,2.29852,0.566667,24
34.100000,58.32848,2.82630,0.633333,25
34.100000,59.12095,3.40816,0.700000,26
34.100000,59.87291,4.04153,0.766667,27
34.100000,60.58100,4.72358,0.833333,28
34.100000,61.24209,5.45128,0.900000,29
34.100000,61.85322,6.22141,0.900000,30
34.202000,34.30463,0.10662,-0.088958,0
34.202000,35.50000,0.00000,0.000000,1
34.202000,36.50000,0.00000,0.000000,2
34.202000,37.50000,0.00000,0.000000,3
34.202000,38.50000,0.00000,0.000000,4
34.202000,39.50000,0.00000,0.000000,5
34.202000,40.50000,0.00000,0.000000,6
34.202000,41.50000,0.00000,0.000000,7
34.202000,42.50000,0.00000,0.000000,8
34.202000,43.50000,0.00000,0.000000,9
34.202000,44.50000,0.00000,0.000000,10
34.202000,45.50000,0.00000,0.000000,11
34.202000,46.50000,0.00000,-0.244979,12
34.202000,47.50000,-0.25000,-0.244979,13
34.202000,48.50000,-0.50000,-0.244979,14
34.202000,49.50000,-0.75000,-0.229254,15
34.202000,50.53323,-0.99111,0.066667,16
34.202000,51.59733,-0.92007,0.365219,17
34.202000,52.61286,-0.53176,0.435461,18
34.202000,53.58394,-0.07997,0.505813,19
34.202000,54.50668,0.43112,0.333333,20
34.202000,55.46721,0.76370,0.400000,21
34.202000,56.40345,1.15954,0.466667,22
34.202000,57.31124,1.61687,0.533333,23
34.202000,58.18655,2.13365,0.600000,24
34.202000,59.02548,2.70760,0.666667,25
34.202000,59.82432,3.33616,0.733333,26
34.202000,60.57951,4.01654,0.800000,27
34.202000,61.28770,4.74571,0.866667,28
34.202000,61.94574,5.52045,0.933333,29
34.202000,62.55070,6.33730,0.933333,30
34.300000,34.38155,0.12356,-0.110032,0
34.300000,35.50000,0.00000,0.000000,1
34.300000,36.50000,0.00000,0.000000,2
34.300000,37.50000,0.00000,0.000000,3
34.300000,38.50000,0.00000,0.000000,4
34.300000,39.50000,0.00000,0.000000,5
34.300000,40.50000,0.00000,0.000000,6
34.300000,41.50000,0.00000,0.000000,7
34.300000,42.50000,0.00000,0.000000,8
34.300000,43.50000,0.00000,0.000000,9
34.300000,44.50000,0.00000,0.000000,10
34.300000,45.50000,0.00000,0.000000,11
34.300000,46.50000,0.00000,-0.244979,12
34.300000,47.50000,-0.25000,-0.244979,13
34.300000,48.50000,-0.50000,-0.244979,14
34.300000,49.50000,-0.75000,-0.229254,15
34.300000,50.53323,-0.99111,0.066667,16
34.300000,51.59733,-0.92007,0.365219,17
34.300000,52.61286,-0.53176,0.435461,18
34.300000,53.58394,-0.07997,0.505813,19
34.300000,54.50668,0.43112,0.333333,20
34.300000,55.46721,0.76370,0.400000,21
34.300000,56.40345,1.15954,0.466667,22
34.300000,57.31124,1.61687,0.533333,23
34.300000,58.18655,2.13365,0.600000,24
34.300000,59.02548,2.70760,0.666667,25
34.300000,59.82432,3.33616,0.733333,26
34.300000,60.57951,4.01654,0.800000,27
34.300000,61.28770,4.74571,0.866667,28
34.300000,61.94574,5.52045,0.933333,29
34.300000,62.55070,6.33730,0.933333,30
34.400000,34.48966,0.15697,-0.154135,0
34.400000,35.50000,0.00000,0.000000,1
34.400000,36.50000,0.00000,0.000000,2
34.400000,37.50000,0.00000,0.000000,3
34.400000,38.50000,0.00000,0.000000,4
34.400000,39.50000,0.00000,0.000000,5
34.400000,40.50000,0.00000,0.000000,6
34.400000,41.50000,0.00000,0.000000,7
34.400000,42.50000,0.00000,0.000000,8
34.400000,43.50000,0.00000,0.000000,9
34.400000,44.50000,0.00000,0.000000,10
34.400000,45.50000,0.00000,0.000000,11
34.400000,46.50000,0.00000,-0.244979,12
34.400000,47.50000,-0.25000,-0.244979,13
34.400000,48.50000,-0.50000,-0.244979,14
34.400000,49.50000,-0.75000,-0.229254,15
34.400000,50.53323,-0.99111,0.066667,16
34.400000,51.59733,-0.92007,0.365219,17
34.400000,52.61286,-0.53176,0.435461,18
34.400000,53.58394,-0.07997,0.505813,19
34.400000,54.50668,0.43112,0.333333,20
34.400000,55.46721,0.76370,0.400000,21
34.400000,56.40345,1.15954,0.466667,22
34.400000,57.31124,1.61687,0.533333,23
34.400000,58.18655,2.13365,0.600000,24
34.400000,59.02548,2.70760,0.666667,25
34.400000,59.82432,3.33616,0.733333,26
34.400000,60.57951,4.01654,0.800000,27
34.400000,61.28770,4.74571,0.866667,28
34.400000,61.94574,5.52045,0.933333,29
34.400000,62.55070,6.33730,0.933333,30
34.500000,34.49935,0.16755,-0.165901,0
34.500000,35.50000,0.00000,0.000000,1
34.500000,36.50000,0.00000,0.000000,2
34.500000,37.50000,0.00000,0.000000,3
34.500000,38.50000,0.00000,0.000000,4
34.500000,39.50000,0.00000,0.000000,5
34.500000,40.50000,0.00000,0.000000,6
34.500000,41.50000,0.00000,0.000000,7
34.500000,42.50000,0.00000,0.000000,8
34.500000,43.50000,0.00000,0.000000,9
34.500000,44.50000,0.00000,0.000000,10
34.500000,45.50000,0.00000,0.000000,11
34.500000,46.50000,0.00000,-0.244979,12
34.500000,47.50000,-0.25000,-0.244979,13
34.500000,48.50000,-0.50000,-0.244979,14
34.500000,49.50000,-0.75000,-0.229254,15
34.500000,50.53323,-0.99111,0.066667,16
34.500000,51.59733,-0.92007,0.365219,17
34.500000,52.61286,-0.53176,0.435461,18
34.500000,53.58394,-0.07997,0.505813,19
34.500000,54.50668,0.43112,0.333333,20
34.500000,55.46721,0.76370,0.400000,21
34.500000,56.40345,1.15954,0.466667,22
34.500000,57.31124,1.61687,0.533333,23
34.500000,58.18655,2.13365,0.600000,24
34.500000,59.02548,2.70760,0.666667,25
34.500000,59.82432,3.33616,0.733333,26
34.500000,60.57951,4.01654,0.800000,27
34.500000,61.28770,4.74571,0.866667,28
34.500000,61.94574,5.52045,0.933333,29
34.500000,62.55070,6.33730,0.933333,30
34.600000,34.50807,0.15858,-0.158531,0
34.600000,35.50000,0.00000,0.000000,1
34.600000,36.50000,0.00000,0.000000,2
34.600000,37.50000,0.00000,0.000000,3
34.600000,38.50000,0.00000,0.000000,4
34.600000,39.50000,0.00000,0.000000,5
34.600000,40.50000,0.00000,0.000000,6
34.600000,41.50000,0.00000,0.000000,7
34.600000,42.50000,0.00000,0.000000,8
34.600000,43.50000,0.00000,0.000000,9
34.600000,44.50000,0.00000,0.000000,10
34.600000,45.50000,0.00000,0.000000,11
34.600000,46.50000,0.00000,-0.244979,12
34.600000,47.50000,-0.25000,-0.244979,13
34.600000,48.50000,-0.50000,-0.244979,14
34.600000,49.50000,-0.75000,-0.229254,15
34.600000,50.53323,-0.99111,0.066667,16
34.600000,51.59733,-0.92007,0.365219,17
34.600000,52.61286,-0.53176,0.435461,18
34.600000,53.58394,-0.07997,0.505813,19
34.600000,54.50668,0.43112,0.333333,20
34.600000,55.46721,0.76370,0.400000,21
34.600000,56.40345,1.15954,0.466667,22
34.600000,57.31124,1.61687,0.533333,23
34.600000,58.18655,2.13365,0.600000,24
34.600000,59.02548,2.70760,0.666667,25
34.600000,59.82432,3.33616,0.733333,26
34.600000,60.57951,4.01654,0.800000,27
34.600000,61.28770,4.74571,0.866667,28
34.600000,61.94574,5.52045,0.933333,29
34.600000,62.55070,6.33730,0.933333,30
34.700000,34.54346,0.13762,-0.142896,0
34.700000,35.50000,0.00000,0.000000,1
34.700000,36.50000,0.00000,0.000000,2
34.700000,37.50000,0.00000,0.000000,3
34.700000,38.50000,0.00000,0.000000,4
34.700000,39.50000,0.00000,0.000000,5
34.700000,40.50000,0.00000,0.000000,6
34.700000,41.50000,0.00000,0.000000,7
34.700000,42.50000,0.00000,0.000000,8
34.700000,43.50000,0.00000,0.000000,9
34.700000,44.50000,0.00000,0.000000,10
34.700000,45.50000,0.00000,0.000000,11
34.700000,46.50000,0.00000,-0.244979,12
34.700000,47.50000,-0.25000,-0.244979,13
34.700000,48.50000,-0.50000,-0.244979,14
34.700000,49.50000,-0.75000,-0.229254,15
34.700000,50.53323,-0.99111,0.066667,16
34.700000,51.59733,-0.92007,0.365219,17
34.700000,52.61286,-0.53176,0.435461,18
34.700000,53.58394,-0.07997,0.505813,19
34.700000,54.50668,0.43112,0.333333,20
34.700000,55.46721,0.76370,0.400000,21
34.700000,56.40345,1.15954,0.466667,22
34.700000,57.31124,1.61687,0.533333,23
34.700000,58.18655,2.13365,0.600000,24
34.700000,59.02548,2.70760,0.666667,25
34.700000,59.82432,3.33616,0.733333,26
34.700000,60.57951,4.01654,0.800000,27
34.700000,61.28770,4.74571,0.866667,28
34.700000,61.94574,5.52045,0.933333,29
34.700000,62.55070,6.33730,0.933333,30
34.800000,34.55914,0.13467,-0.142165,0
34.800000,35.50000,0.00000,0.000000,1
34.800000,36.50000,0.00000,0.000000,2
34.800000,37.50000,0.00000,0.000000,3
34.800000,38.50000,0.00000,0.000000,4
34.800000,39.50000,0.00000,0.000000,5
34.800000,40.50000,0.00000,0.000000,6
34.800000,41.50000,0.00000,0.000000,7
34.800000,42.50000,0.00000,0.000000,8
34.800000,43.50000,0.00000,0.000000,9
34.800000,44.50000,0.00000,0.000000,10
34.800000,45.50000,0.00000,-0.244979,11
34.800000,46.50000,-0.25000,-0.244979,12
34.800000,47.50000,-0.50000,-0.244979,13
34.800000,48.50000,-0.75000,0.000000,14
34.800000,49.50000,-0.75000,-0.229254,15
34.800000,50.53323,-0.99111,0.066667,16
34.800000,51.59733,-0.92007,0.365219,17
34.800000,52.61286,-0.53176,0.435461,18
34.800000,53.58394,-0.07997,0.505813,19
34.800000,54.50668,0.43112,0.333333,20
34.800000,55.46721,0.76370,0.400000,21
34.800000,56.40345,1.15954,0.466667,22
34.800000,57.31124,1.61687,0.533333,23
34.800000,58.18655,2.13365,0.600000,24
34.800000,59.02548,2.70760,0.666667,25
34.800000,59.82432,3.33616,0.733333,26
34.800000,60.57951,4.01654,0.800000,27
34.800000,61.28770,4.74571,0.866667,28
34.800000,61.94574,5.52045,0.933333,29
34.800000,62.55070,6.33730,0.933333,30
34.900000,34.54248,0.16045,-0.166030,0
34.900000,35.50000,0.00000,0.000000,1
34.900000,36.50000,0.00000,0.000000,2
34.900000,37.50000,0.00000,0.000000,3
34.900000,38.50000,0.00000,0.000000,4
34.900000,39.50000,0.00000,0.000000,5
34.900000,40.50000,0.00000,0.000000,6
34.900000,41.50000,0.00000,0.000000,7
34.900000,42.50000,0.00000,0.000000,8
34.900000,43.50000,0.00000,0.000000,9
34.900000,44.50000,0.00000,0.000000,10
34.900000,45.50000,0.00000,-0.244979,11
34.900000,46.50000,-0.25000,-0.244979,12
34.900000,47.50000,-0.50000,0.000000,13
34.900000,48.50000,-0.50000,-0.244979,14
34.900000,49.50000,-0.75000,-0.229254,15
34.900000,50.53323,-0.99111,0.066667,16
34.900000,51.59733,-0.92007,0.365219,17
34.900000,52.61286,-0.53176,0.435461,18
34.900000,53.58394,-0.07997,0.505813,19
34.900000,54.50668,0.43112,0.333333,20
34.900000,55.46721,0.76370,0.400000,21
34.900000,56.40345,1.15954,0.466667,22
34.900000,57.31124,1.61687,0.533333,23
34.900000,58.18655,2.13365,0.600000,24
34.900000,59.02548,2.70760,0.666667,25
34.900000,59.82432,3.33616,0.733333,26
34.900000,60.57951,4.01654,0.800000,27
34.900000,61.28770,4.74571,0.866667,28
34.900000,61.94574,5.52045,0.933333,29
34.900000,62.55070,6.33730,0.933333,30
35.000000,34.53522,0.16002,-0.164367,0
35.000000,35.50000,0.00000,0.000000,1
35.000000,36.50000,0.00000,0.000000,2
35.000000,37.50000,0.00000,0.000000,3
35.000000,38.50000,0.00000,0.000000,4
35.000000,39.50000,0.00000,0.000000,5
35.000000,40.50000,0.00000,0.000000,6
35.000000,41.50000,0.00000,0.000000,7
35.000000,42.50000,0.00000,0.000000,8
35.000000,43.50000,0.00000,0.000000,9
35.000000,44.50000,0.00000,0.000000,10
35.000000,45.50000,0.00000,0.000000,11
35.000000,46.50000,0.00000,-0.244979,12
35.000000,47.50000,-0.25000,-0.244979,13
35.000000,48.50000,-0.50000,-0.244979,14
35.000000,49.50000,-0.75000,-0.229254,15
35.000000,50.53323,-0.99111,0.066667,16
35.000000,51.59733,-0.92007,0.365219,17
35.000000,52.61286,-0.53176,0.435461,18
35.000000,53.58394,-0.07997,0.505813,19
35.000000,54.50668,0.43112,0.333333,20
35.000000,55.46721,0.76370,0.400000,21
35.000000,56.40345,1.15954,0.466667,22
35.000000,57.31124,1.61687,0.533333,23
35.000000,58.18655,2.13365,0.600000,24
35.000000,59.02548,2.70760,0.666667,25
35.000000,59.82432,3.33616,0.733333,26
35.000000,60.57951,4.01654,0.800000,27
35.000000,61.28770,4.74571,0.866667,28
35.000000,61.94574,5.52045,0.933333,29
35.000000,62.55070,6.33730,0.933333,30
35.100000,34.52904,0.16381,-0.167140,0
35.100000,35.50000,0.00000,0.000000,1
35.100000,36.50000,0.00000,0.000000,2
35.100000,37.50000,0.00000,0.000000,3
35.100000,38.50000,0.00000,0.000000,4
35.100000,39.50000,0.00000,0.000000,5
35.100000,40.50000,0.00000,0.000000,6
35.100000,41.50000,0.00000,0.000000,7
35.100000,42.50000,0.00000,0.000000,8
35.100000,43.50000,0.00000,0.000000,9
35.100000,44.50000,0.00000,0.000000,10
35.100000,45.50000,0.00000,0.000000,11
35.100000,46.50000,0.00000,-0.244979,12
35.100000,47.50000,-0.25000,-0.244979,13
35.100000,48.50000,-0.50000,-0.244979,14
35.100000,49.50000,-0.75000,-0.229254,15
35.100000,50.53323,-0.99111,0.066667,16
35.100000,51.59733,-0.92007,0.365219,17
35.100000,52.61286,-0.53176,0.435461,18
35.100000,53.58394,-0.07997,0.505813,19
35.100000,54.50668,0.43112,0.333333,20
35.100000,55.46721,0.76370,0.400000,21
35.100000,56.40345,1.15954,0.466667,22
35.100000,57.31124,1.61687,0.533333,23
35.100000,58.18655,2.13365,0.600000,24
35.100000,59.02548,2.70760,0.666667,25
35.100000,59.82432,3.33616,0.733333,26
35.100000,60.57951,4.01654,0.800000,27
35.100000,61.28770,4.74571,0.866667,28
35.100000,61.94574,5.52045,0.933333,29
35.100000,62.55070,6.33730,0.933333,30
35.200000,34.51722,0.15287,-0.154315,0
35.200000,35.50000,0.00000,0.000000,1
35.200000,36.50000,0.00000,0.000000,2
35.200000,37.50000,0.00000,0.000000,3
35.200000,38.50000,0.00000,0.000000,4
35.200000,39.50000,0.00000,0.000000,5
35.200000,40.50000,0.00000,0.000000,6
35.200000,41.50000,0.00000,0.000000,7
35.200000,42.50000,0.00000,0.000000,8
35.200000,43.50000,0.00000,0.000000,9
35.200000,44.50000,0.00000,0.000000,10
35.200000,45.50000,0.00000,-0.244979,11
35.200000,46.50000,-0.25000,-0.244979,12
35.200000,47.50000,-0.50000,0.000000,13
35.200000,48.50000,-0.50000,-0.244979,14
35.200000,49.50000,-0.75000,-0.229254,15
35.200000,50.53323,-0.99111,0.066667,16
35.200000,51.59733,-0.92007,0.365219,17
35.200000,52.61286,-0.53176,0.435461,18
35.200000,53.58394,-0.07997,0.505813,19
35.200000,54.50668,0.43112,0.333333,20
35.200000,55.46721,0.76370,0.400000,21
35.200000,56.40345,1.15954,0.466667,22
35.200000,57.31124,1.61687,0.533333,23
35.200000,58.18655,2.13365,0.600000,24
35.200000,59.02548,2.70760,0.666667,25
35.200000,59.82432,3.33616,0.733333,26
35.200000,60.57951,4.01654,0.800000,27
35.200000,61.28770,4.74571,0.866667,28
35.200000,61.94574,5.52045,0.933333,29
35.200000,62.55070,6.33730,0.933333,30
35.300000,34.49842,0.15597,-0.154487,0
35.300000,35.50000,0.00000,0.000000,1
35.300000,36.50000,0.00000,0.000000,2
35.300000,37.50000,0.00000,0.000000,3
35.300000,38.50000,0.00000,0.000000,4
35.300000,39.50000,0.00000,0.000000,5
35.300000,40.50000,0.00000,0.000000,6
35.300000,41.50000,0.00000,0.000000,7
35.300000,42.50000,0.00000,0.000000,8
35.300000,43.50000,0.00000,0.000000,9
35.300000,44.50000,0.00000,0.000000,10
35.300000,45.50000,0.00000,0.000000,11
35.300000,46.50000,0.00000,-0.244979,12
35.300000,47.50000,-0.25000,-0.244979,13
35.300000,48.50000,-0.50000,-0.244979,14
35.300000,49.50000,-0.75000,-0.229254,15
35.300000,50.53323,-0.99111,0.066667,16
35.300000,51.59733,-0.92007,0.365219,17
35.300000,52.61286,-0.53176,0.435461,18
35.300000,53.58394,-0.07997,0.505813,19
35.300000,54.50668,0.43112,0.333333,20
35.300000,55.46721,0.76370,0.400000,21
35.300000,56.40345,1.15954,0.466667,22
35.300000,57.31124,1.61687,0.533333,23
35.300000,58.18655,2.13365,0.600000,24
35.300000,59.02548,2.70760,0.666667,25
35.300000,59.82432,3.33616,0.733333,26
35.300000,60.57951,4.01654,0.800000,27
35.300000,61.28770,4.74571,0.866667,28
35.300000,61.94574,5.52045,0.933333,29
35.300000,62.55070,6.33730,0.933333,30
35.400000,34.50996,0.15536,-0.155655,0
35.400000,35.50000,0.00000,0.000000,1
35.400000,36.50000,0.00000,0.000000,2
35.400000,37.50000,0.00000,0.000000,3
35.400000,38.50000,0.00000,0.000000,4
35.400000,39.50000,0.00000,0.000000,5
35.400000,40.50000,0.00000,0.000000,6
35.400000,41.50000,0.00000,0.000000,7
35.400000,42.50000,0.00000,0.000000,8
35.400000,43.50000,0.00000,0.000000,9
35.400000,44.50000,0.00000,0.000000,10
35.400000,45.50000,0.00000,0.000000,11
35.400000,46.50000,0.00000,-0.244979,12
35.400000,47.50000,-0.25000,-0.244979,13
35.400000,48.50000,-0.50000,-0.244979,14
35.400000,49.50000,-0.75000,-0.229254,15
35.400000,50.53323,-0.99111,0.066667,16
35.400000,51.59733,-0.92007,0.365219,17
35.400000,52.61286,-0.53176,0.435461,18
35.400000,53.58394,-0.07997,0.505813,19
35.400000,54.50668,0.43112,0.333333,20
35.400000,55.46721,0.76370,0.400000,21
35.400000,56.40345,1.15954,0.466667,22
35.400000,57.31124,1.61687,0.533333,23
35.400000,58.18655,2.13365,0.600000,24
35.400000,59.02548,2.70760,0.666667,25
35.400000,59.82432,3.33616,0.733333,26
35.400000,60.57951,4.01654,0.800000,27
35.400000,61.28770,4.74571,0.866667,28
35.400000,61.94574,5.52045,0.933333,29
35.400000,62.55070,6.33730,0.933333,30
