timestamp_s,x,y,yaw,seq
0.100000,-0.01540,-0.00177,0.243046,0
0.100000,1.00000,0.25000,0.000000,1
0.100000,2.00000,0.25000,0.000000,2
0.100000,3.00000,0.25000,0.000000,3
0.100000,4.00000,0.25000,0.000000,4
0.100000,5.00000,0.25000,0.000000,5
0.100000,6.00000,0.25000,0.000000,6
0.100000,7.00000,0.25000,0.000000,7
0.100000,8.00000,0.25000,0.000000,8
0.100000,9.00000,0.25000,0.000000,9
0.100000,10.00000,0.25000,0.000000,10
0.100000,11.00000,0.25000,0.244979,11
0.100000,12.00000,0.50000,0.244979,12
0.100000,13.00000,0.75000,0.244979,13
0.100000,14.00000,1.00000,0.463648,14
0.100000,15.00000,1.50000,0.463648,15
0.100000,16.00000,2.00000,0.000000,16
0.100000,17.00000,2.00000,0.000000,17
0.100000,18.00000,2.00000,0.000000,18
0.100000,19.00000,2.00000,-0.244979,19
0.100000,20.00000,1.75000,-0.463648,20
0.100000,21.00000,1.25000,-0.463648,21
0.100000,22.00000,0.75000,-0.463648,22
0.100000,23.00000,0.25000,-0.244979,23
0.100000,24.00000,0.00000,-0.244979,24
0.100000,25.00000,-0.25000,-0.463648,25
0.100000,26.00000,-0.75000,-0.463648,26
0.100000,27.00000,-1.25000,-0.244979,27
0.100000,28.00000,-1.50000,0.000000,28
0.100000,29.00000,-1.50000,0.000000,29
0.100000,30.00000,-1.50000,0.000000,30
0.200000,0.00643,-0.00114,0.247581,0
0.200000,1.00000,0.25000,0.000000,1
0.200000,2.00000,0.25000,0.000000,2
0.200000,3.00000,0.25000,0.000000,3
0.200000,4.00000,0.25000,0.000000,4
0.200000,5.00000,0.25000,0.000000,5
0.200000,6.00000,0.25000,0.000000,6
0.200000,7.00000,0.25000,0.000000,7
0.200000,8.00000,0.25000,0.000000,8
0.200000,9.00000,0.25000,0.000000,9
0.200000,10.00000,0.25000,0.000000,10
0.200000,11.00000,0.25000,0.244979,11
0.200000,12.00000,0.50000,0.244979,12
0.200000,13.00000,0.75000,0.244979,13
0.200000,14.00000,1.00000,0.463648,14
0.200000,15.00000,1.50000,0.463648,15
0.200000,16.00000,2.00000,0.000000,16
0.200000,17.00000,2.00000,0.000000,17
0.200000,18.00000,2.00000,-0.244979,18
0.200000,19.00000,1.75000,-0.244979,19
0.200000,20.00000,1.50000,-0.244979,20
0.200000,21.00000,1.25000,-0.463648,21
0.200000,22.00000,0.75000,-0.463648,22
0.200000,23.00000,0.25000,-0.244979,23
0.200000,24.00000,0.00000,-0.244979,24
0.200000,25.00000,-0.25000,-0.463648,25
0.200000,26.00000,-0.75000,-0.463648,26
0.200000,27.00000,-1.25000,-0.244979,27
0.200000,28.00000,-1.50000,0.000000,28
0.200000,29.00000,-1.50000,0.000000,29
0.200000,30.00000,-1.50000,0.000000,30
0.300000,0.00761,-0.01897,0.264675,0
0.300000,1.00000,0.25000,0.000000,1
0.300000,2.00000,0.25000,0.000000,2
0.300000,3.00000,0.25000,0.000000,3
0.300000,4.00000,0.25000,0.000000,4
0.300000,5.00000,0.25000,0.000000,5
0.300000,6.00000,0.25000,0.000000,6
0.300000,7.00000,0.25000,0.000000,7
0.300000,8.00000,0.25000,0.000000,8
0.300000,9.00000,0.25000,0.000000,9
0.300000,10.00000,0.25000,0.000000,10
0.300000,11.00000,0.25000,0.244979,11
0.300000,12.00000,0.50000,0.244979,12
0.300000,13.00000,0.75000,0.244979,13
0.300000,14.00000,1.00000,0.463648,14
0.300000,15.00000,1.50000,0.463648,15
0.300000,16.00000,2.00000,0.000000,16
0.300000,17.00000,2.00000,0.000000,17
0.300000,18.00000,2.00000,0.000000,18
0.300000,19.00000,2.00000,-0.244979,19
0.300000,20.00000,1.75000,-0.463648,20
0.300000,21.00000,1.25000,-0.463648,21
0.300000,22.00000,0.75000,-0.463648,22
0.300000,23.00000,0.25000,-0.244979,23
0.300000,24.00000,0.00000,-0.244979,24
0.300000,25.00000,-0.25000,-0.463648,25
0.300000,26.00000,-0.75000,-0.463648,26
0.300000,27.00000,-1.25000,-0.244979,27
0.300000,28.00000,-1.50000,0.000000,28
0.300000,29.00000,-1.50000,0.000000,29
0.300000,30.00000,-1.50000,0.000000,30
0.400000,-0.01488,0.04135,0.202763,0
0.400000,1.00000,0.25000,0.000000,1
0.400000,2.00000,0.25000,0.000000,2
0.400000,3.00000,0.25000,0.000000,3
0.400000,4.00000,0.25000,0.000000,4
0.400000,5.00000,0.25000,0.000000,5
0.400000,6.00000,0.25000,0.000000,6
0.400000,7.00000,0.25000,0.000000,7
0.400000,8.00000,0.25000,0.000000,8
0.400000,9.00000,0.25000,0.000000,9
0.400000,10.00000,0.25000,0.000000,10
0.400000,11.00000,0.25000,0.244979,11
0.400000,12.00000,0.50000,0.244979,12
0.400000,13.00000,0.75000,0.244979,13
0.400000,14.00000,1.00000,0.463648,14
0.400000,15.00000,1.50000,0.463648,15
0.400000,16.00000,2.00000,0.000000,16
0.400000,17.00000,2.00000,0.000000,17
0.400000,18.00000,2.00000,0.000000,18
0.400000,19.00000,2.00000,-0.244979,19
0.400000,20.00000,1.75000,-0.463648,20
0.400000,21.00000,1.25000,-0.463648,21
0.400000,22.00000,0.75000,-0.463648,22
0.400000,23.00000,0.25000,-0.244979,23
0.400000,24.00000,0.00000,-0.244979,24
0.400000,25.00000,-0.25000,-0.463648,25
0.400000,26.00000,-0.75000,-0.463648,26
0.400000,27.00000,-1.25000,-0.244979,27
0.400000,28.00000,-1.50000,0.000000,28
0.400000,29.00000,-1.50000,0.000000,29
0.400000,30.00000,-1.50000,0.000000,30
0.500000,-0.01145,0.02377,0.220049,0
0.500000,1.00000,0.25000,0.000000,1
0.500000,2.00000,0.25000,0.000000,2
0.500000,3.00000,0.25000,0.000000,3
0.500000,4.00000,0.25000,0.000000,4
0.500000,5.00000,0.25000,0.000000,5
0.500000,6.00000,0.25000,0.000000,6
0.500000,7.00000,0.25000,0.000000,7
0.500000,8.00000,0.25000,0.000000,8
0.500000,9.00000,0.25000,0.000000,9
0.500000,10.00000,0.25000,0.000000,10
0.500000,11.00000,0.25000,0.244979,11
0.500000,12.00000,0.50000,0.244979,12
0.500000,13.00000,0.75000,0.244979,13
0.500000,14.00000,1.00000,0.463648,14
0.500000,15.00000,1.50000,0.463648,15
0.500000,16.00000,2.00000,0.000000,16
0.500000,17.00000,2.00000,0.000000,17
0.500000,18.00000,2.00000,0.000000,18
0.500000,19.00000,2.00000,-0.244979,19
0.500000,20.00000,1.75000,-0.463648,20
0.500000,21.00000,1.25000,-0.463648,21
0.500000,22.00000,0.75000,-0.463648,22
0.500000,23.00000,0.25000,-0.244979,23
0.500000,24.00000,0.00000,-0.244979,24
0.500000,25.00000,-0.25000,-0.463648,25
0.500000,26.00000,-0.75000,-0.463648,26
0.500000,27.00000,-1.25000,-0.244979,27
0.500000,28.00000,-1.50000,0.000000,28
0.500000,29.00000,-1.50000,0.000000,29
0.500000,30.00000,-1.50000,0.000000,30
0.600000,-0.00686,0.01455,0.229719,0
0.600000,1.00000,0.25000,0.000000,1
0.600000,2.00000,0.25000,0.000000,2
0.600000,3.00000,0.25000,0.000000,3
0.600000,4.00000,0.25000,0.000000,4
0.600000,5.00000,0.25000,0.000000,5
0.600000,6.00000,0.25000,0.000000,6
0.600000,7.00000,0.25000,0.000000,7
0.600000,8.00000,0.25000,0.000000,8
0.600000,9.00000,0.25000,0.000000,9
0.600000,10.00000,0.25000,0.000000,10
0.600000,11.00000,0.25000,0.244979,11
0.600000,12.00000,0.50000,0.244979,12
0.600000,13.00000,0.75000,0.244979,13
0.600000,14.00000,1.00000,0.463648,14
0.600000,15.00000,1.50000,0.463648,15
0.600000,16.00000,2.00000,0.000000,16
0.600000,17.00000,2.00000,0.000000,17
0.600000,18.00000,2.00000,-0.244979,18
0.600000,19.00000,1.75000,-0.244979,19
0.600000,20.00000,1.50000,-0.244979,20
0.600000,21.00000,1.25000,-0.463648,21
0.600000,22.00000,0.75000,-0.463648,22
0.600000,23.00000,0.25000,-0.244979,23
0.600000,24.00000,0.00000,-0.244979,24
0.600000,25.00000,-0.25000,-0.463648,25
0.600000,26.00000,-0.75000,-0.463648,26
0.600000,27.00000,-1.25000,-0.244979,27
0.600000,28.00000,-1.50000,0.000000,28
0.600000,29.00000,-1.50000,0.000000,29
0.600000,30.00000,-1.50000,0.000000,30
0.700000,0.02902,0.00711,0.245122,0
0.700000,1.00000,0.25000,0.000000,1
0.700000,2.00000,0.25000,0.000000,2
0.700000,3.00000,0.25000,0.000000,3
0.700000,4.00000,0.25000,0.000000,4
0.700000,5.00000,0.25000,0.000000,5
0.700000,6.00000,0.25000,0.000000,6
0.700000,7.00000,0.25000,0.000000,7
0.700000,8.00000,0.25000,0.000000,8
0.700000,9.00000,0.25000,0.000000,9
0.700000,10.00000,0.25000,0.000000,10
0.700000,11.00000,0.25000,0.244979,11
0.700000,12.00000,0.50000,0.244979,12
0.700000,13.00000,0.75000,0.244979,13
0.700000,14.00000,1.00000,0.463648,14
0.700000,15.00000,1.50000,0.463648,15
0.700000,16.00000,2.00000,0.000000,16
0.700000,17.00000,2.00000,0.000000,17
0.700000,18.00000,2.00000,-0.244979,18
0.700000,19.00000,1.75000,-0.244979,19
0.700000,20.00000,1.50000,-0.244979,20
0.700000,21.00000,1.25000,-0.463648,21
0.700000,22.00000,0.75000,-0.463648,22
0.700000,23.00000,0.25000,-0.244979,23
0.700000,24.00000,0.00000,-0.244979,24
0.700000,25.00000,-0.25000,-0.463648,25
0.700000,26.00000,-0.75000,-0.463648,26
0.700000,27.00000,-1.25000,-0.244979,27
0.700000,28.00000,-1.50000,0.000000,28
0.700000,29.00000,-1.50000,0.000000,29
0.700000,30.00000,-1.50000,0.000000,30
0.800000,0.02436,0.00967,0.241521,0
0.800000,1.00000,0.25000,0.000000,1
0.800000,2.00000,0.25000,0.000000,2
0.800000,3.00000,0.25000,0.000000,3
0.800000,4.00000,0.25000,0.000000,4
0.800000,5.00000,0.25000,0.000000,5
0.800000,6.00000,0.25000,0.000000,6
0.800000,7.00000,0.25000,0.000000,7
0.800000,8.00000,0.25000,0.000000,8
0.800000,9.00000,0.25000,0.000000,9
0.800000,10.00000,0.25000,0.000000,10
0.800000,11.00000,0.25000,0.244979,11
0.800000,12.00000,0.50000,0.244979,12
0.800000,13.00000,0.75000,0.244979,13
0.800000,14.00000,1.00000,0.463648,14
0.800000,15.00000,1.50000,0.463648,15
0.800000,16.00000,2.00000,0.000000,16
0.800000,17.00000,2.00000,0.000000,17
0.800000,18.00000,2.00000,-0.244979,18
0.800000,19.00000,1.75000,-0.244979,19
0.800000,20.00000,1.50000,-0.244979,20
0.800000,21.00000,1.25000,-0.463648,21
0.800000,22.00000,0.75000,-0.463648,22
0.800000,23.00000,0.25000,-0.244979,23
0.800000,24.00000,0.00000,-0.244979,24
0.800000,25.00000,-0.25000,-0.463648,25
0.800000,26.00000,-0.75000,-0.463648,26
0.800000,27.00000,-1.25000,-0.244979,27
0.800000,28.00000,-1.50000,0.000000,28
0.800000,29.00000,-1.50000,0.000000,29
0.800000,30.00000,-1.50000,0.000000,30
0.900000,0.05021,0.02896,0.228660,0
0.900000,1.00000,0.25000,0.000000,1
0.900000,2.00000,0.25000,0.000000,2
0.900000,3.00000,0.25000,0.000000,3
0.900000,4.00000,0.25000,0.000000,4
0.900000,5.00000,0.25000,0.000000,5
0.900000,6.00000,0.25000,0.000000,6
0.900000,7.00000,0.25000,0.000000,7
0.900000,8.00000,0.25000,0.000000,8
0.900000,9.00000,0.25000,0.000000,9
0.900000,10.00000,0.25000,0.000000,10
0.900000,11.00000,0.25000,0.244979,11
0.900000,12.00000,0.50000,0.244979,12
0.900000,13.00000,0.75000,0.244979,13
0.900000,14.00000,1.00000,0.463648,14
0.900000,15.00000,1.50000,0.463648,15
0.900000,16.00000,2.00000,0.000000,16
0.900000,17.00000,2.00000,0.000000,17
0.900000,18.00000,2.00000,0.000000,18
0.900000,19.00000,2.00000,-0.244979,19
0.900000,20.00000,1.75000,-0.463648,20
0.900000,21.00000,1.25000,-0.463648,21
0.900000,22.00000,0.75000,-0.463648,22
0.900000,23.00000,0.25000,-0.244979,23
0.900000,24.00000,0.00000,-0.244979,24
0.900000,25.00000,-0.25000,-0.463648,25
0.900000,26.00000,-0.75000,-0.463648,26
0.900000,27.00000,-1.25000,-0.244979,27
0.900000,28.00000,-1.50000,0.000000,28
0.900000,29.00000,-1.50000,0.000000,29
0.900000,30.00000,-1.50000,0.000000,30
1.000000,0.07572,0.01054,0.253501,0
1.000000,1.00000,0.25000,0.000000,1
1.000000,2.00000,0.25000,0.000000,2
1.000000,3.00000,0.25000,0.000000,3
1.000000,4.00000,0.25000,0.000000,4
1.000000,5.00000,0.25000,0.000000,5
1.000000,6.00000,0.25000,0.000000,6
1.000000,7.00000,0.25000,0.000000,7
1.000000,8.00000,0.25000,0.000000,8
1.000000,9.00000,0.25000,0.000000,9
1.000000,10.00000,0.25000,0.000000,10
1.000000,11.00000,0.25000,0.244979,11
1.000000,12.00000,0.50000,0.244979,12
1.000000,13.00000,0.75000,0.244979,13
1.000000,14.00000,1.00000,0.463648,14
1.000000,15.00000,1.50000,0.463648,15
1.000000,16.00000,2.00000,0.000000,16
1.000000,17.00000,2.00000,0.000000,17
1.000000,18.00000,2.00000,-0.244979,18
1.000000,19.00000,1.75000,-0.244979,19
1.000000,20.00000,1.50000,-0.244979,20
1.000000,21.00000,1.25000,-0.463648,21
1.000000,22.00000,0.75000,-0.463648,22
1.000000,23.00000,0.25000,-0.244979,23
1.000000,24.00000,0.00000,-0.463648,24
1.000000,25.00000,-0.50000,-0.463648,25
1.000000,26.00000,-1.00000,-0.463648,26
1.000000,27.00000,-1.50000,0.000000,27
1.000000,28.00000,-1.50000,0.000000,28
1.000000,29.00000,-1.50000,0.000000,29
1.000000,30.00000,-1.50000,0.000000,30
1.100000,0.15111,0.02317,0.261105,0
1.100000,1.00000,0.25000,0.000000,1
1.100000,2.00000,0.25000,0.000000,2
1.100000,3.00000,0.25000,0.000000,3
1.100000,4.00000,0.25000,0.000000,4
1.100000,5.00000,0.25000,0.000000,5
1.100000,6.00000,0.25000,0.000000,6
1.100000,7.00000,0.25000,0.000000,7
1.100000,8.00000,0.25000,0.000000,8
1.100000,9.00000,0.25000,0.000000,9
1.100000,10.00000,0.25000,0.000000,10
1.100000,11.00000,0.25000,0.244979,11
1.100000,12.00000,0.50000,0.244979,12
1.100000,13.00000,0.75000,0.244979,13
1.100000,14.00000,1.00000,0.463648,14
1.100000,15.00000,1.50000,0.463648,15
1.100000,16.00000,2.00000,0.000000,16
1.100000,17.00000,2.00000,0.000000,17
1.100000,18.00000,2.00000,-0.244979,18
1.100000,19.00000,1.75000,-0.244979,19
1.100000,20.00000,1.50000,-0.244979,20
1.100000,21.00000,1.25000,-0.463648,21
1.100000,22.00000,0.75000,-0.463648,22
1.100000,23.00000,0.25000,-0.244979,23
1.100000,24.00000,0.00000,-0.244979,24
1.100000,25.00000,-0.25000,-0.463648,25
1.100000,26.00000,-0.75000,-0.463648,26
1.100000,27.00000,-1.25000,-0.244979,27
1.100000,28.00000,-1.50000,0.000000,28
1.100000,29.00000,-1.50000,0.000000,29
1.100000,30.00000,-1.50000,0.000000,30
1.200000,0.21799,0.01407,0.293020,0
1.200000,1.00000,0.25000,0.000000,1
1.200000,2.00000,0.25000,0.000000,2
1.200000,3.00000,0.25000,0.000000,3
1.200000,4.00000,0.25000,0.000000,4
1.200000,5.00000,0.25000,0.000000,5
1.200000,6.00000,0.25000,0.000000,6
1.200000,7.00000,0.25000,0.000000,7
1.200000,8.00000,0.25000,0.000000,8
1.200000,9.00000,0.25000,0.000000,9
1.200000,10.00000,0.25000,0.000000,10
1.200000,11.00000,0.25000,0.244979,11
1.200000,12.00000,0.50000,0.244979,12
1.200000,13.00000,0.75000,0.244979,13
1.200000,14.00000,1.00000,0.463648,14
1.200000,15.00000,1.50000,0.463648,15
1.200000,16.00000,2.00000,0.000000,16
1.200000,17.00000,2.00000,0.000000,17
1.200000,18.00000,2.00000,-0.244979,18
1.200000,19.00000,1.75000,-0.244979,19
1.200000,20.00000,1.50000,-0.244979,20
1.200000,21.00000,1.25000,-0.463648,21
1.200000,22.00000,0.75000,-0.463648,22
1.200000,23.00000,0.25000,-0.244979,23
1.200000,24.00000,0.00000,-0.244979,24
1.200000,25.00000,-0.25000,-0.463648,25
1.200000,26.00000,-0.75000,-0.463648,26
1.200000,27.00000,-1.25000,-0.244979,27
1.200000,28.00000,-1.50000,0.000000,28
1.200000,29.00000,-1.50000,0.000000,29
1.200000,30.00000,-1.50000,0.000000,30
1.304000,0.32669,0.04449,0.173391,0
1.304000,1.50000,0.25000,0.000000,1
1.304000,2.50000,0.25000,0.000000,2
1.304000,3.50000,0.25000,0.000000,3
1.304000,4.50000,0.25000,0.000000,4
1.304000,5.50000,0.25000,0.000000,5
1.304000,6.50000,0.25000,0.000000,6
1.304000,7.50000,0.25000,0.000000,7
1.304000,8.50000,0.25000,0.000000,8
1.304000,9.50000,0.25000,0.000000,9
1.304000,10.50000,0.25000,0.000000,10
1.304000,11.50000,0.25000,0.244979,11
1.304000,12.50000,0.50000,0.244979,12
1.304000,13.50000,0.75000,0.244979,13
1.304000,14.50000,1.00000,0.463648,14
1.304000,15.50000,1.50000,0.463648,15
1.304000,16.50000,2.00000,0.000000,16
1.304000,17.50000,2.00000,0.000000,17
1.304000,18.50000,2.00000,-0.244979,18
1.304000,19.50000,1.75000,-0.244979,19
1.304000,20.50000,1.50000,-0.463648,20
1.304000,21.50000,1.00000,-0.463648,21
1.304000,22.50000,0.50000,-0.463648,22
1.304000,23.50000,0.00000,-0.244979,23
1.304000,24.50000,-0.25000,-0.463648,24
1.304000,25.50000,-0.75000,-0.463648,25
1.304000,26.50000,-1.25000,-0.244979,26
1.304000,27.50000,-1.50000,0.000000,27
1.304000,28.50000,-1.50000,0.000000,28
1.304000,29.50000,-1.50000,0.000000,29
1.304000,30.50000,-1.50000,0.000000,30
1.402000,0.34871,0.02404,0.193802,0
1.402000,1.50000,0.25000,0.000000,1
1.402000,2.50000,0.25000,0.000000,2
1.402000,3.50000,0.25000,0.000000,3
1.402000,4.50000,0.25000,0.000000,4
1.402000,5.50000,0.25000,0.000000,5
1.402000,6.50000,0.25000,0.000000,6
1.402000,7.50000,0.25000,0.000000,7
1.402000,8.50000,0.25000,0.000000,8
1.402000,9.50000,0.25000,0.000000,9
1.402000,10.50000,0.25000,0.000000,10
1.402000,11.50000,0.25000,0.244979,11
1.402000,12.50000,0.50000,0.244979,12
1.402000,13.50000,0.75000,0.244979,13
1.402000,14.50000,1.00000,0.463648,14
1.402000,15.50000,1.50000,0.463648,15
1.402000,16.50000,2.00000,0.000000,16
1.402000,17.50000,2.00000,0.000000,17
1.402000,18.50000,2.00000,-0.244979,18
1.402000,19.50000,1.75000,-0.244979,19
1.402000,20.50000,1.50000,-0.463648,20
1.402000,21.50000,1.00000,-0.463648,21
1.402000,22.50000,0.50000,-0.463648,22
1.402000,23.50000,0.00000,-0.244979,23
1.402000,24.50000,-0.25000,-0.463648,24
1.402000,25.50000,-0.75000,-0.463648,25
1.402000,26.50000,-1.25000,-0.244979,26
1.402000,27.50000,-1.50000,0.000000,27
1.402000,28.50000,-1.50000,0.000000,28
1.402000,29.50000,-1.50000,0.000000,29
1.402000,30.50000,-1.50000,0.000000,30
1.500000,0.40680,0.02328,0.204492,0
1.500000,1.50000,0.25000,0.000000,1
1.500000,2.50000,0.25000,0.000000,2
1.500000,3.50000,0.25000,0.000000,3
1.500000,4.50000,0.25000,0.000000,4
1.500000,5.50000,0.25000,0.000000,5
1.500000,6.50000,0.25000,0.000000,6
1.500000,7.50000,0.25000,0.000000,7
1.500000,8.50000,0.25000,0.000000,8
1.500000,9.50000,0.25000,0.000000,9
1.500000,10.50000,0.25000,0.000000,10
1.500000,11.50000,0.25000,0.244979,11
1.500000,12.50000,0.50000,0.244979,12
1.500000,13.50000,0.75000,0.244979,13
1.500000,14.50000,1.00000,0.463648,14
1.500000,15.50000,1.50000,0.463648,15
1.500000,16.50000,2.00000,0.000000,16
1.500000,17.50000,2.00000,-0.244979,17
1.500000,18.50000,1.75000,0.000000,18
1.500000,19.50000,1.75000,-0.244979,19
1.500000,20.50000,1.50000,-0.463648,20
1.500000,21.50000,1.00000,-0.463648,21
1.500000,22.50000,0.50000,-0.463648,22
1.500000,23.50000,0.00000,-0.244979,23
1.500000,24.50000,-0.25000,-0.463648,24
1.500000,25.50000,-0.75000,-0.463648,25
1.500000,26.50000,-1.25000,-0.244979,26
1.500000,27.50000,-1.50000,-0.244979,27
1.500000,28.50000,-1.75000,0.000000,28
1.500000,29.50000,-1.75000,0.000000,29
1.500000,30.50000,-1.75000,0.000000,30
1.600000,0.49787,0.10557,0.143135,0
1.600000,1.50000,0.25000,0.000000,1
1.600000,2.50000,0.25000,0.000000,2
1.600000,3.50000,0.25000,0.000000,3
1.600000,4.50000,0.25000,0.000000,4
1.600000,5.50000,0.25000,0.000000,5
1.600000,6.50000,0.25000,0.000000,6
1.600000,7.50000,0.25000,0.000000,7
1.600000,8.50000,0.25000,0.000000,8
1.600000,9.50000,0.25000,0.000000,9
1.600000,10.50000,0.25000,0.000000,10
1.600000,11.50000,0.25000,0.244979,11
1.600000,12.50000,0.50000,0.244979,12
1.600000,13.50000,0.75000,0.244979,13
1.600000,14.50000,1.00000,0.463648,14
1.600000,15.50000,1.50000,0.463648,15
1.600000,16.50000,2.00000,0.000000,16
1.600000,17.50000,2.00000,0.000000,17
1.600000,18.50000,2.00000,-0.244979,18
1.600000,19.50000,1.75000,-0.244979,19
1.600000,20.50000,1.50000,-0.463648,20
1.600000,21.50000,1.00000,-0.463648,21
1.600000,22.50000,0.50000,-0.463648,22
1.600000,23.50000,0.00000,-0.244979,23
1.600000,24.50000,-0.25000,-0.463648,24
1.600000,25.50000,-0.75000,-0.463648,25
1.600000,26.50000,-1.25000,-0.244979,26
1.600000,27.50000,-1.50000,0.000000,27
1.600000,28.50000,-1.50000,0.000000,28
1.600000,29.50000,-1.50000,0.000000,29
1.600000,30.50000,-1.50000,0.000000,30
1.700000,0.57296,0.08107,0.180247,0
1.700000,1.50000,0.25000,0.000000,1
1.700000,2.50000,0.25000,0.000000,2
1.700000,3.50000,0.25000,0.000000,3
1.700000,4.50000,0.25000,0.000000,4
1.700000,5.50000,0.25000,0.000000,5
1.700000,6.50000,0.25000,0.000000,6
1.700000,7.50000,0.25000,0.000000,7
1.700000,8.50000,0.25000,0.000000,8
1.700000,9.50000,0.25000,0.000000,9
1.700000,10.50000,0.25000,0.000000,10
1.700000,11.50000,0.25000,0.244979,11
1.700000,12.50000,0.50000,0.244979,12
1.700000,13.50000,0.75000,0.244979,13
1.700000,14.50000,1.00000,0.463648,14
1.700000,15.50000,1.50000,0.463648,15
1.700000,16.50000,2.00000,0.000000,16
1.700000,17.50000,2.00000,0.000000,17
1.700000,18.50000,2.00000,-0.244979,18
1.700000,19.50000,1.75000,-0.244979,19
1.700000,20.50000,1.50000,-0.463648,20
1.700000,21.50000,1.00000,-0.463648,21
1.700000,22.50000,0.50000,-0.463648,22
1.700000,23.50000,0.00000,-0.244979,23
1.700000,24.50000,-0.25000,-0.463648,24
1.700000,25.50000,-0.75000,-0.463648,25
1.700000,26.50000,-1.25000,-0.244979,26
1.700000,27.50000,-1.50000,0.000000,27
1.700000,28.50000,-1.50000,0.000000,28
1.700000,29.50000,-1.50000,0.000000,29
1.700000,30.50000,-1.50000,0.000000,30
1.800000,0.69332,0.07990,0.207816,0
1.800000,1.50000,0.25000,0.000000,1
1.800000,2.50000,0.25000,0.000000,2
1.800000,3.50000,0.25000,0.000000,3
1.800000,4.50000,0.25000,0.000000,4
1.800000,5.50000,0.25000,0.000000,5
1.800000,6.50000,0.25000,0.000000,6
1.800000,7.50000,0.25000,0.000000,7
1.800000,8.50000,0.25000,0.000000,8
1.800000,9.50000,0.25000,0.000000,9
1.800000,10.50000,0.25000,0.000000,10
1.800000,11.50000,0.25000,0.244979,11
1.800000,12.50000,0.50000,0.244979,12
1.800000,13.50000,0.75000,0.244979,13
1.800000,14.50000,1.00000,0.463648,14
1.800000,15.50000,1.50000,0.463648,15
1.800000,16.50000,2.00000,0.000000,16
1.800000,17.50000,2.00000,0.000000,17
1.800000,18.50000,2.00000,-0.244979,18
1.800000,19.50000,1.75000,-0.244979,19
1.800000,20.50000,1.50000,-0.463648,20
1.800000,21.50000,1.00000,-0.463648,21
1.800000,22.50000,0.50000,-0.463648,22
1.800000,23.50000,0.00000,-0.244979,23
1.800000,24.50000,-0.25000,-0.463648,24
1.800000,25.50000,-0.75000,-0.463648,25
1.800000,26.50000,-1.25000,-0.244979,26
1.800000,27.50000,-1.50000,0.000000,27
1.800000,28.50000,-1.50000,0.000000,28
1.800000,29.50000,-1.50000,0.000000,29
1.800000,30.50000,-1.50000,0.000000,30
1.900000,0.80921,0.10904,0.117825,0
1.900000,2.00000,0.25000,0.000000,1
1.900000,3.00000,0.25000,0.000000,2
1.900000,4.00000,0.25000,0.000000,3
1.900000,5.00000,0.25000,0.000000,4
1.900000,6.00000,0.25000,0.000000,5
1.900000,7.00000,0.25000,0.000000,6
1.900000,8.00000,0.25000,0.000000,7
1.900000,9.00000,0.25000,0.000000,8
1.900000,10.00000,0.25000,0.000000,9
1.900000,11.00000,0.25000,0.244979,10
1.900000,12.00000,0.50000,0.244979,11
1.900000,13.00000,0.75000,0.244979,12
1.900000,14.00000,1.00000,0.463648,13
1.900000,15.00000,1.50000,0.463648,14
1.900000,16.00000,2.00000,0.000000,15
1.900000,17.00000,2.00000,0.000000,16
1.900000,18.00000,2.00000,0.000000,17
1.900000,19.00000,2.00000,-0.244979,18
1.900000,20.00000,1.75000,-0.463648,19
1.900000,21.00000,1.25000,-0.463648,20
1.900000,22.00000,0.75000,-0.463648,21
1.900000,23.00000,0.25000,-0.244979,22
1.900000,24.00000,0.00000,-0.244979,23
1.900000,25.00000,-0.25000,-0.463648,24
1.900000,26.00000,-0.75000,-0.463648,25
1.900000,27.00000,-1.25000,-0.244979,26
1.900000,28.00000,-1.50000,0.000000,27
1.900000,29.00000,-1.50000,0.000000,28
1.900000,30.00000,-1.50000,0.000000,29
1.900000,31.00000,-1.50000,0.000000,30
2.000000,0.96213,0.09627,0.147050,0
2.000000,2.00000,0.25000,0.000000,1
2.000000,3.00000,0.25000,0.000000,2
2.000000,4.00000,0.25000,0.000000,3
2.000000,5.00000,0.25000,0.000000,4
2.000000,6.00000,0.25000,0.000000,5
2.000000,7.00000,0.25000,0.000000,6
2.000000,8.00000,0.25000,0.000000,7
2.000000,9.00000,0.25000,0.000000,8
2.000000,10.00000,0.25000,0.000000,9
2.000000,11.00000,0.25000,0.244979,10
2.000000,12.00000,0.50000,0.244979,11
2.000000,13.00000,0.75000,0.244979,12
2.000000,14.00000,1.00000,0.463648,13
2.000000,15.00000,1.50000,0.463648,14
2.000000,16.00000,2.00000,0.000000,15
2.000000,17.00000,2.00000,0.000000,16
2.000000,18.00000,2.00000,0.000000,17
2.000000,19.00000,2.00000,-0.244979,18
2.000000,20.00000,1.75000,-0.463648,19
2.000000,21.00000,1.25000,-0.463648,20
2.000000,22.00000,0.75000,-0.463648,21
2.000000,23.00000,0.25000,-0.244979,22
2.000000,24.00000,0.00000,-0.244979,23
2.000000,25.00000,-0.25000,-0.463648,24
2.000000,26.00000,-0.75000,-0.463648,25
2.000000,27.00000,-1.25000,-0.244979,26
2.000000,28.00000,-1.50000,0.000000,27
2.000000,29.00000,-1.50000,0.000000,28
2.000000,30.00000,-1.50000,0.000000,29
2.000000,31.00000,-1.50000,0.000000,30
2.100000,1.10747,0.12469,0.139488,0
2.100000,2.00000,0.25000,0.000000,1
2.100000,3.00000,0.25000,0.000000,2
2.100000,4.00000,0.25000,0.000000,3
2.100000,5.00000,0.25000,0.000000,4
2.100000,6.00000,0.25000,0.000000,5
2.100000,7.00000,0.25000,0.000000,6
2.100000,8.00000,0.25000,0.000000,7
2.100000,9.00000,0.25000,0.000000,8
2.100000,10.00000,0.25000,0.000000,9
2.100000,11.00000,0.25000,0.244979,10
2.100000,12.00000,0.50000,0.244979,11
2.100000,13.00000,0.75000,0.244979,12
2.100000,14.00000,1.00000,0.463648,13
2.100000,15.00000,1.50000,0.463648,14
2.100000,16.00000,2.00000,0.000000,15
2.100000,17.00000,2.00000,0.000000,16
2.100000,18.00000,2.00000,0.000000,17
2.100000,19.00000,2.00000,-0.244979,18
2.100000,20.00000,1.75000,-0.463648,19
2.100000,21.00000,1.25000,-0.463648,20
2.100000,22.00000,0.75000,-0.463648,21
2.100000,23.00000,0.25000,-0.244979,22
2.100000,24.00000,0.00000,-0.244979,23
2.100000,25.00000,-0.25000,-0.463648,24
2.100000,26.00000,-0.75000,-0.463648,25
2.100000,27.00000,-1.25000,-0.244979,26
2.100000,28.00000,-1.50000,0.000000,27
2.100000,29.00000,-1.50000,0.000000,28
2.100000,30.00000,-1.50000,0.000000,29
2.100000,31.00000,-1.50000,0.000000,30
2.200000,1.32603,0.14139,0.092254,0
2.200000,2.50000,0.25000,0.000000,1
2.200000,3.50000,0.25000,0.000000,2
2.200000,4.50000,0.25000,0.000000,3
2.200000,5.50000,0.25000,0.000000,4
2.200000,6.50000,0.25000,0.000000,5
2.200000,7.50000,0.25000,0.000000,6
2.200000,8.50000,0.25000,0.000000,7
2.200000,9.50000,0.25000,0.000000,8
2.200000,10.50000,0.25000,0.000000,9
2.200000,11.50000,0.25000,0.244979,10
2.200000,12.50000,0.50000,0.244979,11
2.200000,13.50000,0.75000,0.244979,12
2.200000,14.50000,1.00000,0.463648,13
2.200000,15.50000,1.50000,0.463648,14
2.200000,16.50000,2.00000,0.000000,15
2.200000,17.50000,2.00000,0.000000,16
2.200000,18.50000,2.00000,-0.244979,17
2.200000,19.50000,1.75000,-0.244979,18
2.200000,20.50000,1.50000,-0.463648,19
2.200000,21.50000,1.00000,-0.463648,20
2.200000,22.50000,0.50000,-0.463648,21
2.200000,23.50000,0.00000,-0.244979,22
2.200000,24.50000,-0.25000,-0.463648,23
2.200000,25.50000,-0.75000,-0.463648,24
2.200000,26.50000,-1.25000,-0.244979,25
2.200000,27.50000,-1.50000,0.000000,26
2.200000,28.50000,-1.50000,0.000000,27
2.200000,29.50000,-1.50000,0.000000,28
2.200000,30.50000,-1.50000,0.000000,29
2.200000,31.50000,-1.50000,0.000000,30
2.300000,1.47776,0.14169,0.105562,0
2.300000,2.50000,0.25000,0.000000,1
2.300000,3.50000,0.25000,0.000000,2
2.300000,4.50000,0.25000,0.000000,3
2.300000,5.50000,0.25000,0.000000,4
2.300000,6.50000,0.25000,0.000000,5
2.300000,7.50000,0.25000,0.000000,6
2.300000,8.50000,0.25000,0.000000,7
2.300000,9.50000,0.25000,0.000000,8
2.300000,10.50000,0.25000,0.000000,9
2.300000,11.50000,0.25000,0.244979,10
2.300000,12.50000,0.50000,0.244979,11
2.300000,13.50000,0.75000,0.244979,12
2.300000,14.50000,1.00000,0.463648,13
2.300000,15.50000,1.50000,0.463648,14
2.300000,16.50000,2.00000,0.000000,15
2.300000,17.50000,2.00000,0.000000,16
2.300000,18.50000,2.00000,-0.244979,17
2.300000,19.50000,1.75000,-0.244979,18
2.300000,20.50000,1.50000,-0.463648,19
2.300000,21.50000,1.00000,-0.463648,20
2.300000,22.50000,0.50000,-0.463648,21
2.300000,23.50000,0.00000,-0.244979,22
2.300000,24.50000,-0.25000,-0.463648,23
2.300000,25.50000,-0.75000,-0.463648,24
2.300000,26.50000,-1.25000,-0.244979,25
2.300000,27.50000,-1.50000,0.000000,26
2.300000,28.50000,-1.50000,0.000000,27
2.300000,29.50000,-1.50000,0.000000,28
2.300000,30.50000,-1.50000,0.000000,29
2.300000,31.50000,-1.50000,0.000000,30
2.400000,1.68072,0.16884,0.098738,0
2.400000,2.50000,0.25000,0.000000,1
2.400000,3.50000,0.25000,0.000000,2
2.400000,4.50000,0.25000,0.000000,3
2.400000,5.50000,0.25000,0.000000,4
2.400000,6.50000,0.25000,0.000000,5
2.400000,7.50000,0.25000,0.000000,6
2.400000,8.50000,0.25000,0.000000,7
2.400000,9.50000,0.25000,0.000000,8
2.400000,10.50000,0.25000,0.000000,9
2.400000,11.50000,0.25000,0.244979,10
2.400000,12.50000,0.50000,0.244979,11
2.400000,13.50000,0.75000,0.244979,12
2.400000,14.50000,1.00000,0.463648,13
2.400000,15.50000,1.50000,0.463648,14
2.400000,16.50000,2.00000,0.000000,15
2.400000,17.50000,2.00000,0.000000,16
2.400000,18.50000,2.00000,-0.244979,17
2.400000,19.50000,1.75000,-0.244979,18
2.400000,20.50000,1.50000,-0.463648,19
2.400000,21.50000,1.00000,-0.463648,20
2.400000,22.50000,0.50000,-0.463648,21
2.400000,23.50000,0.00000,-0.244979,22
2.400000,24.50000,-0.25000,-0.463648,23
2.400000,25.50000,-0.75000,-0.463648,24
2.400000,26.50000,-1.25000,-0.244979,25
2.400000,27.50000,-1.50000,0.000000,26
2.400000,28.50000,-1.50000,0.000000,27
2.400000,29.50000,-1.50000,0.000000,28
2.400000,30.50000,-1.50000,0.000000,29
2.400000,31.50000,-1.50000,0.000000,30
2.500000,1.88706,0.17809,0.064520,0
2.500000,3.00000,0.25000,0.000000,1
2.500000,4.00000,0.25000,0.000000,2
2.500000,5.00000,0.25000,0.000000,3
2.500000,6.00000,0.25000,0.000000,4
2.500000,7.00000,0.25000,0.000000,5
2.500000,8.00000,0.25000,0.000000,6
2.500000,9.00000,0.25000,0.000000,7
2.500000,10.00000,0.25000,0.000000,8
2.500000,11.00000,0.25000,0.244979,9
2.500000,12.00000,0.50000,0.244979,10
2.500000,13.00000,0.75000,0.244979,11
2.500000,14.00000,1.00000,0.463648,12
2.500000,15.00000,1.50000,0.463648,13
2.500000,16.00000,2.00000,0.000000,14
2.500000,17.00000,2.00000,0.000000,15
2.500000,18.00000,2.00000,0.000000,16
2.500000,19.00000,2.00000,-0.244979,17
2.500000,20.00000,1.75000,-0.463648,18
2.500000,21.00000,1.25000,-0.463648,19
2.500000,22.00000,0.75000,-0.463648,20
2.500000,23.00000,0.25000,-0.244979,21
2.500000,24.00000,0.00000,-0.244979,22
2.500000,25.00000,-0.25000,-0.463648,23
2.500000,26.00000,-0.75000,-0.463648,24
2.500000,27.00000,-1.25000,-0.244979,25
2.500000,28.00000,-1.50000,0.000000,26
2.500000,29.00000,-1.50000,0.000000,27
2.500000,30.00000,-1.50000,0.000000,28
2.500000,31.00000,-1.50000,0.000000,29
2.500000,32.00000,-1.50000,0.000000,30
2.600000,2.11571,0.15843,0.103179,0
2.600000,3.00000,0.25000,0.000000,1
2.600000,4.00000,0.25000,0.000000,2
2.600000,5.00000,0.25000,0.000000,3
2.600000,6.00000,0.25000,0.000000,4
2.600000,7.00000,0.25000,0.000000,5
2.600000,8.00000,0.25000,0.000000,6
2.600000,9.00000,0.25000,0.000000,7
2.600000,10.00000,0.25000,0.000000,8
2.600000,11.00000,0.25000,0.244979,9
2.600000,12.00000,0.50000,0.244979,10
2.600000,13.00000,0.75000,0.244979,11
2.600000,14.00000,1.00000,0.463648,12
2.600000,15.00000,1.50000,0.463648,13
2.600000,16.00000,2.00000,0.000000,14
2.600000,17.00000,2.00000,0.000000,15
2.600000,18.00000,2.00000,0.000000,16
2.600000,19.00000,2.00000,-0.244979,17
2.600000,20.00000,1.75000,-0.463648,18
2.600000,21.00000,1.25000,-0.463648,19
2.600000,22.00000,0.75000,-0.463648,20
2.600000,23.00000,0.25000,-0.244979,21
2.600000,24.00000,0.00000,-0.244979,22
2.600000,25.00000,-0.25000,-0.463648,23
2.600000,26.00000,-0.75000,-0.463648,24
2.600000,27.00000,-1.25000,-0.244979,25
2.600000,28.00000,-1.50000,0.000000,26
2.600000,29.00000,-1.50000,0.000000,27
2.600000,30.00000,-1.50000,0.000000,28
2.600000,31.00000,-1.50000,0.000000,29
2.600000,32.00000,-1.50000,0.000000,30
2.700000,2.37035,0.17408,0.067107,0
2.700000,3.50000,0.25000,0.000000,1
2.700000,4.50000,0.25000,0.000000,2
2.700000,5.50000,0.25000,0.000000,3
2.700000,6.50000,0.25000,0.000000,4
2.700000,7.50000,0.25000,0.000000,5
2.700000,8.50000,0.25000,0.000000,6
2.700000,9.50000,0.25000,0.000000,7
2.700000,10.50000,0.25000,0.000000,8
2.700000,11.50000,0.25000,0.244979,9
2.700000,12.50000,0.50000,0.244979,10
2.700000,13.50000,0.75000,0.244979,11
2.700000,14.50000,1.00000,0.463648,12
2.700000,15.50000,1.50000,0.463648,13
2.700000,16.50000,2.00000,0.000000,14
2.700000,17.50000,2.00000,0.000000,15
2.700000,18.50000,2.00000,-0.244979,16
2.700000,19.50000,1.75000,-0.244979,17
2.700000,20.50000,1.50000,-0.463648,18
2.700000,21.50000,1.00000,-0.463648,19
2.700000,22.50000,0.50000,-0.463648,20
2.700000,23.50000,0.00000,-0.244979,21
2.700000,24.50000,-0.25000,-0.244979,22
2.700000,25.50000,-0.50000,-0.463648,23
2.700000,26.50000,-1.00000,-0.244979,24
2.700000,27.50000,-1.25000,0.000000,25
2.700000,28.50000,-1.25000,0.000000,26
2.700000,29.50000,-1.25000,0.000000,27
2.700000,30.50000,-1.25000,0.000000,28
2.700000,31.50000,-1.25000,0.000000,29
2.700000,32.50000,-1.25000,0.000000,30
2.800000,2.62295,0.18624,0.072569,0
2.800000,3.50000,0.25000,0.000000,1
2.800000,4.50000,0.25000,0.000000,2
2.800000,5.50000,0.25000,0.000000,3
2.800000,6.50000,0.25000,0.000000,4
2.800000,7.50000,0.25000,0.000000,5
2.800000,8.50000,0.25000,0.000000,6
2.800000,9.50000,0.25000,0.000000,7
2.800000,10.50000,0.25000,0.000000,8
2.800000,11.50000,0.25000,0.244979,9
2.800000,12.50000,0.50000,0.244979,10
2.800000,13.50000,0.75000,0.244979,11
2.800000,14.50000,1.00000,0.463648,12
2.800000,15.50000,1.50000,0.463648,13
2.800000,16.50000,2.00000,0.000000,14
2.800000,17.50000,2.00000,0.000000,15
2.800000,18.50000,2.00000,-0.244979,16
2.800000,19.50000,1.75000,-0.244979,17
2.800000,20.50000,1.50000,-0.463648,18
2.800000,21.50000,1.00000,-0.463648,19
2.800000,22.50000,0.50000,-0.463648,20
2.800000,23.50000,0.00000,-0.244979,21
2.800000,24.50000,-0.25000,-0.244979,22
2.800000,25.50000,-0.50000,-0.463648,23
2.800000,26.50000,-1.00000,-0.244979,24
2.800000,27.50000,-1.25000,-0.244979,25
2.800000,28.50000,-1.50000,0.000000,26
2.800000,29.50000,-1.50000,0.000000,27
2.800000,30.50000,-1.50000,0.000000,28
2.800000,31.50000,-1.50000,0.000000,29
2.800000,32.50000,-1.50000,0.000000,30
2.900000,2.89467,0.14772,0.092268,0
2.900000,4.00000,0.25000,0.000000,1
2.900000,5.00000,0.25000,0.000000,2
2.900000,6.00000,0.25000,0.000000,3
2.900000,7.00000,0.25000,0.000000,4
2.900000,8.00000,0.25000,0.000000,5
2.900000,9.00000,0.25000,0.000000,6
2.900000,10.00000,0.25000,0.000000,7
2.900000,11.00000,0.25000,0.244979,8
2.900000,12.00000,0.50000,0.244979,9
2.900000,13.00000,0.75000,0.244979,10
2.900000,14.00000,1.00000,0.463648,11
2.900000,15.00000,1.50000,0.463648,12
2.900000,16.00000,2.00000,0.000000,13
2.900000,17.00000,2.00000,0.000000,14
2.900000,18.00000,2.00000,-0.244979,15
2.900000,19.00000,1.75000,-0.244979,16
2.900000,20.00000,1.50000,-0.244979,17
2.900000,21.00000,1.25000,-0.463648,18
2.900000,22.00000,0.75000,-0.463648,19
2.900000,23.00000,0.25000,-0.244979,20
2.900000,24.00000,0.00000,-0.244979,21
2.900000,25.00000,-0.25000,-0.463648,22
2.900000,26.00000,-0.75000,-0.463648,23
2.900000,27.00000,-1.25000,-0.244979,24
2.900000,28.00000,-1.50000,0.000000,25
2.900000,29.00000,-1.50000,0.000000,26
2.900000,30.00000,-1.50000,0.000000,27
2.900000,31.00000,-1.50000,0.244979,28
2.900000,32.00000,-1.25000,0.000000,29
2.900000,33.00000,-1.25000,0.000000,30
3.000000,3.15686,0.18285,0.079477,0
3.000000,4.00000,0.25000,0.000000,1
3.000000,5.00000,0.25000,0.000000,2
3.000000,6.00000,0.25000,0.000000,3
3.000000,7.00000,0.25000,0.000000,4
3.000000,8.00000,0.25000,0.000000,5
3.000000,9.00000,0.25000,0.000000,6
3.000000,10.00000,0.25000,0.000000,7
3.000000,11.00000,0.25000,0.244979,8
3.000000,12.00000,0.50000,0.244979,9
3.000000,13.00000,0.75000,0.244979,10
3.000000,14.00000,1.00000,0.463648,11
3.000000,15.00000,1.50000,0.463648,12
3.000000,16.00000,2.00000,0.000000,13
3.000000,17.00000,2.00000,0.000000,14
3.000000,18.00000,2.00000,0.000000,15
3.000000,19.00000,2.00000,-0.244979,16
3.000000,20.00000,1.75000,-0.463648,17
3.000000,21.00000,1.25000,-0.463648,18
3.000000,22.00000,0.75000,-0.463648,19
3.000000,23.00000,0.25000,-0.244979,20
3.000000,24.00000,0.00000,-0.244979,21
3.000000,25.00000,-0.25000,-0.463648,22
3.000000,26.00000,-0.75000,-0.463648,23
3.000000,27.00000,-1.25000,-0.244979,24
3.000000,28.00000,-1.50000,0.000000,25
3.000000,29.00000,-1.50000,0.000000,26
3.000000,30.00000,-1.50000,0.000000,27
3.000000,31.00000,-1.50000,0.244979,28
3.000000,32.00000,-1.25000,0.000000,29
3.000000,33.00000,-1.25000,0.000000,30
3.100000,3.42349,0.15776,0.085479,0
3.100000,4.50000,0.25000,0.000000,1
3.100000,5.50000,0.25000,0.000000,2
3.100000,6.50000,0.25000,0.000000,3
3.100000,7.50000,0.25000,0.000000,4
3.100000,8.50000,0.25000,0.000000,5
3.100000,9.50000,0.25000,0.000000,6
3.100000,10.50000,0.25000,0.000000,7
3.100000,11.50000,0.25000,0.244979,8
3.100000,12.50000,0.50000,0.244979,9
3.100000,13.50000,0.75000,0.244979,10
3.100000,14.50000,1.00000,0.463648,11
3.100000,15.50000,1.50000,0.463648,12
3.100000,16.50000,2.00000,0.000000,13
3.100000,17.50000,2.00000,0.000000,14
3.100000,18.50000,2.00000,-0.244979,15
3.100000,19.50000,1.75000,-0.244979,16
3.100000,20.50000,1.50000,-0.463648,17
3.100000,21.50000,1.00000,-0.463648,18
3.100000,22.50000,0.50000,-0.463648,19
3.100000,23.50000,0.00000,-0.244979,20
3.100000,24.50000,-0.25000,-0.463648,21
3.100000,25.50000,-0.75000,-0.463648,22
3.100000,26.50000,-1.25000,-0.244979,23
3.100000,27.50000,-1.50000,0.000000,24
3.100000,28.50000,-1.50000,0.000000,25
3.100000,29.50000,-1.50000,0.000000,26
3.100000,30.50000,-1.50000,0.000000,27
3.100000,31.50000,-1.50000,0.244979,28
3.100000,32.50000,-1.25000,0.000000,29
3.100000,33.50000,-1.25000,0.000000,30
3.200000,3.76896,0.17798,0.058438,0
3.200000,5.00000,0.25000,0.000000,1
3.200000,6.00000,0.25000,0.000000,2
3.200000,7.00000,0.25000,0.000000,3
3.200000,8.00000,0.25000,0.000000,4
3.200000,9.00000,0.25000,0.000000,5
3.200000,10.00000,0.25000,0.000000,6
3.200000,11.00000,0.25000,0.244979,7
3.200000,12.00000,0.50000,0.244979,8
3.200000,13.00000,0.75000,0.244979,9
3.200000,14.00000,1.00000,0.463648,10
3.200000,15.00000,1.50000,0.463648,11
3.200000,16.00000,2.00000,0.000000,12
3.200000,17.00000,2.00000,0.000000,13
3.200000,18.00000,2.00000,0.000000,14
3.200000,19.00000,2.00000,-0.244979,15
3.200000,20.00000,1.75000,-0.463648,16
3.200000,21.00000,1.25000,-0.463648,17
3.200000,22.00000,0.75000,-0.463648,18
3.200000,23.00000,0.25000,-0.244979,19
3.200000,24.00000,0.00000,-0.244979,20
3.200000,25.00000,-0.25000,-0.463648,21
3.200000,26.00000,-0.75000,-0.463648,22
3.200000,27.00000,-1.25000,-0.244979,23
3.200000,28.00000,-1.50000,0.000000,24
3.200000,29.00000,-1.50000,0.000000,25
3.200000,30.00000,-1.50000,0.000000,26
3.200000,31.00000,-1.50000,0.244979,27
3.200000,32.00000,-1.25000,0.000000,28
3.200000,33.00000,-1.25000,0.000000,29
3.200000,34.00000,-1.25000,0.000000,30
3.300000,4.02254,0.17923,0.072279,0
3.300000,5.00000,0.25000,0.000000,1
3.300000,6.00000,0.25000,0.000000,2
3.300000,7.00000,0.25000,0.000000,3
3.300000,8.00000,0.25000,0.000000,4
3.300000,9.00000,0.25000,0.000000,5
3.300000,10.00000,0.25000,0.000000,6
3.300000,11.00000,0.25000,0.244979,7
3.300000,12.00000,0.50000,0.244979,8
3.300000,13.00000,0.75000,0.244979,9
3.300000,14.00000,1.00000,0.463648,10
3.300000,15.00000,1.50000,0.463648,11
3.300000,16.00000,2.00000,0.000000,12
3.300000,17.00000,2.00000,0.000000,13
3.300000,18.00000,2.00000,-0.244979,14
3.300000,19.00000,1.75000,-0.244979,15
3.300000,20.00000,1.50000,-0.244979,16
3.300000,21.00000,1.25000,-0.463648,17
3.300000,22.00000,0.75000,-0.463648,18
3.300000,23.00000,0.25000,-0.244979,19
3.300000,24.00000,0.00000,-0.244979,20
3.300000,25.00000,-0.25000,-0.463648,21
3.300000,26.00000,-0.75000,-0.463648,22
3.300000,27.00000,-1.25000,-0.244979,23
3.300000,28.00000,-1.50000,0.000000,24
3.300000,29.00000,-1.50000,0.000000,25
3.300000,30.00000,-1.50000,0.000000,26
3.300000,31.00000,-1.50000,0.244979,27
3.300000,32.00000,-1.25000,0.000000,28
3.300000,33.00000,-1.25000,0.000000,29
3.300000,34.00000,-1.25000,0.000000,30
3.400000,4.36905,0.13997,0.096982,0
3.400000,5.50000,0.25000,0.000000,1
3.400000,6.50000,0.25000,0.000000,2
3.400000,7.50000,0.25000,0.000000,3
3.400000,8.50000,0.25000,0.000000,4
3.400000,9.50000,0.25000,0.000000,5
3.400000,10.50000,0.25000,0.000000,6
3.400000,11.50000,0.25000,0.244979,7
3.400000,12.50000,0.50000,0.244979,8
3.400000,13.50000,0.75000,0.244979,9
3.400000,14.50000,1.00000,0.463648,10
3.400000,15.50000,1.50000,0.463648,11
3.400000,16.50000,2.00000,0.000000,12
3.400000,17.50000,2.00000,0.000000,13
3.400000,18.50000,2.00000,-0.244979,14
3.400000,19.50000,1.75000,-0.244979,15
3.400000,20.50000,1.50000,-0.463648,16
3.400000,21.50000,1.00000,-0.463648,17
3.400000,22.50000,0.50000,-0.463648,18
3.400000,23.50000,0.00000,-0.244979,19
3.400000,24.50000,-0.25000,-0.463648,20
3.400000,25.50000,-0.75000,-0.463648,21
3.400000,26.50000,-1.25000,-0.244979,22
3.400000,27.50000,-1.50000,0.000000,23
3.400000,28.50000,-1.50000,0.000000,24
3.400000,29.50000,-1.50000,0.000000,25
3.400000,30.50000,-1.50000,0.244979,26
3.400000,31.50000,-1.25000,0.244979,27
3.400000,32.50000,-1.00000,0.000000,28
3.400000,33.50000,-1.00000,0.000000,29
3.400000,34.50000,-1.00000,0.000000,30
3.500000,4.66252,0.14911,0.119888,0
3.500000,5.50000,0.25000,0.000000,1
3.500000,6.50000,0.25000,0.000000,2
3.500000,7.50000,0.25000,0.000000,3
3.500000,8.50000,0.25000,0.000000,4
3.500000,9.50000,0.25000,0.000000,5
3.500000,10.50000,0.25000,0.000000,6
3.500000,11.50000,0.25000,0.244979,7
3.500000,12.50000,0.50000,0.244979,8
3.500000,13.50000,0.75000,0.244979,9
3.500000,14.50000,1.00000,0.463648,10
3.500000,15.50000,1.50000,0.463648,11
3.500000,16.50000,2.00000,0.000000,12
3.500000,17.50000,2.00000,0.000000,13
3.500000,18.50000,2.00000,-0.244979,14
3.500000,19.50000,1.75000,-0.244979,15
3.500000,20.50000,1.50000,-0.463648,16
3.500000,21.50000,1.00000,-0.463648,17
3.500000,22.50000,0.50000,-0.463648,18
3.500000,23.50000,0.00000,-0.244979,19
3.500000,24.50000,-0.25000,-0.463648,20
3.500000,25.50000,-0.75000,-0.463648,21
3.500000,26.50000,-1.25000,-0.244979,22
3.500000,27.50000,-1.50000,0.000000,23
3.500000,28.50000,-1.50000,0.000000,24
3.500000,29.50000,-1.50000,0.000000,25
3.500000,30.50000,-1.50000,0.244979,26
3.500000,31.50000,-1.25000,0.244979,27
3.500000,32.50000,-1.00000,0.000000,28
3.500000,33.50000,-1.00000,0.000000,29
3.500000,34.50000,-1.00000,0.000000,30
3.600000,5.02077,0.19273,0.058417,0
3.600000,6.00000,0.25000,0.000000,1
3.600000,7.00000,0.25000,0.000000,2
3.600000,8.00000,0.25000,0.000000,3
3.600000,9.00000,0.25000,0.000000,4
3.600000,10.00000,0.25000,0.000000,5
3.600000,11.00000,0.25000,0.244979,6
3.600000,12.00000,0.50000,0.244979,7
3.600000,13.00000,0.75000,0.244979,8
3.600000,14.00000,1.00000,0.463648,9
3.600000,15.00000,1.50000,0.463648,10
3.600000,16.00000,2.00000,0.000000,11
3.600000,17.00000,2.00000,0.000000,12
3.600000,18.00000,2.00000,0.000000,13
3.600000,19.00000,2.00000,-0.244979,14
3.600000,20.00000,1.75000,-0.463648,15
3.600000,21.00000,1.25000,-0.463648,16
3.600000,22.00000,0.75000,-0.463648,17
3.600000,23.00000,0.25000,-0.244979,18
3.600000,24.00000,0.00000,-0.244979,19
3.600000,25.00000,-0.25000,-0.463648,20
3.600000,26.00000,-0.75000,-0.463648,21
3.600000,27.00000,-1.25000,-0.244979,22
3.600000,28.00000,-1.50000,0.000000,23
3.600000,29.00000,-1.50000,0.000000,24
3.600000,30.00000,-1.50000,0.000000,25
3.600000,31.00000,-1.50000,0.244979,26
3.600000,32.00000,-1.25000,0.244979,27
3.600000,33.00000,-1.00000,0.000000,28
3.600000,34.00000,-1.00000,0.000000,29
3.600000,35.00000,-1.00000,0.000000,30
3.700000,5.45335,0.17599,0.070597,0
3.700000,6.50000,0.25000,0.000000,1
3.700000,7.50000,0.25000,0.000000,2
3.700000,8.50000,0.25000,0.000000,3
3.700000,9.50000,0.25000,0.000000,4
3.700000,10.50000,0.25000,0.000000,5
3.700000,11.50000,0.25000,0.244979,6
3.700000,12.50000,0.50000,0.244979,7
3.700000,13.50000,0.75000,0.244979,8
3.700000,14.50000,1.00000,0.463648,9
3.700000,15.50000,1.50000,0.463648,10
3.700000,16.50000,2.00000,0.000000,11
3.700000,17.50000,2.00000,0.000000,12
3.700000,18.50000,2.00000,-0.244979,13
3.700000,19.50000,1.75000,-0.244979,14
3.700000,20.50000,1.50000,-0.463648,15
3.700000,21.50000,1.00000,-0.463648,16
3.700000,22.50000,0.50000,-0.463648,17
3.700000,23.50000,0.00000,-0.244979,18
3.700000,24.50000,-0.25000,-0.244979,19
3.700000,25.50000,-0.50000,-0.463648,20
3.700000,26.50000,-1.00000,-0.244979,21
3.700000,27.50000,-1.25000,-0.244979,22
3.700000,28.50000,-1.50000,0.000000,23
3.700000,29.50000,-1.50000,0.000000,24
3.700000,30.50000,-1.50000,0.244979,25
3.700000,31.50000,-1.25000,0.244979,26
3.700000,32.50000,-1.00000,0.244979,27
3.700000,33.50000,-0.75000,0.000000,28
3.700000,34.50000,-0.75000,0.000000,29
3.700000,35.50000,-0.75000,0.000000,30
3.800000,5.64306,0.16973,0.093401,0
3.800000,6.50000,0.25000,0.000000,1
3.800000,7.50000,0.25000,0.000000,2
3.800000,8.50000,0.25000,0.000000,3
3.800000,9.50000,0.25000,0.000000,4
3.800000,10.50000,0.25000,0.000000,5
3.800000,11.50000,0.25000,0.244979,6
3.800000,12.50000,0.50000,0.244979,7
3.800000,13.50000,0.75000,0.244979,8
3.800000,14.50000,1.00000,0.463648,9
3.800000,15.50000,1.50000,0.463648,10
3.800000,16.50000,2.00000,0.000000,11
3.800000,17.50000,2.00000,0.000000,12
3.800000,18.50000,2.00000,-0.244979,13
3.800000,19.50000,1.75000,-0.244979,14
3.800000,20.50000,1.50000,-0.463648,15
3.800000,21.50000,1.00000,-0.463648,16
3.800000,22.50000,0.50000,-0.463648,17
3.800000,23.50000,0.00000,-0.244979,18
3.800000,24.50000,-0.25000,-0.463648,19
3.800000,25.50000,-0.75000,-0.463648,20
3.800000,26.50000,-1.25000,-0.244979,21
3.800000,27.50000,-1.50000,0.000000,22
3.800000,28.50000,-1.50000,0.000000,23
3.800000,29.50000,-1.50000,0.000000,24
3.800000,30.50000,-1.50000,0.244979,25
3.800000,31.50000,-1.25000,0.244979,26
3.800000,32.50000,-1.00000,0.244979,27
3.800000,33.50000,-0.75000,0.000000,28
3.800000,34.50000,-0.75000,0.000000,29
3.800000,35.50000,-0.75000,0.000000,30
3.900000,5.97662,0.17902,0.069247,0
3.900000,7.00000,0.25000,0.000000,1
3.900000,8.00000,0.25000,0.000000,2
3.900000,9.00000,0.25000,0.000000,3
3.900000,10.00000,0.25000,0.000000,4
3.900000,11.00000,0.25000,0.244979,5
3.900000,12.00000,0.50000,0.244979,6
3.900000,13.00000,0.75000,0.244979,7
3.900000,14.00000,1.00000,0.463648,8
3.900000,15.00000,1.50000,0.463648,9
3.900000,16.00000,2.00000,0.000000,10
3.900000,17.00000,2.00000,0.000000,11
3.900000,18.00000,2.00000,0.000000,12
3.900000,19.00000,2.00000,-0.244979,13
3.900000,20.00000,1.75000,-0.463648,14
3.900000,21.00000,1.25000,-0.463648,15
3.900000,22.00000,0.75000,-0.463648,16
3.900000,23.00000,0.25000,-0.244979,17
3.900000,24.00000,0.00000,-0.244979,18
3.900000,25.00000,-0.25000,-0.463648,19
3.900000,26.00000,-0.75000,-0.463648,20
3.900000,27.00000,-1.25000,-0.244979,21
3.900000,28.00000,-1.50000,0.000000,22
3.900000,29.00000,-1.50000,0.000000,23
3.900000,30.00000,-1.50000,0.000000,24
3.900000,31.00000,-1.50000,0.463648,25
3.900000,32.00000,-1.00000,0.244979,26
3.900000,33.00000,-0.75000,0.000000,27
3.900000,34.00000,-0.75000,0.000000,28
3.900000,35.00000,-0.75000,0.000000,29
3.900000,36.00000,-0.75000,0.000000,30
4.000000,6.27808,0.19410,0.045712,0
4.000000,7.50000,0.25000,0.000000,1
4.000000,8.50000,0.25000,0.000000,2
4.000000,9.50000,0.25000,0.000000,3
4.000000,10.50000,0.25000,0.000000,4
4.000000,11.50000,0.25000,0.244979,5
4.000000,12.50000,0.50000,0.244979,6
4.000000,13.50000,0.75000,0.244979,7
4.000000,14.50000,1.00000,0.463648,8
4.000000,15.50000,1.50000,0.463648,9
4.000000,16.50000,2.00000,0.000000,10
4.000000,17.50000,2.00000,0.000000,11
4.000000,18.50000,2.00000,-0.244979,12
4.000000,19.50000,1.75000,-0.244979,13
4.000000,20.50000,1.50000,-0.463648,14
4.000000,21.50000,1.00000,-0.463648,15
4.000000,22.50000,0.50000,-0.463648,16
4.000000,23.50000,0.00000,-0.244979,17
4.000000,24.50000,-0.25000,-0.463648,18
4.000000,25.50000,-0.75000,-0.463648,19
4.000000,26.50000,-1.25000,-0.244979,20
4.000000,27.50000,-1.50000,0.000000,21
4.000000,28.50000,-1.50000,0.000000,22
4.000000,29.50000,-1.50000,0.000000,23
4.000000,30.50000,-1.50000,0.244979,24
4.000000,31.50000,-1.25000,0.244979,25
4.000000,32.50000,-1.00000,0.244979,26
4.000000,33.50000,-0.75000,0.000000,27
4.000000,34.50000,-0.75000,0.000000,28
4.000000,35.50000,-0.75000,0.000000,29
4.000000,36.50000,-0.75000,0.000000,30
4.100000,6.62307,0.18248,0.076843,0
4.100000,7.50000,0.25000,0.000000,1
4.100000,8.50000,0.25000,0.000000,2
4.100000,9.50000,0.25000,0.000000,3
4.100000,10.50000,0.25000,0.000000,4
4.100000,11.50000,0.25000,0.244979,5
4.100000,12.50000,0.50000,0.244979,6
4.100000,13.50000,0.75000,0.244979,7
4.100000,14.50000,1.00000,0.463648,8
4.100000,15.50000,1.50000,0.463648,9
4.100000,16.50000,2.00000,0.000000,10
4.100000,17.50000,2.00000,0.000000,11
4.100000,18.50000,2.00000,-0.244979,12
4.100000,19.50000,1.75000,-0.244979,13
4.100000,20.50000,1.50000,-0.463648,14
4.100000,21.50000,1.00000,-0.463648,15
4.100000,22.50000,0.50000,-0.463648,16
4.100000,23.50000,0.00000,-0.244979,17
4.100000,24.50000,-0.25000,-0.463648,18
4.100000,25.50000,-0.75000,-0.463648,19
4.100000,26.50000,-1.25000,-0.244979,20
4.100000,27.50000,-1.50000,0.000000,21
4.100000,28.50000,-1.50000,0.000000,22
4.100000,29.50000,-1.50000,0.000000,23
4.100000,30.50000,-1.50000,0.244979,24
4.100000,31.50000,-1.25000,0.244979,25
4.100000,32.50000,-1.00000,0.244979,26
4.100000,33.50000,-0.75000,0.000000,27
4.100000,34.50000,-0.75000,0.000000,28
4.100000,35.50000,-0.75000,0.000000,29
4.100000,36.50000,-0.75000,0.000000,30
4.204000,6.89503,0.21172,0.034630,0
4.204000,8.00000,0.25000,0.000000,1
4.204000,9.00000,0.25000,0.000000,2
4.204000,10.00000,0.25000,0.000000,3
4.204000,11.00000,0.25000,0.244979,4
4.204000,12.00000,0.50000,0.244979,5
4.204000,13.00000,0.75000,0.244979,6
4.204000,14.00000,1.00000,0.463648,7
4.204000,15.00000,1.50000,0.463648,8
4.204000,16.00000,2.00000,0.000000,9
4.204000,17.00000,2.00000,0.000000,10
4.204000,18.00000,2.00000,0.000000,11
4.204000,19.00000,2.00000,-0.244979,12
4.204000,20.00000,1.75000,-0.463648,13
4.204000,21.00000,1.25000,-0.463648,14
4.204000,22.00000,0.75000,-0.463648,15
4.204000,23.00000,0.25000,-0.244979,16
4.204000,24.00000,0.00000,-0.244979,17
4.204000,25.00000,-0.25000,-0.463648,18
4.204000,26.00000,-0.75000,-0.463648,19
4.204000,27.00000,-1.25000,-0.244979,20
4.204000,28.00000,-1.50000,0.000000,21
4.204000,29.00000,-1.50000,0.000000,22
4.204000,30.00000,-1.50000,0.000000,23
4.204000,31.00000,-1.50000,0.463648,24
4.204000,32.00000,-1.00000,0.244979,25
4.204000,33.00000,-0.75000,0.244979,26
4.204000,34.00000,-0.50000,0.000000,27
4.204000,35.00000,-0.50000,0.000000,28
4.204000,36.00000,-0.50000,0.000000,29
4.204000,37.00000,-0.50000,0.000000,30
4.300000,7.20718,0.19945,0.063671,0
4.300000,8.00000,0.25000,0.000000,1
4.300000,9.00000,0.25000,0.000000,2
4.300000,10.00000,0.25000,0.000000,3
4.300000,11.00000,0.25000,0.244979,4
4.300000,12.00000,0.50000,0.244979,5
4.300000,13.00000,0.75000,0.244979,6
4.300000,14.00000,1.00000,0.463648,7
4.300000,15.00000,1.50000,0.463648,8
4.300000,16.00000,2.00000,0.000000,9
4.300000,17.00000,2.00000,0.000000,10
4.300000,18.00000,2.00000,-0.244979,11
4.300000,19.00000,1.75000,-0.244979,12
4.300000,20.00000,1.50000,-0.244979,13
4.300000,21.00000,1.25000,-0.463648,14
4.300000,22.00000,0.75000,-0.463648,15
4.300000,23.00000,0.25000,-0.244979,16
4.300000,24.00000,0.00000,-0.244979,17
4.300000,25.00000,-0.25000,-0.463648,18
4.300000,26.00000,-0.75000,-0.463648,19
4.300000,27.00000,-1.25000,-0.244979,20
4.300000,28.00000,-1.50000,0.000000,21
4.300000,29.00000,-1.50000,0.000000,22
4.300000,30.00000,-1.50000,0.000000,23
4.300000,31.00000,-1.50000,0.463648,24
4.300000,32.00000,-1.00000,0.244979,25
4.300000,33.00000,-0.75000,0.244979,26
4.300000,34.00000,-0.50000,0.000000,27
4.300000,35.00000,-0.50000,0.000000,28
4.300000,36.00000,-0.50000,0.000000,29
4.300000,37.00000,-0.50000,0.000000,30
4.404000,7.43325,0.22247,0.025799,0
4.404000,8.50000,0.25000,0.000000,1
4.404000,9.50000,0.25000,0.000000,2
4.404000,10.50000,0.25000,0.000000,3
4.404000,11.50000,0.25000,0.244979,4
4.404000,12.50000,0.50000,0.244979,5
4.404000,13.50000,0.75000,0.244979,6
4.404000,14.50000,1.00000,0.463648,7
4.404000,15.50000,1.50000,0.463648,8
4.404000,16.50000,2.00000,0.000000,9
4.404000,17.50000,2.00000,0.000000,10
4.404000,18.50000,2.00000,-0.244979,11
4.404000,19.50000,1.75000,-0.244979,12
4.404000,20.50000,1.50000,-0.463648,13
4.404000,21.50000,1.00000,-0.463648,14
4.404000,22.50000,0.50000,-0.463648,15
4.404000,23.50000,0.00000,-0.244979,16
4.404000,24.50000,-0.25000,-0.463648,17
4.404000,25.50000,-0.75000,-0.463648,18
4.404000,26.50000,-1.25000,-0.244979,19
4.404000,27.50000,-1.50000,0.000000,20
4.404000,28.50000,-1.50000,0.000000,21
4.404000,29.50000,-1.50000,0.000000,22
4.404000,30.50000,-1.50000,0.244979,23
4.404000,31.50000,-1.25000,0.244979,24
4.404000,32.50000,-1.00000,0.244979,25
4.404000,33.50000,-0.75000,0.244979,26
4.404000,34.50000,-0.50000,0.000000,27
4.404000,35.50000,-0.50000,0.000000,28
4.404000,36.50000,-0.50000,0.000000,29
4.404000,37.50000,-0.50000,0.000000,30
4.502000,7.72636,0.21636,0.043457,0
4.502000,8.50000,0.25000,0.000000,1
4.502000,9.50000,0.25000,0.000000,2
4.502000,10.50000,0.25000,0.000000,3
4.502000,11.50000,0.25000,0.244979,4
4.502000,12.50000,0.50000,0.244979,5
4.502000,13.50000,0.75000,0.244979,6
4.502000,14.50000,1.00000,0.463648,7
4.502000,15.50000,1.50000,0.463648,8
4.502000,16.50000,2.00000,0.000000,9
4.502000,17.50000,2.00000,0.000000,10
4.502000,18.50000,2.00000,-0.244979,11
4.502000,19.50000,1.75000,-0.244979,12
4.502000,20.50000,1.50000,-0.463648,13
4.502000,21.50000,1.00000,-0.463648,14
4.502000,22.50000,0.50000,-0.463648,15
4.502000,23.50000,0.00000,-0.244979,16
4.502000,24.50000,-0.25000,-0.463648,17
4.502000,25.50000,-0.75000,-0.463648,18
4.502000,26.50000,-1.25000,-0.244979,19
4.502000,27.50000,-1.50000,0.000000,20
4.502000,28.50000,-1.50000,0.000000,21
4.502000,29.50000,-1.50000,0.000000,22
4.502000,30.50000,-1.50000,0.244979,23
4.502000,31.50000,-1.25000,0.244979,24
4.502000,32.50000,-1.00000,0.244979,25
4.502000,33.50000,-0.75000,0.244979,26
4.502000,34.50000,-0.50000,0.000000,27
4.502000,35.50000,-0.50000,0.000000,28
4.502000,36.50000,-0.50000,0.000000,29
4.502000,37.50000,-0.50000,0.000000,30
4.600000,7.96356,0.26002,0.227537,0
4.600000,9.00000,0.50000,0.000000,1
4.600000,10.00000,0.50000,0.000000,2
4.600000,11.00000,0.50000,0.000000,3
4.600000,12.00000,0.50000,0.244979,4
4.600000,13.00000,0.75000,0.244979,5
4.600000,14.00000,1.00000,0.463648,6
4.600000,15.00000,1.50000,0.463648,7
4.600000,16.00000,2.00000,0.000000,8
4.600000,17.00000,2.00000,0.000000,9
4.600000,18.00000,2.00000,0.000000,10
4.600000,19.00000,2.00000,-0.244979,11
4.600000,20.00000,1.75000,-0.463648,12
4.600000,21.00000,1.25000,-0.463648,13
4.600000,22.00000,0.75000,-0.463648,14
4.600000,23.00000,0.25000,-0.244979,15
4.600000,24.00000,0.00000,-0.244979,16
4.600000,25.00000,-0.25000,-0.463648,17
4.600000,26.00000,-0.75000,-0.463648,18
4.600000,27.00000,-1.25000,-0.244979,19
4.600000,28.00000,-1.50000,0.000000,20
4.600000,29.00000,-1.50000,0.000000,21
4.600000,30.00000,-1.50000,0.000000,22
4.600000,31.00000,-1.50000,0.463648,23
4.600000,32.00000,-1.00000,0.244979,24
4.600000,33.00000,-0.75000,0.244979,25
4.600000,34.00000,-0.50000,0.000000,26
4.600000,35.00000,-0.50000,0.000000,27
4.600000,36.00000,-0.50000,0.000000,28
4.600000,37.00000,-0.50000,0.000000,29
4.600000,38.00000,-0.50000,0.000000,30
4.700000,8.21762,0.22384,0.339323,0
4.700000,9.00000,0.50000,0.000000,1
4.700000,10.00000,0.50000,0.000000,2
4.700000,11.00000,0.50000,0.000000,3
4.700000,12.00000,0.50000,0.244979,4
4.700000,13.00000,0.75000,0.244979,5
4.700000,14.00000,1.00000,0.463648,6
4.700000,15.00000,1.50000,0.463648,7
4.700000,16.00000,2.00000,0.000000,8
4.700000,17.00000,2.00000,0.000000,9
4.700000,18.00000,2.00000,-0.244979,10
4.700000,19.00000,1.75000,-0.244979,11
4.700000,20.00000,1.50000,-0.244979,12
4.700000,21.00000,1.25000,-0.463648,13
4.700000,22.00000,0.75000,-0.463648,14
4.700000,23.00000,0.25000,-0.244979,15
4.700000,24.00000,0.00000,-0.244979,16
4.700000,25.00000,-0.25000,-0.463648,17
4.700000,26.00000,-0.75000,-0.463648,18
4.700000,27.00000,-1.25000,-0.244979,19
4.700000,28.00000,-1.50000,0.000000,20
4.700000,29.00000,-1.50000,0.000000,21
4.700000,30.00000,-1.50000,0.000000,22
4.700000,31.00000,-1.50000,0.463648,23
4.700000,32.00000,-1.00000,0.244979,24
4.700000,33.00000,-0.75000,0.244979,25
4.700000,34.00000,-0.50000,0.000000,26
4.700000,35.00000,-0.50000,0.000000,27
4.700000,36.00000,-0.50000,0.000000,28
4.700000,37.00000,-0.50000,0.000000,29
4.700000,38.00000,-0.50000,0.000000,30
4.800000,8.42653,0.26107,0.219009,0
4.800000,9.50000,0.50000,0.000000,1
4.800000,10.50000,0.50000,0.000000,2
4.800000,11.50000,0.50000,0.000000,3
4.800000,12.50000,0.50000,0.244979,4
4.800000,13.50000,0.75000,0.244979,5
4.800000,14.50000,1.00000,0.463648,6
4.800000,15.50000,1.50000,0.463648,7
4.800000,16.50000,2.00000,0.000000,8
4.800000,17.50000,2.00000,0.000000,9
4.800000,18.50000,2.00000,-0.244979,10
4.800000,19.50000,1.75000,-0.244979,11
4.800000,20.50000,1.50000,-0.463648,12
4.800000,21.50000,1.00000,-0.463648,13
4.800000,22.50000,0.50000,-0.463648,14
4.800000,23.50000,0.00000,-0.244979,15
4.800000,24.50000,-0.25000,-0.244979,16
4.800000,25.50000,-0.50000,-0.463648,17
4.800000,26.50000,-1.00000,-0.244979,18
4.800000,27.50000,-1.25000,-0.244979,19
4.800000,28.50000,-1.50000,0.000000,20
4.800000,29.50000,-1.50000,0.000000,21
4.800000,30.50000,-1.50000,0.244979,22
4.800000,31.50000,-1.25000,0.244979,23
4.800000,32.50000,-1.00000,0.244979,24
4.800000,33.50000,-0.75000,0.244979,25
4.800000,34.50000,-0.50000,0.000000,26
4.800000,35.50000,-0.50000,0.000000,27
4.800000,36.50000,-0.50000,0.000000,28
4.800000,37.50000,-0.50000,0.000000,29
4.800000,38.50000,-0.50000,0.000000,30
4.900000,8.62624,0.24302,0.286047,0
4.900000,9.50000,0.50000,0.000000,1
4.900000,10.50000,0.50000,0.000000,2
4.900000,11.50000,0.50000,0.000000,3
4.900000,12.50000,0.50000,0.244979,4
4.900000,13.50000,0.75000,0.244979,5
4.900000,14.50000,1.00000,0.463648,6
4.900000,15.50000,1.50000,0.463648,7
4.900000,16.50000,2.00000,0.000000,8
4.900000,17.50000,2.00000,0.000000,9
4.900000,18.50000,2.00000,-0.244979,10
4.900000,19.50000,1.75000,-0.244979,11
4.900000,20.50000,1.50000,-0.463648,12
4.900000,21.50000,1.00000,-0.463648,13
4.900000,22.50000,0.50000,-0.463648,14
4.900000,23.50000,0.00000,-0.244979,15
4.900000,24.50000,-0.25000,-0.463648,16
4.900000,25.50000,-0.75000,-0.463648,17
4.900000,26.50000,-1.25000,-0.244979,18
4.900000,27.50000,-1.50000,0.000000,19
4.900000,28.50000,-1.50000,0.000000,20
4.900000,29.50000,-1.50000,0.000000,21
4.900000,30.50000,-1.50000,0.244979,22
4.900000,31.50000,-1.25000,0.244979,23
4.900000,32.50000,-1.00000,0.244979,24
4.900000,33.50000,-0.75000,0.244979,25
4.900000,34.50000,-0.50000,0.000000,26
4.900000,35.50000,-0.50000,0.000000,27
4.900000,36.50000,-0.50000,0.000000,28
4.900000,37.50000,-0.50000,0.000000,29
4.900000,38.50000,-0.50000,0.000000,30
5.002000,8.82900,0.24002,0.218474,0
5.002000,10.00000,0.50000,0.000000,1
5.002000,11.00000,0.50000,0.000000,2
5.002000,12.00000,0.50000,0.244979,3
5.002000,13.00000,0.75000,0.244979,4
5.002000,14.00000,1.00000,0.463648,5
5.002000,15.00000,1.50000,0.463648,6
5.002000,16.00000,2.00000,0.000000,7
5.002000,17.00000,2.00000,0.000000,8
5.002000,18.00000,2.00000,0.000000,9
5.002000,19.00000,2.00000,-0.244979,10
5.002000,20.00000,1.75000,-0.463648,11
5.002000,21.00000,1.25000,-0.463648,12
5.002000,22.00000,0.75000,-0.463648,13
5.002000,23.00000,0.25000,-0.244979,14
5.002000,24.00000,0.00000,-0.244979,15
5.002000,25.00000,-0.25000,-0.463648,16
5.002000,26.00000,-0.75000,-0.463648,17
5.002000,27.00000,-1.25000,-0.244979,18
5.002000,28.00000,-1.50000,0.000000,19
5.002000,29.00000,-1.50000,0.000000,20
5.002000,30.00000,-1.50000,0.000000,21
5.002000,31.00000,-1.50000,0.463648,22
5.002000,32.00000,-1.00000,0.244979,23
5.002000,33.00000,-0.75000,0.244979,24
5.002000,34.00000,-0.50000,0.000000,25
5.002000,35.00000,-0.50000,0.000000,26
5.002000,36.00000,-0.50000,0.000000,27
5.002000,37.00000,-0.50000,0.000000,28
5.002000,38.00000,-0.50000,0.000000,29
5.002000,39.00000,-0.50000,0.000000,30
5.100000,9.03420,0.26383,0.239827,0
5.100000,10.00000,0.50000,0.000000,1
5.100000,11.00000,0.50000,0.000000,2
5.100000,12.00000,0.50000,0.244979,3
5.100000,13.00000,0.75000,0.244979,4
5.100000,14.00000,1.00000,0.463648,5
5.100000,15.00000,1.50000,0.463648,6
5.100000,16.00000,2.00000,0.000000,7
5.100000,17.00000,2.00000,0.000000,8
5.100000,18.00000,2.00000,0.000000,9
5.100000,19.00000,2.00000,-0.244979,10
5.100000,20.00000,1.75000,-0.463648,11
5.100000,21.00000,1.25000,-0.463648,12
5.100000,22.00000,0.75000,-0.463648,13
5.100000,23.00000,0.25000,-0.244979,14
5.100000,24.00000,0.00000,-0.244979,15
5.100000,25.00000,-0.25000,-0.463648,16
5.100000,26.00000,-0.75000,-0.463648,17
5.100000,27.00000,-1.25000,-0.244979,18
5.100000,28.00000,-1.50000,0.000000,19
5.100000,29.00000,-1.50000,0.000000,20
5.100000,30.00000,-1.50000,0.000000,21
5.100000,31.00000,-1.50000,0.463648,22
5.100000,32.00000,-1.00000,0.244979,23
5.100000,33.00000,-0.75000,0.244979,24
5.100000,34.00000,-0.50000,0.000000,25
5.100000,35.00000,-0.50000,0.000000,26
5.100000,36.00000,-0.50000,0.000000,27
5.100000,37.00000,-0.50000,0.000000,28
5.100000,38.00000,-0.50000,0.000000,29
5.100000,39.00000,-0.50000,0.000000,30
5.200000,9.16986,0.23767,0.306078,0
5.200000,10.00000,0.50000,0.000000,1
5.200000,11.00000,0.50000,0.000000,2
5.200000,12.00000,0.50000,0.244979,3
5.200000,13.00000,0.75000,0.244979,4
5.200000,14.00000,1.00000,0.463648,5
5.200000,15.00000,1.50000,0.463648,6
5.200000,16.00000,2.00000,0.000000,7
5.200000,17.00000,2.00000,0.000000,8
5.200000,18.00000,2.00000,-0.244979,9
5.200000,19.00000,1.75000,-0.244979,10
5.200000,20.00000,1.50000,-0.244979,11
5.200000,21.00000,1.25000,-0.463648,12
5.200000,22.00000,0.75000,-0.463648,13
5.200000,23.00000,0.25000,-0.244979,14
5.200000,24.00000,0.00000,-0.244979,15
5.200000,25.00000,-0.25000,-0.463648,16
5.200000,26.00000,-0.75000,-0.463648,17
5.200000,27.00000,-1.25000,-0.244979,18
5.200000,28.00000,-1.50000,0.000000,19
5.200000,29.00000,-1.50000,0.000000,20
5.200000,30.00000,-1.50000,0.000000,21
5.200000,31.00000,-1.50000,0.463648,22
5.200000,32.00000,-1.00000,0.244979,23
5.200000,33.00000,-0.75000,0.244979,24
5.200000,34.00000,-0.50000,0.000000,25
5.200000,35.00000,-0.50000,0.000000,26
5.200000,36.00000,-0.50000,0.000000,27
5.200000,37.00000,-0.50000,0.000000,28
5.200000,38.00000,-0.50000,0.000000,29
5.200000,39.00000,-0.50000,0.000000,30
5.300000,9.41362,0.24583,0.229825,0
5.300000,10.50000,0.50000,0.000000,1
5.300000,11.50000,0.50000,0.000000,2
5.300000,12.50000,0.50000,0.244979,3
5.300000,13.50000,0.75000,0.244979,4
5.300000,14.50000,1.00000,0.463648,5
5.300000,15.50000,1.50000,0.463648,6
5.300000,16.50000,2.00000,0.000000,7
5.300000,17.50000,2.00000,0.000000,8
5.300000,18.50000,2.00000,-0.244979,9
5.300000,19.50000,1.75000,-0.244979,10
5.300000,20.50000,1.50000,-0.463648,11
5.300000,21.50000,1.00000,-0.463648,12
5.300000,22.50000,0.50000,-0.463648,13
5.300000,23.50000,0.00000,-0.244979,14
5.300000,24.50000,-0.25000,-0.463648,15
5.300000,25.50000,-0.75000,-0.463648,16
5.300000,26.50000,-1.25000,-0.244979,17
5.300000,27.50000,-1.50000,0.000000,18
5.300000,28.50000,-1.50000,0.000000,19
5.300000,29.50000,-1.50000,0.000000,20
5.300000,30.50000,-1.50000,0.244979,21
5.300000,31.50000,-1.25000,0.244979,22
5.300000,32.50000,-1.00000,0.244979,23
5.300000,33.50000,-0.75000,0.244979,24
5.300000,34.50000,-0.50000,0.000000,25
5.300000,35.50000,-0.50000,0.000000,26
5.300000,36.50000,-0.50000,0.000000,27
5.300000,37.50000,-0.50000,0.000000,28
5.300000,38.50000,-0.50000,0.000000,29
5.300000,39.50000,-0.50000,0.000000,30
5.400000,9.55133,0.26269,0.245116,0
5.400000,10.50000,0.50000,0.000000,1
5.400000,11.50000,0.50000,0.000000,2
5.400000,12.50000,0.50000,0.244979,3
5.400000,13.50000,0.75000,0.244979,4
5.400000,14.50000,1.00000,0.463648,5
5.400000,15.50000,1.50000,0.463648,6
5.400000,16.50000,2.00000,0.000000,7
5.400000,17.50000,2.00000,0.000000,8
5.400000,18.50000,2.00000,-0.244979,9
5.400000,19.50000,1.75000,-0.244979,10
5.400000,20.50000,1.50000,-0.463648,11
5.400000,21.50000,1.00000,-0.463648,12
5.400000,22.50000,0.50000,-0.463648,13
5.400000,23.50000,0.00000,-0.244979,14
5.400000,24.50000,-0.25000,-0.463648,15
5.400000,25.50000,-0.75000,-0.463648,16
5.400000,26.50000,-1.25000,-0.244979,17
5.400000,27.50000,-1.50000,0.000000,18
5.400000,28.50000,-1.50000,0.000000,19
5.400000,29.50000,-1.50000,0.000000,20
5.400000,30.50000,-1.50000,0.244979,21
5.400000,31.50000,-1.25000,0.244979,22
5.400000,32.50000,-1.00000,0.244979,23
5.400000,33.50000,-0.75000,0.244979,24
5.400000,34.50000,-0.50000,0.000000,25
5.400000,35.50000,-0.50000,0.000000,26
5.400000,36.50000,-0.50000,0.000000,27
5.400000,37.50000,-0.50000,0.000000,28
5.400000,38.50000,-0.50000,0.000000,29
5.400000,39.50000,-0.50000,0.000000,30
5.500000,9.64921,0.26391,0.270689,0
5.500000,10.50000,0.50000,0.000000,1
5.500000,11.50000,0.50000,0.000000,2
5.500000,12.50000,0.50000,0.244979,3
5.500000,13.50000,0.75000,0.244979,4
5.500000,14.50000,1.00000,0.463648,5
5.500000,15.50000,1.50000,0.463648,6
5.500000,16.50000,2.00000,0.000000,7
5.500000,17.50000,2.00000,0.000000,8
5.500000,18.50000,2.00000,-0.244979,9
5.500000,19.50000,1.75000,-0.244979,10
5.500000,20.50000,1.50000,-0.463648,11
5.500000,21.50000,1.00000,-0.463648,12
5.500000,22.50000,0.50000,-0.463648,13
5.500000,23.50000,0.00000,-0.244979,14
5.500000,24.50000,-0.25000,-0.463648,15
5.500000,25.50000,-0.75000,-0.463648,16
5.500000,26.50000,-1.25000,-0.244979,17
5.500000,27.50000,-1.50000,0.000000,18
5.500000,28.50000,-1.50000,0.000000,19
5.500000,29.50000,-1.50000,0.000000,20
5.500000,30.50000,-1.50000,0.244979,21
5.500000,31.50000,-1.25000,0.244979,22
5.500000,32.50000,-1.00000,0.244979,23
5.500000,33.50000,-0.75000,0.244979,24
5.500000,34.50000,-0.50000,0.000000,25
5.500000,35.50000,-0.50000,0.000000,26
5.500000,36.50000,-0.50000,0.000000,27
5.500000,37.50000,-0.50000,0.000000,28
5.500000,38.50000,-0.50000,0.000000,29
5.500000,39.50000,-0.50000,0.000000,30
5.600000,9.81388,0.25442,0.204156,0
5.600000,11.00000,0.50000,0.000000,1
5.600000,12.00000,0.50000,0.244979,2
5.600000,13.00000,0.75000,0.244979,3
5.600000,14.00000,1.00000,0.463648,4
5.600000,15.00000,1.50000,0.463648,5
5.600000,16.00000,2.00000,0.000000,6
5.600000,17.00000,2.00000,0.000000,7
5.600000,18.00000,2.00000,0.000000,8
5.600000,19.00000,2.00000,-0.244979,9
5.600000,20.00000,1.75000,-0.463648,10
5.600000,21.00000,1.25000,-0.463648,11
5.600000,22.00000,0.75000,-0.463648,12
5.600000,23.00000,0.25000,-0.244979,13
5.600000,24.00000,0.00000,-0.244979,14
5.600000,25.00000,-0.25000,-0.463648,15
5.600000,26.00000,-0.75000,-0.463648,16
5.600000,27.00000,-1.25000,-0.244979,17
5.600000,28.00000,-1.50000,0.000000,18
5.600000,29.00000,-1.50000,0.000000,19
5.600000,30.00000,-1.50000,0.000000,20
5.600000,31.00000,-1.50000,0.463648,21
5.600000,32.00000,-1.00000,0.244979,22
5.600000,33.00000,-0.75000,0.244979,23
5.600000,34.00000,-0.50000,0.000000,24
5.600000,35.00000,-0.50000,0.000000,25
5.600000,36.00000,-0.50000,0.000000,26
5.600000,37.00000,-0.50000,0.000000,27
5.600000,38.00000,-0.50000,0.000000,28
5.600000,39.00000,-0.50000,0.000000,29
5.600000,40.00000,-0.50000,0.000000,30
5.700000,9.96311,0.28332,0.206010,0
5.700000,11.00000,0.50000,0.000000,1
5.700000,12.00000,0.50000,0.244979,2
5.700000,13.00000,0.75000,0.244979,3
5.700000,14.00000,1.00000,0.463648,4
5.700000,15.00000,1.50000,0.463648,5
5.700000,16.00000,2.00000,0.000000,6
5.700000,17.00000,2.00000,0.000000,7
5.700000,18.00000,2.00000,-0.244979,8
5.700000,19.00000,1.75000,-0.244979,9
5.700000,20.00000,1.50000,-0.244979,10
5.700000,21.00000,1.25000,-0.463648,11
5.700000,22.00000,0.75000,-0.463648,12
5.700000,23.00000,0.25000,-0.244979,13
5.700000,24.00000,0.00000,-0.244979,14
5.700000,25.00000,-0.25000,-0.463648,15
5.700000,26.00000,-0.75000,-0.463648,16
5.700000,27.00000,-1.25000,-0.244979,17
5.700000,28.00000,-1.50000,0.000000,18
5.700000,29.00000,-1.50000,0.000000,19
5.700000,30.00000,-1.50000,0.000000,20
5.700000,31.00000,-1.50000,0.463648,21
5.700000,32.00000,-1.00000,0.244979,22
5.700000,33.00000,-0.75000,0.244979,23
5.700000,34.00000,-0.50000,0.000000,24
5.700000,35.00000,-0.50000,0.000000,25
5.700000,36.00000,-0.50000,0.000000,26
5.700000,37.00000,-0.50000,0.000000,27
5.700000,38.00000,-0.50000,0.000000,28
5.700000,39.00000,-0.50000,0.000000,29
5.700000,40.00000,-0.50000,0.000000,30
5.800000,10.06018,0.30095,0.208710,0
5.800000,11.00000,0.50000,0.000000,1
5.800000,12.00000,0.50000,0.244979,2
5.800000,13.00000,0.75000,0.244979,3
5.800000,14.00000,1.00000,0.463648,4
5.800000,15.00000,1.50000,0.463648,5
5.800000,16.00000,2.00000,0.000000,6
5.800000,17.00000,2.00000,0.000000,7
5.800000,18.00000,2.00000,0.000000,8
5.800000,19.00000,2.00000,-0.244979,9
5.800000,20.00000,1.75000,-0.463648,10
5.800000,21.00000,1.25000,-0.463648,11
5.800000,22.00000,0.75000,-0.463648,12
5.800000,23.00000,0.25000,-0.244979,13
5.800000,24.00000,0.00000,-0.244979,14
5.800000,25.00000,-0.25000,-0.463648,15
5.800000,26.00000,-0.75000,-0.463648,16
5.800000,27.00000,-1.25000,0.000000,17
5.800000,28.00000,-1.25000,0.000000,18
5.800000,29.00000,-1.25000,0.000000,19
5.800000,30.00000,-1.25000,0.000000,20
5.800000,31.00000,-1.25000,0.244979,21
5.800000,32.00000,-1.00000,0.244979,22
5.800000,33.00000,-0.75000,0.244979,23
5.800000,34.00000,-0.50000,0.000000,24
5.800000,35.00000,-0.50000,0.000000,25
5.800000,36.00000,-0.50000,0.000000,26
5.800000,37.00000,-0.50000,0.000000,27
5.800000,38.00000,-0.50000,0.000000,28
5.800000,39.00000,-0.50000,0.000000,29
5.800000,40.00000,-0.50000,0.000000,30
5.900000,10.18836,0.28427,0.259791,0
5.900000,11.00000,0.50000,0.000000,1
5.900000,12.00000,0.50000,0.244979,2
5.900000,13.00000,0.75000,0.244979,3
5.900000,14.00000,1.00000,0.463648,4
5.900000,15.00000,1.50000,0.463648,5
5.900000,16.00000,2.00000,0.000000,6
5.900000,17.00000,2.00000,0.000000,7
5.900000,18.00000,2.00000,-0.244979,8
5.900000,19.00000,1.75000,-0.244979,9
5.900000,20.00000,1.50000,-0.244979,10
5.900000,21.00000,1.25000,-0.463648,11
5.900000,22.00000,0.75000,-0.463648,12
5.900000,23.00000,0.25000,-0.244979,13
5.900000,24.00000,0.00000,-0.244979,14
5.900000,25.00000,-0.25000,-0.463648,15
5.900000,26.00000,-0.75000,-0.463648,16
5.900000,27.00000,-1.25000,-0.244979,17
5.900000,28.00000,-1.50000,0.000000,18
5.900000,29.00000,-1.50000,0.000000,19
5.900000,30.00000,-1.50000,0.000000,20
5.900000,31.00000,-1.50000,0.463648,21
5.900000,32.00000,-1.00000,0.244979,22
5.900000,33.00000,-0.75000,0.244979,23
5.900000,34.00000,-0.50000,0.000000,24
5.900000,35.00000,-0.50000,0.000000,25
5.900000,36.00000,-0.50000,0.000000,26
5.900000,37.00000,-0.50000,0.000000,27
5.900000,38.00000,-0.50000,0.000000,28
5.900000,39.00000,-0.50000,0.000000,29
5.900000,40.00000,-0.50000,0.000000,30
6.000000,10.35460,0.30491,0.168710,0
6.000000,11.50000,0.50000,0.000000,1
6.000000,12.50000,0.50000,0.244979,2
6.000000,13.50000,0.75000,0.244979,3
6.000000,14.50000,1.00000,0.463648,4
6.000000,15.50000,1.50000,0.463648,5
6.000000,16.50000,2.00000,0.000000,6
6.000000,17.50000,2.00000,0.000000,7
6.000000,18.50000,2.00000,-0.244979,8
6.000000,19.50000,1.75000,-0.244979,9
6.000000,20.50000,1.50000,-0.463648,10
6.000000,21.50000,1.00000,-0.463648,11
6.000000,22.50000,0.50000,-0.463648,12
6.000000,23.50000,0.00000,-0.244979,13
6.000000,24.50000,-0.25000,-0.463648,14
6.000000,25.50000,-0.75000,-0.463648,15
6.000000,26.50000,-1.25000,-0.244979,16
6.000000,27.50000,-1.50000,0.000000,17
6.000000,28.50000,-1.50000,0.000000,18
6.000000,29.50000,-1.50000,0.000000,19
6.000000,30.50000,-1.50000,0.244979,20
6.000000,31.50000,-1.25000,0.244979,21
6.000000,32.50000,-1.00000,0.244979,22
6.000000,33.50000,-0.75000,0.244979,23
6.000000,34.50000,-0.50000,0.000000,24
6.000000,35.50000,-0.50000,0.000000,25
6.000000,36.50000,-0.50000,0.000000,26
6.000000,37.50000,-0.50000,0.000000,27
6.000000,38.50000,-0.50000,0.000000,28
6.000000,39.50000,-0.50000,0.000000,29
6.000000,40.50000,-0.50000,0.000000,30
6.100000,10.46331,0.31883,0.173013,0
6.100000,11.50000,0.50000,0.000000,1
6.100000,12.50000,0.50000,0.244979,2
6.100000,13.50000,0.75000,0.244979,3
6.100000,14.50000,1.00000,0.463648,4
6.100000,15.50000,1.50000,0.463648,5
6.100000,16.50000,2.00000,0.000000,6
6.100000,17.50000,2.00000,0.000000,7
6.100000,18.50000,2.00000,-0.244979,8
6.100000,19.50000,1.75000,-0.244979,9
6.100000,20.50000,1.50000,-0.463648,10
6.100000,21.50000,1.00000,-0.463648,11
6.100000,22.50000,0.50000,-0.463648,12
6.100000,23.50000,0.00000,-0.244979,13
6.100000,24.50000,-0.25000,-0.463648,14
6.100000,25.50000,-0.75000,-0.463648,15
6.100000,26.50000,-1.25000,-0.244979,16
6.100000,27.50000,-1.50000,0.000000,17
6.100000,28.50000,-1.50000,0.000000,18
6.100000,29.50000,-1.50000,0.000000,19
6.100000,30.50000,-1.50000,0.244979,20
6.100000,31.50000,-1.25000,0.244979,21
6.100000,32.50000,-1.00000,0.244979,22
6.100000,33.50000,-0.75000,0.244979,23
6.100000,34.50000,-0.50000,0.000000,24
6.100000,35.50000,-0.50000,0.000000,25
6.100000,36.50000,-0.50000,0.000000,26
6.100000,37.50000,-0.50000,0.000000,27
6.100000,38.50000,-0.50000,0.000000,28
6.100000,39.50000,-0.50000,0.000000,29
6.100000,40.50000,-0.50000,0.000000,30
6.200000,10.60912,0.33168,0.186737,0
6.200000,11.50000,0.50000,0.000000,1
6.200000,12.50000,0.50000,0.244979,2
6.200000,13.50000,0.75000,0.244979,3
6.200000,14.50000,1.00000,0.463648,4
6.200000,15.50000,1.50000,0.463648,5
6.200000,16.50000,2.00000,0.000000,6
6.200000,17.50000,2.00000,0.000000,7
6.200000,18.50000,2.00000,-0.244979,8
6.200000,19.50000,1.75000,-0.244979,9
6.200000,20.50000,1.50000,-0.463648,10
6.200000,21.50000,1.00000,-0.463648,11
6.200000,22.50000,0.50000,-0.463648,12
6.200000,23.50000,0.00000,-0.244979,13
6.200000,24.50000,-0.25000,-0.463648,14
6.200000,25.50000,-0.75000,-0.463648,15
6.200000,26.50000,-1.25000,-0.244979,16
6.200000,27.50000,-1.50000,0.000000,17
6.200000,28.50000,-1.50000,0.000000,18
6.200000,29.50000,-1.50000,0.000000,19
6.200000,30.50000,-1.50000,0.244979,20
6.200000,31.50000,-1.25000,0.244979,21
6.200000,32.50000,-1.00000,0.244979,22
6.200000,33.50000,-0.75000,0.244979,23
6.200000,34.50000,-0.50000,0.000000,24
6.200000,35.50000,-0.50000,0.000000,25
6.200000,36.50000,-0.50000,0.000000,26
6.200000,37.50000,-0.50000,0.000000,27
6.200000,38.50000,-0.50000,0.000000,28
6.200000,39.50000,-0.50000,0.000000,29
6.200000,40.50000,-0.50000,0.000000,30
6.300000,10.75100,0.36706,0.106040,0
6.300000,12.00000,0.50000,0.244979,1
6.300000,13.00000,0.75000,0.244979,2
6.300000,14.00000,1.00000,0.463648,3
6.300000,15.00000,1.50000,0.463648,4
6.300000,16.00000,2.00000,0.000000,5
6.300000,17.00000,2.00000,0.000000,6
6.300000,18.00000,2.00000,0.000000,7
6.300000,19.00000,2.00000,-0.244979,8
6.300000,20.00000,1.75000,-0.463648,9
6.300000,21.00000,1.25000,-0.463648,10
6.300000,22.00000,0.75000,-0.463648,11
6.300000,23.00000,0.25000,-0.244979,12
6.300000,24.00000,0.00000,-0.244979,13
6.300000,25.00000,-0.25000,-0.463648,14
6.300000,26.00000,-0.75000,-0.463648,15
6.300000,27.00000,-1.25000,-0.244979,16
6.300000,28.00000,-1.50000,0.000000,17
6.300000,29.00000,-1.50000,0.000000,18
6.300000,30.00000,-1.50000,0.000000,19
6.300000,31.00000,-1.50000,0.463648,20
6.300000,32.00000,-1.00000,0.244979,21
6.300000,33.00000,-0.75000,0.244979,22
6.300000,34.00000,-0.50000,0.244979,23
6.300000,35.00000,-0.25000,0.000000,24
6.300000,36.00000,-0.25000,0.000000,25
6.300000,37.00000,-0.25000,0.000000,26
6.300000,38.00000,-0.25000,0.000000,27
6.300000,39.00000,-0.25000,0.000000,28
6.300000,40.00000,-0.25000,0.000000,29
6.300000,41.00000,-0.25000,0.000000,30
6.400000,10.92465,0.40370,0.311548,0
6.400000,12.00000,0.75000,0.000000,1
6.400000,13.00000,0.75000,0.244979,2
6.400000,14.00000,1.00000,0.463648,3
6.400000,15.00000,1.50000,0.463648,4
6.400000,16.00000,2.00000,0.000000,5
6.400000,17.00000,2.00000,0.000000,6
6.400000,18.00000,2.00000,0.000000,7
6.400000,19.00000,2.00000,-0.244979,8
6.400000,20.00000,1.75000,-0.463648,9
6.400000,21.00000,1.25000,-0.463648,10
6.400000,22.00000,0.75000,-0.463648,11
6.400000,23.00000,0.25000,-0.244979,12
6.400000,24.00000,0.00000,-0.244979,13
6.400000,25.00000,-0.25000,-0.463648,14
6.400000,26.00000,-0.75000,-0.463648,15
6.400000,27.00000,-1.25000,-0.244979,16
6.400000,28.00000,-1.50000,0.000000,17
6.400000,29.00000,-1.50000,0.000000,18
6.400000,30.00000,-1.50000,0.000000,19
6.400000,31.00000,-1.50000,0.463648,20
6.400000,32.00000,-1.00000,0.244979,21
6.400000,33.00000,-0.75000,0.244979,22
6.400000,34.00000,-0.50000,0.244979,23
6.400000,35.00000,-0.25000,0.000000,24
6.400000,36.00000,-0.25000,0.000000,25
6.400000,37.00000,-0.25000,0.000000,26
6.400000,38.00000,-0.25000,0.000000,27
6.400000,39.00000,-0.25000,0.000000,28
6.400000,40.00000,-0.25000,0.000000,29
6.400000,41.00000,-0.25000,0.000000,30
6.500000,11.08646,0.39607,0.369620,0
6.500000,12.00000,0.75000,0.000000,1
6.500000,13.00000,0.75000,0.244979,2
6.500000,14.00000,1.00000,0.463648,3
6.500000,15.00000,1.50000,0.463648,4
6.500000,16.00000,2.00000,0.000000,5
6.500000,17.00000,2.00000,0.000000,6
6.500000,18.00000,2.00000,0.000000,7
6.500000,19.00000,2.00000,-0.244979,8
6.500000,20.00000,1.75000,-0.463648,9
6.500000,21.00000,1.25000,-0.463648,10
6.500000,22.00000,0.75000,-0.463648,11
6.500000,23.00000,0.25000,-0.244979,12
6.500000,24.00000,0.00000,-0.244979,13
6.500000,25.00000,-0.25000,-0.463648,14
6.500000,26.00000,-0.75000,-0.463648,15
6.500000,27.00000,-1.25000,-0.244979,16
6.500000,28.00000,-1.50000,0.000000,17
6.500000,29.00000,-1.50000,0.000000,18
6.500000,30.00000,-1.50000,0.000000,19
6.500000,31.00000,-1.50000,0.463648,20
6.500000,32.00000,-1.00000,0.244979,21
6.500000,33.00000,-0.75000,0.244979,22
6.500000,34.00000,-0.50000,0.244979,23
6.500000,35.00000,-0.25000,0.000000,24
6.500000,36.00000,-0.25000,0.000000,25
6.500000,37.00000,-0.25000,0.000000,26
6.500000,38.00000,-0.25000,0.000000,27
6.500000,39.00000,-0.25000,0.000000,28
6.500000,40.00000,-0.25000,0.000000,29
6.500000,41.00000,-0.25000,0.000000,30
6.600000,11.26710,0.41597,0.264576,0
6.600000,12.50000,0.75000,0.000000,1
6.600000,13.50000,0.75000,0.244979,2
6.600000,14.50000,1.00000,0.463648,3
6.600000,15.50000,1.50000,0.463648,4
6.600000,16.50000,2.00000,0.000000,5
6.600000,17.50000,2.00000,0.000000,6
6.600000,18.50000,2.00000,-0.244979,7
6.600000,19.50000,1.75000,-0.244979,8
6.600000,20.50000,1.50000,-0.463648,9
6.600000,21.50000,1.00000,-0.463648,10
6.600000,22.50000,0.50000,-0.463648,11
6.600000,23.50000,0.00000,-0.244979,12
6.600000,24.50000,-0.25000,-0.463648,13
6.600000,25.50000,-0.75000,-0.463648,14
6.600000,26.50000,-1.25000,-0.244979,15
6.600000,27.50000,-1.50000,0.000000,16
6.600000,28.50000,-1.50000,0.000000,17
6.600000,29.50000,-1.50000,0.000000,18
6.600000,30.50000,-1.50000,0.244979,19
6.600000,31.50000,-1.25000,0.463648,20
6.600000,32.50000,-0.75000,0.244979,21
6.600000,33.50000,-0.50000,0.244979,22
6.600000,34.50000,-0.25000,0.000000,23
6.600000,35.50000,-0.25000,0.000000,24
6.600000,36.50000,-0.25000,0.000000,25
6.600000,37.50000,-0.25000,0.000000,26
6.600000,38.50000,-0.25000,0.000000,27
6.600000,39.50000,-0.25000,0.000000,28
6.600000,40.50000,-0.25000,0.000000,29
6.600000,41.50000,-0.25000,0.000000,30
6.700000,11.43566,0.44762,0.276812,0
6.700000,12.50000,0.75000,0.000000,1
6.700000,13.50000,0.75000,0.244979,2
6.700000,14.50000,1.00000,0.463648,3
6.700000,15.50000,1.50000,0.463648,4
6.700000,16.50000,2.00000,0.000000,5
6.700000,17.50000,2.00000,0.000000,6
6.700000,18.50000,2.00000,-0.244979,7
6.700000,19.50000,1.75000,-0.244979,8
6.700000,20.50000,1.50000,-0.463648,9
6.700000,21.50000,1.00000,-0.463648,10
6.700000,22.50000,0.50000,-0.463648,11
6.700000,23.50000,0.00000,-0.244979,12
6.700000,24.50000,-0.25000,-0.463648,13
6.700000,25.50000,-0.75000,-0.463648,14
6.700000,26.50000,-1.25000,-0.244979,15
6.700000,27.50000,-1.50000,0.000000,16
6.700000,28.50000,-1.50000,0.000000,17
6.700000,29.50000,-1.50000,0.000000,18
6.700000,30.50000,-1.50000,0.244979,19
6.700000,31.50000,-1.25000,0.463648,20
6.700000,32.50000,-0.75000,0.244979,21
6.700000,33.50000,-0.50000,0.244979,22
6.700000,34.50000,-0.25000,0.000000,23
6.700000,35.50000,-0.25000,0.000000,24
6.700000,36.50000,-0.25000,0.000000,25
6.700000,37.50000,-0.25000,0.000000,26
6.700000,38.50000,-0.25000,0.000000,27
6.700000,39.50000,-0.25000,0.000000,28
6.700000,40.50000,-0.25000,0.000000,29
6.700000,41.50000,-0.25000,0.000000,30
6.800000,11.56677,0.46699,0.294444,0
6.800000,12.50000,0.75000,0.000000,1
6.800000,13.50000,0.75000,0.244979,2
6.800000,14.50000,1.00000,0.463648,3
6.800000,15.50000,1.50000,0.463648,4
6.800000,16.50000,2.00000,0.000000,5
6.800000,17.50000,2.00000,0.000000,6
6.800000,18.50000,2.00000,-0.244979,7
6.800000,19.50000,1.75000,-0.244979,8
6.800000,20.50000,1.50000,-0.463648,9
6.800000,21.50000,1.00000,-0.463648,10
6.800000,22.50000,0.50000,-0.463648,11
6.800000,23.50000,0.00000,-0.244979,12
6.800000,24.50000,-0.25000,-0.463648,13
6.800000,25.50000,-0.75000,-0.463648,14
6.800000,26.50000,-1.25000,-0.244979,15
6.800000,27.50000,-1.50000,0.000000,16
6.800000,28.50000,-1.50000,0.000000,17
6.800000,29.50000,-1.50000,0.000000,18
6.800000,30.50000,-1.50000,0.244979,19
6.800000,31.50000,-1.25000,0.463648,20
6.800000,32.50000,-0.75000,0.244979,21
6.800000,33.50000,-0.50000,0.244979,22
6.800000,34.50000,-0.25000,0.000000,23
6.800000,35.50000,-0.25000,0.000000,24
6.800000,36.50000,-0.25000,0.000000,25
6.800000,37.50000,-0.25000,0.000000,26
6.800000,38.50000,-0.25000,0.000000,27
6.800000,39.50000,-0.25000,0.000000,28
6.800000,40.50000,-0.25000,0.000000,29
6.800000,41.50000,-0.25000,0.000000,30
6.900000,11.80546,0.48018,0.222149,0
6.900000,13.00000,0.75000,0.244979,1
6.900000,14.00000,1.00000,0.463648,2
6.900000,15.00000,1.50000,0.463648,3
6.900000,16.00000,2.00000,0.000000,4
6.900000,17.00000,2.00000,0.000000,5
6.900000,18.00000,2.00000,-0.244979,6
6.900000,19.00000,1.75000,-0.244979,7
6.900000,20.00000,1.50000,-0.244979,8
6.900000,21.00000,1.25000,-0.463648,9
6.900000,22.00000,0.75000,-0.463648,10
6.900000,23.00000,0.25000,-0.244979,11
6.900000,24.00000,0.00000,-0.244979,12
6.900000,25.00000,-0.25000,-0.463648,13
6.900000,26.00000,-0.75000,-0.463648,14
6.900000,27.00000,-1.25000,-0.244979,15
6.900000,28.00000,-1.50000,0.000000,16
6.900000,29.00000,-1.50000,0.000000,17
6.900000,30.00000,-1.50000,0.000000,18
6.900000,31.00000,-1.50000,0.463648,19
6.900000,32.00000,-1.00000,0.244979,20
6.900000,33.00000,-0.75000,0.244979,21
6.900000,34.00000,-0.50000,0.244979,22
6.900000,35.00000,-0.25000,0.000000,23
6.900000,36.00000,-0.25000,0.000000,24
6.900000,37.00000,-0.25000,0.000000,25
6.900000,38.00000,-0.25000,0.000000,26
6.900000,39.00000,-0.25000,0.000000,27
6.900000,40.00000,-0.25000,0.000000,28
6.900000,41.00000,-0.25000,0.000000,29
6.900000,42.00000,-0.25000,0.000000,30
7.000000,11.98291,0.52635,0.216452,0
7.000000,13.00000,0.75000,0.244979,1
7.000000,14.00000,1.00000,0.463648,2
7.000000,15.00000,1.50000,0.463648,3
7.000000,16.00000,2.00000,0.000000,4
7.000000,17.00000,2.00000,0.000000,5
7.000000,18.00000,2.00000,0.000000,6
7.000000,19.00000,2.00000,-0.244979,7
7.000000,20.00000,1.75000,-0.463648,8
7.000000,21.00000,1.25000,-0.463648,9
7.000000,22.00000,0.75000,-0.463648,10
7.000000,23.00000,0.25000,-0.244979,11
7.000000,24.00000,0.00000,-0.244979,12
7.000000,25.00000,-0.25000,-0.463648,13
7.000000,26.00000,-0.75000,-0.463648,14
7.000000,27.00000,-1.25000,-0.244979,15
7.000000,28.00000,-1.50000,0.000000,16
7.000000,29.00000,-1.50000,0.000000,17
7.000000,30.00000,-1.50000,0.000000,18
7.000000,31.00000,-1.50000,0.463648,19
7.000000,32.00000,-1.00000,0.244979,20
7.000000,33.00000,-0.75000,0.244979,21
7.000000,34.00000,-0.50000,0.244979,22
7.000000,35.00000,-0.25000,0.000000,23
7.000000,36.00000,-0.25000,0.000000,24
7.000000,37.00000,-0.25000,0.000000,25
7.000000,38.00000,-0.25000,0.000000,26
7.000000,39.00000,-0.25000,0.000000,27
7.000000,40.00000,-0.25000,0.000000,28
7.000000,41.00000,-0.25000,0.000000,29
7.000000,42.00000,-0.25000,0.000000,30
7.100000,12.24223,0.57852,0.507598,0
7.100000,13.00000,1.00000,0.244979,1
7.100000,14.00000,1.25000,0.244979,2
7.100000,15.00000,1.50000,0.463648,3
7.100000,16.00000,2.00000,0.000000,4
7.100000,17.00000,2.00000,0.000000,5
7.100000,18.00000,2.00000,0.000000,6
7.100000,19.00000,2.00000,-0.244979,7
7.100000,20.00000,1.75000,-0.463648,8
7.100000,21.00000,1.25000,-0.463648,9
7.100000,22.00000,0.75000,-0.463648,10
7.100000,23.00000,0.25000,-0.244979,11
7.100000,24.00000,0.00000,-0.244979,12
7.100000,25.00000,-0.25000,-0.463648,13
7.100000,26.00000,-0.75000,-0.463648,14
7.100000,27.00000,-1.25000,-0.244979,15
7.100000,28.00000,-1.50000,0.000000,16
7.100000,29.00000,-1.50000,0.000000,17
7.100000,30.00000,-1.50000,0.000000,18
7.100000,31.00000,-1.50000,0.463648,19
7.100000,32.00000,-1.00000,0.244979,20
7.100000,33.00000,-0.75000,0.244979,21
7.100000,34.00000,-0.50000,0.244979,22
7.100000,35.00000,-0.25000,0.000000,23
7.100000,36.00000,-0.25000,0.000000,24
7.100000,37.00000,-0.25000,0.000000,25
7.100000,38.00000,-0.25000,0.000000,26
7.100000,39.00000,-0.25000,0.000000,27
7.100000,40.00000,-0.25000,0.000000,28
7.100000,41.00000,-0.25000,0.000000,29
7.100000,42.00000,-0.25000,0.000000,30
7.200000,12.34760,0.62252,0.316545,0
7.200000,13.50000,1.00000,0.244979,1
7.200000,14.50000,1.25000,0.244979,2
7.200000,15.50000,1.50000,0.463648,3
7.200000,16.50000,2.00000,0.000000,4
7.200000,17.50000,2.00000,0.000000,5
7.200000,18.50000,2.00000,-0.244979,6
7.200000,19.50000,1.75000,-0.244979,7
7.200000,20.50000,1.50000,-0.463648,8
7.200000,21.50000,1.00000,-0.463648,9
7.200000,22.50000,0.50000,-0.463648,10
7.200000,23.50000,0.00000,-0.244979,11
7.200000,24.50000,-0.25000,-0.244979,12
7.200000,25.50000,-0.50000,-0.463648,13
7.200000,26.50000,-1.00000,-0.244979,14
7.200000,27.50000,-1.25000,0.000000,15
7.200000,28.50000,-1.25000,0.000000,16
7.200000,29.50000,-1.25000,0.000000,17
7.200000,30.50000,-1.25000,0.000000,18
7.200000,31.50000,-1.25000,0.463648,19
7.200000,32.50000,-0.75000,0.244979,20
7.200000,33.50000,-0.50000,0.244979,21
7.200000,34.50000,-0.25000,0.000000,22
7.200000,35.50000,-0.25000,0.000000,23
7.200000,36.50000,-0.25000,0.000000,24
7.200000,37.50000,-0.25000,0.000000,25
7.200000,38.50000,-0.25000,0.000000,26
7.200000,39.50000,-0.25000,0.000000,27
7.200000,40.50000,-0.25000,0.000000,28
7.200000,41.50000,-0.25000,0.000000,29
7.200000,42.50000,-0.25000,0.000000,30
7.300000,12.54913,0.65379,0.349177,0
7.300000,13.50000,1.00000,0.244979,1
7.300000,14.50000,1.25000,0.244979,2
7.300000,15.50000,1.50000,0.463648,3
7.300000,16.50000,2.00000,0.000000,4
7.300000,17.50000,2.00000,0.000000,5
7.300000,18.50000,2.00000,-0.244979,6
7.300000,19.50000,1.75000,-0.244979,7
7.300000,20.50000,1.50000,-0.463648,8
7.300000,21.50000,1.00000,-0.463648,9
7.300000,22.50000,0.50000,-0.463648,10
7.300000,23.50000,0.00000,-0.244979,11
7.300000,24.50000,-0.25000,-0.463648,12
7.300000,25.50000,-0.75000,-0.463648,13
7.300000,26.50000,-1.25000,-0.244979,14
7.300000,27.50000,-1.50000,0.000000,15
7.300000,28.50000,-1.50000,0.000000,16
7.300000,29.50000,-1.50000,0.000000,17
7.300000,30.50000,-1.50000,0.244979,18
7.300000,31.50000,-1.25000,0.463648,19
7.300000,32.50000,-0.75000,0.244979,20
7.300000,33.50000,-0.50000,0.244979,21
7.300000,34.50000,-0.25000,0.000000,22
7.300000,35.50000,-0.25000,0.000000,23
7.300000,36.50000,-0.25000,0.000000,24
7.300000,37.50000,-0.25000,0.000000,25
7.300000,38.50000,-0.25000,0.000000,26
7.300000,39.50000,-0.25000,0.000000,27
7.300000,40.50000,-0.25000,0.000000,28
7.300000,41.50000,-0.25000,0.000000,29
7.300000,42.50000,-0.25000,0.000000,30
7.400000,12.69284,0.68510,0.371970,0
7.400000,13.50000,1.00000,0.244979,1
7.400000,14.50000,1.25000,0.244979,2
7.400000,15.50000,1.50000,0.463648,3
7.400000,16.50000,2.00000,0.000000,4
7.400000,17.50000,2.00000,0.000000,5
7.400000,18.50000,2.00000,-0.244979,6
7.400000,19.50000,1.75000,-0.244979,7
7.400000,20.50000,1.50000,-0.463648,8
7.400000,21.50000,1.00000,-0.463648,9
7.400000,22.50000,0.50000,-0.463648,10
7.400000,23.50000,0.00000,-0.244979,11
7.400000,24.50000,-0.25000,-0.463648,12
7.400000,25.50000,-0.75000,-0.463648,13
7.400000,26.50000,-1.25000,-0.244979,14
7.400000,27.50000,-1.50000,0.000000,15
7.400000,28.50000,-1.50000,0.000000,16
7.400000,29.50000,-1.50000,0.000000,17
7.400000,30.50000,-1.50000,0.244979,18
7.400000,31.50000,-1.25000,0.463648,19
7.400000,32.50000,-0.75000,0.244979,20
7.400000,33.50000,-0.50000,0.244979,21
7.400000,34.50000,-0.25000,0.000000,22
7.400000,35.50000,-0.25000,0.000000,23
7.400000,36.50000,-0.25000,0.000000,24
7.400000,37.50000,-0.25000,0.000000,25
7.400000,38.50000,-0.25000,0.000000,26
7.400000,39.50000,-0.25000,0.000000,27
7.400000,40.50000,-0.25000,0.000000,28
7.400000,41.50000,-0.25000,0.000000,29
7.400000,42.50000,-0.25000,0.000000,30
7.500000,12.85721,0.72371,0.431579,0
7.500000,14.00000,1.25000,0.244979,1
7.500000,15.00000,1.50000,0.463648,2
7.500000,16.00000,2.00000,0.000000,3
7.500000,17.00000,2.00000,0.000000,4
7.500000,18.00000,2.00000,0.000000,5
7.500000,19.00000,2.00000,-0.244979,6
7.500000,20.00000,1.75000,-0.463648,7
7.500000,21.00000,1.25000,-0.463648,8
7.500000,22.00000,0.75000,-0.463648,9
7.500000,23.00000,0.25000,-0.244979,10
7.500000,24.00000,0.00000,-0.244979,11
7.500000,25.00000,-0.25000,-0.463648,12
7.500000,26.00000,-0.75000,-0.463648,13
7.500000,27.00000,-1.25000,-0.244979,14
7.500000,28.00000,-1.50000,0.000000,15
7.500000,29.00000,-1.50000,0.000000,16
7.500000,30.00000,-1.50000,0.000000,17
7.500000,31.00000,-1.50000,0.463648,18
7.500000,32.00000,-1.00000,0.244979,19
7.500000,33.00000,-0.75000,0.244979,20
7.500000,34.00000,-0.50000,0.244979,21
7.500000,35.00000,-0.25000,0.000000,22
7.500000,36.00000,-0.25000,0.000000,23
7.500000,37.00000,-0.25000,0.000000,24
7.500000,38.00000,-0.25000,0.000000,25
7.500000,39.00000,-0.25000,0.000000,26
7.500000,40.00000,-0.25000,0.000000,27
7.500000,41.00000,-0.25000,0.000000,28
7.500000,42.00000,-0.25000,0.000000,29
7.500000,43.00000,-0.25000,0.000000,30
7.600000,12.99103,0.77024,0.443850,0
7.600000,14.00000,1.25000,0.244979,1
7.600000,15.00000,1.50000,0.463648,2
7.600000,16.00000,2.00000,0.000000,3
7.600000,17.00000,2.00000,0.000000,4
7.600000,18.00000,2.00000,0.000000,5
7.600000,19.00000,2.00000,-0.244979,6
7.600000,20.00000,1.75000,-0.463648,7
7.600000,21.00000,1.25000,-0.463648,8
7.600000,22.00000,0.75000,-0.463648,9
7.600000,23.00000,0.25000,-0.244979,10
7.600000,24.00000,0.00000,-0.244979,11
7.600000,25.00000,-0.25000,-0.463648,12
7.600000,26.00000,-0.75000,-0.463648,13
7.600000,27.00000,-1.25000,-0.244979,14
7.600000,28.00000,-1.50000,0.000000,15
7.600000,29.00000,-1.50000,0.000000,16
7.600000,30.00000,-1.50000,0.000000,17
7.600000,31.00000,-1.50000,0.463648,18
7.600000,32.00000,-1.00000,0.244979,19
7.600000,33.00000,-0.75000,0.244979,20
7.600000,34.00000,-0.50000,0.244979,21
7.600000,35.00000,-0.25000,0.000000,22
7.600000,36.00000,-0.25000,0.000000,23
7.600000,37.00000,-0.25000,0.000000,24
7.600000,38.00000,-0.25000,0.000000,25
7.600000,39.00000,-0.25000,0.000000,26
7.600000,40.00000,-0.25000,0.000000,27
7.600000,41.00000,-0.25000,0.000000,28
7.600000,42.00000,-0.25000,0.000000,29
7.600000,43.00000,-0.25000,0.000000,30
7.700000,13.17187,0.79548,0.501964,0
7.700000,14.00000,1.25000,0.244979,1
7.700000,15.00000,1.50000,0.463648,2
7.700000,16.00000,2.00000,0.000000,3
7.700000,17.00000,2.00000,0.000000,4
7.700000,18.00000,2.00000,-0.244979,5
7.700000,19.00000,1.75000,-0.244979,6
7.700000,20.00000,1.50000,-0.244979,7
7.700000,21.00000,1.25000,-0.463648,8
7.700000,22.00000,0.75000,-0.463648,9
7.700000,23.00000,0.25000,-0.244979,10
7.700000,24.00000,0.00000,-0.244979,11
7.700000,25.00000,-0.25000,-0.463648,12
7.700000,26.00000,-0.75000,-0.463648,13
7.700000,27.00000,-1.25000,-0.244979,14
7.700000,28.00000,-1.50000,0.000000,15
7.700000,29.00000,-1.50000,0.000000,16
7.700000,30.00000,-1.50000,0.000000,17
7.700000,31.00000,-1.50000,0.463648,18
7.700000,32.00000,-1.00000,0.244979,19
7.700000,33.00000,-0.75000,0.244979,20
7.700000,34.00000,-0.50000,0.244979,21
7.700000,35.00000,-0.25000,0.000000,22
7.700000,36.00000,-0.25000,0.000000,23
7.700000,37.00000,-0.25000,0.000000,24
7.700000,38.00000,-0.25000,0.000000,25
7.700000,39.00000,-0.25000,0.000000,26
7.700000,40.00000,-0.25000,0.000000,27
7.700000,41.00000,-0.25000,0.000000,28
7.700000,42.00000,-0.25000,0.000000,29
7.700000,43.00000,-0.25000,0.000000,30
7.802000,13.29508,0.85660,0.315580,0
7.802000,14.50000,1.25000,0.244979,1
7.802000,15.50000,1.50000,0.463648,2
7.802000,16.50000,2.00000,0.000000,3
7.802000,17.50000,2.00000,0.000000,4
7.802000,18.50000,2.00000,-0.244979,5
7.802000,19.50000,1.75000,-0.244979,6
7.802000,20.50000,1.50000,-0.463648,7
7.802000,21.50000,1.00000,-0.463648,8
7.802000,22.50000,0.50000,-0.463648,9
7.802000,23.50000,0.00000,-0.244979,10
7.802000,24.50000,-0.25000,-0.463648,11
7.802000,25.50000,-0.75000,-0.463648,12
7.802000,26.50000,-1.25000,-0.244979,13
7.802000,27.50000,-1.50000,0.000000,14
7.802000,28.50000,-1.50000,0.000000,15
7.802000,29.50000,-1.50000,0.000000,16
7.802000,30.50000,-1.50000,0.244979,17
7.802000,31.50000,-1.25000,0.463648,18
7.802000,32.50000,-0.75000,0.244979,19
7.802000,33.50000,-0.50000,0.244979,20
7.802000,34.50000,-0.25000,0.000000,21
7.802000,35.50000,-0.25000,0.000000,22
7.802000,36.50000,-0.25000,0.000000,23
7.802000,37.50000,-0.25000,0.000000,24
7.802000,38.50000,-0.25000,0.000000,25
7.802000,39.50000,-0.25000,0.000000,26
7.802000,40.50000,-0.25000,0.000000,27
7.802000,41.50000,-0.25000,0.000000,28
7.802000,42.50000,-0.25000,0.000000,29
7.802000,43.50000,-0.25000,0.000000,30
7.902000,13.42826,0.87424,0.337219,0
7.902000,14.50000,1.25000,0.244979,1
7.902000,15.50000,1.50000,0.463648,2
7.902000,16.50000,2.00000,0.000000,3
7.902000,17.50000,2.00000,0.000000,4
7.902000,18.50000,2.00000,-0.244979,5
7.902000,19.50000,1.75000,-0.244979,6
7.902000,20.50000,1.50000,-0.463648,7
7.902000,21.50000,1.00000,-0.463648,8
7.902000,22.50000,0.50000,-0.463648,9
7.902000,23.50000,0.00000,-0.244979,10
7.902000,24.50000,-0.25000,-0.463648,11
7.902000,25.50000,-0.75000,-0.463648,12
7.902000,26.50000,-1.25000,-0.244979,13
7.902000,27.50000,-1.50000,0.000000,14
7.902000,28.50000,-1.50000,0.000000,15
7.902000,29.50000,-1.50000,0.000000,16
7.902000,30.50000,-1.50000,0.244979,17
7.902000,31.50000,-1.25000,0.463648,18
7.902000,32.50000,-0.75000,0.244979,19
7.902000,33.50000,-0.50000,0.244979,20
7.902000,34.50000,-0.25000,0.000000,21
7.902000,35.50000,-0.25000,0.000000,22
7.902000,36.50000,-0.25000,0.000000,23
7.902000,37.50000,-0.25000,0.000000,24
7.902000,38.50000,-0.25000,0.000000,25
7.902000,39.50000,-0.25000,0.000000,26
7.902000,40.50000,-0.25000,0.000000,27
7.902000,41.50000,-0.25000,0.000000,28
7.902000,42.50000,-0.25000,0.000000,29
7.902000,43.50000,-0.25000,0.000000,30
8.002000,13.56161,0.94654,0.312763,0
8.002000,14.50000,1.25000,0.244979,1
8.002000,15.50000,1.50000,0.463648,2
8.002000,16.50000,2.00000,0.000000,3
8.002000,17.50000,2.00000,0.000000,4
8.002000,18.50000,2.00000,-0.244979,5
8.002000,19.50000,1.75000,-0.244979,6
8.002000,20.50000,1.50000,-0.463648,7
8.002000,21.50000,1.00000,-0.463648,8
8.002000,22.50000,0.50000,-0.463648,9
8.002000,23.50000,0.00000,-0.244979,10
8.002000,24.50000,-0.25000,-0.463648,11
8.002000,25.50000,-0.75000,-0.463648,12
8.002000,26.50000,-1.25000,-0.244979,13
8.002000,27.50000,-1.50000,0.000000,14
8.002000,28.50000,-1.50000,0.000000,15
8.002000,29.50000,-1.50000,0.000000,16
8.002000,30.50000,-1.50000,0.244979,17
8.002000,31.50000,-1.25000,0.463648,18
8.002000,32.50000,-0.75000,0.244979,19
8.002000,33.50000,-0.50000,0.244979,20
8.002000,34.50000,-0.25000,0.000000,21
8.002000,35.50000,-0.25000,0.000000,22
8.002000,36.50000,-0.25000,0.000000,23
8.002000,37.50000,-0.25000,0.000000,24
8.002000,38.50000,-0.25000,0.000000,25
8.002000,39.50000,-0.25000,0.000000,26
8.002000,40.50000,-0.25000,0.000000,27
8.002000,41.50000,-0.25000,0.000000,28
8.002000,42.50000,-0.25000,0.000000,29
8.002000,43.50000,-0.25000,0.000000,30
8.106000,13.73323,0.98896,0.328129,0
8.106000,14.50000,1.25000,0.244979,1
8.106000,15.50000,1.50000,0.463648,2
8.106000,16.50000,2.00000,0.000000,3
8.106000,17.50000,2.00000,0.000000,4
8.106000,18.50000,2.00000,-0.244979,5
8.106000,19.50000,1.75000,-0.244979,6
8.106000,20.50000,1.50000,-0.463648,7
8.106000,21.50000,1.00000,-0.463648,8
8.106000,22.50000,0.50000,-0.463648,9
8.106000,23.50000,0.00000,-0.244979,10
8.106000,24.50000,-0.25000,-0.463648,11
8.106000,25.50000,-0.75000,-0.463648,12
8.106000,26.50000,-1.25000,-0.244979,13
8.106000,27.50000,-1.50000,0.000000,14
8.106000,28.50000,-1.50000,0.000000,15
8.106000,29.50000,-1.50000,0.000000,16
8.106000,30.50000,-1.50000,0.244979,17
8.106000,31.50000,-1.25000,0.463648,18
8.106000,32.50000,-0.75000,0.244979,19
8.106000,33.50000,-0.50000,0.244979,20
8.106000,34.50000,-0.25000,0.000000,21
8.106000,35.50000,-0.25000,0.000000,22
8.106000,36.50000,-0.25000,0.000000,23
8.106000,37.50000,-0.25000,0.000000,24
8.106000,38.50000,-0.25000,0.000000,25
8.106000,39.50000,-0.25000,0.000000,26
8.106000,40.50000,-0.25000,0.000000,27
8.106000,41.50000,-0.25000,0.000000,28
8.106000,42.50000,-0.25000,0.000000,29
8.106000,43.50000,-0.25000,0.000000,30
8.202000,13.76750,1.02513,0.367760,0
8.202000,15.00000,1.50000,0.463648,1
8.202000,16.00000,2.00000,0.000000,2
8.202000,17.00000,2.00000,0.000000,3
8.202000,18.00000,2.00000,0.000000,4
8.202000,19.00000,2.00000,-0.244979,5
8.202000,20.00000,1.75000,-0.463648,6
8.202000,21.00000,1.25000,-0.463648,7
8.202000,22.00000,0.75000,-0.463648,8
8.202000,23.00000,0.25000,-0.244979,9
8.202000,24.00000,0.00000,-0.244979,10
8.202000,25.00000,-0.25000,-0.463648,11
8.202000,26.00000,-0.75000,-0.463648,12
8.202000,27.00000,-1.25000,0.000000,13
8.202000,28.00000,-1.25000,0.000000,14
8.202000,29.00000,-1.25000,0.000000,15
8.202000,30.00000,-1.25000,0.000000,16
8.202000,31.00000,-1.25000,0.244979,17
8.202000,32.00000,-1.00000,0.244979,18
8.202000,33.00000,-0.75000,0.244979,19
8.202000,34.00000,-0.50000,0.244979,20
8.202000,35.00000,-0.25000,0.000000,21
8.202000,36.00000,-0.25000,0.000000,22
8.202000,37.00000,-0.25000,0.000000,23
8.202000,38.00000,-0.25000,0.000000,24
8.202000,39.00000,-0.25000,0.000000,25
8.202000,40.00000,-0.25000,0.000000,26
8.202000,41.00000,-0.25000,0.000000,27
8.202000,42.00000,-0.25000,0.000000,28
8.202000,43.00000,-0.25000,0.000000,29
8.202000,44.00000,-0.25000,0.000000,30
8.300000,13.88727,1.06267,0.374479,0
8.300000,15.00000,1.50000,0.463648,1
8.300000,16.00000,2.00000,0.000000,2
8.300000,17.00000,2.00000,0.000000,3
8.300000,18.00000,2.00000,0.000000,4
8.300000,19.00000,2.00000,-0.244979,5
8.300000,20.00000,1.75000,-0.463648,6
8.300000,21.00000,1.25000,-0.463648,7
8.300000,22.00000,0.75000,-0.463648,8
8.300000,23.00000,0.25000,-0.244979,9
8.300000,24.00000,0.00000,-0.244979,10
8.300000,25.00000,-0.25000,-0.463648,11
8.300000,26.00000,-0.75000,-0.463648,12
8.300000,27.00000,-1.25000,-0.244979,13
8.300000,28.00000,-1.50000,0.000000,14
8.300000,29.00000,-1.50000,0.000000,15
8.300000,30.00000,-1.50000,0.000000,16
8.300000,31.00000,-1.50000,0.463648,17
8.300000,32.00000,-1.00000,0.244979,18
8.300000,33.00000,-0.75000,0.244979,19
8.300000,34.00000,-0.50000,0.244979,20
8.300000,35.00000,-0.25000,0.000000,21
8.300000,36.00000,-0.25000,0.000000,22
8.300000,37.00000,-0.25000,0.000000,23
8.300000,38.00000,-0.25000,0.000000,24
8.300000,39.00000,-0.25000,0.000000,25
8.300000,40.00000,-0.25000,0.000000,26
8.300000,41.00000,-0.25000,0.000000,27
8.300000,42.00000,-0.25000,0.000000,28
8.300000,43.00000,-0.25000,0.000000,29
8.300000,44.00000,-0.25000,0.000000,30
8.400000,14.00397,1.12065,0.363900,0
8.400000,15.00000,1.50000,0.463648,1
8.400000,16.00000,2.00000,0.000000,2
8.400000,17.00000,2.00000,0.000000,3
8.400000,18.00000,2.00000,0.000000,4
8.400000,19.00000,2.00000,-0.244979,5
8.400000,20.00000,1.75000,-0.463648,6
8.400000,21.00000,1.25000,-0.463648,7
8.400000,22.00000,0.75000,-0.463648,8
8.400000,23.00000,0.25000,-0.244979,9
8.400000,24.00000,0.00000,-0.244979,10
8.400000,25.00000,-0.25000,-0.463648,11
8.400000,26.00000,-0.75000,-0.463648,12
8.400000,27.00000,-1.25000,-0.244979,13
8.400000,28.00000,-1.50000,0.000000,14
8.400000,29.00000,-1.50000,0.000000,15
8.400000,30.00000,-1.50000,0.000000,16
8.400000,31.00000,-1.50000,0.463648,17
8.400000,32.00000,-1.00000,0.244979,18
8.400000,33.00000,-0.75000,0.244979,19
8.400000,34.00000,-0.50000,0.244979,20
8.400000,35.00000,-0.25000,0.000000,21
8.400000,36.00000,-0.25000,0.000000,22
8.400000,37.00000,-0.25000,0.000000,23
8.400000,38.00000,-0.25000,0.000000,24
8.400000,39.00000,-0.25000,0.000000,25
8.400000,40.00000,-0.25000,0.000000,26
8.400000,41.00000,-0.25000,0.000000,27
8.400000,42.00000,-0.25000,0.000000,28
8.400000,43.00000,-0.25000,0.000000,29
8.400000,44.00000,-0.25000,0.000000,30
8.500000,14.13903,1.17541,0.360527,0
8.500000,15.00000,1.50000,0.463648,1
8.500000,16.00000,2.00000,0.000000,2
8.500000,17.00000,2.00000,0.000000,3
8.500000,18.00000,2.00000,0.000000,4
8.500000,19.00000,2.00000,-0.244979,5
8.500000,20.00000,1.75000,-0.463648,6
8.500000,21.00000,1.25000,-0.463648,7
8.500000,22.00000,0.75000,-0.463648,8
8.500000,23.00000,0.25000,-0.244979,9
8.500000,24.00000,0.00000,-0.244979,10
8.500000,25.00000,-0.25000,-0.463648,11
8.500000,26.00000,-0.75000,-0.463648,12
8.500000,27.00000,-1.25000,-0.244979,13
8.500000,28.00000,-1.50000,0.000000,14
8.500000,29.00000,-1.50000,0.000000,15
8.500000,30.00000,-1.50000,0.000000,16
8.500000,31.00000,-1.50000,0.463648,17
8.500000,32.00000,-1.00000,0.244979,18
8.500000,33.00000,-0.75000,0.244979,19
8.500000,34.00000,-0.50000,0.244979,20
8.500000,35.00000,-0.25000,0.000000,21
8.500000,36.00000,-0.25000,0.000000,22
8.500000,37.00000,-0.25000,0.000000,23
8.500000,38.00000,-0.25000,0.000000,24
8.500000,39.00000,-0.25000,0.000000,25
8.500000,40.00000,-0.25000,0.000000,26
8.500000,41.00000,-0.25000,0.000000,27
8.500000,42.00000,-0.25000,0.000000,28
8.500000,43.00000,-0.25000,0.000000,29
8.500000,44.00000,-0.25000,0.000000,30
8.600000,14.32849,1.22700,0.419884,0
8.600000,15.50000,1.75000,0.244979,1
8.600000,16.50000,2.00000,0.000000,2
8.600000,17.50000,2.00000,0.000000,3
8.600000,18.50000,2.00000,-0.244979,4
8.600000,19.50000,1.75000,-0.244979,5
8.600000,20.50000,1.50000,-0.463648,6
8.600000,21.50000,1.00000,-0.463648,7
8.600000,22.50000,0.50000,-0.463648,8
8.600000,23.50000,0.00000,-0.244979,9
8.600000,24.50000,-0.25000,-0.244979,10
8.600000,25.50000,-0.50000,-0.463648,11
8.600000,26.50000,-1.00000,-0.244979,12
8.600000,27.50000,-1.25000,0.000000,13
8.600000,28.50000,-1.25000,0.000000,14
8.600000,29.50000,-1.25000,0.000000,15
8.600000,30.50000,-1.25000,0.000000,16
8.600000,31.50000,-1.25000,0.463648,17
8.600000,32.50000,-0.75000,0.244979,18
8.600000,33.50000,-0.50000,0.244979,19
8.600000,34.50000,-0.25000,0.000000,20
8.600000,35.50000,-0.25000,0.000000,21
8.600000,36.50000,-0.25000,0.000000,22
8.600000,37.50000,-0.25000,0.000000,23
8.600000,38.50000,-0.25000,0.000000,24
8.600000,39.50000,-0.25000,0.000000,25
8.600000,40.50000,-0.25000,0.000000,26
8.600000,41.50000,-0.25000,0.000000,27
8.600000,42.50000,-0.25000,0.000000,28
8.600000,43.50000,-0.25000,0.000000,29
8.600000,44.50000,-0.25000,0.000000,30
8.700000,14.36234,1.26237,0.404940,0
8.700000,15.50000,1.75000,0.244979,1
8.700000,16.50000,2.00000,0.000000,2
8.700000,17.50000,2.00000,0.000000,3
8.700000,18.50000,2.00000,-0.244979,4
8.700000,19.50000,1.75000,-0.244979,5
8.700000,20.50000,1.50000,-0.463648,6
8.700000,21.50000,1.00000,-0.463648,7
8.700000,22.50000,0.50000,-0.463648,8
8.700000,23.50000,0.00000,-0.244979,9
8.700000,24.50000,-0.25000,-0.463648,10
8.700000,25.50000,-0.75000,-0.463648,11
8.700000,26.50000,-1.25000,-0.244979,12
8.700000,27.50000,-1.50000,0.000000,13
8.700000,28.50000,-1.50000,0.000000,14
8.700000,29.50000,-1.50000,0.000000,15
8.700000,30.50000,-1.50000,0.244979,16
8.700000,31.50000,-1.25000,0.463648,17
8.700000,32.50000,-0.75000,0.244979,18
8.700000,33.50000,-0.50000,0.244979,19
8.700000,34.50000,-0.25000,0.000000,20
8.700000,35.50000,-0.25000,0.000000,21
8.700000,36.50000,-0.25000,0.000000,22
8.700000,37.50000,-0.25000,0.000000,23
8.700000,38.50000,-0.25000,0.000000,24
8.700000,39.50000,-0.25000,0.000000,25
8.700000,40.50000,-0.25000,0.000000,26
8.700000,41.50000,-0.25000,0.000000,27
8.700000,42.50000,-0.25000,0.000000,28
8.700000,43.50000,-0.25000,0.000000,29
8.700000,44.50000,-0.25000,0.000000,30
8.800000,14.50943,1.31607,0.412878,0
8.800000,15.50000,1.75000,0.244979,1
8.800000,16.50000,2.00000,0.000000,2
8.800000,17.50000,2.00000,0.000000,3
8.800000,18.50000,2.00000,-0.244979,4
8.800000,19.50000,1.75000,-0.244979,5
8.800000,20.50000,1.50000,-0.463648,6
8.800000,21.50000,1.00000,-0.463648,7
8.800000,22.50000,0.50000,-0.463648,8
8.800000,23.50000,0.00000,-0.244979,9
8.800000,24.50000,-0.25000,-0.463648,10
8.800000,25.50000,-0.75000,-0.463648,11
8.800000,26.50000,-1.25000,-0.244979,12
8.800000,27.50000,-1.50000,0.000000,13
8.800000,28.50000,-1.50000,0.000000,14
8.800000,29.50000,-1.50000,0.000000,15
8.800000,30.50000,-1.50000,0.244979,16
8.800000,31.50000,-1.25000,0.463648,17
8.800000,32.50000,-0.75000,0.244979,18
8.800000,33.50000,-0.50000,0.244979,19
8.800000,34.50000,-0.25000,0.000000,20
8.800000,35.50000,-0.25000,0.000000,21
8.800000,36.50000,-0.25000,0.000000,22
8.800000,37.50000,-0.25000,0.000000,23
8.800000,38.50000,-0.25000,0.000000,24
8.800000,39.50000,-0.25000,0.000000,25
8.800000,40.50000,-0.25000,0.000000,26
8.800000,41.50000,-0.25000,0.000000,27
8.800000,42.50000,-0.25000,0.000000,28
8.800000,43.50000,-0.25000,0.000000,29
8.800000,44.50000,-0.25000,0.000000,30
8.900000,14.66615,1.36098,0.436517,0
8.900000,15.50000,1.75000,0.244979,1
8.900000,16.50000,2.00000,0.000000,2
8.900000,17.50000,2.00000,0.000000,3
8.900000,18.50000,2.00000,-0.244979,4
8.900000,19.50000,1.75000,-0.244979,5
8.900000,20.50000,1.50000,-0.463648,6
8.900000,21.50000,1.00000,-0.463648,7
8.900000,22.50000,0.50000,-0.463648,8
8.900000,23.50000,0.00000,-0.244979,9
8.900000,24.50000,-0.25000,-0.463648,10
8.900000,25.50000,-0.75000,-0.463648,11
8.900000,26.50000,-1.25000,-0.244979,12
8.900000,27.50000,-1.50000,0.000000,13
8.900000,28.50000,-1.50000,0.000000,14
8.900000,29.50000,-1.50000,0.000000,15
8.900000,30.50000,-1.50000,0.244979,16
8.900000,31.50000,-1.25000,0.463648,17
8.900000,32.50000,-0.75000,0.244979,18
8.900000,33.50000,-0.50000,0.244979,19
8.900000,34.50000,-0.25000,0.000000,20
8.900000,35.50000,-0.25000,0.000000,21
8.900000,36.50000,-0.25000,0.000000,22
8.900000,37.50000,-0.25000,0.000000,23
8.900000,38.50000,-0.25000,0.000000,24
8.900000,39.50000,-0.25000,0.000000,25
8.900000,40.50000,-0.25000,0.000000,26
8.900000,41.50000,-0.25000,0.000000,27
8.900000,42.50000,-0.25000,0.000000,28
8.900000,43.50000,-0.25000,0.000000,29
8.900000,44.50000,-0.25000,0.000000,30
9.000000,14.79078,1.41861,0.448165,0
9.000000,16.00000,2.00000,0.000000,1
9.000000,17.00000,2.00000,0.000000,2
9.000000,18.00000,2.00000,0.000000,3
9.000000,19.00000,2.00000,-0.244979,4
9.000000,20.00000,1.75000,-0.463648,5
9.000000,21.00000,1.25000,-0.463648,6
9.000000,22.00000,0.75000,-0.463648,7
9.000000,23.00000,0.25000,-0.244979,8
9.000000,24.00000,0.00000,-0.244979,9
9.000000,25.00000,-0.25000,-0.463648,10
9.000000,26.00000,-0.75000,-0.463648,11
9.000000,27.00000,-1.25000,-0.244979,12
9.000000,28.00000,-1.50000,0.000000,13
9.000000,29.00000,-1.50000,0.000000,14
9.000000,30.00000,-1.50000,0.000000,15
9.000000,31.00000,-1.50000,0.463648,16
9.000000,32.00000,-1.00000,0.244979,17
9.000000,33.00000,-0.75000,0.244979,18
9.000000,34.00000,-0.50000,0.244979,19
9.000000,35.00000,-0.25000,0.000000,20
9.000000,36.00000,-0.25000,0.000000,21
9.000000,37.00000,-0.25000,0.000000,22
9.000000,38.00000,-0.25000,0.000000,23
9.000000,39.00000,-0.25000,0.000000,24
9.000000,40.00000,-0.25000,0.000000,25
9.000000,41.00000,-0.25000,0.000000,26
9.000000,42.00000,-0.25000,0.000000,27
9.000000,43.00000,-0.25000,0.000000,28
9.000000,44.00000,-0.25000,0.000000,29
9.000000,45.00000,-0.25000,0.000000,30
9.100000,14.95434,1.52125,0.429357,0
9.100000,16.00000,2.00000,0.000000,1
9.100000,17.00000,2.00000,0.000000,2
9.100000,18.00000,2.00000,0.000000,3
9.100000,19.00000,2.00000,-0.244979,4
9.100000,20.00000,1.75000,-0.463648,5
9.100000,21.00000,1.25000,-0.463648,6
9.100000,22.00000,0.75000,-0.463648,7
9.100000,23.00000,0.25000,-0.244979,8
9.100000,24.00000,0.00000,-0.244979,9
9.100000,25.00000,-0.25000,-0.463648,10
9.100000,26.00000,-0.75000,-0.463648,11
9.100000,27.00000,-1.25000,0.000000,12
9.100000,28.00000,-1.25000,0.000000,13
9.100000,29.00000,-1.25000,0.000000,14
9.100000,30.00000,-1.25000,0.000000,15
9.100000,31.00000,-1.25000,0.244979,16
9.100000,32.00000,-1.00000,0.244979,17
9.100000,33.00000,-0.75000,0.244979,18
9.100000,34.00000,-0.50000,0.244979,19
9.100000,35.00000,-0.25000,0.000000,20
9.100000,36.00000,-0.25000,0.000000,21
9.100000,37.00000,-0.25000,0.000000,22
9.100000,38.00000,-0.25000,0.000000,23
9.100000,39.00000,-0.25000,0.000000,24
9.100000,40.00000,-0.25000,0.000000,25
9.100000,41.00000,-0.25000,0.000000,26
9.100000,42.00000,-0.25000,0.000000,27
9.100000,43.00000,-0.25000,0.000000,28
9.100000,44.00000,-0.25000,0.000000,29
9.100000,45.00000,-0.25000,0.000000,30
9.200000,15.13965,1.57558,0.458283,0
9.200000,16.00000,2.00000,0.000000,1
9.200000,17.00000,2.00000,0.000000,2
9.200000,18.00000,2.00000,0.000000,3
9.200000,19.00000,2.00000,-0.244979,4
9.200000,20.00000,1.75000,-0.463648,5
9.200000,21.00000,1.25000,-0.463648,6
9.200000,22.00000,0.75000,-0.463648,7
9.200000,23.00000,0.25000,-0.244979,8
9.200000,24.00000,0.00000,-0.244979,9
9.200000,25.00000,-0.25000,-0.463648,10
9.200000,26.00000,-0.75000,-0.463648,11
9.200000,27.00000,-1.25000,-0.244979,12
9.200000,28.00000,-1.50000,0.000000,13
9.200000,29.00000,-1.50000,0.000000,14
9.200000,30.00000,-1.50000,0.000000,15
9.200000,31.00000,-1.50000,0.463648,16
9.200000,32.00000,-1.00000,0.244979,17
9.200000,33.00000,-0.75000,0.244979,18
9.200000,34.00000,-0.50000,0.244979,19
9.200000,35.00000,-0.25000,0.000000,20
9.200000,36.00000,-0.25000,0.000000,21
9.200000,37.00000,-0.25000,0.000000,22
9.200000,38.00000,-0.25000,0.000000,23
9.200000,39.00000,-0.25000,0.000000,24
9.200000,40.00000,-0.25000,0.000000,25
9.200000,41.00000,-0.25000,0.000000,26
9.200000,42.00000,-0.25000,0.000000,27
9.200000,43.00000,-0.25000,0.000000,28
9.200000,44.00000,-0.25000,0.000000,29
9.200000,45.00000,-0.25000,0.000000,30
9.300000,15.32372,1.64731,0.291305,0
9.300000,16.50000,2.00000,0.000000,1
9.300000,17.50000,2.00000,0.000000,2
9.300000,18.50000,2.00000,-0.244979,3
9.300000,19.50000,1.75000,-0.244979,4
9.300000,20.50000,1.50000,-0.463648,5
9.300000,21.50000,1.00000,-0.463648,6
9.300000,22.50000,0.50000,-0.463648,7
9.300000,23.50000,0.00000,-0.244979,8
9.300000,24.50000,-0.25000,-0.463648,9
9.300000,25.50000,-0.75000,-0.463648,10
9.300000,26.50000,-1.25000,-0.244979,11
9.300000,27.50000,-1.50000,0.000000,12
9.300000,28.50000,-1.50000,0.000000,13
9.300000,29.50000,-1.50000,0.000000,14
9.300000,30.50000,-1.50000,0.244979,15
9.300000,31.50000,-1.25000,0.463648,16
9.300000,32.50000,-0.75000,0.244979,17
9.300000,33.50000,-0.50000,0.244979,18
9.300000,34.50000,-0.25000,0.000000,19
9.300000,35.50000,-0.25000,0.000000,20
9.300000,36.50000,-0.25000,0.000000,21
9.300000,37.50000,-0.25000,0.000000,22
9.300000,38.50000,-0.25000,0.000000,23
9.300000,39.50000,-0.25000,0.000000,24
9.300000,40.50000,-0.25000,0.000000,25
9.300000,41.50000,-0.25000,0.000000,26
9.300000,42.50000,-0.25000,0.000000,27
9.300000,43.50000,-0.25000,0.000000,28
9.300000,44.50000,-0.25000,0.000000,29
9.300000,45.50000,-0.25000,0.000000,30
9.400000,15.49369,1.74270,0.250324,0
9.400000,16.50000,2.00000,0.000000,1
9.400000,17.50000,2.00000,0.000000,2
9.400000,18.50000,2.00000,-0.244979,3
9.400000,19.50000,1.75000,-0.244979,4
9.400000,20.50000,1.50000,-0.463648,5
9.400000,21.50000,1.00000,-0.463648,6
9.400000,22.50000,0.50000,-0.463648,7
9.400000,23.50000,0.00000,-0.244979,8
9.400000,24.50000,-0.25000,-0.463648,9
9.400000,25.50000,-0.75000,-0.463648,10
9.400000,26.50000,-1.25000,-0.244979,11
9.400000,27.50000,-1.50000,0.000000,12
9.400000,28.50000,-1.50000,0.000000,13
9.400000,29.50000,-1.50000,0.000000,14
9.400000,30.50000,-1.50000,0.244979,15
9.400000,31.50000,-1.25000,0.463648,16
9.400000,32.50000,-0.75000,0.244979,17
9.400000,33.50000,-0.50000,0.244979,18
9.400000,34.50000,-0.25000,0.000000,19
9.400000,35.50000,-0.25000,0.000000,20
9.400000,36.50000,-0.25000,0.000000,21
9.400000,37.50000,-0.25000,0.000000,22
9.400000,38.50000,-0.25000,0.000000,23
9.400000,39.50000,-0.25000,0.000000,24
9.400000,40.50000,-0.25000,0.000000,25
9.400000,41.50000,-0.25000,0.000000,26
9.400000,42.50000,-0.25000,0.000000,27
9.400000,43.50000,-0.25000,0.000000,28
9.400000,44.50000,-0.25000,0.000000,29
9.400000,45.50000,-0.25000,0.000000,30
9.500000,15.69478,1.81251,0.228765,0
9.500000,16.50000,2.00000,0.000000,1
9.500000,17.50000,2.00000,0.000000,2
9.500000,18.50000,2.00000,-0.244979,3
9.500000,19.50000,1.75000,-0.244979,4
9.500000,20.50000,1.50000,-0.463648,5
9.500000,21.50000,1.00000,-0.463648,6
9.500000,22.50000,0.50000,-0.463648,7
9.500000,23.50000,0.00000,-0.244979,8
9.500000,24.50000,-0.25000,-0.463648,9
9.500000,25.50000,-0.75000,-0.463648,10
9.500000,26.50000,-1.25000,-0.244979,11
9.500000,27.50000,-1.50000,0.000000,12
9.500000,28.50000,-1.50000,0.000000,13
9.500000,29.50000,-1.50000,0.000000,14
9.500000,30.50000,-1.50000,0.244979,15
9.500000,31.50000,-1.25000,0.463648,16
9.500000,32.50000,-0.75000,0.244979,17
9.500000,33.50000,-0.50000,0.244979,18
9.500000,34.50000,-0.25000,0.000000,19
9.500000,35.50000,-0.25000,0.000000,20
9.500000,36.50000,-0.25000,0.000000,21
9.500000,37.50000,-0.25000,0.000000,22
9.500000,38.50000,-0.25000,0.000000,23
9.500000,39.50000,-0.25000,0.000000,24
9.500000,40.50000,-0.25000,0.000000,25
9.500000,41.50000,-0.25000,0.000000,26
9.500000,42.50000,-0.25000,0.000000,27
9.500000,43.50000,-0.25000,0.000000,28
9.500000,44.50000,-0.25000,0.000000,29
9.500000,45.50000,-0.25000,0.000000,30
9.600000,15.90597,1.87223,0.116264,0
9.600000,17.00000,2.00000,0.000000,1
9.600000,18.00000,2.00000,0.000000,2
9.600000,19.00000,2.00000,-0.244979,3
9.600000,20.00000,1.75000,-0.463648,4
9.600000,21.00000,1.25000,-0.463648,5
9.600000,22.00000,0.75000,-0.463648,6
9.600000,23.00000,0.25000,-0.244979,7
9.600000,24.00000,0.00000,-0.244979,8
9.600000,25.00000,-0.25000,-0.463648,9
9.600000,26.00000,-0.75000,-0.463648,10
9.600000,27.00000,-1.25000,-0.244979,11
9.600000,28.00000,-1.50000,0.000000,12
9.600000,29.00000,-1.50000,0.000000,13
9.600000,30.00000,-1.50000,0.000000,14
9.600000,31.00000,-1.50000,0.463648,15
9.600000,32.00000,-1.00000,0.244979,16
9.600000,33.00000,-0.75000,0.244979,17
9.600000,34.00000,-0.50000,0.244979,18
9.600000,35.00000,-0.25000,0.000000,19
9.600000,36.00000,-0.25000,0.000000,20
9.600000,37.00000,-0.25000,0.000000,21
9.600000,38.00000,-0.25000,0.000000,22
9.600000,39.00000,-0.25000,0.000000,23
9.600000,40.00000,-0.25000,0.000000,24
9.600000,41.00000,-0.25000,0.000000,25
9.600000,42.00000,-0.25000,0.000000,26
9.600000,43.00000,-0.25000,0.000000,27
9.600000,44.00000,-0.25000,0.000000,28
9.600000,45.00000,-0.25000,0.000000,29
9.600000,46.00000,-0.25000,0.000000,30
9.700000,16.12589,1.94055,0.067903,0
9.700000,17.00000,2.00000,0.000000,1
9.700000,18.00000,2.00000,0.000000,2
9.700000,19.00000,2.00000,-0.244979,3
9.700000,20.00000,1.75000,-0.463648,4
9.700000,21.00000,1.25000,-0.463648,5
9.700000,22.00000,0.75000,-0.463648,6
9.700000,23.00000,0.25000,-0.244979,7
9.700000,24.00000,0.00000,-0.244979,8
9.700000,25.00000,-0.25000,-0.463648,9
9.700000,26.00000,-0.75000,-0.463648,10
9.700000,27.00000,-1.25000,-0.244979,11
9.700000,28.00000,-1.50000,0.000000,12
9.700000,29.00000,-1.50000,0.000000,13
9.700000,30.00000,-1.50000,0.000000,14
9.700000,31.00000,-1.50000,0.463648,15
9.700000,32.00000,-1.00000,0.244979,16
9.700000,33.00000,-0.75000,0.244979,17
9.700000,34.00000,-0.50000,0.244979,18
9.700000,35.00000,-0.25000,0.000000,19
9.700000,36.00000,-0.25000,0.000000,20
9.700000,37.00000,-0.25000,0.000000,21
9.700000,38.00000,-0.25000,0.000000,22
9.700000,39.00000,-0.25000,0.000000,23
9.700000,40.00000,-0.25000,0.000000,24
9.700000,41.00000,-0.25000,0.000000,25
9.700000,42.00000,-0.25000,0.000000,26
9.700000,43.00000,-0.25000,0.000000,27
9.700000,44.00000,-0.25000,0.000000,28
9.700000,45.00000,-0.25000,0.000000,29
9.700000,46.00000,-0.25000,0.000000,30
9.800000,16.35341,1.96511,0.030418,0
9.800000,17.50000,2.00000,0.000000,1
9.800000,18.50000,2.00000,-0.244979,2
9.800000,19.50000,1.75000,-0.244979,3
9.800000,20.50000,1.50000,-0.463648,4
9.800000,21.50000,1.00000,-0.463648,5
9.800000,22.50000,0.50000,-0.463648,6
9.800000,23.50000,0.00000,-0.244979,7
9.800000,24.50000,-0.25000,-0.463648,8
9.800000,25.50000,-0.75000,-0.463648,9
9.800000,26.50000,-1.25000,-0.244979,10
9.800000,27.50000,-1.50000,0.000000,11
9.800000,28.50000,-1.50000,0.000000,12
9.800000,29.50000,-1.50000,0.000000,13
9.800000,30.50000,-1.50000,0.244979,14
9.800000,31.50000,-1.25000,0.463648,15
9.800000,32.50000,-0.75000,0.244979,16
9.800000,33.50000,-0.50000,0.244979,17
9.800000,34.50000,-0.25000,0.000000,18
9.800000,35.50000,-0.25000,0.000000,19
9.800000,36.50000,-0.25000,0.000000,20
9.800000,37.50000,-0.25000,0.000000,21
9.800000,38.50000,-0.25000,0.000000,22
9.800000,39.50000,-0.25000,0.000000,23
9.800000,40.50000,-0.25000,0.000000,24
9.800000,41.50000,-0.25000,0.000000,25
9.800000,42.50000,-0.25000,0.000000,26
9.800000,43.50000,-0.25000,0.000000,27
9.800000,44.50000,-0.25000,0.000000,28
9.800000,45.50000,-0.25000,0.000000,29
9.800000,46.50000,-0.25000,0.000000,30
9.900000,16.56281,2.05390,-0.057446,0
9.900000,17.50000,2.00000,0.000000,1
9.900000,18.50000,2.00000,-0.244979,2
9.900000,19.50000,1.75000,-0.244979,3
9.900000,20.50000,1.50000,-0.463648,4
9.900000,21.50000,1.00000,-0.463648,5
9.900000,22.50000,0.50000,-0.463648,6
9.900000,23.50000,0.00000,-0.244979,7
9.900000,24.50000,-0.25000,-0.463648,8
9.900000,25.50000,-0.75000,-0.463648,9
9.900000,26.50000,-1.25000,-0.244979,10
9.900000,27.50000,-1.50000,0.000000,11
9.900000,28.50000,-1.50000,0.000000,12
9.900000,29.50000,-1.50000,0.000000,13
9.900000,30.50000,-1.50000,0.244979,14
9.900000,31.50000,-1.25000,0.463648,15
9.900000,32.50000,-0.75000,0.244979,16
9.900000,33.50000,-0.50000,0.244979,17
9.900000,34.50000,-0.25000,0.000000,18
9.900000,35.50000,-0.25000,0.000000,19
9.900000,36.50000,-0.25000,0.000000,20
9.900000,37.50000,-0.25000,0.000000,21
9.900000,38.50000,-0.25000,0.000000,22
9.900000,39.50000,-0.25000,0.000000,23
9.900000,40.50000,-0.25000,0.000000,24
9.900000,41.50000,-0.25000,0.000000,25
9.900000,42.50000,-0.25000,0.000000,26
9.900000,43.50000,-0.25000,0.000000,27
9.900000,44.50000,-0.25000,0.000000,28
9.900000,45.50000,-0.25000,0.000000,29
9.900000,46.50000,-0.25000,0.000000,30
10.000000,16.83584,2.14295,-0.122179,0
10.000000,18.00000,2.00000,0.000000,1
10.000000,19.00000,2.00000,-0.244979,2
10.000000,20.00000,1.75000,-0.463648,3
10.000000,21.00000,1.25000,-0.463648,4
10.000000,22.00000,0.75000,-0.463648,5
10.000000,23.00000,0.25000,-0.244979,6
10.000000,24.00000,0.00000,-0.244979,7
10.000000,25.00000,-0.25000,-0.463648,8
10.000000,26.00000,-0.75000,-0.463648,9
10.000000,27.00000,-1.25000,-0.244979,10
10.000000,28.00000,-1.50000,0.000000,11
10.000000,29.00000,-1.50000,0.000000,12
10.000000,30.00000,-1.50000,0.000000,13
10.000000,31.00000,-1.50000,0.463648,14
10.000000,32.00000,-1.00000,0.244979,15
10.000000,33.00000,-0.75000,0.244979,16
10.000000,34.00000,-0.50000,0.244979,17
10.000000,35.00000,-0.25000,0.000000,18
10.000000,36.00000,-0.25000,0.000000,19
10.000000,37.00000,-0.25000,0.000000,20
10.000000,38.00000,-0.25000,0.000000,21
10.000000,39.00000,-0.25000,0.000000,22
10.000000,40.00000,-0.25000,0.000000,23
10.000000,41.00000,-0.25000,0.000000,24
10.000000,42.00000,-0.25000,0.000000,25
10.000000,43.00000,-0.25000,0.000000,26
10.000000,44.00000,-0.25000,0.000000,27
10.000000,45.00000,-0.25000,0.000000,28
10.000000,46.00000,-0.25000,0.000000,29
10.000000,47.00000,-0.25000,0.000000,30
10.100000,17.10218,2.20445,-0.223902,0
10.100000,18.00000,2.00000,0.000000,1
10.100000,19.00000,2.00000,-0.244979,2
10.100000,20.00000,1.75000,-0.463648,3
10.100000,21.00000,1.25000,-0.463648,4
10.100000,22.00000,0.75000,-0.463648,5
10.100000,23.00000,0.25000,-0.244979,6
10.100000,24.00000,0.00000,-0.244979,7
10.100000,25.00000,-0.25000,-0.463648,8
10.100000,26.00000,-0.75000,-0.463648,9
10.100000,27.00000,-1.25000,-0.244979,10
10.100000,28.00000,-1.50000,0.000000,11
10.100000,29.00000,-1.50000,0.000000,12
10.100000,30.00000,-1.50000,0.000000,13
10.100000,31.00000,-1.50000,0.463648,14
10.100000,32.00000,-1.00000,0.244979,15
10.100000,33.00000,-0.75000,0.244979,16
10.100000,34.00000,-0.50000,0.244979,17
10.100000,35.00000,-0.25000,0.000000,18
10.100000,36.00000,-0.25000,0.000000,19
10.100000,37.00000,-0.25000,0.000000,20
10.100000,38.00000,-0.25000,0.000000,21
10.100000,39.00000,-0.25000,0.000000,22
10.100000,40.00000,-0.25000,0.000000,23
10.100000,41.00000,-0.25000,0.000000,24
10.100000,42.00000,-0.25000,0.000000,25
10.100000,43.00000,-0.25000,0.000000,26
10.100000,44.00000,-0.25000,0.000000,27
10.100000,45.00000,-0.25000,0.000000,28
10.100000,46.00000,-0.25000,0.000000,29
10.100000,47.00000,-0.25000,0.000000,30
10.200000,17.41851,2.32063,-0.288213,0
10.200000,18.50000,2.00000,-0.244979,1
10.200000,19.50000,1.75000,-0.244979,2
10.200000,20.50000,1.50000,-0.463648,3
10.200000,21.50000,1.00000,-0.463648,4
10.200000,22.50000,0.50000,-0.463648,5
10.200000,23.50000,0.00000,-0.244979,6
10.200000,24.50000,-0.25000,-0.463648,7
10.200000,25.50000,-0.75000,-0.463648,8
10.200000,26.50000,-1.25000,-0.244979,9
10.200000,27.50000,-1.50000,0.000000,10
10.200000,28.50000,-1.50000,0.000000,11
10.200000,29.50000,-1.50000,0.000000,12
10.200000,30.50000,-1.50000,0.244979,13
10.200000,31.50000,-1.25000,0.463648,14
10.200000,32.50000,-0.75000,0.244979,15
10.200000,33.50000,-0.50000,0.244979,16
10.200000,34.50000,-0.25000,0.000000,17
10.200000,35.50000,-0.25000,0.000000,18
10.200000,36.50000,-0.25000,0.000000,19
10.200000,37.50000,-0.25000,0.000000,20
10.200000,38.50000,-0.25000,0.000000,21
10.200000,39.50000,-0.25000,0.000000,22
10.200000,40.50000,-0.25000,0.000000,23
10.200000,41.50000,-0.25000,0.000000,24
10.200000,42.50000,-0.25000,0.000000,25
10.200000,43.50000,-0.25000,0.000000,26
10.200000,44.50000,-0.25000,0.000000,27
10.200000,45.50000,-0.25000,0.000000,28
10.200000,46.50000,-0.25000,0.000000,29
10.200000,47.50000,-0.25000,0.000000,30
10.300000,17.56173,2.32599,-0.334389,0
10.300000,18.50000,2.00000,-0.244979,1
10.300000,19.50000,1.75000,-0.244979,2
10.300000,20.50000,1.50000,-0.463648,3
10.300000,21.50000,1.00000,-0.463648,4
10.300000,22.50000,0.50000,-0.463648,5
10.300000,23.50000,0.00000,-0.244979,6
10.300000,24.50000,-0.25000,-0.463648,7
10.300000,25.50000,-0.75000,-0.463648,8
10.300000,26.50000,-1.25000,-0.244979,9
10.300000,27.50000,-1.50000,0.000000,10
10.300000,28.50000,-1.50000,0.000000,11
10.300000,29.50000,-1.50000,0.000000,12
10.300000,30.50000,-1.50000,0.244979,13
10.300000,31.50000,-1.25000,0.463648,14
10.300000,32.50000,-0.75000,0.244979,15
10.300000,33.50000,-0.50000,0.244979,16
10.300000,34.50000,-0.25000,0.000000,17
10.300000,35.50000,-0.25000,0.000000,18
10.300000,36.50000,-0.25000,0.000000,19
10.300000,37.50000,-0.25000,0.000000,20
10.300000,38.50000,-0.25000,0.000000,21
10.300000,39.50000,-0.25000,0.000000,22
10.300000,40.50000,-0.25000,0.000000,23
10.300000,41.50000,-0.25000,0.000000,24
10.300000,42.50000,-0.25000,0.000000,25
10.300000,43.50000,-0.25000,0.000000,26
10.300000,44.50000,-0.25000,0.000000,27
10.300000,45.50000,-0.25000,0.000000,28
10.300000,46.50000,-0.25000,0.000000,29
10.300000,47.50000,-0.25000,0.000000,30
10.400000,17.81556,2.38713,-0.315901,0
10.400000,19.00000,2.00000,-0.244979,1
10.400000,20.00000,1.75000,-0.463648,2
10.400000,21.00000,1.25000,-0.463648,3
10.400000,22.00000,0.75000,-0.463648,4
10.400000,23.00000,0.25000,-0.244979,5
10.400000,24.00000,0.00000,-0.244979,6
10.400000,25.00000,-0.25000,-0.463648,7
10.400000,26.00000,-0.75000,-0.463648,8
10.400000,27.00000,-1.25000,-0.244979,9
10.400000,28.00000,-1.50000,0.000000,10
10.400000,29.00000,-1.50000,0.000000,11
10.400000,30.00000,-1.50000,0.000000,12
10.400000,31.00000,-1.50000,0.463648,13
10.400000,32.00000,-1.00000,0.244979,14
10.400000,33.00000,-0.75000,0.244979,15
10.400000,34.00000,-0.50000,0.244979,16
10.400000,35.00000,-0.25000,0.000000,17
10.400000,36.00000,-0.25000,0.000000,18
10.400000,37.00000,-0.25000,0.000000,19
10.400000,38.00000,-0.25000,0.000000,20
10.400000,39.00000,-0.25000,0.000000,21
10.400000,40.00000,-0.25000,0.000000,22
10.400000,41.00000,-0.25000,0.000000,23
10.400000,42.00000,-0.25000,0.000000,24
10.400000,43.00000,-0.25000,0.000000,25
10.400000,44.00000,-0.25000,0.000000,26
10.400000,45.00000,-0.25000,0.000000,27
10.400000,46.00000,-0.25000,0.000000,28
10.400000,47.00000,-0.25000,0.000000,29
10.400000,48.00000,-0.25000,0.000000,30
10.500000,18.04536,2.40739,-0.403347,0
10.500000,19.00000,2.00000,-0.244979,1
10.500000,20.00000,1.75000,-0.463648,2
10.500000,21.00000,1.25000,-0.463648,3
10.500000,22.00000,0.75000,-0.463648,4
10.500000,23.00000,0.25000,-0.244979,5
10.500000,24.00000,0.00000,-0.244979,6
10.500000,25.00000,-0.25000,-0.463648,7
10.500000,26.00000,-0.75000,-0.463648,8
10.500000,27.00000,-1.25000,-0.244979,9
10.500000,28.00000,-1.50000,0.000000,10
10.500000,29.00000,-1.50000,0.000000,11
10.500000,30.00000,-1.50000,0.000000,12
10.500000,31.00000,-1.50000,0.463648,13
10.500000,32.00000,-1.00000,0.244979,14
10.500000,33.00000,-0.75000,0.244979,15
10.500000,34.00000,-0.50000,0.244979,16
10.500000,35.00000,-0.25000,0.000000,17
10.500000,36.00000,-0.25000,0.000000,18
10.500000,37.00000,-0.25000,0.000000,19
10.500000,38.00000,-0.25000,0.000000,20
10.500000,39.00000,-0.25000,0.000000,21
10.500000,40.00000,-0.25000,0.000000,22
10.500000,41.00000,-0.25000,0.000000,23
10.500000,42.00000,-0.25000,0.000000,24
10.500000,43.00000,-0.25000,0.000000,25
10.500000,44.00000,-0.25000,0.000000,26
10.500000,45.00000,-0.25000,0.000000,27
10.500000,46.00000,-0.25000,0.000000,28
10.500000,47.00000,-0.25000,0.000000,29
10.500000,48.00000,-0.25000,0.000000,30
10.600000,18.28476,2.41784,-0.502500,0
10.600000,19.50000,1.75000,-0.244979,1
10.600000,20.50000,1.50000,-0.463648,2
10.600000,21.50000,1.00000,-0.463648,3
10.600000,22.50000,0.50000,-0.463648,4
10.600000,23.50000,0.00000,-0.244979,5
10.600000,24.50000,-0.25000,-0.463648,6
10.600000,25.50000,-0.75000,-0.463648,7
10.600000,26.50000,-1.25000,-0.244979,8
10.600000,27.50000,-1.50000,0.000000,9
10.600000,28.50000,-1.50000,0.000000,10
10.600000,29.50000,-1.50000,0.000000,11
10.600000,30.50000,-1.50000,0.244979,12
10.600000,31.50000,-1.25000,0.463648,13
10.600000,32.50000,-0.75000,0.244979,14
10.600000,33.50000,-0.50000,0.244979,15
10.600000,34.50000,-0.25000,0.000000,16
10.600000,35.50000,-0.25000,0.000000,17
10.600000,36.50000,-0.25000,0.000000,18
10.600000,37.50000,-0.25000,0.000000,19
10.600000,38.50000,-0.25000,0.000000,20
10.600000,39.50000,-0.25000,0.000000,21
10.600000,40.50000,-0.25000,0.000000,22
10.600000,41.50000,-0.25000,0.000000,23
10.600000,42.50000,-0.25000,0.000000,24
10.600000,43.50000,-0.25000,0.000000,25
10.600000,44.50000,-0.25000,0.000000,26
10.600000,45.50000,-0.25000,0.000000,27
10.600000,46.50000,-0.25000,0.000000,28
10.600000,47.50000,-0.25000,0.000000,29
10.600000,48.50000,-0.25000,0.000000,30
10.700000,18.47613,2.47361,-0.615239,0
10.700000,19.50000,1.75000,-0.244979,1
10.700000,20.50000,1.50000,-0.463648,2
10.700000,21.50000,1.00000,-0.463648,3
10.700000,22.50000,0.50000,-0.463648,4
10.700000,23.50000,0.00000,-0.244979,5
10.700000,24.50000,-0.25000,-0.463648,6
10.700000,25.50000,-0.75000,-0.463648,7
10.700000,26.50000,-1.25000,-0.244979,8
10.700000,27.50000,-1.50000,0.000000,9
10.700000,28.50000,-1.50000,0.000000,10
10.700000,29.50000,-1.50000,0.000000,11
10.700000,30.50000,-1.50000,0.244979,12
10.700000,31.50000,-1.25000,0.463648,13
10.700000,32.50000,-0.75000,0.244979,14
10.700000,33.50000,-0.50000,0.244979,15
10.700000,34.50000,-0.25000,0.000000,16
10.700000,35.50000,-0.25000,0.000000,17
10.700000,36.50000,-0.25000,0.000000,18
10.700000,37.50000,-0.25000,0.000000,19
10.700000,38.50000,-0.25000,0.000000,20
10.700000,39.50000,-0.25000,0.000000,21
10.700000,40.50000,-0.25000,0.000000,22
10.700000,41.50000,-0.25000,0.000000,23
10.700000,42.50000,-0.25000,0.000000,24
10.700000,43.50000,-0.25000,0.000000,25
10.700000,44.50000,-0.25000,0.000000,26
10.700000,45.50000,-0.25000,0.000000,27
10.700000,46.50000,-0.25000,0.000000,28
10.700000,47.50000,-0.25000,0.000000,29
10.700000,48.50000,-0.25000,0.000000,30
10.804000,18.74676,2.49211,-0.777956,0
10.804000,19.50000,1.75000,-0.244979,1
10.804000,20.50000,1.50000,-0.463648,2
10.804000,21.50000,1.00000,-0.463648,3
10.804000,22.50000,0.50000,-0.463648,4
10.804000,23.50000,0.00000,-0.244979,5
10.804000,24.50000,-0.25000,-0.463648,6
10.804000,25.50000,-0.75000,-0.463648,7
10.804000,26.50000,-1.25000,-0.244979,8
10.804000,27.50000,-1.50000,0.000000,9
10.804000,28.50000,-1.50000,0.000000,10
10.804000,29.50000,-1.50000,0.000000,11
10.804000,30.50000,-1.50000,0.244979,12
10.804000,31.50000,-1.25000,0.463648,13
10.804000,32.50000,-0.75000,0.244979,14
10.804000,33.50000,-0.50000,0.244979,15
10.804000,34.50000,-0.25000,0.000000,16
10.804000,35.50000,-0.25000,0.000000,17
10.804000,36.50000,-0.25000,0.000000,18
10.804000,37.50000,-0.25000,0.000000,19
10.804000,38.50000,-0.25000,0.000000,20
10.804000,39.50000,-0.25000,0.000000,21
10.804000,40.50000,-0.25000,0.000000,22
10.804000,41.50000,-0.25000,0.000000,23
10.804000,42.50000,-0.25000,0.000000,24
10.804000,43.50000,-0.25000,0.000000,25
10.804000,44.50000,-0.25000,0.000000,26
10.804000,45.50000,-0.25000,0.000000,27
10.804000,46.50000,-0.25000,0.000000,28
10.804000,47.50000,-0.25000,0.000000,29
10.804000,48.50000,-0.25000,0.000000,30
10.900000,18.91509,2.48996,-0.598572,0
10.900000,20.00000,1.75000,-0.463648,1
10.900000,21.00000,1.25000,-0.463648,2
10.900000,22.00000,0.75000,-0.463648,3
10.900000,23.00000,0.25000,-0.244979,4
10.900000,24.00000,0.00000,-0.244979,5
10.900000,25.00000,-0.25000,-0.463648,6
10.900000,26.00000,-0.75000,-0.463648,7
10.900000,27.00000,-1.25000,-0.244979,8
10.900000,28.00000,-1.50000,0.000000,9
10.900000,29.00000,-1.50000,0.000000,10
10.900000,30.00000,-1.50000,0.000000,11
10.900000,31.00000,-1.50000,0.463648,12
10.900000,32.00000,-1.00000,0.244979,13
10.900000,33.00000,-0.75000,0.244979,14
10.900000,34.00000,-0.50000,0.244979,15
10.900000,35.00000,-0.25000,0.000000,16
10.900000,36.00000,-0.25000,0.000000,17
10.900000,37.00000,-0.25000,0.000000,18
10.900000,38.00000,-0.25000,0.000000,19
10.900000,39.00000,-0.25000,0.000000,20
10.900000,40.00000,-0.25000,0.000000,21
10.900000,41.00000,-0.25000,0.000000,22
10.900000,42.00000,-0.25000,0.000000,23
10.900000,43.00000,-0.25000,0.000000,24
10.900000,44.00000,-0.25000,0.000000,25
10.900000,45.00000,-0.25000,0.000000,26
10.900000,46.00000,-0.25000,0.000000,27
10.900000,47.00000,-0.25000,-0.244979,28
10.900000,48.00000,-0.50000,0.000000,29
10.900000,49.00000,-0.50000,0.000000,30
11.002000,19.13901,2.48006,-0.703290,0
11.002000,20.00000,1.75000,-0.463648,1
11.002000,21.00000,1.25000,-0.463648,2
11.002000,22.00000,0.75000,-0.463648,3
11.002000,23.00000,0.25000,-0.244979,4
11.002000,24.00000,0.00000,-0.244979,5
11.002000,25.00000,-0.25000,-0.463648,6
11.002000,26.00000,-0.75000,-0.463648,7
11.002000,27.00000,-1.25000,-0.244979,8
11.002000,28.00000,-1.50000,0.000000,9
11.002000,29.00000,-1.50000,0.000000,10
11.002000,30.00000,-1.50000,0.000000,11
11.002000,31.00000,-1.50000,0.463648,12
11.002000,32.00000,-1.00000,0.244979,13
11.002000,33.00000,-0.75000,0.244979,14
11.002000,34.00000,-0.50000,0.244979,15
11.002000,35.00000,-0.25000,0.000000,16
11.002000,36.00000,-0.25000,0.000000,17
11.002000,37.00000,-0.25000,0.000000,18
11.002000,38.00000,-0.25000,0.000000,19
11.002000,39.00000,-0.25000,0.000000,20
11.002000,40.00000,-0.25000,0.000000,21
11.002000,41.00000,-0.25000,0.000000,22
11.002000,42.00000,-0.25000,0.000000,23
11.002000,43.00000,-0.25000,0.000000,24
11.002000,44.00000,-0.25000,0.000000,25
11.002000,45.00000,-0.25000,0.000000,26
11.002000,46.00000,-0.25000,0.000000,27
11.002000,47.00000,-0.25000,-0.244979,28
11.002000,48.00000,-0.50000,0.000000,29
11.002000,49.00000,-0.50000,0.000000,30
11.102000,19.30618,2.48772,-0.553513,0
11.102000,20.50000,1.75000,-0.463648,1
11.102000,21.50000,1.25000,-0.463648,2
11.102000,22.50000,0.75000,-0.463648,3
11.102000,23.50000,0.25000,-0.244979,4
11.102000,24.50000,0.00000,-0.463648,5
11.102000,25.50000,-0.50000,-0.463648,6
11.102000,26.50000,-1.00000,-0.244979,7
11.102000,27.50000,-1.25000,-0.244979,8
11.102000,28.50000,-1.50000,0.000000,9
11.102000,29.50000,-1.50000,0.000000,10
11.102000,30.50000,-1.50000,0.244979,11
11.102000,31.50000,-1.25000,0.463648,12
11.102000,32.50000,-0.75000,0.244979,13
11.102000,33.50000,-0.50000,0.244979,14
11.102000,34.50000,-0.25000,0.000000,15
11.102000,35.50000,-0.25000,0.000000,16
11.102000,36.50000,-0.25000,0.000000,17
11.102000,37.50000,-0.25000,0.000000,18
11.102000,38.50000,-0.25000,0.000000,19
11.102000,39.50000,-0.25000,0.000000,20
11.102000,40.50000,-0.25000,0.000000,21
11.102000,41.50000,-0.25000,0.000000,22
11.102000,42.50000,-0.25000,0.000000,23
11.102000,43.50000,-0.25000,0.000000,24
11.102000,44.50000,-0.25000,0.000000,25
11.102000,45.50000,-0.25000,0.000000,26
11.102000,46.50000,-0.25000,0.000000,27
11.102000,47.50000,-0.25000,-0.244979,28
11.102000,48.50000,-0.50000,0.000000,29
11.102000,49.50000,-0.50000,0.000000,30
11.202000,19.43143,2.44807,-0.578678,0
11.202000,20.50000,1.75000,-0.643501,1
11.202000,21.50000,1.00000,-0.463648,2
11.202000,22.50000,0.50000,-0.463648,3
11.202000,23.50000,0.00000,-0.244979,4
11.202000,24.50000,-0.25000,-0.463648,5
11.202000,25.50000,-0.75000,-0.463648,6
11.202000,26.50000,-1.25000,-0.244979,7
11.202000,27.50000,-1.50000,0.000000,8
11.202000,28.50000,-1.50000,0.000000,9
11.202000,29.50000,-1.50000,0.000000,10
11.202000,30.50000,-1.50000,0.244979,11
11.202000,31.50000,-1.25000,0.244979,12
11.202000,32.50000,-1.00000,0.244979,13
11.202000,33.50000,-0.75000,0.244979,14
11.202000,34.50000,-0.50000,0.000000,15
11.202000,35.50000,-0.50000,0.000000,16
11.202000,36.50000,-0.50000,0.000000,17
11.202000,37.50000,-0.50000,0.000000,18
11.202000,38.50000,-0.50000,0.000000,19
11.202000,39.50000,-0.50000,0.000000,20
11.202000,40.50000,-0.50000,0.000000,21
11.202000,41.50000,-0.50000,0.000000,22
11.202000,42.50000,-0.50000,0.000000,23
11.202000,43.50000,-0.50000,0.000000,24
11.202000,44.50000,-0.50000,0.000000,25
11.202000,45.50000,-0.50000,0.000000,26
11.202000,46.50000,-0.50000,0.000000,27
11.202000,47.50000,-0.50000,0.000000,28
11.202000,48.50000,-0.50000,0.000000,29
11.202000,49.50000,-0.50000,0.000000,30
11.302000,19.59200,2.41634,-0.633087,0
11.302000,20.50000,1.75000,-0.643501,1
11.302000,21.50000,1.00000,-0.463648,2
11.302000,22.50000,0.50000,-0.463648,3
11.302000,23.50000,0.00000,-0.244979,4
11.302000,24.50000,-0.25000,-0.463648,5
11.302000,25.50000,-0.75000,-0.463648,6
11.302000,26.50000,-1.25000,-0.244979,7
11.302000,27.50000,-1.50000,0.000000,8
11.302000,28.50000,-1.50000,0.000000,9
11.302000,29.50000,-1.50000,0.000000,10
11.302000,30.50000,-1.50000,0.244979,11
11.302000,31.50000,-1.25000,0.244979,12
11.302000,32.50000,-1.00000,0.244979,13
11.302000,33.50000,-0.75000,0.244979,14
11.302000,34.50000,-0.50000,0.000000,15
11.302000,35.50000,-0.50000,0.000000,16
11.302000,36.50000,-0.50000,0.000000,17
11.302000,37.50000,-0.50000,0.000000,18
11.302000,38.50000,-0.50000,0.000000,19
11.302000,39.50000,-0.50000,0.000000,20
11.302000,40.50000,-0.50000,0.000000,21
11.302000,41.50000,-0.50000,0.000000,22
11.302000,42.50000,-0.50000,0.000000,23
11.302000,43.50000,-0.50000,0.000000,24
11.302000,44.50000,-0.50000,0.000000,25
11.302000,45.50000,-0.50000,0.000000,26
11.302000,46.50000,-0.50000,0.000000,27
11.302000,47.50000,-0.50000,0.000000,28
11.302000,48.50000,-0.50000,-0.244979,29
11.302000,49.50000,-0.75000,-0.244979,30
11.400000,19.79434,2.38940,-0.635571,0
11.400000,21.00000,1.50000,-0.463648,1
11.400000,22.00000,1.00000,-0.463648,2
11.400000,23.00000,0.50000,-0.463648,3
11.400000,24.00000,0.00000,-0.244979,4
11.400000,25.00000,-0.25000,-0.463648,5
11.400000,26.00000,-0.75000,-0.463648,6
11.400000,27.00000,-1.25000,-0.244979,7
11.400000,28.00000,-1.50000,0.000000,8
11.400000,29.00000,-1.50000,0.000000,9
11.400000,30.00000,-1.50000,0.000000,10
11.400000,31.00000,-1.50000,0.463648,11
11.400000,32.00000,-1.00000,0.244979,12
11.400000,33.00000,-0.75000,0.244979,13
11.400000,34.00000,-0.50000,0.244979,14
11.400000,35.00000,-0.25000,0.000000,15
11.400000,36.00000,-0.25000,0.000000,16
11.400000,37.00000,-0.25000,0.000000,17
11.400000,38.00000,-0.25000,0.000000,18
11.400000,39.00000,-0.25000,0.000000,19
11.400000,40.00000,-0.25000,0.000000,20
11.400000,41.00000,-0.25000,0.000000,21
11.400000,42.00000,-0.25000,0.000000,22
11.400000,43.00000,-0.25000,0.000000,23
11.400000,44.00000,-0.25000,0.000000,24
11.400000,45.00000,-0.25000,0.000000,25
11.400000,46.00000,-0.25000,0.000000,26
11.400000,47.00000,-0.25000,-0.244979,27
11.400000,48.00000,-0.50000,-0.244979,28
11.400000,49.00000,-0.75000,0.000000,29
11.400000,50.00000,-0.75000,0.000000,30
11.500000,19.85477,2.34582,-0.636140,0
11.500000,21.00000,1.50000,-0.463648,1
11.500000,22.00000,1.00000,-0.463648,2
11.500000,23.00000,0.50000,-0.463648,3
11.500000,24.00000,0.00000,-0.244979,4
11.500000,25.00000,-0.25000,-0.463648,5
11.500000,26.00000,-0.75000,-0.463648,6
11.500000,27.00000,-1.25000,-0.244979,7
11.500000,28.00000,-1.50000,0.000000,8
11.500000,29.00000,-1.50000,0.000000,9
11.500000,30.00000,-1.50000,0.000000,10
11.500000,31.00000,-1.50000,0.463648,11
11.500000,32.00000,-1.00000,0.244979,12
11.500000,33.00000,-0.75000,0.244979,13
11.500000,34.00000,-0.50000,0.244979,14
11.500000,35.00000,-0.25000,0.000000,15
11.500000,36.00000,-0.25000,0.000000,16
11.500000,37.00000,-0.25000,0.000000,17
11.500000,38.00000,-0.25000,0.000000,18
11.500000,39.00000,-0.25000,0.000000,19
11.500000,40.00000,-0.25000,0.000000,20
11.500000,41.00000,-0.25000,0.000000,21
11.500000,42.00000,-0.25000,0.000000,22
11.500000,43.00000,-0.25000,0.000000,23
11.500000,44.00000,-0.25000,0.000000,24
11.500000,45.00000,-0.25000,0.000000,25
11.500000,46.00000,-0.25000,0.000000,26
11.500000,47.00000,-0.25000,-0.244979,27
11.500000,48.00000,-0.50000,-0.244979,28
11.500000,49.00000,-0.75000,0.000000,29
11.500000,50.00000,-0.75000,0.000000,30
11.600000,19.96351,2.31106,-0.663982,0
11.600000,21.00000,1.50000,-0.463648,1
11.600000,22.00000,1.00000,-0.463648,2
11.600000,23.00000,0.50000,-0.463648,3
11.600000,24.00000,0.00000,-0.244979,4
11.600000,25.00000,-0.25000,-0.463648,5
11.600000,26.00000,-0.75000,-0.463648,6
11.600000,27.00000,-1.25000,-0.244979,7
11.600000,28.00000,-1.50000,0.000000,8
11.600000,29.00000,-1.50000,0.000000,9
11.600000,30.00000,-1.50000,0.000000,10
11.600000,31.00000,-1.50000,0.463648,11
11.600000,32.00000,-1.00000,0.244979,12
11.600000,33.00000,-0.75000,0.244979,13
11.600000,34.00000,-0.50000,0.244979,14
11.600000,35.00000,-0.25000,0.000000,15
11.600000,36.00000,-0.25000,0.000000,16
11.600000,37.00000,-0.25000,0.000000,17
11.600000,38.00000,-0.25000,0.000000,18
11.600000,39.00000,-0.25000,0.000000,19
11.600000,40.00000,-0.25000,0.000000,20
11.600000,41.00000,-0.25000,0.000000,21
11.600000,42.00000,-0.25000,0.000000,22
11.600000,43.00000,-0.25000,0.000000,23
11.600000,44.00000,-0.25000,0.000000,24
11.600000,45.00000,-0.25000,0.000000,25
11.600000,46.00000,-0.25000,0.000000,26
11.600000,47.00000,-0.25000,-0.244979,27
11.600000,48.00000,-0.50000,-0.244979,28
11.600000,49.00000,-0.75000,0.000000,29
11.600000,50.00000,-0.75000,0.000000,30
11.700000,20.06715,2.25978,-0.683501,0
11.700000,21.00000,1.50000,-0.463648,1
11.700000,22.00000,1.00000,-0.463648,2
11.700000,23.00000,0.50000,-0.463648,3
11.700000,24.00000,0.00000,-0.244979,4
11.700000,25.00000,-0.25000,-0.463648,5
11.700000,26.00000,-0.75000,-0.463648,6
11.700000,27.00000,-1.25000,-0.244979,7
11.700000,28.00000,-1.50000,0.000000,8
11.700000,29.00000,-1.50000,0.000000,9
11.700000,30.00000,-1.50000,0.000000,10
11.700000,31.00000,-1.50000,0.463648,11
11.700000,32.00000,-1.00000,0.244979,12
11.700000,33.00000,-0.75000,0.244979,13
11.700000,34.00000,-0.50000,0.244979,14
11.700000,35.00000,-0.25000,0.000000,15
11.700000,36.00000,-0.25000,0.000000,16
11.700000,37.00000,-0.25000,0.000000,17
11.700000,38.00000,-0.25000,0.000000,18
11.700000,39.00000,-0.25000,0.000000,19
11.700000,40.00000,-0.25000,0.000000,20
11.700000,41.00000,-0.25000,0.000000,21
11.700000,42.00000,-0.25000,0.000000,22
11.700000,43.00000,-0.25000,0.000000,23
11.700000,44.00000,-0.25000,0.000000,24
11.700000,45.00000,-0.25000,0.000000,25
11.700000,46.00000,-0.25000,0.000000,26
11.700000,47.00000,-0.25000,-0.244979,27
11.700000,48.00000,-0.50000,-0.244979,28
11.700000,49.00000,-0.75000,0.000000,29
11.700000,50.00000,-0.75000,0.000000,30
11.800000,20.15485,2.21520,-0.702309,0
11.800000,21.00000,1.50000,-0.463648,1
11.800000,22.00000,1.00000,-0.463648,2
11.800000,23.00000,0.50000,-0.463648,3
11.800000,24.00000,0.00000,-0.244979,4
11.800000,25.00000,-0.25000,-0.463648,5
11.800000,26.00000,-0.75000,-0.463648,6
11.800000,27.00000,-1.25000,-0.244979,7
11.800000,28.00000,-1.50000,0.000000,8
11.800000,29.00000,-1.50000,0.000000,9
11.800000,30.00000,-1.50000,0.000000,10
11.800000,31.00000,-1.50000,0.463648,11
11.800000,32.00000,-1.00000,0.244979,12
11.800000,33.00000,-0.75000,0.244979,13
11.800000,34.00000,-0.50000,0.244979,14
11.800000,35.00000,-0.25000,0.000000,15
11.800000,36.00000,-0.25000,0.000000,16
11.800000,37.00000,-0.25000,0.000000,17
11.800000,38.00000,-0.25000,0.000000,18
11.800000,39.00000,-0.25000,0.000000,19
11.800000,40.00000,-0.25000,0.000000,20
11.800000,41.00000,-0.25000,0.000000,21
11.800000,42.00000,-0.25000,0.000000,22
11.800000,43.00000,-0.25000,0.000000,23
11.800000,44.00000,-0.25000,0.000000,24
11.800000,45.00000,-0.25000,0.000000,25
11.800000,46.00000,-0.25000,0.000000,26
11.800000,47.00000,-0.25000,-0.244979,27
11.800000,48.00000,-0.50000,-0.244979,28
11.800000,49.00000,-0.75000,0.000000,29
11.800000,50.00000,-0.75000,0.000000,30
11.900000,20.23460,2.20839,-0.746740,0
11.900000,21.00000,1.50000,-0.463648,1
11.900000,22.00000,1.00000,-0.463648,2
11.900000,23.00000,0.50000,-0.463648,3
11.900000,24.00000,0.00000,-0.244979,4
11.900000,25.00000,-0.25000,-0.463648,5
11.900000,26.00000,-0.75000,-0.463648,6
11.900000,27.00000,-1.25000,-0.244979,7
11.900000,28.00000,-1.50000,0.000000,8
11.900000,29.00000,-1.50000,0.000000,9
11.900000,30.00000,-1.50000,0.000000,10
11.900000,31.00000,-1.50000,0.463648,11
11.900000,32.00000,-1.00000,0.244979,12
11.900000,33.00000,-0.75000,0.244979,13
11.900000,34.00000,-0.50000,0.244979,14
11.900000,35.00000,-0.25000,0.000000,15
11.900000,36.00000,-0.25000,0.000000,16
11.900000,37.00000,-0.25000,0.000000,17
11.900000,38.00000,-0.25000,0.000000,18
11.900000,39.00000,-0.25000,0.000000,19
11.900000,40.00000,-0.25000,0.000000,20
11.900000,41.00000,-0.25000,0.000000,21
11.900000,42.00000,-0.25000,0.000000,22
11.900000,43.00000,-0.25000,0.000000,23
11.900000,44.00000,-0.25000,0.000000,24
11.900000,45.00000,-0.25000,0.000000,25
11.900000,46.00000,-0.25000,0.000000,26
11.900000,47.00000,-0.25000,-0.244979,27
11.900000,48.00000,-0.50000,-0.244979,28
11.900000,49.00000,-0.75000,0.000000,29
11.900000,50.00000,-0.75000,0.000000,30
12.000000,20.30562,2.17834,-0.516516,0
12.000000,21.50000,1.50000,-0.463648,1
12.000000,22.50000,1.00000,-0.463648,2
12.000000,23.50000,0.50000,-0.463648,3
12.000000,24.50000,0.00000,-0.463648,4
12.000000,25.50000,-0.50000,-0.463648,5
12.000000,26.50000,-1.00000,-0.244979,6
12.000000,27.50000,-1.25000,-0.244979,7
12.000000,28.50000,-1.50000,0.000000,8
12.000000,29.50000,-1.50000,0.000000,9
12.000000,30.50000,-1.50000,0.244979,10
12.000000,31.50000,-1.25000,0.463648,11
12.000000,32.50000,-0.75000,0.244979,12
12.000000,33.50000,-0.50000,0.244979,13
12.000000,34.50000,-0.25000,0.000000,14
12.000000,35.50000,-0.25000,0.000000,15
12.000000,36.50000,-0.25000,0.000000,16
12.000000,37.50000,-0.25000,0.000000,17
12.000000,38.50000,-0.25000,0.000000,18
12.000000,39.50000,-0.25000,0.000000,19
12.000000,40.50000,-0.25000,0.000000,20
12.000000,41.50000,-0.25000,0.000000,21
12.000000,42.50000,-0.25000,0.000000,22
12.000000,43.50000,-0.25000,0.000000,23
12.000000,44.50000,-0.25000,0.000000,24
12.000000,45.50000,-0.25000,0.000000,25
12.000000,46.50000,-0.25000,0.000000,26
12.000000,47.50000,-0.25000,-0.244979,27
12.000000,48.50000,-0.50000,-0.244979,28
12.000000,49.50000,-0.75000,0.008536,29
12.000000,50.52490,-0.74125,0.008536,30
12.100000,20.36127,2.12039,-0.652620,0
12.100000,21.50000,1.25000,-0.463648,1
12.100000,22.50000,0.75000,-0.463648,2
12.100000,23.50000,0.25000,-0.463648,3
12.100000,24.50000,-0.25000,-0.463648,4
12.100000,25.50000,-0.75000,-0.463648,5
12.100000,26.50000,-1.25000,-0.244979,6
12.100000,27.50000,-1.50000,0.000000,7
12.100000,28.50000,-1.50000,0.000000,8
12.100000,29.50000,-1.50000,0.000000,9
12.100000,30.50000,-1.50000,0.244979,10
12.100000,31.50000,-1.25000,0.244979,11
12.100000,32.50000,-1.00000,0.244979,12
12.100000,33.50000,-0.75000,0.244979,13
12.100000,34.50000,-0.50000,0.000000,14
12.100000,35.50000,-0.50000,0.000000,15
12.100000,36.50000,-0.50000,0.000000,16
12.100000,37.50000,-0.50000,0.000000,17
12.100000,38.50000,-0.50000,0.000000,18
12.100000,39.50000,-0.50000,0.000000,19
12.100000,40.50000,-0.50000,0.000000,20
12.100000,41.50000,-0.50000,0.000000,21
12.100000,42.50000,-0.50000,0.000000,22
12.100000,43.50000,-0.50000,0.000000,23
12.100000,44.50000,-0.50000,0.000000,24
12.100000,45.50000,-0.50000,0.000000,25
12.100000,46.50000,-0.50000,0.000000,26
12.100000,47.50000,-0.50000,0.000000,27
12.100000,48.50000,-0.50000,-0.244979,28
12.100000,49.50000,-0.75000,-0.229254,29
12.100000,50.53323,-0.99111,-0.229254,30
12.200000,20.42794,2.08737,-0.663102,0
12.200000,21.50000,1.25000,-0.463648,1
12.200000,22.50000,0.75000,-0.463648,2
12.200000,23.50000,0.25000,-0.463648,3
12.200000,24.50000,-0.25000,-0.463648,4
12.200000,25.50000,-0.75000,-0.463648,5
12.200000,26.50000,-1.25000,-0.244979,6
12.200000,27.50000,-1.50000,0.000000,7
12.200000,28.50000,-1.50000,0.000000,8
12.200000,29.50000,-1.50000,0.000000,9
12.200000,30.50000,-1.50000,0.244979,10
12.200000,31.50000,-1.25000,0.463648,11
12.200000,32.50000,-0.75000,0.244979,12
12.200000,33.50000,-0.50000,0.244979,13
12.200000,34.50000,-0.25000,0.000000,14
12.200000,35.50000,-0.25000,0.000000,15
12.200000,36.50000,-0.25000,0.000000,16
12.200000,37.50000,-0.25000,0.000000,17
12.200000,38.50000,-0.25000,0.000000,18
12.200000,39.50000,-0.25000,0.000000,19
12.200000,40.50000,-0.25000,0.000000,20
12.200000,41.50000,-0.25000,0.000000,21
12.200000,42.50000,-0.25000,0.000000,22
12.200000,43.50000,-0.25000,0.000000,23
12.200000,44.50000,-0.25000,0.000000,24
12.200000,45.50000,-0.25000,0.000000,25
12.200000,46.50000,-0.25000,0.000000,26
12.200000,47.50000,-0.25000,-0.244979,27
12.200000,48.50000,-0.50000,-0.244979,28
12.200000,49.50000,-0.75000,0.008536,29
12.200000,50.52490,-0.74125,0.008536,30
12.300000,20.51300,2.03370,-0.671085,0
12.300000,21.50000,1.25000,-0.463648,1
12.300000,22.50000,0.75000,-0.463648,2
12.300000,23.50000,0.25000,-0.463648,3
12.300000,24.50000,-0.25000,-0.463648,4
12.300000,25.50000,-0.75000,-0.463648,5
12.300000,26.50000,-1.25000,-0.244979,6
12.300000,27.50000,-1.50000,0.000000,7
12.300000,28.50000,-1.50000,0.000000,8
12.300000,29.50000,-1.50000,0.000000,9
12.300000,30.50000,-1.50000,0.244979,10
12.300000,31.50000,-1.25000,0.463648,11
12.300000,32.50000,-0.75000,0.244979,12
12.300000,33.50000,-0.50000,0.244979,13
12.300000,34.50000,-0.25000,0.000000,14
12.300000,35.50000,-0.25000,0.000000,15
12.300000,36.50000,-0.25000,0.000000,16
12.300000,37.50000,-0.25000,0.000000,17
12.300000,38.50000,-0.25000,0.000000,18
12.300000,39.50000,-0.25000,0.000000,19
12.300000,40.50000,-0.25000,0.000000,20
12.300000,41.50000,-0.25000,0.000000,21
12.300000,42.50000,-0.25000,0.000000,22
12.300000,43.50000,-0.25000,0.000000,23
12.300000,44.50000,-0.25000,0.000000,24
12.300000,45.50000,-0.25000,0.000000,25
12.300000,46.50000,-0.25000,0.000000,26
12.300000,47.50000,-0.25000,-0.244979,27
12.300000,48.50000,-0.50000,-0.244979,28
12.300000,49.50000,-0.75000,0.008536,29
12.300000,50.52490,-0.74125,0.008536,30
12.400000,20.54109,2.01081,-0.670706,0
12.400000,21.50000,1.25000,-0.463648,1
12.400000,22.50000,0.75000,-0.463648,2
12.400000,23.50000,0.25000,-0.463648,3
12.400000,24.50000,-0.25000,-0.463648,4
12.400000,25.50000,-0.75000,-0.463648,5
12.400000,26.50000,-1.25000,-0.244979,6
12.400000,27.50000,-1.50000,0.000000,7
12.400000,28.50000,-1.50000,0.000000,8
12.400000,29.50000,-1.50000,0.000000,9
12.400000,30.50000,-1.50000,0.244979,10
12.400000,31.50000,-1.25000,0.244979,11
12.400000,32.50000,-1.00000,0.244979,12
12.400000,33.50000,-0.75000,0.244979,13
12.400000,34.50000,-0.50000,0.000000,14
12.400000,35.50000,-0.50000,0.000000,15
12.400000,36.50000,-0.50000,0.000000,16
12.400000,37.50000,-0.50000,0.000000,17
12.400000,38.50000,-0.50000,0.000000,18
12.400000,39.50000,-0.50000,0.000000,19
12.400000,40.50000,-0.50000,0.000000,20
12.400000,41.50000,-0.50000,0.000000,21
12.400000,42.50000,-0.50000,0.000000,22
12.400000,43.50000,-0.50000,0.000000,23
12.400000,44.50000,-0.50000,0.000000,24
12.400000,45.50000,-0.50000,0.000000,25
12.400000,46.50000,-0.50000,0.000000,26
12.400000,47.50000,-0.50000,-0.244979,27
12.400000,48.50000,-0.75000,0.000000,28
12.400000,49.50000,-0.75000,-0.229254,29
12.400000,50.53323,-0.99111,-0.229254,30
12.500000,20.62181,1.96333,-0.682183,0
12.500000,21.50000,1.25000,-0.463648,1
12.500000,22.50000,0.75000,-0.463648,2
12.500000,23.50000,0.25000,-0.463648,3
12.500000,24.50000,-0.25000,-0.463648,4
12.500000,25.50000,-0.75000,-0.463648,5
12.500000,26.50000,-1.25000,-0.244979,6
12.500000,27.50000,-1.50000,0.000000,7
12.500000,28.50000,-1.50000,0.000000,8
12.500000,29.50000,-1.50000,0.000000,9
12.500000,30.50000,-1.50000,0.244979,10
12.500000,31.50000,-1.25000,0.463648,11
12.500000,32.50000,-0.75000,0.244979,12
12.500000,33.50000,-0.50000,0.244979,13
12.500000,34.50000,-0.25000,0.000000,14
12.500000,35.50000,-0.25000,0.000000,15
12.500000,36.50000,-0.25000,0.000000,16
12.500000,37.50000,-0.25000,0.000000,17
12.500000,38.50000,-0.25000,0.000000,18
12.500000,39.50000,-0.25000,0.000000,19
12.500000,40.50000,-0.25000,0.000000,20
12.500000,41.50000,-0.25000,0.000000,21
12.500000,42.50000,-0.25000,0.000000,22
12.500000,43.50000,-0.25000,0.000000,23
12.500000,44.50000,-0.25000,0.000000,24
12.500000,45.50000,-0.25000,0.000000,25
12.500000,46.50000,-0.25000,0.000000,26
12.500000,47.50000,-0.25000,-0.244979,27
12.500000,48.50000,-0.50000,-0.244979,28
12.500000,49.50000,-0.75000,0.008536,29
12.500000,50.52490,-0.74125,0.008536,30
12.600000,20.70308,1.90163,-0.685435,0
12.600000,21.50000,1.25000,-0.463648,1
12.600000,22.50000,0.75000,-0.463648,2
12.600000,23.50000,0.25000,-0.463648,3
12.600000,24.50000,-0.25000,-0.463648,4
12.600000,25.50000,-0.75000,-0.463648,5
12.600000,26.50000,-1.25000,-0.244979,6
12.600000,27.50000,-1.50000,0.000000,7
12.600000,28.50000,-1.50000,0.000000,8
12.600000,29.50000,-1.50000,0.000000,9
12.600000,30.50000,-1.50000,0.244979,10
12.600000,31.50000,-1.25000,0.244979,11
12.600000,32.50000,-1.00000,0.244979,12
12.600000,33.50000,-0.75000,0.244979,13
12.600000,34.50000,-0.50000,0.000000,14
12.600000,35.50000,-0.50000,0.000000,15
12.600000,36.50000,-0.50000,0.000000,16
12.600000,37.50000,-0.50000,0.000000,17
12.600000,38.50000,-0.50000,0.000000,18
12.600000,39.50000,-0.50000,0.000000,19
12.600000,40.50000,-0.50000,0.000000,20
12.600000,41.50000,-0.50000,0.000000,21
12.600000,42.50000,-0.50000,0.000000,22
12.600000,43.50000,-0.50000,0.000000,23
12.600000,44.50000,-0.50000,0.000000,24
12.600000,45.50000,-0.50000,0.000000,25
12.600000,46.50000,-0.50000,0.000000,26
12.600000,47.50000,-0.50000,-0.244979,27
12.600000,48.50000,-0.75000,0.000000,28
12.600000,49.50000,-0.75000,-0.229254,29
12.600000,50.53323,-0.99111,-0.229254,30
12.700000,20.75410,1.84657,-0.596828,0
12.700000,22.00000,1.00000,-0.463648,1
12.700000,23.00000,0.50000,-0.463648,2
12.700000,24.00000,0.00000,-0.244979,3
12.700000,25.00000,-0.25000,-0.463648,4
12.700000,26.00000,-0.75000,-0.463648,5
12.700000,27.00000,-1.25000,-0.244979,6
12.700000,28.00000,-1.50000,0.000000,7
12.700000,29.00000,-1.50000,0.000000,8
12.700000,30.00000,-1.50000,0.000000,9
12.700000,31.00000,-1.50000,0.463648,10
12.700000,32.00000,-1.00000,0.244979,11
12.700000,33.00000,-0.75000,0.244979,12
12.700000,34.00000,-0.50000,0.244979,13
12.700000,35.00000,-0.25000,0.000000,14
12.700000,36.00000,-0.25000,0.000000,15
12.700000,37.00000,-0.25000,0.000000,16
12.700000,38.00000,-0.25000,0.000000,17
12.700000,39.00000,-0.25000,0.000000,18
12.700000,40.00000,-0.25000,0.000000,19
12.700000,41.00000,-0.25000,0.000000,20
12.700000,42.00000,-0.25000,0.000000,21
12.700000,43.00000,-0.25000,0.000000,22
12.700000,44.00000,-0.25000,0.000000,23
12.700000,45.00000,-0.25000,0.000000,24
12.700000,46.00000,-0.25000,0.000000,25
12.700000,47.00000,-0.25000,0.000000,26
12.700000,48.00000,-0.25000,0.000000,27
12.700000,49.00000,-0.25000,0.000000,28
12.700000,50.00000,-0.25000,0.033333,29
12.700000,51.01591,-0.21612,0.033333,30
12.800000,20.82744,1.76804,-0.579891,0
12.800000,22.00000,1.00000,-0.463648,1
12.800000,23.00000,0.50000,-0.463648,2
12.800000,24.00000,0.00000,-0.244979,3
12.800000,25.00000,-0.25000,-0.463648,4
12.800000,26.00000,-0.75000,-0.463648,5
12.800000,27.00000,-1.25000,-0.244979,6
12.800000,28.00000,-1.50000,0.000000,7
12.800000,29.00000,-1.50000,0.000000,8
12.800000,30.00000,-1.50000,0.000000,9
12.800000,31.00000,-1.50000,0.463648,10
12.800000,32.00000,-1.00000,0.244979,11
12.800000,33.00000,-0.75000,0.244979,12
12.800000,34.00000,-0.50000,0.244979,13
12.800000,35.00000,-0.25000,0.000000,14
12.800000,36.00000,-0.25000,0.000000,15
12.800000,37.00000,-0.25000,0.000000,16
12.800000,38.00000,-0.25000,0.000000,17
12.800000,39.00000,-0.25000,0.000000,18
12.800000,40.00000,-0.25000,0.000000,19
12.800000,41.00000,-0.25000,0.000000,20
12.800000,42.00000,-0.25000,0.000000,21
12.800000,43.00000,-0.25000,0.000000,22
12.800000,44.00000,-0.25000,0.000000,23
12.800000,45.00000,-0.25000,0.000000,24
12.800000,46.00000,-0.25000,0.000000,25
12.800000,47.00000,-0.25000,0.000000,26
12.800000,48.00000,-0.25000,0.000000,27
12.800000,49.00000,-0.25000,0.000000,28
12.800000,50.00000,-0.25000,0.033333,29
12.800000,51.01591,-0.21612,0.033333,30
12.900000,20.89006,1.71261,-0.570753,0
12.900000,22.00000,1.00000,-0.463648,1
12.900000,23.00000,0.50000,-0.463648,2
12.900000,24.00000,0.00000,-0.244979,3
12.900000,25.00000,-0.25000,-0.463648,4
12.900000,26.00000,-0.75000,-0.463648,5
12.900000,27.00000,-1.25000,-0.244979,6
12.900000,28.00000,-1.50000,0.000000,7
12.900000,29.00000,-1.50000,0.000000,8
12.900000,30.00000,-1.50000,0.000000,9
12.900000,31.00000,-1.50000,0.463648,10
12.900000,32.00000,-1.00000,0.244979,11
12.900000,33.00000,-0.75000,0.244979,12
12.900000,34.00000,-0.50000,0.244979,13
12.900000,35.00000,-0.25000,0.000000,14
12.900000,36.00000,-0.25000,0.000000,15
12.900000,37.00000,-0.25000,0.000000,16
12.900000,38.00000,-0.25000,0.000000,17
12.900000,39.00000,-0.25000,0.000000,18
12.900000,40.00000,-0.25000,0.000000,19
12.900000,41.00000,-0.25000,0.000000,20
12.900000,42.00000,-0.25000,0.000000,21
12.900000,43.00000,-0.25000,0.000000,22
12.900000,44.00000,-0.25000,0.000000,23
12.900000,45.00000,-0.25000,0.000000,24
12.900000,46.00000,-0.25000,0.000000,25
12.900000,47.00000,-0.25000,0.000000,26
12.900000,48.00000,-0.25000,0.000000,27
12.900000,49.00000,-0.25000,0.000000,28
12.900000,50.00000,-0.25000,0.033333,29
12.900000,51.01591,-0.21612,0.033333,30
13.000000,20.95958,1.62521,-0.699364,0
13.000000,22.00000,0.75000,-0.463648,1
13.000000,23.00000,0.25000,-0.244979,2
13.000000,24.00000,0.00000,-0.244979,3
13.000000,25.00000,-0.25000,-0.463648,4
13.000000,26.00000,-0.75000,-0.463648,5
13.000000,27.00000,-1.25000,-0.244979,6
13.000000,28.00000,-1.50000,0.000000,7
13.000000,29.00000,-1.50000,0.000000,8
13.000000,30.00000,-1.50000,0.000000,9
13.000000,31.00000,-1.50000,0.463648,10
13.000000,32.00000,-1.00000,0.244979,11
13.000000,33.00000,-0.75000,0.244979,12
13.000000,34.00000,-0.50000,0.244979,13
13.000000,35.00000,-0.25000,0.000000,14
13.000000,36.00000,-0.25000,0.000000,15
13.000000,37.00000,-0.25000,0.000000,16
13.000000,38.00000,-0.25000,0.000000,17
13.000000,39.00000,-0.25000,0.000000,18
13.000000,40.00000,-0.25000,0.000000,19
13.000000,41.00000,-0.25000,0.000000,20
13.000000,42.00000,-0.25000,0.000000,21
13.000000,43.00000,-0.25000,0.000000,22
13.000000,44.00000,-0.25000,0.000000,23
13.000000,45.00000,-0.25000,0.000000,24
13.000000,46.00000,-0.25000,0.000000,25
13.000000,47.00000,-0.25000,0.000000,26
13.000000,48.00000,-0.25000,0.000000,27
13.000000,49.00000,-0.25000,0.000000,28
13.000000,50.00000,-0.25000,0.033333,29
13.000000,51.01591,-0.21612,0.033333,30
13.100000,21.04202,1.51710,-0.675199,0
13.100000,22.00000,0.75000,-0.463648,1
13.100000,23.00000,0.25000,-0.244979,2
13.100000,24.00000,0.00000,-0.244979,3
13.100000,25.00000,-0.25000,-0.463648,4
13.100000,26.00000,-0.75000,-0.463648,5
13.100000,27.00000,-1.25000,-0.244979,6
13.100000,28.00000,-1.50000,0.000000,7
13.100000,29.00000,-1.50000,0.000000,8
13.100000,30.00000,-1.50000,0.000000,9
13.100000,31.00000,-1.50000,0.463648,10
13.100000,32.00000,-1.00000,0.244979,11
13.100000,33.00000,-0.75000,0.244979,12
13.100000,34.00000,-0.50000,0.244979,13
13.100000,35.00000,-0.25000,0.000000,14
13.100000,36.00000,-0.25000,0.000000,15
13.100000,37.00000,-0.25000,0.000000,16
13.100000,38.00000,-0.25000,0.000000,17
13.100000,39.00000,-0.25000,0.000000,18
13.100000,40.00000,-0.25000,0.000000,19
13.100000,41.00000,-0.25000,0.000000,20
13.100000,42.00000,-0.25000,0.000000,21
13.100000,43.00000,-0.25000,0.000000,22
13.100000,44.00000,-0.25000,0.000000,23
13.100000,45.00000,-0.25000,0.000000,24
13.100000,46.00000,-0.25000,0.000000,25
13.100000,47.00000,-0.25000,0.000000,26
13.100000,48.00000,-0.25000,0.000000,27
13.100000,49.00000,-0.25000,0.000000,28
13.100000,50.00000,-0.25000,0.033333,29
13.100000,51.01591,-0.21612,0.033333,30
13.200000,21.12097,1.42661,-0.656006,0
13.200000,22.00000,0.75000,-0.463648,1
13.200000,23.00000,0.25000,-0.244979,2
13.200000,24.00000,0.00000,-0.244979,3
13.200000,25.00000,-0.25000,-0.463648,4
13.200000,26.00000,-0.75000,-0.463648,5
13.200000,27.00000,-1.25000,-0.244979,6
13.200000,28.00000,-1.50000,0.000000,7
13.200000,29.00000,-1.50000,0.000000,8
13.200000,30.00000,-1.50000,0.000000,9
13.200000,31.00000,-1.50000,0.463648,10
13.200000,32.00000,-1.00000,0.244979,11
13.200000,33.00000,-0.75000,0.244979,12
13.200000,34.00000,-0.50000,0.244979,13
13.200000,35.00000,-0.25000,0.000000,14
13.200000,36.00000,-0.25000,0.000000,15
13.200000,37.00000,-0.25000,0.000000,16
13.200000,38.00000,-0.25000,0.000000,17
13.200000,39.00000,-0.25000,0.000000,18
13.200000,40.00000,-0.25000,0.000000,19
13.200000,41.00000,-0.25000,0.000000,20
13.200000,42.00000,-0.25000,0.000000,21
13.200000,43.00000,-0.25000,0.000000,22
13.200000,44.00000,-0.25000,0.000000,23
13.200000,45.00000,-0.25000,0.000000,24
13.200000,46.00000,-0.25000,0.000000,25
13.200000,47.00000,-0.25000,0.000000,26
13.200000,48.00000,-0.25000,0.000000,27
13.200000,49.00000,-0.25000,0.000000,28
13.200000,50.00000,-0.25000,0.033333,29
13.200000,51.01591,-0.21612,0.033333,30
13.300000,21.24851,1.32298,-0.651431,0
13.300000,22.00000,0.75000,-0.463648,1
13.300000,23.00000,0.25000,-0.244979,2
13.300000,24.00000,0.00000,-0.244979,3
13.300000,25.00000,-0.25000,-0.463648,4
13.300000,26.00000,-0.75000,-0.463648,5
13.300000,27.00000,-1.25000,-0.244979,6
13.300000,28.00000,-1.50000,0.000000,7
13.300000,29.00000,-1.50000,0.000000,8
13.300000,30.00000,-1.50000,0.000000,9
13.300000,31.00000,-1.50000,0.463648,10
13.300000,32.00000,-1.00000,0.244979,11
13.300000,33.00000,-0.75000,0.244979,12
13.300000,34.00000,-0.50000,0.244979,13
13.300000,35.00000,-0.25000,0.000000,14
13.300000,36.00000,-0.25000,0.000000,15
13.300000,37.00000,-0.25000,0.000000,16
13.300000,38.00000,-0.25000,0.000000,17
13.300000,39.00000,-0.25000,0.000000,18
13.300000,40.00000,-0.25000,0.000000,19
13.300000,41.00000,-0.25000,0.000000,20
13.300000,42.00000,-0.25000,0.000000,21
13.300000,43.00000,-0.25000,0.000000,22
13.300000,44.00000,-0.25000,0.000000,23
13.300000,45.00000,-0.25000,0.000000,24
13.300000,46.00000,-0.25000,0.000000,25
13.300000,47.00000,-0.25000,0.000000,26
13.300000,48.00000,-0.25000,0.000000,27
13.300000,49.00000,-0.25000,0.000000,28
13.300000,50.00000,-0.25000,0.033333,29
13.300000,51.01591,-0.21612,0.033333,30
13.400000,21.35918,1.23455,-0.572058,0
13.400000,22.50000,0.50000,-0.463648,1
13.400000,23.50000,0.00000,-0.244979,2
13.400000,24.50000,-0.25000,-0.463648,3
13.400000,25.50000,-0.75000,-0.463648,4
13.400000,26.50000,-1.25000,-0.244979,5
13.400000,27.50000,-1.50000,0.000000,6
13.400000,28.50000,-1.50000,0.000000,7
13.400000,29.50000,-1.50000,0.000000,8
13.400000,30.50000,-1.50000,0.244979,9
13.400000,31.50000,-1.25000,0.463648,10
13.400000,32.50000,-0.75000,0.244979,11
13.400000,33.50000,-0.50000,0.244979,12
13.400000,34.50000,-0.25000,0.000000,13
13.400000,35.50000,-0.25000,0.000000,14
13.400000,36.50000,-0.25000,0.000000,15
13.400000,37.50000,-0.25000,0.000000,16
13.400000,38.50000,-0.25000,0.000000,17
13.400000,39.50000,-0.25000,0.000000,18
13.400000,40.50000,-0.25000,0.000000,19
13.400000,41.50000,-0.25000,0.000000,20
13.400000,42.50000,-0.25000,0.000000,21
13.400000,43.50000,-0.25000,0.000000,22
13.400000,44.50000,-0.25000,0.000000,23
13.400000,45.50000,-0.25000,0.000000,24
13.400000,46.50000,-0.25000,0.000000,25
13.400000,47.50000,-0.25000,0.000000,26
13.400000,48.50000,-0.25000,0.000000,27
13.400000,49.50000,-0.25000,0.008402,28
13.400000,50.50824,-0.24153,0.066667,29
13.400000,51.52246,-0.17381,0.066667,30
13.500000,21.49307,1.12342,-0.554370,0
13.500000,22.50000,0.50000,-0.463648,1
13.500000,23.50000,0.00000,-0.244979,2
13.500000,24.50000,-0.25000,-0.463648,3
13.500000,25.50000,-0.75000,-0.463648,4
13.500000,26.50000,-1.25000,-0.244979,5
13.500000,27.50000,-1.50000,0.000000,6
13.500000,28.50000,-1.50000,0.000000,7
13.500000,29.50000,-1.50000,0.000000,8
13.500000,30.50000,-1.50000,0.244979,9
13.500000,31.50000,-1.25000,0.463648,10
13.500000,32.50000,-0.75000,0.244979,11
13.500000,33.50000,-0.50000,0.244979,12
13.500000,34.50000,-0.25000,0.000000,13
13.500000,35.50000,-0.25000,0.000000,14
13.500000,36.50000,-0.25000,0.000000,15
13.500000,37.50000,-0.25000,0.000000,16
13.500000,38.50000,-0.25000,0.000000,17
13.500000,39.50000,-0.25000,0.000000,18
13.500000,40.50000,-0.25000,0.000000,19
13.500000,41.50000,-0.25000,0.000000,20
13.500000,42.50000,-0.25000,0.000000,21
13.500000,43.50000,-0.25000,0.000000,22
13.500000,44.50000,-0.25000,0.000000,23
13.500000,45.50000,-0.25000,0.000000,24
13.500000,46.50000,-0.25000,0.000000,25
13.500000,47.50000,-0.25000,0.000000,26
13.500000,48.50000,-0.25000,0.000000,27
13.500000,49.50000,-0.25000,0.008402,28
13.500000,50.50824,-0.24153,0.066667,29
13.500000,51.52246,-0.17381,0.066667,30
13.600000,21.62265,1.01863,-0.533876,0
13.600000,22.50000,0.50000,-0.463648,1
13.600000,23.50000,0.00000,-0.244979,2
13.600000,24.50000,-0.25000,-0.463648,3
13.600000,25.50000,-0.75000,-0.463648,4
13.600000,26.50000,-1.25000,-0.244979,5
13.600000,27.50000,-1.50000,0.000000,6
13.600000,28.50000,-1.50000,0.000000,7
13.600000,29.50000,-1.50000,0.000000,8
13.600000,30.50000,-1.50000,0.244979,9
13.600000,31.50000,-1.25000,0.463648,10
13.600000,32.50000,-0.75000,0.244979,11
13.600000,33.50000,-0.50000,0.244979,12
13.600000,34.50000,-0.25000,0.000000,13
13.600000,35.50000,-0.25000,0.000000,14
13.600000,36.50000,-0.25000,0.000000,15
13.600000,37.50000,-0.25000,0.000000,16
13.600000,38.50000,-0.25000,0.000000,17
13.600000,39.50000,-0.25000,0.000000,18
13.600000,40.50000,-0.25000,0.000000,19
13.600000,41.50000,-0.25000,0.000000,20
13.600000,42.50000,-0.25000,0.000000,21
13.600000,43.50000,-0.25000,0.000000,22
13.600000,44.50000,-0.25000,0.000000,23
13.600000,45.50000,-0.25000,0.000000,24
13.600000,46.50000,-0.25000,0.000000,25
13.600000,47.50000,-0.25000,0.000000,26
13.600000,48.50000,-0.25000,0.000000,27
13.600000,49.50000,-0.25000,0.008402,28
13.600000,50.50824,-0.24153,0.066667,29
13.600000,51.52246,-0.17381,0.066667,30
13.700000,21.82276,0.82652,-0.455396,0
13.700000,23.00000,0.25000,-0.244979,1
13.700000,24.00000,0.00000,-0.244979,2
13.700000,25.00000,-0.25000,-0.463648,3
13.700000,26.00000,-0.75000,-0.463648,4
13.700000,27.00000,-1.25000,0.000000,5
13.700000,28.00000,-1.25000,0.000000,6
13.700000,29.00000,-1.25000,0.000000,7
13.700000,30.00000,-1.25000,0.000000,8
13.700000,31.00000,-1.25000,0.244979,9
13.700000,32.00000,-1.00000,0.244979,10
13.700000,33.00000,-0.75000,0.244979,11
13.700000,34.00000,-0.50000,0.244979,12
13.700000,35.00000,-0.25000,0.000000,13
13.700000,36.00000,-0.25000,0.000000,14
13.700000,37.00000,-0.25000,0.000000,15
13.700000,38.00000,-0.25000,0.000000,16
13.700000,39.00000,-0.25000,0.000000,17
13.700000,40.00000,-0.25000,0.000000,18
13.700000,41.00000,-0.25000,0.000000,19
13.700000,42.00000,-0.25000,0.000000,20
13.700000,43.00000,-0.25000,0.000000,21
13.700000,44.00000,-0.25000,0.000000,22
13.700000,45.00000,-0.25000,0.000000,23
13.700000,46.00000,-0.25000,0.000000,24
13.700000,47.00000,-0.25000,0.000000,25
13.700000,48.00000,-0.25000,0.000000,26
13.700000,49.00000,-0.25000,0.000000,27
13.700000,50.00000,-0.25000,0.033333,28
13.700000,51.01591,-0.21612,0.100000,29
13.700000,52.02731,-0.11465,0.100000,30
13.800000,21.92069,0.73429,-0.421772,0
13.800000,23.00000,0.25000,-0.244979,1
13.800000,24.00000,0.00000,-0.244979,2
13.800000,25.00000,-0.25000,-0.463648,3
13.800000,26.00000,-0.75000,-0.463648,4
13.800000,27.00000,-1.25000,-0.244979,5
13.800000,28.00000,-1.50000,0.000000,6
13.800000,29.00000,-1.50000,0.000000,7
13.800000,30.00000,-1.50000,0.000000,8
13.800000,31.00000,-1.50000,0.463648,9
13.800000,32.00000,-1.00000,0.244979,10
13.800000,33.00000,-0.75000,0.244979,11
13.800000,34.00000,-0.50000,0.244979,12
13.800000,35.00000,-0.25000,0.000000,13
13.800000,36.00000,-0.25000,0.000000,14
13.800000,37.00000,-0.25000,0.000000,15
13.800000,38.00000,-0.25000,0.000000,16
13.800000,39.00000,-0.25000,0.000000,17
13.800000,40.00000,-0.25000,0.000000,18
13.800000,41.00000,-0.25000,0.000000,19
13.800000,42.00000,-0.25000,0.000000,20
13.800000,43.00000,-0.25000,0.000000,21
13.800000,44.00000,-0.25000,0.000000,22
13.800000,45.00000,-0.25000,0.000000,23
13.800000,46.00000,-0.25000,0.000000,24
13.800000,47.00000,-0.25000,0.000000,25
13.800000,48.00000,-0.25000,0.000000,26
13.800000,49.00000,-0.25000,0.000000,27
13.800000,50.00000,-0.25000,0.033333,28
13.800000,51.01591,-0.21612,0.100000,29
13.800000,52.02731,-0.11465,0.100000,30
13.900000,22.07231,0.58247,-0.560660,0
13.900000,23.00000,0.00000,-0.244979,1
13.900000,24.00000,-0.25000,-0.244979,2
13.900000,25.00000,-0.50000,-0.463648,3
13.900000,26.00000,-1.00000,-0.244979,4
13.900000,27.00000,-1.25000,-0.244979,5
13.900000,28.00000,-1.50000,0.000000,6
13.900000,29.00000,-1.50000,0.000000,7
13.900000,30.00000,-1.50000,0.000000,8
13.900000,31.00000,-1.50000,0.463648,9
13.900000,32.00000,-1.00000,0.244979,10
13.900000,33.00000,-0.75000,0.244979,11
13.900000,34.00000,-0.50000,0.244979,12
13.900000,35.00000,-0.25000,0.000000,13
13.900000,36.00000,-0.25000,0.000000,14
13.900000,37.00000,-0.25000,0.000000,15
13.900000,38.00000,-0.25000,0.000000,16
13.900000,39.00000,-0.25000,0.000000,17
13.900000,40.00000,-0.25000,0.000000,18
13.900000,41.00000,-0.25000,0.000000,19
13.900000,42.00000,-0.25000,0.000000,20
13.900000,43.00000,-0.25000,0.000000,21
13.900000,44.00000,-0.25000,0.000000,22
13.900000,45.00000,-0.25000,0.000000,23
13.900000,46.00000,-0.25000,0.000000,24
13.900000,47.00000,-0.25000,0.000000,25
13.900000,48.00000,-0.25000,0.000000,26
13.900000,49.00000,-0.25000,0.000000,27
13.900000,50.00000,-0.25000,0.033333,28
13.900000,51.01591,-0.21612,0.100000,29
13.900000,52.02731,-0.11465,0.100000,30
14.000000,22.28708,0.46197,-0.363911,0
14.000000,23.50000,0.00000,-0.244979,1
14.000000,24.50000,-0.25000,-0.463648,2
14.000000,25.50000,-0.75000,-0.463648,3
14.000000,26.50000,-1.25000,-0.244979,4
14.000000,27.50000,-1.50000,0.000000,5
14.000000,28.50000,-1.50000,0.000000,6
14.000000,29.50000,-1.50000,0.000000,7
14.000000,30.50000,-1.50000,0.244979,8
14.000000,31.50000,-1.25000,0.463648,9
14.000000,32.50000,-0.75000,0.244979,10
14.000000,33.50000,-0.50000,0.244979,11
14.000000,34.50000,-0.25000,0.000000,12
14.000000,35.50000,-0.25000,0.000000,13
14.000000,36.50000,-0.25000,0.000000,14
14.000000,37.50000,-0.25000,0.000000,15
14.000000,38.50000,-0.25000,0.000000,16
14.000000,39.50000,-0.25000,0.000000,17
14.000000,40.50000,-0.25000,0.000000,18
14.000000,41.50000,-0.25000,0.000000,19
14.000000,42.50000,-0.25000,0.000000,20
14.000000,43.50000,-0.25000,0.000000,21
14.000000,44.50000,-0.25000,0.000000,22
14.000000,45.50000,-0.25000,0.000000,23
14.000000,46.50000,-0.25000,0.000000,24
14.000000,47.50000,-0.25000,0.000000,25
14.000000,48.50000,-0.25000,0.000000,26
14.000000,49.50000,-0.25000,0.008402,27
14.000000,50.50824,-0.24153,0.066667,28
14.000000,51.52246,-0.17381,0.133333,29
14.000000,52.52992,-0.03868,0.133333,30
14.100000,22.44524,0.29227,-0.474880,0
14.100000,23.50000,-0.25000,-0.244979,1
14.100000,24.50000,-0.50000,-0.244979,2
14.100000,25.50000,-0.75000,-0.463648,3
14.100000,26.50000,-1.25000,-0.244979,4
14.100000,27.50000,-1.50000,0.000000,5
14.100000,28.50000,-1.50000,0.000000,6
14.100000,29.50000,-1.50000,0.000000,7
14.100000,30.50000,-1.50000,0.244979,8
14.100000,31.50000,-1.25000,0.463648,9
14.100000,32.50000,-0.75000,0.244979,10
14.100000,33.50000,-0.50000,0.244979,11
14.100000,34.50000,-0.25000,0.000000,12
14.100000,35.50000,-0.25000,0.000000,13
14.100000,36.50000,-0.25000,0.000000,14
14.100000,37.50000,-0.25000,0.000000,15
14.100000,38.50000,-0.25000,0.000000,16
14.100000,39.50000,-0.25000,0.000000,17
14.100000,40.50000,-0.25000,0.000000,18
14.100000,41.50000,-0.25000,0.000000,19
14.100000,42.50000,-0.25000,0.000000,20
14.100000,43.50000,-0.25000,0.000000,21
14.100000,44.50000,-0.25000,0.000000,22
14.100000,45.50000,-0.25000,0.000000,23
14.100000,46.50000,-0.25000,0.000000,24
14.100000,47.50000,-0.25000,0.000000,25
14.100000,48.50000,-0.25000,0.000000,26
14.100000,49.50000,-0.25000,0.008402,27
14.100000,50.50824,-0.24153,0.066667,28
14.100000,51.52246,-0.17381,0.133333,29
14.100000,52.52992,-0.03868,0.133333,30
14.200000,22.63237,0.11577,-0.398962,0
14.200000,23.50000,-0.25000,-0.244979,1
14.200000,24.50000,-0.50000,-0.244979,2
14.200000,25.50000,-0.75000,-0.463648,3
14.200000,26.50000,-1.25000,-0.244979,4
14.200000,27.50000,-1.50000,0.000000,5
14.200000,28.50000,-1.50000,0.000000,6
14.200000,29.50000,-1.50000,0.000000,7
14.200000,30.50000,-1.50000,0.244979,8
14.200000,31.50000,-1.25000,0.463648,9
14.200000,32.50000,-0.75000,0.244979,10
14.200000,33.50000,-0.50000,0.244979,11
14.200000,34.50000,-0.25000,0.000000,12
14.200000,35.50000,-0.25000,0.000000,13
14.200000,36.50000,-0.25000,0.000000,14
14.200000,37.50000,-0.25000,0.000000,15
14.200000,38.50000,-0.25000,0.000000,16
14.200000,39.50000,-0.25000,0.000000,17
14.200000,40.50000,-0.25000,0.000000,18
14.200000,41.50000,-0.25000,0.000000,19
14.200000,42.50000,-0.25000,0.000000,20
14.200000,43.50000,-0.25000,0.000000,21
14.200000,44.50000,-0.25000,0.000000,22
14.200000,45.50000,-0.25000,0.000000,23
14.200000,46.50000,-0.25000,0.000000,24
14.200000,47.50000,-0.25000,0.000000,25
14.200000,48.50000,-0.25000,0.000000,26
14.200000,49.50000,-0.25000,0.008402,27
14.200000,50.50824,-0.24153,0.066667,28
14.200000,51.52246,-0.17381,0.133333,29
14.200000,52.52992,-0.03868,0.133333,30
14.302000,22.78178,-0.07636,-0.334673,0
14.302000,24.00000,-0.50000,-0.244979,1
14.302000,25.00000,-0.75000,-0.244979,2
14.302000,26.00000,-1.00000,-0.244979,3
14.302000,27.00000,-1.25000,-0.244979,4
14.302000,28.00000,-1.50000,0.000000,5
14.302000,29.00000,-1.50000,0.000000,6
14.302000,30.00000,-1.50000,0.000000,7
14.302000,31.00000,-1.50000,0.463648,8
14.302000,32.00000,-1.00000,0.244979,9
14.302000,33.00000,-0.75000,0.244979,10
14.302000,34.00000,-0.50000,0.244979,11
14.302000,35.00000,-0.25000,0.000000,12
14.302000,36.00000,-0.25000,0.000000,13
14.302000,37.00000,-0.25000,0.000000,14
14.302000,38.00000,-0.25000,0.000000,15
14.302000,39.00000,-0.25000,0.000000,16
14.302000,40.00000,-0.25000,0.000000,17
14.302000,41.00000,-0.25000,0.000000,18
14.302000,42.00000,-0.25000,0.000000,19
14.302000,43.00000,-0.25000,0.000000,20
14.302000,44.00000,-0.25000,0.000000,21
14.302000,45.00000,-0.25000,0.000000,22
14.302000,46.00000,-0.25000,0.000000,23
14.302000,47.00000,-0.25000,0.000000,24
14.302000,48.00000,-0.25000,0.000000,25
14.302000,49.00000,-0.25000,0.000000,26
14.302000,50.00000,-0.25000,0.033333,27
14.302000,51.01591,-0.21612,0.100000,28
14.302000,52.02731,-0.11465,0.166667,29
14.302000,53.02971,0.05398,0.166667,30
14.402000,22.96091,-0.23625,-0.248577,0
14.402000,24.00000,-0.50000,-0.244979,1
14.402000,25.00000,-0.75000,-0.244979,2
14.402000,26.00000,-1.00000,-0.244979,3
14.402000,27.00000,-1.25000,-0.244979,4
14.402000,28.00000,-1.50000,0.000000,5
14.402000,29.00000,-1.50000,0.000000,6
14.402000,30.00000,-1.50000,0.000000,7
14.402000,31.00000,-1.50000,0.463648,8
14.402000,32.00000,-1.00000,0.244979,9
14.402000,33.00000,-0.75000,0.244979,10
14.402000,34.00000,-0.50000,0.244979,11
14.402000,35.00000,-0.25000,0.000000,12
14.402000,36.00000,-0.25000,0.000000,13
14.402000,37.00000,-0.25000,0.000000,14
14.402000,38.00000,-0.25000,0.000000,15
14.402000,39.00000,-0.25000,0.000000,16
14.402000,40.00000,-0.25000,0.000000,17
14.402000,41.00000,-0.25000,0.000000,18
14.402000,42.00000,-0.25000,0.000000,19
14.402000,43.00000,-0.25000,0.000000,20
14.402000,44.00000,-0.25000,0.000000,21
14.402000,45.00000,-0.25000,0.000000,22
14.402000,46.00000,-0.25000,0.000000,23
14.402000,47.00000,-0.25000,0.000000,24
14.402000,48.00000,-0.25000,0.000000,25
14.402000,49.00000,-0.25000,0.000000,26
14.402000,50.00000,-0.25000,0.033333,27
14.402000,51.01591,-0.21612,0.100000,28
14.402000,52.02731,-0.11465,0.166667,29
14.402000,53.02971,0.05398,0.166667,30
14.500000,23.16620,-0.47309,-0.320646,0
14.500000,24.00000,-0.75000,0.000000,1
14.500000,25.00000,-0.75000,-0.244979,2
14.500000,26.00000,-1.00000,-0.244979,3
14.500000,27.00000,-1.25000,-0.244979,4
14.500000,28.00000,-1.50000,0.000000,5
14.500000,29.00000,-1.50000,0.000000,6
14.500000,30.00000,-1.50000,0.000000,7
14.500000,31.00000,-1.50000,0.463648,8
14.500000,32.00000,-1.00000,0.244979,9
14.500000,33.00000,-0.75000,0.244979,10
14.500000,34.00000,-0.50000,0.244979,11
14.500000,35.00000,-0.25000,0.000000,12
14.500000,36.00000,-0.25000,0.000000,13
14.500000,37.00000,-0.25000,0.000000,14
14.500000,38.00000,-0.25000,0.000000,15
14.500000,39.00000,-0.25000,0.000000,16
14.500000,40.00000,-0.25000,0.000000,17
14.500000,41.00000,-0.25000,0.000000,18
14.500000,42.00000,-0.25000,0.000000,19
14.500000,43.00000,-0.25000,0.000000,20
14.500000,44.00000,-0.25000,0.000000,21
14.500000,45.00000,-0.25000,0.000000,22
14.500000,46.00000,-0.25000,0.000000,23
14.500000,47.00000,-0.25000,0.000000,24
14.500000,48.00000,-0.25000,0.000000,25
14.500000,49.00000,-0.25000,0.000000,26
14.500000,50.00000,-0.25000,0.033333,27
14.500000,51.01591,-0.21612,0.100000,28
14.500000,52.02731,-0.11465,0.166667,29
14.500000,53.02971,0.05398,0.166667,30
14.602000,23.42319,-0.73720,-0.239371,0
14.602000,24.50000,-1.00000,0.000000,1
14.602000,25.50000,-1.00000,-0.244979,2
14.602000,26.50000,-1.25000,-0.244979,3
14.602000,27.50000,-1.50000,0.000000,4
14.602000,28.50000,-1.50000,0.000000,5
14.602000,29.50000,-1.50000,0.000000,6
14.602000,30.50000,-1.50000,0.244979,7
14.602000,31.50000,-1.25000,0.463648,8
14.602000,32.50000,-0.75000,0.244979,9
14.602000,33.50000,-0.50000,0.244979,10
14.602000,34.50000,-0.25000,0.244979,11
14.602000,35.50000,0.00000,0.000000,12
14.602000,36.50000,0.00000,0.000000,13
14.602000,37.50000,0.00000,0.000000,14
14.602000,38.50000,0.00000,0.000000,15
14.602000,39.50000,0.00000,0.000000,16
14.602000,40.50000,0.00000,0.000000,17
14.602000,41.50000,0.00000,0.000000,18
14.602000,42.50000,0.00000,0.000000,19
14.602000,43.50000,0.00000,0.000000,20
14.602000,44.50000,0.00000,0.000000,21
14.602000,45.50000,0.00000,0.000000,22
14.602000,46.50000,0.00000,0.000000,23
14.602000,47.50000,0.00000,0.000000,24
14.602000,48.50000,0.00000,0.000000,25
14.602000,49.50000,0.00000,0.008333,26
14.602000,50.49991,0.00833,0.066667,27
14.602000,51.49750,0.07494,0.133333,28
14.602000,52.48844,0.20785,0.200000,29
14.602000,53.46833,0.40648,0.200000,30
14.702000,23.57403,-0.81421,-0.198018,0
14.702000,24.50000,-1.00000,0.000000,1
14.702000,25.50000,-1.00000,-0.244979,2
14.702000,26.50000,-1.25000,-0.244979,3
14.702000,27.50000,-1.50000,0.000000,4
14.702000,28.50000,-1.50000,0.000000,5
14.702000,29.50000,-1.50000,0.000000,6
14.702000,30.50000,-1.50000,0.244979,7
14.702000,31.50000,-1.25000,0.463648,8
14.702000,32.50000,-0.75000,0.244979,9
14.702000,33.50000,-0.50000,0.244979,10
14.702000,34.50000,-0.25000,0.244979,11
14.702000,35.50000,0.00000,0.000000,12
14.702000,36.50000,0.00000,0.000000,13
14.702000,37.50000,0.00000,0.000000,14
14.702000,38.50000,0.00000,0.000000,15
14.702000,39.50000,0.00000,0.000000,16
14.702000,40.50000,0.00000,0.000000,17
14.702000,41.50000,0.00000,0.000000,18
14.702000,42.50000,0.00000,0.000000,19
14.702000,43.50000,0.00000,0.000000,20
14.702000,44.50000,0.00000,0.000000,21
14.702000,45.50000,0.00000,0.000000,22
14.702000,46.50000,0.00000,0.000000,23
14.702000,47.50000,0.00000,0.000000,24
14.702000,48.50000,0.00000,0.000000,25
14.702000,49.50000,0.00000,0.008333,26
14.702000,50.49991,0.00833,0.066667,27
14.702000,51.49750,0.07494,0.133333,28
14.702000,52.48844,0.20785,0.200000,29
14.702000,53.46833,0.40648,0.200000,30
14.800000,23.75703,-1.03032,-0.174927,0
14.800000,25.00000,-1.25000,0.000000,1
14.800000,26.00000,-1.25000,-0.244979,2
14.800000,27.00000,-1.50000,0.000000,3
14.800000,28.00000,-1.50000,0.000000,4
14.800000,29.00000,-1.50000,0.000000,5
14.800000,30.00000,-1.50000,0.000000,6
14.800000,31.00000,-1.50000,0.463648,7
14.800000,32.00000,-1.00000,0.244979,8
14.800000,33.00000,-0.75000,0.244979,9
14.800000,34.00000,-0.50000,0.244979,10
14.800000,35.00000,-0.25000,0.244979,11
14.800000,36.00000,0.00000,0.000000,12
14.800000,37.00000,0.00000,0.000000,13
14.800000,38.00000,0.00000,0.000000,14
14.800000,39.00000,0.00000,0.000000,15
14.800000,40.00000,0.00000,0.000000,16
14.800000,41.00000,0.00000,0.000000,17
14.800000,42.00000,0.00000,0.000000,18
14.800000,43.00000,0.00000,0.000000,19
14.800000,44.00000,0.00000,0.000000,20
14.800000,45.00000,0.00000,0.000000,21
14.800000,46.00000,0.00000,0.000000,22
14.800000,47.00000,0.00000,0.000000,23
14.800000,48.00000,0.00000,0.000000,24
14.800000,49.00000,0.00000,0.000000,25
14.800000,50.00000,0.00000,0.033333,26
14.800000,50.99926,0.03332,0.100000,27
14.800000,51.99408,0.13314,0.166667,28
14.800000,52.98004,0.29900,0.480200,29
14.800000,53.88688,0.77134,0.480200,30
14.900000,23.97009,-1.21050,-0.038333,0
14.900000,25.00000,-1.25000,0.000000,1
14.900000,26.00000,-1.25000,-0.244979,2
14.900000,27.00000,-1.50000,0.000000,3
14.900000,28.00000,-1.50000,0.000000,4
14.900000,29.00000,-1.50000,0.000000,5
14.900000,30.00000,-1.50000,0.000000,6
14.900000,31.00000,-1.50000,0.463648,7
14.900000,32.00000,-1.00000,0.244979,8
14.900000,33.00000,-0.75000,0.244979,9
14.900000,34.00000,-0.50000,0.244979,10
14.900000,35.00000,-0.25000,0.244979,11
14.900000,36.00000,0.00000,0.000000,12
14.900000,37.00000,0.00000,0.000000,13
14.900000,38.00000,0.00000,0.000000,14
14.900000,39.00000,0.00000,0.000000,15
14.900000,40.00000,0.00000,0.000000,16
14.900000,41.00000,0.00000,0.000000,17
14.900000,42.00000,0.00000,0.000000,18
14.900000,43.00000,0.00000,0.000000,19
14.900000,44.00000,0.00000,0.000000,20
14.900000,45.00000,0.00000,0.000000,21
14.900000,46.00000,0.00000,0.000000,22
14.900000,47.00000,0.00000,0.000000,23
14.900000,48.00000,0.00000,0.000000,24
14.900000,49.00000,0.00000,0.000000,25
14.900000,50.00000,0.00000,0.033333,26
14.900000,50.99926,0.03332,0.100000,27
14.900000,51.99408,0.13314,0.166667,28
14.900000,52.98004,0.29900,0.480200,29
14.900000,53.88688,0.77134,0.480200,30
15.004000,24.18298,-1.37352,0.150053,0
15.004000,25.00000,-1.25000,0.000000,1
15.004000,26.00000,-1.25000,-0.244979,2
15.004000,27.00000,-1.50000,0.000000,3
15.004000,28.00000,-1.50000,0.000000,4
15.004000,29.00000,-1.50000,0.000000,5
15.004000,30.00000,-1.50000,0.000000,6
15.004000,31.00000,-1.50000,0.463648,7
15.004000,32.00000,-1.00000,0.244979,8
15.004000,33.00000,-0.75000,0.244979,9
15.004000,34.00000,-0.50000,0.244979,10
15.004000,35.00000,-0.25000,0.244979,11
15.004000,36.00000,0.00000,0.000000,12
15.004000,37.00000,0.00000,0.000000,13
15.004000,38.00000,0.00000,0.000000,14
15.004000,39.00000,0.00000,0.000000,15
15.004000,40.00000,0.00000,0.000000,16
15.004000,41.00000,0.00000,0.000000,17
15.004000,42.00000,0.00000,0.000000,18
15.004000,43.00000,0.00000,0.000000,19
15.004000,44.00000,0.00000,0.000000,20
15.004000,45.00000,0.00000,0.000000,21
15.004000,46.00000,0.00000,0.000000,22
15.004000,47.00000,0.00000,0.000000,23
15.004000,48.00000,0.00000,0.000000,24
15.004000,49.00000,0.00000,0.000000,25
15.004000,50.00000,0.00000,0.033333,26
15.004000,50.99926,0.03332,0.100000,27
15.004000,51.99408,0.13314,0.166667,28
15.004000,52.98004,0.29900,0.480200,29
15.004000,53.88688,0.77134,0.480200,30
15.100000,24.36105,-1.55654,0.049601,0
15.100000,25.50000,-1.50000,0.000000,1
15.100000,26.50000,-1.50000,0.000000,2
15.100000,27.50000,-1.50000,0.000000,3
15.100000,28.50000,-1.50000,0.000000,4
15.100000,29.50000,-1.50000,0.000000,5
15.100000,30.50000,-1.50000,0.244979,6
15.100000,31.50000,-1.25000,0.463648,7
15.100000,32.50000,-0.75000,0.244979,8
15.100000,33.50000,-0.50000,0.244979,9
15.100000,34.50000,-0.25000,0.244979,10
15.100000,35.50000,0.00000,0.000000,11
15.100000,36.50000,0.00000,0.000000,12
15.100000,37.50000,0.00000,0.000000,13
15.100000,38.50000,0.00000,0.000000,14
15.100000,39.50000,0.00000,0.000000,15
15.100000,40.50000,0.00000,0.000000,16
15.100000,41.50000,0.00000,0.000000,17
15.100000,42.50000,0.00000,0.000000,18
15.100000,43.50000,0.00000,0.000000,19
15.100000,44.50000,0.00000,0.000000,20
15.100000,45.50000,0.00000,0.000000,21
15.100000,46.50000,0.00000,0.000000,22
15.100000,47.50000,0.00000,0.000000,23
15.100000,48.50000,0.00000,0.000000,24
15.100000,49.50000,0.00000,0.008333,25
15.100000,50.49991,0.00833,0.066667,26
15.100000,51.49750,0.07494,0.133333,27
15.100000,52.48844,0.20785,0.200000,28
15.100000,53.46833,0.40648,0.513534,29
15.100000,54.35892,0.90879,0.513534,30
15.200000,24.52836,-1.69746,0.200495,0
15.200000,25.50000,-1.50000,0.000000,1
15.200000,26.50000,-1.50000,0.000000,2
15.200000,27.50000,-1.50000,0.000000,3
15.200000,28.50000,-1.50000,0.000000,4
15.200000,29.50000,-1.50000,0.000000,5
15.200000,30.50000,-1.50000,0.244979,6
15.200000,31.50000,-1.25000,0.463648,7
15.200000,32.50000,-0.75000,0.244979,8
15.200000,33.50000,-0.50000,0.244979,9
15.200000,34.50000,-0.25000,0.244979,10
15.200000,35.50000,0.00000,0.000000,11
15.200000,36.50000,0.00000,0.000000,12
15.200000,37.50000,0.00000,0.000000,13
15.200000,38.50000,0.00000,0.000000,14
15.200000,39.50000,0.00000,0.000000,15
15.200000,40.50000,0.00000,0.000000,16
15.200000,41.50000,0.00000,0.000000,17
15.200000,42.50000,0.00000,0.000000,18
15.200000,43.50000,0.00000,0.000000,19
15.200000,44.50000,0.00000,0.000000,20
15.200000,45.50000,0.00000,0.000000,21
15.200000,46.50000,0.00000,0.000000,22
15.200000,47.50000,0.00000,0.000000,23
15.200000,48.50000,0.00000,0.000000,24
15.200000,49.50000,0.00000,0.008333,25
15.200000,50.49991,0.00833,0.066667,26
15.200000,51.49750,0.07494,0.133333,27
15.200000,52.48844,0.20785,0.200000,28
15.200000,53.46833,0.40648,0.513534,29
15.200000,54.35892,0.90879,0.513534,30
15.300000,24.80642,-1.90714,0.328730,0
15.300000,26.00000,-1.50000,0.000000,1
15.300000,27.00000,-1.50000,0.000000,2
15.300000,28.00000,-1.50000,0.000000,3
15.300000,29.00000,-1.50000,0.000000,4
15.300000,30.00000,-1.50000,0.000000,5
15.300000,31.00000,-1.50000,0.463648,6
15.300000,32.00000,-1.00000,0.244979,7
15.300000,33.00000,-0.75000,0.244979,8
15.300000,34.00000,-0.50000,0.244979,9
15.300000,35.00000,-0.25000,0.244979,10
15.300000,36.00000,0.00000,0.000000,11
15.300000,37.00000,0.00000,0.000000,12
15.300000,38.00000,0.00000,0.000000,13
15.300000,39.00000,0.00000,0.000000,14
15.300000,40.00000,0.00000,0.000000,15
15.300000,41.00000,0.00000,0.000000,16
15.300000,42.00000,0.00000,0.000000,17
15.300000,43.00000,0.00000,0.000000,18
15.300000,44.00000,0.00000,0.000000,19
15.300000,45.00000,0.00000,0.000000,20
15.300000,46.00000,0.00000,0.000000,21
15.300000,47.00000,0.00000,0.000000,22
15.300000,48.00000,0.00000,0.000000,23
15.300000,49.00000,0.00000,0.000000,24
15.300000,50.00000,0.00000,0.033333,25
15.300000,50.99926,0.03332,0.100000,26
15.300000,51.99408,0.13314,0.166667,27
15.300000,52.98004,0.29900,0.480200,28
15.300000,53.88688,0.77134,0.550914,29
15.300000,54.74432,1.29812,0.550914,30
15.400000,24.93629,-1.98273,0.426022,0
15.400000,26.00000,-1.50000,0.000000,1
15.400000,27.00000,-1.50000,0.000000,2
15.400000,28.00000,-1.50000,0.000000,3
15.400000,29.00000,-1.50000,0.000000,4
15.400000,30.00000,-1.50000,0.000000,5
15.400000,31.00000,-1.50000,0.463648,6
15.400000,32.00000,-1.00000,0.244979,7
15.400000,33.00000,-0.75000,0.244979,8
15.400000,34.00000,-0.50000,0.244979,9
15.400000,35.00000,-0.25000,0.244979,10
15.400000,36.00000,0.00000,0.000000,11
15.400000,37.00000,0.00000,0.000000,12
15.400000,38.00000,0.00000,0.000000,13
15.400000,39.00000,0.00000,0.000000,14
15.400000,40.00000,0.00000,0.000000,15
15.400000,41.00000,0.00000,0.000000,16
15.400000,42.00000,0.00000,0.000000,17
15.400000,43.00000,0.00000,0.000000,18
15.400000,44.00000,0.00000,0.000000,19
15.400000,45.00000,0.00000,0.000000,20
15.400000,46.00000,0.00000,0.000000,21
15.400000,47.00000,0.00000,0.000000,22
15.400000,48.00000,0.00000,0.000000,23
15.400000,49.00000,0.00000,0.000000,24
15.400000,50.00000,0.00000,0.033333,25
15.400000,50.99926,0.03332,0.100000,26
15.400000,51.99408,0.13314,0.166667,27
15.400000,52.98004,0.29900,0.480200,28
15.400000,53.88688,0.77134,0.550914,29
15.400000,54.74432,1.29812,0.550914,30
15.500000,25.08202,-2.12331,0.596492,0
15.500000,26.00000,-1.50000,0.000000,1
15.500000,27.00000,-1.50000,0.000000,2
15.500000,28.00000,-1.50000,0.000000,3
15.500000,29.00000,-1.50000,0.000000,4
15.500000,30.00000,-1.50000,0.000000,5
15.500000,31.00000,-1.50000,0.463648,6
15.500000,32.00000,-1.00000,0.244979,7
15.500000,33.00000,-0.75000,0.244979,8
15.500000,34.00000,-0.50000,0.244979,9
15.500000,35.00000,-0.25000,0.244979,10
15.500000,36.00000,0.00000,0.000000,11
15.500000,37.00000,0.00000,0.000000,12
15.500000,38.00000,0.00000,0.000000,13
15.500000,39.00000,0.00000,0.000000,14
15.500000,40.00000,0.00000,0.000000,15
15.500000,41.00000,0.00000,0.000000,16
15.500000,42.00000,0.00000,0.000000,17
15.500000,43.00000,0.00000,0.000000,18
15.500000,44.00000,0.00000,0.000000,19
15.500000,45.00000,0.00000,0.000000,20
15.500000,46.00000,0.00000,0.000000,21
15.500000,47.00000,0.00000,0.000000,22
15.500000,48.00000,0.00000,0.000000,23
15.500000,49.00000,0.00000,0.000000,24
15.500000,50.00000,0.00000,0.033333,25
15.500000,50.99926,0.03332,0.100000,26
15.500000,51.99408,0.13314,0.166667,27
15.500000,52.98004,0.29900,0.480200,28
15.500000,53.88688,0.77134,0.550914,29
15.500000,54.74432,1.29812,0.550914,30
15.600000,25.21571,-2.25501,0.572084,0
15.600000,26.00000,-1.75000,0.244979,1
15.600000,27.00000,-1.50000,0.000000,2
15.600000,28.00000,-1.50000,0.000000,3
15.600000,29.00000,-1.50000,0.000000,4
15.600000,30.00000,-1.50000,0.000000,5
15.600000,31.00000,-1.50000,0.463648,6
15.600000,32.00000,-1.00000,0.244979,7
15.600000,33.00000,-0.75000,0.244979,8
15.600000,34.00000,-0.50000,0.244979,9
15.600000,35.00000,-0.25000,0.244979,10
15.600000,36.00000,0.00000,0.000000,11
15.600000,37.00000,0.00000,0.000000,12
15.600000,38.00000,0.00000,0.000000,13
15.600000,39.00000,0.00000,0.000000,14
15.600000,40.00000,0.00000,0.000000,15
15.600000,41.00000,0.00000,0.000000,16
15.600000,42.00000,0.00000,0.000000,17
15.600000,43.00000,0.00000,0.000000,18
15.600000,44.00000,0.00000,0.000000,19
15.600000,45.00000,0.00000,0.000000,20
15.600000,46.00000,0.00000,0.000000,21
15.600000,47.00000,0.00000,0.000000,22
15.600000,48.00000,0.00000,0.000000,23
15.600000,49.00000,0.00000,0.000000,24
15.600000,50.00000,0.00000,0.033333,25
15.600000,50.99926,0.03332,0.100000,26
15.600000,51.99408,0.13314,0.166667,27
15.600000,52.98004,0.29900,0.480200,28
15.600000,53.88688,0.77134,0.550914,29
15.600000,54.74432,1.29812,0.550914,30
15.700000,25.39356,-2.35534,0.500619,0
15.700000,26.50000,-1.75000,0.244979,1
15.700000,27.50000,-1.50000,0.000000,2
15.700000,28.50000,-1.50000,0.000000,3
15.700000,29.50000,-1.50000,0.000000,4
15.700000,30.50000,-1.50000,0.244979,5
15.700000,31.50000,-1.25000,0.463648,6
15.700000,32.50000,-0.75000,0.244979,7
15.700000,33.50000,-0.50000,0.244979,8
15.700000,34.50000,-0.25000,0.244979,9
15.700000,35.50000,0.00000,0.000000,10
15.700000,36.50000,0.00000,0.000000,11
15.700000,37.50000,0.00000,0.000000,12
15.700000,38.50000,0.00000,0.000000,13
15.700000,39.50000,0.00000,0.000000,14
15.700000,40.50000,0.00000,0.000000,15
15.700000,41.50000,0.00000,0.000000,16
15.700000,42.50000,0.00000,0.000000,17
15.700000,43.50000,0.00000,0.000000,18
15.700000,44.50000,0.00000,0.000000,19
15.700000,45.50000,0.00000,0.000000,20
15.700000,46.50000,0.00000,0.000000,21
15.700000,47.50000,0.00000,0.000000,22
15.700000,48.50000,0.00000,0.000000,23
15.700000,49.50000,0.00000,0.008333,24
15.700000,50.49991,0.00833,0.066667,25
15.700000,51.49750,0.07494,0.133333,26
15.700000,52.48844,0.20785,0.200000,27
15.700000,53.46833,0.40648,0.513534,28
15.700000,54.35892,0.90879,0.584247,29
15.700000,55.19833,1.46385,0.584247,30
15.800000,25.47786,-2.46175,0.608259,0
15.800000,26.50000,-1.75000,0.244979,1
15.800000,27.50000,-1.50000,0.000000,2
15.800000,28.50000,-1.50000,0.000000,3
15.800000,29.50000,-1.50000,0.000000,4
15.800000,30.50000,-1.50000,0.244979,5
15.800000,31.50000,-1.25000,0.463648,6
15.800000,32.50000,-0.75000,0.244979,7
15.800000,33.50000,-0.50000,0.244979,8
15.800000,34.50000,-0.25000,0.244979,9
15.800000,35.50000,0.00000,0.000000,10
15.800000,36.50000,0.00000,0.000000,11
15.800000,37.50000,0.00000,0.000000,12
15.800000,38.50000,0.00000,0.000000,13
15.800000,39.50000,0.00000,0.000000,14
15.800000,40.50000,0.00000,0.000000,15
15.800000,41.50000,0.00000,0.000000,16
15.800000,42.50000,0.00000,0.000000,17
15.800000,43.50000,0.00000,0.000000,18
15.800000,44.50000,0.00000,0.000000,19
15.800000,45.50000,0.00000,0.000000,20
15.800000,46.50000,0.00000,0.000000,21
15.800000,47.50000,0.00000,0.000000,22
15.800000,48.50000,0.00000,0.000000,23
15.800000,49.50000,0.00000,0.008333,24
15.800000,50.49991,0.00833,0.066667,25
15.800000,51.49750,0.07494,0.133333,26
15.800000,52.48844,0.20785,0.200000,27
15.800000,53.46833,0.40648,0.513534,28
15.800000,54.35892,0.90879,0.584247,29
15.800000,55.19833,1.46385,0.584247,30
15.900000,25.61711,-2.55401,0.738674,0
15.900000,26.50000,-1.75000,0.244979,1
15.900000,27.50000,-1.50000,0.000000,2
15.900000,28.50000,-1.50000,0.000000,3
15.900000,29.50000,-1.50000,0.000000,4
15.900000,30.50000,-1.50000,0.244979,5
15.900000,31.50000,-1.25000,0.463648,6
15.900000,32.50000,-0.75000,0.244979,7
15.900000,33.50000,-0.50000,0.244979,8
15.900000,34.50000,-0.25000,0.244979,9
15.900000,35.50000,0.00000,0.000000,10
15.900000,36.50000,0.00000,0.000000,11
15.900000,37.50000,0.00000,0.000000,12
15.900000,38.50000,0.00000,0.000000,13
15.900000,39.50000,0.00000,0.000000,14
15.900000,40.50000,0.00000,0.000000,15
15.900000,41.50000,0.00000,0.000000,16
15.900000,42.50000,0.00000,0.000000,17
15.900000,43.50000,0.00000,0.000000,18
15.900000,44.50000,0.00000,0.000000,19
15.900000,45.50000,0.00000,0.000000,20
15.900000,46.50000,0.00000,0.000000,21
15.900000,47.50000,0.00000,0.000000,22
15.900000,48.50000,0.00000,0.000000,23
15.900000,49.50000,0.00000,0.008333,24
15.900000,50.49991,0.00833,0.066667,25
15.900000,51.49750,0.07494,0.133333,26
15.900000,52.48844,0.20785,0.200000,27
15.900000,53.46833,0.40648,0.513534,28
15.900000,54.35892,0.90879,0.584247,29
15.900000,55.19833,1.46385,0.584247,30
16.000000,25.70738,-2.61675,0.830041,0
16.000000,26.50000,-1.75000,0.244979,1
16.000000,27.50000,-1.50000,0.000000,2
16.000000,28.50000,-1.50000,0.000000,3
16.000000,29.50000,-1.50000,0.000000,4
16.000000,30.50000,-1.50000,0.244979,5
16.000000,31.50000,-1.25000,0.463648,6
16.000000,32.50000,-0.75000,0.244979,7
16.000000,33.50000,-0.50000,0.244979,8
16.000000,34.50000,-0.25000,0.244979,9
16.000000,35.50000,0.00000,0.000000,10
16.000000,36.50000,0.00000,0.000000,11
16.000000,37.50000,0.00000,0.000000,12
16.000000,38.50000,0.00000,0.000000,13
16.000000,39.50000,0.00000,0.000000,14
16.000000,40.50000,0.00000,0.000000,15
16.000000,41.50000,0.00000,0.000000,16
16.000000,42.50000,0.00000,0.000000,17
16.000000,43.50000,0.00000,0.000000,18
16.000000,44.50000,0.00000,0.000000,19
16.000000,45.50000,0.00000,0.000000,20
16.000000,46.50000,0.00000,0.000000,21
16.000000,47.50000,0.00000,0.000000,22
16.000000,48.50000,0.00000,0.000000,23
16.000000,49.50000,0.00000,0.008333,24
16.000000,50.49991,0.00833,0.066667,25
16.000000,51.49750,0.07494,0.133333,26
16.000000,52.48844,0.20785,0.200000,27
16.000000,53.46833,0.40648,0.266667,28
16.000000,54.43280,0.66995,0.580200,29
16.000000,55.28796,1.23047,0.580200,30
16.100000,25.81753,-2.66791,0.514168,0
16.100000,27.00000,-2.00000,0.244979,1
16.100000,28.00000,-1.75000,0.244979,2
16.100000,29.00000,-1.50000,0.000000,3
16.100000,30.00000,-1.50000,0.000000,4
16.100000,31.00000,-1.50000,0.463648,5
16.100000,32.00000,-1.00000,0.244979,6
16.100000,33.00000,-0.75000,0.244979,7
16.100000,34.00000,-0.50000,0.244979,8
16.100000,35.00000,-0.25000,0.244979,9
16.100000,36.00000,0.00000,0.000000,10
16.100000,37.00000,0.00000,0.000000,11
16.100000,38.00000,0.00000,0.000000,12
16.100000,39.00000,0.00000,0.000000,13
16.100000,40.00000,0.00000,0.000000,14
16.100000,41.00000,0.00000,0.000000,15
16.100000,42.00000,0.00000,0.000000,16
16.100000,43.00000,0.00000,0.000000,17
16.100000,44.00000,0.00000,0.000000,18
16.100000,45.00000,0.00000,0.000000,19
16.100000,46.00000,0.00000,0.000000,20
16.100000,47.00000,0.00000,0.000000,21
16.100000,48.00000,0.00000,0.000000,22
16.100000,49.00000,0.00000,0.000000,23
16.100000,50.00000,0.00000,0.033333,24
16.100000,50.99926,0.03332,0.100000,25
16.100000,51.99408,0.13314,0.166667,26
16.100000,52.98004,0.29900,0.233333,27
16.100000,53.95276,0.53018,0.300000,28
16.100000,54.90792,0.82565,0.613534,29
16.100000,55.74392,1.41435,0.613534,30
16.200000,25.91217,-2.72103,0.585330,0
16.200000,27.00000,-2.00000,0.244979,1
16.200000,28.00000,-1.75000,0.244979,2
16.200000,29.00000,-1.50000,0.000000,3
16.200000,30.00000,-1.50000,0.000000,4
16.200000,31.00000,-1.50000,0.463648,5
16.200000,32.00000,-1.00000,0.244979,6
16.200000,33.00000,-0.75000,0.244979,7
16.200000,34.00000,-0.50000,0.244979,8
16.200000,35.00000,-0.25000,0.244979,9
16.200000,36.00000,0.00000,0.000000,10
16.200000,37.00000,0.00000,0.000000,11
16.200000,38.00000,0.00000,0.000000,12
16.200000,39.00000,0.00000,0.000000,13
16.200000,40.00000,0.00000,0.000000,14
16.200000,41.00000,0.00000,0.000000,15
16.200000,42.00000,0.00000,0.000000,16
16.200000,43.00000,0.00000,0.000000,17
16.200000,44.00000,0.00000,0.000000,18
16.200000,45.00000,0.00000,0.000000,19
16.200000,46.00000,0.00000,0.000000,20
16.200000,47.00000,0.00000,0.000000,21
16.200000,48.00000,0.00000,0.000000,22
16.200000,49.00000,0.00000,0.000000,23
16.200000,50.00000,0.00000,0.033333,24
16.200000,50.99926,0.03332,0.100000,25
16.200000,51.99408,0.13314,0.166667,26
16.200000,52.98004,0.29900,0.233333,27
16.200000,53.95276,0.53018,0.300000,28
16.200000,54.90792,0.82565,0.366667,29
16.200000,55.84128,1.18409,0.366667,30
16.300000,26.02770,-2.73957,0.650280,0
16.300000,27.00000,-2.00000,0.244979,1
16.300000,28.00000,-1.75000,0.244979,2
16.300000,29.00000,-1.50000,0.000000,3
16.300000,30.00000,-1.50000,0.000000,4
16.300000,31.00000,-1.50000,0.463648,5
16.300000,32.00000,-1.00000,0.244979,6
16.300000,33.00000,-0.75000,0.244979,7
16.300000,34.00000,-0.50000,0.244979,8
16.300000,35.00000,-0.25000,0.244979,9
16.300000,36.00000,0.00000,0.000000,10
16.300000,37.00000,0.00000,0.000000,11
16.300000,38.00000,0.00000,0.000000,12
16.300000,39.00000,0.00000,0.000000,13
16.300000,40.00000,0.00000,0.000000,14
16.300000,41.00000,0.00000,0.000000,15
16.300000,42.00000,0.00000,0.000000,16
16.300000,43.00000,0.00000,0.000000,17
16.300000,44.00000,0.00000,0.000000,18
16.300000,45.00000,0.00000,0.000000,19
16.300000,46.00000,0.00000,0.000000,20
16.300000,47.00000,0.00000,0.000000,21
16.300000,48.00000,0.00000,0.000000,22
16.300000,49.00000,0.00000,0.000000,23
16.300000,50.00000,0.00000,0.033333,24
16.300000,50.99926,0.03332,0.100000,25
16.300000,51.99408,0.13314,0.166667,26
16.300000,52.98004,0.29900,0.233333,27
16.300000,53.95276,0.53018,0.300000,28
16.300000,54.90792,0.82565,0.366667,29
16.300000,55.84128,1.18409,0.366667,30
16.400000,26.11724,-2.78545,0.727136,0
16.400000,27.00000,-2.00000,0.244979,1
16.400000,28.00000,-1.75000,0.244979,2
16.400000,29.00000,-1.50000,0.000000,3
16.400000,30.00000,-1.50000,0.000000,4
16.400000,31.00000,-1.50000,0.463648,5
16.400000,32.00000,-1.00000,0.244979,6
16.400000,33.00000,-0.75000,0.244979,7
16.400000,34.00000,-0.50000,0.244979,8
16.400000,35.00000,-0.25000,0.244979,9
16.400000,36.00000,0.00000,0.000000,10
16.400000,37.00000,0.00000,0.000000,11
16.400000,38.00000,0.00000,0.000000,12
16.400000,39.00000,0.00000,0.000000,13
16.400000,40.00000,0.00000,0.000000,14
16.400000,41.00000,0.00000,0.000000,15
16.400000,42.00000,0.00000,0.000000,16
16.400000,43.00000,0.00000,0.000000,17
16.400000,44.00000,0.00000,0.000000,18
16.400000,45.00000,0.00000,0.000000,19
16.400000,46.00000,0.00000,0.000000,20
16.400000,47.00000,0.00000,0.000000,21
16.400000,48.00000,0.00000,0.000000,22
16.400000,49.00000,0.00000,0.000000,23
16.400000,50.00000,0.00000,0.033333,24
16.400000,50.99926,0.03332,0.100000,25
16.400000,51.99408,0.13314,0.166667,26
16.400000,52.98004,0.29900,0.233333,27
16.400000,53.95276,0.53018,0.300000,28
16.400000,54.90792,0.82565,0.366667,29
16.400000,55.84128,1.18409,0.366667,30
16.500000,26.21743,-2.77901,0.783120,0
16.500000,27.00000,-2.00000,0.244979,1
16.500000,28.00000,-1.75000,0.244979,2
16.500000,29.00000,-1.50000,0.000000,3
16.500000,30.00000,-1.50000,0.000000,4
16.500000,31.00000,-1.50000,0.463648,5
16.500000,32.00000,-1.00000,0.244979,6
16.500000,33.00000,-0.75000,0.244979,7
16.500000,34.00000,-0.50000,0.244979,8
16.500000,35.00000,-0.25000,0.244979,9
16.500000,36.00000,0.00000,0.000000,10
16.500000,37.00000,0.00000,0.000000,11
16.500000,38.00000,0.00000,0.000000,12
16.500000,39.00000,0.00000,0.000000,13
16.500000,40.00000,0.00000,0.000000,14
16.500000,41.00000,0.00000,0.000000,15
16.500000,42.00000,0.00000,0.000000,16
16.500000,43.00000,0.00000,0.000000,17
16.500000,44.00000,0.00000,0.000000,18
16.500000,45.00000,0.00000,0.000000,19
16.500000,46.00000,0.00000,0.000000,20
16.500000,47.00000,0.00000,0.000000,21
16.500000,48.00000,0.00000,0.000000,22
16.500000,49.00000,0.00000,0.000000,23
16.500000,50.00000,0.00000,0.033333,24
16.500000,50.99926,0.03332,0.100000,25
16.500000,51.99408,0.13314,0.166667,26
16.500000,52.98004,0.29900,0.233333,27
16.500000,53.95276,0.53018,0.300000,28
16.500000,54.90792,0.82565,0.366667,29
16.500000,55.84128,1.18409,0.366667,30
16.600000,26.26400,-2.82956,0.591109,0
16.600000,27.50000,-2.00000,0.244979,1
16.600000,28.50000,-1.75000,0.244979,2
16.600000,29.50000,-1.50000,0.000000,3
16.600000,30.50000,-1.50000,0.244979,4
16.600000,31.50000,-1.25000,0.463648,5
16.600000,32.50000,-0.75000,0.244979,6
16.600000,33.50000,-0.50000,0.244979,7
16.600000,34.50000,-0.25000,0.244979,8
16.600000,35.50000,0.00000,0.000000,9
16.600000,36.50000,0.00000,0.000000,10
16.600000,37.50000,0.00000,0.000000,11
16.600000,38.50000,0.00000,0.000000,12
16.600000,39.50000,0.00000,0.000000,13
16.600000,40.50000,0.00000,0.000000,14
16.600000,41.50000,0.00000,0.000000,15
16.600000,42.50000,0.00000,0.000000,16
16.600000,43.50000,0.00000,0.000000,17
16.600000,44.50000,0.00000,0.000000,18
16.600000,45.50000,0.00000,0.000000,19
16.600000,46.50000,0.00000,0.000000,20
16.600000,47.50000,0.00000,0.000000,21
16.600000,48.50000,0.00000,0.000000,22
16.600000,49.50000,0.00000,0.008333,23
16.600000,50.49991,0.00833,0.066667,24
16.600000,51.49750,0.07494,0.133333,25
16.600000,52.48844,0.20785,0.200000,26
16.600000,53.46833,0.40648,0.266667,27
16.600000,54.43280,0.66995,0.333333,28
16.600000,55.37759,0.99709,0.400000,29
16.600000,56.29848,1.38643,0.400000,30
16.700000,26.33514,-2.85869,0.635235,0
16.700000,27.50000,-2.00000,0.244979,1
16.700000,28.50000,-1.75000,0.244979,2
16.700000,29.50000,-1.50000,0.000000,3
16.700000,30.50000,-1.50000,0.244979,4
16.700000,31.50000,-1.25000,0.463648,5
16.700000,32.50000,-0.75000,0.244979,6
16.700000,33.50000,-0.50000,0.244979,7
16.700000,34.50000,-0.25000,0.244979,8
16.700000,35.50000,0.00000,0.000000,9
16.700000,36.50000,0.00000,0.000000,10
16.700000,37.50000,0.00000,0.000000,11
16.700000,38.50000,0.00000,0.000000,12
16.700000,39.50000,0.00000,0.000000,13
16.700000,40.50000,0.00000,0.000000,14
16.700000,41.50000,0.00000,0.000000,15
16.700000,42.50000,0.00000,0.000000,16
16.700000,43.50000,0.00000,0.000000,17
16.700000,44.50000,0.00000,0.000000,18
16.700000,45.50000,0.00000,0.000000,19
16.700000,46.50000,0.00000,0.000000,20
16.700000,47.50000,0.00000,0.000000,21
16.700000,48.50000,0.00000,0.000000,22
16.700000,49.50000,0.00000,0.008333,23
16.700000,50.49991,0.00833,0.066667,24
16.700000,51.49750,0.07494,0.133333,25
16.700000,52.48844,0.20785,0.200000,26
16.700000,53.46833,0.40648,0.266667,27
16.700000,54.43280,0.66995,0.333333,28
16.700000,55.37759,0.99709,0.400000,29
16.700000,56.29848,1.38643,0.400000,30
16.800000,26.42061,-2.85278,0.668648,0
16.800000,27.50000,-2.00000,0.244979,1
16.800000,28.50000,-1.75000,0.244979,2
16.800000,29.50000,-1.50000,0.000000,3
16.800000,30.50000,-1.50000,0.244979,4
16.800000,31.50000,-1.25000,0.463648,5
16.800000,32.50000,-0.75000,0.244979,6
16.800000,33.50000,-0.50000,0.244979,7
16.800000,34.50000,-0.25000,0.244979,8
16.800000,35.50000,0.00000,0.000000,9
16.800000,36.50000,0.00000,0.000000,10
16.800000,37.50000,0.00000,0.000000,11
16.800000,38.50000,0.00000,0.000000,12
16.800000,39.50000,0.00000,0.000000,13
16.800000,40.50000,0.00000,0.000000,14
16.800000,41.50000,0.00000,0.000000,15
16.800000,42.50000,0.00000,0.000000,16
16.800000,43.50000,0.00000,0.000000,17
16.800000,44.50000,0.00000,0.000000,18
16.800000,45.50000,0.00000,0.000000,19
16.800000,46.50000,0.00000,0.000000,20
16.800000,47.50000,0.00000,0.000000,21
16.800000,48.50000,0.00000,0.000000,22
16.800000,49.50000,0.00000,0.008333,23
16.800000,50.49991,0.00833,0.066667,24
16.800000,51.49750,0.07494,0.133333,25
16.800000,52.48844,0.20785,0.200000,26
16.800000,53.46833,0.40648,0.266667,27
16.800000,54.43280,0.66995,0.333333,28
16.800000,55.37759,0.99709,0.400000,29
16.800000,56.29848,1.38643,0.400000,30
16.900000,26.47537,-2.84846,0.691617,0
16.900000,27.50000,-2.00000,0.244979,1
16.900000,28.50000,-1.75000,0.244979,2
16.900000,29.50000,-1.50000,0.000000,3
16.900000,30.50000,-1.50000,0.244979,4
16.900000,31.50000,-1.25000,0.463648,5
16.900000,32.50000,-0.75000,0.244979,6
16.900000,33.50000,-0.50000,0.244979,7
16.900000,34.50000,-0.25000,0.244979,8
16.900000,35.50000,0.00000,0.000000,9
16.900000,36.50000,0.00000,0.000000,10
16.900000,37.50000,0.00000,0.000000,11
16.900000,38.50000,0.00000,0.000000,12
16.900000,39.50000,0.00000,0.000000,13
16.900000,40.50000,0.00000,0.000000,14
16.900000,41.50000,0.00000,0.000000,15
16.900000,42.50000,0.00000,0.000000,16
16.900000,43.50000,0.00000,0.000000,17
16.900000,44.50000,0.00000,0.000000,18
16.900000,45.50000,0.00000,0.000000,19
16.900000,46.50000,0.00000,0.000000,20
16.900000,47.50000,0.00000,0.000000,21
16.900000,48.50000,0.00000,0.000000,22
16.900000,49.50000,0.00000,0.008333,23
16.900000,50.49991,0.00833,0.066667,24
16.900000,51.49750,0.07494,0.133333,25
16.900000,52.48844,0.20785,0.200000,26
16.900000,53.46833,0.40648,0.266667,27
16.900000,54.43280,0.66995,0.333333,28
16.900000,55.37759,0.99709,0.400000,29
16.900000,56.29848,1.38643,0.400000,30
17.000000,26.59185,-2.86906,0.763405,0
17.000000,27.50000,-2.00000,0.244979,1
17.000000,28.50000,-1.75000,0.244979,2
17.000000,29.50000,-1.50000,0.000000,3
17.000000,30.50000,-1.50000,0.244979,4
17.000000,31.50000,-1.25000,0.463648,5
17.000000,32.50000,-0.75000,0.244979,6
17.000000,33.50000,-0.50000,0.244979,7
17.000000,34.50000,-0.25000,0.244979,8
17.000000,35.50000,0.00000,0.000000,9
17.000000,36.50000,0.00000,0.000000,10
17.000000,37.50000,0.00000,0.000000,11
17.000000,38.50000,0.00000,0.000000,12
17.000000,39.50000,0.00000,0.000000,13
17.000000,40.50000,0.00000,0.000000,14
17.000000,41.50000,0.00000,0.000000,15
17.000000,42.50000,0.00000,0.000000,16
17.000000,43.50000,0.00000,0.000000,17
17.000000,44.50000,0.00000,0.000000,18
17.000000,45.50000,0.00000,0.000000,19
17.000000,46.50000,0.00000,0.000000,20
17.000000,47.50000,0.00000,0.000000,21
17.000000,48.50000,0.00000,0.000000,22
17.000000,49.50000,0.00000,0.008333,23
17.000000,50.49991,0.00833,0.066667,24
17.000000,51.49750,0.07494,0.133333,25
17.000000,52.48844,0.20785,0.200000,26
17.000000,53.46833,0.40648,0.266667,27
17.000000,54.43280,0.66995,0.333333,28
17.000000,55.37759,0.99709,0.400000,29
17.000000,56.29848,1.38643,0.400000,30
17.100000,26.65856,-2.88966,0.813246,0
17.100000,27.50000,-2.00000,0.244979,1
17.100000,28.50000,-1.75000,0.244979,2
17.100000,29.50000,-1.50000,0.000000,3
17.100000,30.50000,-1.50000,0.244979,4
17.100000,31.50000,-1.25000,0.463648,5
17.100000,32.50000,-0.75000,0.244979,6
17.100000,33.50000,-0.50000,0.244979,7
17.100000,34.50000,-0.25000,0.244979,8
17.100000,35.50000,0.00000,0.000000,9
17.100000,36.50000,0.00000,0.000000,10
17.100000,37.50000,0.00000,0.000000,11
17.100000,38.50000,0.00000,0.000000,12
17.100000,39.50000,0.00000,0.000000,13
17.100000,40.50000,0.00000,0.000000,14
17.100000,41.50000,0.00000,0.000000,15
17.100000,42.50000,0.00000,0.000000,16
17.100000,43.50000,0.00000,0.000000,17
17.100000,44.50000,0.00000,0.000000,18
17.100000,45.50000,0.00000,0.000000,19
17.100000,46.50000,0.00000,0.000000,20
17.100000,47.50000,0.00000,0.000000,21
17.100000,48.50000,0.00000,0.000000,22
17.100000,49.50000,0.00000,0.008333,23
17.100000,50.49991,0.00833,0.066667,24
17.100000,51.49750,0.07494,0.133333,25
17.100000,52.48844,0.20785,0.200000,26
17.100000,53.46833,0.40648,0.266667,27
17.100000,54.43280,0.66995,0.333333,28
17.100000,55.37759,0.99709,0.400000,29
17.100000,56.29848,1.38643,0.400000,30
17.200000,26.70570,-2.93310,0.710268,0
17.200000,27.50000,-2.25000,0.463648,1
17.200000,28.50000,-1.75000,0.244979,2
17.200000,29.50000,-1.50000,0.000000,3
17.200000,30.50000,-1.50000,0.244979,4
17.200000,31.50000,-1.25000,0.463648,5
17.200000,32.50000,-0.75000,0.244979,6
17.200000,33.50000,-0.50000,0.244979,7
17.200000,34.50000,-0.25000,0.244979,8
17.200000,35.50000,0.00000,0.000000,9
17.200000,36.50000,0.00000,0.000000,10
17.200000,37.50000,0.00000,0.000000,11
17.200000,38.50000,0.00000,0.000000,12
17.200000,39.50000,0.00000,0.000000,13
17.200000,40.50000,0.00000,0.000000,14
17.200000,41.50000,0.00000,0.000000,15
17.200000,42.50000,0.00000,0.000000,16
17.200000,43.50000,0.00000,0.000000,17
17.200000,44.50000,0.00000,0.000000,18
17.200000,45.50000,0.00000,0.000000,19
17.200000,46.50000,0.00000,0.000000,20
17.200000,47.50000,0.00000,0.000000,21
17.200000,48.50000,0.00000,0.000000,22
17.200000,49.50000,0.00000,0.008333,23
17.200000,50.49991,0.00833,0.066667,24
17.200000,51.49750,0.07494,0.133333,25
17.200000,52.48844,0.20785,0.200000,26
17.200000,53.46833,0.40648,0.266667,27
17.200000,54.43280,0.66995,0.333333,28
17.200000,55.37759,0.99709,0.400000,29
17.200000,56.29848,1.38643,0.400000,30
17.300000,26.81356,-2.91749,0.512463,0
17.300000,28.00000,-2.25000,0.463648,1
17.300000,29.00000,-1.75000,0.244979,2
17.300000,30.00000,-1.50000,0.000000,3
17.300000,31.00000,-1.50000,0.463648,4
17.300000,32.00000,-1.00000,0.244979,5
17.300000,33.00000,-0.75000,0.244979,6
17.300000,34.00000,-0.50000,0.244979,7
17.300000,35.00000,-0.25000,0.244979,8
17.300000,36.00000,0.00000,0.000000,9
17.300000,37.00000,0.00000,0.000000,10
17.300000,38.00000,0.00000,0.000000,11
17.300000,39.00000,0.00000,0.000000,12
17.300000,40.00000,0.00000,0.000000,13
17.300000,41.00000,0.00000,0.000000,14
17.300000,42.00000,0.00000,0.000000,15
17.300000,43.00000,0.00000,0.000000,16
17.300000,44.00000,0.00000,0.000000,17
17.300000,45.00000,0.00000,0.000000,18
17.300000,46.00000,0.00000,0.000000,19
17.300000,47.00000,0.00000,0.000000,20
17.300000,48.00000,0.00000,0.000000,21
17.300000,49.00000,0.00000,0.000000,22
17.300000,50.00000,0.00000,0.033333,23
17.300000,50.99926,0.03332,0.100000,24
17.300000,51.99408,0.13314,0.166667,25
17.300000,52.98004,0.29900,0.233333,26
17.300000,53.95276,0.53018,0.300000,27
17.300000,54.90792,0.82565,0.366667,28
17.300000,55.84128,1.18409,0.433333,29
17.300000,56.74868,1.60391,0.433333,30
17.400000,26.87326,-2.93975,0.549317,0
17.400000,28.00000,-2.25000,0.463648,1
17.400000,29.00000,-1.75000,0.244979,2
17.400000,30.00000,-1.50000,0.000000,3
17.400000,31.00000,-1.50000,0.463648,4
17.400000,32.00000,-1.00000,0.244979,5
17.400000,33.00000,-0.75000,0.244979,6
17.400000,34.00000,-0.50000,0.244979,7
17.400000,35.00000,-0.25000,0.244979,8
17.400000,36.00000,0.00000,0.000000,9
17.400000,37.00000,0.00000,0.000000,10
17.400000,38.00000,0.00000,0.000000,11
17.400000,39.00000,0.00000,0.000000,12
17.400000,40.00000,0.00000,0.000000,13
17.400000,41.00000,0.00000,0.000000,14
17.400000,42.00000,0.00000,0.000000,15
17.400000,43.00000,0.00000,0.000000,16
17.400000,44.00000,0.00000,0.000000,17
17.400000,45.00000,0.00000,0.000000,18
17.400000,46.00000,0.00000,0.000000,19
17.400000,47.00000,0.00000,0.000000,20
17.400000,48.00000,0.00000,0.000000,21
17.400000,49.00000,0.00000,0.000000,22
17.400000,50.00000,0.00000,0.033333,23
17.400000,50.99926,0.03332,0.100000,24
17.400000,51.99408,0.13314,0.166667,25
17.400000,52.98004,0.29900,0.233333,26
17.400000,53.95276,0.53018,0.300000,27
17.400000,54.90792,0.82565,0.366667,28
17.400000,55.84128,1.18409,0.433333,29
17.400000,56.74868,1.60391,0.433333,30
17.500000,26.96560,-2.98692,0.619008,0
17.500000,28.00000,-2.25000,0.463648,1
17.500000,29.00000,-1.75000,0.244979,2
17.500000,30.00000,-1.50000,0.000000,3
17.500000,31.00000,-1.50000,0.463648,4
17.500000,32.00000,-1.00000,0.244979,5
17.500000,33.00000,-0.75000,0.244979,6
17.500000,34.00000,-0.50000,0.244979,7
17.500000,35.00000,-0.25000,0.244979,8
17.500000,36.00000,0.00000,0.000000,9
17.500000,37.00000,0.00000,0.000000,10
17.500000,38.00000,0.00000,0.000000,11
17.500000,39.00000,0.00000,0.000000,12
17.500000,40.00000,0.00000,0.000000,13
17.500000,41.00000,0.00000,0.000000,14
17.500000,42.00000,0.00000,0.000000,15
17.500000,43.00000,0.00000,0.000000,16
17.500000,44.00000,0.00000,0.000000,17
17.500000,45.00000,0.00000,0.000000,18
17.500000,46.00000,0.00000,0.000000,19
17.500000,47.00000,0.00000,0.000000,20
17.500000,48.00000,0.00000,0.000000,21
17.500000,49.00000,0.00000,0.000000,22
17.500000,50.00000,0.00000,0.033333,23
17.500000,50.99926,0.03332,0.100000,24
17.500000,51.99408,0.13314,0.166667,25
17.500000,52.98004,0.29900,0.233333,26
17.500000,53.95276,0.53018,0.300000,27
17.500000,54.90792,0.82565,0.366667,28
17.500000,55.84128,1.18409,0.433333,29
17.500000,56.74868,1.60391,0.433333,30
17.602000,27.09593,-3.01726,0.703721,0
17.602000,28.00000,-2.25000,0.463648,1
17.602000,29.00000,-1.75000,0.244979,2
17.602000,30.00000,-1.50000,0.000000,3
17.602000,31.00000,-1.50000,0.463648,4
17.602000,32.00000,-1.00000,0.244979,5
17.602000,33.00000,-0.75000,0.244979,6
17.602000,34.00000,-0.50000,0.244979,7
17.602000,35.00000,-0.25000,0.244979,8
17.602000,36.00000,0.00000,0.000000,9
17.602000,37.00000,0.00000,0.000000,10
17.602000,38.00000,0.00000,0.000000,11
17.602000,39.00000,0.00000,0.000000,12
17.602000,40.00000,0.00000,0.000000,13
17.602000,41.00000,0.00000,0.000000,14
17.602000,42.00000,0.00000,0.000000,15
17.602000,43.00000,0.00000,0.000000,16
17.602000,44.00000,0.00000,0.000000,17
17.602000,45.00000,0.00000,0.000000,18
17.602000,46.00000,0.00000,0.000000,19
17.602000,47.00000,0.00000,0.000000,20
17.602000,48.00000,0.00000,0.000000,21
17.602000,49.00000,0.00000,0.000000,22
17.602000,50.00000,0.00000,0.033333,23
17.602000,50.99926,0.03332,0.100000,24
17.602000,51.99408,0.13314,0.166667,25
17.602000,52.98004,0.29900,0.233333,26
17.602000,53.95276,0.53018,0.300000,27
17.602000,54.90792,0.82565,0.366667,28
17.602000,55.84128,1.18409,0.433333,29
17.602000,56.74868,1.60391,0.433333,30
17.700000,27.19091,-3.03611,0.770993,0
17.700000,28.00000,-2.25000,0.463648,1
17.700000,29.00000,-1.75000,0.244979,2
17.700000,30.00000,-1.50000,0.000000,3
17.700000,31.00000,-1.50000,0.463648,4
17.700000,32.00000,-1.00000,0.244979,5
17.700000,33.00000,-0.75000,0.244979,6
17.700000,34.00000,-0.50000,0.244979,7
17.700000,35.00000,-0.25000,0.000000,8
17.700000,36.00000,-0.25000,0.000000,9
17.700000,37.00000,-0.25000,0.000000,10
17.700000,38.00000,-0.25000,0.000000,11
17.700000,39.00000,-0.25000,0.000000,12
17.700000,40.00000,-0.25000,0.000000,13
17.700000,41.00000,-0.25000,0.000000,14
17.700000,42.00000,-0.25000,0.000000,15
17.700000,43.00000,-0.25000,0.000000,16
17.700000,44.00000,-0.25000,0.000000,17
17.700000,45.00000,-0.25000,0.000000,18
17.700000,46.00000,-0.25000,0.000000,19
17.700000,47.00000,-0.25000,-0.244979,20
17.700000,48.00000,-0.50000,-0.244979,21
17.700000,49.00000,-0.75000,0.000000,22
17.700000,50.00000,-0.75000,-0.198552,23
17.700000,51.06588,-0.96446,0.100000,24
17.700000,52.12702,-0.85799,0.398552,25
17.700000,53.12904,-0.43605,0.468794,26
17.700000,54.08452,0.04785,0.300000,27
17.700000,55.07152,0.35317,0.366667,28
17.700000,56.03598,0.72355,0.433333,29
17.700000,56.97363,1.15737,0.433333,30
17.802000,27.28385,-3.06707,0.591584,0
17.802000,28.50000,-2.25000,0.463648,1
17.802000,29.50000,-1.75000,0.244979,2
17.802000,30.50000,-1.50000,0.244979,3
17.802000,31.50000,-1.25000,0.463648,4
17.802000,32.50000,-0.75000,0.244979,5
17.802000,33.50000,-0.50000,0.244979,6
17.802000,34.50000,-0.25000,0.000000,7
17.802000,35.50000,-0.25000,0.000000,8
17.802000,36.50000,-0.25000,0.000000,9
17.802000,37.50000,-0.25000,0.000000,10
17.802000,38.50000,-0.25000,0.000000,11
17.802000,39.50000,-0.25000,0.000000,12
17.802000,40.50000,-0.25000,0.000000,13
17.802000,41.50000,-0.25000,0.000000,14
17.802000,42.50000,-0.25000,0.000000,15
17.802000,43.50000,-0.25000,0.000000,16
17.802000,44.50000,-0.25000,0.000000,17
17.802000,45.50000,-0.25000,0.000000,18
17.802000,46.50000,-0.25000,0.000000,19
17.802000,47.50000,-0.25000,-0.244979,20
17.802000,48.50000,-0.50000,-0.244979,21
17.802000,49.50000,-0.75000,-0.229254,22
17.802000,50.53323,-0.99111,0.066667,23
17.802000,51.59733,-0.92007,0.365219,24
17.802000,52.61286,-0.53176,0.435461,25
17.802000,53.58394,-0.07997,0.266667,26
17.802000,54.58056,0.19228,0.333333,27
17.802000,55.55684,0.53032,0.400000,28
17.802000,56.50842,0.93265,0.466667,29
17.802000,57.43110,1.39747,0.466667,30
17.900000,27.44109,-3.11460,0.684724,0
17.900000,28.50000,-2.25000,0.463648,1
17.900000,29.50000,-1.75000,0.244979,2
17.900000,30.50000,-1.50000,0.244979,3
17.900000,31.50000,-1.25000,0.244979,4
17.900000,32.50000,-1.00000,0.244979,5
17.900000,33.50000,-0.75000,0.244979,6
17.900000,34.50000,-0.50000,0.000000,7
17.900000,35.50000,-0.50000,0.000000,8
17.900000,36.50000,-0.50000,0.000000,9
17.900000,37.50000,-0.50000,0.000000,10
17.900000,38.50000,-0.50000,0.000000,11
17.900000,39.50000,-0.50000,0.000000,12
17.900000,40.50000,-0.50000,0.000000,13
17.900000,41.50000,-0.50000,0.000000,14
17.900000,42.50000,-0.50000,0.000000,15
17.900000,43.50000,-0.50000,0.000000,16
17.900000,44.50000,-0.50000,0.000000,17
17.900000,45.50000,-0.50000,0.000000,18
17.900000,46.50000,-0.50000,0.000000,19
17.900000,47.50000,-0.50000,0.000000,20
17.900000,48.50000,-0.50000,-0.244979,21
17.900000,49.50000,-0.75000,-0.229254,22
17.900000,50.53323,-0.99111,0.066667,23
17.900000,51.59733,-0.92007,0.365219,24
17.900000,52.61286,-0.53176,0.435461,25
17.900000,53.58394,-0.07997,0.266667,26
17.900000,54.58056,0.19228,0.333333,27
17.900000,55.55684,0.53032,0.400000,28
17.900000,56.50842,0.93265,0.466667,29
17.900000,57.43110,1.39747,0.466667,30
18.000000,27.62007,-3.13170,0.786408,0
18.000000,28.50000,-2.25000,0.463648,1
18.000000,29.50000,-1.75000,0.244979,2
18.000000,30.50000,-1.50000,0.244979,3
18.000000,31.50000,-1.25000,0.244979,4
18.000000,32.50000,-1.00000,0.244979,5
18.000000,33.50000,-0.75000,0.244979,6
18.000000,34.50000,-0.50000,0.000000,7
18.000000,35.50000,-0.50000,0.000000,8
18.000000,36.50000,-0.50000,0.000000,9
18.000000,37.50000,-0.50000,0.000000,10
18.000000,38.50000,-0.50000,0.000000,11
18.000000,39.50000,-0.50000,0.000000,12
18.000000,40.50000,-0.50000,0.000000,13
18.000000,41.50000,-0.50000,0.000000,14
18.000000,42.50000,-0.50000,0.000000,15
18.000000,43.50000,-0.50000,0.000000,16
18.000000,44.50000,-0.50000,0.000000,17
18.000000,45.50000,-0.50000,0.000000,18
18.000000,46.50000,-0.50000,0.000000,19
18.000000,47.50000,-0.50000,0.000000,20
18.000000,48.50000,-0.50000,-0.244979,21
18.000000,49.50000,-0.75000,-0.229254,22
18.000000,50.53323,-0.99111,0.066667,23
18.000000,51.59733,-0.92007,0.365219,24
18.000000,52.61286,-0.53176,0.435461,25
18.000000,53.58394,-0.07997,0.266667,26
18.000000,54.58056,0.19228,0.333333,27
18.000000,55.55684,0.53032,0.400000,28
18.000000,56.50842,0.93265,0.466667,29
18.000000,57.43110,1.39747,0.466667,30
18.100000,27.77678,-3.14003,0.629016,0
18.100000,29.00000,-2.25000,0.463648,1
18.100000,30.00000,-1.75000,0.244979,2
18.100000,31.00000,-1.50000,0.463648,3
18.100000,32.00000,-1.00000,0.244979,4
18.100000,33.00000,-0.75000,0.244979,5
18.100000,34.00000,-0.50000,0.244979,6
18.100000,35.00000,-0.25000,0.000000,7
18.100000,36.00000,-0.25000,0.000000,8
18.100000,37.00000,-0.25000,0.000000,9
18.100000,38.00000,-0.25000,0.000000,10
18.100000,39.00000,-0.25000,0.000000,11
18.100000,40.00000,-0.25000,0.000000,12
18.100000,41.00000,-0.25000,0.000000,13
18.100000,42.00000,-0.25000,0.000000,14
18.100000,43.00000,-0.25000,0.000000,15
18.100000,44.00000,-0.25000,0.000000,16
18.100000,45.00000,-0.25000,0.000000,17
18.100000,46.00000,-0.25000,0.000000,18
18.100000,47.00000,-0.25000,-0.244979,19
18.100000,48.00000,-0.50000,-0.244979,20
18.100000,49.00000,-0.75000,-0.244979,21
18.100000,50.00000,-1.00000,0.033333,22
18.100000,51.06588,-0.96446,0.100000,23
18.100000,52.12702,-0.85799,0.398552,24
18.100000,53.12904,-0.43605,0.468794,25
18.100000,54.08452,0.04785,0.300000,26
18.100000,55.07152,0.35317,0.366667,27
18.100000,56.03598,0.72355,0.433333,28
18.100000,56.97363,1.15737,0.500000,29
18.100000,57.88030,1.65268,0.500000,30
18.202000,27.94260,-3.12704,0.692427,0
18.202000,29.00000,-2.25000,0.463648,1
18.202000,30.00000,-1.75000,0.244979,2
18.202000,31.00000,-1.50000,0.463648,3
18.202000,32.00000,-1.00000,0.244979,4
18.202000,33.00000,-0.75000,0.244979,5
18.202000,34.00000,-0.50000,0.244979,6
18.202000,35.00000,-0.25000,0.000000,7
18.202000,36.00000,-0.25000,0.000000,8
18.202000,37.00000,-0.25000,0.000000,9
18.202000,38.00000,-0.25000,0.000000,10
18.202000,39.00000,-0.25000,0.000000,11
18.202000,40.00000,-0.25000,0.000000,12
18.202000,41.00000,-0.25000,0.000000,13
18.202000,42.00000,-0.25000,0.000000,14
18.202000,43.00000,-0.25000,0.000000,15
18.202000,44.00000,-0.25000,0.000000,16
18.202000,45.00000,-0.25000,0.000000,17
18.202000,46.00000,-0.25000,0.000000,18
18.202000,47.00000,-0.25000,-0.244979,19
18.202000,48.00000,-0.50000,-0.244979,20
18.202000,49.00000,-0.75000,0.000000,21
18.202000,50.00000,-0.75000,-0.198552,22
18.202000,51.06588,-0.96446,0.100000,23
18.202000,52.12702,-0.85799,0.398552,24
18.202000,53.12904,-0.43605,0.468794,25
18.202000,54.08452,0.04785,0.300000,26
18.202000,55.07152,0.35317,0.366667,27
18.202000,56.03598,0.72355,0.433333,28
18.202000,56.97363,1.15737,0.500000,29
18.202000,57.88030,1.65268,0.500000,30
18.300000,28.13624,-3.11093,0.783759,0
18.300000,29.00000,-2.25000,0.463648,1
18.300000,30.00000,-1.75000,0.244979,2
18.300000,31.00000,-1.50000,0.463648,3
18.300000,32.00000,-1.00000,0.244979,4
18.300000,33.00000,-0.75000,0.244979,5
18.300000,34.00000,-0.50000,0.244979,6
18.300000,35.00000,-0.25000,0.000000,7
18.300000,36.00000,-0.25000,0.000000,8
18.300000,37.00000,-0.25000,0.000000,9
18.300000,38.00000,-0.25000,0.000000,10
18.300000,39.00000,-0.25000,0.000000,11
18.300000,40.00000,-0.25000,0.000000,12
18.300000,41.00000,-0.25000,0.000000,13
18.300000,42.00000,-0.25000,0.000000,14
18.300000,43.00000,-0.25000,0.000000,15
18.300000,44.00000,-0.25000,0.000000,16
18.300000,45.00000,-0.25000,0.000000,17
18.300000,46.00000,-0.25000,0.000000,18
18.300000,47.00000,-0.25000,-0.244979,19
18.300000,48.00000,-0.50000,-0.244979,20
18.300000,49.00000,-0.75000,0.000000,21
18.300000,50.00000,-0.75000,-0.198552,22
18.300000,51.06588,-0.96446,0.100000,23
18.300000,52.12702,-0.85799,0.398552,24
18.300000,53.12904,-0.43605,0.468794,25
18.300000,54.08452,0.04785,0.300000,26
18.300000,55.07152,0.35317,0.366667,27
18.300000,56.03598,0.72355,0.433333,28
18.300000,56.97363,1.15737,0.500000,29
18.300000,57.88030,1.65268,0.500000,30
18.400000,28.32438,-3.10911,0.631084,0
18.400000,29.50000,-2.25000,0.463648,1
18.400000,30.50000,-1.75000,0.244979,2
18.400000,31.50000,-1.50000,0.463648,3
18.400000,32.50000,-1.00000,0.244979,4
18.400000,33.50000,-0.75000,0.244979,5
18.400000,34.50000,-0.50000,0.244979,6
18.400000,35.50000,-0.25000,0.000000,7
18.400000,36.50000,-0.25000,0.000000,8
18.400000,37.50000,-0.25000,0.000000,9
18.400000,38.50000,-0.25000,0.000000,10
18.400000,39.50000,-0.25000,0.000000,11
18.400000,40.50000,-0.25000,0.000000,12
18.400000,41.50000,-0.25000,0.000000,13
18.400000,42.50000,-0.25000,0.000000,14
18.400000,43.50000,-0.25000,0.000000,15
18.400000,44.50000,-0.25000,0.000000,16
18.400000,45.50000,-0.25000,0.000000,17
18.400000,46.50000,-0.25000,0.000000,18
18.400000,47.50000,-0.25000,-0.244979,19
18.400000,48.50000,-0.50000,-0.244979,20
18.400000,49.50000,-0.75000,-0.229254,21
18.400000,50.53323,-0.99111,0.066667,22
18.400000,51.59733,-0.92007,0.365219,23
18.400000,52.61286,-0.53176,0.435461,24
18.400000,53.58394,-0.07997,0.266667,25
18.400000,54.58056,0.19228,0.333333,26
18.400000,55.55684,0.53032,0.400000,27
18.400000,56.50842,0.93265,0.466667,28
18.400000,57.43110,1.39747,0.533333,29
18.400000,58.32075,1.92273,0.533333,30
18.500000,28.50231,-3.12642,0.720782,0
18.500000,29.50000,-2.25000,0.463648,1
18.500000,30.50000,-1.75000,0.244979,2
18.500000,31.50000,-1.50000,0.463648,3
18.500000,32.50000,-1.00000,0.244979,4
18.500000,33.50000,-0.75000,0.244979,5
18.500000,34.50000,-0.50000,0.000000,6
18.500000,35.50000,-0.50000,0.000000,7
18.500000,36.50000,-0.50000,0.000000,8
18.500000,37.50000,-0.50000,0.000000,9
18.500000,38.50000,-0.50000,0.000000,10
18.500000,39.50000,-0.50000,0.000000,11
18.500000,40.50000,-0.50000,0.000000,12
18.500000,41.50000,-0.50000,0.000000,13
18.500000,42.50000,-0.50000,0.000000,14
18.500000,43.50000,-0.50000,0.000000,15
18.500000,44.50000,-0.50000,0.000000,16
18.500000,45.50000,-0.50000,0.000000,17
18.500000,46.50000,-0.50000,0.000000,18
18.500000,47.50000,-0.50000,0.000000,19
18.500000,48.50000,-0.50000,-0.244979,20
18.500000,49.50000,-0.75000,-0.229254,21
18.500000,50.53323,-0.99111,0.066667,22
18.500000,51.59733,-0.92007,0.365219,23
18.500000,52.61286,-0.53176,0.435461,24
18.500000,53.58394,-0.07997,0.266667,25
18.500000,54.58056,0.19228,0.333333,26
18.500000,55.55684,0.53032,0.400000,27
18.500000,56.50842,0.93265,0.466667,28
18.500000,57.43110,1.39747,0.533333,29
18.500000,58.32075,1.92273,0.533333,30
18.600000,28.70235,-3.10578,0.820541,0
18.600000,29.50000,-2.25000,0.463648,1
18.600000,30.50000,-1.75000,0.244979,2
18.600000,31.50000,-1.50000,0.463648,3
18.600000,32.50000,-1.00000,0.244979,4
18.600000,33.50000,-0.75000,0.244979,5
18.600000,34.50000,-0.50000,0.000000,6
18.600000,35.50000,-0.50000,0.000000,7
18.600000,36.50000,-0.50000,0.000000,8
18.600000,37.50000,-0.50000,0.000000,9
18.600000,38.50000,-0.50000,0.000000,10
18.600000,39.50000,-0.50000,0.000000,11
18.600000,40.50000,-0.50000,0.000000,12
18.600000,41.50000,-0.50000,0.000000,13
18.600000,42.50000,-0.50000,0.000000,14
18.600000,43.50000,-0.50000,0.000000,15
18.600000,44.50000,-0.50000,0.000000,16
18.600000,45.50000,-0.50000,0.000000,17
18.600000,46.50000,-0.50000,0.000000,18
18.600000,47.50000,-0.50000,0.000000,19
18.600000,48.50000,-0.50000,-0.244979,20
18.600000,49.50000,-0.75000,-0.229254,21
18.600000,50.53323,-0.99111,0.066667,22
18.600000,51.59733,-0.92007,0.365219,23
18.600000,52.61286,-0.53176,0.435461,24
18.600000,53.58394,-0.07997,0.266667,25
18.600000,54.58056,0.19228,0.333333,26
18.600000,55.55684,0.53032,0.400000,27
18.600000,56.50842,0.93265,0.466667,28
18.600000,57.43110,1.39747,0.533333,29
18.600000,58.32075,1.92273,0.533333,30
18.700000,28.87438,-3.09195,0.642213,0
18.700000,30.00000,-2.25000,0.463648,1
18.700000,31.00000,-1.75000,0.463648,2
18.700000,32.00000,-1.25000,0.244979,3
18.700000,33.00000,-1.00000,0.244979,4
18.700000,34.00000,-0.75000,0.244979,5
18.700000,35.00000,-0.50000,0.000000,6
18.700000,36.00000,-0.50000,0.000000,7
18.700000,37.00000,-0.50000,0.000000,8
18.700000,38.00000,-0.50000,0.000000,9
18.700000,39.00000,-0.50000,0.000000,10
18.700000,40.00000,-0.50000,0.000000,11
18.700000,41.00000,-0.50000,0.000000,12
18.700000,42.00000,-0.50000,0.000000,13
18.700000,43.00000,-0.50000,0.000000,14
18.700000,44.00000,-0.50000,0.000000,15
18.700000,45.00000,-0.50000,0.000000,16
18.700000,46.00000,-0.50000,0.000000,17
18.700000,47.00000,-0.50000,0.000000,18
18.700000,48.00000,-0.50000,-0.244979,19
18.700000,49.00000,-0.75000,-0.244979,20
18.700000,50.00000,-1.00000,0.033333,21
18.700000,51.06588,-0.96446,0.100000,22
18.700000,52.12702,-0.85799,0.398552,23
18.700000,53.12904,-0.43605,0.468794,24
18.700000,54.08452,0.04785,0.300000,25
18.700000,55.07152,0.35317,0.366667,26
18.700000,56.03598,0.72355,0.433333,27
18.700000,56.97363,1.15737,0.500000,28
18.700000,57.88030,1.65268,0.566667,29
18.700000,58.75196,2.20730,0.566667,30
18.800000,29.02833,-3.09034,0.713045,0
18.800000,30.00000,-2.25000,0.463648,1
18.800000,31.00000,-1.75000,0.463648,2
18.800000,32.00000,-1.25000,0.244979,3
18.800000,33.00000,-1.00000,0.244979,4
18.800000,34.00000,-0.75000,0.244979,5
18.800000,35.00000,-0.50000,0.000000,6
18.800000,36.00000,-0.50000,0.000000,7
18.800000,37.00000,-0.50000,0.000000,8
18.800000,38.00000,-0.50000,0.000000,9
18.800000,39.00000,-0.50000,0.000000,10
18.800000,40.00000,-0.50000,0.000000,11
18.800000,41.00000,-0.50000,0.000000,12
18.800000,42.00000,-0.50000,0.000000,13
18.800000,43.00000,-0.50000,0.000000,14
18.800000,44.00000,-0.50000,0.000000,15
18.800000,45.00000,-0.50000,0.000000,16
18.800000,46.00000,-0.50000,0.000000,17
18.800000,47.00000,-0.50000,0.000000,18
18.800000,48.00000,-0.50000,-0.244979,19
18.800000,49.00000,-0.75000,-0.244979,20
18.800000,50.00000,-1.00000,0.033333,21
18.800000,51.06588,-0.96446,0.100000,22
18.800000,52.12702,-0.85799,0.398552,23
18.800000,53.12904,-0.43605,0.468794,24
18.800000,54.08452,0.04785,0.300000,25
18.800000,55.07152,0.35317,0.366667,26
18.800000,56.03598,0.72355,0.433333,27
18.800000,56.97363,1.15737,0.500000,28
18.800000,57.88030,1.65268,0.566667,29
18.800000,58.75196,2.20730,0.566667,30
18.900000,29.25319,-3.09694,0.596689,0
18.900000,30.50000,-2.25000,0.643501,1
18.900000,31.50000,-1.50000,0.463648,2
18.900000,32.50000,-1.00000,0.244979,3
18.900000,33.50000,-0.75000,0.244979,4
18.900000,34.50000,-0.50000,0.000000,5
18.900000,35.50000,-0.50000,0.000000,6
18.900000,36.50000,-0.50000,0.000000,7
18.900000,37.50000,-0.50000,0.000000,8
18.900000,38.50000,-0.50000,0.000000,9
18.900000,39.50000,-0.50000,0.000000,10
18.900000,40.50000,-0.50000,0.000000,11
18.900000,41.50000,-0.50000,0.000000,12
18.900000,42.50000,-0.50000,0.000000,13
18.900000,43.50000,-0.50000,0.000000,14
18.900000,44.50000,-0.50000,0.000000,15
18.900000,45.50000,-0.50000,0.000000,16
18.900000,46.50000,-0.50000,0.000000,17
18.900000,47.50000,-0.50000,0.000000,18
18.900000,48.50000,-0.50000,-0.244979,19
18.900000,49.50000,-0.75000,-0.229254,20
18.900000,50.53323,-0.99111,0.066667,21
18.900000,51.59733,-0.92007,0.365219,22
18.900000,52.61286,-0.53176,0.435461,23
18.900000,53.58394,-0.07997,0.266667,24
18.900000,54.58056,0.19228,0.333333,25
18.900000,55.55684,0.53032,0.400000,26
18.900000,56.50842,0.93265,0.466667,27
18.900000,57.43110,1.39747,0.533333,28
18.900000,58.32075,1.92273,0.600000,29
18.900000,59.17344,2.50608,0.600000,30
19.000000,29.39474,-3.05530,0.629668,0
19.000000,30.50000,-2.25000,0.643501,1
19.000000,31.50000,-1.50000,0.463648,2
19.000000,32.50000,-1.00000,0.244979,3
19.000000,33.50000,-0.75000,0.244979,4
19.000000,34.50000,-0.50000,0.000000,5
19.000000,35.50000,-0.50000,0.000000,6
19.000000,36.50000,-0.50000,0.000000,7
19.000000,37.50000,-0.50000,0.000000,8
19.000000,38.50000,-0.50000,0.000000,9
19.000000,39.50000,-0.50000,0.000000,10
19.000000,40.50000,-0.50000,0.000000,11
19.000000,41.50000,-0.50000,0.000000,12
19.000000,42.50000,-0.50000,0.000000,13
19.000000,43.50000,-0.50000,0.000000,14
19.000000,44.50000,-0.50000,0.000000,15
19.000000,45.50000,-0.50000,0.000000,16
19.000000,46.50000,-0.50000,0.000000,17
19.000000,47.50000,-0.50000,0.000000,18
19.000000,48.50000,-0.50000,-0.244979,19
19.000000,49.50000,-0.75000,-0.229254,20
19.000000,50.53323,-0.99111,0.066667,21
19.000000,51.59733,-0.92007,0.365219,22
19.000000,52.61286,-0.53176,0.435461,23
19.000000,53.58394,-0.07997,0.266667,24
19.000000,54.58056,0.19228,0.333333,25
19.000000,55.55684,0.53032,0.400000,26
19.000000,56.50842,0.93265,0.466667,27
19.000000,57.43110,1.39747,0.533333,28
19.000000,58.32075,1.92273,0.600000,29
19.000000,59.17344,2.50608,0.600000,30
19.100000,29.60096,-3.05614,0.730969,0
19.100000,30.50000,-2.25000,0.643501,1
19.100000,31.50000,-1.50000,0.463648,2
19.100000,32.50000,-1.00000,0.244979,3
19.100000,33.50000,-0.75000,0.244979,4
19.100000,34.50000,-0.50000,0.000000,5
19.100000,35.50000,-0.50000,0.000000,6
19.100000,36.50000,-0.50000,0.000000,7
19.100000,37.50000,-0.50000,0.000000,8
19.100000,38.50000,-0.50000,0.000000,9
19.100000,39.50000,-0.50000,0.000000,10
19.100000,40.50000,-0.50000,0.000000,11
19.100000,41.50000,-0.50000,0.000000,12
19.100000,42.50000,-0.50000,0.000000,13
19.100000,43.50000,-0.50000,0.000000,14
19.100000,44.50000,-0.50000,0.000000,15
19.100000,45.50000,-0.50000,0.000000,16
19.100000,46.50000,-0.50000,0.000000,17
19.100000,47.50000,-0.50000,0.000000,18
19.100000,48.50000,-0.50000,-0.244979,19
19.100000,49.50000,-0.75000,-0.229254,20
19.100000,50.53323,-0.99111,0.066667,21
19.100000,51.59733,-0.92007,0.365219,22
19.100000,52.61286,-0.53176,0.435461,23
19.100000,53.58394,-0.07997,0.266667,24
19.100000,54.58056,0.19228,0.333333,25
19.100000,55.55684,0.53032,0.400000,26
19.100000,56.50842,0.93265,0.466667,27
19.100000,57.43110,1.39747,0.533333,28
19.100000,58.32075,1.92273,0.600000,29
19.100000,59.17344,2.50608,0.600000,30
19.200000,29.73532,-3.04852,0.807039,0
19.200000,30.50000,-2.25000,0.643501,1
19.200000,31.50000,-1.50000,0.463648,2
19.200000,32.50000,-1.00000,0.244979,3
19.200000,33.50000,-0.75000,0.244979,4
19.200000,34.50000,-0.50000,0.244979,5
19.200000,35.50000,-0.25000,0.000000,6
19.200000,36.50000,-0.25000,0.000000,7
19.200000,37.50000,-0.25000,0.000000,8
19.200000,38.50000,-0.25000,0.000000,9
19.200000,39.50000,-0.25000,0.000000,10
19.200000,40.50000,-0.25000,0.000000,11
19.200000,41.50000,-0.25000,0.000000,12
19.200000,42.50000,-0.25000,0.000000,13
19.200000,43.50000,-0.25000,0.000000,14
19.200000,44.50000,-0.25000,0.000000,15
19.200000,45.50000,-0.25000,0.000000,16
19.200000,46.50000,-0.25000,0.000000,17
19.200000,47.50000,-0.25000,-0.244979,18
19.200000,48.50000,-0.50000,-0.244979,19
19.200000,49.50000,-0.75000,-0.229254,20
19.200000,50.53323,-0.99111,0.066667,21
19.200000,51.59733,-0.92007,0.365219,22
19.200000,52.61286,-0.53176,0.435461,23
19.200000,53.58394,-0.07997,0.266667,24
19.200000,54.58056,0.19228,0.333333,25
19.200000,55.55684,0.53032,0.400000,26
19.200000,56.50842,0.93265,0.466667,27
19.200000,57.43110,1.39747,0.533333,28
19.200000,58.32075,1.92273,0.600000,29
19.200000,59.17344,2.50608,0.600000,30
19.300000,29.91012,-3.02096,0.615660,0
19.300000,31.00000,-2.25000,0.643501,1
19.300000,32.00000,-1.50000,0.463648,2
19.300000,33.00000,-1.00000,0.244979,3
19.300000,34.00000,-0.75000,0.244979,4
19.300000,35.00000,-0.50000,0.000000,5
19.300000,36.00000,-0.50000,0.000000,6
19.300000,37.00000,-0.50000,0.000000,7
19.300000,38.00000,-0.50000,0.000000,8
19.300000,39.00000,-0.50000,0.000000,9
19.300000,40.00000,-0.50000,0.000000,10
19.300000,41.00000,-0.50000,0.000000,11
19.300000,42.00000,-0.50000,0.000000,12
19.300000,43.00000,-0.50000,0.000000,13
19.300000,44.00000,-0.50000,0.000000,14
19.300000,45.00000,-0.50000,0.000000,15
19.300000,46.00000,-0.50000,0.000000,16
19.300000,47.00000,-0.50000,0.000000,17
19.300000,48.00000,-0.50000,-0.244979,18
19.300000,49.00000,-0.75000,-0.244979,19
19.300000,50.00000,-1.00000,0.033333,20
19.300000,51.06588,-0.96446,0.100000,21
19.300000,52.12702,-0.85799,0.398552,22
19.300000,53.12904,-0.43605,0.468794,23
19.300000,54.08452,0.04785,0.300000,24
19.300000,55.07152,0.35317,0.366667,25
19.300000,56.03598,0.72355,0.433333,26
19.300000,56.97363,1.15737,0.500000,27
19.300000,57.88030,1.65268,0.566667,28
19.300000,58.75196,2.20730,0.633333,29
19.300000,59.58473,2.81875,0.633333,30
19.400000,30.02678,-3.03049,0.675941,0
19.400000,31.00000,-2.25000,0.643501,1
19.400000,32.00000,-1.50000,0.463648,2
19.400000,33.00000,-1.00000,0.244979,3
19.400000,34.00000,-0.75000,0.244979,4
19.400000,35.00000,-0.50000,0.000000,5
19.400000,36.00000,-0.50000,0.000000,6
19.400000,37.00000,-0.50000,0.000000,7
19.400000,38.00000,-0.50000,0.000000,8
19.400000,39.00000,-0.50000,0.000000,9
19.400000,40.00000,-0.50000,0.000000,10
19.400000,41.00000,-0.50000,0.000000,11
19.400000,42.00000,-0.50000,0.000000,12
19.400000,43.00000,-0.50000,0.000000,13
19.400000,44.00000,-0.50000,0.000000,14
19.400000,45.00000,-0.50000,0.000000,15
19.400000,46.00000,-0.50000,0.000000,16
19.400000,47.00000,-0.50000,0.000000,17
19.400000,48.00000,-0.50000,-0.244979,18
19.400000,49.00000,-0.75000,-0.244979,19
19.400000,50.00000,-1.00000,0.033333,20
19.400000,51.06588,-0.96446,0.100000,21
19.400000,52.12702,-0.85799,0.398552,22
19.400000,53.12904,-0.43605,0.468794,23
19.400000,54.08452,0.04785,0.300000,24
19.400000,55.07152,0.35317,0.366667,25
19.400000,56.03598,0.72355,0.433333,26
19.400000,56.97363,1.15737,0.500000,27
19.400000,57.88030,1.65268,0.566667,28
19.400000,58.75196,2.20730,0.633333,29
19.400000,59.58473,2.81875,0.633333,30
19.500000,30.15336,-3.00794,0.730176,0
19.500000,31.00000,-2.25000,0.643501,1
19.500000,32.00000,-1.50000,0.463648,2
19.500000,33.00000,-1.00000,0.244979,3
19.500000,34.00000,-0.75000,0.244979,4
19.500000,35.00000,-0.50000,0.000000,5
19.500000,36.00000,-0.50000,0.000000,6
19.500000,37.00000,-0.50000,0.000000,7
19.500000,38.00000,-0.50000,0.000000,8
19.500000,39.00000,-0.50000,0.000000,9
19.500000,40.00000,-0.50000,0.000000,10
19.500000,41.00000,-0.50000,0.000000,11
19.500000,42.00000,-0.50000,0.000000,12
19.500000,43.00000,-0.50000,0.000000,13
19.500000,44.00000,-0.50000,0.000000,14
19.500000,45.00000,-0.50000,0.000000,15
19.500000,46.00000,-0.50000,0.000000,16
19.500000,47.00000,-0.50000,0.000000,17
19.500000,48.00000,-0.50000,-0.244979,18
19.500000,49.00000,-0.75000,-0.244979,19
19.500000,50.00000,-1.00000,0.033333,20
19.500000,51.06588,-0.96446,0.100000,21
19.500000,52.12702,-0.85799,0.398552,22
19.500000,53.12904,-0.43605,0.468794,23
19.500000,54.08452,0.04785,0.300000,24
19.500000,55.07152,0.35317,0.366667,25
19.500000,56.03598,0.72355,0.433333,26
19.500000,56.97363,1.15737,0.500000,27
19.500000,57.88030,1.65268,0.566667,28
19.500000,58.75196,2.20730,0.633333,29
19.500000,59.58473,2.81875,0.633333,30
19.600000,30.28300,-2.97411,0.536736,0
19.600000,31.50000,-2.25000,0.643501,1
19.600000,32.50000,-1.50000,0.463648,2
19.600000,33.50000,-1.00000,0.244979,3
19.600000,34.50000,-0.75000,0.244979,4
19.600000,35.50000,-0.50000,0.000000,5
19.600000,36.50000,-0.50000,0.000000,6
19.600000,37.50000,-0.50000,0.000000,7
19.600000,38.50000,-0.50000,0.000000,8
19.600000,39.50000,-0.50000,0.000000,9
19.600000,40.50000,-0.50000,0.000000,10
19.600000,41.50000,-0.50000,0.000000,11
19.600000,42.50000,-0.50000,0.000000,12
19.600000,43.50000,-0.50000,0.000000,13
19.600000,44.50000,-0.50000,0.000000,14
19.600000,45.50000,-0.50000,0.000000,15
19.600000,46.50000,-0.50000,0.000000,16
19.600000,47.50000,-0.50000,0.000000,17
19.600000,48.50000,-0.50000,-0.244979,18
19.600000,49.50000,-0.75000,-0.229254,19
19.600000,50.53323,-0.99111,0.066667,20
19.600000,51.59733,-0.92007,0.365219,21
19.600000,52.61286,-0.53176,0.435461,22
19.600000,53.58394,-0.07997,0.505813,23
19.600000,54.50668,0.43112,0.333333,24
19.600000,55.46721,0.76370,0.400000,25
19.600000,56.40345,1.15954,0.466667,26
19.600000,57.31124,1.61687,0.533333,27
19.600000,58.18655,2.13365,0.600000,28
19.600000,59.02548,2.70760,0.666667,29
19.600000,59.82432,3.33616,0.666667,30
19.700000,30.35777,-2.94076,0.543903,0
19.700000,31.50000,-2.25000,0.643501,1
19.700000,32.50000,-1.50000,0.463648,2
19.700000,33.50000,-1.00000,0.244979,3
19.700000,34.50000,-0.75000,0.244979,4
19.700000,35.50000,-0.50000,0.000000,5
19.700000,36.50000,-0.50000,0.000000,6
19.700000,37.50000,-0.50000,0.000000,7
19.700000,38.50000,-0.50000,0.000000,8
19.700000,39.50000,-0.50000,0.000000,9
19.700000,40.50000,-0.50000,0.000000,10
19.700000,41.50000,-0.50000,0.000000,11
19.700000,42.50000,-0.50000,0.000000,12
19.700000,43.50000,-0.50000,0.000000,13
19.700000,44.50000,-0.50000,0.000000,14
19.700000,45.50000,-0.50000,0.000000,15
19.700000,46.50000,-0.50000,0.000000,16
19.700000,47.50000,-0.50000,0.000000,17
19.700000,48.50000,-0.50000,-0.244979,18
19.700000,49.50000,-0.75000,-0.229254,19
19.700000,50.53323,-0.99111,0.066667,20
19.700000,51.59733,-0.92007,0.365219,21
19.700000,52.61286,-0.53176,0.435461,22
19.700000,53.58394,-0.07997,0.505813,23
19.700000,54.50668,0.43112,0.333333,24
19.700000,55.46721,0.76370,0.400000,25
19.700000,56.40345,1.15954,0.466667,26
19.700000,57.31124,1.61687,0.533333,27
19.700000,58.18655,2.13365,0.600000,28
19.700000,59.02548,2.70760,0.666667,29
19.700000,59.82432,3.33616,0.666667,30
19.800000,30.49180,-2.89776,0.727516,0
19.800000,31.50000,-2.00000,0.463648,1
19.800000,32.50000,-1.50000,0.463648,2
19.800000,33.50000,-1.00000,0.244979,3
19.800000,34.50000,-0.75000,0.244979,4
19.800000,35.50000,-0.50000,0.000000,5
19.800000,36.50000,-0.50000,0.000000,6
19.800000,37.50000,-0.50000,0.000000,7
19.800000,38.50000,-0.50000,0.000000,8
19.800000,39.50000,-0.50000,0.000000,9
19.800000,40.50000,-0.50000,0.000000,10
19.800000,41.50000,-0.50000,0.000000,11
19.800000,42.50000,-0.50000,0.000000,12
19.800000,43.50000,-0.50000,0.000000,13
19.800000,44.50000,-0.50000,0.000000,14
19.800000,45.50000,-0.50000,0.000000,15
19.800000,46.50000,-0.50000,0.000000,16
19.800000,47.50000,-0.50000,0.000000,17
19.800000,48.50000,-0.50000,-0.244979,18
19.800000,49.50000,-0.75000,-0.229254,19
19.800000,50.53323,-0.99111,0.066667,20
19.800000,51.59733,-0.92007,0.365219,21
19.800000,52.61286,-0.53176,0.435461,22
19.800000,53.58394,-0.07997,0.505813,23
19.800000,54.50668,0.43112,0.333333,24
19.800000,55.46721,0.76370,0.400000,25
19.800000,56.40345,1.15954,0.466667,26
19.800000,57.31124,1.61687,0.533333,27
19.800000,58.18655,2.13365,0.600000,28
19.800000,59.02548,2.70760,0.666667,29
19.800000,59.82432,3.33616,0.666667,30
19.900000,30.54939,-2.85415,0.732000,0
19.900000,31.50000,-2.00000,0.463648,1
19.900000,32.50000,-1.50000,0.463648,2
19.900000,33.50000,-1.00000,0.244979,3
19.900000,34.50000,-0.75000,0.244979,4
19.900000,35.50000,-0.50000,0.000000,5
19.900000,36.50000,-0.50000,0.000000,6
19.900000,37.50000,-0.50000,0.000000,7
19.900000,38.50000,-0.50000,0.000000,8
19.900000,39.50000,-0.50000,0.000000,9
19.900000,40.50000,-0.50000,0.000000,10
19.900000,41.50000,-0.50000,0.000000,11
19.900000,42.50000,-0.50000,0.000000,12
19.900000,43.50000,-0.50000,0.000000,13
19.900000,44.50000,-0.50000,0.000000,14
19.900000,45.50000,-0.50000,0.000000,15
19.900000,46.50000,-0.50000,0.000000,16
19.900000,47.50000,-0.50000,0.000000,17
19.900000,48.50000,-0.50000,-0.244979,18
19.900000,49.50000,-0.75000,-0.229254,19
19.900000,50.53323,-0.99111,0.066667,20
19.900000,51.59733,-0.92007,0.365219,21
19.900000,52.61286,-0.53176,0.435461,22
19.900000,53.58394,-0.07997,0.505813,23
19.900000,54.50668,0.43112,0.333333,24
19.900000,55.46721,0.76370,0.400000,25
19.900000,56.40345,1.15954,0.466667,26
19.900000,57.31124,1.61687,0.533333,27
19.900000,58.18655,2.13365,0.600000,28
19.900000,59.02548,2.70760,0.666667,29
19.900000,59.82432,3.33616,0.666667,30
20.000000,30.58629,-2.85038,0.749513,0
20.000000,31.50000,-2.00000,0.463648,1
20.000000,32.50000,-1.50000,0.463648,2
20.000000,33.50000,-1.00000,0.244979,3
20.000000,34.50000,-0.75000,0.244979,4
20.000000,35.50000,-0.50000,0.000000,5
20.000000,36.50000,-0.50000,0.000000,6
20.000000,37.50000,-0.50000,0.000000,7
20.000000,38.50000,-0.50000,0.000000,8
20.000000,39.50000,-0.50000,0.000000,9
20.000000,40.50000,-0.50000,0.000000,10
20.000000,41.50000,-0.50000,0.000000,11
20.000000,42.50000,-0.50000,0.000000,12
20.000000,43.50000,-0.50000,0.000000,13
20.000000,44.50000,-0.50000,0.000000,14
20.000000,45.50000,-0.50000,0.000000,15
20.000000,46.50000,-0.50000,0.000000,16
20.000000,47.50000,-0.50000,0.000000,17
20.000000,48.50000,-0.50000,-0.244979,18
20.000000,49.50000,-0.75000,-0.229254,19
20.000000,50.53323,-0.99111,0.066667,20
20.000000,51.59733,-0.92007,0.365219,21
20.000000,52.61286,-0.53176,0.435461,22
20.000000,53.58394,-0.07997,0.505813,23
20.000000,54.50668,0.43112,0.333333,24
20.000000,55.46721,0.76370,0.400000,25
20.000000,56.40345,1.15954,0.466667,26
20.000000,57.31124,1.61687,0.533333,27
20.000000,58.18655,2.13365,0.600000,28
20.000000,59.02548,2.70760,0.666667,29
20.000000,59.82432,3.33616,0.666667,30
20.100000,30.69425,-2.76299,0.758152,0
20.100000,31.50000,-2.00000,0.463648,1
20.100000,32.50000,-1.50000,0.463648,2
20.100000,33.50000,-1.00000,0.244979,3
20.100000,34.50000,-0.75000,0.244979,4
20.100000,35.50000,-0.50000,0.000000,5
20.100000,36.50000,-0.50000,0.000000,6
20.100000,37.50000,-0.50000,0.000000,7
20.100000,38.50000,-0.50000,0.000000,8
20.100000,39.50000,-0.50000,0.000000,9
20.100000,40.50000,-0.50000,0.000000,10
20.100000,41.50000,-0.50000,0.000000,11
20.100000,42.50000,-0.50000,0.000000,12
20.100000,43.50000,-0.50000,0.000000,13
20.100000,44.50000,-0.50000,0.000000,14
20.100000,45.50000,-0.50000,0.000000,15
20.100000,46.50000,-0.50000,0.000000,16
20.100000,47.50000,-0.50000,0.000000,17
20.100000,48.50000,-0.50000,-0.244979,18
20.100000,49.50000,-0.75000,-0.229254,19
20.100000,50.53323,-0.99111,0.066667,20
20.100000,51.59733,-0.92007,0.365219,21
20.100000,52.61286,-0.53176,0.435461,22
20.100000,53.58394,-0.07997,0.505813,23
20.100000,54.50668,0.43112,0.333333,24
20.100000,55.46721,0.76370,0.400000,25
20.100000,56.40345,1.15954,0.466667,26
20.100000,57.31124,1.61687,0.533333,27
20.100000,58.18655,2.13365,0.600000,28
20.100000,59.02548,2.70760,0.666667,29
20.100000,59.82432,3.33616,0.666667,30
20.200000,30.73166,-2.75714,0.778052,0
20.200000,31.50000,-2.00000,0.463648,1
20.200000,32.50000,-1.50000,0.463648,2
20.200000,33.50000,-1.00000,0.244979,3
20.200000,34.50000,-0.75000,0.244979,4
20.200000,35.50000,-0.50000,0.000000,5
20.200000,36.50000,-0.50000,0.000000,6
20.200000,37.50000,-0.50000,0.000000,7
20.200000,38.50000,-0.50000,0.000000,8
20.200000,39.50000,-0.50000,0.000000,9
20.200000,40.50000,-0.50000,0.000000,10
20.200000,41.50000,-0.50000,0.000000,11
20.200000,42.50000,-0.50000,0.000000,12
20.200000,43.50000,-0.50000,0.000000,13
20.200000,44.50000,-0.50000,0.000000,14
20.200000,45.50000,-0.50000,0.000000,15
20.200000,46.50000,-0.50000,0.000000,16
20.200000,47.50000,-0.50000,0.000000,17
20.200000,48.50000,-0.50000,-0.244979,18
20.200000,49.50000,-0.75000,-0.229254,19
20.200000,50.53323,-0.99111,0.066667,20
20.200000,51.59733,-0.92007,0.365219,21
20.200000,52.61286,-0.53176,0.435461,22
20.200000,53.58394,-0.07997,0.505813,23
20.200000,54.50668,0.43112,0.333333,24
20.200000,55.46721,0.76370,0.400000,25
20.200000,56.40345,1.15954,0.466667,26
20.200000,57.31124,1.61687,0.533333,27
20.200000,58.18655,2.13365,0.600000,28
20.200000,59.02548,2.70760,0.666667,29
20.200000,59.82432,3.33616,0.666667,30
20.300000,30.76360,-2.68872,0.508229,0
20.300000,32.00000,-2.00000,0.463648,1
20.300000,33.00000,-1.50000,0.463648,2
20.300000,34.00000,-1.00000,0.244979,3
20.300000,35.00000,-0.75000,0.244979,4
20.300000,36.00000,-0.50000,0.000000,5
20.300000,37.00000,-0.50000,0.000000,6
20.300000,38.00000,-0.50000,0.000000,7
20.300000,39.00000,-0.50000,0.000000,8
20.300000,40.00000,-0.50000,0.000000,9
20.300000,41.00000,-0.50000,0.000000,10
20.300000,42.00000,-0.50000,0.000000,11
20.300000,43.00000,-0.50000,0.000000,12
20.300000,44.00000,-0.50000,0.000000,13
20.300000,45.00000,-0.50000,0.000000,14
20.300000,46.00000,-0.50000,0.000000,15
20.300000,47.00000,-0.50000,0.000000,16
20.300000,48.00000,-0.50000,-0.244979,17
20.300000,49.00000,-0.75000,0.000000,18
20.300000,50.00000,-0.75000,-0.198552,19
20.300000,51.06588,-0.96446,0.100000,20
20.300000,52.12702,-0.85799,0.398552,21
20.300000,53.12904,-0.43605,0.468794,22
20.300000,54.08452,0.04785,0.539146,23
20.300000,54.98972,0.58941,0.366667,24
20.300000,55.93863,0.95382,0.433333,25
20.300000,56.86116,1.38064,0.500000,26
20.300000,57.75320,1.86796,0.566667,27
20.300000,58.61080,2.41363,0.633333,28
20.300000,59.43014,3.01522,0.700000,29
20.300000,60.20759,3.67005,0.700000,30
20.400000,30.84385,-2.67987,0.531587,0
20.400000,32.00000,-2.00000,0.463648,1
20.400000,33.00000,-1.50000,0.463648,2
20.400000,34.00000,-1.00000,0.244979,3
20.400000,35.00000,-0.75000,0.244979,4
20.400000,36.00000,-0.50000,0.000000,5
20.400000,37.00000,-0.50000,0.000000,6
20.400000,38.00000,-0.50000,0.000000,7
20.400000,39.00000,-0.50000,0.000000,8
20.400000,40.00000,-0.50000,0.000000,9
20.400000,41.00000,-0.50000,0.000000,10
20.400000,42.00000,-0.50000,0.000000,11
20.400000,43.00000,-0.50000,0.000000,12
20.400000,44.00000,-0.50000,0.000000,13
20.400000,45.00000,-0.50000,0.000000,14
20.400000,46.00000,-0.50000,0.000000,15
20.400000,47.00000,-0.50000,0.000000,16
20.400000,48.00000,-0.50000,0.000000,17
20.400000,49.00000,-0.50000,-0.244979,18
20.400000,50.00000,-0.75000,0.033333,19
20.400000,51.04922,-0.71501,0.100000,20
20.400000,52.09378,-0.61021,0.402128,21
20.400000,53.07937,-0.19103,0.472480,22
20.400000,54.01864,0.28902,0.300000,23
20.400000,54.98972,0.58941,0.366667,24
20.400000,55.93863,0.95382,0.433333,25
20.400000,56.86116,1.38064,0.500000,26
20.400000,57.75320,1.86796,0.566667,27
20.400000,58.61080,2.41363,0.633333,28
20.400000,59.43014,3.01522,0.700000,29
20.400000,60.20759,3.67005,0.700000,30
20.500000,30.88793,-2.64424,0.677251,0
20.500000,32.00000,-1.75000,0.463648,1
20.500000,33.00000,-1.25000,0.244979,2
20.500000,34.00000,-1.00000,0.244979,3
20.500000,35.00000,-0.75000,0.244979,4
20.500000,36.00000,-0.50000,0.000000,5
20.500000,37.00000,-0.50000,0.000000,6
20.500000,38.00000,-0.50000,0.000000,7
20.500000,39.00000,-0.50000,0.000000,8
20.500000,40.00000,-0.50000,0.000000,9
20.500000,41.00000,-0.50000,0.000000,10
20.500000,42.00000,-0.50000,0.000000,11
20.500000,43.00000,-0.50000,0.000000,12
20.500000,44.00000,-0.50000,0.000000,13
20.500000,45.00000,-0.50000,0.000000,14
20.500000,46.00000,-0.50000,0.000000,15
20.500000,47.00000,-0.50000,0.000000,16
20.500000,48.00000,-0.50000,-0.244979,17
20.500000,49.00000,-0.75000,-0.244979,18
20.500000,50.00000,-1.00000,0.033333,19
20.500000,51.06588,-0.96446,0.100000,20
20.500000,52.12702,-0.85799,0.398552,21
20.500000,53.12904,-0.43605,0.468794,22
20.500000,54.08452,0.04785,0.539146,23
20.500000,54.98972,0.58941,0.366667,24
20.500000,55.93863,0.95382,0.433333,25
20.500000,56.86116,1.38064,0.500000,26
20.500000,57.75320,1.86796,0.566667,27
20.500000,58.61080,2.41363,0.633333,28
20.500000,59.43014,3.01522,0.700000,29
20.500000,60.20759,3.67005,0.700000,30
20.600000,30.93088,-2.60000,0.671714,0
20.600000,32.00000,-1.75000,0.463648,1
20.600000,33.00000,-1.25000,0.244979,2
20.600000,34.00000,-1.00000,0.244979,3
20.600000,35.00000,-0.75000,0.244979,4
20.600000,36.00000,-0.50000,0.000000,5
20.600000,37.00000,-0.50000,0.000000,6
20.600000,38.00000,-0.50000,0.000000,7
20.600000,39.00000,-0.50000,0.000000,8
20.600000,40.00000,-0.50000,0.000000,9
20.600000,41.00000,-0.50000,0.000000,10
20.600000,42.00000,-0.50000,0.000000,11
20.600000,43.00000,-0.50000,0.000000,12
20.600000,44.00000,-0.50000,0.000000,13
20.600000,45.00000,-0.50000,0.000000,14
20.600000,46.00000,-0.50000,0.000000,15
20.600000,47.00000,-0.50000,0.000000,16
20.600000,48.00000,-0.50000,-0.244979,17
20.600000,49.00000,-0.75000,-0.244979,18
20.600000,50.00000,-1.00000,0.033333,19
20.600000,51.06588,-0.96446,0.100000,20
20.600000,52.12702,-0.85799,0.398552,21
20.600000,53.12904,-0.43605,0.468794,22
20.600000,54.08452,0.04785,0.539146,23
20.600000,54.98972,0.58941,0.366667,24
20.600000,55.93863,0.95382,0.433333,25
20.600000,56.86116,1.38064,0.500000,26
20.600000,57.75320,1.86796,0.566667,27
20.600000,58.61080,2.41363,0.633333,28
20.600000,59.43014,3.01522,0.700000,29
20.600000,60.20759,3.67005,0.700000,30
20.700000,31.00548,-2.55945,0.683166,0
20.700000,32.00000,-1.75000,0.463648,1
20.700000,33.00000,-1.25000,0.244979,2
20.700000,34.00000,-1.00000,0.244979,3
20.700000,35.00000,-0.75000,0.244979,4
20.700000,36.00000,-0.50000,0.000000,5
20.700000,37.00000,-0.50000,0.000000,6
20.700000,38.00000,-0.50000,0.000000,7
20.700000,39.00000,-0.50000,0.000000,8
20.700000,40.00000,-0.50000,0.000000,9
20.700000,41.00000,-0.50000,0.000000,10
20.700000,42.00000,-0.50000,0.000000,11
20.700000,43.00000,-0.50000,0.000000,12
20.700000,44.00000,-0.50000,0.000000,13
20.700000,45.00000,-0.50000,0.000000,14
20.700000,46.00000,-0.50000,0.000000,15
20.700000,47.00000,-0.50000,0.000000,16
20.700000,48.00000,-0.50000,-0.244979,17
20.700000,49.00000,-0.75000,-0.244979,18
20.700000,50.00000,-1.00000,0.033333,19
20.700000,51.06588,-0.96446,0.100000,20
20.700000,52.12702,-0.85799,0.398552,21
20.700000,53.12904,-0.43605,0.468794,22
20.700000,54.08452,0.04785,0.539146,23
20.700000,54.98972,0.58941,0.366667,24
20.700000,55.93863,0.95382,0.433333,25
20.700000,56.86116,1.38064,0.500000,26
20.700000,57.75320,1.86796,0.566667,27
20.700000,58.61080,2.41363,0.633333,28
20.700000,59.43014,3.01522,0.700000,29
20.700000,60.20759,3.67005,0.700000,30
20.800000,31.04341,-2.50660,0.669189,0
20.800000,32.00000,-1.75000,0.463648,1
20.800000,33.00000,-1.25000,0.244979,2
20.800000,34.00000,-1.00000,0.244979,3
20.800000,35.00000,-0.75000,0.244979,4
20.800000,36.00000,-0.50000,0.000000,5
20.800000,37.00000,-0.50000,0.000000,6
20.800000,38.00000,-0.50000,0.000000,7
20.800000,39.00000,-0.50000,0.000000,8
20.800000,40.00000,-0.50000,0.000000,9
20.800000,41.00000,-0.50000,0.000000,10
20.800000,42.00000,-0.50000,0.000000,11
20.800000,43.00000,-0.50000,0.000000,12
20.800000,44.00000,-0.50000,0.000000,13
20.800000,45.00000,-0.50000,0.000000,14
20.800000,46.00000,-0.50000,0.000000,15
20.800000,47.00000,-0.50000,0.000000,16
20.800000,48.00000,-0.50000,0.000000,17
20.800000,49.00000,-0.50000,-0.244979,18
20.800000,50.00000,-0.75000,0.033333,19
20.800000,51.04922,-0.71501,0.100000,20
20.800000,52.09378,-0.61021,0.402128,21
20.800000,53.07937,-0.19103,0.472480,22
20.800000,54.01864,0.28902,0.300000,23
20.800000,54.98972,0.58941,0.366667,24
20.800000,55.93863,0.95382,0.433333,25
20.800000,56.86116,1.38064,0.500000,26
20.800000,57.75320,1.86796,0.566667,27
20.800000,58.61080,2.41363,0.633333,28
20.800000,59.43014,3.01522,0.700000,29
20.800000,60.20759,3.67005,0.700000,30
20.900000,31.12794,-2.49604,0.707677,0
20.900000,32.00000,-1.75000,0.463648,1
20.900000,33.00000,-1.25000,0.244979,2
20.900000,34.00000,-1.00000,0.244979,3
20.900000,35.00000,-0.75000,0.244979,4
20.900000,36.00000,-0.50000,0.000000,5
20.900000,37.00000,-0.50000,0.000000,6
20.900000,38.00000,-0.50000,0.000000,7
20.900000,39.00000,-0.50000,0.000000,8
20.900000,40.00000,-0.50000,0.000000,9
20.900000,41.00000,-0.50000,0.000000,10
20.900000,42.00000,-0.50000,0.000000,11
20.900000,43.00000,-0.50000,0.000000,12
20.900000,44.00000,-0.50000,0.000000,13
20.900000,45.00000,-0.50000,0.000000,14
20.900000,46.00000,-0.50000,0.000000,15
20.900000,47.00000,-0.50000,0.000000,16
20.900000,48.00000,-0.50000,-0.244979,17
20.900000,49.00000,-0.75000,-0.244979,18
20.900000,50.00000,-1.00000,0.033333,19
20.900000,51.06588,-0.96446,0.100000,20
20.900000,52.12702,-0.85799,0.398552,21
20.900000,53.12904,-0.43605,0.468794,22
20.900000,54.08452,0.04785,0.539146,23
20.900000,54.98972,0.58941,0.366667,24
20.900000,55.93863,0.95382,0.433333,25
20.900000,56.86116,1.38064,0.500000,26
20.900000,57.75320,1.86796,0.566667,27
20.900000,58.61080,2.41363,0.633333,28
20.900000,59.43014,3.01522,0.700000,29
20.900000,60.20759,3.67005,0.700000,30
21.000000,31.20009,-2.44723,0.716925,0
21.000000,32.00000,-1.75000,0.463648,1
21.000000,33.00000,-1.25000,0.244979,2
21.000000,34.00000,-1.00000,0.244979,3
21.000000,35.00000,-0.75000,0.244979,4
21.000000,36.00000,-0.50000,0.000000,5
21.000000,37.00000,-0.50000,0.000000,6
21.000000,38.00000,-0.50000,0.000000,7
21.000000,39.00000,-0.50000,0.000000,8
21.000000,40.00000,-0.50000,0.000000,9
21.000000,41.00000,-0.50000,0.000000,10
21.000000,42.00000,-0.50000,0.000000,11
21.000000,43.00000,-0.50000,0.000000,12
21.000000,44.00000,-0.50000,0.000000,13
21.000000,45.00000,-0.50000,0.000000,14
21.000000,46.00000,-0.50000,0.000000,15
21.000000,47.00000,-0.50000,0.000000,16
21.000000,48.00000,-0.50000,-0.244979,17
21.000000,49.00000,-0.75000,-0.244979,18
21.000000,50.00000,-1.00000,0.033333,19
21.000000,51.06588,-0.96446,0.100000,20
21.000000,52.12702,-0.85799,0.398552,21
21.000000,53.12904,-0.43605,0.468794,22
21.000000,54.08452,0.04785,0.539146,23
21.000000,54.98972,0.58941,0.366667,24
21.000000,55.93863,0.95382,0.433333,25
21.000000,56.86116,1.38064,0.500000,26
21.000000,57.75320,1.86796,0.566667,27
21.000000,58.61080,2.41363,0.633333,28
21.000000,59.43014,3.01522,0.700000,29
21.000000,60.20759,3.67005,0.700000,30
21.100000,31.30740,-2.38443,0.638103,0
21.100000,32.50000,-1.50000,0.463648,1
21.100000,33.50000,-1.00000,0.244979,2
21.100000,34.50000,-0.75000,0.244979,3
21.100000,35.50000,-0.50000,0.000000,4
21.100000,36.50000,-0.50000,0.000000,5
21.100000,37.50000,-0.50000,0.000000,6
21.100000,38.50000,-0.50000,0.000000,7
21.100000,39.50000,-0.50000,0.000000,8
21.100000,40.50000,-0.50000,0.000000,9
21.100000,41.50000,-0.50000,0.000000,10
21.100000,42.50000,-0.50000,0.000000,11
21.100000,43.50000,-0.50000,0.000000,12
21.100000,44.50000,-0.50000,0.000000,13
21.100000,45.50000,-0.50000,0.000000,14
21.100000,46.50000,-0.50000,0.000000,15
21.100000,47.50000,-0.50000,0.000000,16
21.100000,48.50000,-0.50000,-0.244979,17
21.100000,49.50000,-0.75000,-0.229254,18
21.100000,50.53323,-0.99111,0.066667,19
21.100000,51.59733,-0.92007,0.365219,20
21.100000,52.61286,-0.53176,0.435461,21
21.100000,53.58394,-0.07997,0.505813,22
21.100000,54.50668,0.43112,0.333333,23
21.100000,55.46721,0.76370,0.400000,24
21.100000,56.40345,1.15954,0.466667,25
21.100000,57.31124,1.61687,0.533333,26
21.100000,58.18655,2.13365,0.600000,27
21.100000,59.02548,2.70760,0.666667,28
21.100000,59.82432,3.33616,0.733333,29
21.100000,60.57951,4.01654,0.733333,30
21.200000,31.42387,-2.33278,0.658599,0
21.200000,32.50000,-1.50000,0.463648,1
21.200000,33.50000,-1.00000,0.244979,2
21.200000,34.50000,-0.75000,0.244979,3
21.200000,35.50000,-0.50000,0.000000,4
21.200000,36.50000,-0.50000,0.000000,5
21.200000,37.50000,-0.50000,0.000000,6
21.200000,38.50000,-0.50000,0.000000,7
21.200000,39.50000,-0.50000,0.000000,8
21.200000,40.50000,-0.50000,0.000000,9
21.200000,41.50000,-0.50000,0.000000,10
21.200000,42.50000,-0.50000,0.000000,11
21.200000,43.50000,-0.50000,0.000000,12
21.200000,44.50000,-0.50000,0.000000,13
21.200000,45.50000,-0.50000,0.000000,14
21.200000,46.50000,-0.50000,0.000000,15
21.200000,47.50000,-0.50000,0.000000,16
21.200000,48.50000,-0.50000,-0.244979,17
21.200000,49.50000,-0.75000,-0.229254,18
21.200000,50.53323,-0.99111,0.066667,19
21.200000,51.59733,-0.92007,0.365219,20
21.200000,52.61286,-0.53176,0.435461,21
21.200000,53.58394,-0.07997,0.505813,22
21.200000,54.50668,0.43112,0.333333,23
21.200000,55.46721,0.76370,0.400000,24
21.200000,56.40345,1.15954,0.466667,25
21.200000,57.31124,1.61687,0.533333,26
21.200000,58.18655,2.13365,0.600000,27
21.200000,59.02548,2.70760,0.666667,28
21.200000,59.82432,3.33616,0.733333,29
21.200000,60.57951,4.01654,0.733333,30
21.300000,31.49551,-2.27695,0.658358,0
21.300000,32.50000,-1.50000,0.463648,1
21.300000,33.50000,-1.00000,0.244979,2
21.300000,34.50000,-0.75000,0.244979,3
21.300000,35.50000,-0.50000,0.000000,4
21.300000,36.50000,-0.50000,0.000000,5
21.300000,37.50000,-0.50000,0.000000,6
21.300000,38.50000,-0.50000,0.000000,7
21.300000,39.50000,-0.50000,0.000000,8
21.300000,40.50000,-0.50000,0.000000,9
21.300000,41.50000,-0.50000,0.000000,10
21.300000,42.50000,-0.50000,0.000000,11
21.300000,43.50000,-0.50000,0.000000,12
21.300000,44.50000,-0.50000,0.000000,13
21.300000,45.50000,-0.50000,0.000000,14
21.300000,46.50000,-0.50000,0.000000,15
21.300000,47.50000,-0.50000,0.000000,16
21.300000,48.50000,-0.50000,-0.244979,17
21.300000,49.50000,-0.75000,-0.229254,18
21.300000,50.53323,-0.99111,0.066667,19
21.300000,51.59733,-0.92007,0.365219,20
21.300000,52.61286,-0.53176,0.435461,21
21.300000,53.58394,-0.07997,0.505813,22
21.300000,54.50668,0.43112,0.333333,23
21.300000,55.46721,0.76370,0.400000,24
21.300000,56.40345,1.15954,0.466667,25
21.300000,57.31124,1.61687,0.533333,26
21.300000,58.18655,2.13365,0.600000,27
21.300000,59.02548,2.70760,0.666667,28
21.300000,59.82432,3.33616,0.733333,29
21.300000,60.57951,4.01654,0.733333,30
21.400000,31.59220,-2.20875,0.662885,0
21.400000,32.50000,-1.50000,0.463648,1
21.400000,33.50000,-1.00000,0.244979,2
21.400000,34.50000,-0.75000,0.244979,3
21.400000,35.50000,-0.50000,0.000000,4
21.400000,36.50000,-0.50000,0.000000,5
21.400000,37.50000,-0.50000,0.000000,6
21.400000,38.50000,-0.50000,0.000000,7
21.400000,39.50000,-0.50000,0.000000,8
21.400000,40.50000,-0.50000,0.000000,9
21.400000,41.50000,-0.50000,0.000000,10
21.400000,42.50000,-0.50000,0.000000,11
21.400000,43.50000,-0.50000,0.000000,12
21.400000,44.50000,-0.50000,0.000000,13
21.400000,45.50000,-0.50000,0.000000,14
21.400000,46.50000,-0.50000,0.000000,15
21.400000,47.50000,-0.50000,0.000000,16
21.400000,48.50000,-0.50000,-0.244979,17
21.400000,49.50000,-0.75000,-0.229254,18
21.400000,50.53323,-0.99111,0.066667,19
21.400000,51.59733,-0.92007,0.365219,20
21.400000,52.61286,-0.53176,0.435461,21
21.400000,53.58394,-0.07997,0.505813,22
21.400000,54.50668,0.43112,0.333333,23
21.400000,55.46721,0.76370,0.400000,24
21.400000,56.40345,1.15954,0.466667,25
21.400000,57.31124,1.61687,0.533333,26
21.400000,58.18655,2.13365,0.600000,27
21.400000,59.02548,2.70760,0.666667,28
21.400000,59.82432,3.33616,0.733333,29
21.400000,60.57951,4.01654,0.733333,30
21.502000,31.73584,-2.12877,0.855043,0
21.502000,32.50000,-1.25000,0.244979,1
21.502000,33.50000,-1.00000,0.244979,2
21.502000,34.50000,-0.75000,0.244979,3
21.502000,35.50000,-0.50000,0.000000,4
21.502000,36.50000,-0.50000,0.000000,5
21.502000,37.50000,-0.50000,0.000000,6
21.502000,38.50000,-0.50000,0.000000,7
21.502000,39.50000,-0.50000,0.000000,8
21.502000,40.50000,-0.50000,0.000000,9
21.502000,41.50000,-0.50000,0.000000,10
21.502000,42.50000,-0.50000,0.000000,11
21.502000,43.50000,-0.50000,0.000000,12
21.502000,44.50000,-0.50000,0.000000,13
21.502000,45.50000,-0.50000,0.000000,14
21.502000,46.50000,-0.50000,0.000000,15
21.502000,47.50000,-0.50000,0.000000,16
21.502000,48.50000,-0.50000,-0.244979,17
21.502000,49.50000,-0.75000,-0.229254,18
21.502000,50.53323,-0.99111,0.066667,19
21.502000,51.59733,-0.92007,0.365219,20
21.502000,52.61286,-0.53176,0.435461,21
21.502000,53.58394,-0.07997,0.505813,22
21.502000,54.50668,0.43112,0.333333,23
21.502000,55.46721,0.76370,0.400000,24
21.502000,56.40345,1.15954,0.466667,25
21.502000,57.31124,1.61687,0.533333,26
21.502000,58.18655,2.13365,0.600000,27
21.502000,59.02548,2.70760,0.666667,28
21.502000,59.82432,3.33616,0.733333,29
21.502000,60.57951,4.01654,0.733333,30
21.600000,31.87526,-2.02008,0.600366,0
21.600000,33.00000,-1.25000,0.244979,1
21.600000,34.00000,-1.00000,0.244979,2
21.600000,35.00000,-0.75000,0.244979,3
21.600000,36.00000,-0.50000,0.000000,4
21.600000,37.00000,-0.50000,0.000000,5
21.600000,38.00000,-0.50000,0.000000,6
21.600000,39.00000,-0.50000,0.000000,7
21.600000,40.00000,-0.50000,0.000000,8
21.600000,41.00000,-0.50000,0.000000,9
21.600000,42.00000,-0.50000,0.000000,10
21.600000,43.00000,-0.50000,0.000000,11
21.600000,44.00000,-0.50000,0.000000,12
21.600000,45.00000,-0.50000,0.000000,13
21.600000,46.00000,-0.50000,0.000000,14
21.600000,47.00000,-0.50000,0.000000,15
21.600000,48.00000,-0.50000,-0.244979,16
21.600000,49.00000,-0.75000,-0.244979,17
21.600000,50.00000,-1.00000,0.033333,18
21.600000,51.06588,-0.96446,0.100000,19
21.600000,52.12702,-0.85799,0.398552,20
21.600000,53.12904,-0.43605,0.468794,21
21.600000,54.08452,0.04785,0.539146,22
21.600000,54.98972,0.58941,0.609613,23
21.600000,55.84128,1.18409,0.433333,24
21.600000,56.74868,1.60391,0.500000,25
21.600000,57.62610,2.08324,0.566667,26
21.600000,58.46964,2.61997,0.633333,27
21.600000,59.27555,3.21169,0.700000,28
21.600000,60.04025,3.85579,0.766667,29
21.600000,60.76034,4.54940,0.766667,30
21.700000,31.97932,-1.90506,0.570580,0
21.700000,33.00000,-1.25000,0.244979,1
21.700000,34.00000,-1.00000,0.244979,2
21.700000,35.00000,-0.75000,0.244979,3
21.700000,36.00000,-0.50000,0.000000,4
21.700000,37.00000,-0.50000,0.000000,5
21.700000,38.00000,-0.50000,0.000000,6
21.700000,39.00000,-0.50000,0.000000,7
21.700000,40.00000,-0.50000,0.000000,8
21.700000,41.00000,-0.50000,0.000000,9
21.700000,42.00000,-0.50000,0.000000,10
21.700000,43.00000,-0.50000,0.000000,11
21.700000,44.00000,-0.50000,0.000000,12
21.700000,45.00000,-0.50000,0.000000,13
21.700000,46.00000,-0.50000,0.000000,14
21.700000,47.00000,-0.50000,0.000000,15
21.700000,48.00000,-0.50000,-0.244979,16
21.700000,49.00000,-0.75000,0.000000,17
21.700000,50.00000,-0.75000,0.033333,18
21.700000,51.04922,-0.71501,0.100000,19
21.700000,52.09378,-0.61021,0.402128,20
21.700000,53.07937,-0.19103,0.472480,21
21.700000,54.01864,0.28902,0.542947,22
21.700000,54.90792,0.82565,0.366667,23
21.700000,55.84128,1.18409,0.433333,24
21.700000,56.74868,1.60391,0.746867,25
21.700000,57.49900,2.29852,0.566667,26
21.700000,58.32848,2.82630,0.633333,27
21.700000,59.12095,3.40816,0.700000,28
21.700000,59.87291,4.04153,0.766667,29
21.700000,60.58100,4.72358,0.766667,30
21.800000,32.13131,-1.79706,0.742424,0
21.800000,33.00000,-1.00000,0.244979,1
21.800000,34.00000,-0.75000,0.244979,2
21.800000,35.00000,-0.50000,0.000000,3
21.800000,36.00000,-0.50000,0.000000,4
21.800000,37.00000,-0.50000,0.000000,5
21.800000,38.00000,-0.50000,0.000000,6
21.800000,39.00000,-0.50000,0.000000,7
21.800000,40.00000,-0.50000,0.000000,8
21.800000,41.00000,-0.50000,0.000000,9
21.800000,42.00000,-0.50000,0.000000,10
21.800000,43.00000,-0.50000,0.000000,11
21.800000,44.00000,-0.50000,0.000000,12
21.800000,45.00000,-0.50000,0.000000,13
21.800000,46.00000,-0.50000,0.000000,14
21.800000,47.00000,-0.50000,0.000000,15
21.800000,48.00000,-0.50000,-0.244979,16
21.800000,49.00000,-0.75000,-0.244979,17
21.800000,50.00000,-1.00000,0.033333,18
21.800000,51.06588,-0.96446,0.100000,19
21.800000,52.12702,-0.85799,0.610942,20
21.800000,53.07937,-0.19103,0.472480,21
21.800000,54.01864,0.28902,0.542947,22
21.800000,54.90792,0.82565,0.613534,23
21.800000,55.74392,1.41435,0.684247,24
21.800000,56.52372,2.05044,0.755092,25
21.800000,57.24479,2.72908,1.058322,26
21.800000,57.76383,3.65164,1.140275,27
21.800000,58.19340,4.58699,1.223118,28
21.800000,58.53421,5.52742,1.306923,29
21.800000,58.78761,6.46534,1.306923,30
22.500000,33.40547,-0.87781,0.332372,0
22.500000,34.50000,-0.50000,0.000000,1
22.500000,35.50000,-0.50000,0.000000,2
22.500000,36.50000,-0.50000,0.000000,3
22.500000,37.50000,-0.50000,0.000000,4
22.500000,38.50000,-0.50000,0.000000,5
22.500000,39.50000,-0.50000,0.000000,6
22.500000,40.50000,-0.50000,0.000000,7
22.500000,41.50000,-0.50000,0.000000,8
22.500000,42.50000,-0.50000,0.000000,9
22.500000,43.50000,-0.50000,0.000000,10
22.500000,44.50000,-0.50000,0.000000,11
22.500000,45.50000,-0.50000,0.000000,12
22.500000,46.50000,-0.50000,0.000000,13
22.500000,47.50000,-0.50000,0.000000,14
22.500000,48.50000,-0.50000,-0.244979,15
22.500000,49.50000,-0.75000,-0.229254,16
22.500000,50.53323,-0.99111,0.066667,17
22.500000,51.59733,-0.92007,0.365219,18
22.500000,52.61286,-0.53176,0.435461,19
22.500000,53.58394,-0.07997,0.505813,20
22.500000,54.50668,0.43112,0.576280,21
22.500000,55.37759,0.99709,0.646867,22
22.500000,56.19350,1.61333,0.717580,23
22.500000,56.95167,2.27505,0.788425,24
22.500000,57.64972,2.97735,0.600000,25
22.500000,58.43365,3.51366,0.666667,26
22.500000,59.18010,4.10100,0.733333,27
22.500000,59.88577,4.73676,0.800000,28
22.500000,60.54752,5.41813,0.866667,29
22.500000,61.16241,6.14206,0.866667,30
22.600000,33.60138,-0.74440,0.502980,0
22.600000,34.50000,-0.25000,0.000000,1
22.600000,35.50000,-0.25000,0.000000,2
22.600000,36.50000,-0.25000,0.000000,3
22.600000,37.50000,-0.25000,0.000000,4
22.600000,38.50000,-0.25000,0.000000,5
22.600000,39.50000,-0.25000,0.000000,6
22.600000,40.50000,-0.25000,0.000000,7
22.600000,41.50000,-0.25000,0.000000,8
22.600000,42.50000,-0.25000,0.000000,9
22.600000,43.50000,-0.25000,0.000000,10
22.600000,44.50000,-0.25000,0.000000,11
22.600000,45.50000,-0.25000,0.000000,12
22.600000,46.50000,-0.25000,0.000000,13
22.600000,47.50000,-0.25000,-0.244979,14
22.600000,48.50000,-0.50000,-0.244979,15
22.600000,49.50000,-0.75000,-0.229254,16
22.600000,50.53323,-0.99111,0.066667,17
22.600000,51.59733,-0.92007,0.365219,18
22.600000,52.61286,-0.53176,0.435461,19
22.600000,53.58394,-0.07997,0.505813,20
22.600000,54.50668,0.43112,0.576280,21
22.600000,55.37759,0.99709,0.646867,22
22.600000,56.19350,1.61333,0.717580,23
22.600000,56.95167,2.27505,0.788425,24
22.600000,57.64972,2.97735,0.344908,25
22.600000,58.58161,3.31214,0.666667,26
22.600000,59.34116,3.90979,0.733333,27
22.600000,60.05921,4.55671,0.800000,28
22.600000,60.73256,5.25002,0.866667,29
22.600000,61.35824,5.98666,0.866667,30
22.700000,33.80412,-0.64546,0.319363,0
22.700000,35.00000,-0.25000,0.000000,1
22.700000,36.00000,-0.25000,0.000000,2
22.700000,37.00000,-0.25000,0.000000,3
22.700000,38.00000,-0.25000,0.000000,4
22.700000,39.00000,-0.25000,0.000000,5
22.700000,40.00000,-0.25000,0.000000,6
22.700000,41.00000,-0.25000,0.000000,7
22.700000,42.00000,-0.25000,0.000000,8
22.700000,43.00000,-0.25000,0.000000,9
22.700000,44.00000,-0.25000,0.000000,10
22.700000,45.00000,-0.25000,0.000000,11
22.700000,46.00000,-0.25000,0.000000,12
22.700000,47.00000,-0.25000,-0.244979,13
22.700000,48.00000,-0.50000,-0.244979,14
22.700000,49.00000,-0.75000,0.000000,15
22.700000,50.00000,-0.75000,-0.198552,16
22.700000,51.06588,-0.96446,0.100000,17
22.700000,52.12702,-0.85799,0.398552,18
22.700000,53.12904,-0.43605,0.468794,19
22.700000,54.08452,0.04785,0.539146,20
22.700000,54.98972,0.58941,0.609613,21
22.700000,55.84128,1.18409,0.433333,22
22.700000,56.74868,1.60391,0.746867,23
22.700000,57.49900,2.29852,0.566667,24
22.700000,58.32848,2.82630,0.633333,25
22.700000,59.12095,3.40816,0.700000,26
22.700000,59.87291,4.04153,0.766667,27
22.700000,60.58100,4.72358,0.833333,28
22.700000,61.24209,5.45128,0.900000,29
22.700000,61.85322,6.22141,0.900000,30
22.800000,34.00115,-0.54013,0.282687,0
22.800000,35.00000,-0.25000,0.000000,1
22.800000,36.00000,-0.25000,0.000000,2
22.800000,37.00000,-0.25000,0.000000,3
22.800000,38.00000,-0.25000,0.000000,4
22.800000,39.00000,-0.25000,0.000000,5
22.800000,40.00000,-0.25000,0.000000,6
22.800000,41.00000,-0.25000,0.000000,7
22.800000,42.00000,-0.25000,0.000000,8
22.800000,43.00000,-0.25000,0.000000,9
22.800000,44.00000,-0.25000,0.000000,10
22.800000,45.00000,-0.25000,0.000000,11
22.800000,46.00000,-0.25000,0.000000,12
22.800000,47.00000,-0.25000,-0.244979,13
22.800000,48.00000,-0.50000,-0.244979,14
22.800000,49.00000,-0.75000,0.000000,15
22.800000,50.00000,-0.75000,-0.198552,16
22.800000,51.06588,-0.96446,0.100000,17
22.800000,52.12702,-0.85799,0.398552,18
22.800000,53.12904,-0.43605,0.468794,19
22.800000,54.08452,0.04785,0.539146,20
22.800000,54.98972,0.58941,0.609613,21
22.800000,55.84128,1.18409,0.433333,22
22.800000,56.74868,1.60391,0.500000,23
22.800000,57.62610,2.08324,0.566667,24
22.800000,58.46964,2.61997,0.633333,25
22.800000,59.27555,3.21169,0.700000,26
22.800000,60.04025,3.85579,0.766667,27
22.800000,60.76034,4.54940,0.833333,28
22.800000,61.43263,5.28944,0.900000,29
22.800000,62.05412,6.07262,0.900000,30
22.900000,34.21862,-0.44880,0.249133,0
22.900000,35.00000,-0.25000,0.000000,1
22.900000,36.00000,-0.25000,0.000000,2
22.900000,37.00000,-0.25000,0.000000,3
22.900000,38.00000,-0.25000,0.000000,4
22.900000,39.00000,-0.25000,0.000000,5
22.900000,40.00000,-0.25000,0.000000,6
22.900000,41.00000,-0.25000,0.000000,7
22.900000,42.00000,-0.25000,0.000000,8
22.900000,43.00000,-0.25000,0.000000,9
22.900000,44.00000,-0.25000,0.000000,10
22.900000,45.00000,-0.25000,0.000000,11
22.900000,46.00000,-0.25000,0.000000,12
22.900000,47.00000,-0.25000,-0.244979,13
22.900000,48.00000,-0.50000,-0.244979,14
22.900000,49.00000,-0.75000,0.000000,15
22.900000,50.00000,-0.75000,-0.198552,16
22.900000,51.06588,-0.96446,0.100000,17
22.900000,52.12702,-0.85799,0.398552,18
22.900000,53.12904,-0.43605,0.468794,19
22.900000,54.08452,0.04785,0.539146,20
22.900000,54.98972,0.58941,0.366667,21
22.900000,55.93863,0.95382,0.433333,22
22.900000,56.86116,1.38064,0.500000,23
22.900000,57.75320,1.86796,0.566667,24
22.900000,58.61080,2.41363,0.633333,25
22.900000,59.43014,3.01522,0.700000,26
22.900000,60.20759,3.67005,0.766667,27
22.900000,60.93968,4.37522,0.833333,28
22.900000,61.62317,5.12760,0.900000,29
22.900000,62.25503,5.92383,0.900000,30
23.000000,34.40696,-0.32349,0.067133,0
23.000000,35.50000,-0.25000,0.000000,1
23.000000,36.50000,-0.25000,0.000000,2
23.000000,37.50000,-0.25000,0.000000,3
23.000000,38.50000,-0.25000,0.000000,4
23.000000,39.50000,-0.25000,0.000000,5
23.000000,40.50000,-0.25000,0.000000,6
23.000000,41.50000,-0.25000,0.000000,7
23.000000,42.50000,-0.25000,0.000000,8
23.000000,43.50000,-0.25000,0.000000,9
23.000000,44.50000,-0.25000,0.000000,10
23.000000,45.50000,-0.25000,0.000000,11
23.000000,46.50000,-0.25000,0.000000,12
23.000000,47.50000,-0.25000,-0.244979,13
23.000000,48.50000,-0.50000,-0.244979,14
23.000000,49.50000,-0.75000,-0.229254,15
23.000000,50.53323,-0.99111,0.066667,16
23.000000,51.59733,-0.92007,0.365219,17
23.000000,52.61286,-0.53176,0.435461,18
23.000000,53.58394,-0.07997,0.505813,19
23.000000,54.50668,0.43112,0.333333,20
23.000000,55.46721,0.76370,0.400000,21
23.000000,56.40345,1.15954,0.466667,22
23.000000,57.31124,1.61687,0.533333,23
23.000000,58.18655,2.13365,0.600000,24
23.000000,59.02548,2.70760,0.666667,25
23.000000,59.82432,3.33616,0.733333,26
23.000000,60.57951,4.01654,0.800000,27
23.000000,61.28770,4.74571,0.866667,28
23.000000,61.94574,5.52045,0.933333,29
23.000000,62.55070,6.33730,0.933333,30
23.100000,34.68006,-0.23187,-0.022104,0
23.100000,35.50000,-0.25000,0.000000,1
23.100000,36.50000,-0.25000,0.000000,2
23.100000,37.50000,-0.25000,0.000000,3
23.100000,38.50000,-0.25000,0.000000,4
23.100000,39.50000,-0.25000,0.000000,5
23.100000,40.50000,-0.25000,0.000000,6
23.100000,41.50000,-0.25000,0.000000,7
23.100000,42.50000,-0.25000,0.000000,8
23.100000,43.50000,-0.25000,0.000000,9
23.100000,44.50000,-0.25000,0.000000,10
23.100000,45.50000,-0.25000,0.000000,11
23.100000,46.50000,-0.25000,0.000000,12
23.100000,47.50000,-0.25000,-0.244979,13
23.100000,48.50000,-0.50000,-0.244979,14
23.100000,49.50000,-0.75000,-0.229254,15
23.100000,50.53323,-0.99111,0.066667,16
23.100000,51.59733,-0.92007,0.365219,17
23.100000,52.61286,-0.53176,0.435461,18
23.100000,53.58394,-0.07997,0.505813,19
23.100000,54.50668,0.43112,0.333333,20
23.100000,55.46721,0.76370,0.400000,21
23.100000,56.40345,1.15954,0.466667,22
23.100000,57.31124,1.61687,0.533333,23
23.100000,58.18655,2.13365,0.600000,24
23.100000,59.02548,2.70760,0.666667,25
23.100000,59.82432,3.33616,0.733333,26
23.100000,60.57951,4.01654,0.800000,27
23.100000,61.28770,4.74571,0.866667,28
23.100000,61.94574,5.52045,0.933333,29
23.100000,62.55070,6.33730,0.933333,30
23.200000,34.80342,-0.17393,-0.063490,0
23.200000,36.00000,-0.25000,0.000000,1
23.200000,37.00000,-0.25000,0.000000,2
23.200000,38.00000,-0.25000,0.000000,3
23.200000,39.00000,-0.25000,0.000000,4
23.200000,40.00000,-0.25000,0.000000,5
23.200000,41.00000,-0.25000,0.000000,6
23.200000,42.00000,-0.25000,0.000000,7
23.200000,43.00000,-0.25000,0.000000,8
23.200000,44.00000,-0.25000,0.000000,9
23.200000,45.00000,-0.25000,0.000000,10
23.200000,46.00000,-0.25000,0.000000,11
23.200000,47.00000,-0.25000,-0.244979,12
23.200000,48.00000,-0.50000,-0.244979,13
23.200000,49.00000,-0.75000,-0.244979,14
23.200000,50.00000,-1.00000,0.033333,15
23.200000,51.06588,-0.96446,0.100000,16
23.200000,52.12702,-0.85799,0.398552,17
23.200000,53.12904,-0.43605,0.468794,18
23.200000,54.08452,0.04785,0.539146,19
23.200000,54.98972,0.58941,0.366667,20
23.200000,55.93863,0.95382,0.433333,21
23.200000,56.86116,1.38064,0.500000,22
23.200000,57.75320,1.86796,0.566667,23
23.200000,58.61080,2.41363,0.633333,24
23.200000,59.43014,3.01522,0.700000,25
23.200000,60.20759,3.67005,0.766667,26
23.200000,60.93968,4.37522,0.833333,27
23.200000,61.62317,5.12760,0.900000,28
23.200000,62.25503,5.92383,0.966667,29
23.200000,62.83243,6.76039,0.966667,30
23.300000,34.97487,-0.04242,-0.199790,0
23.300000,36.00000,-0.25000,0.000000,1
23.300000,37.00000,-0.25000,0.000000,2
23.300000,38.00000,-0.25000,0.000000,3
23.300000,39.00000,-0.25000,0.000000,4
23.300000,40.00000,-0.25000,0.000000,5
23.300000,41.00000,-0.25000,0.000000,6
23.300000,42.00000,-0.25000,0.000000,7
23.300000,43.00000,-0.25000,0.000000,8
23.300000,44.00000,-0.25000,0.000000,9
23.300000,45.00000,-0.25000,0.000000,10
23.300000,46.00000,-0.25000,0.000000,11
23.300000,47.00000,-0.25000,-0.244979,12
23.300000,48.00000,-0.50000,-0.244979,13
23.300000,49.00000,-0.75000,0.000000,14
23.300000,50.00000,-0.75000,-0.198552,15
23.300000,51.06588,-0.96446,0.100000,16
23.300000,52.12702,-0.85799,0.398552,17
23.300000,53.12904,-0.43605,0.468794,18
23.300000,54.08452,0.04785,0.539146,19
23.300000,54.98972,0.58941,0.366667,20
23.300000,55.93863,0.95382,0.433333,21
23.300000,56.86116,1.38064,0.500000,22
23.300000,57.75320,1.86796,0.566667,23
23.300000,58.61080,2.41363,0.633333,24
23.300000,59.43014,3.01522,0.700000,25
23.300000,60.20759,3.67005,0.766667,26
23.300000,60.93968,4.37522,0.833333,27
23.300000,61.62317,5.12760,0.900000,28
23.300000,62.25503,5.92383,0.966667,29
23.300000,62.83243,6.76039,0.966667,30
23.400000,35.14780,0.02498,-0.029298,0
23.400000,36.00000,0.00000,0.000000,1
23.400000,37.00000,0.00000,0.000000,2
23.400000,38.00000,0.00000,0.000000,3
23.400000,39.00000,0.00000,0.000000,4
23.400000,40.00000,0.00000,0.000000,5
23.400000,41.00000,0.00000,0.000000,6
23.400000,42.00000,0.00000,0.000000,7
23.400000,43.00000,0.00000,0.000000,8
23.400000,44.00000,0.00000,0.000000,9
23.400000,45.00000,0.00000,0.000000,10
23.400000,46.00000,0.00000,-0.244979,11
23.400000,47.00000,-0.25000,-0.244979,12
23.400000,48.00000,-0.50000,-0.244979,13
23.400000,49.00000,-0.75000,-0.244979,14
23.400000,50.00000,-1.00000,0.033333,15
23.400000,51.06588,-0.96446,0.100000,16
23.400000,52.12702,-0.85799,0.398552,17
23.400000,53.12904,-0.43605,0.468794,18
23.400000,54.08452,0.04785,0.539146,19
23.400000,54.98972,0.58941,0.366667,20
23.400000,55.93863,0.95382,0.433333,21
23.400000,56.86116,1.38064,0.500000,22
23.400000,57.75320,1.86796,0.566667,23
23.400000,58.61080,2.41363,0.633333,24
23.400000,59.43014,3.01522,0.700000,25
23.400000,60.20759,3.67005,0.766667,26
23.400000,60.93968,4.37522,0.833333,27
23.400000,61.62317,5.12760,0.900000,28
23.400000,62.25503,5.92383,0.966667,29
23.400000,62.83243,6.76039,0.966667,30
23.500000,35.40327,0.19730,-0.177992,0
23.500000,36.50000,0.00000,0.000000,1
23.500000,37.50000,0.00000,0.000000,2
23.500000,38.50000,0.00000,0.000000,3
23.500000,39.50000,0.00000,0.000000,4
23.500000,40.50000,0.00000,0.000000,5
23.500000,41.50000,0.00000,0.000000,6
23.500000,42.50000,0.00000,0.000000,7
23.500000,43.50000,0.00000,0.000000,8
23.500000,44.50000,0.00000,0.000000,9
23.500000,45.50000,0.00000,0.000000,10
23.500000,46.50000,0.00000,-0.244979,11
23.500000,47.50000,-0.25000,-0.244979,12
23.500000,48.50000,-0.50000,-0.244979,13
23.500000,49.50000,-0.75000,-0.229254,14
23.500000,50.53323,-0.99111,0.066667,15
23.500000,51.59733,-0.92007,0.365219,16
23.500000,52.61286,-0.53176,0.435461,17
23.500000,53.58394,-0.07997,0.505813,18
23.500000,54.50668,0.43112,0.333333,19
23.500000,55.46721,0.76370,0.400000,20
23.500000,56.40345,1.15954,0.466667,21
23.500000,57.31124,1.61687,0.533333,22
23.500000,58.18655,2.13365,0.600000,23
23.500000,59.02548,2.70760,0.666667,24
23.500000,59.82432,3.33616,0.733333,25
23.500000,60.57951,4.01654,0.800000,26
23.500000,61.28770,4.74571,0.866667,27
23.500000,61.94574,5.52045,0.933333,28
23.500000,62.55070,6.33730,1.000000,29
23.500000,63.09991,7.19264,1.000000,30
23.600000,35.50400,0.27148,-0.266105,0
23.600000,36.50000,0.00000,0.000000,1
23.600000,37.50000,0.00000,0.000000,2
23.600000,38.50000,0.00000,0.000000,3
23.600000,39.50000,0.00000,0.000000,4
23.600000,40.50000,0.00000,0.000000,5
23.600000,41.50000,0.00000,0.000000,6
23.600000,42.50000,0.00000,0.000000,7
23.600000,43.50000,0.00000,0.000000,8
23.600000,44.50000,0.00000,0.000000,9
23.600000,45.50000,0.00000,0.000000,10
23.600000,46.50000,0.00000,-0.244979,11
23.600000,47.50000,-0.25000,-0.244979,12
23.600000,48.50000,-0.50000,-0.244979,13
23.600000,49.50000,-0.75000,-0.229254,14
23.600000,50.53323,-0.99111,0.066667,15
23.600000,51.59733,-0.92007,0.365219,16
23.600000,52.61286,-0.53176,0.435461,17
23.600000,53.58394,-0.07997,0.505813,18
23.600000,54.50668,0.43112,0.333333,19
23.600000,55.46721,0.76370,0.400000,20
23.600000,56.40345,1.15954,0.466667,21
23.600000,57.31124,1.61687,0.533333,22
23.600000,58.18655,2.13365,0.600000,23
23.600000,59.02548,2.70760,0.666667,24
23.600000,59.82432,3.33616,0.733333,25
23.600000,60.57951,4.01654,0.800000,26
23.600000,61.28770,4.74571,0.866667,27
23.600000,61.94574,5.52045,0.933333,28
23.600000,62.55070,6.33730,1.000000,29
23.600000,63.09991,7.19264,1.000000,30
23.700000,35.65642,0.34220,-0.385367,0
23.700000,36.50000,0.00000,0.000000,1
23.700000,37.50000,0.00000,0.000000,2
23.700000,38.50000,0.00000,0.000000,3
23.700000,39.50000,0.00000,0.000000,4
23.700000,40.50000,0.00000,0.000000,5
23.700000,41.50000,0.00000,0.000000,6
23.700000,42.50000,0.00000,0.000000,7
23.700000,43.50000,0.00000,0.000000,8
23.700000,44.50000,0.00000,0.000000,9
23.700000,45.50000,0.00000,0.000000,10
23.700000,46.50000,0.00000,-0.244979,11
23.700000,47.50000,-0.25000,-0.244979,12
23.700000,48.50000,-0.50000,-0.244979,13
23.700000,49.50000,-0.75000,-0.229254,14
23.700000,50.53323,-0.99111,0.066667,15
23.700000,51.59733,-0.92007,0.365219,16
23.700000,52.61286,-0.53176,0.435461,17
23.700000,53.58394,-0.07997,0.505813,18
23.700000,54.50668,0.43112,0.333333,19
23.700000,55.46721,0.76370,0.400000,20
23.700000,56.40345,1.15954,0.466667,21
23.700000,57.31124,1.61687,0.533333,22
23.700000,58.18655,2.13365,0.600000,23
23.700000,59.02548,2.70760,0.666667,24
23.700000,59.82432,3.33616,0.733333,25
23.700000,60.57951,4.01654,0.800000,26
23.700000,61.28770,4.74571,0.866667,27
23.700000,61.94574,5.52045,0.933333,28
23.700000,62.55070,6.33730,1.000000,29
23.700000,63.09991,7.19264,1.000000,30
23.800000,35.85008,0.44956,-0.372680,0
23.800000,37.00000,0.00000,0.000000,1
23.800000,38.00000,0.00000,0.000000,2
23.800000,39.00000,0.00000,0.000000,3
23.800000,40.00000,0.00000,0.000000,4
23.800000,41.00000,0.00000,0.000000,5
23.800000,42.00000,0.00000,0.000000,6
23.800000,43.00000,0.00000,0.000000,7
23.800000,44.00000,0.00000,0.000000,8
23.800000,45.00000,0.00000,0.000000,9
23.800000,46.00000,0.00000,-0.244979,10
23.800000,47.00000,-0.25000,-0.244979,11
23.800000,48.00000,-0.50000,-0.244979,12
23.800000,49.00000,-0.75000,-0.244979,13
23.800000,50.00000,-1.00000,0.033333,14
23.800000,51.06588,-0.96446,0.100000,15
23.800000,52.12702,-0.85799,0.398552,16
23.800000,53.12904,-0.43605,0.468794,17
23.800000,54.08452,0.04785,0.539146,18
23.800000,54.98972,0.58941,0.609613,19
23.800000,55.84128,1.18409,0.433333,20
23.800000,56.74868,1.60391,0.500000,21
23.800000,57.62610,2.08324,0.566667,22
23.800000,58.46964,2.61997,0.633333,23
23.800000,59.27555,3.21169,0.700000,24
23.800000,60.04025,3.85579,0.766667,25
23.800000,60.76034,4.54940,0.833333,26
23.800000,61.43263,5.28944,0.900000,27
23.800000,62.05412,6.07262,0.966667,28
23.800000,62.62206,6.89547,1.033333,29
23.800000,63.13393,7.75432,1.033333,30
23.900000,36.01602,0.58447,-0.327667,0
23.900000,37.00000,0.25000,-0.244979,1
23.900000,38.00000,0.00000,0.000000,2
23.900000,39.00000,0.00000,0.000000,3
23.900000,40.00000,0.00000,0.000000,4
23.900000,41.00000,0.00000,0.000000,5
23.900000,42.00000,0.00000,0.000000,6
23.900000,43.00000,0.00000,0.000000,7
23.900000,44.00000,0.00000,0.000000,8
23.900000,45.00000,0.00000,0.000000,9
23.900000,46.00000,0.00000,-0.244979,10
23.900000,47.00000,-0.25000,-0.244979,11
23.900000,48.00000,-0.50000,-0.244979,12
23.900000,49.00000,-0.75000,-0.244979,13
23.900000,50.00000,-1.00000,0.033333,14
23.900000,51.06588,-0.96446,0.100000,15
23.900000,52.12702,-0.85799,0.398552,16
23.900000,53.12904,-0.43605,0.468794,17
23.900000,54.08452,0.04785,0.539146,18
23.900000,54.98972,0.58941,0.609613,19
23.900000,55.84128,1.18409,0.433333,20
23.900000,56.74868,1.60391,0.500000,21
23.900000,57.62610,2.08324,0.566667,22
23.900000,58.46964,2.61997,0.633333,23
23.900000,59.27555,3.21169,0.700000,24
23.900000,60.04025,3.85579,0.766667,25
23.900000,60.76034,4.54940,0.833333,26
23.900000,61.43263,5.28944,0.900000,27
23.900000,62.05412,6.07262,0.966667,28
23.900000,62.62206,6.89547,1.033333,29
23.900000,63.13393,7.75432,1.033333,30
24.000000,36.17263,0.70903,-0.506523,0
24.000000,37.00000,0.25000,-0.244979,1
24.000000,38.00000,0.00000,0.000000,2
24.000000,39.00000,0.00000,0.000000,3
24.000000,40.00000,0.00000,0.000000,4
24.000000,41.00000,0.00000,0.000000,5
24.000000,42.00000,0.00000,0.000000,6
24.000000,43.00000,0.00000,0.000000,7
24.000000,44.00000,0.00000,0.000000,8
24.000000,45.00000,0.00000,0.000000,9
24.000000,46.00000,0.00000,-0.244979,10
24.000000,47.00000,-0.25000,-0.244979,11
24.000000,48.00000,-0.50000,-0.244979,12
24.000000,49.00000,-0.75000,0.000000,13
24.000000,50.00000,-0.75000,-0.198552,14
24.000000,51.06588,-0.96446,0.100000,15
24.000000,52.12702,-0.85799,0.398552,16
24.000000,53.12904,-0.43605,0.468794,17
24.000000,54.08452,0.04785,0.539146,18
24.000000,54.98972,0.58941,0.609613,19
24.000000,55.84128,1.18409,0.433333,20
24.000000,56.74868,1.60391,0.500000,21
24.000000,57.62610,2.08324,0.566667,22
24.000000,58.46964,2.61997,0.633333,23
24.000000,59.27555,3.21169,0.700000,24
24.000000,60.04025,3.85579,0.766667,25
24.000000,60.76034,4.54940,0.833333,26
24.000000,61.43263,5.28944,0.900000,27
24.000000,62.05412,6.07262,0.966667,28
24.000000,62.62206,6.89547,1.033333,29
24.000000,63.13393,7.75432,1.033333,30
24.100000,36.37697,0.80443,-0.264721,0
24.100000,37.50000,0.50000,-0.244979,1
24.100000,38.50000,0.25000,-0.244979,2
24.100000,39.50000,0.00000,0.000000,3
24.100000,40.50000,0.00000,0.000000,4
24.100000,41.50000,0.00000,0.000000,5
24.100000,42.50000,0.00000,0.000000,6
24.100000,43.50000,0.00000,0.000000,7
24.100000,44.50000,0.00000,0.000000,8
24.100000,45.50000,0.00000,0.000000,9
24.100000,46.50000,0.00000,-0.244979,10
24.100000,47.50000,-0.25000,-0.244979,11
24.100000,48.50000,-0.50000,-0.244979,12
24.100000,49.50000,-0.75000,-0.229254,13
24.100000,50.53323,-0.99111,0.066667,14
24.100000,51.59733,-0.92007,0.365219,15
24.100000,52.61286,-0.53176,0.435461,16
24.100000,53.58394,-0.07997,0.505813,17
24.100000,54.50668,0.43112,0.333333,18
24.100000,55.46721,0.76370,0.400000,19
24.100000,56.40345,1.15954,0.466667,20
24.100000,57.31124,1.61687,0.533333,21
24.100000,58.18655,2.13365,0.600000,22
24.100000,59.02548,2.70760,0.666667,23
24.100000,59.82432,3.33616,0.733333,24
24.100000,60.57951,4.01654,0.800000,25
24.100000,61.28770,4.74571,0.866667,26
24.100000,61.94574,5.52045,0.933333,27
24.100000,62.55070,6.33730,1.000000,28
24.100000,63.09991,7.19264,1.066667,29
24.100000,63.59091,8.08266,1.066667,30
24.200000,36.57783,0.85701,-0.369369,0
24.200000,37.50000,0.50000,-0.244979,1
24.200000,38.50000,0.25000,-0.244979,2
24.200000,39.50000,0.00000,0.000000,3
24.200000,40.50000,0.00000,0.000000,4
24.200000,41.50000,0.00000,0.000000,5
24.200000,42.50000,0.00000,0.000000,6
24.200000,43.50000,0.00000,0.000000,7
24.200000,44.50000,0.00000,0.000000,8
24.200000,45.50000,0.00000,-0.244979,9
24.200000,46.50000,-0.25000,-0.244979,10
24.200000,47.50000,-0.50000,-0.244979,11
24.200000,48.50000,-0.75000,0.000000,12
24.200000,49.50000,-0.75000,-0.229254,13
24.200000,50.53323,-0.99111,0.066667,14
24.200000,51.59733,-0.92007,0.365219,15
24.200000,52.61286,-0.53176,0.435461,16
24.200000,53.58394,-0.07997,0.505813,17
24.200000,54.50668,0.43112,0.333333,18
24.200000,55.46721,0.76370,0.400000,19
24.200000,56.40345,1.15954,0.466667,20
24.200000,57.31124,1.61687,0.533333,21
24.200000,58.18655,2.13365,0.600000,22
24.200000,59.02548,2.70760,0.666667,23
24.200000,59.82432,3.33616,0.733333,24
24.200000,60.57951,4.01654,0.800000,25
24.200000,61.28770,4.74571,0.866667,26
24.200000,61.94574,5.52045,0.933333,27
24.200000,62.55070,6.33730,1.000000,28
24.200000,63.09991,7.19264,1.066667,29
24.200000,63.59091,8.08266,1.066667,30
24.302000,36.75146,0.95386,-0.348659,0
24.302000,38.00000,0.50000,-0.244979,1
24.302000,39.00000,0.25000,-0.244979,2
24.302000,40.00000,0.00000,0.000000,3
24.302000,41.00000,0.00000,0.000000,4
24.302000,42.00000,0.00000,0.000000,5
24.302000,43.00000,0.00000,0.000000,6
24.302000,44.00000,0.00000,0.000000,7
24.302000,45.00000,0.00000,0.000000,8
24.302000,46.00000,0.00000,-0.244979,9
24.302000,47.00000,-0.25000,-0.244979,10
24.302000,48.00000,-0.50000,-0.244979,11
24.302000,49.00000,-0.75000,-0.244979,12
24.302000,50.00000,-1.00000,0.033333,13
24.302000,51.06588,-0.96446,0.100000,14
24.302000,52.12702,-0.85799,0.398552,15
24.302000,53.12904,-0.43605,0.468794,16
24.302000,54.08452,0.04785,0.539146,17
24.302000,54.98972,0.58941,0.609613,18
24.302000,55.84128,1.18409,0.433333,19
24.302000,56.74868,1.60391,0.500000,20
24.302000,57.62610,2.08324,0.566667,21
24.302000,58.46964,2.61997,0.633333,22
24.302000,59.27555,3.21169,0.700000,23
24.302000,60.04025,3.85579,0.766667,24
24.302000,60.76034,4.54940,0.833333,25
24.302000,61.43263,5.28944,0.900000,26
24.302000,62.05412,6.07262,0.966667,27
24.302000,62.62206,6.89547,1.033333,28
24.302000,63.13393,7.75432,1.100000,29
24.302000,63.58744,8.64536,1.100000,30
24.400000,36.92906,1.06701,-0.486928,0
24.400000,38.00000,0.50000,-0.244979,1
24.400000,39.00000,0.25000,-0.244979,2
24.400000,40.00000,0.00000,0.000000,3
24.400000,41.00000,0.00000,0.000000,4
24.400000,42.00000,0.00000,0.000000,5
24.400000,43.00000,0.00000,0.000000,6
24.400000,44.00000,0.00000,0.000000,7
24.400000,45.00000,0.00000,0.000000,8
24.400000,46.00000,0.00000,-0.244979,9
24.400000,47.00000,-0.25000,-0.244979,10
24.400000,48.00000,-0.50000,-0.244979,11
24.400000,49.00000,-0.75000,-0.244979,12
24.400000,50.00000,-1.00000,0.033333,13
24.400000,51.06588,-0.96446,0.100000,14
24.400000,52.12702,-0.85799,0.398552,15
24.400000,53.12904,-0.43605,0.468794,16
24.400000,54.08452,0.04785,0.539146,17
24.400000,54.98972,0.58941,0.609613,18
24.400000,55.84128,1.18409,0.433333,19
24.400000,56.74868,1.60391,0.500000,20
24.400000,57.62610,2.08324,0.566667,21
24.400000,58.46964,2.61997,0.633333,22
24.400000,59.27555,3.21169,0.700000,23
24.400000,60.04025,3.85579,0.766667,24
24.400000,60.76034,4.54940,0.833333,25
24.400000,61.43263,5.28944,0.900000,26
24.400000,62.05412,6.07262,0.966667,27
24.400000,62.62206,6.89547,1.033333,28
24.400000,63.13393,7.75432,1.100000,29
24.400000,63.58744,8.64536,1.100000,30
24.500000,37.09846,1.10873,-0.593896,0
24.500000,38.00000,0.50000,-0.244979,1
24.500000,39.00000,0.25000,-0.244979,2
24.500000,40.00000,0.00000,0.000000,3
24.500000,41.00000,0.00000,0.000000,4
24.500000,42.00000,0.00000,0.000000,5
24.500000,43.00000,0.00000,0.000000,6
24.500000,44.00000,0.00000,0.000000,7
24.500000,45.00000,0.00000,0.000000,8
24.500000,46.00000,0.00000,-0.244979,9
24.500000,47.00000,-0.25000,-0.244979,10
24.500000,48.00000,-0.50000,-0.244979,11
24.500000,49.00000,-0.75000,-0.244979,12
24.500000,50.00000,-1.00000,0.033333,13
24.500000,51.06588,-0.96446,0.100000,14
24.500000,52.12702,-0.85799,0.398552,15
24.500000,53.12904,-0.43605,0.468794,16
24.500000,54.08452,0.04785,0.539146,17
24.500000,54.98972,0.58941,0.609613,18
24.500000,55.84128,1.18409,0.433333,19
24.500000,56.74868,1.60391,0.500000,20
24.500000,57.62610,2.08324,0.566667,21
24.500000,58.46964,2.61997,0.633333,22
24.500000,59.27555,3.21169,0.700000,23
24.500000,60.04025,3.85579,0.766667,24
24.500000,60.76034,4.54940,0.833333,25
24.500000,61.43263,5.28944,0.900000,26
24.500000,62.05412,6.07262,0.966667,27
24.500000,62.62206,6.89547,1.033333,28
24.500000,63.13393,7.75432,1.100000,29
24.500000,63.58744,8.64536,1.100000,30
24.600000,37.30118,1.14929,-0.321512,0
24.600000,38.50000,0.75000,-0.244979,1
24.600000,39.50000,0.50000,-0.244979,2
24.600000,40.50000,0.25000,-0.244979,3
24.600000,41.50000,0.00000,0.000000,4
24.600000,42.50000,0.00000,0.000000,5
24.600000,43.50000,0.00000,0.000000,6
24.600000,44.50000,0.00000,0.000000,7
24.600000,45.50000,0.00000,0.000000,8
24.600000,46.50000,0.00000,-0.244979,9
24.600000,47.50000,-0.25000,-0.244979,10
24.600000,48.50000,-0.50000,-0.244979,11
24.600000,49.50000,-0.75000,-0.229254,12
24.600000,50.53323,-0.99111,0.066667,13
24.600000,51.59733,-0.92007,0.365219,14
24.600000,52.61286,-0.53176,0.435461,15
24.600000,53.58394,-0.07997,0.505813,16
24.600000,54.50668,0.43112,0.576280,17
24.600000,55.37759,0.99709,0.400000,18
24.600000,56.29848,1.38643,0.466667,19
24.600000,57.19138,1.83626,0.533333,20
24.600000,58.05234,2.34457,0.600000,21
24.600000,58.87752,2.90911,0.666667,22
24.600000,59.66327,3.52737,0.733333,23
24.600000,60.40608,4.19659,0.800000,24
24.600000,61.10265,4.91382,1.113534,25
24.600000,61.55407,5.83125,1.184247,26
24.600000,61.93345,6.76333,1.255092,27
24.600000,62.24090,7.70459,1.326075,28
24.600000,62.47690,8.64965,1.632524,29
24.600000,62.41251,9.69155,1.632524,30
24.700000,37.48737,1.19242,-0.411908,0
24.700000,38.50000,0.75000,-0.244979,1
24.700000,39.50000,0.50000,-0.244979,2
24.700000,40.50000,0.25000,-0.244979,3
24.700000,41.50000,0.00000,0.000000,4
24.700000,42.50000,0.00000,0.000000,5
24.700000,43.50000,0.00000,0.000000,6
24.700000,44.50000,0.00000,0.000000,7
24.700000,45.50000,0.00000,0.000000,8
24.700000,46.50000,0.00000,-0.244979,9
24.700000,47.50000,-0.25000,-0.244979,10
24.700000,48.50000,-0.50000,-0.244979,11
24.700000,49.50000,-0.75000,-0.229254,12
24.700000,50.53323,-0.99111,0.066667,13
24.700000,51.59733,-0.92007,0.365219,14
24.700000,52.61286,-0.53176,0.435461,15
24.700000,53.58394,-0.07997,0.505813,16
24.700000,54.50668,0.43112,0.576280,17
24.700000,55.37759,0.99709,0.400000,18
24.700000,56.29848,1.38643,0.466667,19
24.700000,57.19138,1.83626,0.533333,20
24.700000,58.05234,2.34457,0.600000,21
24.700000,58.87752,2.90911,0.666667,22
24.700000,59.66327,3.52737,0.733333,23
24.700000,60.40608,4.19659,0.800000,24
24.700000,61.10265,4.91382,1.113534,25
24.700000,61.55407,5.83125,1.184247,26
24.700000,61.93345,6.76333,1.255092,27
24.700000,62.24090,7.70459,1.558322,28
24.700000,62.25410,8.76305,1.401818,29
24.700000,62.41251,9.69155,1.401818,30
24.800000,37.65841,1.20873,-0.499055,0
24.800000,38.50000,0.75000,-0.244979,1
24.800000,39.50000,0.50000,-0.244979,2
24.800000,40.50000,0.25000,-0.244979,3
24.800000,41.50000,0.00000,0.000000,4
24.800000,42.50000,0.00000,0.000000,5
24.800000,43.50000,0.00000,0.000000,6
24.800000,44.50000,0.00000,0.000000,7
24.800000,45.50000,0.00000,0.000000,8
24.800000,46.50000,0.00000,-0.244979,9
24.800000,47.50000,-0.25000,-0.244979,10
24.800000,48.50000,-0.50000,-0.244979,11
24.800000,49.50000,-0.75000,-0.229254,12
24.800000,50.53323,-0.99111,0.066667,13
24.800000,51.59733,-0.92007,0.365219,14
24.800000,52.61286,-0.53176,0.435461,15
24.800000,53.58394,-0.07997,0.505813,16
24.800000,54.50668,0.43112,0.576280,17
24.800000,55.37759,0.99709,0.400000,18
24.800000,56.29848,1.38643,0.466667,19
24.800000,57.19138,1.83626,0.533333,20
24.800000,58.05234,2.34457,0.600000,21
24.800000,58.87752,2.90911,0.666667,22
24.800000,59.66327,3.52737,0.733333,23
24.800000,60.40608,4.19659,0.800000,24
24.800000,61.10265,4.91382,1.113534,25
24.800000,61.55407,5.83125,1.184247,26
24.800000,61.93345,6.76333,1.255092,27
24.800000,62.24090,7.70459,1.326075,28
24.800000,62.47690,8.64965,1.397204,29
24.800000,62.64237,9.59324,1.397204,30
24.900000,37.84621,1.18576,-0.361120,0
24.900000,39.00000,0.75000,-0.244979,1
24.900000,40.00000,0.50000,-0.244979,2
24.900000,41.00000,0.25000,-0.244979,3
24.900000,42.00000,0.00000,0.000000,4
24.900000,43.00000,0.00000,0.000000,5
24.900000,44.00000,0.00000,0.000000,6
24.900000,45.00000,0.00000,0.000000,7
24.900000,46.00000,0.00000,-0.244979,8
24.900000,47.00000,-0.25000,-0.244979,9
24.900000,48.00000,-0.50000,-0.244979,10
24.900000,49.00000,-0.75000,-0.244979,11
24.900000,50.00000,-1.00000,0.033333,12
24.900000,51.06588,-0.96446,0.100000,13
24.900000,52.12702,-0.85799,0.398552,14
24.900000,53.12904,-0.43605,0.468794,15
24.900000,54.08452,0.04785,0.539146,16
24.900000,54.98972,0.58941,0.609613,17
24.900000,55.84128,1.18409,0.433333,18
24.900000,56.74868,1.60391,0.500000,19
24.900000,57.62610,2.08324,0.566667,20
24.900000,58.46964,2.61997,0.633333,21
24.900000,59.27555,3.21169,0.700000,22
24.900000,60.04025,3.85579,0.766667,23
24.900000,60.76034,4.54940,1.080200,24
24.900000,61.24209,5.45128,1.150914,25
24.900000,61.65232,6.37020,1.221759,26
24.900000,61.99096,7.30069,1.292742,27
24.900000,62.25833,8.23736,1.599191,28
24.900000,62.22870,9.28082,1.166667,29
24.900000,62.58253,10.10817,1.166667,30
25.000000,37.93151,1.19194,-0.392180,0
25.000000,39.00000,0.75000,-0.244979,1
25.000000,40.00000,0.50000,-0.244979,2
25.000000,41.00000,0.25000,-0.244979,3
25.000000,42.00000,0.00000,0.000000,4
25.000000,43.00000,0.00000,0.000000,5
25.000000,44.00000,0.00000,0.000000,6
25.000000,45.00000,0.00000,0.000000,7
25.000000,46.00000,0.00000,-0.244979,8
25.000000,47.00000,-0.25000,-0.244979,9
25.000000,48.00000,-0.50000,-0.244979,10
25.000000,49.00000,-0.75000,-0.244979,11
25.000000,50.00000,-1.00000,0.033333,12
25.000000,51.06588,-0.96446,0.100000,13
25.000000,52.12702,-0.85799,0.398552,14
25.000000,53.12904,-0.43605,0.468794,15
25.000000,54.08452,0.04785,0.539146,16
25.000000,54.98972,0.58941,0.609613,17
25.000000,55.84128,1.18409,0.433333,18
25.000000,56.74868,1.60391,0.500000,19
25.000000,57.62610,2.08324,0.566667,20
25.000000,58.46964,2.61997,0.633333,21
25.000000,59.27555,3.21169,0.700000,22
25.000000,60.04025,3.85579,0.766667,23
25.000000,60.76034,4.54940,1.080200,24
25.000000,61.24209,5.45128,1.150914,25
25.000000,61.65232,6.37020,1.221759,26
25.000000,61.99096,7.30069,1.292742,27
25.000000,62.25833,8.23736,1.599191,28
25.000000,62.22870,9.28082,1.166667,29
25.000000,62.58253,10.10817,1.166667,30
25.100000,38.11498,1.15490,-0.429075,0
25.100000,39.00000,0.75000,-0.244979,1
25.100000,40.00000,0.50000,-0.244979,2
25.100000,41.00000,0.25000,-0.244979,3
25.100000,42.00000,0.00000,0.000000,4
25.100000,43.00000,0.00000,0.000000,5
25.100000,44.00000,0.00000,0.000000,6
25.100000,45.00000,0.00000,0.000000,7
25.100000,46.00000,0.00000,-0.244979,8
25.100000,47.00000,-0.25000,-0.244979,9
25.100000,48.00000,-0.50000,-0.244979,10
25.100000,49.00000,-0.75000,0.000000,11
25.100000,50.00000,-0.75000,-0.198552,12
25.100000,51.06588,-0.96446,0.100000,13
25.100000,52.12702,-0.85799,0.398552,14
25.100000,53.12904,-0.43605,0.468794,15
25.100000,54.08452,0.04785,0.539146,16
25.100000,54.98972,0.58941,0.609613,17
25.100000,55.84128,1.18409,0.433333,18
25.100000,56.74868,1.60391,0.500000,19
25.100000,57.62610,2.08324,0.566667,20
25.100000,58.46964,2.61997,0.633333,21
25.100000,59.27555,3.21169,0.700000,22
25.100000,60.04025,3.85579,0.766667,23
25.100000,60.76034,4.54940,1.080200,24
25.100000,61.24209,5.45128,1.150914,25
25.100000,61.65232,6.37020,1.221759,26
25.100000,61.99096,7.30069,1.292742,27
25.100000,62.25833,8.23736,1.599191,28
25.100000,62.22870,9.28082,1.166667,29
25.100000,62.58253,10.10817,1.166667,30
25.200000,38.24598,1.13857,-0.475836,0
25.200000,39.00000,0.75000,-0.244979,1
25.200000,40.00000,0.50000,-0.244979,2
25.200000,41.00000,0.25000,-0.244979,3
25.200000,42.00000,0.00000,0.000000,4
25.200000,43.00000,0.00000,0.000000,5
25.200000,44.00000,0.00000,0.000000,6
25.200000,45.00000,0.00000,0.000000,7
25.200000,46.00000,0.00000,-0.244979,8
25.200000,47.00000,-0.25000,-0.244979,9
25.200000,48.00000,-0.50000,-0.244979,10
25.200000,49.00000,-0.75000,-0.244979,11
25.200000,50.00000,-1.00000,0.033333,12
25.200000,51.06588,-0.96446,0.100000,13
25.200000,52.12702,-0.85799,0.398552,14
25.200000,53.12904,-0.43605,0.468794,15
25.200000,54.08452,0.04785,0.539146,16
25.200000,54.98972,0.58941,0.609613,17
25.200000,55.84128,1.18409,0.433333,18
25.200000,56.74868,1.60391,0.500000,19
25.200000,57.62610,2.08324,0.566667,20
25.200000,58.46964,2.61997,0.633333,21
25.200000,59.27555,3.21169,0.700000,22
25.200000,60.04025,3.85579,0.766667,23
25.200000,60.76034,4.54940,1.080200,24
25.200000,61.24209,5.45128,1.150914,25
25.200000,61.65232,6.37020,1.221759,26
25.200000,61.99096,7.30069,1.292742,27
25.200000,62.25833,8.23736,1.599191,28
25.200000,62.22870,9.28082,1.166667,29
25.200000,62.58253,10.10817,1.166667,30
25.300000,38.39080,1.12237,-0.511326,0
25.300000,39.50000,0.50000,-0.244979,1
25.300000,40.50000,0.25000,-0.244979,2
25.300000,41.50000,0.00000,0.000000,3
25.300000,42.50000,0.00000,0.000000,4
25.300000,43.50000,0.00000,0.000000,5
25.300000,44.50000,0.00000,0.000000,6
25.300000,45.50000,0.00000,0.000000,7
25.300000,46.50000,0.00000,-0.244979,8
25.300000,47.50000,-0.25000,-0.244979,9
25.300000,48.50000,-0.50000,-0.244979,10
25.300000,49.50000,-0.75000,-0.229254,11
25.300000,50.53323,-0.99111,0.066667,12
25.300000,51.59733,-0.92007,0.365219,13
25.300000,52.61286,-0.53176,0.435461,14
25.300000,53.58394,-0.07997,0.505813,15
25.300000,54.50668,0.43112,0.576280,16
25.300000,55.37759,0.99709,0.400000,17
25.300000,56.29848,1.38643,0.466667,18
25.300000,57.19138,1.83626,0.533333,19
25.300000,58.05234,2.34457,0.600000,20
25.300000,58.87752,2.90911,0.666667,21
25.300000,59.66327,3.52737,0.733333,22
25.300000,60.40608,4.19659,0.800000,23
25.300000,61.10265,4.91382,1.113534,24
25.300000,61.55407,5.83125,1.184247,25
25.300000,61.93345,6.76333,1.255092,26
25.300000,62.24090,7.70459,1.326075,27
25.300000,62.47690,8.64965,1.632524,28
25.300000,62.41251,9.69155,1.200000,29
25.300000,62.73857,10.53023,1.200000,30
25.400000,38.51965,1.09225,-0.543448,0
25.400000,39.50000,0.50000,-0.244979,1
25.400000,40.50000,0.25000,-0.244979,2
25.400000,41.50000,0.00000,0.000000,3
25.400000,42.50000,0.00000,0.000000,4
25.400000,43.50000,0.00000,0.000000,5
25.400000,44.50000,0.00000,0.000000,6
25.400000,45.50000,0.00000,0.000000,7
25.400000,46.50000,0.00000,-0.244979,8
25.400000,47.50000,-0.25000,-0.244979,9
25.400000,48.50000,-0.50000,-0.244979,10
25.400000,49.50000,-0.75000,-0.229254,11
25.400000,50.53323,-0.99111,0.066667,12
25.400000,51.59733,-0.92007,0.365219,13
25.400000,52.61286,-0.53176,0.435461,14
25.400000,53.58394,-0.07997,0.505813,15
25.400000,54.50668,0.43112,0.576280,16
25.400000,55.37759,0.99709,0.400000,17
25.400000,56.29848,1.38643,0.466667,18
25.400000,57.19138,1.83626,0.533333,19
25.400000,58.05234,2.34457,0.600000,20
25.400000,58.87752,2.90911,0.666667,21
25.400000,59.66327,3.52737,0.733333,22
25.400000,60.40608,4.19659,0.800000,23
25.400000,61.10265,4.91382,1.113534,24
25.400000,61.55407,5.83125,1.184247,25
25.400000,61.93345,6.76333,1.255092,26
25.400000,62.24090,7.70459,1.326075,27
25.400000,62.47690,8.64965,1.632524,28
25.400000,62.41251,9.69155,1.200000,29
25.400000,62.73857,10.53023,1.200000,30
25.500000,38.63521,1.07159,-0.584041,0
25.500000,39.50000,0.50000,-0.244979,1
25.500000,40.50000,0.25000,-0.244979,2
25.500000,41.50000,0.00000,0.000000,3
25.500000,42.50000,0.00000,0.000000,4
25.500000,43.50000,0.00000,0.000000,5
25.500000,44.50000,0.00000,0.000000,6
25.500000,45.50000,0.00000,0.000000,7
25.500000,46.50000,0.00000,-0.244979,8
25.500000,47.50000,-0.25000,-0.244979,9
25.500000,48.50000,-0.50000,-0.244979,10
25.500000,49.50000,-0.75000,-0.229254,11
25.500000,50.53323,-0.99111,0.066667,12
25.500000,51.59733,-0.92007,0.365219,13
25.500000,52.61286,-0.53176,0.435461,14
25.500000,53.58394,-0.07997,0.505813,15
25.500000,54.50668,0.43112,0.576280,16
25.500000,55.37759,0.99709,0.400000,17
25.500000,56.29848,1.38643,0.466667,18
25.500000,57.19138,1.83626,0.533333,19
25.500000,58.05234,2.34457,0.600000,20
25.500000,58.87752,2.90911,0.666667,21
25.500000,59.66327,3.52737,0.733333,22
25.500000,60.40608,4.19659,0.800000,23
25.500000,61.10265,4.91382,1.113534,24
25.500000,61.55407,5.83125,1.184247,25
25.500000,61.93345,6.76333,1.255092,26
25.500000,62.24090,7.70459,1.558322,27
25.500000,62.25410,8.76305,1.401818,28
25.500000,62.41251,9.69155,1.200000,29
25.500000,62.73857,10.53023,1.200000,30
25.600000,38.79593,1.03711,-0.419585,0
25.600000,40.00000,0.50000,-0.244979,1
25.600000,41.00000,0.25000,-0.244979,2
25.600000,42.00000,0.00000,0.000000,3
25.600000,43.00000,0.00000,0.000000,4
25.600000,44.00000,0.00000,0.000000,5
25.600000,45.00000,0.00000,0.000000,6
25.600000,46.00000,0.00000,-0.244979,7
25.600000,47.00000,-0.25000,-0.244979,8
25.600000,48.00000,-0.50000,-0.244979,9
25.600000,49.00000,-0.75000,0.000000,10
25.600000,50.00000,-0.75000,-0.198552,11
25.600000,51.06588,-0.96446,0.100000,12
25.600000,52.12702,-0.85799,0.398552,13
25.600000,53.12904,-0.43605,0.468794,14
25.600000,54.08452,0.04785,0.539146,15
25.600000,54.98972,0.58941,0.609613,16
25.600000,55.84128,1.18409,0.433333,17
25.600000,56.74868,1.60391,0.500000,18
25.600000,57.62610,2.08324,0.566667,19
25.600000,58.46964,2.61997,0.633333,20
25.600000,59.27555,3.21169,0.700000,21
25.600000,60.04025,3.85579,0.766667,22
25.600000,60.76034,4.54940,1.080200,23
25.600000,61.24209,5.45128,1.150914,24
25.600000,61.65232,6.37020,1.221759,25
25.600000,61.99096,7.30069,1.292742,26
25.600000,62.25833,8.23736,1.599191,27
25.600000,62.22870,9.28082,1.166667,28
25.600000,62.58253,10.10817,1.233333,29
25.600000,62.88046,10.95725,1.233333,30
25.700000,38.89802,1.03127,-0.449227,0
25.700000,40.00000,0.50000,-0.244979,1
25.700000,41.00000,0.25000,-0.244979,2
25.700000,42.00000,0.00000,0.000000,3
25.700000,43.00000,0.00000,0.000000,4
25.700000,44.00000,0.00000,0.000000,5
25.700000,45.00000,0.00000,0.000000,6
25.700000,46.00000,0.00000,-0.244979,7
25.700000,47.00000,-0.25000,-0.244979,8
25.700000,48.00000,-0.50000,-0.244979,9
25.700000,49.00000,-0.75000,-0.244979,10
25.700000,50.00000,-1.00000,0.033333,11
25.700000,51.06588,-0.96446,0.100000,12
25.700000,52.12702,-0.85799,0.398552,13
25.700000,53.12904,-0.43605,0.468794,14
25.700000,54.08452,0.04785,0.539146,15
25.700000,54.98972,0.58941,0.609613,16
25.700000,55.84128,1.18409,0.433333,17
25.700000,56.74868,1.60391,0.500000,18
25.700000,57.62610,2.08324,0.566667,19
25.700000,58.46964,2.61997,0.633333,20
25.700000,59.27555,3.21169,0.700000,21
25.700000,60.04025,3.85579,0.766667,22
25.700000,60.76034,4.54940,1.080200,23
25.700000,61.24209,5.45128,1.150914,24
25.700000,61.65232,6.37020,1.221759,25
25.700000,61.99096,7.30069,1.292742,26
25.700000,62.25833,8.23736,1.599191,27
25.700000,62.22870,9.28082,1.166667,28
25.700000,62.58253,10.10817,1.233333,29
25.700000,62.88046,10.95725,1.233333,30
25.800000,39.03979,1.00466,-0.483896,0
25.800000,40.00000,0.50000,-0.244979,1
25.800000,41.00000,0.25000,-0.244979,2
25.800000,42.00000,0.00000,0.000000,3
25.800000,43.00000,0.00000,0.000000,4
25.800000,44.00000,0.00000,0.000000,5
25.800000,45.00000,0.00000,0.000000,6
25.800000,46.00000,0.00000,-0.244979,7
25.800000,47.00000,-0.25000,-0.244979,8
25.800000,48.00000,-0.50000,-0.244979,9
25.800000,49.00000,-0.75000,-0.244979,10
25.800000,50.00000,-1.00000,0.033333,11
25.800000,51.06588,-0.96446,0.100000,12
25.800000,52.12702,-0.85799,0.398552,13
25.800000,53.12904,-0.43605,0.468794,14
25.800000,54.08452,0.04785,0.539146,15
25.800000,54.98972,0.58941,0.609613,16
25.800000,55.84128,1.18409,0.433333,17
25.800000,56.74868,1.60391,0.500000,18
25.800000,57.62610,2.08324,0.566667,19
25.800000,58.46964,2.61997,0.633333,20
25.800000,59.27555,3.21169,0.700000,21
25.800000,60.04025,3.85579,0.766667,22
25.800000,60.76034,4.54940,1.080200,23
25.800000,61.24209,5.45128,1.150914,24
25.800000,61.65232,6.37020,1.221759,25
25.800000,61.99096,7.30069,1.292742,26
25.800000,62.25833,8.23736,1.599191,27
25.800000,62.22870,9.28082,1.166667,28
25.800000,62.58253,10.10817,1.233333,29
25.800000,62.88046,10.95725,1.233333,30
25.900000,39.15965,0.94946,-0.491132,0
25.900000,40.00000,0.50000,-0.244979,1
25.900000,41.00000,0.25000,-0.244979,2
25.900000,42.00000,0.00000,0.000000,3
25.900000,43.00000,0.00000,0.000000,4
25.900000,44.00000,0.00000,0.000000,5
25.900000,45.00000,0.00000,0.000000,6
25.900000,46.00000,0.00000,-0.244979,7
25.900000,47.00000,-0.25000,-0.244979,8
25.900000,48.00000,-0.50000,-0.244979,9
25.900000,49.00000,-0.75000,-0.244979,10
25.900000,50.00000,-1.00000,0.033333,11
25.900000,51.06588,-0.96446,0.100000,12
25.900000,52.12702,-0.85799,0.398552,13
25.900000,53.12904,-0.43605,0.468794,14
25.900000,54.08452,0.04785,0.539146,15
25.900000,54.98972,0.58941,0.366667,16
25.900000,55.93863,0.95382,0.433333,17
25.900000,56.86116,1.38064,0.500000,18
25.900000,57.75320,1.86796,0.566667,19
25.900000,58.61080,2.41363,0.633333,20
25.900000,59.43014,3.01522,0.700000,21
25.900000,60.20759,3.67005,0.766667,22
25.900000,60.93968,4.37522,0.833333,23
25.900000,61.62317,5.12760,0.900000,24
25.900000,62.25503,5.92383,0.966667,25
25.900000,62.83243,6.76039,1.033333,26
25.900000,63.35283,7.63356,1.100000,27
25.900000,63.81390,8.53945,1.166667,28
25.900000,64.21360,9.47404,1.233333,29
25.900000,64.55015,10.43319,1.233333,30
26.000000,39.28115,0.92268,-0.333812,0
26.000000,40.50000,0.50000,-0.244979,1
26.000000,41.50000,0.25000,-0.244979,2
26.000000,42.50000,0.00000,0.000000,3
26.000000,43.50000,0.00000,0.000000,4
26.000000,44.50000,0.00000,0.000000,5
26.000000,45.50000,0.00000,0.000000,6
26.000000,46.50000,0.00000,-0.244979,7
26.000000,47.50000,-0.25000,-0.244979,8
26.000000,48.50000,-0.50000,-0.244979,9
26.000000,49.50000,-0.75000,-0.229254,10
26.000000,50.53323,-0.99111,0.066667,11
26.000000,51.59733,-0.92007,0.365219,12
26.000000,52.61286,-0.53176,0.435461,13
26.000000,53.58394,-0.07997,0.505813,14
26.000000,54.50668,0.43112,0.333333,15
26.000000,55.46721,0.76370,0.400000,16
26.000000,56.40345,1.15954,0.466667,17
26.000000,57.31124,1.61687,0.533333,18
26.000000,58.18655,2.13365,0.600000,19
26.000000,59.02548,2.70760,0.666667,20
26.000000,59.82432,3.33616,0.733333,21
26.000000,60.57951,4.01654,0.800000,22
26.000000,61.28770,4.74571,0.866667,23
26.000000,61.94574,5.52045,0.933333,24
26.000000,62.55070,6.33730,1.000000,25
26.000000,63.09991,7.19264,1.066667,26
26.000000,63.59091,8.08266,1.133333,27
26.000000,64.02154,9.00342,1.200000,28
26.000000,64.38986,9.95081,1.266667,29
26.000000,64.69426,10.92064,1.266667,30
26.100000,39.42188,0.91267,-0.365563,0
26.100000,40.50000,0.50000,-0.244979,1
26.100000,41.50000,0.25000,-0.244979,2
26.100000,42.50000,0.00000,0.000000,3
26.100000,43.50000,0.00000,0.000000,4
26.100000,44.50000,0.00000,0.000000,5
26.100000,45.50000,0.00000,0.000000,6
26.100000,46.50000,0.00000,-0.244979,7
26.100000,47.50000,-0.25000,-0.244979,8
26.100000,48.50000,-0.50000,-0.244979,9
26.100000,49.50000,-0.75000,-0.229254,10
26.100000,50.53323,-0.99111,0.066667,11
26.100000,51.59733,-0.92007,0.365219,12
26.100000,52.61286,-0.53176,0.435461,13
26.100000,53.58394,-0.07997,0.505813,14
26.100000,54.50668,0.43112,0.333333,15
26.100000,55.46721,0.76370,0.400000,16
26.100000,56.40345,1.15954,0.466667,17
26.100000,57.31124,1.61687,0.533333,18
26.100000,58.18655,2.13365,0.600000,19
26.100000,59.02548,2.70760,0.666667,20
26.100000,59.82432,3.33616,0.733333,21
26.100000,60.57951,4.01654,0.800000,22
26.100000,61.28770,4.74571,0.866667,23
26.100000,61.94574,5.52045,0.933333,24
26.100000,62.55070,6.33730,1.000000,25
26.100000,63.09991,7.19264,1.066667,26
26.100000,63.59091,8.08266,1.133333,27
26.100000,64.02154,9.00342,1.200000,28
26.100000,64.38986,9.95081,1.266667,29
26.100000,64.69426,10.92064,1.266667,30
26.200000,39.62781,0.83159,-0.363300,0
26.200000,40.50000,0.50000,-0.244979,1
26.200000,41.50000,0.25000,-0.244979,2
26.200000,42.50000,0.00000,0.000000,3
26.200000,43.50000,0.00000,0.000000,4
26.200000,44.50000,0.00000,0.000000,5
26.200000,45.50000,0.00000,0.000000,6
26.200000,46.50000,0.00000,-0.244979,7
26.200000,47.50000,-0.25000,-0.244979,8
26.200000,48.50000,-0.50000,-0.244979,9
26.200000,49.50000,-0.75000,-0.229254,10
26.200000,50.53323,-0.99111,0.066667,11
26.200000,51.59733,-0.92007,0.365219,12
26.200000,52.61286,-0.53176,0.435461,13
26.200000,53.58394,-0.07997,0.505813,14
26.200000,54.50668,0.43112,0.333333,15
26.200000,55.46721,0.76370,0.400000,16
26.200000,56.40345,1.15954,0.466667,17
26.200000,57.31124,1.61687,0.533333,18
26.200000,58.18655,2.13365,0.600000,19
26.200000,59.02548,2.70760,0.666667,20
26.200000,59.82432,3.33616,0.733333,21
26.200000,60.57951,4.01654,0.800000,22
26.200000,61.28770,4.74571,0.866667,23
26.200000,61.94574,5.52045,0.933333,24
26.200000,62.55070,6.33730,1.000000,25
26.200000,63.09991,7.19264,1.066667,26
26.200000,63.59091,8.08266,1.133333,27
26.200000,64.02154,9.00342,1.200000,28
26.200000,64.38986,9.95081,1.266667,29
26.200000,64.69426,10.92064,1.266667,30
26.300000,39.74753,0.83397,-0.417715,0
26.300000,40.50000,0.50000,-0.244979,1
26.300000,41.50000,0.25000,-0.244979,2
26.300000,42.50000,0.00000,0.000000,3
26.300000,43.50000,0.00000,0.000000,4
26.300000,44.50000,0.00000,0.000000,5
26.300000,45.50000,0.00000,0.000000,6
26.300000,46.50000,0.00000,-0.244979,7
26.300000,47.50000,-0.25000,-0.244979,8
26.300000,48.50000,-0.50000,-0.244979,9
26.300000,49.50000,-0.75000,-0.229254,10
26.300000,50.53323,-0.99111,0.066667,11
26.300000,51.59733,-0.92007,0.365219,12
26.300000,52.61286,-0.53176,0.435461,13
26.300000,53.58394,-0.07997,0.505813,14
26.300000,54.50668,0.43112,0.333333,15
26.300000,55.46721,0.76370,0.400000,16
26.300000,56.40345,1.15954,0.466667,17
26.300000,57.31124,1.61687,0.533333,18
26.300000,58.18655,2.13365,0.600000,19
26.300000,59.02548,2.70760,0.666667,20
26.300000,59.82432,3.33616,0.733333,21
26.300000,60.57951,4.01654,0.800000,22
26.300000,61.28770,4.74571,0.866667,23
26.300000,61.94574,5.52045,0.933333,24
26.300000,62.55070,6.33730,1.000000,25
26.300000,63.09991,7.19264,1.066667,26
26.300000,63.59091,8.08266,1.133333,27
26.300000,64.02154,9.00342,1.200000,28
26.300000,64.38986,9.95081,1.266667,29
26.300000,64.69426,10.92064,1.266667,30
26.400000,39.93626,0.78828,-0.264649,0
26.400000,41.00000,0.50000,-0.244979,1
26.400000,42.00000,0.25000,-0.244979,2
26.400000,43.00000,0.00000,0.000000,3
26.400000,44.00000,0.00000,0.000000,4
26.400000,45.00000,0.00000,0.000000,5
26.400000,46.00000,0.00000,-0.244979,6
26.400000,47.00000,-0.25000,-0.244979,7
26.400000,48.00000,-0.50000,-0.244979,8
26.400000,49.00000,-0.75000,-0.244979,9
26.400000,50.00000,-1.00000,0.033333,10
26.400000,51.06588,-0.96446,0.100000,11
26.400000,52.12702,-0.85799,0.398552,12
26.400000,53.12904,-0.43605,0.468794,13
26.400000,54.08452,0.04785,0.539146,14
26.400000,54.98972,0.58941,0.366667,15
26.400000,55.93863,0.95382,0.433333,16
26.400000,56.86116,1.38064,0.500000,17
26.400000,57.75320,1.86796,0.566667,18
26.400000,58.61080,2.41363,0.633333,19
26.400000,59.43014,3.01522,0.700000,20
26.400000,60.20759,3.67005,0.766667,21
26.400000,60.93968,4.37522,0.833333,22
26.400000,61.62317,5.12760,0.900000,23
26.400000,62.25503,5.92383,0.966667,24
26.400000,62.83243,6.76039,1.033333,25
26.400000,63.35283,7.63356,1.100000,26
26.400000,63.81390,8.53945,1.166667,27
26.400000,64.21360,9.47404,1.233333,28
26.400000,64.55015,10.43319,1.300000,29
26.400000,64.82205,11.41263,1.300000,30
26.500000,40.12991,0.73654,-0.509863,0
26.500000,41.00000,0.25000,-0.244979,1
26.500000,42.00000,0.00000,0.000000,2
26.500000,43.00000,0.00000,0.000000,3
26.500000,44.00000,0.00000,0.000000,4
26.500000,45.00000,0.00000,0.000000,5
26.500000,46.00000,0.00000,-0.244979,6
26.500000,47.00000,-0.25000,-0.244979,7
26.500000,48.00000,-0.50000,-0.244979,8
26.500000,49.00000,-0.75000,0.000000,9
26.500000,50.00000,-0.75000,-0.198552,10
26.500000,51.06588,-0.96446,0.100000,11
26.500000,52.12702,-0.85799,0.398552,12
26.500000,53.12904,-0.43605,0.468794,13
26.500000,54.08452,0.04785,0.539146,14
26.500000,54.98972,0.58941,0.366667,15
26.500000,55.93863,0.95382,0.433333,16
26.500000,56.86116,1.38064,0.500000,17
26.500000,57.75320,1.86796,0.566667,18
26.500000,58.61080,2.41363,0.633333,19
26.500000,59.43014,3.01522,0.700000,20
26.500000,60.20759,3.67005,0.766667,21
26.500000,60.93968,4.37522,0.833333,22
26.500000,61.62317,5.12760,0.900000,23
26.500000,62.25503,5.92383,0.966667,24
26.500000,62.83243,6.76039,1.033333,25
26.500000,63.35283,7.63356,1.100000,26
26.500000,63.81390,8.53945,1.166667,27
26.500000,64.21360,9.47404,1.233333,28
26.500000,64.55015,10.43319,1.300000,29
26.500000,64.82205,11.41263,1.300000,30
26.600000,40.27280,0.62832,-0.299033,0
26.600000,41.50000,0.25000,-0.244979,1
26.600000,42.50000,0.00000,0.000000,2
26.600000,43.50000,0.00000,0.000000,3
26.600000,44.50000,0.00000,0.000000,4
26.600000,45.50000,0.00000,0.000000,5
26.600000,46.50000,0.00000,-0.244979,6
26.600000,47.50000,-0.25000,-0.244979,7
26.600000,48.50000,-0.50000,-0.244979,8
26.600000,49.50000,-0.75000,-0.229254,9
26.600000,50.53323,-0.99111,0.066667,10
26.600000,51.59733,-0.92007,0.365219,11
26.600000,52.61286,-0.53176,0.435461,12
26.600000,53.58394,-0.07997,0.505813,13
26.600000,54.50668,0.43112,0.333333,14
26.600000,55.46721,0.76370,0.400000,15
26.600000,56.40345,1.15954,0.466667,16
26.600000,57.31124,1.61687,0.533333,17
26.600000,58.18655,2.13365,0.600000,18
26.600000,59.02548,2.70760,0.666667,19
26.600000,59.82432,3.33616,0.733333,20
26.600000,60.57951,4.01654,0.800000,21
26.600000,61.28770,4.74571,0.866667,22
26.600000,61.94574,5.52045,0.933333,23
26.600000,62.55070,6.33730,1.000000,24
26.600000,63.09991,7.19264,1.066667,25
26.600000,63.59091,8.08266,1.133333,26
26.600000,64.02154,9.00342,1.200000,27
26.600000,64.38986,9.95081,1.266667,28
26.600000,64.69426,10.92064,1.333333,29
26.600000,64.93338,11.90860,1.333333,30
26.700000,40.46585,0.57667,-0.305966,0
26.700000,41.50000,0.25000,-0.244979,1
26.700000,42.50000,0.00000,0.000000,2
26.700000,43.50000,0.00000,0.000000,3
26.700000,44.50000,0.00000,0.000000,4
26.700000,45.50000,0.00000,0.000000,5
26.700000,46.50000,0.00000,-0.244979,6
26.700000,47.50000,-0.25000,-0.244979,7
26.700000,48.50000,-0.50000,-0.244979,8
26.700000,49.50000,-0.75000,-0.229254,9
26.700000,50.53323,-0.99111,0.066667,10
26.700000,51.59733,-0.92007,0.365219,11
26.700000,52.61286,-0.53176,0.435461,12
26.700000,53.58394,-0.07997,0.505813,13
26.700000,54.50668,0.43112,0.333333,14
26.700000,55.46721,0.76370,0.400000,15
26.700000,56.40345,1.15954,0.466667,16
26.700000,57.31124,1.61687,0.533333,17
26.700000,58.18655,2.13365,0.600000,18
26.700000,59.02548,2.70760,0.666667,19
26.700000,59.82432,3.33616,0.733333,20
26.700000,60.57951,4.01654,0.800000,21
26.700000,61.28770,4.74571,0.866667,22
26.700000,61.94574,5.52045,0.933333,23
26.700000,62.55070,6.33730,1.000000,24
26.700000,63.09991,7.19264,1.066667,25
26.700000,63.59091,8.08266,1.133333,26
26.700000,64.02154,9.00342,1.200000,27
26.700000,64.38986,9.95081,1.266667,28
26.700000,64.69426,10.92064,1.333333,29
26.700000,64.93338,11.90860,1.333333,30
26.800000,40.65578,0.44842,-0.488271,0
26.800000,41.50000,0.00000,0.000000,1
26.800000,42.50000,0.00000,0.000000,2
26.800000,43.50000,0.00000,0.000000,3
26.800000,44.50000,0.00000,0.000000,4
26.800000,45.50000,0.00000,0.000000,5
26.800000,46.50000,0.00000,-0.244979,6
26.800000,47.50000,-0.25000,-0.244979,7
26.800000,48.50000,-0.50000,-0.244979,8
26.800000,49.50000,-0.75000,-0.229254,9
26.800000,50.53323,-0.99111,0.066667,10
26.800000,51.59733,-0.92007,0.365219,11
26.800000,52.61286,-0.53176,0.435461,12
26.800000,53.58394,-0.07997,0.505813,13
26.800000,54.50668,0.43112,0.576280,14
26.800000,55.37759,0.99709,0.400000,15
26.800000,56.29848,1.38643,0.466667,16
26.800000,57.19138,1.83626,0.533333,17
26.800000,58.05234,2.34457,0.600000,18
26.800000,58.87752,2.90911,0.666667,19
26.800000,59.66327,3.52737,0.733333,20
26.800000,60.40608,4.19659,0.800000,21
26.800000,61.10265,4.91382,0.866667,22
26.800000,61.74990,5.67585,0.933333,23
26.800000,62.34495,6.47931,1.000000,24
26.800000,62.88515,7.32063,1.066667,25
26.800000,63.36811,8.19606,1.133333,26
26.800000,63.79167,9.10172,1.200000,27
26.800000,64.15397,10.03359,1.266667,28
26.800000,64.45337,10.98752,1.333333,29
26.800000,64.68857,11.95928,1.333333,30
26.900000,40.83384,0.33627,-0.280742,0
26.900000,42.00000,0.00000,0.000000,1
26.900000,43.00000,0.00000,0.000000,2
26.900000,44.00000,0.00000,0.000000,3
26.900000,45.00000,0.00000,0.000000,4
26.900000,46.00000,0.00000,-0.244979,5
26.900000,47.00000,-0.25000,-0.244979,6
26.900000,48.00000,-0.50000,-0.244979,7
26.900000,49.00000,-0.75000,-0.244979,8
26.900000,50.00000,-1.00000,0.033333,9
26.900000,51.06588,-0.96446,0.100000,10
26.900000,52.12702,-0.85799,0.398552,11
26.900000,53.12904,-0.43605,0.468794,12
26.900000,54.08452,0.04785,0.539146,13
26.900000,54.98972,0.58941,0.609613,14
26.900000,55.84128,1.18409,0.433333,15
26.900000,56.74868,1.60391,0.500000,16
26.900000,57.62610,2.08324,0.566667,17
26.900000,58.46964,2.61997,0.633333,18
26.900000,59.27555,3.21169,0.700000,19
26.900000,60.04025,3.85579,0.766667,20
26.900000,60.76034,4.54940,0.833333,21
26.900000,61.43263,5.28944,0.900000,22
26.900000,62.05412,6.07262,0.966667,23
26.900000,62.62206,6.89547,1.033333,24
26.900000,63.13393,7.75432,1.100000,25
26.900000,63.58744,8.64536,1.166667,26
26.900000,63.98059,9.56463,1.480200,27
26.900000,64.07309,10.58292,1.550914,28
26.900000,64.09310,11.58906,1.621759,29
26.900000,64.04266,12.57797,1.621759,30
27.000000,41.02228,0.17582,-0.177929,0
27.000000,42.00000,0.00000,0.000000,1
27.000000,43.00000,0.00000,0.000000,2
27.000000,44.00000,0.00000,0.000000,3
27.000000,45.00000,0.00000,0.000000,4
27.000000,46.00000,0.00000,-0.244979,5
27.000000,47.00000,-0.25000,-0.244979,6
27.000000,48.00000,-0.50000,-0.244979,7
27.000000,49.00000,-0.75000,-0.244979,8
27.000000,50.00000,-1.00000,0.033333,9
27.000000,51.06588,-0.96446,0.100000,10
27.000000,52.12702,-0.85799,0.398552,11
27.000000,53.12904,-0.43605,0.468794,12
27.000000,54.08452,0.04785,0.539146,13
27.000000,54.98972,0.58941,0.609613,14
27.000000,55.84128,1.18409,0.433333,15
27.000000,56.74868,1.60391,0.500000,16
27.000000,57.62610,2.08324,0.566667,17
27.000000,58.46964,2.61997,0.633333,18
27.000000,59.27555,3.21169,0.700000,19
27.000000,60.04025,3.85579,0.766667,20
27.000000,60.76034,4.54940,0.833333,21
27.000000,61.43263,5.28944,0.900000,22
27.000000,62.05412,6.07262,0.966667,23
27.000000,62.62206,6.89547,1.033333,24
27.000000,63.13393,7.75432,1.346867,25
27.000000,63.36098,8.75127,1.417580,26
27.000000,63.51457,9.74581,1.488425,27
27.000000,63.59604,10.73265,1.559409,28
27.000000,63.60713,11.70667,1.630537,29
27.000000,63.54993,12.66295,1.630537,30
27.100000,41.18510,0.06549,-0.369382,0
27.100000,42.00000,-0.25000,0.000000,1
27.100000,43.00000,-0.25000,0.000000,2
27.100000,44.00000,-0.25000,0.000000,3
27.100000,45.00000,-0.25000,0.000000,4
27.100000,46.00000,-0.25000,0.000000,5
27.100000,47.00000,-0.25000,-0.244979,6
27.100000,48.00000,-0.50000,-0.244979,7
27.100000,49.00000,-0.75000,-0.244979,8
27.100000,50.00000,-1.00000,0.033333,9
27.100000,51.06588,-0.96446,0.100000,10
27.100000,52.12702,-0.85799,0.398552,11
27.100000,53.12904,-0.43605,0.468794,12
27.100000,54.08452,0.04785,0.539146,13
27.100000,54.98972,0.58941,0.609613,14
27.100000,55.84128,1.18409,0.433333,15
27.100000,56.74868,1.60391,0.500000,16
27.100000,57.62610,2.08324,0.566667,17
27.100000,58.46964,2.61997,0.633333,18
27.100000,59.27555,3.21169,0.700000,19
27.100000,60.04025,3.85579,0.766667,20
27.100000,60.76034,4.54940,0.833333,21
27.100000,61.43263,5.28944,0.900000,22
27.100000,62.05412,6.07262,0.966667,23
27.100000,62.62206,6.89547,1.033333,24
27.100000,63.13393,7.75432,1.346867,25
27.100000,63.36098,8.75127,1.417580,26
27.100000,63.51457,9.74581,1.488425,27
27.100000,63.59604,10.73265,1.791655,28
27.100000,63.36415,11.76548,1.635151,29
27.100000,63.30357,12.70544,1.635151,30
27.200000,41.39387,-0.06655,-0.164356,0
27.200000,42.50000,-0.25000,0.000000,1
27.200000,43.50000,-0.25000,0.000000,2
27.200000,44.50000,-0.25000,0.000000,3
27.200000,45.50000,-0.25000,0.000000,4
27.200000,46.50000,-0.25000,0.000000,5
27.200000,47.50000,-0.25000,-0.244979,6
27.200000,48.50000,-0.50000,-0.244979,7
27.200000,49.50000,-0.75000,-0.229254,8
27.200000,50.53323,-0.99111,0.066667,9
27.200000,51.59733,-0.92007,0.365219,10
27.200000,52.61286,-0.53176,0.435461,11
27.200000,53.58394,-0.07997,0.505813,12
27.200000,54.50668,0.43112,0.576280,13
27.200000,55.37759,0.99709,0.400000,14
27.200000,56.29848,1.38643,0.466667,15
27.200000,57.19138,1.83626,0.533333,16
27.200000,58.05234,2.34457,0.600000,17
27.200000,58.87752,2.90911,0.666667,18
27.200000,59.66327,3.52737,0.733333,19
27.200000,60.40608,4.19659,0.800000,20
27.200000,61.10265,4.91382,0.866667,21
27.200000,61.74990,5.67585,0.933333,22
27.200000,62.34495,6.47931,1.246867,23
27.200000,62.67040,7.44861,1.317580,24
27.200000,62.92251,8.42286,1.388425,25
27.200000,63.10209,9.39663,1.459409,26
27.200000,63.21037,10.36468,1.765858,27
27.200000,63.00804,11.38877,1.848247,28
27.200000,62.73009,12.36471,1.931562,29
27.200000,62.38209,13.28712,1.931562,30
27.300000,41.53295,-0.21660,-0.034523,0
27.300000,42.50000,-0.25000,0.000000,1
27.300000,43.50000,-0.25000,0.000000,2
27.300000,44.50000,-0.25000,0.000000,3
27.300000,45.50000,-0.25000,0.000000,4
27.300000,46.50000,-0.25000,0.000000,5
27.300000,47.50000,-0.25000,-0.244979,6
27.300000,48.50000,-0.50000,-0.244979,7
27.300000,49.50000,-0.75000,-0.229254,8
27.300000,50.53323,-0.99111,0.066667,9
27.300000,51.59733,-0.92007,0.365219,10
27.300000,52.61286,-0.53176,0.435461,11
27.300000,53.58394,-0.07997,0.505813,12
27.300000,54.50668,0.43112,0.576280,13
27.300000,55.37759,0.99709,0.400000,14
27.300000,56.29848,1.38643,0.466667,15
27.300000,57.19138,1.83626,0.533333,16
27.300000,58.05234,2.34457,0.600000,17
27.300000,58.87752,2.90911,0.666667,18
27.300000,59.66327,3.52737,0.733333,19
27.300000,60.40608,4.19659,0.800000,20
27.300000,61.10265,4.91382,0.866667,21
27.300000,61.74990,5.67585,0.933333,22
27.300000,62.34495,6.47931,1.246867,23
27.300000,62.67040,7.44861,1.317580,24
27.300000,62.92251,8.42286,1.388425,25
27.300000,63.10209,9.39663,1.691655,26
27.300000,62.97447,10.44745,1.773608,27
27.300000,62.76715,11.45564,2.051292,28
27.300000,62.24047,12.46606,1.949210,29
27.300000,61.88680,13.35563,1.949210,30
27.400000,41.69801,-0.32960,0.098926,0
27.400000,42.50000,-0.25000,0.000000,1
27.400000,43.50000,-0.25000,0.000000,2
27.400000,44.50000,-0.25000,0.000000,3
27.400000,45.50000,-0.25000,0.000000,4
27.400000,46.50000,-0.25000,0.000000,5
27.400000,47.50000,-0.25000,-0.244979,6
27.400000,48.50000,-0.50000,-0.244979,7
27.400000,49.50000,-0.75000,-0.229254,8
27.400000,50.53323,-0.99111,0.066667,9
27.400000,51.59733,-0.92007,0.365219,10
27.400000,52.61286,-0.53176,0.435461,11
27.400000,53.58394,-0.07997,0.505813,12
27.400000,54.50668,0.43112,0.576280,13
27.400000,55.37759,0.99709,0.400000,14
27.400000,56.29848,1.38643,0.466667,15
27.400000,57.19138,1.83626,0.533333,16
27.400000,58.05234,2.34457,0.600000,17
27.400000,58.87752,2.90911,0.666667,18
27.400000,59.66327,3.52737,0.733333,19
27.400000,60.40608,4.19659,0.800000,20
27.400000,61.10265,4.91382,0.866667,21
27.400000,61.74990,5.67585,1.180200,22
27.400000,62.13920,6.62132,1.250914,23
27.400000,62.45565,7.57660,1.321759,24
27.400000,62.69970,8.53626,1.392742,25
27.400000,62.87223,9.49494,1.699191,26
27.400000,62.73857,10.53023,1.975110,27
27.400000,62.28537,11.58939,1.873589,28
27.400000,61.99566,12.51674,1.958433,29
27.400000,61.63916,13.38989,1.958433,30
27.502000,41.87541,-0.46763,-0.028778,0
27.502000,43.00000,-0.50000,0.000000,1
27.502000,44.00000,-0.50000,0.000000,2
27.502000,45.00000,-0.50000,0.000000,3
27.502000,46.00000,-0.50000,0.000000,4
27.502000,47.00000,-0.50000,0.000000,5
27.502000,48.00000,-0.50000,-0.244979,6
27.502000,49.00000,-0.75000,0.000000,7
27.502000,50.00000,-0.75000,-0.198552,8
27.502000,51.06588,-0.96446,0.100000,9
27.502000,52.12702,-0.85799,0.398552,10
27.502000,53.12904,-0.43605,0.468794,11
27.502000,54.08452,0.04785,0.539146,12
27.502000,54.98972,0.58941,0.609613,13
27.502000,55.84128,1.18409,0.433333,14
27.502000,56.74868,1.60391,0.500000,15
27.502000,57.62610,2.08324,0.566667,16
27.502000,58.46964,2.61997,0.633333,17
27.502000,59.27555,3.21169,0.700000,18
27.502000,60.04025,3.85579,0.766667,19
27.502000,60.76034,4.54940,0.833333,20
27.502000,61.43263,5.28944,0.900000,21
27.502000,62.05412,6.07262,1.213534,22
27.502000,62.41170,7.03054,1.284247,23
27.502000,62.69613,7.99584,1.355092,24
27.502000,62.90807,8.96309,1.658322,25
27.502000,62.81554,10.01758,1.740275,26
27.502000,62.64193,11.03212,2.017959,27
27.502000,62.14922,12.05953,2.114464,28
27.502000,61.57903,13.00289,2.011066,29
27.502000,61.18906,13.83066,2.011066,30
27.600000,42.03146,-0.61283,0.115969,0
27.600000,43.00000,-0.50000,0.000000,1
27.600000,44.00000,-0.50000,0.000000,2
27.600000,45.00000,-0.50000,0.000000,3
27.600000,46.00000,-0.50000,0.000000,4
27.600000,47.00000,-0.50000,0.000000,5
27.600000,48.00000,-0.50000,-0.244979,6
27.600000,49.00000,-0.75000,0.000000,7
27.600000,50.00000,-0.75000,-0.198552,8
27.600000,51.06588,-0.96446,0.100000,9
27.600000,52.12702,-0.85799,0.398552,10
27.600000,53.12904,-0.43605,0.468794,11
27.600000,54.08452,0.04785,0.539146,12
27.600000,54.98972,0.58941,0.609613,13
27.600000,55.84128,1.18409,0.433333,14
27.600000,56.74868,1.60391,0.500000,15
27.600000,57.62610,2.08324,0.566667,16
27.600000,58.46964,2.61997,0.633333,17
27.600000,59.27555,3.21169,0.700000,18
27.600000,60.04025,3.85579,0.766667,19
27.600000,60.76034,4.54940,0.833333,20
27.600000,61.43263,5.28944,1.146867,21
27.600000,61.85322,6.22141,1.217580,22
27.600000,62.20133,7.16562,1.288425,23
27.600000,62.47723,8.11660,1.359409,24
27.600000,62.68161,9.06900,1.665858,25
27.600000,62.58253,10.10817,1.748247,26
27.600000,62.40340,11.10698,2.027686,27
27.600000,61.90624,12.11834,2.124859,28
27.600000,61.33267,13.04538,2.021165,29
27.600000,60.94042,13.85664,2.021165,30
27.702000,42.20387,-0.75838,0.313822,0
27.702000,43.00000,-0.50000,0.000000,1
27.702000,44.00000,-0.50000,0.000000,2
27.702000,45.00000,-0.50000,0.000000,3
27.702000,46.00000,-0.50000,0.000000,4
27.702000,47.00000,-0.50000,0.000000,5
27.702000,48.00000,-0.50000,-0.244979,6
27.702000,49.00000,-0.75000,-0.244979,7
27.702000,50.00000,-1.00000,0.033333,8
27.702000,51.06588,-0.96446,0.100000,9
27.702000,52.12702,-0.85799,0.398552,10
27.702000,53.12904,-0.43605,0.468794,11
27.702000,54.08452,0.04785,0.539146,12
27.702000,54.98972,0.58941,0.609613,13
27.702000,55.84128,1.18409,0.433333,14
27.702000,56.74868,1.60391,0.500000,15
27.702000,57.62610,2.08324,0.566667,16
27.702000,58.46964,2.61997,0.633333,17
27.702000,59.27555,3.21169,0.700000,18
27.702000,60.04025,3.85579,0.766667,19
27.702000,60.76034,4.54940,0.833333,20
27.702000,61.43263,5.28944,1.146867,21
27.702000,61.85322,6.22141,1.217580,22
27.702000,62.20133,7.16562,1.288425,23
27.702000,62.47723,8.11660,1.359409,24
27.702000,62.68161,9.06900,1.665858,25
27.702000,62.58253,10.10817,1.748247,26
27.702000,62.40340,11.10698,2.027686,27
27.702000,61.90624,12.11834,2.124859,28
27.702000,61.33267,13.04538,2.021165,29
27.702000,60.94042,13.85664,2.021165,30
27.800000,42.34196,-0.88878,0.119274,0
27.800000,43.50000,-0.75000,0.000000,1
27.800000,44.50000,-0.75000,0.000000,2
27.800000,45.50000,-0.75000,0.000000,3
27.800000,46.50000,-0.75000,0.000000,4
27.800000,47.50000,-0.75000,0.000000,5
27.800000,48.50000,-0.75000,0.000000,6
27.800000,49.50000,-0.75000,-0.229254,7
27.800000,50.53323,-0.99111,0.066667,8
27.800000,51.59733,-0.92007,0.365219,9
27.800000,52.61286,-0.53176,0.435461,10
27.800000,53.58394,-0.07997,0.505813,11
27.800000,54.50668,0.43112,0.576280,12
27.800000,55.37759,0.99709,0.400000,13
27.800000,56.29848,1.38643,0.466667,14
27.800000,57.19138,1.83626,0.533333,15
27.800000,58.05234,2.34457,0.600000,16
27.800000,58.87752,2.90911,0.666667,17
27.800000,59.66327,3.52737,0.733333,18
27.800000,60.40608,4.19659,0.800000,19
27.800000,61.10265,4.91382,0.866667,20
27.800000,61.74990,5.67585,1.180200,21
27.800000,62.13920,6.62132,1.250914,22
27.800000,62.45565,7.57660,1.321759,23
27.800000,62.69970,8.53626,1.624988,24
27.800000,62.64237,9.59324,1.706941,25
27.800000,62.50267,10.61300,1.984625,26
27.800000,62.04448,11.65626,2.081131,27
27.800000,61.50604,12.61810,2.179688,28
27.800000,60.89624,13.49266,2.075656,29
27.800000,60.47370,14.25726,2.075656,30
27.900000,42.53667,-1.03400,0.286689,0
27.900000,43.50000,-0.75000,0.000000,1
27.900000,44.50000,-0.75000,0.000000,2
27.900000,45.50000,-0.75000,0.000000,3
27.900000,46.50000,-0.75000,0.000000,4
27.900000,47.50000,-0.75000,0.000000,5
27.900000,48.50000,-0.75000,0.000000,6
27.900000,49.50000,-0.75000,-0.229254,7
27.900000,50.53323,-0.99111,0.066667,8
27.900000,51.59733,-0.92007,0.365219,9
27.900000,52.61286,-0.53176,0.435461,10
27.900000,53.58394,-0.07997,0.505813,11
27.900000,54.50668,0.43112,0.576280,12
27.900000,55.37759,0.99709,0.400000,13
27.900000,56.29848,1.38643,0.466667,14
27.900000,57.19138,1.83626,0.533333,15
27.900000,58.05234,2.34457,0.600000,16
27.900000,58.87752,2.90911,0.666667,17
27.900000,59.66327,3.52737,0.733333,18
27.900000,60.40608,4.19659,0.800000,19
27.900000,61.10265,4.91382,0.866667,20
27.900000,61.74990,5.67585,1.180200,21
27.900000,62.13920,6.62132,1.250914,22
27.900000,62.45565,7.57660,1.321759,23
27.900000,62.69970,8.53626,1.624988,24
27.900000,62.64237,9.59324,1.706941,25
27.900000,62.50267,10.61300,1.984625,26
27.900000,62.04448,11.65626,2.081131,27
27.900000,61.50604,12.61810,2.179688,28
27.900000,60.89624,13.49266,2.075656,29
27.900000,60.47370,14.25726,2.075656,30
28.000000,42.71237,-1.17635,0.496148,0
28.000000,43.50000,-0.75000,0.000000,1
28.000000,44.50000,-0.75000,0.000000,2
28.000000,45.50000,-0.75000,0.000000,3
28.000000,46.50000,-0.75000,0.000000,4
28.000000,47.50000,-0.75000,0.000000,5
28.000000,48.50000,-0.75000,0.000000,6
28.000000,49.50000,-0.75000,-0.229254,7
28.000000,50.53323,-0.99111,0.066667,8
28.000000,51.59733,-0.92007,0.365219,9
28.000000,52.61286,-0.53176,0.435461,10
28.000000,53.58394,-0.07997,0.505813,11
28.000000,54.50668,0.43112,0.576280,12
28.000000,55.37759,0.99709,0.400000,13
28.000000,56.29848,1.38643,0.466667,14
28.000000,57.19138,1.83626,0.533333,15
28.000000,58.05234,2.34457,0.600000,16
28.000000,58.87752,2.90911,0.666667,17
28.000000,59.66327,3.52737,0.733333,18
28.000000,60.40608,4.19659,0.800000,19
28.000000,61.10265,4.91382,0.866667,20
28.000000,61.74990,5.67585,1.180200,21
28.000000,62.13920,6.62132,1.250914,22
28.000000,62.45565,7.57660,1.321759,23
28.000000,62.69970,8.53626,1.392742,24
28.000000,62.87223,9.49494,1.699191,25
28.000000,62.73857,10.53023,1.975110,26
28.000000,62.28537,11.58939,2.070964,27
28.000000,61.75085,12.56742,2.168821,28
28.000000,61.14388,13.45841,2.064913,29
28.000000,60.72307,14.23958,2.064913,30
28.100000,42.92644,-1.29473,0.267938,0
28.100000,44.00000,-1.00000,0.000000,1
28.100000,45.00000,-1.00000,0.000000,2
28.100000,46.00000,-1.00000,0.000000,3
28.100000,47.00000,-1.00000,0.000000,4
28.100000,48.00000,-1.00000,0.000000,5
28.100000,49.00000,-1.00000,0.000000,6
28.100000,50.00000,-1.00000,0.033333,7
28.100000,51.06588,-0.96446,0.100000,8
28.100000,52.12702,-0.85799,0.398552,9
28.100000,53.12904,-0.43605,0.468794,10
28.100000,54.08452,0.04785,0.539146,11
28.100000,54.98972,0.58941,0.609613,12
28.100000,55.84128,1.18409,0.433333,13
28.100000,56.74868,1.60391,0.500000,14
28.100000,57.62610,2.08324,0.566667,15
28.100000,58.46964,2.61997,0.633333,16
28.100000,59.27555,3.21169,0.700000,17
28.100000,60.04025,3.85579,0.766667,18
28.100000,60.76034,4.54940,0.833333,19
28.100000,61.43263,5.28944,0.900000,20
28.100000,62.05412,6.07262,1.213534,21
28.100000,62.41170,7.03054,1.284247,22
28.100000,62.69613,7.99584,1.355092,23
28.100000,62.90807,8.96309,1.658322,24
28.100000,62.81554,10.01758,1.740275,25
28.100000,62.64193,11.03212,2.017959,26
28.100000,62.14922,12.05953,2.114464,27
28.100000,61.57903,13.00289,2.213021,28
28.100000,60.94042,13.85664,2.108990,29
28.100000,60.49263,14.60673,2.108990,30
28.200000,43.10941,-1.37685,0.400301,0
28.200000,44.00000,-1.00000,0.000000,1
28.200000,45.00000,-1.00000,0.000000,2
28.200000,46.00000,-1.00000,0.000000,3
28.200000,47.00000,-1.00000,0.000000,4
28.200000,48.00000,-1.00000,0.000000,5
28.200000,49.00000,-1.00000,0.000000,6
28.200000,50.00000,-1.00000,0.033333,7
28.200000,51.06588,-0.96446,0.100000,8
28.200000,52.12702,-0.85799,0.398552,9
28.200000,53.12904,-0.43605,0.468794,10
28.200000,54.08452,0.04785,0.539146,11
28.200000,54.98972,0.58941,0.609613,12
28.200000,55.84128,1.18409,0.433333,13
28.200000,56.74868,1.60391,0.500000,14
28.200000,57.62610,2.08324,0.566667,15
28.200000,58.46964,2.61997,0.633333,16
28.200000,59.27555,3.21169,0.700000,17
28.200000,60.04025,3.85579,0.766667,18
28.200000,60.76034,4.54940,0.833333,19
28.200000,61.43263,5.28944,0.900000,20
28.200000,62.05412,6.07262,1.213534,21
28.200000,62.41170,7.03054,1.284247,22
28.200000,62.69613,7.99584,1.355092,23
28.200000,62.90807,8.96309,1.426075,24
28.200000,63.04855,9.92699,1.732524,25
28.200000,62.88046,10.95725,2.008443,26
28.200000,62.39221,12.00072,2.104297,27
28.200000,61.82540,12.96039,2.202154,28
28.200000,61.18906,13.83066,2.098246,29
28.200000,60.74246,14.59737,2.098246,30
28.300000,43.32185,-1.50655,0.406061,0
28.300000,44.50000,-1.00000,0.000000,1
28.300000,45.50000,-1.00000,0.000000,2
28.300000,46.50000,-1.00000,0.000000,3
28.300000,47.50000,-1.00000,0.000000,4
28.300000,48.50000,-1.00000,0.000000,5
28.300000,49.50000,-1.00000,0.008602,6
28.300000,50.53323,-0.99111,0.066667,7
28.300000,51.59733,-0.92007,0.365219,8
28.300000,52.61286,-0.53176,0.435461,9
28.300000,53.58394,-0.07997,0.505813,10
28.300000,54.50668,0.43112,0.576280,11
28.300000,55.37759,0.99709,0.400000,12
28.300000,56.29848,1.38643,0.466667,13
28.300000,57.19138,1.83626,0.533333,14
28.300000,58.05234,2.34457,0.600000,15
28.300000,58.87752,2.90911,0.666667,16
28.300000,59.66327,3.52737,0.733333,17
28.300000,60.40608,4.19659,0.800000,18
28.300000,61.10265,4.91382,0.866667,19
28.300000,61.74990,5.67585,0.933333,20
28.300000,62.34495,6.47931,1.246867,21
28.300000,62.67040,7.44861,1.317580,22
28.300000,62.92251,8.42286,1.388425,23
28.300000,63.10209,9.39663,1.691655,24
28.300000,62.97447,10.44745,1.773608,25
28.300000,62.76715,11.45564,2.051292,26
28.300000,62.24047,12.46606,2.147798,27
28.300000,61.63916,13.38989,2.246355,28
28.300000,60.97244,14.22189,2.142323,29
28.300000,60.49991,14.95664,2.142323,30
28.400000,43.48312,-1.58235,0.520088,0
28.400000,44.50000,-1.00000,0.000000,1
28.400000,45.50000,-1.00000,0.000000,2
28.400000,46.50000,-1.00000,0.000000,3
28.400000,47.50000,-1.00000,0.000000,4
28.400000,48.50000,-1.00000,0.000000,5
28.400000,49.50000,-1.00000,0.008602,6
28.400000,50.53323,-0.99111,0.066667,7
28.400000,51.59733,-0.92007,0.365219,8
28.400000,52.61286,-0.53176,0.435461,9
28.400000,53.58394,-0.07997,0.505813,10
28.400000,54.50668,0.43112,0.576280,11
28.400000,55.37759,0.99709,0.400000,12
28.400000,56.29848,1.38643,0.466667,13
28.400000,57.19138,1.83626,0.533333,14
28.400000,58.05234,2.34457,0.600000,15
28.400000,58.87752,2.90911,0.666667,16
28.400000,59.66327,3.52737,0.733333,17
28.400000,60.40608,4.19659,0.800000,18
28.400000,61.10265,4.91382,0.866667,19
28.400000,61.74990,5.67585,0.933333,20
28.400000,62.34495,6.47931,1.246867,21
28.400000,62.67040,7.44861,1.317580,22
28.400000,62.92251,8.42286,1.388425,23
28.400000,63.10209,9.39663,1.459409,24
28.400000,63.21037,10.36468,1.765858,25
28.400000,63.00804,11.38877,2.041777,26
28.400000,62.48528,12.41538,2.137631,27
28.400000,61.88680,13.35563,2.235488,28
28.400000,61.22182,14.20421,2.131580,29
28.400000,60.74991,14.95561,2.131580,30
28.500000,43.70458,-1.71215,0.526343,0
28.500000,44.50000,-1.25000,0.244979,1
28.500000,45.50000,-1.00000,0.000000,2
28.500000,46.50000,-1.00000,0.000000,3
28.500000,47.50000,-1.00000,0.000000,4
28.500000,48.50000,-1.00000,0.000000,5
28.500000,49.50000,-1.00000,0.008602,6
28.500000,50.53323,-0.99111,0.066667,7
28.500000,51.59733,-0.92007,0.365219,8
28.500000,52.61286,-0.53176,0.435461,9
28.500000,53.58394,-0.07997,0.505813,10
28.500000,54.50668,0.43112,0.576280,11
28.500000,55.37759,0.99709,0.400000,12
28.500000,56.29848,1.38643,0.466667,13
28.500000,57.19138,1.83626,0.533333,14
28.500000,58.05234,2.34457,0.600000,15
28.500000,58.87752,2.90911,0.666667,16
28.500000,59.66327,3.52737,0.733333,17
28.500000,60.40608,4.19659,0.800000,18
28.500000,61.10265,4.91382,0.866667,19
28.500000,61.74990,5.67585,0.933333,20
28.500000,62.34495,6.47931,1.246867,21
28.500000,62.67040,7.44861,1.317580,22
28.500000,62.92251,8.42286,1.388425,23
28.500000,63.10209,9.39663,1.459409,24
28.500000,63.21037,10.36468,1.765858,25
28.500000,63.00804,11.38877,2.041777,26
28.500000,62.48528,12.41538,2.137631,27
28.500000,61.88680,13.35563,2.235488,28
28.500000,61.22182,14.20421,2.131580,29
28.500000,60.74991,14.95561,2.131580,30
28.600000,43.86774,-1.80698,0.457161,0
28.600000,45.00000,-1.25000,0.244979,1
28.600000,46.00000,-1.00000,0.000000,2
28.600000,47.00000,-1.00000,0.000000,3
28.600000,48.00000,-1.00000,0.000000,4
28.600000,49.00000,-1.00000,0.000000,5
28.600000,50.00000,-1.00000,0.033333,6
28.600000,51.06588,-0.96446,0.100000,7
28.600000,52.12702,-0.85799,0.398552,8
28.600000,53.12904,-0.43605,0.468794,9
28.600000,54.08452,0.04785,0.539146,10
28.600000,54.98972,0.58941,0.609613,11
28.600000,55.84128,1.18409,0.433333,12
28.600000,56.74868,1.60391,0.500000,13
28.600000,57.62610,2.08324,0.566667,14
28.600000,58.46964,2.61997,0.633333,15
28.600000,59.27555,3.21169,0.700000,16
28.600000,60.04025,3.85579,0.766667,17
28.600000,60.76034,4.54940,0.833333,18
28.600000,61.43263,5.28944,0.900000,19
28.600000,62.05412,6.07262,0.966667,20
28.600000,62.62206,6.89547,1.280200,21
28.600000,62.91503,7.87508,1.350914,22
28.600000,63.13453,8.85718,1.421759,23
28.600000,63.28156,9.83640,1.724988,24
28.600000,63.11898,10.88239,1.806941,25
28.600000,62.87818,11.88310,2.084625,26
28.600000,62.31812,12.87541,2.181131,27
28.600000,61.68635,13.77869,2.279688,28
28.600000,60.99228,14.58800,1.848454,29
28.600000,60.75000,15.43806,1.848454,30
28.700000,44.05338,-1.93420,0.625855,0
28.700000,45.00000,-1.25000,0.244979,1
28.700000,46.00000,-1.00000,0.000000,2
28.700000,47.00000,-1.00000,0.000000,3
28.700000,48.00000,-1.00000,0.000000,4
28.700000,49.00000,-1.00000,0.000000,5
28.700000,50.00000,-1.00000,0.033333,6
28.700000,51.06588,-0.96446,0.100000,7
28.700000,52.12702,-0.85799,0.398552,8
28.700000,53.12904,-0.43605,0.468794,9
28.700000,54.08452,0.04785,0.539146,10
28.700000,54.98972,0.58941,0.609613,11
28.700000,55.84128,1.18409,0.433333,12
28.700000,56.74868,1.60391,0.500000,13
28.700000,57.62610,2.08324,0.566667,14
28.700000,58.46964,2.61997,0.633333,15
28.700000,59.27555,3.21169,0.700000,16
28.700000,60.04025,3.85579,0.766667,17
28.700000,60.76034,4.54940,0.833333,18
28.700000,61.43263,5.28944,0.900000,19
28.700000,62.05412,6.07262,0.966667,20
28.700000,62.62206,6.89547,1.280200,21
28.700000,62.91503,7.87508,1.350914,22
28.700000,63.13453,8.85718,1.421759,23
28.700000,63.28156,9.83640,1.492742,24
28.700000,63.35751,10.80752,1.799191,25
28.700000,63.12116,11.82429,2.075110,26
28.700000,62.56448,12.83292,2.170964,27
28.700000,61.93500,13.75270,2.067937,28
28.700000,61.49193,14.56928,1.842388,29
28.700000,61.25000,15.43806,1.842388,30
28.800000,44.21007,-2.05563,0.795236,0
28.800000,45.00000,-1.25000,0.244979,1
28.800000,46.00000,-1.00000,0.000000,2
28.800000,47.00000,-1.00000,0.000000,3
28.800000,48.00000,-1.00000,0.000000,4
28.800000,49.00000,-1.00000,0.000000,5
28.800000,50.00000,-1.00000,0.033333,6
28.800000,51.06588,-0.96446,0.100000,7
28.800000,52.12702,-0.85799,0.398552,8
28.800000,53.12904,-0.43605,0.468794,9
28.800000,54.08452,0.04785,0.539146,10
28.800000,54.98972,0.58941,0.609613,11
28.800000,55.84128,1.18409,0.433333,12
28.800000,56.74868,1.60391,0.500000,13
28.800000,57.62610,2.08324,0.566667,14
28.800000,58.46964,2.61997,0.633333,15
28.800000,59.27555,3.21169,0.700000,16
28.800000,60.04025,3.85579,0.766667,17
28.800000,60.76034,4.54940,0.833333,18
28.800000,61.43263,5.28944,0.900000,19
28.800000,62.05412,6.07262,0.966667,20
28.800000,62.62206,6.89547,1.280200,21
28.800000,62.91503,7.87508,1.350914,22
28.800000,63.13453,8.85718,1.421759,23
28.800000,63.28156,9.83640,1.724988,24
28.800000,63.11898,10.88239,1.806941,25
28.800000,62.87818,11.88310,2.084625,26
28.800000,62.31812,12.87541,2.181131,27
28.800000,61.68635,13.77869,2.279688,28
28.800000,60.99228,14.58800,1.848454,29
28.800000,60.75000,15.43806,1.848454,30
28.900000,44.41989,-2.16351,0.550871,0
28.900000,45.50000,-1.50000,0.244979,1
28.900000,46.50000,-1.25000,0.244979,2
28.900000,47.50000,-1.00000,0.000000,3
28.900000,48.50000,-1.00000,0.000000,4
28.900000,49.50000,-1.00000,0.008602,5
28.900000,50.53323,-0.99111,0.066667,6
28.900000,51.59733,-0.92007,0.365219,7
28.900000,52.61286,-0.53176,0.435461,8
28.900000,53.58394,-0.07997,0.505813,9
28.900000,54.50668,0.43112,0.576280,10
28.900000,55.37759,0.99709,0.400000,11
28.900000,56.29848,1.38643,0.466667,12
28.900000,57.19138,1.83626,0.533333,13
28.900000,58.05234,2.34457,0.600000,14
28.900000,58.87752,2.90911,0.666667,15
28.900000,59.66327,3.52737,0.733333,16
28.900000,60.40608,4.19659,0.800000,17
28.900000,61.10265,4.91382,0.866667,18
28.900000,61.74990,5.67585,0.933333,19
28.900000,62.34495,6.47931,1.246867,20
28.900000,62.67040,7.44861,1.317580,21
28.900000,62.92251,8.42286,1.388425,22
28.900000,63.10209,9.39663,1.459409,23
28.900000,63.21037,10.36468,1.765858,24
28.900000,63.00804,11.38877,2.041777,25
28.900000,62.48528,12.41538,2.137631,26
28.900000,61.88680,13.35563,2.235488,27
28.900000,61.22182,14.20421,2.131580,28
28.900000,60.74991,14.95561,1.819886,29
28.900000,60.50000,15.93806,1.819886,30
29.000000,44.56492,-2.25975,0.682315,0
29.000000,45.50000,-1.50000,0.244979,1
29.000000,46.50000,-1.25000,0.244979,2
29.000000,47.50000,-1.00000,0.000000,3
29.000000,48.50000,-1.00000,0.000000,4
29.000000,49.50000,-1.00000,0.008602,5
29.000000,50.53323,-0.99111,0.066667,6
29.000000,51.59733,-0.92007,0.365219,7
29.000000,52.61286,-0.53176,0.435461,8
29.000000,53.58394,-0.07997,0.505813,9
29.000000,54.50668,0.43112,0.576280,10
29.000000,55.37759,0.99709,0.400000,11
29.000000,56.29848,1.38643,0.466667,12
29.000000,57.19138,1.83626,0.533333,13
29.000000,58.05234,2.34457,0.600000,14
29.000000,58.87752,2.90911,0.666667,15
29.000000,59.66327,3.52737,0.733333,16
29.000000,60.40608,4.19659,0.800000,17
29.000000,61.10265,4.91382,0.866667,18
29.000000,61.74990,5.67585,0.933333,19
29.000000,62.34495,6.47931,1.246867,20
29.000000,62.67040,7.44861,1.317580,21
29.000000,62.92251,8.42286,1.388425,22
29.000000,63.10209,9.39663,1.459409,23
29.000000,63.21037,10.36468,1.765858,24
29.000000,63.00804,11.38877,2.041777,25
29.000000,62.48528,12.41538,2.137631,26
29.000000,61.88680,13.35563,2.235488,27
29.000000,61.22182,14.20421,2.131580,28
29.000000,60.74991,14.95561,1.819886,29
29.000000,60.50000,15.93806,1.819886,30
29.100000,44.69695,-2.34519,0.810963,0
29.100000,45.50000,-1.50000,0.244979,1
29.100000,46.50000,-1.25000,0.244979,2
29.100000,47.50000,-1.00000,0.000000,3
29.100000,48.50000,-1.00000,0.000000,4
29.100000,49.50000,-1.00000,0.008602,5
29.100000,50.53323,-0.99111,0.066667,6
29.100000,51.59733,-0.92007,0.365219,7
29.100000,52.61286,-0.53176,0.435461,8
29.100000,53.58394,-0.07997,0.505813,9
29.100000,54.50668,0.43112,0.576280,10
29.100000,55.37759,0.99709,0.400000,11
29.100000,56.29848,1.38643,0.466667,12
29.100000,57.19138,1.83626,0.533333,13
29.100000,58.05234,2.34457,0.600000,14
29.100000,58.87752,2.90911,0.666667,15
29.100000,59.66327,3.52737,0.733333,16
29.100000,60.40608,4.19659,0.800000,17
29.100000,61.10265,4.91382,0.866667,18
29.100000,61.74990,5.67585,0.933333,19
29.100000,62.34495,6.47931,1.246867,20
29.100000,62.67040,7.44861,1.317580,21
29.100000,62.92251,8.42286,1.388425,22
29.100000,63.10209,9.39663,1.459409,23
29.100000,63.21037,10.36468,1.765858,24
29.100000,63.00804,11.38877,2.041777,25
29.100000,62.48528,12.41538,2.137631,26
29.100000,61.88680,13.35563,2.235488,27
29.100000,61.22182,14.20421,2.131580,28
29.100000,60.74991,14.95561,1.819886,29
29.100000,60.50000,15.93806,1.819886,30
29.200000,44.86329,-2.40229,0.520959,0
29.200000,46.00000,-1.75000,0.463648,1
29.200000,47.00000,-1.25000,0.244979,2
29.200000,48.00000,-1.00000,0.000000,3
29.200000,49.00000,-1.00000,0.000000,4
29.200000,50.00000,-1.00000,0.033333,5
29.200000,51.06588,-0.96446,0.100000,6
29.200000,52.12702,-0.85799,0.398552,7
29.200000,53.12904,-0.43605,0.468794,8
29.200000,54.08452,0.04785,0.539146,9
29.200000,54.98972,0.58941,0.609613,10
29.200000,55.84128,1.18409,0.433333,11
29.200000,56.74868,1.60391,0.500000,12
29.200000,57.62610,2.08324,0.566667,13
29.200000,58.46964,2.61997,0.633333,14
29.200000,59.27555,3.21169,0.700000,15
29.200000,60.04025,3.85579,0.766667,16
29.200000,60.76034,4.54940,0.833333,17
29.200000,61.43263,5.28944,0.900000,18
29.200000,62.05412,6.07262,0.966667,19
29.200000,62.62206,6.89547,1.280200,20
29.200000,62.91503,7.87508,1.350914,21
29.200000,63.13453,8.85718,1.421759,22
29.200000,63.28156,9.83640,1.724988,23
29.200000,63.11898,10.88239,1.806941,24
29.200000,62.87818,11.88310,2.084625,25
29.200000,62.31812,12.87541,2.181131,26
29.200000,61.68635,13.77869,2.279688,27
29.200000,60.99228,14.58800,2.095721,28
29.200000,60.50000,15.43806,1.570796,29
29.200000,60.50000,16.43806,1.570796,30
29.300000,44.93542,-2.49433,0.610174,0
29.300000,46.00000,-1.75000,0.463648,1
29.300000,47.00000,-1.25000,0.244979,2
29.300000,48.00000,-1.00000,0.000000,3
29.300000,49.00000,-1.00000,0.000000,4
29.300000,50.00000,-1.00000,0.033333,5
29.300000,51.06588,-0.96446,0.100000,6
29.300000,52.12702,-0.85799,0.398552,7
29.300000,53.12904,-0.43605,0.468794,8
29.300000,54.08452,0.04785,0.539146,9
29.300000,54.98972,0.58941,0.609613,10
29.300000,55.84128,1.18409,0.433333,11
29.300000,56.74868,1.60391,0.500000,12
29.300000,57.62610,2.08324,0.566667,13
29.300000,58.46964,2.61997,0.633333,14
29.300000,59.27555,3.21169,0.700000,15
29.300000,60.04025,3.85579,0.766667,16
29.300000,60.76034,4.54940,0.833333,17
29.300000,61.43263,5.28944,0.900000,18
29.300000,62.05412,6.07262,0.966667,19
29.300000,62.62206,6.89547,1.280200,20
29.300000,62.91503,7.87508,1.350914,21
29.300000,63.13453,8.85718,1.421759,22
29.300000,63.28156,9.83640,1.724988,23
29.300000,63.11898,10.88239,1.806941,24
29.300000,62.87818,11.88310,2.084625,25
29.300000,62.31812,12.87541,2.181131,26
29.300000,61.68635,13.77869,2.279688,27
29.300000,60.99228,14.58800,2.095721,28
29.300000,60.50000,15.43806,1.570796,29
29.300000,60.50000,16.43806,1.570796,30
29.400000,45.07694,-2.55639,0.718035,0
29.400000,46.00000,-1.75000,0.463648,1
29.400000,47.00000,-1.25000,0.244979,2
29.400000,48.00000,-1.00000,0.000000,3
29.400000,49.00000,-1.00000,0.000000,4
29.400000,50.00000,-1.00000,0.033333,5
29.400000,51.06588,-0.96446,0.100000,6
29.400000,52.12702,-0.85799,0.398552,7
29.400000,53.12904,-0.43605,0.468794,8
29.400000,54.08452,0.04785,0.539146,9
29.400000,54.98972,0.58941,0.609613,10
29.400000,55.84128,1.18409,0.433333,11
29.400000,56.74868,1.60391,0.500000,12
29.400000,57.62610,2.08324,0.566667,13
29.400000,58.46964,2.61997,0.633333,14
29.400000,59.27555,3.21169,0.700000,15
29.400000,60.04025,3.85579,0.766667,16
29.400000,60.76034,4.54940,0.833333,17
29.400000,61.43263,5.28944,0.900000,18
29.400000,62.05412,6.07262,0.966667,19
29.400000,62.62206,6.89547,1.280200,20
29.400000,62.91503,7.87508,1.350914,21
29.400000,63.13453,8.85718,1.421759,22
29.400000,63.28156,9.83640,1.724988,23
29.400000,63.11898,10.88239,1.806941,24
29.400000,62.87818,11.88310,2.084625,25
29.400000,62.31812,12.87541,2.181131,26
29.400000,61.68635,13.77869,2.279688,27
29.400000,60.99228,14.58800,2.095721,28
29.400000,60.50000,15.43806,1.570796,29
29.400000,60.50000,16.43806,1.570796,30
29.500000,45.15366,-2.61664,0.797249,0
29.500000,46.00000,-1.75000,0.463648,1
29.500000,47.00000,-1.25000,0.244979,2
29.500000,48.00000,-1.00000,0.000000,3
29.500000,49.00000,-1.00000,0.000000,4
29.500000,50.00000,-1.00000,0.033333,5
29.500000,51.06588,-0.96446,0.100000,6
29.500000,52.12702,-0.85799,0.398552,7
29.500000,53.12904,-0.43605,0.468794,8
29.500000,54.08452,0.04785,0.539146,9
29.500000,54.98972,0.58941,0.609613,10
29.500000,55.84128,1.18409,0.433333,11
29.500000,56.74868,1.60391,0.500000,12
29.500000,57.62610,2.08324,0.566667,13
29.500000,58.46964,2.61997,0.633333,14
29.500000,59.27555,3.21169,0.700000,15
29.500000,60.04025,3.85579,0.766667,16
29.500000,60.76034,4.54940,0.833333,17
29.500000,61.43263,5.28944,0.900000,18
29.500000,62.05412,6.07262,0.966667,19
29.500000,62.62206,6.89547,1.280200,20
29.500000,62.91503,7.87508,1.350914,21
29.500000,63.13453,8.85718,1.421759,22
29.500000,63.28156,9.83640,1.724988,23
29.500000,63.11898,10.88239,1.806941,24
29.500000,62.87818,11.88310,2.084625,25
29.500000,62.31812,12.87541,2.181131,26
29.500000,61.68635,13.77869,2.279688,27
29.500000,60.99228,14.58800,2.095721,28
29.500000,60.50000,15.43806,1.570796,29
29.500000,60.50000,16.43806,1.570796,30
29.600000,45.27407,-2.63496,0.625250,0
29.600000,46.50000,-1.75000,0.463648,1
29.600000,47.50000,-1.25000,0.244979,2
29.600000,48.50000,-1.00000,0.000000,3
29.600000,49.50000,-1.00000,0.008602,4
29.600000,50.53323,-0.99111,0.066667,5
29.600000,51.59733,-0.92007,0.365219,6
29.600000,52.61286,-0.53176,0.435461,7
29.600000,53.58394,-0.07997,0.505813,8
29.600000,54.50668,0.43112,0.576280,9
29.600000,55.37759,0.99709,0.400000,10
29.600000,56.29848,1.38643,0.466667,11
29.600000,57.19138,1.83626,0.533333,12
29.600000,58.05234,2.34457,0.600000,13
29.600000,58.87752,2.90911,0.666667,14
29.600000,59.66327,3.52737,0.733333,15
29.600000,60.40608,4.19659,0.800000,16
29.600000,61.10265,4.91382,0.866667,17
29.600000,61.74990,5.67585,0.933333,18
29.600000,62.34495,6.47931,1.000000,19
29.600000,62.88515,7.32063,1.313534,20
29.600000,63.14531,8.30946,1.384247,21
29.600000,63.33195,9.29833,1.455092,22
29.600000,63.44627,10.28191,1.758322,23
29.600000,63.24893,11.32189,1.840275,24
29.600000,62.97490,12.31403,2.117959,25
29.600000,62.38209,13.28712,2.214464,26
29.600000,61.72057,14.16884,2.111066,27
29.600000,61.24990,14.95354,1.819381,28
29.600000,61.00000,15.93806,1.570796,29
29.600000,61.00000,16.93806,1.570796,30
29.700000,45.37979,-2.67652,0.543296,0
29.700000,46.50000,-2.00000,0.463648,1
29.700000,47.50000,-1.50000,0.244979,2
29.700000,48.50000,-1.25000,0.244979,3
29.700000,49.50000,-1.00000,0.008602,4
29.700000,50.53323,-0.99111,0.066667,5
29.700000,51.59733,-0.92007,0.365219,6
29.700000,52.61286,-0.53176,0.435461,7
29.700000,53.58394,-0.07997,0.505813,8
29.700000,54.50668,0.43112,0.576280,9
29.700000,55.37759,0.99709,0.400000,10
29.700000,56.29848,1.38643,0.466667,11
29.700000,57.19138,1.83626,0.533333,12
29.700000,58.05234,2.34457,0.600000,13
29.700000,58.87752,2.90911,0.666667,14
29.700000,59.66327,3.52737,0.733333,15
29.700000,60.40608,4.19659,0.800000,16
29.700000,61.10265,4.91382,0.866667,17
29.700000,61.74990,5.67585,0.933333,18
29.700000,62.34495,6.47931,1.000000,19
29.700000,62.88515,7.32063,1.313534,20
29.700000,63.14531,8.30946,1.384247,21
29.700000,63.33195,9.29833,1.455092,22
29.700000,63.44627,10.28191,1.526075,23
29.700000,63.48981,11.25502,1.832524,24
29.700000,63.21971,12.26335,2.108443,25
29.700000,62.62973,13.25286,2.204297,26
29.700000,61.96994,14.15115,2.101270,27
29.700000,61.49990,14.95251,1.819129,28
29.700000,61.25000,15.93806,1.570796,29
29.700000,61.25000,16.93806,1.570796,30
29.800000,45.48301,-2.72110,0.616774,0
29.800000,46.50000,-2.00000,0.463648,1
29.800000,47.50000,-1.50000,0.244979,2
29.800000,48.50000,-1.25000,0.244979,3
29.800000,49.50000,-1.00000,0.008602,4
29.800000,50.53323,-0.99111,0.066667,5
29.800000,51.59733,-0.92007,0.365219,6
29.800000,52.61286,-0.53176,0.435461,7
29.800000,53.58394,-0.07997,0.505813,8
29.800000,54.50668,0.43112,0.576280,9
29.800000,55.37759,0.99709,0.400000,10
29.800000,56.29848,1.38643,0.466667,11
29.800000,57.19138,1.83626,0.533333,12
29.800000,58.05234,2.34457,0.600000,13
29.800000,58.87752,2.90911,0.666667,14
29.800000,59.66327,3.52737,0.733333,15
29.800000,60.40608,4.19659,0.800000,16
29.800000,61.10265,4.91382,0.866667,17
29.800000,61.74990,5.67585,0.933333,18
29.800000,62.34495,6.47931,1.000000,19
29.800000,62.88515,7.32063,1.313534,20
29.800000,63.14531,8.30946,1.384247,21
29.800000,63.33195,9.29833,1.455092,22
29.800000,63.44627,10.28191,1.526075,23
29.800000,63.48981,11.25502,1.832524,24
29.800000,63.21971,12.26335,2.108443,25
29.800000,62.62973,13.25286,2.204297,26
29.800000,61.96994,14.15115,2.101270,27
29.800000,61.49990,14.95251,1.819129,28
29.800000,61.25000,15.93806,1.570796,29
29.800000,61.25000,16.93806,1.570796,30
29.900000,45.54955,-2.69215,0.629425,0
29.900000,46.50000,-2.00000,0.463648,1
29.900000,47.50000,-1.50000,0.244979,2
29.900000,48.50000,-1.25000,0.244979,3
29.900000,49.50000,-1.00000,0.008602,4
29.900000,50.53323,-0.99111,0.066667,5
29.900000,51.59733,-0.92007,0.365219,6
29.900000,52.61286,-0.53176,0.435461,7
29.900000,53.58394,-0.07997,0.505813,8
29.900000,54.50668,0.43112,0.576280,9
29.900000,55.37759,0.99709,0.400000,10
29.900000,56.29848,1.38643,0.466667,11
29.900000,57.19138,1.83626,0.533333,12
29.900000,58.05234,2.34457,0.600000,13
29.900000,58.87752,2.90911,0.666667,14
29.900000,59.66327,3.52737,0.733333,15
29.900000,60.40608,4.19659,0.800000,16
29.900000,61.10265,4.91382,0.866667,17
29.900000,61.74990,5.67585,0.933333,18
29.900000,62.34495,6.47931,1.000000,19
29.900000,62.88515,7.32063,1.066667,20
29.900000,63.36811,8.19606,1.380200,21
29.900000,63.56181,9.20002,1.450914,22
29.900000,63.68217,10.19913,1.521759,23
29.900000,63.73070,11.18814,1.824988,24
29.900000,63.46452,12.21267,1.906941,25
29.900000,63.12501,13.18435,2.184625,26
29.900000,62.46869,14.11578,2.082543,27
29.900000,61.99990,14.95044,1.818627,28
29.900000,61.75000,15.93806,1.570796,29
29.900000,61.75000,16.93806,1.570796,30
30.000000,45.60614,-2.74554,0.695172,0
30.000000,46.50000,-2.00000,0.463648,1
30.000000,47.50000,-1.50000,0.244979,2
30.000000,48.50000,-1.25000,0.244979,3
30.000000,49.50000,-1.00000,0.008602,4
30.000000,50.53323,-0.99111,0.066667,5
30.000000,51.59733,-0.92007,0.365219,6
30.000000,52.61286,-0.53176,0.435461,7
30.000000,53.58394,-0.07997,0.505813,8
30.000000,54.50668,0.43112,0.576280,9
30.000000,55.37759,0.99709,0.400000,10
30.000000,56.29848,1.38643,0.466667,11
30.000000,57.19138,1.83626,0.533333,12
30.000000,58.05234,2.34457,0.600000,13
30.000000,58.87752,2.90911,0.666667,14
30.000000,59.66327,3.52737,0.733333,15
30.000000,60.40608,4.19659,0.800000,16
30.000000,61.10265,4.91382,0.866667,17
30.000000,61.74990,5.67585,0.933333,18
30.000000,62.34495,6.47931,1.000000,19
30.000000,62.88515,7.32063,1.066667,20
30.000000,63.36811,8.19606,1.380200,21
30.000000,63.56181,9.20002,1.450914,22
30.000000,63.68217,10.19913,1.521759,23
30.000000,63.73070,11.18814,1.592742,24
30.000000,63.70933,12.16199,1.899191,25
30.000000,63.37265,13.15009,2.175110,26
30.000000,62.71806,14.09810,2.073589,27
30.000000,62.24990,14.94941,1.818377,28
30.000000,62.00000,15.93806,1.570796,29
30.000000,62.00000,16.93806,1.570796,30
30.100000,45.71283,-2.75317,0.763329,0
30.100000,46.50000,-2.00000,0.463648,1
30.100000,47.50000,-1.50000,0.244979,2
30.100000,48.50000,-1.25000,0.244979,3
30.100000,49.50000,-1.00000,0.008602,4
30.100000,50.53323,-0.99111,0.066667,5
30.100000,51.59733,-0.92007,0.365219,6
30.100000,52.61286,-0.53176,0.435461,7
30.100000,53.58394,-0.07997,0.505813,8
30.100000,54.50668,0.43112,0.576280,9
30.100000,55.37759,0.99709,0.400000,10
30.100000,56.29848,1.38643,0.466667,11
30.100000,57.19138,1.83626,0.533333,12
30.100000,58.05234,2.34457,0.600000,13
30.100000,58.87752,2.90911,0.666667,14
30.100000,59.66327,3.52737,0.733333,15
30.100000,60.40608,4.19659,0.800000,16
30.100000,61.10265,4.91382,0.866667,17
30.100000,61.74990,5.67585,0.933333,18
30.100000,62.34495,6.47931,1.000000,19
30.100000,62.88515,7.32063,1.066667,20
30.100000,63.36811,8.19606,1.133333,21
30.100000,63.79167,9.10172,1.446867,22
30.100000,63.91807,10.11636,1.517580,23
30.100000,63.97159,11.12127,1.588425,24
30.100000,63.95414,12.11131,1.891655,25
30.100000,63.62029,13.11583,1.973608,26
30.100000,63.21681,14.06273,2.056451,27
30.100000,62.74989,14.94735,1.817877,28
30.100000,62.50000,15.93806,1.570796,29
30.100000,62.50000,16.93806,1.570796,30
30.200000,45.76189,-2.74973,0.544485,0
30.200000,47.00000,-2.00000,0.463648,1
30.200000,48.00000,-1.50000,0.244979,2
30.200000,49.00000,-1.25000,0.244979,3
30.200000,50.00000,-1.00000,0.033333,4
30.200000,51.06588,-0.96446,0.100000,5
30.200000,52.12702,-0.85799,0.398552,6
30.200000,53.12904,-0.43605,0.468794,7
30.200000,54.08452,0.04785,0.539146,8
30.200000,54.98972,0.58941,0.609613,9
30.200000,55.84128,1.18409,0.433333,10
30.200000,56.74868,1.60391,0.500000,11
30.200000,57.62610,2.08324,0.566667,12
30.200000,58.46964,2.61997,0.633333,13
30.200000,59.27555,3.21169,0.700000,14
30.200000,60.04025,3.85579,0.766667,15
30.200000,60.76034,4.54940,0.833333,16
30.200000,61.43263,5.28944,0.900000,17
30.200000,62.05412,6.07262,0.966667,18
30.200000,62.62206,6.89547,1.033333,19
30.200000,63.13393,7.75432,1.100000,20
30.200000,63.58744,8.64536,1.413534,21
30.200000,63.74758,9.65522,1.484247,22
30.200000,63.83457,10.65779,1.555092,23
30.200000,63.85012,11.64786,1.626075,24
30.200000,63.79630,12.62046,1.932524,25
30.200000,63.42688,13.59679,2.014914,26
30.200000,62.99088,14.51309,2.058703,27
30.200000,62.50000,15.43806,1.570796,28
30.200000,62.50000,16.43806,1.570796,29
30.200000,62.50000,17.43806,1.570796,30
30.300000,45.80450,-2.73400,0.550629,0
30.300000,47.00000,-2.00000,0.463648,1
30.300000,48.00000,-1.50000,0.244979,2
30.300000,49.00000,-1.25000,0.244979,3
30.300000,50.00000,-1.00000,0.033333,4
30.300000,51.06588,-0.96446,0.100000,5
30.300000,52.12702,-0.85799,0.398552,6
30.300000,53.12904,-0.43605,0.468794,7
30.300000,54.08452,0.04785,0.539146,8
30.300000,54.98972,0.58941,0.609613,9
30.300000,55.84128,1.18409,0.433333,10
30.300000,56.74868,1.60391,0.500000,11
30.300000,57.62610,2.08324,0.566667,12
30.300000,58.46964,2.61997,0.633333,13
30.300000,59.27555,3.21169,0.700000,14
30.300000,60.04025,3.85579,0.766667,15
30.300000,60.76034,4.54940,0.833333,16
30.300000,61.43263,5.28944,0.900000,17
30.300000,62.05412,6.07262,0.966667,18
30.300000,62.62206,6.89547,1.033333,19
30.300000,63.13393,7.75432,1.100000,20
30.300000,63.58744,8.64536,1.166667,21
30.300000,63.98059,9.56463,1.480200,22
30.300000,64.07309,10.58292,1.550914,23
30.300000,64.09310,11.58906,1.621759,24
30.300000,64.04266,12.57797,1.924988,25
30.300000,63.67552,13.57080,2.006941,26
30.300000,63.24070,14.50373,1.822936,27
30.300000,63.00000,15.43806,1.815775,28
30.300000,62.75000,16.43806,1.570796,29
30.300000,62.75000,17.43806,1.570796,30
30.400000,45.90109,-2.77312,0.613091,0
30.400000,47.00000,-2.00000,0.463648,1
30.400000,48.00000,-1.50000,0.244979,2
30.400000,49.00000,-1.25000,0.244979,3
30.400000,50.00000,-1.00000,0.033333,4
30.400000,51.06588,-0.96446,0.100000,5
30.400000,52.12702,-0.85799,0.398552,6
30.400000,53.12904,-0.43605,0.468794,7
30.400000,54.08452,0.04785,0.539146,8
30.400000,54.98972,0.58941,0.609613,9
30.400000,55.84128,1.18409,0.433333,10
30.400000,56.74868,1.60391,0.500000,11
30.400000,57.62610,2.08324,0.566667,12
30.400000,58.46964,2.61997,0.633333,13
30.400000,59.27555,3.21169,0.700000,14
30.400000,60.04025,3.85579,0.766667,15
30.400000,60.76034,4.54940,0.833333,16
30.400000,61.43263,5.28944,0.900000,17
30.400000,62.05412,6.07262,0.966667,18
30.400000,62.62206,6.89547,1.033333,19
30.400000,63.13393,7.75432,1.100000,20
30.400000,63.58744,8.64536,1.166667,21
30.400000,63.98059,9.56463,1.480200,22
30.400000,64.07309,10.58292,1.550914,23
30.400000,64.09310,11.58906,1.621759,24
30.400000,64.04266,12.57797,1.692742,25
30.400000,63.92417,13.54482,1.999191,26
30.400000,63.49053,14.49437,1.820363,27
30.400000,63.25000,15.43806,1.570796,28
30.400000,63.25000,16.43806,1.570796,29
30.400000,63.25000,17.43806,1.570796,30
30.500000,45.96227,-2.76276,0.633850,0
30.500000,47.00000,-2.00000,0.463648,1
30.500000,48.00000,-1.50000,0.244979,2
30.500000,49.00000,-1.25000,0.244979,3
30.500000,50.00000,-1.00000,0.033333,4
30.500000,51.06588,-0.96446,0.100000,5
30.500000,52.12702,-0.85799,0.398552,6
30.500000,53.12904,-0.43605,0.468794,7
30.500000,54.08452,0.04785,0.539146,8
30.500000,54.98972,0.58941,0.609613,9
30.500000,55.84128,1.18409,0.433333,10
30.500000,56.74868,1.60391,0.500000,11
30.500000,57.62610,2.08324,0.566667,12
30.500000,58.46964,2.61997,0.633333,13
30.500000,59.27555,3.21169,0.700000,14
30.500000,60.04025,3.85579,0.766667,15
30.500000,60.76034,4.54940,0.833333,16
30.500000,61.43263,5.28944,0.900000,17
30.500000,62.05412,6.07262,0.966667,18
30.500000,62.62206,6.89547,1.033333,19
30.500000,63.13393,7.75432,1.100000,20
30.500000,63.58744,8.64536,1.166667,21
30.500000,63.98059,9.56463,1.233333,22
30.500000,64.31162,10.50806,1.546867,23
30.500000,64.33608,11.53025,1.617580,24
30.500000,64.28902,12.53548,1.688425,25
30.500000,64.17281,13.51883,1.991655,26
30.500000,63.74035,14.48500,1.817837,27
30.500000,63.50000,15.43806,1.570796,28
30.500000,63.50000,16.43806,1.570796,29
30.500000,63.50000,17.43806,1.570796,30
30.604000,46.00826,-2.74416,0.643728,0
30.604000,47.00000,-2.00000,0.463648,1
30.604000,48.00000,-1.50000,0.244979,2
30.604000,49.00000,-1.25000,0.244979,3
30.604000,50.00000,-1.00000,0.033333,4
30.604000,51.06588,-0.96446,0.100000,5
30.604000,52.12702,-0.85799,0.398552,6
30.604000,53.12904,-0.43605,0.468794,7
30.604000,54.08452,0.04785,0.539146,8
30.604000,54.98972,0.58941,0.609613,9
30.604000,55.84128,1.18409,0.433333,10
30.604000,56.74868,1.60391,0.500000,11
30.604000,57.62610,2.08324,0.566667,12
30.604000,58.46964,2.61997,0.633333,13
30.604000,59.27555,3.21169,0.700000,14
30.604000,60.04025,3.85579,0.766667,15
30.604000,60.76034,4.54940,0.833333,16
30.604000,61.43263,5.28944,0.900000,17
30.604000,62.05412,6.07262,0.966667,18
30.604000,62.62206,6.89547,1.033333,19
30.604000,63.13393,7.75432,1.100000,20
30.604000,63.58744,8.64536,1.166667,21
30.604000,63.98059,9.56463,1.233333,22
30.604000,64.31162,10.50806,1.546867,23
30.604000,64.33608,11.53025,1.617580,24
30.604000,64.28902,12.53548,1.688425,25
30.604000,64.17281,13.51883,1.991655,26
30.604000,63.74035,14.48500,1.817837,27
30.604000,63.50000,15.43806,1.570796,28
30.604000,63.50000,16.43806,1.570796,29
30.604000,63.50000,17.43806,1.570796,30
30.700000,46.10763,-2.76419,0.708180,0
30.700000,47.00000,-2.00000,0.463648,1
30.700000,48.00000,-1.50000,0.244979,2
30.700000,49.00000,-1.25000,0.244979,3
30.700000,50.00000,-1.00000,0.033333,4
30.700000,51.06588,-0.96446,0.100000,5
30.700000,52.12702,-0.85799,0.398552,6
30.700000,53.12904,-0.43605,0.468794,7
30.700000,54.08452,0.04785,0.539146,8
30.700000,54.98972,0.58941,0.609613,9
30.700000,55.84128,1.18409,0.433333,10
30.700000,56.74868,1.60391,0.500000,11
30.700000,57.62610,2.08324,0.566667,12
30.700000,58.46964,2.61997,0.633333,13
30.700000,59.27555,3.21169,0.700000,14
30.700000,60.04025,3.85579,0.766667,15
30.700000,60.76034,4.54940,0.833333,16
30.700000,61.43263,5.28944,0.900000,17
30.700000,62.05412,6.07262,0.966667,18
30.700000,62.62206,6.89547,1.033333,19
30.700000,63.13393,7.75432,1.100000,20
30.700000,63.58744,8.64536,1.166667,21
30.700000,63.98059,9.56463,1.233333,22
30.700000,64.31162,10.50806,1.546867,23
30.700000,64.33608,11.53025,1.617580,24
30.700000,64.28902,12.53548,1.688425,25
30.700000,64.17281,13.51883,1.759409,26
30.700000,63.99018,14.47564,1.815358,27
30.700000,63.75000,15.43806,1.570796,28
30.700000,63.75000,16.43806,1.570796,29
30.700000,63.75000,17.43806,1.570796,30
30.802000,46.14900,-2.75886,0.728229,0
30.802000,47.00000,-2.00000,0.463648,1
30.802000,48.00000,-1.50000,0.244979,2
30.802000,49.00000,-1.25000,0.244979,3
30.802000,50.00000,-1.00000,0.033333,4
30.802000,51.06588,-0.96446,0.100000,5
30.802000,52.12702,-0.85799,0.398552,6
30.802000,53.12904,-0.43605,0.468794,7
30.802000,54.08452,0.04785,0.539146,8
30.802000,54.98972,0.58941,0.609613,9
30.802000,55.84128,1.18409,0.433333,10
30.802000,56.74868,1.60391,0.500000,11
30.802000,57.62610,2.08324,0.566667,12
30.802000,58.46964,2.61997,0.633333,13
30.802000,59.27555,3.21169,0.700000,14
30.802000,60.04025,3.85579,0.766667,15
30.802000,60.76034,4.54940,0.833333,16
30.802000,61.43263,5.28944,0.900000,17
30.802000,62.05412,6.07262,0.966667,18
30.802000,62.62206,6.89547,1.033333,19
30.802000,63.13393,7.75432,1.100000,20
30.802000,63.58744,8.64536,1.166667,21
30.802000,63.98059,9.56463,1.233333,22
30.802000,64.31162,10.50806,1.300000,23
30.802000,64.57907,11.47144,1.366667,24
30.802000,64.78175,12.45049,1.680200,25
30.802000,64.67011,13.46686,1.750914,26
30.802000,64.48983,14.45691,1.810531,27
30.802000,64.25000,15.43806,1.570796,28
30.802000,64.25000,16.43806,1.570796,29
30.802000,64.25000,17.43806,1.570796,30
30.900000,46.24939,-2.77605,0.802057,0
30.900000,47.00000,-2.00000,0.463648,1
30.900000,48.00000,-1.50000,0.244979,2
30.900000,49.00000,-1.25000,0.244979,3
30.900000,50.00000,-1.00000,0.033333,4
30.900000,51.06588,-0.96446,0.100000,5
30.900000,52.12702,-0.85799,0.398552,6
30.900000,53.12904,-0.43605,0.468794,7
30.900000,54.08452,0.04785,0.539146,8
30.900000,54.98972,0.58941,0.609613,9
30.900000,55.84128,1.18409,0.433333,10
30.900000,56.74868,1.60391,0.500000,11
30.900000,57.62610,2.08324,0.566667,12
30.900000,58.46964,2.61997,0.633333,13
30.900000,59.27555,3.21169,0.700000,14
30.900000,60.04025,3.85579,0.766667,15
30.900000,60.76034,4.54940,0.833333,16
30.900000,61.43263,5.28944,0.900000,17
30.900000,62.05412,6.07262,0.966667,18
30.900000,62.62206,6.89547,1.033333,19
30.900000,63.13393,7.75432,1.100000,20
30.900000,63.58744,8.64536,1.166667,21
30.900000,63.98059,9.56463,1.233333,22
30.900000,64.31162,10.50806,1.300000,23
30.900000,64.57907,11.47144,1.613534,24
30.900000,64.53538,12.49298,1.684247,25
30.900000,64.42146,13.49285,1.755092,26
30.900000,64.24000,14.46628,1.812923,27
30.900000,64.00000,15.43806,1.570796,28
30.900000,64.00000,16.43806,1.570796,29
30.900000,64.00000,17.43806,1.570796,30
31.000000,46.35102,-2.77896,0.595778,0
31.000000,47.50000,-2.00000,0.463648,1
31.000000,48.50000,-1.50000,0.244979,2
31.000000,49.50000,-1.25000,0.245506,3
31.000000,50.53323,-0.99111,0.066667,4
31.000000,51.59733,-0.92007,0.365219,5
31.000000,52.61286,-0.53176,0.435461,6
31.000000,53.58394,-0.07997,0.505813,7
31.000000,54.50668,0.43112,0.576280,8
31.000000,55.37759,0.99709,0.400000,9
31.000000,56.29848,1.38643,0.466667,10
31.000000,57.19138,1.83626,0.533333,11
31.000000,58.05234,2.34457,0.600000,12
31.000000,58.87752,2.90911,0.666667,13
31.000000,59.66327,3.52737,0.733333,14
31.000000,60.40608,4.19659,0.800000,15
31.000000,61.10265,4.91382,0.866667,16
31.000000,61.74990,5.67585,0.933333,17
31.000000,62.34495,6.47931,1.000000,18
31.000000,62.88515,7.32063,1.066667,19
31.000000,63.36811,8.19606,1.133333,20
31.000000,63.79167,9.10172,1.200000,21
31.000000,64.15397,10.03359,1.266667,22
31.000000,64.45337,10.98752,1.333333,23
31.000000,64.68857,11.95928,1.646867,24
31.000000,64.61086,12.97880,1.717580,25
31.000000,64.46368,13.97431,1.788425,26
31.000000,64.24988,14.94115,1.570674,27
31.000000,64.25000,15.93806,1.570796,28
31.000000,64.25000,16.93806,1.570796,29
31.000000,64.25000,17.93806,1.570796,30
31.100000,46.42990,-2.77251,0.625274,0
31.100000,47.50000,-2.00000,0.463648,1
31.100000,48.50000,-1.50000,0.244979,2
31.100000,49.50000,-1.25000,0.245506,3
31.100000,50.53323,-0.99111,0.066667,4
31.100000,51.59733,-0.92007,0.365219,5
31.100000,52.61286,-0.53176,0.435461,6
31.100000,53.58394,-0.07997,0.505813,7
31.100000,54.50668,0.43112,0.576280,8
31.100000,55.37759,0.99709,0.400000,9
31.100000,56.29848,1.38643,0.466667,10
31.100000,57.19138,1.83626,0.533333,11
31.100000,58.05234,2.34457,0.600000,12
31.100000,58.87752,2.90911,0.666667,13
31.100000,59.66327,3.52737,0.733333,14
31.100000,60.40608,4.19659,0.800000,15
31.100000,61.10265,4.91382,0.866667,16
31.100000,61.74990,5.67585,0.933333,17
31.100000,62.34495,6.47931,1.000000,18
31.100000,62.88515,7.32063,1.066667,19
31.100000,63.36811,8.19606,1.133333,20
31.100000,63.79167,9.10172,1.200000,21
31.100000,64.15397,10.03359,1.266667,22
31.100000,64.45337,10.98752,1.333333,23
31.100000,64.68857,11.95928,1.646867,24
31.100000,64.61086,12.97880,1.717580,25
31.100000,64.46368,13.97431,1.788425,26
31.100000,64.24988,14.94115,1.816391,27
31.100000,64.00000,15.93806,1.570796,28
31.100000,64.00000,16.93806,1.570796,29
31.100000,64.00000,17.93806,1.570796,30
31.200000,46.54197,-2.81040,0.702110,0
31.200000,47.50000,-2.00000,0.463648,1
31.200000,48.50000,-1.50000,0.244979,2
31.200000,49.50000,-1.25000,0.245506,3
31.200000,50.53323,-0.99111,0.066667,4
31.200000,51.59733,-0.92007,0.365219,5
31.200000,52.61286,-0.53176,0.435461,6
31.200000,53.58394,-0.07997,0.505813,7
31.200000,54.50668,0.43112,0.576280,8
31.200000,55.37759,0.99709,0.400000,9
31.200000,56.29848,1.38643,0.466667,10
31.200000,57.19138,1.83626,0.533333,11
31.200000,58.05234,2.34457,0.600000,12
31.200000,58.87752,2.90911,0.666667,13
31.200000,59.66327,3.52737,0.733333,14
31.200000,60.40608,4.19659,0.800000,15
31.200000,61.10265,4.91382,0.866667,16
31.200000,61.74990,5.67585,0.933333,17
31.200000,62.34495,6.47931,1.000000,18
31.200000,62.88515,7.32063,1.066667,19
31.200000,63.36811,8.19606,1.133333,20
31.200000,63.79167,9.10172,1.200000,21
31.200000,64.15397,10.03359,1.266667,22
31.200000,64.45337,10.98752,1.333333,23
31.200000,64.68857,11.95928,1.646867,24
31.200000,64.61086,12.97880,1.717580,25
31.200000,64.46368,13.97431,1.788425,26
31.200000,64.24988,14.94115,1.816391,27
31.200000,64.00000,15.93806,1.570796,28
31.200000,64.00000,16.93806,1.570796,29
31.200000,64.00000,17.93806,1.570796,30
31.300000,46.67670,-2.84194,0.796594,0
31.300000,47.50000,-2.00000,0.463648,1
31.300000,48.50000,-1.50000,0.244979,2
31.300000,49.50000,-1.25000,0.245506,3
31.300000,50.53323,-0.99111,0.066667,4
31.300000,51.59733,-0.92007,0.365219,5
31.300000,52.61286,-0.53176,0.435461,6
31.300000,53.58394,-0.07997,0.505813,7
31.300000,54.50668,0.43112,0.576280,8
31.300000,55.37759,0.99709,0.400000,9
31.300000,56.29848,1.38643,0.466667,10
31.300000,57.19138,1.83626,0.533333,11
31.300000,58.05234,2.34457,0.600000,12
31.300000,58.87752,2.90911,0.666667,13
31.300000,59.66327,3.52737,0.733333,14
31.300000,60.40608,4.19659,0.800000,15
31.300000,61.10265,4.91382,0.866667,16
31.300000,61.74990,5.67585,0.933333,17
31.300000,62.34495,6.47931,1.000000,18
31.300000,62.88515,7.32063,1.066667,19
31.300000,63.36811,8.19606,1.133333,20
31.300000,63.79167,9.10172,1.200000,21
31.300000,64.15397,10.03359,1.266667,22
31.300000,64.45337,10.98752,1.333333,23
31.300000,64.68857,11.95928,1.646867,24
31.300000,64.61086,12.97880,1.717580,25
31.300000,64.46368,13.97431,1.788425,26
31.300000,64.24988,14.94115,1.570674,27
31.300000,64.25000,15.93806,1.570796,28
31.300000,64.25000,16.93806,1.570796,29
31.300000,64.25000,17.93806,1.570796,30
31.400000,46.77913,-2.85237,0.609495,0
31.400000,48.00000,-2.00000,0.463648,1
31.400000,49.00000,-1.50000,0.244979,2
31.400000,50.00000,-1.25000,0.033333,3
31.400000,51.08253,-1.21390,0.328415,4
31.400000,52.12702,-0.85799,0.398552,5
31.400000,53.12904,-0.43605,0.468794,6
31.400000,54.08452,0.04785,0.539146,7
31.400000,54.98972,0.58941,0.609613,8
31.400000,55.84128,1.18409,0.433333,9
31.400000,56.74868,1.60391,0.500000,10
31.400000,57.62610,2.08324,0.566667,11
31.400000,58.46964,2.61997,0.633333,12
31.400000,59.27555,3.21169,0.700000,13
31.400000,60.04025,3.85579,0.766667,14
31.400000,60.76034,4.54940,0.833333,15
31.400000,61.43263,5.28944,0.900000,16
31.400000,62.05412,6.07262,0.966667,17
31.400000,62.62206,6.89547,1.033333,18
31.400000,63.13393,7.75432,1.100000,19
31.400000,63.58744,8.64536,1.166667,20
31.400000,63.98059,9.56463,1.233333,21
31.400000,64.31162,10.50806,1.300000,22
31.400000,64.57907,11.47144,1.366667,23
31.400000,64.78175,12.45049,1.680200,24
31.400000,64.67011,13.46686,1.750914,25
31.400000,64.48983,14.45691,1.810531,26
31.400000,64.25000,15.43806,1.570796,27
31.400000,64.25000,16.43806,1.570796,28
31.400000,64.25000,17.43806,1.570796,29
31.400000,64.25000,18.43806,1.570796,30
31.500000,46.93906,-2.90486,0.553007,0
31.500000,48.00000,-2.25000,0.463648,1
31.500000,49.00000,-1.75000,0.244979,2
31.500000,50.00000,-1.50000,0.258378,3
31.500000,51.08253,-1.21390,0.328415,4
31.500000,52.12702,-0.85799,0.398552,5
31.500000,53.12904,-0.43605,0.468794,6
31.500000,54.08452,0.04785,0.539146,7
31.500000,54.98972,0.58941,0.609613,8
31.500000,55.84128,1.18409,0.433333,9
31.500000,56.74868,1.60391,0.500000,10
31.500000,57.62610,2.08324,0.566667,11
31.500000,58.46964,2.61997,0.633333,12
31.500000,59.27555,3.21169,0.700000,13
31.500000,60.04025,3.85579,0.766667,14
31.500000,60.76034,4.54940,0.833333,15
31.500000,61.43263,5.28944,0.900000,16
31.500000,62.05412,6.07262,0.966667,17
31.500000,62.62206,6.89547,1.033333,18
31.500000,63.13393,7.75432,1.100000,19
31.500000,63.58744,8.64536,1.166667,20
31.500000,63.98059,9.56463,1.233333,21
31.500000,64.31162,10.50806,1.546867,22
31.500000,64.33608,11.53025,1.617580,23
31.500000,64.28902,12.53548,1.688425,24
31.500000,64.17281,13.51883,1.759409,25
31.500000,63.99018,14.47564,1.815358,26
31.500000,63.75000,15.43806,1.570796,27
31.500000,63.75000,16.43806,1.570796,28
31.500000,63.75000,17.43806,1.570796,29
31.500000,63.75000,18.43806,1.570796,30
31.600000,47.07402,-2.93922,0.639853,0
31.600000,48.00000,-2.25000,0.463648,1
31.600000,49.00000,-1.75000,0.244979,2
31.600000,50.00000,-1.50000,0.258378,3
31.600000,51.08253,-1.21390,0.328415,4
31.600000,52.12702,-0.85799,0.398552,5
31.600000,53.12904,-0.43605,0.468794,6
31.600000,54.08452,0.04785,0.539146,7
31.600000,54.98972,0.58941,0.609613,8
31.600000,55.84128,1.18409,0.433333,9
31.600000,56.74868,1.60391,0.500000,10
31.600000,57.62610,2.08324,0.566667,11
31.600000,58.46964,2.61997,0.633333,12
31.600000,59.27555,3.21169,0.700000,13
31.600000,60.04025,3.85579,0.766667,14
31.600000,60.76034,4.54940,0.833333,15
31.600000,61.43263,5.28944,0.900000,16
31.600000,62.05412,6.07262,0.966667,17
31.600000,62.62206,6.89547,1.033333,18
31.600000,63.13393,7.75432,1.100000,19
31.600000,63.58744,8.64536,1.166667,20
31.600000,63.98059,9.56463,1.233333,21
31.600000,64.31162,10.50806,1.546867,22
31.600000,64.33608,11.53025,1.617580,23
31.600000,64.28902,12.53548,1.688425,24
31.600000,64.17281,13.51883,1.759409,25
31.600000,63.99018,14.47564,1.815358,26
31.600000,63.75000,15.43806,1.570796,27
31.600000,63.75000,16.43806,1.570796,28
31.600000,63.75000,17.43806,1.570796,29
31.600000,63.75000,18.43806,1.570796,30
31.700000,47.20363,-2.97617,0.739320,0
31.700000,48.00000,-2.25000,0.463648,1
31.700000,49.00000,-1.75000,0.244979,2
31.700000,50.00000,-1.50000,0.258378,3
31.700000,51.08253,-1.21390,0.328415,4
31.700000,52.12702,-0.85799,0.398552,5
31.700000,53.12904,-0.43605,0.468794,6
31.700000,54.08452,0.04785,0.539146,7
31.700000,54.98972,0.58941,0.609613,8
31.700000,55.84128,1.18409,0.433333,9
31.700000,56.74868,1.60391,0.500000,10
31.700000,57.62610,2.08324,0.566667,11
31.700000,58.46964,2.61997,0.633333,12
31.700000,59.27555,3.21169,0.700000,13
31.700000,60.04025,3.85579,0.766667,14
31.700000,60.76034,4.54940,0.833333,15
31.700000,61.43263,5.28944,0.900000,16
31.700000,62.05412,6.07262,0.966667,17
31.700000,62.62206,6.89547,1.033333,18
31.700000,63.13393,7.75432,1.100000,19
31.700000,63.58744,8.64536,1.166667,20
31.700000,63.98059,9.56463,1.233333,21
31.700000,64.31162,10.50806,1.546867,22
31.700000,64.33608,11.53025,1.617580,23
31.700000,64.28902,12.53548,1.688425,24
31.700000,64.17281,13.51883,1.759409,25
31.700000,63.99018,14.47564,1.815358,26
31.700000,63.75000,15.43806,1.570796,27
31.700000,63.75000,16.43806,1.570796,28
31.700000,63.75000,17.43806,1.570796,29
31.700000,63.75000,18.43806,1.570796,30
31.800000,47.36906,-2.97459,0.569806,0
31.800000,48.50000,-2.25000,0.463648,1
31.800000,49.50000,-1.75000,0.242010,2
31.800000,50.54990,-1.49083,0.291712,3
31.800000,51.62229,-1.16882,0.361748,4
31.800000,52.65434,-0.77829,0.431885,5
31.800000,53.64174,-0.32319,0.502128,6
31.800000,54.58056,0.19228,0.572480,7
31.800000,55.46721,0.76370,0.642947,8
31.800000,56.29848,1.38643,0.466667,9
31.800000,57.19138,1.83626,0.533333,10
31.800000,58.05234,2.34457,0.600000,11
31.800000,58.87752,2.90911,0.666667,12
31.800000,59.66327,3.52737,0.733333,13
31.800000,60.40608,4.19659,0.800000,14
31.800000,61.10265,4.91382,0.866667,15
31.800000,61.74990,5.67585,0.933333,16
31.800000,62.34495,6.47931,1.000000,17
31.800000,62.88515,7.32063,1.066667,18
31.800000,63.36811,8.19606,1.133333,19
31.800000,63.79167,9.10172,1.200000,20
31.800000,64.15397,10.03359,1.266667,21
31.800000,64.45337,10.98752,1.580200,22
31.800000,64.44376,12.00995,1.650914,23
31.800000,64.36322,13.01306,1.721759,24
31.800000,64.21430,13.99199,1.792742,25
31.800000,63.99988,14.94218,1.816638,26
31.800000,63.75000,15.93806,1.570796,27
31.800000,63.75000,16.93806,1.570796,28
31.800000,63.75000,17.93806,1.570796,29
31.800000,63.75000,18.93806,1.570796,30
31.900000,47.54631,-3.03693,0.689884,0
31.900000,48.50000,-2.25000,0.463648,1
31.900000,49.50000,-1.75000,0.242010,2
31.900000,50.54990,-1.49083,0.291712,3
31.900000,51.62229,-1.16882,0.361748,4
31.900000,52.65434,-0.77829,0.431885,5
31.900000,53.64174,-0.32319,0.502128,6
31.900000,54.58056,0.19228,0.572480,7
31.900000,55.46721,0.76370,0.642947,8
31.900000,56.29848,1.38643,0.466667,9
31.900000,57.19138,1.83626,0.533333,10
31.900000,58.05234,2.34457,0.600000,11
31.900000,58.87752,2.90911,0.666667,12
31.900000,59.66327,3.52737,0.733333,13
31.900000,60.40608,4.19659,0.800000,14
31.900000,61.10265,4.91382,0.866667,15
31.900000,61.74990,5.67585,0.933333,16
31.900000,62.34495,6.47931,1.000000,17
31.900000,62.88515,7.32063,1.066667,18
31.900000,63.36811,8.19606,1.133333,19
31.900000,63.79167,9.10172,1.200000,20
31.900000,64.15397,10.03359,1.266667,21
31.900000,64.45337,10.98752,1.333333,22
31.900000,64.68857,11.95928,1.646867,23
31.900000,64.61086,12.97880,1.717580,24
31.900000,64.46368,13.97431,1.788425,25
31.900000,64.24988,14.94115,1.816391,26
31.900000,64.00000,15.93806,1.570796,27
31.900000,64.00000,16.93806,1.570796,28
31.900000,64.00000,17.93806,1.570796,29
31.900000,64.00000,18.93806,1.570796,30
32.000000,47.64887,-3.04415,0.750781,0
32.000000,48.50000,-2.25000,0.463648,1
32.000000,49.50000,-1.75000,0.242010,2
32.000000,50.54990,-1.49083,0.291712,3
32.000000,51.62229,-1.16882,0.571528,4
32.000000,52.61286,-0.53176,0.435461,5
32.000000,53.58394,-0.07997,0.505813,6
32.000000,54.50668,0.43112,0.576280,7
32.000000,55.37759,0.99709,0.400000,8
32.000000,56.29848,1.38643,0.466667,9
32.000000,57.19138,1.83626,0.533333,10
32.000000,58.05234,2.34457,0.600000,11
32.000000,58.87752,2.90911,0.666667,12
32.000000,59.66327,3.52737,0.733333,13
32.000000,60.40608,4.19659,0.800000,14
32.000000,61.10265,4.91382,0.866667,15
32.000000,61.74990,5.67585,0.933333,16
32.000000,62.34495,6.47931,1.000000,17
32.000000,62.88515,7.32063,1.066667,18
32.000000,63.36811,8.19606,1.133333,19
32.000000,63.79167,9.10172,1.200000,20
32.000000,64.15397,10.03359,1.266667,21
32.000000,64.45337,10.98752,1.333333,22
32.000000,64.68857,11.95928,1.646867,23
32.000000,64.61086,12.97880,1.717580,24
32.000000,64.46368,13.97431,1.788425,25
32.000000,64.24988,14.94115,1.816391,26
32.000000,64.00000,15.93806,1.570796,27
32.000000,64.00000,16.93806,1.570796,28
32.000000,64.00000,17.93806,1.570796,29
32.000000,64.00000,18.93806,1.570796,30
32.100000,47.83502,-3.03493,0.592905,0
32.100000,49.00000,-2.25000,0.463648,1
32.100000,50.00000,-1.75000,0.459821,2
32.100000,51.08253,-1.21390,0.328415,3
32.100000,52.12702,-0.85799,0.398552,4
32.100000,53.12904,-0.43605,0.468794,5
32.100000,54.08452,0.04785,0.539146,6
32.100000,54.98972,0.58941,0.609613,7
32.100000,55.84128,1.18409,0.433333,8
32.100000,56.74868,1.60391,0.500000,9
32.100000,57.62610,2.08324,0.566667,10
32.100000,58.46964,2.61997,0.633333,11
32.100000,59.27555,3.21169,0.700000,12
32.100000,60.04025,3.85579,0.766667,13
32.100000,60.76034,4.54940,0.833333,14
32.100000,61.43263,5.28944,0.900000,15
32.100000,62.05412,6.07262,0.966667,16
32.100000,62.62206,6.89547,1.033333,17
32.100000,63.13393,7.75432,1.100000,18
32.100000,63.58744,8.64536,1.166667,19
32.100000,63.98059,9.56463,1.233333,20
32.100000,64.31162,10.50806,1.300000,21
32.100000,64.57907,11.47144,1.366667,22
32.100000,64.78175,12.45049,1.433333,23
32.100000,64.91875,13.44088,1.746867,24
32.100000,64.73965,14.44755,1.808182,25
32.100000,64.50000,15.43806,1.570796,26
32.100000,64.50000,16.43806,1.570796,27
32.100000,64.50000,17.43806,1.570796,28
32.100000,64.50000,18.43806,1.570796,29
32.100000,64.50000,19.43806,1.570796,30
32.200000,48.03633,-3.01955,0.673863,0
32.200000,49.00000,-2.25000,0.463648,1
32.200000,50.00000,-1.75000,0.459821,2
32.200000,51.08253,-1.21390,0.328415,3
32.200000,52.12702,-0.85799,0.398552,4
32.200000,53.12904,-0.43605,0.468794,5
32.200000,54.08452,0.04785,0.539146,6
32.200000,54.98972,0.58941,0.609613,7
32.200000,55.84128,1.18409,0.433333,8
32.200000,56.74868,1.60391,0.500000,9
32.200000,57.62610,2.08324,0.566667,10
32.200000,58.46964,2.61997,0.633333,11
32.200000,59.27555,3.21169,0.700000,12
32.200000,60.04025,3.85579,0.766667,13
32.200000,60.76034,4.54940,0.833333,14
32.200000,61.43263,5.28944,0.900000,15
32.200000,62.05412,6.07262,0.966667,16
32.200000,62.62206,6.89547,1.033333,17
32.200000,63.13393,7.75432,1.100000,18
32.200000,63.58744,8.64536,1.166667,19
32.200000,63.98059,9.56463,1.233333,20
32.200000,64.31162,10.50806,1.300000,21
32.200000,64.57907,11.47144,1.366667,22
32.200000,64.78175,12.45049,1.433333,23
32.200000,64.91875,13.44088,1.500000,24
32.200000,64.98948,14.43819,1.560270,25
32.200000,65.00000,15.43806,1.570796,26
32.200000,65.00000,16.43806,1.570796,27
32.200000,65.00000,17.43806,1.570796,28
32.200000,65.00000,18.43806,1.570796,29
32.200000,65.00000,19.43806,1.570796,30
32.300000,48.15558,-2.98795,0.718212,0
32.300000,49.00000,-2.25000,0.463648,1
32.300000,50.00000,-1.75000,0.459821,2
32.300000,51.08253,-1.21390,0.328415,3
32.300000,52.12702,-0.85799,0.398552,4
32.300000,53.12904,-0.43605,0.468794,5
32.300000,54.08452,0.04785,0.539146,6
32.300000,54.98972,0.58941,0.609613,7
32.300000,55.84128,1.18409,0.433333,8
32.300000,56.74868,1.60391,0.500000,9
32.300000,57.62610,2.08324,0.566667,10
32.300000,58.46964,2.61997,0.633333,11
32.300000,59.27555,3.21169,0.700000,12
32.300000,60.04025,3.85579,0.766667,13
32.300000,60.76034,4.54940,0.833333,14
32.300000,61.43263,5.28944,0.900000,15
32.300000,62.05412,6.07262,0.966667,16
32.300000,62.62206,6.89547,1.033333,17
32.300000,63.13393,7.75432,1.100000,18
32.300000,63.58744,8.64536,1.166667,19
32.300000,63.98059,9.56463,1.233333,20
32.300000,64.31162,10.50806,1.300000,21
32.300000,64.57907,11.47144,1.366667,22
32.300000,64.78175,12.45049,1.433333,23
32.300000,64.91875,13.44088,1.500000,24
32.300000,64.98948,14.43819,1.560270,25
32.300000,65.00000,15.43806,1.570796,26
32.300000,65.00000,16.43806,1.570796,27
32.300000,65.00000,17.43806,1.570796,28
32.300000,65.00000,18.43806,1.570796,29
32.300000,65.00000,19.43806,1.570796,30
32.400000,48.31567,-2.96492,0.543096,0
32.400000,49.50000,-2.25000,0.448560,1
32.400000,50.55823,-1.74070,0.493155,2
32.400000,51.62229,-1.16882,0.361748,3
32.400000,52.65434,-0.77829,0.431885,4
32.400000,53.64174,-0.32319,0.502128,5
32.400000,54.58056,0.19228,0.572480,6
32.400000,55.46721,0.76370,0.642947,7
32.400000,56.29848,1.38643,0.466667,8
32.400000,57.19138,1.83626,0.533333,9
32.400000,58.05234,2.34457,0.600000,10
32.400000,58.87752,2.90911,0.666667,11
32.400000,59.66327,3.52737,0.733333,12
32.400000,60.40608,4.19659,0.800000,13
32.400000,61.10265,4.91382,0.866667,14
32.400000,61.74990,5.67585,0.933333,15
32.400000,62.34495,6.47931,1.000000,16
32.400000,62.88515,7.32063,1.066667,17
32.400000,63.36811,8.19606,1.133333,18
32.400000,63.79167,9.10172,1.200000,19
32.400000,64.15397,10.03359,1.266667,20
32.400000,64.45337,10.98752,1.333333,21
32.400000,64.68857,11.95928,1.400000,22
32.400000,64.85850,12.94454,1.466667,23
32.400000,64.96242,13.93894,1.533333,24
32.400000,64.99987,14.93806,1.570668,25
32.400000,65.00000,15.93806,1.570796,26
32.400000,65.00000,16.93806,1.570796,27
32.400000,65.00000,17.93806,1.570796,28
32.400000,65.00000,18.93806,1.570796,29
32.400000,65.00000,19.93806,1.570796,30
32.500000,48.46080,-2.91558,0.569649,0
32.500000,49.50000,-2.25000,0.448560,1
32.500000,50.55823,-1.74070,0.493155,2
32.500000,51.62229,-1.16882,0.361748,3
32.500000,52.65434,-0.77829,0.431885,4
32.500000,53.64174,-0.32319,0.502128,5
32.500000,54.58056,0.19228,0.572480,6
32.500000,55.46721,0.76370,0.642947,7
32.500000,56.29848,1.38643,0.466667,8
32.500000,57.19138,1.83626,0.533333,9
32.500000,58.05234,2.34457,0.600000,10
32.500000,58.87752,2.90911,0.666667,11
32.500000,59.66327,3.52737,0.733333,12
32.500000,60.40608,4.19659,0.800000,13
32.500000,61.10265,4.91382,1.113534,14
32.500000,61.55407,5.83125,1.184247,15
32.500000,61.93345,6.76333,1.255092,16
32.500000,62.24090,7.70459,1.326075,17
32.500000,62.47690,8.64965,1.632524,18
32.500000,62.41251,9.69155,1.200000,19
32.500000,62.73857,10.53023,0.998182,20
32.500000,63.24893,11.32189,1.069463,21
32.500000,63.70933,12.16199,1.140591,22
32.500000,64.11558,13.04732,1.211575,23
32.500000,64.46368,13.97431,1.533333,24
32.500000,64.49988,14.94012,1.570672,25
32.500000,64.50000,15.93806,1.570796,26
32.500000,64.50000,16.93806,1.570796,27
32.500000,64.50000,17.93806,1.570796,28
32.500000,64.50000,18.93806,1.570796,29
32.500000,64.50000,19.93806,1.570796,30
32.600000,48.58006,-2.86939,0.757155,0
32.600000,49.50000,-2.00000,0.451549,1
32.600000,50.54990,-1.49083,0.291712,2
32.600000,51.62229,-1.16882,0.361748,3
32.600000,52.65434,-0.77829,0.431885,4
32.600000,53.64174,-0.32319,0.502128,5
32.600000,54.58056,0.19228,0.572480,6
32.600000,55.46721,0.76370,0.642947,7
32.600000,56.29848,1.38643,0.466667,8
32.600000,57.19138,1.83626,0.533333,9
32.600000,58.05234,2.34457,0.600000,10
32.600000,58.87752,2.90911,0.666667,11
32.600000,59.66327,3.52737,0.733333,12
32.600000,60.40608,4.19659,0.800000,13
32.600000,61.10265,4.91382,1.113534,14
32.600000,61.55407,5.83125,1.184247,15
32.600000,61.93345,6.76333,1.255092,16
32.600000,62.24090,7.70459,1.326075,17
32.600000,62.47690,8.64965,1.397204,18
32.600000,62.64237,9.59324,1.200000,19
32.600000,62.97447,10.44745,1.266667,20
32.600000,63.24893,11.32189,1.069463,21
32.600000,63.70933,12.16199,1.140591,22
32.600000,64.11558,13.04732,1.211575,23
32.600000,64.46368,13.97431,1.533333,24
32.600000,64.49988,14.94012,1.570672,25
32.600000,64.50000,15.93806,1.570796,26
32.600000,64.50000,16.93806,1.570796,27
32.600000,64.50000,17.93806,1.570796,28
32.600000,64.50000,18.93806,1.570796,29
32.600000,64.50000,19.93806,1.570796,30
32.700000,48.72383,-2.83039,0.819134,0
32.700000,49.50000,-2.00000,0.451549,1
32.700000,50.54990,-1.49083,0.291712,2
32.700000,51.62229,-1.16882,0.361748,3
32.700000,52.65434,-0.77829,0.431885,4
32.700000,53.64174,-0.32319,0.502128,5
32.700000,54.58056,0.19228,0.572480,6
32.700000,55.46721,0.76370,0.642947,7
32.700000,56.29848,1.38643,0.466667,8
32.700000,57.19138,1.83626,0.533333,9
32.700000,58.05234,2.34457,0.600000,10
32.700000,58.87752,2.90911,0.666667,11
32.700000,59.66327,3.52737,0.733333,12
32.700000,60.40608,4.19659,0.800000,13
32.700000,61.10265,4.91382,1.113534,14
32.700000,61.55407,5.83125,1.184247,15
32.700000,61.93345,6.76333,1.255092,16
32.700000,62.24090,7.70459,1.326075,17
32.700000,62.47690,8.64965,1.397204,18
32.700000,62.64237,9.59324,1.200000,19
32.700000,62.97447,10.44745,1.266667,20
32.700000,63.24893,11.32189,1.069463,21
32.700000,63.70933,12.16199,1.140591,22
32.700000,64.11558,13.04732,1.211575,23
32.700000,64.46368,13.97431,1.533333,24
32.700000,64.49988,14.94012,1.570672,25
32.700000,64.50000,15.93806,1.570796,26
32.700000,64.50000,16.93806,1.570796,27
32.700000,64.50000,17.93806,1.570796,28
32.700000,64.50000,18.93806,1.570796,29
32.700000,64.50000,19.93806,1.570796,30
32.800000,48.82772,-2.77807,0.585964,0
32.800000,50.00000,-2.00000,0.454186,1
32.800000,51.09919,-1.46335,0.325045,2
32.800000,52.16025,-1.10577,0.604861,3
32.800000,53.12904,-0.43605,0.468794,4
32.800000,54.08452,0.04785,0.539146,5
32.800000,54.98972,0.58941,0.609613,6
32.800000,55.84128,1.18409,0.433333,7
32.800000,56.74868,1.60391,0.500000,8
32.800000,57.62610,2.08324,0.566667,9
32.800000,58.46964,2.61997,0.633333,10
32.800000,59.27555,3.21169,0.700000,11
32.800000,60.04025,3.85579,0.766667,12
32.800000,60.76034,4.54940,0.833333,13
32.800000,61.43263,5.28944,1.146867,14
32.800000,61.85322,6.22141,1.217580,15
32.800000,62.20133,7.16562,1.288425,16
32.800000,62.47723,8.11660,1.591655,17
32.800000,62.45515,9.17491,1.166667,18
32.800000,62.81554,10.01758,1.233333,19
32.800000,63.11898,10.88239,1.036130,20
32.800000,63.60713,11.70667,1.107258,21
32.800000,64.04266,12.57797,1.178241,22
32.800000,64.42146,13.49285,1.249086,23
32.800000,64.73965,14.44755,1.560348,24
32.800000,64.75000,15.43806,1.570796,25
32.800000,64.75000,16.43806,1.570796,26
32.800000,64.75000,17.43806,1.570796,27
32.800000,64.75000,18.43806,1.570796,28
32.800000,64.75000,19.43806,1.570796,29
32.800000,64.75000,20.43806,1.570796,30
32.900000,48.93204,-2.67323,0.562462,0
32.900000,50.00000,-2.00000,0.454186,1
32.900000,51.09919,-1.46335,0.325045,2
32.900000,52.16025,-1.10577,0.604861,3
32.900000,53.12904,-0.43605,0.468794,4
32.900000,54.08452,0.04785,0.539146,5
32.900000,54.98972,0.58941,0.609613,6
32.900000,55.84128,1.18409,0.433333,7
32.900000,56.74868,1.60391,0.500000,8
32.900000,57.62610,2.08324,0.566667,9
32.900000,58.46964,2.61997,0.633333,10
32.900000,59.27555,3.21169,0.700000,11
32.900000,60.04025,3.85579,0.766667,12
32.900000,60.76034,4.54940,0.833333,13
32.900000,61.43263,5.28944,1.146867,14
32.900000,61.85322,6.22141,1.217580,15
32.900000,62.20133,7.16562,1.288425,16
32.900000,62.47723,8.11660,1.591655,17
32.900000,62.45515,9.17491,1.166667,18
32.900000,62.81554,10.01758,1.233333,19
32.900000,63.11898,10.88239,1.036130,20
32.900000,63.60713,11.70667,1.107258,21
32.900000,64.04266,12.57797,1.178241,22
32.900000,64.42146,13.49285,1.249086,23
32.900000,64.73965,14.44755,1.560348,24
32.900000,64.75000,15.43806,1.570796,25
32.900000,64.75000,16.43806,1.570796,26
32.900000,64.75000,17.43806,1.570796,27
32.900000,64.75000,18.43806,1.570796,28
32.900000,64.75000,19.43806,1.570796,29
32.900000,64.75000,20.43806,1.570796,30
33.000000,49.03149,-2.62658,0.735615,0
33.000000,50.00000,-1.75000,0.459821,1
33.000000,51.08253,-1.21390,0.328415,2
33.000000,52.12702,-0.85799,0.398552,3
33.000000,53.12904,-0.43605,0.468794,4
33.000000,54.08452,0.04785,0.539146,5
33.000000,54.98972,0.58941,0.609613,6
33.000000,55.84128,1.18409,0.433333,7
33.000000,56.74868,1.60391,0.500000,8
33.000000,57.62610,2.08324,0.566667,9
33.000000,58.46964,2.61997,0.633333,10
33.000000,59.27555,3.21169,0.700000,11
33.000000,60.04025,3.85579,0.766667,12
33.000000,60.76034,4.54940,0.833333,13
33.000000,61.43263,5.28944,1.146867,14
33.000000,61.85322,6.22141,1.217580,15
33.000000,62.20133,7.16562,1.288425,16
33.000000,62.47723,8.11660,1.591655,17
33.000000,62.45515,9.17491,1.166667,18
33.000000,62.81554,10.01758,1.233333,19
33.000000,63.11898,10.88239,1.036130,20
33.000000,63.60713,11.70667,1.107258,21
33.000000,64.04266,12.57797,1.178241,22
33.000000,64.42146,13.49285,1.249086,23
33.000000,64.73965,14.44755,1.560348,24
33.000000,64.75000,15.43806,1.570796,25
33.000000,64.75000,16.43806,1.570796,26
33.000000,64.75000,17.43806,1.570796,27
33.000000,64.75000,18.43806,1.570796,28
33.000000,64.75000,19.43806,1.570796,29
33.000000,64.75000,20.43806,1.570796,30
33.100000,49.16642,-2.54893,0.764176,0
33.100000,50.00000,-1.75000,0.459821,1
33.100000,51.08253,-1.21390,0.328415,2
33.100000,52.12702,-0.85799,0.398552,3
33.100000,53.12904,-0.43605,0.468794,4
33.100000,54.08452,0.04785,0.539146,5
33.100000,54.98972,0.58941,0.609613,6
33.100000,55.84128,1.18409,0.433333,7
33.100000,56.74868,1.60391,0.500000,8
33.100000,57.62610,2.08324,0.566667,9
33.100000,58.46964,2.61997,0.633333,10
33.100000,59.27555,3.21169,0.700000,11
33.100000,60.04025,3.85579,0.766667,12
33.100000,60.76034,4.54940,0.833333,13
33.100000,61.43263,5.28944,1.146867,14
33.100000,61.85322,6.22141,1.217580,15
33.100000,62.20133,7.16562,1.288425,16
33.100000,62.47723,8.11660,1.591655,17
33.100000,62.45515,9.17491,1.166667,18
33.100000,62.81554,10.01758,1.233333,19
33.100000,63.11898,10.88239,1.036130,20
33.100000,63.60713,11.70667,1.107258,21
33.100000,64.04266,12.57797,1.178241,22
33.100000,64.42146,13.49285,1.249086,23
33.100000,64.73965,14.44755,1.560348,24
33.100000,64.75000,15.43806,1.570796,25
33.100000,64.75000,16.43806,1.570796,26
33.100000,64.75000,17.43806,1.570796,27
33.100000,64.75000,18.43806,1.570796,28
33.100000,64.75000,19.43806,1.570796,29
33.100000,64.75000,20.43806,1.570796,30
33.200000,49.26587,-2.50468,0.533886,0
33.200000,50.55823,-1.74070,0.493155,1
33.200000,51.62229,-1.16882,0.571528,2
33.200000,52.61286,-0.53176,0.435461,3
33.200000,53.58394,-0.07997,0.505813,4
33.200000,54.50668,0.43112,0.576280,5
33.200000,55.37759,0.99709,0.400000,6
33.200000,56.29848,1.38643,0.466667,7
33.200000,57.19138,1.83626,0.533333,8
33.200000,58.05234,2.34457,0.600000,9
33.200000,58.87752,2.90911,0.666667,10
33.200000,59.66327,3.52737,0.733333,11
33.200000,60.40608,4.19659,0.800000,12
33.200000,61.10265,4.91382,1.113534,13
33.200000,61.55407,5.83125,1.184247,14
33.200000,61.93345,6.76333,1.255092,15
33.200000,62.24090,7.70459,1.326075,16
33.200000,62.47690,8.64965,1.632524,17
33.200000,62.41251,9.69155,1.200000,18
33.200000,62.73857,10.53023,0.998182,19
33.200000,63.24893,11.32189,1.069463,20
33.200000,63.70933,12.16199,1.140591,21
33.200000,64.11558,13.04732,1.211575,22
33.200000,64.46368,13.97431,1.282420,23
33.200000,64.74987,14.93909,1.570670,24
33.200000,64.75000,15.93806,1.570796,25
33.200000,64.75000,16.93806,1.570796,26
33.200000,64.75000,17.93806,1.570796,27
33.200000,64.75000,18.93806,1.570796,28
33.200000,64.75000,19.93806,1.570796,29
33.200000,64.75000,20.93806,1.570796,30
33.300000,49.39013,-2.44008,0.539490,0
33.300000,50.55823,-1.74070,0.493155,1
33.300000,51.62229,-1.16882,0.361748,2
33.300000,52.65434,-0.77829,0.431885,3
33.300000,53.64174,-0.32319,0.502128,4
33.300000,54.58056,0.19228,0.572480,5
33.300000,55.46721,0.76370,0.642947,6
33.300000,56.29848,1.38643,0.466667,7
33.300000,57.19138,1.83626,0.533333,8
33.300000,58.05234,2.34457,0.600000,9
33.300000,58.87752,2.90911,0.666667,10
33.300000,59.66327,3.52737,0.733333,11
33.300000,60.40608,4.19659,0.800000,12
33.300000,61.10265,4.91382,1.113534,13
33.300000,61.55407,5.83125,1.184247,14
33.300000,61.93345,6.76333,1.255092,15
33.300000,62.24090,7.70459,1.326075,16
33.300000,62.47690,8.64965,1.632524,17
33.300000,62.41251,9.69155,1.200000,18
33.300000,62.73857,10.53023,0.998182,19
33.300000,63.24893,11.32189,1.069463,20
33.300000,63.70933,12.16199,1.140591,21
33.300000,64.11558,13.04732,1.211575,22
33.300000,64.46368,13.97431,1.282420,23
33.300000,64.74987,14.93909,1.570670,24
33.300000,64.75000,15.93806,1.570796,25
33.300000,64.75000,16.93806,1.570796,26
33.300000,64.75000,17.93806,1.570796,27
33.300000,64.75000,18.93806,1.570796,28
33.300000,64.75000,19.93806,1.570796,29
33.300000,64.75000,20.93806,1.570796,30
33.400000,49.49801,-2.38282,0.703326,0
33.400000,50.54990,-1.49083,0.291712,1
33.400000,51.62229,-1.16882,0.571528,2
33.400000,52.61286,-0.53176,0.435461,3
33.400000,53.58394,-0.07997,0.505813,4
33.400000,54.50668,0.43112,0.576280,5
33.400000,55.37759,0.99709,0.400000,6
33.400000,56.29848,1.38643,0.466667,7
33.400000,57.19138,1.83626,0.533333,8
33.400000,58.05234,2.34457,0.600000,9
33.400000,58.87752,2.90911,0.666667,10
33.400000,59.66327,3.52737,0.733333,11
33.400000,60.40608,4.19659,0.800000,12
33.400000,61.10265,4.91382,1.113534,13
33.400000,61.55407,5.83125,1.184247,14
33.400000,61.93345,6.76333,1.255092,15
33.400000,62.24090,7.70459,1.326075,16
33.400000,62.47690,8.64965,1.632524,17
33.400000,62.41251,9.69155,1.200000,18
33.400000,62.73857,10.53023,0.998182,19
33.400000,63.24893,11.32189,1.069463,20
33.400000,63.70933,12.16199,1.140591,21
33.400000,64.11558,13.04732,1.211575,22
33.400000,64.46368,13.97431,1.282420,23
33.400000,64.74987,14.93909,1.570670,24
33.400000,64.75000,15.93806,1.570796,25
33.400000,64.75000,16.93806,1.570796,26
33.400000,64.75000,17.93806,1.570796,27
33.400000,64.75000,18.93806,1.570796,28
33.400000,64.75000,19.93806,1.570796,29
33.400000,64.75000,20.93806,1.570796,30
33.500000,49.59767,-2.32905,0.721801,0
33.500000,50.54990,-1.49083,0.291712,1
33.500000,51.62229,-1.16882,0.571528,2
33.500000,52.61286,-0.53176,0.435461,3
33.500000,53.58394,-0.07997,0.505813,4
33.500000,54.50668,0.43112,0.576280,5
33.500000,55.37759,0.99709,0.400000,6
33.500000,56.29848,1.38643,0.466667,7
33.500000,57.19138,1.83626,0.533333,8
33.500000,58.05234,2.34457,0.600000,9
33.500000,58.87752,2.90911,0.666667,10
33.500000,59.66327,3.52737,0.733333,11
33.500000,60.40608,4.19659,0.800000,12
33.500000,61.10265,4.91382,1.113534,13
33.500000,61.55407,5.83125,1.184247,14
33.500000,61.93345,6.76333,1.255092,15
33.500000,62.24090,7.70459,1.558322,16
33.500000,62.25410,8.76305,1.401818,17
33.500000,62.41251,9.69155,1.200000,18
33.500000,62.73857,10.53023,0.998182,19
33.500000,63.24893,11.32189,1.069463,20
33.500000,63.70933,12.16199,1.140591,21
33.500000,64.11558,13.04732,1.211575,22
33.500000,64.46368,13.97431,1.282420,23
33.500000,64.74987,14.93909,1.570670,24
33.500000,64.75000,15.93806,1.570796,25
33.500000,64.75000,16.93806,1.570796,26
33.500000,64.75000,17.93806,1.570796,27
33.500000,64.75000,18.93806,1.570796,28
33.500000,64.75000,19.93806,1.570796,29
33.500000,64.75000,20.93806,1.570796,30
33.600000,49.78270,-2.24839,0.537710,0
33.600000,51.09919,-1.46335,0.325045,1
33.600000,52.16025,-1.10577,0.604861,2
33.600000,53.12904,-0.43605,0.468794,3
33.600000,54.08452,0.04785,0.539146,4
33.600000,54.98972,0.58941,0.609613,5
33.600000,55.84128,1.18409,0.433333,6
33.600000,56.74868,1.60391,0.500000,7
33.600000,57.62610,2.08324,0.566667,8
33.600000,58.46964,2.61997,0.633333,9
33.600000,59.27555,3.21169,0.700000,10
33.600000,60.04025,3.85579,0.766667,11
33.600000,60.76034,4.54940,0.833333,12
33.600000,61.43263,5.28944,1.146867,13
33.600000,61.85322,6.22141,1.217580,14
33.600000,62.20133,7.16562,1.288425,15
33.600000,62.47723,8.11660,1.591655,16
33.600000,62.45515,9.17491,1.166667,17
33.600000,62.81554,10.01758,1.233333,18
33.600000,63.11898,10.88239,1.036130,19
33.600000,63.60713,11.70667,1.107258,20
33.600000,64.04266,12.57797,1.178241,21
33.600000,64.42146,13.49285,1.249086,22
33.600000,64.73965,14.44755,1.560348,23
33.600000,64.75000,15.43806,1.570796,24
33.600000,64.75000,16.43806,1.570796,25
33.600000,64.75000,17.43806,1.570796,26
33.600000,64.75000,18.43806,1.570796,27
33.600000,64.75000,19.43806,1.570796,28
33.600000,64.75000,20.43806,1.570796,29
33.600000,64.75000,21.43806,1.570796,30
33.700000,49.91963,-2.19841,0.557279,0
33.700000,51.09919,-1.46335,0.325045,1
33.700000,52.16025,-1.10577,0.604861,2
33.700000,53.12904,-0.43605,0.468794,3
33.700000,54.08452,0.04785,0.539146,4
33.700000,54.98972,0.58941,0.609613,5
33.700000,55.84128,1.18409,0.433333,6
33.700000,56.74868,1.60391,0.500000,7
33.700000,57.62610,2.08324,0.566667,8
33.700000,58.46964,2.61997,0.633333,9
33.700000,59.27555,3.21169,0.700000,10
33.700000,60.04025,3.85579,0.766667,11
33.700000,60.76034,4.54940,0.833333,12
33.700000,61.43263,5.28944,1.146867,13
33.700000,61.85322,6.22141,1.217580,14
33.700000,62.20133,7.16562,1.288425,15
33.700000,62.47723,8.11660,1.591655,16
33.700000,62.45515,9.17491,1.166667,17
33.700000,62.81554,10.01758,1.233333,18
33.700000,63.11898,10.88239,1.036130,19
33.700000,63.60713,11.70667,1.107258,20
33.700000,64.04266,12.57797,1.178241,21
33.700000,64.42146,13.49285,1.249086,22
33.700000,64.73965,14.44755,1.560348,23
33.700000,64.75000,15.43806,1.570796,24
33.700000,64.75000,16.43806,1.570796,25
33.700000,64.75000,17.43806,1.570796,26
33.700000,64.75000,18.43806,1.570796,27
33.700000,64.75000,19.43806,1.570796,28
33.700000,64.75000,20.43806,1.570796,29
33.700000,64.75000,21.43806,1.570796,30
33.800000,50.07190,-2.11592,0.565928,0
33.800000,51.09919,-1.46335,0.325045,1
33.800000,52.16025,-1.10577,0.604861,2
33.800000,53.12904,-0.43605,0.468794,3
33.800000,54.08452,0.04785,0.539146,4
33.800000,54.98972,0.58941,0.609613,5
33.800000,55.84128,1.18409,0.433333,6
33.800000,56.74868,1.60391,0.500000,7
33.800000,57.62610,2.08324,0.566667,8
33.800000,58.46964,2.61997,0.633333,9
33.800000,59.27555,3.21169,0.700000,10
33.800000,60.04025,3.85579,0.766667,11
33.800000,60.76034,4.54940,0.833333,12
33.800000,61.43263,5.28944,1.146867,13
33.800000,61.85322,6.22141,1.217580,14
33.800000,62.20133,7.16562,1.288425,15
33.800000,62.47723,8.11660,1.591655,16
33.800000,62.45515,9.17491,1.166667,17
33.800000,62.81554,10.01758,1.233333,18
33.800000,63.11898,10.88239,1.036130,19
33.800000,63.60713,11.70667,1.107258,20
33.800000,64.04266,12.57797,1.178241,21
33.800000,64.42146,13.49285,1.249086,22
33.800000,64.73965,14.44755,1.560348,23
33.800000,64.75000,15.43806,1.570796,24
33.800000,64.75000,16.43806,1.570796,25
33.800000,64.75000,17.43806,1.570796,26
33.800000,64.75000,18.43806,1.570796,27
33.800000,64.75000,19.43806,1.570796,28
33.800000,64.75000,20.43806,1.570796,29
33.800000,64.75000,21.43806,1.570796,30
33.900000,50.25206,-2.06801,0.619911,0
33.900000,51.09919,-1.46335,0.325045,1
33.900000,52.16025,-1.10577,0.604861,2
33.900000,53.12904,-0.43605,0.468794,3
33.900000,54.08452,0.04785,0.539146,4
33.900000,54.98972,0.58941,0.609613,5
33.900000,55.84128,1.18409,0.433333,6
33.900000,56.74868,1.60391,0.500000,7
33.900000,57.62610,2.08324,0.566667,8
33.900000,58.46964,2.61997,0.633333,9
33.900000,59.27555,3.21169,0.700000,10
33.900000,60.04025,3.85579,0.766667,11
33.900000,60.76034,4.54940,0.833333,12
33.900000,61.43263,5.28944,1.146867,13
33.900000,61.85322,6.22141,1.217580,14
33.900000,62.20133,7.16562,1.288425,15
33.900000,62.47723,8.11660,1.591655,16
33.900000,62.45515,9.17491,1.166667,17
33.900000,62.81554,10.01758,1.233333,18
33.900000,63.11898,10.88239,1.036130,19
33.900000,63.60713,11.70667,1.107258,20
33.900000,64.04266,12.57797,1.178241,21
33.900000,64.42146,13.49285,1.249086,22
33.900000,64.73965,14.44755,1.560348,23
33.900000,64.75000,15.43806,1.570796,24
33.900000,64.75000,16.43806,1.570796,25
33.900000,64.75000,17.43806,1.570796,26
33.900000,64.75000,18.43806,1.570796,27
33.900000,64.75000,19.43806,1.570796,28
33.900000,64.75000,20.43806,1.570796,29
33.900000,64.75000,21.43806,1.570796,30
34.000000,50.39490,-2.02182,0.607344,0
34.000000,51.62229,-1.16882,0.571528,1
34.000000,52.61286,-0.53176,0.435461,2
34.000000,53.58394,-0.07997,0.505813,3
34.000000,54.50668,0.43112,0.576280,4
34.000000,55.37759,0.99709,0.400000,5
34.000000,56.29848,1.38643,0.466667,6
34.000000,57.19138,1.83626,0.533333,7
34.000000,58.05234,2.34457,0.600000,8
34.000000,58.87752,2.90911,0.666667,9
34.000000,59.66327,3.52737,0.733333,10
34.000000,60.40608,4.19659,0.800000,11
34.000000,61.10265,4.91382,1.113534,12
34.000000,61.55407,5.83125,1.184247,13
34.000000,61.93345,6.76333,1.255092,14
34.000000,62.24090,7.70459,1.558322,15
34.000000,62.25410,8.76305,1.401818,16
34.000000,62.41251,9.69155,1.200000,17
34.000000,62.73857,10.53023,0.998182,18
34.000000,63.24893,11.32189,1.069463,19
34.000000,63.70933,12.16199,1.140591,20
34.000000,64.11558,13.04732,1.211575,21
34.000000,64.46368,13.97431,1.282420,22
34.000000,64.74987,14.93909,1.570670,23
34.000000,64.75000,15.93806,1.570796,24
34.000000,64.75000,16.93806,1.570796,25
34.000000,64.75000,17.93806,1.570796,26
34.000000,64.75000,18.93806,1.570796,27
34.000000,64.75000,19.93806,1.570796,28
34.000000,64.75000,20.93806,1.570796,29
34.000000,64.75000,21.93806,1.570796,30
34.102000,50.60505,-1.90857,0.628762,0
34.102000,51.62229,-1.16882,0.361748,1
34.102000,52.65434,-0.77829,0.431885,2
34.102000,53.64174,-0.32319,0.502128,3
34.102000,54.58056,0.19228,0.572480,4
34.102000,55.46721,0.76370,0.642947,5
34.102000,56.29848,1.38643,0.466667,6
34.102000,57.19138,1.83626,0.533333,7
34.102000,58.05234,2.34457,0.600000,8
34.102000,58.87752,2.90911,0.666667,9
34.102000,59.66327,3.52737,0.733333,10
34.102000,60.40608,4.19659,0.800000,11
34.102000,61.10265,4.91382,1.113534,12
34.102000,61.55407,5.83125,1.184247,13
34.102000,61.93345,6.76333,1.255092,14
34.102000,62.24090,7.70459,1.326075,15
34.102000,62.47690,8.64965,1.632524,16
34.102000,62.41251,9.69155,1.200000,17
34.102000,62.73857,10.53023,0.998182,18
34.102000,63.24893,11.32189,1.069463,19
34.102000,63.70933,12.16199,1.140591,20
34.102000,64.11558,13.04732,1.211575,21
34.102000,64.46368,13.97431,1.282420,22
34.102000,64.74987,14.93909,1.570670,23
34.102000,64.75000,15.93806,1.570796,24
34.102000,64.75000,16.93806,1.570796,25
34.102000,64.75000,17.93806,1.570796,26
34.102000,64.75000,18.93806,1.570796,27
34.102000,64.75000,19.93806,1.570796,28
34.102000,64.75000,20.93806,1.570796,29
34.102000,64.75000,21.93806,1.570796,30
34.200000,50.77056,-1.86915,0.688161,0
34.200000,51.62229,-1.16882,0.361748,1
34.200000,52.65434,-0.77829,0.431885,2
34.200000,53.64174,-0.32319,0.502128,3
34.200000,54.58056,0.19228,0.572480,4
34.200000,55.46721,0.76370,0.642947,5
34.200000,56.29848,1.38643,0.466667,6
34.200000,57.19138,1.83626,0.533333,7
34.200000,58.05234,2.34457,0.600000,8
34.200000,58.87752,2.90911,0.666667,9
34.200000,59.66327,3.52737,0.733333,10
34.200000,60.40608,4.19659,0.800000,11
34.200000,61.10265,4.91382,1.113534,12
34.200000,61.55407,5.83125,1.184247,13
34.200000,61.93345,6.76333,1.255092,14
34.200000,62.24090,7.70459,1.558322,15
34.200000,62.25410,8.76305,1.401818,16
34.200000,62.41251,9.69155,1.200000,17
34.200000,62.73857,10.53023,0.998182,18
34.200000,63.24893,11.32189,1.069463,19
34.200000,63.70933,12.16199,1.140591,20
34.200000,64.11558,13.04732,1.211575,21
34.200000,64.46368,13.97431,1.282420,22
34.200000,64.74987,14.93909,1.570670,23
34.200000,64.75000,15.93806,1.570796,24
34.200000,64.75000,16.93806,1.570796,25
34.200000,64.75000,17.93806,1.570796,26
34.200000,64.75000,18.93806,1.570796,27
34.200000,64.75000,19.93806,1.570796,28
34.200000,64.75000,20.93806,1.570796,29
34.200000,64.75000,21.93806,1.570796,30
34.302000,50.96060,-1.78482,0.515070,0
34.302000,52.16025,-1.10577,0.604861,1
34.302000,53.12904,-0.43605,0.468794,2
34.302000,54.08452,0.04785,0.539146,3
34.302000,54.98972,0.58941,0.609613,4
34.302000,55.84128,1.18409,0.433333,5
34.302000,56.74868,1.60391,0.500000,6
34.302000,57.62610,2.08324,0.566667,7
34.302000,58.46964,2.61997,0.633333,8
34.302000,59.27555,3.21169,0.700000,9
34.302000,60.04025,3.85579,0.766667,10
34.302000,60.76034,4.54940,1.080200,11
34.302000,61.24209,5.45128,1.150914,12
34.302000,61.65232,6.37020,1.221759,13
34.302000,61.99096,7.30069,1.292742,14
34.302000,62.25833,8.23736,1.599191,15
34.302000,62.22870,9.28082,1.166667,16
34.302000,62.58253,10.10817,1.233333,17
34.302000,62.88046,10.95725,1.031515,18
34.302000,63.36415,11.76548,1.102796,19
34.302000,63.79630,12.62046,1.173925,20
34.302000,64.17281,13.51883,1.244908,21
34.302000,64.48983,14.45691,1.311587,22
34.302000,64.75000,15.43806,1.570796,23
34.302000,64.75000,16.43806,1.570796,24
34.302000,64.75000,17.43806,1.570796,25
34.302000,64.75000,18.43806,1.570796,26
34.302000,64.75000,19.43806,1.570796,27
34.302000,64.75000,20.43806,1.570796,28
34.302000,64.75000,21.43806,1.570796,29
34.302000,64.75000,22.43806,1.570796,30
34.402000,51.16429,-1.66880,0.514521,0
34.402000,52.16025,-1.10577,0.604861,1
34.402000,53.12904,-0.43605,0.468794,2
34.402000,54.08452,0.04785,0.539146,3
34.402000,54.98972,0.58941,0.609613,4
34.402000,55.84128,1.18409,0.433333,5
34.402000,56.74868,1.60391,0.500000,6
34.402000,57.62610,2.08324,0.566667,7
34.402000,58.46964,2.61997,0.633333,8
34.402000,59.27555,3.21169,0.700000,9
34.402000,60.04025,3.85579,0.766667,10
34.402000,60.76034,4.54940,0.833333,11
34.402000,61.43263,5.28944,1.146867,12
34.402000,61.85322,6.22141,1.217580,13
34.402000,62.20133,7.16562,1.288425,14
34.402000,62.47723,8.11660,1.591655,15
34.402000,62.45515,9.17491,1.166667,16
34.402000,62.81554,10.01758,1.233333,17
34.402000,63.11898,10.88239,1.036130,18
34.402000,63.60713,11.70667,1.107258,19
34.402000,64.04266,12.57797,1.178241,20
34.402000,64.42146,13.49285,1.249086,21
34.402000,64.73965,14.44755,1.560348,22
34.402000,64.75000,15.43806,1.570796,23
34.402000,64.75000,16.43806,1.570796,24
34.402000,64.75000,17.43806,1.570796,25
34.402000,64.75000,18.43806,1.570796,26
34.402000,64.75000,19.43806,1.570796,27
34.402000,64.75000,20.43806,1.570796,28
34.402000,64.75000,21.43806,1.570796,29
34.402000,64.75000,22.43806,1.570796,30
34.502000,51.33913,-1.60060,0.542348,0
34.502000,52.16025,-1.10577,0.604861,1
34.502000,53.12904,-0.43605,0.468794,2
34.502000,54.08452,0.04785,0.539146,3
34.502000,54.98972,0.58941,0.609613,4
34.502000,55.84128,1.18409,0.433333,5
34.502000,56.74868,1.60391,0.500000,6
34.502000,57.62610,2.08324,0.566667,7
34.502000,58.46964,2.61997,0.633333,8
34.502000,59.27555,3.21169,0.700000,9
34.502000,60.04025,3.85579,0.766667,10
34.502000,60.76034,4.54940,0.833333,11
34.502000,61.43263,5.28944,1.146867,12
34.502000,61.85322,6.22141,1.217580,13
34.502000,62.20133,7.16562,1.288425,14
34.502000,62.47723,8.11660,1.591655,15
34.502000,62.45515,9.17491,1.166667,16
34.502000,62.81554,10.01758,1.233333,17
34.502000,63.11898,10.88239,1.036130,18
34.502000,63.60713,11.70667,1.107258,19
34.502000,64.04266,12.57797,1.178241,20
34.502000,64.42146,13.49285,1.249086,21
34.502000,64.73965,14.44755,1.560348,22
34.502000,64.75000,15.43806,1.570796,23
34.502000,64.75000,16.43806,1.570796,24
34.502000,64.75000,17.43806,1.570796,25
34.502000,64.75000,18.43806,1.570796,26
34.502000,64.75000,19.43806,1.570796,27
34.502000,64.75000,20.43806,1.570796,28
34.502000,64.75000,21.43806,1.570796,29
34.502000,64.75000,22.43806,1.570796,30
34.600000,51.49795,-1.47355,0.541324,0
34.600000,52.65434,-0.77829,0.431885,1
34.600000,53.64174,-0.32319,0.502128,2
34.600000,54.58056,0.19228,0.572480,3
34.600000,55.46721,0.76370,0.642947,4
34.600000,56.29848,1.38643,0.466667,5
34.600000,57.19138,1.83626,0.533333,6
34.600000,58.05234,2.34457,0.600000,7
34.600000,58.87752,2.90911,0.666667,8
34.600000,59.66327,3.52737,0.733333,9
34.600000,60.40608,4.19659,0.800000,10
34.600000,61.10265,4.91382,1.113534,11
34.600000,61.55407,5.83125,1.184247,12
34.600000,61.93345,6.76333,1.255092,13
34.600000,62.24090,7.70459,1.326075,14
34.600000,62.47690,8.64965,1.632524,15
34.600000,62.41251,9.69155,1.200000,16
34.600000,62.73857,10.53023,0.998182,17
34.600000,63.24893,11.32189,1.069463,18
34.600000,63.70933,12.16199,1.140591,19
34.600000,64.11558,13.04732,1.211575,20
34.600000,64.46368,13.97431,1.282420,21
34.600000,64.74987,14.93909,1.570670,22
34.600000,64.75000,15.93806,1.570796,23
34.600000,64.75000,16.93806,1.570796,24
34.600000,64.75000,17.93806,1.570796,25
34.600000,64.75000,18.93806,1.570796,26
34.600000,64.75000,19.93806,1.570796,27
34.600000,64.75000,20.93806,1.570796,28
34.600000,64.75000,21.93806,1.570796,29
34.600000,64.75000,22.93806,1.570796,30
34.702000,51.68688,-1.37624,0.553594,0
34.702000,52.65434,-0.77829,0.431885,1
34.702000,53.64174,-0.32319,0.502128,2
34.702000,54.58056,0.19228,0.572480,3
34.702000,55.46721,0.76370,0.642947,4
34.702000,56.29848,1.38643,0.466667,5
34.702000,57.19138,1.83626,0.533333,6
34.702000,58.05234,2.34457,0.600000,7
34.702000,58.87752,2.90911,0.666667,8
34.702000,59.66327,3.52737,0.733333,9
34.702000,60.40608,4.19659,0.800000,10
34.702000,61.10265,4.91382,1.113534,11
34.702000,61.55407,5.83125,1.184247,12
34.702000,61.93345,6.76333,1.255092,13
34.702000,62.24090,7.70459,1.326075,14
34.702000,62.47690,8.64965,1.632524,15
34.702000,62.41251,9.69155,1.200000,16
34.702000,62.73857,10.53023,0.998182,17
34.702000,63.24893,11.32189,1.069463,18
34.702000,63.70933,12.16199,1.140591,19
34.702000,64.11558,13.04732,1.211575,20
34.702000,64.46368,13.97431,1.282420,21
34.702000,64.74987,14.93909,1.570670,22
34.702000,64.75000,15.93806,1.570796,23
34.702000,64.75000,16.93806,1.570796,24
34.702000,64.75000,17.93806,1.570796,25
34.702000,64.75000,18.93806,1.570796,26
34.702000,64.75000,19.93806,1.570796,27
34.702000,64.75000,20.93806,1.570796,28
34.702000,64.75000,21.93806,1.570796,29
34.702000,64.75000,22.93806,1.570796,30
34.800000,51.86756,-1.24436,0.762974,0
34.800000,52.61286,-0.53176,0.435461,1
34.800000,53.58394,-0.07997,0.505813,2
34.800000,54.50668,0.43112,0.576280,3
34.800000,55.37759,0.99709,0.400000,4
34.800000,56.29848,1.38643,0.466667,5
34.800000,57.19138,1.83626,0.533333,6
34.800000,58.05234,2.34457,0.600000,7
34.800000,58.87752,2.90911,0.666667,8
34.800000,59.66327,3.52737,0.733333,9
34.800000,60.40608,4.19659,0.800000,10
34.800000,61.10265,4.91382,1.113534,11
34.800000,61.55407,5.83125,1.184247,12
34.800000,61.93345,6.76333,1.255092,13
34.800000,62.24090,7.70459,1.326075,14
34.800000,62.47690,8.64965,1.397204,15
34.800000,62.64237,9.59324,1.200000,16
34.800000,62.97447,10.44745,1.266667,17
34.800000,63.24893,11.32189,1.069463,18
34.800000,63.70933,12.16199,1.140591,19
34.800000,64.11558,13.04732,1.211575,20
34.800000,64.46368,13.97431,1.282420,21
34.800000,64.74987,14.93909,1.570670,22
34.800000,64.75000,15.93806,1.570796,23
34.800000,64.75000,16.93806,1.570796,24
34.800000,64.75000,17.93806,1.570796,25
34.800000,64.75000,18.93806,1.570796,26
34.800000,64.75000,19.93806,1.570796,27
34.800000,64.75000,20.93806,1.570796,28
34.800000,64.75000,21.93806,1.570796,29
34.800000,64.75000,22.93806,1.570796,30
34.900000,52.02207,-1.07078,0.520623,0
34.900000,53.12904,-0.43605,0.468794,1
34.900000,54.08452,0.04785,0.539146,2
34.900000,54.98972,0.58941,0.609613,3
34.900000,55.84128,1.18409,0.433333,4
34.900000,56.74868,1.60391,0.500000,5
34.900000,57.62610,2.08324,0.566667,6
34.900000,58.46964,2.61997,0.633333,7
34.900000,59.27555,3.21169,0.700000,8
34.900000,60.04025,3.85579,0.766667,9
34.900000,60.76034,4.54940,0.833333,10
34.900000,61.43263,5.28944,1.146867,11
34.900000,61.85322,6.22141,1.217580,12
34.900000,62.20133,7.16562,1.288425,13
34.900000,62.47723,8.11660,1.591655,14
34.900000,62.45515,9.17491,1.166667,15
34.900000,62.81554,10.01758,1.233333,16
34.900000,63.11898,10.88239,1.036130,17
34.900000,63.60713,11.70667,1.107258,18
34.900000,64.04266,12.57797,1.178241,19
34.900000,64.42146,13.49285,1.249086,20
34.900000,64.73965,14.44755,1.560348,21
34.900000,64.75000,15.43806,1.570796,22
34.900000,64.75000,16.43806,1.570796,23
34.900000,64.75000,17.43806,1.570796,24
34.900000,64.75000,18.43806,1.570796,25
34.900000,64.75000,19.43806,1.570796,26
34.900000,64.75000,20.43806,1.570796,27
34.900000,64.75000,21.43806,1.570796,28
34.900000,64.75000,22.43806,1.570796,29
34.900000,64.75000,23.43806,1.570796,30
35.000000,52.18410,-0.91442,0.679606,0
35.000000,53.07937,-0.19103,0.472480,1
35.000000,54.01864,0.28902,0.542947,2
35.000000,54.90792,0.82565,0.366667,3
35.000000,55.84128,1.18409,0.433333,4
35.000000,56.74868,1.60391,0.500000,5
35.000000,57.62610,2.08324,0.566667,6
35.000000,58.46964,2.61997,0.633333,7
35.000000,59.27555,3.21169,0.700000,8
35.000000,60.04025,3.85579,0.766667,9
35.000000,60.76034,4.54940,0.833333,10
35.000000,61.43263,5.28944,1.146867,11
35.000000,61.85322,6.22141,1.217580,12
35.000000,62.20133,7.16562,1.288425,13
35.000000,62.47723,8.11660,1.591655,14
35.000000,62.45515,9.17491,1.166667,15
35.000000,62.81554,10.01758,1.233333,16
35.000000,63.11898,10.88239,1.036130,17
35.000000,63.60713,11.70667,1.107258,18
35.000000,64.04266,12.57797,1.178241,19
35.000000,64.42146,13.49285,1.249086,20
35.000000,64.73965,14.44755,1.560348,21
35.000000,64.75000,15.43806,1.570796,22
35.000000,64.75000,16.43806,1.570796,23
35.000000,64.75000,17.43806,1.570796,24
35.000000,64.75000,18.43806,1.570796,25
35.000000,64.75000,19.43806,1.570796,26
35.000000,64.75000,20.43806,1.570796,27
35.000000,64.75000,21.43806,1.570796,28
35.000000,64.75000,22.43806,1.570796,29
35.000000,64.75000,23.43806,1.570796,30
35.100000,52.34969,-0.74104,0.645909,0
35.100000,53.07937,-0.19103,0.472480,1
35.100000,54.01864,0.28902,0.542947,2
35.100000,54.90792,0.82565,0.366667,3
35.100000,55.84128,1.18409,0.433333,4
35.100000,56.74868,1.60391,0.500000,5
35.100000,57.62610,2.08324,0.566667,6
35.100000,58.46964,2.61997,0.633333,7
35.100000,59.27555,3.21169,0.700000,8
35.100000,60.04025,3.85579,0.766667,9
35.100000,60.76034,4.54940,1.080200,10
35.100000,61.24209,5.45128,1.150914,11
35.100000,61.65232,6.37020,1.221759,12
35.100000,61.99096,7.30069,1.292742,13
35.100000,62.25833,8.23736,1.599191,14
35.100000,62.22870,9.28082,1.166667,15
35.100000,62.58253,10.10817,1.233333,16
35.100000,62.88046,10.95725,1.031515,17
35.100000,63.36415,11.76548,1.102796,18
35.100000,63.79630,12.62046,1.173925,19
35.100000,64.17281,13.51883,1.244908,20
35.100000,64.48983,14.45691,1.311587,21
35.100000,64.75000,15.43806,1.570796,22
35.100000,64.75000,16.43806,1.570796,23
35.100000,64.75000,17.43806,1.570796,24
35.100000,64.75000,18.43806,1.570796,25
35.100000,64.75000,19.43806,1.570796,26
35.100000,64.75000,20.43806,1.570796,27
35.100000,64.75000,21.43806,1.570796,28
35.100000,64.75000,22.43806,1.570796,29
35.100000,64.75000,23.43806,1.570796,30
35.200000,52.50891,-0.57719,0.629210,0
35.200000,53.52613,0.16326,0.509613,1
35.200000,54.43280,0.66995,0.333333,2
35.200000,55.37759,0.99709,0.400000,3
35.200000,56.29848,1.38643,0.466667,4
35.200000,57.19138,1.83626,0.533333,5
35.200000,58.05234,2.34457,0.600000,6
35.200000,58.87752,2.90911,0.666667,7
35.200000,59.66327,3.52737,0.733333,8
35.200000,60.40608,4.19659,0.800000,9
35.200000,61.10265,4.91382,1.113534,10
35.200000,61.55407,5.83125,1.184247,11
35.200000,61.93345,6.76333,1.255092,12
35.200000,62.24090,7.70459,1.326075,13
35.200000,62.47690,8.64965,1.397204,14
35.200000,62.64237,9.59324,1.200000,15
35.200000,62.97447,10.44745,1.266667,16
35.200000,63.24893,11.32189,1.069463,17
35.200000,63.70933,12.16199,1.140591,18
35.200000,64.11558,13.04732,1.211575,19
35.200000,64.46368,13.97431,1.533333,20
35.200000,64.49988,14.94012,1.570672,21
35.200000,64.50000,15.93806,1.570796,22
35.200000,64.50000,16.93806,1.570796,23
35.200000,64.50000,17.93806,1.570796,24
35.200000,64.50000,18.93806,1.570796,25
35.200000,64.50000,19.93806,1.570796,26
35.200000,64.50000,20.93806,1.570796,27
35.200000,64.50000,21.93806,1.570796,28
35.200000,64.50000,22.93806,1.815775,29
35.200000,64.25000,23.93806,1.815775,30
35.300000,52.66570,-0.38962,0.571128,0
35.300000,53.52613,0.16326,0.509613,1
35.300000,54.43280,0.66995,0.333333,2
35.300000,55.37759,0.99709,0.400000,3
35.300000,56.29848,1.38643,0.466667,4
35.300000,57.19138,1.83626,0.533333,5
35.300000,58.05234,2.34457,0.600000,6
35.300000,58.87752,2.90911,0.666667,7
35.300000,59.66327,3.52737,0.733333,8
35.300000,60.40608,4.19659,0.800000,9
35.300000,61.10265,4.91382,1.113534,10
35.300000,61.55407,5.83125,1.184247,11
35.300000,61.93345,6.76333,1.255092,12
35.300000,62.24090,7.70459,1.326075,13
35.300000,62.47690,8.64965,1.397204,14
35.300000,62.64237,9.59324,1.200000,15
35.300000,62.97447,10.44745,1.266667,16
35.300000,63.24893,11.32189,1.069463,17
35.300000,63.70933,12.16199,1.140591,18
35.300000,64.11558,13.04732,1.211575,19
35.300000,64.46368,13.97431,1.533333,20
35.300000,64.49988,14.94012,1.570672,21
35.300000,64.50000,15.93806,1.570796,22
35.300000,64.50000,16.93806,1.570796,23
35.300000,64.50000,17.93806,1.570796,24
35.300000,64.50000,18.93806,1.570796,25
35.300000,64.50000,19.93806,1.570796,26
35.300000,64.50000,20.93806,1.570796,27
35.300000,64.50000,21.93806,1.570796,28
35.300000,64.50000,22.93806,1.815775,29
35.300000,64.25000,23.93806,1.815775,30
35.400000,52.85778,-0.19800,0.586858,0
35.400000,53.95276,0.53018,0.300000,1
35.400000,54.90792,0.82565,0.366667,2
35.400000,55.84128,1.18409,0.433333,3
35.400000,56.74868,1.60391,0.500000,4
35.400000,57.62610,2.08324,0.566667,5
35.400000,58.46964,2.61997,0.633333,6
35.400000,59.27555,3.21169,0.700000,7
35.400000,60.04025,3.85579,0.766667,8
35.400000,60.76034,4.54940,0.833333,9
35.400000,61.43263,5.28944,1.146867,10
35.400000,61.85322,6.22141,1.217580,11
35.400000,62.20133,7.16562,1.288425,12
35.400000,62.47723,8.11660,1.591655,13
35.400000,62.45515,9.17491,1.166667,14
35.400000,62.81554,10.01758,1.233333,15
35.400000,63.11898,10.88239,1.036130,16
35.400000,63.60713,11.70667,1.107258,17
35.400000,64.04266,12.57797,1.178241,18
35.400000,64.42146,13.49285,1.500000,19
35.400000,64.48983,14.45691,1.560427,20
35.400000,64.50000,15.43806,1.570796,21
35.400000,64.50000,16.43806,1.570796,22
35.400000,64.50000,17.43806,1.570796,23
35.400000,64.50000,18.43806,1.570796,24
35.400000,64.50000,19.43806,1.570796,25
35.400000,64.50000,20.43806,1.815775,26
35.400000,64.25000,21.43806,1.815775,27
35.400000,64.00000,22.43806,1.815775,28
35.400000,63.75000,23.43806,2.034444,29
35.400000,63.25000,24.43806,2.034444,30
35.500000,53.04287,0.00744,0.521462,0
35.500000,53.95276,0.53018,0.300000,1
35.500000,54.90792,0.82565,0.366667,2
35.500000,55.84128,1.18409,0.433333,3
35.500000,56.74868,1.60391,0.500000,4
35.500000,57.62610,2.08324,0.566667,5
35.500000,58.46964,2.61997,0.633333,6
35.500000,59.27555,3.21169,0.700000,7
35.500000,60.04025,3.85579,0.766667,8
35.500000,60.76034,4.54940,0.833333,9
35.500000,61.43263,5.28944,1.146867,10
35.500000,61.85322,6.22141,1.217580,11
35.500000,62.20133,7.16562,1.288425,12
35.500000,62.47723,8.11660,1.591655,13
35.500000,62.45515,9.17491,1.166667,14
35.500000,62.81554,10.01758,1.233333,15
35.500000,63.11898,10.88239,1.036130,16
35.500000,63.60713,11.70667,1.107258,17
35.500000,64.04266,12.57797,1.178241,18
35.500000,64.42146,13.49285,1.500000,19
35.500000,64.48983,14.45691,1.560427,20
35.500000,64.50000,15.43806,1.570796,21
35.500000,64.50000,16.43806,1.570796,22
35.500000,64.50000,17.43806,1.570796,23
35.500000,64.50000,18.43806,1.570796,24
35.500000,64.50000,19.43806,1.570796,25
35.500000,64.50000,20.43806,1.815775,26
35.500000,64.25000,21.43806,1.815775,27
35.500000,64.00000,22.43806,1.815775,28
35.500000,63.75000,23.43806,2.034444,29
35.500000,63.25000,24.43806,2.034444,30
35.600000,53.20880,0.16795,0.453106,0
35.600000,53.95276,0.53018,0.300000,1
35.600000,54.90792,0.82565,0.366667,2
35.600000,55.84128,1.18409,0.433333,3
35.600000,56.74868,1.60391,0.500000,4
35.600000,57.62610,2.08324,0.566667,5
35.600000,58.46964,2.61997,0.633333,6
35.600000,59.27555,3.21169,0.700000,7
35.600000,60.04025,3.85579,0.766667,8
35.600000,60.76034,4.54940,0.833333,9
35.600000,61.43263,5.28944,1.146867,10
35.600000,61.85322,6.22141,1.217580,11
35.600000,62.20133,7.16562,1.288425,12
35.600000,62.47723,8.11660,1.591655,13
35.600000,62.45515,9.17491,1.166667,14
35.600000,62.81554,10.01758,1.233333,15
35.600000,63.11898,10.88239,1.036130,16
35.600000,63.60713,11.70667,1.107258,17
35.600000,64.04266,12.57797,1.178241,18
35.600000,64.42146,13.49285,1.500000,19
35.600000,64.48983,14.45691,1.560427,20
35.600000,64.50000,15.43806,1.570796,21
35.600000,64.50000,16.43806,1.570796,22
35.600000,64.50000,17.43806,1.570796,23
35.600000,64.50000,18.43806,1.570796,24
35.600000,64.50000,19.43806,1.570796,25
35.600000,64.50000,20.43806,1.815775,26
35.600000,64.25000,21.43806,1.815775,27
35.600000,64.00000,22.43806,1.815775,28
35.600000,63.75000,23.43806,2.034444,29
35.600000,63.25000,24.43806,2.034444,30
35.700000,53.37094,0.40103,0.474731,0
35.700000,54.35892,0.90879,0.333333,1
35.700000,55.28796,1.23047,0.400000,2
35.700000,56.19350,1.61333,0.466667,3
35.700000,57.07153,2.05566,0.533333,4
35.700000,57.91814,2.55550,0.600000,5
35.700000,58.72956,3.11063,0.666667,6
35.700000,59.50221,3.71858,0.733333,7
35.700000,60.23264,4.37665,0.800000,8
35.700000,60.91761,5.08192,0.866667,9
35.700000,61.55407,5.83125,1.184247,10
35.700000,61.93345,6.76333,1.255092,11
35.700000,62.24090,7.70459,1.326075,12
35.700000,62.47690,8.64965,1.632524,13
35.700000,62.41251,9.69155,1.200000,14
35.700000,62.73857,10.53023,0.998182,15
35.700000,63.24893,11.32189,1.069463,16
35.700000,63.70933,12.16199,1.140591,17
35.700000,64.11558,13.04732,1.466667,18
35.700000,64.21430,13.99199,1.533333,19
35.700000,64.24988,14.94115,1.570674,20
35.700000,64.25000,15.93806,1.570796,21
35.700000,64.25000,16.93806,1.570796,22
35.700000,64.25000,17.93806,1.570796,23
35.700000,64.25000,18.93806,1.570796,24
35.700000,64.25000,19.93806,1.570796,25
35.700000,64.25000,20.93806,1.815775,26
35.700000,64.00000,21.93806,1.815775,27
35.700000,63.75000,22.93806,2.034444,28
35.700000,63.25000,23.93806,1.815775,29
35.700000,63.00000,24.93806,1.815775,30
35.800000,53.54952,0.56821,0.398286,0
35.800000,54.35892,0.90879,0.333333,1
35.800000,55.28796,1.23047,0.400000,2
35.800000,56.19350,1.61333,0.466667,3
35.800000,57.07153,2.05566,0.533333,4
35.800000,57.91814,2.55550,0.600000,5
35.800000,58.72956,3.11063,0.666667,6
35.800000,59.50221,3.71858,0.733333,7
35.800000,60.23264,4.37665,0.800000,8
35.800000,60.91761,5.08192,0.866667,9
35.800000,61.55407,5.83125,1.184247,10
35.800000,61.93345,6.76333,1.255092,11
35.800000,62.24090,7.70459,1.326075,12
35.800000,62.47690,8.64965,1.397204,13
35.800000,62.64237,9.59324,1.200000,14
35.800000,62.97447,10.44745,1.266667,15
35.800000,63.24893,11.32189,1.069463,16
35.800000,63.70933,12.16199,1.140591,17
35.800000,64.11558,13.04732,1.466667,18
35.800000,64.21430,13.99199,1.533333,19
35.800000,64.24988,14.94115,1.570674,20
35.800000,64.25000,15.93806,1.570796,21
35.800000,64.25000,16.93806,1.570796,22
35.800000,64.25000,17.93806,1.570796,23
35.800000,64.25000,18.93806,1.570796,24
35.800000,64.25000,19.93806,1.570796,25
35.800000,64.25000,20.93806,1.815775,26
35.800000,64.00000,21.93806,1.815775,27
35.800000,63.75000,22.93806,2.034444,28
35.800000,63.25000,23.93806,1.815775,29
35.800000,63.00000,24.93806,1.815775,30
35.900000,53.78837,0.75817,0.284718,0
35.900000,54.82612,1.06189,0.366667,1
35.900000,55.74392,1.41435,0.433333,2
35.900000,56.63620,1.82717,0.500000,3
35.900000,57.49900,2.29852,0.566667,4
35.900000,58.32848,2.82630,0.633333,5
35.900000,59.12095,3.40816,0.700000,6
35.900000,59.87291,4.04153,0.766667,7
35.900000,60.58100,4.72358,0.833333,8
35.900000,61.24209,5.45128,0.900000,9
35.900000,61.85322,6.22141,1.217580,10
35.900000,62.20133,7.16562,1.288425,11
35.900000,62.47723,8.11660,1.591655,12
35.900000,62.45515,9.17491,1.166667,13
35.900000,62.81554,10.01758,1.233333,14
35.900000,63.11898,10.88239,1.036130,15
35.900000,63.60713,11.70667,1.107258,16
35.900000,64.04266,12.57797,1.178241,17
35.900000,64.42146,13.49285,1.500000,18
35.900000,64.48983,14.45691,1.560427,19
35.900000,64.50000,15.43806,1.570796,20
35.900000,64.50000,16.43806,1.570796,21
35.900000,64.50000,17.43806,1.570796,22
35.900000,64.50000,18.43806,1.570796,23
35.900000,64.50000,19.43806,1.570796,24
35.900000,64.50000,20.43806,1.815775,25
35.900000,64.25000,21.43806,1.815775,26
35.900000,64.00000,22.43806,2.034444,27
35.900000,63.50000,23.43806,2.034444,28
35.900000,63.00000,24.43806,1.570796,29
35.900000,63.00000,25.43806,1.570796,30
36.000000,53.96428,0.98376,0.090405,0
36.000000,54.82612,1.06189,0.366667,1
36.000000,55.74392,1.41435,0.433333,2
36.000000,56.63620,1.82717,0.500000,3
36.000000,57.49900,2.29852,0.566667,4
36.000000,58.32848,2.82630,0.633333,5
36.000000,59.12095,3.40816,0.700000,6
36.000000,59.87291,4.04153,0.766667,7
36.000000,60.58100,4.72358,0.833333,8
36.000000,61.24209,5.45128,1.150914,9
36.000000,61.65232,6.37020,1.221759,10
36.000000,61.99096,7.30069,1.292742,11
36.000000,62.25833,8.23736,1.599191,12
36.000000,62.22870,9.28082,1.166667,13
36.000000,62.58253,10.10817,1.233333,14
36.000000,62.88046,10.95725,1.031515,15
36.000000,63.36415,11.76548,1.102796,16
36.000000,63.79630,12.62046,1.173925,17
36.000000,64.17281,13.51883,1.500000,18
36.000000,64.24000,14.46628,1.560508,19
36.000000,64.25000,15.43806,1.570796,20
36.000000,64.25000,16.43806,1.570796,21
36.000000,64.25000,17.43806,1.570796,22
36.000000,64.25000,18.43806,1.570796,23
36.000000,64.25000,19.43806,1.570796,24
36.000000,64.25000,20.43806,1.570796,25
36.000000,64.25000,21.43806,1.815775,26
36.000000,64.00000,22.43806,2.034444,27
36.000000,63.50000,23.43806,2.034444,28
36.000000,63.00000,24.43806,1.570796,29
36.000000,63.00000,25.43806,1.570796,30
36.100000,54.21019,1.14624,0.310992,0
36.100000,55.19833,1.46385,0.400000,1
36.100000,56.08853,1.84022,0.466667,2
36.100000,56.95167,2.27505,0.533333,3
36.100000,57.78393,2.76642,0.600000,4
36.100000,58.58161,3.31214,0.666667,5
36.100000,59.34116,3.90979,0.733333,6
36.100000,60.05921,4.55671,0.800000,7
36.100000,60.73256,5.25002,0.866667,8
36.100000,61.35824,5.98666,1.188425,9
36.100000,61.72770,6.90534,1.259409,10
36.100000,62.02614,7.83258,1.330537,11
36.100000,62.25410,8.76305,1.401818,12
36.100000,62.41251,9.69155,1.200000,13
36.100000,62.73857,10.53023,0.998182,14
36.100000,63.24893,11.32189,1.069463,15
36.100000,63.70933,12.16199,1.140591,16
36.100000,64.11558,13.04732,1.466667,17
36.100000,64.21430,13.99199,1.533333,18
36.100000,64.24988,14.94115,1.570674,19
36.100000,64.25000,15.93806,1.570796,20
36.100000,64.25000,16.93806,1.570796,21
36.100000,64.25000,17.93806,1.570796,22
36.100000,64.25000,18.93806,1.570796,23
36.100000,64.25000,19.93806,1.570796,24
36.100000,64.25000,20.93806,1.815775,25
36.100000,64.00000,21.93806,1.815775,26
36.100000,63.75000,22.93806,2.034444,27
36.100000,63.25000,23.93806,1.815775,28
36.100000,63.00000,24.93806,1.570796,29
36.100000,63.00000,25.93806,1.570796,30
36.200000,54.43837,1.34879,0.150260,0
36.200000,55.19833,1.46385,0.400000,1
36.200000,56.08853,1.84022,0.466667,2
36.200000,56.95167,2.27505,0.533333,3
36.200000,57.78393,2.76642,0.600000,4
36.200000,58.58161,3.31214,0.666667,5
36.200000,59.34116,3.90979,0.733333,6
36.200000,60.05921,4.55671,0.800000,7
36.200000,60.73256,5.25002,0.866667,8
36.200000,61.35824,5.98666,1.188425,9
36.200000,61.72770,6.90534,1.259409,10
36.200000,62.02614,7.83258,1.330537,11
36.200000,62.25410,8.76305,1.401818,12
36.200000,62.41251,9.69155,1.200000,13
36.200000,62.73857,10.53023,0.998182,14
36.200000,63.24893,11.32189,1.069463,15
36.200000,63.70933,12.16199,1.140591,16
36.200000,64.11558,13.04732,1.466667,17
36.200000,64.21430,13.99199,1.533333,18
36.200000,64.24988,14.94115,1.570674,19
36.200000,64.25000,15.93806,1.570796,20
36.200000,64.25000,16.93806,1.570796,21
36.200000,64.25000,17.93806,1.570796,22
36.200000,64.25000,18.93806,1.570796,23
36.200000,64.25000,19.93806,1.570796,24
36.200000,64.25000,20.93806,1.815775,25
36.200000,64.00000,21.93806,1.815775,26
36.200000,63.75000,22.93806,2.034444,27
36.200000,63.25000,23.93806,1.815775,28
36.200000,63.00000,24.93806,1.570796,29
36.200000,63.00000,25.93806,1.570796,30
36.300000,54.70064,1.54964,0.100070,0
36.300000,55.64657,1.64462,0.433333,1
36.300000,56.52372,2.05044,0.500000,2
36.300000,57.37189,2.51380,0.566667,3
36.300000,58.18732,3.03263,0.633333,4
36.300000,58.96636,3.60463,0.700000,5
36.300000,59.70557,4.22726,0.766667,6
36.300000,60.40166,4.89775,0.833333,7
36.300000,61.05154,5.61312,0.900000,8
36.300000,61.65232,6.37020,1.221759,9
36.300000,61.99096,7.30069,1.292742,10
36.300000,62.25833,8.23736,1.599191,11
36.300000,62.22870,9.28082,1.166667,12
36.300000,62.58253,10.10817,1.233333,13
36.300000,62.88046,10.95725,1.031515,14
36.300000,63.36415,11.76548,1.102796,15
36.300000,63.79630,12.62046,1.173925,16
36.300000,64.17281,13.51883,1.500000,17
36.300000,64.24000,14.46628,1.560508,18
36.300000,64.25000,15.43806,1.570796,19
36.300000,64.25000,16.43806,1.570796,20
36.300000,64.25000,17.43806,1.570796,21
36.300000,64.25000,18.43806,1.570796,22
36.300000,64.25000,19.43806,1.570796,23
36.300000,64.25000,20.43806,1.570796,24
36.300000,64.25000,21.43806,1.815775,25
36.300000,64.00000,22.43806,2.034444,26
36.300000,63.50000,23.43806,2.034444,27
36.300000,63.00000,24.43806,1.570796,28
36.300000,63.00000,25.43806,1.570796,29
36.300000,63.00000,26.43806,1.570796,30
36.400000,54.94478,1.77731,0.054948,0
36.400000,56.08853,1.84022,0.466667,1
36.400000,56.95167,2.27505,0.533333,2
36.400000,57.78393,2.76642,0.600000,3
36.400000,58.58161,3.31214,0.666667,4
36.400000,59.34116,3.90979,0.733333,5
36.400000,60.05921,4.55671,0.800000,6
36.400000,60.73256,5.25002,0.866667,7
36.400000,61.35824,5.98666,1.188425,8
36.400000,61.72770,6.90534,1.259409,9
36.400000,62.02614,7.83258,1.330537,10
36.400000,62.25410,8.76305,1.401818,11
36.400000,62.41251,9.69155,1.200000,12
36.400000,62.73857,10.53023,0.998182,13
36.400000,63.24893,11.32189,1.069463,14
36.400000,63.70933,12.16199,1.140591,15
36.400000,64.11558,13.04732,1.211575,16
36.400000,64.46368,13.97431,1.533333,17
36.400000,64.49988,14.94012,1.570672,18
36.400000,64.50000,15.93806,1.570796,19
36.400000,64.50000,16.93806,1.570796,20
36.400000,64.50000,17.93806,1.570796,21
36.400000,64.50000,18.93806,1.570796,22
36.400000,64.50000,19.93806,1.570796,23
36.400000,64.50000,20.93806,1.815775,24
36.400000,64.25000,21.93806,1.815775,25
36.400000,64.00000,22.93806,2.034444,26
36.400000,63.50000,23.93806,1.815775,27
36.400000,63.25000,24.93806,1.570796,28
36.400000,63.25000,25.93806,1.570796,29
36.400000,63.25000,26.93806,1.570796,30
36.500000,55.19315,1.99219,-0.168129,0
36.500000,56.08853,1.84022,0.466667,1
36.500000,56.95167,2.27505,0.533333,2
36.500000,57.78393,2.76642,0.600000,3
36.500000,58.58161,3.31214,0.666667,4
36.500000,59.34116,3.90979,0.733333,5
36.500000,60.05921,4.55671,0.800000,6
36.500000,60.73256,5.25002,0.866667,7
36.500000,61.35824,5.98666,1.188425,8
36.500000,61.72770,6.90534,1.259409,9
36.500000,62.02614,7.83258,1.330537,10
36.500000,62.25410,8.76305,1.401818,11
36.500000,62.41251,9.69155,1.200000,12
36.500000,62.73857,10.53023,0.998182,13
36.500000,63.24893,11.32189,1.069463,14
36.500000,63.70933,12.16199,1.140591,15
36.500000,64.11558,13.04732,1.466667,16
36.500000,64.21430,13.99199,1.533333,17
36.500000,64.24988,14.94115,1.570674,18
36.500000,64.25000,15.93806,1.570796,19
36.500000,64.25000,16.93806,1.570796,20
36.500000,64.25000,17.93806,1.570796,21
36.500000,64.25000,18.93806,1.570796,22
36.500000,64.25000,19.93806,1.570796,23
36.500000,64.25000,20.93806,1.815775,24
36.500000,64.00000,21.93806,1.815775,25
36.500000,63.75000,22.93806,2.034444,26
36.500000,63.25000,23.93806,1.570796,27
36.500000,63.25000,24.93806,1.570796,28
36.500000,63.25000,25.93806,1.570796,29
36.500000,63.25000,26.93806,1.570796,30
36.600000,55.47768,2.21823,0.059362,0
36.600000,56.41124,2.27371,0.500000,1
36.600000,57.24479,2.72908,0.566667,2
36.600000,58.04616,3.23897,0.633333,3
36.600000,58.81177,3.80111,0.700000,4
36.600000,59.53824,4.41300,0.766667,5
36.600000,60.22232,5.07193,0.833333,6
36.600000,60.86100,5.77497,0.900000,7
36.600000,61.45142,6.51899,0.966667,8
36.600000,61.99096,7.30069,1.292742,9
36.600000,62.25833,8.23736,1.599191,10
36.600000,62.22870,9.28082,1.166667,11
36.600000,62.58253,10.10817,1.233333,12
36.600000,62.88046,10.95725,1.031515,13
36.600000,63.36415,11.76548,1.102796,14
36.600000,63.79630,12.62046,1.173925,15
36.600000,64.17281,13.51883,1.500000,16
36.600000,64.24000,14.46628,1.560508,17
36.600000,64.25000,15.43806,1.570796,18
36.600000,64.25000,16.43806,1.570796,19
36.600000,64.25000,17.43806,1.570796,20
36.600000,64.25000,18.43806,1.570796,21
36.600000,64.25000,19.43806,1.570796,22
36.600000,64.25000,20.43806,1.570796,23
36.600000,64.25000,21.43806,1.815775,24
36.600000,64.00000,22.43806,2.034444,25
36.600000,63.50000,23.43806,2.034444,26
36.600000,63.00000,24.43806,1.570796,27
36.600000,63.00000,25.43806,1.325818,28
36.600000,63.25000,26.43806,1.570796,29
36.600000,63.25000,27.43806,1.570796,30
36.700000,55.76830,2.43283,0.057876,0
36.700000,56.83181,2.49445,0.533333,1
36.700000,57.64972,2.97735,0.600000,2
36.700000,58.43365,3.51366,0.666667,3
36.700000,59.18010,4.10100,0.733333,4
36.700000,59.88577,4.73676,0.800000,5
36.700000,60.54752,5.41813,0.866667,6
36.700000,61.16241,6.14206,0.933333,7
36.700000,61.72770,6.90534,1.259409,8
36.700000,62.02614,7.83258,1.330537,9
36.700000,62.25410,8.76305,1.401818,10
36.700000,62.41251,9.69155,1.200000,11
36.700000,62.73857,10.53023,0.998182,12
36.700000,63.24893,11.32189,1.069463,13
36.700000,63.70933,12.16199,1.140591,14
36.700000,64.11558,13.04732,1.211575,15
36.700000,64.46368,13.97431,1.533333,16
36.700000,64.49988,14.94012,1.570672,17
36.700000,64.50000,15.93806,1.570796,18
36.700000,64.50000,16.93806,1.570796,19
36.700000,64.50000,17.93806,1.570796,20
36.700000,64.50000,18.93806,1.570796,21
36.700000,64.50000,19.93806,1.570796,22
36.700000,64.50000,20.93806,1.815775,23
36.700000,64.25000,21.93806,1.815775,24
36.700000,64.00000,22.93806,2.034444,25
36.700000,63.50000,23.93806,1.815775,26
36.700000,63.25000,24.93806,1.570796,27
36.700000,63.25000,25.93806,1.570796,28
36.700000,63.25000,26.93806,1.570796,29
36.700000,63.25000,27.93806,1.570796,30
36.800000,56.02092,2.67219,0.046449,0
36.800000,57.24479,2.72908,0.566667,1
36.800000,58.04616,3.23897,0.633333,2
36.800000,58.81177,3.80111,0.700000,3
36.800000,59.53824,4.41300,0.766667,4
36.800000,60.22232,5.07193,0.833333,5
36.800000,60.86100,5.77497,0.900000,6
36.800000,61.45142,6.51899,0.966667,7
36.800000,61.99096,7.30069,1.292742,8
36.800000,62.25833,8.23736,1.599191,9
36.800000,62.22870,9.28082,1.166667,10
36.800000,62.58253,10.10817,1.233333,11
36.800000,62.88046,10.95725,1.031515,12
36.800000,63.36415,11.76548,1.102796,13
36.800000,63.79630,12.62046,1.173925,14
36.800000,64.17281,13.51883,1.500000,15
36.800000,64.24000,14.46628,1.560508,16
36.800000,64.25000,15.43806,1.570796,17
36.800000,64.25000,16.43806,1.570796,18
36.800000,64.25000,17.43806,1.570796,19
36.800000,64.25000,18.43806,1.570796,20
36.800000,64.25000,19.43806,1.570796,21
36.800000,64.25000,20.43806,1.570796,22
36.800000,64.25000,21.43806,1.815775,23
36.800000,64.00000,22.43806,2.034444,24
36.800000,63.50000,23.43806,2.034444,25
36.800000,63.00000,24.43806,1.570796,26
36.800000,63.00000,25.43806,1.325818,27
36.800000,63.25000,26.43806,1.325818,28
36.800000,63.50000,27.43806,1.570796,29
36.800000,63.50000,28.43806,1.570796,30
36.900000,56.32356,2.92267,0.027301,0
36.900000,57.11769,2.94436,0.307258,1
36.900000,58.04616,3.23897,0.633333,2
36.900000,58.81177,3.80111,0.700000,3
36.900000,59.53824,4.41300,0.766667,4
36.900000,60.22232,5.07193,0.833333,5
36.900000,60.86100,5.77497,0.900000,6
36.900000,61.45142,6.51899,0.966667,7
36.900000,61.99096,7.30069,1.292742,8
36.900000,62.25833,8.23736,1.363870,9
36.900000,62.45515,9.17491,1.166667,10
36.900000,62.81554,10.01758,1.233333,11
36.900000,63.11898,10.88239,1.036130,12
36.900000,63.60713,11.70667,1.107258,13
36.900000,64.04266,12.57797,1.178241,14
36.900000,64.42146,13.49285,1.500000,15
36.900000,64.48983,14.45691,1.560427,16
36.900000,64.50000,15.43806,1.570796,17
36.900000,64.50000,16.43806,1.570796,18
36.900000,64.50000,17.43806,1.570796,19
36.900000,64.50000,18.43806,1.570796,20
36.900000,64.50000,19.43806,1.570796,21
36.900000,64.50000,20.43806,1.815775,22
36.900000,64.25000,21.43806,1.815775,23
36.900000,64.00000,22.43806,1.815775,24
36.900000,63.75000,23.43806,2.034444,25
36.900000,63.25000,24.43806,1.570796,26
36.900000,63.25000,25.43806,1.570796,27
36.900000,63.25000,26.43806,1.325818,28
36.900000,63.50000,27.43806,1.570796,29
36.900000,63.50000,28.43806,1.570796,30
37.000000,56.53981,3.14183,0.047561,0
37.000000,57.51552,3.18827,0.340591,1
37.000000,58.43365,3.51366,0.666667,2
37.000000,59.18010,4.10100,0.733333,3
37.000000,59.88577,4.73676,0.800000,4
37.000000,60.54752,5.41813,0.866667,5
37.000000,61.16241,6.14206,0.933333,6
37.000000,61.72770,6.90534,1.259409,7
37.000000,62.02614,7.83258,1.330537,8
37.000000,62.25410,8.76305,1.401818,9
37.000000,62.41251,9.69155,1.200000,10
37.000000,62.73857,10.53023,0.998182,11
37.000000,63.24893,11.32189,1.069463,12
37.000000,63.70933,12.16199,1.140591,13
37.000000,64.11558,13.04732,1.211575,14
37.000000,64.46368,13.97431,1.533333,15
37.000000,64.49988,14.94012,1.570672,16
37.000000,64.50000,15.93806,1.570796,17
37.000000,64.50000,16.93806,1.570796,18
37.000000,64.50000,17.93806,1.570796,19
37.000000,64.50000,18.93806,1.570796,20
37.000000,64.50000,19.93806,1.570796,21
37.000000,64.50000,20.93806,1.815775,22
37.000000,64.25000,21.93806,1.815775,23
37.000000,64.00000,22.93806,2.034444,24
37.000000,63.50000,23.93806,1.815775,25
37.000000,63.25000,24.93806,1.570796,26
37.000000,63.25000,25.93806,1.325818,27
37.000000,63.50000,26.93806,1.570796,28
37.000000,63.50000,27.93806,1.570796,29
37.000000,63.50000,28.93806,1.570796,30
37.100000,56.82209,3.39882,0.042898,0
37.100000,57.90499,3.44530,0.373925,1
37.100000,58.81177,3.80111,0.700000,2
37.100000,59.53824,4.41300,0.766667,3
37.100000,60.22232,5.07193,0.833333,4
37.100000,60.86100,5.77497,0.900000,5
37.100000,61.45142,6.51899,0.966667,6
37.100000,61.99096,7.30069,1.292742,7
37.100000,62.25833,8.23736,1.363870,8
37.100000,62.45515,9.17491,1.166667,9
37.100000,62.81554,10.01758,1.233333,10
37.100000,63.11898,10.88239,1.036130,11
37.100000,63.60713,11.70667,1.107258,12
37.100000,64.04266,12.57797,1.178241,13
37.100000,64.42146,13.49285,1.500000,14
37.100000,64.48983,14.45691,1.560427,15
37.100000,64.50000,15.43806,1.570796,16
37.100000,64.50000,16.43806,1.570796,17
37.100000,64.50000,17.43806,1.570796,18
37.100000,64.50000,18.43806,1.570796,19
37.100000,64.50000,19.43806,1.570796,20
37.100000,64.50000,20.43806,1.815775,21
37.100000,64.25000,21.43806,1.815775,22
37.100000,64.00000,22.43806,1.815775,23
37.100000,63.75000,23.43806,2.034444,24
37.100000,63.25000,24.43806,1.570796,25
37.100000,63.25000,25.43806,1.570796,26
37.100000,63.25000,26.43806,1.325818,27
37.100000,63.50000,27.43806,1.325818,28
37.100000,63.75000,28.43806,1.570796,29
37.100000,63.75000,29.43806,1.570796,30
37.200000,57.08259,3.64487,0.058366,0
37.200000,58.28569,3.71517,0.666667,1
37.200000,59.01905,4.29221,0.733333,2
37.200000,59.71234,4.91682,0.800000,3
37.200000,60.36248,5.58623,0.866667,4
37.200000,60.96658,6.29746,0.933333,5
37.200000,61.52196,7.04736,1.000000,6
37.200000,62.02614,7.83258,1.330537,7
37.200000,62.25410,8.76305,1.401818,8
37.200000,62.41251,9.69155,1.200000,9
37.200000,62.73857,10.53023,0.998182,10
37.200000,63.24893,11.32189,1.069463,11
37.200000,63.70933,12.16199,1.140591,12
37.200000,64.11558,13.04732,1.211575,13
37.200000,64.46368,13.97431,1.533333,14
37.200000,64.49988,14.94012,1.570672,15
37.200000,64.50000,15.93806,1.570796,16
37.200000,64.50000,16.93806,1.570796,17
37.200000,64.50000,17.93806,1.570796,18
37.200000,64.50000,18.93806,1.570796,19
37.200000,64.50000,19.93806,1.570796,20
37.200000,64.50000,20.93806,1.815775,21
37.200000,64.25000,21.93806,1.815775,22
37.200000,64.00000,22.93806,2.034444,23
37.200000,63.50000,23.93806,1.815775,24
37.200000,63.25000,24.93806,1.570796,25
37.200000,63.25000,25.93806,1.325818,26
37.200000,63.50000,26.93806,1.325818,27
37.200000,63.75000,27.93806,1.570796,28
37.200000,63.75000,28.93806,1.570796,29
37.200000,63.75000,29.93806,1.570796,30
37.300000,57.33741,3.86155,0.068779,0
37.300000,58.13773,3.91669,0.402796,1
37.300000,59.01905,4.29221,0.733333,2
37.300000,59.71234,4.91682,0.800000,3
37.300000,60.36248,5.58623,0.866667,4
37.300000,60.96658,6.29746,0.933333,5
37.300000,61.52196,7.04736,1.000000,6
37.300000,62.02614,7.83258,1.330537,7
37.300000,62.25410,8.76305,1.401818,8
37.300000,62.41251,9.69155,1.200000,9
37.300000,62.73857,10.53023,0.998182,10
37.300000,63.24893,11.32189,1.069463,11
37.300000,63.70933,12.16199,1.140591,12
37.300000,64.11558,13.04732,1.211575,13
37.300000,64.46368,13.97431,1.533333,14
37.300000,64.49988,14.94012,1.570672,15
37.300000,64.50000,15.93806,1.570796,16
37.300000,64.50000,16.93806,1.570796,17
37.300000,64.50000,17.93806,1.570796,18
37.300000,64.50000,18.93806,1.570796,19
37.300000,64.50000,19.93806,1.570796,20
37.300000,64.50000,20.93806,1.815775,21
37.300000,64.25000,21.93806,1.815775,22
37.300000,64.00000,22.93806,2.034444,23
37.300000,63.50000,23.93806,1.815775,24
37.300000,63.25000,24.93806,1.570796,25
37.300000,63.25000,25.93806,1.325818,26
37.300000,63.50000,26.93806,1.325818,27
37.300000,63.75000,27.93806,1.570796,28
37.300000,63.75000,28.93806,1.570796,29
37.300000,63.75000,29.93806,1.570796,30
37.400000,57.58341,4.05050,0.154924,0
37.400000,58.50258,4.19405,0.436130,1
37.400000,59.37090,4.59874,0.766667,2
37.400000,60.04299,5.24611,0.833333,3
37.400000,60.67045,5.93681,0.900000,4
37.400000,61.25052,6.66778,0.966667,5
37.400000,61.78059,7.43577,1.297204,6
37.400000,62.03943,8.35812,1.368485,7
37.400000,62.22870,9.28082,1.166667,8
37.400000,62.58253,10.10817,1.233333,9
37.400000,62.88046,10.95725,1.031515,10
37.400000,63.36415,11.76548,1.102796,11
37.400000,63.79630,12.62046,1.173925,12
37.400000,64.17281,13.51883,1.500000,13
37.400000,64.24000,14.46628,1.560508,14
37.400000,64.25000,15.43806,1.570796,15
37.400000,64.25000,16.43806,1.570796,16
37.400000,64.25000,17.43806,1.570796,17
37.400000,64.25000,18.43806,1.570796,18
37.400000,64.25000,19.43806,1.570796,19
37.400000,64.25000,20.43806,1.570796,20
37.400000,64.25000,21.43806,1.815775,21
37.400000,64.00000,22.43806,2.034444,22
37.400000,63.50000,23.43806,2.034444,23
37.400000,63.00000,24.43806,1.570796,24
37.400000,63.00000,25.43806,1.325818,25
37.400000,63.25000,26.43806,1.325818,26
37.400000,63.50000,27.43806,1.325818,27
37.400000,63.75000,28.43806,1.570796,28
37.400000,63.75000,29.43806,1.570796,29
37.400000,63.75000,30.43806,1.570796,30
37.504000,57.99169,4.41028,0.084232,0
37.504000,58.85799,4.48342,0.469463,1
37.504000,59.71234,4.91682,0.800000,2
37.504000,60.36248,5.58623,0.866667,3
37.504000,60.96658,6.29746,0.933333,4
37.504000,61.52196,7.04736,1.000000,5
37.504000,62.02614,7.83258,1.330537,6
37.504000,62.25410,8.76305,1.401818,7
37.504000,62.41251,9.69155,1.200000,8
37.504000,62.73857,10.53023,0.998182,9
37.504000,63.24893,11.32189,1.069463,10
37.504000,63.70933,12.16199,1.140591,11
37.504000,64.11558,13.04732,1.211575,12
37.504000,64.46368,13.97431,1.533333,13
37.504000,64.49988,14.94012,1.570672,14
37.504000,64.50000,15.93806,1.570796,15
37.504000,64.50000,16.93806,1.570796,16
37.504000,64.50000,17.93806,1.570796,17
37.504000,64.50000,18.93806,1.570796,18
37.504000,64.50000,19.93806,1.570796,19
37.504000,64.50000,20.93806,1.815775,20
37.504000,64.25000,21.93806,1.815775,21
37.504000,64.00000,22.93806,2.034444,22
37.504000,63.50000,23.93806,1.815775,23
37.504000,63.25000,24.93806,1.570796,24
37.504000,63.25000,25.93806,1.325818,25
37.504000,63.50000,26.93806,1.325818,26
37.504000,63.75000,27.93806,1.325818,27
37.504000,64.00000,28.93806,1.570796,28
37.504000,64.00000,29.93806,1.570796,29
37.504000,64.00000,30.93806,1.570796,30
37.600000,58.07144,4.48056,0.262262,0
37.600000,59.20356,4.78447,0.766667,1
37.600000,59.86365,5.42028,0.833333,2
37.600000,60.47991,6.09865,0.900000,3
37.600000,61.04961,6.81657,0.966667,4
37.600000,61.57023,7.57084,1.033333,5
37.600000,62.03943,8.35812,1.368485,6
37.600000,62.22870,9.28082,1.166667,7
37.600000,62.58253,10.10817,1.233333,8
37.600000,62.88046,10.95725,1.031515,9
37.600000,63.36415,11.76548,1.102796,10
37.600000,63.79630,12.62046,1.173925,11
37.600000,64.17281,13.51883,1.500000,12
37.600000,64.24000,14.46628,1.560508,13
37.600000,64.25000,15.43806,1.570796,14
37.600000,64.25000,16.43806,1.570796,15
37.600000,64.25000,17.43806,1.570796,16
37.600000,64.25000,18.43806,1.570796,17
37.600000,64.25000,19.43806,1.570796,18
37.600000,64.25000,20.43806,1.570796,19
37.600000,64.25000,21.43806,1.815775,20
37.600000,64.00000,22.43806,1.815775,21
37.600000,63.75000,23.43806,2.034444,22
37.600000,63.25000,24.43806,1.570796,23
37.600000,63.25000,25.43806,1.570796,24
37.600000,63.25000,26.43806,1.325818,25
37.600000,63.50000,27.43806,1.325818,26
37.600000,63.75000,28.43806,1.325818,27
37.600000,64.00000,29.43806,1.570796,28
37.600000,64.00000,30.43806,1.570796,29
37.600000,64.00000,31.43806,1.570796,30
37.700000,58.33303,4.64077,0.163596,0
37.700000,59.20356,4.78447,0.766667,1
37.700000,59.86365,5.42028,0.833333,2
37.700000,60.47991,6.09865,0.900000,3
37.700000,61.04961,6.81657,0.966667,4
37.700000,61.57023,7.57084,1.033333,5
37.700000,62.03943,8.35812,1.368485,6
37.700000,62.22870,9.28082,1.166667,7
37.700000,62.58253,10.10817,1.233333,8
37.700000,62.88046,10.95725,1.031515,9
37.700000,63.36415,11.76548,1.102796,10
37.700000,63.79630,12.62046,1.173925,11
37.700000,64.17281,13.51883,1.244908,12
37.700000,64.48983,14.45691,1.311587,13
37.700000,64.75000,15.43806,1.570796,14
37.700000,64.75000,16.43806,1.570796,15
37.700000,64.75000,17.43806,1.570796,16
37.700000,64.75000,18.43806,1.570796,17
37.700000,64.75000,19.43806,1.570796,18
37.700000,64.75000,20.43806,1.570796,19
37.700000,64.75000,21.43806,1.570796,20
37.700000,64.75000,22.43806,1.570796,21
37.700000,64.75000,23.43806,1.570796,22
37.700000,64.75000,24.43806,1.570796,23
37.700000,64.75000,25.43806,1.570796,24
37.700000,64.75000,26.43806,1.570796,25
37.700000,64.75000,27.43806,1.570796,26
37.700000,64.75000,28.43806,1.570796,27
37.700000,64.75000,29.43806,1.570796,28
37.700000,64.75000,30.43806,1.570796,29
37.700000,64.75000,31.43806,1.570796,30
37.800000,58.59621,4.78363,0.320813,0
37.800000,59.53890,5.09688,0.800000,1
37.800000,60.17743,5.75433,0.866667,2
37.800000,60.77075,6.45286,0.933333,3
37.800000,61.31621,7.18937,1.000000,4
37.800000,61.81139,7.96057,1.066667,5
37.800000,62.25410,8.76305,1.401818,6
37.800000,62.41251,9.69155,1.200000,7
37.800000,62.73857,10.53023,0.998182,8
37.800000,63.24893,11.32189,1.069463,9
37.800000,63.70933,12.16199,1.140591,10
37.800000,64.11558,13.04732,1.211575,11
37.800000,64.46368,13.97431,1.282420,12
37.800000,64.74987,14.93909,1.570670,13
37.800000,64.75000,15.93806,1.570796,14
37.800000,64.75000,16.93806,1.570796,15
37.800000,64.75000,17.93806,1.570796,16
37.800000,64.75000,18.93806,1.570796,17
37.800000,64.75000,19.93806,1.570796,18
37.800000,64.75000,20.93806,1.570796,19
37.800000,64.75000,21.93806,1.570796,20
37.800000,64.75000,22.93806,1.570796,21
37.800000,64.75000,23.93806,1.570796,22
37.800000,64.75000,24.93806,1.570796,23
37.800000,64.75000,25.93806,1.570796,24
37.800000,64.75000,26.93806,1.570796,25
37.800000,64.75000,27.93806,1.570796,26
37.800000,64.75000,28.93806,1.570796,27
37.800000,64.75000,29.93806,1.570796,28
37.800000,64.75000,30.93806,1.570796,29
37.800000,64.75000,31.93806,1.570796,30
37.900000,58.84062,4.92718,0.449148,0
37.900000,59.86365,5.42028,0.833333,1
37.900000,60.47991,6.09865,0.900000,2
37.900000,61.04961,6.81657,0.966667,3
37.900000,61.57023,7.57084,1.033333,4
37.900000,62.03943,8.35812,1.368485,5
37.900000,62.22870,9.28082,1.166667,6
37.900000,62.58253,10.10817,0.964849,7
37.900000,63.11898,10.88239,1.036130,8
37.900000,63.60713,11.70667,1.107258,9
37.900000,64.04266,12.57797,1.178241,10
37.900000,64.42146,13.49285,1.249086,11
37.900000,64.73965,14.44755,1.560348,12
37.900000,64.75000,15.43806,1.570796,13
37.900000,64.75000,16.43806,1.570796,14
37.900000,64.75000,17.43806,1.570796,15
37.900000,64.75000,18.43806,1.570796,16
37.900000,64.75000,19.43806,1.570796,17
37.900000,64.75000,20.43806,1.570796,18
37.900000,64.75000,21.43806,1.570796,19
37.900000,64.75000,22.43806,1.570796,20
37.900000,64.75000,23.43806,1.570796,21
37.900000,64.75000,24.43806,1.570796,22
37.900000,64.75000,25.43806,1.570796,23
37.900000,64.75000,26.43806,1.570796,24
37.900000,64.75000,27.43806,1.570796,25
37.900000,64.75000,28.43806,1.570796,26
37.900000,64.75000,29.43806,1.570796,27
37.900000,64.75000,30.43806,1.570796,28
37.900000,64.75000,31.43806,1.570796,29
37.900000,64.75000,32.43806,1.570796,30
38.002000,59.17817,5.11213,0.422479,0
38.002000,59.86365,5.42028,0.833333,1
38.002000,60.47991,6.09865,0.900000,2
38.002000,61.04961,6.81657,0.966667,3
38.002000,61.57023,7.57084,1.033333,4
38.002000,62.03943,8.35812,1.368485,5
38.002000,62.22870,9.28082,1.166667,6
38.002000,62.58253,10.10817,0.964849,7
38.002000,63.11898,10.88239,1.036130,8
38.002000,63.60713,11.70667,1.107258,9
38.002000,64.04266,12.57797,1.178241,10
38.002000,64.42146,13.49285,1.249086,11
38.002000,64.73965,14.44755,1.560348,12
38.002000,64.75000,15.43806,1.570796,13
38.002000,64.75000,16.43806,1.570796,14
38.002000,64.75000,17.43806,1.570796,15
38.002000,64.75000,18.43806,1.570796,16
38.002000,64.75000,19.43806,1.570796,17
38.002000,64.75000,20.43806,1.570796,18
38.002000,64.75000,21.43806,1.570796,19
38.002000,64.75000,22.43806,1.570796,20
38.002000,64.75000,23.43806,1.570796,21
38.002000,64.75000,24.43806,1.570796,22
38.002000,64.75000,25.43806,1.570796,23
38.002000,64.75000,26.43806,1.570796,24
38.002000,64.75000,27.43806,1.570796,25
38.002000,64.75000,28.43806,1.570796,26
38.002000,64.75000,29.43806,1.570796,27
38.002000,64.75000,30.43806,1.570796,28
38.002000,64.75000,31.43806,1.570796,29
38.002000,64.75000,32.43806,1.570796,30
38.100000,59.26905,5.15853,0.580508,0
38.100000,60.17743,5.75433,0.866667,1
38.100000,60.77075,6.45286,0.933333,2
38.100000,61.31621,7.18937,1.000000,3
38.100000,61.81139,7.96057,1.066667,4
38.100000,62.25410,8.76305,1.401818,5
38.100000,62.41251,9.69155,1.200000,6
38.100000,62.73857,10.53023,0.998182,7
38.100000,63.24893,11.32189,1.069463,8
38.100000,63.70933,12.16199,1.140591,9
38.100000,64.11558,13.04732,1.211575,10
38.100000,64.46368,13.97431,1.282420,11
38.100000,64.74987,14.93909,1.570670,12
38.100000,64.75000,15.93806,1.570796,13
38.100000,64.75000,16.93806,1.570796,14
38.100000,64.75000,17.93806,1.570796,15
38.100000,64.75000,18.93806,1.570796,16
38.100000,64.75000,19.93806,1.570796,17
38.100000,64.75000,20.93806,1.570796,18
38.100000,64.75000,21.93806,1.570796,19
38.100000,64.75000,22.93806,1.570796,20
38.100000,64.75000,23.93806,1.570796,21
38.100000,64.75000,24.93806,1.570796,22
38.100000,64.75000,25.93806,1.570796,23
38.100000,64.75000,26.93806,1.570796,24
38.100000,64.75000,27.93806,1.570796,25
38.100000,64.75000,28.93806,1.570796,26
38.100000,64.75000,29.93806,1.570796,27
38.100000,64.75000,30.93806,1.570796,28
38.100000,64.75000,31.93806,1.570796,29
38.100000,64.75000,32.93806,1.570796,30
38.200000,59.48740,5.22811,0.388446,0
38.200000,60.36248,5.58623,0.866667,1
38.200000,60.96658,6.29746,0.933333,2
38.200000,61.52196,7.04736,1.000000,3
38.200000,62.02614,7.83258,1.330537,4
38.200000,62.25410,8.76305,1.401818,5
38.200000,62.41251,9.69155,1.200000,6
38.200000,62.73857,10.53023,0.998182,7
38.200000,63.24893,11.32189,1.069463,8
38.200000,63.70933,12.16199,1.140591,9
38.200000,64.11558,13.04732,1.211575,10
38.200000,64.46368,13.97431,1.282420,11
38.200000,64.74987,14.93909,1.570670,12
38.200000,64.75000,15.93806,1.570796,13
38.200000,64.75000,16.93806,1.570796,14
38.200000,64.75000,17.93806,1.570796,15
38.200000,64.75000,18.93806,1.570796,16
38.200000,64.75000,19.93806,1.570796,17
38.200000,64.75000,20.93806,1.570796,18
38.200000,64.75000,21.93806,1.570796,19
38.200000,64.75000,22.93806,1.570796,20
38.200000,64.75000,23.93806,1.570796,21
38.200000,64.75000,24.93806,1.570796,22
38.200000,64.75000,25.93806,1.570796,23
38.200000,64.75000,26.93806,1.570796,24
38.200000,64.75000,27.93806,1.570796,25
38.200000,64.75000,28.93806,1.570796,26
38.200000,64.75000,29.93806,1.570796,27
38.200000,64.75000,30.93806,1.570796,28
38.200000,64.75000,31.93806,1.570796,29
38.200000,64.75000,32.93806,1.570796,30
38.300000,59.69770,5.31456,0.569090,0
38.300000,60.67045,5.93681,0.900000,1
38.300000,61.25052,6.66778,0.966667,2
38.300000,61.78059,7.43577,1.033333,3
38.300000,62.25833,8.23736,1.363870,4
38.300000,62.45515,9.17491,1.166667,5
38.300000,62.81554,10.01758,1.233333,6
38.300000,63.11898,10.88239,1.036130,7
38.300000,63.60713,11.70667,1.107258,8
38.300000,64.04266,12.57797,1.178241,9
38.300000,64.42146,13.49285,1.249086,10
38.300000,64.73965,14.44755,1.313765,11
38.300000,65.00000,15.43806,1.570796,12
38.300000,65.00000,16.43806,1.570796,13
38.300000,65.00000,17.43806,1.570796,14
38.300000,65.00000,18.43806,1.570796,15
38.300000,65.00000,19.43806,1.570796,16
38.300000,65.00000,20.43806,1.570796,17
38.300000,65.00000,21.43806,1.570796,18
38.300000,65.00000,22.43806,1.570796,19
38.300000,65.00000,23.43806,1.570796,20
38.300000,65.00000,24.43806,1.570796,21
38.300000,65.00000,25.43806,1.570796,22
38.300000,65.00000,26.43806,1.570796,23
38.300000,65.00000,27.43806,1.570796,24
38.300000,65.00000,28.43806,1.570796,25
38.300000,65.00000,29.43806,1.570796,26
38.300000,65.00000,30.43806,1.570796,27
38.300000,65.00000,31.43806,1.570796,28
38.300000,65.00000,32.43806,1.570796,29
38.300000,65.00000,33.43806,1.570796,30
38.400000,59.84431,5.39225,0.582791,0
38.400000,60.67045,5.93681,0.900000,1
38.400000,61.25052,6.66778,0.966667,2
38.400000,61.78059,7.43577,1.297204,3
38.400000,62.03943,8.35812,1.368485,4
38.400000,62.22870,9.28082,1.166667,5
38.400000,62.58253,10.10817,1.233333,6
38.400000,62.88046,10.95725,1.031515,7
38.400000,63.36415,11.76548,1.102796,8
38.400000,63.79630,12.62046,1.173925,9
38.400000,64.17281,13.51883,1.244908,10
38.400000,64.48983,14.45691,1.311587,11
38.400000,64.75000,15.43806,1.570796,12
38.400000,64.75000,16.43806,1.570796,13
38.400000,64.75000,17.43806,1.570796,14
38.400000,64.75000,18.43806,1.570796,15
38.400000,64.75000,19.43806,1.570796,16
38.400000,64.75000,20.43806,1.570796,17
38.400000,64.75000,21.43806,1.570796,18
38.400000,64.75000,22.43806,1.570796,19
38.400000,64.75000,23.43806,1.570796,20
38.400000,64.75000,24.43806,1.570796,21
38.400000,64.75000,25.43806,1.570796,22
38.400000,64.75000,26.43806,1.570796,23
38.400000,64.75000,27.43806,1.570796,24
38.400000,64.75000,28.43806,1.570796,25
38.400000,64.75000,29.43806,1.570796,26
38.400000,64.75000,30.43806,1.570796,27
38.400000,64.75000,31.43806,1.570796,28
38.400000,64.75000,32.43806,1.570796,29
38.400000,64.75000,33.43806,1.570796,30
38.500000,60.03451,5.48219,0.620632,0
38.500000,60.67045,5.93681,0.900000,1
38.500000,61.25052,6.66778,0.966667,2
38.500000,61.78059,7.43577,1.033333,3
38.500000,62.25833,8.23736,1.363870,4
38.500000,62.45515,9.17491,1.166667,5
38.500000,62.81554,10.01758,1.233333,6
38.500000,63.11898,10.88239,1.036130,7
38.500000,63.60713,11.70667,1.107258,8
38.500000,64.04266,12.57797,1.178241,9
38.500000,64.42146,13.49285,1.249086,10
38.500000,64.73965,14.44755,1.313765,11
38.500000,65.00000,15.43806,1.570796,12
38.500000,65.00000,16.43806,1.570796,13
38.500000,65.00000,17.43806,1.570796,14
38.500000,65.00000,18.43806,1.570796,15
38.500000,65.00000,19.43806,1.570796,16
38.500000,65.00000,20.43806,1.570796,17
38.500000,65.00000,21.43806,1.570796,18
38.500000,65.00000,22.43806,1.570796,19
38.500000,65.00000,23.43806,1.570796,20
38.500000,65.00000,24.43806,1.570796,21
38.500000,65.00000,25.43806,1.570796,22
38.500000,65.00000,26.43806,1.570796,23
38.500000,65.00000,27.43806,1.570796,24
38.500000,65.00000,28.43806,1.570796,25
38.500000,65.00000,29.43806,1.570796,26
38.500000,65.00000,30.43806,1.570796,27
38.500000,65.00000,31.43806,1.570796,28
38.500000,65.00000,32.43806,1.570796,29
38.500000,65.00000,33.43806,1.570796,30
38.600000,60.14446,5.54850,0.738870,0
38.600000,60.96658,6.29746,0.933333,1
38.600000,61.52196,7.04736,1.000000,2
38.600000,62.02614,7.83258,1.330537,3
38.600000,62.25410,8.76305,1.401818,4
38.600000,62.41251,9.69155,1.200000,5
38.600000,62.73857,10.53023,0.998182,6
38.600000,63.24893,11.32189,1.069463,7
38.600000,63.70933,12.16199,1.140591,8
38.600000,64.11558,13.04732,1.211575,9
38.600000,64.46368,13.97431,1.282420,10
38.600000,64.74987,14.93909,1.325456,11
38.600000,65.00000,15.93806,1.570796,12
38.600000,65.00000,16.93806,1.570796,13
38.600000,65.00000,17.93806,1.570796,14
38.600000,65.00000,18.93806,1.570796,15
38.600000,65.00000,19.93806,1.570796,16
38.600000,65.00000,20.93806,1.570796,17
38.600000,65.00000,21.93806,1.570796,18
38.600000,65.00000,22.93806,1.570796,19
38.600000,65.00000,23.93806,1.570796,20
38.600000,65.00000,24.93806,1.570796,21
38.600000,65.00000,25.93806,1.570796,22
38.600000,65.00000,26.93806,1.570796,23
38.600000,65.00000,27.93806,1.570796,24
38.600000,65.00000,28.93806,1.570796,25
38.600000,65.00000,29.93806,1.570796,26
38.600000,65.00000,30.93806,1.570796,27
38.600000,65.00000,31.93806,1.570796,28
38.600000,65.00000,32.93806,1.570796,29
38.600000,65.00000,33.93806,1.570796,30
38.700000,60.37543,5.65452,0.827348,0
38.700000,60.96658,6.29746,0.933333,1
38.700000,61.52196,7.04736,1.000000,2
38.700000,62.02614,7.83258,1.330537,3
38.700000,62.25410,8.76305,1.401818,4
38.700000,62.41251,9.69155,1.200000,5
38.700000,62.73857,10.53023,0.998182,6
38.700000,63.24893,11.32189,1.069463,7
38.700000,63.70933,12.16199,1.140591,8
38.700000,64.11558,13.04732,1.211575,9
38.700000,64.46368,13.97431,1.282420,10
38.700000,64.74987,14.93909,1.325456,11
38.700000,65.00000,15.93806,1.570796,12
38.700000,65.00000,16.93806,1.570796,13
38.700000,65.00000,17.93806,1.570796,14
38.700000,65.00000,18.93806,1.570796,15
38.700000,65.00000,19.93806,1.570796,16
38.700000,65.00000,20.93806,1.570796,17
38.700000,65.00000,21.93806,1.570796,18
38.700000,65.00000,22.93806,1.570796,19
38.700000,65.00000,23.93806,1.570796,20
38.700000,65.00000,24.93806,1.570796,21
38.700000,65.00000,25.93806,1.570796,22
38.700000,65.00000,26.93806,1.570796,23
38.700000,65.00000,27.93806,1.570796,24
38.700000,65.00000,28.93806,1.570796,25
38.700000,65.00000,29.93806,1.570796,26
38.700000,65.00000,30.93806,1.570796,27
38.700000,65.00000,31.93806,1.570796,28
38.700000,65.00000,32.93806,1.570796,29
38.700000,65.00000,33.93806,1.570796,30
38.800000,60.45305,5.68108,0.876178,0
38.800000,60.96658,6.29746,0.933333,1
38.800000,61.52196,7.04736,1.000000,2
38.800000,62.02614,7.83258,1.330537,3
38.800000,62.25410,8.76305,1.401818,4
38.800000,62.41251,9.69155,1.200000,5
38.800000,62.73857,10.53023,0.998182,6
38.800000,63.24893,11.32189,1.069463,7
38.800000,63.70933,12.16199,1.140591,8
38.800000,64.11558,13.04732,1.211575,9
38.800000,64.46368,13.97431,1.282420,10
38.800000,64.74987,14.93909,1.325456,11
38.800000,65.00000,15.93806,1.570796,12
38.800000,65.00000,16.93806,1.570796,13
38.800000,65.00000,17.93806,1.570796,14
38.800000,65.00000,18.93806,1.570796,15
38.800000,65.00000,19.93806,1.570796,16
38.800000,65.00000,20.93806,1.570796,17
38.800000,65.00000,21.93806,1.570796,18
38.800000,65.00000,22.93806,1.570796,19
38.800000,65.00000,23.93806,1.570796,20
38.800000,65.00000,24.93806,1.570796,21
38.800000,65.00000,25.93806,1.570796,22
38.800000,65.00000,26.93806,1.570796,23
38.800000,65.00000,27.93806,1.570796,24
38.800000,65.00000,28.93806,1.570796,25
38.800000,65.00000,29.93806,1.570796,26
38.800000,65.00000,30.93806,1.570796,27
38.800000,65.00000,31.93806,1.570796,28
38.800000,65.00000,32.93806,1.570796,29
38.800000,65.00000,33.93806,1.570796,30
38.900000,60.57797,5.75677,0.934858,0
38.900000,61.25052,6.66778,0.966667,1
38.900000,61.78059,7.43577,1.297204,2
38.900000,62.03943,8.35812,1.368485,3
38.900000,62.22870,9.28082,1.166667,4
38.900000,62.58253,10.10817,0.964849,5
38.900000,63.11898,10.88239,1.036130,6
38.900000,63.60713,11.70667,1.107258,7
38.900000,64.04266,12.57797,1.178241,8
38.900000,64.42146,13.49285,1.249086,9
38.900000,64.73965,14.44755,1.313765,10
38.900000,65.00000,15.43806,1.570796,11
38.900000,65.00000,16.43806,1.570796,12
38.900000,65.00000,17.43806,1.570796,13
38.900000,65.00000,18.43806,1.570796,14
38.900000,65.00000,19.43806,1.570796,15
38.900000,65.00000,20.43806,1.570796,16
38.900000,65.00000,21.43806,1.570796,17
38.900000,65.00000,22.43806,1.570796,18
38.900000,65.00000,23.43806,1.570796,19
38.900000,65.00000,24.43806,1.570796,20
38.900000,65.00000,25.43806,1.570796,21
38.900000,65.00000,26.43806,1.570796,22
38.900000,65.00000,27.43806,1.570796,23
38.900000,65.00000,28.43806,1.570796,24
38.900000,65.00000,29.43806,1.570796,25
38.900000,65.00000,30.43806,1.570796,26
38.900000,65.00000,31.43806,1.570796,27
38.900000,65.00000,32.43806,1.570796,28
38.900000,65.00000,33.43806,1.570796,29
38.900000,65.00000,34.43806,1.570796,30
39.000000,60.67876,5.84351,0.964349,0
39.000000,61.25052,6.66778,0.966667,1
39.000000,61.78059,7.43577,1.297204,2
39.000000,62.03943,8.35812,1.368485,3
39.000000,62.22870,9.28082,1.166667,4
39.000000,62.58253,10.10817,0.964849,5
39.000000,63.11898,10.88239,1.036130,6
39.000000,63.60713,11.70667,1.107258,7
39.000000,64.04266,12.57797,1.178241,8
39.000000,64.42146,13.49285,1.249086,9
39.000000,64.73965,14.44755,1.313765,10
39.000000,65.00000,15.43806,1.570796,11
39.000000,65.00000,16.43806,1.570796,12
39.000000,65.00000,17.43806,1.570796,13
39.000000,65.00000,18.43806,1.570796,14
39.000000,65.00000,19.43806,1.570796,15
39.000000,65.00000,20.43806,1.570796,16
39.000000,65.00000,21.43806,1.570796,17
39.000000,65.00000,22.43806,1.570796,18
39.000000,65.00000,23.43806,1.570796,19
39.000000,65.00000,24.43806,1.570796,20
39.000000,65.00000,25.43806,1.570796,21
39.000000,65.00000,26.43806,1.570796,22
39.000000,65.00000,27.43806,1.570796,23
39.000000,65.00000,28.43806,1.570796,24
39.000000,65.00000,29.43806,1.570796,25
39.000000,65.00000,30.43806,1.570796,26
39.000000,65.00000,31.43806,1.570796,27
39.000000,65.00000,32.43806,1.570796,28
39.000000,65.00000,33.43806,1.570796,29
39.000000,65.00000,34.43806,1.570796,30
39.100000,60.78548,5.92902,1.008979,0
39.100000,61.25052,6.66778,0.966667,1
39.100000,61.78059,7.43577,1.033333,2
39.100000,62.25833,8.23736,1.363870,3
39.100000,62.45515,9.17491,1.166667,4
39.100000,62.81554,10.01758,1.233333,5
39.100000,63.11898,10.88239,1.036130,6
39.100000,63.60713,11.70667,1.107258,7
39.100000,64.04266,12.57797,1.178241,8
39.100000,64.42146,13.49285,1.249086,9
39.100000,64.73965,14.44755,1.313765,10
39.100000,65.00000,15.43806,1.570796,11
39.100000,65.00000,16.43806,1.570796,12
39.100000,65.00000,17.43806,1.570796,13
39.100000,65.00000,18.43806,1.570796,14
39.100000,65.00000,19.43806,1.570796,15
39.100000,65.00000,20.43806,1.570796,16
39.100000,65.00000,21.43806,1.570796,17
39.100000,65.00000,22.43806,1.570796,18
39.100000,65.00000,23.43806,1.570796,19
39.100000,65.00000,24.43806,1.570796,20
39.100000,65.00000,25.43806,1.570796,21
39.100000,65.00000,26.43806,1.570796,22
39.100000,65.00000,27.43806,1.570796,23
39.100000,65.00000,28.43806,1.570796,24
39.100000,65.00000,29.43806,1.570796,25
39.100000,65.00000,30.43806,1.570796,26
39.100000,65.00000,31.43806,1.570796,27
39.100000,65.00000,32.43806,1.570796,28
39.100000,65.00000,33.43806,1.570796,29
39.100000,65.00000,34.43806,1.570796,30
39.200000,60.86729,5.99700,1.051730,0
39.200000,61.25052,6.66778,0.966667,1
39.200000,61.78059,7.43577,1.297204,2
39.200000,62.03943,8.35812,1.368485,3
39.200000,62.22870,9.28082,1.166667,4
39.200000,62.58253,10.10817,0.964849,5
39.200000,63.11898,10.88239,1.036130,6
39.200000,63.60713,11.70667,1.107258,7
39.200000,64.04266,12.57797,1.178241,8
39.200000,64.42146,13.49285,1.249086,9
39.200000,64.73965,14.44755,1.313765,10
39.200000,65.00000,15.43806,1.570796,11
39.200000,65.00000,16.43806,1.570796,12
39.200000,65.00000,17.43806,1.570796,13
39.200000,65.00000,18.43806,1.570796,14
39.200000,65.00000,19.43806,1.570796,15
39.200000,65.00000,20.43806,1.570796,16
39.200000,65.00000,21.43806,1.570796,17
39.200000,65.00000,22.43806,1.570796,18
39.200000,65.00000,23.43806,1.570796,19
39.200000,65.00000,24.43806,1.570796,20
39.200000,65.00000,25.43806,1.570796,21
39.200000,65.00000,26.43806,1.570796,22
39.200000,65.00000,27.43806,1.570796,23
39.200000,65.00000,28.43806,1.570796,24
39.200000,65.00000,29.43806,1.570796,25
39.200000,65.00000,30.43806,1.570796,26
39.200000,65.00000,31.43806,1.570796,27
39.200000,65.00000,32.43806,1.570796,28
39.200000,65.00000,33.43806,1.570796,29
39.200000,65.00000,34.43806,1.570796,30
39.300000,60.93392,6.07104,1.028691,0
39.300000,61.52196,7.04736,1.000000,1
39.300000,62.02614,7.83258,1.330537,2
39.300000,62.25410,8.76305,1.401818,3
39.300000,62.41251,9.69155,1.200000,4
39.300000,62.73857,10.53023,0.998182,5
39.300000,63.24893,11.32189,1.069463,6
39.300000,63.70933,12.16199,1.140591,7
39.300000,64.11558,13.04732,1.211575,8
39.300000,64.46368,13.97431,1.282420,9
39.300000,64.74987,14.93909,1.325456,10
39.300000,65.00000,15.93806,1.570796,11
39.300000,65.00000,16.93806,1.570796,12
39.300000,65.00000,17.93806,1.570796,13
39.300000,65.00000,18.93806,1.570796,14
39.300000,65.00000,19.93806,1.570796,15
39.300000,65.00000,20.93806,1.570796,16
39.300000,65.00000,21.93806,1.570796,17
39.300000,65.00000,22.93806,1.570796,18
39.300000,65.00000,23.93806,1.570796,19
39.300000,65.00000,24.93806,1.570796,20
39.300000,65.00000,25.93806,1.570796,21
39.300000,65.00000,26.93806,1.570796,22
39.300000,65.00000,27.93806,1.570796,23
39.300000,65.00000,28.93806,1.570796,24
39.300000,65.00000,29.93806,1.570796,25
39.300000,65.00000,30.93806,1.570796,26
39.300000,65.00000,31.93806,1.570796,27
39.300000,65.00000,32.93806,1.570796,28
39.300000,65.00000,33.93806,1.570796,29
39.300000,65.00000,34.93806,1.570796,30
39.400000,61.04327,6.13201,1.088952,0
39.400000,61.52196,7.04736,1.000000,1
39.400000,62.02614,7.83258,1.330537,2
39.400000,62.25410,8.76305,1.401818,3
39.400000,62.41251,9.69155,1.200000,4
39.400000,62.73857,10.53023,0.998182,5
39.400000,63.24893,11.32189,1.069463,6
39.400000,63.70933,12.16199,1.140591,7
39.400000,64.11558,13.04732,1.211575,8
39.400000,64.46368,13.97431,1.282420,9
39.400000,64.74987,14.93909,1.325456,10
39.400000,65.00000,15.93806,1.570796,11
39.400000,65.00000,16.93806,1.570796,12
39.400000,65.00000,17.93806,1.570796,13
39.400000,65.00000,18.93806,1.570796,14
39.400000,65.00000,19.93806,1.570796,15
39.400000,65.00000,20.93806,1.570796,16
39.400000,65.00000,21.93806,1.570796,17
39.400000,65.00000,22.93806,1.570796,18
39.400000,65.00000,23.93806,1.570796,19
39.400000,65.00000,24.93806,1.570796,20
39.400000,65.00000,25.93806,1.570796,21
39.400000,65.00000,26.93806,1.570796,22
39.400000,65.00000,27.93806,1.570796,23
39.400000,65.00000,28.93806,1.570796,24
39.400000,65.00000,29.93806,1.570796,25
39.400000,65.00000,30.93806,1.570796,26
39.400000,65.00000,31.93806,1.570796,27
39.400000,65.00000,32.93806,1.570796,28
39.400000,65.00000,33.93806,1.570796,29
39.400000,65.00000,34.93806,1.570796,30
39.500000,61.10533,6.20413,1.111898,0
39.500000,61.52196,7.04736,1.000000,1
39.500000,62.02614,7.83258,1.330537,2
39.500000,62.25410,8.76305,1.401818,3
39.500000,62.41251,9.69155,1.200000,4
39.500000,62.73857,10.53023,0.998182,5
39.500000,63.24893,11.32189,1.069463,6
39.500000,63.70933,12.16199,1.140591,7
39.500000,64.11558,13.04732,1.211575,8
39.500000,64.46368,13.97431,1.282420,9
39.500000,64.74987,14.93909,1.325456,10
39.500000,65.00000,15.93806,1.570796,11
39.500000,65.00000,16.93806,1.570796,12
39.500000,65.00000,17.93806,1.570796,13
39.500000,65.00000,18.93806,1.570796,14
39.500000,65.00000,19.93806,1.570796,15
39.500000,65.00000,20.93806,1.570796,16
39.500000,65.00000,21.93806,1.570796,17
39.500000,65.00000,22.93806,1.570796,18
39.500000,65.00000,23.93806,1.570796,19
39.500000,65.00000,24.93806,1.570796,20
39.500000,65.00000,25.93806,1.570796,21
39.500000,65.00000,26.93806,1.570796,22
39.500000,65.00000,27.93806,1.570796,23
39.500000,65.00000,28.93806,1.570796,24
39.500000,65.00000,29.93806,1.570796,25
39.500000,65.00000,30.93806,1.570796,26
39.500000,65.00000,31.93806,1.570796,27
39.500000,65.00000,32.93806,1.570796,28
39.500000,65.00000,33.93806,1.570796,29
39.500000,65.00000,34.93806,1.570796,30
39.600000,61.20544,6.29408,1.173008,0
39.600000,61.52196,7.04736,1.000000,1
39.600000,62.02614,7.83258,1.330537,2
39.600000,62.25410,8.76305,1.401818,3
39.600000,62.41251,9.69155,1.200000,4
39.600000,62.73857,10.53023,0.998182,5
39.600000,63.24893,11.32189,1.069463,6
39.600000,63.70933,12.16199,1.140591,7
39.600000,64.11558,13.04732,1.211575,8
39.600000,64.46368,13.97431,1.282420,9
39.600000,64.74987,14.93909,1.325456,10
39.600000,65.00000,15.93806,1.570796,11
39.600000,65.00000,16.93806,1.570796,12
39.600000,65.00000,17.93806,1.570796,13
39.600000,65.00000,18.93806,1.570796,14
39.600000,65.00000,19.93806,1.570796,15
39.600000,65.00000,20.93806,1.570796,16
39.600000,65.00000,21.93806,1.570796,17
39.600000,65.00000,22.93806,1.570796,18
39.600000,65.00000,23.93806,1.570796,19
39.600000,65.00000,24.93806,1.570796,20
39.600000,65.00000,25.93806,1.570796,21
39.600000,65.00000,26.93806,1.570796,22
39.600000,65.00000,27.93806,1.570796,23
39.600000,65.00000,28.93806,1.570796,24
39.600000,65.00000,29.93806,1.570796,25
39.600000,65.00000,30.93806,1.570796,26
39.600000,65.00000,31.93806,1.570796,27
39.600000,65.00000,32.93806,1.570796,28
39.600000,65.00000,33.93806,1.570796,29
39.600000,65.00000,34.93806,1.570796,30
39.700000,61.30528,6.36712,1.152293,0
39.700000,61.78059,7.43577,1.033333,1
39.700000,62.25833,8.23736,1.363870,2
39.700000,62.45515,9.17491,1.166667,3
39.700000,62.81554,10.01758,1.233333,4
39.700000,63.11898,10.88239,1.036130,5
39.700000,63.60713,11.70667,1.107258,6
39.700000,64.04266,12.57797,1.178241,7
39.700000,64.42146,13.49285,1.249086,8
39.700000,64.73965,14.44755,1.313765,9
39.700000,65.00000,15.43806,1.570796,10
39.700000,65.00000,16.43806,1.570796,11
39.700000,65.00000,17.43806,1.570796,12
39.700000,65.00000,18.43806,1.570796,13
39.700000,65.00000,19.43806,1.570796,14
39.700000,65.00000,20.43806,1.570796,15
39.700000,65.00000,21.43806,1.570796,16
39.700000,65.00000,22.43806,1.570796,17
39.700000,65.00000,23.43806,1.570796,18
39.700000,65.00000,24.43806,1.570796,19
39.700000,65.00000,25.43806,1.570796,20
39.700000,65.00000,26.43806,1.570796,21
39.700000,65.00000,27.43806,1.570796,22
39.700000,65.00000,28.43806,1.570796,23
39.700000,65.00000,29.43806,1.570796,24
39.700000,65.00000,30.43806,1.570796,25
39.700000,65.00000,31.43806,1.570796,26
39.700000,65.00000,32.43806,1.570796,27
39.700000,65.00000,33.43806,1.570796,28
39.700000,65.00000,34.43806,1.570796,29
39.700000,65.00000,35.43806,1.570796,30
39.800000,61.40040,6.41706,1.213595,0
39.800000,61.78059,7.43577,1.033333,1
39.800000,62.25833,8.23736,1.363870,2
39.800000,62.45515,9.17491,1.166667,3
39.800000,62.81554,10.01758,1.233333,4
39.800000,63.11898,10.88239,1.036130,5
39.800000,63.60713,11.70667,1.107258,6
39.800000,64.04266,12.57797,1.178241,7
39.800000,64.42146,13.49285,1.249086,8
39.800000,64.73965,14.44755,1.313765,9
39.800000,65.00000,15.43806,1.570796,10
39.800000,65.00000,16.43806,1.570796,11
39.800000,65.00000,17.43806,1.570796,12
39.800000,65.00000,18.43806,1.570796,13
39.800000,65.00000,19.43806,1.570796,14
39.800000,65.00000,20.43806,1.570796,15
39.800000,65.00000,21.43806,1.570796,16
39.800000,65.00000,22.43806,1.570796,17
39.800000,65.00000,23.43806,1.570796,18
39.800000,65.00000,24.43806,1.570796,19
39.800000,65.00000,25.43806,1.570796,20
39.800000,65.00000,26.43806,1.570796,21
39.800000,65.00000,27.43806,1.570796,22
39.800000,65.00000,28.43806,1.570796,23
39.800000,65.00000,29.43806,1.570796,24
39.800000,65.00000,30.43806,1.570796,25
39.800000,65.00000,31.43806,1.570796,26
39.800000,65.00000,32.43806,1.570796,27
39.800000,65.00000,33.43806,1.570796,28
39.800000,65.00000,34.43806,1.570796,29
39.800000,65.00000,35.43806,1.570796,30
39.900000,61.44611,6.49137,1.230408,0
39.900000,61.78059,7.43577,1.297204,1
39.900000,62.03943,8.35812,1.368485,2
39.900000,62.22870,9.28082,1.166667,3
39.900000,62.58253,10.10817,1.233333,4
39.900000,62.88046,10.95725,1.031515,5
39.900000,63.36415,11.76548,1.102796,6
39.900000,63.79630,12.62046,1.173925,7
39.900000,64.17281,13.51883,1.244908,8
39.900000,64.48983,14.45691,1.311587,9
39.900000,64.75000,15.43806,1.325818,10
39.900000,65.00000,16.43806,1.570796,11
39.900000,65.00000,17.43806,1.570796,12
39.900000,65.00000,18.43806,1.570796,13
39.900000,65.00000,19.43806,1.570796,14
39.900000,65.00000,20.43806,1.570796,15
39.900000,65.00000,21.43806,1.570796,16
39.900000,65.00000,22.43806,1.570796,17
39.900000,65.00000,23.43806,1.570796,18
39.900000,65.00000,24.43806,1.570796,19
39.900000,65.00000,25.43806,1.570796,20
39.900000,65.00000,26.43806,1.570796,21
39.900000,65.00000,27.43806,1.570796,22
39.900000,65.00000,28.43806,1.570796,23
39.900000,65.00000,29.43806,1.570796,24
39.900000,65.00000,30.43806,1.570796,25
39.900000,65.00000,31.43806,1.570796,26
39.900000,65.00000,32.43806,1.570796,27
39.900000,65.00000,33.43806,1.570796,28
39.900000,65.00000,34.43806,1.570796,29
39.900000,65.00000,35.43806,1.570796,30
40.000000,61.57991,6.57311,1.342232,0
40.000000,61.78059,7.43577,1.297204,1
40.000000,62.03943,8.35812,1.368485,2
40.000000,62.22870,9.28082,1.166667,3
40.000000,62.58253,10.10817,0.964849,4
40.000000,63.11898,10.88239,1.036130,5
40.000000,63.60713,11.70667,1.107258,6
40.000000,64.04266,12.57797,1.178241,7
40.000000,64.42146,13.49285,1.249086,8
40.000000,64.73965,14.44755,1.313765,9
40.000000,65.00000,15.43806,1.570796,10
40.000000,65.00000,16.43806,1.570796,11
40.000000,65.00000,17.43806,1.570796,12
40.000000,65.00000,18.43806,1.570796,13
40.000000,65.00000,19.43806,1.570796,14
40.000000,65.00000,20.43806,1.570796,15
40.000000,65.00000,21.43806,1.570796,16
40.000000,65.00000,22.43806,1.570796,17
40.000000,65.00000,23.43806,1.570796,18
40.000000,65.00000,24.43806,1.570796,19
40.000000,65.00000,25.43806,1.570796,20
40.000000,65.00000,26.43806,1.570796,21
40.000000,65.00000,27.43806,1.570796,22
40.000000,65.00000,28.43806,1.570796,23
40.000000,65.00000,29.43806,1.570796,24
40.000000,65.00000,30.43806,1.570796,25
40.000000,65.00000,31.43806,1.570796,26
40.000000,65.00000,32.43806,1.570796,27
40.000000,65.00000,33.43806,1.570796,28
40.000000,65.00000,34.43806,1.570796,29
40.000000,65.00000,35.43806,1.570796,30
40.100000,61.68957,6.60521,1.161870,0
40.100000,61.99096,7.30069,1.292742,1
40.100000,62.25833,8.23736,1.363870,2
40.100000,62.45515,9.17491,1.166667,3
40.100000,62.81554,10.01758,1.233333,4
40.100000,63.11898,10.88239,1.036130,5
40.100000,63.60713,11.70667,1.107258,6
40.100000,64.04266,12.57797,1.178241,7
40.100000,64.42146,13.49285,1.249086,8
40.100000,64.73965,14.44755,1.313765,9
40.100000,65.00000,15.43806,1.570796,10
40.100000,65.00000,16.43806,1.570796,11
40.100000,65.00000,17.43806,1.570796,12
40.100000,65.00000,18.43806,1.570796,13
40.100000,65.00000,19.43806,1.570796,14
40.100000,65.00000,20.43806,1.570796,15
40.100000,65.00000,21.43806,1.570796,16
40.100000,65.00000,22.43806,1.570796,17
40.100000,65.00000,23.43806,1.570796,18
40.100000,65.00000,24.43806,1.570796,19
40.100000,65.00000,25.43806,1.570796,20
40.100000,65.00000,26.43806,1.570796,21
40.100000,65.00000,27.43806,1.570796,22
40.100000,65.00000,28.43806,1.570796,23
40.100000,65.00000,29.43806,1.570796,24
40.100000,65.00000,30.43806,1.570796,25
40.100000,65.00000,31.43806,1.570796,26
40.100000,65.00000,32.43806,1.570796,27
40.100000,65.00000,33.43806,1.570796,28
40.100000,65.00000,34.43806,1.570796,29
40.100000,65.00000,35.43806,1.570796,30
40.200000,61.79407,6.76406,1.356928,0
40.200000,62.02614,7.83258,1.330537,1
40.200000,62.25410,8.76305,1.401818,2
40.200000,62.41251,9.69155,1.200000,3
40.200000,62.73857,10.53023,0.998182,4
40.200000,63.24893,11.32189,1.069463,5
40.200000,63.70933,12.16199,1.140591,6
40.200000,64.11558,13.04732,1.211575,7
40.200000,64.46368,13.97431,1.282420,8
40.200000,64.74987,14.93909,1.325456,9
40.200000,65.00000,15.93806,1.570796,10
40.200000,65.00000,16.93806,1.570796,11
40.200000,65.00000,17.93806,1.570796,12
40.200000,65.00000,18.93806,1.570796,13
40.200000,65.00000,19.93806,1.570796,14
40.200000,65.00000,20.93806,1.570796,15
40.200000,65.00000,21.93806,1.570796,16
40.200000,65.00000,22.93806,1.570796,17
40.200000,65.00000,23.93806,1.570796,18
40.200000,65.00000,24.93806,1.570796,19
40.200000,65.00000,25.93806,1.570796,20
40.200000,65.00000,26.93806,1.570796,21
40.200000,65.00000,27.93806,1.570796,22
40.200000,65.00000,28.93806,1.570796,23
40.200000,65.00000,29.93806,1.570796,24
40.200000,65.00000,30.93806,1.570796,25
40.200000,65.00000,31.93806,1.570796,26
40.200000,65.00000,32.93806,1.570796,27
40.200000,65.00000,33.93806,1.570796,28
40.200000,65.00000,34.93806,1.570796,29
40.200000,65.00000,35.93806,1.570796,30
40.300000,61.93091,6.80355,1.478516,0
40.300000,62.02614,7.83258,1.330537,1
40.300000,62.25410,8.76305,1.401818,2
40.300000,62.41251,9.69155,1.200000,3
40.300000,62.73857,10.53023,0.998182,4
40.300000,63.24893,11.32189,1.069463,5
40.300000,63.70933,12.16199,1.140591,6
40.300000,64.11558,13.04732,1.211575,7
40.300000,64.46368,13.97431,1.282420,8
40.300000,64.74987,14.93909,1.325456,9
40.300000,65.00000,15.93806,1.570796,10
40.300000,65.00000,16.93806,1.570796,11
40.300000,65.00000,17.93806,1.570796,12
40.300000,65.00000,18.93806,1.570796,13
40.300000,65.00000,19.93806,1.570796,14
40.300000,65.00000,20.93806,1.570796,15
40.300000,65.00000,21.93806,1.570796,16
40.300000,65.00000,22.93806,1.570796,17
40.300000,65.00000,23.93806,1.570796,18
40.300000,65.00000,24.93806,1.570796,19
40.300000,65.00000,25.93806,1.570796,20
40.300000,65.00000,26.93806,1.570796,21
40.300000,65.00000,27.93806,1.570796,22
40.300000,65.00000,28.93806,1.570796,23
40.300000,65.00000,29.93806,1.570796,24
40.300000,65.00000,30.93806,1.570796,25
40.300000,65.00000,31.93806,1.570796,26
40.300000,65.00000,32.93806,1.570796,27
40.300000,65.00000,33.93806,1.570796,28
40.300000,65.00000,34.93806,1.570796,29
40.300000,65.00000,35.93806,1.570796,30
40.400000,62.05801,6.92848,1.339374,0
40.400000,62.24090,7.70459,1.326075,1
40.400000,62.47690,8.64965,1.397204,2
40.400000,62.64237,9.59324,1.200000,3
40.400000,62.97447,10.44745,1.266667,4
40.400000,63.24893,11.32189,1.069463,5
40.400000,63.70933,12.16199,1.140591,6
40.400000,64.11558,13.04732,1.211575,7
40.400000,64.46368,13.97431,1.282420,8
40.400000,64.74987,14.93909,1.325456,9
40.400000,65.00000,15.93806,1.570796,10
40.400000,65.00000,16.93806,1.570796,11
40.400000,65.00000,17.93806,1.570796,12
40.400000,65.00000,18.93806,1.570796,13
40.400000,65.00000,19.93806,1.570796,14
40.400000,65.00000,20.93806,1.570796,15
40.400000,65.00000,21.93806,1.570796,16
40.400000,65.00000,22.93806,1.570796,17
40.400000,65.00000,23.93806,1.570796,18
40.400000,65.00000,24.93806,1.570796,19
40.400000,65.00000,25.93806,1.570796,20
40.400000,65.00000,26.93806,1.570796,21
40.400000,65.00000,27.93806,1.570796,22
40.400000,65.00000,28.93806,1.570796,23
40.400000,65.00000,29.93806,1.570796,24
40.400000,65.00000,30.93806,1.570796,25
40.400000,65.00000,31.93806,1.570796,26
40.400000,65.00000,32.93806,1.570796,27
40.400000,65.00000,33.93806,1.570796,28
40.400000,65.00000,34.93806,1.570796,29
40.400000,65.00000,35.93806,1.570796,30
40.500000,62.17286,7.07923,1.497130,0
40.500000,62.25833,8.23736,1.363870,1
40.500000,62.45515,9.17491,1.166667,2
40.500000,62.81554,10.01758,1.233333,3
40.500000,63.11898,10.88239,1.036130,4
40.500000,63.60713,11.70667,1.107258,5
40.500000,64.04266,12.57797,1.178241,6
40.500000,64.42146,13.49285,1.249086,7
40.500000,64.73965,14.44755,1.313765,8
40.500000,65.00000,15.43806,1.570796,9
40.500000,65.00000,16.43806,1.570796,10
40.500000,65.00000,17.43806,1.570796,11
40.500000,65.00000,18.43806,1.570796,12
40.500000,65.00000,19.43806,1.570796,13
40.500000,65.00000,20.43806,1.570796,14
40.500000,65.00000,21.43806,1.570796,15
40.500000,65.00000,22.43806,1.570796,16
40.500000,65.00000,23.43806,1.570796,17
40.500000,65.00000,24.43806,1.570796,18
40.500000,65.00000,25.43806,1.570796,19
40.500000,65.00000,26.43806,1.570796,20
40.500000,65.00000,27.43806,1.570796,21
40.500000,65.00000,28.43806,1.570796,22
40.500000,65.00000,29.43806,1.570796,23
40.500000,65.00000,30.43806,1.570796,24
40.500000,65.00000,31.43806,1.570796,25
40.500000,65.00000,32.43806,1.570796,26
40.500000,65.00000,33.43806,1.570796,27
40.500000,65.00000,34.43806,1.570796,28
40.500000,65.00000,35.43806,1.570796,29
40.500000,65.00000,36.43806,1.570796,30
40.606000,62.33903,7.27175,1.654176,0
40.606000,62.25833,8.23736,1.599191,1
40.606000,62.22870,9.28082,1.166667,2
40.606000,62.58253,10.10817,1.233333,3
40.606000,62.88046,10.95725,1.031515,4
40.606000,63.36415,11.76548,1.102796,5
40.606000,63.79630,12.62046,1.173925,6
40.606000,64.17281,13.51883,1.500000,7
40.606000,64.24000,14.46628,1.560508,8
40.606000,64.25000,15.43806,1.570796,9
40.606000,64.25000,16.43806,1.570796,10
40.606000,64.25000,17.43806,1.570796,11
40.606000,64.25000,18.43806,1.570796,12
40.606000,64.25000,19.43806,1.570796,13
40.606000,64.25000,20.43806,1.570796,14
40.606000,64.25000,21.43806,1.815775,15
40.606000,64.00000,22.43806,1.815775,16
40.606000,63.75000,23.43806,2.034444,17
40.606000,63.25000,24.43806,1.570796,18
40.606000,63.25000,25.43806,1.325818,19
40.606000,63.50000,26.43806,1.325818,20
40.606000,63.75000,27.43806,1.325818,21
40.606000,64.00000,28.43806,1.325818,22
40.606000,64.25000,29.43806,1.325818,23
40.606000,64.50000,30.43806,1.570796,24
40.606000,64.50000,31.43806,1.570796,25
40.606000,64.50000,32.43806,1.570796,26
40.606000,64.50000,33.43806,1.570796,27
40.606000,64.50000,34.43806,1.570796,28
40.606000,64.50000,35.43806,1.570796,29
40.606000,64.50000,36.43806,1.570796,30
40.702000,62.41601,7.37283,1.523145,0
40.702000,62.47690,8.64965,1.632524,1
40.702000,62.41251,9.69155,1.200000,2
40.702000,62.73857,10.53023,0.998182,3
40.702000,63.24893,11.32189,1.069463,4
40.702000,63.70933,12.16199,1.140591,5
40.702000,64.11558,13.04732,1.211575,6
40.702000,64.46368,13.97431,1.533333,7
40.702000,64.49988,14.94012,1.570672,8
40.702000,64.50000,15.93806,1.570796,9
40.702000,64.50000,16.93806,1.570796,10
40.702000,64.50000,17.93806,1.570796,11
40.702000,64.50000,18.93806,1.570796,12
40.702000,64.50000,19.93806,1.570796,13
40.702000,64.50000,20.93806,1.815775,14
40.702000,64.25000,21.93806,1.815775,15
40.702000,64.00000,22.93806,2.034444,16
40.702000,63.50000,23.93806,1.815775,17
40.702000,63.25000,24.93806,1.570796,18
40.702000,63.25000,25.93806,1.325818,19
40.702000,63.50000,26.93806,1.325818,20
40.702000,63.75000,27.93806,1.325818,21
40.702000,64.00000,28.93806,1.325818,22
40.702000,64.25000,29.93806,1.325818,23
40.702000,64.50000,30.93806,1.570796,24
40.702000,64.50000,31.93806,1.570796,25
40.702000,64.50000,32.93806,1.570796,26
40.702000,64.50000,33.93806,1.570796,27
40.702000,64.50000,34.93806,1.570796,28
40.702000,64.50000,35.93806,1.570796,29
40.702000,64.50000,36.93806,1.570796,30
40.802000,62.51718,7.52863,1.606708,0
40.802000,62.47690,8.64965,1.632524,1
40.802000,62.41251,9.69155,1.200000,2
40.802000,62.73857,10.53023,0.998182,3
40.802000,63.24893,11.32189,1.069463,4
40.802000,63.70933,12.16199,1.140591,5
40.802000,64.11558,13.04732,1.211575,6
40.802000,64.46368,13.97431,1.533333,7
40.802000,64.49988,14.94012,1.570672,8
40.802000,64.50000,15.93806,1.570796,9
40.802000,64.50000,16.93806,1.570796,10
40.802000,64.50000,17.93806,1.570796,11
40.802000,64.50000,18.93806,1.570796,12
40.802000,64.50000,19.93806,1.570796,13
40.802000,64.50000,20.93806,1.815775,14
40.802000,64.25000,21.93806,1.815775,15
40.802000,64.00000,22.93806,2.034444,16
40.802000,63.50000,23.93806,1.815775,17
40.802000,63.25000,24.93806,1.570796,18
40.802000,63.25000,25.93806,1.325818,19
40.802000,63.50000,26.93806,1.325818,20
40.802000,63.75000,27.93806,1.325818,21
40.802000,64.00000,28.93806,1.325818,22
40.802000,64.25000,29.93806,1.325818,23
40.802000,64.50000,30.93806,1.570796,24
40.802000,64.50000,31.93806,1.570796,25
40.802000,64.50000,32.93806,1.570796,26
40.802000,64.50000,33.93806,1.570796,27
40.802000,64.50000,34.93806,1.570796,28
40.802000,64.50000,35.93806,1.570796,29
40.802000,64.50000,36.93806,1.570796,30
40.902000,62.64502,7.72486,1.750620,0
40.902000,62.47690,8.64965,1.397204,1
40.902000,62.64237,9.59324,1.200000,2
40.902000,62.97447,10.44745,1.266667,3
40.902000,63.24893,11.32189,1.069463,4
40.902000,63.70933,12.16199,1.140591,5
40.902000,64.11558,13.04732,1.211575,6
40.902000,64.46368,13.97431,1.533333,7
40.902000,64.49988,14.94012,1.570672,8
40.902000,64.50000,15.93806,1.570796,9
40.902000,64.50000,16.93806,1.570796,10
40.902000,64.50000,17.93806,1.570796,11
40.902000,64.50000,18.93806,1.570796,12
40.902000,64.50000,19.93806,1.570796,13
40.902000,64.50000,20.93806,1.815775,14
40.902000,64.25000,21.93806,1.815775,15
40.902000,64.00000,22.93806,2.034444,16
40.902000,63.50000,23.93806,1.815775,17
40.902000,63.25000,24.93806,1.570796,18
40.902000,63.25000,25.93806,1.325818,19
40.902000,63.50000,26.93806,1.325818,20
40.902000,63.75000,27.93806,1.325818,21
40.902000,64.00000,28.93806,1.325818,22
40.902000,64.25000,29.93806,1.325818,23
40.902000,64.50000,30.93806,1.570796,24
40.902000,64.50000,31.93806,1.570796,25
40.902000,64.50000,32.93806,1.570796,26
40.902000,64.50000,33.93806,1.570796,27
40.902000,64.50000,34.93806,1.570796,28
40.902000,64.50000,35.93806,1.570796,29
40.902000,64.50000,36.93806,1.570796,30
41.000000,62.69036,7.89858,1.753034,0
41.000000,62.45515,9.17491,1.166667,1
41.000000,62.81554,10.01758,1.233333,2
41.000000,63.11898,10.88239,1.300000,3
41.000000,63.36415,11.76548,1.102796,4
41.000000,63.79630,12.62046,1.173925,5
41.000000,64.17281,13.51883,1.500000,6
41.000000,64.24000,14.46628,1.560508,7
41.000000,64.25000,15.43806,1.570796,8
41.000000,64.25000,16.43806,1.570796,9
41.000000,64.25000,17.43806,1.570796,10
41.000000,64.25000,18.43806,1.570796,11
41.000000,64.25000,19.43806,1.570796,12
41.000000,64.25000,20.43806,1.570796,13
41.000000,64.25000,21.43806,1.815775,14
41.000000,64.00000,22.43806,1.815775,15
41.000000,63.75000,23.43806,2.034444,16
41.000000,63.25000,24.43806,1.570796,17
41.000000,63.25000,25.43806,1.325818,18
41.000000,63.50000,26.43806,1.325818,19
41.000000,63.75000,27.43806,1.325818,20
41.000000,64.00000,28.43806,1.325818,21
41.000000,64.25000,29.43806,1.325818,22
41.000000,64.50000,30.43806,1.325818,23
41.000000,64.75000,31.43806,1.570796,24
41.000000,64.75000,32.43806,1.570796,25
41.000000,64.75000,33.43806,1.570796,26
41.000000,64.75000,34.43806,1.570796,27
41.000000,64.75000,35.43806,1.570796,28
41.000000,64.75000,36.43806,1.570796,29
41.000000,64.75000,37.43806,1.570796,30
41.100000,62.82978,8.11322,1.910016,0
41.100000,62.45515,9.17491,1.166667,1
41.100000,62.81554,10.01758,1.233333,2
41.100000,63.11898,10.88239,1.036130,3
41.100000,63.60713,11.70667,1.107258,4
41.100000,64.04266,12.57797,1.178241,5
41.100000,64.42146,13.49285,1.500000,6
41.100000,64.48983,14.45691,1.560427,7
41.100000,64.50000,15.43806,1.570796,8
41.100000,64.50000,16.43806,1.570796,9
41.100000,64.50000,17.43806,1.570796,10
41.100000,64.50000,18.43806,1.570796,11
41.100000,64.50000,19.43806,1.570796,12
41.100000,64.50000,20.43806,1.815775,13
41.100000,64.25000,21.43806,1.815775,14
41.100000,64.00000,22.43806,1.815775,15
41.100000,63.75000,23.43806,2.034444,16
41.100000,63.25000,24.43806,1.570796,17
41.100000,63.25000,25.43806,1.325818,18
41.100000,63.50000,26.43806,1.325818,19
41.100000,63.75000,27.43806,1.325818,20
41.100000,64.00000,28.43806,1.325818,21
41.100000,64.25000,29.43806,1.325818,22
41.100000,64.50000,30.43806,1.325818,23
41.100000,64.75000,31.43806,1.570796,24
41.100000,64.75000,32.43806,1.570796,25
41.100000,64.75000,33.43806,1.570796,26
41.100000,64.75000,34.43806,1.570796,27
41.100000,64.75000,35.43806,1.570796,28
41.100000,64.75000,36.43806,1.570796,29
41.100000,64.75000,37.43806,1.570796,30
41.204000,62.89121,8.30648,1.761825,0
41.204000,62.64237,9.59324,1.200000,1
41.204000,62.97447,10.44745,1.266667,2
41.204000,63.24893,11.32189,1.069463,3
41.204000,63.70933,12.16199,1.140591,4
41.204000,64.11558,13.04732,1.466667,5
41.204000,64.21430,13.99199,1.533333,6
41.204000,64.24988,14.94115,1.570674,7
41.204000,64.25000,15.93806,1.570796,8
41.204000,64.25000,16.93806,1.570796,9
41.204000,64.25000,17.93806,1.570796,10
41.204000,64.25000,18.93806,1.570796,11
41.204000,64.25000,19.93806,1.570796,12
41.204000,64.25000,20.93806,1.815775,13
41.204000,64.00000,21.93806,1.815775,14
41.204000,63.75000,22.93806,2.034444,15
41.204000,63.25000,23.93806,1.570796,16
41.204000,63.25000,24.93806,1.570796,17
41.204000,63.25000,25.93806,1.325818,18
41.204000,63.50000,26.93806,1.325818,19
41.204000,63.75000,27.93806,1.325818,20
41.204000,64.00000,28.93806,1.325818,21
41.204000,64.25000,29.93806,1.325818,22
41.204000,64.50000,30.93806,1.325818,23
41.204000,64.75000,31.93806,1.570796,24
41.204000,64.75000,32.93806,1.570796,25
41.204000,64.75000,33.93806,1.570796,26
41.204000,64.75000,34.93806,1.570796,27
41.204000,64.75000,35.93806,1.570796,28
41.204000,64.75000,36.93806,1.570796,29
41.204000,64.75000,37.93806,1.570796,30
41.300000,62.96573,8.54490,1.869988,0
41.300000,62.64237,9.59324,1.200000,1
41.300000,62.97447,10.44745,1.266667,2
41.300000,63.24893,11.32189,1.069463,3
41.300000,63.70933,12.16199,1.140591,4
41.300000,64.11558,13.04732,1.211575,5
41.300000,64.46368,13.97431,1.533333,6
41.300000,64.49988,14.94012,1.570672,7
41.300000,64.50000,15.93806,1.570796,8
41.300000,64.50000,16.93806,1.570796,9
41.300000,64.50000,17.93806,1.570796,10
41.300000,64.50000,18.93806,1.570796,11
41.300000,64.50000,19.93806,1.570796,12
41.300000,64.50000,20.93806,1.815775,13
41.300000,64.25000,21.93806,1.815775,14
41.300000,64.00000,22.93806,2.034444,15
41.300000,63.50000,23.93806,1.815775,16
41.300000,63.25000,24.93806,1.570796,17
41.300000,63.25000,25.93806,1.325818,18
41.300000,63.50000,26.93806,1.325818,19
41.300000,63.75000,27.93806,1.325818,20
41.300000,64.00000,28.93806,1.325818,21
41.300000,64.25000,29.93806,1.325818,22
41.300000,64.50000,30.93806,1.325818,23
41.300000,64.75000,31.93806,1.570796,24
41.300000,64.75000,32.93806,1.570796,25
41.300000,64.75000,33.93806,1.570796,26
41.300000,64.75000,34.93806,1.570796,27
41.300000,64.75000,35.93806,1.570796,28
41.300000,64.75000,36.93806,1.570796,29
41.300000,64.75000,37.93806,1.570796,30
41.402000,63.08541,8.87733,1.803201,0
41.402000,62.81554,10.01758,1.233333,1
41.402000,63.11898,10.88239,1.036130,2
41.402000,63.60713,11.70667,1.107258,3
41.402000,64.04266,12.57797,1.178241,4
41.402000,64.42146,13.49285,1.500000,5
41.402000,64.48983,14.45691,1.560427,6
41.402000,64.50000,15.43806,1.570796,7
41.402000,64.50000,16.43806,1.570796,8
41.402000,64.50000,17.43806,1.570796,9
41.402000,64.50000,18.43806,1.570796,10
41.402000,64.50000,19.43806,1.570796,11
41.402000,64.50000,20.43806,1.815775,12
41.402000,64.25000,21.43806,1.815775,13
41.402000,64.00000,22.43806,2.034444,14
41.402000,63.50000,23.43806,2.034444,15
41.402000,63.00000,24.43806,1.570796,16
41.402000,63.00000,25.43806,1.325818,17
41.402000,63.25000,26.43806,1.325818,18
41.402000,63.50000,27.43806,1.325818,19
41.402000,63.75000,28.43806,1.107149,20
41.402000,64.25000,29.43806,1.325818,21
41.402000,64.50000,30.43806,1.325818,22
41.402000,64.75000,31.43806,1.570796,23
41.402000,64.75000,32.43806,1.570796,24
41.402000,64.75000,33.43806,1.570796,25
41.402000,64.75000,34.43806,1.570796,26
41.402000,64.75000,35.43806,1.570796,27
41.402000,64.75000,36.43806,1.570796,28
41.402000,64.75000,37.43806,1.570796,29
41.402000,64.75000,38.43806,1.570796,30
41.500000,63.09226,9.01392,1.839828,0
41.500000,62.81554,10.01758,1.233333,1
41.500000,63.11898,10.88239,1.300000,2
41.500000,63.36415,11.76548,1.102796,3
41.500000,63.79630,12.62046,1.173925,4
41.500000,64.17281,13.51883,1.500000,5
41.500000,64.24000,14.46628,1.560508,6
41.500000,64.25000,15.43806,1.570796,7
41.500000,64.25000,16.43806,1.570796,8
41.500000,64.25000,17.43806,1.570796,9
41.500000,64.25000,18.43806,1.570796,10
41.500000,64.25000,19.43806,1.570796,11
41.500000,64.25000,20.43806,1.570796,12
41.500000,64.25000,21.43806,1.815775,13
41.500000,64.00000,22.43806,2.034444,14
41.500000,63.50000,23.43806,2.034444,15
41.500000,63.00000,24.43806,1.570796,16
41.500000,63.00000,25.43806,1.325818,17
41.500000,63.25000,26.43806,1.325818,18
41.500000,63.50000,27.43806,1.325818,19
41.500000,63.75000,28.43806,1.107149,20
41.500000,64.25000,29.43806,1.325818,21
41.500000,64.50000,30.43806,1.325818,22
41.500000,64.75000,31.43806,1.570796,23
41.500000,64.75000,32.43806,1.570796,24
41.500000,64.75000,33.43806,1.570796,25
41.500000,64.75000,34.43806,1.570796,26
41.500000,64.75000,35.43806,1.570796,27
41.500000,64.75000,36.43806,1.570796,28
41.500000,64.75000,37.43806,1.570796,29
41.500000,64.75000,38.43806,1.570796,30
41.600000,63.16238,9.20032,1.720348,0
41.600000,62.97447,10.44745,1.266667,1
41.600000,63.24893,11.32189,1.069463,2
41.600000,63.70933,12.16199,1.140591,3
41.600000,64.11558,13.04732,1.211575,4
41.600000,64.46368,13.97431,1.533333,5
41.600000,64.49988,14.94012,1.570672,6
41.600000,64.50000,15.93806,1.570796,7
41.600000,64.50000,16.93806,1.570796,8
41.600000,64.50000,17.93806,1.570796,9
41.600000,64.50000,18.93806,1.570796,10
41.600000,64.50000,19.93806,1.570796,11
41.600000,64.50000,20.93806,1.815775,12
41.600000,64.25000,21.93806,1.815775,13
41.600000,64.00000,22.93806,2.034444,14
41.600000,63.50000,23.93806,1.815775,15
41.600000,63.25000,24.93806,1.570796,16
41.600000,63.25000,25.93806,1.325818,17
41.600000,63.50000,26.93806,1.325818,18
41.600000,63.75000,27.93806,1.325818,19
41.600000,64.00000,28.93806,1.325818,20
41.600000,64.25000,29.93806,1.325818,21
41.600000,64.50000,30.93806,1.325818,22
41.600000,64.75000,31.93806,1.570796,23
41.600000,64.75000,32.93806,1.570796,24
41.600000,64.75000,33.93806,1.570796,25
41.600000,64.75000,34.93806,1.570796,26
41.600000,64.75000,35.93806,1.570796,27
41.600000,64.75000,36.93806,1.570796,28
41.600000,64.75000,37.93806,1.570796,29
41.600000,64.75000,38.93806,1.570796,30
41.700000,63.20357,9.39643,1.785417,0
41.700000,62.97447,10.44745,1.266667,1
41.700000,63.24893,11.32189,1.069463,2
41.700000,63.70933,12.16199,1.140591,3
41.700000,64.11558,13.04732,1.211575,4
41.700000,64.46368,13.97431,1.533333,5
41.700000,64.49988,14.94012,1.570672,6
41.700000,64.50000,15.93806,1.570796,7
41.700000,64.50000,16.93806,1.570796,8
41.700000,64.50000,17.93806,1.570796,9
41.700000,64.50000,18.93806,1.570796,10
41.700000,64.50000,19.93806,1.570796,11
41.700000,64.50000,20.93806,1.815775,12
41.700000,64.25000,21.93806,1.815775,13
41.700000,64.00000,22.93806,2.034444,14
41.700000,63.50000,23.93806,1.815775,15
41.700000,63.25000,24.93806,1.570796,16
41.700000,63.25000,25.93806,1.325818,17
41.700000,63.50000,26.93806,1.325818,18
41.700000,63.75000,27.93806,1.325818,19
41.700000,64.00000,28.93806,1.325818,20
41.700000,64.25000,29.93806,1.325818,21
41.700000,64.50000,30.93806,1.325818,22
41.700000,64.75000,31.93806,1.570796,23
41.700000,64.75000,32.93806,1.570796,24
41.700000,64.75000,33.93806,1.570796,25
41.700000,64.75000,34.93806,1.570796,26
41.700000,64.75000,35.93806,1.570796,27
41.700000,64.75000,36.93806,1.570796,28
41.700000,64.75000,37.93806,1.570796,29
41.700000,64.75000,38.93806,1.570796,30
41.800000,63.27012,9.60110,1.498481,0
41.800000,63.35751,10.80752,1.300000,1
41.800000,63.60713,11.70667,1.107258,2
41.800000,64.04266,12.57797,1.178241,3
41.800000,64.42146,13.49285,1.500000,4
41.800000,64.48983,14.45691,1.560427,5
41.800000,64.50000,15.43806,1.570796,6
41.800000,64.50000,16.43806,1.570796,7
41.800000,64.50000,17.43806,1.570796,8
41.800000,64.50000,18.43806,1.570796,9
41.800000,64.50000,19.43806,1.570796,10
41.800000,64.50000,20.43806,1.815775,11
41.800000,64.25000,21.43806,1.815775,12
41.800000,64.00000,22.43806,1.815775,13
41.800000,63.75000,23.43806,2.034444,14
41.800000,63.25000,24.43806,1.570796,15
41.800000,63.25000,25.43806,1.325818,16
41.800000,63.50000,26.43806,1.325818,17
41.800000,63.75000,27.43806,1.325818,18
41.800000,64.00000,28.43806,1.325818,19
41.800000,64.25000,29.43806,1.325818,20
41.800000,64.50000,30.43806,1.325818,21
41.800000,64.75000,31.43806,1.570796,22
41.800000,64.75000,32.43806,1.570796,23
41.800000,64.75000,33.43806,1.570796,24
41.800000,64.75000,34.43806,1.570796,25
41.800000,64.75000,35.43806,1.570796,26
41.800000,64.75000,36.43806,1.570796,27
41.800000,64.75000,37.43806,1.570796,28
41.800000,64.75000,38.43806,1.570796,29
41.800000,64.75000,39.43806,1.570796,30
41.900000,63.32878,9.78675,1.542653,0
41.900000,63.35751,10.80752,1.300000,1
41.900000,63.60713,11.70667,1.107258,2
41.900000,64.04266,12.57797,1.178241,3
41.900000,64.42146,13.49285,1.500000,4
41.900000,64.48983,14.45691,1.560427,5
41.900000,64.50000,15.43806,1.570796,6
41.900000,64.50000,16.43806,1.570796,7
41.900000,64.50000,17.43806,1.570796,8
41.900000,64.50000,18.43806,1.570796,9
41.900000,64.50000,19.43806,1.570796,10
41.900000,64.50000,20.43806,1.815775,11
41.900000,64.25000,21.43806,1.815775,12
41.900000,64.00000,22.43806,1.815775,13
41.900000,63.75000,23.43806,2.034444,14
41.900000,63.25000,24.43806,1.570796,15
41.900000,63.25000,25.43806,1.325818,16
41.900000,63.50000,26.43806,1.325818,17
41.900000,63.75000,27.43806,1.325818,18
41.900000,64.00000,28.43806,1.325818,19
41.900000,64.25000,29.43806,1.325818,20
41.900000,64.50000,30.43806,1.325818,21
41.900000,64.75000,31.43806,1.570796,22
41.900000,64.75000,32.43806,1.570796,23
41.900000,64.75000,33.43806,1.570796,24
41.900000,64.75000,34.43806,1.570796,25
41.900000,64.75000,35.43806,1.570796,26
41.900000,64.75000,36.43806,1.570796,27
41.900000,64.75000,37.43806,1.570796,28
41.900000,64.75000,38.43806,1.570796,29
41.900000,64.75000,39.43806,1.570796,30
42.000000,63.36743,9.92656,1.582052,0
42.000000,63.35751,10.80752,1.300000,1
42.000000,63.60713,11.70667,1.107258,2
42.000000,64.04266,12.57797,1.178241,3
42.000000,64.42146,13.49285,1.500000,4
42.000000,64.48983,14.45691,1.560427,5
42.000000,64.50000,15.43806,1.570796,6
42.000000,64.50000,16.43806,1.570796,7
42.000000,64.50000,17.43806,1.570796,8
42.000000,64.50000,18.43806,1.570796,9
42.000000,64.50000,19.43806,1.570796,10
42.000000,64.50000,20.43806,1.815775,11
42.000000,64.25000,21.43806,1.815775,12
42.000000,64.00000,22.43806,1.815775,13
42.000000,63.75000,23.43806,2.034444,14
42.000000,63.25000,24.43806,1.570796,15
42.000000,63.25000,25.43806,1.325818,16
42.000000,63.50000,26.43806,1.325818,17
42.000000,63.75000,27.43806,1.325818,18
42.000000,64.00000,28.43806,1.325818,19
42.000000,64.25000,29.43806,1.325818,20
42.000000,64.50000,30.43806,1.325818,21
42.000000,64.75000,31.43806,1.570796,22
42.000000,64.75000,32.43806,1.570796,23
42.000000,64.75000,33.43806,1.570796,24
42.000000,64.75000,34.43806,1.570796,25
42.000000,64.75000,35.43806,1.570796,26
42.000000,64.75000,36.43806,1.570796,27
42.000000,64.75000,37.43806,1.570796,28
42.000000,64.75000,38.43806,1.570796,29
42.000000,64.75000,39.43806,1.570796,30
42.100000,63.45112,10.08162,1.537835,0
42.100000,63.48981,11.25502,1.333333,1
42.100000,63.70933,12.16199,1.140591,2
42.100000,64.11558,13.04732,1.211575,3
42.100000,64.46368,13.97431,1.533333,4
42.100000,64.49988,14.94012,1.570672,5
42.100000,64.50000,15.93806,1.570796,6
42.100000,64.50000,16.93806,1.570796,7
42.100000,64.50000,17.93806,1.570796,8
42.100000,64.50000,18.93806,1.570796,9
42.100000,64.50000,19.93806,1.570796,10
42.100000,64.50000,20.93806,1.815775,11
42.100000,64.25000,21.93806,1.815775,12
42.100000,64.00000,22.93806,2.034444,13
42.100000,63.50000,23.93806,1.815775,14
42.100000,63.25000,24.93806,1.570796,15
42.100000,63.25000,25.93806,1.325818,16
42.100000,63.50000,26.93806,1.325818,17
42.100000,63.75000,27.93806,1.325818,18
42.100000,64.00000,28.93806,1.325818,19
42.100000,64.25000,29.93806,1.325818,20
42.100000,64.50000,30.93806,1.325818,21
42.100000,64.75000,31.93806,1.570796,22
42.100000,64.75000,32.93806,1.570796,23
42.100000,64.75000,33.93806,1.570796,24
42.100000,64.75000,34.93806,1.570796,25
42.100000,64.75000,35.93806,1.570796,26
42.100000,64.75000,36.93806,1.570796,27
42.100000,64.75000,37.93806,1.570796,28
42.100000,64.75000,38.93806,1.570796,29
42.100000,64.75000,39.93806,1.570796,30
42.200000,63.46695,10.18692,1.549393,0
42.200000,63.48981,11.25502,1.333333,1
42.200000,63.70933,12.16199,1.140591,2
42.200000,64.11558,13.04732,1.211575,3
42.200000,64.46368,13.97431,1.533333,4
42.200000,64.49988,14.94012,1.570672,5
42.200000,64.50000,15.93806,1.570796,6
42.200000,64.50000,16.93806,1.570796,7
42.200000,64.50000,17.93806,1.570796,8
42.200000,64.50000,18.93806,1.570796,9
42.200000,64.50000,19.93806,1.570796,10
42.200000,64.50000,20.93806,1.815775,11
42.200000,64.25000,21.93806,1.815775,12
42.200000,64.00000,22.93806,2.034444,13
42.200000,63.50000,23.93806,1.815775,14
42.200000,63.25000,24.93806,1.570796,15
42.200000,63.25000,25.93806,1.325818,16
42.200000,63.50000,26.93806,1.325818,17
42.200000,63.75000,27.93806,1.325818,18
42.200000,64.00000,28.93806,1.325818,19
42.200000,64.25000,29.93806,1.325818,20
42.200000,64.50000,30.93806,1.325818,21
42.200000,64.75000,31.93806,1.570796,22
42.200000,64.75000,32.93806,1.570796,23
42.200000,64.75000,33.93806,1.570796,24
42.200000,64.75000,34.93806,1.570796,25
42.200000,64.75000,35.93806,1.570796,26
42.200000,64.75000,36.93806,1.570796,27
42.200000,64.75000,37.93806,1.570796,28
42.200000,64.75000,38.93806,1.570796,29
42.200000,64.75000,39.93806,1.570796,30
42.300000,63.54252,10.31643,1.626887,0
42.300000,63.48981,11.25502,1.333333,1
42.300000,63.70933,12.16199,1.140591,2
42.300000,64.11558,13.04732,1.211575,3
42.300000,64.46368,13.97431,1.533333,4
42.300000,64.49988,14.94012,1.570672,5
42.300000,64.50000,15.93806,1.570796,6
42.300000,64.50000,16.93806,1.570796,7
42.300000,64.50000,17.93806,1.570796,8
42.300000,64.50000,18.93806,1.570796,9
42.300000,64.50000,19.93806,1.570796,10
42.300000,64.50000,20.93806,1.815775,11
42.300000,64.25000,21.93806,1.815775,12
42.300000,64.00000,22.93806,2.034444,13
42.300000,63.50000,23.93806,1.815775,14
42.300000,63.25000,24.93806,1.570796,15
42.300000,63.25000,25.93806,1.325818,16
42.300000,63.50000,26.93806,1.325818,17
42.300000,63.75000,27.93806,1.325818,18
42.300000,64.00000,28.93806,1.325818,19
42.300000,64.25000,29.93806,1.325818,20
42.300000,64.50000,30.93806,1.325818,21
42.300000,64.75000,31.93806,1.570796,22
42.300000,64.75000,32.93806,1.570796,23
42.300000,64.75000,33.93806,1.570796,24
42.300000,64.75000,34.93806,1.570796,25
42.300000,64.75000,35.93806,1.570796,26
42.300000,64.75000,36.93806,1.570796,27
42.300000,64.75000,37.93806,1.570796,28
42.300000,64.75000,38.93806,1.570796,29
42.300000,64.75000,39.93806,1.570796,30
42.400000,63.63087,10.41212,1.736609,0
42.400000,63.48981,11.25502,1.333333,1
42.400000,63.70933,12.16199,1.140591,2
42.400000,64.11558,13.04732,1.211575,3
42.400000,64.46368,13.97431,1.533333,4
42.400000,64.49988,14.94012,1.570672,5
42.400000,64.50000,15.93806,1.570796,6
42.400000,64.50000,16.93806,1.570796,7
42.400000,64.50000,17.93806,1.570796,8
42.400000,64.50000,18.93806,1.570796,9
42.400000,64.50000,19.93806,1.570796,10
42.400000,64.50000,20.93806,1.815775,11
42.400000,64.25000,21.93806,1.815775,12
42.400000,64.00000,22.93806,2.034444,13
42.400000,63.50000,23.93806,1.815775,14
42.400000,63.25000,24.93806,1.570796,15
42.400000,63.25000,25.93806,1.325818,16
42.400000,63.50000,26.93806,1.325818,17
42.400000,63.75000,27.93806,1.325818,18
42.400000,64.00000,28.93806,1.325818,19
42.400000,64.25000,29.93806,1.325818,20
42.400000,64.50000,30.93806,1.325818,21
42.400000,64.75000,31.93806,1.570796,22
42.400000,64.75000,32.93806,1.570796,23
42.400000,64.75000,33.93806,1.570796,24
42.400000,64.75000,34.93806,1.570796,25
42.400000,64.75000,35.93806,1.570796,26
42.400000,64.75000,36.93806,1.570796,27
42.400000,64.75000,37.93806,1.570796,28
42.400000,64.75000,38.93806,1.570796,29
42.400000,64.75000,39.93806,1.570796,30
42.500000,63.68862,10.50857,1.429984,0
42.500000,63.85012,11.64786,1.366667,1
42.500000,64.04266,12.57797,1.178241,2
42.500000,64.42146,13.49285,1.500000,3
42.500000,64.48983,14.45691,1.560427,4
42.500000,64.50000,15.43806,1.570796,5
42.500000,64.50000,16.43806,1.570796,6
42.500000,64.50000,17.43806,1.570796,7
42.500000,64.50000,18.43806,1.570796,8
42.500000,64.50000,19.43806,1.570796,9
42.500000,64.50000,20.43806,1.815775,10
42.500000,64.25000,21.43806,1.815775,11
42.500000,64.00000,22.43806,1.815775,12
42.500000,63.75000,23.43806,2.034444,13
42.500000,63.25000,24.43806,1.570796,14
42.500000,63.25000,25.43806,1.325818,15
42.500000,63.50000,26.43806,1.325818,16
42.500000,63.75000,27.43806,1.325818,17
42.500000,64.00000,28.43806,1.325818,18
42.500000,64.25000,29.43806,1.325818,19
42.500000,64.50000,30.43806,1.325818,20
42.500000,64.75000,31.43806,1.570796,21
42.500000,64.75000,32.43806,1.570796,22
42.500000,64.75000,33.43806,1.570796,23
42.500000,64.75000,34.43806,1.570796,24
42.500000,64.75000,35.43806,1.570796,25
42.500000,64.75000,36.43806,1.570796,26
42.500000,64.75000,37.43806,1.570796,27
42.500000,64.75000,38.43806,1.570796,28
42.500000,64.75000,39.43806,1.570796,29
42.500000,64.75000,40.43806,1.570796,30
42.600000,63.76409,10.59777,1.489053,0
42.600000,63.85012,11.64786,1.366667,1
42.600000,64.04266,12.57797,1.178241,2
42.600000,64.42146,13.49285,1.500000,3
42.600000,64.48983,14.45691,1.560427,4
42.600000,64.50000,15.43806,1.570796,5
42.600000,64.50000,16.43806,1.570796,6
42.600000,64.50000,17.43806,1.570796,7
42.600000,64.50000,18.43806,1.570796,8
42.600000,64.50000,19.43806,1.570796,9
42.600000,64.50000,20.43806,1.815775,10
42.600000,64.25000,21.43806,1.815775,11
42.600000,64.00000,22.43806,1.815775,12
42.600000,63.75000,23.43806,2.034444,13
42.600000,63.25000,24.43806,1.570796,14
42.600000,63.25000,25.43806,1.325818,15
42.600000,63.50000,26.43806,1.325818,16
42.600000,63.75000,27.43806,1.325818,17
42.600000,64.00000,28.43806,1.325818,18
42.600000,64.25000,29.43806,1.325818,19
42.600000,64.50000,30.43806,1.325818,20
42.600000,64.75000,31.43806,1.570796,21
42.600000,64.75000,32.43806,1.570796,22
42.600000,64.75000,33.43806,1.570796,23
42.600000,64.75000,34.43806,1.570796,24
42.600000,64.75000,35.43806,1.570796,25
42.600000,64.75000,36.43806,1.570796,26
42.600000,64.75000,37.43806,1.570796,27
42.600000,64.75000,38.43806,1.570796,28
42.600000,64.75000,39.43806,1.570796,29
42.600000,64.75000,40.43806,1.570796,30
42.700000,63.77442,10.69239,1.491740,0
42.700000,63.85012,11.64786,1.366667,1
42.700000,64.04266,12.57797,1.178241,2
42.700000,64.42146,13.49285,1.500000,3
42.700000,64.48983,14.45691,1.560427,4
42.700000,64.50000,15.43806,1.570796,5
42.700000,64.50000,16.43806,1.570796,6
42.700000,64.50000,17.43806,1.570796,7
42.700000,64.50000,18.43806,1.570796,8
42.700000,64.50000,19.43806,1.570796,9
42.700000,64.50000,20.43806,1.815775,10
42.700000,64.25000,21.43806,1.815775,11
42.700000,64.00000,22.43806,2.034444,12
42.700000,63.50000,23.43806,2.034444,13
42.700000,63.00000,24.43806,1.570796,14
42.700000,63.00000,25.43806,1.325818,15
42.700000,63.25000,26.43806,1.325818,16
42.700000,63.50000,27.43806,1.325818,17
42.700000,63.75000,28.43806,1.107149,18
42.700000,64.25000,29.43806,1.325818,19
42.700000,64.50000,30.43806,1.325818,20
42.700000,64.75000,31.43806,1.570796,21
42.700000,64.75000,32.43806,1.570796,22
42.700000,64.75000,33.43806,1.570796,23
42.700000,64.75000,34.43806,1.570796,24
42.700000,64.75000,35.43806,1.570796,25
42.700000,64.75000,36.43806,1.570796,26
42.700000,64.75000,37.43806,1.570796,27
42.700000,64.75000,38.43806,1.570796,28
42.700000,64.75000,39.43806,1.570796,29
42.700000,64.75000,40.43806,1.570796,30
42.800000,63.84267,10.76289,1.562380,0
42.800000,63.85012,11.64786,1.366667,1
42.800000,64.04266,12.57797,1.178241,2
42.800000,64.42146,13.49285,1.500000,3
42.800000,64.48983,14.45691,1.560427,4
42.800000,64.50000,15.43806,1.570796,5
42.800000,64.50000,16.43806,1.570796,6
42.800000,64.50000,17.43806,1.570796,7
42.800000,64.50000,18.43806,1.570796,8
42.800000,64.50000,19.43806,1.570796,9
42.800000,64.50000,20.43806,1.815775,10
42.800000,64.25000,21.43806,1.815775,11
42.800000,64.00000,22.43806,1.815775,12
42.800000,63.75000,23.43806,2.034444,13
42.800000,63.25000,24.43806,1.570796,14
42.800000,63.25000,25.43806,1.325818,15
42.800000,63.50000,26.43806,1.325818,16
42.800000,63.75000,27.43806,1.325818,17
42.800000,64.00000,28.43806,1.325818,18
42.800000,64.25000,29.43806,1.325818,19
42.800000,64.50000,30.43806,1.325818,20
42.800000,64.75000,31.43806,1.570796,21
42.800000,64.75000,32.43806,1.570796,22
42.800000,64.75000,33.43806,1.570796,23
42.800000,64.75000,34.43806,1.570796,24
42.800000,64.75000,35.43806,1.570796,25
42.800000,64.75000,36.43806,1.570796,26
42.800000,64.75000,37.43806,1.570796,27
42.800000,64.75000,38.43806,1.570796,28
42.800000,64.75000,39.43806,1.570796,29
42.800000,64.75000,40.43806,1.570796,30
42.900000,63.89927,10.78300,1.627567,0
42.900000,63.85012,11.64786,1.366667,1
42.900000,64.04266,12.57797,1.178241,2
42.900000,64.42146,13.49285,1.500000,3
42.900000,64.48983,14.45691,1.560427,4
42.900000,64.50000,15.43806,1.570796,5
42.900000,64.50000,16.43806,1.570796,6
42.900000,64.50000,17.43806,1.570796,7
42.900000,64.50000,18.43806,1.570796,8
42.900000,64.50000,19.43806,1.570796,9
42.900000,64.50000,20.43806,1.815775,10
42.900000,64.25000,21.43806,1.815775,11
42.900000,64.00000,22.43806,1.815775,12
42.900000,63.75000,23.43806,2.034444,13
42.900000,63.25000,24.43806,1.570796,14
42.900000,63.25000,25.43806,1.325818,15
42.900000,63.50000,26.43806,1.325818,16
42.900000,63.75000,27.43806,1.325818,17
42.900000,64.00000,28.43806,1.325818,18
42.900000,64.25000,29.43806,1.325818,19
42.900000,64.50000,30.43806,1.325818,20
42.900000,64.75000,31.43806,1.570796,21
42.900000,64.75000,32.43806,1.570796,22
42.900000,64.75000,33.43806,1.570796,23
42.900000,64.75000,34.43806,1.570796,24
42.900000,64.75000,35.43806,1.570796,25
42.900000,64.75000,36.43806,1.570796,26
42.900000,64.75000,37.43806,1.570796,27
42.900000,64.75000,38.43806,1.570796,28
42.900000,64.75000,39.43806,1.570796,29
42.900000,64.75000,40.43806,1.570796,30
43.000000,63.95216,10.90933,1.569149,0
43.000000,63.95414,12.11131,1.400000,1
43.000000,64.11558,13.04732,1.211575,2
43.000000,64.46368,13.97431,1.533333,3
43.000000,64.49988,14.94012,1.570672,4
43.000000,64.50000,15.93806,1.570796,5
43.000000,64.50000,16.93806,1.570796,6
43.000000,64.50000,17.93806,1.570796,7
43.000000,64.50000,18.93806,1.570796,8
43.000000,64.50000,19.93806,1.570796,9
43.000000,64.50000,20.93806,1.815775,10
43.000000,64.25000,21.93806,1.815775,11
43.000000,64.00000,22.93806,2.034444,12
43.000000,63.50000,23.93806,1.815775,13
43.000000,63.25000,24.93806,1.570796,14
43.000000,63.25000,25.93806,1.325818,15
43.000000,63.50000,26.93806,1.325818,16
43.000000,63.75000,27.93806,1.325818,17
43.000000,64.00000,28.93806,1.325818,18
43.000000,64.25000,29.93806,1.325818,19
43.000000,64.50000,30.93806,1.325818,20
43.000000,64.75000,31.93806,1.570796,21
43.000000,64.75000,32.93806,1.570796,22
43.000000,64.75000,33.93806,1.570796,23
43.000000,64.75000,34.93806,1.570796,24
43.000000,64.75000,35.93806,1.570796,25
43.000000,64.75000,36.93806,1.570796,26
43.000000,64.75000,37.93806,1.570796,27
43.000000,64.75000,38.93806,1.570796,28
43.000000,64.75000,39.93806,1.570796,29
43.000000,64.75000,40.93806,1.570796,30
43.100000,63.98087,10.93262,1.593472,0
43.100000,63.95414,12.11131,1.144908,1
43.100000,64.36322,13.01306,1.466667,2
43.100000,64.46368,13.97431,1.533333,3
43.100000,64.49988,14.94012,1.570672,4
43.100000,64.50000,15.93806,1.570796,5
43.100000,64.50000,16.93806,1.570796,6
43.100000,64.50000,17.93806,1.570796,7
43.100000,64.50000,18.93806,1.570796,8
43.100000,64.50000,19.93806,1.570796,9
43.100000,64.50000,20.93806,1.815775,10
43.100000,64.25000,21.93806,1.815775,11
43.100000,64.00000,22.93806,2.034444,12
43.100000,63.50000,23.93806,1.815775,13
43.100000,63.25000,24.93806,1.570796,14
43.100000,63.25000,25.93806,1.325818,15
43.100000,63.50000,26.93806,1.325818,16
43.100000,63.75000,27.93806,1.325818,17
43.100000,64.00000,28.93806,1.325818,18
43.100000,64.25000,29.93806,1.325818,19
43.100000,64.50000,30.93806,1.325818,20
43.100000,64.75000,31.93806,1.570796,21
43.100000,64.75000,32.93806,1.570796,22
43.100000,64.75000,33.93806,1.570796,23
43.100000,64.75000,34.93806,1.570796,24
43.100000,64.75000,35.93806,1.570796,25
43.100000,64.75000,36.93806,1.570796,26
43.100000,64.75000,37.93806,1.570796,27
43.100000,64.75000,38.93806,1.570796,28
43.100000,64.75000,39.93806,1.570796,29
43.100000,64.75000,40.93806,1.570796,30
43.200000,64.02369,11.04349,1.635836,0
43.200000,63.95414,12.11131,1.400000,1
43.200000,64.11558,13.04732,1.211575,2
43.200000,64.46368,13.97431,1.533333,3
43.200000,64.49988,14.94012,1.570672,4
43.200000,64.50000,15.93806,1.570796,5
43.200000,64.50000,16.93806,1.570796,6
43.200000,64.50000,17.93806,1.570796,7
43.200000,64.50000,18.93806,1.570796,8
43.200000,64.50000,19.93806,1.570796,9
43.200000,64.50000,20.93806,1.815775,10
43.200000,64.25000,21.93806,1.815775,11
43.200000,64.00000,22.93806,2.034444,12
43.200000,63.50000,23.93806,1.815775,13
43.200000,63.25000,24.93806,1.570796,14
43.200000,63.25000,25.93806,1.325818,15
43.200000,63.50000,26.93806,1.325818,16
43.200000,63.75000,27.93806,1.325818,17
43.200000,64.00000,28.93806,1.325818,18
43.200000,64.25000,29.93806,1.325818,19
43.200000,64.50000,30.93806,1.325818,20
43.200000,64.75000,31.93806,1.570796,21
43.200000,64.75000,32.93806,1.570796,22
43.200000,64.75000,33.93806,1.570796,23
43.200000,64.75000,34.93806,1.570796,24
43.200000,64.75000,35.93806,1.570796,25
43.200000,64.75000,36.93806,1.570796,26
43.200000,64.75000,37.93806,1.570796,27
43.200000,64.75000,38.93806,1.570796,28
43.200000,64.75000,39.93806,1.570796,29
43.200000,64.75000,40.93806,1.570796,30
43.300000,64.02924,11.10459,1.645255,0
43.300000,63.95414,12.11131,1.400000,1
43.300000,64.11558,13.04732,1.211575,2
43.300000,64.46368,13.97431,1.533333,3
43.300000,64.49988,14.94012,1.570672,4
43.300000,64.50000,15.93806,1.570796,5
43.300000,64.50000,16.93806,1.570796,6
43.300000,64.50000,17.93806,1.570796,7
43.300000,64.50000,18.93806,1.570796,8
43.300000,64.50000,19.93806,1.570796,9
43.300000,64.50000,20.93806,1.815775,10
43.300000,64.25000,21.93806,1.815775,11
43.300000,64.00000,22.93806,2.034444,12
43.300000,63.50000,23.93806,1.815775,13
43.300000,63.25000,24.93806,1.570796,14
43.300000,63.25000,25.93806,1.325818,15
43.300000,63.50000,26.93806,1.325818,16
43.300000,63.75000,27.93806,1.325818,17
43.300000,64.00000,28.93806,1.325818,18
43.300000,64.25000,29.93806,1.325818,19
43.300000,64.50000,30.93806,1.325818,20
43.300000,64.75000,31.93806,1.570796,21
43.300000,64.75000,32.93806,1.570796,22
43.300000,64.75000,33.93806,1.570796,23
43.300000,64.75000,34.93806,1.570796,24
43.300000,64.75000,35.93806,1.570796,25
43.300000,64.75000,36.93806,1.570796,26
43.300000,64.75000,37.93806,1.570796,27
43.300000,64.75000,38.93806,1.570796,28
43.300000,64.75000,39.93806,1.570796,29
43.300000,64.75000,40.93806,1.570796,30
43.400000,64.07575,11.18822,1.701782,0
43.400000,63.95414,12.11131,1.144908,1
43.400000,64.36322,13.01306,1.466667,2
43.400000,64.46368,13.97431,1.533333,3
43.400000,64.49988,14.94012,1.570672,4
43.400000,64.50000,15.93806,1.570796,5
43.400000,64.50000,16.93806,1.570796,6
43.400000,64.50000,17.93806,1.570796,7
43.400000,64.50000,18.93806,1.570796,8
43.400000,64.50000,19.93806,1.570796,9
43.400000,64.50000,20.93806,1.815775,10
43.400000,64.25000,21.93806,1.815775,11
43.400000,64.00000,22.93806,2.034444,12
43.400000,63.50000,23.93806,1.815775,13
43.400000,63.25000,24.93806,1.570796,14
43.400000,63.25000,25.93806,1.325818,15
43.400000,63.50000,26.93806,1.325818,16
43.400000,63.75000,27.93806,1.325818,17
43.400000,64.00000,28.93806,1.325818,18
43.400000,64.25000,29.93806,1.325818,19
43.400000,64.50000,30.93806,1.325818,20
43.400000,64.75000,31.93806,1.570796,21
43.400000,64.75000,32.93806,1.570796,22
43.400000,64.75000,33.93806,1.570796,23
43.400000,64.75000,34.93806,1.570796,24
43.400000,64.75000,35.93806,1.570796,25
43.400000,64.75000,36.93806,1.570796,26
43.400000,64.75000,37.93806,1.570796,27
43.400000,64.75000,38.93806,1.570796,28
43.400000,64.75000,39.93806,1.570796,29
43.400000,64.75000,40.93806,1.570796,30
43.500000,64.05578,11.29558,1.694762,0
43.500000,63.95414,12.11131,1.400000,1
43.500000,64.11558,13.04732,1.211575,2
43.500000,64.46368,13.97431,1.533333,3
43.500000,64.49988,14.94012,1.570672,4
43.500000,64.50000,15.93806,1.570796,5
43.500000,64.50000,16.93806,1.570796,6
43.500000,64.50000,17.93806,1.570796,7
43.500000,64.50000,18.93806,1.570796,8
43.500000,64.50000,19.93806,1.570796,9
43.500000,64.50000,20.93806,1.815775,10
43.500000,64.25000,21.93806,1.815775,11
43.500000,64.00000,22.93806,2.034444,12
43.500000,63.50000,23.93806,1.815775,13
43.500000,63.25000,24.93806,1.570796,14
43.500000,63.25000,25.93806,1.325818,15
43.500000,63.50000,26.93806,1.325818,16
43.500000,63.75000,27.93806,1.325818,17
43.500000,64.00000,28.93806,1.325818,18
43.500000,64.25000,29.93806,1.325818,19
43.500000,64.50000,30.93806,1.325818,20
43.500000,64.75000,31.93806,1.570796,21
43.500000,64.75000,32.93806,1.570796,22
43.500000,64.75000,33.93806,1.570796,23
43.500000,64.75000,34.93806,1.570796,24
43.500000,64.75000,35.93806,1.570796,25
43.500000,64.75000,36.93806,1.570796,26
43.500000,64.75000,37.93806,1.570796,27
43.500000,64.75000,38.93806,1.570796,28
43.500000,64.75000,39.93806,1.570796,29
43.500000,64.75000,40.93806,1.570796,30
43.600000,64.08351,11.35010,1.399127,0
43.600000,64.28902,12.53548,1.433333,1
43.600000,64.42146,13.49285,1.500000,2
43.600000,64.48983,14.45691,1.560427,3
43.600000,64.50000,15.43806,1.570796,4
43.600000,64.50000,16.43806,1.570796,5
43.600000,64.50000,17.43806,1.570796,6
43.600000,64.50000,18.43806,1.570796,7
43.600000,64.50000,19.43806,1.570796,8
43.600000,64.50000,20.43806,1.815775,9
43.600000,64.25000,21.43806,1.815775,10
43.600000,64.00000,22.43806,1.815775,11
43.600000,63.75000,23.43806,2.034444,12
43.600000,63.25000,24.43806,1.570796,13
43.600000,63.25000,25.43806,1.325818,14
43.600000,63.50000,26.43806,1.325818,15
43.600000,63.75000,27.43806,1.325818,16
43.600000,64.00000,28.43806,1.325818,17
43.600000,64.25000,29.43806,1.325818,18
43.600000,64.50000,30.43806,1.325818,19
43.600000,64.75000,31.43806,1.570796,20
43.600000,64.75000,32.43806,1.570796,21
43.600000,64.75000,33.43806,1.570796,22
43.600000,64.75000,34.43806,1.570796,23
43.600000,64.75000,35.43806,1.570796,24
43.600000,64.75000,36.43806,1.570796,25
43.600000,64.75000,37.43806,1.570796,26
43.600000,64.75000,38.43806,1.570796,27
43.600000,64.75000,39.43806,1.570796,28
43.600000,64.75000,40.43806,1.570796,29
43.600000,64.75000,41.43806,1.570796,30
43.700000,64.07939,11.47952,1.374817,0
43.700000,64.28902,12.53548,1.433333,1
43.700000,64.42146,13.49285,1.500000,2
43.700000,64.48983,14.45691,1.560427,3
43.700000,64.50000,15.43806,1.570796,4
43.700000,64.50000,16.43806,1.570796,5
43.700000,64.50000,17.43806,1.570796,6
43.700000,64.50000,18.43806,1.570796,7
43.700000,64.50000,19.43806,1.570796,8
43.700000,64.50000,20.43806,1.815775,9
43.700000,64.25000,21.43806,1.815775,10
43.700000,64.00000,22.43806,2.034444,11
43.700000,63.50000,23.43806,2.034444,12
43.700000,63.00000,24.43806,1.570796,13
43.700000,63.00000,25.43806,1.325818,14
43.700000,63.25000,26.43806,1.325818,15
43.700000,63.50000,27.43806,1.325818,16
43.700000,63.75000,28.43806,1.107149,17
43.700000,64.25000,29.43806,1.325818,18
43.700000,64.50000,30.43806,1.325818,19
43.700000,64.75000,31.43806,1.570796,20
43.700000,64.75000,32.43806,1.570796,21
43.700000,64.75000,33.43806,1.570796,22
43.700000,64.75000,34.43806,1.570796,23
43.700000,64.75000,35.43806,1.570796,24
43.700000,64.75000,36.43806,1.570796,25
43.700000,64.75000,37.43806,1.570796,26
43.700000,64.75000,38.43806,1.570796,27
43.700000,64.75000,39.43806,1.570796,28
43.700000,64.75000,40.43806,1.570796,29
43.700000,64.75000,41.43806,1.570796,30
43.800000,64.07694,11.56295,1.356086,0
43.800000,64.28902,12.53548,1.433333,1
43.800000,64.42146,13.49285,1.500000,2
43.800000,64.48983,14.45691,1.560427,3
43.800000,64.50000,15.43806,1.570796,4
43.800000,64.50000,16.43806,1.570796,5
43.800000,64.50000,17.43806,1.570796,6
43.800000,64.50000,18.43806,1.570796,7
43.800000,64.50000,19.43806,1.570796,8
43.800000,64.50000,20.43806,1.815775,9
43.800000,64.25000,21.43806,1.815775,10
43.800000,64.00000,22.43806,1.815775,11
43.800000,63.75000,23.43806,2.034444,12
43.800000,63.25000,24.43806,1.570796,13
43.800000,63.25000,25.43806,1.325818,14
43.800000,63.50000,26.43806,1.325818,15
43.800000,63.75000,27.43806,1.325818,16
43.800000,64.00000,28.43806,1.325818,17
43.800000,64.25000,29.43806,1.325818,18
43.800000,64.50000,30.43806,1.325818,19
43.800000,64.75000,31.43806,1.570796,20
43.800000,64.75000,32.43806,1.570796,21
43.800000,64.75000,33.43806,1.570796,22
43.800000,64.75000,34.43806,1.570796,23
43.800000,64.75000,35.43806,1.570796,24
43.800000,64.75000,36.43806,1.570796,25
43.800000,64.75000,37.43806,1.570796,26
43.800000,64.75000,38.43806,1.570796,27
43.800000,64.75000,39.43806,1.570796,28
43.800000,64.75000,40.43806,1.570796,29
43.800000,64.75000,41.43806,1.570796,30
43.900000,64.08078,11.66743,1.335352,0
43.900000,64.28902,12.53548,1.433333,1
43.900000,64.42146,13.49285,1.500000,2
43.900000,64.48983,14.45691,1.560427,3
43.900000,64.50000,15.43806,1.570796,4
43.900000,64.50000,16.43806,1.570796,5
43.900000,64.50000,17.43806,1.570796,6
43.900000,64.50000,18.43806,1.570796,7
43.900000,64.50000,19.43806,1.570796,8
43.900000,64.50000,20.43806,1.815775,9
43.900000,64.25000,21.43806,1.815775,10
43.900000,64.00000,22.43806,1.815775,11
43.900000,63.75000,23.43806,2.034444,12
43.900000,63.25000,24.43806,1.570796,13
43.900000,63.25000,25.43806,1.570796,14
43.900000,63.25000,26.43806,1.325818,15
43.900000,63.50000,27.43806,1.107149,16
43.900000,64.00000,28.43806,1.325818,17
43.900000,64.25000,29.43806,1.325818,18
43.900000,64.50000,30.43806,1.325818,19
43.900000,64.75000,31.43806,1.570796,20
43.900000,64.75000,32.43806,1.570796,21
43.900000,64.75000,33.43806,1.570796,22
43.900000,64.75000,34.43806,1.570796,23
43.900000,64.75000,35.43806,1.570796,24
43.900000,64.75000,36.43806,1.570796,25
43.900000,64.75000,37.43806,1.570796,26
43.900000,64.75000,38.43806,1.570796,27
43.900000,64.75000,39.43806,1.570796,28
43.900000,64.75000,40.43806,1.570796,29
43.900000,64.75000,41.43806,1.570796,30
44.004000,64.09388,11.85271,1.342716,0
44.004000,64.36322,13.01306,1.466667,1
44.004000,64.46368,13.97431,1.533333,2
44.004000,64.49988,14.94012,1.570672,3
44.004000,64.50000,15.93806,1.570796,4
44.004000,64.50000,16.93806,1.570796,5
44.004000,64.50000,17.93806,1.570796,6
44.004000,64.50000,18.93806,1.570796,7
44.004000,64.50000,19.93806,1.570796,8
44.004000,64.50000,20.93806,1.815775,9
44.004000,64.25000,21.93806,1.815775,10
44.004000,64.00000,22.93806,2.034444,11
44.004000,63.50000,23.93806,1.815775,12
44.004000,63.25000,24.93806,1.570796,13
44.004000,63.25000,25.93806,1.325818,14
44.004000,63.50000,26.93806,1.325818,15
44.004000,63.75000,27.93806,1.325818,16
44.004000,64.00000,28.93806,1.325818,17
44.004000,64.25000,29.93806,1.325818,18
44.004000,64.50000,30.93806,1.325818,19
44.004000,64.75000,31.93806,1.570796,20
44.004000,64.75000,32.93806,1.570796,21
44.004000,64.75000,33.93806,1.570796,22
44.004000,64.75000,34.93806,1.570796,23
44.004000,64.75000,35.93806,1.570796,24
44.004000,64.75000,36.93806,1.570796,25
44.004000,64.75000,37.93806,1.570796,26
44.004000,64.75000,38.93806,1.570796,27
44.004000,64.75000,39.93806,1.570796,28
44.004000,64.75000,40.93806,1.570796,29
44.102000,64.06980,11.93283,1.305566,0
44.102000,64.36322,13.01306,1.466667,1
44.102000,64.46368,13.97431,1.533333,2
44.102000,64.49988,14.94012,1.570672,3
44.102000,64.50000,15.93806,1.570796,4
44.102000,64.50000,16.93806,1.570796,5
44.102000,64.50000,17.93806,1.570796,6
44.102000,64.50000,18.93806,1.570796,7
44.102000,64.50000,19.93806,1.570796,8
44.102000,64.50000,20.93806,1.815775,9
44.102000,64.25000,21.93806,1.815775,10
44.102000,64.00000,22.93806,2.034444,11
44.102000,63.50000,23.93806,1.815775,12
44.102000,63.25000,24.93806,1.570796,13
44.102000,63.25000,25.93806,1.325818,14
44.102000,63.50000,26.93806,1.325818,15
44.102000,63.75000,27.93806,1.325818,16
44.102000,64.00000,28.93806,1.325818,17
44.102000,64.25000,29.93806,1.325818,18
44.102000,64.50000,30.93806,1.325818,19
44.102000,64.75000,31.93806,1.570796,20
44.102000,64.75000,32.93806,1.570796,21
44.102000,64.75000,33.93806,1.570796,22
44.102000,64.75000,34.93806,1.570796,23
44.102000,64.75000,35.93806,1.570796,24
44.102000,64.75000,36.93806,1.570796,25
44.102000,64.75000,37.93806,1.570796,26
44.102000,64.75000,38.93806,1.570796,27
44.102000,64.75000,39.93806,1.570796,28
44.102000,64.75000,40.93806,1.570796,29
44.200000,64.06488,12.11100,1.251390,0
44.200000,64.36322,13.01306,1.466667,1
44.200000,64.46368,13.97431,1.533333,2
44.200000,64.49988,14.94012,1.570672,3
44.200000,64.50000,15.93806,1.570796,4
44.200000,64.50000,16.93806,1.570796,5
44.200000,64.50000,17.93806,1.570796,6
44.200000,64.50000,18.93806,1.570796,7
44.200000,64.50000,19.93806,1.570796,8
44.200000,64.50000,20.93806,1.815775,9
44.200000,64.25000,21.93806,1.815775,10
44.200000,64.00000,22.93806,2.034444,11
44.200000,63.50000,23.93806,1.815775,12
44.200000,63.25000,24.93806,1.570796,13
44.200000,63.25000,25.93806,1.325818,14
44.200000,63.50000,26.93806,1.325818,15
44.200000,63.75000,27.93806,1.325818,16
44.200000,64.00000,28.93806,1.325818,17
44.200000,64.25000,29.93806,1.325818,18
44.200000,64.50000,30.93806,1.325818,19
44.200000,64.75000,31.93806,1.570796,20
44.200000,64.75000,32.93806,1.570796,21
44.200000,64.75000,33.93806,1.570796,22
44.200000,64.75000,34.93806,1.570796,23
44.200000,64.75000,35.93806,1.570796,24
44.200000,64.75000,36.93806,1.570796,25
44.200000,64.75000,37.93806,1.570796,26
44.200000,64.75000,38.93806,1.570796,27
44.200000,64.75000,39.93806,1.570796,28
44.200000,64.75000,40.93806,1.570796,29
44.300000,64.02198,12.25884,1.145919,0
44.300000,64.36322,13.01306,1.466667,1
44.300000,64.46368,13.97431,1.533333,2
44.300000,64.49988,14.94012,1.570672,3
44.300000,64.50000,15.93806,1.570796,4
44.300000,64.50000,16.93806,1.570796,5
44.300000,64.50000,17.93806,1.570796,6
44.300000,64.50000,18.93806,1.570796,7
44.300000,64.50000,19.93806,1.570796,8
44.300000,64.50000,20.93806,1.815775,9
44.300000,64.25000,21.93806,1.815775,10
44.300000,64.00000,22.93806,2.034444,11
44.300000,63.50000,23.93806,1.815775,12
44.300000,63.25000,24.93806,1.570796,13
44.300000,63.25000,25.93806,1.325818,14
44.300000,63.50000,26.93806,1.325818,15
44.300000,63.75000,27.93806,1.325818,16
44.300000,64.00000,28.93806,1.325818,17
44.300000,64.25000,29.93806,1.325818,18
44.300000,64.50000,30.93806,1.325818,19
44.300000,64.75000,31.93806,1.570796,20
44.300000,64.75000,32.93806,1.570796,21
44.300000,64.75000,33.93806,1.570796,22
44.300000,64.75000,34.93806,1.570796,23
44.300000,64.75000,35.93806,1.570796,24
44.300000,64.75000,36.93806,1.570796,25
44.300000,64.75000,37.93806,1.570796,26
44.300000,64.75000,38.93806,1.570796,27
44.300000,64.75000,39.93806,1.570796,28
44.300000,64.75000,40.93806,1.570796,29
44.400000,64.00804,12.45363,1.192173,0
44.400000,64.42146,13.49285,1.500000,1
44.400000,64.48983,14.45691,1.560427,2
44.400000,64.50000,15.43806,1.570796,3
44.400000,64.50000,16.43806,1.570796,4
44.400000,64.50000,17.43806,1.570796,5
44.400000,64.50000,18.43806,1.570796,6
44.400000,64.50000,19.43806,1.570796,7
44.400000,64.50000,20.43806,1.815775,8
44.400000,64.25000,21.43806,1.815775,9
44.400000,64.00000,22.43806,2.034444,10
44.400000,63.50000,23.43806,2.034444,11
44.400000,63.00000,24.43806,1.570796,12
44.400000,63.00000,25.43806,1.325818,13
44.400000,63.25000,26.43806,1.325818,14
44.400000,63.50000,27.43806,1.325818,15
44.400000,63.75000,28.43806,1.107149,16
44.400000,64.25000,29.43806,1.325818,17
44.400000,64.50000,30.43806,1.325818,18
44.400000,64.75000,31.43806,1.570796,19
44.400000,64.75000,32.43806,1.570796,20
44.400000,64.75000,33.43806,1.570796,21
44.400000,64.75000,34.43806,1.570796,22
44.400000,64.75000,35.43806,1.570796,23
44.400000,64.75000,36.43806,1.570796,24
44.400000,64.75000,37.43806,1.570796,25
44.400000,64.75000,38.43806,1.570796,26
44.400000,64.75000,39.43806,1.570796,27
44.400000,64.75000,40.43806,1.570796,28
44.400000,64.75000,41.43806,1.570796,29
44.500000,63.99061,12.63505,1.105328,0
44.500000,64.42146,13.49285,1.500000,1
44.500000,64.48983,14.45691,1.560427,2
44.500000,64.50000,15.43806,1.570796,3
44.500000,64.50000,16.43806,1.570796,4
44.500000,64.50000,17.43806,1.570796,5
44.500000,64.50000,18.43806,1.570796,6
44.500000,64.50000,19.43806,1.570796,7
44.500000,64.50000,20.43806,1.815775,8
44.500000,64.25000,21.43806,1.815775,9
44.500000,64.00000,22.43806,1.815775,10
44.500000,63.75000,23.43806,2.034444,11
44.500000,63.25000,24.43806,1.570796,12
44.500000,63.25000,25.43806,1.325818,13
44.500000,63.50000,26.43806,1.325818,14
44.500000,63.75000,27.43806,1.325818,15
44.500000,64.00000,28.43806,1.325818,16
44.500000,64.25000,29.43806,1.325818,17
44.500000,64.50000,30.43806,1.325818,18
44.500000,64.75000,31.43806,1.570796,19
44.500000,64.75000,32.43806,1.570796,20
44.500000,64.75000,33.43806,1.570796,21
44.500000,64.75000,34.43806,1.570796,22
44.500000,64.75000,35.43806,1.570796,23
44.500000,64.75000,36.43806,1.570796,24
44.500000,64.75000,37.43806,1.570796,25
44.500000,64.75000,38.43806,1.570796,26
44.500000,64.75000,39.43806,1.570796,27
44.500000,64.75000,40.43806,1.570796,28
44.500000,64.75000,41.43806,1.570796,29
44.600000,63.94676,12.82861,0.950306,0
44.600000,64.42146,13.49285,1.500000,1
44.600000,64.48983,14.45691,1.560427,2
44.600000,64.50000,15.43806,1.570796,3
44.600000,64.50000,16.43806,1.570796,4
44.600000,64.50000,17.43806,1.570796,5
44.600000,64.50000,18.43806,1.570796,6
44.600000,64.50000,19.43806,1.570796,7
44.600000,64.50000,20.43806,1.815775,8
44.600000,64.25000,21.43806,1.815775,9
44.600000,64.00000,22.43806,1.815775,10
44.600000,63.75000,23.43806,2.034444,11
44.600000,63.25000,24.43806,1.570796,12
44.600000,63.25000,25.43806,1.325818,13
44.600000,63.50000,26.43806,1.325818,14
44.600000,63.75000,27.43806,1.325818,15
44.600000,64.00000,28.43806,1.325818,16
44.600000,64.25000,29.43806,1.325818,17
44.600000,64.50000,30.43806,1.325818,18
44.600000,64.75000,31.43806,1.570796,19
44.600000,64.75000,32.43806,1.570796,20
44.600000,64.75000,33.43806,1.570796,21
44.600000,64.75000,34.43806,1.570796,22
44.600000,64.75000,35.43806,1.570796,23
44.600000,64.75000,36.43806,1.570796,24
44.600000,64.75000,37.43806,1.570796,25
44.600000,64.75000,38.43806,1.570796,26
44.600000,64.75000,39.43806,1.570796,27
44.600000,64.75000,40.43806,1.570796,28
44.600000,64.75000,41.43806,1.570796,29
44.700000,63.92600,13.04903,1.044395,0
44.700000,64.46368,13.97431,1.533333,1
44.700000,64.49988,14.94012,1.570672,2
44.700000,64.50000,15.93806,1.570796,3
44.700000,64.50000,16.93806,1.570796,4
44.700000,64.50000,17.93806,1.570796,5
44.700000,64.50000,18.93806,1.570796,6
44.700000,64.50000,19.93806,1.570796,7
44.700000,64.50000,20.93806,1.815775,8
44.700000,64.25000,21.93806,1.815775,9
44.700000,64.00000,22.93806,2.034444,10
44.700000,63.50000,23.93806,1.815775,11
44.700000,63.25000,24.93806,1.570796,12
44.700000,63.25000,25.93806,1.325818,13
44.700000,63.50000,26.93806,1.325818,14
44.700000,63.75000,27.93806,1.325818,15
44.700000,64.00000,28.93806,1.325818,16
44.700000,64.25000,29.93806,1.325818,17
44.700000,64.50000,30.93806,1.325818,18
44.700000,64.75000,31.93806,1.570796,19
44.700000,64.75000,32.93806,1.570796,20
44.700000,64.75000,33.93806,1.570796,21
44.700000,64.75000,34.93806,1.570796,22
44.700000,64.75000,35.93806,1.570796,23
44.700000,64.75000,36.93806,1.570796,24
44.700000,64.75000,37.93806,1.570796,25
44.700000,64.75000,38.93806,1.570796,26
44.700000,64.75000,39.93806,1.570796,27
44.700000,64.75000,40.93806,1.570796,28
44.800000,63.91422,13.27040,0.908014,0
44.800000,64.46368,13.97431,1.533333,1
44.800000,64.49988,14.94012,1.570672,2
44.800000,64.50000,15.93806,1.570796,3
44.800000,64.50000,16.93806,1.570796,4
44.800000,64.50000,17.93806,1.570796,5
44.800000,64.50000,18.93806,1.570796,6
44.800000,64.50000,19.93806,1.570796,7
44.800000,64.50000,20.93806,1.815775,8
44.800000,64.25000,21.93806,1.815775,9
44.800000,64.00000,22.93806,2.034444,10
44.800000,63.50000,23.93806,1.815775,11
44.800000,63.25000,24.93806,1.570796,12
44.800000,63.25000,25.93806,1.325818,13
44.800000,63.50000,26.93806,1.325818,14
44.800000,63.75000,27.93806,1.325818,15
44.800000,64.00000,28.93806,1.325818,16
44.800000,64.25000,29.93806,1.325818,17
44.800000,64.50000,30.93806,1.325818,18
44.800000,64.75000,31.93806,1.570796,19
44.800000,64.75000,32.93806,1.570796,20
44.800000,64.75000,33.93806,1.570796,21
44.800000,64.75000,34.93806,1.570796,22
44.800000,64.75000,35.93806,1.570796,23
44.800000,64.75000,36.93806,1.570796,24
44.800000,64.75000,37.93806,1.570796,25
44.800000,64.75000,38.93806,1.570796,26
44.800000,64.75000,39.93806,1.570796,27
44.800000,64.75000,40.93806,1.570796,28
44.900000,63.91019,13.47217,1.250454,0
44.900000,64.24000,14.46628,1.560508,1
44.900000,64.25000,15.43806,1.570796,2
44.900000,64.25000,16.43806,1.570796,3
44.900000,64.25000,17.43806,1.570796,4
44.900000,64.25000,18.43806,1.570796,5
44.900000,64.25000,19.43806,1.570796,6
44.900000,64.25000,20.43806,1.570796,7
44.900000,64.25000,21.43806,1.815775,8
44.900000,64.00000,22.43806,1.815775,9
44.900000,63.75000,23.43806,2.034444,10
44.900000,63.25000,24.43806,1.570796,11
44.900000,63.25000,25.43806,1.325818,12
44.900000,63.50000,26.43806,1.325818,13
44.900000,63.75000,27.43806,1.325818,14
44.900000,64.00000,28.43806,1.325818,15
44.900000,64.25000,29.43806,1.325818,16
44.900000,64.50000,30.43806,1.325818,17
44.900000,64.75000,31.43806,1.570796,18
44.900000,64.75000,32.43806,1.570796,19
44.900000,64.75000,33.43806,1.570796,20
44.900000,64.75000,34.43806,1.570796,21
44.900000,64.75000,35.43806,1.570796,22
44.900000,64.75000,36.43806,1.570796,23
44.900000,64.75000,37.43806,1.570796,24
44.900000,64.75000,38.43806,1.570796,25
44.900000,64.75000,39.43806,1.570796,26
44.900000,64.75000,40.43806,1.570796,27
44.900000,64.75000,41.43806,1.570796,28
45.000000,63.92994,13.72242,1.175867,0
45.000000,64.24000,14.46628,1.560508,1
45.000000,64.25000,15.43806,1.570796,2
45.000000,64.25000,16.43806,1.570796,3
45.000000,64.25000,17.43806,1.570796,4
45.000000,64.25000,18.43806,1.570796,5
45.000000,64.25000,19.43806,1.570796,6
45.000000,64.25000,20.43806,1.570796,7
45.000000,64.25000,21.43806,1.815775,8
45.000000,64.00000,22.43806,1.815775,9
45.000000,63.75000,23.43806,2.034444,10
45.000000,63.25000,24.43806,1.570796,11
45.000000,63.25000,25.43806,1.325818,12
45.000000,63.50000,26.43806,1.325818,13
45.000000,63.75000,27.43806,1.325818,14
45.000000,64.00000,28.43806,1.325818,15
45.000000,64.25000,29.43806,1.325818,16
45.000000,64.50000,30.43806,1.325818,17
45.000000,64.75000,31.43806,1.570796,18
45.000000,64.75000,32.43806,1.570796,19
45.000000,64.75000,33.43806,1.570796,20
45.000000,64.75000,34.43806,1.570796,21
45.000000,64.75000,35.43806,1.570796,22
45.000000,64.75000,36.43806,1.570796,23
45.000000,64.75000,37.43806,1.570796,24
45.000000,64.75000,38.43806,1.570796,25
45.000000,64.75000,39.43806,1.570796,26
45.000000,64.75000,40.43806,1.570796,27
45.000000,64.75000,41.43806,1.570796,28
45.100000,63.96175,13.96322,1.284270,0
45.100000,64.24988,14.94115,1.570674,1
45.100000,64.25000,15.93806,1.570796,2
45.100000,64.25000,16.93806,1.570796,3
45.100000,64.25000,17.93806,1.570796,4
45.100000,64.25000,18.93806,1.570796,5
45.100000,64.25000,19.93806,1.570796,6
45.100000,64.25000,20.93806,1.570796,7
45.100000,64.25000,21.93806,1.815775,8
45.100000,64.00000,22.93806,2.034444,9
45.100000,63.50000,23.93806,1.815775,10
45.100000,63.25000,24.93806,1.570796,11
45.100000,63.25000,25.93806,1.325818,12
45.100000,63.50000,26.93806,1.325818,13
45.100000,63.75000,27.93806,1.325818,14
45.100000,64.00000,28.93806,1.325818,15
45.100000,64.25000,29.93806,1.325818,16
45.100000,64.50000,30.93806,1.325818,17
45.100000,64.75000,31.93806,1.570796,18
45.100000,64.75000,32.93806,1.570796,19
45.100000,64.75000,33.93806,1.570796,20
45.100000,64.75000,34.93806,1.570796,21
45.100000,64.75000,35.93806,1.570796,22
45.100000,64.75000,36.93806,1.570796,23
45.100000,64.75000,37.93806,1.570796,24
45.100000,64.75000,38.93806,1.570796,25
45.100000,64.75000,39.93806,1.570796,26
45.100000,64.75000,40.93806,1.570796,27
45.200000,63.99935,14.16205,1.259678,0
45.200000,64.24988,14.94115,1.570674,1
45.200000,64.25000,15.93806,1.570796,2
45.200000,64.25000,16.93806,1.570796,3
45.200000,64.25000,17.93806,1.570796,4
45.200000,64.25000,18.93806,1.570796,5
45.200000,64.25000,19.93806,1.570796,6
45.200000,64.25000,20.93806,1.815775,7
45.200000,64.00000,21.93806,1.815775,8
45.200000,63.75000,22.93806,2.034444,9
45.200000,63.25000,23.93806,1.570796,10
45.200000,63.25000,24.93806,1.570796,11
45.200000,63.25000,25.93806,1.325818,12
45.200000,63.50000,26.93806,1.325818,13
45.200000,63.75000,27.93806,1.325818,14
45.200000,64.00000,28.93806,1.325818,15
45.200000,64.25000,29.93806,1.325818,16
45.200000,64.50000,30.93806,1.325818,17
45.200000,64.75000,31.93806,1.570796,18
45.200000,64.75000,32.93806,1.570796,19
45.200000,64.75000,33.93806,1.570796,20
45.200000,64.75000,34.93806,1.570796,21
45.200000,64.75000,35.93806,1.570796,22
45.200000,64.75000,36.93806,1.570796,23
45.200000,64.75000,37.93806,1.570796,24
45.200000,64.75000,38.93806,1.570796,25
45.200000,64.75000,39.93806,1.570796,26
45.200000,64.75000,40.93806,1.570796,27
45.300000,64.01637,14.37926,1.353620,0
45.300000,64.25000,15.43806,1.570796,1
45.300000,64.25000,16.43806,1.570796,2
45.300000,64.25000,17.43806,1.570796,3
45.300000,64.25000,18.43806,1.570796,4
45.300000,64.25000,19.43806,1.570796,5
45.300000,64.25000,20.43806,1.570796,6
45.300000,64.25000,21.43806,1.815775,7
45.300000,64.00000,22.43806,1.815775,8
45.300000,63.75000,23.43806,2.034444,9
45.300000,63.25000,24.43806,1.570796,10
45.300000,63.25000,25.43806,1.570796,11
45.300000,63.25000,26.43806,1.325818,12
45.300000,63.50000,27.43806,1.107149,13
45.300000,64.00000,28.43806,1.325818,14
45.300000,64.25000,29.43806,1.325818,15
45.300000,64.50000,30.43806,1.325818,16
45.300000,64.75000,31.43806,1.570796,17
45.300000,64.75000,32.43806,1.570796,18
45.300000,64.75000,33.43806,1.570796,19
45.300000,64.75000,34.43806,1.570796,20
45.300000,64.75000,35.43806,1.570796,21
45.300000,64.75000,36.43806,1.570796,22
45.300000,64.75000,37.43806,1.570796,23
45.300000,64.75000,38.43806,1.570796,24
45.300000,64.75000,39.43806,1.570796,25
45.300000,64.75000,40.43806,1.570796,26
45.300000,64.75000,41.43806,1.570796,27
45.400000,64.11170,14.68020,1.390295,0
45.400000,64.25000,15.43806,1.570796,1
45.400000,64.25000,16.43806,1.570796,2
45.400000,64.25000,17.43806,1.570796,3
45.400000,64.25000,18.43806,1.570796,4
45.400000,64.25000,19.43806,1.570796,5
45.400000,64.25000,20.43806,1.570796,6
45.400000,64.25000,21.43806,1.815775,7
45.400000,64.00000,22.43806,1.815775,8
45.400000,63.75000,23.43806,2.034444,9
45.400000,63.25000,24.43806,1.570796,10
45.400000,63.25000,25.43806,1.325818,11
45.400000,63.50000,26.43806,1.325818,12
45.400000,63.75000,27.43806,1.325818,13
45.400000,64.00000,28.43806,1.325818,14
45.400000,64.25000,29.43806,1.325818,15
45.400000,64.50000,30.43806,1.325818,16
45.400000,64.75000,31.43806,1.570796,17
45.400000,64.75000,32.43806,1.570796,18
45.400000,64.75000,33.43806,1.570796,19
45.400000,64.75000,34.43806,1.570796,20
45.400000,64.75000,35.43806,1.570796,21
45.400000,64.75000,36.43806,1.570796,22
45.400000,64.75000,37.43806,1.570796,23
45.400000,64.75000,38.43806,1.570796,24
45.400000,64.75000,39.43806,1.570796,25
45.400000,64.75000,40.43806,1.570796,26
45.400000,64.75000,41.43806,1.570796,27
45.500000,64.14345,14.79720,1.477668,0
45.500000,64.25000,15.93806,1.570796,1
45.500000,64.25000,16.93806,1.570796,2
45.500000,64.25000,17.93806,1.570796,3
45.500000,64.25000,18.93806,1.570796,4
45.500000,64.25000,19.93806,1.570796,5
45.500000,64.25000,20.93806,1.570796,6
45.500000,64.25000,21.93806,1.815775,7
45.500000,64.00000,22.93806,2.034444,8
45.500000,63.50000,23.93806,1.815775,9
45.500000,63.25000,24.93806,1.570796,10
45.500000,63.25000,25.93806,1.325818,11
45.500000,63.50000,26.93806,1.325818,12
45.500000,63.75000,27.93806,1.325818,13
45.500000,64.00000,28.93806,1.325818,14
45.500000,64.25000,29.93806,1.325818,15
45.500000,64.50000,30.93806,1.325818,16
45.500000,64.75000,31.93806,1.570796,17
45.500000,64.75000,32.93806,1.570796,18
45.500000,64.75000,33.93806,1.570796,19
45.500000,64.75000,34.93806,1.570796,20
45.500000,64.75000,35.93806,1.570796,21
45.500000,64.75000,36.93806,1.570796,22
45.500000,64.75000,37.93806,1.570796,23
45.500000,64.75000,38.93806,1.570796,24
45.500000,64.75000,39.93806,1.570796,25
45.500000,64.75000,40.93806,1.570796,26
45.600000,64.21642,14.97845,1.283458,0
45.600000,64.50000,15.93806,1.570796,1
45.600000,64.50000,16.93806,1.570796,2
45.600000,64.50000,17.93806,1.570796,3
45.600000,64.50000,18.93806,1.570796,4
45.600000,64.50000,19.93806,1.570796,5
45.600000,64.50000,20.93806,1.815775,6
45.600000,64.25000,21.93806,1.815775,7
45.600000,64.00000,22.93806,2.034444,8
45.600000,63.50000,23.93806,1.815775,9
45.600000,63.25000,24.93806,1.570796,10
45.600000,63.25000,25.93806,1.325818,11
45.600000,63.50000,26.93806,1.325818,12
45.600000,63.75000,27.93806,1.325818,13
45.600000,64.00000,28.93806,1.325818,14
45.600000,64.25000,29.93806,1.325818,15
45.600000,64.50000,30.93806,1.325818,16
45.600000,64.75000,31.93806,1.570796,17
45.600000,64.75000,32.93806,1.570796,18
45.600000,64.75000,33.93806,1.570796,19
45.600000,64.75000,34.93806,1.570796,20
45.600000,64.75000,35.93806,1.570796,21
45.600000,64.75000,36.93806,1.570796,22
45.600000,64.75000,37.93806,1.570796,23
45.600000,64.75000,38.93806,1.570796,24
45.600000,64.75000,39.93806,1.570796,25
45.600000,64.75000,40.93806,1.570796,26
45.700000,64.27496,15.15193,1.291988,0
45.700000,64.50000,15.93806,1.570796,1
45.700000,64.50000,16.93806,1.570796,2
45.700000,64.50000,17.93806,1.570796,3
45.700000,64.50000,18.93806,1.570796,4
45.700000,64.50000,19.93806,1.570796,5
45.700000,64.50000,20.93806,1.815775,6
45.700000,64.25000,21.93806,1.815775,7
45.700000,64.00000,22.93806,2.034444,8
45.700000,63.50000,23.93806,1.815775,9
45.700000,63.25000,24.93806,1.570796,10
45.700000,63.25000,25.93806,1.325818,11
45.700000,63.50000,26.93806,1.325818,12
45.700000,63.75000,27.93806,1.325818,13
45.700000,64.00000,28.93806,1.325818,14
45.700000,64.25000,29.93806,1.325818,15
45.700000,64.50000,30.93806,1.325818,16
45.700000,64.75000,31.93806,1.570796,17
45.700000,64.75000,32.93806,1.570796,18
45.700000,64.75000,33.93806,1.570796,19
45.700000,64.75000,34.93806,1.570796,20
45.700000,64.75000,35.93806,1.570796,21
45.700000,64.75000,36.93806,1.570796,22
45.700000,64.75000,37.93806,1.570796,23
45.700000,64.75000,38.93806,1.570796,24
45.700000,64.75000,39.93806,1.570796,25
45.700000,64.75000,40.93806,1.570796,26
45.800000,64.37023,15.30576,1.456683,0
45.800000,64.50000,16.43806,1.570796,1
45.800000,64.50000,17.43806,1.570796,2
45.800000,64.50000,18.43806,1.570796,3
45.800000,64.50000,19.43806,1.570796,4
45.800000,64.50000,20.43806,1.815775,5
45.800000,64.25000,21.43806,1.815775,6
45.800000,64.00000,22.43806,1.815775,7
45.800000,63.75000,23.43806,2.034444,8
45.800000,63.25000,24.43806,1.570796,9
45.800000,63.25000,25.43806,1.325818,10
45.800000,63.50000,26.43806,1.325818,11
45.800000,63.75000,27.43806,1.325818,12
45.800000,64.00000,28.43806,1.325818,13
45.800000,64.25000,29.43806,1.325818,14
45.800000,64.50000,30.43806,1.325818,15
45.800000,64.75000,31.43806,1.570796,16
45.800000,64.75000,32.43806,1.570796,17
45.800000,64.75000,33.43806,1.570796,18
45.800000,64.75000,34.43806,1.570796,19
45.800000,64.75000,35.43806,1.570796,20
45.800000,64.75000,36.43806,1.570796,21
45.800000,64.75000,37.43806,1.570796,22
45.800000,64.75000,38.43806,1.570796,23
45.800000,64.75000,39.43806,1.570796,24
45.800000,64.75000,40.43806,1.570796,25
45.800000,64.75000,41.43806,1.570796,26
45.900000,64.46155,15.50282,1.529709,0
45.900000,64.50000,16.43806,1.570796,1
45.900000,64.50000,17.43806,1.570796,2
45.900000,64.50000,18.43806,1.570796,3
45.900000,64.50000,19.43806,1.570796,4
45.900000,64.50000,20.43806,1.815775,5
45.900000,64.25000,21.43806,1.815775,6
45.900000,64.00000,22.43806,1.815775,7
45.900000,63.75000,23.43806,2.034444,8
45.900000,63.25000,24.43806,1.570796,9
45.900000,63.25000,25.43806,1.325818,10
45.900000,63.50000,26.43806,1.325818,11
45.900000,63.75000,27.43806,1.325818,12
45.900000,64.00000,28.43806,1.325818,13
45.900000,64.25000,29.43806,1.325818,14
45.900000,64.50000,30.43806,1.325818,15
45.900000,64.75000,31.43806,1.570796,16
45.900000,64.75000,32.43806,1.570796,17
45.900000,64.75000,33.43806,1.570796,18
45.900000,64.75000,34.43806,1.570796,19
45.900000,64.75000,35.43806,1.570796,20
45.900000,64.75000,36.43806,1.570796,21
45.900000,64.75000,37.43806,1.570796,22
45.900000,64.75000,38.43806,1.570796,23
45.900000,64.75000,39.43806,1.570796,24
45.900000,64.75000,40.43806,1.570796,25
45.900000,64.75000,41.43806,1.570796,26
46.000000,64.55202,15.65050,1.636754,0
46.000000,64.50000,16.43806,1.570796,1
46.000000,64.50000,17.43806,1.570796,2
46.000000,64.50000,18.43806,1.570796,3
46.000000,64.50000,19.43806,1.570796,4
46.000000,64.50000,20.43806,1.815775,5
46.000000,64.25000,21.43806,1.815775,6
46.000000,64.00000,22.43806,1.815775,7
46.000000,63.75000,23.43806,2.034444,8
46.000000,63.25000,24.43806,1.570796,9
46.000000,63.25000,25.43806,1.325818,10
46.000000,63.50000,26.43806,1.325818,11
46.000000,63.75000,27.43806,1.325818,12
46.000000,64.00000,28.43806,1.325818,13
46.000000,64.25000,29.43806,1.325818,14
46.000000,64.50000,30.43806,1.325818,15
46.000000,64.75000,31.43806,1.570796,16
46.000000,64.75000,32.43806,1.570796,17
46.000000,64.75000,33.43806,1.570796,18
46.000000,64.75000,34.43806,1.570796,19
46.000000,64.75000,35.43806,1.570796,20
46.000000,64.75000,36.43806,1.570796,21
46.000000,64.75000,37.43806,1.570796,22
46.000000,64.75000,38.43806,1.570796,23
46.000000,64.75000,39.43806,1.570796,24
46.000000,64.75000,40.43806,1.570796,25
46.000000,64.75000,41.43806,1.570796,26
46.100000,64.61294,15.79556,1.669330,0
46.100000,64.50000,16.93806,1.570796,1
46.100000,64.50000,17.93806,1.570796,2
46.100000,64.50000,18.93806,1.570796,3
46.100000,64.50000,19.93806,1.570796,4
46.100000,64.50000,20.93806,1.815775,5
46.100000,64.25000,21.93806,1.815775,6
46.100000,64.00000,22.93806,2.034444,7
46.100000,63.50000,23.93806,1.815775,8
46.100000,63.25000,24.93806,1.570796,9
46.100000,63.25000,25.93806,1.325818,10
46.100000,63.50000,26.93806,1.325818,11
46.100000,63.75000,27.93806,1.325818,12
46.100000,64.00000,28.93806,1.325818,13
46.100000,64.25000,29.93806,1.325818,14
46.100000,64.50000,30.93806,1.325818,15
46.100000,64.75000,31.93806,1.570796,16
46.100000,64.75000,32.93806,1.570796,17
46.100000,64.75000,33.93806,1.570796,18
46.100000,64.75000,34.93806,1.570796,19
46.100000,64.75000,35.93806,1.570796,20
46.100000,64.75000,36.93806,1.570796,21
46.100000,64.75000,37.93806,1.570796,22
46.100000,64.75000,38.93806,1.570796,23
46.100000,64.75000,39.93806,1.570796,24
46.100000,64.75000,40.93806,1.570796,25
46.200000,64.69893,15.96608,1.772677,0
46.200000,64.50000,16.93806,1.570796,1
46.200000,64.50000,17.93806,1.570796,2
46.200000,64.50000,18.93806,1.570796,3
46.200000,64.50000,19.93806,1.570796,4
46.200000,64.50000,20.93806,1.815775,5
46.200000,64.25000,21.93806,1.815775,6
46.200000,64.00000,22.93806,2.034444,7
46.200000,63.50000,23.93806,1.815775,8
46.200000,63.25000,24.93806,1.570796,9
46.200000,63.25000,25.93806,1.325818,10
46.200000,63.50000,26.93806,1.325818,11
46.200000,63.75000,27.93806,1.325818,12
46.200000,64.00000,28.93806,1.325818,13
46.200000,64.25000,29.93806,1.325818,14
46.200000,64.50000,30.93806,1.325818,15
46.200000,64.75000,31.93806,1.570796,16
46.200000,64.75000,32.93806,1.570796,17
46.200000,64.75000,33.93806,1.570796,18
46.200000,64.75000,34.93806,1.570796,19
46.200000,64.75000,35.93806,1.570796,20
46.200000,64.75000,36.93806,1.570796,21
46.200000,64.75000,37.93806,1.570796,22
46.200000,64.75000,38.93806,1.570796,23
46.200000,64.75000,39.93806,1.570796,24
46.200000,64.75000,40.93806,1.570796,25
46.300000,64.77516,16.16097,1.603165,0
46.300000,64.75000,16.93806,1.570796,1
46.300000,64.75000,17.93806,1.570796,2
46.300000,64.75000,18.93806,1.570796,3
46.300000,64.75000,19.93806,1.815775,4
46.300000,64.50000,20.93806,1.815775,5
46.300000,64.25000,21.93806,1.815775,6
46.300000,64.00000,22.93806,2.034444,7
46.300000,63.50000,23.93806,1.815775,8
46.300000,63.25000,24.93806,1.570796,9
46.300000,63.25000,25.93806,1.325818,10
46.300000,63.50000,26.93806,1.325818,11
46.300000,63.75000,27.93806,1.325818,12
46.300000,64.00000,28.93806,1.325818,13
46.300000,64.25000,29.93806,1.325818,14
46.300000,64.50000,30.93806,1.325818,15
46.300000,64.75000,31.93806,1.570796,16
46.300000,64.75000,32.93806,1.570796,17
46.300000,64.75000,33.93806,1.570796,18
46.300000,64.75000,34.93806,1.570796,19
46.300000,64.75000,35.93806,1.570796,20
46.300000,64.75000,36.93806,1.570796,21
46.300000,64.75000,37.93806,1.570796,22
46.300000,64.75000,38.93806,1.570796,23
46.300000,64.75000,39.93806,1.570796,24
46.300000,64.75000,40.93806,1.570796,25
46.400000,64.83649,16.28177,1.645457,0
46.400000,64.75000,17.43806,1.570796,1
46.400000,64.75000,18.43806,1.570796,2
46.400000,64.75000,19.43806,1.815775,3
46.400000,64.50000,20.43806,1.815775,4
46.400000,64.25000,21.43806,1.815775,5
46.400000,64.00000,22.43806,2.034444,6
46.400000,63.50000,23.43806,2.034444,7
46.400000,63.00000,24.43806,1.570796,8
46.400000,63.00000,25.43806,1.325818,9
46.400000,63.25000,26.43806,1.325818,10
46.400000,63.50000,27.43806,1.325818,11
46.400000,63.75000,28.43806,1.107149,12
46.400000,64.25000,29.43806,1.325818,13
46.400000,64.50000,30.43806,1.325818,14
46.400000,64.75000,31.43806,1.570796,15
46.400000,64.75000,32.43806,1.570796,16
46.400000,64.75000,33.43806,1.570796,17
46.400000,64.75000,34.43806,1.570796,18
46.400000,64.75000,35.43806,1.570796,19
46.400000,64.75000,36.43806,1.570796,20
46.400000,64.75000,37.43806,1.570796,21
46.400000,64.75000,38.43806,1.570796,22
46.400000,64.75000,39.43806,1.570796,23
46.400000,64.75000,40.43806,1.570796,24
46.400000,64.75000,41.43806,1.570796,25
46.500000,64.93143,16.42625,1.748219,0
46.500000,64.75000,17.43806,1.570796,1
46.500000,64.75000,18.43806,1.570796,2
46.500000,64.75000,19.43806,1.570796,3
46.500000,64.75000,20.43806,1.815775,4
46.500000,64.50000,21.43806,1.815775,5
46.500000,64.25000,22.43806,2.034444,6
46.500000,63.75000,23.43806,2.034444,7
46.500000,63.25000,24.43806,1.570796,8
46.500000,63.25000,25.43806,1.325818,9
46.500000,63.50000,26.43806,1.325818,10
46.500000,63.75000,27.43806,1.325818,11
46.500000,64.00000,28.43806,1.325818,12
46.500000,64.25000,29.43806,1.325818,13
46.500000,64.50000,30.43806,1.325818,14
46.500000,64.75000,31.43806,1.570796,15
46.500000,64.75000,32.43806,1.570796,16
46.500000,64.75000,33.43806,1.570796,17
46.500000,64.75000,34.43806,1.570796,18
46.500000,64.75000,35.43806,1.570796,19
46.500000,64.75000,36.43806,1.570796,20
46.500000,64.75000,37.43806,1.570796,21
46.500000,64.75000,38.43806,1.570796,22
46.500000,64.75000,39.43806,1.570796,23
46.500000,64.75000,40.43806,1.570796,24
46.500000,64.75000,41.43806,1.570796,25
46.600000,64.96551,16.59182,1.820161,0
46.600000,64.75000,17.43806,1.570796,1
46.600000,64.75000,18.43806,1.570796,2
46.600000,64.75000,19.43806,1.570796,3
46.600000,64.75000,20.43806,1.815775,4
46.600000,64.50000,21.43806,1.815775,5
46.600000,64.25000,22.43806,2.034444,6
46.600000,63.75000,23.43806,2.034444,7
46.600000,63.25000,24.43806,1.570796,8
46.600000,63.25000,25.43806,1.325818,9
46.600000,63.50000,26.43806,1.325818,10
46.600000,63.75000,27.43806,1.325818,11
46.600000,64.00000,28.43806,1.325818,12
46.600000,64.25000,29.43806,1.325818,13
46.600000,64.50000,30.43806,1.325818,14
46.600000,64.75000,31.43806,1.570796,15
46.600000,64.75000,32.43806,1.570796,16
46.600000,64.75000,33.43806,1.570796,17
46.600000,64.75000,34.43806,1.570796,18
46.600000,64.75000,35.43806,1.570796,19
46.600000,64.75000,36.43806,1.570796,20
46.600000,64.75000,37.43806,1.570796,21
46.600000,64.75000,38.43806,1.570796,22
46.600000,64.75000,39.43806,1.570796,23
46.600000,64.75000,40.43806,1.570796,24
46.600000,64.75000,41.43806,1.570796,25
46.702000,64.99890,16.82172,1.790167,0
46.702000,64.75000,17.93806,1.570796,1
46.702000,64.75000,18.93806,1.570796,2
46.702000,64.75000,19.93806,1.815775,3
46.702000,64.50000,20.93806,1.815775,4
46.702000,64.25000,21.93806,1.815775,5
46.702000,64.00000,22.93806,2.034444,6
46.702000,63.50000,23.93806,1.815775,7
46.702000,63.25000,24.93806,1.570796,8
46.702000,63.25000,25.93806,1.325818,9
46.702000,63.50000,26.93806,1.325818,10
46.702000,63.75000,27.93806,1.325818,11
46.702000,64.00000,28.93806,1.325818,12
46.702000,64.25000,29.93806,1.325818,13
46.702000,64.50000,30.93806,1.325818,14
46.702000,64.75000,31.93806,1.570796,15
46.702000,64.75000,32.93806,1.570796,16
46.702000,64.75000,33.93806,1.570796,17
46.702000,64.75000,34.93806,1.570796,18
46.702000,64.75000,35.93806,1.570796,19
46.702000,64.75000,36.93806,1.570796,20
46.702000,64.75000,37.93806,1.570796,21
46.702000,64.75000,38.93806,1.570796,22
46.702000,64.75000,39.93806,1.570796,23
46.702000,64.75000,40.93806,1.570796,24
46.800000,65.01544,16.91348,1.824293,0
46.800000,64.75000,17.93806,1.570796,1
46.800000,64.75000,18.93806,1.570796,2
46.800000,64.75000,19.93806,1.815775,3
46.800000,64.50000,20.93806,1.815775,4
46.800000,64.25000,21.93806,1.815775,5
46.800000,64.00000,22.93806,2.034444,6
46.800000,63.50000,23.93806,1.815775,7
46.800000,63.25000,24.93806,1.570796,8
46.800000,63.25000,25.93806,1.325818,9
46.800000,63.50000,26.93806,1.325818,10
46.800000,63.75000,27.93806,1.325818,11
46.800000,64.00000,28.93806,1.325818,12
46.800000,64.25000,29.93806,1.325818,13
46.800000,64.50000,30.93806,1.325818,14
46.800000,64.75000,31.93806,1.570796,15
46.800000,64.75000,32.93806,1.570796,16
46.800000,64.75000,33.93806,1.570796,17
46.800000,64.75000,34.93806,1.570796,18
46.800000,64.75000,35.93806,1.570796,19
46.800000,64.75000,36.93806,1.570796,20
46.800000,64.75000,37.93806,1.570796,21
46.800000,64.75000,38.93806,1.570796,22
46.800000,64.75000,39.93806,1.570796,23
46.800000,64.75000,40.93806,1.570796,24
46.900000,65.00267,17.09945,1.863444,0
46.900000,64.75000,17.93806,1.570796,1
46.900000,64.75000,18.93806,1.570796,2
46.900000,64.75000,19.93806,1.815775,3
46.900000,64.50000,20.93806,1.815775,4
46.900000,64.25000,21.93806,1.815775,5
46.900000,64.00000,22.93806,2.034444,6
46.900000,63.50000,23.93806,1.815775,7
46.900000,63.25000,24.93806,1.570796,8
46.900000,63.25000,25.93806,1.325818,9
46.900000,63.50000,26.93806,1.325818,10
46.900000,63.75000,27.93806,1.325818,11
46.900000,64.00000,28.93806,1.325818,12
46.900000,64.25000,29.93806,1.325818,13
46.900000,64.50000,30.93806,1.325818,14
46.900000,64.75000,31.93806,1.570796,15
46.900000,64.75000,32.93806,1.570796,16
46.900000,64.75000,33.93806,1.570796,17
46.900000,64.75000,34.93806,1.570796,18
46.900000,64.75000,35.93806,1.570796,19
46.900000,64.75000,36.93806,1.570796,20
46.900000,64.75000,37.93806,1.570796,21
46.900000,64.75000,38.93806,1.570796,22
46.900000,64.75000,39.93806,1.570796,23
46.900000,64.75000,40.93806,1.570796,24
47.000000,65.00058,17.26249,1.780814,0
47.000000,64.75000,18.43806,1.570796,1
47.000000,64.75000,19.43806,1.570796,2
47.000000,64.75000,20.43806,1.815775,3
47.000000,64.50000,21.43806,1.815775,4
47.000000,64.25000,22.43806,2.034444,5
47.000000,63.75000,23.43806,2.034444,6
47.000000,63.25000,24.43806,1.570796,7
47.000000,63.25000,25.43806,1.325818,8
47.000000,63.50000,26.43806,1.325818,9
47.000000,63.75000,27.43806,1.325818,10
47.000000,64.00000,28.43806,1.325818,11
47.000000,64.25000,29.43806,1.325818,12
47.000000,64.50000,30.43806,1.325818,13
47.000000,64.75000,31.43806,1.570796,14
47.000000,64.75000,32.43806,1.570796,15
47.000000,64.75000,33.43806,1.570796,16
47.000000,64.75000,34.43806,1.570796,17
47.000000,64.75000,35.43806,1.570796,18
47.000000,64.75000,36.43806,1.570796,19
47.000000,64.75000,37.43806,1.570796,20
47.000000,64.75000,38.43806,1.570796,21
47.000000,64.75000,39.43806,1.570796,22
47.000000,64.75000,40.43806,1.570796,23
47.000000,64.75000,41.43806,1.570796,24
47.100000,65.00793,17.50069,1.839313,0
47.100000,64.75000,18.43806,1.570796,1
47.100000,64.75000,19.43806,1.570796,2
47.100000,64.75000,20.43806,1.815775,3
47.100000,64.50000,21.43806,1.815775,4
47.100000,64.25000,22.43806,2.034444,5
47.100000,63.75000,23.43806,2.034444,6
47.100000,63.25000,24.43806,1.570796,7
47.100000,63.25000,25.43806,1.325818,8
47.100000,63.50000,26.43806,1.325818,9
47.100000,63.75000,27.43806,1.325818,10
47.100000,64.00000,28.43806,1.325818,11
47.100000,64.25000,29.43806,1.325818,12
47.100000,64.50000,30.43806,1.325818,13
47.100000,64.75000,31.43806,1.570796,14
47.100000,64.75000,32.43806,1.570796,15
47.100000,64.75000,33.43806,1.570796,16
47.100000,64.75000,34.43806,1.570796,17
47.100000,64.75000,35.43806,1.570796,18
47.100000,64.75000,36.43806,1.570796,19
47.100000,64.75000,37.43806,1.570796,20
47.100000,64.75000,38.43806,1.570796,21
47.100000,64.75000,39.43806,1.570796,22
47.100000,64.75000,40.43806,1.570796,23
47.100000,64.75000,41.43806,1.570796,24
47.200000,64.93410,17.65849,1.802703,0
47.200000,64.75000,18.43806,1.570796,1
47.200000,64.75000,19.43806,1.815775,2
47.200000,64.50000,20.43806,1.815775,3
47.200000,64.25000,21.43806,1.815775,4
47.200000,64.00000,22.43806,2.034444,5
47.200000,63.50000,23.43806,2.034444,6
47.200000,63.00000,24.43806,1.570796,7
47.200000,63.00000,25.43806,1.325818,8
47.200000,63.25000,26.43806,1.325818,9
47.200000,63.50000,27.43806,1.325818,10
47.200000,63.75000,28.43806,1.107149,11
47.200000,64.25000,29.43806,1.325818,12
47.200000,64.50000,30.43806,1.325818,13
47.200000,64.75000,31.43806,1.570796,14
47.200000,64.75000,32.43806,1.570796,15
47.200000,64.75000,33.43806,1.570796,16
47.200000,64.75000,34.43806,1.570796,17
47.200000,64.75000,35.43806,1.570796,18
47.200000,64.75000,36.43806,1.570796,19
47.200000,64.75000,37.43806,1.570796,20
47.200000,64.75000,38.43806,1.570796,21
47.200000,64.75000,39.43806,1.570796,22
47.200000,64.75000,40.43806,1.570796,23
47.200000,64.75000,41.43806,1.570796,24
47.302000,64.90948,17.84596,1.715798,0
47.302000,64.75000,18.93806,1.570796,1
47.302000,64.75000,19.93806,1.815775,2
47.302000,64.50000,20.93806,1.815775,3
47.302000,64.25000,21.93806,1.815775,4
47.302000,64.00000,22.93806,2.034444,5
47.302000,63.50000,23.93806,1.815775,6
47.302000,63.25000,24.93806,1.570796,7
47.302000,63.25000,25.93806,1.325818,8
47.302000,63.50000,26.93806,1.325818,9
47.302000,63.75000,27.93806,1.325818,10
47.302000,64.00000,28.93806,1.325818,11
47.302000,64.25000,29.93806,1.325818,12
47.302000,64.50000,30.93806,1.325818,13
47.302000,64.75000,31.93806,1.570796,14
47.302000,64.75000,32.93806,1.570796,15
47.302000,64.75000,33.93806,1.570796,16
47.302000,64.75000,34.93806,1.570796,17
47.302000,64.75000,35.93806,1.570796,18
47.302000,64.75000,36.93806,1.570796,19
47.302000,64.75000,37.93806,1.570796,20
47.302000,64.75000,38.93806,1.570796,21
47.302000,64.75000,39.93806,1.570796,22
47.302000,64.75000,40.93806,1.570796,23
47.400000,64.87118,17.99327,1.698363,0
47.400000,64.75000,18.93806,1.570796,1
47.400000,64.75000,19.93806,1.815775,2
47.400000,64.50000,20.93806,1.815775,3
47.400000,64.25000,21.93806,1.815775,4
47.400000,64.00000,22.93806,2.034444,5
47.400000,63.50000,23.93806,1.815775,6
47.400000,63.25000,24.93806,1.570796,7
47.400000,63.25000,25.93806,1.325818,8
47.400000,63.50000,26.93806,1.325818,9
47.400000,63.75000,27.93806,1.325818,10
47.400000,64.00000,28.93806,1.325818,11
47.400000,64.25000,29.93806,1.325818,12
47.400000,64.50000,30.93806,1.325818,13
47.400000,64.75000,31.93806,1.570796,14
47.400000,64.75000,32.93806,1.570796,15
47.400000,64.75000,33.93806,1.570796,16
47.400000,64.75000,34.93806,1.570796,17
47.400000,64.75000,35.93806,1.570796,18
47.400000,64.75000,36.93806,1.570796,19
47.400000,64.75000,37.93806,1.570796,20
47.400000,64.75000,38.93806,1.570796,21
47.400000,64.75000,39.93806,1.570796,22
47.400000,64.75000,40.93806,1.570796,23
47.502000,64.81670,18.15046,1.953122,0
47.502000,64.50000,18.93806,1.570796,1
47.502000,64.50000,19.93806,1.570796,2
47.502000,64.50000,20.93806,1.815775,3
47.502000,64.25000,21.93806,1.815775,4
47.502000,64.00000,22.93806,2.034444,5
47.502000,63.50000,23.93806,1.815775,6
47.502000,63.25000,24.93806,1.570796,7
47.502000,63.25000,25.93806,1.325818,8
47.502000,63.50000,26.93806,1.325818,9
47.502000,63.75000,27.93806,1.325818,10
47.502000,64.00000,28.93806,1.325818,11
47.502000,64.25000,29.93806,1.325818,12
47.502000,64.50000,30.93806,1.325818,13
47.502000,64.75000,31.93806,1.570796,14
47.502000,64.75000,32.93806,1.570796,15
47.502000,64.75000,33.93806,1.570796,16
47.502000,64.75000,34.93806,1.570796,17
47.502000,64.75000,35.93806,1.570796,18
47.502000,64.75000,36.93806,1.570796,19
47.502000,64.75000,37.93806,1.570796,20
47.502000,64.75000,38.93806,1.570796,21
47.502000,64.75000,39.93806,1.570796,22
47.502000,64.75000,40.93806,1.570796,23
47.600000,64.79186,18.28517,1.818745,0
47.600000,64.50000,19.43806,1.570796,1
47.600000,64.50000,20.43806,1.815775,2
47.600000,64.25000,21.43806,1.815775,3
47.600000,64.00000,22.43806,1.815775,4
47.600000,63.75000,23.43806,2.034444,5
47.600000,63.25000,24.43806,1.570796,6
47.600000,63.25000,25.43806,1.325818,7
47.600000,63.50000,26.43806,1.325818,8
47.600000,63.75000,27.43806,1.325818,9
47.600000,64.00000,28.43806,1.325818,10
47.600000,64.25000,29.43806,1.325818,11
47.600000,64.50000,30.43806,1.325818,12
47.600000,64.75000,31.43806,1.570796,13
47.600000,64.75000,32.43806,1.570796,14
47.600000,64.75000,33.43806,1.570796,15
47.600000,64.75000,34.43806,1.570796,16
47.600000,64.75000,35.43806,1.570796,17
47.600000,64.75000,36.43806,1.570796,18
47.600000,64.75000,37.43806,1.570796,19
47.600000,64.75000,38.43806,1.570796,20
47.600000,64.75000,39.43806,1.570796,21
47.600000,64.75000,40.43806,1.570796,22
47.600000,64.75000,41.43806,1.570796,23
47.700000,64.73971,18.41227,1.800360,0
47.700000,64.50000,19.43806,1.570796,1
47.700000,64.50000,20.43806,1.815775,2
47.700000,64.25000,21.43806,1.815775,3
47.700000,64.00000,22.43806,1.815775,4
47.700000,63.75000,23.43806,2.034444,5
47.700000,63.25000,24.43806,1.570796,6
47.700000,63.25000,25.43806,1.325818,7
47.700000,63.50000,26.43806,1.325818,8
47.700000,63.75000,27.43806,1.325818,9
47.700000,64.00000,28.43806,1.325818,10
47.700000,64.25000,29.43806,1.325818,11
47.700000,64.50000,30.43806,1.325818,12
47.700000,64.75000,31.43806,1.570796,13
47.700000,64.75000,32.43806,1.570796,14
47.700000,64.75000,33.43806,1.570796,15
47.700000,64.75000,34.43806,1.570796,16
47.700000,64.75000,35.43806,1.570796,17
47.700000,64.75000,36.43806,1.570796,18
47.700000,64.75000,37.43806,1.570796,19
47.700000,64.75000,38.43806,1.570796,20
47.700000,64.75000,39.43806,1.570796,21
47.700000,64.75000,40.43806,1.570796,22
47.700000,64.75000,41.43806,1.570796,23
47.800000,64.68674,18.54272,1.776416,0
47.800000,64.50000,19.43806,1.570796,1
47.800000,64.50000,20.43806,1.815775,2
47.800000,64.25000,21.43806,1.815775,3
47.800000,64.00000,22.43806,1.815775,4
47.800000,63.75000,23.43806,2.034444,5
47.800000,63.25000,24.43806,1.570796,6
47.800000,63.25000,25.43806,1.325818,7
47.800000,63.50000,26.43806,1.325818,8
47.800000,63.75000,27.43806,1.325818,9
47.800000,64.00000,28.43806,1.325818,10
47.800000,64.25000,29.43806,1.325818,11
47.800000,64.50000,30.43806,1.325818,12
47.800000,64.75000,31.43806,1.570796,13
47.800000,64.75000,32.43806,1.570796,14
47.800000,64.75000,33.43806,1.570796,15
47.800000,64.75000,34.43806,1.570796,16
47.800000,64.75000,35.43806,1.570796,17
47.800000,64.75000,36.43806,1.570796,18
47.800000,64.75000,37.43806,1.570796,19
47.800000,64.75000,38.43806,1.570796,20
47.800000,64.75000,39.43806,1.570796,21
47.800000,64.75000,40.43806,1.570796,22
47.800000,64.75000,41.43806,1.570796,23
47.900000,64.64241,18.78863,1.694064,0
47.900000,64.50000,19.93806,1.570796,1
47.900000,64.50000,20.93806,1.815775,2
47.900000,64.25000,21.93806,1.815775,3
47.900000,64.00000,22.93806,2.034444,4
47.900000,63.50000,23.93806,1.815775,5
47.900000,63.25000,24.93806,1.570796,6
47.900000,63.25000,25.93806,1.325818,7
47.900000,63.50000,26.93806,1.325818,8
47.900000,63.75000,27.93806,1.325818,9
47.900000,64.00000,28.93806,1.325818,10
47.900000,64.25000,29.93806,1.325818,11
47.900000,64.50000,30.93806,1.325818,12
47.900000,64.75000,31.93806,1.570796,13
47.900000,64.75000,32.93806,1.570796,14
47.900000,64.75000,33.93806,1.570796,15
47.900000,64.75000,34.93806,1.570796,16
47.900000,64.75000,35.93806,1.570796,17
47.900000,64.75000,36.93806,1.570796,18
47.900000,64.75000,37.93806,1.570796,19
47.900000,64.75000,38.93806,1.570796,20
47.900000,64.75000,39.93806,1.570796,21
47.900000,64.75000,40.93806,1.570796,22
48.002000,64.62721,18.88814,1.691375,0
48.002000,64.50000,19.93806,1.570796,1
48.002000,64.50000,20.93806,1.815775,2
48.002000,64.25000,21.93806,1.815775,3
48.002000,64.00000,22.93806,2.034444,4
48.002000,63.50000,23.93806,1.815775,5
48.002000,63.25000,24.93806,1.570796,6
48.002000,63.25000,25.93806,1.325818,7
48.002000,63.50000,26.93806,1.325818,8
48.002000,63.75000,27.93806,1.325818,9
48.002000,64.00000,28.93806,1.325818,10
48.002000,64.25000,29.93806,1.325818,11
48.002000,64.50000,30.93806,1.325818,12
48.002000,64.75000,31.93806,1.570796,13
48.002000,64.75000,32.93806,1.570796,14
48.002000,64.75000,33.93806,1.570796,15
48.002000,64.75000,34.93806,1.570796,16
48.002000,64.75000,35.93806,1.570796,17
48.002000,64.75000,36.93806,1.570796,18
48.002000,64.75000,37.93806,1.570796,19
48.002000,64.75000,38.93806,1.570796,20
48.002000,64.75000,39.93806,1.570796,21
48.002000,64.75000,40.93806,1.570796,22
48.100000,64.60936,18.93207,1.679085,0
48.100000,64.50000,19.93806,1.570796,1
48.100000,64.50000,20.93806,1.815775,2
48.100000,64.25000,21.93806,1.815775,3
48.100000,64.00000,22.93806,2.034444,4
48.100000,63.50000,23.93806,1.815775,5
48.100000,63.25000,24.93806,1.570796,6
48.100000,63.25000,25.93806,1.325818,7
48.100000,63.50000,26.93806,1.325818,8
48.100000,63.75000,27.93806,1.325818,9
48.100000,64.00000,28.93806,1.325818,10
48.100000,64.25000,29.93806,1.325818,11
48.100000,64.50000,30.93806,1.325818,12
48.100000,64.75000,31.93806,1.570796,13
48.100000,64.75000,32.93806,1.570796,14
48.100000,64.75000,33.93806,1.570796,15
48.100000,64.75000,34.93806,1.570796,16
48.100000,64.75000,35.93806,1.570796,17
48.100000,64.75000,36.93806,1.570796,18
48.100000,64.75000,37.93806,1.570796,19
48.100000,64.75000,38.93806,1.570796,20
48.100000,64.75000,39.93806,1.570796,21
48.100000,64.75000,40.93806,1.570796,22
48.200000,64.58678,19.05871,1.669160,0
48.200000,64.50000,19.93806,1.570796,1
48.200000,64.50000,20.93806,1.815775,2
48.200000,64.25000,21.93806,1.815775,3
48.200000,64.00000,22.93806,2.034444,4
48.200000,63.50000,23.93806,1.815775,5
48.200000,63.25000,24.93806,1.570796,6
48.200000,63.25000,25.93806,1.325818,7
48.200000,63.50000,26.93806,1.325818,8
48.200000,63.75000,27.93806,1.325818,9
48.200000,64.00000,28.93806,1.325818,10
48.200000,64.25000,29.93806,1.325818,11
48.200000,64.50000,30.93806,1.325818,12
48.200000,64.75000,31.93806,1.570796,13
48.200000,64.75000,32.93806,1.570796,14
48.200000,64.75000,33.93806,1.570796,15
48.200000,64.75000,34.93806,1.570796,16
48.200000,64.75000,35.93806,1.570796,17
48.200000,64.75000,36.93806,1.570796,18
48.200000,64.75000,37.93806,1.570796,19
48.200000,64.75000,38.93806,1.570796,20
48.200000,64.75000,39.93806,1.570796,21
48.200000,64.75000,40.93806,1.570796,22
48.300000,64.60172,19.17456,1.703244,0
48.300000,64.50000,19.93806,1.570796,1
48.300000,64.50000,20.93806,1.815775,2
48.300000,64.25000,21.93806,1.815775,3
48.300000,64.00000,22.93806,2.034444,4
48.300000,63.50000,23.93806,1.815775,5
48.300000,63.25000,24.93806,1.570796,6
48.300000,63.25000,25.93806,1.325818,7
48.300000,63.50000,26.93806,1.325818,8
48.300000,63.75000,27.93806,1.325818,9
48.300000,64.00000,28.93806,1.325818,10
48.300000,64.25000,29.93806,1.325818,11
48.300000,64.50000,30.93806,1.325818,12
48.300000,64.75000,31.93806,1.570796,13
48.300000,64.75000,32.93806,1.570796,14
48.300000,64.75000,33.93806,1.570796,15
48.300000,64.75000,34.93806,1.570796,16
48.300000,64.75000,35.93806,1.570796,17
48.300000,64.75000,36.93806,1.570796,18
48.300000,64.75000,37.93806,1.570796,19
48.300000,64.75000,38.93806,1.570796,20
48.300000,64.75000,39.93806,1.570796,21
48.300000,64.75000,40.93806,1.570796,22
48.400000,64.62894,19.30878,1.684482,0
48.400000,64.50000,20.43806,1.815775,1
48.400000,64.25000,21.43806,1.815775,2
48.400000,64.00000,22.43806,1.815775,3
48.400000,63.75000,23.43806,2.034444,4
48.400000,63.25000,24.43806,1.570796,5
48.400000,63.25000,25.43806,1.325818,6
48.400000,63.50000,26.43806,1.325818,7
48.400000,63.75000,27.43806,1.325818,8
48.400000,64.00000,28.43806,1.325818,9
48.400000,64.25000,29.43806,1.325818,10
48.400000,64.50000,30.43806,1.325818,11
48.400000,64.75000,31.43806,1.570796,12
48.400000,64.75000,32.43806,1.570796,13
48.400000,64.75000,33.43806,1.570796,14
48.400000,64.75000,34.43806,1.570796,15
48.400000,64.75000,35.43806,1.570796,16
48.400000,64.75000,36.43806,1.570796,17
48.400000,64.75000,37.43806,1.570796,18
48.400000,64.75000,38.43806,1.570796,19
48.400000,64.75000,39.43806,1.570796,20
48.400000,64.75000,40.43806,1.570796,21
48.400000,64.75000,41.43806,1.570796,22
48.500000,64.62039,19.38667,1.909508,0
48.500000,64.25000,20.43806,1.570796,1
48.500000,64.25000,21.43806,1.815775,2
48.500000,64.00000,22.43806,1.815775,3
48.500000,63.75000,23.43806,2.034444,4
48.500000,63.25000,24.43806,1.570796,5
48.500000,63.25000,25.43806,1.325818,6
48.500000,63.50000,26.43806,1.325818,7
48.500000,63.75000,27.43806,1.325818,8
48.500000,64.00000,28.43806,1.325818,9
48.500000,64.25000,29.43806,1.325818,10
48.500000,64.50000,30.43806,1.325818,11
48.500000,64.75000,31.43806,1.570796,12
48.500000,64.75000,32.43806,1.570796,13
48.500000,64.75000,33.43806,1.570796,14
48.500000,64.75000,34.43806,1.570796,15
48.500000,64.75000,35.43806,1.570796,16
48.500000,64.75000,36.43806,1.570796,17
48.500000,64.75000,37.43806,1.570796,18
48.500000,64.75000,38.43806,1.570796,19
48.500000,64.75000,39.43806,1.570796,20
48.500000,64.75000,40.43806,1.570796,21
48.500000,64.75000,41.43806,1.570796,22
48.600000,64.64261,19.49602,1.721038,0
48.600000,64.50000,20.43806,1.815775,1
48.600000,64.25000,21.43806,1.815775,2
48.600000,64.00000,22.43806,1.815775,3
48.600000,63.75000,23.43806,2.034444,4
48.600000,63.25000,24.43806,1.570796,5
48.600000,63.25000,25.43806,1.325818,6
48.600000,63.50000,26.43806,1.325818,7
48.600000,63.75000,27.43806,1.325818,8
48.600000,64.00000,28.43806,1.325818,9
48.600000,64.25000,29.43806,1.325818,10
48.600000,64.50000,30.43806,1.325818,11
48.600000,64.75000,31.43806,1.570796,12
48.600000,64.75000,32.43806,1.570796,13
48.600000,64.75000,33.43806,1.570796,14
48.600000,64.75000,34.43806,1.570796,15
48.600000,64.75000,35.43806,1.570796,16
48.600000,64.75000,36.43806,1.570796,17
48.600000,64.75000,37.43806,1.570796,18
48.600000,64.75000,38.43806,1.570796,19
48.600000,64.75000,39.43806,1.570796,20
48.600000,64.75000,40.43806,1.570796,21
48.600000,64.75000,41.43806,1.570796,22
48.700000,64.67386,19.58666,1.772236,0
48.700000,64.50000,20.43806,1.815775,1
48.700000,64.25000,21.43806,1.815775,2
48.700000,64.00000,22.43806,1.815775,3
48.700000,63.75000,23.43806,2.034444,4
48.700000,63.25000,24.43806,1.570796,5
48.700000,63.25000,25.43806,1.325818,6
48.700000,63.50000,26.43806,1.325818,7
48.700000,63.75000,27.43806,1.325818,8
48.700000,64.00000,28.43806,1.325818,9
48.700000,64.25000,29.43806,1.325818,10
48.700000,64.50000,30.43806,1.325818,11
48.700000,64.75000,31.43806,1.570796,12
48.700000,64.75000,32.43806,1.570796,13
48.700000,64.75000,33.43806,1.570796,14
48.700000,64.75000,34.43806,1.570796,15
48.700000,64.75000,35.43806,1.570796,16
48.700000,64.75000,36.43806,1.570796,17
48.700000,64.75000,37.43806,1.570796,18
48.700000,64.75000,38.43806,1.570796,19
48.700000,64.75000,39.43806,1.570796,20
48.700000,64.75000,40.43806,1.570796,21
48.700000,64.75000,41.43806,1.570796,22
48.800000,64.70922,19.73433,1.742888,0
48.800000,64.50000,20.93806,1.815775,1
48.800000,64.25000,21.93806,1.815775,2
48.800000,64.00000,22.93806,2.034444,3
48.800000,63.50000,23.93806,1.815775,4
48.800000,63.25000,24.93806,1.570796,5
48.800000,63.25000,25.93806,1.325818,6
48.800000,63.50000,26.93806,1.325818,7
48.800000,63.75000,27.93806,1.325818,8
48.800000,64.00000,28.93806,1.325818,9
48.800000,64.25000,29.93806,1.325818,10
48.800000,64.50000,30.93806,1.325818,11
48.800000,64.75000,31.93806,1.570796,12
48.800000,64.75000,32.93806,1.570796,13
48.800000,64.75000,33.93806,1.570796,14
48.800000,64.75000,34.93806,1.570796,15
48.800000,64.75000,35.93806,1.570796,16
48.800000,64.75000,36.93806,1.570796,17
48.800000,64.75000,37.93806,1.570796,18
48.800000,64.75000,38.93806,1.570796,19
48.800000,64.75000,39.93806,1.570796,20
48.800000,64.75000,40.93806,1.570796,21
48.900000,64.74935,19.81439,1.789167,0
48.900000,64.50000,20.93806,1.815775,1
48.900000,64.25000,21.93806,1.815775,2
48.900000,64.00000,22.93806,2.034444,3
48.900000,63.50000,23.93806,1.815775,4
48.900000,63.25000,24.93806,1.570796,5
48.900000,63.25000,25.93806,1.325818,6
48.900000,63.50000,26.93806,1.325818,7
48.900000,63.75000,27.93806,1.325818,8
48.900000,64.00000,28.93806,1.325818,9
48.900000,64.25000,29.93806,1.325818,10
48.900000,64.50000,30.93806,1.325818,11
48.900000,64.75000,31.93806,1.570796,12
48.900000,64.75000,32.93806,1.570796,13
48.900000,64.75000,33.93806,1.570796,14
48.900000,64.75000,34.93806,1.570796,15
48.900000,64.75000,35.93806,1.570796,16
48.900000,64.75000,36.93806,1.570796,17
48.900000,64.75000,37.93806,1.570796,18
48.900000,64.75000,38.93806,1.570796,19
48.900000,64.75000,39.93806,1.570796,20
48.900000,64.75000,40.93806,1.570796,21
49.000000,64.79540,19.95155,1.861741,0
49.000000,64.50000,20.93806,1.815775,1
49.000000,64.25000,21.93806,1.815775,2
49.000000,64.00000,22.93806,2.034444,3
49.000000,63.50000,23.93806,1.815775,4
49.000000,63.25000,24.93806,1.570796,5
49.000000,63.25000,25.93806,1.325818,6
49.000000,63.50000,26.93806,1.325818,7
49.000000,63.75000,27.93806,1.325818,8
49.000000,64.00000,28.93806,1.325818,9
49.000000,64.25000,29.93806,1.325818,10
49.000000,64.50000,30.93806,1.325818,11
49.000000,64.75000,31.93806,1.570796,12
49.000000,64.75000,32.93806,1.570796,13
49.000000,64.75000,33.93806,1.570796,14
49.000000,64.75000,34.93806,1.570796,15
49.000000,64.75000,35.93806,1.570796,16
49.000000,64.75000,36.93806,1.570796,17
49.000000,64.75000,37.93806,1.570796,18
49.000000,64.75000,38.93806,1.570796,19
49.000000,64.75000,39.93806,1.570796,20
49.000000,64.75000,40.93806,1.570796,21
49.100000,64.80318,20.08026,1.910534,0
49.100000,64.50000,20.93806,1.815775,1
49.100000,64.25000,21.93806,1.815775,2
49.100000,64.00000,22.93806,2.034444,3
49.100000,63.50000,23.93806,1.815775,4
49.100000,63.25000,24.93806,1.570796,5
49.100000,63.25000,25.93806,1.325818,6
49.100000,63.50000,26.93806,1.325818,7
49.100000,63.75000,27.93806,1.325818,8
49.100000,64.00000,28.93806,1.325818,9
49.100000,64.25000,29.93806,1.325818,10
49.100000,64.50000,30.93806,1.325818,11
49.100000,64.75000,31.93806,1.570796,12
49.100000,64.75000,32.93806,1.570796,13
49.100000,64.75000,33.93806,1.570796,14
49.100000,64.75000,34.93806,1.570796,15
49.100000,64.75000,35.93806,1.570796,16
49.100000,64.75000,36.93806,1.570796,17
49.100000,64.75000,37.93806,1.570796,18
49.100000,64.75000,38.93806,1.570796,19
49.100000,64.75000,39.93806,1.570796,20
49.100000,64.75000,40.93806,1.570796,21
49.200000,64.86429,20.18347,2.020566,0
49.200000,64.50000,20.93806,1.815775,1
49.200000,64.25000,21.93806,1.815775,2
49.200000,64.00000,22.93806,2.034444,3
49.200000,63.50000,23.93806,1.815775,4
49.200000,63.25000,24.93806,1.570796,5
49.200000,63.25000,25.93806,1.325818,6
49.200000,63.50000,26.93806,1.325818,7
49.200000,63.75000,27.93806,1.325818,8
49.200000,64.00000,28.93806,1.325818,9
49.200000,64.25000,29.93806,1.325818,10
49.200000,64.50000,30.93806,1.325818,11
49.200000,64.75000,31.93806,1.570796,12
49.200000,64.75000,32.93806,1.570796,13
49.200000,64.75000,33.93806,1.570796,14
49.200000,64.75000,34.93806,1.570796,15
49.200000,64.75000,35.93806,1.570796,16
49.200000,64.75000,36.93806,1.570796,17
49.200000,64.75000,37.93806,1.570796,18
49.200000,64.75000,38.93806,1.570796,19
49.200000,64.75000,39.93806,1.570796,20
49.200000,64.75000,40.93806,1.570796,21
49.300000,64.87719,20.32581,1.897748,0
49.300000,64.50000,21.43806,1.815775,1
49.300000,64.25000,22.43806,2.034444,2
49.300000,63.75000,23.43806,2.034444,3
49.300000,63.25000,24.43806,1.570796,4
49.300000,63.25000,25.43806,1.325818,5
49.300000,63.50000,26.43806,1.325818,6
49.300000,63.75000,27.43806,1.325818,7
49.300000,64.00000,28.43806,1.325818,8
49.300000,64.25000,29.43806,1.325818,9
49.300000,64.50000,30.43806,1.325818,10
49.300000,64.75000,31.43806,1.570796,11
49.300000,64.75000,32.43806,1.570796,12
49.300000,64.75000,33.43806,1.570796,13
49.300000,64.75000,34.43806,1.570796,14
49.300000,64.75000,35.43806,1.570796,15
49.300000,64.75000,36.43806,1.570796,16
49.300000,64.75000,37.43806,1.570796,17
49.300000,64.75000,38.43806,1.570796,18
49.300000,64.75000,39.43806,1.570796,19
49.300000,64.75000,40.43806,1.570796,20
49.300000,64.75000,41.43806,1.570796,21
49.400000,64.92440,20.46603,1.982465,0
49.400000,64.50000,21.43806,1.815775,1
49.400000,64.25000,22.43806,2.034444,2
49.400000,63.75000,23.43806,2.034444,3
49.400000,63.25000,24.43806,1.570796,4
49.400000,63.25000,25.43806,1.570796,5
49.400000,63.25000,26.43806,1.325818,6
49.400000,63.50000,27.43806,1.325818,7
49.400000,63.75000,28.43806,1.107149,8
49.400000,64.25000,29.43806,1.325818,9
49.400000,64.50000,30.43806,1.325818,10
49.400000,64.75000,31.43806,1.570796,11
49.400000,64.75000,32.43806,1.570796,12
49.400000,64.75000,33.43806,1.570796,13
49.400000,64.75000,34.43806,1.570796,14
49.400000,64.75000,35.43806,1.570796,15
49.400000,64.75000,36.43806,1.570796,16
49.400000,64.75000,37.43806,1.570796,17
49.400000,64.75000,38.43806,1.570796,18
49.400000,64.75000,39.43806,1.570796,19
49.400000,64.75000,40.43806,1.570796,20
49.400000,64.75000,41.43806,1.570796,21
49.500000,64.94990,20.65658,2.093158,0
49.500000,64.50000,21.43806,1.815775,1
49.500000,64.25000,22.43806,2.034444,2
49.500000,63.75000,23.43806,2.034444,3
49.500000,63.25000,24.43806,1.570796,4
49.500000,63.25000,25.43806,1.325818,5
49.500000,63.50000,26.43806,1.325818,6
49.500000,63.75000,27.43806,1.325818,7
49.500000,64.00000,28.43806,1.325818,8
49.500000,64.25000,29.43806,1.325818,9
49.500000,64.50000,30.43806,1.325818,10
49.500000,64.75000,31.43806,1.570796,11
49.500000,64.75000,32.43806,1.570796,12
49.500000,64.75000,33.43806,1.570796,13
49.500000,64.75000,34.43806,1.570796,14
49.500000,64.75000,35.43806,1.570796,15
49.500000,64.75000,36.43806,1.570796,16
49.500000,64.75000,37.43806,1.570796,17
49.500000,64.75000,38.43806,1.570796,18
49.500000,64.75000,39.43806,1.570796,19
49.500000,64.75000,40.43806,1.570796,20
49.500000,64.75000,41.43806,1.570796,21
49.600000,65.00556,20.76996,1.979264,0
49.600000,64.50000,21.93806,2.034444,1
49.600000,64.00000,22.93806,2.034444,2
49.600000,63.50000,23.93806,1.815775,3
49.600000,63.25000,24.93806,1.570796,4
49.600000,63.25000,25.93806,1.325818,5
49.600000,63.50000,26.93806,1.325818,6
49.600000,63.75000,27.93806,1.325818,7
49.600000,64.00000,28.93806,1.325818,8
49.600000,64.25000,29.93806,1.325818,9
49.600000,64.50000,30.93806,1.325818,10
49.600000,64.75000,31.93806,1.570796,11
49.600000,64.75000,32.93806,1.570796,12
49.600000,64.75000,33.93806,1.570796,13
49.600000,64.75000,34.93806,1.570796,14
49.600000,64.75000,35.93806,1.570796,15
49.600000,64.75000,36.93806,1.570796,16
49.600000,64.75000,37.93806,1.570796,17
49.600000,64.75000,38.93806,1.570796,18
49.600000,64.75000,39.93806,1.570796,19
49.600000,64.75000,40.93806,1.570796,20
49.700000,64.99933,20.98877,2.055033,0
49.700000,64.50000,21.93806,2.034444,1
49.700000,64.00000,22.93806,2.034444,2
49.700000,63.50000,23.93806,1.815775,3
49.700000,63.25000,24.93806,1.570796,4
49.700000,63.25000,25.93806,1.325818,5
49.700000,63.50000,26.93806,1.325818,6
49.700000,63.75000,27.93806,1.325818,7
49.700000,64.00000,28.93806,1.325818,8
49.700000,64.25000,29.93806,1.325818,9
49.700000,64.50000,30.93806,1.325818,10
49.700000,64.75000,31.93806,1.570796,11
49.700000,64.75000,32.93806,1.570796,12
49.700000,64.75000,33.93806,1.570796,13
49.700000,64.75000,34.93806,1.570796,14
49.700000,64.75000,35.93806,1.570796,15
49.700000,64.75000,36.93806,1.570796,16
49.700000,64.75000,37.93806,1.570796,17
49.700000,64.75000,38.93806,1.570796,18
49.700000,64.75000,39.93806,1.570796,19
49.700000,64.75000,40.93806,1.570796,20
49.800000,65.00954,21.20178,2.121722,0
49.800000,64.25000,22.43806,2.034444,1
49.800000,63.75000,23.43806,2.034444,2
49.800000,63.25000,24.43806,1.570796,3
49.800000,63.25000,25.43806,1.325818,4
49.800000,63.50000,26.43806,1.325818,5
49.800000,63.75000,27.43806,1.325818,6
49.800000,64.00000,28.43806,1.325818,7
49.800000,64.25000,29.43806,1.325818,8
49.800000,64.50000,30.43806,1.325818,9
49.800000,64.75000,31.43806,1.570796,10
49.800000,64.75000,32.43806,1.570796,11
49.800000,64.75000,33.43806,1.570796,12
49.800000,64.75000,34.43806,1.570796,13
49.800000,64.75000,35.43806,1.570796,14
49.800000,64.75000,36.43806,1.570796,15
49.800000,64.75000,37.43806,1.570796,16
49.800000,64.75000,38.43806,1.570796,17
49.800000,64.75000,39.43806,1.570796,18
49.800000,64.75000,40.43806,1.570796,19
49.800000,64.75000,41.43806,1.570796,20
49.900000,64.98613,21.35309,2.166938,0
49.900000,64.25000,22.43806,2.034444,1
49.900000,63.75000,23.43806,2.034444,2
49.900000,63.25000,24.43806,1.570796,3
49.900000,63.25000,25.43806,1.325818,4
49.900000,63.50000,26.43806,1.325818,5
49.900000,63.75000,27.43806,1.325818,6
49.900000,64.00000,28.43806,1.325818,7
49.900000,64.25000,29.43806,1.325818,8
49.900000,64.50000,30.43806,1.325818,9
49.900000,64.75000,31.43806,1.570796,10
49.900000,64.75000,32.43806,1.570796,11
49.900000,64.75000,33.43806,1.570796,12
49.900000,64.75000,34.43806,1.570796,13
49.900000,64.75000,35.43806,1.570796,14
49.900000,64.75000,36.43806,1.570796,15
49.900000,64.75000,37.43806,1.570796,16
49.900000,64.75000,38.43806,1.570796,17
49.900000,64.75000,39.43806,1.570796,18
49.900000,64.75000,40.43806,1.570796,19
49.900000,64.75000,41.43806,1.570796,20
50.000000,64.97102,21.54446,2.249712,0
50.000000,64.25000,22.43806,2.034444,1
50.000000,63.75000,23.43806,2.034444,2
50.000000,63.25000,24.43806,1.570796,3
50.000000,63.25000,25.43806,1.325818,4
50.000000,63.50000,26.43806,1.325818,5
50.000000,63.75000,27.43806,1.325818,6
50.000000,64.00000,28.43806,1.325818,7
50.000000,64.25000,29.43806,1.325818,8
50.000000,64.50000,30.43806,1.325818,9
50.000000,64.75000,31.43806,1.570796,10
50.000000,64.75000,32.43806,1.570796,11
50.000000,64.75000,33.43806,1.570796,12
50.000000,64.75000,34.43806,1.570796,13
50.000000,64.75000,35.43806,1.570796,14
50.000000,64.75000,36.43806,1.570796,15
50.000000,64.75000,37.43806,1.570796,16
50.000000,64.75000,38.43806,1.570796,17
50.000000,64.75000,39.43806,1.570796,18
50.000000,64.75000,40.43806,1.570796,19
50.000000,64.75000,41.43806,1.570796,20
50.100000,64.96152,21.78491,2.123640,0
50.100000,64.25000,22.93806,2.034444,1
50.100000,63.75000,23.93806,2.034444,2
50.100000,63.25000,24.93806,1.570796,3
50.100000,63.25000,25.93806,1.325818,4
50.100000,63.50000,26.93806,1.325818,5
50.100000,63.75000,27.93806,1.325818,6
50.100000,64.00000,28.93806,1.325818,7
50.100000,64.25000,29.93806,1.325818,8
50.100000,64.50000,30.93806,1.325818,9
50.100000,64.75000,31.93806,1.570796,10
50.100000,64.75000,32.93806,1.570796,11
50.100000,64.75000,33.93806,1.570796,12
50.100000,64.75000,34.93806,1.570796,13
50.100000,64.75000,35.93806,1.570796,14
50.100000,64.75000,36.93806,1.570796,15
50.100000,64.75000,37.93806,1.570796,16
50.100000,64.75000,38.93806,1.570796,17
50.100000,64.75000,39.93806,1.570796,18
50.100000,64.75000,40.93806,1.570796,19
50.200000,64.84800,21.97800,2.127869,0
50.200000,64.25000,22.93806,2.034444,1
50.200000,63.75000,23.93806,2.034444,2
50.200000,63.25000,24.93806,1.570796,3
50.200000,63.25000,25.93806,1.325818,4
50.200000,63.50000,26.93806,1.325818,5
50.200000,63.75000,27.93806,1.325818,6
50.200000,64.00000,28.93806,1.325818,7
50.200000,64.25000,29.93806,1.325818,8
50.200000,64.50000,30.93806,1.325818,9
50.200000,64.75000,31.93806,1.570796,10
50.200000,64.75000,32.93806,1.570796,11
50.200000,64.75000,33.93806,1.570796,12
50.200000,64.75000,34.93806,1.570796,13
50.200000,64.75000,35.93806,1.570796,14
50.200000,64.75000,36.93806,1.570796,15
50.200000,64.75000,37.93806,1.570796,16
50.200000,64.75000,38.93806,1.570796,17
50.200000,64.75000,39.93806,1.570796,18
50.200000,64.75000,40.93806,1.570796,19
50.300000,64.82238,22.14561,2.196332,0
50.300000,64.25000,22.93806,2.034444,1
50.300000,63.75000,23.93806,2.034444,2
50.300000,63.25000,24.93806,1.570796,3
50.300000,63.25000,25.93806,1.325818,4
50.300000,63.50000,26.93806,1.325818,5
50.300000,63.75000,27.93806,1.325818,6
50.300000,64.00000,28.93806,1.325818,7
50.300000,64.25000,29.93806,1.325818,8
50.300000,64.50000,30.93806,1.325818,9
50.300000,64.75000,31.93806,1.570796,10
50.300000,64.75000,32.93806,1.570796,11
50.300000,64.75000,33.93806,1.570796,12
50.300000,64.75000,34.93806,1.570796,13
50.300000,64.75000,35.93806,1.570796,14
50.300000,64.75000,36.93806,1.570796,15
50.300000,64.75000,37.93806,1.570796,16
50.300000,64.75000,38.93806,1.570796,17
50.300000,64.75000,39.93806,1.570796,18
50.300000,64.75000,40.93806,1.570796,19
50.400000,64.72637,22.34354,2.156708,0
50.400000,64.00000,23.43806,2.214297,1
50.400000,63.25000,24.43806,1.570796,2
50.400000,63.25000,25.43806,1.325818,3
50.400000,63.50000,26.43806,1.325818,4
50.400000,63.75000,27.43806,1.325818,5
50.400000,64.00000,28.43806,1.325818,6
50.400000,64.25000,29.43806,1.325818,7
50.400000,64.50000,30.43806,1.325818,8
50.400000,64.75000,31.43806,1.570796,9
50.400000,64.75000,32.43806,1.570796,10
50.400000,64.75000,33.43806,1.570796,11
50.400000,64.75000,34.43806,1.570796,12
50.400000,64.75000,35.43806,1.570796,13
50.400000,64.75000,36.43806,1.570796,14
50.400000,64.75000,37.43806,1.570796,15
50.400000,64.75000,38.43806,1.570796,16
50.400000,64.75000,39.43806,1.570796,17
50.400000,64.75000,40.43806,1.570796,18
50.400000,64.75000,41.43806,1.570796,19
50.500000,64.66633,22.49353,2.185186,0
50.500000,64.00000,23.43806,2.214297,1
50.500000,63.25000,24.43806,1.570796,2
50.500000,63.25000,25.43806,1.325818,3
50.500000,63.50000,26.43806,1.325818,4
50.500000,63.75000,27.43806,1.325818,5
50.500000,64.00000,28.43806,1.325818,6
50.500000,64.25000,29.43806,1.325818,7
50.500000,64.50000,30.43806,1.325818,8
50.500000,64.75000,31.43806,1.570796,9
50.500000,64.75000,32.43806,1.570796,10
50.500000,64.75000,33.43806,1.570796,11
50.500000,64.75000,34.43806,1.570796,12
50.500000,64.75000,35.43806,1.570796,13
50.500000,64.75000,36.43806,1.570796,14
50.500000,64.75000,37.43806,1.570796,15
50.500000,64.75000,38.43806,1.570796,16
50.500000,64.75000,39.43806,1.570796,17
50.500000,64.75000,40.43806,1.570796,18
50.500000,64.75000,41.43806,1.570796,19
50.600000,64.56534,22.67095,2.386666,0
50.600000,63.75000,23.43806,2.034444,1
50.600000,63.25000,24.43806,1.570796,2
50.600000,63.25000,25.43806,1.570796,3
50.600000,63.25000,26.43806,1.325818,4
50.600000,63.50000,27.43806,1.325818,5
50.600000,63.75000,28.43806,1.107149,6
50.600000,64.25000,29.43806,1.325818,7
50.600000,64.50000,30.43806,1.325818,8
50.600000,64.75000,31.43806,1.570796,9
50.600000,64.75000,32.43806,1.570796,10
50.600000,64.75000,33.43806,1.570796,11
50.600000,64.75000,34.43806,1.570796,12
50.600000,64.75000,35.43806,1.570796,13
50.600000,64.75000,36.43806,1.570796,14
50.600000,64.75000,37.43806,1.570796,15
50.600000,64.75000,38.43806,1.570796,16
50.600000,64.75000,39.43806,1.570796,17
50.600000,64.75000,40.43806,1.570796,18
50.600000,64.75000,41.43806,1.570796,19
50.700000,64.48755,22.83608,2.160620,0
50.700000,63.75000,23.93806,2.034444,1
50.700000,63.25000,24.93806,1.570796,2
50.700000,63.25000,25.93806,1.325818,3
50.700000,63.50000,26.93806,1.325818,4
50.700000,63.75000,27.93806,1.325818,5
50.700000,64.00000,28.93806,1.325818,6
50.700000,64.25000,29.93806,1.325818,7
50.700000,64.50000,30.93806,1.325818,8
50.700000,64.75000,31.93806,1.570796,9
50.700000,64.75000,32.93806,1.570796,10
50.700000,64.75000,33.93806,1.570796,11
50.700000,64.75000,34.93806,1.570796,12
50.700000,64.75000,35.93806,1.570796,13
50.700000,64.75000,36.93806,1.570796,14
50.700000,64.75000,37.93806,1.570796,15
50.700000,64.75000,38.93806,1.570796,16
50.700000,64.75000,39.93806,1.570796,17
50.700000,64.75000,40.93806,1.570796,18
50.802000,64.42786,22.97284,2.183056,0
50.802000,63.75000,23.93806,2.034444,1
50.802000,63.25000,24.93806,1.570796,2
50.802000,63.25000,25.93806,1.325818,3
50.802000,63.50000,26.93806,1.325818,4
50.802000,63.75000,27.93806,1.325818,5
50.802000,64.00000,28.93806,1.325818,6
50.802000,64.25000,29.93806,1.325818,7
50.802000,64.50000,30.93806,1.325818,8
50.802000,64.75000,31.93806,1.570796,9
50.802000,64.75000,32.93806,1.570796,10
50.802000,64.75000,33.93806,1.570796,11
50.802000,64.75000,34.93806,1.570796,12
50.802000,64.75000,35.93806,1.570796,13
50.802000,64.75000,36.93806,1.570796,14
50.802000,64.75000,37.93806,1.570796,15
50.802000,64.75000,38.93806,1.570796,16
50.802000,64.75000,39.93806,1.570796,17
50.802000,64.75000,40.93806,1.570796,18
50.900000,64.37241,23.09166,2.371332,0
50.900000,63.50000,23.93806,1.815775,1
50.900000,63.25000,24.93806,1.570796,2
50.900000,63.25000,25.93806,1.325818,3
50.900000,63.50000,26.93806,1.325818,4
50.900000,63.75000,27.93806,1.325818,5
50.900000,64.00000,28.93806,1.325818,6
50.900000,64.25000,29.93806,1.325818,7
50.900000,64.50000,30.93806,1.325818,8
50.900000,64.75000,31.93806,1.570796,9
50.900000,64.75000,32.93806,1.570796,10
50.900000,64.75000,33.93806,1.570796,11
50.900000,64.75000,34.93806,1.570796,12
50.900000,64.75000,35.93806,1.570796,13
50.900000,64.75000,36.93806,1.570796,14
50.900000,64.75000,37.93806,1.570796,15
50.900000,64.75000,38.93806,1.570796,16
50.900000,64.75000,39.93806,1.570796,17
50.900000,64.75000,40.93806,1.570796,18
51.000000,64.27858,23.21667,2.138302,0
51.000000,63.50000,24.43806,1.815775,1
51.000000,63.25000,25.43806,1.570796,2
51.000000,63.25000,26.43806,1.325818,3
51.000000,63.50000,27.43806,1.325818,4
51.000000,63.75000,28.43806,1.107149,5
51.000000,64.25000,29.43806,1.325818,6
51.000000,64.50000,30.43806,1.325818,7
51.000000,64.75000,31.43806,1.570796,8
51.000000,64.75000,32.43806,1.570796,9
51.000000,64.75000,33.43806,1.570796,10
51.000000,64.75000,34.43806,1.570796,11
51.000000,64.75000,35.43806,1.570796,12
51.000000,64.75000,36.43806,1.570796,13
51.000000,64.75000,37.43806,1.570796,14
51.000000,64.75000,38.43806,1.570796,15
51.000000,64.75000,39.43806,1.570796,16
51.000000,64.75000,40.43806,1.570796,17
51.000000,64.75000,41.43806,1.570796,18
51.102000,64.28113,23.35904,2.197404,0
51.102000,63.50000,24.43806,1.570796,1
51.102000,63.50000,25.43806,1.570796,2
51.102000,63.50000,26.43806,1.325818,3
51.102000,63.75000,27.43806,1.325818,4
51.102000,64.00000,28.43806,1.325818,5
51.102000,64.25000,29.43806,1.325818,6
51.102000,64.50000,30.43806,1.325818,7
51.102000,64.75000,31.43806,1.570796,8
51.102000,64.75000,32.43806,1.570796,9
51.102000,64.75000,33.43806,1.570796,10
51.102000,64.75000,34.43806,1.570796,11
51.102000,64.75000,35.43806,1.570796,12
51.102000,64.75000,36.43806,1.570796,13
51.102000,64.75000,37.43806,1.570796,14
51.102000,64.75000,38.43806,1.570796,15
51.102000,64.75000,39.43806,1.570796,16
51.102000,64.75000,40.43806,1.570796,17
51.102000,64.75000,41.43806,1.570796,18
51.200000,64.25237,23.40180,2.198788,0
51.200000,63.50000,24.43806,1.570796,1
51.200000,63.50000,25.43806,1.570796,2
51.200000,63.50000,26.43806,1.325818,3
51.200000,63.75000,27.43806,1.325818,4
51.200000,64.00000,28.43806,1.325818,5
51.200000,64.25000,29.43806,1.325818,6
51.200000,64.50000,30.43806,1.325818,7
51.200000,64.75000,31.43806,1.570796,8
51.200000,64.75000,32.43806,1.570796,9
51.200000,64.75000,33.43806,1.570796,10
51.200000,64.75000,34.43806,1.570796,11
51.200000,64.75000,35.43806,1.570796,12
51.200000,64.75000,36.43806,1.570796,13
51.200000,64.75000,37.43806,1.570796,14
51.200000,64.75000,38.43806,1.570796,15
51.200000,64.75000,39.43806,1.570796,16
51.200000,64.75000,40.43806,1.570796,17
51.200000,64.75000,41.43806,1.570796,18
51.302000,64.21816,23.51400,2.231467,0
51.302000,63.50000,24.43806,1.570796,1
51.302000,63.50000,25.43806,1.570796,2
51.302000,63.50000,26.43806,1.325818,3
51.302000,63.75000,27.43806,1.325818,4
51.302000,64.00000,28.43806,1.325818,5
51.302000,64.25000,29.43806,1.325818,6
51.302000,64.50000,30.43806,1.325818,7
51.302000,64.75000,31.43806,1.570796,8
51.302000,64.75000,32.43806,1.570796,9
51.302000,64.75000,33.43806,1.570796,10
51.302000,64.75000,34.43806,1.570796,11
51.302000,64.75000,35.43806,1.570796,12
51.302000,64.75000,36.43806,1.570796,13
51.302000,64.75000,37.43806,1.570796,14
51.302000,64.75000,38.43806,1.570796,15
51.302000,64.75000,39.43806,1.570796,16
51.302000,64.75000,40.43806,1.570796,17
51.302000,64.75000,41.43806,1.570796,18
51.400000,64.22105,23.58711,2.273749,0
51.400000,63.50000,24.43806,1.570796,1
51.400000,63.50000,25.43806,1.570796,2
51.400000,63.50000,26.43806,1.325818,3
51.400000,63.75000,27.43806,1.325818,4
51.400000,64.00000,28.43806,1.325818,5
51.400000,64.25000,29.43806,1.325818,6
51.400000,64.50000,30.43806,1.325818,7
51.400000,64.75000,31.43806,1.570796,8
51.400000,64.75000,32.43806,1.570796,9
51.400000,64.75000,33.43806,1.570796,10
51.400000,64.75000,34.43806,1.570796,11
51.400000,64.75000,35.43806,1.570796,12
51.400000,64.75000,36.43806,1.570796,13
51.400000,64.75000,37.43806,1.570796,14
51.400000,64.75000,38.43806,1.570796,15
51.400000,64.75000,39.43806,1.570796,16
51.400000,64.75000,40.43806,1.570796,17
51.400000,64.75000,41.43806,1.570796,18
51.500000,64.16068,23.66361,2.277091,0
51.500000,63.50000,24.43806,1.815775,1
51.500000,63.25000,25.43806,1.570796,2
51.500000,63.25000,26.43806,1.325818,3
51.500000,63.50000,27.43806,1.325818,4
51.500000,63.75000,28.43806,1.107149,5
51.500000,64.25000,29.43806,1.325818,6
51.500000,64.50000,30.43806,1.325818,7
51.500000,64.75000,31.43806,1.570796,8
51.500000,64.75000,32.43806,1.570796,9
51.500000,64.75000,33.43806,1.570796,10
51.500000,64.75000,34.43806,1.570796,11
51.500000,64.75000,35.43806,1.570796,12
51.500000,64.75000,36.43806,1.570796,13
51.500000,64.75000,37.43806,1.570796,14
51.500000,64.75000,38.43806,1.570796,15
51.500000,64.75000,39.43806,1.570796,16
51.500000,64.75000,40.43806,1.570796,17
51.500000,64.75000,41.43806,1.570796,18
51.600000,64.23385,23.73372,2.118053,0
51.600000,63.50000,24.93806,1.570796,1
51.600000,63.50000,25.93806,1.570796,2
51.600000,63.50000,26.93806,1.325818,3
51.600000,63.75000,27.93806,1.325818,4
51.600000,64.00000,28.93806,1.325818,5
51.600000,64.25000,29.93806,1.325818,6
51.600000,64.50000,30.93806,1.325818,7
51.600000,64.75000,31.93806,1.570796,8
51.600000,64.75000,32.93806,1.570796,9
51.600000,64.75000,33.93806,1.570796,10
51.600000,64.75000,34.93806,1.570796,11
51.600000,64.75000,35.93806,1.570796,12
51.600000,64.75000,36.93806,1.570796,13
51.600000,64.75000,37.93806,1.570796,14
51.600000,64.75000,38.93806,1.570796,15
51.600000,64.75000,39.93806,1.570796,16
51.600000,64.75000,40.93806,1.570796,17
53.200000,64.23322,24.00714,2.237955,0
53.200000,63.50000,24.93806,1.570796,1
53.200000,63.50000,25.93806,1.570796,2
53.200000,63.50000,26.93806,1.325818,3
53.200000,63.75000,27.93806,1.325818,4
53.200000,64.00000,28.93806,1.325818,5
53.200000,64.25000,29.93806,1.325818,6
53.200000,64.50000,30.93806,1.325818,7
53.200000,64.75000,31.93806,1.570796,8
53.200000,64.75000,32.93806,1.570796,9
53.200000,64.75000,33.93806,1.570796,10
53.200000,64.75000,34.93806,1.570796,11
53.200000,64.75000,35.93806,1.570796,12
53.200000,64.75000,36.93806,1.570796,13
53.200000,64.75000,37.93806,1.570796,14
53.200000,64.75000,38.93806,1.570796,15
53.200000,64.75000,39.93806,1.570796,16
53.200000,64.75000,40.93806,1.570796,17
53.600000,64.29087,23.74827,2.157449,0
53.600000,63.50000,24.93806,1.570796,1
53.600000,63.50000,25.93806,1.570796,2
53.600000,63.50000,26.93806,1.325818,3
53.600000,63.75000,27.93806,1.325818,4
53.600000,64.00000,28.93806,1.325818,5
53.600000,64.25000,29.93806,1.325818,6
53.600000,64.50000,30.93806,1.325818,7
53.600000,64.75000,31.93806,1.570796,8
53.600000,64.75000,32.93806,1.570796,9
53.600000,64.75000,33.93806,1.570796,10
53.600000,64.75000,34.93806,1.570796,11
53.600000,64.75000,35.93806,1.570796,12
53.600000,64.75000,36.93806,1.570796,13
53.600000,64.75000,37.93806,1.570796,14
53.600000,64.75000,38.93806,1.570796,15
53.600000,64.75000,39.93806,1.570796,16
53.600000,64.75000,40.93806,1.570796,17
53.700000,64.29156,23.64626,2.356046,0
53.700000,63.50000,24.43806,1.815775,1
53.700000,63.25000,25.43806,1.570796,2
53.700000,63.25000,26.43806,1.325818,3
53.700000,63.50000,27.43806,1.107149,4
53.700000,64.00000,28.43806,1.325818,5
53.700000,64.25000,29.43806,1.325818,6
53.700000,64.50000,30.43806,1.325818,7
53.700000,64.75000,31.43806,1.570796,8
53.700000,64.75000,32.43806,1.570796,9
53.700000,64.75000,33.43806,1.570796,10
53.700000,64.75000,34.43806,1.570796,11
53.700000,64.75000,35.43806,1.570796,12
53.700000,64.75000,36.43806,1.570796,13
53.700000,64.75000,37.43806,1.570796,14
53.700000,64.75000,38.43806,1.570796,15
53.700000,64.75000,39.43806,1.570796,16
53.700000,64.75000,40.43806,1.570796,17
53.700000,64.75000,41.43806,1.570796,18
53.800000,64.35248,23.59237,2.360193,0
53.800000,63.50000,24.43806,1.570796,1
53.800000,63.50000,25.43806,1.570796,2
53.800000,63.50000,26.43806,1.325818,3
53.800000,63.75000,27.43806,1.325818,4
53.800000,64.00000,28.43806,1.325818,5
53.800000,64.25000,29.43806,1.325818,6
53.800000,64.50000,30.43806,1.325818,7
53.800000,64.75000,31.43806,1.570796,8
53.800000,64.75000,32.43806,1.570796,9
53.800000,64.75000,33.43806,1.570796,10
53.800000,64.75000,34.43806,1.570796,11
53.800000,64.75000,35.43806,1.570796,12
53.800000,64.75000,36.43806,1.570796,13
53.800000,64.75000,37.43806,1.570796,14
53.800000,64.75000,38.43806,1.570796,15
53.800000,64.75000,39.43806,1.570796,16
53.800000,64.75000,40.43806,1.570796,17
53.800000,64.75000,41.43806,1.570796,18
53.904000,64.34178,23.51257,2.308864,0
53.904000,63.50000,24.43806,1.815775,1
53.904000,63.25000,25.43806,1.570796,2
53.904000,63.25000,26.43806,1.325818,3
53.904000,63.50000,27.43806,1.325818,4
53.904000,63.75000,28.43806,1.107149,5
53.904000,64.25000,29.43806,1.325818,6
53.904000,64.50000,30.43806,1.325818,7
53.904000,64.75000,31.43806,1.570796,8
53.904000,64.75000,32.43806,1.570796,9
53.904000,64.75000,33.43806,1.570796,10
53.904000,64.75000,34.43806,1.570796,11
53.904000,64.75000,35.43806,1.570796,12
53.904000,64.75000,36.43806,1.570796,13
53.904000,64.75000,37.43806,1.570796,14
53.904000,64.75000,38.43806,1.570796,15
53.904000,64.75000,39.43806,1.570796,16
53.904000,64.75000,40.43806,1.570796,17
53.904000,64.75000,41.43806,1.570796,18
54.000000,64.38568,23.44076,2.296987,0
54.000000,63.50000,24.43806,1.570796,1
54.000000,63.50000,25.43806,1.570796,2
54.000000,63.50000,26.43806,1.325818,3
54.000000,63.75000,27.43806,1.325818,4
54.000000,64.00000,28.43806,1.325818,5
54.000000,64.25000,29.43806,1.325818,6
54.000000,64.50000,30.43806,1.325818,7
54.000000,64.75000,31.43806,1.570796,8
54.000000,64.75000,32.43806,1.570796,9
54.000000,64.75000,33.43806,1.570796,10
54.000000,64.75000,34.43806,1.570796,11
54.000000,64.75000,35.43806,1.570796,12
54.000000,64.75000,36.43806,1.570796,13
54.000000,64.75000,37.43806,1.570796,14
54.000000,64.75000,38.43806,1.570796,15
54.000000,64.75000,39.43806,1.570796,16
54.000000,64.75000,40.43806,1.570796,17
54.000000,64.75000,41.43806,1.570796,18
54.102000,64.41750,23.32949,2.112779,0
54.102000,63.75000,24.43806,1.815775,1
54.102000,63.50000,25.43806,1.570796,2
54.102000,63.50000,26.43806,1.325818,3
54.102000,63.75000,27.43806,1.325818,4
54.102000,64.00000,28.43806,1.325818,5
54.102000,64.25000,29.43806,1.325818,6
54.102000,64.50000,30.43806,1.325818,7
54.102000,64.75000,31.43806,1.570796,8
54.102000,64.75000,32.43806,1.570796,9
54.102000,64.75000,33.43806,1.570796,10
54.102000,64.75000,34.43806,1.570796,11
54.102000,64.75000,35.43806,1.570796,12
54.102000,64.75000,36.43806,1.570796,13
54.102000,64.75000,37.43806,1.570796,14
54.102000,64.75000,38.43806,1.570796,15
54.102000,64.75000,39.43806,1.570796,16
54.102000,64.75000,40.43806,1.570796,17
54.102000,64.75000,41.43806,1.570796,18
54.200000,64.42043,23.31227,2.107913,0
54.200000,63.75000,24.43806,1.815775,1
54.200000,63.50000,25.43806,1.570796,2
54.200000,63.50000,26.43806,1.325818,3
54.200000,63.75000,27.43806,1.325818,4
54.200000,64.00000,28.43806,1.325818,5
54.200000,64.25000,29.43806,1.325818,6
54.200000,64.50000,30.43806,1.325818,7
54.200000,64.75000,31.43806,1.570796,8
54.200000,64.75000,32.43806,1.570796,9
54.200000,64.75000,33.43806,1.570796,10
54.200000,64.75000,34.43806,1.570796,11
54.200000,64.75000,35.43806,1.570796,12
54.200000,64.75000,36.43806,1.570796,13
54.200000,64.75000,37.43806,1.570796,14
54.200000,64.75000,38.43806,1.570796,15
54.200000,64.75000,39.43806,1.570796,16
54.200000,64.75000,40.43806,1.570796,17
54.200000,64.75000,41.43806,1.570796,18
54.300000,64.46118,23.30382,2.130840,0
54.300000,63.75000,24.43806,1.815775,1
54.300000,63.50000,25.43806,1.570796,2
54.300000,63.50000,26.43806,1.325818,3
54.300000,63.75000,27.43806,1.325818,4
54.300000,64.00000,28.43806,1.325818,5
54.300000,64.25000,29.43806,1.325818,6
54.300000,64.50000,30.43806,1.325818,7
54.300000,64.75000,31.43806,1.570796,8
54.300000,64.75000,32.43806,1.570796,9
54.300000,64.75000,33.43806,1.570796,10
54.300000,64.75000,34.43806,1.570796,11
54.300000,64.75000,35.43806,1.570796,12
54.300000,64.75000,36.43806,1.570796,13
54.300000,64.75000,37.43806,1.570796,14
54.300000,64.75000,38.43806,1.570796,15
54.300000,64.75000,39.43806,1.570796,16
54.300000,64.75000,40.43806,1.570796,17
54.300000,64.75000,41.43806,1.570796,18
54.400000,64.42943,23.28024,2.101465,0
54.400000,63.75000,24.43806,1.815775,1
54.400000,63.50000,25.43806,1.570796,2
54.400000,63.50000,26.43806,1.325818,3
54.400000,63.75000,27.43806,1.325818,4
54.400000,64.00000,28.43806,1.325818,5
54.400000,64.25000,29.43806,1.325818,6
54.400000,64.50000,30.43806,1.325818,7
54.400000,64.75000,31.43806,1.570796,8
54.400000,64.75000,32.43806,1.570796,9
54.400000,64.75000,33.43806,1.570796,10
54.400000,64.75000,34.43806,1.570796,11
54.400000,64.75000,35.43806,1.570796,12
54.400000,64.75000,36.43806,1.570796,13
54.400000,64.75000,37.43806,1.570796,14
54.400000,64.75000,38.43806,1.570796,15
54.400000,64.75000,39.43806,1.570796,16
54.400000,64.75000,40.43806,1.570796,17
54.400000,64.75000,41.43806,1.570796,18
54.500000,64.48192,23.25456,2.124666,0
54.500000,63.75000,24.43806,1.815775,1
54.500000,63.50000,25.43806,1.570796,2
54.500000,63.50000,26.43806,1.325818,3
54.500000,63.75000,27.43806,1.325818,4
54.500000,64.00000,28.43806,1.325818,5
54.500000,64.25000,29.43806,1.325818,6
54.500000,64.50000,30.43806,1.325818,7
54.500000,64.75000,31.43806,1.570796,8
54.500000,64.75000,32.43806,1.570796,9
54.500000,64.75000,33.43806,1.570796,10
54.500000,64.75000,34.43806,1.570796,11
54.500000,64.75000,35.43806,1.570796,12
54.500000,64.75000,36.43806,1.570796,13
54.500000,64.75000,37.43806,1.570796,14
54.500000,64.75000,38.43806,1.570796,15
54.500000,64.75000,39.43806,1.570796,16
54.500000,64.75000,40.43806,1.570796,17
54.500000,64.75000,41.43806,1.570796,18
54.600000,64.47947,23.20291,2.104271,0
54.600000,63.75000,24.43806,1.815775,1
54.600000,63.50000,25.43806,1.570796,2
54.600000,63.50000,26.43806,1.325818,3
54.600000,63.75000,27.43806,1.325818,4
54.600000,64.00000,28.43806,1.325818,5
54.600000,64.25000,29.43806,1.325818,6
54.600000,64.50000,30.43806,1.325818,7
54.600000,64.75000,31.43806,1.570796,8
54.600000,64.75000,32.43806,1.570796,9
54.600000,64.75000,33.43806,1.570796,10
54.600000,64.75000,34.43806,1.570796,11
54.600000,64.75000,35.43806,1.570796,12
54.600000,64.75000,36.43806,1.570796,13
54.600000,64.75000,37.43806,1.570796,14
54.600000,64.75000,38.43806,1.570796,15
54.600000,64.75000,39.43806,1.570796,16
54.600000,64.75000,40.43806,1.570796,17
54.600000,64.75000,41.43806,1.570796,18
54.700000,64.46180,23.22612,2.101844,0
54.700000,63.75000,24.43806,1.815775,1
54.700000,63.50000,25.43806,1.570796,2
54.700000,63.50000,26.43806,1.325818,3
54.700000,63.75000,27.43806,1.325818,4
54.700000,64.00000,28.43806,1.325818,5
54.700000,64.25000,29.43806,1.325818,6
54.700000,64.50000,30.43806,1.325818,7
54.700000,64.75000,31.43806,1.570796,8
54.700000,64.75000,32.43806,1.570796,9
54.700000,64.75000,33.43806,1.570796,10
54.700000,64.75000,34.43806,1.570796,11
54.700000,64.75000,35.43806,1.570796,12
54.700000,64.75000,36.43806,1.570796,13
54.700000,64.75000,37.43806,1.570796,14
54.700000,64.75000,38.43806,1.570796,15
54.700000,64.75000,39.43806,1.570796,16
54.700000,64.75000,40.43806,1.570796,17
54.700000,64.75000,41.43806,1.570796,18
54.800000,64.46897,23.23582,2.109764,0
54.800000,63.75000,24.43806,1.815775,1
54.800000,63.50000,25.43806,1.570796,2
54.800000,63.50000,26.43806,1.325818,3
54.800000,63.75000,27.43806,1.325818,4
54.800000,64.00000,28.43806,1.325818,5
54.800000,64.25000,29.43806,1.325818,6
54.800000,64.50000,30.43806,1.325818,7
54.800000,64.75000,31.43806,1.570796,8
54.800000,64.75000,32.43806,1.570796,9
54.800000,64.75000,33.43806,1.570796,10
54.800000,64.75000,34.43806,1.570796,11
54.800000,64.75000,35.43806,1.570796,12
54.800000,64.75000,36.43806,1.570796,13
54.800000,64.75000,37.43806,1.570796,14
54.800000,64.75000,38.43806,1.570796,15
54.800000,64.75000,39.43806,1.570796,16
54.800000,64.75000,40.43806,1.570796,17
54.800000,64.75000,41.43806,1.570796,18
54.900000,64.44494,23.29172,2.115786,0
54.900000,63.75000,24.43806,1.815775,1
54.900000,63.50000,25.43806,1.570796,2
54.900000,63.50000,26.43806,1.325818,3
54.900000,63.75000,27.43806,1.325818,4
54.900000,64.00000,28.43806,1.325818,5
54.900000,64.25000,29.43806,1.325818,6
54.900000,64.50000,30.43806,1.325818,7
54.900000,64.75000,31.43806,1.570796,8
54.900000,64.75000,32.43806,1.570796,9
54.900000,64.75000,33.43806,1.570796,10
54.900000,64.75000,34.43806,1.570796,11
54.900000,64.75000,35.43806,1.570796,12
54.900000,64.75000,36.43806,1.570796,13
54.900000,64.75000,37.43806,1.570796,14
54.900000,64.75000,38.43806,1.570796,15
54.900000,64.75000,39.43806,1.570796,16
54.900000,64.75000,40.43806,1.570796,17
54.900000,64.75000,41.43806,1.570796,18
55.000000,64.43481,23.29691,2.111299,0
55.000000,63.75000,24.43806,1.815775,1
55.000000,63.50000,25.43806,1.570796,2
55.000000,63.50000,26.43806,1.325818,3
55.000000,63.75000,27.43806,1.325818,4
55.000000,64.00000,28.43806,1.325818,5
55.000000,64.25000,29.43806,1.325818,6
55.000000,64.50000,30.43806,1.325818,7
55.000000,64.75000,31.43806,1.570796,8
55.000000,64.75000,32.43806,1.570796,9
55.000000,64.75000,33.43806,1.570796,10
55.000000,64.75000,34.43806,1.570796,11
55.000000,64.75000,35.43806,1.570796,12
55.000000,64.75000,36.43806,1.570796,13
55.000000,64.75000,37.43806,1.570796,14
55.000000,64.75000,38.43806,1.570796,15
55.000000,64.75000,39.43806,1.570796,16
55.000000,64.75000,40.43806,1.570796,17
55.000000,64.75000,41.43806,1.570796,18
55.100000,64.42501,23.37749,2.137593,0
55.100000,63.75000,24.43806,1.815775,1
55.100000,63.50000,25.43806,1.570796,2
55.100000,63.50000,26.43806,1.325818,3
55.100000,63.75000,27.43806,1.325818,4
55.100000,64.00000,28.43806,1.325818,5
55.100000,64.25000,29.43806,1.325818,6
55.100000,64.50000,30.43806,1.325818,7
55.100000,64.75000,31.43806,1.570796,8
55.100000,64.75000,32.43806,1.570796,9
55.100000,64.75000,33.43806,1.570796,10
55.100000,64.75000,34.43806,1.570796,11
55.100000,64.75000,35.43806,1.570796,12
55.100000,64.75000,36.43806,1.570796,13
55.100000,64.75000,37.43806,1.570796,14
55.100000,64.75000,38.43806,1.570796,15
55.100000,64.75000,39.43806,1.570796,16
55.100000,64.75000,40.43806,1.570796,17
55.100000,64.75000,41.43806,1.570796,18
55.200000,64.42243,23.38669,2.139809,0
55.200000,63.75000,24.43806,1.815775,1
55.200000,63.50000,25.43806,1.570796,2
55.200000,63.50000,26.43806,1.325818,3
55.200000,63.75000,27.43806,1.325818,4
55.200000,64.00000,28.43806,1.325818,5
55.200000,64.25000,29.43806,1.325818,6
55.200000,64.50000,30.43806,1.325818,7
55.200000,64.75000,31.43806,1.570796,8
55.200000,64.75000,32.43806,1.570796,9
55.200000,64.75000,33.43806,1.570796,10
55.200000,64.75000,34.43806,1.570796,11
55.200000,64.75000,35.43806,1.570796,12
55.200000,64.75000,36.43806,1.570796,13
55.200000,64.75000,37.43806,1.570796,14
55.200000,64.75000,38.43806,1.570796,15
55.200000,64.75000,39.43806,1.570796,16
55.200000,64.75000,40.43806,1.570796,17
55.200000,64.75000,41.43806,1.570796,18
55.300000,64.38050,23.49316,2.320931,0
55.300000,63.50000,24.43806,1.570796,1
55.300000,63.50000,25.43806,1.570796,2
55.300000,63.50000,26.43806,1.325818,3
55.300000,63.75000,27.43806,1.325818,4
55.300000,64.00000,28.43806,1.325818,5
55.300000,64.25000,29.43806,1.325818,6
55.300000,64.50000,30.43806,1.325818,7
55.300000,64.75000,31.43806,1.570796,8
55.300000,64.75000,32.43806,1.570796,9
55.300000,64.75000,33.43806,1.570796,10
55.300000,64.75000,34.43806,1.570796,11
55.300000,64.75000,35.43806,1.570796,12
55.300000,64.75000,36.43806,1.570796,13
55.300000,64.75000,37.43806,1.570796,14
55.300000,64.75000,38.43806,1.570796,15
55.300000,64.75000,39.43806,1.570796,16
55.300000,64.75000,40.43806,1.570796,17
55.300000,64.75000,41.43806,1.570796,18
55.400000,64.37057,23.58710,2.367586,0
55.400000,63.50000,24.43806,1.570796,1
55.400000,63.50000,25.43806,1.570796,2
55.400000,63.50000,26.43806,1.325818,3
55.400000,63.75000,27.43806,1.325818,4
55.400000,64.00000,28.43806,1.325818,5
55.400000,64.25000,29.43806,1.325818,6
55.400000,64.50000,30.43806,1.325818,7
55.400000,64.75000,31.43806,1.570796,8
55.400000,64.75000,32.43806,1.570796,9
55.400000,64.75000,33.43806,1.570796,10
55.400000,64.75000,34.43806,1.570796,11
55.400000,64.75000,35.43806,1.570796,12
55.400000,64.75000,36.43806,1.570796,13
55.400000,64.75000,37.43806,1.570796,14
55.400000,64.75000,38.43806,1.570796,15
55.400000,64.75000,39.43806,1.570796,16
55.400000,64.75000,40.43806,1.570796,17
55.400000,64.75000,41.43806,1.570796,18
55.500000,64.30148,23.67862,2.383126,0
55.500000,63.50000,24.43806,1.570796,1
55.500000,63.50000,25.43806,1.570796,2
55.500000,63.50000,26.43806,1.325818,3
55.500000,63.75000,27.43806,1.325818,4
55.500000,64.00000,28.43806,1.325818,5
55.500000,64.25000,29.43806,1.325818,6
55.500000,64.50000,30.43806,1.325818,7
55.500000,64.75000,31.43806,1.570796,8
55.500000,64.75000,32.43806,1.570796,9
55.500000,64.75000,33.43806,1.570796,10
55.500000,64.75000,34.43806,1.570796,11
55.500000,64.75000,35.43806,1.570796,12
55.500000,64.75000,36.43806,1.570796,13
55.500000,64.75000,37.43806,1.570796,14
55.500000,64.75000,38.43806,1.570796,15
55.500000,64.75000,39.43806,1.570796,16
55.500000,64.75000,40.43806,1.570796,17
55.500000,64.75000,41.43806,1.570796,18
55.800000,64.13364,24.02530,2.339992,0
55.800000,63.25000,24.93806,1.570796,1
55.800000,63.25000,25.93806,1.325818,2
55.800000,63.50000,26.93806,1.325818,3
55.800000,63.75000,27.93806,1.325818,4
55.800000,64.00000,28.93806,1.325818,5
55.800000,64.25000,29.93806,1.325818,6
55.800000,64.50000,30.93806,1.325818,7
55.800000,64.75000,31.93806,1.570796,8
55.800000,64.75000,32.93806,1.570796,9
55.800000,64.75000,33.93806,1.570796,10
55.800000,64.75000,34.93806,1.570796,11
55.800000,64.75000,35.93806,1.570796,12
55.800000,64.75000,36.93806,1.570796,13
55.800000,64.75000,37.93806,1.570796,14
55.800000,64.75000,38.93806,1.570796,15
55.800000,64.75000,39.93806,1.570796,16
55.800000,64.75000,40.93806,1.570796,17
55.900000,64.03174,24.17557,2.368661,0
55.900000,63.25000,24.93806,1.570796,1
55.900000,63.25000,25.93806,1.325818,2
55.900000,63.50000,26.93806,1.325818,3
55.900000,63.75000,27.93806,1.325818,4
55.900000,64.00000,28.93806,1.325818,5
55.900000,64.25000,29.93806,1.325818,6
55.900000,64.50000,30.93806,1.325818,7
55.900000,64.75000,31.93806,1.570796,8
55.900000,64.75000,32.93806,1.570796,9
55.900000,64.75000,33.93806,1.570796,10
55.900000,64.75000,34.93806,1.570796,11
55.900000,64.75000,35.93806,1.570796,12
55.900000,64.75000,36.93806,1.570796,13
55.900000,64.75000,37.93806,1.570796,14
55.900000,64.75000,38.93806,1.570796,15
55.900000,64.75000,39.93806,1.570796,16
55.900000,64.75000,40.93806,1.570796,17
56.100000,63.86772,24.42467,2.118215,0
56.100000,63.25000,25.43806,1.325818,1
56.100000,63.50000,26.43806,1.325818,2
56.100000,63.75000,27.43806,1.325818,3
56.100000,64.00000,28.43806,1.325818,4
56.100000,64.25000,29.43806,1.325818,5
56.100000,64.50000,30.43806,1.325818,6
56.100000,64.75000,31.43806,1.570796,7
56.100000,64.75000,32.43806,1.570796,8
56.100000,64.75000,33.43806,1.570796,9
56.100000,64.75000,34.43806,1.570796,10
56.100000,64.75000,35.43806,1.570796,11
56.100000,64.75000,36.43806,1.570796,12
56.100000,64.75000,37.43806,1.570796,13
56.100000,64.75000,38.43806,1.570796,14
56.100000,64.75000,39.43806,1.570796,15
56.100000,64.75000,40.43806,1.570796,16
56.100000,64.75000,41.43806,1.570796,17
56.300000,63.74149,24.71189,1.765256,0
56.300000,63.50000,25.93806,1.570796,1
56.300000,63.50000,26.93806,1.325818,2
56.300000,63.75000,27.93806,1.325818,3
56.300000,64.00000,28.93806,1.325818,4
56.300000,64.25000,29.93806,1.325818,5
56.300000,64.50000,30.93806,1.325818,6
56.300000,64.75000,31.93806,1.570796,7
56.300000,64.75000,32.93806,1.570796,8
56.300000,64.75000,33.93806,1.570796,9
56.300000,64.75000,34.93806,1.570796,10
56.300000,64.75000,35.93806,1.570796,11
56.300000,64.75000,36.93806,1.570796,12
56.300000,64.75000,37.93806,1.570796,13
56.300000,64.75000,38.93806,1.570796,14
56.300000,64.75000,39.93806,1.570796,15
56.300000,64.75000,40.93806,1.570796,16
56.400000,63.63471,24.88490,1.698015,0
56.400000,63.50000,25.93806,1.570796,1
56.400000,63.50000,26.93806,1.325818,2
56.400000,63.75000,27.93806,1.325818,3
56.400000,64.00000,28.93806,1.325818,4
56.400000,64.25000,29.93806,1.325818,5
56.400000,64.50000,30.93806,1.325818,6
56.400000,64.75000,31.93806,1.570796,7
56.400000,64.75000,32.93806,1.570796,8
56.400000,64.75000,33.93806,1.570796,9
56.400000,64.75000,34.93806,1.570796,10
56.400000,64.75000,35.93806,1.570796,11
56.400000,64.75000,36.93806,1.570796,12
56.400000,64.75000,37.93806,1.570796,13
56.400000,64.75000,38.93806,1.570796,14
56.400000,64.75000,39.93806,1.570796,15
56.400000,64.75000,40.93806,1.570796,16
56.500000,63.63829,25.04263,1.724030,0
56.500000,63.50000,25.93806,1.570796,1
56.500000,63.50000,26.93806,1.325818,2
56.500000,63.75000,27.93806,1.325818,3
56.500000,64.00000,28.93806,1.325818,4
56.500000,64.25000,29.93806,1.325818,5
56.500000,64.50000,30.93806,1.325818,6
56.500000,64.75000,31.93806,1.570796,7
56.500000,64.75000,32.93806,1.570796,8
56.500000,64.75000,33.93806,1.570796,9
56.500000,64.75000,34.93806,1.570796,10
56.500000,64.75000,35.93806,1.570796,11
56.500000,64.75000,36.93806,1.570796,12
56.500000,64.75000,37.93806,1.570796,13
56.500000,64.75000,38.93806,1.570796,14
56.500000,64.75000,39.93806,1.570796,15
56.500000,64.75000,40.93806,1.570796,16
56.600000,63.53754,25.30394,1.603885,0
56.600000,63.50000,26.43806,1.325818,1
56.600000,63.75000,27.43806,1.325818,2
56.600000,64.00000,28.43806,1.325818,3
56.600000,64.25000,29.43806,1.325818,4
56.600000,64.50000,30.43806,1.325818,5
56.600000,64.75000,31.43806,1.570796,6
56.600000,64.75000,32.43806,1.570796,7
56.600000,64.75000,33.43806,1.570796,8
56.600000,64.75000,34.43806,1.570796,9
56.600000,64.75000,35.43806,1.570796,10
56.600000,64.75000,36.43806,1.570796,11
56.600000,64.75000,37.43806,1.570796,12
56.600000,64.75000,38.43806,1.570796,13
56.600000,64.75000,39.43806,1.570796,14
56.600000,64.75000,40.43806,1.570796,15
56.600000,64.75000,41.43806,1.570796,16
56.700000,63.51209,25.43560,1.582860,0
56.700000,63.50000,26.43806,1.325818,1
56.700000,63.75000,27.43806,1.325818,2
56.700000,64.00000,28.43806,1.325818,3
56.700000,64.25000,29.43806,1.325818,4
56.700000,64.50000,30.43806,1.325818,5
56.700000,64.75000,31.43806,1.570796,6
56.700000,64.75000,32.43806,1.570796,7
56.700000,64.75000,33.43806,1.570796,8
56.700000,64.75000,34.43806,1.570796,9
56.700000,64.75000,35.43806,1.570796,10
56.700000,64.75000,36.43806,1.570796,11
56.700000,64.75000,37.43806,1.570796,12
56.700000,64.75000,38.43806,1.570796,13
56.700000,64.75000,39.43806,1.570796,14
56.700000,64.75000,40.43806,1.570796,15
56.700000,64.75000,41.43806,1.570796,16
56.800000,63.49976,25.50898,1.570541,0
56.800000,63.50000,26.43806,1.325818,1
56.800000,63.75000,27.43806,1.325818,2
56.800000,64.00000,28.43806,1.325818,3
56.800000,64.25000,29.43806,1.325818,4
56.800000,64.50000,30.43806,1.325818,5
56.800000,64.75000,31.43806,1.570796,6
56.800000,64.75000,32.43806,1.570796,7
56.800000,64.75000,33.43806,1.570796,8
56.800000,64.75000,34.43806,1.570796,9
56.800000,64.75000,35.43806,1.570796,10
56.800000,64.75000,36.43806,1.570796,11
56.800000,64.75000,37.43806,1.570796,12
56.800000,64.75000,38.43806,1.570796,13
56.800000,64.75000,39.43806,1.570796,14
56.800000,64.75000,40.43806,1.570796,15
56.800000,64.75000,41.43806,1.570796,16
56.900000,63.50996,25.70310,1.578864,0
56.900000,63.50000,26.93806,1.325818,1
56.900000,63.75000,27.93806,1.325818,2
56.900000,64.00000,28.93806,1.325818,3
56.900000,64.25000,29.93806,1.325818,4
56.900000,64.50000,30.93806,1.325818,5
56.900000,64.75000,31.93806,1.570796,6
56.900000,64.75000,32.93806,1.570796,7
56.900000,64.75000,33.93806,1.570796,8
56.900000,64.75000,34.93806,1.570796,9
56.900000,64.75000,35.93806,1.570796,10
56.900000,64.75000,36.93806,1.570796,11
56.900000,64.75000,37.93806,1.570796,12
56.900000,64.75000,38.93806,1.570796,13
56.900000,64.75000,39.93806,1.570796,14
56.900000,64.75000,40.93806,1.570796,15
57.004000,63.51807,25.87243,1.587748,0
57.004000,63.50000,26.93806,1.325818,1
57.004000,63.75000,27.93806,1.325818,2
57.004000,64.00000,28.93806,1.325818,3
57.004000,64.25000,29.93806,1.325818,4
57.004000,64.50000,30.93806,1.325818,5
57.004000,64.75000,31.93806,1.570796,6
57.004000,64.75000,32.93806,1.570796,7
57.004000,64.75000,33.93806,1.570796,8
57.004000,64.75000,34.93806,1.570796,9
57.004000,64.75000,35.93806,1.570796,10
57.004000,64.75000,36.93806,1.570796,11
57.004000,64.75000,37.93806,1.570796,12
57.004000,64.75000,38.93806,1.570796,13
57.004000,64.75000,39.93806,1.570796,14
57.004000,64.75000,40.93806,1.570796,15
57.100000,63.51579,26.05971,1.588769,0
57.100000,63.50000,26.93806,1.325818,1
57.100000,63.75000,27.93806,1.325818,2
57.100000,64.00000,28.93806,1.325818,3
57.100000,64.25000,29.93806,1.325818,4
57.100000,64.50000,30.93806,1.325818,5
57.100000,64.75000,31.93806,1.570796,6
57.100000,64.75000,32.93806,1.570796,7
57.100000,64.75000,33.93806,1.570796,8
57.100000,64.75000,34.93806,1.570796,9
57.100000,64.75000,35.93806,1.570796,10
57.100000,64.75000,36.93806,1.570796,11
57.100000,64.75000,37.93806,1.570796,12
57.100000,64.75000,38.93806,1.570796,13
57.100000,64.75000,39.93806,1.570796,14
57.100000,64.75000,40.93806,1.570796,15
57.200000,63.56338,26.21607,1.419250,0
57.200000,63.75000,27.43806,1.325818,1
57.200000,64.00000,28.43806,1.325818,2
57.200000,64.25000,29.43806,1.325818,3
57.200000,64.50000,30.43806,1.325818,4
57.200000,64.75000,31.43806,1.570796,5
57.200000,64.75000,32.43806,1.570796,6
57.200000,64.75000,33.43806,1.570796,7
57.200000,64.75000,34.43806,1.570796,8
57.200000,64.75000,35.43806,1.570796,9
57.200000,64.75000,36.43806,1.570796,10
57.200000,64.75000,37.43806,1.570796,11
57.200000,64.75000,38.43806,1.570796,12
57.200000,64.75000,39.43806,1.570796,13
57.200000,64.75000,40.43806,1.570796,14
57.200000,64.75000,41.43806,1.570796,15
57.300000,63.63202,26.44851,1.452130,0
57.300000,63.75000,27.43806,1.325818,1
57.300000,64.00000,28.43806,1.325818,2
57.300000,64.25000,29.43806,1.325818,3
57.300000,64.50000,30.43806,1.325818,4
57.300000,64.75000,31.43806,1.570796,5
57.300000,64.75000,32.43806,1.570796,6
57.300000,64.75000,33.43806,1.570796,7
57.300000,64.75000,34.43806,1.570796,8
57.300000,64.75000,35.43806,1.570796,9
57.300000,64.75000,36.43806,1.570796,10
57.300000,64.75000,37.43806,1.570796,11
57.300000,64.75000,38.43806,1.570796,12
57.300000,64.75000,39.43806,1.570796,13
57.300000,64.75000,40.43806,1.570796,14
57.300000,64.75000,41.43806,1.570796,15
57.400000,63.67891,26.65946,1.479738,0
57.400000,63.75000,27.43806,1.325818,1
57.400000,64.00000,28.43806,1.325818,2
57.400000,64.25000,29.43806,1.325818,3
57.400000,64.50000,30.43806,1.325818,4
57.400000,64.75000,31.43806,1.570796,5
57.400000,64.75000,32.43806,1.570796,6
57.400000,64.75000,33.43806,1.570796,7
57.400000,64.75000,34.43806,1.570796,8
57.400000,64.75000,35.43806,1.570796,9
57.400000,64.75000,36.43806,1.570796,10
57.400000,64.75000,37.43806,1.570796,11
57.400000,64.75000,38.43806,1.570796,12
57.400000,64.75000,39.43806,1.570796,13
57.400000,64.75000,40.43806,1.570796,14
57.400000,64.75000,41.43806,1.570796,15
57.500000,63.73453,26.84910,1.331673,0
57.500000,64.00000,27.93806,1.325818,1
57.500000,64.25000,28.93806,1.325818,2
57.500000,64.50000,29.93806,1.325818,3
57.500000,64.75000,30.93806,1.570796,4
57.500000,64.75000,31.93806,1.570796,5
57.500000,64.75000,32.93806,1.570796,6
57.500000,64.75000,33.93806,1.570796,7
57.500000,64.75000,34.93806,1.570796,8
57.500000,64.75000,35.93806,1.570796,9
57.500000,64.75000,36.93806,1.570796,10
57.500000,64.75000,37.93806,1.570796,11
57.500000,64.75000,38.93806,1.570796,12
57.500000,64.75000,39.93806,1.570796,13
57.500000,64.75000,40.93806,1.570796,14
57.600000,63.80255,27.07430,1.346060,0
57.600000,64.00000,27.93806,1.325818,1
57.600000,64.25000,28.93806,1.325818,2
57.600000,64.50000,29.93806,1.325818,3
57.600000,64.75000,30.93806,1.570796,4
57.600000,64.75000,31.93806,1.570796,5
57.600000,64.75000,32.93806,1.570796,6
57.600000,64.75000,33.93806,1.570796,7
57.600000,64.75000,34.93806,1.570796,8
57.600000,64.75000,35.93806,1.570796,9
57.600000,64.75000,36.93806,1.570796,10
57.600000,64.75000,37.93806,1.570796,11
57.600000,64.75000,38.93806,1.570796,12
57.600000,64.75000,39.93806,1.570796,13
57.600000,64.75000,40.93806,1.570796,14
57.700000,63.91464,27.40317,1.488498,0
57.700000,64.00000,28.43806,1.325818,1
57.700000,64.25000,29.43806,1.325818,2
57.700000,64.50000,30.43806,1.325818,3
57.700000,64.75000,31.43806,1.570796,4
57.700000,64.75000,32.43806,1.570796,5
57.700000,64.75000,33.43806,1.570796,6
57.700000,64.75000,34.43806,1.570796,7
57.700000,64.75000,35.43806,1.570796,8
57.700000,64.75000,36.43806,1.570796,9
57.700000,64.75000,37.43806,1.570796,10
57.700000,64.75000,38.43806,1.570796,11
57.700000,64.75000,39.43806,1.570796,12
57.700000,64.75000,40.43806,1.570796,13
57.700000,64.75000,41.43806,1.570796,14
57.800000,64.00957,27.53878,1.309548,0
57.800000,64.25000,28.43806,1.325818,1
57.800000,64.50000,29.43806,1.325818,2
57.800000,64.75000,30.43806,1.570796,3
57.800000,64.75000,31.43806,1.570796,4
57.800000,64.75000,32.43806,1.570796,5
57.800000,64.75000,33.43806,1.570796,6
57.800000,64.75000,34.43806,1.570796,7
57.800000,64.75000,35.43806,1.570796,8
57.800000,64.75000,36.43806,1.570796,9
57.800000,64.75000,37.43806,1.570796,10
57.800000,64.75000,38.43806,1.570796,11
57.800000,64.75000,39.43806,1.570796,12
57.800000,64.75000,40.43806,1.570796,13
57.800000,64.75000,41.43806,1.570796,14
57.902000,64.08988,27.79087,1.432116,0
57.902000,64.25000,28.93806,1.325818,1
57.902000,64.50000,29.93806,1.325818,2
57.902000,64.75000,30.93806,1.570796,3
57.902000,64.75000,31.93806,1.570796,4
57.902000,64.75000,32.93806,1.570796,5
57.902000,64.75000,33.93806,1.570796,6
57.902000,64.75000,34.93806,1.570796,7
57.902000,64.75000,35.93806,1.570796,8
57.902000,64.75000,36.93806,1.570796,9
57.902000,64.75000,37.93806,1.570796,10
57.902000,64.75000,38.93806,1.570796,11
57.902000,64.75000,39.93806,1.570796,12
57.902000,64.75000,40.93806,1.570796,13
58.000000,64.20288,28.05470,1.517509,0
58.000000,64.25000,28.93806,1.325818,1
58.000000,64.50000,29.93806,1.325818,2
58.000000,64.75000,30.93806,1.570796,3
58.000000,64.75000,31.93806,1.570796,4
58.000000,64.75000,32.93806,1.570796,5
58.000000,64.75000,33.93806,1.570796,6
58.000000,64.75000,34.93806,1.570796,7
58.000000,64.75000,35.93806,1.570796,8
58.000000,64.75000,36.93806,1.570796,9
58.000000,64.75000,37.93806,1.570796,10
58.000000,64.75000,38.93806,1.570796,11
58.000000,64.75000,39.93806,1.570796,12
58.000000,64.75000,40.93806,1.570796,13
58.100000,64.29937,28.29353,1.195708,0
58.100000,64.75000,29.43806,1.570796,1
58.100000,64.75000,30.43806,1.570796,2
58.100000,64.75000,31.43806,1.570796,3
58.100000,64.75000,32.43806,1.570796,4
58.100000,64.75000,33.43806,1.570796,5
58.100000,64.75000,34.43806,1.570796,6
58.100000,64.75000,35.43806,1.570796,7
58.100000,64.75000,36.43806,1.570796,8
58.100000,64.75000,37.43806,1.570796,9
58.100000,64.75000,38.43806,1.570796,10
58.100000,64.75000,39.43806,1.570796,11
58.100000,64.75000,40.43806,1.570796,12
58.100000,64.75000,41.43806,1.570796,13
58.200000,64.39136,28.54893,1.187393,0
58.200000,64.75000,29.43806,1.570796,1
58.200000,64.75000,30.43806,1.570796,2
58.200000,64.75000,31.43806,1.570796,3
58.200000,64.75000,32.43806,1.570796,4
58.200000,64.75000,33.43806,1.570796,5
58.200000,64.75000,34.43806,1.570796,6
58.200000,64.75000,35.43806,1.570796,7
58.200000,64.75000,36.43806,1.570796,8
58.200000,64.75000,37.43806,1.570796,9
58.200000,64.75000,38.43806,1.570796,10
58.200000,64.75000,39.43806,1.570796,11
58.200000,64.75000,40.43806,1.570796,12
58.200000,64.75000,41.43806,1.570796,13
58.300000,64.49847,28.83939,1.345736,0
58.300000,64.75000,29.93806,1.570796,1
58.300000,64.75000,30.93806,1.570796,2
58.300000,64.75000,31.93806,1.570796,3
58.300000,64.75000,32.93806,1.570796,4
58.300000,64.75000,33.93806,1.570796,5
58.300000,64.75000,34.93806,1.570796,6
58.300000,64.75000,35.93806,1.570796,7
58.300000,64.75000,36.93806,1.570796,8
58.300000,64.75000,37.93806,1.570796,9
58.300000,64.75000,38.93806,1.570796,10
58.300000,64.75000,39.93806,1.570796,11
58.300000,64.75000,40.93806,1.570796,12
58.400000,64.60698,29.09697,1.402360,0
58.400000,64.75000,29.93806,1.570796,1
58.400000,64.75000,30.93806,1.570796,2
58.400000,64.75000,31.93806,1.570796,3
58.400000,64.75000,32.93806,1.570796,4
58.400000,64.75000,33.93806,1.570796,5
58.400000,64.75000,34.93806,1.570796,6
58.400000,64.75000,35.93806,1.570796,7
58.400000,64.75000,36.93806,1.570796,8
58.400000,64.75000,37.93806,1.570796,9
58.400000,64.75000,38.93806,1.570796,10
58.400000,64.75000,39.93806,1.570796,11
58.400000,64.75000,40.93806,1.570796,12
58.500000,64.64218,29.34463,1.472504,0
58.500000,64.75000,30.43806,1.570796,1
58.500000,64.75000,31.43806,1.570796,2
58.500000,64.75000,32.43806,1.570796,3
58.500000,64.75000,33.43806,1.570796,4
58.500000,64.75000,34.43806,1.570796,5
58.500000,64.75000,35.43806,1.570796,6
58.500000,64.75000,36.43806,1.570796,7
58.500000,64.75000,37.43806,1.570796,8
58.500000,64.75000,38.43806,1.570796,9
58.500000,64.75000,39.43806,1.570796,10
58.500000,64.75000,40.43806,1.570796,11
58.500000,64.75000,41.43806,1.570796,12
58.600000,64.66681,29.69944,1.503735,0
58.600000,64.75000,30.93806,1.570796,1
58.600000,64.75000,31.93806,1.570796,2
58.600000,64.75000,32.93806,1.570796,3
58.600000,64.75000,33.93806,1.570796,4
58.600000,64.75000,34.93806,1.570796,5
58.600000,64.75000,35.93806,1.570796,6
58.600000,64.75000,36.93806,1.570796,7
58.600000,64.75000,37.93806,1.570796,8
58.600000,64.75000,38.93806,1.570796,9
58.600000,64.75000,39.93806,1.570796,10
58.600000,64.75000,40.93806,1.570796,11
58.700000,64.68903,29.86964,1.287562,0
58.700000,65.00000,30.93806,1.570796,1
58.700000,65.00000,31.93806,1.570796,2
58.700000,65.00000,32.93806,1.570796,3
58.700000,65.00000,33.93806,1.570796,4
58.700000,65.00000,34.93806,1.570796,5
58.700000,65.00000,35.93806,1.570796,6
58.700000,65.00000,36.93806,1.570796,7
58.700000,65.00000,37.93806,1.570796,8
58.700000,65.00000,38.93806,1.570796,9
58.700000,65.00000,39.93806,1.570796,10
58.700000,65.00000,40.93806,1.570796,11
58.800000,64.70277,30.11315,1.224956,0
58.800000,65.00000,30.93806,1.570796,1
58.800000,65.00000,31.93806,1.570796,2
58.800000,65.00000,32.93806,1.570796,3
58.800000,65.00000,33.93806,1.570796,4
58.800000,65.00000,34.93806,1.570796,5
58.800000,65.00000,35.93806,1.570796,6
58.800000,65.00000,36.93806,1.570796,7
58.800000,65.00000,37.93806,1.570796,8
58.800000,65.00000,38.93806,1.570796,9
58.800000,65.00000,39.93806,1.570796,10
58.800000,65.00000,40.93806,1.570796,11
58.900000,64.68386,30.32922,1.293057,0
58.900000,65.00000,31.43806,1.570796,1
58.900000,65.00000,32.43806,1.570796,2
58.900000,65.00000,33.43806,1.570796,3
58.900000,65.00000,34.43806,1.570796,4
58.900000,65.00000,35.43806,1.570796,5
58.900000,65.00000,36.43806,1.570796,6
58.900000,65.00000,37.43806,1.570796,7
58.900000,65.00000,38.43806,1.570796,8
58.900000,65.00000,39.43806,1.570796,9
58.900000,65.00000,40.43806,1.570796,10
58.900000,65.00000,41.43806,1.570796,11
59.000000,64.67577,30.57743,1.484758,0
59.000000,64.75000,31.43806,1.570796,1
59.000000,64.75000,32.43806,1.570796,2
59.000000,64.75000,33.43806,1.570796,3
59.000000,64.75000,34.43806,1.570796,4
59.000000,64.75000,35.43806,1.570796,5
59.000000,64.75000,36.43806,1.570796,6
59.000000,64.75000,37.43806,1.570796,7
59.000000,64.75000,38.43806,1.570796,8
59.000000,64.75000,39.43806,1.570796,9
59.000000,64.75000,40.43806,1.570796,10
59.000000,64.75000,41.43806,1.570796,11
59.100000,64.66159,30.78961,1.493968,0
59.100000,64.75000,31.93806,1.570796,1
59.100000,64.75000,32.93806,1.570796,2
59.100000,64.75000,33.93806,1.570796,3
59.100000,64.75000,34.93806,1.570796,4
59.100000,64.75000,35.93806,1.570796,5
59.100000,64.75000,36.93806,1.570796,6
59.100000,64.75000,37.93806,1.570796,7
59.100000,64.75000,38.93806,1.570796,8
59.100000,64.75000,39.93806,1.570796,9
59.100000,64.75000,40.93806,1.570796,10
59.200000,64.59549,30.99416,1.408545,0
59.200000,64.75000,31.93806,1.570796,1
59.200000,64.75000,32.93806,1.570796,2
59.200000,64.75000,33.93806,1.570796,3
59.200000,64.75000,34.93806,1.570796,4
59.200000,64.75000,35.93806,1.570796,5
59.200000,64.75000,36.93806,1.570796,6
59.200000,64.75000,37.93806,1.570796,7
59.200000,64.75000,38.93806,1.570796,8
59.200000,64.75000,39.93806,1.570796,9
59.200000,64.75000,40.93806,1.570796,10
59.300000,64.56316,31.20573,1.420324,0
59.300000,64.75000,32.43806,1.570796,1
59.300000,64.75000,33.43806,1.570796,2
59.300000,64.75000,34.43806,1.570796,3
59.300000,64.75000,35.43806,1.570796,4
59.300000,64.75000,36.43806,1.570796,5
59.300000,64.75000,37.43806,1.570796,6
59.300000,64.75000,38.43806,1.570796,7
59.300000,64.75000,39.43806,1.570796,8
59.300000,64.75000,40.43806,1.570796,9
59.300000,64.75000,41.43806,1.570796,10
59.400000,64.49693,31.38783,1.334341,0
59.400000,64.75000,32.43806,1.570796,1
59.400000,64.75000,33.43806,1.570796,2
59.400000,64.75000,34.43806,1.570796,3
59.400000,64.75000,35.43806,1.570796,4
59.400000,64.75000,36.43806,1.570796,5
59.400000,64.75000,37.43806,1.570796,6
59.400000,64.75000,38.43806,1.570796,7
59.400000,64.75000,39.43806,1.570796,8
59.400000,64.75000,40.43806,1.570796,9
59.400000,64.75000,41.43806,1.570796,10
59.500000,64.44466,31.57028,1.232467,0
59.500000,64.75000,32.43806,1.570796,1
59.500000,64.75000,33.43806,1.570796,2
59.500000,64.75000,34.43806,1.570796,3
59.500000,64.75000,35.43806,1.570796,4
59.500000,64.75000,36.43806,1.570796,5
59.500000,64.75000,37.43806,1.570796,6
59.500000,64.75000,38.43806,1.570796,7
59.500000,64.75000,39.43806,1.570796,8
59.500000,64.75000,40.43806,1.570796,9
59.500000,64.75000,41.43806,1.570796,10
59.600000,64.45215,31.76367,1.322408,0
59.600000,64.75000,32.93806,1.570796,1
59.600000,64.75000,33.93806,1.570796,2
59.600000,64.75000,34.93806,1.570796,3
59.600000,64.75000,35.93806,1.570796,4
59.600000,64.75000,36.93806,1.570796,5
59.600000,64.75000,37.93806,1.570796,6
59.600000,64.75000,38.93806,1.570796,7
59.600000,64.75000,39.93806,1.570796,8
59.600000,64.75000,40.93806,1.570796,9
59.700000,64.42207,31.97080,1.243924,0
59.700000,64.75000,32.93806,1.570796,1
59.700000,64.75000,33.93806,1.570796,2
59.700000,64.75000,34.93806,1.570796,3
59.700000,64.75000,35.93806,1.570796,4
59.700000,64.75000,36.93806,1.570796,5
59.700000,64.75000,37.93806,1.570796,6
59.700000,64.75000,38.93806,1.570796,7
59.700000,64.75000,39.93806,1.570796,8
59.700000,64.75000,40.93806,1.570796,9
59.800000,64.41034,32.12607,1.174604,0
59.800000,64.75000,32.93806,1.570796,1
59.800000,64.75000,33.93806,1.570796,2
59.800000,64.75000,34.93806,1.570796,3
59.800000,64.75000,35.93806,1.570796,4
59.800000,64.75000,36.93806,1.570796,5
59.800000,64.75000,37.93806,1.570796,6
59.800000,64.75000,38.93806,1.570796,7
59.800000,64.75000,39.93806,1.570796,8
59.800000,64.75000,40.93806,1.570796,9
59.900000,64.33715,32.30216,1.222182,0
59.900000,64.75000,33.43806,1.570796,1
59.900000,64.75000,34.43806,1.570796,2
59.900000,64.75000,35.43806,1.570796,3
59.900000,64.75000,36.43806,1.570796,4
59.900000,64.75000,37.43806,1.570796,5
59.900000,64.75000,38.43806,1.570796,6
59.900000,64.75000,39.43806,1.570796,7
59.900000,64.75000,40.43806,1.570796,8
59.900000,64.75000,41.43806,1.570796,9
60.000000,64.37303,32.48821,1.192990,0
60.000000,64.75000,33.43806,1.570796,1
60.000000,64.75000,34.43806,1.570796,2
60.000000,64.75000,35.43806,1.570796,3
60.000000,64.75000,36.43806,1.570796,4
60.000000,64.75000,37.43806,1.570796,5
60.000000,64.75000,38.43806,1.570796,6
60.000000,64.75000,39.43806,1.570796,7
60.000000,64.75000,40.43806,1.570796,8
60.000000,64.75000,41.43806,1.570796,9
60.100000,64.38767,32.66971,1.130152,0
60.100000,64.75000,33.43806,1.570796,1
60.100000,64.75000,34.43806,1.570796,2
60.100000,64.75000,35.43806,1.570796,3
60.100000,64.75000,36.43806,1.570796,4
60.100000,64.75000,37.43806,1.570796,5
60.100000,64.75000,38.43806,1.570796,6
60.100000,64.75000,39.43806,1.570796,7
60.100000,64.75000,40.43806,1.570796,8
60.100000,64.75000,41.43806,1.570796,9
60.200000,64.43857,32.86118,1.289282,0
60.200000,64.75000,33.93806,1.570796,1
60.200000,64.75000,34.93806,1.570796,2
60.200000,64.75000,35.93806,1.570796,3
60.200000,64.75000,36.93806,1.570796,4
60.200000,64.75000,37.93806,1.570796,5
60.200000,64.75000,38.93806,1.570796,6
60.200000,64.75000,39.93806,1.570796,7
60.200000,64.75000,40.93806,1.570796,8
60.300000,64.43918,33.10794,1.212529,0
60.300000,64.75000,33.93806,1.570796,1
60.300000,64.75000,34.93806,1.570796,2
60.300000,64.75000,35.93806,1.570796,3
60.300000,64.75000,36.93806,1.570796,4
60.300000,64.75000,37.93806,1.570796,5
60.300000,64.75000,38.93806,1.570796,6
60.300000,64.75000,39.93806,1.570796,7
60.300000,64.75000,40.93806,1.570796,8
60.400000,64.45226,33.23784,1.327637,0
60.400000,64.75000,34.43806,1.570796,1
60.400000,64.75000,35.43806,1.570796,2
60.400000,64.75000,36.43806,1.570796,3
60.400000,64.75000,37.43806,1.570796,4
60.400000,64.75000,38.43806,1.570796,5
60.400000,64.75000,39.43806,1.570796,6
60.400000,64.75000,40.43806,1.570796,7
60.400000,64.75000,41.43806,1.570796,8
60.504000,64.55345,33.41940,1.380186,0
60.504000,64.75000,34.43806,1.570796,1
60.504000,64.75000,35.43806,1.570796,2
60.504000,64.75000,36.43806,1.570796,3
60.504000,64.75000,37.43806,1.570796,4
60.504000,64.75000,38.43806,1.570796,5
60.504000,64.75000,39.43806,1.570796,6
60.504000,64.75000,40.43806,1.570796,7
60.504000,64.75000,41.43806,1.570796,8
60.602000,64.58143,33.59738,1.372909,0
60.602000,64.75000,34.43806,1.570796,1
60.602000,64.75000,35.43806,1.570796,2
60.602000,64.75000,36.43806,1.570796,3
60.602000,64.75000,37.43806,1.570796,4
60.602000,64.75000,38.43806,1.570796,5
60.602000,64.75000,39.43806,1.570796,6
60.602000,64.75000,40.43806,1.570796,7
60.602000,64.75000,41.43806,1.570796,8
60.700000,64.62427,33.77896,1.462750,0
60.700000,64.75000,34.93806,1.570796,1
60.700000,64.75000,35.93806,1.570796,2
60.700000,64.75000,36.93806,1.570796,3
60.700000,64.75000,37.93806,1.570796,4
60.700000,64.75000,38.93806,1.570796,5
60.700000,64.75000,39.93806,1.570796,6
60.700000,64.75000,40.93806,1.570796,7
60.800000,64.67042,34.01091,1.485175,0
60.800000,64.75000,34.93806,1.570796,1
60.800000,64.75000,35.93806,1.570796,2
60.800000,64.75000,36.93806,1.570796,3
60.800000,64.75000,37.93806,1.570796,4
60.800000,64.75000,38.93806,1.570796,5
60.800000,64.75000,39.93806,1.570796,6
60.800000,64.75000,40.93806,1.570796,7
60.900000,64.77876,34.26984,1.383633,0
60.900000,65.00000,35.43806,1.570796,1
60.900000,65.00000,36.43806,1.570796,2
60.900000,65.00000,37.43806,1.570796,3
60.900000,65.00000,38.43806,1.570796,4
60.900000,65.00000,39.43806,1.570796,5
60.900000,65.00000,40.43806,1.570796,6
60.900000,65.00000,41.43806,1.570796,7
61.000000,64.81682,34.38602,1.398402,0
61.000000,65.00000,35.43806,1.570796,1
61.000000,65.00000,36.43806,1.570796,2
61.000000,65.00000,37.43806,1.570796,3
61.000000,65.00000,38.43806,1.570796,4
61.000000,65.00000,39.43806,1.570796,5
61.000000,65.00000,40.43806,1.570796,6
61.000000,65.00000,41.43806,1.570796,7
61.100000,64.84467,34.58330,1.391033,0
61.100000,65.00000,35.43806,1.570796,1
61.100000,65.00000,36.43806,1.570796,2
61.100000,65.00000,37.43806,1.570796,3
61.100000,65.00000,38.43806,1.570796,4
61.100000,65.00000,39.43806,1.570796,5
61.100000,65.00000,40.43806,1.570796,6
61.100000,65.00000,41.43806,1.570796,7
61.200000,64.91342,34.73832,1.498754,0
61.200000,65.00000,35.93806,1.570796,1
61.200000,65.00000,36.93806,1.570796,2
61.200000,65.00000,37.93806,1.570796,3
61.200000,65.00000,38.93806,1.570796,4
61.200000,65.00000,39.93806,1.570796,5
61.200000,65.00000,40.93806,1.570796,6
61.300000,64.90534,34.98003,1.472309,0
61.300000,65.00000,35.93806,1.570796,1
61.300000,65.00000,36.93806,1.570796,2
61.300000,65.00000,37.93806,1.570796,3
61.300000,65.00000,38.93806,1.570796,4
61.300000,65.00000,39.93806,1.570796,5
61.300000,65.00000,40.93806,1.570796,6
61.404000,64.98287,35.31233,1.555580,0
61.404000,65.00000,36.43806,1.570796,1
61.404000,65.00000,37.43806,1.570796,2
61.404000,65.00000,38.43806,1.570796,3
61.404000,65.00000,39.43806,1.570796,4
61.404000,65.00000,40.43806,1.570796,5
61.404000,65.00000,41.43806,1.570796,6
61.500000,65.00319,35.45779,1.574049,0
61.500000,65.00000,36.43806,1.570796,1
61.500000,65.00000,37.43806,1.570796,2
61.500000,65.00000,38.43806,1.570796,3
61.500000,65.00000,39.43806,1.570796,4
61.500000,65.00000,40.43806,1.570796,5
61.500000,65.00000,41.43806,1.570796,6
61.600000,64.98915,35.72088,1.561882,0
61.600000,65.00000,36.93806,1.570796,1
61.600000,65.00000,37.93806,1.570796,2
61.600000,65.00000,38.93806,1.570796,3
61.600000,65.00000,39.93806,1.570796,4
61.600000,65.00000,40.93806,1.570796,5
61.700000,64.98312,35.99053,1.552982,0
61.700000,65.00000,36.93806,1.570796,1
61.700000,65.00000,37.93806,1.570796,2
61.700000,65.00000,38.93806,1.570796,3
61.700000,65.00000,39.93806,1.570796,4
61.700000,65.00000,40.93806,1.570796,5
61.800000,64.96505,36.26795,1.540936,0
61.800000,65.00000,37.43806,1.570796,1
61.800000,65.00000,38.43806,1.570796,2
61.800000,65.00000,39.43806,1.570796,3
61.800000,65.00000,40.43806,1.570796,4
61.800000,65.00000,41.43806,1.570796,5
61.900000,64.94306,36.53829,1.507594,0
61.900000,65.00000,37.43806,1.570796,1
61.900000,65.00000,38.43806,1.570796,2
61.900000,65.00000,39.43806,1.570796,3
61.900000,65.00000,40.43806,1.570796,4
61.900000,65.00000,41.43806,1.570796,5
62.000000,64.92813,36.84686,1.505024,0
62.000000,65.00000,37.93806,1.570796,1
62.000000,65.00000,38.93806,1.570796,2
62.000000,65.00000,39.93806,1.570796,3
62.000000,65.00000,40.93806,1.570796,4
62.100000,64.85986,37.15556,1.393582,0
62.100000,65.00000,37.93806,1.570796,1
62.100000,65.00000,38.93806,1.570796,2
62.100000,65.00000,39.93806,1.570796,3
62.100000,65.00000,40.93806,1.570796,4
62.200000,64.80545,37.44792,1.376781,0
62.200000,65.00000,38.43806,1.570796,1
62.200000,65.00000,39.43806,1.570796,2
62.200000,65.00000,40.43806,1.570796,3
62.200000,65.00000,41.43806,1.570796,4
62.300000,64.75598,37.81131,1.576101,0
62.300000,64.75000,38.93806,1.570796,1
62.300000,64.75000,39.93806,1.570796,2
62.300000,64.75000,40.93806,1.570796,3
62.400000,64.68948,38.14407,1.494717,0
62.400000,64.75000,38.93806,1.570796,1
62.400000,64.75000,39.93806,1.570796,2
62.400000,64.75000,40.93806,1.570796,3
62.500000,64.61131,38.51495,1.421666,0
62.500000,64.75000,39.43806,1.570796,1
62.500000,64.75000,40.43806,1.570796,2
62.500000,64.75000,41.43806,1.570796,3
62.600000,64.56811,38.90363,1.396735,0
62.600000,64.75000,39.93806,1.570796,1
62.600000,64.75000,40.93806,1.570796,2
62.700000,64.52257,39.29621,1.374194,0
62.700000,64.75000,40.43806,1.570796,1
62.700000,64.75000,41.43806,1.570796,2
62.800000,64.49753,39.68235,1.567528,0
62.800000,64.50000,40.43806,1.570796,1
62.800000,64.50000,41.43806,1.570796,2
62.900000,64.51138,40.05941,1.583743,0
62.900000,64.50000,40.93806,1.583743,1
63.000000,64.50523,40.47396,1.576226,0
63.000000,64.50000,41.43806,1.576226,1
