timestamp_s,x,y,yaw,seq
1.100000,0.00955,-0.00276,0.249866,0
1.100000,1.00000,0.25000,0.000000,1
1.100000,2.00000,0.25000,0.000000,2
1.100000,3.00000,0.25000,0.000000,3
1.100000,4.00000,0.25000,0.000000,4
1.100000,5.00000,0.25000,0.000000,5
1.100000,6.00000,0.25000,0.000000,6
1.100000,7.00000,0.25000,0.000000,7
1.100000,8.00000,0.25000,0.000000,8
1.100000,9.00000,0.25000,0.000000,9
1.100000,10.00000,0.25000,0.000000,10
1.100000,11.00000,0.25000,0.244979,11
1.100000,12.00000,0.50000,0.244979,12
1.100000,13.00000,0.75000,0.244979,13
1.100000,14.00000,1.00000,0.463648,14
1.100000,15.00000,1.50000,0.463648,15
1.100000,16.00000,2.00000,0.000000,16
1.100000,17.00000,2.00000,0.000000,17
1.100000,18.00000,2.00000,-0.244979,18
1.100000,19.00000,1.75000,0.000000,19
1.100000,20.00000,1.75000,-0.244979,20
1.100000,21.00000,1.50000,-0.463648,21
1.100000,22.00000,1.00000,-0.463648,22
1.100000,23.00000,0.50000,-0.463648,23
1.100000,24.00000,0.00000,-0.463648,24
1.100000,25.00000,-0.50000,-0.463648,25
1.100000,26.00000,-1.00000,-0.244979,26
1.100000,27.00000,-1.25000,-0.244979,27
1.100000,28.00000,-1.50000,0.000000,28
1.100000,29.00000,-1.50000,0.000000,29
1.100000,30.00000,-1.50000,0.000000,30
1.200000,0.01821,-0.01658,0.265128,0
1.200000,1.00000,0.25000,0.000000,1
1.200000,2.00000,0.25000,0.000000,2
1.200000,3.00000,0.25000,0.000000,3
1.200000,4.00000,0.25000,0.000000,4
1.200000,5.00000,0.25000,0.000000,5
1.200000,6.00000,0.25000,0.000000,6
1.200000,7.00000,0.25000,0.000000,7
1.200000,8.00000,0.25000,0.000000,8
1.200000,9.00000,0.25000,0.000000,9
1.200000,10.00000,0.25000,0.000000,10
1.200000,11.00000,0.25000,0.244979,11
1.200000,12.00000,0.50000,0.244979,12
1.200000,13.00000,0.75000,0.244979,13
1.200000,14.00000,1.00000,0.463648,14
1.200000,15.00000,1.50000,0.463648,15
1.200000,16.00000,2.00000,0.000000,16
1.200000,17.00000,2.00000,0.000000,17
1.200000,18.00000,2.00000,-0.244979,18
1.200000,19.00000,1.75000,-0.244979,19
1.200000,20.00000,1.50000,-0.244979,20
1.200000,21.00000,1.25000,-0.463648,21
1.200000,22.00000,0.75000,-0.463648,22
1.200000,23.00000,0.25000,-0.463648,23
1.200000,24.00000,-0.25000,-0.463648,24
1.200000,25.00000,-0.75000,-0.463648,25
1.200000,26.00000,-1.25000,-0.244979,26
1.200000,27.00000,-1.50000,0.000000,27
1.200000,28.00000,-1.50000,0.000000,28
1.200000,29.00000,-1.50000,0.000000,29
1.200000,30.00000,-1.50000,0.000000,30
1.302000,-0.01973,-0.02295,0.261539,0
1.302000,1.00000,0.25000,0.000000,1
1.302000,2.00000,0.25000,0.000000,2
1.302000,3.00000,0.25000,0.000000,3
1.302000,4.00000,0.25000,0.000000,4
1.302000,5.00000,0.25000,0.000000,5
1.302000,6.00000,0.25000,0.000000,6
1.302000,7.00000,0.25000,0.000000,7
1.302000,8.00000,0.25000,0.000000,8
1.302000,9.00000,0.25000,0.000000,9
1.302000,10.00000,0.25000,0.000000,10
1.302000,11.00000,0.25000,0.244979,11
1.302000,12.00000,0.50000,0.244979,12
1.302000,13.00000,0.75000,0.244979,13
1.302000,14.00000,1.00000,0.463648,14
1.302000,15.00000,1.50000,0.463648,15
1.302000,16.00000,2.00000,0.000000,16
1.302000,17.00000,2.00000,0.000000,17
1.302000,18.00000,2.00000,0.000000,18
1.302000,19.00000,2.00000,-0.244979,19
1.302000,20.00000,1.75000,-0.244979,20
1.302000,21.00000,1.50000,-0.463648,21
1.302000,22.00000,1.00000,-0.463648,22
1.302000,23.00000,0.50000,-0.463648,23
1.302000,24.00000,0.00000,-0.463648,24
1.302000,25.00000,-0.50000,-0.463648,25
1.302000,26.00000,-1.00000,-0.244979,26
1.302000,27.00000,-1.25000,-0.244979,27
1.302000,28.00000,-1.50000,0.000000,28
1.302000,29.00000,-1.50000,0.000000,29
1.302000,30.00000,-1.50000,0.000000,30
1.400000,-0.00389,-0.01784,0.260729,0
1.400000,1.00000,0.25000,0.000000,1
1.400000,2.00000,0.25000,0.000000,2
1.400000,3.00000,0.25000,0.000000,3
1.400000,4.00000,0.25000,0.000000,4
1.400000,5.00000,0.25000,0.000000,5
1.400000,6.00000,0.25000,0.000000,6
1.400000,7.00000,0.25000,0.000000,7
1.400000,8.00000,0.25000,0.000000,8
1.400000,9.00000,0.25000,0.000000,9
1.400000,10.00000,0.25000,0.000000,10
1.400000,11.00000,0.25000,0.244979,11
1.400000,12.00000,0.50000,0.244979,12
1.400000,13.00000,0.75000,0.244979,13
1.400000,14.00000,1.00000,0.463648,14
1.400000,15.00000,1.50000,0.463648,15
1.400000,16.00000,2.00000,0.000000,16
1.400000,17.00000,2.00000,0.000000,17
1.400000,18.00000,2.00000,0.000000,18
1.400000,19.00000,2.00000,-0.244979,19
1.400000,20.00000,1.75000,-0.244979,20
1.400000,21.00000,1.50000,-0.463648,21
1.400000,22.00000,1.00000,-0.463648,22
1.400000,23.00000,0.50000,-0.463648,23
1.400000,24.00000,0.00000,-0.463648,24
1.400000,25.00000,-0.50000,-0.463648,25
1.400000,26.00000,-1.00000,-0.244979,26
1.400000,27.00000,-1.25000,-0.244979,27
1.400000,28.00000,-1.50000,0.000000,28
1.400000,29.00000,-1.50000,0.000000,29
1.400000,30.00000,-1.50000,0.000000,30
1.500000,-0.01624,-0.03110,0.269863,0
1.500000,1.00000,0.25000,0.000000,1
1.500000,2.00000,0.25000,0.000000,2
1.500000,3.00000,0.25000,0.000000,3
1.500000,4.00000,0.25000,0.000000,4
1.500000,5.00000,0.25000,0.000000,5
1.500000,6.00000,0.25000,0.000000,6
1.500000,7.00000,0.25000,0.000000,7
1.500000,8.00000,0.25000,0.000000,8
1.500000,9.00000,0.25000,0.000000,9
1.500000,10.00000,0.25000,0.000000,10
1.500000,11.00000,0.25000,0.244979,11
1.500000,12.00000,0.50000,0.244979,12
1.500000,13.00000,0.75000,0.244979,13
1.500000,14.00000,1.00000,0.463648,14
1.500000,15.00000,1.50000,0.463648,15
1.500000,16.00000,2.00000,0.000000,16
1.500000,17.00000,2.00000,0.000000,17
1.500000,18.00000,2.00000,-0.244979,18
1.500000,19.00000,1.75000,-0.244979,19
1.500000,20.00000,1.50000,-0.244979,20
1.500000,21.00000,1.25000,-0.463648,21
1.500000,22.00000,0.75000,-0.463648,22
1.500000,23.00000,0.25000,-0.463648,23
1.500000,24.00000,-0.25000,-0.463648,24
1.500000,25.00000,-0.75000,-0.463648,25
1.500000,26.00000,-1.25000,-0.244979,26
1.500000,27.00000,-1.50000,0.000000,27
1.500000,28.00000,-1.50000,0.000000,28
1.500000,29.00000,-1.50000,0.000000,29
1.500000,30.00000,-1.50000,0.000000,30
1.600000,0.03320,0.03128,0.222487,0
1.600000,1.00000,0.25000,0.000000,1
1.600000,2.00000,0.25000,0.000000,2
1.600000,3.00000,0.25000,0.000000,3
1.600000,4.00000,0.25000,0.000000,4
1.600000,5.00000,0.25000,0.000000,5
1.600000,6.00000,0.25000,0.000000,6
1.600000,7.00000,0.25000,0.000000,7
1.600000,8.00000,0.25000,0.000000,8
1.600000,9.00000,0.25000,0.000000,9
1.600000,10.00000,0.25000,0.000000,10
1.600000,11.00000,0.25000,0.244979,11
1.600000,12.00000,0.50000,0.244979,12
1.600000,13.00000,0.75000,0.244979,13
1.600000,14.00000,1.00000,0.463648,14
1.600000,15.00000,1.50000,0.463648,15
1.600000,16.00000,2.00000,0.000000,16
1.600000,17.00000,2.00000,0.000000,17
1.600000,18.00000,2.00000,0.000000,18
1.600000,19.00000,2.00000,-0.244979,19
1.600000,20.00000,1.75000,-0.244979,20
1.600000,21.00000,1.50000,-0.463648,21
1.600000,22.00000,1.00000,-0.463648,22
1.600000,23.00000,0.50000,-0.463648,23
1.600000,24.00000,0.00000,-0.463648,24
1.600000,25.00000,-0.50000,-0.463648,25
1.600000,26.00000,-1.00000,-0.244979,26
1.600000,27.00000,-1.25000,-0.244979,27
1.600000,28.00000,-1.50000,0.000000,28
1.600000,29.00000,-1.50000,0.000000,29
1.600000,30.00000,-1.50000,0.000000,30
1.700000,0.08134,-0.00153,0.267249,0
1.700000,1.00000,0.25000,0.000000,1
1.700000,2.00000,0.25000,0.000000,2
1.700000,3.00000,0.25000,0.000000,3
1.700000,4.00000,0.25000,0.000000,4
1.700000,5.00000,0.25000,0.000000,5
1.700000,6.00000,0.25000,0.000000,6
1.700000,7.00000,0.25000,0.000000,7
1.700000,8.00000,0.25000,0.000000,8
1.700000,9.00000,0.25000,0.000000,9
1.700000,10.00000,0.25000,0.000000,10
1.700000,11.00000,0.25000,0.244979,11
1.700000,12.00000,0.50000,0.244979,12
1.700000,13.00000,0.75000,0.244979,13
1.700000,14.00000,1.00000,0.463648,14
1.700000,15.00000,1.50000,0.463648,15
1.700000,16.00000,2.00000,0.000000,16
1.700000,17.00000,2.00000,0.000000,17
1.700000,18.00000,2.00000,0.000000,18
1.700000,19.00000,2.00000,-0.244979,19
1.700000,20.00000,1.75000,-0.244979,20
1.700000,21.00000,1.50000,-0.463648,21
1.700000,22.00000,1.00000,-0.463648,22
1.700000,23.00000,0.50000,-0.463648,23
1.700000,24.00000,0.00000,-0.463648,24
1.700000,25.00000,-0.50000,-0.463648,25
1.700000,26.00000,-1.00000,-0.244979,26
1.700000,27.00000,-1.25000,-0.244979,27
1.700000,28.00000,-1.50000,0.000000,28
1.700000,29.00000,-1.50000,0.000000,29
1.700000,30.00000,-1.50000,0.000000,30
1.800000,0.17589,0.00174,0.292601,0
1.800000,1.00000,0.25000,0.000000,1
1.800000,2.00000,0.25000,0.000000,2
1.800000,3.00000,0.25000,0.000000,3
1.800000,4.00000,0.25000,0.000000,4
1.800000,5.00000,0.25000,0.000000,5
1.800000,6.00000,0.25000,0.000000,6
1.800000,7.00000,0.25000,0.000000,7
1.800000,8.00000,0.25000,0.000000,8
1.800000,9.00000,0.25000,0.000000,9
1.800000,10.00000,0.25000,0.000000,10
1.800000,11.00000,0.25000,0.244979,11
1.800000,12.00000,0.50000,0.244979,12
1.800000,13.00000,0.75000,0.244979,13
1.800000,14.00000,1.00000,0.463648,14
1.800000,15.00000,1.50000,0.463648,15
1.800000,16.00000,2.00000,0.000000,16
1.800000,17.00000,2.00000,0.000000,17
1.800000,18.00000,2.00000,0.000000,18
1.800000,19.00000,2.00000,-0.244979,19
1.800000,20.00000,1.75000,-0.244979,20
1.800000,21.00000,1.50000,-0.463648,21
1.800000,22.00000,1.00000,-0.463648,22
1.800000,23.00000,0.50000,-0.463648,23
1.800000,24.00000,0.00000,-0.463648,24
1.800000,25.00000,-0.50000,-0.463648,25
1.800000,26.00000,-1.00000,-0.244979,26
1.800000,27.00000,-1.25000,-0.244979,27
1.800000,28.00000,-1.50000,0.000000,28
1.800000,29.00000,-1.50000,0.000000,29
1.800000,30.00000,-1.50000,0.000000,30
1.900000,0.25159,0.02519,0.178166,0
1.900000,1.50000,0.25000,0.000000,1
1.900000,2.50000,0.25000,0.000000,2
1.900000,3.50000,0.25000,0.000000,3
1.900000,4.50000,0.25000,0.000000,4
1.900000,5.50000,0.25000,0.000000,5
1.900000,6.50000,0.25000,0.000000,6
1.900000,7.50000,0.25000,0.000000,7
1.900000,8.50000,0.25000,0.000000,8
1.900000,9.50000,0.25000,0.000000,9
1.900000,10.50000,0.25000,0.244979,10
1.900000,11.50000,0.50000,0.244979,11
1.900000,12.50000,0.75000,0.244979,12
1.900000,13.50000,1.00000,0.463648,13
1.900000,14.50000,1.50000,0.463648,14
1.900000,15.50000,2.00000,0.000000,15
1.900000,16.50000,2.00000,0.000000,16
1.900000,17.50000,2.00000,0.000000,17
1.900000,18.50000,2.00000,-0.244979,18
1.900000,19.50000,1.75000,-0.244979,19
1.900000,20.50000,1.50000,-0.244979,20
1.900000,21.50000,1.25000,-0.463648,21
1.900000,22.50000,0.75000,-0.463648,22
1.900000,23.50000,0.25000,-0.463648,23
1.900000,24.50000,-0.25000,-0.463648,24
1.900000,25.50000,-0.75000,-0.463648,25
1.900000,26.50000,-1.25000,-0.244979,26
1.900000,27.50000,-1.50000,0.000000,27
1.900000,28.50000,-1.50000,0.000000,28
1.900000,29.50000,-1.50000,0.000000,29
1.900000,30.50000,-1.50000,0.000000,30
2.000000,0.36464,-0.00109,0.217656,0
2.000000,1.50000,0.25000,0.000000,1
2.000000,2.50000,0.25000,0.000000,2
2.000000,3.50000,0.25000,0.000000,3
2.000000,4.50000,0.25000,0.000000,4
2.000000,5.50000,0.25000,0.000000,5
2.000000,6.50000,0.25000,0.000000,6
2.000000,7.50000,0.25000,0.000000,7
2.000000,8.50000,0.25000,0.000000,8
2.000000,9.50000,0.25000,0.000000,9
2.000000,10.50000,0.25000,0.244979,10
2.000000,11.50000,0.50000,0.244979,11
2.000000,12.50000,0.75000,0.244979,12
2.000000,13.50000,1.00000,0.463648,13
2.000000,14.50000,1.50000,0.463648,14
2.000000,15.50000,2.00000,0.000000,15
2.000000,16.50000,2.00000,0.000000,16
2.000000,17.50000,2.00000,0.000000,17
2.000000,18.50000,2.00000,-0.244979,18
2.000000,19.50000,1.75000,-0.244979,19
2.000000,20.50000,1.50000,-0.244979,20
2.000000,21.50000,1.25000,-0.463648,21
2.000000,22.50000,0.75000,-0.463648,22
2.000000,23.50000,0.25000,-0.463648,23
2.000000,24.50000,-0.25000,-0.463648,24
2.000000,25.50000,-0.75000,-0.463648,25
2.000000,26.50000,-1.25000,-0.244979,26
2.000000,27.50000,-1.50000,0.000000,27
2.000000,28.50000,-1.50000,0.000000,28
2.000000,29.50000,-1.50000,0.000000,29
2.000000,30.50000,-1.50000,0.000000,30
2.100000,0.45941,0.01599,0.221205,0
2.100000,1.50000,0.25000,0.000000,1
2.100000,2.50000,0.25000,0.000000,2
2.100000,3.50000,0.25000,0.000000,3
2.100000,4.50000,0.25000,0.000000,4
2.100000,5.50000,0.25000,0.000000,5
2.100000,6.50000,0.25000,0.000000,6
2.100000,7.50000,0.25000,0.000000,7
2.100000,8.50000,0.25000,0.000000,8
2.100000,9.50000,0.25000,0.000000,9
2.100000,10.50000,0.25000,0.244979,10
2.100000,11.50000,0.50000,0.244979,11
2.100000,12.50000,0.75000,0.244979,12
2.100000,13.50000,1.00000,0.463648,13
2.100000,14.50000,1.50000,0.463648,14
2.100000,15.50000,2.00000,0.000000,15
2.100000,16.50000,2.00000,0.000000,16
2.100000,17.50000,2.00000,0.000000,17
2.100000,18.50000,2.00000,-0.244979,18
2.100000,19.50000,1.75000,-0.244979,19
2.100000,20.50000,1.50000,-0.244979,20
2.100000,21.50000,1.25000,-0.463648,21
2.100000,22.50000,0.75000,-0.463648,22
2.100000,23.50000,0.25000,-0.463648,23
2.100000,24.50000,-0.25000,-0.463648,24
2.100000,25.50000,-0.75000,-0.463648,25
2.100000,26.50000,-1.25000,0.000000,26
2.100000,27.50000,-1.25000,-0.244979,27
2.100000,28.50000,-1.50000,0.000000,28
2.100000,29.50000,-1.50000,0.000000,29
2.100000,30.50000,-1.50000,0.000000,30
2.200000,0.59231,0.01727,0.250996,0
2.200000,1.50000,0.25000,0.000000,1
2.200000,2.50000,0.25000,0.000000,2
2.200000,3.50000,0.25000,0.000000,3
2.200000,4.50000,0.25000,0.000000,4
2.200000,5.50000,0.25000,0.000000,5
2.200000,6.50000,0.25000,0.000000,6
2.200000,7.50000,0.25000,0.000000,7
2.200000,8.50000,0.25000,0.000000,8
2.200000,9.50000,0.25000,0.000000,9
2.200000,10.50000,0.25000,0.244979,10
2.200000,11.50000,0.50000,0.244979,11
2.200000,12.50000,0.75000,0.244979,12
2.200000,13.50000,1.00000,0.463648,13
2.200000,14.50000,1.50000,0.463648,14
2.200000,15.50000,2.00000,0.000000,15
2.200000,16.50000,2.00000,0.000000,16
2.200000,17.50000,2.00000,0.000000,17
2.200000,18.50000,2.00000,-0.244979,18
2.200000,19.50000,1.75000,-0.244979,19
2.200000,20.50000,1.50000,-0.244979,20
2.200000,21.50000,1.25000,-0.463648,21
2.200000,22.50000,0.75000,-0.463648,22
2.200000,23.50000,0.25000,-0.463648,23
2.200000,24.50000,-0.25000,-0.463648,24
2.200000,25.50000,-0.75000,-0.463648,25
2.200000,26.50000,-1.25000,-0.244979,26
2.200000,27.50000,-1.50000,0.000000,27
2.200000,28.50000,-1.50000,0.000000,28
2.200000,29.50000,-1.50000,0.000000,29
2.200000,30.50000,-1.50000,0.000000,30
2.300000,0.66006,0.00057,0.288667,0
2.300000,1.50000,0.25000,0.000000,1
2.300000,2.50000,0.25000,0.000000,2
2.300000,3.50000,0.25000,0.000000,3
2.300000,4.50000,0.25000,0.000000,4
2.300000,5.50000,0.25000,0.000000,5
2.300000,6.50000,0.25000,0.000000,6
2.300000,7.50000,0.25000,0.000000,7
2.300000,8.50000,0.25000,0.000000,8
2.300000,9.50000,0.25000,0.000000,9
2.300000,10.50000,0.25000,0.244979,10
2.300000,11.50000,0.50000,0.244979,11
2.300000,12.50000,0.75000,0.244979,12
2.300000,13.50000,1.00000,0.463648,13
2.300000,14.50000,1.50000,0.463648,14
2.300000,15.50000,2.00000,0.000000,15
2.300000,16.50000,2.00000,0.000000,16
2.300000,17.50000,2.00000,0.000000,17
2.300000,18.50000,2.00000,-0.244979,18
2.300000,19.50000,1.75000,-0.244979,19
2.300000,20.50000,1.50000,-0.244979,20
2.300000,21.50000,1.25000,-0.463648,21
2.300000,22.50000,0.75000,-0.463648,22
2.300000,23.50000,0.25000,-0.463648,23
2.300000,24.50000,-0.25000,-0.463648,24
2.300000,25.50000,-0.75000,-0.463648,25
2.300000,26.50000,-1.25000,-0.244979,26
2.300000,27.50000,-1.50000,0.000000,27
2.300000,28.50000,-1.50000,0.000000,28
2.300000,29.50000,-1.50000,0.000000,29
2.300000,30.50000,-1.50000,0.000000,30
2.400000,0.77515,0.02044,0.185268,0
2.400000,2.00000,0.25000,0.000000,1
2.400000,3.00000,0.25000,0.000000,2
2.400000,4.00000,0.25000,0.000000,3
2.400000,5.00000,0.25000,0.000000,4
2.400000,6.00000,0.25000,0.000000,5
2.400000,7.00000,0.25000,0.000000,6
2.400000,8.00000,0.25000,0.000000,7
2.400000,9.00000,0.25000,0.000000,8
2.400000,10.00000,0.25000,0.000000,9
2.400000,11.00000,0.25000,0.244979,10
2.400000,12.00000,0.50000,0.244979,11
2.400000,13.00000,0.75000,0.244979,12
2.400000,14.00000,1.00000,0.463648,13
2.400000,15.00000,1.50000,0.463648,14
2.400000,16.00000,2.00000,0.000000,15
2.400000,17.00000,2.00000,0.000000,16
2.400000,18.00000,2.00000,-0.244979,17
2.400000,19.00000,1.75000,-0.244979,18
2.400000,20.00000,1.50000,-0.244979,19
2.400000,21.00000,1.25000,-0.463648,20
2.400000,22.00000,0.75000,-0.463648,21
2.400000,23.00000,0.25000,-0.463648,22
2.400000,24.00000,-0.25000,-0.463648,23
2.400000,25.00000,-0.75000,-0.463648,24
2.400000,26.00000,-1.25000,-0.244979,25
2.400000,27.00000,-1.50000,0.000000,26
2.400000,28.00000,-1.50000,0.000000,27
2.400000,29.00000,-1.50000,0.000000,28
2.400000,30.00000,-1.50000,0.000000,29
2.400000,31.00000,-1.50000,0.000000,30
2.500000,0.86459,0.02710,0.193848,0
2.500000,2.00000,0.25000,0.000000,1
2.500000,3.00000,0.25000,0.000000,2
2.500000,4.00000,0.25000,0.000000,3
2.500000,5.00000,0.25000,0.000000,4
2.500000,6.00000,0.25000,0.000000,5
2.500000,7.00000,0.25000,0.000000,6
2.500000,8.00000,0.25000,0.000000,7
2.500000,9.00000,0.25000,0.000000,8
2.500000,10.00000,0.25000,0.000000,9
2.500000,11.00000,0.25000,0.244979,10
2.500000,12.00000,0.50000,0.244979,11
2.500000,13.00000,0.75000,0.244979,12
2.500000,14.00000,1.00000,0.463648,13
2.500000,15.00000,1.50000,0.463648,14
2.500000,16.00000,2.00000,0.000000,15
2.500000,17.00000,2.00000,0.000000,16
2.500000,18.00000,2.00000,0.000000,17
2.500000,19.00000,2.00000,-0.244979,18
2.500000,20.00000,1.75000,-0.244979,19
2.500000,21.00000,1.50000,-0.463648,20
2.500000,22.00000,1.00000,-0.463648,21
2.500000,23.00000,0.50000,-0.463648,22
2.500000,24.00000,0.00000,-0.463648,23
2.500000,25.00000,-0.50000,-0.463648,24
2.500000,26.00000,-1.00000,-0.244979,25
2.500000,27.00000,-1.25000,-0.244979,26
2.500000,28.00000,-1.50000,0.000000,27
2.500000,29.00000,-1.50000,0.000000,28
2.500000,30.00000,-1.50000,0.000000,29
2.500000,31.00000,-1.50000,0.000000,30
2.600000,0.94117,0.00563,0.226820,0
2.600000,2.00000,0.25000,0.000000,1
2.600000,3.00000,0.25000,0.000000,2
2.600000,4.00000,0.25000,0.000000,3
2.600000,5.00000,0.25000,0.000000,4
2.600000,6.00000,0.25000,0.000000,5
2.600000,7.00000,0.25000,0.000000,6
2.600000,8.00000,0.25000,0.000000,7
2.600000,9.00000,0.25000,0.000000,8
2.600000,10.00000,0.25000,0.000000,9
2.600000,11.00000,0.25000,0.244979,10
2.600000,12.00000,0.50000,0.244979,11
2.600000,13.00000,0.75000,0.244979,12
2.600000,14.00000,1.00000,0.463648,13
2.600000,15.00000,1.50000,0.463648,14
2.600000,16.00000,2.00000,0.000000,15
2.600000,17.00000,2.00000,0.000000,16
2.600000,18.00000,2.00000,0.000000,17
2.600000,19.00000,2.00000,-0.244979,18
2.600000,20.00000,1.75000,-0.244979,19
2.600000,21.00000,1.50000,-0.463648,20
2.600000,22.00000,1.00000,-0.463648,21
2.600000,23.00000,0.50000,-0.463648,22
2.600000,24.00000,0.00000,-0.463648,23
2.600000,25.00000,-0.50000,-0.463648,24
2.600000,26.00000,-1.00000,-0.244979,25
2.600000,27.00000,-1.25000,-0.244979,26
2.600000,28.00000,-1.50000,0.000000,27
2.600000,29.00000,-1.50000,0.000000,28
2.600000,30.00000,-1.50000,0.000000,29
2.600000,31.00000,-1.50000,0.000000,30
2.700000,1.01424,0.02139,0.227886,0
2.700000,2.00000,0.25000,0.000000,1
2.700000,3.00000,0.25000,0.000000,2
2.700000,4.00000,0.25000,0.000000,3
2.700000,5.00000,0.25000,0.000000,4
2.700000,6.00000,0.25000,0.000000,5
2.700000,7.00000,0.25000,0.000000,6
2.700000,8.00000,0.25000,0.000000,7
2.700000,9.00000,0.25000,0.000000,8
2.700000,10.00000,0.25000,0.000000,9
2.700000,11.00000,0.25000,0.244979,10
2.700000,12.00000,0.50000,0.244979,11
2.700000,13.00000,0.75000,0.244979,12
2.700000,14.00000,1.00000,0.463648,13
2.700000,15.00000,1.50000,0.463648,14
2.700000,16.00000,2.00000,0.000000,15
2.700000,17.00000,2.00000,0.000000,16
2.700000,18.00000,2.00000,0.000000,17
2.700000,19.00000,2.00000,-0.244979,18
2.700000,20.00000,1.75000,-0.244979,19
2.700000,21.00000,1.50000,-0.463648,20
2.700000,22.00000,1.00000,-0.463648,21
2.700000,23.00000,0.50000,-0.463648,22
2.700000,24.00000,0.00000,-0.463648,23
2.700000,25.00000,-0.50000,-0.463648,24
2.700000,26.00000,-1.00000,-0.244979,25
2.700000,27.00000,-1.25000,0.000000,26
2.700000,28.00000,-1.25000,0.000000,27
2.700000,29.00000,-1.25000,0.000000,28
2.700000,30.00000,-1.25000,0.000000,29
2.700000,31.00000,-1.25000,0.000000,30
2.800000,1.06114,0.03515,0.224967,0
2.800000,2.00000,0.25000,0.000000,1
2.800000,3.00000,0.25000,0.000000,2
2.800000,4.00000,0.25000,0.000000,3
2.800000,5.00000,0.25000,0.000000,4
2.800000,6.00000,0.25000,0.000000,5
2.800000,7.00000,0.25000,0.000000,6
2.800000,8.00000,0.25000,0.000000,7
2.800000,9.00000,0.25000,0.000000,8
2.800000,10.00000,0.25000,0.000000,9
2.800000,11.00000,0.25000,0.244979,10
2.800000,12.00000,0.50000,0.244979,11
2.800000,13.00000,0.75000,0.244979,12
2.800000,14.00000,1.00000,0.463648,13
2.800000,15.00000,1.50000,0.463648,14
2.800000,16.00000,2.00000,0.000000,15
2.800000,17.00000,2.00000,0.000000,16
2.800000,18.00000,2.00000,0.000000,17
2.800000,19.00000,2.00000,-0.244979,18
2.800000,20.00000,1.75000,-0.244979,19
2.800000,21.00000,1.50000,-0.463648,20
2.800000,22.00000,1.00000,-0.463648,21
2.800000,23.00000,0.50000,-0.463648,22
2.800000,24.00000,0.00000,-0.463648,23
2.800000,25.00000,-0.50000,-0.463648,24
2.800000,26.00000,-1.00000,-0.244979,25
2.800000,27.00000,-1.25000,-0.244979,26
2.800000,28.00000,-1.50000,0.000000,27
2.800000,29.00000,-1.50000,0.000000,28
2.800000,30.00000,-1.50000,0.000000,29
2.800000,31.00000,-1.50000,0.000000,30
2.900000,1.10752,-0.00120,0.274366,0
2.900000,2.00000,0.25000,0.000000,1
2.900000,3.00000,0.25000,0.000000,2
2.900000,4.00000,0.25000,0.000000,3
2.900000,5.00000,0.25000,0.000000,4
2.900000,6.00000,0.25000,0.000000,5
2.900000,7.00000,0.25000,0.000000,6
2.900000,8.00000,0.25000,0.000000,7
2.900000,9.00000,0.25000,0.000000,8
2.900000,10.00000,0.25000,0.000000,9
2.900000,11.00000,0.25000,0.244979,10
2.900000,12.00000,0.50000,0.244979,11
2.900000,13.00000,0.75000,0.244979,12
2.900000,14.00000,1.00000,0.463648,13
2.900000,15.00000,1.50000,0.463648,14
2.900000,16.00000,2.00000,0.000000,15
2.900000,17.00000,2.00000,0.000000,16
2.900000,18.00000,2.00000,-0.244979,17
2.900000,19.00000,1.75000,-0.244979,18
2.900000,20.00000,1.50000,-0.244979,19
2.900000,21.00000,1.25000,-0.463648,20
2.900000,22.00000,0.75000,-0.463648,21
2.900000,23.00000,0.25000,-0.463648,22
2.900000,24.00000,-0.25000,-0.463648,23
2.900000,25.00000,-0.75000,-0.463648,24
2.900000,26.00000,-1.25000,-0.244979,25
2.900000,27.00000,-1.50000,0.000000,26
2.900000,28.00000,-1.50000,0.000000,27
2.900000,29.00000,-1.50000,0.000000,28
2.900000,30.00000,-1.50000,0.000000,29
2.900000,31.00000,-1.50000,0.000000,30
3.000000,1.12976,0.04062,0.236117,0
3.000000,2.00000,0.25000,0.000000,1
3.000000,3.00000,0.25000,0.000000,2
3.000000,4.00000,0.25000,0.000000,3
3.000000,5.00000,0.25000,0.000000,4
3.000000,6.00000,0.25000,0.000000,5
3.000000,7.00000,0.25000,0.000000,6
3.000000,8.00000,0.25000,0.000000,7
3.000000,9.00000,0.25000,0.000000,8
3.000000,10.00000,0.25000,0.000000,9
3.000000,11.00000,0.25000,0.244979,10
3.000000,12.00000,0.50000,0.244979,11
3.000000,13.00000,0.75000,0.244979,12
3.000000,14.00000,1.00000,0.463648,13
3.000000,15.00000,1.50000,0.463648,14
3.000000,16.00000,2.00000,0.000000,15
3.000000,17.00000,2.00000,0.000000,16
3.000000,18.00000,2.00000,0.000000,17
3.000000,19.00000,2.00000,-0.244979,18
3.000000,20.00000,1.75000,-0.244979,19
3.000000,21.00000,1.50000,-0.463648,20
3.000000,22.00000,1.00000,-0.463648,21
3.000000,23.00000,0.50000,-0.463648,22
3.000000,24.00000,0.00000,-0.463648,23
3.000000,25.00000,-0.50000,-0.463648,24
3.000000,26.00000,-1.00000,-0.244979,25
3.000000,27.00000,-1.25000,-0.244979,26
3.000000,28.00000,-1.50000,0.000000,27
3.000000,29.00000,-1.50000,0.000000,28
3.000000,30.00000,-1.50000,0.000000,29
3.000000,31.00000,-1.50000,0.000000,30
3.100000,1.14559,0.02087,0.262008,0
3.100000,2.00000,0.25000,0.000000,1
3.100000,3.00000,0.25000,0.000000,2
3.100000,4.00000,0.25000,0.000000,3
3.100000,5.00000,0.25000,0.000000,4
3.100000,6.00000,0.25000,0.000000,5
3.100000,7.00000,0.25000,0.000000,6
3.100000,8.00000,0.25000,0.000000,7
3.100000,9.00000,0.25000,0.000000,8
3.100000,10.00000,0.25000,0.000000,9
3.100000,11.00000,0.25000,0.244979,10
3.100000,12.00000,0.50000,0.244979,11
3.100000,13.00000,0.75000,0.244979,12
3.100000,14.00000,1.00000,0.463648,13
3.100000,15.00000,1.50000,0.463648,14
3.100000,16.00000,2.00000,0.000000,15
3.100000,17.00000,2.00000,0.000000,16
3.100000,18.00000,2.00000,0.000000,17
3.100000,19.00000,2.00000,-0.244979,18
3.100000,20.00000,1.75000,-0.244979,19
3.100000,21.00000,1.50000,-0.463648,20
3.100000,22.00000,1.00000,-0.463648,21
3.100000,23.00000,0.50000,-0.463648,22
3.100000,24.00000,0.00000,-0.463648,23
3.100000,25.00000,-0.50000,-0.463648,24
3.100000,26.00000,-1.00000,-0.244979,25
3.100000,27.00000,-1.25000,-0.244979,26
3.100000,28.00000,-1.50000,0.000000,27
3.100000,29.00000,-1.50000,0.000000,28
3.100000,30.00000,-1.50000,0.000000,29
3.100000,31.00000,-1.50000,0.000000,30
3.200000,1.24094,0.04510,0.263652,0
3.200000,2.00000,0.25000,0.000000,1
3.200000,3.00000,0.25000,0.000000,2
3.200000,4.00000,0.25000,0.000000,3
3.200000,5.00000,0.25000,0.000000,4
3.200000,6.00000,0.25000,0.000000,5
3.200000,7.00000,0.25000,0.000000,6
3.200000,8.00000,0.25000,0.000000,7
3.200000,9.00000,0.25000,0.000000,8
3.200000,10.00000,0.25000,0.000000,9
3.200000,11.00000,0.25000,0.244979,10
3.200000,12.00000,0.50000,0.244979,11
3.200000,13.00000,0.75000,0.244979,12
3.200000,14.00000,1.00000,0.463648,13
3.200000,15.00000,1.50000,0.463648,14
3.200000,16.00000,2.00000,0.000000,15
3.200000,17.00000,2.00000,0.000000,16
3.200000,18.00000,2.00000,0.000000,17
3.200000,19.00000,2.00000,-0.244979,18
3.200000,20.00000,1.75000,-0.244979,19
3.200000,21.00000,1.50000,-0.463648,20
3.200000,22.00000,1.00000,-0.463648,21
3.200000,23.00000,0.50000,-0.463648,22
3.200000,24.00000,0.00000,-0.463648,23
3.200000,25.00000,-0.50000,-0.463648,24
3.200000,26.00000,-1.00000,-0.244979,25
3.200000,27.00000,-1.25000,-0.244979,26
3.200000,28.00000,-1.50000,0.000000,27
3.200000,29.00000,-1.50000,0.000000,28
3.200000,30.00000,-1.50000,0.000000,29
3.200000,31.00000,-1.50000,0.000000,30
3.300000,1.25035,0.04899,0.159486,0
3.300000,2.50000,0.25000,0.000000,1
3.300000,3.50000,0.25000,0.000000,2
3.300000,4.50000,0.25000,0.000000,3
3.300000,5.50000,0.25000,0.000000,4
3.300000,6.50000,0.25000,0.000000,5
3.300000,7.50000,0.25000,0.000000,6
3.300000,8.50000,0.25000,0.000000,7
3.300000,9.50000,0.25000,0.000000,8
3.300000,10.50000,0.25000,0.244979,9
3.300000,11.50000,0.50000,0.244979,10
3.300000,12.50000,0.75000,0.244979,11
3.300000,13.50000,1.00000,0.463648,12
3.300000,14.50000,1.50000,0.463648,13
3.300000,15.50000,2.00000,0.000000,14
3.300000,16.50000,2.00000,0.000000,15
3.300000,17.50000,2.00000,0.000000,16
3.300000,18.50000,2.00000,-0.244979,17
3.300000,19.50000,1.75000,-0.244979,18
3.300000,20.50000,1.50000,-0.463648,19
3.300000,21.50000,1.00000,-0.463648,20
3.300000,22.50000,0.50000,-0.463648,21
3.300000,23.50000,0.00000,-0.244979,22
3.300000,24.50000,-0.25000,-0.463648,23
3.300000,25.50000,-0.75000,-0.463648,24
3.300000,26.50000,-1.25000,-0.244979,25
3.300000,27.50000,-1.50000,0.000000,26
3.300000,28.50000,-1.50000,0.000000,27
3.300000,29.50000,-1.50000,0.000000,28
3.300000,30.50000,-1.50000,0.000000,29
3.300000,31.50000,-1.50000,0.000000,30
3.400000,1.36836,0.01355,0.205977,0
3.400000,2.50000,0.25000,0.000000,1
3.400000,3.50000,0.25000,0.000000,2
3.400000,4.50000,0.25000,0.000000,3
3.400000,5.50000,0.25000,0.000000,4
3.400000,6.50000,0.25000,0.000000,5
3.400000,7.50000,0.25000,0.000000,6
3.400000,8.50000,0.25000,0.000000,7
3.400000,9.50000,0.25000,0.000000,8
3.400000,10.50000,0.25000,0.244979,9
3.400000,11.50000,0.50000,0.244979,10
3.400000,12.50000,0.75000,0.244979,11
3.400000,13.50000,1.00000,0.463648,12
3.400000,14.50000,1.50000,0.463648,13
3.400000,15.50000,2.00000,0.000000,14
3.400000,16.50000,2.00000,0.000000,15
3.400000,17.50000,2.00000,0.000000,16
3.400000,18.50000,2.00000,-0.244979,17
3.400000,19.50000,1.75000,-0.244979,18
3.400000,20.50000,1.50000,-0.244979,19
3.400000,21.50000,1.25000,-0.463648,20
3.400000,22.50000,0.75000,-0.463648,21
3.400000,23.50000,0.25000,-0.463648,22
3.400000,24.50000,-0.25000,-0.463648,23
3.400000,25.50000,-0.75000,-0.463648,24
3.400000,26.50000,-1.25000,-0.244979,25
3.400000,27.50000,-1.50000,0.000000,26
3.400000,28.50000,-1.50000,0.000000,27
3.400000,29.50000,-1.50000,0.000000,28
3.400000,30.50000,-1.50000,0.000000,29
3.400000,31.50000,-1.50000,0.000000,30
3.500000,1.44680,0.02492,0.210545,0
3.500000,2.50000,0.25000,0.000000,1
3.500000,3.50000,0.25000,0.000000,2
3.500000,4.50000,0.25000,0.000000,3
3.500000,5.50000,0.25000,0.000000,4
3.500000,6.50000,0.25000,0.000000,5
3.500000,7.50000,0.25000,0.000000,6
3.500000,8.50000,0.25000,0.000000,7
3.500000,9.50000,0.25000,0.000000,8
3.500000,10.50000,0.25000,0.244979,9
3.500000,11.50000,0.50000,0.244979,10
3.500000,12.50000,0.75000,0.244979,11
3.500000,13.50000,1.00000,0.463648,12
3.500000,14.50000,1.50000,0.463648,13
3.500000,15.50000,2.00000,0.000000,14
3.500000,16.50000,2.00000,0.000000,15
3.500000,17.50000,2.00000,0.000000,16
3.500000,18.50000,2.00000,-0.244979,17
3.500000,19.50000,1.75000,-0.244979,18
3.500000,20.50000,1.50000,-0.463648,19
3.500000,21.50000,1.00000,-0.463648,20
3.500000,22.50000,0.50000,-0.463648,21
3.500000,23.50000,0.00000,-0.244979,22
3.500000,24.50000,-0.25000,-0.463648,23
3.500000,25.50000,-0.75000,-0.463648,24
3.500000,26.50000,-1.25000,-0.244979,25
3.500000,27.50000,-1.50000,0.000000,26
3.500000,28.50000,-1.50000,0.000000,27
3.500000,29.50000,-1.50000,0.000000,28
3.500000,30.50000,-1.50000,0.000000,29
3.500000,31.50000,-1.50000,0.000000,30
3.600000,1.60628,0.07053,0.198182,0
3.600000,2.50000,0.25000,0.000000,1
3.600000,3.50000,0.25000,0.000000,2
3.600000,4.50000,0.25000,0.000000,3
3.600000,5.50000,0.25000,0.000000,4
3.600000,6.50000,0.25000,0.000000,5
3.600000,7.50000,0.25000,0.000000,6
3.600000,8.50000,0.25000,0.000000,7
3.600000,9.50000,0.25000,0.000000,8
3.600000,10.50000,0.25000,0.244979,9
3.600000,11.50000,0.50000,0.244979,10
3.600000,12.50000,0.75000,0.244979,11
3.600000,13.50000,1.00000,0.463648,12
3.600000,14.50000,1.50000,0.463648,13
3.600000,15.50000,2.00000,0.000000,14
3.600000,16.50000,2.00000,0.000000,15
3.600000,17.50000,2.00000,0.000000,16
3.600000,18.50000,2.00000,-0.244979,17
3.600000,19.50000,1.75000,-0.244979,18
3.600000,20.50000,1.50000,-0.244979,19
3.600000,21.50000,1.25000,-0.463648,20
3.600000,22.50000,0.75000,-0.463648,21
3.600000,23.50000,0.25000,-0.463648,22
3.600000,24.50000,-0.25000,-0.463648,23
3.600000,25.50000,-0.75000,-0.463648,24
3.600000,26.50000,-1.25000,-0.244979,25
3.600000,27.50000,-1.50000,0.000000,26
3.600000,28.50000,-1.50000,0.000000,27
3.600000,29.50000,-1.50000,0.000000,28
3.600000,30.50000,-1.50000,0.000000,29
3.600000,31.50000,-1.50000,0.000000,30
3.700000,1.72567,0.07182,0.226167,0
3.700000,2.50000,0.25000,0.000000,1
3.700000,3.50000,0.25000,0.000000,2
3.700000,4.50000,0.25000,0.000000,3
3.700000,5.50000,0.25000,0.000000,4
3.700000,6.50000,0.25000,0.000000,5
3.700000,7.50000,0.25000,0.000000,6
3.700000,8.50000,0.25000,0.000000,7
3.700000,9.50000,0.25000,0.000000,8
3.700000,10.50000,0.25000,0.244979,9
3.700000,11.50000,0.50000,0.244979,10
3.700000,12.50000,0.75000,0.244979,11
3.700000,13.50000,1.00000,0.463648,12
3.700000,14.50000,1.50000,0.463648,13
3.700000,15.50000,2.00000,0.000000,14
3.700000,16.50000,2.00000,0.000000,15
3.700000,17.50000,2.00000,0.000000,16
3.700000,18.50000,2.00000,-0.244979,17
3.700000,19.50000,1.75000,-0.244979,18
3.700000,20.50000,1.50000,-0.244979,19
3.700000,21.50000,1.25000,-0.463648,20
3.700000,22.50000,0.75000,-0.463648,21
3.700000,23.50000,0.25000,-0.463648,22
3.700000,24.50000,-0.25000,-0.463648,23
3.700000,25.50000,-0.75000,-0.463648,24
3.700000,26.50000,-1.25000,0.000000,25
3.700000,27.50000,-1.25000,-0.244979,26
3.700000,28.50000,-1.50000,0.000000,27
3.700000,29.50000,-1.50000,0.000000,28
3.700000,30.50000,-1.50000,0.000000,29
3.700000,31.50000,-1.50000,0.000000,30
3.800000,1.87396,0.05462,0.171801,0
3.800000,3.00000,0.25000,0.000000,1
3.800000,4.00000,0.25000,0.000000,2
3.800000,5.00000,0.25000,0.000000,3
3.800000,6.00000,0.25000,0.000000,4
3.800000,7.00000,0.25000,0.000000,5
3.800000,8.00000,0.25000,0.000000,6
3.800000,9.00000,0.25000,0.000000,7
3.800000,10.00000,0.25000,0.000000,8
3.800000,11.00000,0.25000,0.244979,9
3.800000,12.00000,0.50000,0.244979,10
3.800000,13.00000,0.75000,0.244979,11
3.800000,14.00000,1.00000,0.463648,12
3.800000,15.00000,1.50000,0.463648,13
3.800000,16.00000,2.00000,0.000000,14
3.800000,17.00000,2.00000,0.000000,15
3.800000,18.00000,2.00000,-0.244979,16
3.800000,19.00000,1.75000,-0.244979,17
3.800000,20.00000,1.50000,-0.244979,18
3.800000,21.00000,1.25000,-0.463648,19
3.800000,22.00000,0.75000,-0.463648,20
3.800000,23.00000,0.25000,-0.244979,21
3.800000,24.00000,0.00000,-0.463648,22
3.800000,25.00000,-0.50000,-0.463648,23
3.800000,26.00000,-1.00000,-0.244979,24
3.800000,27.00000,-1.25000,-0.244979,25
3.800000,28.00000,-1.50000,0.000000,26
3.800000,29.00000,-1.50000,0.000000,27
3.800000,30.00000,-1.50000,0.000000,28
3.800000,31.00000,-1.50000,0.000000,29
3.800000,32.00000,-1.50000,0.000000,30
3.900000,2.04236,0.06744,0.188376,0
3.900000,3.00000,0.25000,0.000000,1
3.900000,4.00000,0.25000,0.000000,2
3.900000,5.00000,0.25000,0.000000,3
3.900000,6.00000,0.25000,0.000000,4
3.900000,7.00000,0.25000,0.000000,5
3.900000,8.00000,0.25000,0.000000,6
3.900000,9.00000,0.25000,0.000000,7
3.900000,10.00000,0.25000,0.000000,8
3.900000,11.00000,0.25000,0.244979,9
3.900000,12.00000,0.50000,0.244979,10
3.900000,13.00000,0.75000,0.244979,11
3.900000,14.00000,1.00000,0.463648,12
3.900000,15.00000,1.50000,0.463648,13
3.900000,16.00000,2.00000,0.000000,14
3.900000,17.00000,2.00000,0.000000,15
3.900000,18.00000,2.00000,0.000000,16
3.900000,19.00000,2.00000,-0.244979,17
3.900000,20.00000,1.75000,-0.244979,18
3.900000,21.00000,1.50000,-0.463648,19
3.900000,22.00000,1.00000,-0.463648,20
3.900000,23.00000,0.50000,-0.463648,21
3.900000,24.00000,0.00000,-0.463648,22
3.900000,25.00000,-0.50000,-0.463648,23
3.900000,26.00000,-1.00000,-0.244979,24
3.900000,27.00000,-1.25000,-0.244979,25
3.900000,28.00000,-1.50000,0.000000,26
3.900000,29.00000,-1.50000,0.000000,27
3.900000,30.00000,-1.50000,0.000000,28
3.900000,31.00000,-1.50000,0.000000,29
3.900000,32.00000,-1.50000,0.000000,30
4.000000,2.17863,0.08784,0.194924,0
4.000000,3.00000,0.25000,0.000000,1
4.000000,4.00000,0.25000,0.000000,2
4.000000,5.00000,0.25000,0.000000,3
4.000000,6.00000,0.25000,0.000000,4
4.000000,7.00000,0.25000,0.000000,5
4.000000,8.00000,0.25000,0.000000,6
4.000000,9.00000,0.25000,0.000000,7
4.000000,10.00000,0.25000,0.000000,8
4.000000,11.00000,0.25000,0.244979,9
4.000000,12.00000,0.50000,0.244979,10
4.000000,13.00000,0.75000,0.244979,11
4.000000,14.00000,1.00000,0.463648,12
4.000000,15.00000,1.50000,0.463648,13
4.000000,16.00000,2.00000,0.000000,14
4.000000,17.00000,2.00000,0.000000,15
4.000000,18.00000,2.00000,-0.244979,16
4.000000,19.00000,1.75000,-0.244979,17
4.000000,20.00000,1.50000,-0.244979,18
4.000000,21.00000,1.25000,-0.463648,19
4.000000,22.00000,0.75000,-0.463648,20
4.000000,23.00000,0.25000,-0.463648,21
4.000000,24.00000,-0.25000,-0.463648,22
4.000000,25.00000,-0.75000,-0.463648,23
4.000000,26.00000,-1.25000,-0.244979,24
4.000000,27.00000,-1.50000,0.000000,25
4.000000,28.00000,-1.50000,0.000000,26
4.000000,29.00000,-1.50000,0.000000,27
4.000000,30.00000,-1.50000,0.000000,28
4.000000,31.00000,-1.50000,0.000000,29
4.000000,32.00000,-1.50000,0.000000,30
4.100000,2.35078,0.08102,0.145996,0
4.100000,3.50000,0.25000,0.000000,1
4.100000,4.50000,0.25000,0.000000,2
4.100000,5.50000,0.25000,0.000000,3
4.100000,6.50000,0.25000,0.000000,4
4.100000,7.50000,0.25000,0.000000,5
4.100000,8.50000,0.25000,0.000000,6
4.100000,9.50000,0.25000,0.000000,7
4.100000,10.50000,0.25000,0.244979,8
4.100000,11.50000,0.50000,0.244979,9
4.100000,12.50000,0.75000,0.244979,10
4.100000,13.50000,1.00000,0.463648,11
4.100000,14.50000,1.50000,0.463648,12
4.100000,15.50000,2.00000,0.000000,13
4.100000,16.50000,2.00000,0.000000,14
4.100000,17.50000,2.00000,-0.244979,15
4.100000,18.50000,1.75000,0.000000,16
4.100000,19.50000,1.75000,-0.244979,17
4.100000,20.50000,1.50000,-0.463648,18
4.100000,21.50000,1.00000,-0.463648,19
4.100000,22.50000,0.50000,-0.463648,20
4.100000,23.50000,0.00000,-0.244979,21
4.100000,24.50000,-0.25000,-0.463648,22
4.100000,25.50000,-0.75000,-0.463648,23
4.100000,26.50000,-1.25000,-0.244979,24
4.100000,27.50000,-1.50000,0.000000,25
4.100000,28.50000,-1.50000,0.000000,26
4.100000,29.50000,-1.50000,0.000000,27
4.100000,30.50000,-1.50000,0.000000,28
4.100000,31.50000,-1.50000,0.000000,29
4.100000,32.50000,-1.50000,0.000000,30
4.200000,2.43907,0.11224,0.129125,0
4.200000,3.50000,0.25000,0.000000,1
4.200000,4.50000,0.25000,0.000000,2
4.200000,5.50000,0.25000,0.000000,3
4.200000,6.50000,0.25000,0.000000,4
4.200000,7.50000,0.25000,0.000000,5
4.200000,8.50000,0.25000,0.000000,6
4.200000,9.50000,0.25000,0.000000,7
4.200000,10.50000,0.25000,0.244979,8
4.200000,11.50000,0.50000,0.244979,9
4.200000,12.50000,0.75000,0.244979,10
4.200000,13.50000,1.00000,0.463648,11
4.200000,14.50000,1.50000,0.463648,12
4.200000,15.50000,2.00000,0.000000,13
4.200000,16.50000,2.00000,0.000000,14
4.200000,17.50000,2.00000,0.000000,15
4.200000,18.50000,2.00000,-0.244979,16
4.200000,19.50000,1.75000,-0.244979,17
4.200000,20.50000,1.50000,-0.244979,18
4.200000,21.50000,1.25000,-0.463648,19
4.200000,22.50000,0.75000,-0.463648,20
4.200000,23.50000,0.25000,-0.463648,21
4.200000,24.50000,-0.25000,-0.463648,22
4.200000,25.50000,-0.75000,-0.463648,23
4.200000,26.50000,-1.25000,-0.244979,24
4.200000,27.50000,-1.50000,0.000000,25
4.200000,28.50000,-1.50000,0.000000,26
4.200000,29.50000,-1.50000,0.000000,27
4.200000,30.50000,-1.50000,0.000000,28
4.200000,31.50000,-1.50000,0.000000,29
4.200000,32.50000,-1.50000,0.000000,30
4.300000,2.55614,0.09951,0.158106,0
4.300000,3.50000,0.25000,0.000000,1
4.300000,4.50000,0.25000,0.000000,2
4.300000,5.50000,0.25000,0.000000,3
4.300000,6.50000,0.25000,0.000000,4
4.300000,7.50000,0.25000,0.000000,5
4.300000,8.50000,0.25000,0.000000,6
4.300000,9.50000,0.25000,0.000000,7
4.300000,10.50000,0.25000,0.244979,8
4.300000,11.50000,0.50000,0.244979,9
4.300000,12.50000,0.75000,0.244979,10
4.300000,13.50000,1.00000,0.463648,11
4.300000,14.50000,1.50000,0.463648,12
4.300000,15.50000,2.00000,0.000000,13
4.300000,16.50000,2.00000,0.000000,14
4.300000,17.50000,2.00000,0.000000,15
4.300000,18.50000,2.00000,-0.244979,16
4.300000,19.50000,1.75000,-0.244979,17
4.300000,20.50000,1.50000,-0.244979,18
4.300000,21.50000,1.25000,-0.463648,19
4.300000,22.50000,0.75000,-0.463648,20
4.300000,23.50000,0.25000,-0.463648,21
4.300000,24.50000,-0.25000,-0.463648,22
4.300000,25.50000,-0.75000,-0.463648,23
4.300000,26.50000,-1.25000,-0.244979,24
4.300000,27.50000,-1.50000,0.000000,25
4.300000,28.50000,-1.50000,0.000000,26
4.300000,29.50000,-1.50000,0.000000,27
4.300000,30.50000,-1.50000,0.000000,28
4.300000,31.50000,-1.50000,0.000000,29
4.300000,32.50000,-1.50000,0.000000,30
4.402000,2.58209,0.11913,0.141616,0
4.402000,3.50000,0.25000,0.000000,1
4.402000,4.50000,0.25000,0.000000,2
4.402000,5.50000,0.25000,0.000000,3
4.402000,6.50000,0.25000,0.000000,4
4.402000,7.50000,0.25000,0.000000,5
4.402000,8.50000,0.25000,0.000000,6
4.402000,9.50000,0.25000,0.000000,7
4.402000,10.50000,0.25000,0.244979,8
4.402000,11.50000,0.50000,0.244979,9
4.402000,12.50000,0.75000,0.244979,10
4.402000,13.50000,1.00000,0.463648,11
4.402000,14.50000,1.50000,0.463648,12
4.402000,15.50000,2.00000,0.000000,13
4.402000,16.50000,2.00000,0.000000,14
4.402000,17.50000,2.00000,0.000000,15
4.402000,18.50000,2.00000,-0.244979,16
4.402000,19.50000,1.75000,-0.244979,17
4.402000,20.50000,1.50000,-0.463648,18
4.402000,21.50000,1.00000,-0.463648,19
4.402000,22.50000,0.50000,-0.463648,20
4.402000,23.50000,0.00000,-0.244979,21
4.402000,24.50000,-0.25000,-0.463648,22
4.402000,25.50000,-0.75000,-0.463648,23
4.402000,26.50000,-1.25000,-0.244979,24
4.402000,27.50000,-1.50000,0.000000,25
4.402000,28.50000,-1.50000,0.000000,26
4.402000,29.50000,-1.50000,0.000000,27
4.402000,30.50000,-1.50000,0.000000,28
4.402000,31.50000,-1.50000,0.000000,29
4.402000,32.50000,-1.50000,0.000000,30
4.502000,2.67518,0.10923,0.169045,0
4.502000,3.50000,0.25000,0.000000,1
4.502000,4.50000,0.25000,0.000000,2
4.502000,5.50000,0.25000,0.000000,3
4.502000,6.50000,0.25000,0.000000,4
4.502000,7.50000,0.25000,0.000000,5
4.502000,8.50000,0.25000,0.000000,6
4.502000,9.50000,0.25000,0.000000,7
4.502000,10.50000,0.25000,0.244979,8
4.502000,11.50000,0.50000,0.244979,9
4.502000,12.50000,0.75000,0.244979,10
4.502000,13.50000,1.00000,0.463648,11
4.502000,14.50000,1.50000,0.463648,12
4.502000,15.50000,2.00000,0.000000,13
4.502000,16.50000,2.00000,0.000000,14
4.502000,17.50000,2.00000,0.000000,15
4.502000,18.50000,2.00000,-0.244979,16
4.502000,19.50000,1.75000,-0.244979,17
4.502000,20.50000,1.50000,-0.463648,18
4.502000,21.50000,1.00000,-0.463648,19
4.502000,22.50000,0.50000,-0.463648,20
4.502000,23.50000,0.00000,-0.244979,21
4.502000,24.50000,-0.25000,-0.463648,22
4.502000,25.50000,-0.75000,-0.463648,23
4.502000,26.50000,-1.25000,-0.244979,24
4.502000,27.50000,-1.50000,0.000000,25
4.502000,28.50000,-1.50000,0.000000,26
4.502000,29.50000,-1.50000,0.000000,27
4.502000,30.50000,-1.50000,0.000000,28
4.502000,31.50000,-1.50000,0.000000,29
4.502000,32.50000,-1.50000,0.000000,30
4.602000,2.78253,0.11336,0.111765,0
4.602000,4.00000,0.25000,0.000000,1
4.602000,5.00000,0.25000,0.000000,2
4.602000,6.00000,0.25000,0.000000,3
4.602000,7.00000,0.25000,0.000000,4
4.602000,8.00000,0.25000,0.000000,5
4.602000,9.00000,0.25000,0.000000,6
4.602000,10.00000,0.25000,0.000000,7
4.602000,11.00000,0.25000,0.244979,8
4.602000,12.00000,0.50000,0.244979,9
4.602000,13.00000,0.75000,0.244979,10
4.602000,14.00000,1.00000,0.463648,11
4.602000,15.00000,1.50000,0.463648,12
4.602000,16.00000,2.00000,0.000000,13
4.602000,17.00000,2.00000,0.000000,14
4.602000,18.00000,2.00000,0.000000,15
4.602000,19.00000,2.00000,-0.244979,16
4.602000,20.00000,1.75000,-0.244979,17
4.602000,21.00000,1.50000,-0.463648,18
4.602000,22.00000,1.00000,-0.463648,19
4.602000,23.00000,0.50000,-0.463648,20
4.602000,24.00000,0.00000,-0.463648,21
4.602000,25.00000,-0.50000,-0.463648,22
4.602000,26.00000,-1.00000,-0.244979,23
4.602000,27.00000,-1.25000,-0.244979,24
4.602000,28.00000,-1.50000,0.000000,25
4.602000,29.00000,-1.50000,0.000000,26
4.602000,30.00000,-1.50000,0.000000,27
4.602000,31.00000,-1.50000,0.000000,28
4.602000,32.00000,-1.50000,0.000000,29
4.602000,33.00000,-1.50000,0.000000,30
4.700000,2.79950,0.11187,0.114554,0
4.700000,4.00000,0.25000,0.000000,1
4.700000,5.00000,0.25000,0.000000,2
4.700000,6.00000,0.25000,0.000000,3
4.700000,7.00000,0.25000,0.000000,4
4.700000,8.00000,0.25000,0.000000,5
4.700000,9.00000,0.25000,0.000000,6
4.700000,10.00000,0.25000,0.000000,7
4.700000,11.00000,0.25000,0.244979,8
4.700000,12.00000,0.50000,0.244979,9
4.700000,13.00000,0.75000,0.244979,10
4.700000,14.00000,1.00000,0.463648,11
4.700000,15.00000,1.50000,0.463648,12
4.700000,16.00000,2.00000,0.000000,13
4.700000,17.00000,2.00000,0.000000,14
4.700000,18.00000,2.00000,-0.244979,15
4.700000,19.00000,1.75000,0.000000,16
4.700000,20.00000,1.75000,-0.244979,17
4.700000,21.00000,1.50000,-0.463648,18
4.700000,22.00000,1.00000,-0.463648,19
4.700000,23.00000,0.50000,-0.463648,20
4.700000,24.00000,0.00000,-0.463648,21
4.700000,25.00000,-0.50000,-0.463648,22
4.700000,26.00000,-1.00000,-0.244979,23
4.700000,27.00000,-1.25000,-0.244979,24
4.700000,28.00000,-1.50000,0.000000,25
4.700000,29.00000,-1.50000,0.000000,26
4.700000,30.00000,-1.50000,0.000000,27
4.700000,31.00000,-1.50000,0.000000,28
4.700000,32.00000,-1.50000,0.000000,29
4.700000,33.00000,-1.50000,0.000000,30
4.800000,2.85000,0.14970,0.086999,0
4.800000,4.00000,0.25000,0.000000,1
4.800000,5.00000,0.25000,0.000000,2
4.800000,6.00000,0.25000,0.000000,3
4.800000,7.00000,0.25000,0.000000,4
4.800000,8.00000,0.25000,0.000000,5
4.800000,9.00000,0.25000,0.000000,6
4.800000,10.00000,0.25000,0.000000,7
4.800000,11.00000,0.25000,0.244979,8
4.800000,12.00000,0.50000,0.244979,9
4.800000,13.00000,0.75000,0.244979,10
4.800000,14.00000,1.00000,0.463648,11
4.800000,15.00000,1.50000,0.463648,12
4.800000,16.00000,2.00000,0.000000,13
4.800000,17.00000,2.00000,0.000000,14
4.800000,18.00000,2.00000,0.000000,15
4.800000,19.00000,2.00000,-0.244979,16
4.800000,20.00000,1.75000,-0.244979,17
4.800000,21.00000,1.50000,-0.463648,18
4.800000,22.00000,1.00000,-0.463648,19
4.800000,23.00000,0.50000,-0.463648,20
4.800000,24.00000,0.00000,-0.463648,21
4.800000,25.00000,-0.50000,-0.463648,22
4.800000,26.00000,-1.00000,-0.244979,23
4.800000,27.00000,-1.25000,-0.244979,24
4.800000,28.00000,-1.50000,0.000000,25
4.800000,29.00000,-1.50000,0.000000,26
4.800000,30.00000,-1.50000,0.000000,27
4.800000,31.00000,-1.50000,0.000000,28
4.800000,32.00000,-1.50000,0.000000,29
4.800000,33.00000,-1.50000,0.000000,30
4.900000,2.91512,0.13448,0.106083,0
4.900000,4.00000,0.25000,0.000000,1
4.900000,5.00000,0.25000,0.000000,2
4.900000,6.00000,0.25000,0.000000,3
4.900000,7.00000,0.25000,0.000000,4
4.900000,8.00000,0.25000,0.000000,5
4.900000,9.00000,0.25000,0.000000,6
4.900000,10.00000,0.25000,0.000000,7
4.900000,11.00000,0.25000,0.244979,8
4.900000,12.00000,0.50000,0.244979,9
4.900000,13.00000,0.75000,0.244979,10
4.900000,14.00000,1.00000,0.463648,11
4.900000,15.00000,1.50000,0.463648,12
4.900000,16.00000,2.00000,0.000000,13
4.900000,17.00000,2.00000,0.000000,14
4.900000,18.00000,2.00000,-0.244979,15
4.900000,19.00000,1.75000,-0.244979,16
4.900000,20.00000,1.50000,-0.244979,17
4.900000,21.00000,1.25000,-0.463648,18
4.900000,22.00000,0.75000,-0.463648,19
4.900000,23.00000,0.25000,-0.463648,20
4.900000,24.00000,-0.25000,-0.463648,21
4.900000,25.00000,-0.75000,-0.463648,22
4.900000,26.00000,-1.25000,-0.244979,23
4.900000,27.00000,-1.50000,0.000000,24
4.900000,28.00000,-1.50000,0.000000,25
4.900000,29.00000,-1.50000,0.000000,26
4.900000,30.00000,-1.50000,0.000000,27
4.900000,31.00000,-1.50000,0.000000,28
4.900000,32.00000,-1.50000,0.000000,29
4.900000,33.00000,-1.50000,0.000000,30
5.000000,3.01098,0.13258,0.118166,0
5.000000,4.00000,0.25000,0.000000,1
5.000000,5.00000,0.25000,0.000000,2
5.000000,6.00000,0.25000,0.000000,3
5.000000,7.00000,0.25000,0.000000,4
5.000000,8.00000,0.25000,0.000000,5
5.000000,9.00000,0.25000,0.000000,6
5.000000,10.00000,0.25000,0.000000,7
5.000000,11.00000,0.25000,0.244979,8
5.000000,12.00000,0.50000,0.244979,9
5.000000,13.00000,0.75000,0.244979,10
5.000000,14.00000,1.00000,0.463648,11
5.000000,15.00000,1.50000,0.463648,12
5.000000,16.00000,2.00000,0.000000,13
5.000000,17.00000,2.00000,0.000000,14
5.000000,18.00000,2.00000,0.000000,15
5.000000,19.00000,2.00000,-0.244979,16
5.000000,20.00000,1.75000,-0.244979,17
5.000000,21.00000,1.50000,-0.463648,18
5.000000,22.00000,1.00000,-0.463648,19
5.000000,23.00000,0.50000,-0.463648,20
5.000000,24.00000,0.00000,-0.463648,21
5.000000,25.00000,-0.50000,-0.463648,22
5.000000,26.00000,-1.00000,-0.244979,23
5.000000,27.00000,-1.25000,-0.244979,24
5.000000,28.00000,-1.50000,0.000000,25
5.000000,29.00000,-1.50000,0.000000,26
5.000000,30.00000,-1.50000,0.000000,27
5.000000,31.00000,-1.50000,0.000000,28
5.000000,32.00000,-1.50000,0.000000,29
5.000000,33.00000,-1.50000,0.000000,30
5.100000,3.14229,0.15713,0.107858,0
5.100000,4.00000,0.25000,0.000000,1
5.100000,5.00000,0.25000,0.000000,2
5.100000,6.00000,0.25000,0.000000,3
5.100000,7.00000,0.25000,0.000000,4
5.100000,8.00000,0.25000,0.000000,5
5.100000,9.00000,0.25000,0.000000,6
5.100000,10.00000,0.25000,0.000000,7
5.100000,11.00000,0.25000,0.244979,8
5.100000,12.00000,0.50000,0.244979,9
5.100000,13.00000,0.75000,0.244979,10
5.100000,14.00000,1.00000,0.463648,11
5.100000,15.00000,1.50000,0.463648,12
5.100000,16.00000,2.00000,0.000000,13
5.100000,17.00000,2.00000,0.000000,14
5.100000,18.00000,2.00000,0.000000,15
5.100000,19.00000,2.00000,-0.244979,16
5.100000,20.00000,1.75000,-0.244979,17
5.100000,21.00000,1.50000,-0.463648,18
5.100000,22.00000,1.00000,-0.463648,19
5.100000,23.00000,0.50000,-0.463648,20
5.100000,24.00000,0.00000,-0.463648,21
5.100000,25.00000,-0.50000,-0.463648,22
5.100000,26.00000,-1.00000,-0.244979,23
5.100000,27.00000,-1.25000,-0.244979,24
5.100000,28.00000,-1.50000,0.000000,25
5.100000,29.00000,-1.50000,0.000000,26
5.100000,30.00000,-1.50000,0.000000,27
5.100000,31.00000,-1.50000,0.000000,28
5.100000,32.00000,-1.50000,0.000000,29
5.100000,33.00000,-1.50000,0.000000,30
5.200000,3.24084,0.13111,0.155341,0
5.200000,4.00000,0.25000,0.000000,1
5.200000,5.00000,0.25000,0.000000,2
5.200000,6.00000,0.25000,0.000000,3
5.200000,7.00000,0.25000,0.000000,4
5.200000,8.00000,0.25000,0.000000,5
5.200000,9.00000,0.25000,0.000000,6
5.200000,10.00000,0.25000,0.000000,7
5.200000,11.00000,0.25000,0.244979,8
5.200000,12.00000,0.50000,0.244979,9
5.200000,13.00000,0.75000,0.244979,10
5.200000,14.00000,1.00000,0.463648,11
5.200000,15.00000,1.50000,0.463648,12
5.200000,16.00000,2.00000,0.000000,13
5.200000,17.00000,2.00000,0.000000,14
5.200000,18.00000,2.00000,-0.244979,15
5.200000,19.00000,1.75000,-0.244979,16
5.200000,20.00000,1.50000,-0.244979,17
5.200000,21.00000,1.25000,-0.463648,18
5.200000,22.00000,0.75000,-0.463648,19
5.200000,23.00000,0.25000,-0.244979,20
5.200000,24.00000,0.00000,-0.463648,21
5.200000,25.00000,-0.50000,-0.463648,22
5.200000,26.00000,-1.00000,-0.244979,23
5.200000,27.00000,-1.25000,-0.244979,24
5.200000,28.00000,-1.50000,0.000000,25
5.200000,29.00000,-1.50000,0.000000,26
5.200000,30.00000,-1.50000,0.000000,27
5.200000,31.00000,-1.50000,0.000000,28
5.200000,32.00000,-1.50000,0.000000,29
5.200000,33.00000,-1.50000,0.000000,30
5.300000,3.40864,0.12058,0.118038,0
5.300000,4.50000,0.25000,0.000000,1
5.300000,5.50000,0.25000,0.000000,2
5.300000,6.50000,0.25000,0.000000,3
5.300000,7.50000,0.25000,0.000000,4
5.300000,8.50000,0.25000,0.000000,5
5.300000,9.50000,0.25000,0.000000,6
5.300000,10.50000,0.25000,0.244979,7
5.300000,11.50000,0.50000,0.244979,8
5.300000,12.50000,0.75000,0.244979,9
5.300000,13.50000,1.00000,0.463648,10
5.300000,14.50000,1.50000,0.463648,11
5.300000,15.50000,2.00000,0.000000,12
5.300000,16.50000,2.00000,0.000000,13
5.300000,17.50000,2.00000,0.000000,14
5.300000,18.50000,2.00000,-0.244979,15
5.300000,19.50000,1.75000,-0.244979,16
5.300000,20.50000,1.50000,-0.244979,17
5.300000,21.50000,1.25000,-0.463648,18
5.300000,22.50000,0.75000,-0.463648,19
5.300000,23.50000,0.25000,-0.463648,20
5.300000,24.50000,-0.25000,-0.463648,21
5.300000,25.50000,-0.75000,-0.463648,22
5.300000,26.50000,-1.25000,-0.244979,23
5.300000,27.50000,-1.50000,0.000000,24
5.300000,28.50000,-1.50000,0.000000,25
5.300000,29.50000,-1.50000,0.000000,26
5.300000,30.50000,-1.50000,0.000000,27
5.300000,31.50000,-1.50000,0.244979,28
5.300000,32.50000,-1.25000,0.000000,29
5.300000,33.50000,-1.25000,0.000000,30
5.400000,3.57766,0.15430,0.103386,0
5.400000,4.50000,0.25000,0.000000,1
5.400000,5.50000,0.25000,0.000000,2
5.400000,6.50000,0.25000,0.000000,3
5.400000,7.50000,0.25000,0.000000,4
5.400000,8.50000,0.25000,0.000000,5
5.400000,9.50000,0.25000,0.000000,6
5.400000,10.50000,0.25000,0.244979,7
5.400000,11.50000,0.50000,0.244979,8
5.400000,12.50000,0.75000,0.244979,9
5.400000,13.50000,1.00000,0.463648,10
5.400000,14.50000,1.50000,0.463648,11
5.400000,15.50000,2.00000,0.000000,12
5.400000,16.50000,2.00000,0.000000,13
5.400000,17.50000,2.00000,0.000000,14
5.400000,18.50000,2.00000,-0.244979,15
5.400000,19.50000,1.75000,-0.244979,16
5.400000,20.50000,1.50000,-0.244979,17
5.400000,21.50000,1.25000,-0.463648,18
5.400000,22.50000,0.75000,-0.463648,19
5.400000,23.50000,0.25000,-0.463648,20
5.400000,24.50000,-0.25000,-0.463648,21
5.400000,25.50000,-0.75000,-0.463648,22
5.400000,26.50000,-1.25000,-0.244979,23
5.400000,27.50000,-1.50000,0.000000,24
5.400000,28.50000,-1.50000,0.000000,25
5.400000,29.50000,-1.50000,0.000000,26
5.400000,30.50000,-1.50000,0.000000,27
5.400000,31.50000,-1.50000,0.244979,28
5.400000,32.50000,-1.25000,0.000000,29
5.400000,33.50000,-1.25000,0.000000,30
5.500000,3.77018,0.15659,0.075812,0
5.500000,5.00000,0.25000,0.000000,1
5.500000,6.00000,0.25000,0.000000,2
5.500000,7.00000,0.25000,0.000000,3
5.500000,8.00000,0.25000,0.000000,4
5.500000,9.00000,0.25000,0.000000,5
5.500000,10.00000,0.25000,0.000000,6
5.500000,11.00000,0.25000,0.244979,7
5.500000,12.00000,0.50000,0.244979,8
5.500000,13.00000,0.75000,0.244979,9
5.500000,14.00000,1.00000,0.463648,10
5.500000,15.00000,1.50000,0.463648,11
5.500000,16.00000,2.00000,0.000000,12
5.500000,17.00000,2.00000,0.000000,13
5.500000,18.00000,2.00000,0.000000,14
5.500000,19.00000,2.00000,-0.244979,15
5.500000,20.00000,1.75000,-0.244979,16
5.500000,21.00000,1.50000,-0.463648,17
5.500000,22.00000,1.00000,-0.463648,18
5.500000,23.00000,0.50000,-0.463648,19
5.500000,24.00000,0.00000,-0.463648,20
5.500000,25.00000,-0.50000,-0.463648,21
5.500000,26.00000,-1.00000,-0.244979,22
5.500000,27.00000,-1.25000,-0.244979,23
5.500000,28.00000,-1.50000,0.000000,24
5.500000,29.00000,-1.50000,0.000000,25
5.500000,30.00000,-1.50000,0.000000,26
5.500000,31.00000,-1.50000,0.000000,27
5.500000,32.00000,-1.50000,0.244979,28
5.500000,33.00000,-1.25000,0.000000,29
5.500000,34.00000,-1.25000,0.000000,30
5.600000,3.97677,0.14441,0.102827,0
5.600000,5.00000,0.25000,0.000000,1
5.600000,6.00000,0.25000,0.000000,2
5.600000,7.00000,0.25000,0.000000,3
5.600000,8.00000,0.25000,0.000000,4
5.600000,9.00000,0.25000,0.000000,5
5.600000,10.00000,0.25000,0.000000,6
5.600000,11.00000,0.25000,0.244979,7
5.600000,12.00000,0.50000,0.244979,8
5.600000,13.00000,0.75000,0.244979,9
5.600000,14.00000,1.00000,0.463648,10
5.600000,15.00000,1.50000,0.463648,11
5.600000,16.00000,2.00000,0.000000,12
5.600000,17.00000,2.00000,0.000000,13
5.600000,18.00000,2.00000,0.000000,14
5.600000,19.00000,2.00000,-0.244979,15
5.600000,20.00000,1.75000,-0.244979,16
5.600000,21.00000,1.50000,-0.463648,17
5.600000,22.00000,1.00000,-0.463648,18
5.600000,23.00000,0.50000,-0.463648,19
5.600000,24.00000,0.00000,-0.463648,20
5.600000,25.00000,-0.50000,-0.463648,21
5.600000,26.00000,-1.00000,-0.244979,22
5.600000,27.00000,-1.25000,-0.244979,23
5.600000,28.00000,-1.50000,0.000000,24
5.600000,29.00000,-1.50000,0.000000,25
5.600000,30.00000,-1.50000,0.000000,26
5.600000,31.00000,-1.50000,0.000000,27
5.600000,32.00000,-1.50000,0.244979,28
5.600000,33.00000,-1.25000,0.000000,29
5.600000,34.00000,-1.25000,0.000000,30
5.700000,4.16462,0.16894,0.096736,0
5.700000,5.00000,0.25000,0.000000,1
5.700000,6.00000,0.25000,0.000000,2
5.700000,7.00000,0.25000,0.000000,3
5.700000,8.00000,0.25000,0.000000,4
5.700000,9.00000,0.25000,0.000000,5
5.700000,10.00000,0.25000,0.000000,6
5.700000,11.00000,0.25000,0.244979,7
5.700000,12.00000,0.50000,0.244979,8
5.700000,13.00000,0.75000,0.244979,9
5.700000,14.00000,1.00000,0.463648,10
5.700000,15.00000,1.50000,0.463648,11
5.700000,16.00000,2.00000,0.000000,12
5.700000,17.00000,2.00000,0.000000,13
5.700000,18.00000,2.00000,-0.244979,14
5.700000,19.00000,1.75000,-0.244979,15
5.700000,20.00000,1.50000,-0.244979,16
5.700000,21.00000,1.25000,-0.463648,17
5.700000,22.00000,0.75000,-0.463648,18
5.700000,23.00000,0.25000,-0.463648,19
5.700000,24.00000,-0.25000,-0.463648,20
5.700000,25.00000,-0.75000,-0.463648,21
5.700000,26.00000,-1.25000,-0.244979,22
5.700000,27.00000,-1.50000,0.000000,23
5.700000,28.00000,-1.50000,0.000000,24
5.700000,29.00000,-1.50000,0.000000,25
5.700000,30.00000,-1.50000,0.000000,26
5.700000,31.00000,-1.50000,0.000000,27
5.700000,32.00000,-1.50000,0.244979,28
5.700000,33.00000,-1.25000,0.000000,29
5.700000,34.00000,-1.25000,0.000000,30
5.800000,4.28906,0.18169,0.056347,0
5.800000,5.50000,0.25000,0.000000,1
5.800000,6.50000,0.25000,0.000000,2
5.800000,7.50000,0.25000,0.000000,3
5.800000,8.50000,0.25000,0.000000,4
5.800000,9.50000,0.25000,0.000000,5
5.800000,10.50000,0.25000,0.244979,6
5.800000,11.50000,0.50000,0.244979,7
5.800000,12.50000,0.75000,0.244979,8
5.800000,13.50000,1.00000,0.463648,9
5.800000,14.50000,1.50000,0.463648,10
5.800000,15.50000,2.00000,0.000000,11
5.800000,16.50000,2.00000,0.000000,12
5.800000,17.50000,2.00000,0.000000,13
5.800000,18.50000,2.00000,0.000000,14
5.800000,19.50000,2.00000,-0.244979,15
5.800000,20.50000,1.75000,-0.463648,16
5.800000,21.50000,1.25000,-0.463648,17
5.800000,22.50000,0.75000,-0.463648,18
5.800000,23.50000,0.25000,-0.463648,19
5.800000,24.50000,-0.25000,-0.463648,20
5.800000,25.50000,-0.75000,-0.244979,21
5.800000,26.50000,-1.00000,-0.244979,22
5.800000,27.50000,-1.25000,0.000000,23
5.800000,28.50000,-1.25000,0.000000,24
5.800000,29.50000,-1.25000,0.000000,25
5.800000,30.50000,-1.25000,0.000000,26
5.800000,31.50000,-1.25000,0.244979,27
5.800000,32.50000,-1.00000,0.000000,28
5.800000,33.50000,-1.00000,0.000000,29
5.800000,34.50000,-1.00000,0.000000,30
5.900000,4.43589,0.15640,0.087735,0
5.900000,5.50000,0.25000,0.000000,1
5.900000,6.50000,0.25000,0.000000,2
5.900000,7.50000,0.25000,0.000000,3
5.900000,8.50000,0.25000,0.000000,4
5.900000,9.50000,0.25000,0.000000,5
5.900000,10.50000,0.25000,0.244979,6
5.900000,11.50000,0.50000,0.244979,7
5.900000,12.50000,0.75000,0.244979,8
5.900000,13.50000,1.00000,0.463648,9
5.900000,14.50000,1.50000,0.463648,10
5.900000,15.50000,2.00000,0.000000,11
5.900000,16.50000,2.00000,0.000000,12
5.900000,17.50000,2.00000,0.000000,13
5.900000,18.50000,2.00000,-0.244979,14
5.900000,19.50000,1.75000,-0.244979,15
5.900000,20.50000,1.50000,-0.463648,16
5.900000,21.50000,1.00000,-0.463648,17
5.900000,22.50000,0.50000,-0.463648,18
5.900000,23.50000,0.00000,-0.244979,19
5.900000,24.50000,-0.25000,-0.463648,20
5.900000,25.50000,-0.75000,-0.463648,21
5.900000,26.50000,-1.25000,-0.244979,22
5.900000,27.50000,-1.50000,0.000000,23
5.900000,28.50000,-1.50000,0.000000,24
5.900000,29.50000,-1.50000,0.000000,25
5.900000,30.50000,-1.50000,0.000000,26
5.900000,31.50000,-1.50000,0.244979,27
5.900000,32.50000,-1.25000,0.000000,28
5.900000,33.50000,-1.25000,0.000000,29
5.900000,34.50000,-1.25000,0.000000,30
6.000000,4.61575,0.16479,0.096070,0
6.000000,5.50000,0.25000,0.000000,1
6.000000,6.50000,0.25000,0.000000,2
6.000000,7.50000,0.25000,0.000000,3
6.000000,8.50000,0.25000,0.000000,4
6.000000,9.50000,0.25000,0.000000,5
6.000000,10.50000,0.25000,0.244979,6
6.000000,11.50000,0.50000,0.244979,7
6.000000,12.50000,0.75000,0.244979,8
6.000000,13.50000,1.00000,0.463648,9
6.000000,14.50000,1.50000,0.463648,10
6.000000,15.50000,2.00000,0.000000,11
6.000000,16.50000,2.00000,0.000000,12
6.000000,17.50000,2.00000,0.000000,13
6.000000,18.50000,2.00000,-0.244979,14
6.000000,19.50000,1.75000,-0.244979,15
6.000000,20.50000,1.50000,-0.463648,16
6.000000,21.50000,1.00000,-0.463648,17
6.000000,22.50000,0.50000,-0.463648,18
6.000000,23.50000,0.00000,-0.244979,19
6.000000,24.50000,-0.25000,-0.463648,20
6.000000,25.50000,-0.75000,-0.463648,21
6.000000,26.50000,-1.25000,-0.244979,22
6.000000,27.50000,-1.50000,0.000000,23
6.000000,28.50000,-1.50000,0.000000,24
6.000000,29.50000,-1.50000,0.000000,25
6.000000,30.50000,-1.50000,0.000000,26
6.000000,31.50000,-1.50000,0.244979,27
6.000000,32.50000,-1.25000,0.000000,28
6.000000,33.50000,-1.25000,0.000000,29
6.000000,34.50000,-1.25000,0.000000,30
6.100000,4.73617,0.16526,0.110489,0
6.100000,5.50000,0.25000,0.000000,1
6.100000,6.50000,0.25000,0.000000,2
6.100000,7.50000,0.25000,0.000000,3
6.100000,8.50000,0.25000,0.000000,4
6.100000,9.50000,0.25000,0.000000,5
6.100000,10.50000,0.25000,0.244979,6
6.100000,11.50000,0.50000,0.244979,7
6.100000,12.50000,0.75000,0.244979,8
6.100000,13.50000,1.00000,0.463648,9
6.100000,14.50000,1.50000,0.463648,10
6.100000,15.50000,2.00000,0.000000,11
6.100000,16.50000,2.00000,0.000000,12
6.100000,17.50000,2.00000,0.000000,13
6.100000,18.50000,2.00000,-0.244979,14
6.100000,19.50000,1.75000,-0.244979,15
6.100000,20.50000,1.50000,-0.244979,16
6.100000,21.50000,1.25000,-0.463648,17
6.100000,22.50000,0.75000,-0.463648,18
6.100000,23.50000,0.25000,-0.463648,19
6.100000,24.50000,-0.25000,-0.463648,20
6.100000,25.50000,-0.75000,-0.463648,21
6.100000,26.50000,-1.25000,-0.244979,22
6.100000,27.50000,-1.50000,0.000000,23
6.100000,28.50000,-1.50000,0.000000,24
6.100000,29.50000,-1.50000,0.000000,25
6.100000,30.50000,-1.50000,0.000000,26
6.100000,31.50000,-1.50000,0.244979,27
6.100000,32.50000,-1.25000,0.000000,28
6.100000,33.50000,-1.25000,0.000000,29
6.100000,34.50000,-1.25000,0.000000,30
6.200000,4.95637,0.16714,0.079228,0
6.200000,6.00000,0.25000,0.000000,1
6.200000,7.00000,0.25000,0.000000,2
6.200000,8.00000,0.25000,0.000000,3
6.200000,9.00000,0.25000,0.000000,4
6.200000,10.00000,0.25000,0.000000,5
6.200000,11.00000,0.25000,0.244979,6
6.200000,12.00000,0.50000,0.244979,7
6.200000,13.00000,0.75000,0.244979,8
6.200000,14.00000,1.00000,0.463648,9
6.200000,15.00000,1.50000,0.463648,10
6.200000,16.00000,2.00000,0.000000,11
6.200000,17.00000,2.00000,0.000000,12
6.200000,18.00000,2.00000,-0.244979,13
6.200000,19.00000,1.75000,-0.244979,14
6.200000,20.00000,1.50000,-0.244979,15
6.200000,21.00000,1.25000,-0.463648,16
6.200000,22.00000,0.75000,-0.463648,17
6.200000,23.00000,0.25000,-0.463648,18
6.200000,24.00000,-0.25000,-0.463648,19
6.200000,25.00000,-0.75000,-0.463648,20
6.200000,26.00000,-1.25000,-0.244979,21
6.200000,27.00000,-1.50000,0.000000,22
6.200000,28.00000,-1.50000,0.000000,23
6.200000,29.00000,-1.50000,0.000000,24
6.200000,30.00000,-1.50000,0.000000,25
6.200000,31.00000,-1.50000,0.244979,26
6.200000,32.00000,-1.25000,0.244979,27
6.200000,33.00000,-1.00000,0.000000,28
6.200000,34.00000,-1.00000,0.000000,29
6.200000,35.00000,-1.00000,0.000000,30
6.300000,5.05950,0.18222,0.071947,0
6.300000,6.00000,0.25000,0.000000,1
6.300000,7.00000,0.25000,0.000000,2
6.300000,8.00000,0.25000,0.000000,3
6.300000,9.00000,0.25000,0.000000,4
6.300000,10.00000,0.25000,0.000000,5
6.300000,11.00000,0.25000,0.244979,6
6.300000,12.00000,0.50000,0.244979,7
6.300000,13.00000,0.75000,0.244979,8
6.300000,14.00000,1.00000,0.463648,9
6.300000,15.00000,1.50000,0.463648,10
6.300000,16.00000,2.00000,0.000000,11
6.300000,17.00000,2.00000,0.000000,12
6.300000,18.00000,2.00000,0.000000,13
6.300000,19.00000,2.00000,-0.244979,14
6.300000,20.00000,1.75000,-0.244979,15
6.300000,21.00000,1.50000,-0.463648,16
6.300000,22.00000,1.00000,-0.463648,17
6.300000,23.00000,0.50000,-0.463648,18
6.300000,24.00000,0.00000,-0.463648,19
6.300000,25.00000,-0.50000,-0.463648,20
6.300000,26.00000,-1.00000,-0.244979,21
6.300000,27.00000,-1.25000,-0.244979,22
6.300000,28.00000,-1.50000,0.000000,23
6.300000,29.00000,-1.50000,0.000000,24
6.300000,30.00000,-1.50000,0.000000,25
6.300000,31.00000,-1.50000,0.244979,26
6.300000,32.00000,-1.25000,0.244979,27
6.300000,33.00000,-1.00000,0.000000,28
6.300000,34.00000,-1.00000,0.000000,29
6.300000,35.00000,-1.00000,0.000000,30
6.400000,5.24875,0.20024,0.066143,0
6.400000,6.00000,0.25000,0.000000,1
6.400000,7.00000,0.25000,0.000000,2
6.400000,8.00000,0.25000,0.000000,3
6.400000,9.00000,0.25000,0.000000,4
6.400000,10.00000,0.25000,0.000000,5
6.400000,11.00000,0.25000,0.244979,6
6.400000,12.00000,0.50000,0.244979,7
6.400000,13.00000,0.75000,0.244979,8
6.400000,14.00000,1.00000,0.463648,9
6.400000,15.00000,1.50000,0.463648,10
6.400000,16.00000,2.00000,0.000000,11
6.400000,17.00000,2.00000,0.000000,12
6.400000,18.00000,2.00000,0.000000,13
6.400000,19.00000,2.00000,-0.244979,14
6.400000,20.00000,1.75000,-0.244979,15
6.400000,21.00000,1.50000,-0.463648,16
6.400000,22.00000,1.00000,-0.463648,17
6.400000,23.00000,0.50000,-0.463648,18
6.400000,24.00000,0.00000,-0.463648,19
6.400000,25.00000,-0.50000,-0.463648,20
6.400000,26.00000,-1.00000,-0.244979,21
6.400000,27.00000,-1.25000,-0.244979,22
6.400000,28.00000,-1.50000,0.000000,23
6.400000,29.00000,-1.50000,0.000000,24
6.400000,30.00000,-1.50000,0.000000,25
6.400000,31.00000,-1.50000,0.244979,26
6.400000,32.00000,-1.25000,0.244979,27
6.400000,33.00000,-1.00000,0.000000,28
6.400000,34.00000,-1.00000,0.000000,29
6.400000,35.00000,-1.00000,0.000000,30
6.500000,5.41203,0.17416,0.069599,0
6.500000,6.50000,0.25000,0.000000,1
6.500000,7.50000,0.25000,0.000000,2
6.500000,8.50000,0.25000,0.000000,3
6.500000,9.50000,0.25000,0.000000,4
6.500000,10.50000,0.25000,0.244979,5
6.500000,11.50000,0.50000,0.244979,6
6.500000,12.50000,0.75000,0.244979,7
6.500000,13.50000,1.00000,0.463648,8
6.500000,14.50000,1.50000,0.463648,9
6.500000,15.50000,2.00000,0.000000,10
6.500000,16.50000,2.00000,0.000000,11
6.500000,17.50000,2.00000,0.000000,12
6.500000,18.50000,2.00000,-0.244979,13
6.500000,19.50000,1.75000,-0.244979,14
6.500000,20.50000,1.50000,-0.244979,15
6.500000,21.50000,1.25000,-0.463648,16
6.500000,22.50000,0.75000,-0.463648,17
6.500000,23.50000,0.25000,-0.463648,18
6.500000,24.50000,-0.25000,-0.463648,19
6.500000,25.50000,-0.75000,-0.463648,20
6.500000,26.50000,-1.25000,-0.244979,21
6.500000,27.50000,-1.50000,0.000000,22
6.500000,28.50000,-1.50000,0.000000,23
6.500000,29.50000,-1.50000,0.000000,24
6.500000,30.50000,-1.50000,0.000000,25
6.500000,31.50000,-1.50000,0.244979,26
6.500000,32.50000,-1.25000,0.244979,27
6.500000,33.50000,-1.00000,0.000000,28
6.500000,34.50000,-1.00000,0.000000,29
6.500000,35.50000,-1.00000,0.000000,30
6.600000,5.58089,0.17228,0.084365,0
6.600000,6.50000,0.25000,0.000000,1
6.600000,7.50000,0.25000,0.000000,2
6.600000,8.50000,0.25000,0.000000,3
6.600000,9.50000,0.25000,0.000000,4
6.600000,10.50000,0.25000,0.244979,5
6.600000,11.50000,0.50000,0.244979,6
6.600000,12.50000,0.75000,0.244979,7
6.600000,13.50000,1.00000,0.463648,8
6.600000,14.50000,1.50000,0.463648,9
6.600000,15.50000,2.00000,0.000000,10
6.600000,16.50000,2.00000,0.000000,11
6.600000,17.50000,2.00000,0.000000,12
6.600000,18.50000,2.00000,-0.244979,13
6.600000,19.50000,1.75000,-0.244979,14
6.600000,20.50000,1.50000,-0.244979,15
6.600000,21.50000,1.25000,-0.463648,16
6.600000,22.50000,0.75000,-0.463648,17
6.600000,23.50000,0.25000,-0.463648,18
6.600000,24.50000,-0.25000,-0.463648,19
6.600000,25.50000,-0.75000,-0.463648,20
6.600000,26.50000,-1.25000,-0.244979,21
6.600000,27.50000,-1.50000,0.000000,22
6.600000,28.50000,-1.50000,0.000000,23
6.600000,29.50000,-1.50000,0.000000,24
6.600000,30.50000,-1.50000,0.000000,25
6.600000,31.50000,-1.50000,0.244979,26
6.600000,32.50000,-1.25000,0.244979,27
6.600000,33.50000,-1.00000,0.000000,28
6.600000,34.50000,-1.00000,0.000000,29
6.600000,35.50000,-1.00000,0.000000,30
6.700000,5.73503,0.17523,0.097427,0
6.700000,6.50000,0.25000,0.000000,1
6.700000,7.50000,0.25000,0.000000,2
6.700000,8.50000,0.25000,0.000000,3
6.700000,9.50000,0.25000,0.000000,4
6.700000,10.50000,0.25000,0.244979,5
6.700000,11.50000,0.50000,0.244979,6
6.700000,12.50000,0.75000,0.244979,7
6.700000,13.50000,1.00000,0.463648,8
6.700000,14.50000,1.50000,0.463648,9
6.700000,15.50000,2.00000,0.000000,10
6.700000,16.50000,2.00000,0.000000,11
6.700000,17.50000,2.00000,0.000000,12
6.700000,18.50000,2.00000,-0.244979,13
6.700000,19.50000,1.75000,-0.244979,14
6.700000,20.50000,1.50000,-0.244979,15
6.700000,21.50000,1.25000,-0.463648,16
6.700000,22.50000,0.75000,-0.463648,17
6.700000,23.50000,0.25000,-0.463648,18
6.700000,24.50000,-0.25000,-0.463648,19
6.700000,25.50000,-0.75000,-0.463648,20
6.700000,26.50000,-1.25000,-0.244979,21
6.700000,27.50000,-1.50000,0.000000,22
6.700000,28.50000,-1.50000,0.000000,23
6.700000,29.50000,-1.50000,0.000000,24
6.700000,30.50000,-1.50000,0.000000,25
6.700000,31.50000,-1.50000,0.244979,26
6.700000,32.50000,-1.25000,0.244979,27
6.700000,33.50000,-1.00000,0.000000,28
6.700000,34.50000,-1.00000,0.000000,29
6.700000,35.50000,-1.00000,0.000000,30
6.800000,5.85658,0.16140,0.077329,0
6.800000,7.00000,0.25000,0.000000,1
6.800000,8.00000,0.25000,0.000000,2
6.800000,9.00000,0.25000,0.000000,3
6.800000,10.00000,0.25000,0.000000,4
6.800000,11.00000,0.25000,0.244979,5
6.800000,12.00000,0.50000,0.244979,6
6.800000,13.00000,0.75000,0.244979,7
6.800000,14.00000,1.00000,0.463648,8
6.800000,15.00000,1.50000,0.463648,9
6.800000,16.00000,2.00000,0.000000,10
6.800000,17.00000,2.00000,0.000000,11
6.800000,18.00000,2.00000,-0.244979,12
6.800000,19.00000,1.75000,-0.244979,13
6.800000,20.00000,1.50000,-0.244979,14
6.800000,21.00000,1.25000,-0.463648,15
6.800000,22.00000,0.75000,-0.463648,16
6.800000,23.00000,0.25000,-0.463648,17
6.800000,24.00000,-0.25000,-0.463648,18
6.800000,25.00000,-0.75000,-0.463648,19
6.800000,26.00000,-1.25000,-0.244979,20
6.800000,27.00000,-1.50000,0.000000,21
6.800000,28.00000,-1.50000,0.000000,22
6.800000,29.00000,-1.50000,0.000000,23
6.800000,30.00000,-1.50000,0.000000,24
6.800000,31.00000,-1.50000,0.244979,25
6.800000,32.00000,-1.25000,0.244979,26
6.800000,33.00000,-1.00000,0.244979,27
6.800000,34.00000,-0.75000,0.000000,28
6.800000,35.00000,-0.75000,0.000000,29
6.800000,36.00000,-0.75000,0.000000,30
6.900000,6.09081,0.14092,0.119401,0
6.900000,7.00000,0.25000,0.000000,1
6.900000,8.00000,0.25000,0.000000,2
6.900000,9.00000,0.25000,0.000000,3
6.900000,10.00000,0.25000,0.000000,4
6.900000,11.00000,0.25000,0.244979,5
6.900000,12.00000,0.50000,0.244979,6
6.900000,13.00000,0.75000,0.244979,7
6.900000,14.00000,1.00000,0.463648,8
6.900000,15.00000,1.50000,0.463648,9
6.900000,16.00000,2.00000,0.000000,10
6.900000,17.00000,2.00000,0.000000,11
6.900000,18.00000,2.00000,-0.244979,12
6.900000,19.00000,1.75000,-0.244979,13
6.900000,20.00000,1.50000,-0.244979,14
6.900000,21.00000,1.25000,-0.463648,15
6.900000,22.00000,0.75000,-0.463648,16
6.900000,23.00000,0.25000,-0.463648,17
6.900000,24.00000,-0.25000,-0.463648,18
6.900000,25.00000,-0.75000,-0.463648,19
6.900000,26.00000,-1.25000,-0.244979,20
6.900000,27.00000,-1.50000,0.000000,21
6.900000,28.00000,-1.50000,0.000000,22
6.900000,29.00000,-1.50000,0.000000,23
6.900000,30.00000,-1.50000,0.000000,24
6.900000,31.00000,-1.50000,0.244979,25
6.900000,32.00000,-1.25000,0.244979,26
6.900000,33.00000,-1.00000,0.244979,27
6.900000,34.00000,-0.75000,0.000000,28
6.900000,35.00000,-0.75000,0.000000,29
6.900000,36.00000,-0.75000,0.000000,30
7.002000,6.33215,0.16027,0.076683,0
7.002000,7.50000,0.25000,0.000000,1
7.002000,8.50000,0.25000,0.000000,2
7.002000,9.50000,0.25000,0.000000,3
7.002000,10.50000,0.25000,0.244979,4
7.002000,11.50000,0.50000,0.244979,5
7.002000,12.50000,0.75000,0.244979,6
7.002000,13.50000,1.00000,0.463648,7
7.002000,14.50000,1.50000,0.463648,8
7.002000,15.50000,2.00000,0.000000,9
7.002000,16.50000,2.00000,0.000000,10
7.002000,17.50000,2.00000,0.000000,11
7.002000,18.50000,2.00000,-0.244979,12
7.002000,19.50000,1.75000,-0.244979,13
7.002000,20.50000,1.50000,-0.244979,14
7.002000,21.50000,1.25000,-0.463648,15
7.002000,22.50000,0.75000,-0.463648,16
7.002000,23.50000,0.25000,-0.463648,17
7.002000,24.50000,-0.25000,-0.463648,18
7.002000,25.50000,-0.75000,-0.463648,19
7.002000,26.50000,-1.25000,0.000000,20
7.002000,27.50000,-1.25000,0.000000,21
7.002000,28.50000,-1.25000,0.000000,22
7.002000,29.50000,-1.25000,0.000000,23
7.002000,30.50000,-1.25000,0.000000,24
7.002000,31.50000,-1.25000,0.244979,25
7.002000,32.50000,-1.00000,0.244979,26
7.002000,33.50000,-0.75000,0.000000,27
7.002000,34.50000,-0.75000,0.000000,28
7.002000,35.50000,-0.75000,0.000000,29
7.002000,36.50000,-0.75000,0.000000,30
7.100000,6.43839,0.19680,0.050070,0
7.100000,7.50000,0.25000,0.000000,1
7.100000,8.50000,0.25000,0.000000,2
7.100000,9.50000,0.25000,0.000000,3
7.100000,10.50000,0.25000,0.244979,4
7.100000,11.50000,0.50000,0.244979,5
7.100000,12.50000,0.75000,0.244979,6
7.100000,13.50000,1.00000,0.463648,7
7.100000,14.50000,1.50000,0.463648,8
7.100000,15.50000,2.00000,0.000000,9
7.100000,16.50000,2.00000,0.000000,10
7.100000,17.50000,2.00000,0.000000,11
7.100000,18.50000,2.00000,-0.244979,12
7.100000,19.50000,1.75000,-0.244979,13
7.100000,20.50000,1.50000,-0.244979,14
7.100000,21.50000,1.25000,-0.463648,15
7.100000,22.50000,0.75000,-0.463648,16
7.100000,23.50000,0.25000,-0.463648,17
7.100000,24.50000,-0.25000,-0.463648,18
7.100000,25.50000,-0.75000,-0.463648,19
7.100000,26.50000,-1.25000,-0.244979,20
7.100000,27.50000,-1.50000,0.000000,21
7.100000,28.50000,-1.50000,0.000000,22
7.100000,29.50000,-1.50000,0.000000,23
7.100000,30.50000,-1.50000,0.000000,24
7.100000,31.50000,-1.50000,0.463648,25
7.100000,32.50000,-1.00000,0.244979,26
7.100000,33.50000,-0.75000,0.000000,27
7.100000,34.50000,-0.75000,0.000000,28
7.100000,35.50000,-0.75000,0.000000,29
7.100000,36.50000,-0.75000,0.000000,30
7.200000,6.59249,0.17925,0.077806,0
7.200000,7.50000,0.25000,0.000000,1
7.200000,8.50000,0.25000,0.000000,2
7.200000,9.50000,0.25000,0.000000,3
7.200000,10.50000,0.25000,0.244979,4
7.200000,11.50000,0.50000,0.244979,5
7.200000,12.50000,0.75000,0.244979,6
7.200000,13.50000,1.00000,0.463648,7
7.200000,14.50000,1.50000,0.463648,8
7.200000,15.50000,2.00000,0.000000,9
7.200000,16.50000,2.00000,0.000000,10
7.200000,17.50000,2.00000,0.000000,11
7.200000,18.50000,2.00000,-0.244979,12
7.200000,19.50000,1.75000,-0.244979,13
7.200000,20.50000,1.50000,-0.244979,14
7.200000,21.50000,1.25000,-0.463648,15
7.200000,22.50000,0.75000,-0.463648,16
7.200000,23.50000,0.25000,-0.463648,17
7.200000,24.50000,-0.25000,-0.463648,18
7.200000,25.50000,-0.75000,-0.463648,19
7.200000,26.50000,-1.25000,0.000000,20
7.200000,27.50000,-1.25000,0.000000,21
7.200000,28.50000,-1.25000,0.000000,22
7.200000,29.50000,-1.25000,0.000000,23
7.200000,30.50000,-1.25000,0.000000,24
7.200000,31.50000,-1.25000,0.244979,25
7.200000,32.50000,-1.00000,0.244979,26
7.200000,33.50000,-0.75000,0.000000,27
7.200000,34.50000,-0.75000,0.000000,28
7.200000,35.50000,-0.75000,0.000000,29
7.200000,36.50000,-0.75000,0.000000,30
7.300000,6.76242,0.17569,0.059976,0
7.300000,8.00000,0.25000,0.000000,1
7.300000,9.00000,0.25000,0.000000,2
7.300000,10.00000,0.25000,0.000000,3
7.300000,11.00000,0.25000,0.244979,4
7.300000,12.00000,0.50000,0.244979,5
7.300000,13.00000,0.75000,0.244979,6
7.300000,14.00000,1.00000,0.463648,7
7.300000,15.00000,1.50000,0.463648,8
7.300000,16.00000,2.00000,0.000000,9
7.300000,17.00000,2.00000,0.000000,10
7.300000,18.00000,2.00000,-0.244979,11
7.300000,19.00000,1.75000,0.000000,12
7.300000,20.00000,1.75000,-0.244979,13
7.300000,21.00000,1.50000,-0.463648,14
7.300000,22.00000,1.00000,-0.463648,15
7.300000,23.00000,0.50000,-0.463648,16
7.300000,24.00000,0.00000,-0.463648,17
7.300000,25.00000,-0.50000,-0.463648,18
7.300000,26.00000,-1.00000,-0.244979,19
7.300000,27.00000,-1.25000,-0.244979,20
7.300000,28.00000,-1.50000,0.000000,21
7.300000,29.00000,-1.50000,0.000000,22
7.300000,30.00000,-1.50000,0.000000,23
7.300000,31.00000,-1.50000,0.244979,24
7.300000,32.00000,-1.25000,0.244979,25
7.300000,33.00000,-1.00000,0.244979,26
7.300000,34.00000,-0.75000,0.000000,27
7.300000,35.00000,-0.75000,0.000000,28
7.300000,36.00000,-0.75000,0.000000,29
7.300000,37.00000,-0.75000,0.000000,30
7.400000,6.86818,0.16771,0.072580,0
7.400000,8.00000,0.25000,0.000000,1
7.400000,9.00000,0.25000,0.000000,2
7.400000,10.00000,0.25000,0.000000,3
7.400000,11.00000,0.25000,0.244979,4
7.400000,12.00000,0.50000,0.244979,5
7.400000,13.00000,0.75000,0.244979,6
7.400000,14.00000,1.00000,0.463648,7
7.400000,15.00000,1.50000,0.463648,8
7.400000,16.00000,2.00000,0.000000,9
7.400000,17.00000,2.00000,0.000000,10
7.400000,18.00000,2.00000,0.000000,11
7.400000,19.00000,2.00000,-0.244979,12
7.400000,20.00000,1.75000,-0.244979,13
7.400000,21.00000,1.50000,-0.463648,14
7.400000,22.00000,1.00000,-0.463648,15
7.400000,23.00000,0.50000,-0.463648,16
7.400000,24.00000,0.00000,-0.463648,17
7.400000,25.00000,-0.50000,-0.463648,18
7.400000,26.00000,-1.00000,-0.244979,19
7.400000,27.00000,-1.25000,-0.244979,20
7.400000,28.00000,-1.50000,0.000000,21
7.400000,29.00000,-1.50000,0.000000,22
7.400000,30.00000,-1.50000,0.000000,23
7.400000,31.00000,-1.50000,0.244979,24
7.400000,32.00000,-1.25000,0.244979,25
7.400000,33.00000,-1.00000,0.244979,26
7.400000,34.00000,-0.75000,0.000000,27
7.400000,35.00000,-0.75000,0.000000,28
7.400000,36.00000,-0.75000,0.000000,29
7.400000,37.00000,-0.75000,0.000000,30
7.500000,6.99554,0.16160,0.087778,0
7.500000,8.00000,0.25000,0.000000,1
7.500000,9.00000,0.25000,0.000000,2
7.500000,10.00000,0.25000,0.000000,3
7.500000,11.00000,0.25000,0.244979,4
7.500000,12.00000,0.50000,0.244979,5
7.500000,13.00000,0.75000,0.244979,6
7.500000,14.00000,1.00000,0.463648,7
7.500000,15.00000,1.50000,0.463648,8
7.500000,16.00000,2.00000,0.000000,9
7.500000,17.00000,2.00000,0.000000,10
7.500000,18.00000,2.00000,-0.244979,11
7.500000,19.00000,1.75000,0.000000,12
7.500000,20.00000,1.75000,-0.244979,13
7.500000,21.00000,1.50000,-0.463648,14
7.500000,22.00000,1.00000,-0.463648,15
7.500000,23.00000,0.50000,-0.463648,16
7.500000,24.00000,0.00000,-0.463648,17
7.500000,25.00000,-0.50000,-0.463648,18
7.500000,26.00000,-1.00000,-0.244979,19
7.500000,27.00000,-1.25000,-0.244979,20
7.500000,28.00000,-1.50000,0.000000,21
7.500000,29.00000,-1.50000,0.000000,22
7.500000,30.00000,-1.50000,0.000000,23
7.500000,31.00000,-1.50000,0.244979,24
7.500000,32.00000,-1.25000,0.244979,25
7.500000,33.00000,-1.00000,0.244979,26
7.500000,34.00000,-0.75000,0.000000,27
7.500000,35.00000,-0.75000,0.000000,28
7.500000,36.00000,-0.75000,0.000000,29
7.500000,37.00000,-0.75000,0.000000,30
7.604000,7.09559,0.16228,0.096690,0
7.604000,8.00000,0.25000,0.000000,1
7.604000,9.00000,0.25000,0.000000,2
7.604000,10.00000,0.25000,0.000000,3
7.604000,11.00000,0.25000,0.244979,4
7.604000,12.00000,0.50000,0.244979,5
7.604000,13.00000,0.75000,0.244979,6
7.604000,14.00000,1.00000,0.463648,7
7.604000,15.00000,1.50000,0.463648,8
7.604000,16.00000,2.00000,0.000000,9
7.604000,17.00000,2.00000,0.000000,10
7.604000,18.00000,2.00000,0.000000,11
7.604000,19.00000,2.00000,-0.244979,12
7.604000,20.00000,1.75000,-0.244979,13
7.604000,21.00000,1.50000,-0.463648,14
7.604000,22.00000,1.00000,-0.463648,15
7.604000,23.00000,0.50000,-0.463648,16
7.604000,24.00000,0.00000,-0.463648,17
7.604000,25.00000,-0.50000,-0.463648,18
7.604000,26.00000,-1.00000,-0.244979,19
7.604000,27.00000,-1.25000,-0.244979,20
7.604000,28.00000,-1.50000,0.000000,21
7.604000,29.00000,-1.50000,0.000000,22
7.604000,30.00000,-1.50000,0.000000,23
7.604000,31.00000,-1.50000,0.244979,24
7.604000,32.00000,-1.25000,0.244979,25
7.604000,33.00000,-1.00000,0.244979,26
7.604000,34.00000,-0.75000,0.000000,27
7.604000,35.00000,-0.75000,0.000000,28
7.604000,36.00000,-0.75000,0.000000,29
7.604000,37.00000,-0.75000,0.000000,30
7.700000,7.25112,0.14631,0.082832,0
7.700000,8.50000,0.25000,0.000000,1
7.700000,9.50000,0.25000,0.000000,2
7.700000,10.50000,0.25000,0.244979,3
7.700000,11.50000,0.50000,0.244979,4
7.700000,12.50000,0.75000,0.244979,5
7.700000,13.50000,1.00000,0.463648,6
7.700000,14.50000,1.50000,0.463648,7
7.700000,15.50000,2.00000,0.000000,8
7.700000,16.50000,2.00000,0.000000,9
7.700000,17.50000,2.00000,0.000000,10
7.700000,18.50000,2.00000,-0.244979,11
7.700000,19.50000,1.75000,-0.244979,12
7.700000,20.50000,1.50000,-0.244979,13
7.700000,21.50000,1.25000,-0.463648,14
7.700000,22.50000,0.75000,-0.463648,15
7.700000,23.50000,0.25000,-0.463648,16
7.700000,24.50000,-0.25000,-0.463648,17
7.700000,25.50000,-0.75000,-0.463648,18
7.700000,26.50000,-1.25000,-0.244979,19
7.700000,27.50000,-1.50000,0.000000,20
7.700000,28.50000,-1.50000,0.000000,21
7.700000,29.50000,-1.50000,0.000000,22
7.700000,30.50000,-1.50000,0.000000,23
7.700000,31.50000,-1.50000,0.463648,24
7.700000,32.50000,-1.00000,0.244979,25
7.700000,33.50000,-0.75000,0.244979,26
7.700000,34.50000,-0.50000,0.000000,27
7.700000,35.50000,-0.50000,0.000000,28
7.700000,36.50000,-0.50000,0.000000,29
7.700000,37.50000,-0.50000,0.000000,30
7.802000,7.36709,0.16872,0.071625,0
7.802000,8.50000,0.25000,0.000000,1
7.802000,9.50000,0.25000,0.000000,2
7.802000,10.50000,0.25000,0.244979,3
7.802000,11.50000,0.50000,0.244979,4
7.802000,12.50000,0.75000,0.244979,5
7.802000,13.50000,1.00000,0.463648,6
7.802000,14.50000,1.50000,0.463648,7
7.802000,15.50000,2.00000,0.000000,8
7.802000,16.50000,2.00000,0.000000,9
7.802000,17.50000,2.00000,0.000000,10
7.802000,18.50000,2.00000,-0.244979,11
7.802000,19.50000,1.75000,-0.244979,12
7.802000,20.50000,1.50000,-0.244979,13
7.802000,21.50000,1.25000,-0.463648,14
7.802000,22.50000,0.75000,-0.463648,15
7.802000,23.50000,0.25000,-0.463648,16
7.802000,24.50000,-0.25000,-0.463648,17
7.802000,25.50000,-0.75000,-0.463648,18
7.802000,26.50000,-1.25000,-0.244979,19
7.802000,27.50000,-1.50000,0.000000,20
7.802000,28.50000,-1.50000,0.000000,21
7.802000,29.50000,-1.50000,0.000000,22
7.802000,30.50000,-1.50000,0.000000,23
7.802000,31.50000,-1.50000,0.463648,24
7.802000,32.50000,-1.00000,0.244979,25
7.802000,33.50000,-0.75000,0.244979,26
7.802000,34.50000,-0.50000,0.000000,27
7.802000,35.50000,-0.50000,0.000000,28
7.802000,36.50000,-0.50000,0.000000,29
7.802000,37.50000,-0.50000,0.000000,30
7.900000,7.50876,0.14480,0.105730,0
7.900000,8.50000,0.25000,0.000000,1
7.900000,9.50000,0.25000,0.000000,2
7.900000,10.50000,0.25000,0.244979,3
7.900000,11.50000,0.50000,0.244979,4
7.900000,12.50000,0.75000,0.244979,5
7.900000,13.50000,1.00000,0.463648,6
7.900000,14.50000,1.50000,0.463648,7
7.900000,15.50000,2.00000,0.000000,8
7.900000,16.50000,2.00000,0.000000,9
7.900000,17.50000,2.00000,0.000000,10
7.900000,18.50000,2.00000,-0.244979,11
7.900000,19.50000,1.75000,-0.244979,12
7.900000,20.50000,1.50000,-0.244979,13
7.900000,21.50000,1.25000,-0.463648,14
7.900000,22.50000,0.75000,-0.463648,15
7.900000,23.50000,0.25000,-0.463648,16
7.900000,24.50000,-0.25000,-0.463648,17
7.900000,25.50000,-0.75000,-0.463648,18
7.900000,26.50000,-1.25000,-0.244979,19
7.900000,27.50000,-1.50000,0.000000,20
7.900000,28.50000,-1.50000,0.000000,21
7.900000,29.50000,-1.50000,0.000000,22
7.900000,30.50000,-1.50000,0.000000,23
7.900000,31.50000,-1.50000,0.463648,24
7.900000,32.50000,-1.00000,0.244979,25
7.900000,33.50000,-0.75000,0.244979,26
7.900000,34.50000,-0.50000,0.000000,27
7.900000,35.50000,-0.50000,0.000000,28
7.900000,36.50000,-0.50000,0.000000,29
7.900000,37.50000,-0.50000,0.000000,30
8.000000,7.65353,0.17209,0.091784,0
8.000000,8.50000,0.25000,0.000000,1
8.000000,9.50000,0.25000,0.000000,2
8.000000,10.50000,0.25000,0.244979,3
8.000000,11.50000,0.50000,0.244979,4
8.000000,12.50000,0.75000,0.244979,5
8.000000,13.50000,1.00000,0.463648,6
8.000000,14.50000,1.50000,0.463648,7
8.000000,15.50000,2.00000,0.000000,8
8.000000,16.50000,2.00000,0.000000,9
8.000000,17.50000,2.00000,0.000000,10
8.000000,18.50000,2.00000,-0.244979,11
8.000000,19.50000,1.75000,-0.244979,12
8.000000,20.50000,1.50000,-0.244979,13
8.000000,21.50000,1.25000,-0.463648,14
8.000000,22.50000,0.75000,-0.463648,15
8.000000,23.50000,0.25000,-0.463648,16
8.000000,24.50000,-0.25000,-0.463648,17
8.000000,25.50000,-0.75000,-0.463648,18
8.000000,26.50000,-1.25000,-0.244979,19
8.000000,27.50000,-1.50000,0.000000,20
8.000000,28.50000,-1.50000,0.000000,21
8.000000,29.50000,-1.50000,0.000000,22
8.000000,30.50000,-1.50000,0.000000,23
8.000000,31.50000,-1.50000,0.463648,24
8.000000,32.50000,-1.00000,0.244979,25
8.000000,33.50000,-0.75000,0.244979,26
8.000000,34.50000,-0.50000,0.000000,27
8.000000,35.50000,-0.50000,0.000000,28
8.000000,36.50000,-0.50000,0.000000,29
8.000000,37.50000,-0.50000,0.000000,30
8.100000,7.76202,0.15256,0.078551,0
8.100000,9.00000,0.25000,0.000000,1
8.100000,10.00000,0.25000,0.000000,2
8.100000,11.00000,0.25000,0.244979,3
8.100000,12.00000,0.50000,0.244979,4
8.100000,13.00000,0.75000,0.244979,5
8.100000,14.00000,1.00000,0.463648,6
8.100000,15.00000,1.50000,0.463648,7
8.100000,16.00000,2.00000,0.000000,8
8.100000,17.00000,2.00000,0.000000,9
8.100000,18.00000,2.00000,0.000000,10
8.100000,19.00000,2.00000,-0.244979,11
8.100000,20.00000,1.75000,-0.244979,12
8.100000,21.00000,1.50000,-0.463648,13
8.100000,22.00000,1.00000,-0.463648,14
8.100000,23.00000,0.50000,-0.463648,15
8.100000,24.00000,0.00000,-0.463648,16
8.100000,25.00000,-0.50000,-0.463648,17
8.100000,26.00000,-1.00000,-0.244979,18
8.100000,27.00000,-1.25000,-0.244979,19
8.100000,28.00000,-1.50000,0.000000,20
8.100000,29.00000,-1.50000,0.000000,21
8.100000,30.00000,-1.50000,0.000000,22
8.100000,31.00000,-1.50000,0.244979,23
8.100000,32.00000,-1.25000,0.244979,24
8.100000,33.00000,-1.00000,0.244979,25
8.100000,34.00000,-0.75000,0.244979,26
8.100000,35.00000,-0.50000,0.000000,27
8.100000,36.00000,-0.50000,0.000000,28
8.100000,37.00000,-0.50000,0.000000,29
8.100000,38.00000,-0.50000,0.000000,30
8.200000,7.84981,0.16272,0.075740,0
8.200000,9.00000,0.25000,0.000000,1
8.200000,10.00000,0.25000,0.000000,2
8.200000,11.00000,0.25000,0.244979,3
8.200000,12.00000,0.50000,0.244979,4
8.200000,13.00000,0.75000,0.244979,5
8.200000,14.00000,1.00000,0.463648,6
8.200000,15.00000,1.50000,0.463648,7
8.200000,16.00000,2.00000,0.000000,8
8.200000,17.00000,2.00000,0.000000,9
8.200000,18.00000,2.00000,0.000000,10
8.200000,19.00000,2.00000,-0.244979,11
8.200000,20.00000,1.75000,-0.244979,12
8.200000,21.00000,1.50000,-0.463648,13
8.200000,22.00000,1.00000,-0.463648,14
8.200000,23.00000,0.50000,-0.463648,15
8.200000,24.00000,0.00000,-0.463648,16
8.200000,25.00000,-0.50000,-0.463648,17
8.200000,26.00000,-1.00000,-0.244979,18
8.200000,27.00000,-1.25000,0.000000,19
8.200000,28.00000,-1.25000,0.000000,20
8.200000,29.00000,-1.25000,0.000000,21
8.200000,30.00000,-1.25000,0.000000,22
8.200000,31.00000,-1.25000,0.244979,23
8.200000,32.00000,-1.00000,0.244979,24
8.200000,33.00000,-0.75000,0.244979,25
8.200000,34.00000,-0.50000,0.000000,26
8.200000,35.00000,-0.50000,0.000000,27
8.200000,36.00000,-0.50000,0.000000,28
8.200000,37.00000,-0.50000,0.000000,29
8.200000,38.00000,-0.50000,0.000000,30
8.300000,7.94020,0.15693,0.087591,0
8.300000,9.00000,0.25000,0.000000,1
8.300000,10.00000,0.25000,0.000000,2
8.300000,11.00000,0.25000,0.244979,3
8.300000,12.00000,0.50000,0.244979,4
8.300000,13.00000,0.75000,0.244979,5
8.300000,14.00000,1.00000,0.463648,6
8.300000,15.00000,1.50000,0.463648,7
8.300000,16.00000,2.00000,0.000000,8
8.300000,17.00000,2.00000,0.000000,9
8.300000,18.00000,2.00000,0.000000,10
8.300000,19.00000,2.00000,-0.244979,11
8.300000,20.00000,1.75000,-0.244979,12
8.300000,21.00000,1.50000,-0.463648,13
8.300000,22.00000,1.00000,-0.463648,14
8.300000,23.00000,0.50000,-0.463648,15
8.300000,24.00000,0.00000,-0.463648,16
8.300000,25.00000,-0.50000,-0.463648,17
8.300000,26.00000,-1.00000,-0.244979,18
8.300000,27.00000,-1.25000,-0.244979,19
8.300000,28.00000,-1.50000,0.000000,20
8.300000,29.00000,-1.50000,0.000000,21
8.300000,30.00000,-1.50000,0.000000,22
8.300000,31.00000,-1.50000,0.244979,23
8.300000,32.00000,-1.25000,0.244979,24
8.300000,33.00000,-1.00000,0.244979,25
8.300000,34.00000,-0.75000,0.244979,26
8.300000,35.00000,-0.50000,0.000000,27
8.300000,36.00000,-0.50000,0.000000,28
8.300000,37.00000,-0.50000,0.000000,29
8.300000,38.00000,-0.50000,0.000000,30
8.400000,8.01011,0.16949,0.081153,0
8.400000,9.00000,0.25000,0.000000,1
8.400000,10.00000,0.25000,0.000000,2
8.400000,11.00000,0.25000,0.244979,3
8.400000,12.00000,0.50000,0.244979,4
8.400000,13.00000,0.75000,0.244979,5
8.400000,14.00000,1.00000,0.463648,6
8.400000,15.00000,1.50000,0.463648,7
8.400000,16.00000,2.00000,0.000000,8
8.400000,17.00000,2.00000,0.000000,9
8.400000,18.00000,2.00000,0.000000,10
8.400000,19.00000,2.00000,-0.244979,11
8.400000,20.00000,1.75000,-0.244979,12
8.400000,21.00000,1.50000,-0.463648,13
8.400000,22.00000,1.00000,-0.463648,14
8.400000,23.00000,0.50000,-0.463648,15
8.400000,24.00000,0.00000,-0.463648,16
8.400000,25.00000,-0.50000,-0.463648,17
8.400000,26.00000,-1.00000,-0.244979,18
8.400000,27.00000,-1.25000,-0.244979,19
8.400000,28.00000,-1.50000,0.000000,20
8.400000,29.00000,-1.50000,0.000000,21
8.400000,30.00000,-1.50000,0.000000,22
8.400000,31.00000,-1.50000,0.244979,23
8.400000,32.00000,-1.25000,0.244979,24
8.400000,33.00000,-1.00000,0.244979,25
8.400000,34.00000,-0.75000,0.244979,26
8.400000,35.00000,-0.50000,0.000000,27
8.400000,36.00000,-0.50000,0.000000,28
8.400000,37.00000,-0.50000,0.000000,29
8.400000,38.00000,-0.50000,0.000000,30
8.500000,8.08442,0.17914,0.077242,0
8.500000,9.00000,0.25000,0.000000,1
8.500000,10.00000,0.25000,0.000000,2
8.500000,11.00000,0.25000,0.244979,3
8.500000,12.00000,0.50000,0.244979,4
8.500000,13.00000,0.75000,0.244979,5
8.500000,14.00000,1.00000,0.463648,6
8.500000,15.00000,1.50000,0.463648,7
8.500000,16.00000,2.00000,0.000000,8
8.500000,17.00000,2.00000,0.000000,9
8.500000,18.00000,2.00000,0.000000,10
8.500000,19.00000,2.00000,-0.244979,11
8.500000,20.00000,1.75000,-0.244979,12
8.500000,21.00000,1.50000,-0.463648,13
8.500000,22.00000,1.00000,-0.463648,14
8.500000,23.00000,0.50000,-0.463648,15
8.500000,24.00000,0.00000,-0.463648,16
8.500000,25.00000,-0.50000,-0.463648,17
8.500000,26.00000,-1.00000,-0.244979,18
8.500000,27.00000,-1.25000,-0.244979,19
8.500000,28.00000,-1.50000,0.000000,20
8.500000,29.00000,-1.50000,0.000000,21
8.500000,30.00000,-1.50000,0.000000,22
8.500000,31.00000,-1.50000,0.244979,23
8.500000,32.00000,-1.25000,0.244979,24
8.500000,33.00000,-1.00000,0.244979,25
8.500000,34.00000,-0.75000,0.244979,26
8.500000,35.00000,-0.50000,0.000000,27
8.500000,36.00000,-0.50000,0.000000,28
8.500000,37.00000,-0.50000,0.000000,29
8.500000,38.00000,-0.50000,0.000000,30
8.600000,8.12275,0.19139,0.066710,0
8.600000,9.00000,0.25000,0.000000,1
8.600000,10.00000,0.25000,0.000000,2
8.600000,11.00000,0.25000,0.244979,3
8.600000,12.00000,0.50000,0.244979,4
8.600000,13.00000,0.75000,0.244979,5
8.600000,14.00000,1.00000,0.463648,6
8.600000,15.00000,1.50000,0.463648,7
8.600000,16.00000,2.00000,0.000000,8
8.600000,17.00000,2.00000,0.000000,9
8.600000,18.00000,2.00000,0.000000,10
8.600000,19.00000,2.00000,-0.244979,11
8.600000,20.00000,1.75000,-0.244979,12
8.600000,21.00000,1.50000,-0.463648,13
8.600000,22.00000,1.00000,-0.463648,14
8.600000,23.00000,0.50000,-0.463648,15
8.600000,24.00000,0.00000,-0.463648,16
8.600000,25.00000,-0.50000,-0.463648,17
8.600000,26.00000,-1.00000,-0.244979,18
8.600000,27.00000,-1.25000,0.000000,19
8.600000,28.00000,-1.25000,0.000000,20
8.600000,29.00000,-1.25000,0.000000,21
8.600000,30.00000,-1.25000,0.000000,22
8.600000,31.00000,-1.25000,0.000000,23
8.600000,32.00000,-1.25000,0.244979,24
8.600000,33.00000,-1.00000,0.244979,25
8.600000,34.00000,-0.75000,0.244979,26
8.600000,35.00000,-0.50000,0.000000,27
8.600000,36.00000,-0.50000,0.000000,28
8.600000,37.00000,-0.50000,0.000000,29
8.600000,38.00000,-0.50000,0.000000,30
8.700000,8.17015,0.17494,0.090208,0
8.700000,9.00000,0.25000,0.000000,1
8.700000,10.00000,0.25000,0.000000,2
8.700000,11.00000,0.25000,0.244979,3
8.700000,12.00000,0.50000,0.244979,4
8.700000,13.00000,0.75000,0.244979,5
8.700000,14.00000,1.00000,0.463648,6
8.700000,15.00000,1.50000,0.463648,7
8.700000,16.00000,2.00000,0.000000,8
8.700000,17.00000,2.00000,0.000000,9
8.700000,18.00000,2.00000,0.000000,10
8.700000,19.00000,2.00000,-0.244979,11
8.700000,20.00000,1.75000,-0.244979,12
8.700000,21.00000,1.50000,-0.463648,13
8.700000,22.00000,1.00000,-0.463648,14
8.700000,23.00000,0.50000,-0.463648,15
8.700000,24.00000,0.00000,-0.463648,16
8.700000,25.00000,-0.50000,-0.463648,17
8.700000,26.00000,-1.00000,-0.244979,18
8.700000,27.00000,-1.25000,-0.244979,19
8.700000,28.00000,-1.50000,0.000000,20
8.700000,29.00000,-1.50000,0.000000,21
8.700000,30.00000,-1.50000,0.000000,22
8.700000,31.00000,-1.50000,0.244979,23
8.700000,32.00000,-1.25000,0.244979,24
8.700000,33.00000,-1.00000,0.244979,25
8.700000,34.00000,-0.75000,0.244979,26
8.700000,35.00000,-0.50000,0.000000,27
8.700000,36.00000,-0.50000,0.000000,28
8.700000,37.00000,-0.50000,0.000000,29
8.700000,38.00000,-0.50000,0.000000,30
8.800000,8.24998,0.17948,0.093752,0
8.800000,9.00000,0.25000,0.000000,1
8.800000,10.00000,0.25000,0.000000,2
8.800000,11.00000,0.25000,0.244979,3
8.800000,12.00000,0.50000,0.244979,4
8.800000,13.00000,0.75000,0.244979,5
8.800000,14.00000,1.00000,0.463648,6
8.800000,15.00000,1.50000,0.463648,7
8.800000,16.00000,2.00000,0.000000,8
8.800000,17.00000,2.00000,0.000000,9
8.800000,18.00000,2.00000,-0.244979,10
8.800000,19.00000,1.75000,-0.244979,11
8.800000,20.00000,1.50000,-0.244979,12
8.800000,21.00000,1.25000,-0.463648,13
8.800000,22.00000,0.75000,-0.463648,14
8.800000,23.00000,0.25000,-0.463648,15
8.800000,24.00000,-0.25000,-0.463648,16
8.800000,25.00000,-0.75000,-0.463648,17
8.800000,26.00000,-1.25000,-0.244979,18
8.800000,27.00000,-1.50000,0.000000,19
8.800000,28.00000,-1.50000,0.000000,20
8.800000,29.00000,-1.50000,0.000000,21
8.800000,30.00000,-1.50000,0.000000,22
8.800000,31.00000,-1.50000,0.244979,23
8.800000,32.00000,-1.25000,0.244979,24
8.800000,33.00000,-1.00000,0.244979,25
8.800000,34.00000,-0.75000,0.244979,26
8.800000,35.00000,-0.50000,0.000000,27
8.800000,36.00000,-0.50000,0.000000,28
8.800000,37.00000,-0.50000,0.000000,29
8.800000,38.00000,-0.50000,0.000000,30
8.900000,8.34835,0.17149,0.277871,0
8.900000,9.50000,0.50000,0.000000,1
8.900000,10.50000,0.50000,0.000000,2
8.900000,11.50000,0.50000,0.244979,3
8.900000,12.50000,0.75000,0.244979,4
8.900000,13.50000,1.00000,0.463648,5
8.900000,14.50000,1.50000,0.463648,6
8.900000,15.50000,2.00000,0.000000,7
8.900000,16.50000,2.00000,0.000000,8
8.900000,17.50000,2.00000,0.000000,9
8.900000,18.50000,2.00000,-0.244979,10
8.900000,19.50000,1.75000,-0.244979,11
8.900000,20.50000,1.50000,-0.244979,12
8.900000,21.50000,1.25000,-0.463648,13
8.900000,22.50000,0.75000,-0.463648,14
8.900000,23.50000,0.25000,-0.463648,15
8.900000,24.50000,-0.25000,-0.463648,16
8.900000,25.50000,-0.75000,-0.463648,17
8.900000,26.50000,-1.25000,-0.244979,18
8.900000,27.50000,-1.50000,0.000000,19
8.900000,28.50000,-1.50000,0.000000,20
8.900000,29.50000,-1.50000,0.000000,21
8.900000,30.50000,-1.50000,0.000000,22
8.900000,31.50000,-1.50000,0.463648,23
8.900000,32.50000,-1.00000,0.244979,24
8.900000,33.50000,-0.75000,0.244979,25
8.900000,34.50000,-0.50000,0.000000,26
8.900000,35.50000,-0.50000,0.000000,27
8.900000,36.50000,-0.50000,0.000000,28
8.900000,37.50000,-0.50000,0.000000,29
8.900000,38.50000,-0.50000,0.000000,30
9.000000,8.42984,0.17133,0.297979,0
9.000000,9.50000,0.50000,0.000000,1
9.000000,10.50000,0.50000,0.000000,2
9.000000,11.50000,0.50000,0.244979,3
9.000000,12.50000,0.75000,0.244979,4
9.000000,13.50000,1.00000,0.463648,5
9.000000,14.50000,1.50000,0.463648,6
9.000000,15.50000,2.00000,0.000000,7
9.000000,16.50000,2.00000,0.000000,8
9.000000,17.50000,2.00000,0.000000,9
9.000000,18.50000,2.00000,-0.244979,10
9.000000,19.50000,1.75000,-0.244979,11
9.000000,20.50000,1.50000,-0.244979,12
9.000000,21.50000,1.25000,-0.463648,13
9.000000,22.50000,0.75000,-0.463648,14
9.000000,23.50000,0.25000,-0.463648,15
9.000000,24.50000,-0.25000,-0.463648,16
9.000000,25.50000,-0.75000,-0.463648,17
9.000000,26.50000,-1.25000,-0.244979,18
9.000000,27.50000,-1.50000,0.000000,19
9.000000,28.50000,-1.50000,0.000000,20
9.000000,29.50000,-1.50000,0.000000,21
9.000000,30.50000,-1.50000,0.000000,22
9.000000,31.50000,-1.50000,0.463648,23
9.000000,32.50000,-1.00000,0.244979,24
9.000000,33.50000,-0.75000,0.244979,25
9.000000,34.50000,-0.50000,0.000000,26
9.000000,35.50000,-0.50000,0.000000,27
9.000000,36.50000,-0.50000,0.000000,28
9.000000,37.50000,-0.50000,0.000000,29
9.000000,38.50000,-0.50000,0.000000,30
9.100000,8.55963,0.21148,0.297701,0
9.100000,9.50000,0.50000,0.000000,1
9.100000,10.50000,0.50000,0.000000,2
9.100000,11.50000,0.50000,0.244979,3
9.100000,12.50000,0.75000,0.244979,4
9.100000,13.50000,1.00000,0.463648,5
9.100000,14.50000,1.50000,0.463648,6
9.100000,15.50000,2.00000,0.000000,7
9.100000,16.50000,2.00000,0.000000,8
9.100000,17.50000,2.00000,0.000000,9
9.100000,18.50000,2.00000,-0.244979,10
9.100000,19.50000,1.75000,-0.244979,11
9.100000,20.50000,1.50000,-0.244979,12
9.100000,21.50000,1.25000,-0.463648,13
9.100000,22.50000,0.75000,-0.463648,14
9.100000,23.50000,0.25000,-0.463648,15
9.100000,24.50000,-0.25000,-0.463648,16
9.100000,25.50000,-0.75000,-0.463648,17
9.100000,26.50000,-1.25000,0.000000,18
9.100000,27.50000,-1.25000,0.000000,19
9.100000,28.50000,-1.25000,0.000000,20
9.100000,29.50000,-1.25000,0.000000,21
9.100000,30.50000,-1.25000,0.000000,22
9.100000,31.50000,-1.25000,0.244979,23
9.100000,32.50000,-1.00000,0.244979,24
9.100000,33.50000,-0.75000,0.244979,25
9.100000,34.50000,-0.50000,0.000000,26
9.100000,35.50000,-0.50000,0.000000,27
9.100000,36.50000,-0.50000,0.000000,28
9.100000,37.50000,-0.50000,0.000000,29
9.100000,38.50000,-0.50000,0.000000,30
9.200000,8.70438,0.20446,0.355663,0
9.200000,9.50000,0.50000,0.000000,1
9.200000,10.50000,0.50000,0.000000,2
9.200000,11.50000,0.50000,0.244979,3
9.200000,12.50000,0.75000,0.244979,4
9.200000,13.50000,1.00000,0.463648,5
9.200000,14.50000,1.50000,0.463648,6
9.200000,15.50000,2.00000,0.000000,7
9.200000,16.50000,2.00000,0.000000,8
9.200000,17.50000,2.00000,0.000000,9
9.200000,18.50000,2.00000,-0.244979,10
9.200000,19.50000,1.75000,-0.244979,11
9.200000,20.50000,1.50000,-0.244979,12
9.200000,21.50000,1.25000,-0.463648,13
9.200000,22.50000,0.75000,-0.463648,14
9.200000,23.50000,0.25000,-0.463648,15
9.200000,24.50000,-0.25000,-0.463648,16
9.200000,25.50000,-0.75000,-0.463648,17
9.200000,26.50000,-1.25000,-0.244979,18
9.200000,27.50000,-1.50000,0.000000,19
9.200000,28.50000,-1.50000,0.000000,20
9.200000,29.50000,-1.50000,0.000000,21
9.200000,30.50000,-1.50000,0.000000,22
9.200000,31.50000,-1.50000,0.463648,23
9.200000,32.50000,-1.00000,0.244979,24
9.200000,33.50000,-0.75000,0.244979,25
9.200000,34.50000,-0.50000,0.000000,26
9.200000,35.50000,-0.50000,0.000000,27
9.200000,36.50000,-0.50000,0.000000,28
9.200000,37.50000,-0.50000,0.000000,29
9.200000,38.50000,-0.50000,0.000000,30
9.300000,8.83835,0.21338,0.241902,0
9.300000,10.00000,0.50000,0.000000,1
9.300000,11.00000,0.50000,0.000000,2
9.300000,12.00000,0.50000,0.244979,3
9.300000,13.00000,0.75000,0.244979,4
9.300000,14.00000,1.00000,0.463648,5
9.300000,15.00000,1.50000,0.463648,6
9.300000,16.00000,2.00000,0.000000,7
9.300000,17.00000,2.00000,0.000000,8
9.300000,18.00000,2.00000,0.000000,9
9.300000,19.00000,2.00000,-0.244979,10
9.300000,20.00000,1.75000,-0.244979,11
9.300000,21.00000,1.50000,-0.463648,12
9.300000,22.00000,1.00000,-0.463648,13
9.300000,23.00000,0.50000,-0.463648,14
9.300000,24.00000,0.00000,-0.463648,15
9.300000,25.00000,-0.50000,-0.463648,16
9.300000,26.00000,-1.00000,-0.244979,17
9.300000,27.00000,-1.25000,-0.244979,18
9.300000,28.00000,-1.50000,0.000000,19
9.300000,29.00000,-1.50000,0.000000,20
9.300000,30.00000,-1.50000,0.000000,21
9.300000,31.00000,-1.50000,0.244979,22
9.300000,32.00000,-1.25000,0.244979,23
9.300000,33.00000,-1.00000,0.244979,24
9.300000,34.00000,-0.75000,0.244979,25
9.300000,35.00000,-0.50000,0.000000,26
9.300000,36.00000,-0.50000,0.000000,27
9.300000,37.00000,-0.50000,0.000000,28
9.300000,38.00000,-0.50000,0.000000,29
9.300000,39.00000,-0.50000,0.000000,30
9.400000,8.94207,0.24566,0.235932,0
9.400000,10.00000,0.50000,0.000000,1
9.400000,11.00000,0.50000,0.000000,2
9.400000,12.00000,0.50000,0.244979,3
9.400000,13.00000,0.75000,0.244979,4
9.400000,14.00000,1.00000,0.463648,5
9.400000,15.00000,1.50000,0.463648,6
9.400000,16.00000,2.00000,0.000000,7
9.400000,17.00000,2.00000,0.000000,8
9.400000,18.00000,2.00000,0.000000,9
9.400000,19.00000,2.00000,-0.244979,10
9.400000,20.00000,1.75000,-0.244979,11
9.400000,21.00000,1.50000,-0.463648,12
9.400000,22.00000,1.00000,-0.463648,13
9.400000,23.00000,0.50000,-0.463648,14
9.400000,24.00000,0.00000,-0.463648,15
9.400000,25.00000,-0.50000,-0.463648,16
9.400000,26.00000,-1.00000,-0.244979,17
9.400000,27.00000,-1.25000,-0.244979,18
9.400000,28.00000,-1.50000,0.000000,19
9.400000,29.00000,-1.50000,0.000000,20
9.400000,30.00000,-1.50000,0.000000,21
9.400000,31.00000,-1.50000,0.244979,22
9.400000,32.00000,-1.25000,0.244979,23
9.400000,33.00000,-1.00000,0.244979,24
9.400000,34.00000,-0.75000,0.244979,25
9.400000,35.00000,-0.50000,0.000000,26
9.400000,36.00000,-0.50000,0.000000,27
9.400000,37.00000,-0.50000,0.000000,28
9.400000,38.00000,-0.50000,0.000000,29
9.400000,39.00000,-0.50000,0.000000,30
9.500000,9.05179,0.25338,0.254456,0
9.500000,10.00000,0.50000,0.000000,1
9.500000,11.00000,0.50000,0.000000,2
9.500000,12.00000,0.50000,0.244979,3
9.500000,13.00000,0.75000,0.244979,4
9.500000,14.00000,1.00000,0.463648,5
9.500000,15.00000,1.50000,0.463648,6
9.500000,16.00000,2.00000,0.000000,7
9.500000,17.00000,2.00000,0.000000,8
9.500000,18.00000,2.00000,0.000000,9
9.500000,19.00000,2.00000,-0.244979,10
9.500000,20.00000,1.75000,-0.244979,11
9.500000,21.00000,1.50000,-0.463648,12
9.500000,22.00000,1.00000,-0.463648,13
9.500000,23.00000,0.50000,-0.463648,14
9.500000,24.00000,0.00000,-0.463648,15
9.500000,25.00000,-0.50000,-0.463648,16
9.500000,26.00000,-1.00000,-0.244979,17
9.500000,27.00000,-1.25000,-0.244979,18
9.500000,28.00000,-1.50000,0.000000,19
9.500000,29.00000,-1.50000,0.000000,20
9.500000,30.00000,-1.50000,0.000000,21
9.500000,31.00000,-1.50000,0.244979,22
9.500000,32.00000,-1.25000,0.244979,23
9.500000,33.00000,-1.00000,0.244979,24
9.500000,34.00000,-0.75000,0.244979,25
9.500000,35.00000,-0.50000,0.000000,26
9.500000,36.00000,-0.50000,0.000000,27
9.500000,37.00000,-0.50000,0.000000,28
9.500000,38.00000,-0.50000,0.000000,29
9.500000,39.00000,-0.50000,0.000000,30
9.600000,9.14067,0.24932,0.283841,0
9.600000,10.00000,0.50000,0.000000,1
9.600000,11.00000,0.50000,0.000000,2
9.600000,12.00000,0.50000,0.244979,3
9.600000,13.00000,0.75000,0.244979,4
9.600000,14.00000,1.00000,0.463648,5
9.600000,15.00000,1.50000,0.463648,6
9.600000,16.00000,2.00000,0.000000,7
9.600000,17.00000,2.00000,0.000000,8
9.600000,18.00000,2.00000,-0.244979,9
9.600000,19.00000,1.75000,0.000000,10
9.600000,20.00000,1.75000,-0.244979,11
9.600000,21.00000,1.50000,-0.463648,12
9.600000,22.00000,1.00000,-0.463648,13
9.600000,23.00000,0.50000,-0.463648,14
9.600000,24.00000,0.00000,-0.463648,15
9.600000,25.00000,-0.50000,-0.463648,16
9.600000,26.00000,-1.00000,-0.244979,17
9.600000,27.00000,-1.25000,-0.244979,18
9.600000,28.00000,-1.50000,0.000000,19
9.600000,29.00000,-1.50000,0.000000,20
9.600000,30.00000,-1.50000,0.000000,21
9.600000,31.00000,-1.50000,0.244979,22
9.600000,32.00000,-1.25000,0.244979,23
9.600000,33.00000,-1.00000,0.244979,24
9.600000,34.00000,-0.75000,0.244979,25
9.600000,35.00000,-0.50000,0.000000,26
9.600000,36.00000,-0.50000,0.000000,27
9.600000,37.00000,-0.50000,0.000000,28
9.600000,38.00000,-0.50000,0.000000,29
9.600000,39.00000,-0.50000,0.000000,30
9.700000,9.21037,0.25360,0.302472,0
9.700000,10.00000,0.50000,0.000000,1
9.700000,11.00000,0.50000,0.000000,2
9.700000,12.00000,0.50000,0.244979,3
9.700000,13.00000,0.75000,0.244979,4
9.700000,14.00000,1.00000,0.463648,5
9.700000,15.00000,1.50000,0.463648,6
9.700000,16.00000,2.00000,0.000000,7
9.700000,17.00000,2.00000,0.000000,8
9.700000,18.00000,2.00000,-0.244979,9
9.700000,19.00000,1.75000,0.000000,10
9.700000,20.00000,1.75000,-0.244979,11
9.700000,21.00000,1.50000,-0.463648,12
9.700000,22.00000,1.00000,-0.463648,13
9.700000,23.00000,0.50000,-0.463648,14
9.700000,24.00000,0.00000,-0.463648,15
9.700000,25.00000,-0.50000,-0.463648,16
9.700000,26.00000,-1.00000,-0.244979,17
9.700000,27.00000,-1.25000,-0.244979,18
9.700000,28.00000,-1.50000,0.000000,19
9.700000,29.00000,-1.50000,0.000000,20
9.700000,30.00000,-1.50000,0.000000,21
9.700000,31.00000,-1.50000,0.244979,22
9.700000,32.00000,-1.25000,0.244979,23
9.700000,33.00000,-1.00000,0.244979,24
9.700000,34.00000,-0.75000,0.244979,25
9.700000,35.00000,-0.50000,0.000000,26
9.700000,36.00000,-0.50000,0.000000,27
9.700000,37.00000,-0.50000,0.000000,28
9.700000,38.00000,-0.50000,0.000000,29
9.700000,39.00000,-0.50000,0.000000,30
9.800000,9.26147,0.21547,0.225814,0
9.800000,10.50000,0.50000,0.000000,1
9.800000,11.50000,0.50000,0.244979,2
9.800000,12.50000,0.75000,0.244979,3
9.800000,13.50000,1.00000,0.463648,4
9.800000,14.50000,1.50000,0.463648,5
9.800000,15.50000,2.00000,0.000000,6
9.800000,16.50000,2.00000,0.000000,7
9.800000,17.50000,2.00000,0.000000,8
9.800000,18.50000,2.00000,-0.244979,9
9.800000,19.50000,1.75000,-0.244979,10
9.800000,20.50000,1.50000,-0.244979,11
9.800000,21.50000,1.25000,-0.463648,12
9.800000,22.50000,0.75000,-0.463648,13
9.800000,23.50000,0.25000,-0.463648,14
9.800000,24.50000,-0.25000,-0.463648,15
9.800000,25.50000,-0.75000,-0.463648,16
9.800000,26.50000,-1.25000,-0.244979,17
9.800000,27.50000,-1.50000,0.000000,18
9.800000,28.50000,-1.50000,0.000000,19
9.800000,29.50000,-1.50000,0.000000,20
9.800000,30.50000,-1.50000,0.000000,21
9.800000,31.50000,-1.50000,0.463648,22
9.800000,32.50000,-1.00000,0.244979,23
9.800000,33.50000,-0.75000,0.244979,24
9.800000,34.50000,-0.50000,0.000000,25
9.800000,35.50000,-0.50000,0.000000,26
9.800000,36.50000,-0.50000,0.000000,27
9.800000,37.50000,-0.50000,0.000000,28
9.800000,38.50000,-0.50000,0.000000,29
9.800000,39.50000,-0.50000,0.000000,30
9.900000,9.27416,0.23984,0.209126,0
9.900000,10.50000,0.50000,0.000000,1
9.900000,11.50000,0.50000,0.244979,2
9.900000,12.50000,0.75000,0.244979,3
9.900000,13.50000,1.00000,0.463648,4
9.900000,14.50000,1.50000,0.463648,5
9.900000,15.50000,2.00000,0.000000,6
9.900000,16.50000,2.00000,0.000000,7
9.900000,17.50000,2.00000,0.000000,8
9.900000,18.50000,2.00000,-0.244979,9
9.900000,19.50000,1.75000,-0.244979,10
9.900000,20.50000,1.50000,-0.463648,11
9.900000,21.50000,1.00000,-0.463648,12
9.900000,22.50000,0.50000,-0.463648,13
9.900000,23.50000,0.00000,-0.244979,14
9.900000,24.50000,-0.25000,-0.463648,15
9.900000,25.50000,-0.75000,-0.463648,16
9.900000,26.50000,-1.25000,-0.244979,17
9.900000,27.50000,-1.50000,0.000000,18
9.900000,28.50000,-1.50000,0.000000,19
9.900000,29.50000,-1.50000,0.000000,20
9.900000,30.50000,-1.50000,0.000000,21
9.900000,31.50000,-1.50000,0.463648,22
9.900000,32.50000,-1.00000,0.244979,23
9.900000,33.50000,-0.75000,0.244979,24
9.900000,34.50000,-0.50000,0.000000,25
9.900000,35.50000,-0.50000,0.000000,26
9.900000,36.50000,-0.50000,0.000000,27
9.900000,37.50000,-0.50000,0.000000,28
9.900000,38.50000,-0.50000,0.000000,29
9.900000,39.50000,-0.50000,0.000000,30
10.000000,9.33903,0.26348,0.200976,0
10.000000,10.50000,0.50000,0.000000,1
10.000000,11.50000,0.50000,0.244979,2
10.000000,12.50000,0.75000,0.244979,3
10.000000,13.50000,1.00000,0.463648,4
10.000000,14.50000,1.50000,0.463648,5
10.000000,15.50000,2.00000,0.000000,6
10.000000,16.50000,2.00000,0.000000,7
10.000000,17.50000,2.00000,0.000000,8
10.000000,18.50000,2.00000,-0.244979,9
10.000000,19.50000,1.75000,-0.244979,10
10.000000,20.50000,1.50000,-0.244979,11
10.000000,21.50000,1.25000,-0.463648,12
10.000000,22.50000,0.75000,-0.463648,13
10.000000,23.50000,0.25000,-0.463648,14
10.000000,24.50000,-0.25000,-0.463648,15
10.000000,25.50000,-0.75000,-0.463648,16
10.000000,26.50000,-1.25000,-0.244979,17
10.000000,27.50000,-1.50000,0.000000,18
10.000000,28.50000,-1.50000,0.000000,19
10.000000,29.50000,-1.50000,0.000000,20
10.000000,30.50000,-1.50000,0.000000,21
10.000000,31.50000,-1.50000,0.463648,22
10.000000,32.50000,-1.00000,0.244979,23
10.000000,33.50000,-0.75000,0.244979,24
10.000000,34.50000,-0.50000,0.000000,25
10.000000,35.50000,-0.50000,0.000000,26
10.000000,36.50000,-0.50000,0.000000,27
10.000000,37.50000,-0.50000,0.000000,28
10.000000,38.50000,-0.50000,0.000000,29
10.000000,39.50000,-0.50000,0.000000,30
10.100000,9.39303,0.26349,0.210487,0
10.100000,10.50000,0.50000,0.000000,1
10.100000,11.50000,0.50000,0.244979,2
10.100000,12.50000,0.75000,0.244979,3
10.100000,13.50000,1.00000,0.463648,4
10.100000,14.50000,1.50000,0.463648,5
10.100000,15.50000,2.00000,0.000000,6
10.100000,16.50000,2.00000,0.000000,7
10.100000,17.50000,2.00000,0.000000,8
10.100000,18.50000,2.00000,-0.244979,9
10.100000,19.50000,1.75000,-0.244979,10
10.100000,20.50000,1.50000,-0.244979,11
10.100000,21.50000,1.25000,-0.463648,12
10.100000,22.50000,0.75000,-0.463648,13
10.100000,23.50000,0.25000,-0.463648,14
10.100000,24.50000,-0.25000,-0.463648,15
10.100000,25.50000,-0.75000,-0.463648,16
10.100000,26.50000,-1.25000,0.000000,17
10.100000,27.50000,-1.25000,0.000000,18
10.100000,28.50000,-1.25000,0.000000,19
10.100000,29.50000,-1.25000,0.000000,20
10.100000,30.50000,-1.25000,0.000000,21
10.100000,31.50000,-1.25000,0.244979,22
10.100000,32.50000,-1.00000,0.244979,23
10.100000,33.50000,-0.75000,0.244979,24
10.100000,34.50000,-0.50000,0.000000,25
10.100000,35.50000,-0.50000,0.000000,26
10.100000,36.50000,-0.50000,0.000000,27
10.100000,37.50000,-0.50000,0.000000,28
10.100000,38.50000,-0.50000,0.000000,29
10.100000,39.50000,-0.50000,0.000000,30
10.200000,9.40063,0.28399,0.194017,0
10.200000,10.50000,0.50000,0.000000,1
10.200000,11.50000,0.50000,0.244979,2
10.200000,12.50000,0.75000,0.244979,3
10.200000,13.50000,1.00000,0.463648,4
10.200000,14.50000,1.50000,0.463648,5
10.200000,15.50000,2.00000,0.000000,6
10.200000,16.50000,2.00000,0.000000,7
10.200000,17.50000,2.00000,0.000000,8
10.200000,18.50000,2.00000,-0.244979,9
10.200000,19.50000,1.75000,-0.244979,10
10.200000,20.50000,1.50000,-0.244979,11
10.200000,21.50000,1.25000,-0.463648,12
10.200000,22.50000,0.75000,-0.463648,13
10.200000,23.50000,0.25000,-0.463648,14
10.200000,24.50000,-0.25000,-0.463648,15
10.200000,25.50000,-0.75000,-0.463648,16
10.200000,26.50000,-1.25000,0.000000,17
10.200000,27.50000,-1.25000,0.000000,18
10.200000,28.50000,-1.25000,0.000000,19
10.200000,29.50000,-1.25000,0.000000,20
10.200000,30.50000,-1.25000,0.000000,21
10.200000,31.50000,-1.25000,0.244979,22
10.200000,32.50000,-1.00000,0.244979,23
10.200000,33.50000,-0.75000,0.244979,24
10.200000,34.50000,-0.50000,0.000000,25
10.200000,35.50000,-0.50000,0.000000,26
10.200000,36.50000,-0.50000,0.000000,27
10.200000,37.50000,-0.50000,0.000000,28
10.200000,38.50000,-0.50000,0.000000,29
10.200000,39.50000,-0.50000,0.000000,30
10.300000,9.44721,0.29356,0.193628,0
10.300000,10.50000,0.50000,0.000000,1
10.300000,11.50000,0.50000,0.244979,2
10.300000,12.50000,0.75000,0.244979,3
10.300000,13.50000,1.00000,0.463648,4
10.300000,14.50000,1.50000,0.463648,5
10.300000,15.50000,2.00000,0.000000,6
10.300000,16.50000,2.00000,0.000000,7
10.300000,17.50000,2.00000,0.000000,8
10.300000,18.50000,2.00000,-0.244979,9
10.300000,19.50000,1.75000,-0.244979,10
10.300000,20.50000,1.50000,-0.244979,11
10.300000,21.50000,1.25000,-0.463648,12
10.300000,22.50000,0.75000,-0.463648,13
10.300000,23.50000,0.25000,-0.463648,14
10.300000,24.50000,-0.25000,-0.463648,15
10.300000,25.50000,-0.75000,-0.463648,16
10.300000,26.50000,-1.25000,-0.244979,17
10.300000,27.50000,-1.50000,0.000000,18
10.300000,28.50000,-1.50000,0.000000,19
10.300000,29.50000,-1.50000,0.000000,20
10.300000,30.50000,-1.50000,0.000000,21
10.300000,31.50000,-1.50000,0.463648,22
10.300000,32.50000,-1.00000,0.244979,23
10.300000,33.50000,-0.75000,0.244979,24
10.300000,34.50000,-0.50000,0.000000,25
10.300000,35.50000,-0.50000,0.000000,26
10.300000,36.50000,-0.50000,0.000000,27
10.300000,37.50000,-0.50000,0.000000,28
10.300000,38.50000,-0.50000,0.000000,29
10.300000,39.50000,-0.50000,0.000000,30
10.400000,9.52349,0.32149,0.180807,0
10.400000,10.50000,0.50000,0.000000,1
10.400000,11.50000,0.50000,0.244979,2
10.400000,12.50000,0.75000,0.244979,3
10.400000,13.50000,1.00000,0.463648,4
10.400000,14.50000,1.50000,0.463648,5
10.400000,15.50000,2.00000,0.000000,6
10.400000,16.50000,2.00000,0.000000,7
10.400000,17.50000,2.00000,0.000000,8
10.400000,18.50000,2.00000,-0.244979,9
10.400000,19.50000,1.75000,-0.244979,10
10.400000,20.50000,1.50000,-0.244979,11
10.400000,21.50000,1.25000,-0.463648,12
10.400000,22.50000,0.75000,-0.463648,13
10.400000,23.50000,0.25000,-0.463648,14
10.400000,24.50000,-0.25000,-0.463648,15
10.400000,25.50000,-0.75000,-0.463648,16
10.400000,26.50000,-1.25000,-0.244979,17
10.400000,27.50000,-1.50000,0.000000,18
10.400000,28.50000,-1.50000,0.000000,19
10.400000,29.50000,-1.50000,0.000000,20
10.400000,30.50000,-1.50000,0.000000,21
10.400000,31.50000,-1.50000,0.463648,22
10.400000,32.50000,-1.00000,0.244979,23
10.400000,33.50000,-0.75000,0.244979,24
10.400000,34.50000,-0.50000,0.000000,25
10.400000,35.50000,-0.50000,0.000000,26
10.400000,36.50000,-0.50000,0.000000,27
10.400000,37.50000,-0.50000,0.000000,28
10.400000,38.50000,-0.50000,0.000000,29
10.400000,39.50000,-0.50000,0.000000,30
10.500000,9.60279,0.31291,0.205583,0
10.500000,10.50000,0.50000,0.000000,1
10.500000,11.50000,0.50000,0.244979,2
10.500000,12.50000,0.75000,0.244979,3
10.500000,13.50000,1.00000,0.463648,4
10.500000,14.50000,1.50000,0.463648,5
10.500000,15.50000,2.00000,0.000000,6
10.500000,16.50000,2.00000,0.000000,7
10.500000,17.50000,2.00000,0.000000,8
10.500000,18.50000,2.00000,-0.244979,9
10.500000,19.50000,1.75000,-0.244979,10
10.500000,20.50000,1.50000,-0.244979,11
10.500000,21.50000,1.25000,-0.463648,12
10.500000,22.50000,0.75000,-0.463648,13
10.500000,23.50000,0.25000,-0.463648,14
10.500000,24.50000,-0.25000,-0.463648,15
10.500000,25.50000,-0.75000,-0.463648,16
10.500000,26.50000,-1.25000,-0.244979,17
10.500000,27.50000,-1.50000,0.000000,18
10.500000,28.50000,-1.50000,0.000000,19
10.500000,29.50000,-1.50000,0.000000,20
10.500000,30.50000,-1.50000,0.000000,21
10.500000,31.50000,-1.50000,0.463648,22
10.500000,32.50000,-1.00000,0.244979,23
10.500000,33.50000,-0.75000,0.244979,24
10.500000,34.50000,-0.50000,0.000000,25
10.500000,35.50000,-0.50000,0.000000,26
10.500000,36.50000,-0.50000,0.000000,27
10.500000,37.50000,-0.50000,0.000000,28
10.500000,38.50000,-0.50000,0.000000,29
10.500000,39.50000,-0.50000,0.000000,30
