# Generated 100 m dirt-road mesh with hills and speed bumps
o dirt_road
v 0.000000 -4.500000 -0.011316
v 0.000000 -4.000000 -0.006204
v 0.000000 -3.500000 0.000596
v 0.000000 -3.000000 -0.001000
v 0.000000 -2.500000 -0.004439
v 0.000000 -2.000000 -0.000170
v 0.000000 -1.500000 0.004640
v 0.000000 -1.000000 0.000890
v 0.000000 -0.500000 -0.003602
v 0.000000 0.000000 0.000000
v 0.000000 0.500000 0.003602
v 0.000000 1.000000 -0.000890
v 0.000000 1.500000 -0.004640
v 0.000000 2.000000 0.000170
v 0.000000 2.500000 0.004439
v 0.000000 3.000000 0.001000
v 0.000000 3.500000 -0.000596
v 0.000000 4.000000 0.006204
v 0.000000 4.500000 0.011316
v 0.500000 -4.500000 -0.015175
v 0.500000 -4.000000 -0.008889
v 0.500000 -3.500000 -0.000577
v 0.500000 -3.000000 -0.000413
v 0.500000 -2.500000 -0.001959
v 0.500000 -2.000000 0.004208
v 0.500000 -1.500000 0.010786
v 0.500000 -1.000000 0.008546
v 0.500000 -0.500000 0.005191
v 0.500000 0.000000 0.009468
v 0.500000 0.500000 0.013223
v 0.500000 1.000000 0.008342
v 0.500000 1.500000 0.003675
v 0.500000 2.000000 0.007094
v 0.500000 2.500000 0.009586
v 0.500000 3.000000 0.004096
v 0.500000 3.500000 0.000309
v 0.500000 4.000000 0.004919
v 0.500000 4.500000 0.007981
v 1.000000 -4.500000 -0.017189
v 1.000000 -4.000000 -0.010955
v 1.000000 -3.500000 -0.002337
v 1.000000 -3.000000 -0.001514
v 1.000000 -2.500000 -0.002083
v 1.000000 -2.000000 0.005313
v 1.000000 -1.500000 0.013276
v 1.000000 -1.000000 0.012466
v 1.000000 -0.500000 0.010466
v 1.000000 0.000000 0.015899
v 1.000000 0.500000 0.020503
v 1.000000 1.000000 0.016072
v 1.000000 1.500000 0.011393
v 1.000000 2.000000 0.014309
v 1.000000 2.500000 0.015811
v 1.000000 3.000000 0.008891
v 1.000000 3.500000 0.003310
v 1.000000 4.000000 0.005868
v 1.000000 4.500000 0.006748
v 1.500000 -4.500000 -0.015405
v 1.500000 -4.000000 -0.010260
v 1.500000 -3.500000 -0.002555
v 1.500000 -3.000000 -0.002383
v 1.500000 -2.500000 -0.003286
v 1.500000 -2.000000 0.004117
v 1.500000 -1.500000 0.012420
v 1.500000 -1.000000 0.012243
v 1.500000 -0.500000 0.011096
v 1.500000 0.000000 0.017511
v 1.500000 0.500000 0.023119
v 1.500000 1.000000 0.019599
v 1.500000 1.500000 0.015631
v 1.500000 2.000000 0.018963
v 1.500000 2.500000 0.020517
v 1.500000 3.000000 0.013238
v 1.500000 3.500000 0.006882
v 1.500000 4.000000 0.008275
v 1.500000 4.500000 0.007660
v 2.000000 -4.500000 -0.009341
v 2.000000 -4.000000 -0.005714
v 2.000000 -3.500000 0.000354
v 2.000000 -3.000000 -0.001104
v 2.000000 -2.500000 -0.003507
v 2.000000 -2.000000 0.002629
v 2.000000 -1.500000 0.009982
v 2.000000 -1.000000 0.009220
v 2.000000 -0.500000 0.007873
v 2.000000 0.000000 0.014455
v 2.000000 0.500000 0.020547
v 2.000000 1.000000 0.017754
v 2.000000 1.500000 0.014657
v 2.000000 2.000000 0.018896
v 2.000000 2.500000 0.021283
v 2.000000 3.000000 0.014662
v 2.000000 3.500000 0.008702
v 2.000000 4.000000 0.010168
v 2.000000 4.500000 0.009273
v 2.500000 -4.500000 -0.000396
v 2.500000 -4.000000 0.002019
v 2.500000 -3.500000 0.006478
v 2.500000 -3.000000 0.003128
v 2.500000 -2.500000 -0.001324
v 2.500000 -2.000000 0.002749
v 2.500000 -1.500000 0.008157
v 2.500000 -1.000000 0.005692
v 2.500000 -0.500000 0.002985
v 2.500000 0.000000 0.008622
v 2.500000 0.500000 0.014222
v 2.500000 1.000000 0.011391
v 2.500000 1.500000 0.008678
v 2.500000 2.000000 0.013657
v 2.500000 2.500000 0.017049
v 2.500000 3.000000 0.011590
v 2.500000 3.500000 0.006831
v 2.500000 4.000000 0.009423
v 2.500000 4.500000 0.009476
v 3.000000 -4.500000 0.008622
v 3.000000 -4.000000 0.010634
v 3.000000 -3.500000 0.014173
v 3.000000 -3.000000 0.009430
v 3.000000 -2.500000 0.003196
v 3.000000 -2.000000 0.005202
v 3.000000 -1.500000 0.008391
v 3.000000 -1.000000 0.003695
v 3.000000 -0.500000 -0.001113
v 3.000000 0.000000 0.002685
v 3.000000 0.500000 0.006820
v 3.000000 1.000000 0.002984
v 3.000000 1.500000 -0.000224
v 3.000000 2.000000 0.004785
v 3.000000 2.500000 0.008708
v 3.000000 3.000000 0.004220
v 3.000000 3.500000 0.000786
v 3.000000 4.000000 0.004945
v 3.000000 4.500000 0.006679
v 3.500000 -4.500000 0.014643
v 3.500000 -4.000000 0.017105
v 3.500000 -3.500000 0.020677
v 3.500000 -3.000000 0.015511
v 3.500000 -2.500000 0.008395
v 3.500000 -2.000000 0.009093
v 3.500000 -1.500000 0.010616
v 3.500000 -1.000000 0.003992
v 3.500000 -0.500000 -0.002884
v 3.500000 0.000000 -0.001160
v 3.500000 0.500000 0.001034
v 3.500000 1.000000 -0.004479
v 3.500000 1.500000 -0.008982
v 3.500000 2.000000 -0.004798
v 3.500000 2.500000 -0.001171
v 3.500000 3.000000 -0.005404
v 3.500000 3.500000 -0.008051
v 3.500000 4.000000 -0.002628
v 3.500000 4.500000 0.000763
v 4.000000 -4.500000 0.015637
v 4.000000 -4.000000 0.018985
v 4.000000 -3.500000 0.023309
v 4.000000 -3.000000 0.018664
v 4.000000 -2.500000 0.011755
v 4.000000 -2.000000 0.012295
v 4.000000 -1.500000 0.013273
v 4.000000 -1.000000 0.005731
v 4.000000 -0.500000 -0.002390
v 4.000000 0.000000 -0.002161
v 4.000000 0.500000 -0.001607
v 4.000000 1.000000 -0.008787
v 4.000000 1.500000 -0.014856
v 4.000000 2.000000 -0.012009
v 4.000000 2.500000 -0.009380
v 4.000000 3.000000 -0.014179
v 4.000000 3.500000 -0.016897
v 4.000000 4.000000 -0.011023
v 4.000000 4.500000 -0.006670
v 4.500000 -4.500000 0.011470
v 4.500000 -4.000000 0.015487
v 4.500000 -3.500000 0.020692
v 4.500000 -3.000000 0.017032
v 4.500000 -2.500000 0.011100
v 4.500000 -2.000000 0.012500
v 4.500000 -1.500000 0.014127
v 4.500000 -1.000000 0.006948
v 4.500000 -0.500000 -0.001140
v 4.500000 0.000000 -0.001221
v 4.500000 0.500000 -0.001300
v 4.500000 1.000000 -0.009383
v 4.500000 1.500000 -0.016544
v 4.500000 2.000000 -0.014879
v 4.500000 2.500000 -0.013406
v 4.500000 3.000000 -0.019219
v 4.500000 3.500000 -0.022701
v 4.500000 4.000000 -0.017245
v 4.500000 4.500000 -0.012898
v 5.000000 -4.500000 0.003924
v 5.000000 -4.000000 0.007848
v 5.000000 -3.500000 0.013424
v 5.000000 -3.000000 0.010543
v 5.000000 -2.500000 0.005710
v 5.000000 -2.000000 0.008423
v 5.000000 -1.500000 0.011454
v 5.000000 -1.000000 0.005650
v 5.000000 -0.500000 -0.001205
v 5.000000 0.000000 -0.000291
v 5.000000 0.500000 0.000316
v 5.000000 1.000000 -0.007430
v 5.000000 1.500000 -0.014611
v 5.000000 2.000000 -0.013295
v 5.000000 2.500000 -0.012444
v 5.000000 3.000000 -0.019068
v 5.000000 3.500000 -0.023449
v 5.000000 4.000000 -0.018872
v 5.000000 4.500000 -0.015274
v 5.500000 -4.500000 -0.004126
v 5.500000 -4.000000 -0.001209
v 5.500000 -3.500000 0.003881
v 5.500000 -3.000000 0.001054
v 5.500000 -2.500000 -0.003198
v 5.500000 -2.000000 0.000568
v 5.500000 -1.500000 0.005039
v 5.500000 -1.000000 0.000954
v 5.500000 -0.500000 -0.004035
v 5.500000 0.000000 -0.001237
v 5.500000 0.500000 0.001138
v 5.500000 1.000000 -0.005069
v 5.500000 1.500000 -0.011035
v 5.500000 2.000000 -0.008892
v 5.500000 2.500000 -0.007632
v 5.500000 3.000000 -0.014262
v 5.500000 3.500000 -0.019024
v 5.500000 4.000000 -0.015135
v 5.500000 4.500000 -0.012439
v 6.000000 -4.500000 -0.009988
v 6.000000 -4.000000 -0.008647
v 6.000000 -3.500000 -0.004776
v 6.000000 -3.000000 -0.008370
v 6.000000 -2.500000 -0.012875
v 6.000000 -2.000000 -0.008818
v 6.000000 -1.500000 -0.003522
v 6.000000 -1.000000 -0.006298
v 6.000000 -0.500000 -0.009572
v 6.000000 0.000000 -0.004768
v 6.000000 0.500000 -0.000222
v 6.000000 1.000000 -0.004236
v 6.000000 1.500000 -0.008126
v 6.000000 2.000000 -0.004155
v 6.000000 2.500000 -0.001422
v 6.000000 3.000000 -0.007017
v 6.000000 3.500000 -0.011229
v 6.000000 4.000000 -0.007286
v 6.000000 4.500000 -0.005005
v 6.500000 -4.500000 -0.012283
v 6.500000 -4.000000 -0.012397
v 6.500000 -3.500000 -0.009921
v 6.500000 -3.000000 -0.014728
v 6.500000 -2.500000 -0.020151
v 6.500000 -2.000000 -0.016622
v 6.500000 -1.500000 -0.011396
v 6.500000 -1.000000 -0.013750
v 6.500000 -0.500000 -0.016110
v 6.500000 0.000000 -0.009939
v 6.500000 0.500000 -0.003645
v 6.500000 1.000000 -0.005634
v 6.500000 1.500000 -0.007347
v 6.500000 2.000000 -0.001185
v 6.500000 2.500000 0.003611
v 6.500000 3.000000 -0.000182
v 6.500000 3.500000 -0.002970
v 6.500000 4.000000 0.001930
v 6.500000 4.500000 0.004643
v 7.000000 -4.500000 -0.011421
v 7.000000 -4.000000 -0.012150
v 7.000000 -3.500000 -0.010520
v 7.000000 -3.000000 -0.016314
v 7.000000 -2.500000 -0.022757
v 7.000000 -2.000000 -0.020170
v 7.000000 -1.500000 -0.015697
v 7.000000 -1.000000 -0.018517
v 7.000000 -0.500000 -0.020983
v 7.000000 0.000000 -0.014509
v 7.000000 0.500000 -0.007492
v 7.000000 1.000000 -0.008357
v 7.000000 1.500000 -0.008603
v 7.000000 2.000000 -0.000717
v 7.000000 2.500000 0.005947
v 7.000000 3.000000 0.004041
v 7.000000 3.500000 0.003025
v 7.000000 4.000000 0.009450
v 7.000000 4.500000 0.013327
v 7.500000 -4.500000 -0.009201
v 7.500000 -4.000000 -0.009307
v 7.500000 -3.500000 -0.007436
v 7.500000 -3.000000 -0.013356
v 7.500000 -2.500000 -0.020249
v 7.500000 -2.000000 -0.018362
v 7.500000 -1.500000 -0.014745
v 7.500000 -1.000000 -0.018469
v 7.500000 -0.500000 -0.021777
v 7.500000 0.000000 -0.015979
v 7.500000 0.500000 -0.009384
v 7.500000 1.000000 -0.010353
v 7.500000 1.500000 -0.010350
v 7.500000 2.000000 -0.001860
v 7.500000 2.500000 0.005730
v 7.500000 3.000000 0.005009
v 7.500000 3.500000 0.005345
v 7.500000 4.000000 0.013183
v 7.500000 4.500000 0.018410
v 8.000000 -4.500000 -0.007775
v 8.000000 -4.000000 -0.006146
v 8.000000 -3.500000 -0.002866
v 8.000000 -3.000000 -0.007781
v 8.000000 -2.500000 -0.014114
v 8.000000 -2.000000 -0.012120
v 8.000000 -1.500000 -0.008821
v 8.000000 -1.000000 -0.013227
v 8.000000 -0.500000 -0.017494
v 8.000000 0.000000 -0.012824
v 8.000000 0.500000 -0.007412
v 8.000000 1.000000 -0.009503
v 8.000000 1.500000 -0.010456
v 8.000000 2.000000 -0.002669
v 8.000000 2.500000 0.004530
v 8.000000 3.000000 0.003759
v 8.000000 3.500000 0.004382
v 8.000000 4.000000 0.012805
v 8.000000 4.500000 0.018850
v 8.500000 -4.500000 -0.008478
v 8.500000 -4.000000 -0.004610
v 8.500000 -3.500000 0.000801
v 8.500000 -3.000000 -0.002222
v 8.500000 -2.500000 -0.007021
v 8.500000 -2.000000 -0.003940
v 8.500000 -1.500000 -0.000056
v 8.500000 -1.000000 -0.004400
v 8.500000 -0.500000 -0.009108
v 8.500000 0.000000 -0.005331
v 8.500000 0.500000 -0.001177
v 8.500000 1.000000 -0.004783
v 8.500000 1.500000 -0.007386
v 8.500000 2.000000 -0.001255
v 8.500000 2.500000 0.004406
v 8.500000 3.000000 0.002321
v 8.500000 3.500000 0.001940
v 8.500000 4.000000 0.009724
v 8.500000 4.500000 0.015516
v 9.000000 -4.500000 -0.011100
v 9.000000 -4.000000 -0.005327
v 9.000000 -3.500000 0.002153
v 9.000000 -3.000000 0.001226
v 9.000000 -2.500000 -0.001588
v 9.000000 -2.000000 0.003235
v 9.000000 -1.500000 0.008496
v 9.000000 -1.000000 0.005070
v 9.000000 -0.500000 0.000758
v 9.000000 0.000000 0.004381
v 9.000000 0.500000 0.007844
v 9.000000 1.000000 0.003057
v 9.000000 1.500000 -0.001132
v 9.000000 2.000000 0.003115
v 9.000000 2.500000 0.006725
v 9.000000 3.000000 0.002560
v 9.000000 3.500000 0.000205
v 9.000000 4.000000 0.006247
v 9.000000 4.500000 0.010634
v 9.500000 -4.500000 -0.013977
v 9.500000 -4.000000 -0.007321
v 9.500000 -3.500000 0.001381
v 9.500000 -3.000000 0.001939
v 9.500000 -2.500000 0.000774
v 9.500000 -2.000000 0.007291
v 9.500000 -1.500000 0.014163
v 9.500000 -1.000000 0.012138
v 9.500000 -0.500000 0.008900
v 9.500000 0.000000 0.013176
v 9.500000 0.500000 0.016801
v 9.500000 1.000000 0.011655
v 9.500000 1.500000 0.006589
v 9.500000 2.000000 0.009483
v 9.500000 2.500000 0.011340
v 9.500000 3.000000 0.005129
v 9.500000 3.500000 0.000564
v 9.500000 4.000000 0.004370
v 9.500000 4.500000 0.006638
v 10.000000 -4.500000 -0.014833
v 10.000000 -4.000000 -0.008563
v 10.000000 -3.500000 0.000080
v 10.000000 -3.000000 0.000923
v 10.000000 -2.500000 0.000372
v 10.000000 -2.000000 0.007780
v 10.000000 -1.500000 0.015746
v 10.000000 -1.000000 0.014917
v 10.000000 -0.500000 0.012866
v 10.000000 0.000000 0.018200
v 10.000000 0.500000 0.022644
v 10.000000 1.000000 0.017981
v 10.000000 1.500000 0.012990
v 10.000000 2.000000 0.015508
v 10.000000 2.500000 0.016533
v 10.000000 3.000000 0.009061
v 10.000000 3.500000 0.002869
v 10.000000 4.000000 0.004780
v 10.000000 4.500000 0.004999
v 10.500000 -4.500000 -0.011988
v 10.500000 -4.000000 -0.007080
v 10.500000 -3.500000 0.000326
v 10.500000 -3.000000 0.000159
v 10.500000 -2.500000 -0.001104
v 10.500000 -2.000000 0.005938
v 10.500000 -1.500000 0.013892
v 10.500000 -1.000000 0.013385
v 10.500000 -0.500000 0.011934
v 10.500000 0.000000 0.018068
v 10.500000 0.500000 0.023412
v 10.500000 1.000000 0.019640
v 10.500000 1.500000 0.015421
v 10.500000 2.000000 0.018493
v 10.500000 2.500000 0.019770
v 10.500000 3.000000 0.012191
v 10.500000 3.500000 0.005510
v 10.500000 4.000000 0.006555
v 10.500000 4.500000 0.005579
v 11.000000 -4.500000 -0.005323
v 11.000000 -4.000000 -0.002078
v 11.000000 -3.500000 0.003495
v 11.000000 -3.000000 0.001459
v 11.000000 -2.500000 -0.001578
v 11.000000 -2.000000 0.003900
v 11.000000 -1.500000 0.010601
v 11.000000 -1.000000 0.009218
v 11.000000 -0.500000 0.007304
v 11.000000 0.000000 0.013388
v 11.000000 0.500000 0.019062
v 11.000000 1.000000 0.015934
v 11.000000 1.500000 0.012584
v 11.000000 2.000000 0.016645
v 11.000000 2.500000 0.018917
v 11.000000 3.000000 0.012231
v 11.000000 3.500000 0.006242
v 11.000000 4.000000 0.007704
v 11.000000 4.500000 0.006817
v 11.500000 -4.500000 0.003465
v 11.500000 -4.000000 0.005483
v 11.500000 -3.500000 0.009410
v 11.500000 -3.000000 0.005414
v 11.500000 -2.500000 0.000232
v 11.500000 -2.000000 0.003520
v 11.500000 -1.500000 0.008124
v 11.500000 -1.000000 0.004870
v 11.500000 -0.500000 0.001424
v 11.500000 0.000000 0.006402
v 11.500000 0.500000 0.011445
v 11.500000 1.000000 0.008180
v 11.500000 1.500000 0.005166
v 11.500000 2.000000 0.009979
v 11.500000 2.500000 0.013337
v 11.500000 3.000000 0.007963
v 11.500000 3.500000 0.003394
v 11.500000 4.000000 0.006259
v 11.500000 4.500000 0.006646
v 12.000000 -4.500000 0.011479
v 12.000000 -4.000000 0.013157
v 12.000000 -3.500000 0.016248
v 12.000000 -3.000000 0.010951
v 12.000000 -2.500000 0.004072
v 12.000000 -2.000000 0.005366
v 12.000000 -1.500000 0.007801
v 12.000000 -1.000000 0.002342
v 12.000000 -0.500000 -0.003205
v 12.000000 0.000000 -0.000088
v 12.000000 0.500000 0.003455
v 12.000000 1.000000 -0.000856
v 12.000000 1.500000 -0.004399
v 12.000000 2.000000 0.000428
v 12.000000 2.500000 0.004328
v 12.000000 3.000000 -0.000022
v 12.000000 3.500000 -0.003169
v 12.000000 4.000000 0.001408
v 12.000000 4.500000 0.003669
v 12.500000 -4.500000 0.015834
v 12.500000 -4.000000 0.018029
v 12.500000 -3.500000 0.021281
v 12.500000 -3.000000 0.015739
v 12.500000 -2.500000 0.008189
v 12.500000 -2.000000 0.008404
v 12.500000 -1.500000 0.009404
v 12.500000 -1.000000 0.002235
v 12.500000 -0.500000 -0.005186
v 12.500000 0.000000 -0.003982
v 12.500000 0.500000 -0.002255
v 12.500000 1.000000 -0.008157
v 12.500000 1.500000 -0.012945
v 12.500000 2.000000 -0.008920
v 12.500000 2.500000 -0.005312
v 12.500000 3.000000 -0.009414
v 12.500000 3.500000 -0.011777
v 12.500000 4.000000 -0.005926
v 12.500000 4.500000 -0.001977
v 13.000000 -4.500000 0.014906
v 13.000000 -4.000000 0.018002
v 13.000000 -3.500000 0.022104
v 13.000000 -3.000000 0.017257
v 13.000000 -2.500000 0.010156
v 13.000000 -2.000000 0.010506
v 13.000000 -1.500000 0.011289
v 13.000000 -1.000000 0.003545
v 13.000000 -0.500000 -0.004782
v 13.000000 0.000000 -0.004754
v 13.000000 0.500000 -0.004387
v 13.000000 1.000000 -0.011723
v 13.000000 1.500000 -0.017900
v 13.000000 2.000000 -0.015096
v 13.000000 2.500000 -0.012428
v 13.000000 3.000000 -0.017090
v 13.000000 3.500000 -0.019565
v 13.000000 4.000000 -0.013337
v 13.000000 4.500000 -0.008520
v 13.500000 -4.500000 0.009050
v 13.500000 -4.000000 0.012770
v 13.500000 -3.500000 0.017783
v 13.500000 -3.000000 0.014030
v 13.500000 -2.500000 0.008092
v 13.500000 -2.000000 0.009558
v 13.500000 -1.500000 0.011303
v 13.500000 -1.000000 0.004279
v 13.500000 -0.500000 -0.003633
v 13.500000 0.000000 -0.003530
v 13.500000 0.500000 -0.003425
v 13.500000 1.000000 -0.011328
v 13.500000 1.500000 -0.018314
v 13.500000 2.000000 -0.016473
v 13.500000 2.500000 -0.014815
v 13.500000 3.000000 -0.020424
v 13.500000 3.500000 -0.023671
v 13.500000 4.000000 -0.017942
v 13.500000 4.500000 -0.013274
v 14.000000 -4.500000 0.000441
v 14.000000 -4.000000 0.004006
v 14.000000 -3.500000 0.009372
v 14.000000 -3.000000 0.006431
v 14.000000 -2.500000 0.001683
v 14.000000 -2.000000 0.004612
v 14.000000 -1.500000 0.007972
v 14.000000 -1.000000 0.002588
v 14.000000 -0.500000 -0.003784
v 14.000000 0.000000 -0.002349
v 14.000000 0.500000 -0.001211
v 14.000000 1.000000 -0.008436
v 14.000000 1.500000 -0.015127
v 14.000000 2.000000 -0.013365
v 14.000000 2.500000 -0.012118
v 14.000000 3.000000 -0.018401
v 14.000000 3.500000 -0.022493
v 14.000000 4.000000 -0.017672
v 14.000000 4.500000 -0.013865
v 14.500000 -4.500000 -0.007883
v 14.500000 -4.000000 -0.005328
v 14.500000 -3.500000 -0.000457
v 14.500000 -3.000000 -0.003346
v 14.500000 -2.500000 -0.007500
v 14.500000 -2.000000 -0.003478
v 14.500000 -1.500000 0.001397
v 14.500000 -1.000000 -0.002157
v 14.500000 -0.500000 -0.006510
v 14.500000 0.000000 -0.003005
v 14.500000 0.500000 0.000118
v 14.500000 1.000000 -0.005333
v 14.500000 1.500000 -0.010570
v 14.500000 2.000000 -0.007753
v 14.500000 2.500000 -0.005898
v 14.500000 3.000000 -0.012029
v 14.500000 3.500000 -0.016402
v 14.500000 4.000000 -0.012236
v 14.500000 4.500000 -0.009375
v 15.000000 -4.500000 -0.013327
v 15.000000 -4.000000 -0.012233
v 15.000000 -3.500000 -0.008512
v 15.000000 -3.000000 -0.012140
v 15.000000 -2.500000 -0.016549
v 15.000000 -2.000000 -0.012260
v 15.000000 -1.500000 -0.006596
v 15.000000 -1.000000 -0.008873
v 15.000000 -0.500000 -0.011534
v 15.000000 0.000000 -0.006024
v 15.000000 0.500000 -0.000708
v 15.000000 1.000000 -0.003918
v 15.000000 1.500000 -0.007007
v 15.000000 2.000000 -0.002272
v 15.000000 2.500000 0.001153
v 15.000000 3.000000 -0.003848
v 15.000000 3.500000 -0.007592
v 15.000000 4.000000 -0.003321
v 15.000000 4.500000 -0.000864
v 15.500000 -4.500000 -0.014797
v 15.500000 -4.000000 -0.014912
v 15.500000 -3.500000 -0.012405
v 15.500000 -3.000000 -0.017134
v 15.500000 -2.500000 -0.022418
v 15.500000 -2.000000 -0.018677
v 15.500000 -1.500000 -0.013157
v 15.500000 -1.000000 -0.015129
v 15.500000 -0.500000 -0.017023
v 15.500000 0.000000 -0.010307
v 15.500000 0.500000 -0.003406
v 15.500000 1.000000 -0.004743
v 15.500000 1.500000 -0.005785
v 15.500000 2.000000 0.001038
v 15.500000 2.500000 0.006454
v 15.500000 3.000000 0.003211
v 15.500000 3.500000 0.000873
v 15.500000 4.000000 0.006097
v 15.500000 4.500000 0.008991
v 16.000000 -4.500000 -0.013020
v 16.000000 -4.000000 -0.013430
v 16.000000 -3.500000 -0.011502
v 16.000000 -3.000000 -0.017020
v 16.000000 -2.500000 -0.023203
v 16.000000 -2.000000 -0.020365
v 16.000000 -1.500000 -0.015641
v 16.000000 -1.000000 -0.018200
v 16.000000 -0.500000 -0.020386
v 16.000000 0.000000 -0.013607
v 16.000000 0.500000 -0.006257
v 16.000000 1.000000 -0.006764
v 16.000000 1.500000 -0.006635
v 16.000000 2.000000 0.001632
v 16.000000 2.500000 0.008666
v 16.000000 3.000000 0.007099
v 16.000000 3.500000 0.006368
v 16.000000 4.000000 0.013003
v 16.000000 4.500000 0.016994
v 16.500000 -4.500000 -0.003121
v 16.500000 -4.000000 -0.002609
v 16.500000 -3.500000 -0.000166
v 16.500000 -3.000000 -0.005579
v 16.500000 -2.500000 -0.012041
v 16.500000 -2.000000 -0.009803
v 16.500000 -1.500000 -0.005915
v 16.500000 -1.000000 -0.009442
v 16.500000 -0.500000 -0.012615
v 16.500000 0.000000 -0.006732
v 16.500000 0.500000 -0.000089
v 16.500000 1.000000 -0.001034
v 16.500000 1.500000 -0.001020
v 16.500000 2.000000 0.007475
v 16.500000 2.500000 0.015068
v 16.500000 3.000000 0.014345
v 16.500000 3.500000 0.014671
v 16.500000 4.000000 0.022479
v 16.500000 4.500000 0.027647
v 17.000000 -4.500000 0.019260
v 17.000000 -4.000000 0.021681
v 17.000000 -3.500000 0.025711
v 17.000000 -3.000000 0.021474
v 17.000000 -2.500000 0.015721
v 17.000000 -2.000000 0.018177
v 17.000000 -1.500000 0.021809
v 17.000000 -1.000000 0.017602
v 17.000000 -0.500000 0.013405
v 17.000000 0.000000 0.018022
v 17.000000 0.500000 0.023276
v 17.000000 1.000000 0.020941
v 17.000000 1.500000 0.019680
v 17.000000 2.000000 0.027115
v 17.000000 2.500000 0.033942
v 17.000000 3.000000 0.032796
v 17.000000 3.500000 0.033056
v 17.000000 4.000000 0.041136
v 17.000000 4.500000 0.046866
v 17.500000 -4.500000 0.051886
v 17.500000 -4.000000 0.056523
v 17.500000 -3.500000 0.062687
v 17.500000 -3.000000 0.060366
v 17.500000 -2.500000 0.056187
v 17.500000 -2.000000 0.059776
v 17.500000 -1.500000 0.064033
v 17.500000 -1.000000 0.059912
v 17.500000 -0.500000 0.055266
v 17.500000 0.000000 0.058946
v 17.500000 0.500000 0.062852
v 17.500000 1.000000 0.058862
v 17.500000 1.500000 0.055762
v 17.500000 2.000000 0.061310
v 17.500000 2.500000 0.066330
v 17.500000 3.000000 0.063579
v 17.500000 3.500000 0.062536
v 17.500000 4.000000 0.069689
v 17.500000 4.500000 0.074904
v 18.000000 -4.500000 0.093480
v 18.000000 -4.000000 0.099808
v 18.000000 -3.500000 0.107848
v 18.000000 -3.000000 0.107461
v 18.000000 -2.500000 0.105142
v 18.000000 -2.000000 0.110383
v 18.000000 -1.500000 0.115964
v 18.000000 -1.000000 0.112735
v 18.000000 -0.500000 0.108480
v 18.000000 0.000000 0.112010
v 18.000000 0.500000 0.115227
v 18.000000 1.000000 0.110046
v 18.000000 1.500000 0.105328
v 18.000000 2.000000 0.108933
v 18.000000 2.500000 0.111813
v 18.000000 3.000000 0.106863
v 18.000000 3.500000 0.103702
v 18.000000 4.000000 0.108953
v 18.000000 4.500000 0.112596
v 18.500000 -4.500000 0.143596
v 18.500000 -4.000000 0.150470
v 18.500000 -3.500000 0.159393
v 18.500000 -3.000000 0.160172
v 18.500000 -2.500000 0.159216
v 18.500000 -2.000000 0.165912
v 18.500000 -1.500000 0.172917
v 18.500000 -1.000000 0.170962
v 18.500000 -0.500000 0.167713
v 18.500000 0.000000 0.171881
v 18.500000 0.500000 0.175291
v 18.500000 1.000000 0.169815
v 18.500000 1.500000 0.164307
v 18.500000 2.000000 0.166654
v 18.500000 2.500000 0.167875
v 18.500000 3.000000 0.160958
v 18.500000 3.500000 0.155645
v 18.500000 4.000000 0.158694
v 18.500000 4.500000 0.160226
v 19.000000 -4.500000 0.201791
v 19.000000 -4.000000 0.207929
v 19.000000 -3.500000 0.216416
v 19.000000 -3.000000 0.217094
v 19.000000 -2.500000 0.216376
v 19.000000 -2.000000 0.223620
v 19.000000 -1.500000 0.231425
v 19.000000 -1.000000 0.230434
v 19.000000 -0.500000 0.228209
v 19.000000 0.000000 0.233351
v 19.000000 0.500000 0.237572
v 19.000000 1.000000 0.232645
v 19.000000 1.500000 0.227339
v 19.000000 2.000000 0.229490
v 19.000000 2.500000 0.230091
v 19.000000 3.000000 0.222147
v 19.000000 3.500000 0.215445
v 19.000000 4.000000 0.216822
v 19.000000 4.500000 0.216508
v 19.500000 -4.500000 0.266564
v 19.500000 -4.000000 0.271081
v 19.500000 -3.500000 0.278029
v 19.500000 -3.000000 0.277360
v 19.500000 -2.500000 0.275581
v 19.500000 -2.000000 0.282112
v 19.500000 -1.500000 0.289580
v 19.500000 -1.000000 0.288627
v 19.500000 -0.500000 0.286778
v 19.500000 0.000000 0.292565
v 19.500000 0.500000 0.297613
v 19.500000 1.000000 0.293587
v 19.500000 1.500000 0.289148
v 19.500000 2.000000 0.292024
v 19.500000 2.500000 0.293117
v 19.500000 3.000000 0.285359
v 19.500000 3.500000 0.278495
v 19.500000 4.000000 0.279354
v 19.500000 4.500000 0.278186
v 20.000000 -4.500000 0.334636
v 20.000000 -4.000000 0.337381
v 20.000000 -3.500000 0.342346
v 20.000000 -3.000000 0.339622
v 20.000000 -2.500000 0.335849
v 20.000000 -2.000000 0.340578
v 20.000000 -1.500000 0.346548
v 20.000000 -1.000000 0.344482
v 20.000000 -0.500000 0.341958
v 20.000000 0.000000 0.347525
v 20.000000 0.500000 0.352786
v 20.000000 1.000000 0.349356
v 20.000000 1.500000 0.345813
v 20.000000 2.000000 0.349782
v 20.000000 2.500000 0.352052
v 20.000000 3.000000 0.345439
v 20.000000 3.500000 0.339578
v 20.000000 4.000000 0.341207
v 20.000000 4.500000 0.340510
v 20.500000 -4.500000 0.401009
v 20.500000 -4.000000 0.402556
v 20.500000 -3.500000 0.405893
v 20.500000 -3.000000 0.401209
v 20.500000 -2.500000 0.395266
v 20.500000 -2.000000 0.397753
v 20.500000 -1.500000 0.401550
v 20.500000 -1.000000 0.397520
v 20.500000 -0.500000 0.393361
v 20.500000 0.000000 0.397718
v 20.500000 0.500000 0.402262
v 20.500000 1.000000 0.398634
v 20.500000 1.500000 0.395406
v 20.500000 2.000000 0.400157
v 20.500000 2.500000 0.403598
v 20.500000 3.000000 0.398442
v 20.500000 3.500000 0.394207
v 20.500000 4.000000 0.397498
v 20.500000 4.500000 0.398376
v 21.000000 -4.500000 0.459859
v 21.000000 -4.000000 0.461172
v 21.000000 -3.500000 0.463810
v 21.000000 -3.000000 0.457979
v 21.000000 -2.500000 0.450496
v 21.000000 -2.000000 0.451136
v 21.000000 -1.500000 0.452892
v 21.000000 -1.000000 0.446757
v 21.000000 -0.500000 0.440568
v 21.000000 0.000000 0.443108
v 21.000000 0.500000 0.446169
v 21.000000 1.000000 0.441497
v 21.000000 1.500000 0.437733
v 21.000000 2.000000 0.442494
v 21.000000 2.500000 0.446491
v 21.000000 3.000000 0.442395
v 21.000000 3.500000 0.439649
v 21.000000 4.000000 0.444757
v 21.000000 4.500000 0.447654
v 21.500000 -4.500000 0.505937
v 21.500000 -4.000000 0.507871
v 21.500000 -3.500000 0.510841
v 21.500000 -3.000000 0.504989
v 21.500000 -2.500000 0.497101
v 21.500000 -2.000000 0.496948
v 21.500000 -1.500000 0.497560
v 21.500000 -1.000000 0.489995
v 21.500000 -0.500000 0.482185
v 21.500000 0.000000 0.483026
v 21.500000 0.500000 0.484440
v 21.500000 1.000000 0.478298
v 21.500000 1.500000 0.473363
v 21.500000 2.000000 0.477355
v 21.500000 2.500000 0.481056
v 21.500000 3.000000 0.477183
v 21.500000 3.500000 0.475184
v 21.500000 4.000000 0.481528
v 21.500000 4.500000 0.486085
v 22.000000 -4.500000 0.535881
v 22.000000 -4.000000 0.538760
v 22.000000 -3.500000 0.542709
v 22.000000 -3.000000 0.537757
v 22.000000 -2.500000 0.530589
v 22.000000 -2.000000 0.530896
v 22.000000 -1.500000 0.531649
v 22.000000 -1.000000 0.523881
v 22.000000 -0.500000 0.515533
v 22.000000 0.000000 0.515543
v 22.000000 0.500000 0.515902
v 22.000000 1.000000 0.508576
v 22.000000 1.500000 0.502438
v 22.000000 2.000000 0.505325
v 22.000000 2.500000 0.508135
v 22.000000 3.000000 0.503684
v 22.000000 3.500000 0.501500
v 22.000000 4.000000 0.508103
v 22.000000 4.500000 0.513377
v 22.500000 -4.500000 0.548884
v 22.500000 -4.000000 0.552371
v 22.500000 -3.500000 0.557282
v 22.500000 -3.000000 0.553548
v 22.500000 -2.500000 0.547737
v 22.500000 -2.000000 0.549417
v 22.500000 -1.500000 0.551445
v 22.500000 -1.000000 0.544749
v 22.500000 -0.500000 0.537190
v 22.500000 0.000000 0.537653
v 22.500000 0.500000 0.538108
v 22.500000 1.000000 0.530539
v 22.500000 1.500000 0.523862
v 22.500000 2.000000 0.525989
v 22.500000 2.500000 0.527913
v 22.500000 3.000000 0.522558
v 22.500000 3.500000 0.519561
v 22.500000 4.000000 0.525547
v 22.500000 4.500000 0.530488
v 23.000000 -4.500000 0.546443
v 23.000000 -4.000000 0.549747
v 23.000000 -3.500000 0.555009
v 23.000000 -3.000000 0.552124
v 23.000000 -2.500000 0.547585
v 23.000000 -2.000000 0.550862
v 23.000000 -1.500000 0.554688
v 23.000000 -1.000000 0.549862
v 23.000000 -0.500000 0.544110
v 23.000000 0.000000 0.546197
v 23.000000 0.500000 0.547990
v 23.000000 1.000000 0.541395
v 23.000000 1.500000 0.535286
v 23.000000 2.000000 0.537565
v 23.000000 2.500000 0.539250
v 23.000000 3.000000 0.533323
v 23.000000 3.500000 0.529506
v 23.000000 4.000000 0.534525
v 23.000000 4.500000 0.538464
v 23.500000 -4.500000 0.531341
v 23.500000 -4.000000 0.533663
v 23.500000 -3.500000 0.538438
v 23.500000 -3.000000 0.535603
v 23.500000 -2.500000 0.531657
v 23.500000 -2.000000 0.536038
v 23.500000 -1.500000 0.541411
v 23.500000 -1.000000 0.538473
v 23.500000 -0.500000 0.534831
v 23.500000 0.000000 0.539109
v 23.500000 0.500000 0.543035
v 23.500000 1.000000 0.538378
v 23.500000 1.500000 0.533896
v 23.500000 2.000000 0.537397
v 23.500000 2.500000 0.539837
v 23.500000 3.000000 0.534174
v 23.500000 3.500000 0.530139
v 23.500000 4.000000 0.534507
v 23.500000 4.500000 0.537438
v 24.000000 -4.500000 0.506347
v 24.000000 -4.000000 0.507345
v 24.000000 -3.500000 0.511049
v 24.000000 -3.000000 0.507500
v 24.000000 -2.500000 0.503279
v 24.000000 -2.000000 0.507871
v 24.000000 -1.500000 0.513954
v 24.000000 -1.000000 0.512204
v 24.000000 -0.500000 0.510166
v 24.000000 0.000000 0.516374
v 24.000000 0.500000 0.522437
v 24.000000 1.000000 0.519992
v 24.000000 1.500000 0.517652
v 24.000000 2.000000 0.523088
v 24.000000 2.500000 0.527133
v 24.000000 3.000000 0.522640
v 24.000000 3.500000 0.519272
v 24.000000 4.000000 0.523768
v 24.000000 4.500000 0.526290
v 24.500000 -4.500000 0.473239
v 24.500000 -4.000000 0.473272
v 24.500000 -3.500000 0.475938
v 24.500000 -3.000000 0.471389
v 24.500000 -2.500000 0.466317
v 24.500000 -2.000000 0.470312
v 24.500000 -1.500000 0.476137
v 24.500000 -1.000000 0.474527
v 24.500000 -0.500000 0.473054
v 24.500000 0.000000 0.480242
v 24.500000 0.500000 0.487659
v 24.500000 1.000000 0.486866
v 24.500000 1.500000 0.486372
v 24.500000 2.000000 0.493727
v 24.500000 2.500000 0.499629
v 24.500000 3.000000 0.496800
v 24.500000 3.500000 0.494778
v 24.500000 4.000000 0.500199
v 24.500000 4.500000 0.503151
v 25.000000 -4.500000 0.432584
v 25.000000 -4.000000 0.432618
v 25.000000 -3.500000 0.434945
v 25.000000 -3.000000 0.429778
v 25.000000 -2.500000 0.423899
v 25.000000 -2.000000 0.426998
v 25.000000 -1.500000 0.431952
v 25.000000 -1.000000 0.429600
v 25.000000 -0.500000 0.427609
v 25.000000 0.000000 0.434581
v 25.000000 0.500000 0.442127
v 25.000000 1.000000 0.441822
v 25.000000 1.500000 0.442160
v 25.000000 2.000000 0.450633
v 25.000000 2.500000 0.457862
v 25.000000 3.000000 0.456462
v 25.000000 3.500000 0.455856
v 25.000000 4.000000 0.462555
v 25.000000 4.500000 0.466531
v 25.500000 -4.500000 0.384330
v 25.500000 -4.000000 0.385532
v 25.500000 -3.500000 0.388598
v 25.500000 -3.000000 0.383719
v 25.500000 -2.500000 0.377692
v 25.500000 -2.000000 0.380256
v 25.500000 -1.500000 0.384364
v 25.500000 -1.000000 0.380956
v 25.500000 -0.500000 0.377812
v 25.500000 0.000000 0.383649
v 25.500000 0.500000 0.390188
v 25.500000 1.000000 0.389099
v 25.500000 1.500000 0.388944
v 25.500000 2.000000 0.397259
v 25.500000 2.500000 0.404670
v 25.500000 3.000000 0.403769
v 25.500000 3.500000 0.403921
v 25.500000 4.000000 0.411556
v 25.500000 4.500000 0.416543
v 26.000000 -4.500000 0.328881
v 26.000000 -4.000000 0.332090
v 26.000000 -3.500000 0.336852
v 26.000000 -3.000000 0.333259
v 26.000000 -2.500000 0.328037
v 26.000000 -2.000000 0.330890
v 26.000000 -1.500000 0.334773
v 26.000000 -1.000000 0.330667
v 26.000000 -0.500000 0.326423
v 26.000000 0.000000 0.330859
v 26.000000 0.500000 0.335813
v 26.000000 1.000000 0.333082
v 26.000000 1.500000 0.331354
v 26.000000 2.000000 0.338278
v 26.000000 2.500000 0.344576
v 26.000000 3.000000 0.342907
v 26.000000 3.500000 0.342669
v 26.000000 4.000000 0.350292
v 26.000000 4.500000 0.355613
v 26.500000 -4.500000 0.268060
v 26.500000 -4.000000 0.273386
v 26.500000 -3.500000 0.280212
v 26.500000 -3.000000 0.278494
v 26.500000 -2.500000 0.274828
v 26.500000 -2.000000 0.278815
v 26.500000 -1.500000 0.283331
v 26.500000 -1.000000 0.279316
v 26.500000 -0.500000 0.274616
v 26.500000 0.000000 0.278082
v 26.500000 0.500000 0.281622
v 26.500000 1.000000 0.277133
v 26.500000 1.500000 0.273424
v 26.500000 2.000000 0.278281
v 26.500000 2.500000 0.282562
v 26.500000 3.000000 0.279056
v 26.500000 3.500000 0.277275
v 26.500000 4.000000 0.283737
v 26.500000 4.500000 0.288334
v 27.000000 -4.500000 0.205465
v 27.000000 -4.000000 0.212205
v 27.000000 -3.500000 0.220653
v 27.000000 -3.000000 0.220652
v 27.000000 -2.500000 0.218672
v 27.000000 -2.000000 0.224184
v 27.000000 -1.500000 0.229943
v 27.000000 -1.000000 0.226782
v 27.000000 -0.500000 0.222468
v 27.000000 0.000000 0.225804
v 27.000000 0.500000 0.228688
v 27.000000 1.000000 0.223042
v 27.000000 1.500000 0.217739
v 27.000000 2.000000 0.220660
v 27.000000 2.500000 0.222783
v 27.000000 3.000000 0.217035
v 27.000000 3.500000 0.213069
v 27.000000 4.000000 0.217542
v 27.000000 4.500000 0.220469
v 27.500000 -4.500000 0.145964
v 27.500000 -4.000000 0.152880
v 27.500000 -3.500000 0.161844
v 27.500000 -3.000000 0.162659
v 27.500000 -2.500000 0.161731
v 27.500000 -2.000000 0.168438
v 27.500000 -1.500000 0.175424
v 27.500000 -1.000000 0.173407
v 27.500000 -0.500000 0.170037
v 27.500000 0.000000 0.174014
v 27.500000 0.500000 0.177151
v 27.500000 1.000000 0.171318
v 27.500000 1.500000 0.165364
v 27.500000 2.000000 0.167186
v 27.500000 2.500000 0.167812
v 27.500000 3.000000 0.160252
v 27.500000 3.500000 0.154269
v 27.500000 4.000000 0.156649
v 27.500000 4.500000 0.157546
v 28.000000 -4.500000 0.094539
v 28.000000 -4.000000 0.100373
v 28.000000 -3.500000 0.108526
v 28.000000 -3.000000 0.108861
v 28.000000 -2.500000 0.107805
v 28.000000 -2.000000 0.114727
v 28.000000 -1.500000 0.122230
v 28.000000 -1.000000 0.120958
v 28.000000 -0.500000 0.118472
v 28.000000 0.000000 0.123362
v 28.000000 0.500000 0.127334
v 28.000000 1.000000 0.122148
v 28.000000 1.500000 0.116567
v 28.000000 2.000000 0.118417
v 28.000000 2.500000 0.118692
v 28.000000 3.000000 0.110393
v 28.000000 3.500000 0.103317
v 28.000000 4.000000 0.104311
v 28.000000 4.500000 0.103620
v 28.500000 -4.500000 0.054966
v 28.500000 -4.000000 0.058953
v 28.500000 -3.500000 0.065302
v 28.500000 -3.000000 0.063997
v 28.500000 -2.500000 0.061571
v 28.500000 -2.000000 0.067475
v 28.500000 -1.500000 0.074358
v 28.500000 -1.000000 0.072881
v 28.500000 -0.500000 0.070581
v 28.500000 0.000000 0.075997
v 28.500000 0.500000 0.080753
v 28.500000 1.000000 0.076511
v 28.500000 1.500000 0.071920
v 28.500000 2.000000 0.074698
v 28.500000 2.500000 0.075732
v 28.500000 3.000000 0.067942
v 28.500000 3.500000 0.061063
v 28.500000 4.000000 0.061912
v 28.500000 4.500000 0.060739
v 29.000000 -4.500000 0.028932
v 29.000000 -4.000000 0.031087
v 29.000000 -3.500000 0.035362
v 29.000000 -3.000000 0.031878
v 29.000000 -2.500000 0.027309
v 29.000000 -2.000000 0.031242
v 29.000000 -1.500000 0.036447
v 29.000000 -1.000000 0.033682
v 29.000000 -0.500000 0.030551
v 29.000000 0.000000 0.035623
v 29.000000 0.500000 0.040516
v 29.000000 1.000000 0.036850
v 29.000000 1.500000 0.033203
v 29.000000 2.000000 0.037193
v 29.000000 2.500000 0.039593
v 29.000000 3.000000 0.033200
v 29.000000 3.500000 0.027632
v 29.000000 4.000000 0.029599
v 29.000000 4.500000 0.029268
v 29.500000 -4.500000 0.015978
v 29.500000 -4.000000 0.017018
v 29.500000 -3.500000 0.019748
v 29.500000 -3.000000 0.014375
v 29.500000 -2.500000 0.007688
v 29.500000 -2.000000 0.009405
v 29.500000 -1.500000 0.012441
v 29.500000 -1.000000 0.007691
v 29.500000 -0.500000 0.002886
v 29.500000 0.000000 0.006703
v 29.500000 0.500000 0.010834
v 29.500000 1.000000 0.006943
v 29.500000 1.500000 0.003608
v 29.500000 2.000000 0.008413
v 29.500000 2.500000 0.012063
v 29.500000 3.000000 0.007255
v 29.500000 3.500000 0.003488
v 29.500000 4.000000 0.007341
v 29.500000 4.500000 0.008846
v 30.000000 -4.500000 0.014274
v 30.000000 -4.000000 0.015233
v 30.000000 -3.500000 0.017455
v 30.000000 -3.000000 0.011151
v 30.000000 -2.500000 0.003149
v 30.000000 -2.000000 0.003237
v 30.000000 -1.500000 0.004431
v 30.000000 -1.000000 -0.002255
v 30.000000 -0.500000 -0.008954
v 30.000000 0.000000 -0.006858
v 30.000000 0.500000 -0.004147
v 30.000000 1.000000 -0.009052
v 30.000000 1.500000 -0.012913
v 30.000000 2.000000 -0.008099
v 30.000000 2.500000 -0.003898
v 30.000000 3.000000 -0.007639
v 30.000000 3.500000 -0.009891
v 30.000000 4.000000 -0.004168
v 30.000000 4.500000 -0.000562
v 30.500000 -4.500000 0.014943
v 30.500000 -4.000000 0.016661
v 30.500000 -3.500000 0.019425
v 30.500000 -3.000000 0.013369
v 30.500000 -2.500000 0.005271
v 30.500000 -2.000000 0.004901
v 30.500000 -1.500000 0.005289
v 30.500000 -1.000000 -0.002502
v 30.500000 -0.500000 -0.010528
v 30.500000 0.000000 -0.009877
v 30.500000 0.500000 -0.008614
v 30.500000 1.000000 -0.014846
v 30.500000 1.500000 -0.019794
v 30.500000 2.000000 -0.015722
v 30.500000 2.500000 -0.011835
v 30.500000 3.000000 -0.015409
v 30.500000 3.500000 -0.016996
v 30.500000 4.000000 -0.010131
v 30.500000 4.500000 -0.004959
v 31.000000 -4.500000 0.010375
v 31.000000 -4.000000 0.013110
v 31.000000 -3.500000 0.017003
v 31.000000 -3.000000 0.012071
v 31.000000 -2.500000 0.004982
v 31.000000 -2.000000 0.005410
v 31.000000 -1.500000 0.006311
v 31.000000 -1.000000 -0.001295
v 31.000000 -0.500000 -0.009479
v 31.000000 0.000000 -0.009307
v 31.000000 0.500000 -0.008790
v 31.000000 1.000000 -0.015956
v 31.000000 1.500000 -0.021926
v 31.000000 2.000000 -0.018854
v 31.000000 2.500000 -0.015831
v 31.000000 3.000000 -0.020029
v 31.000000 3.500000 -0.021913
v 31.000000 4.000000 -0.014955
v 31.000000 4.500000 -0.009271
v 31.500000 -4.500000 0.001860
v 31.500000 -4.000000 0.005208
v 31.500000 -3.500000 0.010128
v 31.500000 -3.000000 0.006539
v 31.500000 -2.500000 0.000993
v 31.500000 -2.000000 0.003040
v 31.500000 -1.500000 0.005508
v 31.500000 -1.000000 -0.000697
v 31.500000 -0.500000 -0.007743
v 31.500000 0.000000 -0.006768
v 31.500000 0.500000 -0.005821
v 31.500000 1.000000 -0.012934
v 31.500000 1.500000 -0.019201
v 31.500000 2.000000 -0.016715
v 31.500000 2.500000 -0.014482
v 31.500000 3.000000 -0.019573
v 31.500000 3.500000 -0.022342
v 31.500000 4.000000 -0.016153
v 31.500000 4.500000 -0.011025
v 32.000000 -4.500000 -0.007806
v 32.000000 -4.000000 -0.004649
v 32.000000 -3.500000 0.000627
v 32.000000 -3.000000 -0.002084
v 32.000000 -2.500000 -0.006295
v 32.000000 -2.000000 -0.002553
v 32.000000 -1.500000 0.001855
v 32.000000 -1.000000 -0.002303
v 32.000000 -0.500000 -0.007329
v 32.000000 0.000000 -0.004495
v 32.000000 0.500000 -0.001964
v 32.000000 1.000000 -0.007862
v 32.000000 1.500000 -0.013340
v 32.000000 2.000000 -0.010519
v 32.000000 2.500000 -0.008392
v 32.000000 3.000000 -0.013987
v 32.000000 3.500000 -0.017583
v 32.000000 4.000000 -0.012445
v 32.000000 4.500000 -0.008481
v 32.500000 -4.500000 -0.015483
v 32.500000 -4.000000 -0.013263
v 32.500000 -3.500000 -0.008464
v 32.500000 -3.000000 -0.011140
v 32.500000 -2.500000 -0.014786
v 32.500000 -2.000000 -0.009969
v 32.500000 -1.500000 -0.004037
v 32.500000 -1.000000 -0.006309
v 32.500000 -0.500000 -0.009207
v 32.500000 0.000000 -0.004135
v 32.500000 0.500000 0.000599
v 32.500000 1.000000 -0.003268
v 32.500000 1.500000 -0.007017
v 32.500000 2.000000 -0.002869
v 32.500000 2.500000 0.000106
v 32.500000 3.000000 -0.005156
v 32.500000 3.500000 -0.008936
v 32.500000 4.000000 -0.004465
v 32.500000 4.500000 -0.001579
v 33.000000 -4.500000 -0.018996
v 33.000000 -4.000000 -0.017958
v 33.000000 -3.500000 -0.014155
v 33.000000 -3.000000 -0.017534
v 33.000000 -2.500000 -0.021503
v 33.000000 -2.000000 -0.016570
v 33.000000 -1.500000 -0.010057
v 33.000000 -1.000000 -0.011291
v 33.000000 -0.500000 -0.012741
v 33.000000 0.000000 -0.005889
v 33.000000 0.500000 0.000851
v 33.000000 1.000000 -0.000914
v 33.000000 1.500000 -0.002598
v 33.000000 2.000000 0.003437
v 33.000000 2.500000 0.007993
v 33.000000 3.000000 0.003898
v 33.000000 3.500000 0.000790
v 33.000000 4.000000 0.005394
v 33.000000 4.500000 0.007864
v 33.500000 -4.500000 -0.017973
v 33.500000 -4.000000 -0.017667
v 33.500000 -3.500000 -0.014744
v 33.500000 -3.000000 -0.019045
v 33.500000 -2.500000 -0.023869
v 33.500000 -2.000000 -0.019616
v 33.500000 -1.500000 -0.013514
v 33.500000 -1.000000 -0.014821
v 33.500000 -0.500000 -0.015962
v 33.500000 0.000000 -0.008411
v 33.500000 0.500000 -0.000609
v 33.500000 1.000000 -0.001004
v 33.500000 1.500000 -0.001101
v 33.500000 2.000000 0.006628
v 33.500000 2.500000 0.012860
v 33.500000 3.000000 0.010295
v 33.500000 3.500000 0.008447
v 33.500000 4.000000 0.013935
v 33.500000 4.500000 0.016829
v 34.000000 -4.500000 -0.013852
v 34.000000 -4.000000 -0.013288
v 34.000000 -3.500000 -0.010500
v 34.000000 -3.000000 -0.015282
v 34.000000 -2.500000 -0.020853
v 34.000000 -2.000000 -0.017519
v 34.000000 -1.500000 -0.012395
v 34.000000 -1.000000 -0.014630
v 34.000000 -0.500000 -0.016542
v 34.000000 0.000000 -0.009520
v 34.000000 0.500000 -0.001939
v 34.000000 1.000000 -0.002215
v 34.000000 1.500000 -0.001854
v 34.000000 2.000000 0.006642
v 34.000000 2.500000 0.013885
v 34.000000 3.000000 0.012484
v 34.000000 3.500000 0.011850
v 34.000000 4.000000 0.018480
v 34.000000 4.500000 0.022332
v 34.500000 -4.500000 -0.009070
v 34.500000 -4.000000 -0.007154
v 34.500000 -3.500000 -0.003461
v 34.500000 -3.000000 -0.007819
v 34.500000 -2.500000 -0.013449
v 34.500000 -2.000000 -0.010617
v 34.500000 -1.500000 -0.006372
v 34.500000 -1.000000 -0.009767
v 34.500000 -0.500000 -0.013009
v 34.500000 0.000000 -0.007363
v 34.500000 0.500000 -0.001088
v 34.500000 1.000000 -0.002493
v 34.500000 1.500000 -0.002994
v 34.500000 2.000000 0.004964
v 34.500000 2.500000 0.012023
v 34.500000 3.000000 0.010786
v 34.500000 3.500000 0.010624
v 34.500000 4.000000 0.017968
v 34.500000 4.500000 0.022686
v 35.000000 -4.500000 -0.005838
v 35.000000 -4.000000 -0.001892
v 35.000000 -3.500000 0.003540
v 35.000000 -3.000000 0.000519
v 35.000000 -2.500000 -0.004257
v 35.000000 -2.000000 -0.001101
v 35.000000 -1.500000 0.002928
v 35.000000 -1.000000 -0.001191
v 35.000000 -0.500000 -0.005603
v 35.000000 0.000000 -0.001480
v 35.000000 0.500000 0.003039
v 35.000000 1.000000 -0.000227
v 35.000000 1.500000 -0.002560
v 35.000000 2.000000 0.003720
v 35.000000 2.500000 0.009363
v 35.000000 3.000000 0.007056
v 35.000000 3.500000 0.006223
v 35.000000 4.000000 0.013312
v 35.000000 4.500000 0.018174
v 35.500000 -4.500000 -0.005098
v 35.500000 -4.000000 0.000796
v 35.500000 -3.500000 0.008157
v 35.500000 -3.000000 0.006911
v 35.500000 -2.500000 0.003627
v 35.500000 -2.000000 0.007883
v 35.500000 -1.500000 0.012535
v 35.500000 -1.000000 0.008507
v 35.500000 -0.500000 0.003640
v 35.500000 0.000000 0.006787
v 35.500000 0.500000 0.009866
v 35.500000 1.000000 0.004790
v 35.500000 1.500000 0.000393
v 35.500000 2.000000 0.004490
v 35.500000 2.500000 0.007973
v 35.500000 3.000000 0.003667
v 35.500000 3.500000 0.001118
v 35.500000 4.000000 0.006875
v 35.500000 4.500000 0.010859
v 36.000000 -4.500000 -0.006149
v 36.000000 -4.000000 0.000834
v 36.000000 -3.500000 0.009518
v 36.000000 -3.000000 0.009731
v 36.000000 -2.500000 0.007926
v 36.000000 -2.000000 0.013556
v 36.000000 -1.500000 0.019356
v 36.000000 -1.000000 0.016144
v 36.000000 -0.500000 0.011672
v 36.000000 0.000000 0.014737
v 36.000000 0.500000 0.017232
v 36.000000 1.000000 0.011086
v 36.000000 1.500000 0.005183
v 36.000000 2.000000 0.007423
v 36.000000 2.500000 0.008809
v 36.000000 3.000000 0.002296
v 36.000000 3.500000 -0.002428
v 36.000000 4.000000 0.001327
v 36.000000 4.500000 0.003610
v 36.500000 -4.500000 -0.007126
v 36.500000 -4.000000 -0.000351
v 36.500000 -3.500000 0.008466
v 36.500000 -3.000000 0.009136
v 36.500000 -2.500000 0.008064
v 36.500000 -2.000000 0.014626
v 36.500000 -1.500000 0.021459
v 36.500000 -1.000000 0.019270
v 36.500000 -0.500000 0.015699
v 36.500000 0.000000 0.019434
v 36.500000 0.500000 0.022281
v 36.500000 1.000000 0.016099
v 36.500000 1.500000 0.009740
v 36.500000 2.000000 0.011100
v 36.500000 2.500000 0.011218
v 36.500000 3.000000 0.003118
v 36.500000 3.500000 -0.003416
v 36.500000 4.000000 -0.001577
v 36.500000 4.500000 -0.001183
v 37.000000 -4.500000 -0.006062
v 37.000000 -4.000000 -0.000697
v 37.000000 -3.500000 0.006961
v 37.000000 -3.000000 0.006795
v 37.000000 -2.500000 0.005255
v 37.000000 -2.000000 0.011724
v 37.000000 -1.500000 0.018817
v 37.000000 -1.000000 0.017183
v 37.000000 -0.500000 0.014381
v 37.000000 0.000000 0.019000
v 37.000000 0.500000 0.022734
v 37.000000 1.000000 0.017335
v 37.000000 1.500000 0.011556
v 37.000000 2.000000 0.013212
v 37.000000 2.500000 0.013289
v 37.000000 3.000000 0.004787
v 37.000000 3.500000 -0.002499
v 37.000000 4.000000 -0.001716
v 37.000000 4.500000 -0.002609
v 37.500000 -4.500000 -0.002030
v 37.500000 -4.000000 0.001311
v 37.500000 -3.500000 0.006952
v 37.500000 -3.000000 0.004908
v 37.500000 -2.500000 0.001747
v 37.500000 -2.000000 0.006949
v 37.500000 -1.500000 0.013191
v 37.500000 -1.000000 0.011155
v 37.500000 -0.500000 0.008393
v 37.500000 0.000000 0.013454
v 37.500000 0.500000 0.017961
v 37.500000 1.000000 0.013573
v 37.500000 1.500000 0.008930
v 37.500000 2.000000 0.011734
v 37.500000 2.500000 0.012856
v 37.500000 3.000000 0.005199
v 37.500000 3.500000 -0.001519
v 37.500000 4.000000 -0.000495
v 37.500000 4.500000 -0.001489
v 38.000000 -4.500000 0.004232
v 38.000000 -4.000000 0.005742
v 38.000000 -3.500000 0.009287
v 38.000000 -3.000000 0.005016
v 38.000000 -2.500000 -0.000362
v 38.000000 -2.000000 0.002773
v 38.000000 -1.500000 0.007228
v 38.000000 -1.000000 0.003792
v 38.000000 -0.500000 0.000097
v 38.000000 0.000000 0.004735
v 38.000000 0.500000 0.009337
v 38.000000 1.000000 0.005530
v 38.000000 1.500000 0.001890
v 38.000000 2.000000 0.006025
v 38.000000 2.500000 0.008694
v 38.000000 3.000000 0.002673
v 38.000000 3.500000 -0.002447
v 38.000000 4.000000 0.000020
v 38.000000 4.500000 0.000214
v 38.500000 -4.500000 0.035260
v 38.500000 -4.000000 0.035797
v 38.500000 -3.500000 0.037946
v 38.500000 -3.000000 0.031930
v 38.500000 -2.500000 0.024562
v 38.500000 -2.000000 0.025587
v 38.500000 -1.500000 0.027950
v 38.500000 -1.000000 0.022576
v 38.500000 -0.500000 0.017230
v 38.500000 0.000000 0.020615
v 38.500000 0.500000 0.024448
v 38.500000 1.000000 0.020408
v 38.500000 1.500000 0.017084
v 38.500000 2.000000 0.022060
v 38.500000 2.500000 0.026036
v 38.500000 3.000000 0.021693
v 38.500000 3.500000 0.018507
v 38.500000 4.000000 0.023031
v 38.500000 4.500000 0.025265
v 39.000000 -4.500000 0.094078
v 39.000000 -4.000000 0.094732
v 39.000000 -3.500000 0.096617
v 39.000000 -3.000000 0.089944
v 39.000000 -2.500000 0.081546
v 39.000000 -2.000000 0.081222
v 39.000000 -1.500000 0.082002
v 39.000000 -1.000000 0.074920
v 39.000000 -0.500000 0.067864
v 39.000000 0.000000 0.069668
v 39.000000 0.500000 0.072172
v 39.000000 1.000000 0.067167
v 39.000000 1.500000 0.063329
v 39.000000 2.000000 0.068299
v 39.000000 2.500000 0.072796
v 39.000000 3.000000 0.069486
v 39.000000 3.500000 0.067789
v 39.000000 4.000000 0.074171
v 39.000000 4.500000 0.078518
v 39.500000 -4.500000 0.037697
v 39.500000 -4.000000 0.039278
v 39.500000 -3.500000 0.041946
v 39.500000 -3.000000 0.035821
v 39.500000 -2.500000 0.027669
v 39.500000 -2.000000 0.027253
v 39.500000 -1.500000 0.027597
v 39.500000 -1.000000 0.019766
v 39.500000 -0.500000 0.011706
v 39.500000 0.000000 0.012338
v 39.500000 0.500000 0.013609
v 39.500000 1.000000 0.007424
v 39.500000 1.500000 0.002579
v 39.500000 2.000000 0.006821
v 39.500000 2.500000 0.010958
v 39.500000 3.000000 0.007719
v 39.500000 3.500000 0.006555
v 39.500000 4.000000 0.013927
v 39.500000 4.500000 0.019677
v 40.000000 -4.500000 0.006872
v 40.000000 -4.000000 0.009560
v 40.000000 -3.500000 0.013519
v 40.000000 -3.000000 0.008749
v 40.000000 -2.500000 0.001897
v 40.000000 -2.000000 0.002617
v 40.000000 -1.500000 0.003843
v 40.000000 -1.000000 -0.003425
v 40.000000 -0.500000 -0.011270
v 40.000000 0.000000 -0.010773
v 40.000000 0.500000 -0.009951
v 40.000000 1.000000 -0.016833
v 40.000000 1.500000 -0.022538
v 40.000000 2.000000 -0.019214
v 40.000000 2.500000 -0.015941
v 40.000000 3.000000 -0.019884
v 40.000000 3.500000 -0.021497
v 40.000000 4.000000 -0.014245
v 40.000000 4.500000 -0.008239
v 40.500000 -4.500000 -0.002451
v 40.500000 -4.000000 0.000871
v 40.500000 -3.500000 0.005919
v 40.500000 -3.000000 0.002604
v 40.500000 -2.500000 -0.002540
v 40.500000 -2.000000 0.000013
v 40.500000 -1.500000 0.003063
v 40.500000 -1.000000 -0.002514
v 40.500000 -0.500000 -0.008916
v 40.500000 0.000000 -0.007308
v 40.500000 0.500000 -0.005764
v 40.500000 1.000000 -0.012337
v 40.500000 1.500000 -0.018134
v 40.500000 2.000000 -0.015256
v 40.500000 2.500000 -0.012711
v 40.500000 3.000000 -0.017565
v 40.500000 3.500000 -0.020165
v 40.500000 4.000000 -0.013864
v 40.500000 4.500000 -0.008666
v 41.000000 -4.500000 -0.012015
v 41.000000 -4.000000 -0.008885
v 41.000000 -3.500000 -0.003482
v 41.000000 -3.000000 -0.005911
v 41.000000 -2.500000 -0.009694
v 41.000000 -2.000000 -0.005393
v 41.000000 -1.500000 -0.000320
v 41.000000 -1.000000 -0.003734
v 41.000000 -0.500000 -0.007971
v 41.000000 0.000000 -0.004337
v 41.000000 0.500000 -0.001031
v 41.000000 1.000000 -0.006210
v 41.000000 1.500000 -0.011054
v 41.000000 2.000000 -0.007706
v 41.000000 2.500000 -0.005177
v 41.000000 3.000000 -0.010500
v 41.000000 3.500000 -0.013957
v 41.000000 4.000000 -0.008807
v 41.000000 4.500000 -0.004943
v 41.500000 -4.500000 -0.018760
v 41.500000 -4.000000 -0.016518
v 41.500000 -3.500000 -0.011591
v 41.500000 -3.000000 -0.014023
v 41.500000 -2.500000 -0.017306
v 41.500000 -2.000000 -0.012011
v 41.500000 -1.500000 -0.005495
v 41.500000 -1.000000 -0.007098
v 41.500000 -0.500000 -0.009262
v 41.500000 0.000000 -0.003424
v 41.500000 0.500000 0.002079
v 41.500000 1.000000 -0.001054
v 41.500000 1.500000 -0.004133
v 41.500000 2.000000 0.000587
v 41.500000 2.500000 0.004011
v 41.500000 3.000000 -0.000946
v 41.500000 3.500000 -0.004577
v 41.500000 4.000000 -0.000117
v 41.500000 4.500000 0.002602
v 42.000000 -4.500000 -0.020826
v 42.000000 -4.000000 -0.019631
v 42.000000 -3.500000 -0.015640
v 42.000000 -3.000000 -0.018789
v 42.000000 -2.500000 -0.022477
v 42.000000 -2.000000 -0.017205
v 42.000000 -1.500000 -0.010291
v 42.000000 -1.000000 -0.011066
v 42.000000 -0.500000 -0.012006
v 42.000000 0.000000 -0.004607
v 42.000000 0.500000 0.002697
v 42.000000 1.000000 0.001491
v 42.000000 1.500000 0.000333
v 42.000000 2.000000 0.006834
v 42.000000 2.500000 0.011769
v 42.000000 3.000000 0.007941
v 42.000000 3.500000 0.004969
v 42.000000 4.000000 0.009562
v 42.000000 4.500000 0.011869
v 42.500000 -4.500000 -0.018268
v 42.500000 -4.000000 -0.017597
v 42.500000 -3.500000 -0.014354
v 42.500000 -3.000000 -0.018377
v 42.500000 -2.500000 -0.022956
v 42.500000 -2.000000 -0.018481
v 42.500000 -1.500000 -0.012170
v 42.500000 -1.000000 -0.013271
v 42.500000 -0.500000 -0.014202
v 42.500000 0.000000 -0.006433
v 42.500000 0.500000 0.001595
v 42.500000 1.000000 0.001429
v 42.500000 1.500000 0.001553
v 42.500000 2.000000 0.009484
v 42.500000 2.500000 0.015882
v 42.500000 3.000000 0.013426
v 42.500000 3.500000 0.011616
v 42.500000 4.000000 0.017050
v 42.500000 4.500000 0.019788
v 43.000000 -4.500000 -0.012886
v 43.000000 -4.000000 -0.011748
v 43.000000 -3.500000 -0.008480
v 43.000000 -3.000000 -0.012883
v 43.000000 -2.500000 -0.018182
v 43.000000 -2.000000 -0.014676
v 43.000000 -1.500000 -0.009473
v 43.000000 -1.000000 -0.011707
v 43.000000 -0.500000 -0.013683
v 43.000000 0.000000 -0.006770
v 43.000000 0.500000 0.000671
v 43.000000 1.000000 0.000239
v 43.000000 1.500000 0.000439
v 43.000000 2.000000 0.008774
v 43.000000 2.500000 0.015860
v 43.000000 3.000000 0.014304
v 43.000000 3.500000 0.013506
v 43.000000 4.000000 0.019959
v 43.000000 4.500000 0.023607
v 43.500000 -4.500000 -0.007296
v 43.500000 -4.000000 -0.004689
v 43.500000 -3.500000 -0.000405
v 43.500000 -3.000000 -0.004296
v 43.500000 -2.500000 -0.009599
v 43.500000 -2.000000 -0.006588
v 43.500000 -1.500000 -0.002312
v 43.500000 -1.000000 -0.005816
v 43.500000 -0.500000 -0.009292
v 43.500000 0.000000 -0.003987
v 43.500000 0.500000 0.001866
v 43.500000 1.000000 -0.000016
v 43.500000 1.500000 -0.001024
v 43.500000 2.000000 0.006421
v 43.500000 2.500000 0.012984
v 43.500000 3.000000 0.011282
v 43.500000 3.500000 0.010699
v 43.500000 4.000000 0.017673
v 43.500000 4.500000 0.022069
v 44.000000 -4.500000 -0.003673
v 44.000000 -4.000000 0.000919
v 44.000000 -3.500000 0.006921
v 44.000000 -3.000000 0.004365
v 44.000000 -2.500000 -0.000074
v 44.000000 -2.000000 0.003271
v 44.000000 -1.500000 0.007331
v 44.000000 -1.000000 0.003081
v 44.000000 -0.500000 -0.001619
v 44.000000 0.000000 0.002075
v 44.000000 0.500000 0.006041
v 44.000000 1.000000 0.002128
v 44.000000 1.500000 -0.000917
v 44.000000 2.000000 0.004619
v 44.000000 2.500000 0.009519
v 44.000000 3.000000 0.006503
v 44.000000 3.500000 0.005020
v 44.000000 4.000000 0.011542
v 44.000000 4.500000 0.015936
v 44.500000 -4.500000 -0.002778
v 44.500000 -4.000000 0.003533
v 44.500000 -3.500000 0.011275
v 44.500000 -3.000000 0.010350
v 44.500000 -2.500000 0.007305
v 44.500000 -2.000000 0.011695
v 44.500000 -1.500000 0.016359
v 44.500000 -1.000000 0.012209
v 44.500000 -0.500000 0.007080
v 44.500000 0.000000 0.009827
v 44.500000 0.500000 0.012377
v 44.500000 1.000000 0.006662
v 44.500000 1.500000 0.001538
v 44.500000 2.000000 0.004851
v 44.500000 2.500000 0.007526
v 44.500000 3.000000 0.002422
v 44.500000 3.500000 -0.000879
v 44.500000 4.000000 0.004205
v 44.500000 4.500000 0.007622
v 45.000000 -4.500000 -0.003726
v 45.000000 -4.000000 0.003317
v 45.000000 -3.500000 0.012055
v 45.000000 -3.000000 0.012307
v 45.000000 -2.500000 0.010515
v 45.000000 -2.000000 0.016119
v 45.000000 -1.500000 0.021839
v 45.000000 -1.000000 0.018477
v 45.000000 -0.500000 0.013777
v 45.000000 0.000000 0.016524
v 45.000000 0.500000 0.018612
v 45.000000 1.000000 0.011972
v 45.000000 1.500000 0.005497
v 45.000000 2.000000 0.007104
v 45.000000 2.500000 0.007818
v 45.000000 3.000000 0.000621
v 45.000000 3.500000 -0.004770
v 45.000000 4.000000 -0.001633
v 45.000000 4.500000 0.000111
v 45.500000 -4.500000 -0.004578
v 45.500000 -4.000000 0.001876
v 45.500000 -3.500000 0.010371
v 45.500000 -3.000000 0.010728
v 45.500000 -2.500000 0.009360
v 45.500000 -2.000000 0.015646
v 45.500000 -1.500000 0.022219
v 45.500000 -1.000000 0.019781
v 45.500000 -0.500000 0.015964
v 45.500000 0.000000 0.019445
v 45.500000 0.500000 0.022019
v 45.500000 1.000000 0.015541
v 45.500000 1.500000 0.008855
v 45.500000 2.000000 0.009859
v 45.500000 2.500000 0.009595
v 45.500000 3.000000 0.001096
v 45.500000 3.500000 -0.005840
v 45.500000 4.000000 -0.004385
v 45.500000 4.500000 -0.004338
v 46.000000 -4.500000 -0.003460
v 46.000000 -4.000000 0.001296
v 46.000000 -3.500000 0.008321
v 46.000000 -3.000000 0.007529
v 46.000000 -2.500000 0.005393
v 46.000000 -2.000000 0.011317
v 46.000000 -1.500000 0.017931
v 46.000000 -1.000000 0.015892
v 46.000000 -0.500000 0.012763
v 46.000000 0.000000 0.017127
v 46.000000 0.500000 0.020674
v 46.000000 1.000000 0.015144
v 46.000000 1.500000 0.009276
v 46.000000 2.000000 0.010873
v 46.000000 2.500000 0.010909
v 46.000000 3.000000 0.002375
v 46.000000 3.500000 -0.004939
v 46.000000 4.000000 -0.004181
v 46.000000 4.500000 -0.005094
v 46.500000 -4.500000 0.000345
v 46.500000 -4.000000 0.002960
v 46.500000 -3.500000 0.007821
v 46.500000 -3.000000 0.004981
v 46.500000 -2.500000 0.001039
v 46.500000 -2.000000 0.005510
v 46.500000 -1.500000 0.011099
v 46.500000 -1.000000 0.008512
v 46.500000 -0.500000 0.005319
v 46.500000 0.000000 0.010077
v 46.500000 0.500000 0.014413
v 46.500000 1.000000 0.009979
v 46.500000 1.500000 0.005404
v 46.500000 2.000000 0.008374
v 46.500000 2.500000 0.009742
v 46.500000 3.000000 0.002387
v 46.500000 3.500000 -0.003995
v 46.500000 4.000000 -0.002617
v 46.500000 4.500000 -0.003259
v 47.000000 -4.500000 0.005895
v 47.000000 -4.000000 0.006749
v 47.000000 -3.500000 0.009567
v 47.000000 -3.000000 0.004529
v 47.000000 -2.500000 -0.001626
v 47.000000 -2.000000 0.000759
v 47.000000 -1.500000 0.004522
v 47.000000 -1.000000 0.000486
v 47.000000 -0.500000 -0.003692
v 47.000000 0.000000 0.000602
v 47.000000 0.500000 0.005015
v 47.000000 1.000000 0.001178
v 47.000000 1.500000 -0.002335
v 47.000000 2.000000 0.002075
v 47.000000 2.500000 0.005147
v 47.000000 3.000000 -0.000365
v 47.000000 3.500000 -0.004897
v 47.000000 4.000000 -0.001794
v 47.000000 4.500000 -0.000947
v 47.500000 -4.500000 0.010923
v 47.500000 -4.000000 0.011004
v 47.500000 -3.500000 0.012642
v 47.500000 -3.000000 0.006074
v 47.500000 -2.500000 -0.001869
v 47.500000 -2.000000 -0.001419
v 47.500000 -1.500000 0.000396
v 47.500000 -1.000000 -0.005471
v 47.500000 -0.500000 -0.011227
v 47.500000 0.000000 -0.008145
v 47.500000 0.500000 -0.004485
v 47.500000 1.000000 -0.008555
v 47.500000 1.500000 -0.011754
v 47.500000 2.000000 -0.006499
v 47.500000 2.500000 -0.002099
v 47.500000 3.000000 -0.005886
v 47.500000 3.500000 -0.008409
v 47.500000 4.000000 -0.003141
v 47.500000 4.500000 -0.000117
v 48.000000 -4.500000 0.012865
v 48.000000 -4.000000 0.013303
v 48.000000 -3.500000 0.014967
v 48.000000 -3.000000 0.008062
v 48.000000 -2.500000 -0.000577
v 48.000000 -2.000000 -0.001147
v 48.000000 -1.500000 -0.000610
v 48.000000 -1.000000 -0.007915
v 48.000000 -0.500000 -0.015160
v 48.000000 0.000000 -0.013494
v 48.000000 0.500000 -0.011055
v 48.000000 1.000000 -0.016036
v 48.000000 1.500000 -0.019746
v 48.000000 2.000000 -0.014536
v 48.000000 2.500000 -0.009681
v 48.000000 3.000000 -0.012520
v 48.000000 3.500000 -0.013641
v 48.000000 4.000000 -0.006596
v 48.000000 4.500000 -0.001523
v 48.500000 -4.500000 0.010107
v 48.500000 -4.000000 0.011662
v 48.500000 -3.500000 0.014369
v 48.500000 -3.000000 0.008330
v 48.500000 -2.500000 0.000296
v 48.500000 -2.000000 0.000016
v 48.500000 -1.500000 0.000503
v 48.500000 -1.000000 -0.007185
v 48.500000 -0.500000 -0.015104
v 48.500000 0.000000 -0.014331
v 48.500000 0.500000 -0.012911
v 48.500000 1.000000 -0.018932
v 48.500000 1.500000 -0.023586
v 48.500000 2.000000 -0.019114
v 48.500000 2.500000 -0.014700
v 48.500000 3.000000 -0.017605
v 48.500000 3.500000 -0.018377
v 48.500000 4.000000 -0.010557
v 48.500000 4.500000 -0.004308
v 49.000000 -4.500000 0.002843
v 49.000000 -4.000000 0.005604
v 49.000000 -3.500000 0.009762
v 49.000000 -3.000000 0.005300
v 49.000000 -2.500000 -0.001158
v 49.000000 -2.000000 0.000016
v 49.000000 -1.500000 0.001730
v 49.000000 -1.000000 -0.005038
v 49.000000 -0.500000 -0.012395
v 49.000000 0.000000 -0.011438
v 49.000000 0.500000 -0.010195
v 49.000000 1.000000 -0.016704
v 49.000000 1.500000 -0.022083
v 49.000000 2.000000 -0.018476
v 49.000000 2.500000 -0.014958
v 49.000000 3.000000 -0.018682
v 49.000000 3.500000 -0.020091
v 49.000000 4.000000 -0.012643
v 49.000000 4.500000 -0.006438
v 49.500000 -4.500000 -0.006866
v 49.500000 -4.000000 -0.003454
v 49.500000 -3.500000 0.001842
v 49.500000 -3.000000 -0.001078
v 49.500000 -2.500000 -0.005701
v 49.500000 -2.000000 -0.002526
v 49.500000 -1.500000 0.001218
v 49.500000 -1.000000 -0.003627
v 49.500000 -0.500000 -0.009290
v 49.500000 0.000000 -0.006970
v 49.500000 0.500000 -0.004767
v 49.500000 1.000000 -0.010759
v 49.500000 1.500000 -0.016067
v 49.500000 2.000000 -0.012805
v 49.500000 2.500000 -0.009983
v 49.500000 3.000000 -0.014665
v 49.500000 3.500000 -0.017188
v 49.500000 4.000000 -0.010892
v 49.500000 4.500000 -0.005765
v 50.000000 -4.500000 -0.015894
v 50.000000 -4.000000 -0.012678
v 50.000000 -3.500000 -0.007047
v 50.000000 -3.000000 -0.009108
v 50.000000 -2.500000 -0.012390
v 50.000000 -2.000000 -0.007472
v 50.000000 -1.500000 -0.001688
v 50.000000 -1.000000 -0.004327
v 50.000000 -0.500000 -0.007757
v 50.000000 0.000000 -0.003318
v 50.000000 0.500000 0.000754
v 50.000000 1.000000 -0.003730
v 50.000000 1.500000 -0.007980
v 50.000000 2.000000 -0.004161
v 50.000000 2.500000 -0.001301
v 50.000000 3.000000 -0.006443
v 50.000000 3.500000 -0.009866
v 50.000000 4.000000 -0.004825
v 50.000000 4.500000 -0.001199
v 50.500000 -4.500000 -0.021342
v 50.500000 -4.000000 -0.018973
v 50.500000 -3.500000 -0.013839
v 50.500000 -3.000000 -0.015974
v 50.500000 -2.500000 -0.018867
v 50.500000 -2.000000 -0.013091
v 50.500000 -1.500000 -0.006012
v 50.500000 -1.000000 -0.006985
v 50.500000 -0.500000 -0.008475
v 50.500000 0.000000 -0.001943
v 50.500000 0.500000 0.004243
v 50.500000 1.000000 0.001751
v 50.500000 1.500000 -0.000761
v 50.500000 2.000000 0.004424
v 50.500000 2.500000 0.008185
v 50.500000 3.000000 0.003419
v 50.500000 3.500000 -0.000179
v 50.500000 4.000000 0.004153
v 50.500000 4.500000 0.006587
v 51.000000 -4.500000 -0.021731
v 51.000000 -4.000000 -0.020291
v 51.000000 -3.500000 -0.016058
v 51.000000 -3.000000 -0.018955
v 51.000000 -2.500000 -0.022372
v 51.000000 -2.000000 -0.016803
v 51.000000 -1.500000 -0.009558
v 51.000000 -1.000000 -0.009970
v 51.000000 -0.500000 -0.010518
v 51.000000 0.000000 -0.002707
v 51.000000 0.500000 0.005014
v 51.000000 1.000000 0.004214
v 51.000000 1.500000 0.003427
v 51.000000 2.000000 0.010242
v 51.000000 2.500000 0.015410
v 51.000000 3.000000 0.011714
v 51.000000 3.500000 0.008754
v 51.000000 4.000000 0.013227
v 51.000000 4.500000 0.015276
v 51.500000 -4.500000 -0.017564
v 51.500000 -4.000000 -0.016477
v 51.500000 -3.500000 -0.012893
v 51.500000 -3.000000 -0.016646
v 51.500000 -2.500000 -0.021019
v 51.500000 -2.000000 -0.016395
v 51.500000 -1.500000 -0.009976
v 51.500000 -1.000000 -0.011000
v 51.500000 -0.500000 -0.011872
v 51.500000 0.000000 -0.004053
v 51.500000 0.500000 0.004022
v 51.500000 1.000000 0.003900
v 51.500000 1.500000 0.004064
v 51.500000 2.000000 0.012021
v 51.500000 2.500000 0.018422
v 51.500000 3.000000 0.015933
v 51.500000 3.500000 0.014038
v 51.500000 4.000000 0.019322
v 51.500000 4.500000 0.021832
v 52.000000 -4.500000 -0.010994
v 52.000000 -4.000000 -0.009283
v 52.000000 -3.500000 -0.005556
v 52.000000 -3.000000 -0.009626
v 52.000000 -2.500000 -0.014721
v 52.000000 -2.000000 -0.011136
v 52.000000 -1.500000 -0.005969
v 52.000000 -1.000000 -0.008340
v 52.000000 -0.500000 -0.010533
v 52.000000 0.000000 -0.003897
v 52.000000 0.500000 0.003229
v 52.000000 1.000000 0.002462
v 52.000000 1.500000 0.002326
v 52.000000 2.000000 0.010334
v 52.000000 2.500000 0.017112
v 52.000000 3.000000 0.015267
v 52.000000 3.500000 0.014202
v 52.000000 4.000000 0.020400
v 52.000000 4.500000 0.023800
v 52.500000 -4.500000 -0.004776
v 52.500000 -4.000000 -0.001541
v 52.500000 -3.500000 0.003259
v 52.500000 -3.000000 -0.000252
v 52.500000 -2.500000 -0.005326
v 52.500000 -2.000000 -0.002244
v 52.500000 -1.500000 0.001944
v 52.500000 -1.000000 -0.001795
v 52.500000 -0.500000 -0.005641
v 52.500000 0.000000 -0.000815
v 52.500000 0.500000 0.004476
v 52.500000 1.000000 0.001976
v 52.500000 1.500000 0.000327
v 52.500000 2.000000 0.007136
v 52.500000 2.500000 0.013091
v 52.500000 3.000000 0.010835
v 52.500000 3.500000 0.009763
v 52.500000 4.000000 0.016324
v 52.500000 4.500000 0.020388
v 53.000000 -4.500000 -0.001002
v 53.000000 -4.000000 0.004109
v 53.000000 -3.500000 0.010552
v 53.000000 -3.000000 0.008334
v 53.000000 -2.500000 0.004106
v 53.000000 -2.000000 0.007519
v 53.000000 -1.500000 0.011494
v 53.000000 -1.000000 0.007003
v 53.000000 -0.500000 0.001913
v 53.000000 0.000000 0.005081
v 53.000000 0.500000 0.008409
v 53.000000 1.000000 0.003770
v 53.000000 1.500000 -0.000055
v 53.000000 2.000000 0.004681
v 53.000000 2.500000 0.008797
v 53.000000 3.000000 0.005044
v 53.000000 3.500000 0.002902
v 53.000000 4.000000 0.008868
v 53.000000 4.500000 0.012824
v 53.500000 -4.500000 -0.000220
v 53.500000 -4.000000 0.006337
v 53.500000 -3.500000 0.014293
v 53.500000 -3.000000 0.013531
v 53.500000 -2.500000 0.010580
v 53.500000 -2.000000 0.014976
v 53.500000 -1.500000 0.019542
v 53.500000 -1.000000 0.015180
v 53.500000 -0.500000 0.009720
v 53.500000 0.000000 0.012018
v 53.500000 0.500000 0.014011
v 53.500000 1.000000 0.007646
v 53.500000 1.500000 0.001803
v 53.500000 2.000000 0.004354
v 53.500000 2.500000 0.006257
v 53.500000 3.000000 0.000405
v 53.500000 3.500000 -0.003587
v 53.500000 4.000000 0.000896
v 53.500000 4.500000 0.003828
v 54.000000 -4.500000 -0.001336
v 54.000000 -4.000000 0.005581
v 54.000000 -3.500000 0.014194
v 54.000000 -3.000000 0.014320
v 54.000000 -2.500000 0.012396
v 54.000000 -2.000000 0.017849
v 54.000000 -1.500000 0.023392
v 54.000000 -1.000000 0.019814
v 54.000000 -0.500000 0.014847
v 54.000000 0.000000 0.017270
v 54.000000 0.500000 0.018973
v 54.000000 1.000000 0.011886
v 54.000000 1.500000 0.004912
v 54.000000 2.000000 0.005978
v 54.000000 2.500000 0.006128
v 54.000000 3.000000 -0.001633
v 54.000000 3.500000 -0.007563
v 54.000000 4.000000 -0.004913
v 54.000000 4.500000 -0.003575
v 54.500000 -4.500000 -0.002332
v 54.500000 -4.000000 0.003638
v 54.500000 -3.500000 0.011655
v 54.500000 -3.000000 0.011558
v 54.500000 -2.500000 0.009772
v 54.500000 -2.000000 0.015682
v 54.500000 -1.500000 0.021926
v 54.500000 -1.000000 0.019200
v 54.500000 -0.500000 0.015129
v 54.500000 0.000000 0.018382
v 54.500000 0.500000 0.020744
v 54.500000 1.000000 0.014058
v 54.500000 1.500000 0.007161
v 54.500000 2.000000 0.007947
v 54.500000 2.500000 0.007456
v 54.500000 3.000000 -0.001274
v 54.500000 3.500000 -0.008438
v 54.500000 4.000000 -0.007194
v 54.500000 4.500000 -0.007326
v 55.000000 -4.500000 -0.001418
v 55.000000 -4.000000 0.002618
v 55.000000 -3.500000 0.008912
v 55.000000 -3.000000 0.007406
v 55.000000 -2.500000 0.004604
v 55.000000 -2.000000 0.009933
v 55.000000 -1.500000 0.016041
v 55.000000 -1.000000 0.013596
v 55.000000 -0.500000 0.010166
v 55.000000 0.000000 0.014332
v 55.000000 0.500000 0.017776
v 55.000000 1.000000 0.012225
v 55.000000 1.500000 0.006402
v 55.000000 2.000000 0.008096
v 55.000000 2.500000 0.008263
v 55.000000 3.000000 -0.000121
v 55.000000 3.500000 -0.007278
v 55.000000 4.000000 -0.006362
v 55.000000 4.500000 -0.007120
v 55.500000 -4.500000 0.001933
v 55.500000 -4.000000 0.003783
v 55.500000 -3.500000 0.007841
v 55.500000 -3.000000 0.004191
v 55.500000 -2.500000 -0.000529
v 55.500000 -2.000000 0.003227
v 55.500000 -1.500000 0.008197
v 55.500000 -1.000000 0.005108
v 55.500000 -0.500000 0.001549
v 55.500000 0.000000 0.006088
v 55.500000 0.500000 0.010353
v 55.500000 1.000000 0.005991
v 55.500000 1.500000 0.001618
v 55.500000 2.000000 0.004900
v 55.500000 2.500000 0.006668
v 55.500000 3.000000 -0.000224
v 55.500000 3.500000 -0.006106
v 55.500000 4.000000 -0.004217
v 55.500000 4.500000 -0.004358
v 56.000000 -4.500000 0.006615
v 56.000000 -4.000000 0.006844
v 56.000000 -3.500000 0.008987
v 56.000000 -3.000000 0.003247
v 56.000000 -2.500000 -0.003605
v 56.000000 -2.000000 -0.001882
v 56.000000 -1.500000 0.001287
v 56.000000 -1.000000 -0.003247
v 56.000000 -0.500000 -0.007798
v 56.000000 0.000000 -0.003735
v 56.000000 0.500000 0.000603
v 56.000000 1.000000 -0.003146
v 56.000000 1.500000 -0.006413
v 56.000000 2.000000 -0.001611
v 56.000000 2.500000 0.001983
v 56.000000 3.000000 -0.002905
v 56.000000 3.500000 -0.006740
v 56.000000 4.000000 -0.002900
v 56.000000 4.500000 -0.001308
v 56.500000 -4.500000 0.010346
v 56.500000 -4.000000 0.010060
v 56.500000 -3.500000 0.011298
v 56.500000 -3.000000 0.004306
v 56.500000 -2.500000 -0.004070
v 56.500000 -2.000000 -0.004045
v 56.500000 -1.500000 -0.002626
v 56.500000 -1.000000 -0.008835
v 56.500000 -0.500000 -0.014856
v 56.500000 0.000000 -0.011939
v 56.500000 0.500000 -0.008327
v 56.500000 1.000000 -0.012311
v 56.500000 1.500000 -0.015286
v 56.500000 2.000000 -0.009667
v 56.500000 2.500000 -0.004772
v 56.500000 3.000000 -0.007947
v 56.500000 3.500000 -0.009763
v 56.500000 4.000000 -0.003724
v 56.500000 4.500000 0.000106
v 57.000000 -4.500000 0.010766
v 57.000000 -4.000000 0.011109
v 57.000000 -3.500000 0.012695
v 57.000000 -3.000000 0.005722
v 57.000000 -2.500000 -0.002982
v 57.000000 -2.000000 -0.003616
v 57.000000 -1.500000 -0.003137
v 57.000000 -1.000000 -0.010489
v 57.000000 -0.500000 -0.017758
v 57.000000 0.000000 -0.016080
v 57.000000 0.500000 -0.013577
v 57.000000 1.000000 -0.018430
v 57.000000 1.500000 -0.021934
v 57.000000 2.000000 -0.016430
v 57.000000 2.500000 -0.011192
v 57.000000 3.000000 -0.013558
v 57.000000 3.500000 -0.014125
v 57.000000 4.000000 -0.006460
v 57.000000 4.500000 -0.000722
v 57.500000 -4.500000 0.006636
v 57.500000 -4.000000 0.008298
v 57.500000 -3.500000 0.011193
v 57.500000 -3.000000 0.005405
v 57.500000 -2.500000 -0.002335
v 57.500000 -2.000000 -0.002300
v 57.500000 -1.500000 -0.001492
v 57.500000 -1.000000 -0.008867
v 57.500000 -0.500000 -0.016487
v 57.500000 0.000000 -0.015434
v 57.500000 0.500000 -0.013753
v 57.500000 1.000000 -0.019523
v 57.500000 1.500000 -0.023932
v 57.500000 2.000000 -0.019209
v 57.500000 2.500000 -0.014528
v 57.500000 3.000000 -0.017143
v 57.500000 3.500000 -0.017595
v 57.500000 4.000000 -0.009424
v 57.500000 4.500000 -0.002796
v 58.000000 -4.500000 -0.001432
v 58.000000 -4.000000 0.001526
v 58.000000 -3.500000 0.006018
v 58.000000 -3.000000 0.002004
v 58.000000 -2.500000 -0.003918
v 58.000000 -2.000000 -0.002147
v 58.000000 -1.500000 0.000195
v 58.000000 -1.000000 -0.005945
v 58.000000 -0.500000 -0.012698
v 58.000000 0.000000 -0.011182
v 58.000000 0.500000 -0.009443
v 58.000000 1.000000 -0.015527
v 58.000000 1.500000 -0.020558
v 58.000000 2.000000 -0.016678
v 58.000000 2.500000 -0.012956
v 58.000000 3.000000 -0.016534
v 58.000000 3.500000 -0.017843
v 58.000000 4.000000 -0.010327
v 58.000000 4.500000 -0.004075
v 58.500000 -4.500000 -0.011090
v 58.500000 -4.000000 -0.007477
v 58.500000 -3.500000 -0.001826
v 58.500000 -3.000000 -0.004253
v 58.500000 -2.500000 -0.008262
v 58.500000 -2.000000 -0.004382
v 58.500000 -1.500000 0.000130
v 58.500000 -1.000000 -0.003920
v 58.500000 -0.500000 -0.008796
v 58.500000 0.000000 -0.005728
v 58.500000 0.500000 -0.002850
v 58.500000 1.000000 -0.008262
v 58.500000 1.500000 -0.013106
v 58.500000 2.000000 -0.009506
v 58.500000 2.500000 -0.006477
v 58.500000 3.000000 -0.011080
v 58.500000 3.500000 -0.013641
v 58.500000 4.000000 -0.007486
v 58.500000 4.500000 -0.002583
v 59.000000 -4.500000 -0.019175
v 59.000000 -4.000000 -0.015776
v 59.000000 -3.500000 -0.009841
v 59.000000 -3.000000 -0.011479
v 59.000000 -2.500000 -0.014224
v 59.000000 -2.000000 -0.008671
v 59.000000 -1.500000 -0.002177
v 59.000000 -1.000000 -0.004055
v 59.000000 -0.500000 -0.006707
v 59.000000 0.000000 -0.001506
v 59.000000 0.500000 0.003277
v 59.000000 1.000000 -0.000578
v 59.000000 1.500000 -0.004311
v 59.000000 2.000000 -0.000109
v 59.000000 2.500000 0.002983
v 59.000000 3.000000 -0.002085
v 59.000000 3.500000 -0.005594
v 59.000000 4.000000 -0.000789
v 59.000000 4.500000 0.002468
v 59.500000 -4.500000 -0.023027
v 59.500000 -4.000000 -0.020455
v 59.500000 -3.500000 -0.015067
v 59.500000 -3.000000 -0.016888
v 59.500000 -2.500000 -0.019403
v 59.500000 -2.000000 -0.013186
v 59.500000 -1.500000 -0.005608
v 59.500000 -1.000000 -0.006036
v 59.500000 -0.500000 -0.006953
v 59.500000 0.000000 0.000159
v 59.500000 0.500000 0.006904
v 59.500000 1.000000 0.004924
v 59.500000 1.500000 0.002849
v 59.500000 2.000000 0.008369
v 59.500000 2.500000 0.012341
v 59.500000 3.000000 0.007644
v 59.500000 3.500000 0.003964
v 59.500000 4.000000 0.008059
v 59.500000 4.500000 0.010106
v 60.000000 -4.500000 -0.021599
v 60.000000 -4.000000 -0.019867
v 60.000000 -3.500000 -0.015373
v 60.000000 -3.000000 -0.018035
v 60.000000 -2.500000 -0.021231
v 60.000000 -2.000000 -0.015444
v 60.000000 -1.500000 -0.007978
v 60.000000 -1.000000 -0.008159
v 60.000000 -0.500000 -0.008465
v 60.000000 0.000000 -0.000406
v 60.000000 0.500000 0.007562
v 60.000000 1.000000 0.006994
v 60.000000 1.500000 0.006411
v 60.000000 2.000000 0.013380
v 60.000000 2.500000 0.018637
v 60.000000 3.000000 0.014943
v 60.000000 3.500000 0.011886
v 60.000000 4.000000 0.016149
v 60.000000 4.500000 0.017872
v 60.500000 -4.500000 -0.015855
v 60.500000 -4.000000 -0.014343
v 60.500000 -3.500000 -0.010434
v 60.500000 -3.000000 -0.013964
v 60.500000 -2.500000 -0.018209
v 60.500000 -2.000000 -0.013538
v 60.500000 -1.500000 -0.007140
v 60.500000 -1.000000 -0.008237
v 60.500000 -0.500000 -0.009218
v 60.500000 0.000000 -0.001528
v 60.500000 0.500000 0.006408
v 60.500000 1.000000 0.006146
v 60.500000 1.500000 0.006171
v 60.500000 2.000000 0.013989
v 60.500000 2.500000 0.020246
v 60.500000 3.000000 0.017600
v 60.500000 3.500000 0.015523
v 60.500000 4.000000 0.020589
v 60.500000 4.500000 0.022836
v 61.000000 -4.500000 -0.008271
v 61.000000 -4.000000 -0.006028
v 61.000000 -3.500000 -0.001902
v 61.000000 -3.000000 -0.005717
v 61.000000 -2.500000 -0.010703
v 61.000000 -2.000000 -0.007153
v 61.000000 -1.500000 -0.002152
v 61.000000 -1.000000 -0.004803
v 61.000000 -0.500000 -0.007367
v 61.000000 0.000000 -0.001169
v 61.000000 0.500000 0.005477
v 61.000000 1.000000 0.004214
v 61.000000 1.500000 0.003587
v 61.000000 2.000000 0.011129
v 61.000000 2.500000 0.017476
v 61.000000 3.000000 0.015247
v 61.000000 3.500000 0.013844
v 61.000000 4.000000 0.019749
v 61.000000 4.500000 0.022894
v 61.500000 -4.500000 -0.001688
v 61.500000 -4.000000 0.002076
v 61.500000 -3.500000 0.007286
v 61.500000 -3.000000 0.004044
v 61.500000 -2.500000 -0.000914
v 61.500000 -2.000000 0.002121
v 61.500000 -1.500000 0.006104
v 61.500000 -1.000000 0.002008
v 61.500000 -0.500000 -0.002326
v 61.500000 0.000000 0.001903
v 61.500000 0.500000 0.006517
v 61.500000 1.000000 0.003293
v 61.500000 1.500000 0.000905
v 61.500000 2.000000 0.006993
v 61.500000 2.500000 0.012274
v 61.500000 3.000000 0.009414
v 61.500000 3.500000 0.007829
v 61.500000 4.000000 0.013978
v 61.500000 4.500000 0.017736
v 62.000000 -4.500000 0.001938
v 62.000000 -4.000000 0.007418
v 62.000000 -3.500000 0.014157
v 62.000000 -3.000000 0.012138
v 62.000000 -2.500000 0.007992
v 62.000000 -2.000000 0.011356
v 62.000000 -1.500000 0.015142
v 62.000000 -1.000000 0.010320
v 62.000000 -0.500000 0.004763
v 62.000000 0.000000 0.007344
v 62.000000 0.500000 0.009983
v 62.000000 1.000000 0.004583
v 62.000000 1.500000 -0.000045
v 62.000000 2.000000 0.003882
v 62.000000 2.500000 0.007219
v 62.000000 3.000000 0.002749
v 62.000000 3.500000 -0.000017
v 62.000000 4.000000 0.005443
v 62.000000 4.500000 0.009029
v 62.500000 -4.500000 0.002314
v 62.500000 -4.000000 0.008938
v 62.500000 -3.500000 0.016939
v 62.500000 -3.000000 0.016187
v 62.500000 -2.500000 0.013196
v 62.500000 -2.000000 0.017485
v 62.500000 -1.500000 0.021867
v 62.500000 -1.000000 0.017232
v 62.500000 -0.500000 0.011407
v 62.500000 0.000000 0.013247
v 62.500000 0.500000 0.014697
v 62.500000 1.000000 0.007716
v 62.500000 1.500000 0.001206
v 62.500000 2.000000 0.003064
v 62.500000 2.500000 0.004277
v 62.500000 3.000000 -0.002231
v 62.500000 3.500000 -0.006814
v 62.500000 4.000000 -0.002827
v 62.500000 4.500000 -0.000269
v 63.000000 -4.500000 0.000760
v 63.000000 -4.000000 0.007377
v 63.000000 -3.500000 0.015704
v 63.000000 -3.000000 0.015559
v 63.000000 -2.500000 0.013380
v 63.000000 -2.000000 0.018590
v 63.000000 -1.500000 0.023891
v 63.000000 -1.000000 0.020064
v 63.000000 -0.500000 0.014831
v 63.000000 0.000000 0.016964
v 63.000000 0.500000 0.018344
v 63.000000 1.000000 0.010901
v 63.000000 1.500000 0.003540
v 63.000000 2.000000 0.004196
v 63.000000 2.500000 0.003926
v 63.000000 3.000000 -0.004249
v 63.000000 3.500000 -0.010564
v 63.000000 4.000000 -0.008247
v 63.000000 4.500000 -0.007169
v 63.500000 -4.500000 -0.000617
v 63.500000 -4.000000 0.004733
v 63.500000 -3.500000 0.012149
v 63.500000 -3.000000 0.011492
v 63.500000 -2.500000 0.009204
v 63.500000 -2.000000 0.014679
v 63.500000 -1.500000 0.020562
v 63.500000 -1.000000 0.017548
v 63.500000 -0.500000 0.013255
v 63.500000 0.000000 0.016344
v 63.500000 0.500000 0.018587
v 63.500000 1.000000 0.011815
v 63.500000 1.500000 0.004854
v 63.500000 2.000000 0.005584
v 63.500000 2.500000 0.005043
v 63.500000 3.000000 -0.003735
v 63.500000 3.500000 -0.010943
v 63.500000 4.000000 -0.009733
v 63.500000 4.500000 -0.009878
v 64.000000 -4.500000 -0.000108
v 64.000000 -4.000000 0.003140
v 64.000000 -3.500000 0.008645
v 64.000000 -3.000000 0.006385
v 64.000000 -2.500000 0.002891
v 64.000000 -2.000000 0.007620
v 64.000000 -1.500000 0.013238
v 64.000000 -1.000000 0.010426
v 64.000000 -0.500000 0.006757
v 64.000000 0.000000 0.010811
v 64.000000 0.500000 0.014260
v 64.000000 1.000000 0.008819
v 64.000000 1.500000 0.003192
v 64.000000 2.000000 0.005147
v 64.000000 2.500000 0.005618
v 64.000000 3.000000 -0.002437
v 64.000000 3.500000 -0.009259
v 64.000000 4.000000 -0.008015
v 64.000000 4.500000 -0.008461
v 64.500000 -4.500000 0.002644
v 64.500000 -4.000000 0.003738
v 64.500000 -3.500000 0.007013
v 64.500000 -3.000000 0.002590
v 64.500000 -2.500000 -0.002860
v 64.500000 -2.000000 0.000242
v 64.500000 -1.500000 0.004663
v 64.500000 -1.000000 0.001156
v 64.500000 -0.500000 -0.002674
v 64.500000 0.000000 0.001750
v 64.500000 0.500000 0.006060
v 64.500000 1.000000 0.001895
v 64.500000 1.500000 -0.002144
v 64.500000 2.000000 0.001590
v 64.500000 2.500000 0.003900
v 64.500000 3.000000 -0.002389
v 64.500000 3.500000 -0.007635
v 64.500000 4.000000 -0.005107
v 64.500000 4.500000 -0.004633
v 65.000000 -4.500000 0.006395
v 65.000000 -4.000000 0.006077
v 65.000000 -3.500000 0.007639
v 65.000000 -3.000000 0.001306
v 65.000000 -2.500000 -0.006124
v 65.000000 -2.000000 -0.004939
v 65.000000 -1.500000 -0.002236
v 65.000000 -1.000000 -0.007139
v 65.000000 -0.500000 -0.011939
v 65.000000 0.000000 -0.007984
v 65.000000 0.500000 -0.003602
v 65.000000 1.000000 -0.007153
v 65.000000 1.500000 -0.010069
v 65.000000 2.000000 -0.004776
v 65.000000 2.500000 -0.000571
v 65.000000 3.000000 -0.004754
v 65.000000 3.500000 -0.007821
v 65.000000 4.000000 -0.003183
v 65.000000 4.500000 -0.000800
v 65.500000 -4.500000 0.008885
v 65.500000 -4.000000 0.008356
v 65.500000 -3.500000 0.009338
v 65.500000 -3.000000 0.002083
v 65.500000 -2.500000 -0.006559
v 65.500000 -2.000000 -0.006788
v 65.500000 -1.500000 -0.005596
v 65.500000 -1.000000 -0.011985
v 65.500000 -0.500000 -0.018122
v 65.500000 0.000000 -0.015238
v 65.500000 0.500000 -0.011557
v 65.500000 1.000000 -0.015361
v 65.500000 1.500000 -0.018037
v 65.500000 2.000000 -0.012000
v 65.500000 2.500000 -0.006575
v 65.500000 3.000000 -0.009122
v 65.500000 3.500000 -0.010234
v 65.500000 4.000000 -0.003440
v 65.500000 4.500000 0.001163
v 66.000000 -4.500000 0.007977
v 66.000000 -4.000000 0.008369
v 66.000000 -3.500000 0.010042
v 66.000000 -3.000000 0.003178
v 66.000000 -2.500000 -0.005406
v 66.000000 -2.000000 -0.005917
v 66.000000 -1.500000 -0.005316
v 66.000000 -1.000000 -0.012546
v 66.000000 -0.500000 -0.019687
v 66.000000 0.000000 -0.017866
v 66.000000 0.500000 -0.015195
v 66.000000 1.000000 -0.019844
v 66.000000 1.500000 -0.023095
v 66.000000 2.000000 -0.017283
v 66.000000 2.500000 -0.011674
v 66.000000 3.000000 -0.013608
v 66.000000 3.500000 -0.013688
v 66.000000 4.000000 -0.005490
v 66.000000 4.500000 0.000810
v 66.500000 -4.500000 0.002800
v 66.500000 -4.000000 0.004708
v 66.500000 -3.500000 0.007945
v 66.500000 -3.000000 0.002570
v 66.500000 -2.500000 -0.004712
v 66.500000 -2.000000 -0.004196
v 66.500000 -1.500000 -0.002909
v 66.500000 -1.000000 -0.009824
v 66.500000 -0.500000 -0.017018
v 66.500000 0.000000 -0.015580
v 66.500000 0.500000 -0.013558
v 66.500000 1.000000 -0.019030
v 66.500000 1.500000 -0.023177
v 66.500000 2.000000 -0.018220
v 66.500000 2.500000 -0.013322
v 66.500000 3.000000 -0.015727
v 66.500000 3.500000 -0.015968
v 66.500000 4.000000 -0.007579
v 66.500000 4.500000 -0.000724
v 67.000000 -4.500000 -0.005661
v 67.000000 -4.000000 -0.002385
v 67.000000 -3.500000 0.002562
v 67.000000 -3.000000 -0.000883
v 67.000000 -2.500000 -0.006150
v 67.000000 -2.000000 -0.003670
v 67.000000 -1.500000 -0.000598
v 67.000000 -1.000000 -0.006017
v 67.000000 -0.500000 -0.012090
v 67.000000 0.000000 -0.009960
v 67.000000 0.500000 -0.007690
v 67.000000 1.000000 -0.013342
v 67.000000 1.500000 -0.018044
v 67.000000 2.000000 -0.013939
v 67.000000 2.500000 -0.010088
v 67.000000 3.000000 -0.013623
v 67.000000 3.500000 -0.014960
v 67.000000 4.000000 -0.007527
v 67.000000 4.500000 -0.001396
v 67.500000 -4.500000 -0.014844
v 67.500000 -4.000000 -0.010933
v 67.500000 -3.500000 -0.004846
v 67.500000 -3.000000 -0.006710
v 67.500000 -2.500000 -0.010051
v 67.500000 -2.000000 -0.005422
v 67.500000 -1.500000 -0.000114
v 67.500000 -1.000000 -0.003352
v 67.500000 -0.500000 -0.007438
v 67.500000 0.000000 -0.003636
v 67.500000 0.500000 -0.000109
v 67.500000 1.000000 -0.004986
v 67.500000 1.500000 -0.009427
v 67.500000 2.000000 -0.005568
v 67.500000 2.500000 -0.002428
v 67.500000 3.000000 -0.007065
v 67.500000 3.500000 -0.009793
v 67.500000 4.000000 -0.003921
v 67.500000 4.500000 0.000603
v 68.000000 -4.500000 -0.021631
v 68.000000 -4.000000 -0.017981
v 68.000000 -3.500000 -0.011701
v 68.000000 -3.000000 -0.012896
v 68.000000 -2.500000 -0.015110
v 68.000000 -2.000000 -0.008949
v 68.000000 -1.500000 -0.001788
v 68.000000 -1.000000 -0.002968
v 68.000000 -0.500000 -0.004917
v 68.000000 0.000000 0.000959
v 68.000000 0.500000 0.006359
v 68.000000 1.000000 0.003031
v 68.000000 1.500000 -0.000292
v 68.000000 2.000000 0.004181
v 68.000000 2.500000 0.007391
v 68.000000 3.000000 0.002279
v 68.000000 3.500000 -0.001434
v 68.000000 4.000000 0.003017
v 68.000000 4.500000 0.005786
v 68.500000 -4.500000 -0.023676
v 68.500000 -4.000000 -0.020860
v 68.500000 -3.500000 -0.015209
v 68.500000 -3.000000 -0.016740
v 68.500000 -2.500000 -0.018931
v 68.500000 -2.000000 -0.012354
v 68.500000 -1.500000 -0.004382
v 68.500000 -1.000000 -0.004389
v 68.500000 -0.500000 -0.004871
v 68.500000 0.000000 0.002673
v 68.500000 0.500000 0.009826
v 68.500000 1.000000 0.008207
v 68.500000 1.500000 0.006421
v 68.500000 2.000000 0.012136
v 68.500000 2.500000 0.016190
v 68.500000 3.000000 0.011445
v 68.500000 3.500000 0.007579
v 68.500000 4.000000 0.011346
v 68.500000 4.500000 0.012932
v 69.000000 -4.500000 -0.020399
v 69.000000 -4.000000 -0.018365
v 69.000000 -3.500000 -0.013634
v 69.000000 -3.000000 -0.016115
v 69.000000 -2.500000 -0.019175
v 69.000000 -2.000000 -0.013283
v 69.000000 -1.500000 -0.005734
v 69.000000 -1.000000 -0.005843
v 69.000000 -0.500000 -0.006080
v 69.000000 0.000000 0.002046
v 69.000000 0.500000 0.010077
v 69.000000 1.000000 0.009563
v 69.000000 1.500000 0.009014
v 69.000000 2.000000 0.015984
v 69.000000 2.500000 0.021194
v 69.000000 3.000000 0.017391
v 69.000000 3.500000 0.014150
v 69.000000 4.000000 0.018144
v 69.000000 4.500000 0.019507
v 69.500000 -4.500000 -0.013217
v 69.500000 -4.000000 -0.011309
v 69.500000 -3.500000 -0.007131
v 69.500000 -3.000000 -0.010517
v 69.500000 -2.500000 -0.014735
v 69.500000 -2.000000 -0.010143
v 69.500000 -1.500000 -0.003913
v 69.500000 -1.000000 -0.005244
v 69.500000 -0.500000 -0.006506
v 69.500000 0.000000 0.000875
v 69.500000 0.500000 0.008493
v 69.500000 1.000000 0.007917
v 69.500000 1.500000 0.007641
v 69.500000 2.000000 0.015177
v 69.500000 2.500000 0.021170
v 69.500000 3.000000 0.018273
v 69.500000 3.500000 0.015950
v 69.500000 4.000000 0.020768
v 69.500000 4.500000 0.022752
v 70.000000 -4.500000 -0.004883
v 70.000000 -4.000000 -0.002187
v 70.000000 -3.500000 0.002249
v 70.000000 -3.000000 -0.001412
v 70.000000 -2.500000 -0.006403
v 70.000000 -2.000000 -0.003010
v 70.000000 -1.500000 0.001693
v 70.000000 -1.000000 -0.001376
v 70.000000 -0.500000 -0.004455
v 70.000000 0.000000 0.001161
v 70.000000 0.500000 0.007187
v 70.000000 1.000000 0.005295
v 70.000000 1.500000 0.004056
v 70.000000 2.000000 0.011027
v 70.000000 2.500000 0.016861
v 70.000000 3.000000 0.014189
v 70.000000 3.500000 0.012419
v 70.000000 4.000000 0.018032
v 70.000000 4.500000 0.020955
v 70.500000 -4.500000 0.001737
v 70.500000 -4.000000 0.005904
v 70.500000 -3.500000 0.011398
v 70.500000 -3.000000 0.008304
v 70.500000 -2.500000 0.003342
v 70.500000 -2.000000 0.006218
v 70.500000 -1.500000 0.009886
v 70.500000 -1.000000 0.005333
v 70.500000 -0.500000 0.000416
v 70.500000 0.000000 0.003961
v 70.500000 0.500000 0.007821
v 70.500000 1.000000 0.003807
v 70.500000 1.500000 0.000626
v 70.500000 2.000000 0.005953
v 70.500000 2.500000 0.010538
v 70.500000 3.000000 0.007071
v 70.500000 3.500000 0.004989
v 70.500000 4.000000 0.010766
v 70.500000 4.500000 0.014282
v 71.000000 -4.500000 0.004883
v 71.000000 -4.000000 0.010570
v 71.000000 -3.500000 0.017453
v 71.000000 -3.000000 0.015495
v 71.000000 -2.500000 0.011312
v 71.000000 -2.000000 0.014526
v 71.000000 -1.500000 0.018041
v 71.000000 -1.000000 0.012826
v 71.000000 -0.500000 0.006762
v 71.000000 0.000000 0.008731
v 71.000000 0.500000 0.010676
v 71.000000 1.000000 0.004525
v 71.000000 1.500000 -0.000880
v 71.000000 2.000000 0.002277
v 71.000000 2.500000 0.004884
v 71.000000 3.000000 -0.000240
v 71.000000 3.500000 -0.003556
v 71.000000 4.000000 0.001483
v 71.000000 4.500000 0.004795
v 71.500000 -4.500000 0.004558
v 71.500000 -4.000000 0.011076
v 71.500000 -3.500000 0.018965
v 71.500000 -3.000000 0.018086
v 71.500000 -2.500000 0.014941
v 71.500000 -2.000000 0.019041
v 71.500000 -1.500000 0.023183
v 71.500000 -1.000000 0.018251
v 71.500000 -0.500000 0.012064
v 71.500000 0.000000 0.013478
v 71.500000 0.500000 0.014442
v 71.500000 1.000000 0.006925
v 71.500000 1.500000 -0.000154
v 71.500000 2.000000 0.001122
v 71.500000 2.500000 0.001765
v 71.500000 3.000000 -0.005273
v 71.500000 3.500000 -0.010317
v 71.500000 4.000000 -0.006697
v 71.500000 4.500000 -0.004386
v 72.000000 -4.500000 0.002327
v 72.000000 -4.000000 0.008493
v 72.000000 -3.500000 0.016397
v 72.000000 -3.000000 0.015869
v 72.000000 -2.500000 0.013347
v 72.000000 -2.000000 0.018255
v 72.000000 -1.500000 0.023288
v 72.000000 -1.000000 0.019221
v 72.000000 -0.500000 0.013763
v 72.000000 0.000000 0.015676
v 72.000000 0.500000 0.016834
v 72.000000 1.000000 0.009161
v 72.000000 1.500000 0.001559
v 72.000000 2.000000 0.001965
v 72.000000 2.500000 0.001443
v 72.000000 3.000000 -0.006972
v 72.000000 3.500000 -0.013502
v 72.000000 4.000000 -0.011357
v 72.000000 4.500000 -0.010388
v 72.500000 -4.500000 0.000387
v 72.500000 -4.000000 0.005020
v 72.500000 -3.500000 0.011753
v 72.500000 -3.000000 0.010471
v 72.500000 -2.500000 0.007637
v 72.500000 -2.000000 0.012661
v 72.500000 -1.500000 0.018193
v 72.500000 -1.000000 0.014929
v 72.500000 -0.500000 0.010482
v 72.500000 0.000000 0.013503
v 72.500000 0.500000 0.015749
v 72.500000 1.000000 0.009036
v 72.500000 1.500000 0.002172
v 72.500000 2.000000 0.003025
v 72.500000 2.500000 0.002619
v 72.500000 3.000000 -0.006022
v 72.500000 3.500000 -0.013093
v 72.500000 4.000000 -0.011747
v 72.500000 4.500000 -0.011753
v 73.000000 -4.500000 0.000369
v 73.000000 -4.000000 0.002805
v 73.000000 -3.500000 0.007512
v 73.000000 -3.000000 0.004501
v 73.000000 -2.500000 0.000338
v 73.000000 -2.000000 0.004503
v 73.000000 -1.500000 0.009684
v 73.000000 -1.000000 0.006578
v 73.000000 -0.500000 0.002761
v 73.000000 0.000000 0.006811
v 73.000000 0.500000 0.010392
v 73.000000 1.000000 0.005200
v 73.000000 1.500000 -0.000079
v 73.000000 2.000000 0.002297
v 73.000000 2.500000 0.003237
v 73.000000 3.000000 -0.004327
v 73.000000 3.500000 -0.010656
v 73.000000 4.000000 -0.008940
v 73.000000 4.500000 -0.008948
v 73.500000 -4.500000 0.002466
v 73.500000 -4.000000 0.002858
v 73.500000 -3.500000 0.005420
v 73.500000 -3.000000 0.000303
v 73.500000 -2.500000 -0.005787
v 73.500000 -2.000000 -0.003242
v 73.500000 -1.500000 0.000734
v 73.500000 -1.000000 -0.003083
v 73.500000 -0.500000 -0.007071
v 73.500000 0.000000 -0.002644
v 73.500000 0.500000 0.001829
v 73.500000 1.000000 -0.002020
v 73.500000 1.500000 -0.005604
v 73.500000 2.000000 -0.001300
v 73.500000 2.500000 0.001667
v 73.500000 3.000000 -0.003908
v 73.500000 3.500000 -0.008417
v 73.500000 4.000000 -0.005162
v 73.500000 4.500000 -0.004000
v 74.000000 -4.500000 0.005320
v 74.000000 -4.000000 0.004572
v 74.000000 -3.500000 0.005685
v 74.000000 -3.000000 -0.001097
v 74.000000 -2.500000 -0.008957
v 74.000000 -2.000000 -0.008158
v 74.000000 -1.500000 -0.005775
v 74.000000 -1.000000 -0.010906
v 74.000000 -0.500000 -0.015822
v 74.000000 0.000000 -0.011855
v 74.000000 0.500000 -0.007323
v 74.000000 1.000000 -0.010580
v 74.000000 1.500000 -0.013065
v 74.000000 2.000000 -0.007214
v 74.000000 2.500000 -0.002345
v 74.000000 3.000000 -0.005783
v 74.000000 3.500000 -0.008055
v 74.000000 4.000000 -0.002607
v 74.000000 4.500000 0.000568
v 74.500000 -4.500000 0.006714
v 74.500000 -4.000000 0.006094
v 74.500000 -3.500000 0.006991
v 74.500000 -3.000000 -0.000350
v 74.500000 -2.500000 -0.009075
v 74.500000 -2.000000 -0.009378
v 74.500000 -1.500000 -0.008240
v 74.500000 -1.000000 -0.014653
v 74.500000 -0.500000 -0.020766
v 74.500000 0.000000 -0.017795
v 74.500000 0.500000 -0.013953
v 74.500000 1.000000 -0.017509
v 74.500000 1.500000 -0.019844
v 74.500000 2.000000 -0.013372
v 74.500000 2.500000 -0.007424
v 74.500000 3.000000 -0.009372
v 74.500000 3.500000 -0.009828
v 74.500000 4.000000 -0.002344
v 74.500000 4.500000 0.002955
v 75.000000 -4.500000 0.004742
v 75.000000 -4.000000 0.005342
v 75.000000 -3.500000 0.007273
v 75.000000 -3.000000 0.000697
v 75.000000 -2.500000 -0.007587
v 75.000000 -2.000000 -0.007799
v 75.000000 -1.500000 -0.006909
v 75.000000 -1.000000 -0.013866
v 75.000000 -0.500000 -0.020751
v 75.000000 0.000000 -0.018685
v 75.000000 0.500000 -0.015774
v 75.000000 1.000000 -0.020177
v 75.000000 1.500000 -0.023168
v 75.000000 2.000000 -0.017071
v 75.000000 2.500000 -0.011148
v 75.000000 3.000000 -0.012733
v 75.000000 3.500000 -0.012431
v 75.000000 4.000000 -0.003825
v 75.000000 4.500000 0.002897
v 75.500000 -4.500000 -0.001116
v 75.500000 -4.000000 0.001176
v 75.500000 -3.500000 0.004899
v 75.500000 -3.000000 0.000083
v 75.500000 -2.500000 -0.006596
v 75.500000 -2.000000 -0.005463
v 75.500000 -1.500000 -0.003570
v 75.500000 -1.000000 -0.009913
v 75.500000 -0.500000 -0.016589
v 75.500000 0.000000 -0.014699
v 75.500000 0.500000 -0.012297
v 75.500000 1.000000 -0.017463
v 75.500000 1.500000 -0.021371
v 75.500000 2.000000 -0.016235
v 75.500000 2.500000 -0.011206
v 75.500000 3.000000 -0.013516
v 75.500000 3.500000 -0.013685
v 75.500000 4.000000 -0.005236
v 75.500000 4.500000 0.001673
v 76.000000 -4.500000 -0.009559
v 76.000000 -4.000000 -0.005859
v 76.000000 -3.500000 -0.000359
v 76.000000 -3.000000 -0.003144
v 76.000000 -2.500000 -0.007673
v 76.000000 -2.000000 -0.004412
v 76.000000 -1.500000 -0.000548
v 76.000000 -1.000000 -0.005201
v 76.000000 -0.500000 -0.010564
v 76.000000 0.000000 -0.007807
v 76.000000 0.500000 -0.005016
v 76.000000 1.000000 -0.010267
v 76.000000 1.500000 -0.014696
v 76.000000 2.000000 -0.010445
v 76.000000 2.500000 -0.006569
v 76.000000 3.000000 -0.010186
v 76.000000 3.500000 -0.011696
v 76.000000 4.000000 -0.004506
v 76.000000 4.500000 0.001333
v 76.500000 -4.500000 -0.011345
v 76.500000 -4.000000 -0.007068
v 76.500000 -3.500000 -0.000497
v 76.500000 -3.000000 -0.001768
v 76.500000 -2.500000 -0.004427
v 76.500000 -2.000000 0.000947
v 76.500000 -1.500000 0.007035
v 76.500000 -1.000000 0.004576
v 76.500000 -0.500000 0.001236
v 76.500000 0.000000 0.005717
v 76.500000 0.500000 0.009823
v 76.500000 1.000000 0.005402
v 76.500000 1.500000 0.001273
v 76.500000 2.000000 0.005289
v 76.500000 2.500000 0.008427
v 76.500000 3.000000 0.003634
v 76.500000 3.500000 0.000607
v 76.500000 4.000000 0.006058
v 76.500000 4.500000 0.010064
v 77.000000 -4.500000 0.002674
v 77.000000 -4.000000 0.006609
v 77.000000 -3.500000 0.013241
v 77.000000 -3.000000 0.012464
v 77.000000 -2.500000 0.010733
v 77.000000 -2.000000 0.017431
v 77.000000 -1.500000 0.025168
v 77.000000 -1.000000 0.024582
v 77.000000 -0.500000 0.023220
v 77.000000 0.000000 0.029649
v 77.000000 0.500000 0.035539
v 77.000000 1.000000 0.032609
v 77.000000 1.500000 0.029571
v 77.000000 2.000000 0.034191
v 77.000000 2.500000 0.037400
v 77.000000 3.000000 0.032131
v 77.000000 3.500000 0.028108
v 77.000000 4.000000 0.032104
v 77.000000 4.500000 0.034292
v 77.500000 -4.500000 0.033357
v 77.500000 -4.000000 0.036419
v 77.500000 -3.500000 0.042303
v 77.500000 -3.000000 0.041000
v 77.500000 -2.500000 0.039040
v 77.500000 -2.000000 0.045860
v 77.500000 -1.500000 0.054086
v 77.500000 -1.000000 0.054344
v 77.500000 -0.500000 0.054131
v 77.500000 0.000000 0.061936
v 77.500000 0.500000 0.069327
v 77.500000 1.000000 0.067906
v 77.500000 1.500000 0.066257
v 77.500000 2.000000 0.072030
v 77.500000 2.500000 0.076044
v 77.500000 3.000000 0.071151
v 77.500000 3.500000 0.067017
v 77.500000 4.000000 0.070398
v 77.500000 4.500000 0.071482
v 78.000000 -4.500000 0.079004
v 78.000000 -4.000000 0.081312
v 78.000000 -3.500000 0.086221
v 78.000000 -3.000000 0.083833
v 78.000000 -2.500000 0.080795
v 78.000000 -2.000000 0.086651
v 78.000000 -1.500000 0.094125
v 78.000000 -1.000000 0.093915
v 78.000000 -0.500000 0.093562
v 78.000000 0.000000 0.101568
v 78.000000 0.500000 0.109481
v 78.000000 1.000000 0.108847
v 78.000000 1.500000 0.108174
v 78.000000 2.000000 0.115008
v 78.000000 2.500000 0.120059
v 78.000000 3.000000 0.116064
v 78.000000 3.500000 0.112584
v 78.000000 4.000000 0.116285
v 78.000000 4.500000 0.117293
v 78.500000 -4.500000 0.135414
v 78.500000 -4.000000 0.137652
v 78.500000 -3.500000 0.142015
v 78.500000 -3.000000 0.138670
v 78.500000 -2.500000 0.134356
v 78.500000 -2.000000 0.138732
v 78.500000 -1.500000 0.144646
v 78.500000 -1.000000 0.142920
v 78.500000 -0.500000 0.141212
v 78.500000 0.000000 0.148118
v 78.500000 0.500000 0.155258
v 78.500000 1.000000 0.154217
v 78.500000 1.500000 0.153507
v 78.500000 2.000000 0.160648
v 78.500000 2.500000 0.166290
v 78.500000 3.000000 0.163084
v 78.500000 3.500000 0.160491
v 78.500000 4.000000 0.165068
v 78.500000 4.500000 0.166831
v 79.000000 -4.500000 0.196824
v 79.000000 -4.000000 0.199868
v 79.000000 -3.500000 0.204502
v 79.000000 -3.000000 0.200880
v 79.000000 -2.500000 0.195766
v 79.000000 -2.000000 0.198881
v 79.000000 -1.500000 0.203164
v 79.000000 -1.000000 0.199555
v 79.000000 -0.500000 0.195843
v 79.000000 0.000000 0.200762
v 79.000000 0.500000 0.206061
v 79.000000 1.000000 0.203444
v 79.000000 1.500000 0.201514
v 79.000000 2.000000 0.207851
v 79.000000 2.500000 0.213132
v 79.000000 3.000000 0.210001
v 79.000000 3.500000 0.207874
v 79.000000 4.000000 0.213235
v 79.000000 4.500000 0.216003
v 79.500000 -4.500000 0.257352
v 79.500000 -4.000000 0.261780
v 79.500000 -3.500000 0.267425
v 79.500000 -3.000000 0.264355
v 79.500000 -2.500000 0.259279
v 79.500000 -2.000000 0.261896
v 79.500000 -1.500000 0.265165
v 79.500000 -1.000000 0.260081
v 79.500000 -0.500000 0.254521
v 79.500000 0.000000 0.257336
v 79.500000 0.500000 0.260408
v 79.500000 1.000000 0.255583
v 79.500000 1.500000 0.251604
v 79.500000 2.000000 0.256178
v 79.500000 2.500000 0.260089
v 79.500000 3.000000 0.256054
v 79.500000 3.500000 0.253532
v 79.500000 4.000000 0.259010
v 79.500000 4.500000 0.262375
v 80.000000 -4.500000 0.312346
v 80.000000 -4.000000 0.318079
v 80.000000 -3.500000 0.324960
v 80.000000 -3.000000 0.322940
v 80.000000 -2.500000 0.318619
v 80.000000 -2.000000 0.321606
v 80.000000 -1.500000 0.324801
v 80.000000 -1.000000 0.319169
v 80.000000 -0.500000 0.312595
v 80.000000 0.000000 0.313973
v 80.000000 0.500000 0.315264
v 80.000000 1.000000 0.308419
v 80.000000 1.500000 0.302308
v 80.000000 2.000000 0.304778
v 80.000000 2.500000 0.306748
v 80.000000 3.000000 0.301069
v 80.000000 3.500000 0.297309
v 80.000000 4.000000 0.302037
v 80.000000 4.500000 0.305189
v 80.500000 -4.500000 0.359082
v 80.500000 -4.000000 0.365338
v 80.500000 -3.500000 0.372979
v 80.500000 -3.000000 0.371863
v 80.500000 -2.500000 0.368484
v 80.500000 -2.000000 0.372342
v 80.500000 -1.500000 0.376227
v 80.500000 -1.000000 0.371012
v 80.500000 -0.500000 0.364510
v 80.500000 0.000000 0.365572
v 80.500000 0.500000 0.366148
v 80.500000 1.000000 0.358214
v 80.500000 1.500000 0.350700
v 80.500000 2.000000 0.351538
v 80.500000 2.500000 0.351763
v 80.500000 3.000000 0.344347
v 80.500000 3.500000 0.338990
v 80.500000 4.000000 0.342387
v 80.500000 4.500000 0.344582
v 81.000000 -4.500000 0.396590
v 81.000000 -4.000000 0.402187
v 81.000000 -3.500000 0.409570
v 81.000000 -3.000000 0.408582
v 81.000000 -2.500000 0.405669
v 81.000000 -2.000000 0.410256
v 81.000000 -1.500000 0.415036
v 81.000000 -1.000000 0.410772
v 81.000000 -0.500000 0.405167
v 81.000000 0.000000 0.406967
v 81.000000 0.500000 0.408035
v 81.000000 1.000000 0.400285
v 81.000000 1.500000 0.392610
v 81.000000 2.000000 0.392946
v 81.000000 2.500000 0.392357
v 81.000000 3.000000 0.383882
v 81.000000 3.500000 0.377309
v 81.000000 4.000000 0.379440
v 81.000000 4.500000 0.380440
v 81.500000 -4.500000 0.424794
v 81.500000 -4.000000 0.428656
v 81.500000 -3.500000 0.434667
v 81.500000 -3.000000 0.432741
v 81.500000 -2.500000 0.429363
v 81.500000 -2.000000 0.433959
v 81.500000 -1.500000 0.439188
v 81.500000 -1.000000 0.435746
v 81.500000 -0.500000 0.431242
v 81.500000 0.000000 0.434313
v 81.500000 0.500000 0.436703
v 81.500000 1.000000 0.430206
v 81.500000 1.500000 0.423611
v 81.500000 2.000000 0.424765
v 81.500000 2.500000 0.424673
v 81.500000 3.000000 0.416345
v 81.500000 3.500000 0.409577
v 81.500000 4.000000 0.411208
v 81.500000 4.500000 0.411469
v 82.000000 -4.500000 0.443447
v 82.000000 -4.000000 0.445096
v 82.000000 -3.500000 0.449042
v 82.000000 -3.000000 0.445332
v 82.000000 -2.500000 0.440560
v 82.000000 -2.000000 0.444236
v 82.000000 -1.500000 0.449067
v 82.000000 -1.000000 0.445764
v 82.000000 -0.500000 0.441909
v 82.000000 0.000000 0.446076
v 82.000000 0.500000 0.449918
v 82.000000 1.000000 0.445114
v 82.000000 1.500000 0.440324
v 82.000000 2.000000 0.443265
v 82.000000 2.500000 0.444816
v 82.000000 3.000000 0.437881
v 82.000000 3.500000 0.432168
v 82.000000 4.000000 0.434466
v 82.000000 4.500000 0.434986
v 82.500000 -4.500000 0.451465
v 82.500000 -4.000000 0.451252
v 82.500000 -3.500000 0.453211
v 82.500000 -3.000000 0.447520
v 82.500000 -2.500000 0.440912
v 82.500000 -2.000000 0.443026
v 82.500000 -1.500000 0.446683
v 82.500000 -1.000000 0.442679
v 82.500000 -0.500000 0.438653
v 82.500000 0.000000 0.443197
v 82.500000 0.500000 0.447943
v 82.500000 1.000000 0.444515
v 82.500000 1.500000 0.441482
v 82.500000 2.000000 0.446445
v 82.500000 2.500000 0.450150
v 82.500000 3.000000 0.445359
v 82.500000 3.500000 0.441645
v 82.500000 4.000000 0.445671
v 82.500000 4.500000 0.447549
v 83.000000 -4.500000 0.447005
v 83.000000 -4.000000 0.445977
v 83.000000 -3.500000 0.446804
v 83.000000 -3.000000 0.439741
v 83.000000 -2.500000 0.431620
v 83.000000 -2.000000 0.432196
v 83.000000 -1.500000 0.434415
v 83.000000 -1.000000 0.429197
v 83.000000 -0.500000 0.424289
v 83.000000 0.000000 0.428375
v 83.000000 0.500000 0.433145
v 83.000000 1.000000 0.430248
v 83.000000 1.500000 0.428242
v 83.000000 2.000000 0.434679
v 83.000000 2.500000 0.440223
v 83.000000 3.000000 0.437524
v 83.000000 3.500000 0.436026
v 83.000000 4.000000 0.442252
v 83.000000 4.500000 0.446170
v 83.500000 -4.500000 0.428286
v 83.500000 -4.000000 0.427747
v 83.500000 -3.500000 0.428738
v 83.500000 -3.000000 0.421498
v 83.500000 -2.500000 0.412876
v 83.500000 -2.000000 0.412675
v 83.500000 -1.500000 0.413920
v 83.500000 -1.000000 0.407628
v 83.500000 -0.500000 0.401659
v 83.500000 0.000000 0.404808
v 83.500000 0.500000 0.408875
v 83.500000 1.000000 0.405600
v 83.500000 1.500000 0.403610
v 83.500000 2.000000 0.410492
v 83.500000 2.500000 0.416912
v 83.500000 3.000000 0.415490
v 83.500000 3.500000 0.415599
v 83.500000 4.000000 0.423666
v 83.500000 4.500000 0.429543
v 84.000000 -4.500000 0.394750
v 84.000000 -4.000000 0.395716
v 84.000000 -3.500000 0.398070
v 84.000000 -3.000000 0.391950
v 84.000000 -2.500000 0.384131
v 84.000000 -2.000000 0.384374
v 84.000000 -1.500000 0.385692
v 84.000000 -1.000000 0.379128
v 84.000000 -0.500000 0.372595
v 84.000000 0.000000 0.374973
v 84.000000 0.500000 0.378159
v 84.000000 1.000000 0.374003
v 84.000000 1.500000 0.371241
v 84.000000 2.000000 0.377559
v 84.000000 2.500000 0.383705
v 84.000000 3.000000 0.382350
v 84.000000 3.500000 0.382893
v 84.000000 4.000000 0.391750
v 84.000000 4.500000 0.398726
v 84.500000 -4.500000 0.347985
v 84.500000 -4.000000 0.350786
v 84.500000 -3.500000 0.355117
v 84.500000 -3.000000 0.350979
v 84.500000 -2.500000 0.345014
v 84.500000 -2.000000 0.346867
v 84.500000 -1.500000 0.349454
v 84.500000 -1.000000 0.343752
v 84.500000 -0.500000 0.337643
v 84.500000 0.000000 0.340010
v 84.500000 0.500000 0.342790
v 84.500000 1.000000 0.337901
v 84.500000 1.500000 0.334172
v 84.500000 2.000000 0.339399
v 84.500000 2.500000 0.344444
v 84.500000 3.000000 0.342091
v 84.500000 3.500000 0.341835
v 84.500000 4.000000 0.350169
v 84.500000 4.500000 0.356949
v 85.000000 -4.500000 0.291916
v 85.000000 -4.000000 0.296117
v 85.000000 -3.500000 0.302237
v 85.000000 -3.000000 0.300166
v 85.000000 -2.500000 0.296414
v 85.000000 -2.000000 0.300485
v 85.000000 -1.500000 0.305153
v 85.000000 -1.000000 0.301267
v 85.000000 -0.500000 0.296599
v 85.000000 0.000000 0.299950
v 85.000000 0.500000 0.303213
v 85.000000 1.000000 0.298295
v 85.000000 1.500000 0.294054
v 85.000000 2.000000 0.298347
v 85.000000 2.500000 0.302128
v 85.000000 3.000000 0.298292
v 85.000000 3.500000 0.296460
v 85.000000 4.000000 0.303248
v 85.000000 4.500000 0.308630
v 85.500000 -4.500000 0.232102
v 85.500000 -4.000000 0.236777
v 85.500000 -3.500000 0.243843
v 85.500000 -3.000000 0.243152
v 85.500000 -2.500000 0.241142
v 85.500000 -2.000000 0.247213
v 85.500000 -1.500000 0.254015
v 85.500000 -1.000000 0.252260
v 85.500000 -0.500000 0.249579
v 85.500000 0.000000 0.254642
v 85.500000 0.500000 0.259227
v 85.500000 1.000000 0.255154
v 85.500000 1.500000 0.251226
v 85.500000 2.000000 0.255284
v 85.500000 2.500000 0.258301
v 85.500000 3.000000 0.253232
v 85.500000 3.500000 0.249786
v 85.500000 4.000000 0.254697
v 85.500000 4.500000 0.258067
v 86.000000 -4.500000 0.174394
v 86.000000 -4.000000 0.178609
v 86.000000 -3.500000 0.185556
v 86.000000 -3.000000 0.185134
v 86.000000 -2.500000 0.183795
v 86.000000 -2.000000 0.190918
v 86.000000 -1.500000 0.199102
v 86.000000 -1.000000 0.198970
v 86.000000 -0.500000 0.198047
v 86.000000 0.000000 0.204879
v 86.000000 0.500000 0.211111
v 86.000000 1.000000 0.208438
v 86.000000 1.500000 0.205548
v 86.000000 2.000000 0.210194
v 86.000000 2.500000 0.213290
v 86.000000 3.000000 0.207766
v 86.000000 3.500000 0.203347
v 86.000000 4.000000 0.206818
v 86.000000 4.500000 0.208368
v 86.500000 -4.500000 0.123509
v 86.500000 -4.000000 0.126783
v 86.500000 -3.500000 0.132832
v 86.500000 -3.000000 0.131658
v 86.500000 -2.500000 0.129805
v 86.500000 -2.000000 0.136719
v 86.500000 -1.500000 0.145035
v 86.500000 -1.000000 0.145382
v 86.500000 -0.500000 0.145256
v 86.500000 0.000000 0.153140
v 86.500000 0.500000 0.160595
v 86.500000 1.000000 0.159209
v 86.500000 1.500000 0.157552
v 86.500000 2.000000 0.163258
v 86.500000 2.500000 0.167133
v 86.500000 3.000000 0.162016
v 86.500000 3.500000 0.157566
v 86.500000 4.000000 0.160536
v 86.500000 4.500000 0.161119
v 87.000000 -4.500000 0.082113
v 87.000000 -4.000000 0.084629
v 87.000000 -3.500000 0.089627
v 87.000000 -3.000000 0.087220
v 87.000000 -2.500000 0.084068
v 87.000000 -2.000000 0.089735
v 87.000000 -1.500000 0.096964
v 87.000000 -1.000000 0.096475
v 87.000000 -0.500000 0.095826
v 87.000000 0.000000 0.103535
v 87.000000 0.500000 0.111158
v 87.000000 1.000000 0.110250
v 87.000000 1.500000 0.109317
v 87.000000 2.000000 0.115906
v 87.000000 2.500000 0.120717
v 87.000000 3.000000 0.116479
v 87.000000 3.500000 0.112744
v 87.000000 4.000000 0.116167
v 87.000000 4.500000 0.116867
v 87.500000 -4.500000 0.050769
v 87.500000 -4.000000 0.053242
v 87.500000 -3.500000 0.057684
v 87.500000 -3.000000 0.054262
v 87.500000 -2.500000 0.049725
v 87.500000 -2.000000 0.053749
v 87.500000 -1.500000 0.059202
v 87.500000 -1.000000 0.056936
v 87.500000 -0.500000 0.054636
v 87.500000 0.000000 0.060928
v 87.500000 0.500000 0.067457
v 87.500000 1.000000 0.065835
v 87.500000 1.500000 0.064594
v 87.500000 2.000000 0.071266
v 87.500000 2.500000 0.076509
v 87.500000 3.000000 0.072977
v 87.500000 3.500000 0.070128
v 87.500000 4.000000 0.074511
v 87.500000 4.500000 0.076130
v 88.000000 -4.500000 0.028717
v 88.000000 -4.000000 0.031986
v 88.000000 -3.500000 0.036698
v 88.000000 -3.000000 0.032999
v 88.000000 -2.500000 0.027651
v 88.000000 -2.000000 0.030380
v 88.000000 -1.500000 0.034143
v 88.000000 -1.000000 0.029900
v 88.000000 -0.500000 0.025468
v 88.000000 0.000000 0.029615
v 88.000000 0.500000 0.034123
v 88.000000 1.000000 0.030730
v 88.000000 1.500000 0.028072
v 88.000000 2.000000 0.033759
v 88.000000 2.500000 0.038489
v 88.000000 3.000000 0.034924
v 88.000000 3.500000 0.032490
v 88.000000 4.000000 0.037670
v 88.000000 4.500000 0.040382
v 88.500000 -4.500000 0.015053
v 88.500000 -4.000000 0.019596
v 88.500000 -3.500000 0.025264
v 88.500000 -3.000000 0.022107
v 88.500000 -2.500000 0.016822
v 88.500000 -2.000000 0.019107
v 88.500000 -1.500000 0.021922
v 88.500000 -1.000000 0.016272
v 88.500000 -0.500000 0.010051
v 88.500000 0.000000 0.012134
v 88.500000 0.500000 0.014432
v 88.500000 1.000000 0.008823
v 88.500000 1.500000 0.004085
v 88.500000 2.000000 0.007959
v 88.500000 2.500000 0.011260
v 88.500000 3.000000 0.006734
v 88.500000 3.500000 0.003860
v 88.500000 4.000000 0.009138
v 88.500000 4.500000 0.012462
v 89.000000 -4.500000 0.009712
v 89.000000 -4.000000 0.015340
v 89.000000 -3.500000 0.022095
v 89.000000 -3.000000 0.019912
v 89.000000 -2.500000 0.015380
v 89.000000 -2.000000 0.018099
v 89.000000 -1.500000 0.020960
v 89.000000 -1.000000 0.014926
v 89.000000 -0.500000 0.007884
v 89.000000 0.000000 0.008737
v 89.000000 0.500000 0.009459
v 89.000000 1.000000 0.002021
v 89.000000 1.500000 -0.004684
v 89.000000 2.000000 -0.002781
v 89.000000 2.500000 -0.001322
v 89.000000 3.000000 -0.007428
v 89.000000 3.500000 -0.011506
v 89.000000 4.000000 -0.006965
v 89.000000 4.500000 -0.003853
v 89.500000 -4.500000 0.007238
v 89.500000 -4.000000 0.013105
v 89.500000 -3.500000 0.020395
v 89.500000 -3.000000 0.018965
v 89.500000 -2.500000 0.015307
v 89.500000 -2.000000 0.018913
v 89.500000 -1.500000 0.022562
v 89.500000 -1.000000 0.017118
v 89.500000 -0.500000 0.010384
v 89.500000 0.000000 0.011205
v 89.500000 0.500000 0.011527
v 89.500000 1.000000 0.003328
v 89.500000 1.500000 -0.004458
v 89.500000 2.000000 -0.003887
v 89.500000 2.500000 -0.003911
v 89.500000 3.000000 -0.011540
v 89.500000 3.500000 -0.017053
v 89.500000 4.000000 -0.013739
v 89.500000 4.500000 -0.011532
v 90.000000 -4.500000 0.003177
v 90.000000 -4.000000 0.008126
v 90.000000 -3.500000 0.014931
v 90.000000 -3.000000 0.013449
v 90.000000 -2.500000 0.010139
v 90.000000 -2.000000 0.014427
v 90.000000 -1.500000 0.019003
v 90.000000 -1.000000 0.014624
v 90.000000 -0.500000 0.008977
v 90.000000 0.000000 0.010797
v 90.000000 0.500000 0.011930
v 90.000000 1.000000 0.004273
v 90.000000 1.500000 -0.003292
v 90.000000 2.000000 -0.002841
v 90.000000 2.500000 -0.003313
v 90.000000 3.000000 -0.011672
v 90.000000 3.500000 -0.018125
v 90.000000 4.000000 -0.015863
v 90.000000 4.500000 -0.014713
v 90.500000 -4.500000 -0.000120
v 90.500000 -4.000000 0.002965
v 90.500000 -3.500000 0.008262
v 90.500000 -3.000000 0.005717
v 90.500000 -2.500000 0.001838
v 90.500000 -2.000000 0.006066
v 90.500000 -1.500000 0.011070
v 90.500000 -1.000000 0.007549
v 90.500000 -0.500000 0.003105
v 90.500000 0.000000 0.006360
v 90.500000 0.500000 0.009040
v 90.500000 1.000000 0.002918
v 90.500000 1.500000 -0.003245
v 90.500000 2.000000 -0.001624
v 90.500000 2.500000 -0.001239
v 90.500000 3.000000 -0.009098
v 90.500000 3.500000 -0.015426
v 90.500000 4.000000 -0.013390
v 90.500000 4.500000 -0.012767
v 91.000000 -4.500000 -0.001208
v 91.000000 -4.000000 -0.000275
v 91.000000 -3.500000 0.002992
v 91.000000 -3.000000 -0.001329
v 91.000000 -2.500000 -0.006612
v 91.000000 -2.000000 -0.003321
v 91.000000 -1.500000 0.001270
v 91.000000 -1.000000 -0.002116
v 91.000000 -0.500000 -0.005892
v 91.000000 0.000000 -0.001488
v 91.000000 0.500000 0.002737
v 91.000000 1.000000 -0.001558
v 91.000000 1.500000 -0.005737
v 91.000000 2.000000 -0.002114
v 91.000000 2.500000 0.000158
v 91.000000 3.000000 -0.006051
v 91.000000 3.500000 -0.011062
v 91.000000 4.000000 -0.008114
v 91.000000 4.500000 -0.007018
v 91.500000 -4.500000 -0.000222
v 91.500000 -4.000000 -0.000903
v 91.500000 -3.500000 0.000596
v 91.500000 -3.000000 -0.005522
v 91.500000 -2.500000 -0.012500
v 91.500000 -2.000000 -0.010674
v 91.500000 -1.500000 -0.007201
v 91.500000 -1.000000 -0.011265
v 91.500000 -0.500000 -0.015216
v 91.500000 0.000000 -0.010452
v 91.500000 0.500000 -0.005343
v 91.500000 1.000000 -0.008274
v 91.500000 1.500000 -0.010692
v 91.500000 2.000000 -0.005019
v 91.500000 2.500000 -0.000539
v 91.500000 3.000000 -0.004522
v 91.500000 3.500000 -0.007430
v 91.500000 4.000000 -0.002635
v 91.500000 4.500000 -0.000059
v 92.000000 -4.500000 0.071274
v 92.000000 -4.000000 0.070140
v 92.000000 -3.500000 0.070862
v 92.000000 -3.000000 0.063699
v 92.000000 -2.500000 0.055493
v 92.000000 -2.000000 0.056012
v 92.000000 -1.500000 0.058216
v 92.000000 -1.000000 0.053041
v 92.000000 -0.500000 0.048249
v 92.000000 0.000000 0.052536
v 92.000000 0.500000 0.057601
v 92.000000 1.000000 0.055096
v 92.000000 1.500000 0.053577
v 92.000000 2.000000 0.060585
v 92.000000 2.500000 0.066769
v 92.000000 3.000000 0.064758
v 92.000000 3.500000 0.063968
v 92.000000 4.000000 0.070890
v 92.000000 4.500000 0.075463
v 92.500000 -4.500000 0.001178
v 92.500000 -4.000000 0.000896
v 92.500000 -3.500000 0.002164
v 92.500000 -3.000000 -0.004794
v 92.500000 -2.500000 -0.013141
v 92.500000 -2.000000 -0.013078
v 92.500000 -1.500000 -0.011584
v 92.500000 -1.000000 -0.017638
v 92.500000 -0.500000 -0.023375
v 92.500000 0.000000 -0.019988
v 92.500000 0.500000 -0.015669
v 92.500000 1.000000 -0.018668
v 92.500000 1.500000 -0.020351
v 92.500000 2.000000 -0.013125
v 92.500000 2.500000 -0.006323
v 92.500000 3.000000 -0.007334
v 92.500000 3.500000 -0.006790
v 92.500000 4.000000 0.001718
v 92.500000 4.500000 0.008022
v 93.000000 -4.500000 -0.001967
v 93.000000 -4.000000 -0.000486
v 93.000000 -3.500000 0.002440
v 93.000000 -3.000000 -0.003080
v 93.000000 -2.500000 -0.010298
v 93.000000 -2.000000 -0.009478
v 93.000000 -1.500000 -0.007625
v 93.000000 -1.000000 -0.013714
v 93.000000 -0.500000 -0.019838
v 93.000000 0.000000 -0.017122
v 93.000000 0.500000 -0.013665
v 93.000000 1.000000 -0.017610
v 93.000000 1.500000 -0.020211
v 93.000000 2.000000 -0.013770
v 93.000000 2.500000 -0.007528
v 93.000000 3.000000 -0.008800
v 93.000000 3.500000 -0.008182
v 93.000000 4.000000 0.000748
v 93.000000 4.500000 0.007796
v 93.500000 -4.500000 -0.008078
v 93.500000 -4.000000 -0.004670
v 93.500000 -3.500000 0.000360
v 93.500000 -3.000000 -0.003018
v 93.500000 -2.500000 -0.008197
v 93.500000 -2.000000 -0.005566
v 93.500000 -1.500000 -0.002242
v 93.500000 -1.000000 -0.007278
v 93.500000 -0.500000 -0.012814
v 93.500000 0.000000 -0.009988
v 93.500000 0.500000 -0.006871
v 93.500000 1.000000 -0.011548
v 93.500000 1.500000 -0.015188
v 93.500000 2.000000 -0.009983
v 93.500000 2.500000 -0.005057
v 93.500000 3.000000 -0.007608
v 93.500000 3.500000 -0.008118
v 93.500000 4.000000 -0.000075
v 93.500000 4.500000 0.006395
v 94.000000 -4.500000 -0.015388
v 94.000000 -4.000000 -0.010642
v 94.000000 -3.500000 -0.003878
v 94.000000 -3.000000 -0.005226
v 94.000000 -2.500000 -0.008206
v 94.000000 -2.000000 -0.003346
v 94.000000 -1.500000 0.002094
v 94.000000 -1.000000 -0.001072
v 94.000000 -0.500000 -0.005105
v 94.000000 0.000000 -0.001229
v 94.000000 0.500000 0.002422
v 94.000000 1.000000 -0.002256
v 94.000000 1.500000 -0.006416
v 94.000000 2.000000 -0.002198
v 94.000000 2.500000 0.001360
v 94.000000 3.000000 -0.002831
v 94.000000 3.500000 -0.005127
v 94.000000 4.000000 0.001115
v 94.000000 4.500000 0.005897
v 94.500000 -4.500000 -0.021134
v 94.500000 -4.000000 -0.016067
v 94.500000 -3.500000 -0.008539
v 94.500000 -3.000000 -0.008706
v 94.500000 -2.500000 -0.010144
v 94.500000 -2.000000 -0.003471
v 94.500000 -1.500000 0.003940
v 94.500000 -1.000000 0.002771
v 94.500000 -0.500000 0.000627
v 94.500000 0.000000 0.006148
v 94.500000 0.500000 0.011086
v 94.500000 1.000000 0.007238
v 94.500000 1.500000 0.003390
v 94.500000 2.000000 0.007373
v 94.500000 2.500000 0.010159
v 94.500000 3.000000 0.004708
v 94.500000 3.500000 0.000744
v 94.500000 4.000000 0.005022
v 94.500000 4.500000 0.007672
v 95.000000 -4.500000 -0.022781
v 95.000000 -4.000000 -0.018330
v 95.000000 -3.500000 -0.011143
v 95.000000 -3.000000 -0.011315
v 95.000000 -2.500000 -0.012388
v 95.000000 -2.000000 -0.004985
v 95.000000 -1.500000 0.003486
v 95.000000 -1.000000 0.003641
v 95.000000 -0.500000 0.002989
v 95.000000 0.000000 0.010058
v 95.000000 0.500000 0.016473
v 95.000000 1.000000 0.013911
v 95.000000 1.500000 0.011042
v 95.000000 2.000000 0.015600
v 95.000000 2.500000 0.018491
v 95.000000 3.000000 0.012639
v 95.000000 3.500000 0.007773
v 95.000000 4.000000 0.010684
v 95.000000 4.500000 0.011579
v 95.500000 -4.500000 -0.019204
v 95.500000 -4.000000 -0.015791
v 95.500000 -3.500000 -0.009678
v 95.500000 -3.000000 -0.010848
v 95.500000 -2.500000 -0.012742
v 95.500000 -2.000000 -0.005900
v 95.500000 -1.500000 0.002326
v 95.500000 -1.000000 0.002576
v 95.500000 -0.500000 0.002350
v 95.500000 0.000000 0.010136
v 95.500000 0.500000 0.017487
v 95.500000 1.000000 0.015987
v 95.500000 1.500000 0.014196
v 95.500000 2.000000 0.019735
v 95.500000 2.500000 0.023399
v 95.500000 3.000000 0.018016
v 95.500000 3.500000 0.013239
v 95.500000 4.000000 0.015815
v 95.500000 4.500000 0.015940
v 96.000000 -4.500000 -0.011268
v 96.000000 -4.000000 -0.008636
v 96.000000 -3.500000 -0.003661
v 96.000000 -3.000000 -0.006218
v 96.000000 -2.500000 -0.009628
v 96.000000 -2.000000 -0.004307
v 96.000000 -1.500000 0.002514
v 96.000000 -1.000000 0.001578
v 96.000000 -0.500000 0.000467
v 96.000000 0.000000 0.007719
v 96.000000 0.500000 0.014907
v 96.000000 1.000000 0.013598
v 96.000000 1.500000 0.012304
v 96.000000 2.000000 0.018572
v 96.000000 2.500000 0.023100
v 96.000000 3.000000 0.018608
v 96.000000 3.500000 0.014639
v 96.000000 4.000000 0.017839
v 96.000000 4.500000 0.018316
v 96.500000 -4.500000 -0.001528
v 96.500000 -4.000000 0.001069
v 96.500000 -3.500000 0.005473
v 96.500000 -3.000000 0.001854
v 96.500000 -2.500000 -0.003029
v 96.500000 -2.000000 0.000517
v 96.500000 -1.500000 0.005388
v 96.500000 -1.000000 0.002461
v 96.500000 -0.500000 -0.000547
v 96.500000 0.000000 0.005025
v 96.500000 0.500000 0.010852
v 96.500000 1.000000 0.008575
v 96.500000 1.500000 0.006745
v 96.500000 2.000000 0.012916
v 96.500000 2.500000 0.017755
v 96.500000 3.000000 0.013920
v 96.500000 3.500000 0.010866
v 96.500000 4.000000 0.015134
v 96.500000 4.500000 0.016718
v 97.000000 -4.500000 0.006831
v 97.000000 -4.000000 0.010196
v 97.000000 -3.500000 0.014869
v 97.000000 -3.000000 0.010986
v 97.000000 -2.500000 0.005309
v 97.000000 -2.000000 0.007572
v 97.000000 -1.500000 0.010744
v 97.000000 -1.000000 0.005810
v 97.000000 -0.500000 0.000614
v 97.000000 0.000000 0.003957
v 97.000000 0.500000 0.007655
v 97.000000 1.000000 0.003482
v 97.000000 1.500000 0.000108
v 97.000000 2.000000 0.005171
v 97.000000 2.500000 0.009395
v 97.000000 3.000000 0.005458
v 97.000000 3.500000 0.002796
v 97.000000 4.000000 0.007895
v 97.000000 4.500000 0.010666
v 97.500000 -4.500000 0.011314
v 97.500000 -4.000000 0.015839
v 97.500000 -3.500000 0.021415
v 97.500000 -3.000000 0.018080
v 97.500000 -2.500000 0.012523
v 97.500000 -2.000000 0.014435
v 97.500000 -1.500000 0.016779
v 97.500000 -1.000000 0.010569
v 97.500000 -0.500000 0.003714
v 97.500000 0.000000 0.005110
v 97.500000 0.500000 0.006694
v 97.500000 1.000000 0.000374
v 97.500000 1.500000 -0.005039
v 97.500000 2.000000 -0.001772
v 97.500000 2.500000 0.001019
v 97.500000 3.000000 -0.003893
v 97.500000 3.500000 -0.007010
v 97.500000 4.000000 -0.001817
v 97.500000 4.500000 0.001584
v 98.000000 -4.500000 0.011116
v 98.000000 -4.000000 0.016516
v 98.000000 -3.500000 0.023045
v 98.000000 -3.000000 0.020631
v 98.000000 -2.500000 0.015852
v 98.000000 -2.000000 0.018299
v 98.000000 -1.500000 0.020854
v 98.000000 -1.000000 0.014475
v 98.000000 -0.500000 0.007048
v 98.000000 0.000000 0.007482
v 98.000000 0.500000 0.007758
v 98.000000 1.000000 -0.000136
v 98.000000 1.500000 -0.007289
v 98.000000 2.000000 -0.005803
v 98.000000 2.500000 -0.004706
v 98.000000 3.000000 -0.011095
v 98.000000 3.500000 -0.015355
v 98.000000 4.000000 -0.010874
v 98.000000 4.500000 -0.007688
v 98.500000 -4.500000 0.007326
v 98.500000 -4.000000 0.012713
v 98.500000 -3.500000 0.019586
v 98.500000 -3.000000 0.017806
v 98.500000 -2.500000 0.013864
v 98.500000 -2.000000 0.017243
v 98.500000 -1.500000 0.020716
v 98.500000 -1.000000 0.015133
v 98.500000 -0.500000 0.008285
v 98.500000 0.000000 0.009006
v 98.500000 0.500000 0.009235
v 98.500000 1.000000 0.000945
v 98.500000 1.500000 -0.006932
v 98.500000 2.000000 -0.006446
v 98.500000 2.500000 -0.006542
v 98.500000 3.000000 -0.014217
v 98.500000 3.500000 -0.019737
v 98.500000 4.000000 -0.016375
v 98.500000 4.500000 -0.014051
v 99.000000 -4.500000 0.002278
v 99.000000 -4.000000 0.006547
v 99.000000 -3.500000 0.012759
v 99.000000 -3.000000 0.010793
v 99.000000 -2.500000 0.007117
v 99.000000 -2.000000 0.011163
v 99.000000 -1.500000 0.015619
v 99.000000 -1.000000 0.011231
v 99.000000 -0.500000 0.005674
v 99.000000 0.000000 0.007662
v 99.000000 0.500000 0.009024
v 99.000000 1.000000 0.001636
v 99.000000 1.500000 -0.005639
v 99.000000 2.000000 -0.004891
v 99.000000 2.500000 -0.005073
v 99.000000 3.000000 -0.013156
v 99.000000 3.500000 -0.019348
v 99.000000 4.000000 -0.016840
v 99.000000 4.500000 -0.015450
v 99.500000 -4.500000 -0.001631
v 99.500000 -4.000000 0.000715
v 99.500000 -3.500000 0.005351
v 99.500000 -3.000000 0.002252
v 99.500000 -2.500000 -0.002052
v 99.500000 -2.000000 0.001899
v 99.500000 -1.500000 0.006782
v 99.500000 -1.000000 0.003296
v 99.500000 -0.500000 -0.000964
v 99.500000 0.000000 0.002610
v 99.500000 0.500000 0.005723
v 99.500000 1.000000 0.000120
v 99.500000 1.500000 -0.005463
v 99.500000 2.000000 -0.003232
v 99.500000 2.500000 -0.002235
v 99.500000 3.000000 -0.009506
v 99.500000 3.500000 -0.015289
v 99.500000 4.000000 -0.012768
v 99.500000 4.500000 -0.011728
v 100.000000 -4.500000 -0.003084
v 100.000000 -4.000000 -0.002757
v 100.000000 -3.500000 -0.000052
v 100.000000 -3.000000 -0.004861
v 100.000000 -2.500000 -0.010531
v 100.000000 -2.000000 -0.007502
v 100.000000 -1.500000 -0.003031
v 100.000000 -1.000000 -0.006382
v 100.000000 -0.500000 -0.009966
v 100.000000 0.000000 -0.005216
v 100.000000 0.500000 -0.000506
v 100.000000 1.000000 -0.004194
v 100.000000 1.500000 -0.007674
v 100.000000 2.000000 -0.003291
v 100.000000 2.500000 -0.000229
v 100.000000 3.000000 -0.005656
v 100.000000 3.500000 -0.009924
v 100.000000 4.000000 -0.006303
v 100.000000 4.500000 -0.004628
vn 0.007716 -0.010223 0.999918
vn 0.005369 -0.011911 0.999915
vn 0.002346 -0.005205 0.999984
vn -0.001173 0.005035 0.999987
vn -0.004959 -0.000830 0.999987
vn -0.008754 -0.009078 0.999920
vn -0.012291 -0.001059 0.999924
vn -0.015309 0.008241 0.999849
vn -0.017583 0.000890 0.999845
vn -0.018931 -0.007202 0.999795
vn -0.019239 0.000890 0.999815
vn -0.018460 0.008240 0.999796
vn -0.016628 -0.001059 0.999861
vn -0.013847 -0.009078 0.999863
vn -0.010294 -0.000830 0.999947
vn -0.006193 0.005035 0.999968
vn -0.001810 -0.005205 0.999985
vn 0.002570 -0.011911 0.999926
vn 0.006671 -0.010223 0.999925
vn 0.005872 -0.012570 0.999904
vn 0.004750 -0.014596 0.999882
vn 0.002933 -0.008476 0.999960
vn 0.000514 0.001382 0.999999
vn -0.002356 -0.004621 0.999987
vn -0.005482 -0.012744 0.999904
vn -0.008636 -0.004338 0.999953
vn -0.011575 0.005594 0.999917
vn -0.014066 -0.000922 0.999901
vn -0.015897 -0.008030 0.999841
vn -0.016899 0.001126 0.999857
vn -0.016959 0.009546 0.999811
vn -0.016032 0.001248 0.999871
vn -0.014138 -0.005910 0.999883
vn -0.011372 0.002998 0.999931
vn -0.007891 0.009276 0.999926
vn -0.003906 -0.000823 0.999992
vn 0.000337 -0.007671 0.999971
vn 0.004568 -0.006123 0.999971
vn 0.000230 -0.012468 0.999922
vn 0.001371 -0.014850 0.999889
vn 0.001978 -0.009440 0.999953
vn 0.001970 -0.000255 0.999998
vn 0.001327 -0.006826 0.999976
vn 0.000091 -0.015357 0.999882
vn -0.001634 -0.007153 0.999973
vn -0.003697 0.002810 0.999989
vn -0.005905 -0.003433 0.999977
vn -0.008043 -0.010036 0.999917
vn -0.009895 -0.000173 0.999951
vn -0.011256 0.009109 0.999895
vn -0.011955 0.001764 0.999927
vn -0.011868 -0.004418 0.999920
vn -0.010930 0.005418 0.999926
vn -0.009141 0.012500 0.999880
vn -0.006573 0.003023 0.999974
vn -0.003356 -0.003438 0.999988
vn 0.000320 -0.001761 0.999998
vn -0.007848 -0.010288 0.999916
vn -0.005240 -0.012848 0.999904
vn -0.002691 -0.007877 0.999965
vn -0.000410 0.000731 1.000000
vn 0.001425 -0.006500 0.999978
vn 0.002683 -0.015705 0.999873
vn 0.003294 -0.008126 0.999962
vn 0.003246 0.001324 0.999994
vn 0.002593 -0.005269 0.999983
vn 0.001444 -0.012022 0.999927
vn -0.000044 -0.002088 0.999998
vn -0.001681 0.007487 0.999971
vn -0.003263 0.000636 0.999994
vn -0.004587 -0.004885 0.999978
vn -0.005471 0.005725 0.999969
vn -0.005770 0.013633 0.999890
vn -0.005392 0.004963 0.999973
vn -0.004300 -0.000778 0.999990
vn -0.002525 0.001230 0.999996
vn -0.015007 -0.007253 0.999861
vn -0.012278 -0.009694 0.999878
vn -0.009033 -0.004610 0.999949
vn -0.005511 0.003861 0.999977
vn -0.001963 -0.003733 0.999991
vn 0.001368 -0.013488 0.999908
vn 0.004263 -0.006591 0.999969
vn 0.006551 0.002109 0.999976
vn 0.008111 -0.005235 0.999953
vn 0.008889 -0.012673 0.999880
vn 0.008897 -0.003299 0.999955
vn 0.008208 0.005890 0.999949
vn 0.006953 -0.001142 0.999975
vn 0.005306 -0.006626 0.999964
vn 0.003467 0.004234 0.999985
vn 0.001648 0.012580 0.999920
vn 0.000051 0.004494 0.999990
vn -0.001148 -0.000571 0.999999
vn -0.001816 0.001790 0.999997
vn -0.017959 -0.004829 0.999827
vn -0.016345 -0.006873 0.999843
vn -0.013818 -0.001109 0.999904
vn -0.010533 0.007801 0.999914
vn -0.006703 0.000379 0.999977
vn -0.002573 -0.009480 0.999952
vn 0.001591 -0.002943 0.999994
vn 0.005525 0.005172 0.999971
vn 0.008985 -0.002930 0.999955
vn 0.011769 -0.011235 0.999868
vn 0.013726 -0.002769 0.999902
vn 0.014768 0.005543 0.999876
vn 0.014879 -0.002266 0.999887
vn 0.014109 -0.008370 0.999865
vn 0.012574 0.002067 0.999919
vn 0.010440 0.010217 0.999893
vn 0.007915 0.002166 0.999966
vn 0.005223 -0.002645 0.999983
vn 0.002594 -0.000106 0.999997
vn -0.015037 -0.004024 0.999879
vn -0.015084 -0.005551 0.999871
vn -0.014197 0.001203 0.999898
vn -0.012382 0.010976 0.999863
vn -0.009718 0.004228 0.999944
vn -0.006344 -0.005195 0.999966
vn -0.002459 0.001507 0.999996
vn 0.001700 0.009504 0.999953
vn 0.005869 0.001010 0.999982
vn 0.009781 -0.007932 0.999921
vn 0.013187 -0.000299 0.999913
vn 0.015867 0.007043 0.999849
vn 0.017657 -0.001801 0.999842
vn 0.018451 -0.008929 0.999790
vn 0.018217 0.000565 0.999834
vn 0.016991 0.007920 0.999824
vn 0.014881 -0.000724 0.999889
vn 0.012050 -0.005892 0.999910
vn 0.008713 -0.003468 0.999956
vn -0.007015 -0.004924 0.999963
vn -0.008351 -0.006034 0.999947
vn -0.009136 0.001594 0.999957
vn -0.009232 0.012281 0.999882
vn -0.008558 0.006418 0.999943
vn -0.007093 -0.002221 0.999972
vn -0.004882 0.005101 0.999975
vn -0.002036 0.013499 0.999907
vn 0.001277 0.005152 0.999986
vn 0.004845 -0.003918 0.999981
vn 0.008427 0.003318 0.999959
vn 0.011770 0.010015 0.999881
vn 0.014631 0.000319 0.999893
vn 0.016792 -0.007810 0.999829
vn 0.018085 0.000606 0.999836
vn 0.018396 0.006879 0.999807
vn 0.017680 -0.002776 0.999840
vn 0.015965 -0.008812 0.999834
vn 0.013347 -0.006780 0.999888
vn 0.003173 -0.006696 0.999973
vn 0.001618 -0.007672 0.999969
vn -0.000015 0.000321 1.000000
vn -0.001520 0.011554 0.999932
vn -0.002705 0.006368 0.999976
vn -0.003407 -0.001519 0.999993
vn -0.003511 0.006564 0.999972
vn -0.002956 0.015661 0.999873
vn -0.001744 0.007892 0.999967
vn 0.000061 -0.000782 1.000000
vn 0.002334 0.006626 0.999975
vn 0.004903 0.013247 0.999900
vn 0.007562 0.003222 0.999966
vn 0.010081 -0.005475 0.999934
vn 0.012234 0.002169 0.999923
vn 0.013813 0.007516 0.999876
vn 0.014648 -0.003156 0.999888
vn 0.014615 -0.010225 0.999841
vn 0.013659 -0.008704 0.999869
vn 0.011712 -0.008034 0.999899
vn 0.011136 -0.009221 0.999895
vn 0.009884 -0.001544 0.999950
vn 0.008120 0.009592 0.999921
vn 0.006044 0.004531 0.999971
vn 0.003873 -0.003027 0.999988
vn 0.001820 0.005552 0.999983
vn 0.000081 0.015265 0.999883
vn -0.001185 0.008169 0.999966
vn -0.001870 0.000160 0.999998
vn -0.001923 0.008162 0.999965
vn -0.001357 0.015242 0.999883
vn -0.000245 0.005497 0.999985
vn 0.001286 -0.003138 0.999994
vn 0.003064 0.004340 0.999986
vn 0.004889 0.009294 0.999945
vn 0.006552 -0.001974 0.999977
vn 0.007849 -0.009801 0.999921
vn 0.008603 -0.008693 0.999925
vn 0.015594 -0.007847 0.999848
vn 0.016694 -0.009499 0.999816
vn 0.016809 -0.002695 0.999855
vn 0.015975 0.007713 0.999843
vn 0.014296 0.002120 0.999896
vn 0.011931 -0.005743 0.999912
vn 0.009087 0.002772 0.999955
vn 0.005994 0.012657 0.999902
vn 0.002895 0.005941 0.999978
vn 0.000017 -0.001521 0.999999
vn -0.002438 0.007139 0.999972
vn -0.004313 0.014925 0.999879
vn -0.005509 0.005865 0.999968
vn -0.005987 -0.002167 0.999980
vn -0.005774 0.005772 0.999967
vn -0.004957 0.011004 0.999927
vn -0.003677 -0.000196 0.999993
vn -0.002111 -0.008175 0.999964
vn -0.000460 -0.007196 0.999974
vn 0.013910 -0.005833 0.999886
vn 0.016492 -0.008006 0.999832
vn 0.018198 -0.002263 0.999832
vn 0.018909 0.007077 0.999796
vn 0.018582 0.000486 0.999827
vn 0.017237 -0.008236 0.999818
vn 0.014974 -0.000385 0.999888
vn 0.011947 0.009073 0.999887
vn 0.008367 0.002191 0.999963
vn 0.004477 -0.005172 0.999977
vn 0.000538 0.003831 0.999993
vn -0.003194 0.012172 0.999921
vn -0.006485 0.003823 0.999972
vn -0.009140 -0.003402 0.999952
vn -0.011021 0.005369 0.999925
vn -0.012049 0.011390 0.999863
vn -0.012219 0.000873 0.999925
vn -0.011585 -0.006584 0.999911
vn -0.010269 -0.005391 0.999933
vn 0.008157 -0.002681 0.999963
vn 0.011187 -0.005211 0.999924
vn 0.013801 -0.000277 0.999905
vn 0.015780 0.008097 0.999843
vn 0.016951 0.000447 0.999856
vn 0.017187 -0.009351 0.999809
vn 0.016434 -0.002520 0.999862
vn 0.014702 0.006049 0.999874
vn 0.012075 -0.001530 0.999926
vn 0.008701 -0.009349 0.999918
vn 0.004783 -0.000532 0.999988
vn 0.000565 0.007904 0.999969
vn -0.003688 -0.000081 0.999993
vn -0.007707 -0.006703 0.999948
vn -0.011242 0.002862 0.999933
vn -0.014077 0.009805 0.999853
vn -0.016051 0.000268 0.999871
vn -0.017062 -0.006223 0.999835
vn -0.017079 -0.004561 0.999844
vn 0.001433 0.000228 0.999999
vn 0.003503 -0.002362 0.999991
vn 0.005744 0.002331 0.999981
vn 0.007943 0.010228 0.999916
vn 0.009882 0.001893 0.999949
vn 0.011351 -0.008753 0.999897
vn 0.012174 -0.002872 0.999922
vn 0.012219 0.004713 0.999914
vn 0.011410 -0.003811 0.999928
vn 0.009740 -0.012463 0.999875
vn 0.007270 -0.004305 0.999964
vn 0.004121 0.003701 0.999985
vn 0.000477 -0.004449 0.999990
vn -0.003437 -0.010957 0.999934
vn -0.007370 -0.001002 0.999972
vn -0.011058 0.006580 0.999917
vn -0.014252 -0.002112 0.999896
vn -0.016733 -0.007612 0.999831
vn -0.018328 -0.005425 0.999817
vn -0.003083 0.001458 0.999994
vn -0.003090 -0.000900 0.999995
vn -0.002485 0.004164 0.999988
vn -0.001372 0.012236 0.999924
vn 0.000098 0.003856 0.999993
vn 0.001740 -0.007060 0.999974
vn 0.003348 -0.001653 0.999993
vn 0.004719 0.005286 0.999975
vn 0.005667 -0.004008 0.999976
vn 0.006040 -0.013490 0.999891
vn 0.005739 -0.006152 0.999965
vn 0.004719 0.001111 0.999988
vn 0.003003 -0.007640 0.999966
vn 0.000676 -0.014549 0.999894
vn -0.002119 -0.004758 0.999986
vn -0.005191 0.002923 0.999982
vn -0.008315 -0.005408 0.999951
vn -0.011252 -0.010301 0.999884
vn -0.013766 -0.007753 0.999875
vn -0.003645 0.000213 0.999993
vn -0.006003 -0.001765 0.999980
vn -0.007654 0.004049 0.999963
vn -0.008532 0.012812 0.999882
vn -0.008643 0.005005 0.999950
vn -0.008050 -0.005504 0.999952
vn -0.006876 0.000107 0.999976
vn -0.005290 0.007032 0.999961
vn -0.003489 -0.002490 0.999991
vn -0.001685 -0.012392 0.999922
vn -0.000080 -0.005626 0.999984
vn 0.001146 0.000966 0.999999
vn 0.001853 -0.008492 0.999962
vn 0.001952 -0.016078 0.999869
vn 0.001417 -0.006869 0.999975
vn 0.000283 0.000385 1.000000
vn -0.001357 -0.008174 0.999966
vn -0.003354 -0.013063 0.999909
vn -0.005522 -0.010454 0.999930
vn -0.000723 -0.003258 0.999994
vn -0.004697 -0.004909 0.999977
vn -0.008237 0.001634 0.999965
vn -0.011132 0.011246 0.999875
vn -0.013226 0.004339 0.999903
vn -0.014420 -0.005292 0.999882
vn -0.014687 0.001107 0.999892
vn -0.014068 0.008672 0.999863
vn -0.012668 -0.000403 0.999920
vn -0.010647 -0.010080 0.999893
vn -0.008207 -0.003321 0.999961
vn -0.005570 0.003043 0.999980
vn -0.002964 -0.006833 0.999972
vn -0.000605 -0.014984 0.999888
vn 0.001324 -0.006428 0.999978
vn 0.002688 0.000148 0.999996
vn 0.003405 -0.009045 0.999953
vn 0.003459 -0.014466 0.999889
vn 0.002894 -0.012089 0.999923
vn 0.003325 -0.007734 0.999965
vn -0.000819 -0.009278 0.999957
vn -0.005019 -0.002388 0.999985
vn -0.009006 0.007822 0.999929
vn -0.012525 0.001717 0.999920
vn -0.015352 -0.006965 0.999858
vn -0.017314 0.000460 0.999850
vn -0.018293 0.009050 0.999792
vn -0.018248 0.000931 0.999833
vn -0.017203 -0.007930 0.999821
vn -0.015254 -0.000547 0.999883
vn -0.012559 0.006208 0.999902
vn -0.009323 -0.003528 0.999950
vn -0.005784 -0.011790 0.999914
vn -0.002195 -0.003576 0.999991
vn 0.001199 0.002466 0.999996
vn 0.004176 -0.007403 0.999964
vn 0.006557 -0.013574 0.999886
vn 0.008215 -0.011583 0.999899
vn 0.005499 -0.011546 0.999918
vn 0.002710 -0.013252 0.999909
vn -0.000579 -0.006552 0.999978
vn -0.004161 0.003740 0.999984
vn -0.007796 -0.002009 0.999968
vn -0.011229 -0.010082 0.999886
vn -0.014217 -0.001835 0.999897
vn -0.016534 0.007737 0.999833
vn -0.018004 0.000689 0.999838
vn -0.018503 -0.007085 0.999804
vn -0.017975 0.001324 0.999838
vn -0.016436 0.008975 0.999825
vn -0.013973 -0.000058 0.999902
vn -0.010737 -0.007856 0.999911
vn -0.006934 0.000555 0.999976
vn -0.002808 0.006520 0.999975
vn 0.001376 -0.003688 0.999992
vn 0.005353 -0.010428 0.999931
vn 0.008877 -0.008772 0.999922
vn 0.003733 -0.013312 0.999904
vn 0.003235 -0.015356 0.999877
vn 0.002073 -0.009259 0.999955
vn 0.000303 0.000606 1.000000
vn -0.001959 -0.005352 0.999984
vn -0.004545 -0.013387 0.999900
vn -0.007250 -0.004847 0.999962
vn -0.009847 0.005263 0.999938
vn -0.012107 -0.001038 0.999926
vn -0.013817 -0.007901 0.999873
vn -0.014799 0.001520 0.999889
vn -0.014922 0.010211 0.999837
vn -0.014120 0.002172 0.999898
vn -0.012392 -0.004751 0.999912
vn -0.009807 0.004354 0.999942
vn -0.006500 0.010776 0.999921
vn -0.002664 0.000759 0.999996
vn 0.001468 -0.006074 0.999980
vn 0.005634 -0.004536 0.999974
vn -0.001990 -0.012540 0.999919
vn -0.000240 -0.014911 0.999889
vn 0.001055 -0.009485 0.999954
vn 0.001780 -0.000292 0.999998
vn 0.001878 -0.006857 0.999975
vn 0.001353 -0.015372 0.999881
vn 0.000270 -0.007137 0.999974
vn -0.001248 0.002880 0.999995
vn -0.003034 -0.003282 0.999990
vn -0.004892 -0.009778 0.999940
vn -0.006611 0.000218 0.999978
vn -0.007985 0.009654 0.999922
vn -0.008832 0.002473 0.999958
vn -0.009010 -0.003543 0.999953
vn -0.008429 0.006447 0.999944
vn -0.007061 0.013662 0.999882
vn -0.004946 0.004281 0.999979
vn -0.002185 -0.002130 0.999995
vn 0.001059 -0.000439 0.999999
vn -0.009510 -0.009814 0.999907
vn -0.006484 -0.012312 0.999903
vn -0.003416 -0.007239 0.999968
vn -0.000536 0.001429 0.999999
vn 0.001950 -0.005779 0.999981
vn 0.003879 -0.014994 0.999880
vn 0.005145 -0.007447 0.999959
vn 0.005700 0.001958 0.999982
vn 0.005562 -0.004682 0.999974
vn 0.004811 -0.011478 0.999923
vn 0.003582 -0.001573 0.999992
vn 0.002047 0.007991 0.999966
vn 0.000405 0.001147 0.999999
vn -0.001137 -0.004348 0.999990
vn -0.002384 0.006302 0.999977
vn -0.003170 0.014258 0.999893
vn -0.003373 0.005635 0.999978
vn -0.002924 -0.000069 0.999996
vn -0.001818 0.001953 0.999996
vn -0.015451 -0.006487 0.999860
vn -0.012561 -0.008817 0.999882
vn -0.009084 -0.003537 0.999952
vn -0.005255 0.005074 0.999973
vn -0.001335 -0.002442 0.999996
vn 0.002418 -0.012178 0.999923
vn 0.005768 -0.005317 0.999969
vn 0.008515 0.003297 0.999958
vn 0.010509 -0.004170 0.999936
vn 0.011665 -0.011757 0.999863
vn 0.011966 -0.002546 0.999925
vn 0.011459 0.006477 0.999913
vn 0.010255 -0.000711 0.999947
vn 0.008514 -0.006332 0.999944
vn 0.006433 0.004414 0.999970
vn 0.004228 0.012673 0.999911
vn 0.002116 0.004527 0.999988
vn 0.000296 -0.000575 1.000000
vn -0.001067 0.001773 0.999998
vn -0.016799 -0.004034 0.999851
vn -0.015234 -0.005944 0.999866
vn -0.012752 0.000069 0.999919
vn -0.009492 0.009177 0.999913
vn -0.005651 0.001894 0.999982
vn -0.001466 -0.007892 0.999968
vn 0.002799 -0.001351 0.999995
vn 0.006875 0.006699 0.999954
vn 0.010508 -0.001531 0.999944
vn 0.013474 -0.010020 0.999859
vn 0.015605 -0.001779 0.999877
vn 0.016787 0.006278 0.999839
vn 0.016981 -0.001799 0.999854
vn 0.016215 -0.008169 0.999835
vn 0.014587 0.002016 0.999892
vn 0.012251 0.009942 0.999876
vn 0.009411 0.001704 0.999954
vn 0.006296 -0.003252 0.999975
vn 0.003148 -0.000774 0.999995
vn -0.012368 -0.003356 0.999918
vn -0.012545 -0.004768 0.999910
vn -0.011871 0.002206 0.999927
vn -0.010324 0.012174 0.999873
vn -0.007957 0.005585 0.999953
vn -0.004884 -0.003729 0.999981
vn -0.001280 0.003024 0.999995
vn 0.002635 0.011005 0.999936
vn 0.006610 0.002430 0.999975
vn 0.010382 -0.006659 0.999924
vn 0.013700 0.000767 0.999906
vn 0.016335 0.007853 0.999836
vn 0.018108 -0.001283 0.999835
vn 0.018896 -0.008726 0.999783
vn 0.018646 0.000449 0.999826
vn 0.017373 0.007496 0.999821
vn 0.015169 -0.001429 0.999884
vn 0.012184 -0.006838 0.999902
vn 0.008623 -0.004523 0.999953
vn -0.003427 -0.004390 0.999984
vn -0.004844 -0.005447 0.999973
vn -0.005856 0.002290 0.999980
vn -0.006305 0.013091 0.999894
vn -0.006084 0.007335 0.999955
vn -0.005140 -0.001214 0.999986
vn -0.003487 0.006168 0.999975
vn -0.001203 0.014588 0.999893
vn 0.001577 0.006217 0.999979
vn 0.004666 -0.002930 0.999985
vn 0.007842 0.004175 0.999961
vn 0.010866 0.010688 0.999884
vn 0.013499 0.000764 0.999909
vn 0.015522 -0.007632 0.999850
vn 0.016754 0.000493 0.999860
vn 0.017065 0.006464 0.999833
vn 0.016393 -0.003487 0.999860
vn 0.014742 -0.009799 0.999843
vn 0.012188 -0.007896 0.999895
vn 0.006783 -0.006191 0.999958
vn 0.005259 -0.007198 0.999960
vn 0.003498 0.000745 0.999994
vn 0.001709 0.011947 0.999927
vn 0.000097 0.006751 0.999977
vn -0.001154 -0.001133 0.999999
vn -0.001899 0.006961 0.999974
vn -0.002044 0.016068 0.999869
vn -0.001552 0.008299 0.999964
vn -0.000452 -0.000394 1.000000
vn 0.001170 0.006968 0.999975
vn 0.003171 0.013511 0.999904
vn 0.005369 0.003374 0.999980
vn 0.007552 -0.005472 0.999957
vn 0.009502 0.001993 0.999953
vn 0.011009 0.007137 0.999914
vn 0.011893 -0.003753 0.999922
vn 0.012015 -0.011043 0.999867
vn 0.011296 -0.009632 0.999890
vn 0.014463 -0.007438 0.999868
vn 0.013994 -0.008732 0.999864
vn 0.012731 -0.001260 0.999918
vn 0.010825 0.009690 0.999894
vn 0.008473 0.004472 0.999954
vn 0.005894 -0.003211 0.999977
vn 0.003317 0.005279 0.999981
vn 0.000957 0.014934 0.999888
vn -0.000998 0.007809 0.999969
vn -0.002405 -0.000208 0.999997
vn -0.003176 0.007798 0.999965
vn -0.003286 0.014887 0.999884
vn -0.002773 0.005144 0.999983
vn -0.001732 -0.003499 0.999992
vn -0.000310 0.003951 0.999992
vn 0.001311 0.008856 0.999960
vn 0.002928 -0.002481 0.999993
vn 0.004335 -0.010396 0.999937
vn 0.005344 -0.009336 0.999942
vn 0.016931 -0.007129 0.999831
vn 0.018094 -0.008930 0.999796
vn 0.018237 -0.002424 0.999831
vn 0.017373 0.007689 0.999820
vn 0.015590 0.001819 0.999877
vn 0.013034 -0.006289 0.999895
vn 0.009905 0.002023 0.999949
vn 0.006435 0.011755 0.999910
vn 0.002877 0.004937 0.999984
vn -0.000525 -0.002573 0.999997
vn -0.003544 0.006087 0.999975
vn -0.005994 0.013914 0.999885
vn -0.007744 0.004928 0.999958
vn -0.008720 -0.003009 0.999957
vn -0.008917 0.005036 0.999948
vn -0.008394 0.010374 0.999911
vn -0.007269 -0.000729 0.999973
vn -0.005706 -0.008628 0.999947
vn -0.003900 -0.007614 0.999963
vn 0.013767 -0.005111 0.999892
vn 0.016237 -0.007425 0.999841
vn 0.017881 -0.001981 0.999838
vn 0.018567 0.007042 0.999803
vn 0.018228 0.000132 0.999834
vn 0.016869 -0.008896 0.999818
vn 0.014566 -0.001321 0.999893
vn 0.011460 0.007907 0.999903
vn 0.007750 0.000848 0.999970
vn 0.003675 -0.006628 0.999971
vn -0.000503 0.002328 0.999997
vn -0.004518 0.010688 0.999933
vn -0.008119 0.002419 0.999964
vn -0.011092 -0.004672 0.999928
vn -0.013270 0.004276 0.999903
vn -0.014551 0.010502 0.999839
vn -0.014900 0.000207 0.999889
vn -0.014349 -0.007026 0.999872
vn -0.013000 -0.005723 0.999899
vn 0.006913 -0.002189 0.999974
vn 0.009584 -0.004815 0.999942
vn 0.011948 -0.000093 0.999929
vn 0.013787 0.008036 0.999873
vn 0.014916 0.000121 0.999889
vn 0.015197 -0.009952 0.999835
vn 0.014552 -0.003387 0.999888
vn 0.012971 0.004938 0.999904
vn 0.010512 -0.002849 0.999941
vn 0.007301 -0.010826 0.999915
vn 0.003524 -0.002106 0.999992
vn -0.000591 0.006299 0.999980
vn -0.004785 -0.001646 0.999987
vn -0.008790 -0.008160 0.999928
vn -0.012351 0.001576 0.999922
vn -0.015238 0.008744 0.999846
vn -0.017272 -0.000527 0.999851
vn -0.018330 -0.006726 0.999809
vn -0.018362 -0.004913 0.999819
vn -0.000307 0.000231 1.000000
vn 0.001197 -0.002391 0.999996
vn 0.002991 0.002222 0.999993
vn 0.004880 0.010012 0.999938
vn 0.006654 0.001542 0.999977
vn 0.008104 -0.009260 0.999924
vn 0.009045 -0.003547 0.999953
vn 0.009327 0.003866 0.999949
vn 0.008851 -0.004822 0.999949
vn 0.007582 -0.013615 0.999879
vn 0.005549 -0.005564 0.999969
vn 0.002846 0.002379 0.999993
vn -0.000373 -0.005781 0.999983
vn -0.003904 -0.012238 0.999917
vn -0.007513 -0.002172 0.999969
vn -0.010946 0.005581 0.999925
vn -0.013958 -0.002886 0.999898
vn -0.016321 -0.008117 0.999834
vn -0.017854 -0.005786 0.999824
vn -0.011674 0.000819 0.999932
vn -0.012303 -0.001518 0.999923
vn -0.012239 0.003590 0.999919
vn -0.011554 0.011699 0.999865
vn -0.010376 0.003345 0.999941
vn -0.008873 -0.007561 0.999932
vn -0.007241 -0.002165 0.999971
vn -0.005687 0.004744 0.999973
vn -0.004408 -0.004594 0.999980
vn -0.003575 -0.014128 0.999894
vn -0.003317 -0.006842 0.999971
vn -0.003709 0.000378 0.999993
vn -0.004765 -0.008396 0.999953
vn -0.006436 -0.015299 0.999862
vn -0.008613 -0.005466 0.999948
vn -0.011134 0.002299 0.999935
vn -0.013797 -0.005903 0.999887
vn -0.016379 -0.010624 0.999809
vn -0.018652 -0.007979 0.999794
vn -0.032263 -0.001025 0.999479
vn -0.035089 -0.002954 0.999380
vn -0.037188 0.002969 0.999304
vn -0.038463 0.011866 0.999190
vn -0.038894 0.004221 0.999234
vn -0.038513 -0.006121 0.999239
vn -0.037424 -0.000361 0.999299
vn -0.035779 0.006695 0.999337
vn -0.033771 -0.002708 0.999426
vn -0.031610 -0.012518 0.999422
vn -0.029519 -0.005696 0.999548
vn -0.027695 0.000930 0.999616
vn -0.026304 -0.008505 0.999618
vn -0.025471 -0.016080 0.999546
vn -0.025267 -0.006868 0.999657
vn -0.025689 0.000397 0.999670
vn -0.026678 -0.008131 0.999611
vn -0.028120 -0.012969 0.999520
vn -0.029857 -0.010329 0.999501
vn -0.054923 -0.004835 0.998479
vn -0.059027 -0.006440 0.998236
vn -0.062729 0.000206 0.998031
vn -0.065799 0.009968 0.997783
vn -0.068069 0.003290 0.997675
vn -0.069410 -0.006073 0.997570
vn -0.069778 0.000574 0.997562
vn -0.069185 0.008384 0.997569
vn -0.067725 -0.000418 0.997704
vn -0.065534 -0.009850 0.997802
vn -0.062816 -0.002914 0.998021
vn -0.059788 0.003590 0.998205
vn -0.056690 -0.006164 0.998373
vn -0.053751 -0.014240 0.998453
vn -0.051194 -0.005673 0.998673
vn -0.049174 0.000886 0.998790
vn -0.047809 -0.008331 0.998822
vn -0.047153 -0.013793 0.998792
vn -0.047202 -0.011444 0.998820
vn -0.074013 -0.009248 0.997214
vn -0.077885 -0.010768 0.996904
vn -0.081860 -0.003831 0.996636
vn -0.085669 0.006477 0.996303
vn -0.089065 0.000588 0.996026
vn -0.091814 -0.007813 0.995746
vn -0.093740 -0.000135 0.995597
vn -0.094702 0.008727 0.995467
vn -0.094649 0.000961 0.995510
vn -0.093574 -0.007552 0.995584
vn -0.091565 0.000084 0.995799
vn -0.088751 0.007062 0.996029
vn -0.085336 -0.002439 0.996349
vn -0.081541 -0.010532 0.996614
vn -0.077635 -0.002263 0.996979
vn -0.073864 0.003783 0.997261
vn -0.070470 -0.006095 0.997495
vn -0.067656 -0.012338 0.997632
vn -0.065585 -0.010406 0.997793
vn -0.091320 -0.012602 0.995742
vn -0.093526 -0.014303 0.995514
vn -0.096254 -0.007617 0.995328
vn -0.099312 0.002693 0.995053
vn -0.102486 -0.002907 0.994730
vn -0.105537 -0.010761 0.994357
vn -0.108244 -0.002338 0.994122
vn -0.110369 0.007438 0.993863
vn -0.111743 0.000720 0.993737
vn -0.112218 -0.006704 0.993661
vn -0.111734 0.001952 0.993736
vn -0.110271 0.009838 0.993853
vn -0.107910 0.001107 0.994160
vn -0.104763 -0.006449 0.994476
vn -0.101025 0.002059 0.994882
vn -0.096917 0.008072 0.995260
vn -0.092708 -0.002081 0.995691
vn -0.088651 -0.008858 0.996023
vn -0.085011 -0.007259 0.996354
vn -0.107671 -0.013666 0.994093
vn -0.107481 -0.015704 0.994083
vn -0.107929 -0.009646 0.994112
vn -0.108980 0.000177 0.994044
vn -0.110551 -0.005704 0.993854
vn -0.112507 -0.013613 0.993558
vn -0.114698 -0.005017 0.993388
vn -0.116890 0.005169 0.993131
vn -0.118880 -0.000912 0.992908
vn -0.120454 -0.007522 0.992690
vn -0.121440 0.002050 0.992597
vn -0.121681 0.010901 0.992509
vn -0.121113 0.003138 0.992634
vn -0.119690 -0.003542 0.992805
vn -0.117458 0.005657 0.993062
vn -0.114517 0.012148 0.993347
vn -0.111051 0.002250 0.993812
vn -0.107246 -0.004554 0.994222
vn -0.103355 -0.003048 0.994640
vn -0.122040 -0.012183 0.992450
vn -0.119731 -0.014518 0.992700
vn -0.117804 -0.009101 0.992995
vn -0.116392 0.000040 0.993203
vn -0.115583 -0.006483 0.993277
vn -0.115410 -0.014947 0.993205
vn -0.115874 -0.006767 0.993241
vn -0.116858 0.003194 0.993144
vn -0.118229 -0.002897 0.992982
vn -0.119810 -0.009295 0.992753
vn -0.121417 0.000701 0.992601
vn -0.122828 0.010155 0.992376
vn -0.123879 0.003131 0.992292
vn -0.124396 -0.002730 0.992229
vn -0.124268 0.007286 0.992222
vn -0.123436 0.014533 0.992246
vn -0.121932 0.005285 0.992524
vn -0.119791 -0.001055 0.992799
vn -0.117148 0.000624 0.993114
vn -0.131683 -0.008955 0.991251
vn -0.128372 -0.011369 0.991661
vn -0.124941 -0.006230 0.992145
vn -0.121618 0.002429 0.992574
vn -0.118628 -0.004717 0.992928
vn -0.116155 -0.013903 0.993134
vn -0.114365 -0.006472 0.993418
vn -0.113313 0.002784 0.993555
vn -0.113019 -0.003913 0.993585
vn -0.113430 -0.010764 0.993488
vn -0.114457 -0.001015 0.993428
vn -0.115920 0.008407 0.993223
vn -0.117651 0.001552 0.993054
vn -0.119431 -0.003940 0.992835
vn -0.121062 0.006616 0.992623
vn -0.122352 0.014510 0.992381
vn -0.123186 0.005959 0.992366
vn -0.123433 0.000307 0.992353
vn -0.123059 0.002317 0.992397
vn -0.133244 -0.005440 0.991068
vn -0.130349 -0.007644 0.991439
vn -0.126832 -0.002223 0.991922
vn -0.122907 0.006448 0.992397
vn -0.118837 -0.000950 0.992913
vn -0.114869 -0.010628 0.993324
vn -0.111274 -0.003879 0.993782
vn -0.108252 0.004563 0.994113
vn -0.105982 -0.003026 0.994363
vn -0.104571 -0.010768 0.994459
vn -0.104081 -0.001821 0.994567
vn -0.104470 0.006935 0.994504
vn -0.105663 -0.000424 0.994402
vn -0.107504 -0.006203 0.994185
vn -0.109812 0.004318 0.993943
vn -0.112359 0.012394 0.993590
vn -0.114943 0.004204 0.993363
vn -0.117328 -0.000925 0.993093
vn -0.119331 0.001384 0.992854
vn -0.124251 -0.003070 0.992246
vn -0.122852 -0.004847 0.992413
vn -0.120578 0.001337 0.992703
vn -0.117530 0.010553 0.993013
vn -0.113900 0.003433 0.993486
vn -0.109886 -0.006246 0.993925
vn -0.105748 0.000232 0.994393
vn -0.101741 0.008147 0.994778
vn -0.098134 -0.000197 0.995173
vn -0.095146 -0.008860 0.995424
vn -0.092978 -0.000912 0.995668
vn -0.091750 0.006827 0.995759
vn -0.091534 -0.001516 0.995801
vn -0.092313 -0.008157 0.995697
vn -0.094020 0.001707 0.995569
vn -0.096499 0.009347 0.995289
vn -0.099573 0.000940 0.995030
vn -0.102998 -0.004147 0.994673
vn -0.106534 -0.001747 0.994308
vn -0.104355 -0.002613 0.994537
vn -0.104735 -0.003930 0.994492
vn -0.104374 0.003176 0.994533
vn -0.103217 0.013242 0.994571
vn -0.101308 0.006808 0.994832
vn -0.098711 -0.002385 0.995113
vn -0.095570 0.004358 0.995413
vn -0.092075 0.012270 0.995676
vn -0.088475 0.003635 0.996072
vn -0.084998 -0.005581 0.996366
vn -0.081902 0.001606 0.996639
vn -0.079409 0.008410 0.996807
vn -0.077722 -0.000994 0.996975
vn -0.076966 -0.008731 0.996995
vn -0.077227 0.000100 0.997014
vn -0.078496 0.006821 0.996891
vn -0.080713 -0.002354 0.996735
vn -0.083733 -0.007977 0.996456
vn -0.087372 -0.005772 0.996159
vn -0.075803 -0.003857 0.997115
vn -0.077355 -0.004889 0.996992
vn -0.078654 0.002872 0.996898
vn -0.079519 0.013695 0.996739
vn -0.079835 0.008015 0.996776
vn -0.079508 -0.000458 0.996834
vn -0.078512 0.006932 0.996889
vn -0.076887 0.015328 0.996922
vn -0.074753 0.006949 0.997178
vn -0.072246 -0.002249 0.997384
vn -0.069562 0.004717 0.997566
vn -0.066924 0.011051 0.997697
vn -0.064570 0.000941 0.997913
vn -0.062705 -0.007678 0.998003
vn -0.061528 0.000171 0.998105
vn -0.061174 0.005862 0.998110
vn -0.061733 -0.004337 0.998083
vn -0.063216 -0.010878 0.997941
vn -0.065579 -0.009093 0.997806
vn -0.042907 -0.005753 0.999063
vn -0.044456 -0.006821 0.998988
vn -0.046392 0.001002 0.998923
vn -0.048498 0.012105 0.998750
vn -0.050570 0.006853 0.998697
vn -0.052397 -0.001058 0.998626
vn -0.053805 0.007004 0.998527
vn -0.054665 0.016089 0.998375
vn -0.054920 0.008325 0.998456
vn -0.054545 -0.000368 0.998511
vn -0.053590 0.006958 0.998539
vn -0.052165 0.013444 0.998548
vn -0.050434 0.003246 0.998722
vn -0.048576 -0.005690 0.998803
vn -0.046806 0.001639 0.998903
vn -0.045327 0.006628 0.998950
vn -0.044333 -0.004414 0.999007
vn -0.043973 -0.011865 0.998962
vn -0.044358 -0.010538 0.998960
vn -0.010561 -0.006974 0.999920
vn -0.010985 -0.008398 0.999904
vn -0.012300 -0.001177 0.999924
vn -0.014364 0.009544 0.999851
vn -0.016993 0.004131 0.999847
vn -0.019962 -0.003707 0.999794
vn -0.023033 0.004667 0.999724
vn -0.025969 0.014249 0.999561
vn -0.028564 0.007093 0.999567
vn -0.030639 -0.000918 0.999530
vn -0.032071 0.007110 0.999460
vn -0.032798 0.014237 0.999361
vn -0.032830 0.004547 0.999451
vn -0.032223 -0.004049 0.999473
vn -0.031100 0.003430 0.999510
vn -0.029625 0.008348 0.999526
vn -0.027995 -0.002988 0.999604
vn -0.026411 -0.010923 0.999591
vn -0.025077 -0.009879 0.999637
vn 0.017540 -0.006607 0.999824
vn 0.018704 -0.008565 0.999788
vn 0.018841 -0.002377 0.999820
vn 0.017942 0.007423 0.999811
vn 0.016077 0.001262 0.999870
vn 0.013378 -0.007102 0.999885
vn 0.010034 0.001000 0.999949
vn 0.006275 0.010577 0.999924
vn 0.002359 0.003665 0.999991
vn -0.001456 -0.003880 0.999991
vn -0.004926 0.004802 0.999976
vn -0.007839 0.012703 0.999889
vn -0.010034 0.003830 0.999942
vn -0.011407 -0.003964 0.999927
vn -0.011923 0.004241 0.999920
vn -0.011615 0.009743 0.999885
vn -0.010577 -0.001202 0.999943
vn -0.008959 -0.008957 0.999920
vn -0.006949 -0.007877 0.999945
vn 0.040063 -0.004640 0.999186
vn 0.042363 -0.007090 0.999077
vn 0.043918 -0.001938 0.999033
vn 0.044578 0.006774 0.998983
vn 0.044263 -0.000435 0.999020
vn 0.042950 -0.009744 0.999030
vn 0.040700 -0.002433 0.999168
vn 0.037630 0.006575 0.999270
vn 0.033924 -0.000635 0.999424
vn 0.029809 -0.008200 0.999522
vn 0.025544 0.000731 0.999673
vn 0.021397 0.009136 0.999729
vn 0.017631 0.000981 0.999844
vn 0.014475 -0.005940 0.999878
vn 0.012116 0.003223 0.999921
vn 0.010682 0.009698 0.999896
vn 0.010233 -0.000333 0.999948
vn 0.010756 -0.007298 0.999916
vn 0.012172 -0.005862 0.999909
vn 0.058004 -0.001991 0.998314
vn 0.060280 -0.004693 0.998170
vn 0.062378 -0.000155 0.998053
vn 0.064080 0.007754 0.997915
vn 0.065201 -0.000370 0.997872
vn 0.065581 -0.010651 0.997790
vn 0.065134 -0.004324 0.997867
vn 0.063815 0.003780 0.997955
vn 0.061659 -0.004162 0.998089
vn 0.058761 -0.012249 0.998197
vn 0.055290 -0.003612 0.998464
vn 0.051444 0.004779 0.998664
vn 0.047470 -0.003093 0.998868
vn 0.043626 -0.009471 0.999003
vn 0.040176 0.000447 0.999193
vn 0.037347 0.007855 0.999271
vn 0.035339 -0.001127 0.999375
vn 0.034287 -0.007013 0.999387
vn 0.034267 -0.005042 0.999400
vn 0.073564 -0.000065 0.997290
vn 0.074519 -0.002691 0.997216
vn 0.075885 0.001878 0.997115
vn 0.077485 0.009592 0.996947
vn 0.079131 0.001073 0.996864
vn 0.080605 -0.009788 0.996698
vn 0.081727 -0.004201 0.996646
vn 0.082324 0.003073 0.996601
vn 0.082276 -0.005695 0.996593
vn 0.081512 -0.014556 0.996566
vn 0.080051 -0.006602 0.996769
vn 0.077931 0.001283 0.996958
vn 0.075276 -0.006842 0.997139
vn 0.072259 -0.013221 0.997298
vn 0.069105 -0.003066 0.997605
vn 0.066033 0.004841 0.997806
vn 0.063289 -0.003392 0.997989
vn 0.061096 -0.008357 0.998097
vn 0.059652 -0.005893 0.998202
vn 0.088560 -0.000069 0.996071
vn 0.087404 -0.002352 0.996170
vn 0.087009 0.002829 0.996204
vn 0.087329 0.011003 0.996119
vn 0.088279 0.002769 0.996092
vn 0.089690 -0.008020 0.995937
vn 0.091389 -0.002590 0.995812
vn 0.093163 0.004324 0.995641
vn 0.094811 -0.004959 0.995483
vn 0.096136 -0.014449 0.995263
vn 0.097009 -0.007207 0.995257
vn 0.097302 -0.000033 0.995255
vn 0.096965 -0.008769 0.995249
vn 0.096011 -0.015627 0.995258
vn 0.094532 -0.005803 0.995505
vn 0.092631 0.001997 0.995699
vn 0.090483 -0.006068 0.995880
vn 0.088292 -0.010633 0.996038
vn 0.086282 -0.007922 0.996239
vn 0.103149 -0.002392 0.994663
vn 0.100023 -0.004246 0.994976
vn 0.097624 0.001805 0.995222
vn 0.096067 0.010855 0.995316
vn 0.095424 0.003447 0.995431
vn 0.095666 -0.006642 0.995391
vn 0.096723 -0.000697 0.995311
vn 0.098450 0.006520 0.995121
vn 0.100671 -0.002679 0.994916
vn 0.103161 -0.012309 0.994589
vn 0.105717 -0.005420 0.994382
vn 0.108103 0.001237 0.994139
vn 0.110128 -0.008110 0.993884
vn 0.111639 -0.015625 0.993626
vn 0.112563 -0.006469 0.993624
vn 0.112830 0.000744 0.993614
vn 0.112466 -0.007737 0.993625
vn 0.111554 -0.012542 0.993679
vn 0.110236 -0.009913 0.993856
vn 0.115489 -0.006375 0.993288
vn 0.111444 -0.007921 0.993739
vn 0.107754 -0.001163 0.994177
vn 0.104644 0.008766 0.994471
vn 0.102324 0.002357 0.994748
vn 0.100921 -0.006702 0.994872
vn 0.100521 0.000222 0.994935
vn 0.101116 0.008307 0.994840
vn 0.102651 -0.000191 0.994717
vn 0.104979 -0.009337 0.994431
vn 0.107932 -0.002210 0.994156
vn 0.111270 0.004431 0.993780
vn 0.114755 -0.005162 0.993380
vn 0.118134 -0.013129 0.992911
vn 0.121207 -0.004595 0.992617
vn 0.123755 0.001893 0.992311
vn 0.125639 -0.007326 0.992049
vn 0.126777 -0.012839 0.991848
vn 0.127161 -0.010555 0.991826
vn 0.122480 -0.010571 0.992415
vn 0.119024 -0.012065 0.992818
vn 0.115421 -0.005074 0.993304
vn 0.111899 0.005351 0.993705
vn 0.108717 -0.000319 0.994073
vn 0.106100 -0.008455 0.994320
vn 0.104259 -0.000498 0.994550
vn 0.103325 0.008668 0.994610
vn 0.103398 0.001228 0.994639
vn 0.104477 -0.006968 0.994503
vn 0.106515 0.000943 0.994311
vn 0.109376 0.008148 0.993967
vn 0.112888 -0.001140 0.993607
vn 0.116808 -0.009074 0.993113
vn 0.120900 -0.000769 0.992664
vn 0.124885 0.005245 0.992157
vn 0.128523 -0.004642 0.991696
vn 0.131588 -0.010962 0.991244
vn 0.133921 -0.009111 0.990950
vn 0.121185 -0.013379 0.992540
vn 0.119627 -0.015078 0.992704
vn 0.117544 -0.008388 0.993032
vn 0.115065 0.001968 0.993356
vn 0.112380 -0.003510 0.993659
vn 0.109704 -0.011203 0.993901
vn 0.107284 -0.002583 0.994225
vn 0.105317 0.007433 0.994411
vn 0.104012 0.000973 0.994576
vn 0.103507 -0.006187 0.994609
vn 0.103905 0.002747 0.994583
vn 0.105222 0.010887 0.994389
vn 0.107434 0.002368 0.994209
vn 0.110414 -0.005013 0.993873
vn 0.114001 0.003601 0.993474
vn 0.117969 0.009646 0.992970
vn 0.122085 -0.000503 0.992519
vn 0.126070 -0.007341 0.991994
vn 0.129681 -0.005805 0.991539
vn 0.110239 -0.013746 0.993810
vn 0.111125 -0.015779 0.993681
vn 0.111423 -0.009718 0.993726
vn 0.111098 0.000112 0.993809
vn 0.110189 -0.005743 0.993894
vn 0.108797 -0.013611 0.993971
vn 0.107092 -0.004941 0.994237
vn 0.105234 0.005357 0.994433
vn 0.103438 -0.000603 0.994636
vn 0.101906 -0.007077 0.994769
vn 0.100837 0.002682 0.994899
vn 0.100377 0.011727 0.994880
vn 0.100658 0.004111 0.994913
vn 0.101712 -0.002435 0.994811
vn 0.103530 0.006897 0.994602
vn 0.106031 0.013465 0.994272
vn 0.109096 0.003581 0.994025
vn 0.112512 -0.003256 0.993645
vn 0.116060 -0.001781 0.993241
vn 0.090617 -0.011618 0.995818
vn 0.093506 -0.013924 0.995521
vn 0.096092 -0.008449 0.995337
vn 0.098186 0.000718 0.995168
vn 0.099659 -0.005836 0.995004
vn 0.100442 -0.014350 0.994839
vn 0.100552 -0.006200 0.994913
vn 0.100021 0.003739 0.994978
vn 0.098967 -0.002392 0.995088
vn 0.097545 -0.008819 0.995192
vn 0.095953 0.001208 0.995385
vn 0.094378 0.010718 0.995479
vn 0.093038 0.003714 0.995656
vn 0.092095 -0.002116 0.995748
vn 0.091689 0.007990 0.995756
vn 0.091908 0.015308 0.995650
vn 0.092803 0.006056 0.995666
vn 0.094315 -0.000301 0.995542
vn 0.096357 0.001376 0.995346
vn 0.065465 -0.007956 0.997823
vn 0.069117 -0.010310 0.997555
vn 0.072969 -0.005030 0.997322
vn 0.076756 0.003720 0.997043
vn 0.080236 -0.003467 0.996770
vn 0.083189 -0.012742 0.996452
vn 0.085467 -0.005387 0.996326
vn 0.086945 0.003763 0.996206
vn 0.087583 -0.003104 0.996152
vn 0.087399 -0.010132 0.996122
vn 0.086493 -0.000511 0.996252
vn 0.084986 0.008801 0.996343
vn 0.083075 0.001807 0.996542
vn 0.080957 -0.003799 0.996710
vn 0.078851 0.006734 0.996864
vn 0.076956 0.014624 0.996927
vn 0.075468 0.006013 0.997130
vn 0.074504 0.000323 0.997221
vn 0.074146 0.002340 0.997245
vn 0.038959 -0.004306 0.999232
vn 0.041898 -0.006424 0.999101
vn 0.045507 -0.000791 0.998964
vn 0.049559 0.008042 0.998739
vn 0.053805 0.000635 0.998551
vn 0.057969 -0.009122 0.998277
vn 0.061799 -0.002436 0.998086
vn 0.065051 0.005884 0.997865
vn 0.067541 -0.001936 0.997715
vn 0.069126 -0.009941 0.997558
vn 0.069748 -0.001225 0.997564
vn 0.069398 0.007294 0.997562
vn 0.068153 -0.000342 0.997675
vn 0.066138 -0.006375 0.997790
vn 0.063540 0.003985 0.997971
vn 0.060571 0.011938 0.998093
vn 0.057479 0.003595 0.998340
vn 0.054490 -0.001634 0.998513
vn 0.051823 0.000661 0.998656
vn 0.014656 -0.002080 0.999890
vn 0.015851 -0.003769 0.999867
vn 0.017904 0.002643 0.999836
vn 0.020721 0.012056 0.999713
vn 0.024153 0.004968 0.999696
vn 0.027993 -0.004751 0.999597
vn 0.032000 0.001714 0.999486
vn 0.035912 0.009549 0.999309
vn 0.039474 0.000987 0.999220
vn 0.042441 -0.007941 0.999067
vn 0.044618 -0.000240 0.999004
vn 0.045852 0.007218 0.998922
vn 0.046067 -0.001469 0.998937
vn 0.045244 -0.008446 0.998940
vn 0.043450 0.001157 0.999055
vn 0.040804 0.008568 0.999130
vn 0.037496 -0.000085 0.999297
vn 0.033748 -0.005355 0.999416
vn 0.029817 -0.003009 0.999551
vn 0.001034 -0.001918 0.999998
vn 0.000357 -0.003181 0.999995
vn 0.000323 0.004082 0.999992
vn 0.001005 0.014305 0.999897
vn 0.002417 0.007914 0.999966
vn 0.004504 -0.001282 0.999989
vn 0.007152 0.005492 0.999959
vn 0.010191 0.013383 0.999859
vn 0.013412 0.004603 0.999899
vn 0.016577 -0.004807 0.999851
vn 0.019445 0.002193 0.999809
vn 0.021783 0.008763 0.999724
vn 0.023396 -0.000952 0.999726
vn 0.024128 -0.009011 0.999668
vn 0.023891 -0.000460 0.999714
vn 0.022658 0.005991 0.999725
vn 0.020479 -0.003470 0.999784
vn 0.017468 -0.009327 0.999804
vn 0.013803 -0.007212 0.999879
vn 0.003899 -0.003434 0.999987
vn 0.002123 -0.004481 0.999988
vn 0.000453 0.003291 0.999994
vn -0.000920 0.014153 0.999899
vn -0.001833 0.008468 0.999962
vn -0.002173 -0.000018 0.999998
vn -0.001880 0.007403 0.999971
vn -0.000959 0.015814 0.999874
vn 0.000525 0.007375 0.999973
vn 0.002449 -0.001914 0.999995
vn 0.004643 0.004969 0.999977
vn 0.006903 0.011179 0.999914
vn 0.009013 0.000876 0.999959
vn 0.010754 -0.007958 0.999911
vn 0.011932 -0.000313 0.999929
vn 0.012389 0.005161 0.999910
vn 0.012021 -0.005278 0.999914
vn 0.010785 -0.012035 0.999869
vn 0.008708 -0.010343 0.999909
vn 0.013083 -0.005468 0.999899
vn 0.011451 -0.006627 0.999912
vn 0.009297 0.001038 0.999956
vn 0.006830 0.012019 0.999904
vn 0.004278 0.006661 0.999969
vn 0.001861 -0.001329 0.999997
vn -0.000220 0.006706 0.999977
vn -0.001805 0.015788 0.999874
vn -0.002784 0.008011 0.999964
vn -0.003109 -0.000689 0.999995
vn -0.002793 0.006649 0.999974
vn -0.001912 0.013135 0.999912
vn -0.000593 0.002899 0.999996
vn 0.000993 -0.006095 0.999981
vn 0.002647 0.001175 0.999996
vn 0.004164 0.006082 0.999973
vn 0.005346 -0.005074 0.999973
vn 0.006022 -0.012641 0.999902
vn 0.006065 -0.011368 0.999917
vn 0.018178 -0.006696 0.999812
vn 0.017755 -0.008267 0.999808
vn 0.016373 -0.001330 0.999865
vn 0.014153 0.009133 0.999858
vn 0.011277 0.003499 0.999930
vn 0.007963 -0.004515 0.999958
vn 0.004457 0.003737 0.999983
vn 0.001007 0.013251 0.999912
vn -0.002149 0.006071 0.999979
vn -0.004812 -0.001923 0.999987
vn -0.006825 0.006166 0.999958
vn -0.008093 0.013379 0.999878
vn -0.008585 0.003781 0.999956
vn -0.008335 -0.004719 0.999954
vn -0.007438 0.002858 0.999968
vn -0.006042 0.007859 0.999951
vn -0.004330 -0.003420 0.999985
vn -0.002510 -0.011316 0.999933
vn -0.000790 -0.010256 0.999947
vn 0.017340 -0.006313 0.999830
vn 0.018468 -0.008431 0.999794
vn 0.018589 -0.002564 0.999824
vn 0.017676 0.006921 0.999820
vn 0.015777 0.000469 0.999875
vn 0.013008 -0.008149 0.999882
vn 0.009545 -0.000250 0.999954
vn 0.005611 0.009184 0.999942
vn 0.001463 0.002192 0.999997
vn -0.002633 -0.005365 0.999982
vn -0.006420 0.003367 0.999974
vn -0.009665 0.011375 0.999889
vn -0.012184 0.002657 0.999922
vn -0.013845 -0.004947 0.999892
vn -0.014587 0.003468 0.999888
vn -0.014415 0.009189 0.999854
vn -0.013404 -0.001542 0.999909
vn -0.011686 -0.009101 0.999890
vn -0.009445 -0.007928 0.999924
vn 0.011189 -0.004439 0.999928
vn 0.013308 -0.007018 0.999887
vn 0.014780 -0.002123 0.999889
vn 0.015447 0.006321 0.999861
vn 0.015206 -0.001171 0.999884
vn 0.014015 -0.010748 0.999844
vn 0.011910 -0.003660 0.999922
vn 0.008988 0.005170 0.999946
vn 0.005411 -0.002174 0.999983
vn 0.001394 -0.009806 0.999951
vn -0.002815 -0.000866 0.999996
vn -0.006948 0.007616 0.999947
vn -0.010742 -0.000400 0.999942
vn -0.013954 -0.007122 0.999877
vn -0.016383 0.002287 0.999863
vn -0.017881 0.009041 0.999799
vn -0.018370 -0.000691 0.999831
vn -0.017836 -0.007356 0.999814
vn -0.016343 -0.005772 0.999850
vn 0.002490 -0.002076 0.999995
vn 0.004404 -0.004841 0.999979
vn 0.006279 -0.000425 0.999980
vn 0.007905 0.007348 0.999942
vn 0.009083 -0.000963 0.999958
vn 0.009646 -0.011445 0.999888
vn 0.009477 -0.005279 0.999941
vn 0.008512 0.002684 0.999960
vn 0.006755 -0.005402 0.999963
vn 0.004276 -0.013590 0.999899
vn 0.001208 -0.004975 0.999987
vn -0.002264 0.003448 0.999991
vn -0.005915 -0.004350 0.999973
vn -0.009495 -0.010590 0.999899
vn -0.012753 -0.000461 0.999919
vn -0.015448 0.007202 0.999855
vn -0.017381 -0.001496 0.999848
vn -0.018396 -0.007073 0.999806
vn -0.018404 -0.004940 0.999818
vn -0.005144 -0.000613 0.999987
vn -0.004670 -0.003229 0.999984
vn -0.003655 0.001378 0.999992
vn -0.002252 0.009125 0.999956
vn -0.000649 0.000571 1.000000
vn 0.000948 -0.010354 0.999946
vn 0.002338 -0.004795 0.999986
vn 0.003338 0.002448 0.999991
vn 0.003801 -0.006410 0.999972
vn 0.003631 -0.015352 0.999876
vn 0.002789 -0.007407 0.999969
vn 0.001302 0.000492 0.999999
vn -0.000744 -0.007631 0.999971
vn -0.003204 -0.013960 0.999897
vn -0.005892 -0.003667 0.999976
vn -0.008587 0.004412 0.999953
vn -0.011059 -0.003640 0.999932
vn -0.013085 -0.008380 0.999879
vn -0.014466 -0.005787 0.999879
vn -0.008903 -0.001129 0.999960
vn -0.010512 -0.003352 0.999939
vn -0.011282 0.001994 0.999934
vn -0.011225 0.010352 0.999883
vn -0.010420 0.002237 0.999943
vn -0.008999 -0.008458 0.999924
vn -0.007142 -0.002889 0.999970
vn -0.005054 0.004147 0.999979
vn -0.002954 -0.005110 0.999983
vn -0.001048 -0.014602 0.999893
vn 0.000480 -0.007304 0.999973
vn 0.001489 -0.000085 0.999999
vn 0.001893 -0.008857 0.999959
vn 0.001664 -0.015736 0.999875
vn 0.000837 -0.005843 0.999983
vn -0.000491 0.002035 0.999998
vn -0.002176 -0.005996 0.999980
vn -0.004034 -0.010482 0.999937
vn -0.005857 -0.007704 0.999953
vn -0.008014 -0.003831 0.999961
vn -0.011395 -0.005609 0.999919
vn -0.014039 0.000665 0.999901
vn -0.015798 0.009986 0.999825
vn -0.016594 0.002797 0.999858
vn -0.016415 -0.007076 0.999840
vn -0.015322 -0.000850 0.999882
vn -0.013437 0.006636 0.999888
vn -0.010938 -0.002403 0.999937
vn -0.008039 -0.011919 0.999897
vn -0.004978 -0.004870 0.999976
vn -0.001989 0.001906 0.999996
vn 0.000706 -0.007457 0.999972
vn 0.002921 -0.015015 0.999883
vn 0.004522 -0.005822 0.999973
vn 0.005428 0.001399 0.999984
vn 0.005627 -0.007182 0.999958
vn 0.005168 -0.012061 0.999914
vn 0.004158 -0.009435 0.999947
vn -0.003972 -0.007893 0.999961
vn -0.007950 -0.009378 0.999924
vn -0.011617 -0.002410 0.999930
vn -0.014728 0.007796 0.999861
vn -0.017073 0.001620 0.999853
vn -0.018496 -0.007184 0.999803
vn -0.018903 0.000090 0.999821
vn -0.018270 0.008530 0.999797
vn -0.016647 0.000289 0.999861
vn -0.014149 -0.008641 0.999863
vn -0.010954 -0.001253 0.999939
vn -0.007283 0.005598 0.999958
vn -0.003387 -0.003946 0.999986
vn 0.000474 -0.011922 0.999929
vn 0.004050 -0.003336 0.999986
vn 0.007119 0.003140 0.999970
vn 0.009506 -0.006256 0.999935
vn 0.011092 -0.011950 0.999867
vn 0.011826 -0.009723 0.999883
vn 0.000311 -0.011787 0.999930
vn -0.002725 -0.013253 0.999908
vn -0.005978 -0.006114 0.999963
vn -0.009211 0.004530 0.999947
vn -0.012182 -0.000972 0.999925
vn -0.014655 -0.008906 0.999853
vn -0.016426 -0.000624 0.999865
vn -0.017331 0.008893 0.999810
vn -0.017273 0.001719 0.999849
vn -0.016214 -0.006225 0.999849
vn -0.014192 0.001997 0.999897
vn -0.011311 0.009472 0.999891
vn -0.007743 0.000300 0.999970
vn -0.003703 -0.007580 0.999964
vn 0.000554 0.000823 1.000000
vn 0.004760 0.006855 0.999965
vn 0.008650 -0.003208 0.999957
vn 0.011983 -0.009740 0.999881
vn 0.014562 -0.007966 0.999862
vn 0.002028 -0.013965 0.999900
vn 0.001148 -0.015665 0.999877
vn -0.000309 -0.008896 0.999960
vn -0.002226 0.001592 0.999996
vn -0.004437 -0.003825 0.999983
vn -0.006742 -0.011429 0.999912
vn -0.008924 -0.002588 0.999957
vn -0.010763 0.007683 0.999913
vn -0.012058 0.001407 0.999926
vn -0.012646 -0.005559 0.999905
vn -0.012414 0.003650 0.999916
vn -0.011308 0.012047 0.999863
vn -0.009347 0.003663 0.999950
vn -0.006610 -0.003625 0.999972
vn -0.003245 0.005127 0.999982
vn 0.000549 0.011236 0.999937
vn 0.004534 0.000969 0.999989
vn 0.008451 -0.006037 0.999946
vn 0.012041 -0.004565 0.999917
vn -0.000087 -0.013548 0.999908
vn 0.001531 -0.015590 0.999877
vn 0.002557 -0.009487 0.999952
vn 0.002935 0.000402 0.999996
vn 0.002671 -0.005490 0.999981
vn 0.001831 -0.013394 0.999909
vn 0.000539 -0.004644 0.999989
vn -0.001039 0.005760 0.999983
vn -0.002709 -0.000164 0.999996
vn -0.004263 -0.006581 0.999969
vn -0.005501 0.003335 0.999979
vn -0.006249 0.012540 0.999902
vn -0.006372 0.004999 0.999967
vn -0.005789 -0.001479 0.999982
vn -0.004480 0.007981 0.999958
vn -0.002490 0.014633 0.999890
vn 0.000071 0.004695 0.999989
vn 0.003043 -0.002233 0.999993
vn 0.006219 -0.000787 0.999980
vn -0.005096 -0.010730 0.999929
vn -0.001663 -0.013022 0.999914
vn 0.001514 -0.007492 0.999971
vn 0.004228 0.001706 0.999990
vn 0.006317 -0.004929 0.999968
vn 0.007677 -0.013561 0.999879
vn 0.008268 -0.005459 0.999951
vn 0.008115 0.004435 0.999957
vn 0.007306 -0.001817 0.999972
vn 0.005981 -0.008352 0.999947
vn 0.004319 0.001664 0.999989
vn 0.002526 0.011177 0.999934
vn 0.000809 0.004124 0.999991
vn -0.000634 -0.001733 0.999998
vn -0.001638 0.008425 0.999963
vn -0.002080 0.015786 0.999873
vn -0.001897 0.006502 0.999977
vn -0.001082 0.000110 0.999999
vn 0.000306 0.001786 0.999998
vn -0.010294 -0.006682 0.999925
vn -0.006439 -0.008981 0.999939
vn -0.002326 -0.003597 0.999991
vn 0.001779 0.005205 0.999985
vn 0.005617 -0.002041 0.999982
vn 0.008951 -0.011443 0.999894
vn 0.011588 -0.004206 0.999924
vn 0.013389 0.004797 0.999899
vn 0.014283 -0.002299 0.999895
vn 0.014263 -0.009567 0.999853
vn 0.013396 -0.000120 0.999910
vn 0.011804 0.009030 0.999890
vn 0.009665 0.001839 0.999952
vn 0.007186 -0.003926 0.999966
vn 0.004594 0.006535 0.999968
vn 0.002113 0.014374 0.999894
vn -0.000052 0.005694 0.999984
vn -0.001736 -0.000031 0.999998
vn -0.002822 0.001988 0.999994
vn -0.037264 -0.003018 0.999301
vn -0.034465 -0.005052 0.999393
vn -0.030979 0.000726 0.999520
vn -0.027011 0.009645 0.999589
vn -0.022809 0.002243 0.999737
vn -0.018635 -0.007589 0.999798
vn -0.014757 -0.001020 0.999891
vn -0.011421 0.007130 0.999909
vn -0.008837 -0.000942 0.999961
vn -0.007161 -0.009239 0.999932
vn -0.006487 -0.000795 0.999979
vn -0.006834 0.007446 0.999949
vn -0.008153 -0.000496 0.999967
vn -0.010326 -0.006804 0.999924
vn -0.013178 0.003352 0.999908
vn -0.016491 0.011139 0.999802
vn -0.020022 0.002652 0.999796
vn -0.023519 -0.002660 0.999720
vn -0.026744 -0.000386 0.999642
vn -0.089485 -0.001070 0.995988
vn -0.088639 -0.002675 0.996060
vn -0.086999 0.003852 0.996201
vn -0.084616 0.013334 0.996324
vn -0.081633 0.006322 0.996642
vn -0.078209 -0.003377 0.996931
vn -0.074565 0.003002 0.997212
vn -0.070945 0.010692 0.997423
vn -0.067612 0.001957 0.997710
vn -0.064795 -0.007203 0.997873
vn -0.062712 0.000207 0.998032
vn -0.061519 0.007350 0.998079
vn -0.061323 -0.001650 0.998117
vn -0.062151 -0.008934 0.998027
vn -0.063971 0.000367 0.997952
vn -0.066662 0.007512 0.997747
vn -0.070063 -0.001334 0.997542
vn -0.073946 -0.006739 0.997239
vn -0.078065 -0.004454 0.996938
vn -0.002437 -0.001308 0.999996
vn -0.003481 -0.002540 0.999991
vn -0.004001 0.004788 0.999981
vn -0.003891 0.015070 0.999879
vn -0.003107 0.008722 0.999957
vn -0.001666 -0.000456 0.999999
vn 0.000352 0.006302 0.999980
vn 0.002810 0.014136 0.999896
vn 0.005524 0.005252 0.999971
vn 0.008277 -0.004307 0.999956
vn 0.010839 0.002501 0.999938
vn 0.012982 0.008842 0.999877
vn 0.014503 -0.001132 0.999894
vn 0.015237 -0.009466 0.999839
vn 0.015076 -0.001186 0.999886
vn 0.013972 0.005007 0.999890
vn 0.011950 -0.004685 0.999918
vn 0.009103 -0.010728 0.999901
vn 0.005587 -0.008693 0.999947
vn 0.086876 -0.003151 0.996214
vn 0.084864 -0.004234 0.996384
vn 0.082813 0.003445 0.996559
vn 0.080921 0.014229 0.996619
vn 0.079395 0.008541 0.996807
vn 0.078364 0.000072 0.996925
vn 0.077919 0.007464 0.996932
vn 0.078096 0.015840 0.996820
vn 0.078886 0.007405 0.996856
vn 0.080182 -0.001896 0.996778
vn 0.081846 0.004897 0.996633
vn 0.083700 0.010990 0.996430
vn 0.085552 0.000601 0.996333
vn 0.087177 -0.008347 0.996158
vn 0.088390 -0.000895 0.996086
vn 0.089015 0.004385 0.996021
vn 0.088931 -0.006183 0.996019
vn 0.088065 -0.013070 0.996029
vn 0.086426 -0.011457 0.996192
vn 0.040115 -0.005372 0.999181
vn 0.038379 -0.006642 0.999241
vn 0.036004 0.000810 0.999351
vn 0.033196 0.011615 0.999381
vn 0.030194 0.006129 0.999525
vn 0.027230 -0.001945 0.999627
vn 0.024526 0.006040 0.999681
vn 0.022272 0.015107 0.999638
vn 0.020617 0.007347 0.999760
vn 0.019642 -0.001320 0.999806
vn 0.019368 0.006058 0.999794
vn 0.019756 0.012584 0.999726
vn 0.020709 0.002380 0.999783
vn 0.022071 -0.006595 0.999735
vn 0.023662 0.000671 0.999720
vn 0.025276 0.005554 0.999665
vn 0.026711 -0.005637 0.999627
vn 0.027778 -0.013252 0.999526
vn 0.028330 -0.012007 0.999527
vn 0.018883 -0.006641 0.999800
vn 0.018441 -0.008368 0.999795
vn 0.016998 -0.001733 0.999854
vn 0.014658 0.008457 0.999857
vn 0.011590 0.002591 0.999929
vn 0.008009 -0.005602 0.999952
vn 0.004162 0.002527 0.999988
vn 0.000309 0.011978 0.999928
vn -0.003299 0.004793 0.999983
vn -0.006436 -0.003152 0.999974
vn -0.008920 0.005030 0.999948
vn -0.010622 0.012369 0.999867
vn -0.011483 0.002918 0.999930
vn -0.011507 -0.005423 0.999919
vn -0.010764 0.002309 0.999939
vn -0.009384 0.007454 0.999928
vn -0.007540 -0.003701 0.999965
vn -0.005438 -0.011498 0.999919
vn -0.003295 -0.010395 0.999941
vn 0.016306 -0.006259 0.999847
vn 0.017385 -0.008532 0.999812
vn 0.017507 -0.002974 0.999842
vn 0.016624 0.006211 0.999843
vn 0.014765 -0.000518 0.999891
vn 0.012022 -0.009373 0.999884
vn 0.008558 -0.001659 0.999962
vn 0.004583 0.007651 0.999960
vn 0.000347 0.000603 1.000000
vn -0.003884 -0.006940 0.999968
vn -0.007842 0.001873 0.999967
vn -0.011282 0.010022 0.999886
vn -0.014000 0.001496 0.999901
vn -0.015841 -0.005876 0.999857
vn -0.016719 0.002794 0.999856
vn -0.016616 0.008779 0.999823
vn -0.015586 -0.001693 0.999877
vn -0.013745 -0.009012 0.999865
vn -0.011267 -0.007726 0.999907
vn 0.008811 -0.004483 0.999951
vn 0.010745 -0.007168 0.999917
vn 0.012157 -0.002495 0.999923
vn 0.012877 0.005714 0.999901
vn 0.012782 -0.002012 0.999916
vn 0.011811 -0.011809 0.999861
vn 0.009970 -0.004913 0.999938
vn 0.007332 0.003767 0.999966
vn 0.004034 -0.003674 0.999985
vn 0.000270 -0.011340 0.999936
vn -0.003728 -0.002370 0.999990
vn -0.007700 0.006211 0.999951
vn -0.011386 -0.001641 0.999934
vn -0.014538 -0.008143 0.999861
vn -0.016943 0.001533 0.999855
vn -0.018437 0.008586 0.999793
vn -0.018922 -0.000829 0.999821
vn -0.018365 -0.007178 0.999806
vn -0.016810 -0.005437 0.999844
vn -0.000492 -0.002391 0.999997
vn 0.001079 -0.005186 0.999986
vn 0.002763 -0.000842 0.999996
vn 0.004354 0.006837 0.999967
vn 0.005650 -0.001583 0.999983
vn 0.006469 -0.012185 0.999905
vn 0.006674 -0.006139 0.999959
vn 0.006173 0.001715 0.999979
vn 0.004939 -0.006459 0.999967
vn 0.003009 -0.014701 0.999887
vn 0.000483 -0.006098 0.999981
vn -0.002483 0.002364 0.999994
vn -0.005686 -0.005342 0.999970
vn -0.008896 -0.011434 0.999895
vn -0.011870 -0.001107 0.999929
vn -0.014371 0.006799 0.999874
vn -0.016191 -0.001621 0.999868
vn -0.017164 -0.006899 0.999829
vn -0.017183 -0.004613 0.999842
vn -0.007940 -0.001341 0.999968
vn -0.007882 -0.003913 0.999961
vn -0.007160 0.000780 0.999974
vn -0.005906 0.008601 0.999946
vn -0.004295 0.000104 0.999991
vn -0.002530 -0.010785 0.999939
vn -0.000818 -0.005210 0.999986
vn 0.000641 0.002033 0.999998
vn 0.001678 -0.006837 0.999975
vn 0.002163 -0.015795 0.999873
vn 0.002026 -0.007862 0.999967
vn 0.001253 0.000042 0.999999
vn -0.000106 -0.008055 0.999968
vn -0.001940 -0.014327 0.999895
vn -0.004092 -0.003942 0.999984
vn -0.006363 0.004265 0.999971
vn -0.008537 -0.003624 0.999957
vn -0.010396 -0.008171 0.999913
vn -0.011737 -0.005475 0.999916
vn -0.010971 -0.002276 0.999937
vn -0.012907 -0.004406 0.999907
vn -0.013948 0.001135 0.999902
vn -0.014079 0.009701 0.999854
vn -0.013356 0.001792 0.999909
vn -0.011892 -0.008708 0.999891
vn -0.009857 -0.002968 0.999947
vn -0.007455 0.004210 0.999963
vn -0.004910 -0.004937 0.999976
vn -0.002446 -0.014353 0.999894
vn -0.000271 -0.007009 0.999975
vn 0.001444 0.000232 0.999999
vn 0.002577 -0.008535 0.999960
vn 0.003062 -0.015419 0.999876
vn 0.002898 -0.005529 0.999981
vn 0.002144 0.002354 0.999995
vn 0.000917 -0.005655 0.999984
vn -0.000622 -0.010101 0.999949
vn -0.002281 -0.007297 0.999971
vn -0.009213 -0.005215 0.999944
vn -0.012666 -0.006891 0.999896
vn -0.015399 -0.000393 0.999881
vn -0.017245 0.009192 0.999809
vn -0.018104 0.002291 0.999833
vn -0.017943 -0.007285 0.999812
vn -0.016802 -0.000772 0.999859
vn -0.014786 0.006979 0.999866
vn -0.012063 -0.001829 0.999926
vn -0.008844 -0.011157 0.999899
vn -0.005370 -0.003971 0.999978
vn -0.001890 0.002890 0.999994
vn 0.001356 -0.006437 0.999978
vn 0.004155 -0.014006 0.999893
vn 0.006341 -0.004861 0.999968
vn 0.007800 0.002284 0.999967
vn 0.008486 -0.006390 0.999944
vn 0.008416 -0.011368 0.999900
vn 0.007671 -0.008792 0.999932
vn -0.004518 -0.009183 0.999948
vn -0.008221 -0.010593 0.999910
vn -0.011679 -0.003446 0.999926
vn -0.014644 0.006994 0.999868
vn -0.016902 0.001094 0.999857
vn -0.018279 -0.007404 0.999806
vn -0.018668 0.000190 0.999826
vn -0.018021 0.008948 0.999798
vn -0.016370 0.001006 0.999865
vn -0.013812 -0.007659 0.999875
vn -0.010510 -0.000054 0.999945
vn -0.006677 0.006958 0.999954
vn -0.002562 -0.002490 0.999994
vn 0.001570 -0.010436 0.999944
vn 0.005458 -0.001884 0.999983
vn 0.008859 0.004499 0.999951
vn 0.011577 -0.005039 0.999920
vn 0.013465 -0.010914 0.999850
vn 0.014445 -0.008785 0.999857
vn 0.000053 -0.012621 0.999920
vn -0.002397 -0.014051 0.999898
vn -0.005134 -0.006817 0.999964
vn -0.007941 0.003969 0.999961
vn -0.010589 -0.001345 0.999943
vn -0.012847 -0.009053 0.999876
vn -0.014506 -0.000514 0.999895
vn -0.015394 0.009277 0.999838
vn -0.015394 0.002382 0.999879
vn -0.014448 -0.005296 0.999882
vn -0.012570 0.003165 0.999916
vn -0.009842 0.010838 0.999893
vn -0.006414 0.001811 0.999978
vn -0.002485 -0.005988 0.999979
vn 0.001701 0.002428 0.999996
vn 0.005881 0.008404 0.999947
vn 0.009789 -0.001783 0.999950
vn 0.013173 -0.008499 0.999877
vn 0.015822 -0.006832 0.999851
vn 0.001799 -0.014084 0.999899
vn 0.001657 -0.015779 0.999874
vn 0.000904 -0.008990 0.999959
vn -0.000378 0.001539 0.999999
vn -0.002055 -0.003812 0.999991
vn -0.003950 -0.011323 0.999928
vn -0.005860 -0.002358 0.999980
vn -0.007572 0.008061 0.999939
vn -0.008883 0.001953 0.999959
vn -0.009617 -0.004835 0.999942
vn -0.009641 0.004552 0.999943
vn -0.008878 0.013113 0.999875
vn -0.007317 0.004868 0.999961
vn -0.005008 -0.002321 0.999985
vn -0.002068 0.006483 0.999977
vn 0.001327 0.012587 0.999920
vn 0.004961 0.002254 0.999985
vn 0.008590 -0.004881 0.999951
vn 0.011959 -0.003488 0.999922
vn -0.000266 -0.012906 0.999917
vn 0.002021 -0.014946 0.999886
vn 0.003733 -0.008851 0.999954
vn 0.004777 0.001010 0.999988
vn 0.005122 -0.004917 0.999975
vn 0.004801 -0.012858 0.999906
vn 0.003908 -0.004136 0.999984
vn 0.002585 0.006255 0.999977
vn 0.001014 0.000337 0.999999
vn -0.000603 -0.006055 0.999981
vn -0.002062 0.003903 0.999990
vn -0.003172 0.013163 0.999908
vn -0.003778 0.005682 0.999977
vn -0.003769 -0.000739 0.999993
vn -0.003091 0.008763 0.999957
vn -0.001754 0.015433 0.999879
vn 0.000169 0.005480 0.999985
vn 0.002549 -0.001502 0.999996
vn 0.005205 -0.000094 0.999986
vn -0.004922 -0.009511 0.999943
vn -0.001084 -0.011780 0.999930
vn 0.002549 -0.006233 0.999977
vn 0.005747 0.002928 0.999979
vn 0.008321 -0.003788 0.999958
vn 0.010135 -0.012536 0.999870
vn 0.011119 -0.004574 0.999928
vn 0.011268 0.005168 0.999923
vn 0.010644 -0.001235 0.999943
vn 0.009367 -0.007911 0.999925
vn 0.007607 0.001983 0.999969
vn 0.005562 0.011398 0.999920
vn 0.003451 0.004271 0.999985
vn 0.001484 -0.001633 0.999998
vn -0.000147 0.008497 0.999964
vn -0.001291 0.015846 0.999874
vn -0.001845 0.006556 0.999977
vn -0.001768 0.000155 0.999998
vn -0.001079 0.001826 0.999998
vn -0.009355 -0.005230 0.999943
vn -0.005453 -0.007476 0.999957
vn -0.001246 -0.002021 0.999997
vn 0.003000 0.006782 0.999973
vn 0.007018 -0.000529 0.999975
vn 0.010557 -0.010059 0.999894
vn 0.013407 -0.003002 0.999906
vn 0.015404 0.005779 0.999865
vn 0.016452 -0.001564 0.999863
vn 0.016522 -0.009092 0.999822
vn 0.015658 0.000098 0.999877
vn 0.013965 0.009007 0.999862
vn 0.011610 0.001604 0.999931
vn 0.008798 -0.004337 0.999952
vn 0.005762 0.005988 0.999965
vn 0.002740 0.013735 0.999902
vn -0.000042 0.005003 0.999987
vn -0.002387 -0.000736 0.999997
vn -0.004147 0.001284 0.999991
vn -0.010578 -0.001707 0.999943
vn -0.008044 -0.003672 0.999961
vn -0.004821 0.002220 0.999986
vn -0.001094 0.011192 0.999937
vn 0.002908 0.003770 0.999989
vn 0.006928 -0.006148 0.999957
vn 0.010703 0.000273 0.999943
vn 0.013981 0.008213 0.999869
vn 0.016544 -0.000116 0.999863
vn 0.018218 -0.008705 0.999796
vn 0.018895 -0.000575 0.999821
vn 0.018530 0.007348 0.999801
vn 0.017156 -0.000897 0.999852
vn 0.014871 -0.007481 0.999861
vn 0.011840 0.002439 0.999927
vn 0.008272 0.010044 0.999915
vn 0.004414 0.001429 0.999989
vn 0.000525 -0.003950 0.999992
vn -0.003142 -0.001694 0.999994
vn -0.006970 -0.000162 0.999976
vn -0.006554 -0.001719 0.999977
vn -0.005399 0.004930 0.999973
vn -0.003533 0.014509 0.999888
vn -0.001048 0.007493 0.999971
vn 0.001906 -0.002265 0.999996
vn 0.005132 0.004052 0.999979
vn 0.008400 0.011622 0.999897
vn 0.011468 0.002674 0.999931
vn 0.014095 -0.006741 0.999878
vn 0.016067 0.000410 0.999871
vn 0.017211 0.007267 0.999825
vn 0.017409 -0.002056 0.999846
vn 0.016607 -0.009653 0.999815
vn 0.014827 -0.000613 0.999890
vn 0.012154 0.006309 0.999906
vn 0.008743 -0.002745 0.999958
vn 0.004802 -0.008291 0.999954
vn 0.000575 -0.006048 0.999982
vn 0.000817 -0.000876 0.999999
vn -0.000658 -0.002101 0.999998
vn -0.001727 0.005241 0.999985
vn -0.002256 0.015542 0.999877
vn -0.002165 0.009209 0.999955
vn -0.001435 0.000032 0.999999
vn -0.000107 0.006767 0.999977
vn 0.001714 0.014549 0.999893
vn 0.003876 0.005579 0.999977
vn 0.006185 -0.004105 0.999972
vn 0.008426 0.002542 0.999961
vn 0.010376 0.008691 0.999908
vn 0.011831 -0.001500 0.999929
vn 0.012614 -0.010064 0.999870
vn 0.012600 -0.002016 0.999919
vn 0.011718 0.003959 0.999924
vn 0.009968 -0.005923 0.999933
vn 0.007415 -0.012117 0.999899
vn 0.004190 -0.010146 0.999940
vn 0.010021 -0.003111 0.999945
vn 0.007699 -0.004262 0.999961
vn 0.005204 0.003332 0.999981
vn 0.002762 0.014071 0.999897
vn 0.000580 0.008314 0.999965
vn -0.001163 -0.000207 0.999999
vn -0.002340 0.007201 0.999971
vn -0.002877 0.015605 0.999874
vn -0.002765 0.007145 0.999971
vn -0.002056 -0.002192 0.999995
vn -0.000860 0.004601 0.999989
vn 0.000668 0.010674 0.999943
vn 0.002336 0.000183 0.999997
vn 0.003940 -0.008886 0.999953
vn 0.005276 -0.001509 0.999985
vn 0.006162 0.003678 0.999974
vn 0.006450 -0.007048 0.999954
vn 0.006046 -0.014068 0.999883
vn 0.004915 -0.012497 0.999910
vn 0.016970 -0.005520 0.999841
vn 0.015115 -0.006918 0.999862
vn 0.012526 0.000303 0.999922
vn 0.009407 0.010919 0.999896
vn 0.005997 0.005284 0.999968
vn 0.002542 -0.002888 0.999993
vn -0.000715 0.005054 0.999987
vn -0.003558 0.014124 0.999894
vn -0.005813 0.006400 0.999963
vn -0.007361 -0.002200 0.999970
vn -0.008144 0.005265 0.999953
vn -0.008172 0.011886 0.999896
vn -0.007518 0.001772 0.999970
vn -0.006309 -0.007125 0.999955
vn -0.004716 0.000206 0.999989
vn -0.002940 0.005134 0.999983
vn -0.001189 -0.006039 0.999981
vn 0.000335 -0.013652 0.999907
vn 0.001457 -0.012408 0.999922
vn 0.018734 -0.006822 0.999801
vn 0.018278 -0.008706 0.999795
vn 0.016806 -0.002376 0.999856
vn 0.014406 0.007542 0.999868
vn 0.011231 0.001448 0.999936
vn 0.007487 -0.006918 0.999948
vn 0.003419 0.001101 0.999994
vn -0.000711 0.010508 0.999945
vn -0.004638 0.003343 0.999984
vn -0.008119 -0.004523 0.999957
vn -0.010949 0.003789 0.999933
vn -0.012972 0.011299 0.999852
vn -0.014101 0.002046 0.999898
vn -0.014313 -0.006083 0.999879
vn -0.013655 0.001860 0.999905
vn -0.012238 0.007204 0.999899
vn -0.010225 -0.003773 0.999941
vn -0.007817 -0.011422 0.999904
vn -0.005239 -0.010253 0.999934
vn 0.014474 -0.006432 0.999875
vn 0.015517 -0.008846 0.999840
vn 0.015679 -0.003570 0.999871
vn 0.014894 0.005343 0.999875
vn 0.013165 -0.001636 0.999912
vn 0.010563 -0.010700 0.999887
vn 0.007230 -0.003145 0.999969
vn 0.003358 0.006068 0.999976
vn -0.000815 -0.001008 0.999999
vn -0.005027 -0.008511 0.999951
vn -0.009009 0.000412 0.999959
vn -0.012508 0.008733 0.999884
vn -0.015305 0.000431 0.999883
vn -0.017226 -0.006678 0.999829
vn -0.018165 0.002281 0.999832
vn -0.018080 0.008564 0.999800
vn -0.017007 -0.001617 0.999854
vn -0.015043 -0.008666 0.999849
vn -0.012351 -0.007253 0.999897
vn 0.005836 -0.004736 0.999972
vn 0.007613 -0.007502 0.999943
vn 0.009011 -0.003000 0.999955
vn 0.009847 0.005027 0.999939
vn 0.009982 -0.002883 0.999946
vn 0.009330 -0.012853 0.999874
vn 0.007869 -0.006106 0.999950
vn 0.005644 0.002463 0.999981
vn 0.002761 -0.005042 0.999983
vn -0.000611 -0.012717 0.999919
vn -0.004260 -0.003693 0.999984
vn -0.007943 0.005004 0.999956
vn -0.011406 -0.002673 0.999931
vn -0.014401 -0.008944 0.999856
vn -0.016709 0.001005 0.999860
vn -0.018153 0.008362 0.999800
vn -0.018617 -0.000734 0.999826
vn -0.018049 -0.006765 0.999814
vn -0.016472 -0.004867 0.999852
vn -0.003778 -0.002878 0.999989
vn -0.002496 -0.005673 0.999981
vn -0.000946 -0.001337 0.999999
vn 0.000672 0.006315 0.999980
vn 0.002153 -0.002152 0.999995
vn 0.003304 -0.012813 0.999912
vn 0.003964 -0.006832 0.999969
vn 0.004015 0.000960 0.999991
vn 0.003397 -0.007263 0.999968
vn 0.002110 -0.015530 0.999877
vn 0.000220 -0.006921 0.999976
vn -0.002149 0.001587 0.999996
vn -0.004825 -0.006028 0.999970
vn -0.007597 -0.011982 0.999899
vn -0.010237 -0.001472 0.999947
vn -0.012513 0.006656 0.999900
vn -0.014215 -0.001513 0.999898
vn -0.015167 -0.006521 0.999864
vn -0.015243 -0.004097 0.999875
vn -0.010736 -0.002173 0.999940
vn -0.011008 -0.004671 0.999929
vn -0.010501 0.000168 0.999945
vn -0.009328 0.008126 0.999923
vn -0.007651 -0.000251 0.999971
vn -0.005667 -0.011042 0.999923
vn -0.003589 -0.005395 0.999979
vn -0.001630 0.001896 0.999997
vn 0.000015 -0.006947 0.999976
vn 0.001189 -0.015892 0.999873
vn 0.001785 -0.007953 0.999967
vn 0.001751 -0.000042 0.999998
vn 0.001101 -0.008121 0.999966
vn -0.000093 -0.014356 0.999897
vn -0.001701 -0.003912 0.999991
vn -0.003553 0.004384 0.999984
vn -0.005448 -0.003388 0.999979
vn -0.007172 -0.007794 0.999944
vn -0.008524 -0.005021 0.999951
vn -0.012786 -0.003423 0.999912
vn -0.014935 -0.005438 0.999874
vn -0.016149 0.000343 0.999870
vn -0.016390 0.009163 0.999824
vn -0.015691 0.001510 0.999876
vn -0.014148 -0.008750 0.999862
vn -0.011920 -0.002795 0.999925
vn -0.009204 0.004563 0.999947
vn -0.006231 -0.004443 0.999971
vn -0.003238 -0.013761 0.999900
vn -0.000454 -0.006359 0.999980
vn 0.001924 0.000903 0.999998
vn 0.003737 -0.007872 0.999962
vn 0.004885 -0.014784 0.999879
vn 0.005331 -0.004933 0.999974
vn 0.005098 0.002910 0.999983
vn 0.004274 -0.005133 0.999978
vn 0.002997 -0.009598 0.999949
vn 0.001445 -0.006800 0.999976
vn -0.009991 -0.006471 0.999929
vn -0.013390 -0.008034 0.999878
vn -0.016106 -0.001288 0.999869
vn -0.017956 0.008583 0.999802
vn -0.018823 0.001992 0.999821
vn -0.018651 -0.007269 0.999800
vn -0.017461 -0.000449 0.999847
vn -0.015340 0.007584 0.999854
vn -0.012445 -0.000981 0.999922
vn -0.008977 -0.010115 0.999909
vn -0.005179 -0.002791 0.999983
vn -0.001308 0.004148 0.999991
vn 0.002381 -0.005159 0.999984
vn 0.005653 -0.012763 0.999903
vn 0.008314 -0.003699 0.999959
vn 0.010223 0.003328 0.999942
vn 0.011299 -0.005489 0.999921
vn 0.011531 -0.010623 0.999877
vn 0.010975 -0.008126 0.999907
vn -0.004556 -0.010222 0.999937
vn -0.007877 -0.011553 0.999902
vn -0.011033 -0.004225 0.999930
vn -0.013782 0.006445 0.999884
vn -0.015904 0.000815 0.999873
vn -0.017217 -0.007387 0.999824
vn -0.017595 0.000516 0.999845
vn -0.016972 0.009579 0.999810
vn -0.015359 0.001921 0.999880
vn -0.012831 -0.006495 0.999897
vn -0.009535 0.001311 0.999954
vn -0.005669 0.008463 0.999948
vn -0.001475 -0.000911 0.999998
vn 0.002782 -0.008851 0.999957
vn 0.006834 -0.000363 0.999977
vn 0.010429 0.005894 0.999928
vn 0.013349 -0.003824 0.999904
vn 0.015426 -0.009920 0.999832
vn 0.016557 -0.007911 0.999832
vn 0.000334 -0.013113 0.999914
vn -0.001472 -0.014511 0.999894
vn -0.003642 -0.007194 0.999967
vn -0.005986 0.003712 0.999975
vn -0.008289 -0.001444 0.999965
vn -0.010330 -0.008961 0.999906
vn -0.011897 -0.000204 0.999929
vn -0.012809 0.009820 0.999870
vn -0.012932 0.003161 0.999911
vn -0.012187 -0.004291 0.999917
vn -0.010563 0.004372 0.999935
vn -0.008115 0.012207 0.999893
vn -0.004967 0.003292 0.999982
vn -0.001297 -0.004454 0.999989
vn 0.002669 0.003949 0.999989
vn 0.006677 0.009843 0.999929
vn 0.010465 -0.000491 0.999945
vn 0.013779 -0.007414 0.999878
vn 0.016397 -0.005863 0.999848
vn 0.002111 -0.013833 0.999902
vn 0.002699 -0.015529 0.999876
vn 0.002638 -0.008739 0.999958
vn 0.001974 0.001799 0.999996
vn 0.000808 -0.003529 0.999993
vn -0.000706 -0.010996 0.999939
vn -0.002384 -0.001964 0.999995
vn -0.004020 0.008545 0.999955
vn -0.005408 0.002544 0.999982
vn -0.006363 -0.004126 0.999971
vn -0.006732 0.005384 0.999963
vn -0.006411 0.014059 0.999881
vn -0.005359 0.005908 0.999968
vn -0.003593 -0.001216 0.999993
vn -0.001199 0.007611 0.999970
vn 0.001679 0.013690 0.999905
vn 0.004851 0.003280 0.999983
vn 0.008089 -0.003988 0.999959
vn 0.011153 -0.002675 0.999934
vn 0.000082 -0.011938 0.999929
vn 0.002963 -0.013985 0.999898
vn 0.005282 -0.007919 0.999955
vn 0.006914 0.001883 0.999974
vn 0.007792 -0.004124 0.999961
vn 0.007915 -0.012153 0.999895
vn 0.007351 -0.003517 0.999967
vn 0.006217 0.006797 0.999958
vn 0.004680 0.000818 0.999989
vn 0.002937 -0.005615 0.999980
vn 0.001197 0.004324 0.999990
vn -0.000339 0.013581 0.999908
vn -0.001490 0.006111 0.999980
vn -0.002118 -0.000295 0.999998
vn -0.002135 0.009221 0.999955
vn -0.001512 0.015892 0.999873
vn -0.000286 0.005919 0.999982
vn 0.001449 -0.001112 0.999998
vn 0.003544 0.000264 0.999994
vn -0.004264 -0.008073 0.999958
vn -0.000146 -0.010330 0.999947
vn 0.003814 -0.004788 0.999981
vn 0.007366 0.004308 0.999964
vn 0.010300 -0.002527 0.999944
vn 0.012453 -0.011435 0.999857
vn 0.013728 -0.003663 0.999899
vn 0.014090 0.005874 0.999883
vn 0.013578 -0.000736 0.999908
vn 0.012293 -0.007609 0.999895
vn 0.010390 0.002107 0.999944
vn 0.008066 0.011372 0.999903
vn 0.005544 0.004129 0.999976
vn 0.003046 -0.001860 0.999994
vn 0.000788 0.008217 0.999966
vn -0.001050 0.015538 0.999879
vn -0.002332 0.006241 0.999978
vn -0.002977 -0.000158 0.999996
vn -0.002967 0.001516 0.999994
vn -0.008033 -0.003701 0.999961
vn -0.004226 -0.005908 0.999974
vn -0.000075 -0.000408 1.000000
vn 0.004159 0.008369 0.999956
vn 0.008208 0.000964 0.999966
vn 0.011814 -0.008724 0.999892
vn 0.014752 -0.001880 0.999889
vn 0.016840 0.006646 0.999836
vn 0.017962 -0.000980 0.999838
vn 0.018064 -0.008802 0.999798
vn 0.017170 0.000097 0.999853
vn 0.015369 0.008734 0.999844
vn 0.012814 0.001090 0.999917
vn 0.009706 -0.005050 0.999940
vn 0.006280 0.005124 0.999967
vn 0.002783 0.012773 0.999915
vn -0.000537 0.003993 0.999992
vn -0.003462 -0.001747 0.999992
vn -0.005812 0.000283 0.999983
vn -0.008413 -0.000458 0.999965
vn -0.006276 -0.002372 0.999977
vn -0.003457 0.003597 0.999988
vn -0.000115 0.012590 0.999921
vn 0.003542 0.005129 0.999981
vn 0.007272 -0.004892 0.999962
vn 0.010822 0.001364 0.999941
vn 0.013940 0.009084 0.999862
vn 0.016403 0.000488 0.999865
vn 0.018023 -0.008400 0.999802
vn 0.018676 -0.000588 0.999825
vn 0.018298 0.007015 0.999808
vn 0.016902 -0.001536 0.999856
vn 0.014566 -0.008395 0.999859
vn 0.011439 0.001294 0.999934
vn 0.007722 0.008723 0.999932
vn 0.003658 -0.000005 0.999993
vn -0.000493 -0.005432 0.999985
vn -0.004464 -0.003183 0.999985
vn -0.004152 0.000573 0.999991
vn -0.004265 -0.000951 0.999990
vn -0.003709 0.005753 0.999977
vn -0.002475 0.015366 0.999879
vn -0.000623 0.008351 0.999965
vn 0.001733 -0.001444 0.999997
vn 0.004424 0.004789 0.999979
vn 0.007242 0.012228 0.999899
vn 0.009960 0.003104 0.999946
vn 0.012344 -0.006528 0.999902
vn 0.014179 0.000372 0.999899
vn 0.015282 0.006959 0.999859
vn 0.015519 -0.002644 0.999876
vn 0.014817 -0.010513 0.999835
vn 0.013174 -0.001720 0.999912
vn 0.010652 0.004991 0.999931
vn 0.007385 -0.004223 0.999964
vn 0.003561 -0.009869 0.999945
vn -0.000586 -0.007659 0.999970
vn 0.003710 -0.000685 0.999993
vn 0.001762 -0.001929 0.999997
vn 0.000105 0.005386 0.999985
vn -0.001099 0.015675 0.999877
vn -0.001735 0.009338 0.999955
vn -0.001745 0.000154 0.999998
vn -0.001134 0.006873 0.999976
vn 0.000032 0.014620 0.999893
vn 0.001631 0.005591 0.999983
vn 0.003495 -0.004181 0.999985
vn 0.005426 0.002350 0.999983
vn 0.007212 0.008356 0.999939
vn 0.008645 -0.002000 0.999961
vn 0.009541 -0.010741 0.999897
vn 0.009755 -0.002872 0.999948
vn 0.009196 0.002933 0.999953
vn 0.007831 -0.007097 0.999944
vn 0.005699 -0.013402 0.999894
vn 0.002902 -0.011476 0.999930
vn 0.012197 -0.003322 0.999920
vn 0.009582 -0.004556 0.999944
vn 0.006677 0.002892 0.999974
vn 0.003718 0.013527 0.999902
vn 0.000935 0.007705 0.999970
vn -0.001469 -0.000843 0.999999
vn -0.003331 0.006566 0.999973
vn -0.004544 0.014993 0.999877
vn -0.005061 0.006567 0.999966
vn -0.004898 -0.002734 0.999984
vn -0.004135 0.004089 0.999983
vn -0.002903 0.010178 0.999944
vn -0.001376 -0.000314 0.999999
vn 0.000248 -0.009404 0.999956
vn 0.001764 -0.002066 0.999996
vn 0.002976 0.003067 0.999991
vn 0.003718 -0.007719 0.999963
vn 0.003866 -0.014797 0.999883
vn 0.003353 -0.013254 0.999907
vn 0.017724 -0.005915 0.999825
vn 0.015772 -0.007448 0.999848
vn 0.013018 -0.000478 0.999915
vn 0.009657 0.009934 0.999904
vn 0.005927 0.004151 0.999974
vn 0.002081 -0.004112 0.999989
vn -0.001622 0.003798 0.999991
vn -0.004946 0.012891 0.999905
vn -0.007691 0.005237 0.999957
vn -0.009706 -0.003255 0.999948
vn -0.010903 0.004345 0.999931
vn -0.011260 0.011114 0.999875
vn -0.010825 0.001151 0.999941
vn -0.009702 -0.007602 0.999924
vn -0.008050 -0.000145 0.999968
vn -0.006063 0.004887 0.999970
vn -0.003954 -0.006207 0.999973
vn -0.001938 -0.013767 0.999903
vn -0.000213 -0.012502 0.999922
vn 0.017740 -0.007226 0.999817
vn 0.017299 -0.009262 0.999807
vn 0.015857 -0.003224 0.999869
vn 0.013481 0.006435 0.999888
vn 0.010306 0.000129 0.999947
vn 0.006524 -0.008392 0.999944
vn 0.002371 -0.000462 0.999997
vn -0.001890 0.008925 0.999958
vn -0.005991 0.001808 0.999980
vn -0.009675 -0.005946 0.999936
vn -0.012719 0.002534 0.999916
vn -0.014946 0.010255 0.999836
vn -0.016245 0.001244 0.999867
vn -0.016567 -0.006628 0.999841
vn -0.015937 0.001573 0.999872
vn -0.014446 0.007163 0.999870
vn -0.012248 -0.003594 0.999919
vn -0.009537 -0.011057 0.999893
vn -0.006543 -0.009804 0.999931
vn 0.011935 -0.006797 0.999906
vn 0.012977 -0.009332 0.999872
vn 0.013239 -0.004297 0.999903
vn 0.012634 0.004382 0.999911
vn 0.011140 -0.002807 0.999934
vn 0.008803 -0.012046 0.999889
vn 0.005738 -0.004616 0.999973
vn 0.002116 0.004530 0.999987
vn -0.001842 -0.002548 0.999995
vn -0.005886 -0.009984 0.999933
vn -0.009753 -0.000928 0.999952
vn -0.013185 0.007587 0.999884
vn -0.015954 -0.000469 0.999873
vn -0.017872 -0.007292 0.999814
vn -0.018815 0.001976 0.999821
vn -0.018720 0.008575 0.999788
vn -0.017603 -0.001296 0.999844
vn -0.015542 -0.008061 0.999847
vn -0.012688 -0.006513 0.999898
vn 0.002424 -0.005143 0.999984
vn 0.004091 -0.007960 0.999960
vn 0.005532 -0.003567 0.999978
vn 0.006557 0.004336 0.999969
vn 0.007007 -0.003702 0.999969
vn 0.006772 -0.013793 0.999882
vn 0.005801 -0.007149 0.999958
vn 0.004104 0.001345 0.999991
vn 0.001758 -0.006195 0.999979
vn -0.001100 -0.013856 0.999903
vn -0.004285 -0.004765 0.999979
vn -0.007572 0.004054 0.999963
vn -0.010721 -0.003445 0.999937
vn -0.013488 -0.009490 0.999864
vn -0.015652 0.000725 0.999877
vn -0.017025 0.008376 0.999820
vn -0.017477 -0.000414 0.999847
vn -0.016935 -0.006141 0.999838
vn -0.015402 -0.004094 0.999873
vn -0.007171 -0.003464 0.999968
vn -0.006112 -0.006225 0.999962
vn -0.004632 -0.001832 0.999988
vn -0.002924 0.005858 0.999979
vn -0.001194 -0.002591 0.999996
vn 0.000352 -0.013252 0.999912
vn 0.001532 -0.007285 0.999972
vn 0.002201 0.000487 0.999997
vn 0.002264 -0.007752 0.999967
vn 0.001687 -0.016025 0.999870
vn 0.000496 -0.007400 0.999972
vn -0.001221 0.001151 0.999999
vn -0.003321 -0.006386 0.999974
vn -0.005620 -0.012225 0.999909
vn -0.007905 -0.001563 0.999968
vn -0.009955 0.006751 0.999928
vn -0.011558 -0.001206 0.999932
vn -0.012529 -0.005985 0.999904
vn -0.012729 -0.003444 0.999913
vn -0.013327 -0.003025 0.999907
vn -0.013837 -0.005421 0.999890
vn -0.013470 -0.000379 0.999909
vn -0.012317 0.007774 0.999894
vn -0.010528 -0.000426 0.999944
vn -0.008291 -0.011067 0.999904
vn -0.005825 -0.005300 0.999969
vn -0.003356 0.002077 0.999992
vn -0.001098 -0.006709 0.999977
vn 0.000763 -0.015624 0.999878
vn 0.002085 -0.007674 0.999968
vn 0.002781 0.000237 0.999996
vn 0.002824 -0.007843 0.999965
vn 0.002252 -0.014074 0.999898
vn 0.001161 -0.003611 0.999993
vn -0.000303 0.004723 0.999989
vn -0.001958 -0.002989 0.999994
vn -0.003600 -0.007312 0.999967
vn -0.005022 -0.004493 0.999977
vn -0.014166 -0.004485 0.999890
vn -0.016416 -0.006368 0.999845
vn -0.017717 -0.000312 0.999843
vn -0.018005 0.008799 0.999799
vn -0.017292 0.001436 0.999849
vn -0.015656 -0.008549 0.999841
vn -0.013243 -0.002350 0.999910
vn -0.010245 0.005214 0.999934
vn -0.006892 -0.003633 0.999970
vn -0.003431 -0.012843 0.999912
vn -0.000108 -0.005383 0.999986
vn 0.002853 0.001890 0.999994
vn 0.005265 -0.006914 0.999962
vn 0.006996 -0.013887 0.999879
vn 0.007972 -0.004118 0.999960
vn 0.008186 0.003632 0.999960
vn 0.007694 -0.004502 0.999960
vn 0.006611 -0.009050 0.999937
vn 0.005100 -0.006290 0.999967
vn -0.010208 -0.007528 0.999920
vn -0.013445 -0.008972 0.999869
vn -0.016057 -0.001968 0.999869
vn -0.017851 0.008198 0.999807
vn -0.018692 0.001923 0.999823
vn -0.018505 -0.007017 0.999804
vn -0.017292 0.000113 0.999850
vn -0.015120 0.008428 0.999850
vn -0.012130 0.000105 0.999926
vn -0.008512 -0.008842 0.999925
vn -0.004506 -0.001390 0.999989
vn -0.000369 0.005611 0.999984
vn 0.003632 -0.003700 0.999987
vn 0.007245 -0.011368 0.999909
vn 0.010257 -0.002421 0.999944
vn 0.012497 0.004445 0.999912
vn 0.013859 -0.004563 0.999894
vn 0.014304 -0.009906 0.999849
vn 0.013863 -0.007515 0.999876
vn -0.004001 -0.010960 0.999932
vn -0.006861 -0.012218 0.999902
vn -0.009653 -0.004719 0.999942
vn -0.012142 0.006164 0.999907
vn -0.014109 0.000782 0.999900
vn -0.015362 -0.007149 0.999856
vn -0.015761 0.001036 0.999875
vn -0.015222 0.010377 0.999830
vn -0.013731 0.002976 0.999901
vn -0.011343 -0.005219 0.999922
vn -0.008180 0.002761 0.999963
vn -0.004423 0.010027 0.999940
vn -0.000301 0.000701 1.000000
vn 0.003928 -0.007263 0.999966
vn 0.007996 0.001134 0.999967
vn 0.011644 0.007235 0.999906
vn 0.014641 -0.002694 0.999889
vn 0.016802 -0.009045 0.999818
vn 0.018002 -0.007172 0.999812
vn 0.001178 -0.013247 0.999912
vn 0.000041 -0.014624 0.999893
vn -0.001547 -0.007249 0.999973
vn -0.003421 0.003743 0.999987
vn -0.005388 -0.001298 0.999985
vn -0.007233 -0.008671 0.999936
vn -0.008748 0.000253 0.999962
vn -0.009743 0.010459 0.999898
vn -0.010067 0.003985 0.999941
vn -0.009619 -0.003289 0.999948
vn -0.008361 0.005530 0.999950
vn -0.006317 0.013489 0.999889
vn -0.003584 0.004652 0.999983
vn -0.000313 -0.003071 0.999995
vn 0.003293 0.005295 0.999981
vn 0.006997 0.011090 0.999914
vn 0.010546 0.000596 0.999944
vn 0.013689 -0.006544 0.999885
vn 0.016196 -0.005114 0.999856
vn 0.002930 -0.013234 0.999908
vn 0.004204 -0.014942 0.999880
vn 0.004790 -0.008181 0.999955
vn 0.004695 0.002324 0.999986
vn 0.003992 -0.003030 0.999987
vn 0.002806 -0.010510 0.999941
vn 0.001305 -0.001474 0.999998
vn -0.000315 0.009059 0.999959
vn -0.001848 0.003100 0.999993
vn -0.003097 -0.003512 0.999989
vn -0.003891 0.006062 0.999974
vn -0.004099 0.014802 0.999882
vn -0.003647 0.006705 0.999971
vn -0.002520 -0.000386 0.999997
vn -0.000766 0.008445 0.999964
vn 0.001504 0.014488 0.999894
vn 0.004129 0.003998 0.999983
vn 0.006905 -0.003395 0.999970
vn 0.009608 -0.002157 0.999952
vn 0.000868 -0.010700 0.999942
vn 0.004237 -0.012765 0.999910
vn 0.007058 -0.006758 0.999952
vn 0.009174 0.002945 0.999954
vn 0.010488 -0.003187 0.999940
vn 0.010968 -0.011357 0.999875
vn 0.010652 -0.002868 0.999939
vn 0.009637 0.007306 0.999927
vn 0.008074 0.001204 0.999967
vn 0.006153 -0.005332 0.999967
vn 0.004083 0.004529 0.999981
vn 0.002082 0.013732 0.999904
vn 0.000348 0.006231 0.999981
vn -0.000951 -0.000190 1.000000
vn -0.001692 0.009319 0.999955
vn -0.001812 0.015984 0.999871
vn -0.001306 0.005997 0.999981
vn -0.000232 -0.001065 0.999999
vn 0.001293 0.000290 0.999999
vn -0.003261 -0.006496 0.999974
vn 0.000995 -0.008753 0.999961
vn 0.005136 -0.003244 0.999982
vn 0.008901 0.005754 0.999944
vn 0.012063 -0.001235 0.999926
vn 0.014435 -0.010345 0.999842
vn 0.015897 -0.002805 0.999870
vn 0.016389 0.006480 0.999845
vn 0.015927 -0.000385 0.999873
vn 0.014592 -0.007502 0.999865
vn 0.012526 0.001992 0.999920
vn 0.009919 0.011067 0.999890
vn 0.006997 0.003672 0.999969
vn 0.003994 -0.002426 0.999989
vn 0.001144 0.007584 0.999971
vn -0.001346 0.014875 0.999888
vn -0.003308 0.005578 0.999979
vn -0.004626 -0.000797 0.999989
vn -0.005244 0.000893 0.999986
vn -0.006503 -0.002188 0.999976
vn -0.002937 -0.004369 0.999986
vn 0.001007 0.001148 0.999999
vn 0.005078 0.009873 0.999938
vn 0.009015 0.002348 0.999957
vn 0.012558 -0.007522 0.999893
vn 0.015472 -0.000913 0.999880
vn 0.017562 0.007336 0.999819
vn 0.018692 -0.000595 0.999825
vn 0.018790 -0.008733 0.999785
vn 0.017860 -0.000144 0.999840
vn 0.015969 0.008203 0.999839
vn 0.013260 0.000305 0.999912
vn 0.009922 -0.006043 0.999933
vn 0.006189 0.003978 0.999973
vn 0.002316 0.011533 0.999931
vn -0.001437 0.002718 0.999995
vn -0.004832 -0.003001 0.999984
vn -0.007661 -0.000947 0.999970
vn -0.006241 0.000637 0.999980
vn -0.004618 -0.001243 0.999989
vn -0.002325 0.004771 0.999986
vn 0.000508 0.013762 0.999905
vn 0.003699 0.006245 0.999974
vn 0.007030 -0.003888 0.999968
vn 0.010258 0.002200 0.999945
vn 0.013139 0.009701 0.999867
vn 0.015446 0.000845 0.999880
vn 0.016985 -0.008335 0.999821
vn 0.017615 -0.000831 0.999845
vn 0.017253 0.006465 0.999830
vn 0.015891 -0.002377 0.999871
vn 0.013588 -0.009496 0.999863
vn 0.010474 -0.000022 0.999945
vn 0.006733 0.007250 0.999951
vn 0.002599 -0.001571 0.999995
vn -0.001667 -0.007021 0.999974
vn -0.005796 -0.004766 0.999972
vn -0.001582 0.001059 0.999998
vn -0.002293 -0.000453 0.999997
vn -0.002404 0.006273 0.999977
vn -0.001872 0.015896 0.999872
vn -0.000718 0.008870 0.999960
vn 0.000978 -0.000963 0.999999
vn 0.003080 0.005197 0.999982
vn 0.005406 0.012525 0.999907
vn 0.007748 0.003252 0.999965
vn 0.009881 -0.006565 0.999930
vn 0.011592 0.000124 0.999933
vn 0.012689 0.006479 0.999898
vn 0.013025 -0.003361 0.999910
vn 0.012505 -0.011461 0.999856
vn 0.011102 -0.002878 0.999934
vn 0.008854 0.003659 0.999954
vn 0.005867 -0.005682 0.999967
vn 0.002307 -0.011396 0.999932
vn -0.001610 -0.009206 0.999956
vn 0.006085 -0.000784 0.999981
vn 0.003647 -0.002065 0.999991
vn 0.001393 0.005191 0.999986
vn -0.000488 0.015447 0.999881
vn -0.001848 0.009095 0.999957
vn -0.002592 -0.000090 0.999997
vn -0.002686 0.006628 0.999974
vn -0.002161 0.014369 0.999894
vn -0.001105 0.005320 0.999985
vn 0.000342 -0.004491 0.999990
vn 0.002001 0.001978 0.999996
vn 0.003669 0.007900 0.999962
vn 0.005139 -0.002561 0.999984
vn 0.006219 -0.011420 0.999915
vn 0.006747 -0.003674 0.999970
vn 0.006605 0.002014 0.999976
vn 0.005734 -0.008118 0.999951
vn 0.004138 -0.014497 0.999886
vn 0.001887 -0.012600 0.999919
vn 0.013637 -0.003815 0.999900
vn 0.010754 -0.005144 0.999929
vn 0.007480 0.002138 0.999970
vn 0.004061 0.012656 0.999912
vn 0.000743 0.006767 0.999977
vn -0.002247 -0.001802 0.999996
vn -0.004718 0.005627 0.999973
vn -0.006528 0.014107 0.999879
vn -0.007596 0.005756 0.999955
vn -0.007906 -0.003460 0.999963
vn -0.007505 0.003450 0.999966
vn -0.006501 0.009618 0.999933
vn -0.005051 -0.000810 0.999987
vn -0.003343 -0.009854 0.999946
vn -0.001586 -0.002493 0.999996
vn 0.000014 0.002647 0.999996
vn 0.001272 -0.008148 0.999966
vn 0.002036 -0.015243 0.999882
vn 0.002206 -0.013709 0.999904
vn 0.017641 -0.006551 0.999823
vn 0.015639 -0.008222 0.999844
vn 0.012790 -0.001502 0.999917
vn 0.009280 0.008711 0.999919
vn 0.005340 0.002787 0.999982
vn 0.001226 -0.005552 0.999984
vn -0.002796 0.002347 0.999993
vn -0.006471 0.011491 0.999913
vn -0.009579 0.003942 0.999946
vn -0.011943 -0.004400 0.999919
vn -0.013447 0.003382 0.999904
vn -0.014042 0.010353 0.999848
vn -0.013749 0.000597 0.999905
vn -0.012651 -0.007955 0.999888
vn -0.010893 -0.000316 0.999941
vn -0.008662 0.004872 0.999951
vn -0.006175 -0.006096 0.999962
vn -0.003657 -0.013564 0.999901
vn -0.001327 -0.012261 0.999924
vn 0.015968 -0.007820 0.999842
vn 0.015594 -0.009996 0.999828
vn 0.014261 -0.004222 0.999889
vn 0.012011 0.005205 0.999914
vn 0.008959 -0.001288 0.999959
vn 0.005278 -0.009937 0.999937
vn 0.001190 -0.002070 0.999997
vn -0.003050 0.007324 0.999969
vn -0.007173 0.000283 0.999974
vn -0.010918 -0.007328 0.999914
vn -0.014048 0.001350 0.999900
vn -0.016370 0.009316 0.999823
vn -0.017750 0.000582 0.999842
vn -0.018117 -0.006997 0.999811
vn -0.017476 0.001496 0.999846
vn -0.015900 0.007364 0.999846
vn -0.013526 -0.003143 0.999904
vn -0.010543 -0.010396 0.999890
vn -0.007181 -0.009049 0.999933
vn 0.008832 -0.007299 0.999934
vn 0.009926 -0.009930 0.999901
vn 0.010362 -0.005086 0.999933
vn 0.010029 0.003409 0.999944
vn 0.008879 -0.003947 0.999953
vn 0.006930 -0.013320 0.999887
vn 0.004268 -0.005981 0.999973
vn 0.001037 0.003129 0.999995
vn -0.002567 -0.003927 0.999989
vn -0.006308 -0.011275 0.999917
vn -0.009934 -0.002072 0.999949
vn -0.013191 0.006650 0.999891
vn -0.015846 -0.001150 0.999874
vn -0.017701 -0.007681 0.999814
vn -0.018615 0.001902 0.999825
vn -0.018506 0.008823 0.999790
vn -0.017369 -0.000738 0.999849
vn -0.015265 -0.007218 0.999857
vn -0.012327 -0.005536 0.999909
vn -0.001232 -0.005631 0.999983
vn 0.000383 -0.008467 0.999964
vn 0.001934 -0.004120 0.999990
vn 0.003219 0.003722 0.999988
vn 0.004065 -0.004386 0.999982
vn 0.004334 -0.014547 0.999885
vn 0.003946 -0.007964 0.999961
vn 0.002875 0.000489 0.999996
vn 0.001163 -0.007062 0.999974
vn -0.001086 -0.014695 0.999891
vn -0.003718 -0.005534 0.999978
vn -0.006533 0.003404 0.999973
vn -0.009305 -0.003929 0.999949
vn -0.011802 -0.009767 0.999883
vn -0.013802 0.000691 0.999905
vn -0.015110 0.008610 0.999849
vn -0.015581 0.000099 0.999879
vn -0.015125 -0.005353 0.999871
vn -0.013719 -0.003171 0.999901
vn -0.010458 -0.004069 0.999937
vn -0.009550 -0.006765 0.999932
vn -0.008077 -0.002250 0.999965
vn -0.006223 0.005540 0.999965
vn -0.004196 -0.002831 0.999987
vn -0.002210 -0.013439 0.999907
vn -0.000470 -0.007441 0.999972
vn 0.000855 0.000346 1.000000
vn 0.001634 -0.007888 0.999968
vn 0.001797 -0.016156 0.999868
vn 0.001332 -0.007518 0.999971
vn 0.000290 0.001064 0.999999
vn -0.001220 -0.006421 0.999979
vn -0.003041 -0.012179 0.999921
vn -0.004980 -0.001407 0.999987
vn -0.006827 0.007044 0.999952
vn -0.008372 -0.000753 0.999965
vn -0.009421 -0.005356 0.999941
vn -0.009820 -0.002724 0.999948
vn -0.015515 -0.003816 0.999872
vn -0.016176 -0.006085 0.999851
vn -0.015881 -0.000792 0.999874
vn -0.014701 0.007603 0.999863
vn -0.012771 -0.000374 0.999918
vn -0.010272 -0.010822 0.999889
vn -0.007426 -0.004899 0.999960
vn -0.004466 0.002593 0.999987
vn -0.001625 -0.006119 0.999980
vn 0.000885 -0.014998 0.999887
vn 0.002890 -0.007041 0.999971
vn 0.004269 0.000852 0.999991
vn 0.004957 -0.007260 0.999961
vn 0.004957 -0.013527 0.999896
vn 0.004333 -0.003095 0.999986
vn 0.003202 0.005220 0.999981
vn 0.001731 -0.002495 0.999995
vn 0.000113 -0.006802 0.999977
vn -0.001448 -0.003969 0.999991
vn -0.014953 -0.005391 0.999874
vn -0.017210 -0.007130 0.999826
vn -0.018526 -0.000775 0.999828
vn -0.018817 0.008650 0.999786
vn -0.018074 0.001598 0.999835
vn -0.016358 -0.008094 0.999833
vn -0.013797 -0.001634 0.999903
vn -0.010576 0.006147 0.999925
vn -0.006921 -0.002537 0.999973
vn -0.003085 -0.011641 0.999927
vn 0.000673 -0.004134 0.999991
vn 0.004110 0.003131 0.999987
vn 0.007015 -0.005732 0.999959
vn 0.009223 -0.012804 0.999875
vn 0.010632 -0.003162 0.999938
vn 0.011201 0.004443 0.999927
vn 0.010960 -0.003843 0.999933
vn 0.010001 -0.008536 0.999914
vn 0.008470 -0.005846 0.999947
vn -0.009765 -0.008332 0.999918
vn -0.012755 -0.009659 0.999872
vn -0.015202 -0.002400 0.999882
vn -0.016904 0.008054 0.999825
vn -0.017712 0.002086 0.999841
vn -0.017533 -0.006543 0.999825
vn -0.016346 0.000885 0.999866
vn -0.014200 0.009469 0.999854
vn -0.011216 0.001372 0.999936
vn -0.007569 -0.007405 0.999944
vn -0.003489 0.000154 0.999994
vn 0.000770 0.007194 0.999974
vn 0.004936 -0.002147 0.999986
vn 0.008749 -0.009911 0.999913
vn 0.011977 -0.001117 0.999928
vn 0.014428 0.005548 0.999881
vn 0.015972 -0.003695 0.999866
vn 0.016546 -0.009291 0.999820
vn 0.016157 -0.007031 0.999845
vn -0.002820 -0.011373 0.999931
vn -0.005172 -0.012569 0.999908
vn -0.007567 -0.004925 0.999959
vn -0.009782 0.006141 0.999933
vn -0.011599 0.000970 0.999932
vn -0.012822 -0.006728 0.999895
vn -0.013295 0.001699 0.999910
vn -0.012916 0.011278 0.999853
vn -0.011648 0.004095 0.999924
vn -0.009517 -0.003914 0.999947
vn -0.006621 0.004206 0.999969
vn -0.003118 0.011555 0.999928
vn 0.000781 0.002248 0.999997
vn 0.004832 -0.005764 0.999972
vn 0.008773 0.002517 0.999958
vn 0.012343 0.008439 0.999888
vn 0.015305 -0.001723 0.999881
vn 0.017460 -0.008350 0.999813
vn 0.018665 -0.006624 0.999804
vn 0.002556 -0.013035 0.999912
vn 0.002077 -0.014405 0.999894
vn 0.001056 -0.007010 0.999975
vn -0.000374 0.004023 0.999992
vn -0.002035 -0.000955 0.999997
vn -0.003729 -0.008241 0.999959
vn -0.005248 0.000790 0.999986
vn -0.006394 0.011118 0.999918
vn -0.007001 0.004773 0.999964
vn -0.006945 -0.002377 0.999973
vn -0.006158 0.006553 0.999960
vn -0.004636 0.014594 0.999883
vn -0.002439 0.005804 0.999980
vn 0.000312 -0.001919 0.999998
vn 0.003441 0.006395 0.999974
vn 0.006731 0.012081 0.999904
vn 0.009946 0.001423 0.999950
vn 0.012839 -0.005931 0.999900
vn 0.015182 -0.004620 0.999874
vn 0.004170 -0.012331 0.999915
vn 0.006055 -0.014069 0.999883
vn 0.007212 -0.007375 0.999947
vn 0.007615 0.003050 0.999966
vn 0.007304 -0.002386 0.999970
vn 0.006379 -0.009941 0.999930
vn 0.004990 -0.000966 0.999987
vn 0.003322 0.009525 0.999949
vn 0.001582 0.003544 0.999992
vn -0.000025 -0.003071 0.999995
vn -0.001307 0.006515 0.999978
vn -0.002111 0.015274 0.999881
vn -0.002326 0.007196 0.999971
vn -0.001904 0.000115 0.999998
vn -0.000854 0.008936 0.999960
vn 0.000749 0.014944 0.999888
vn 0.002775 0.004385 0.999987
vn 0.005050 -0.003114 0.999982
vn 0.007366 -0.001938 0.999971
vn 0.001958 -0.009266 0.999955
vn 0.005687 -0.011365 0.999919
vn 0.008885 -0.005450 0.999946
vn 0.011367 0.004115 0.999927
vn 0.013008 -0.002190 0.999913
vn 0.013750 -0.010554 0.999850
vn 0.013603 -0.002267 0.999905
vn 0.012641 0.007710 0.999890
vn 0.011002 0.001426 0.999938
vn 0.008865 -0.005266 0.999947
vn 0.006443 0.004467 0.999969
vn 0.003960 0.013576 0.999900
vn 0.001637 0.006011 0.999981
vn -0.000332 -0.000447 1.000000
vn -0.001794 0.009047 0.999957
vn -0.002645 0.015710 0.999873
vn -0.002846 0.005725 0.999980
vn -0.002417 -0.001340 0.999996
vn -0.001440 0.000011 0.999999
vn -0.002079 -0.004873 0.999986
vn 0.002163 -0.007143 0.999972
vn 0.006333 -0.001696 0.999979
vn 0.010167 0.007174 0.999923
vn 0.013423 -0.000001 0.999910
vn 0.015901 -0.009345 0.999830
vn 0.017456 -0.002075 0.999845
vn 0.018009 0.006922 0.999814
vn 0.017551 -0.000233 0.999846
vn 0.016145 -0.007630 0.999841
vn 0.013919 0.001610 0.999902
vn 0.011054 0.010469 0.999884
vn 0.007776 0.002904 0.999966
vn 0.004326 -0.003316 0.999985
vn 0.000952 0.006623 0.999978
vn -0.002114 0.013892 0.999901
vn -0.004676 0.004614 0.999978
vn -0.006585 -0.001708 0.999977
vn -0.007753 0.000015 0.999970
vn -0.004951 -0.000783 0.999987
vn -0.001766 -0.002953 0.999994
vn 0.001827 0.002554 0.999995
vn 0.005598 0.011206 0.999922
vn 0.009294 0.003545 0.999951
vn 0.012660 -0.006521 0.999899
vn 0.015457 -0.000159 0.999881
vn 0.017480 0.007804 0.999817
vn 0.018579 -0.000439 0.999827
vn 0.018662 -0.008898 0.999786
vn 0.017712 -0.000625 0.999843
vn 0.015778 0.007432 0.999848
vn 0.012985 -0.000719 0.999915
vn 0.009510 -0.007270 0.999928
vn 0.005582 0.002607 0.999981
vn 0.001456 0.010083 0.999948
vn -0.002601 0.001254 0.999996
vn -0.006334 -0.004417 0.999970
vn -0.009515 -0.002324 0.999952
vn -0.004248 0.001497 0.999990
vn -0.003237 -0.000365 0.999995
vn -0.001571 0.005668 0.999983
vn 0.000654 0.014641 0.999893
vn 0.003288 0.007062 0.999970
vn 0.006136 -0.003182 0.999976
vn 0.008974 0.002747 0.999956
vn 0.011568 0.010046 0.999883
vn 0.013693 0.000949 0.999906
vn 0.015149 -0.008498 0.999849
vn 0.015780 -0.001275 0.999875
vn 0.015487 0.005741 0.999864
vn 0.014239 -0.003366 0.999893
vn 0.012070 -0.010718 0.999870
vn 0.009090 -0.001431 0.999958
vn 0.005464 0.005710 0.999969
vn 0.001411 -0.003177 0.999994
vn -0.002818 -0.008623 0.999959
vn -0.006954 -0.006348 0.999956
vn 0.000578 0.001240 0.999999
vn -0.000771 -0.000277 1.000000
vn -0.001587 0.006445 0.999978
vn -0.001793 0.016064 0.999869
vn -0.001369 0.009027 0.999958
vn -0.000359 -0.000835 1.000000
vn 0.001135 0.005275 0.999985
vn 0.002960 0.012524 0.999917
vn 0.004929 0.003143 0.999983
vn 0.006830 -0.006813 0.999953
vn 0.008451 -0.000286 0.999964
vn 0.009596 0.005890 0.999937
vn 0.010103 -0.004137 0.999940
vn 0.009856 -0.012419 0.999874
vn 0.008802 -0.004000 0.999953
vn 0.006950 0.002404 0.999973
vn 0.004375 -0.007028 0.999966
vn 0.001219 -0.012782 0.999918
vn -0.002329 -0.010597 0.999941
vn 0.007830 -0.001200 0.999969
vn 0.004918 -0.002530 0.999985
vn 0.002092 0.004645 0.999987
vn -0.000433 0.014859 0.999890
vn -0.002479 0.008495 0.999961
vn -0.003915 -0.000678 0.999992
vn -0.004670 0.006067 0.999971
vn -0.004739 0.013840 0.999893
vn -0.004177 0.004818 0.999980
vn -0.003096 -0.004977 0.999983
vn -0.001656 0.001492 0.999998
vn -0.000046 0.007394 0.999973
vn 0.001527 -0.003106 0.999994
vn 0.002863 -0.012020 0.999924
vn 0.003782 -0.004339 0.999983
vn 0.004144 0.001283 0.999991
vn 0.003857 -0.008907 0.999953
vn 0.002892 -0.015326 0.999878
vn 0.001282 -0.013443 0.999909
vn 0.014300 -0.004585 0.999887
vn 0.011201 -0.006015 0.999919
vn 0.007632 0.001093 0.999970
vn 0.003840 0.011494 0.999927
vn 0.000086 0.005546 0.999985
vn -0.003387 -0.003026 0.999990
vn -0.006361 0.004450 0.999970
vn -0.008664 0.013018 0.999878
vn -0.010186 0.004786 0.999937
vn -0.010877 -0.004291 0.999932
vn -0.010757 0.002763 0.999938
vn -0.009909 0.009073 0.999910
vn -0.008472 -0.001228 0.999963
vn -0.006626 -0.010164 0.999926
vn -0.004579 -0.002719 0.999986
vn -0.002547 0.002479 0.999994
vn -0.000735 -0.008280 0.999965
vn 0.000680 -0.015356 0.999882
vn 0.001564 -0.013816 0.999903
vn 0.010227 -0.007399 0.999920
vn 0.008244 -0.009200 0.999924
vn 0.005395 -0.002716 0.999982
vn 0.001851 0.007314 0.999972
vn -0.002169 0.001268 0.999997
vn -0.006410 -0.007124 0.999954
vn -0.010604 0.000789 0.999943
vn -0.014487 0.010014 0.999845
vn -0.017822 0.002605 0.999838
vn -0.020411 -0.005546 0.999776
vn -0.022115 0.002460 0.999752
vn -0.022858 0.009677 0.999692
vn -0.022638 0.000178 0.999744
vn -0.021519 -0.008125 0.999735
vn -0.019629 -0.000259 0.999807
vn -0.017147 0.005127 0.999840
vn -0.014290 -0.005679 0.999882
vn -0.011293 -0.013027 0.999851
vn -0.008391 -0.011676 0.999897
vn -0.012232 -0.008551 0.999889
vn -0.012466 -0.010846 0.999863
vn -0.013598 -0.005300 0.999893
vn -0.015606 0.003930 0.999870
vn -0.018403 -0.002715 0.999827
vn -0.021836 -0.011459 0.999696
vn -0.025707 -0.003628 0.999663
vn -0.029770 0.005796 0.999540
vn -0.033765 -0.001140 0.999429
vn -0.037428 -0.008580 0.999262
vn -0.040522 0.000314 0.999179
vn -0.042836 0.008541 0.999046
vn -0.044223 0.000113 0.999022
vn -0.044591 -0.007146 0.998980
vn -0.043926 0.001654 0.999033
vn -0.042278 0.007812 0.999075
vn -0.039773 -0.002422 0.999206
vn -0.036584 -0.009450 0.999286
vn -0.032940 -0.008007 0.999425
vn -0.044655 -0.007861 0.998972
vn -0.043444 -0.010556 0.999000
vn -0.042760 -0.005850 0.999068
vn -0.042729 0.002505 0.999084
vn -0.043426 -0.004962 0.999044
vn -0.044863 -0.014418 0.998889
vn -0.046998 -0.007143 0.998869
vn -0.049706 0.001945 0.998762
vn -0.052820 -0.005060 0.998591
vn -0.056126 -0.012299 0.998348
vn -0.059399 -0.002955 0.998230
vn -0.062381 0.005957 0.998035
vn -0.064847 -0.001579 0.997894
vn -0.066590 -0.007812 0.997750
vn -0.067463 0.002055 0.997720
vn -0.067361 0.009270 0.997686
vn -0.066264 0.000027 0.997802
vn -0.064206 -0.006171 0.997918
vn -0.061302 -0.004367 0.998110
vn -0.076107 -0.006108 0.997081
vn -0.074492 -0.008921 0.997182
vn -0.072786 -0.004568 0.997337
vn -0.071188 0.003255 0.997458
vn -0.069890 -0.004848 0.997543
vn -0.069047 -0.015008 0.997501
vn -0.068791 -0.008464 0.997595
vn -0.069166 -0.000045 0.997605
vn -0.070166 -0.007573 0.997507
vn -0.071726 -0.015155 0.997309
vn -0.073739 -0.005953 0.997260
vn -0.076017 0.003061 0.997102
vn -0.078361 -0.004111 0.996917
vn -0.080550 -0.009755 0.996703
vn -0.082378 0.000876 0.996601
vn -0.083635 0.008995 0.996456
vn -0.084176 0.000750 0.996451
vn -0.083883 -0.004449 0.996466
vn -0.082716 -0.002161 0.996571
vn -0.101529 -0.004591 0.994822
vn -0.100715 -0.007180 0.994889
vn -0.099219 -0.002509 0.995062
vn -0.097206 0.005400 0.995250
vn -0.094885 -0.002805 0.995484
vn -0.092466 -0.013271 0.995627
vn -0.090189 -0.007234 0.995898
vn -0.088231 0.000561 0.996100
vn -0.086750 -0.007625 0.996201
vn -0.085853 -0.015858 0.996182
vn -0.085613 -0.007252 0.996302
vn -0.085991 0.001302 0.996295
vn -0.086918 -0.006137 0.996197
vn -0.088266 -0.011838 0.996027
vn -0.089880 -0.001052 0.995952
vn -0.091544 0.007444 0.995773
vn -0.093068 -0.000220 0.995660
vn -0.094248 -0.004688 0.995538
vn -0.094918 -0.002007 0.995483
vn -0.117009 -0.004444 0.993121
vn -0.117729 -0.006554 0.993024
vn -0.117462 -0.001011 0.993077
vn -0.116249 0.007606 0.993191
vn -0.114219 -0.000062 0.993456
vn -0.111524 -0.010225 0.993709
vn -0.108396 -0.004163 0.994099
vn -0.105055 0.003415 0.994461
vn -0.101748 -0.005171 0.994797
vn -0.098699 -0.013976 0.995019
vn -0.096131 -0.006070 0.995350
vn -0.094177 0.001743 0.995554
vn -0.092934 -0.006403 0.995652
vn -0.092438 -0.012727 0.995637
vn -0.092672 -0.002425 0.995694
vn -0.093524 0.005773 0.995600
vn -0.094860 -0.001975 0.995489
vn -0.096495 -0.006310 0.995313
vn -0.098232 -0.003509 0.995157
vn -0.121039 -0.006042 0.992629
vn -0.123179 -0.007619 0.992355
vn -0.124436 -0.001004 0.992227
vn -0.124700 0.008667 0.992157
vn -0.123959 0.001983 0.992285
vn -0.122237 -0.007342 0.992474
vn -0.119653 -0.000669 0.992816
vn -0.116361 0.007271 0.993180
vn -0.112589 -0.001199 0.993641
vn -0.108566 -0.010158 0.994037
vn -0.104574 -0.002668 0.994514
vn -0.100849 0.004524 0.994891
vn -0.097627 -0.004386 0.995213
vn -0.095091 -0.011565 0.995401
vn -0.093389 -0.002140 0.995627
vn -0.092569 0.005236 0.995692
vn -0.092640 -0.003220 0.995694
vn -0.093527 -0.008093 0.995584
vn -0.095109 -0.005512 0.995452
vn -0.114755 -0.008796 0.993355
vn -0.117388 -0.010003 0.993036
vn -0.119594 -0.002557 0.992820
vn -0.121157 0.008086 0.992600
vn -0.121935 0.002441 0.992535
vn -0.121809 -0.005842 0.992536
vn -0.120747 0.001802 0.992682
vn -0.118760 0.010568 0.992867
vn -0.115964 0.002726 0.993250
vn -0.112491 -0.005850 0.993636
vn -0.108557 0.001742 0.994089
vn -0.104397 0.008756 0.994497
vn -0.100286 -0.000592 0.994958
vn -0.096471 -0.008445 0.995300
vn -0.093208 0.000124 0.995647
vn -0.090691 0.006529 0.995858
vn -0.089079 -0.002945 0.996020
vn -0.088451 -0.008808 0.996042
vn -0.088831 -0.006704 0.996024
vn -0.101200 -0.011405 0.994801
vn -0.102999 -0.012546 0.994602
vn -0.104970 -0.004835 0.994464
vn -0.106889 0.006305 0.994251
vn -0.108559 0.001326 0.994089
vn -0.109777 -0.006145 0.993937
vn -0.110384 0.002423 0.993886
vn -0.110247 0.012131 0.993830
vn -0.109328 0.005164 0.993992
vn -0.107607 -0.002654 0.994190
vn -0.105151 0.005523 0.994441
vn -0.102086 0.012887 0.994692
vn -0.098612 0.003624 0.995119
vn -0.094928 -0.004420 0.995474
vn -0.091291 0.003693 0.995817
vn -0.087947 0.009402 0.996081
vn -0.085148 -0.000964 0.996368
vn -0.083086 -0.007853 0.996511
vn -0.081929 -0.006283 0.996618
vn -0.083940 -0.012467 0.996393
vn -0.083804 -0.013847 0.996386
vn -0.084306 -0.006502 0.996419
vn -0.085328 0.004479 0.996343
vn -0.086723 -0.000478 0.996232
vn -0.088301 -0.007713 0.996064
vn -0.089870 0.001325 0.995953
vn -0.091215 0.011668 0.995763
vn -0.092177 0.005418 0.995728
vn -0.092594 -0.001631 0.995703
vn -0.092372 0.007326 0.995698
vn -0.091469 0.015381 0.995689
vn -0.089934 0.006649 0.995926
vn -0.087828 -0.001059 0.996135
vn -0.085294 0.007165 0.996330
vn -0.082523 0.012728 0.996508
vn -0.079745 0.001954 0.996813
vn -0.077171 -0.005575 0.997002
vn -0.075038 -0.004379 0.997171
vn -0.065567 -0.011168 0.997786
vn -0.063186 -0.012953 0.997918
vn -0.061569 -0.006383 0.998082
vn -0.060765 0.003893 0.998144
vn -0.060767 -0.001672 0.998151
vn -0.061498 -0.009349 0.998063
vn -0.062836 -0.000515 0.998024
vn -0.064595 0.009848 0.997863
vn -0.066583 0.003797 0.997774
vn -0.068580 -0.002862 0.997642
vn -0.070379 0.006665 0.997498
vn -0.071798 0.015383 0.997301
vn -0.072716 0.007319 0.997326
vn -0.073031 0.000253 0.997330
vn -0.072714 0.009040 0.997312
vn -0.071804 0.015008 0.997306
vn -0.070411 0.004430 0.997508
vn -0.068658 -0.003124 0.997635
vn -0.066738 -0.001995 0.997769
vn -0.046804 -0.007716 0.998874
vn -0.042868 -0.009864 0.999032
vn -0.039442 -0.004082 0.999214
vn -0.036725 0.005300 0.999311
vn -0.034869 -0.001218 0.999391
vn -0.033958 -0.009818 0.999375
vn -0.034012 -0.001785 0.999420
vn -0.034969 0.007941 0.999357
vn -0.036717 0.001431 0.999325
vn -0.039079 -0.005457 0.999221
vn -0.041845 0.004103 0.999116
vn -0.044780 0.013078 0.998911
vn -0.047659 0.005435 0.998849
vn -0.050255 -0.001060 0.998736
vn -0.052386 0.008408 0.998592
vn -0.053914 0.015072 0.998432
vn -0.054776 0.005130 0.998485
vn -0.054942 -0.001890 0.998488
vn -0.054465 -0.000522 0.998516
vn -0.026662 -0.003298 0.999639
vn -0.022590 -0.005594 0.999729
vn -0.018541 -0.000235 0.999828
vn -0.014777 0.008482 0.999855
vn -0.011548 0.001096 0.999933
vn -0.009066 -0.008507 0.999923
vn -0.007495 -0.001529 0.999971
vn -0.006933 0.007158 0.999950
vn -0.007411 -0.000312 0.999972
vn -0.008883 -0.008008 0.999928
vn -0.011239 0.000962 0.999936
vn -0.014307 0.009592 0.999852
vn -0.017869 0.001848 0.999839
vn -0.021675 -0.004491 0.999755
vn -0.025469 0.005383 0.999661
vn -0.028999 0.012642 0.999499
vn -0.032051 0.003413 0.999480
vn -0.034443 -0.002817 0.999403
vn -0.036056 -0.001041 0.999349
vn -0.003558 0.000426 0.999994
vn -0.000881 -0.001746 0.999998
vn 0.002238 0.003732 0.999991
vn 0.005590 0.012297 0.999909
vn 0.008939 0.004493 0.999950
vn 0.012039 -0.005770 0.999911
vn 0.014651 0.000347 0.999893
vn 0.016565 0.008029 0.999831
vn 0.017617 -0.000518 0.999845
vn 0.017697 -0.009289 0.999800
vn 0.016770 -0.001318 0.999859
vn 0.014864 0.006460 0.999869
vn 0.012081 -0.001930 0.999925
vn 0.008585 -0.008667 0.999926
vn 0.004594 0.001086 0.999989
vn 0.000356 0.008505 0.999964
vn -0.003859 -0.000312 0.999993
vn -0.007786 -0.005904 0.999952
vn -0.011183 -0.003756 0.999930
vn 0.023173 0.002056 0.999729
vn 0.023499 0.000201 0.999724
vn 0.024465 0.006234 0.999681
vn 0.026010 0.015178 0.999546
vn 0.028025 0.007542 0.999579
vn 0.030337 -0.002794 0.999536
vn 0.032745 0.002997 0.999459
vn 0.035027 0.010119 0.999335
vn 0.036969 0.000821 0.999316
vn 0.038360 -0.008849 0.999225
vn 0.039039 -0.001871 0.999236
vn 0.038885 0.004899 0.999232
vn 0.037845 -0.004428 0.999274
vn 0.035928 -0.011972 0.999283
vn 0.033219 -0.002844 0.999444
vn 0.029856 0.004194 0.999545
vn 0.026037 -0.004726 0.999650
vn 0.021999 -0.010140 0.999707
vn 0.018003 -0.007835 0.999807
vn 0.052184 0.001077 0.998637
vn 0.050197 -0.000452 0.998739
vn 0.048675 0.006241 0.998795
vn 0.047731 0.015843 0.998735
vn 0.047434 0.008812 0.998835
vn 0.047768 -0.001044 0.998858
vn 0.048665 0.005041 0.998802
vn 0.050003 0.012246 0.998674
vn 0.051625 0.002817 0.998663
vn 0.053325 -0.007206 0.998551
vn 0.054903 -0.000791 0.998491
vn 0.056155 0.005256 0.998408
vn 0.056908 -0.004883 0.998367
vn 0.057022 -0.013280 0.998285
vn 0.056427 -0.004990 0.998394
vn 0.055090 0.001311 0.998481
vn 0.053057 -0.008165 0.998558
vn 0.050433 -0.013925 0.998630
vn 0.047387 -0.011739 0.998808
vn 0.080043 -0.001927 0.996790
vn 0.076733 -0.003311 0.997046
vn 0.073422 0.003756 0.997294
vn 0.070338 0.013904 0.997426
vn 0.067703 0.007559 0.997677
vn 0.065666 -0.001558 0.997840
vn 0.064332 0.005235 0.997915
vn 0.063741 0.013069 0.997881
vn 0.063884 0.004146 0.997949
vn 0.064661 -0.005552 0.997892
vn 0.065941 0.000967 0.997823
vn 0.067543 0.006902 0.997693
vn 0.069270 -0.003547 0.997592
vn 0.070908 -0.012431 0.997405
vn 0.072278 -0.004778 0.997373
vn 0.073202 0.000810 0.997317
vn 0.073561 -0.009373 0.997247
vn 0.073290 -0.015788 0.997186
vn 0.072397 -0.013915 0.997279
vn 0.102293 -0.005574 0.994739
vn 0.099106 -0.007097 0.995052
vn 0.095396 -0.000191 0.995439
vn 0.091395 0.010060 0.995764
vn 0.087380 0.004096 0.996167
vn 0.083594 -0.004424 0.996490
vn 0.080278 0.003105 0.996768
vn 0.077621 0.011774 0.996913
vn 0.075778 0.003731 0.997118
vn 0.074811 -0.005132 0.997185
vn 0.074736 0.002103 0.997201
vn 0.075489 0.008593 0.997110
vn 0.076958 -0.001494 0.997033
vn 0.078960 -0.010239 0.996825
vn 0.081306 -0.002683 0.996686
vn 0.083762 0.002600 0.996482
vn 0.086109 -0.008048 0.996253
vn 0.088147 -0.015053 0.995994
vn 0.089724 -0.013503 0.995875
vn 0.115108 -0.008347 0.993318
vn 0.113270 -0.010254 0.993511
vn 0.110591 -0.004024 0.993858
vn 0.107204 0.005789 0.994220
vn 0.103316 -0.000317 0.994648
vn 0.099159 -0.008696 0.995034
vn 0.095007 -0.000779 0.995476
vn 0.091109 0.008519 0.995805
vn 0.087725 0.001312 0.996144
vn 0.085057 -0.006590 0.996354
vn 0.083273 0.001649 0.996525
vn 0.082462 0.009127 0.996552
vn 0.082662 -0.000052 0.996578
vn 0.083817 -0.008046 0.996449
vn 0.085825 0.000055 0.996310
vn 0.088508 0.005646 0.996059
vn 0.091660 -0.004935 0.995778
vn 0.095033 -0.012114 0.995400
vn 0.098396 -0.010711 0.995090
vn 0.116714 -0.009285 0.993122
vn 0.116697 -0.011660 0.993099
vn 0.115893 -0.006332 0.993242
vn 0.114278 0.002683 0.993445
vn 0.111911 -0.004035 0.993710
vn 0.108906 -0.012796 0.993970
vn 0.105459 -0.005019 0.994411
vn 0.101765 0.004414 0.994799
vn 0.098076 -0.002371 0.995176
vn 0.094640 -0.009604 0.995465
vn 0.091714 -0.000510 0.995785
vn 0.089494 0.007968 0.995955
vn 0.088161 -0.000129 0.996106
vn 0.087811 -0.007048 0.996112
vn 0.088490 0.002044 0.996075
vn 0.090155 0.008480 0.995892
vn 0.092711 -0.001458 0.995692
vn 0.095982 -0.008242 0.995349
vn 0.099760 -0.006706 0.994989
vn 0.107954 -0.008380 0.994121
vn 0.109327 -0.011094 0.993944
vn 0.110331 -0.006485 0.993874
vn 0.110807 0.001750 0.993840
vn 0.110651 -0.005749 0.993843
vn 0.109812 -0.015213 0.993836
vn 0.108335 -0.008004 0.994082
vn 0.106272 0.001048 0.994337
vn 0.103758 -0.005877 0.994585
vn 0.100974 -0.012996 0.994804
vn 0.098154 -0.003541 0.995165
vn 0.095505 0.005537 0.995414
vn 0.093266 -0.001748 0.995640
vn 0.091636 -0.007709 0.995763
vn 0.090791 0.002418 0.995867
vn 0.090835 0.009901 0.995817
vn 0.091831 0.000944 0.995774
vn 0.093744 -0.004998 0.995584
vn 0.096494 -0.003084 0.995329
vn 0.091889 -0.006520 0.995748
vn 0.093564 -0.009281 0.995570
vn 0.095489 -0.004852 0.995419
vn 0.097447 0.003012 0.995236
vn 0.099234 -0.005036 0.995051
vn 0.100658 -0.015151 0.994806
vn 0.101605 -0.008617 0.994787
vn 0.101961 -0.000219 0.994788
vn 0.101688 -0.007718 0.994786
vn 0.100816 -0.015260 0.994788
vn 0.099456 -0.006038 0.995024
vn 0.097718 0.003029 0.995210
vn 0.095788 -0.004031 0.995394
vn 0.093867 -0.009538 0.995539
vn 0.092178 0.001237 0.995742
vn 0.090904 0.009527 0.995814
vn 0.090234 0.001473 0.995920
vn 0.090280 -0.003539 0.995910
vn 0.091119 -0.001161 0.995839
vn 0.072548 -0.005019 0.997352
vn 0.073341 -0.007494 0.997279
vn 0.074936 -0.002583 0.997185
vn 0.077164 0.005543 0.997003
vn 0.079825 -0.002507 0.996806
vn 0.082680 -0.012851 0.996493
vn 0.085516 -0.006716 0.996314
vn 0.088102 0.001133 0.996111
vn 0.090248 -0.007031 0.995895
vn 0.091813 -0.015265 0.995659
vn 0.092735 -0.006686 0.995668
vn 0.092969 0.001833 0.995667
vn 0.092558 -0.005632 0.995691
vn 0.091600 -0.011351 0.995731
vn 0.090255 -0.000571 0.995919
vn 0.088685 0.007942 0.996028
vn 0.087105 0.000311 0.996199
vn 0.085709 -0.004108 0.996312
vn 0.084684 -0.001395 0.996407
vn 0.053319 -0.004939 0.998565
vn 0.052570 -0.006905 0.998593
vn 0.052855 -0.001018 0.998602
vn 0.054140 0.007947 0.998502
vn 0.056327 0.000512 0.998412
vn 0.059247 -0.009460 0.998199
vn 0.062698 -0.003182 0.998027
vn 0.066428 0.004557 0.997781
vn 0.070184 -0.003981 0.997526
vn 0.073713 -0.012785 0.997198
vn 0.076807 -0.004893 0.997034
vn 0.079269 0.002854 0.996849
vn 0.080977 -0.005412 0.996701
vn 0.081866 -0.011874 0.996573
vn 0.081951 -0.001706 0.996635
vn 0.081284 0.006359 0.996671
vn 0.079997 -0.001529 0.996794
vn 0.078255 -0.005983 0.996915
vn 0.076263 -0.003230 0.997083
vn 0.035693 -0.006532 0.999341
vn 0.033626 -0.007976 0.999403
vn 0.032403 -0.001013 0.999474
vn 0.032137 0.009042 0.999443
vn 0.032885 0.002617 0.999456
vn 0.034620 -0.006488 0.999379
vn 0.037255 0.000480 0.999306
vn 0.040630 0.008667 0.999137
vn 0.044541 0.000285 0.999008
vn 0.048734 -0.008644 0.998774
vn 0.052950 -0.001114 0.998597
vn 0.056919 0.006041 0.998361
vn 0.060398 -0.003023 0.998170
vn 0.063176 -0.010396 0.997948
vn 0.065110 -0.001163 0.997877
vn 0.066097 0.005987 0.997795
vn 0.066123 -0.002740 0.997808
vn 0.065231 -0.007875 0.997839
vn 0.063538 -0.005412 0.997965
vn 0.019002 -0.009086 0.999778
vn 0.016642 -0.010209 0.999809
vn 0.014602 -0.002510 0.999890
vn 0.013085 0.008440 0.999879
vn 0.012270 0.002999 0.999920
vn 0.012280 -0.005099 0.999912
vn 0.013181 0.002835 0.999909
vn 0.014971 0.011869 0.999817
vn 0.017581 0.004137 0.999837
vn 0.020873 -0.004380 0.999773
vn 0.024656 0.003310 0.999691
vn 0.028696 0.010342 0.999535
vn 0.032739 0.000863 0.999464
vn 0.036515 -0.007170 0.999307
vn 0.039780 0.001224 0.999208
vn 0.042314 0.007394 0.999077
vn 0.043953 -0.002402 0.999031
vn 0.044590 -0.008594 0.998968
vn 0.044191 -0.006642 0.999001
vn 0.007814 -0.011256 0.999906
vn 0.006491 -0.012382 0.999902
vn 0.004869 -0.004572 0.999978
vn 0.003141 0.006715 0.999973
vn 0.001515 0.001813 0.999997
vn 0.000194 -0.005580 0.999984
vn -0.000640 0.003173 0.999995
vn -0.000846 0.013075 0.999914
vn -0.000333 0.006189 0.999981
vn 0.000929 -0.001575 0.999998
vn 0.002905 0.006716 0.999973
vn 0.005495 0.014141 0.999885
vn 0.008543 0.004802 0.999952
vn 0.011845 -0.003362 0.999924
vn 0.015170 0.004646 0.999874
vn 0.018270 0.010182 0.999781
vn 0.020908 -0.000463 0.999781
vn 0.022870 -0.007651 0.999709
vn 0.023988 -0.006222 0.999693
vn 0.006534 -0.011733 0.999910
vn 0.007213 -0.013155 0.999887
vn 0.007164 -0.005860 0.999957
vn 0.006463 0.005087 0.999966
vn 0.005241 0.000053 0.999986
vn 0.003673 -0.007255 0.999967
vn 0.001957 0.001795 0.999996
vn 0.000303 0.012177 0.999926
vn -0.001093 0.005913 0.999982
vn -0.002060 -0.001143 0.999997
vn -0.002471 0.007877 0.999966
vn -0.002252 0.015983 0.999870
vn -0.001392 0.007215 0.999973
vn 0.000059 -0.000547 1.000000
vn 0.001991 0.007652 0.999969
vn 0.004243 0.013141 0.999905
vn 0.006618 0.002199 0.999976
vn 0.008897 -0.005520 0.999945
vn 0.010859 -0.004412 0.999931
vn 0.007357 -0.009897 0.999924
vn 0.010139 -0.011752 0.999880
vn 0.012131 -0.005322 0.999912
vn 0.013247 0.004791 0.999901
vn 0.013468 -0.000977 0.999909
vn 0.012845 -0.008863 0.999878
vn 0.011491 -0.000197 0.999934
vn 0.009568 0.010025 0.999904
vn 0.007279 0.003826 0.999966
vn 0.004844 -0.002952 0.999984
vn 0.002486 0.006524 0.999976
vn 0.000410 0.015220 0.999884
vn -0.001214 0.007113 0.999974
vn -0.002263 0.000020 0.999997
vn -0.002673 0.008831 0.999957
vn -0.002441 0.014810 0.999887
vn -0.001628 0.004192 0.999990
vn -0.000348 -0.003411 0.999994
vn 0.001235 -0.002300 0.999997
vn 0.004385 -0.006169 0.999971
vn 0.008401 -0.008381 0.999930
vn 0.011938 -0.002752 0.999925
vn 0.014777 0.006424 0.999870
vn 0.016748 -0.000349 0.999860
vn 0.017744 -0.009231 0.999800
vn 0.017730 -0.001483 0.999842
vn 0.016737 0.007965 0.999828
vn 0.014868 0.001189 0.999889
vn 0.012284 -0.005935 0.999907
vn 0.009193 0.003442 0.999952
vn 0.005830 0.012284 0.999908
vn 0.002445 0.004541 0.999987
vn -0.000726 -0.002006 0.999998
vn -0.003470 0.007474 0.999966
vn -0.005620 0.014185 0.999884
vn -0.007063 0.004292 0.999966
vn -0.007749 -0.002658 0.999966
vn -0.007695 -0.001246 0.999970
vn 0.000102 -0.001866 0.999998
vn 0.003868 -0.004199 0.999984
vn 0.007666 0.001054 0.999970
vn 0.011238 0.009602 0.999891
vn 0.014336 0.001992 0.999895
vn 0.016737 -0.007881 0.999829
vn 0.018268 -0.001205 0.999832
vn 0.018811 0.007161 0.999797
vn 0.018317 -0.000628 0.999832
vn 0.016809 -0.008627 0.999821
vn 0.014382 0.000070 0.999897
vn 0.011190 0.008473 0.999901
vn 0.007447 0.000556 0.999972
vn 0.003395 -0.005894 0.999977
vn -0.000700 0.003937 0.999992
vn -0.004576 0.011219 0.999927
vn -0.007995 0.002063 0.999966
vn -0.010754 -0.004044 0.999934
vn -0.012707 -0.002192 0.999917
vn -0.072292 0.001359 0.997383
vn -0.070241 -0.000816 0.997530
vn -0.067714 0.004608 0.997694
vn -0.064886 0.013067 0.997807
vn -0.061984 0.005142 0.998064
vn -0.059228 -0.005289 0.998230
vn -0.056854 0.000591 0.998382
vn -0.055071 0.008002 0.998450
vn -0.054062 -0.000812 0.998537
vn -0.053943 -0.009858 0.998495
vn -0.054782 -0.002175 0.998496
vn -0.056563 0.005340 0.998385
vn -0.059210 -0.003249 0.998240
vn -0.062574 -0.010132 0.997989
vn -0.066464 -0.000497 0.997789
vn -0.070631 0.006874 0.997479
vn -0.074819 -0.001881 0.997195
vn -0.078756 -0.007348 0.996867
vn -0.082200 -0.005134 0.996603
vn -0.001400 0.002269 0.999996
vn -0.001799 0.000413 0.999998
vn -0.001568 0.006441 0.999978
vn -0.000728 0.015367 0.999882
vn 0.000642 0.007687 0.999970
vn 0.002404 -0.002723 0.999993
vn 0.004383 0.002971 0.999986
vn 0.006372 0.009966 0.999930
vn 0.008159 0.000505 0.999967
vn 0.009536 -0.009351 0.999911
vn 0.010326 -0.002560 0.999943
vn 0.010393 0.004024 0.999938
vn 0.009658 -0.005489 0.999938
vn 0.008105 -0.013191 0.999880
vn 0.005784 -0.004173 0.999975
vn 0.002812 0.002802 0.999992
vn -0.000640 -0.006131 0.999981
vn -0.004352 -0.011494 0.999924
vn -0.008081 -0.009145 0.999926
vn 0.073045 0.000563 0.997328
vn 0.070450 -0.000984 0.997515
vn 0.068261 0.005677 0.997651
vn 0.066623 0.015270 0.997661
vn 0.065647 0.008266 0.997809
vn 0.065349 -0.001554 0.997861
vn 0.065698 0.004550 0.997829
vn 0.066602 0.011764 0.997710
vn 0.067930 0.002345 0.997687
vn 0.069488 -0.007687 0.997553
vn 0.071085 -0.001317 0.997469
vn 0.072514 0.004669 0.997356
vn 0.073587 -0.005528 0.997273
vn 0.074144 -0.013987 0.997149
vn 0.074092 -0.005775 0.997235
vn 0.073361 0.000466 0.997305
vn 0.071960 -0.009027 0.997367
vn 0.069962 -0.014775 0.997440
vn 0.067507 -0.012580 0.997640
vn 0.009256 -0.002962 0.999953
vn 0.005565 -0.004407 0.999975
vn 0.001804 0.002594 0.999995
vn -0.001776 0.012737 0.999917
vn -0.004944 0.006397 0.999967
vn -0.007512 -0.002673 0.999968
vn -0.009341 0.004236 0.999947
vn -0.010359 0.012211 0.999872
vn -0.010560 0.003408 0.999938
vn -0.010000 -0.006173 0.999931
vn -0.008798 0.000488 0.999961
vn -0.007119 0.006546 0.999953
vn -0.005163 -0.003839 0.999979
vn -0.003141 -0.012682 0.999915
vn -0.001266 -0.004970 0.999987
vn 0.000274 0.000654 1.000000
vn 0.001327 -0.009548 0.999954
vn 0.001792 -0.015976 0.999871
vn 0.001627 -0.014095 0.999899
vn 0.013420 -0.006817 0.999887
vn 0.010156 -0.008438 0.999913
vn 0.006317 -0.001651 0.999979
vn 0.002146 0.008557 0.999961
vn -0.002092 0.002548 0.999995
vn -0.006131 -0.005954 0.999963
vn -0.009719 0.001711 0.999951
vn -0.012640 0.010571 0.999864
vn -0.014732 0.002710 0.999888
vn -0.015890 -0.005943 0.999856
vn -0.016085 0.001560 0.999869
vn -0.015351 0.008316 0.999848
vn -0.013794 -0.001565 0.999904
vn -0.011571 -0.010129 0.999882
vn -0.008887 -0.002376 0.999958
vn -0.005969 0.003060 0.999977
vn -0.003055 -0.007533 0.999967
vn -0.000367 -0.014511 0.999895
vn 0.001899 -0.012938 0.999914
vn 0.013054 -0.009491 0.999870
vn 0.011396 -0.011509 0.999869
vn 0.008899 -0.005416 0.999946
vn 0.005688 0.004328 0.999974
vn 0.001947 -0.001880 0.999996
vn -0.002095 -0.010299 0.999945
vn -0.006182 -0.002274 0.999978
vn -0.010048 0.007198 0.999924
vn -0.013440 0.000157 0.999910
vn -0.016133 -0.007526 0.999842
vn -0.017954 0.001027 0.999838
vn -0.018782 0.008836 0.999785
vn -0.018575 -0.000058 0.999827
vn -0.017353 -0.007775 0.999819
vn -0.015214 0.000632 0.999884
vn -0.012314 0.006486 0.999903
vn -0.008861 -0.003946 0.999953
vn -0.005096 -0.011023 0.999926
vn -0.001277 -0.009564 0.999953
vn 0.007392 -0.010133 0.999921
vn 0.007687 -0.012594 0.999891
vn 0.007266 -0.007360 0.999947
vn 0.006088 0.001604 0.999980
vn 0.004182 -0.005235 0.999978
vn 0.001639 -0.014082 0.999899
vn -0.001392 -0.006242 0.999980
vn -0.004713 0.003313 0.999983
vn -0.008093 -0.003377 0.999962
vn -0.011286 -0.010458 0.999882
vn -0.014050 -0.001090 0.999901
vn -0.016165 0.007694 0.999840
vn -0.017455 -0.000135 0.999848
vn -0.017795 -0.006768 0.999819
vn -0.017129 0.002665 0.999850
vn -0.015468 0.009413 0.999836
vn -0.012898 -0.000314 0.999917
vn -0.009568 -0.006928 0.999930
vn -0.005682 -0.005301 0.999970
vn -0.001930 -0.008902 0.999959
vn -0.000277 -0.011637 0.999932
vn 0.001138 -0.007015 0.999975
vn 0.002141 0.001245 0.999997
vn 0.002598 -0.006329 0.999977
vn 0.002429 -0.015872 0.999871
vn 0.001614 -0.008626 0.999961
vn 0.000195 0.000497 1.000000
vn -0.001723 -0.006417 0.999978
vn -0.003987 -0.013483 0.999901
vn -0.006402 -0.003854 0.999972
vn -0.008749 0.005432 0.999947
vn -0.010805 -0.001688 0.999940
vn -0.012361 -0.007448 0.999896
vn -0.013239 0.002960 0.999908
vn -0.013306 0.010717 0.999854
vn -0.012494 0.001955 0.999920
vn -0.010793 -0.003806 0.999935
vn -0.008268 -0.001791 0.999964
vn -0.011512 -0.006827 0.999910
vn -0.009693 -0.009526 0.999908
vn -0.007482 -0.004943 0.999960
vn -0.005097 0.003064 0.999982
vn -0.002760 -0.004948 0.999984
vn -0.000678 -0.015066 0.999886
vn 0.000972 -0.008476 0.999964
vn 0.002063 -0.000024 0.999998
vn 0.002522 -0.007560 0.999968
vn 0.002339 -0.015135 0.999883
vn 0.001566 -0.005851 0.999982
vn 0.000314 0.003291 0.999995
vn -0.001262 -0.003748 0.999992
vn -0.002972 -0.009203 0.999953
vn -0.004609 0.001719 0.999988
vn -0.005968 0.010160 0.999931
vn -0.006866 0.002201 0.999974
vn -0.007154 -0.002701 0.999971
vn -0.006737 -0.000250 0.999977
vn -0.017674 -0.005263 0.999830
vn -0.016857 -0.007606 0.999829
vn -0.015149 -0.002418 0.999882
vn -0.012700 0.005967 0.999902
vn -0.009712 -0.001911 0.999951
vn -0.006417 -0.012141 0.999906
vn -0.003062 -0.005885 0.999978
vn 0.000115 0.002047 0.999998
vn 0.002897 -0.006141 0.999977
vn 0.005110 -0.014438 0.999883
vn 0.006635 -0.005879 0.999961
vn 0.007412 0.002603 0.999969
vn 0.007450 -0.004974 0.999960
vn 0.006819 -0.010795 0.999918
vn 0.005645 -0.000036 0.999984
vn 0.004096 0.008460 0.999956
vn 0.002373 0.000769 0.999997
vn 0.000681 -0.003677 0.999993
vn -0.000777 -0.000955 0.999999
vn -0.018096 -0.005193 0.999823
vn -0.018828 -0.006999 0.999798
vn -0.018527 -0.000784 0.999828
vn -0.017201 0.008501 0.999816
vn -0.014936 0.001336 0.999888
vn -0.011877 -0.008416 0.999894
vn -0.008229 -0.001943 0.999964
vn -0.004232 0.005934 0.999973
vn -0.000147 -0.002564 0.999997
vn 0.003762 -0.011398 0.999928
vn 0.007252 -0.003549 0.999967
vn 0.010115 0.004107 0.999940
vn 0.012195 -0.004341 0.999916
vn 0.013399 -0.011008 0.999850
vn 0.013703 -0.001004 0.999906
vn 0.013148 0.006888 0.999890
vn 0.011842 -0.001214 0.999929
vn 0.009943 -0.005851 0.999933
vn 0.007650 -0.003167 0.999966
vn -0.012840 -0.006730 0.999895
vn -0.014767 -0.008037 0.999859
vn -0.015940 -0.000790 0.999873
vn -0.016224 0.009558 0.999823
vn -0.015550 0.003414 0.999873
vn -0.013916 -0.005434 0.999888
vn -0.011391 0.001762 0.999934
vn -0.008108 0.010129 0.999916
vn -0.004261 0.001853 0.999989
vn -0.000085 -0.007040 0.999975
vn 0.004158 0.000474 0.999991
vn 0.008200 0.007547 0.999938
vn 0.011784 -0.001688 0.999929
vn 0.014686 -0.009286 0.999849
vn 0.016733 -0.000287 0.999860
vn 0.017810 0.006598 0.999820
vn 0.017873 -0.002437 0.999837
vn 0.016948 -0.007868 0.999825
vn 0.015132 -0.005540 0.999870
vn -0.004285 -0.009049 0.999950
vn -0.006320 -0.010100 0.999929
vn -0.008176 -0.002241 0.999964
vn -0.009644 0.008891 0.999914
vn -0.010542 0.003645 0.999938
vn -0.010727 -0.004256 0.999933
vn -0.010109 0.003866 0.999941
vn -0.008664 0.013063 0.999877
vn -0.006434 0.005459 0.999964
vn -0.003525 -0.002980 0.999989
vn -0.000103 0.004735 0.999989
vn 0.003618 0.011732 0.999925
vn 0.007396 0.002146 0.999970
vn 0.010973 -0.006058 0.999921
vn 0.014099 0.002121 0.999898
vn 0.016551 0.008028 0.999831
vn 0.018148 -0.002076 0.999833
vn 0.018765 -0.008592 0.999787
vn 0.018350 -0.006800 0.999809
vn 0.003987 -0.010799 0.999934
vn 0.003126 -0.011928 0.999924
vn 0.001829 -0.004115 0.999990
vn 0.000274 0.007193 0.999974
vn -0.001340 0.002332 0.999996
vn -0.002808 -0.005001 0.999984
vn -0.003937 0.003824 0.999985
vn -0.004563 0.013804 0.999894
vn -0.004570 0.006993 0.999965
vn -0.003896 -0.000710 0.999992
vn -0.002541 0.007618 0.999968
vn -0.000570 0.015045 0.999887
vn 0.001893 0.005667 0.999982
vn 0.004674 -0.002583 0.999986
vn 0.007561 0.005292 0.999957
vn 0.010322 0.010648 0.999890
vn 0.012726 -0.000221 0.999919
vn 0.014556 -0.007666 0.999865
vn 0.015632 -0.006372 0.999858
vn 0.008837 -0.010772 0.999903
vn 0.009968 -0.012258 0.999875
vn 0.010286 -0.005093 0.999934
vn 0.009838 0.005722 0.999935
vn 0.008735 0.000563 0.999962
vn 0.007135 -0.006852 0.999951
vn 0.005235 0.002111 0.999984
vn 0.003244 0.012430 0.999917
vn 0.001375 0.006127 0.999980
vn -0.000181 -0.000950 1.000000
vn -0.001265 0.008061 0.999967
vn -0.001772 0.016165 0.999868
vn -0.001650 0.007390 0.999971
vn -0.000912 -0.000390 1.000000
vn 0.000367 0.007771 0.999970
vn 0.002060 0.013194 0.999911
vn 0.003993 0.002158 0.999990
vn 0.005965 -0.005686 0.999966
vn 0.007762 -0.004648 0.999959
vn 0.008957 -0.008536 0.999923
vn 0.011997 -0.010479 0.999873
vn 0.014233 -0.004246 0.999890
vn 0.015553 0.005641 0.999863
vn 0.015914 -0.000370 0.999873
vn 0.015342 -0.008501 0.999846
vn 0.013933 -0.000067 0.999903
vn 0.011835 0.009944 0.999881
vn 0.009248 0.003568 0.999951
vn 0.006396 -0.003350 0.999974
vn 0.003512 0.006026 0.999976
vn 0.000824 0.014661 0.999892
vn -0.001469 0.006527 0.999978
vn -0.003214 -0.000565 0.999995
vn -0.004307 0.008264 0.999957
vn -0.004710 0.014273 0.999887
vn -0.004449 0.003684 0.999983
vn -0.003607 -0.003898 0.999986
vn -0.002323 -0.002779 0.999993
vn 0.005362 -0.004692 0.999975
vn 0.009303 -0.006982 0.999932
vn 0.012810 -0.001537 0.999917
vn 0.015651 0.007402 0.999850
vn 0.017645 0.000353 0.999844
vn 0.018662 -0.008832 0.999787
vn 0.018646 -0.001397 0.999825
vn 0.017609 0.007745 0.999815
vn 0.015638 0.000686 0.999877
vn 0.012877 -0.006686 0.999895
vn 0.009529 0.002490 0.999951
vn 0.005830 0.011184 0.999920
vn 0.002035 0.003352 0.999992
vn -0.001600 -0.003227 0.999994
vn -0.004844 0.006274 0.999969
vn -0.007499 0.013052 0.999887
vn -0.009424 0.003261 0.999950
vn -0.010536 -0.003560 0.999938
vn -0.010822 -0.002080 0.999939
vn 0.002905 -0.000654 0.999996
vn 0.006944 -0.003032 0.999971
vn 0.010806 0.002104 0.999939
vn 0.014223 0.010477 0.999844
vn 0.016954 0.002641 0.999853
vn 0.018799 -0.007498 0.999795
vn 0.019621 -0.001120 0.999807
vn 0.019351 0.006934 0.999789
vn 0.018000 -0.001166 0.999837
vn 0.015650 -0.009459 0.999833
vn 0.012456 -0.001022 0.999922
vn 0.008628 0.007168 0.999937
vn 0.004423 -0.000904 0.999990
vn 0.000117 -0.007445 0.999972
vn -0.004012 0.002365 0.999989
vn -0.007701 0.009694 0.999923
vn -0.010729 0.000647 0.999942
vn -0.012929 -0.005295 0.999902
vn -0.014199 -0.003349 0.999894
s 1
f 1//1 20//20 2//2
f 2//2 20//20 21//21
f 2//2 21//21 3//3
f 3//3 21//21 22//22
f 3//3 22//22 4//4
f 4//4 22//22 23//23
f 4//4 23//23 5//5
f 5//5 23//23 24//24
f 5//5 24//24 6//6
f 6//6 24//24 25//25
f 6//6 25//25 7//7
f 7//7 25//25 26//26
f 7//7 26//26 8//8
f 8//8 26//26 27//27
f 8//8 27//27 9//9
f 9//9 27//27 28//28
f 9//9 28//28 10//10
f 10//10 28//28 29//29
f 10//10 29//29 11//11
f 11//11 29//29 30//30
f 11//11 30//30 12//12
f 12//12 30//30 31//31
f 12//12 31//31 13//13
f 13//13 31//31 32//32
f 13//13 32//32 14//14
f 14//14 32//32 33//33
f 14//14 33//33 15//15
f 15//15 33//33 34//34
f 15//15 34//34 16//16
f 16//16 34//34 35//35
f 16//16 35//35 17//17
f 17//17 35//35 36//36
f 17//17 36//36 18//18
f 18//18 36//36 37//37
f 18//18 37//37 19//19
f 19//19 37//37 38//38
f 20//20 39//39 21//21
f 21//21 39//39 40//40
f 21//21 40//40 22//22
f 22//22 40//40 41//41
f 22//22 41//41 23//23
f 23//23 41//41 42//42
f 23//23 42//42 24//24
f 24//24 42//42 43//43
f 24//24 43//43 25//25
f 25//25 43//43 44//44
f 25//25 44//44 26//26
f 26//26 44//44 45//45
f 26//26 45//45 27//27
f 27//27 45//45 46//46
f 27//27 46//46 28//28
f 28//28 46//46 47//47
f 28//28 47//47 29//29
f 29//29 47//47 48//48
f 29//29 48//48 30//30
f 30//30 48//48 49//49
f 30//30 49//49 31//31
f 31//31 49//49 50//50
f 31//31 50//50 32//32
f 32//32 50//50 51//51
f 32//32 51//51 33//33
f 33//33 51//51 52//52
f 33//33 52//52 34//34
f 34//34 52//52 53//53
f 34//34 53//53 35//35
f 35//35 53//53 54//54
f 35//35 54//54 36//36
f 36//36 54//54 55//55
f 36//36 55//55 37//37
f 37//37 55//55 56//56
f 37//37 56//56 38//38
f 38//38 56//56 57//57
f 39//39 58//58 40//40
f 40//40 58//58 59//59
f 40//40 59//59 41//41
f 41//41 59//59 60//60
f 41//41 60//60 42//42
f 42//42 60//60 61//61
f 42//42 61//61 43//43
f 43//43 61//61 62//62
f 43//43 62//62 44//44
f 44//44 62//62 63//63
f 44//44 63//63 45//45
f 45//45 63//63 64//64
f 45//45 64//64 46//46
f 46//46 64//64 65//65
f 46//46 65//65 47//47
f 47//47 65//65 66//66
f 47//47 66//66 48//48
f 48//48 66//66 67//67
f 48//48 67//67 49//49
f 49//49 67//67 68//68
f 49//49 68//68 50//50
f 50//50 68//68 69//69
f 50//50 69//69 51//51
f 51//51 69//69 70//70
f 51//51 70//70 52//52
f 52//52 70//70 71//71
f 52//52 71//71 53//53
f 53//53 71//71 72//72
f 53//53 72//72 54//54
f 54//54 72//72 73//73
f 54//54 73//73 55//55
f 55//55 73//73 74//74
f 55//55 74//74 56//56
f 56//56 74//74 75//75
f 56//56 75//75 57//57
f 57//57 75//75 76//76
f 58//58 77//77 59//59
f 59//59 77//77 78//78
f 59//59 78//78 60//60
f 60//60 78//78 79//79
f 60//60 79//79 61//61
f 61//61 79//79 80//80
f 61//61 80//80 62//62
f 62//62 80//80 81//81
f 62//62 81//81 63//63
f 63//63 81//81 82//82
f 63//63 82//82 64//64
f 64//64 82//82 83//83
f 64//64 83//83 65//65
f 65//65 83//83 84//84
f 65//65 84//84 66//66
f 66//66 84//84 85//85
f 66//66 85//85 67//67
f 67//67 85//85 86//86
f 67//67 86//86 68//68
f 68//68 86//86 87//87
f 68//68 87//87 69//69
f 69//69 87//87 88//88
f 69//69 88//88 70//70
f 70//70 88//88 89//89
f 70//70 89//89 71//71
f 71//71 89//89 90//90
f 71//71 90//90 72//72
f 72//72 90//90 91//91
f 72//72 91//91 73//73
f 73//73 91//91 92//92
f 73//73 92//92 74//74
f 74//74 92//92 93//93
f 74//74 93//93 75//75
f 75//75 93//93 94//94
f 75//75 94//94 76//76
f 76//76 94//94 95//95
f 77//77 96//96 78//78
f 78//78 96//96 97//97
f 78//78 97//97 79//79
f 79//79 97//97 98//98
f 79//79 98//98 80//80
f 80//80 98//98 99//99
f 80//80 99//99 81//81
f 81//81 99//99 100//100
f 81//81 100//100 82//82
f 82//82 100//100 101//101
f 82//82 101//101 83//83
f 83//83 101//101 102//102
f 83//83 102//102 84//84
f 84//84 102//102 103//103
f 84//84 103//103 85//85
f 85//85 103//103 104//104
f 85//85 104//104 86//86
f 86//86 104//104 105//105
f 86//86 105//105 87//87
f 87//87 105//105 106//106
f 87//87 106//106 88//88
f 88//88 106//106 107//107
f 88//88 107//107 89//89
f 89//89 107//107 108//108
f 89//89 108//108 90//90
f 90//90 108//108 109//109
f 90//90 109//109 91//91
f 91//91 109//109 110//110
f 91//91 110//110 92//92
f 92//92 110//110 111//111
f 92//92 111//111 93//93
f 93//93 111//111 112//112
f 93//93 112//112 94//94
f 94//94 112//112 113//113
f 94//94 113//113 95//95
f 95//95 113//113 114//114
f 96//96 115//115 97//97
f 97//97 115//115 116//116
f 97//97 116//116 98//98
f 98//98 116//116 117//117
f 98//98 117//117 99//99
f 99//99 117//117 118//118
f 99//99 118//118 100//100
f 100//100 118//118 119//119
f 100//100 119//119 101//101
f 101//101 119//119 120//120
f 101//101 120//120 102//102
f 102//102 120//120 121//121
f 102//102 121//121 103//103
f 103//103 121//121 122//122
f 103//103 122//122 104//104
f 104//104 122//122 123//123
f 104//104 123//123 105//105
f 105//105 123//123 124//124
f 105//105 124//124 106//106
f 106//106 124//124 125//125
f 106//106 125//125 107//107
f 107//107 125//125 126//126
f 107//107 126//126 108//108
f 108//108 126//126 127//127
f 108//108 127//127 109//109
f 109//109 127//127 128//128
f 109//109 128//128 110//110
f 110//110 128//128 129//129
f 110//110 129//129 111//111
f 111//111 129//129 130//130
f 111//111 130//130 112//112
f 112//112 130//130 131//131
f 112//112 131//131 113//113
f 113//113 131//131 132//132
f 113//113 132//132 114//114
f 114//114 132//132 133//133
f 115//115 134//134 116//116
f 116//116 134//134 135//135
f 116//116 135//135 117//117
f 117//117 135//135 136//136
f 117//117 136//136 118//118
f 118//118 136//136 137//137
f 118//118 137//137 119//119
f 119//119 137//137 138//138
f 119//119 138//138 120//120
f 120//120 138//138 139//139
f 120//120 139//139 121//121
f 121//121 139//139 140//140
f 121//121 140//140 122//122
f 122//122 140//140 141//141
f 122//122 141//141 123//123
f 123//123 141//141 142//142
f 123//123 142//142 124//124
f 124//124 142//142 143//143
f 124//124 143//143 125//125
f 125//125 143//143 144//144
f 125//125 144//144 126//126
f 126//126 144//144 145//145
f 126//126 145//145 127//127
f 127//127 145//145 146//146
f 127//127 146//146 128//128
f 128//128 146//146 147//147
f 128//128 147//147 129//129
f 129//129 147//147 148//148
f 129//129 148//148 130//130
f 130//130 148//148 149//149
f 130//130 149//149 131//131
f 131//131 149//149 150//150
f 131//131 150//150 132//132
f 132//132 150//150 151//151
f 132//132 151//151 133//133
f 133//133 151//151 152//152
f 134//134 153//153 135//135
f 135//135 153//153 154//154
f 135//135 154//154 136//136
f 136//136 154//154 155//155
f 136//136 155//155 137//137
f 137//137 155//155 156//156
f 137//137 156//156 138//138
f 138//138 156//156 157//157
f 138//138 157//157 139//139
f 139//139 157//157 158//158
f 139//139 158//158 140//140
f 140//140 158//158 159//159
f 140//140 159//159 141//141
f 141//141 159//159 160//160
f 141//141 160//160 142//142
f 142//142 160//160 161//161
f 142//142 161//161 143//143
f 143//143 161//161 162//162
f 143//143 162//162 144//144
f 144//144 162//162 163//163
f 144//144 163//163 145//145
f 145//145 163//163 164//164
f 145//145 164//164 146//146
f 146//146 164//164 165//165
f 146//146 165//165 147//147
f 147//147 165//165 166//166
f 147//147 166//166 148//148
f 148//148 166//166 167//167
f 148//148 167//167 149//149
f 149//149 167//167 168//168
f 149//149 168//168 150//150
f 150//150 168//168 169//169
f 150//150 169//169 151//151
f 151//151 169//169 170//170
f 151//151 170//170 152//152
f 152//152 170//170 171//171
f 153//153 172//172 154//154
f 154//154 172//172 173//173
f 154//154 173//173 155//155
f 155//155 173//173 174//174
f 155//155 174//174 156//156
f 156//156 174//174 175//175
f 156//156 175//175 157//157
f 157//157 175//175 176//176
f 157//157 176//176 158//158
f 158//158 176//176 177//177
f 158//158 177//177 159//159
f 159//159 177//177 178//178
f 159//159 178//178 160//160
f 160//160 178//178 179//179
f 160//160 179//179 161//161
f 161//161 179//179 180//180
f 161//161 180//180 162//162
f 162//162 180//180 181//181
f 162//162 181//181 163//163
f 163//163 181//181 182//182
f 163//163 182//182 164//164
f 164//164 182//182 183//183
f 164//164 183//183 165//165
f 165//165 183//183 184//184
f 165//165 184//184 166//166
f 166//166 184//184 185//185
f 166//166 185//185 167//167
f 167//167 185//185 186//186
f 167//167 186//186 168//168
f 168//168 186//186 187//187
f 168//168 187//187 169//169
f 169//169 187//187 188//188
f 169//169 188//188 170//170
f 170//170 188//188 189//189
f 170//170 189//189 171//171
f 171//171 189//189 190//190
f 172//172 191//191 173//173
f 173//173 191//191 192//192
f 173//173 192//192 174//174
f 174//174 192//192 193//193
f 174//174 193//193 175//175
f 175//175 193//193 194//194
f 175//175 194//194 176//176
f 176//176 194//194 195//195
f 176//176 195//195 177//177
f 177//177 195//195 196//196
f 177//177 196//196 178//178
f 178//178 196//196 197//197
f 178//178 197//197 179//179
f 179//179 197//197 198//198
f 179//179 198//198 180//180
f 180//180 198//198 199//199
f 180//180 199//199 181//181
f 181//181 199//199 200//200
f 181//181 200//200 182//182
f 182//182 200//200 201//201
f 182//182 201//201 183//183
f 183//183 201//201 202//202
f 183//183 202//202 184//184
f 184//184 202//202 203//203
f 184//184 203//203 185//185
f 185//185 203//203 204//204
f 185//185 204//204 186//186
f 186//186 204//204 205//205
f 186//186 205//205 187//187
f 187//187 205//205 206//206
f 187//187 206//206 188//188
f 188//188 206//206 207//207
f 188//188 207//207 189//189
f 189//189 207//207 208//208
f 189//189 208//208 190//190
f 190//190 208//208 209//209
f 191//191 210//210 192//192
f 192//192 210//210 211//211
f 192//192 211//211 193//193
f 193//193 211//211 212//212
f 193//193 212//212 194//194
f 194//194 212//212 213//213
f 194//194 213//213 195//195
f 195//195 213//213 214//214
f 195//195 214//214 196//196
f 196//196 214//214 215//215
f 196//196 215//215 197//197
f 197//197 215//215 216//216
f 197//197 216//216 198//198
f 198//198 216//216 217//217
f 198//198 217//217 199//199
f 199//199 217//217 218//218
f 199//199 218//218 200//200
f 200//200 218//218 219//219
f 200//200 219//219 201//201
f 201//201 219//219 220//220
f 201//201 220//220 202//202
f 202//202 220//220 221//221
f 202//202 221//221 203//203
f 203//203 221//221 222//222
f 203//203 222//222 204//204
f 204//204 222//222 223//223
f 204//204 223//223 205//205
f 205//205 223//223 224//224
f 205//205 224//224 206//206
f 206//206 224//224 225//225
f 206//206 225//225 207//207
f 207//207 225//225 226//226
f 207//207 226//226 208//208
f 208//208 226//226 227//227
f 208//208 227//227 209//209
f 209//209 227//227 228//228
f 210//210 229//229 211//211
f 211//211 229//229 230//230
f 211//211 230//230 212//212
f 212//212 230//230 231//231
f 212//212 231//231 213//213
f 213//213 231//231 232//232
f 213//213 232//232 214//214
f 214//214 232//232 233//233
f 214//214 233//233 215//215
f 215//215 233//233 234//234
f 215//215 234//234 216//216
f 216//216 234//234 235//235
f 216//216 235//235 217//217
f 217//217 235//235 236//236
f 217//217 236//236 218//218
f 218//218 236//236 237//237
f 218//218 237//237 219//219
f 219//219 237//237 238//238
f 219//219 238//238 220//220
f 220//220 238//238 239//239
f 220//220 239//239 221//221
f 221//221 239//239 240//240
f 221//221 240//240 222//222
f 222//222 240//240 241//241
f 222//222 241//241 223//223
f 223//223 241//241 242//242
f 223//223 242//242 224//224
f 224//224 242//242 243//243
f 224//224 243//243 225//225
f 225//225 243//243 244//244
f 225//225 244//244 226//226
f 226//226 244//244 245//245
f 226//226 245//245 227//227
f 227//227 245//245 246//246
f 227//227 246//246 228//228
f 228//228 246//246 247//247
f 229//229 248//248 230//230
f 230//230 248//248 249//249
f 230//230 249//249 231//231
f 231//231 249//249 250//250
f 231//231 250//250 232//232
f 232//232 250//250 251//251
f 232//232 251//251 233//233
f 233//233 251//251 252//252
f 233//233 252//252 234//234
f 234//234 252//252 253//253
f 234//234 253//253 235//235
f 235//235 253//253 254//254
f 235//235 254//254 236//236
f 236//236 254//254 255//255
f 236//236 255//255 237//237
f 237//237 255//255 256//256
f 237//237 256//256 238//238
f 238//238 256//256 257//257
f 238//238 257//257 239//239
f 239//239 257//257 258//258
f 239//239 258//258 240//240
f 240//240 258//258 259//259
f 240//240 259//259 241//241
f 241//241 259//259 260//260
f 241//241 260//260 242//242
f 242//242 260//260 261//261
f 242//242 261//261 243//243
f 243//243 261//261 262//262
f 243//243 262//262 244//244
f 244//244 262//262 263//263
f 244//244 263//263 245//245
f 245//245 263//263 264//264
f 245//245 264//264 246//246
f 246//246 264//264 265//265
f 246//246 265//265 247//247
f 247//247 265//265 266//266
f 248//248 267//267 249//249
f 249//249 267//267 268//268
f 249//249 268//268 250//250
f 250//250 268//268 269//269
f 250//250 269//269 251//251
f 251//251 269//269 270//270
f 251//251 270//270 252//252
f 252//252 270//270 271//271
f 252//252 271//271 253//253
f 253//253 271//271 272//272
f 253//253 272//272 254//254
f 254//254 272//272 273//273
f 254//254 273//273 255//255
f 255//255 273//273 274//274
f 255//255 274//274 256//256
f 256//256 274//274 275//275
f 256//256 275//275 257//257
f 257//257 275//275 276//276
f 257//257 276//276 258//258
f 258//258 276//276 277//277
f 258//258 277//277 259//259
f 259//259 277//277 278//278
f 259//259 278//278 260//260
f 260//260 278//278 279//279
f 260//260 279//279 261//261
f 261//261 279//279 280//280
f 261//261 280//280 262//262
f 262//262 280//280 281//281
f 262//262 281//281 263//263
f 263//263 281//281 282//282
f 263//263 282//282 264//264
f 264//264 282//282 283//283
f 264//264 283//283 265//265
f 265//265 283//283 284//284
f 265//265 284//284 266//266
f 266//266 284//284 285//285
f 267//267 286//286 268//268
f 268//268 286//286 287//287
f 268//268 287//287 269//269
f 269//269 287//287 288//288
f 269//269 288//288 270//270
f 270//270 288//288 289//289
f 270//270 289//289 271//271
f 271//271 289//289 290//290
f 271//271 290//290 272//272
f 272//272 290//290 291//291
f 272//272 291//291 273//273
f 273//273 291//291 292//292
f 273//273 292//292 274//274
f 274//274 292//292 293//293
f 274//274 293//293 275//275
f 275//275 293//293 294//294
f 275//275 294//294 276//276
f 276//276 294//294 295//295
f 276//276 295//295 277//277
f 277//277 295//295 296//296
f 277//277 296//296 278//278
f 278//278 296//296 297//297
f 278//278 297//297 279//279
f 279//279 297//297 298//298
f 279//279 298//298 280//280
f 280//280 298//298 299//299
f 280//280 299//299 281//281
f 281//281 299//299 300//300
f 281//281 300//300 282//282
f 282//282 300//300 301//301
f 282//282 301//301 283//283
f 283//283 301//301 302//302
f 283//283 302//302 284//284
f 284//284 302//302 303//303
f 284//284 303//303 285//285
f 285//285 303//303 304//304
f 286//286 305//305 287//287
f 287//287 305//305 306//306
f 287//287 306//306 288//288
f 288//288 306//306 307//307
f 288//288 307//307 289//289
f 289//289 307//307 308//308
f 289//289 308//308 290//290
f 290//290 308//308 309//309
f 290//290 309//309 291//291
f 291//291 309//309 310//310
f 291//291 310//310 292//292
f 292//292 310//310 311//311
f 292//292 311//311 293//293
f 293//293 311//311 312//312
f 293//293 312//312 294//294
f 294//294 312//312 313//313
f 294//294 313//313 295//295
f 295//295 313//313 314//314
f 295//295 314//314 296//296
f 296//296 314//314 315//315
f 296//296 315//315 297//297
f 297//297 315//315 316//316
f 297//297 316//316 298//298
f 298//298 316//316 317//317
f 298//298 317//317 299//299
f 299//299 317//317 318//318
f 299//299 318//318 300//300
f 300//300 318//318 319//319
f 300//300 319//319 301//301
f 301//301 319//319 320//320
f 301//301 320//320 302//302
f 302//302 320//320 321//321
f 302//302 321//321 303//303
f 303//303 321//321 322//322
f 303//303 322//322 304//304
f 304//304 322//322 323//323
f 305//305 324//324 306//306
f 306//306 324//324 325//325
f 306//306 325//325 307//307
f 307//307 325//325 326//326
f 307//307 326//326 308//308
f 308//308 326//326 327//327
f 308//308 327//327 309//309
f 309//309 327//327 328//328
f 309//309 328//328 310//310
f 310//310 328//328 329//329
f 310//310 329//329 311//311
f 311//311 329//329 330//330
f 311//311 330//330 312//312
f 312//312 330//330 331//331
f 312//312 331//331 313//313
f 313//313 331//331 332//332
f 313//313 332//332 314//314
f 314//314 332//332 333//333
f 314//314 333//333 315//315
f 315//315 333//333 334//334
f 315//315 334//334 316//316
f 316//316 334//334 335//335
f 316//316 335//335 317//317
f 317//317 335//335 336//336
f 317//317 336//336 318//318
f 318//318 336//336 337//337
f 318//318 337//337 319//319
f 319//319 337//337 338//338
f 319//319 338//338 320//320
f 320//320 338//338 339//339
f 320//320 339//339 321//321
f 321//321 339//339 340//340
f 321//321 340//340 322//322
f 322//322 340//340 341//341
f 322//322 341//341 323//323
f 323//323 341//341 342//342
f 324//324 343//343 325//325
f 325//325 343//343 344//344
f 325//325 344//344 326//326
f 326//326 344//344 345//345
f 326//326 345//345 327//327
f 327//327 345//345 346//346
f 327//327 346//346 328//328
f 328//328 346//346 347//347
f 328//328 347//347 329//329
f 329//329 347//347 348//348
f 329//329 348//348 330//330
f 330//330 348//348 349//349
f 330//330 349//349 331//331
f 331//331 349//349 350//350
f 331//331 350//350 332//332
f 332//332 350//350 351//351
f 332//332 351//351 333//333
f 333//333 351//351 352//352
f 333//333 352//352 334//334
f 334//334 352//352 353//353
f 334//334 353//353 335//335
f 335//335 353//353 354//354
f 335//335 354//354 336//336
f 336//336 354//354 355//355
f 336//336 355//355 337//337
f 337//337 355//355 356//356
f 337//337 356//356 338//338
f 338//338 356//356 357//357
f 338//338 357//357 339//339
f 339//339 357//357 358//358
f 339//339 358//358 340//340
f 340//340 358//358 359//359
f 340//340 359//359 341//341
f 341//341 359//359 360//360
f 341//341 360//360 342//342
f 342//342 360//360 361//361
f 343//343 362//362 344//344
f 344//344 362//362 363//363
f 344//344 363//363 345//345
f 345//345 363//363 364//364
f 345//345 364//364 346//346
f 346//346 364//364 365//365
f 346//346 365//365 347//347
f 347//347 365//365 366//366
f 347//347 366//366 348//348
f 348//348 366//366 367//367
f 348//348 367//367 349//349
f 349//349 367//367 368//368
f 349//349 368//368 350//350
f 350//350 368//368 369//369
f 350//350 369//369 351//351
f 351//351 369//369 370//370
f 351//351 370//370 352//352
f 352//352 370//370 371//371
f 352//352 371//371 353//353
f 353//353 371//371 372//372
f 353//353 372//372 354//354
f 354//354 372//372 373//373
f 354//354 373//373 355//355
f 355//355 373//373 374//374
f 355//355 374//374 356//356
f 356//356 374//374 375//375
f 356//356 375//375 357//357
f 357//357 375//375 376//376
f 357//357 376//376 358//358
f 358//358 376//376 377//377
f 358//358 377//377 359//359
f 359//359 377//377 378//378
f 359//359 378//378 360//360
f 360//360 378//378 379//379
f 360//360 379//379 361//361
f 361//361 379//379 380//380
f 362//362 381//381 363//363
f 363//363 381//381 382//382
f 363//363 382//382 364//364
f 364//364 382//382 383//383
f 364//364 383//383 365//365
f 365//365 383//383 384//384
f 365//365 384//384 366//366
f 366//366 384//384 385//385
f 366//366 385//385 367//367
f 367//367 385//385 386//386
f 367//367 386//386 368//368
f 368//368 386//386 387//387
f 368//368 387//387 369//369
f 369//369 387//387 388//388
f 369//369 388//388 370//370
f 370//370 388//388 389//389
f 370//370 389//389 371//371
f 371//371 389//389 390//390
f 371//371 390//390 372//372
f 372//372 390//390 391//391
f 372//372 391//391 373//373
f 373//373 391//391 392//392
f 373//373 392//392 374//374
f 374//374 392//392 393//393
f 374//374 393//393 375//375
f 375//375 393//393 394//394
f 375//375 394//394 376//376
f 376//376 394//394 395//395
f 376//376 395//395 377//377
f 377//377 395//395 396//396
f 377//377 396//396 378//378
f 378//378 396//396 397//397
f 378//378 397//397 379//379
f 379//379 397//397 398//398
f 379//379 398//398 380//380
f 380//380 398//398 399//399
f 381//381 400//400 382//382
f 382//382 400//400 401//401
f 382//382 401//401 383//383
f 383//383 401//401 402//402
f 383//383 402//402 384//384
f 384//384 402//402 403//403
f 384//384 403//403 385//385
f 385//385 403//403 404//404
f 385//385 404//404 386//386
f 386//386 404//404 405//405
f 386//386 405//405 387//387
f 387//387 405//405 406//406
f 387//387 406//406 388//388
f 388//388 406//406 407//407
f 388//388 407//407 389//389
f 389//389 407//407 408//408
f 389//389 408//408 390//390
f 390//390 408//408 409//409
f 390//390 409//409 391//391
f 391//391 409//409 410//410
f 391//391 410//410 392//392
f 392//392 410//410 411//411
f 392//392 411//411 393//393
f 393//393 411//411 412//412
f 393//393 412//412 394//394
f 394//394 412//412 413//413
f 394//394 413//413 395//395
f 395//395 413//413 414//414
f 395//395 414//414 396//396
f 396//396 414//414 415//415
f 396//396 415//415 397//397
f 397//397 415//415 416//416
f 397//397 416//416 398//398
f 398//398 416//416 417//417
f 398//398 417//417 399//399
f 399//399 417//417 418//418
f 400//400 419//419 401//401
f 401//401 419//419 420//420
f 401//401 420//420 402//402
f 402//402 420//420 421//421
f 402//402 421//421 403//403
f 403//403 421//421 422//422
f 403//403 422//422 404//404
f 404//404 422//422 423//423
f 404//404 423//423 405//405
f 405//405 423//423 424//424
f 405//405 424//424 406//406
f 406//406 424//424 425//425
f 406//406 425//425 407//407
f 407//407 425//425 426//426
f 407//407 426//426 408//408
f 408//408 426//426 427//427
f 408//408 427//427 409//409
f 409//409 427//427 428//428
f 409//409 428//428 410//410
f 410//410 428//428 429//429
f 410//410 429//429 411//411
f 411//411 429//429 430//430
f 411//411 430//430 412//412
f 412//412 430//430 431//431
f 412//412 431//431 413//413
f 413//413 431//431 432//432
f 413//413 432//432 414//414
f 414//414 432//432 433//433
f 414//414 433//433 415//415
f 415//415 433//433 434//434
f 415//415 434//434 416//416
f 416//416 434//434 435//435
f 416//416 435//435 417//417
f 417//417 435//435 436//436
f 417//417 436//436 418//418
f 418//418 436//436 437//437
f 419//419 438//438 420//420
f 420//420 438//438 439//439
f 420//420 439//439 421//421
f 421//421 439//439 440//440
f 421//421 440//440 422//422
f 422//422 440//440 441//441
f 422//422 441//441 423//423
f 423//423 441//441 442//442
f 423//423 442//442 424//424
f 424//424 442//442 443//443
f 424//424 443//443 425//425
f 425//425 443//443 444//444
f 425//425 444//444 426//426
f 426//426 444//444 445//445
f 426//426 445//445 427//427
f 427//427 445//445 446//446
f 427//427 446//446 428//428
f 428//428 446//446 447//447
f 428//428 447//447 429//429
f 429//429 447//447 448//448
f 429//429 448//448 430//430
f 430//430 448//448 449//449
f 430//430 449//449 431//431
f 431//431 449//449 450//450
f 431//431 450//450 432//432
f 432//432 450//450 451//451
f 432//432 451//451 433//433
f 433//433 451//451 452//452
f 433//433 452//452 434//434
f 434//434 452//452 453//453
f 434//434 453//453 435//435
f 435//435 453//453 454//454
f 435//435 454//454 436//436
f 436//436 454//454 455//455
f 436//436 455//455 437//437
f 437//437 455//455 456//456
f 438//438 457//457 439//439
f 439//439 457//457 458//458
f 439//439 458//458 440//440
f 440//440 458//458 459//459
f 440//440 459//459 441//441
f 441//441 459//459 460//460
f 441//441 460//460 442//442
f 442//442 460//460 461//461
f 442//442 461//461 443//443
f 443//443 461//461 462//462
f 443//443 462//462 444//444
f 444//444 462//462 463//463
f 444//444 463//463 445//445
f 445//445 463//463 464//464
f 445//445 464//464 446//446
f 446//446 464//464 465//465
f 446//446 465//465 447//447
f 447//447 465//465 466//466
f 447//447 466//466 448//448
f 448//448 466//466 467//467
f 448//448 467//467 449//449
f 449//449 467//467 468//468
f 449//449 468//468 450//450
f 450//450 468//468 469//469
f 450//450 469//469 451//451
f 451//451 469//469 470//470
f 451//451 470//470 452//452
f 452//452 470//470 471//471
f 452//452 471//471 453//453
f 453//453 471//471 472//472
f 453//453 472//472 454//454
f 454//454 472//472 473//473
f 454//454 473//473 455//455
f 455//455 473//473 474//474
f 455//455 474//474 456//456
f 456//456 474//474 475//475
f 457//457 476//476 458//458
f 458//458 476//476 477//477
f 458//458 477//477 459//459
f 459//459 477//477 478//478
f 459//459 478//478 460//460
f 460//460 478//478 479//479
f 460//460 479//479 461//461
f 461//461 479//479 480//480
f 461//461 480//480 462//462
f 462//462 480//480 481//481
f 462//462 481//481 463//463
f 463//463 481//481 482//482
f 463//463 482//482 464//464
f 464//464 482//482 483//483
f 464//464 483//483 465//465
f 465//465 483//483 484//484
f 465//465 484//484 466//466
f 466//466 484//484 485//485
f 466//466 485//485 467//467
f 467//467 485//485 486//486
f 467//467 486//486 468//468
f 468//468 486//486 487//487
f 468//468 487//487 469//469
f 469//469 487//487 488//488
f 469//469 488//488 470//470
f 470//470 488//488 489//489
f 470//470 489//489 471//471
f 471//471 489//489 490//490
f 471//471 490//490 472//472
f 472//472 490//490 491//491
f 472//472 491//491 473//473
f 473//473 491//491 492//492
f 473//473 492//492 474//474
f 474//474 492//492 493//493
f 474//474 493//493 475//475
f 475//475 493//493 494//494
f 476//476 495//495 477//477
f 477//477 495//495 496//496
f 477//477 496//496 478//478
f 478//478 496//496 497//497
f 478//478 497//497 479//479
f 479//479 497//497 498//498
f 479//479 498//498 480//480
f 480//480 498//498 499//499
f 480//480 499//499 481//481
f 481//481 499//499 500//500
f 481//481 500//500 482//482
f 482//482 500//500 501//501
f 482//482 501//501 483//483
f 483//483 501//501 502//502
f 483//483 502//502 484//484
f 484//484 502//502 503//503
f 484//484 503//503 485//485
f 485//485 503//503 504//504
f 485//485 504//504 486//486
f 486//486 504//504 505//505
f 486//486 505//505 487//487
f 487//487 505//505 506//506
f 487//487 506//506 488//488
f 488//488 506//506 507//507
f 488//488 507//507 489//489
f 489//489 507//507 508//508
f 489//489 508//508 490//490
f 490//490 508//508 509//509
f 490//490 509//509 491//491
f 491//491 509//509 510//510
f 491//491 510//510 492//492
f 492//492 510//510 511//511
f 492//492 511//511 493//493
f 493//493 511//511 512//512
f 493//493 512//512 494//494
f 494//494 512//512 513//513
f 495//495 514//514 496//496
f 496//496 514//514 515//515
f 496//496 515//515 497//497
f 497//497 515//515 516//516
f 497//497 516//516 498//498
f 498//498 516//516 517//517
f 498//498 517//517 499//499
f 499//499 517//517 518//518
f 499//499 518//518 500//500
f 500//500 518//518 519//519
f 500//500 519//519 501//501
f 501//501 519//519 520//520
f 501//501 520//520 502//502
f 502//502 520//520 521//521
f 502//502 521//521 503//503
f 503//503 521//521 522//522
f 503//503 522//522 504//504
f 504//504 522//522 523//523
f 504//504 523//523 505//505
f 505//505 523//523 524//524
f 505//505 524//524 506//506
f 506//506 524//524 525//525
f 506//506 525//525 507//507
f 507//507 525//525 526//526
f 507//507 526//526 508//508
f 508//508 526//526 527//527
f 508//508 527//527 509//509
f 509//509 527//527 528//528
f 509//509 528//528 510//510
f 510//510 528//528 529//529
f 510//510 529//529 511//511
f 511//511 529//529 530//530
f 511//511 530//530 512//512
f 512//512 530//530 531//531
f 512//512 531//531 513//513
f 513//513 531//531 532//532
f 514//514 533//533 515//515
f 515//515 533//533 534//534
f 515//515 534//534 516//516
f 516//516 534//534 535//535
f 516//516 535//535 517//517
f 517//517 535//535 536//536
f 517//517 536//536 518//518
f 518//518 536//536 537//537
f 518//518 537//537 519//519
f 519//519 537//537 538//538
f 519//519 538//538 520//520
f 520//520 538//538 539//539
f 520//520 539//539 521//521
f 521//521 539//539 540//540
f 521//521 540//540 522//522
f 522//522 540//540 541//541
f 522//522 541//541 523//523
f 523//523 541//541 542//542
f 523//523 542//542 524//524
f 524//524 542//542 543//543
f 524//524 543//543 525//525
f 525//525 543//543 544//544
f 525//525 544//544 526//526
f 526//526 544//544 545//545
f 526//526 545//545 527//527
f 527//527 545//545 546//546
f 527//527 546//546 528//528
f 528//528 546//546 547//547
f 528//528 547//547 529//529
f 529//529 547//547 548//548
f 529//529 548//548 530//530
f 530//530 548//548 549//549
f 530//530 549//549 531//531
f 531//531 549//549 550//550
f 531//531 550//550 532//532
f 532//532 550//550 551//551
f 533//533 552//552 534//534
f 534//534 552//552 553//553
f 534//534 553//553 535//535
f 535//535 553//553 554//554
f 535//535 554//554 536//536
f 536//536 554//554 555//555
f 536//536 555//555 537//537
f 537//537 555//555 556//556
f 537//537 556//556 538//538
f 538//538 556//556 557//557
f 538//538 557//557 539//539
f 539//539 557//557 558//558
f 539//539 558//558 540//540
f 540//540 558//558 559//559
f 540//540 559//559 541//541
f 541//541 559//559 560//560
f 541//541 560//560 542//542
f 542//542 560//560 561//561
f 542//542 561//561 543//543
f 543//543 561//561 562//562
f 543//543 562//562 544//544
f 544//544 562//562 563//563
f 544//544 563//563 545//545
f 545//545 563//563 564//564
f 545//545 564//564 546//546
f 546//546 564//564 565//565
f 546//546 565//565 547//547
f 547//547 565//565 566//566
f 547//547 566//566 548//548
f 548//548 566//566 567//567
f 548//548 567//567 549//549
f 549//549 567//567 568//568
f 549//549 568//568 550//550
f 550//550 568//568 569//569
f 550//550 569//569 551//551
f 551//551 569//569 570//570
f 552//552 571//571 553//553
f 553//553 571//571 572//572
f 553//553 572//572 554//554
f 554//554 572//572 573//573
f 554//554 573//573 555//555
f 555//555 573//573 574//574
f 555//555 574//574 556//556
f 556//556 574//574 575//575
f 556//556 575//575 557//557
f 557//557 575//575 576//576
f 557//557 576//576 558//558
f 558//558 576//576 577//577
f 558//558 577//577 559//559
f 559//559 577//577 578//578
f 559//559 578//578 560//560
f 560//560 578//578 579//579
f 560//560 579//579 561//561
f 561//561 579//579 580//580
f 561//561 580//580 562//562
f 562//562 580//580 581//581
f 562//562 581//581 563//563
f 563//563 581//581 582//582
f 563//563 582//582 564//564
f 564//564 582//582 583//583
f 564//564 583//583 565//565
f 565//565 583//583 584//584
f 565//565 584//584 566//566
f 566//566 584//584 585//585
f 566//566 585//585 567//567
f 567//567 585//585 586//586
f 567//567 586//586 568//568
f 568//568 586//586 587//587
f 568//568 587//587 569//569
f 569//569 587//587 588//588
f 569//569 588//588 570//570
f 570//570 588//588 589//589
f 571//571 590//590 572//572
f 572//572 590//590 591//591
f 572//572 591//591 573//573
f 573//573 591//591 592//592
f 573//573 592//592 574//574
f 574//574 592//592 593//593
f 574//574 593//593 575//575
f 575//575 593//593 594//594
f 575//575 594//594 576//576
f 576//576 594//594 595//595
f 576//576 595//595 577//577
f 577//577 595//595 596//596
f 577//577 596//596 578//578
f 578//578 596//596 597//597
f 578//578 597//597 579//579
f 579//579 597//597 598//598
f 579//579 598//598 580//580
f 580//580 598//598 599//599
f 580//580 599//599 581//581
f 581//581 599//599 600//600
f 581//581 600//600 582//582
f 582//582 600//600 601//601
f 582//582 601//601 583//583
f 583//583 601//601 602//602
f 583//583 602//602 584//584
f 584//584 602//602 603//603
f 584//584 603//603 585//585
f 585//585 603//603 604//604
f 585//585 604//604 586//586
f 586//586 604//604 605//605
f 586//586 605//605 587//587
f 587//587 605//605 606//606
f 587//587 606//606 588//588
f 588//588 606//606 607//607
f 588//588 607//607 589//589
f 589//589 607//607 608//608
f 590//590 609//609 591//591
f 591//591 609//609 610//610
f 591//591 610//610 592//592
f 592//592 610//610 611//611
f 592//592 611//611 593//593
f 593//593 611//611 612//612
f 593//593 612//612 594//594
f 594//594 612//612 613//613
f 594//594 613//613 595//595
f 595//595 613//613 614//614
f 595//595 614//614 596//596
f 596//596 614//614 615//615
f 596//596 615//615 597//597
f 597//597 615//615 616//616
f 597//597 616//616 598//598
f 598//598 616//616 617//617
f 598//598 617//617 599//599
f 599//599 617//617 618//618
f 599//599 618//618 600//600
f 600//600 618//618 619//619
f 600//600 619//619 601//601
f 601//601 619//619 620//620
f 601//601 620//620 602//602
f 602//602 620//620 621//621
f 602//602 621//621 603//603
f 603//603 621//621 622//622
f 603//603 622//622 604//604
f 604//604 622//622 623//623
f 604//604 623//623 605//605
f 605//605 623//623 624//624
f 605//605 624//624 606//606
f 606//606 624//624 625//625
f 606//606 625//625 607//607
f 607//607 625//625 626//626
f 607//607 626//626 608//608
f 608//608 626//626 627//627
f 609//609 628//628 610//610
f 610//610 628//628 629//629
f 610//610 629//629 611//611
f 611//611 629//629 630//630
f 611//611 630//630 612//612
f 612//612 630//630 631//631
f 612//612 631//631 613//613
f 613//613 631//631 632//632
f 613//613 632//632 614//614
f 614//614 632//632 633//633
f 614//614 633//633 615//615
f 615//615 633//633 634//634
f 615//615 634//634 616//616
f 616//616 634//634 635//635
f 616//616 635//635 617//617
f 617//617 635//635 636//636
f 617//617 636//636 618//618
f 618//618 636//636 637//637
f 618//618 637//637 619//619
f 619//619 637//637 638//638
f 619//619 638//638 620//620
f 620//620 638//638 639//639
f 620//620 639//639 621//621
f 621//621 639//639 640//640
f 621//621 640//640 622//622
f 622//622 640//640 641//641
f 622//622 641//641 623//623
f 623//623 641//641 642//642
f 623//623 642//642 624//624
f 624//624 642//642 643//643
f 624//624 643//643 625//625
f 625//625 643//643 644//644
f 625//625 644//644 626//626
f 626//626 644//644 645//645
f 626//626 645//645 627//627
f 627//627 645//645 646//646
f 628//628 647//647 629//629
f 629//629 647//647 648//648
f 629//629 648//648 630//630
f 630//630 648//648 649//649
f 630//630 649//649 631//631
f 631//631 649//649 650//650
f 631//631 650//650 632//632
f 632//632 650//650 651//651
f 632//632 651//651 633//633
f 633//633 651//651 652//652
f 633//633 652//652 634//634
f 634//634 652//652 653//653
f 634//634 653//653 635//635
f 635//635 653//653 654//654
f 635//635 654//654 636//636
f 636//636 654//654 655//655
f 636//636 655//655 637//637
f 637//637 655//655 656//656
f 637//637 656//656 638//638
f 638//638 656//656 657//657
f 638//638 657//657 639//639
f 639//639 657//657 658//658
f 639//639 658//658 640//640
f 640//640 658//658 659//659
f 640//640 659//659 641//641
f 641//641 659//659 660//660
f 641//641 660//660 642//642
f 642//642 660//660 661//661
f 642//642 661//661 643//643
f 643//643 661//661 662//662
f 643//643 662//662 644//644
f 644//644 662//662 663//663
f 644//644 663//663 645//645
f 645//645 663//663 664//664
f 645//645 664//664 646//646
f 646//646 664//664 665//665
f 647//647 666//666 648//648
f 648//648 666//666 667//667
f 648//648 667//667 649//649
f 649//649 667//667 668//668
f 649//649 668//668 650//650
f 650//650 668//668 669//669
f 650//650 669//669 651//651
f 651//651 669//669 670//670
f 651//651 670//670 652//652
f 652//652 670//670 671//671
f 652//652 671//671 653//653
f 653//653 671//671 672//672
f 653//653 672//672 654//654
f 654//654 672//672 673//673
f 654//654 673//673 655//655
f 655//655 673//673 674//674
f 655//655 674//674 656//656
f 656//656 674//674 675//675
f 656//656 675//675 657//657
f 657//657 675//675 676//676
f 657//657 676//676 658//658
f 658//658 676//676 677//677
f 658//658 677//677 659//659
f 659//659 677//677 678//678
f 659//659 678//678 660//660
f 660//660 678//678 679//679
f 660//660 679//679 661//661
f 661//661 679//679 680//680
f 661//661 680//680 662//662
f 662//662 680//680 681//681
f 662//662 681//681 663//663
f 663//663 681//681 682//682
f 663//663 682//682 664//664
f 664//664 682//682 683//683
f 664//664 683//683 665//665
f 665//665 683//683 684//684
f 666//666 685//685 667//667
f 667//667 685//685 686//686
f 667//667 686//686 668//668
f 668//668 686//686 687//687
f 668//668 687//687 669//669
f 669//669 687//687 688//688
f 669//669 688//688 670//670
f 670//670 688//688 689//689
f 670//670 689//689 671//671
f 671//671 689//689 690//690
f 671//671 690//690 672//672
f 672//672 690//690 691//691
f 672//672 691//691 673//673
f 673//673 691//691 692//692
f 673//673 692//692 674//674
f 674//674 692//692 693//693
f 674//674 693//693 675//675
f 675//675 693//693 694//694
f 675//675 694//694 676//676
f 676//676 694//694 695//695
f 676//676 695//695 677//677
f 677//677 695//695 696//696
f 677//677 696//696 678//678
f 678//678 696//696 697//697
f 678//678 697//697 679//679
f 679//679 697//697 698//698
f 679//679 698//698 680//680
f 680//680 698//698 699//699
f 680//680 699//699 681//681
f 681//681 699//699 700//700
f 681//681 700//700 682//682
f 682//682 700//700 701//701
f 682//682 701//701 683//683
f 683//683 701//701 702//702
f 683//683 702//702 684//684
f 684//684 702//702 703//703
f 685//685 704//704 686//686
f 686//686 704//704 705//705
f 686//686 705//705 687//687
f 687//687 705//705 706//706
f 687//687 706//706 688//688
f 688//688 706//706 707//707
f 688//688 707//707 689//689
f 689//689 707//707 708//708
f 689//689 708//708 690//690
f 690//690 708//708 709//709
f 690//690 709//709 691//691
f 691//691 709//709 710//710
f 691//691 710//710 692//692
f 692//692 710//710 711//711
f 692//692 711//711 693//693
f 693//693 711//711 712//712
f 693//693 712//712 694//694
f 694//694 712//712 713//713
f 694//694 713//713 695//695
f 695//695 713//713 714//714
f 695//695 714//714 696//696
f 696//696 714//714 715//715
f 696//696 715//715 697//697
f 697//697 715//715 716//716
f 697//697 716//716 698//698
f 698//698 716//716 717//717
f 698//698 717//717 699//699
f 699//699 717//717 718//718
f 699//699 718//718 700//700
f 700//700 718//718 719//719
f 700//700 719//719 701//701
f 701//701 719//719 720//720
f 701//701 720//720 702//702
f 702//702 720//720 721//721
f 702//702 721//721 703//703
f 703//703 721//721 722//722
f 704//704 723//723 705//705
f 705//705 723//723 724//724
f 705//705 724//724 706//706
f 706//706 724//724 725//725
f 706//706 725//725 707//707
f 707//707 725//725 726//726
f 707//707 726//726 708//708
f 708//708 726//726 727//727
f 708//708 727//727 709//709
f 709//709 727//727 728//728
f 709//709 728//728 710//710
f 710//710 728//728 729//729
f 710//710 729//729 711//711
f 711//711 729//729 730//730
f 711//711 730//730 712//712
f 712//712 730//730 731//731
f 712//712 731//731 713//713
f 713//713 731//731 732//732
f 713//713 732//732 714//714
f 714//714 732//732 733//733
f 714//714 733//733 715//715
f 715//715 733//733 734//734
f 715//715 734//734 716//716
f 716//716 734//734 735//735
f 716//716 735//735 717//717
f 717//717 735//735 736//736
f 717//717 736//736 718//718
f 718//718 736//736 737//737
f 718//718 737//737 719//719
f 719//719 737//737 738//738
f 719//719 738//738 720//720
f 720//720 738//738 739//739
f 720//720 739//739 721//721
f 721//721 739//739 740//740
f 721//721 740//740 722//722
f 722//722 740//740 741//741
f 723//723 742//742 724//724
f 724//724 742//742 743//743
f 724//724 743//743 725//725
f 725//725 743//743 744//744
f 725//725 744//744 726//726
f 726//726 744//744 745//745
f 726//726 745//745 727//727
f 727//727 745//745 746//746
f 727//727 746//746 728//728
f 728//728 746//746 747//747
f 728//728 747//747 729//729
f 729//729 747//747 748//748
f 729//729 748//748 730//730
f 730//730 748//748 749//749
f 730//730 749//749 731//731
f 731//731 749//749 750//750
f 731//731 750//750 732//732
f 732//732 750//750 751//751
f 732//732 751//751 733//733
f 733//733 751//751 752//752
f 733//733 752//752 734//734
f 734//734 752//752 753//753
f 734//734 753//753 735//735
f 735//735 753//753 754//754
f 735//735 754//754 736//736
f 736//736 754//754 755//755
f 736//736 755//755 737//737
f 737//737 755//755 756//756
f 737//737 756//756 738//738
f 738//738 756//756 757//757
f 738//738 757//757 739//739
f 739//739 757//757 758//758
f 739//739 758//758 740//740
f 740//740 758//758 759//759
f 740//740 759//759 741//741
f 741//741 759//759 760//760
f 742//742 761//761 743//743
f 743//743 761//761 762//762
f 743//743 762//762 744//744
f 744//744 762//762 763//763
f 744//744 763//763 745//745
f 745//745 763//763 764//764
f 745//745 764//764 746//746
f 746//746 764//764 765//765
f 746//746 765//765 747//747
f 747//747 765//765 766//766
f 747//747 766//766 748//748
f 748//748 766//766 767//767
f 748//748 767//767 749//749
f 749//749 767//767 768//768
f 749//749 768//768 750//750
f 750//750 768//768 769//769
f 750//750 769//769 751//751
f 751//751 769//769 770//770
f 751//751 770//770 752//752
f 752//752 770//770 771//771
f 752//752 771//771 753//753
f 753//753 771//771 772//772
f 753//753 772//772 754//754
f 754//754 772//772 773//773
f 754//754 773//773 755//755
f 755//755 773//773 774//774
f 755//755 774//774 756//756
f 756//756 774//774 775//775
f 756//756 775//775 757//757
f 757//757 775//775 776//776
f 757//757 776//776 758//758
f 758//758 776//776 777//777
f 758//758 777//777 759//759
f 759//759 777//777 778//778
f 759//759 778//778 760//760
f 760//760 778//778 779//779
f 761//761 780//780 762//762
f 762//762 780//780 781//781
f 762//762 781//781 763//763
f 763//763 781//781 782//782
f 763//763 782//782 764//764
f 764//764 782//782 783//783
f 764//764 783//783 765//765
f 765//765 783//783 784//784
f 765//765 784//784 766//766
f 766//766 784//784 785//785
f 766//766 785//785 767//767
f 767//767 785//785 786//786
f 767//767 786//786 768//768
f 768//768 786//786 787//787
f 768//768 787//787 769//769
f 769//769 787//787 788//788
f 769//769 788//788 770//770
f 770//770 788//788 789//789
f 770//770 789//789 771//771
f 771//771 789//789 790//790
f 771//771 790//790 772//772
f 772//772 790//790 791//791
f 772//772 791//791 773//773
f 773//773 791//791 792//792
f 773//773 792//792 774//774
f 774//774 792//792 793//793
f 774//774 793//793 775//775
f 775//775 793//793 794//794
f 775//775 794//794 776//776
f 776//776 794//794 795//795
f 776//776 795//795 777//777
f 777//777 795//795 796//796
f 777//777 796//796 778//778
f 778//778 796//796 797//797
f 778//778 797//797 779//779
f 779//779 797//797 798//798
f 780//780 799//799 781//781
f 781//781 799//799 800//800
f 781//781 800//800 782//782
f 782//782 800//800 801//801
f 782//782 801//801 783//783
f 783//783 801//801 802//802
f 783//783 802//802 784//784
f 784//784 802//802 803//803
f 784//784 803//803 785//785
f 785//785 803//803 804//804
f 785//785 804//804 786//786
f 786//786 804//804 805//805
f 786//786 805//805 787//787
f 787//787 805//805 806//806
f 787//787 806//806 788//788
f 788//788 806//806 807//807
f 788//788 807//807 789//789
f 789//789 807//807 808//808
f 789//789 808//808 790//790
f 790//790 808//808 809//809
f 790//790 809//809 791//791
f 791//791 809//809 810//810
f 791//791 810//810 792//792
f 792//792 810//810 811//811
f 792//792 811//811 793//793
f 793//793 811//811 812//812
f 793//793 812//812 794//794
f 794//794 812//812 813//813
f 794//794 813//813 795//795
f 795//795 813//813 814//814
f 795//795 814//814 796//796
f 796//796 814//814 815//815
f 796//796 815//815 797//797
f 797//797 815//815 816//816
f 797//797 816//816 798//798
f 798//798 816//816 817//817
f 799//799 818//818 800//800
f 800//800 818//818 819//819
f 800//800 819//819 801//801
f 801//801 819//819 820//820
f 801//801 820//820 802//802
f 802//802 820//820 821//821
f 802//802 821//821 803//803
f 803//803 821//821 822//822
f 803//803 822//822 804//804
f 804//804 822//822 823//823
f 804//804 823//823 805//805
f 805//805 823//823 824//824
f 805//805 824//824 806//806
f 806//806 824//824 825//825
f 806//806 825//825 807//807
f 807//807 825//825 826//826
f 807//807 826//826 808//808
f 808//808 826//826 827//827
f 808//808 827//827 809//809
f 809//809 827//827 828//828
f 809//809 828//828 810//810
f 810//810 828//828 829//829
f 810//810 829//829 811//811
f 811//811 829//829 830//830
f 811//811 830//830 812//812
f 812//812 830//830 831//831
f 812//812 831//831 813//813
f 813//813 831//831 832//832
f 813//813 832//832 814//814
f 814//814 832//832 833//833
f 814//814 833//833 815//815
f 815//815 833//833 834//834
f 815//815 834//834 816//816
f 816//816 834//834 835//835
f 816//816 835//835 817//817
f 817//817 835//835 836//836
f 818//818 837//837 819//819
f 819//819 837//837 838//838
f 819//819 838//838 820//820
f 820//820 838//838 839//839
f 820//820 839//839 821//821
f 821//821 839//839 840//840
f 821//821 840//840 822//822
f 822//822 840//840 841//841
f 822//822 841//841 823//823
f 823//823 841//841 842//842
f 823//823 842//842 824//824
f 824//824 842//842 843//843
f 824//824 843//843 825//825
f 825//825 843//843 844//844
f 825//825 844//844 826//826
f 826//826 844//844 845//845
f 826//826 845//845 827//827
f 827//827 845//845 846//846
f 827//827 846//846 828//828
f 828//828 846//846 847//847
f 828//828 847//847 829//829
f 829//829 847//847 848//848
f 829//829 848//848 830//830
f 830//830 848//848 849//849
f 830//830 849//849 831//831
f 831//831 849//849 850//850
f 831//831 850//850 832//832
f 832//832 850//850 851//851
f 832//832 851//851 833//833
f 833//833 851//851 852//852
f 833//833 852//852 834//834
f 834//834 852//852 853//853
f 834//834 853//853 835//835
f 835//835 853//853 854//854
f 835//835 854//854 836//836
f 836//836 854//854 855//855
f 837//837 856//856 838//838
f 838//838 856//856 857//857
f 838//838 857//857 839//839
f 839//839 857//857 858//858
f 839//839 858//858 840//840
f 840//840 858//858 859//859
f 840//840 859//859 841//841
f 841//841 859//859 860//860
f 841//841 860//860 842//842
f 842//842 860//860 861//861
f 842//842 861//861 843//843
f 843//843 861//861 862//862
f 843//843 862//862 844//844
f 844//844 862//862 863//863
f 844//844 863//863 845//845
f 845//845 863//863 864//864
f 845//845 864//864 846//846
f 846//846 864//864 865//865
f 846//846 865//865 847//847
f 847//847 865//865 866//866
f 847//847 866//866 848//848
f 848//848 866//866 867//867
f 848//848 867//867 849//849
f 849//849 867//867 868//868
f 849//849 868//868 850//850
f 850//850 868//868 869//869
f 850//850 869//869 851//851
f 851//851 869//869 870//870
f 851//851 870//870 852//852
f 852//852 870//870 871//871
f 852//852 871//871 853//853
f 853//853 871//871 872//872
f 853//853 872//872 854//854
f 854//854 872//872 873//873
f 854//854 873//873 855//855
f 855//855 873//873 874//874
f 856//856 875//875 857//857
f 857//857 875//875 876//876
f 857//857 876//876 858//858
f 858//858 876//876 877//877
f 858//858 877//877 859//859
f 859//859 877//877 878//878
f 859//859 878//878 860//860
f 860//860 878//878 879//879
f 860//860 879//879 861//861
f 861//861 879//879 880//880
f 861//861 880//880 862//862
f 862//862 880//880 881//881
f 862//862 881//881 863//863
f 863//863 881//881 882//882
f 863//863 882//882 864//864
f 864//864 882//882 883//883
f 864//864 883//883 865//865
f 865//865 883//883 884//884
f 865//865 884//884 866//866
f 866//866 884//884 885//885
f 866//866 885//885 867//867
f 867//867 885//885 886//886
f 867//867 886//886 868//868
f 868//868 886//886 887//887
f 868//868 887//887 869//869
f 869//869 887//887 888//888
f 869//869 888//888 870//870
f 870//870 888//888 889//889
f 870//870 889//889 871//871
f 871//871 889//889 890//890
f 871//871 890//890 872//872
f 872//872 890//890 891//891
f 872//872 891//891 873//873
f 873//873 891//891 892//892
f 873//873 892//892 874//874
f 874//874 892//892 893//893
f 875//875 894//894 876//876
f 876//876 894//894 895//895
f 876//876 895//895 877//877
f 877//877 895//895 896//896
f 877//877 896//896 878//878
f 878//878 896//896 897//897
f 878//878 897//897 879//879
f 879//879 897//897 898//898
f 879//879 898//898 880//880
f 880//880 898//898 899//899
f 880//880 899//899 881//881
f 881//881 899//899 900//900
f 881//881 900//900 882//882
f 882//882 900//900 901//901
f 882//882 901//901 883//883
f 883//883 901//901 902//902
f 883//883 902//902 884//884
f 884//884 902//902 903//903
f 884//884 903//903 885//885
f 885//885 903//903 904//904
f 885//885 904//904 886//886
f 886//886 904//904 905//905
f 886//886 905//905 887//887
f 887//887 905//905 906//906
f 887//887 906//906 888//888
f 888//888 906//906 907//907
f 888//888 907//907 889//889
f 889//889 907//907 908//908
f 889//889 908//908 890//890
f 890//890 908//908 909//909
f 890//890 909//909 891//891
f 891//891 909//909 910//910
f 891//891 910//910 892//892
f 892//892 910//910 911//911
f 892//892 911//911 893//893
f 893//893 911//911 912//912
f 894//894 913//913 895//895
f 895//895 913//913 914//914
f 895//895 914//914 896//896
f 896//896 914//914 915//915
f 896//896 915//915 897//897
f 897//897 915//915 916//916
f 897//897 916//916 898//898
f 898//898 916//916 917//917
f 898//898 917//917 899//899
f 899//899 917//917 918//918
f 899//899 918//918 900//900
f 900//900 918//918 919//919
f 900//900 919//919 901//901
f 901//901 919//919 920//920
f 901//901 920//920 902//902
f 902//902 920//920 921//921
f 902//902 921//921 903//903
f 903//903 921//921 922//922
f 903//903 922//922 904//904
f 904//904 922//922 923//923
f 904//904 923//923 905//905
f 905//905 923//923 924//924
f 905//905 924//924 906//906
f 906//906 924//924 925//925
f 906//906 925//925 907//907
f 907//907 925//925 926//926
f 907//907 926//926 908//908
f 908//908 926//926 927//927
f 908//908 927//927 909//909
f 909//909 927//927 928//928
f 909//909 928//928 910//910
f 910//910 928//928 929//929
f 910//910 929//929 911//911
f 911//911 929//929 930//930
f 911//911 930//930 912//912
f 912//912 930//930 931//931
f 913//913 932//932 914//914
f 914//914 932//932 933//933
f 914//914 933//933 915//915
f 915//915 933//933 934//934
f 915//915 934//934 916//916
f 916//916 934//934 935//935
f 916//916 935//935 917//917
f 917//917 935//935 936//936
f 917//917 936//936 918//918
f 918//918 936//936 937//937
f 918//918 937//937 919//919
f 919//919 937//937 938//938
f 919//919 938//938 920//920
f 920//920 938//938 939//939
f 920//920 939//939 921//921
f 921//921 939//939 940//940
f 921//921 940//940 922//922
f 922//922 940//940 941//941
f 922//922 941//941 923//923
f 923//923 941//941 942//942
f 923//923 942//942 924//924
f 924//924 942//942 943//943
f 924//924 943//943 925//925
f 925//925 943//943 944//944
f 925//925 944//944 926//926
f 926//926 944//944 945//945
f 926//926 945//945 927//927
f 927//927 945//945 946//946
f 927//927 946//946 928//928
f 928//928 946//946 947//947
f 928//928 947//947 929//929
f 929//929 947//947 948//948
f 929//929 948//948 930//930
f 930//930 948//948 949//949
f 930//930 949//949 931//931
f 931//931 949//949 950//950
f 932//932 951//951 933//933
f 933//933 951//951 952//952
f 933//933 952//952 934//934
f 934//934 952//952 953//953
f 934//934 953//953 935//935
f 935//935 953//953 954//954
f 935//935 954//954 936//936
f 936//936 954//954 955//955
f 936//936 955//955 937//937
f 937//937 955//955 956//956
f 937//937 956//956 938//938
f 938//938 956//956 957//957
f 938//938 957//957 939//939
f 939//939 957//957 958//958
f 939//939 958//958 940//940
f 940//940 958//958 959//959
f 940//940 959//959 941//941
f 941//941 959//959 960//960
f 941//941 960//960 942//942
f 942//942 960//960 961//961
f 942//942 961//961 943//943
f 943//943 961//961 962//962
f 943//943 962//962 944//944
f 944//944 962//962 963//963
f 944//944 963//963 945//945
f 945//945 963//963 964//964
f 945//945 964//964 946//946
f 946//946 964//964 965//965
f 946//946 965//965 947//947
f 947//947 965//965 966//966
f 947//947 966//966 948//948
f 948//948 966//966 967//967
f 948//948 967//967 949//949
f 949//949 967//967 968//968
f 949//949 968//968 950//950
f 950//950 968//968 969//969
f 951//951 970//970 952//952
f 952//952 970//970 971//971
f 952//952 971//971 953//953
f 953//953 971//971 972//972
f 953//953 972//972 954//954
f 954//954 972//972 973//973
f 954//954 973//973 955//955
f 955//955 973//973 974//974
f 955//955 974//974 956//956
f 956//956 974//974 975//975
f 956//956 975//975 957//957
f 957//957 975//975 976//976
f 957//957 976//976 958//958
f 958//958 976//976 977//977
f 958//958 977//977 959//959
f 959//959 977//977 978//978
f 959//959 978//978 960//960
f 960//960 978//978 979//979
f 960//960 979//979 961//961
f 961//961 979//979 980//980
f 961//961 980//980 962//962
f 962//962 980//980 981//981
f 962//962 981//981 963//963
f 963//963 981//981 982//982
f 963//963 982//982 964//964
f 964//964 982//982 983//983
f 964//964 983//983 965//965
f 965//965 983//983 984//984
f 965//965 984//984 966//966
f 966//966 984//984 985//985
f 966//966 985//985 967//967
f 967//967 985//985 986//986
f 967//967 986//986 968//968
f 968//968 986//986 987//987
f 968//968 987//987 969//969
f 969//969 987//987 988//988
f 970//970 989//989 971//971
f 971//971 989//989 990//990
f 971//971 990//990 972//972
f 972//972 990//990 991//991
f 972//972 991//991 973//973
f 973//973 991//991 992//992
f 973//973 992//992 974//974
f 974//974 992//992 993//993
f 974//974 993//993 975//975
f 975//975 993//993 994//994
f 975//975 994//994 976//976
f 976//976 994//994 995//995
f 976//976 995//995 977//977
f 977//977 995//995 996//996
f 977//977 996//996 978//978
f 978//978 996//996 997//997
f 978//978 997//997 979//979
f 979//979 997//997 998//998
f 979//979 998//998 980//980
f 980//980 998//998 999//999
f 980//980 999//999 981//981
f 981//981 999//999 1000//1000
f 981//981 1000//1000 982//982
f 982//982 1000//1000 1001//1001
f 982//982 1001//1001 983//983
f 983//983 1001//1001 1002//1002
f 983//983 1002//1002 984//984
f 984//984 1002//1002 1003//1003
f 984//984 1003//1003 985//985
f 985//985 1003//1003 1004//1004
f 985//985 1004//1004 986//986
f 986//986 1004//1004 1005//1005
f 986//986 1005//1005 987//987
f 987//987 1005//1005 1006//1006
f 987//987 1006//1006 988//988
f 988//988 1006//1006 1007//1007
f 989//989 1008//1008 990//990
f 990//990 1008//1008 1009//1009
f 990//990 1009//1009 991//991
f 991//991 1009//1009 1010//1010
f 991//991 1010//1010 992//992
f 992//992 1010//1010 1011//1011
f 992//992 1011//1011 993//993
f 993//993 1011//1011 1012//1012
f 993//993 1012//1012 994//994
f 994//994 1012//1012 1013//1013
f 994//994 1013//1013 995//995
f 995//995 1013//1013 1014//1014
f 995//995 1014//1014 996//996
f 996//996 1014//1014 1015//1015
f 996//996 1015//1015 997//997
f 997//997 1015//1015 1016//1016
f 997//997 1016//1016 998//998
f 998//998 1016//1016 1017//1017
f 998//998 1017//1017 999//999
f 999//999 1017//1017 1018//1018
f 999//999 1018//1018 1000//1000
f 1000//1000 1018//1018 1019//1019
f 1000//1000 1019//1019 1001//1001
f 1001//1001 1019//1019 1020//1020
f 1001//1001 1020//1020 1002//1002
f 1002//1002 1020//1020 1021//1021
f 1002//1002 1021//1021 1003//1003
f 1003//1003 1021//1021 1022//1022
f 1003//1003 1022//1022 1004//1004
f 1004//1004 1022//1022 1023//1023
f 1004//1004 1023//1023 1005//1005
f 1005//1005 1023//1023 1024//1024
f 1005//1005 1024//1024 1006//1006
f 1006//1006 1024//1024 1025//1025
f 1006//1006 1025//1025 1007//1007
f 1007//1007 1025//1025 1026//1026
f 1008//1008 1027//1027 1009//1009
f 1009//1009 1027//1027 1028//1028
f 1009//1009 1028//1028 1010//1010
f 1010//1010 1028//1028 1029//1029
f 1010//1010 1029//1029 1011//1011
f 1011//1011 1029//1029 1030//1030
f 1011//1011 1030//1030 1012//1012
f 1012//1012 1030//1030 1031//1031
f 1012//1012 1031//1031 1013//1013
f 1013//1013 1031//1031 1032//1032
f 1013//1013 1032//1032 1014//1014
f 1014//1014 1032//1032 1033//1033
f 1014//1014 1033//1033 1015//1015
f 1015//1015 1033//1033 1034//1034
f 1015//1015 1034//1034 1016//1016
f 1016//1016 1034//1034 1035//1035
f 1016//1016 1035//1035 1017//1017
f 1017//1017 1035//1035 1036//1036
f 1017//1017 1036//1036 1018//1018
f 1018//1018 1036//1036 1037//1037
f 1018//1018 1037//1037 1019//1019
f 1019//1019 1037//1037 1038//1038
f 1019//1019 1038//1038 1020//1020
f 1020//1020 1038//1038 1039//1039
f 1020//1020 1039//1039 1021//1021
f 1021//1021 1039//1039 1040//1040
f 1021//1021 1040//1040 1022//1022
f 1022//1022 1040//1040 1041//1041
f 1022//1022 1041//1041 1023//1023
f 1023//1023 1041//1041 1042//1042
f 1023//1023 1042//1042 1024//1024
f 1024//1024 1042//1042 1043//1043
f 1024//1024 1043//1043 1025//1025
f 1025//1025 1043//1043 1044//1044
f 1025//1025 1044//1044 1026//1026
f 1026//1026 1044//1044 1045//1045
f 1027//1027 1046//1046 1028//1028
f 1028//1028 1046//1046 1047//1047
f 1028//1028 1047//1047 1029//1029
f 1029//1029 1047//1047 1048//1048
f 1029//1029 1048//1048 1030//1030
f 1030//1030 1048//1048 1049//1049
f 1030//1030 1049//1049 1031//1031
f 1031//1031 1049//1049 1050//1050
f 1031//1031 1050//1050 1032//1032
f 1032//1032 1050//1050 1051//1051
f 1032//1032 1051//1051 1033//1033
f 1033//1033 1051//1051 1052//1052
f 1033//1033 1052//1052 1034//1034
f 1034//1034 1052//1052 1053//1053
f 1034//1034 1053//1053 1035//1035
f 1035//1035 1053//1053 1054//1054
f 1035//1035 1054//1054 1036//1036
f 1036//1036 1054//1054 1055//1055
f 1036//1036 1055//1055 1037//1037
f 1037//1037 1055//1055 1056//1056
f 1037//1037 1056//1056 1038//1038
f 1038//1038 1056//1056 1057//1057
f 1038//1038 1057//1057 1039//1039
f 1039//1039 1057//1057 1058//1058
f 1039//1039 1058//1058 1040//1040
f 1040//1040 1058//1058 1059//1059
f 1040//1040 1059//1059 1041//1041
f 1041//1041 1059//1059 1060//1060
f 1041//1041 1060//1060 1042//1042
f 1042//1042 1060//1060 1061//1061
f 1042//1042 1061//1061 1043//1043
f 1043//1043 1061//1061 1062//1062
f 1043//1043 1062//1062 1044//1044
f 1044//1044 1062//1062 1063//1063
f 1044//1044 1063//1063 1045//1045
f 1045//1045 1063//1063 1064//1064
f 1046//1046 1065//1065 1047//1047
f 1047//1047 1065//1065 1066//1066
f 1047//1047 1066//1066 1048//1048
f 1048//1048 1066//1066 1067//1067
f 1048//1048 1067//1067 1049//1049
f 1049//1049 1067//1067 1068//1068
f 1049//1049 1068//1068 1050//1050
f 1050//1050 1068//1068 1069//1069
f 1050//1050 1069//1069 1051//1051
f 1051//1051 1069//1069 1070//1070
f 1051//1051 1070//1070 1052//1052
f 1052//1052 1070//1070 1071//1071
f 1052//1052 1071//1071 1053//1053
f 1053//1053 1071//1071 1072//1072
f 1053//1053 1072//1072 1054//1054
f 1054//1054 1072//1072 1073//1073
f 1054//1054 1073//1073 1055//1055
f 1055//1055 1073//1073 1074//1074
f 1055//1055 1074//1074 1056//1056
f 1056//1056 1074//1074 1075//1075
f 1056//1056 1075//1075 1057//1057
f 1057//1057 1075//1075 1076//1076
f 1057//1057 1076//1076 1058//1058
f 1058//1058 1076//1076 1077//1077
f 1058//1058 1077//1077 1059//1059
f 1059//1059 1077//1077 1078//1078
f 1059//1059 1078//1078 1060//1060
f 1060//1060 1078//1078 1079//1079
f 1060//1060 1079//1079 1061//1061
f 1061//1061 1079//1079 1080//1080
f 1061//1061 1080//1080 1062//1062
f 1062//1062 1080//1080 1081//1081
f 1062//1062 1081//1081 1063//1063
f 1063//1063 1081//1081 1082//1082
f 1063//1063 1082//1082 1064//1064
f 1064//1064 1082//1082 1083//1083
f 1065//1065 1084//1084 1066//1066
f 1066//1066 1084//1084 1085//1085
f 1066//1066 1085//1085 1067//1067
f 1067//1067 1085//1085 1086//1086
f 1067//1067 1086//1086 1068//1068
f 1068//1068 1086//1086 1087//1087
f 1068//1068 1087//1087 1069//1069
f 1069//1069 1087//1087 1088//1088
f 1069//1069 1088//1088 1070//1070
f 1070//1070 1088//1088 1089//1089
f 1070//1070 1089//1089 1071//1071
f 1071//1071 1089//1089 1090//1090
f 1071//1071 1090//1090 1072//1072
f 1072//1072 1090//1090 1091//1091
f 1072//1072 1091//1091 1073//1073
f 1073//1073 1091//1091 1092//1092
f 1073//1073 1092//1092 1074//1074
f 1074//1074 1092//1092 1093//1093
f 1074//1074 1093//1093 1075//1075
f 1075//1075 1093//1093 1094//1094
f 1075//1075 1094//1094 1076//1076
f 1076//1076 1094//1094 1095//1095
f 1076//1076 1095//1095 1077//1077
f 1077//1077 1095//1095 1096//1096
f 1077//1077 1096//1096 1078//1078
f 1078//1078 1096//1096 1097//1097
f 1078//1078 1097//1097 1079//1079
f 1079//1079 1097//1097 1098//1098
f 1079//1079 1098//1098 1080//1080
f 1080//1080 1098//1098 1099//1099
f 1080//1080 1099//1099 1081//1081
f 1081//1081 1099//1099 1100//1100
f 1081//1081 1100//1100 1082//1082
f 1082//1082 1100//1100 1101//1101
f 1082//1082 1101//1101 1083//1083
f 1083//1083 1101//1101 1102//1102
f 1084//1084 1103//1103 1085//1085
f 1085//1085 1103//1103 1104//1104
f 1085//1085 1104//1104 1086//1086
f 1086//1086 1104//1104 1105//1105
f 1086//1086 1105//1105 1087//1087
f 1087//1087 1105//1105 1106//1106
f 1087//1087 1106//1106 1088//1088
f 1088//1088 1106//1106 1107//1107
f 1088//1088 1107//1107 1089//1089
f 1089//1089 1107//1107 1108//1108
f 1089//1089 1108//1108 1090//1090
f 1090//1090 1108//1108 1109//1109
f 1090//1090 1109//1109 1091//1091
f 1091//1091 1109//1109 1110//1110
f 1091//1091 1110//1110 1092//1092
f 1092//1092 1110//1110 1111//1111
f 1092//1092 1111//1111 1093//1093
f 1093//1093 1111//1111 1112//1112
f 1093//1093 1112//1112 1094//1094
f 1094//1094 1112//1112 1113//1113
f 1094//1094 1113//1113 1095//1095
f 1095//1095 1113//1113 1114//1114
f 1095//1095 1114//1114 1096//1096
f 1096//1096 1114//1114 1115//1115
f 1096//1096 1115//1115 1097//1097
f 1097//1097 1115//1115 1116//1116
f 1097//1097 1116//1116 1098//1098
f 1098//1098 1116//1116 1117//1117
f 1098//1098 1117//1117 1099//1099
f 1099//1099 1117//1117 1118//1118
f 1099//1099 1118//1118 1100//1100
f 1100//1100 1118//1118 1119//1119
f 1100//1100 1119//1119 1101//1101
f 1101//1101 1119//1119 1120//1120
f 1101//1101 1120//1120 1102//1102
f 1102//1102 1120//1120 1121//1121
f 1103//1103 1122//1122 1104//1104
f 1104//1104 1122//1122 1123//1123
f 1104//1104 1123//1123 1105//1105
f 1105//1105 1123//1123 1124//1124
f 1105//1105 1124//1124 1106//1106
f 1106//1106 1124//1124 1125//1125
f 1106//1106 1125//1125 1107//1107
f 1107//1107 1125//1125 1126//1126
f 1107//1107 1126//1126 1108//1108
f 1108//1108 1126//1126 1127//1127
f 1108//1108 1127//1127 1109//1109
f 1109//1109 1127//1127 1128//1128
f 1109//1109 1128//1128 1110//1110
f 1110//1110 1128//1128 1129//1129
f 1110//1110 1129//1129 1111//1111
f 1111//1111 1129//1129 1130//1130
f 1111//1111 1130//1130 1112//1112
f 1112//1112 1130//1130 1131//1131
f 1112//1112 1131//1131 1113//1113
f 1113//1113 1131//1131 1132//1132
f 1113//1113 1132//1132 1114//1114
f 1114//1114 1132//1132 1133//1133
f 1114//1114 1133//1133 1115//1115
f 1115//1115 1133//1133 1134//1134
f 1115//1115 1134//1134 1116//1116
f 1116//1116 1134//1134 1135//1135
f 1116//1116 1135//1135 1117//1117
f 1117//1117 1135//1135 1136//1136
f 1117//1117 1136//1136 1118//1118
f 1118//1118 1136//1136 1137//1137
f 1118//1118 1137//1137 1119//1119
f 1119//1119 1137//1137 1138//1138
f 1119//1119 1138//1138 1120//1120
f 1120//1120 1138//1138 1139//1139
f 1120//1120 1139//1139 1121//1121
f 1121//1121 1139//1139 1140//1140
f 1122//1122 1141//1141 1123//1123
f 1123//1123 1141//1141 1142//1142
f 1123//1123 1142//1142 1124//1124
f 1124//1124 1142//1142 1143//1143
f 1124//1124 1143//1143 1125//1125
f 1125//1125 1143//1143 1144//1144
f 1125//1125 1144//1144 1126//1126
f 1126//1126 1144//1144 1145//1145
f 1126//1126 1145//1145 1127//1127
f 1127//1127 1145//1145 1146//1146
f 1127//1127 1146//1146 1128//1128
f 1128//1128 1146//1146 1147//1147
f 1128//1128 1147//1147 1129//1129
f 1129//1129 1147//1147 1148//1148
f 1129//1129 1148//1148 1130//1130
f 1130//1130 1148//1148 1149//1149
f 1130//1130 1149//1149 1131//1131
f 1131//1131 1149//1149 1150//1150
f 1131//1131 1150//1150 1132//1132
f 1132//1132 1150//1150 1151//1151
f 1132//1132 1151//1151 1133//1133
f 1133//1133 1151//1151 1152//1152
f 1133//1133 1152//1152 1134//1134
f 1134//1134 1152//1152 1153//1153
f 1134//1134 1153//1153 1135//1135
f 1135//1135 1153//1153 1154//1154
f 1135//1135 1154//1154 1136//1136
f 1136//1136 1154//1154 1155//1155
f 1136//1136 1155//1155 1137//1137
f 1137//1137 1155//1155 1156//1156
f 1137//1137 1156//1156 1138//1138
f 1138//1138 1156//1156 1157//1157
f 1138//1138 1157//1157 1139//1139
f 1139//1139 1157//1157 1158//1158
f 1139//1139 1158//1158 1140//1140
f 1140//1140 1158//1158 1159//1159
f 1141//1141 1160//1160 1142//1142
f 1142//1142 1160//1160 1161//1161
f 1142//1142 1161//1161 1143//1143
f 1143//1143 1161//1161 1162//1162
f 1143//1143 1162//1162 1144//1144
f 1144//1144 1162//1162 1163//1163
f 1144//1144 1163//1163 1145//1145
f 1145//1145 1163//1163 1164//1164
f 1145//1145 1164//1164 1146//1146
f 1146//1146 1164//1164 1165//1165
f 1146//1146 1165//1165 1147//1147
f 1147//1147 1165//1165 1166//1166
f 1147//1147 1166//1166 1148//1148
f 1148//1148 1166//1166 1167//1167
f 1148//1148 1167//1167 1149//1149
f 1149//1149 1167//1167 1168//1168
f 1149//1149 1168//1168 1150//1150
f 1150//1150 1168//1168 1169//1169
f 1150//1150 1169//1169 1151//1151
f 1151//1151 1169//1169 1170//1170
f 1151//1151 1170//1170 1152//1152
f 1152//1152 1170//1170 1171//1171
f 1152//1152 1171//1171 1153//1153
f 1153//1153 1171//1171 1172//1172
f 1153//1153 1172//1172 1154//1154
f 1154//1154 1172//1172 1173//1173
f 1154//1154 1173//1173 1155//1155
f 1155//1155 1173//1173 1174//1174
f 1155//1155 1174//1174 1156//1156
f 1156//1156 1174//1174 1175//1175
f 1156//1156 1175//1175 1157//1157
f 1157//1157 1175//1175 1176//1176
f 1157//1157 1176//1176 1158//1158
f 1158//1158 1176//1176 1177//1177
f 1158//1158 1177//1177 1159//1159
f 1159//1159 1177//1177 1178//1178
f 1160//1160 1179//1179 1161//1161
f 1161//1161 1179//1179 1180//1180
f 1161//1161 1180//1180 1162//1162
f 1162//1162 1180//1180 1181//1181
f 1162//1162 1181//1181 1163//1163
f 1163//1163 1181//1181 1182//1182
f 1163//1163 1182//1182 1164//1164
f 1164//1164 1182//1182 1183//1183
f 1164//1164 1183//1183 1165//1165
f 1165//1165 1183//1183 1184//1184
f 1165//1165 1184//1184 1166//1166
f 1166//1166 1184//1184 1185//1185
f 1166//1166 1185//1185 1167//1167
f 1167//1167 1185//1185 1186//1186
f 1167//1167 1186//1186 1168//1168
f 1168//1168 1186//1186 1187//1187
f 1168//1168 1187//1187 1169//1169
f 1169//1169 1187//1187 1188//1188
f 1169//1169 1188//1188 1170//1170
f 1170//1170 1188//1188 1189//1189
f 1170//1170 1189//1189 1171//1171
f 1171//1171 1189//1189 1190//1190
f 1171//1171 1190//1190 1172//1172
f 1172//1172 1190//1190 1191//1191
f 1172//1172 1191//1191 1173//1173
f 1173//1173 1191//1191 1192//1192
f 1173//1173 1192//1192 1174//1174
f 1174//1174 1192//1192 1193//1193
f 1174//1174 1193//1193 1175//1175
f 1175//1175 1193//1193 1194//1194
f 1175//1175 1194//1194 1176//1176
f 1176//1176 1194//1194 1195//1195
f 1176//1176 1195//1195 1177//1177
f 1177//1177 1195//1195 1196//1196
f 1177//1177 1196//1196 1178//1178
f 1178//1178 1196//1196 1197//1197
f 1179//1179 1198//1198 1180//1180
f 1180//1180 1198//1198 1199//1199
f 1180//1180 1199//1199 1181//1181
f 1181//1181 1199//1199 1200//1200
f 1181//1181 1200//1200 1182//1182
f 1182//1182 1200//1200 1201//1201
f 1182//1182 1201//1201 1183//1183
f 1183//1183 1201//1201 1202//1202
f 1183//1183 1202//1202 1184//1184
f 1184//1184 1202//1202 1203//1203
f 1184//1184 1203//1203 1185//1185
f 1185//1185 1203//1203 1204//1204
f 1185//1185 1204//1204 1186//1186
f 1186//1186 1204//1204 1205//1205
f 1186//1186 1205//1205 1187//1187
f 1187//1187 1205//1205 1206//1206
f 1187//1187 1206//1206 1188//1188
f 1188//1188 1206//1206 1207//1207
f 1188//1188 1207//1207 1189//1189
f 1189//1189 1207//1207 1208//1208
f 1189//1189 1208//1208 1190//1190
f 1190//1190 1208//1208 1209//1209
f 1190//1190 1209//1209 1191//1191
f 1191//1191 1209//1209 1210//1210
f 1191//1191 1210//1210 1192//1192
f 1192//1192 1210//1210 1211//1211
f 1192//1192 1211//1211 1193//1193
f 1193//1193 1211//1211 1212//1212
f 1193//1193 1212//1212 1194//1194
f 1194//1194 1212//1212 1213//1213
f 1194//1194 1213//1213 1195//1195
f 1195//1195 1213//1213 1214//1214
f 1195//1195 1214//1214 1196//1196
f 1196//1196 1214//1214 1215//1215
f 1196//1196 1215//1215 1197//1197
f 1197//1197 1215//1215 1216//1216
f 1198//1198 1217//1217 1199//1199
f 1199//1199 1217//1217 1218//1218
f 1199//1199 1218//1218 1200//1200
f 1200//1200 1218//1218 1219//1219
f 1200//1200 1219//1219 1201//1201
f 1201//1201 1219//1219 1220//1220
f 1201//1201 1220//1220 1202//1202
f 1202//1202 1220//1220 1221//1221
f 1202//1202 1221//1221 1203//1203
f 1203//1203 1221//1221 1222//1222
f 1203//1203 1222//1222 1204//1204
f 1204//1204 1222//1222 1223//1223
f 1204//1204 1223//1223 1205//1205
f 1205//1205 1223//1223 1224//1224
f 1205//1205 1224//1224 1206//1206
f 1206//1206 1224//1224 1225//1225
f 1206//1206 1225//1225 1207//1207
f 1207//1207 1225//1225 1226//1226
f 1207//1207 1226//1226 1208//1208
f 1208//1208 1226//1226 1227//1227
f 1208//1208 1227//1227 1209//1209
f 1209//1209 1227//1227 1228//1228
f 1209//1209 1228//1228 1210//1210
f 1210//1210 1228//1228 1229//1229
f 1210//1210 1229//1229 1211//1211
f 1211//1211 1229//1229 1230//1230
f 1211//1211 1230//1230 1212//1212
f 1212//1212 1230//1230 1231//1231
f 1212//1212 1231//1231 1213//1213
f 1213//1213 1231//1231 1232//1232
f 1213//1213 1232//1232 1214//1214
f 1214//1214 1232//1232 1233//1233
f 1214//1214 1233//1233 1215//1215
f 1215//1215 1233//1233 1234//1234
f 1215//1215 1234//1234 1216//1216
f 1216//1216 1234//1234 1235//1235
f 1217//1217 1236//1236 1218//1218
f 1218//1218 1236//1236 1237//1237
f 1218//1218 1237//1237 1219//1219
f 1219//1219 1237//1237 1238//1238
f 1219//1219 1238//1238 1220//1220
f 1220//1220 1238//1238 1239//1239
f 1220//1220 1239//1239 1221//1221
f 1221//1221 1239//1239 1240//1240
f 1221//1221 1240//1240 1222//1222
f 1222//1222 1240//1240 1241//1241
f 1222//1222 1241//1241 1223//1223
f 1223//1223 1241//1241 1242//1242
f 1223//1223 1242//1242 1224//1224
f 1224//1224 1242//1242 1243//1243
f 1224//1224 1243//1243 1225//1225
f 1225//1225 1243//1243 1244//1244
f 1225//1225 1244//1244 1226//1226
f 1226//1226 1244//1244 1245//1245
f 1226//1226 1245//1245 1227//1227
f 1227//1227 1245//1245 1246//1246
f 1227//1227 1246//1246 1228//1228
f 1228//1228 1246//1246 1247//1247
f 1228//1228 1247//1247 1229//1229
f 1229//1229 1247//1247 1248//1248
f 1229//1229 1248//1248 1230//1230
f 1230//1230 1248//1248 1249//1249
f 1230//1230 1249//1249 1231//1231
f 1231//1231 1249//1249 1250//1250
f 1231//1231 1250//1250 1232//1232
f 1232//1232 1250//1250 1251//1251
f 1232//1232 1251//1251 1233//1233
f 1233//1233 1251//1251 1252//1252
f 1233//1233 1252//1252 1234//1234
f 1234//1234 1252//1252 1253//1253
f 1234//1234 1253//1253 1235//1235
f 1235//1235 1253//1253 1254//1254
f 1236//1236 1255//1255 1237//1237
f 1237//1237 1255//1255 1256//1256
f 1237//1237 1256//1256 1238//1238
f 1238//1238 1256//1256 1257//1257
f 1238//1238 1257//1257 1239//1239
f 1239//1239 1257//1257 1258//1258
f 1239//1239 1258//1258 1240//1240
f 1240//1240 1258//1258 1259//1259
f 1240//1240 1259//1259 1241//1241
f 1241//1241 1259//1259 1260//1260
f 1241//1241 1260//1260 1242//1242
f 1242//1242 1260//1260 1261//1261
f 1242//1242 1261//1261 1243//1243
f 1243//1243 1261//1261 1262//1262
f 1243//1243 1262//1262 1244//1244
f 1244//1244 1262//1262 1263//1263
f 1244//1244 1263//1263 1245//1245
f 1245//1245 1263//1263 1264//1264
f 1245//1245 1264//1264 1246//1246
f 1246//1246 1264//1264 1265//1265
f 1246//1246 1265//1265 1247//1247
f 1247//1247 1265//1265 1266//1266
f 1247//1247 1266//1266 1248//1248
f 1248//1248 1266//1266 1267//1267
f 1248//1248 1267//1267 1249//1249
f 1249//1249 1267//1267 1268//1268
f 1249//1249 1268//1268 1250//1250
f 1250//1250 1268//1268 1269//1269
f 1250//1250 1269//1269 1251//1251
f 1251//1251 1269//1269 1270//1270
f 1251//1251 1270//1270 1252//1252
f 1252//1252 1270//1270 1271//1271
f 1252//1252 1271//1271 1253//1253
f 1253//1253 1271//1271 1272//1272
f 1253//1253 1272//1272 1254//1254
f 1254//1254 1272//1272 1273//1273
f 1255//1255 1274//1274 1256//1256
f 1256//1256 1274//1274 1275//1275
f 1256//1256 1275//1275 1257//1257
f 1257//1257 1275//1275 1276//1276
f 1257//1257 1276//1276 1258//1258
f 1258//1258 1276//1276 1277//1277
f 1258//1258 1277//1277 1259//1259
f 1259//1259 1277//1277 1278//1278
f 1259//1259 1278//1278 1260//1260
f 1260//1260 1278//1278 1279//1279
f 1260//1260 1279//1279 1261//1261
f 1261//1261 1279//1279 1280//1280
f 1261//1261 1280//1280 1262//1262
f 1262//1262 1280//1280 1281//1281
f 1262//1262 1281//1281 1263//1263
f 1263//1263 1281//1281 1282//1282
f 1263//1263 1282//1282 1264//1264
f 1264//1264 1282//1282 1283//1283
f 1264//1264 1283//1283 1265//1265
f 1265//1265 1283//1283 1284//1284
f 1265//1265 1284//1284 1266//1266
f 1266//1266 1284//1284 1285//1285
f 1266//1266 1285//1285 1267//1267
f 1267//1267 1285//1285 1286//1286
f 1267//1267 1286//1286 1268//1268
f 1268//1268 1286//1286 1287//1287
f 1268//1268 1287//1287 1269//1269
f 1269//1269 1287//1287 1288//1288
f 1269//1269 1288//1288 1270//1270
f 1270//1270 1288//1288 1289//1289
f 1270//1270 1289//1289 1271//1271
f 1271//1271 1289//1289 1290//1290
f 1271//1271 1290//1290 1272//1272
f 1272//1272 1290//1290 1291//1291
f 1272//1272 1291//1291 1273//1273
f 1273//1273 1291//1291 1292//1292
f 1274//1274 1293//1293 1275//1275
f 1275//1275 1293//1293 1294//1294
f 1275//1275 1294//1294 1276//1276
f 1276//1276 1294//1294 1295//1295
f 1276//1276 1295//1295 1277//1277
f 1277//1277 1295//1295 1296//1296
f 1277//1277 1296//1296 1278//1278
f 1278//1278 1296//1296 1297//1297
f 1278//1278 1297//1297 1279//1279
f 1279//1279 1297//1297 1298//1298
f 1279//1279 1298//1298 1280//1280
f 1280//1280 1298//1298 1299//1299
f 1280//1280 1299//1299 1281//1281
f 1281//1281 1299//1299 1300//1300
f 1281//1281 1300//1300 1282//1282
f 1282//1282 1300//1300 1301//1301
f 1282//1282 1301//1301 1283//1283
f 1283//1283 1301//1301 1302//1302
f 1283//1283 1302//1302 1284//1284
f 1284//1284 1302//1302 1303//1303
f 1284//1284 1303//1303 1285//1285
f 1285//1285 1303//1303 1304//1304
f 1285//1285 1304//1304 1286//1286
f 1286//1286 1304//1304 1305//1305
f 1286//1286 1305//1305 1287//1287
f 1287//1287 1305//1305 1306//1306
f 1287//1287 1306//1306 1288//1288
f 1288//1288 1306//1306 1307//1307
f 1288//1288 1307//1307 1289//1289
f 1289//1289 1307//1307 1308//1308
f 1289//1289 1308//1308 1290//1290
f 1290//1290 1308//1308 1309//1309
f 1290//1290 1309//1309 1291//1291
f 1291//1291 1309//1309 1310//1310
f 1291//1291 1310//1310 1292//1292
f 1292//1292 1310//1310 1311//1311
f 1293//1293 1312//1312 1294//1294
f 1294//1294 1312//1312 1313//1313
f 1294//1294 1313//1313 1295//1295
f 1295//1295 1313//1313 1314//1314
f 1295//1295 1314//1314 1296//1296
f 1296//1296 1314//1314 1315//1315
f 1296//1296 1315//1315 1297//1297
f 1297//1297 1315//1315 1316//1316
f 1297//1297 1316//1316 1298//1298
f 1298//1298 1316//1316 1317//1317
f 1298//1298 1317//1317 1299//1299
f 1299//1299 1317//1317 1318//1318
f 1299//1299 1318//1318 1300//1300
f 1300//1300 1318//1318 1319//1319
f 1300//1300 1319//1319 1301//1301
f 1301//1301 1319//1319 1320//1320
f 1301//1301 1320//1320 1302//1302
f 1302//1302 1320//1320 1321//1321
f 1302//1302 1321//1321 1303//1303
f 1303//1303 1321//1321 1322//1322
f 1303//1303 1322//1322 1304//1304
f 1304//1304 1322//1322 1323//1323
f 1304//1304 1323//1323 1305//1305
f 1305//1305 1323//1323 1324//1324
f 1305//1305 1324//1324 1306//1306
f 1306//1306 1324//1324 1325//1325
f 1306//1306 1325//1325 1307//1307
f 1307//1307 1325//1325 1326//1326
f 1307//1307 1326//1326 1308//1308
f 1308//1308 1326//1326 1327//1327
f 1308//1308 1327//1327 1309//1309
f 1309//1309 1327//1327 1328//1328
f 1309//1309 1328//1328 1310//1310
f 1310//1310 1328//1328 1329//1329
f 1310//1310 1329//1329 1311//1311
f 1311//1311 1329//1329 1330//1330
f 1312//1312 1331//1331 1313//1313
f 1313//1313 1331//1331 1332//1332
f 1313//1313 1332//1332 1314//1314
f 1314//1314 1332//1332 1333//1333
f 1314//1314 1333//1333 1315//1315
f 1315//1315 1333//1333 1334//1334
f 1315//1315 1334//1334 1316//1316
f 1316//1316 1334//1334 1335//1335
f 1316//1316 1335//1335 1317//1317
f 1317//1317 1335//1335 1336//1336
f 1317//1317 1336//1336 1318//1318
f 1318//1318 1336//1336 1337//1337
f 1318//1318 1337//1337 1319//1319
f 1319//1319 1337//1337 1338//1338
f 1319//1319 1338//1338 1320//1320
f 1320//1320 1338//1338 1339//1339
f 1320//1320 1339//1339 1321//1321
f 1321//1321 1339//1339 1340//1340
f 1321//1321 1340//1340 1322//1322
f 1322//1322 1340//1340 1341//1341
f 1322//1322 1341//1341 1323//1323
f 1323//1323 1341//1341 1342//1342
f 1323//1323 1342//1342 1324//1324
f 1324//1324 1342//1342 1343//1343
f 1324//1324 1343//1343 1325//1325
f 1325//1325 1343//1343 1344//1344
f 1325//1325 1344//1344 1326//1326
f 1326//1326 1344//1344 1345//1345
f 1326//1326 1345//1345 1327//1327
f 1327//1327 1345//1345 1346//1346
f 1327//1327 1346//1346 1328//1328
f 1328//1328 1346//1346 1347//1347
f 1328//1328 1347//1347 1329//1329
f 1329//1329 1347//1347 1348//1348
f 1329//1329 1348//1348 1330//1330
f 1330//1330 1348//1348 1349//1349
f 1331//1331 1350//1350 1332//1332
f 1332//1332 1350//1350 1351//1351
f 1332//1332 1351//1351 1333//1333
f 1333//1333 1351//1351 1352//1352
f 1333//1333 1352//1352 1334//1334
f 1334//1334 1352//1352 1353//1353
f 1334//1334 1353//1353 1335//1335
f 1335//1335 1353//1353 1354//1354
f 1335//1335 1354//1354 1336//1336
f 1336//1336 1354//1354 1355//1355
f 1336//1336 1355//1355 1337//1337
f 1337//1337 1355//1355 1356//1356
f 1337//1337 1356//1356 1338//1338
f 1338//1338 1356//1356 1357//1357
f 1338//1338 1357//1357 1339//1339
f 1339//1339 1357//1357 1358//1358
f 1339//1339 1358//1358 1340//1340
f 1340//1340 1358//1358 1359//1359
f 1340//1340 1359//1359 1341//1341
f 1341//1341 1359//1359 1360//1360
f 1341//1341 1360//1360 1342//1342
f 1342//1342 1360//1360 1361//1361
f 1342//1342 1361//1361 1343//1343
f 1343//1343 1361//1361 1362//1362
f 1343//1343 1362//1362 1344//1344
f 1344//1344 1362//1362 1363//1363
f 1344//1344 1363//1363 1345//1345
f 1345//1345 1363//1363 1364//1364
f 1345//1345 1364//1364 1346//1346
f 1346//1346 1364//1364 1365//1365
f 1346//1346 1365//1365 1347//1347
f 1347//1347 1365//1365 1366//1366
f 1347//1347 1366//1366 1348//1348
f 1348//1348 1366//1366 1367//1367
f 1348//1348 1367//1367 1349//1349
f 1349//1349 1367//1367 1368//1368
f 1350//1350 1369//1369 1351//1351
f 1351//1351 1369//1369 1370//1370
f 1351//1351 1370//1370 1352//1352
f 1352//1352 1370//1370 1371//1371
f 1352//1352 1371//1371 1353//1353
f 1353//1353 1371//1371 1372//1372
f 1353//1353 1372//1372 1354//1354
f 1354//1354 1372//1372 1373//1373
f 1354//1354 1373//1373 1355//1355
f 1355//1355 1373//1373 1374//1374
f 1355//1355 1374//1374 1356//1356
f 1356//1356 1374//1374 1375//1375
f 1356//1356 1375//1375 1357//1357
f 1357//1357 1375//1375 1376//1376
f 1357//1357 1376//1376 1358//1358
f 1358//1358 1376//1376 1377//1377
f 1358//1358 1377//1377 1359//1359
f 1359//1359 1377//1377 1378//1378
f 1359//1359 1378//1378 1360//1360
f 1360//1360 1378//1378 1379//1379
f 1360//1360 1379//1379 1361//1361
f 1361//1361 1379//1379 1380//1380
f 1361//1361 1380//1380 1362//1362
f 1362//1362 1380//1380 1381//1381
f 1362//1362 1381//1381 1363//1363
f 1363//1363 1381//1381 1382//1382
f 1363//1363 1382//1382 1364//1364
f 1364//1364 1382//1382 1383//1383
f 1364//1364 1383//1383 1365//1365
f 1365//1365 1383//1383 1384//1384
f 1365//1365 1384//1384 1366//1366
f 1366//1366 1384//1384 1385//1385
f 1366//1366 1385//1385 1367//1367
f 1367//1367 1385//1385 1386//1386
f 1367//1367 1386//1386 1368//1368
f 1368//1368 1386//1386 1387//1387
f 1369//1369 1388//1388 1370//1370
f 1370//1370 1388//1388 1389//1389
f 1370//1370 1389//1389 1371//1371
f 1371//1371 1389//1389 1390//1390
f 1371//1371 1390//1390 1372//1372
f 1372//1372 1390//1390 1391//1391
f 1372//1372 1391//1391 1373//1373
f 1373//1373 1391//1391 1392//1392
f 1373//1373 1392//1392 1374//1374
f 1374//1374 1392//1392 1393//1393
f 1374//1374 1393//1393 1375//1375
f 1375//1375 1393//1393 1394//1394
f 1375//1375 1394//1394 1376//1376
f 1376//1376 1394//1394 1395//1395
f 1376//1376 1395//1395 1377//1377
f 1377//1377 1395//1395 1396//1396
f 1377//1377 1396//1396 1378//1378
f 1378//1378 1396//1396 1397//1397
f 1378//1378 1397//1397 1379//1379
f 1379//1379 1397//1397 1398//1398
f 1379//1379 1398//1398 1380//1380
f 1380//1380 1398//1398 1399//1399
f 1380//1380 1399//1399 1381//1381
f 1381//1381 1399//1399 1400//1400
f 1381//1381 1400//1400 1382//1382
f 1382//1382 1400//1400 1401//1401
f 1382//1382 1401//1401 1383//1383
f 1383//1383 1401//1401 1402//1402
f 1383//1383 1402//1402 1384//1384
f 1384//1384 1402//1402 1403//1403
f 1384//1384 1403//1403 1385//1385
f 1385//1385 1403//1403 1404//1404
f 1385//1385 1404//1404 1386//1386
f 1386//1386 1404//1404 1405//1405
f 1386//1386 1405//1405 1387//1387
f 1387//1387 1405//1405 1406//1406
f 1388//1388 1407//1407 1389//1389
f 1389//1389 1407//1407 1408//1408
f 1389//1389 1408//1408 1390//1390
f 1390//1390 1408//1408 1409//1409
f 1390//1390 1409//1409 1391//1391
f 1391//1391 1409//1409 1410//1410
f 1391//1391 1410//1410 1392//1392
f 1392//1392 1410//1410 1411//1411
f 1392//1392 1411//1411 1393//1393
f 1393//1393 1411//1411 1412//1412
f 1393//1393 1412//1412 1394//1394
f 1394//1394 1412//1412 1413//1413
f 1394//1394 1413//1413 1395//1395
f 1395//1395 1413//1413 1414//1414
f 1395//1395 1414//1414 1396//1396
f 1396//1396 1414//1414 1415//1415
f 1396//1396 1415//1415 1397//1397
f 1397//1397 1415//1415 1416//1416
f 1397//1397 1416//1416 1398//1398
f 1398//1398 1416//1416 1417//1417
f 1398//1398 1417//1417 1399//1399
f 1399//1399 1417//1417 1418//1418
f 1399//1399 1418//1418 1400//1400
f 1400//1400 1418//1418 1419//1419
f 1400//1400 1419//1419 1401//1401
f 1401//1401 1419//1419 1420//1420
f 1401//1401 1420//1420 1402//1402
f 1402//1402 1420//1420 1421//1421
f 1402//1402 1421//1421 1403//1403
f 1403//1403 1421//1421 1422//1422
f 1403//1403 1422//1422 1404//1404
f 1404//1404 1422//1422 1423//1423
f 1404//1404 1423//1423 1405//1405
f 1405//1405 1423//1423 1424//1424
f 1405//1405 1424//1424 1406//1406
f 1406//1406 1424//1424 1425//1425
f 1407//1407 1426//1426 1408//1408
f 1408//1408 1426//1426 1427//1427
f 1408//1408 1427//1427 1409//1409
f 1409//1409 1427//1427 1428//1428
f 1409//1409 1428//1428 1410//1410
f 1410//1410 1428//1428 1429//1429
f 1410//1410 1429//1429 1411//1411
f 1411//1411 1429//1429 1430//1430
f 1411//1411 1430//1430 1412//1412
f 1412//1412 1430//1430 1431//1431
f 1412//1412 1431//1431 1413//1413
f 1413//1413 1431//1431 1432//1432
f 1413//1413 1432//1432 1414//1414
f 1414//1414 1432//1432 1433//1433
f 1414//1414 1433//1433 1415//1415
f 1415//1415 1433//1433 1434//1434
f 1415//1415 1434//1434 1416//1416
f 1416//1416 1434//1434 1435//1435
f 1416//1416 1435//1435 1417//1417
f 1417//1417 1435//1435 1436//1436
f 1417//1417 1436//1436 1418//1418
f 1418//1418 1436//1436 1437//1437
f 1418//1418 1437//1437 1419//1419
f 1419//1419 1437//1437 1438//1438
f 1419//1419 1438//1438 1420//1420
f 1420//1420 1438//1438 1439//1439
f 1420//1420 1439//1439 1421//1421
f 1421//1421 1439//1439 1440//1440
f 1421//1421 1440//1440 1422//1422
f 1422//1422 1440//1440 1441//1441
f 1422//1422 1441//1441 1423//1423
f 1423//1423 1441//1441 1442//1442
f 1423//1423 1442//1442 1424//1424
f 1424//1424 1442//1442 1443//1443
f 1424//1424 1443//1443 1425//1425
f 1425//1425 1443//1443 1444//1444
f 1426//1426 1445//1445 1427//1427
f 1427//1427 1445//1445 1446//1446
f 1427//1427 1446//1446 1428//1428
f 1428//1428 1446//1446 1447//1447
f 1428//1428 1447//1447 1429//1429
f 1429//1429 1447//1447 1448//1448
f 1429//1429 1448//1448 1430//1430
f 1430//1430 1448//1448 1449//1449
f 1430//1430 1449//1449 1431//1431
f 1431//1431 1449//1449 1450//1450
f 1431//1431 1450//1450 1432//1432
f 1432//1432 1450//1450 1451//1451
f 1432//1432 1451//1451 1433//1433
f 1433//1433 1451//1451 1452//1452
f 1433//1433 1452//1452 1434//1434
f 1434//1434 1452//1452 1453//1453
f 1434//1434 1453//1453 1435//1435
f 1435//1435 1453//1453 1454//1454
f 1435//1435 1454//1454 1436//1436
f 1436//1436 1454//1454 1455//1455
f 1436//1436 1455//1455 1437//1437
f 1437//1437 1455//1455 1456//1456
f 1437//1437 1456//1456 1438//1438
f 1438//1438 1456//1456 1457//1457
f 1438//1438 1457//1457 1439//1439
f 1439//1439 1457//1457 1458//1458
f 1439//1439 1458//1458 1440//1440
f 1440//1440 1458//1458 1459//1459
f 1440//1440 1459//1459 1441//1441
f 1441//1441 1459//1459 1460//1460
f 1441//1441 1460//1460 1442//1442
f 1442//1442 1460//1460 1461//1461
f 1442//1442 1461//1461 1443//1443
f 1443//1443 1461//1461 1462//1462
f 1443//1443 1462//1462 1444//1444
f 1444//1444 1462//1462 1463//1463
f 1445//1445 1464//1464 1446//1446
f 1446//1446 1464//1464 1465//1465
f 1446//1446 1465//1465 1447//1447
f 1447//1447 1465//1465 1466//1466
f 1447//1447 1466//1466 1448//1448
f 1448//1448 1466//1466 1467//1467
f 1448//1448 1467//1467 1449//1449
f 1449//1449 1467//1467 1468//1468
f 1449//1449 1468//1468 1450//1450
f 1450//1450 1468//1468 1469//1469
f 1450//1450 1469//1469 1451//1451
f 1451//1451 1469//1469 1470//1470
f 1451//1451 1470//1470 1452//1452
f 1452//1452 1470//1470 1471//1471
f 1452//1452 1471//1471 1453//1453
f 1453//1453 1471//1471 1472//1472
f 1453//1453 1472//1472 1454//1454
f 1454//1454 1472//1472 1473//1473
f 1454//1454 1473//1473 1455//1455
f 1455//1455 1473//1473 1474//1474
f 1455//1455 1474//1474 1456//1456
f 1456//1456 1474//1474 1475//1475
f 1456//1456 1475//1475 1457//1457
f 1457//1457 1475//1475 1476//1476
f 1457//1457 1476//1476 1458//1458
f 1458//1458 1476//1476 1477//1477
f 1458//1458 1477//1477 1459//1459
f 1459//1459 1477//1477 1478//1478
f 1459//1459 1478//1478 1460//1460
f 1460//1460 1478//1478 1479//1479
f 1460//1460 1479//1479 1461//1461
f 1461//1461 1479//1479 1480//1480
f 1461//1461 1480//1480 1462//1462
f 1462//1462 1480//1480 1481//1481
f 1462//1462 1481//1481 1463//1463
f 1463//1463 1481//1481 1482//1482
f 1464//1464 1483//1483 1465//1465
f 1465//1465 1483//1483 1484//1484
f 1465//1465 1484//1484 1466//1466
f 1466//1466 1484//1484 1485//1485
f 1466//1466 1485//1485 1467//1467
f 1467//1467 1485//1485 1486//1486
f 1467//1467 1486//1486 1468//1468
f 1468//1468 1486//1486 1487//1487
f 1468//1468 1487//1487 1469//1469
f 1469//1469 1487//1487 1488//1488
f 1469//1469 1488//1488 1470//1470
f 1470//1470 1488//1488 1489//1489
f 1470//1470 1489//1489 1471//1471
f 1471//1471 1489//1489 1490//1490
f 1471//1471 1490//1490 1472//1472
f 1472//1472 1490//1490 1491//1491
f 1472//1472 1491//1491 1473//1473
f 1473//1473 1491//1491 1492//1492
f 1473//1473 1492//1492 1474//1474
f 1474//1474 1492//1492 1493//1493
f 1474//1474 1493//1493 1475//1475
f 1475//1475 1493//1493 1494//1494
f 1475//1475 1494//1494 1476//1476
f 1476//1476 1494//1494 1495//1495
f 1476//1476 1495//1495 1477//1477
f 1477//1477 1495//1495 1496//1496
f 1477//1477 1496//1496 1478//1478
f 1478//1478 1496//1496 1497//1497
f 1478//1478 1497//1497 1479//1479
f 1479//1479 1497//1497 1498//1498
f 1479//1479 1498//1498 1480//1480
f 1480//1480 1498//1498 1499//1499
f 1480//1480 1499//1499 1481//1481
f 1481//1481 1499//1499 1500//1500
f 1481//1481 1500//1500 1482//1482
f 1482//1482 1500//1500 1501//1501
f 1483//1483 1502//1502 1484//1484
f 1484//1484 1502//1502 1503//1503
f 1484//1484 1503//1503 1485//1485
f 1485//1485 1503//1503 1504//1504
f 1485//1485 1504//1504 1486//1486
f 1486//1486 1504//1504 1505//1505
f 1486//1486 1505//1505 1487//1487
f 1487//1487 1505//1505 1506//1506
f 1487//1487 1506//1506 1488//1488
f 1488//1488 1506//1506 1507//1507
f 1488//1488 1507//1507 1489//1489
f 1489//1489 1507//1507 1508//1508
f 1489//1489 1508//1508 1490//1490
f 1490//1490 1508//1508 1509//1509
f 1490//1490 1509//1509 1491//1491
f 1491//1491 1509//1509 1510//1510
f 1491//1491 1510//1510 1492//1492
f 1492//1492 1510//1510 1511//1511
f 1492//1492 1511//1511 1493//1493
f 1493//1493 1511//1511 1512//1512
f 1493//1493 1512//1512 1494//1494
f 1494//1494 1512//1512 1513//1513
f 1494//1494 1513//1513 1495//1495
f 1495//1495 1513//1513 1514//1514
f 1495//1495 1514//1514 1496//1496
f 1496//1496 1514//1514 1515//1515
f 1496//1496 1515//1515 1497//1497
f 1497//1497 1515//1515 1516//1516
f 1497//1497 1516//1516 1498//1498
f 1498//1498 1516//1516 1517//1517
f 1498//1498 1517//1517 1499//1499
f 1499//1499 1517//1517 1518//1518
f 1499//1499 1518//1518 1500//1500
f 1500//1500 1518//1518 1519//1519
f 1500//1500 1519//1519 1501//1501
f 1501//1501 1519//1519 1520//1520
f 1502//1502 1521//1521 1503//1503
f 1503//1503 1521//1521 1522//1522
f 1503//1503 1522//1522 1504//1504
f 1504//1504 1522//1522 1523//1523
f 1504//1504 1523//1523 1505//1505
f 1505//1505 1523//1523 1524//1524
f 1505//1505 1524//1524 1506//1506
f 1506//1506 1524//1524 1525//1525
f 1506//1506 1525//1525 1507//1507
f 1507//1507 1525//1525 1526//1526
f 1507//1507 1526//1526 1508//1508
f 1508//1508 1526//1526 1527//1527
f 1508//1508 1527//1527 1509//1509
f 1509//1509 1527//1527 1528//1528
f 1509//1509 1528//1528 1510//1510
f 1510//1510 1528//1528 1529//1529
f 1510//1510 1529//1529 1511//1511
f 1511//1511 1529//1529 1530//1530
f 1511//1511 1530//1530 1512//1512
f 1512//1512 1530//1530 1531//1531
f 1512//1512 1531//1531 1513//1513
f 1513//1513 1531//1531 1532//1532
f 1513//1513 1532//1532 1514//1514
f 1514//1514 1532//1532 1533//1533
f 1514//1514 1533//1533 1515//1515
f 1515//1515 1533//1533 1534//1534
f 1515//1515 1534//1534 1516//1516
f 1516//1516 1534//1534 1535//1535
f 1516//1516 1535//1535 1517//1517
f 1517//1517 1535//1535 1536//1536
f 1517//1517 1536//1536 1518//1518
f 1518//1518 1536//1536 1537//1537
f 1518//1518 1537//1537 1519//1519
f 1519//1519 1537//1537 1538//1538
f 1519//1519 1538//1538 1520//1520
f 1520//1520 1538//1538 1539//1539
f 1521//1521 1540//1540 1522//1522
f 1522//1522 1540//1540 1541//1541
f 1522//1522 1541//1541 1523//1523
f 1523//1523 1541//1541 1542//1542
f 1523//1523 1542//1542 1524//1524
f 1524//1524 1542//1542 1543//1543
f 1524//1524 1543//1543 1525//1525
f 1525//1525 1543//1543 1544//1544
f 1525//1525 1544//1544 1526//1526
f 1526//1526 1544//1544 1545//1545
f 1526//1526 1545//1545 1527//1527
f 1527//1527 1545//1545 1546//1546
f 1527//1527 1546//1546 1528//1528
f 1528//1528 1546//1546 1547//1547
f 1528//1528 1547//1547 1529//1529
f 1529//1529 1547//1547 1548//1548
f 1529//1529 1548//1548 1530//1530
f 1530//1530 1548//1548 1549//1549
f 1530//1530 1549//1549 1531//1531
f 1531//1531 1549//1549 1550//1550
f 1531//1531 1550//1550 1532//1532
f 1532//1532 1550//1550 1551//1551
f 1532//1532 1551//1551 1533//1533
f 1533//1533 1551//1551 1552//1552
f 1533//1533 1552//1552 1534//1534
f 1534//1534 1552//1552 1553//1553
f 1534//1534 1553//1553 1535//1535
f 1535//1535 1553//1553 1554//1554
f 1535//1535 1554//1554 1536//1536
f 1536//1536 1554//1554 1555//1555
f 1536//1536 1555//1555 1537//1537
f 1537//1537 1555//1555 1556//1556
f 1537//1537 1556//1556 1538//1538
f 1538//1538 1556//1556 1557//1557
f 1538//1538 1557//1557 1539//1539
f 1539//1539 1557//1557 1558//1558
f 1540//1540 1559//1559 1541//1541
f 1541//1541 1559//1559 1560//1560
f 1541//1541 1560//1560 1542//1542
f 1542//1542 1560//1560 1561//1561
f 1542//1542 1561//1561 1543//1543
f 1543//1543 1561//1561 1562//1562
f 1543//1543 1562//1562 1544//1544
f 1544//1544 1562//1562 1563//1563
f 1544//1544 1563//1563 1545//1545
f 1545//1545 1563//1563 1564//1564
f 1545//1545 1564//1564 1546//1546
f 1546//1546 1564//1564 1565//1565
f 1546//1546 1565//1565 1547//1547
f 1547//1547 1565//1565 1566//1566
f 1547//1547 1566//1566 1548//1548
f 1548//1548 1566//1566 1567//1567
f 1548//1548 1567//1567 1549//1549
f 1549//1549 1567//1567 1568//1568
f 1549//1549 1568//1568 1550//1550
f 1550//1550 1568//1568 1569//1569
f 1550//1550 1569//1569 1551//1551
f 1551//1551 1569//1569 1570//1570
f 1551//1551 1570//1570 1552//1552
f 1552//1552 1570//1570 1571//1571
f 1552//1552 1571//1571 1553//1553
f 1553//1553 1571//1571 1572//1572
f 1553//1553 1572//1572 1554//1554
f 1554//1554 1572//1572 1573//1573
f 1554//1554 1573//1573 1555//1555
f 1555//1555 1573//1573 1574//1574
f 1555//1555 1574//1574 1556//1556
f 1556//1556 1574//1574 1575//1575
f 1556//1556 1575//1575 1557//1557
f 1557//1557 1575//1575 1576//1576
f 1557//1557 1576//1576 1558//1558
f 1558//1558 1576//1576 1577//1577
f 1559//1559 1578//1578 1560//1560
f 1560//1560 1578//1578 1579//1579
f 1560//1560 1579//1579 1561//1561
f 1561//1561 1579//1579 1580//1580
f 1561//1561 1580//1580 1562//1562
f 1562//1562 1580//1580 1581//1581
f 1562//1562 1581//1581 1563//1563
f 1563//1563 1581//1581 1582//1582
f 1563//1563 1582//1582 1564//1564
f 1564//1564 1582//1582 1583//1583
f 1564//1564 1583//1583 1565//1565
f 1565//1565 1583//1583 1584//1584
f 1565//1565 1584//1584 1566//1566
f 1566//1566 1584//1584 1585//1585
f 1566//1566 1585//1585 1567//1567
f 1567//1567 1585//1585 1586//1586
f 1567//1567 1586//1586 1568//1568
f 1568//1568 1586//1586 1587//1587
f 1568//1568 1587//1587 1569//1569
f 1569//1569 1587//1587 1588//1588
f 1569//1569 1588//1588 1570//1570
f 1570//1570 1588//1588 1589//1589
f 1570//1570 1589//1589 1571//1571
f 1571//1571 1589//1589 1590//1590
f 1571//1571 1590//1590 1572//1572
f 1572//1572 1590//1590 1591//1591
f 1572//1572 1591//1591 1573//1573
f 1573//1573 1591//1591 1592//1592
f 1573//1573 1592//1592 1574//1574
f 1574//1574 1592//1592 1593//1593
f 1574//1574 1593//1593 1575//1575
f 1575//1575 1593//1593 1594//1594
f 1575//1575 1594//1594 1576//1576
f 1576//1576 1594//1594 1595//1595
f 1576//1576 1595//1595 1577//1577
f 1577//1577 1595//1595 1596//1596
f 1578//1578 1597//1597 1579//1579
f 1579//1579 1597//1597 1598//1598
f 1579//1579 1598//1598 1580//1580
f 1580//1580 1598//1598 1599//1599
f 1580//1580 1599//1599 1581//1581
f 1581//1581 1599//1599 1600//1600
f 1581//1581 1600//1600 1582//1582
f 1582//1582 1600//1600 1601//1601
f 1582//1582 1601//1601 1583//1583
f 1583//1583 1601//1601 1602//1602
f 1583//1583 1602//1602 1584//1584
f 1584//1584 1602//1602 1603//1603
f 1584//1584 1603//1603 1585//1585
f 1585//1585 1603//1603 1604//1604
f 1585//1585 1604//1604 1586//1586
f 1586//1586 1604//1604 1605//1605
f 1586//1586 1605//1605 1587//1587
f 1587//1587 1605//1605 1606//1606
f 1587//1587 1606//1606 1588//1588
f 1588//1588 1606//1606 1607//1607
f 1588//1588 1607//1607 1589//1589
f 1589//1589 1607//1607 1608//1608
f 1589//1589 1608//1608 1590//1590
f 1590//1590 1608//1608 1609//1609
f 1590//1590 1609//1609 1591//1591
f 1591//1591 1609//1609 1610//1610
f 1591//1591 1610//1610 1592//1592
f 1592//1592 1610//1610 1611//1611
f 1592//1592 1611//1611 1593//1593
f 1593//1593 1611//1611 1612//1612
f 1593//1593 1612//1612 1594//1594
f 1594//1594 1612//1612 1613//1613
f 1594//1594 1613//1613 1595//1595
f 1595//1595 1613//1613 1614//1614
f 1595//1595 1614//1614 1596//1596
f 1596//1596 1614//1614 1615//1615
f 1597//1597 1616//1616 1598//1598
f 1598//1598 1616//1616 1617//1617
f 1598//1598 1617//1617 1599//1599
f 1599//1599 1617//1617 1618//1618
f 1599//1599 1618//1618 1600//1600
f 1600//1600 1618//1618 1619//1619
f 1600//1600 1619//1619 1601//1601
f 1601//1601 1619//1619 1620//1620
f 1601//1601 1620//1620 1602//1602
f 1602//1602 1620//1620 1621//1621
f 1602//1602 1621//1621 1603//1603
f 1603//1603 1621//1621 1622//1622
f 1603//1603 1622//1622 1604//1604
f 1604//1604 1622//1622 1623//1623
f 1604//1604 1623//1623 1605//1605
f 1605//1605 1623//1623 1624//1624
f 1605//1605 1624//1624 1606//1606
f 1606//1606 1624//1624 1625//1625
f 1606//1606 1625//1625 1607//1607
f 1607//1607 1625//1625 1626//1626
f 1607//1607 1626//1626 1608//1608
f 1608//1608 1626//1626 1627//1627
f 1608//1608 1627//1627 1609//1609
f 1609//1609 1627//1627 1628//1628
f 1609//1609 1628//1628 1610//1610
f 1610//1610 1628//1628 1629//1629
f 1610//1610 1629//1629 1611//1611
f 1611//1611 1629//1629 1630//1630
f 1611//1611 1630//1630 1612//1612
f 1612//1612 1630//1630 1631//1631
f 1612//1612 1631//1631 1613//1613
f 1613//1613 1631//1631 1632//1632
f 1613//1613 1632//1632 1614//1614
f 1614//1614 1632//1632 1633//1633
f 1614//1614 1633//1633 1615//1615
f 1615//1615 1633//1633 1634//1634
f 1616//1616 1635//1635 1617//1617
f 1617//1617 1635//1635 1636//1636
f 1617//1617 1636//1636 1618//1618
f 1618//1618 1636//1636 1637//1637
f 1618//1618 1637//1637 1619//1619
f 1619//1619 1637//1637 1638//1638
f 1619//1619 1638//1638 1620//1620
f 1620//1620 1638//1638 1639//1639
f 1620//1620 1639//1639 1621//1621
f 1621//1621 1639//1639 1640//1640
f 1621//1621 1640//1640 1622//1622
f 1622//1622 1640//1640 1641//1641
f 1622//1622 1641//1641 1623//1623
f 1623//1623 1641//1641 1642//1642
f 1623//1623 1642//1642 1624//1624
f 1624//1624 1642//1642 1643//1643
f 1624//1624 1643//1643 1625//1625
f 1625//1625 1643//1643 1644//1644
f 1625//1625 1644//1644 1626//1626
f 1626//1626 1644//1644 1645//1645
f 1626//1626 1645//1645 1627//1627
f 1627//1627 1645//1645 1646//1646
f 1627//1627 1646//1646 1628//1628
f 1628//1628 1646//1646 1647//1647
f 1628//1628 1647//1647 1629//1629
f 1629//1629 1647//1647 1648//1648
f 1629//1629 1648//1648 1630//1630
f 1630//1630 1648//1648 1649//1649
f 1630//1630 1649//1649 1631//1631
f 1631//1631 1649//1649 1650//1650
f 1631//1631 1650//1650 1632//1632
f 1632//1632 1650//1650 1651//1651
f 1632//1632 1651//1651 1633//1633
f 1633//1633 1651//1651 1652//1652
f 1633//1633 1652//1652 1634//1634
f 1634//1634 1652//1652 1653//1653
f 1635//1635 1654//1654 1636//1636
f 1636//1636 1654//1654 1655//1655
f 1636//1636 1655//1655 1637//1637
f 1637//1637 1655//1655 1656//1656
f 1637//1637 1656//1656 1638//1638
f 1638//1638 1656//1656 1657//1657
f 1638//1638 1657//1657 1639//1639
f 1639//1639 1657//1657 1658//1658
f 1639//1639 1658//1658 1640//1640
f 1640//1640 1658//1658 1659//1659
f 1640//1640 1659//1659 1641//1641
f 1641//1641 1659//1659 1660//1660
f 1641//1641 1660//1660 1642//1642
f 1642//1642 1660//1660 1661//1661
f 1642//1642 1661//1661 1643//1643
f 1643//1643 1661//1661 1662//1662
f 1643//1643 1662//1662 1644//1644
f 1644//1644 1662//1662 1663//1663
f 1644//1644 1663//1663 1645//1645
f 1645//1645 1663//1663 1664//1664
f 1645//1645 1664//1664 1646//1646
f 1646//1646 1664//1664 1665//1665
f 1646//1646 1665//1665 1647//1647
f 1647//1647 1665//1665 1666//1666
f 1647//1647 1666//1666 1648//1648
f 1648//1648 1666//1666 1667//1667
f 1648//1648 1667//1667 1649//1649
f 1649//1649 1667//1667 1668//1668
f 1649//1649 1668//1668 1650//1650
f 1650//1650 1668//1668 1669//1669
f 1650//1650 1669//1669 1651//1651
f 1651//1651 1669//1669 1670//1670
f 1651//1651 1670//1670 1652//1652
f 1652//1652 1670//1670 1671//1671
f 1652//1652 1671//1671 1653//1653
f 1653//1653 1671//1671 1672//1672
f 1654//1654 1673//1673 1655//1655
f 1655//1655 1673//1673 1674//1674
f 1655//1655 1674//1674 1656//1656
f 1656//1656 1674//1674 1675//1675
f 1656//1656 1675//1675 1657//1657
f 1657//1657 1675//1675 1676//1676
f 1657//1657 1676//1676 1658//1658
f 1658//1658 1676//1676 1677//1677
f 1658//1658 1677//1677 1659//1659
f 1659//1659 1677//1677 1678//1678
f 1659//1659 1678//1678 1660//1660
f 1660//1660 1678//1678 1679//1679
f 1660//1660 1679//1679 1661//1661
f 1661//1661 1679//1679 1680//1680
f 1661//1661 1680//1680 1662//1662
f 1662//1662 1680//1680 1681//1681
f 1662//1662 1681//1681 1663//1663
f 1663//1663 1681//1681 1682//1682
f 1663//1663 1682//1682 1664//1664
f 1664//1664 1682//1682 1683//1683
f 1664//1664 1683//1683 1665//1665
f 1665//1665 1683//1683 1684//1684
f 1665//1665 1684//1684 1666//1666
f 1666//1666 1684//1684 1685//1685
f 1666//1666 1685//1685 1667//1667
f 1667//1667 1685//1685 1686//1686
f 1667//1667 1686//1686 1668//1668
f 1668//1668 1686//1686 1687//1687
f 1668//1668 1687//1687 1669//1669
f 1669//1669 1687//1687 1688//1688
f 1669//1669 1688//1688 1670//1670
f 1670//1670 1688//1688 1689//1689
f 1670//1670 1689//1689 1671//1671
f 1671//1671 1689//1689 1690//1690
f 1671//1671 1690//1690 1672//1672
f 1672//1672 1690//1690 1691//1691
f 1673//1673 1692//1692 1674//1674
f 1674//1674 1692//1692 1693//1693
f 1674//1674 1693//1693 1675//1675
f 1675//1675 1693//1693 1694//1694
f 1675//1675 1694//1694 1676//1676
f 1676//1676 1694//1694 1695//1695
f 1676//1676 1695//1695 1677//1677
f 1677//1677 1695//1695 1696//1696
f 1677//1677 1696//1696 1678//1678
f 1678//1678 1696//1696 1697//1697
f 1678//1678 1697//1697 1679//1679
f 1679//1679 1697//1697 1698//1698
f 1679//1679 1698//1698 1680//1680
f 1680//1680 1698//1698 1699//1699
f 1680//1680 1699//1699 1681//1681
f 1681//1681 1699//1699 1700//1700
f 1681//1681 1700//1700 1682//1682
f 1682//1682 1700//1700 1701//1701
f 1682//1682 1701//1701 1683//1683
f 1683//1683 1701//1701 1702//1702
f 1683//1683 1702//1702 1684//1684
f 1684//1684 1702//1702 1703//1703
f 1684//1684 1703//1703 1685//1685
f 1685//1685 1703//1703 1704//1704
f 1685//1685 1704//1704 1686//1686
f 1686//1686 1704//1704 1705//1705
f 1686//1686 1705//1705 1687//1687
f 1687//1687 1705//1705 1706//1706
f 1687//1687 1706//1706 1688//1688
f 1688//1688 1706//1706 1707//1707
f 1688//1688 1707//1707 1689//1689
f 1689//1689 1707//1707 1708//1708
f 1689//1689 1708//1708 1690//1690
f 1690//1690 1708//1708 1709//1709
f 1690//1690 1709//1709 1691//1691
f 1691//1691 1709//1709 1710//1710
f 1692//1692 1711//1711 1693//1693
f 1693//1693 1711//1711 1712//1712
f 1693//1693 1712//1712 1694//1694
f 1694//1694 1712//1712 1713//1713
f 1694//1694 1713//1713 1695//1695
f 1695//1695 1713//1713 1714//1714
f 1695//1695 1714//1714 1696//1696
f 1696//1696 1714//1714 1715//1715
f 1696//1696 1715//1715 1697//1697
f 1697//1697 1715//1715 1716//1716
f 1697//1697 1716//1716 1698//1698
f 1698//1698 1716//1716 1717//1717
f 1698//1698 1717//1717 1699//1699
f 1699//1699 1717//1717 1718//1718
f 1699//1699 1718//1718 1700//1700
f 1700//1700 1718//1718 1719//1719
f 1700//1700 1719//1719 1701//1701
f 1701//1701 1719//1719 1720//1720
f 1701//1701 1720//1720 1702//1702
f 1702//1702 1720//1720 1721//1721
f 1702//1702 1721//1721 1703//1703
f 1703//1703 1721//1721 1722//1722
f 1703//1703 1722//1722 1704//1704
f 1704//1704 1722//1722 1723//1723
f 1704//1704 1723//1723 1705//1705
f 1705//1705 1723//1723 1724//1724
f 1705//1705 1724//1724 1706//1706
f 1706//1706 1724//1724 1725//1725
f 1706//1706 1725//1725 1707//1707
f 1707//1707 1725//1725 1726//1726
f 1707//1707 1726//1726 1708//1708
f 1708//1708 1726//1726 1727//1727
f 1708//1708 1727//1727 1709//1709
f 1709//1709 1727//1727 1728//1728
f 1709//1709 1728//1728 1710//1710
f 1710//1710 1728//1728 1729//1729
f 1711//1711 1730//1730 1712//1712
f 1712//1712 1730//1730 1731//1731
f 1712//1712 1731//1731 1713//1713
f 1713//1713 1731//1731 1732//1732
f 1713//1713 1732//1732 1714//1714
f 1714//1714 1732//1732 1733//1733
f 1714//1714 1733//1733 1715//1715
f 1715//1715 1733//1733 1734//1734
f 1715//1715 1734//1734 1716//1716
f 1716//1716 1734//1734 1735//1735
f 1716//1716 1735//1735 1717//1717
f 1717//1717 1735//1735 1736//1736
f 1717//1717 1736//1736 1718//1718
f 1718//1718 1736//1736 1737//1737
f 1718//1718 1737//1737 1719//1719
f 1719//1719 1737//1737 1738//1738
f 1719//1719 1738//1738 1720//1720
f 1720//1720 1738//1738 1739//1739
f 1720//1720 1739//1739 1721//1721
f 1721//1721 1739//1739 1740//1740
f 1721//1721 1740//1740 1722//1722
f 1722//1722 1740//1740 1741//1741
f 1722//1722 1741//1741 1723//1723
f 1723//1723 1741//1741 1742//1742
f 1723//1723 1742//1742 1724//1724
f 1724//1724 1742//1742 1743//1743
f 1724//1724 1743//1743 1725//1725
f 1725//1725 1743//1743 1744//1744
f 1725//1725 1744//1744 1726//1726
f 1726//1726 1744//1744 1745//1745
f 1726//1726 1745//1745 1727//1727
f 1727//1727 1745//1745 1746//1746
f 1727//1727 1746//1746 1728//1728
f 1728//1728 1746//1746 1747//1747
f 1728//1728 1747//1747 1729//1729
f 1729//1729 1747//1747 1748//1748
f 1730//1730 1749//1749 1731//1731
f 1731//1731 1749//1749 1750//1750
f 1731//1731 1750//1750 1732//1732
f 1732//1732 1750//1750 1751//1751
f 1732//1732 1751//1751 1733//1733
f 1733//1733 1751//1751 1752//1752
f 1733//1733 1752//1752 1734//1734
f 1734//1734 1752//1752 1753//1753
f 1734//1734 1753//1753 1735//1735
f 1735//1735 1753//1753 1754//1754
f 1735//1735 1754//1754 1736//1736
f 1736//1736 1754//1754 1755//1755
f 1736//1736 1755//1755 1737//1737
f 1737//1737 1755//1755 1756//1756
f 1737//1737 1756//1756 1738//1738
f 1738//1738 1756//1756 1757//1757
f 1738//1738 1757//1757 1739//1739
f 1739//1739 1757//1757 1758//1758
f 1739//1739 1758//1758 1740//1740
f 1740//1740 1758//1758 1759//1759
f 1740//1740 1759//1759 1741//1741
f 1741//1741 1759//1759 1760//1760
f 1741//1741 1760//1760 1742//1742
f 1742//1742 1760//1760 1761//1761
f 1742//1742 1761//1761 1743//1743
f 1743//1743 1761//1761 1762//1762
f 1743//1743 1762//1762 1744//1744
f 1744//1744 1762//1762 1763//1763
f 1744//1744 1763//1763 1745//1745
f 1745//1745 1763//1763 1764//1764
f 1745//1745 1764//1764 1746//1746
f 1746//1746 1764//1764 1765//1765
f 1746//1746 1765//1765 1747//1747
f 1747//1747 1765//1765 1766//1766
f 1747//1747 1766//1766 1748//1748
f 1748//1748 1766//1766 1767//1767
f 1749//1749 1768//1768 1750//1750
f 1750//1750 1768//1768 1769//1769
f 1750//1750 1769//1769 1751//1751
f 1751//1751 1769//1769 1770//1770
f 1751//1751 1770//1770 1752//1752
f 1752//1752 1770//1770 1771//1771
f 1752//1752 1771//1771 1753//1753
f 1753//1753 1771//1771 1772//1772
f 1753//1753 1772//1772 1754//1754
f 1754//1754 1772//1772 1773//1773
f 1754//1754 1773//1773 1755//1755
f 1755//1755 1773//1773 1774//1774
f 1755//1755 1774//1774 1756//1756
f 1756//1756 1774//1774 1775//1775
f 1756//1756 1775//1775 1757//1757
f 1757//1757 1775//1775 1776//1776
f 1757//1757 1776//1776 1758//1758
f 1758//1758 1776//1776 1777//1777
f 1758//1758 1777//1777 1759//1759
f 1759//1759 1777//1777 1778//1778
f 1759//1759 1778//1778 1760//1760
f 1760//1760 1778//1778 1779//1779
f 1760//1760 1779//1779 1761//1761
f 1761//1761 1779//1779 1780//1780
f 1761//1761 1780//1780 1762//1762
f 1762//1762 1780//1780 1781//1781
f 1762//1762 1781//1781 1763//1763
f 1763//1763 1781//1781 1782//1782
f 1763//1763 1782//1782 1764//1764
f 1764//1764 1782//1782 1783//1783
f 1764//1764 1783//1783 1765//1765
f 1765//1765 1783//1783 1784//1784
f 1765//1765 1784//1784 1766//1766
f 1766//1766 1784//1784 1785//1785
f 1766//1766 1785//1785 1767//1767
f 1767//1767 1785//1785 1786//1786
f 1768//1768 1787//1787 1769//1769
f 1769//1769 1787//1787 1788//1788
f 1769//1769 1788//1788 1770//1770
f 1770//1770 1788//1788 1789//1789
f 1770//1770 1789//1789 1771//1771
f 1771//1771 1789//1789 1790//1790
f 1771//1771 1790//1790 1772//1772
f 1772//1772 1790//1790 1791//1791
f 1772//1772 1791//1791 1773//1773
f 1773//1773 1791//1791 1792//1792
f 1773//1773 1792//1792 1774//1774
f 1774//1774 1792//1792 1793//1793
f 1774//1774 1793//1793 1775//1775
f 1775//1775 1793//1793 1794//1794
f 1775//1775 1794//1794 1776//1776
f 1776//1776 1794//1794 1795//1795
f 1776//1776 1795//1795 1777//1777
f 1777//1777 1795//1795 1796//1796
f 1777//1777 1796//1796 1778//1778
f 1778//1778 1796//1796 1797//1797
f 1778//1778 1797//1797 1779//1779
f 1779//1779 1797//1797 1798//1798
f 1779//1779 1798//1798 1780//1780
f 1780//1780 1798//1798 1799//1799
f 1780//1780 1799//1799 1781//1781
f 1781//1781 1799//1799 1800//1800
f 1781//1781 1800//1800 1782//1782
f 1782//1782 1800//1800 1801//1801
f 1782//1782 1801//1801 1783//1783
f 1783//1783 1801//1801 1802//1802
f 1783//1783 1802//1802 1784//1784
f 1784//1784 1802//1802 1803//1803
f 1784//1784 1803//1803 1785//1785
f 1785//1785 1803//1803 1804//1804
f 1785//1785 1804//1804 1786//1786
f 1786//1786 1804//1804 1805//1805
f 1787//1787 1806//1806 1788//1788
f 1788//1788 1806//1806 1807//1807
f 1788//1788 1807//1807 1789//1789
f 1789//1789 1807//1807 1808//1808
f 1789//1789 1808//1808 1790//1790
f 1790//1790 1808//1808 1809//1809
f 1790//1790 1809//1809 1791//1791
f 1791//1791 1809//1809 1810//1810
f 1791//1791 1810//1810 1792//1792
f 1792//1792 1810//1810 1811//1811
f 1792//1792 1811//1811 1793//1793
f 1793//1793 1811//1811 1812//1812
f 1793//1793 1812//1812 1794//1794
f 1794//1794 1812//1812 1813//1813
f 1794//1794 1813//1813 1795//1795
f 1795//1795 1813//1813 1814//1814
f 1795//1795 1814//1814 1796//1796
f 1796//1796 1814//1814 1815//1815
f 1796//1796 1815//1815 1797//1797
f 1797//1797 1815//1815 1816//1816
f 1797//1797 1816//1816 1798//1798
f 1798//1798 1816//1816 1817//1817
f 1798//1798 1817//1817 1799//1799
f 1799//1799 1817//1817 1818//1818
f 1799//1799 1818//1818 1800//1800
f 1800//1800 1818//1818 1819//1819
f 1800//1800 1819//1819 1801//1801
f 1801//1801 1819//1819 1820//1820
f 1801//1801 1820//1820 1802//1802
f 1802//1802 1820//1820 1821//1821
f 1802//1802 1821//1821 1803//1803
f 1803//1803 1821//1821 1822//1822
f 1803//1803 1822//1822 1804//1804
f 1804//1804 1822//1822 1823//1823
f 1804//1804 1823//1823 1805//1805
f 1805//1805 1823//1823 1824//1824
f 1806//1806 1825//1825 1807//1807
f 1807//1807 1825//1825 1826//1826
f 1807//1807 1826//1826 1808//1808
f 1808//1808 1826//1826 1827//1827
f 1808//1808 1827//1827 1809//1809
f 1809//1809 1827//1827 1828//1828
f 1809//1809 1828//1828 1810//1810
f 1810//1810 1828//1828 1829//1829
f 1810//1810 1829//1829 1811//1811
f 1811//1811 1829//1829 1830//1830
f 1811//1811 1830//1830 1812//1812
f 1812//1812 1830//1830 1831//1831
f 1812//1812 1831//1831 1813//1813
f 1813//1813 1831//1831 1832//1832
f 1813//1813 1832//1832 1814//1814
f 1814//1814 1832//1832 1833//1833
f 1814//1814 1833//1833 1815//1815
f 1815//1815 1833//1833 1834//1834
f 1815//1815 1834//1834 1816//1816
f 1816//1816 1834//1834 1835//1835
f 1816//1816 1835//1835 1817//1817
f 1817//1817 1835//1835 1836//1836
f 1817//1817 1836//1836 1818//1818
f 1818//1818 1836//1836 1837//1837
f 1818//1818 1837//1837 1819//1819
f 1819//1819 1837//1837 1838//1838
f 1819//1819 1838//1838 1820//1820
f 1820//1820 1838//1838 1839//1839
f 1820//1820 1839//1839 1821//1821
f 1821//1821 1839//1839 1840//1840
f 1821//1821 1840//1840 1822//1822
f 1822//1822 1840//1840 1841//1841
f 1822//1822 1841//1841 1823//1823
f 1823//1823 1841//1841 1842//1842
f 1823//1823 1842//1842 1824//1824
f 1824//1824 1842//1842 1843//1843
f 1825//1825 1844//1844 1826//1826
f 1826//1826 1844//1844 1845//1845
f 1826//1826 1845//1845 1827//1827
f 1827//1827 1845//1845 1846//1846
f 1827//1827 1846//1846 1828//1828
f 1828//1828 1846//1846 1847//1847
f 1828//1828 1847//1847 1829//1829
f 1829//1829 1847//1847 1848//1848
f 1829//1829 1848//1848 1830//1830
f 1830//1830 1848//1848 1849//1849
f 1830//1830 1849//1849 1831//1831
f 1831//1831 1849//1849 1850//1850
f 1831//1831 1850//1850 1832//1832
f 1832//1832 1850//1850 1851//1851
f 1832//1832 1851//1851 1833//1833
f 1833//1833 1851//1851 1852//1852
f 1833//1833 1852//1852 1834//1834
f 1834//1834 1852//1852 1853//1853
f 1834//1834 1853//1853 1835//1835
f 1835//1835 1853//1853 1854//1854
f 1835//1835 1854//1854 1836//1836
f 1836//1836 1854//1854 1855//1855
f 1836//1836 1855//1855 1837//1837
f 1837//1837 1855//1855 1856//1856
f 1837//1837 1856//1856 1838//1838
f 1838//1838 1856//1856 1857//1857
f 1838//1838 1857//1857 1839//1839
f 1839//1839 1857//1857 1858//1858
f 1839//1839 1858//1858 1840//1840
f 1840//1840 1858//1858 1859//1859
f 1840//1840 1859//1859 1841//1841
f 1841//1841 1859//1859 1860//1860
f 1841//1841 1860//1860 1842//1842
f 1842//1842 1860//1860 1861//1861
f 1842//1842 1861//1861 1843//1843
f 1843//1843 1861//1861 1862//1862
f 1844//1844 1863//1863 1845//1845
f 1845//1845 1863//1863 1864//1864
f 1845//1845 1864//1864 1846//1846
f 1846//1846 1864//1864 1865//1865
f 1846//1846 1865//1865 1847//1847
f 1847//1847 1865//1865 1866//1866
f 1847//1847 1866//1866 1848//1848
f 1848//1848 1866//1866 1867//1867
f 1848//1848 1867//1867 1849//1849
f 1849//1849 1867//1867 1868//1868
f 1849//1849 1868//1868 1850//1850
f 1850//1850 1868//1868 1869//1869
f 1850//1850 1869//1869 1851//1851
f 1851//1851 1869//1869 1870//1870
f 1851//1851 1870//1870 1852//1852
f 1852//1852 1870//1870 1871//1871
f 1852//1852 1871//1871 1853//1853
f 1853//1853 1871//1871 1872//1872
f 1853//1853 1872//1872 1854//1854
f 1854//1854 1872//1872 1873//1873
f 1854//1854 1873//1873 1855//1855
f 1855//1855 1873//1873 1874//1874
f 1855//1855 1874//1874 1856//1856
f 1856//1856 1874//1874 1875//1875
f 1856//1856 1875//1875 1857//1857
f 1857//1857 1875//1875 1876//1876
f 1857//1857 1876//1876 1858//1858
f 1858//1858 1876//1876 1877//1877
f 1858//1858 1877//1877 1859//1859
f 1859//1859 1877//1877 1878//1878
f 1859//1859 1878//1878 1860//1860
f 1860//1860 1878//1878 1879//1879
f 1860//1860 1879//1879 1861//1861
f 1861//1861 1879//1879 1880//1880
f 1861//1861 1880//1880 1862//1862
f 1862//1862 1880//1880 1881//1881
f 1863//1863 1882//1882 1864//1864
f 1864//1864 1882//1882 1883//1883
f 1864//1864 1883//1883 1865//1865
f 1865//1865 1883//1883 1884//1884
f 1865//1865 1884//1884 1866//1866
f 1866//1866 1884//1884 1885//1885
f 1866//1866 1885//1885 1867//1867
f 1867//1867 1885//1885 1886//1886
f 1867//1867 1886//1886 1868//1868
f 1868//1868 1886//1886 1887//1887
f 1868//1868 1887//1887 1869//1869
f 1869//1869 1887//1887 1888//1888
f 1869//1869 1888//1888 1870//1870
f 1870//1870 1888//1888 1889//1889
f 1870//1870 1889//1889 1871//1871
f 1871//1871 1889//1889 1890//1890
f 1871//1871 1890//1890 1872//1872
f 1872//1872 1890//1890 1891//1891
f 1872//1872 1891//1891 1873//1873
f 1873//1873 1891//1891 1892//1892
f 1873//1873 1892//1892 1874//1874
f 1874//1874 1892//1892 1893//1893
f 1874//1874 1893//1893 1875//1875
f 1875//1875 1893//1893 1894//1894
f 1875//1875 1894//1894 1876//1876
f 1876//1876 1894//1894 1895//1895
f 1876//1876 1895//1895 1877//1877
f 1877//1877 1895//1895 1896//1896
f 1877//1877 1896//1896 1878//1878
f 1878//1878 1896//1896 1897//1897
f 1878//1878 1897//1897 1879//1879
f 1879//1879 1897//1897 1898//1898
f 1879//1879 1898//1898 1880//1880
f 1880//1880 1898//1898 1899//1899
f 1880//1880 1899//1899 1881//1881
f 1881//1881 1899//1899 1900//1900
f 1882//1882 1901//1901 1883//1883
f 1883//1883 1901//1901 1902//1902
f 1883//1883 1902//1902 1884//1884
f 1884//1884 1902//1902 1903//1903
f 1884//1884 1903//1903 1885//1885
f 1885//1885 1903//1903 1904//1904
f 1885//1885 1904//1904 1886//1886
f 1886//1886 1904//1904 1905//1905
f 1886//1886 1905//1905 1887//1887
f 1887//1887 1905//1905 1906//1906
f 1887//1887 1906//1906 1888//1888
f 1888//1888 1906//1906 1907//1907
f 1888//1888 1907//1907 1889//1889
f 1889//1889 1907//1907 1908//1908
f 1889//1889 1908//1908 1890//1890
f 1890//1890 1908//1908 1909//1909
f 1890//1890 1909//1909 1891//1891
f 1891//1891 1909//1909 1910//1910
f 1891//1891 1910//1910 1892//1892
f 1892//1892 1910//1910 1911//1911
f 1892//1892 1911//1911 1893//1893
f 1893//1893 1911//1911 1912//1912
f 1893//1893 1912//1912 1894//1894
f 1894//1894 1912//1912 1913//1913
f 1894//1894 1913//1913 1895//1895
f 1895//1895 1913//1913 1914//1914
f 1895//1895 1914//1914 1896//1896
f 1896//1896 1914//1914 1915//1915
f 1896//1896 1915//1915 1897//1897
f 1897//1897 1915//1915 1916//1916
f 1897//1897 1916//1916 1898//1898
f 1898//1898 1916//1916 1917//1917
f 1898//1898 1917//1917 1899//1899
f 1899//1899 1917//1917 1918//1918
f 1899//1899 1918//1918 1900//1900
f 1900//1900 1918//1918 1919//1919
f 1901//1901 1920//1920 1902//1902
f 1902//1902 1920//1920 1921//1921
f 1902//1902 1921//1921 1903//1903
f 1903//1903 1921//1921 1922//1922
f 1903//1903 1922//1922 1904//1904
f 1904//1904 1922//1922 1923//1923
f 1904//1904 1923//1923 1905//1905
f 1905//1905 1923//1923 1924//1924
f 1905//1905 1924//1924 1906//1906
f 1906//1906 1924//1924 1925//1925
f 1906//1906 1925//1925 1907//1907
f 1907//1907 1925//1925 1926//1926
f 1907//1907 1926//1926 1908//1908
f 1908//1908 1926//1926 1927//1927
f 1908//1908 1927//1927 1909//1909
f 1909//1909 1927//1927 1928//1928
f 1909//1909 1928//1928 1910//1910
f 1910//1910 1928//1928 1929//1929
f 1910//1910 1929//1929 1911//1911
f 1911//1911 1929//1929 1930//1930
f 1911//1911 1930//1930 1912//1912
f 1912//1912 1930//1930 1931//1931
f 1912//1912 1931//1931 1913//1913
f 1913//1913 1931//1931 1932//1932
f 1913//1913 1932//1932 1914//1914
f 1914//1914 1932//1932 1933//1933
f 1914//1914 1933//1933 1915//1915
f 1915//1915 1933//1933 1934//1934
f 1915//1915 1934//1934 1916//1916
f 1916//1916 1934//1934 1935//1935
f 1916//1916 1935//1935 1917//1917
f 1917//1917 1935//1935 1936//1936
f 1917//1917 1936//1936 1918//1918
f 1918//1918 1936//1936 1937//1937
f 1918//1918 1937//1937 1919//1919
f 1919//1919 1937//1937 1938//1938
f 1920//1920 1939//1939 1921//1921
f 1921//1921 1939//1939 1940//1940
f 1921//1921 1940//1940 1922//1922
f 1922//1922 1940//1940 1941//1941
f 1922//1922 1941//1941 1923//1923
f 1923//1923 1941//1941 1942//1942
f 1923//1923 1942//1942 1924//1924
f 1924//1924 1942//1942 1943//1943
f 1924//1924 1943//1943 1925//1925
f 1925//1925 1943//1943 1944//1944
f 1925//1925 1944//1944 1926//1926
f 1926//1926 1944//1944 1945//1945
f 1926//1926 1945//1945 1927//1927
f 1927//1927 1945//1945 1946//1946
f 1927//1927 1946//1946 1928//1928
f 1928//1928 1946//1946 1947//1947
f 1928//1928 1947//1947 1929//1929
f 1929//1929 1947//1947 1948//1948
f 1929//1929 1948//1948 1930//1930
f 1930//1930 1948//1948 1949//1949
f 1930//1930 1949//1949 1931//1931
f 1931//1931 1949//1949 1950//1950
f 1931//1931 1950//1950 1932//1932
f 1932//1932 1950//1950 1951//1951
f 1932//1932 1951//1951 1933//1933
f 1933//1933 1951//1951 1952//1952
f 1933//1933 1952//1952 1934//1934
f 1934//1934 1952//1952 1953//1953
f 1934//1934 1953//1953 1935//1935
f 1935//1935 1953//1953 1954//1954
f 1935//1935 1954//1954 1936//1936
f 1936//1936 1954//1954 1955//1955
f 1936//1936 1955//1955 1937//1937
f 1937//1937 1955//1955 1956//1956
f 1937//1937 1956//1956 1938//1938
f 1938//1938 1956//1956 1957//1957
f 1939//1939 1958//1958 1940//1940
f 1940//1940 1958//1958 1959//1959
f 1940//1940 1959//1959 1941//1941
f 1941//1941 1959//1959 1960//1960
f 1941//1941 1960//1960 1942//1942
f 1942//1942 1960//1960 1961//1961
f 1942//1942 1961//1961 1943//1943
f 1943//1943 1961//1961 1962//1962
f 1943//1943 1962//1962 1944//1944
f 1944//1944 1962//1962 1963//1963
f 1944//1944 1963//1963 1945//1945
f 1945//1945 1963//1963 1964//1964
f 1945//1945 1964//1964 1946//1946
f 1946//1946 1964//1964 1965//1965
f 1946//1946 1965//1965 1947//1947
f 1947//1947 1965//1965 1966//1966
f 1947//1947 1966//1966 1948//1948
f 1948//1948 1966//1966 1967//1967
f 1948//1948 1967//1967 1949//1949
f 1949//1949 1967//1967 1968//1968
f 1949//1949 1968//1968 1950//1950
f 1950//1950 1968//1968 1969//1969
f 1950//1950 1969//1969 1951//1951
f 1951//1951 1969//1969 1970//1970
f 1951//1951 1970//1970 1952//1952
f 1952//1952 1970//1970 1971//1971
f 1952//1952 1971//1971 1953//1953
f 1953//1953 1971//1971 1972//1972
f 1953//1953 1972//1972 1954//1954
f 1954//1954 1972//1972 1973//1973
f 1954//1954 1973//1973 1955//1955
f 1955//1955 1973//1973 1974//1974
f 1955//1955 1974//1974 1956//1956
f 1956//1956 1974//1974 1975//1975
f 1956//1956 1975//1975 1957//1957
f 1957//1957 1975//1975 1976//1976
f 1958//1958 1977//1977 1959//1959
f 1959//1959 1977//1977 1978//1978
f 1959//1959 1978//1978 1960//1960
f 1960//1960 1978//1978 1979//1979
f 1960//1960 1979//1979 1961//1961
f 1961//1961 1979//1979 1980//1980
f 1961//1961 1980//1980 1962//1962
f 1962//1962 1980//1980 1981//1981
f 1962//1962 1981//1981 1963//1963
f 1963//1963 1981//1981 1982//1982
f 1963//1963 1982//1982 1964//1964
f 1964//1964 1982//1982 1983//1983
f 1964//1964 1983//1983 1965//1965
f 1965//1965 1983//1983 1984//1984
f 1965//1965 1984//1984 1966//1966
f 1966//1966 1984//1984 1985//1985
f 1966//1966 1985//1985 1967//1967
f 1967//1967 1985//1985 1986//1986
f 1967//1967 1986//1986 1968//1968
f 1968//1968 1986//1986 1987//1987
f 1968//1968 1987//1987 1969//1969
f 1969//1969 1987//1987 1988//1988
f 1969//1969 1988//1988 1970//1970
f 1970//1970 1988//1988 1989//1989
f 1970//1970 1989//1989 1971//1971
f 1971//1971 1989//1989 1990//1990
f 1971//1971 1990//1990 1972//1972
f 1972//1972 1990//1990 1991//1991
f 1972//1972 1991//1991 1973//1973
f 1973//1973 1991//1991 1992//1992
f 1973//1973 1992//1992 1974//1974
f 1974//1974 1992//1992 1993//1993
f 1974//1974 1993//1993 1975//1975
f 1975//1975 1993//1993 1994//1994
f 1975//1975 1994//1994 1976//1976
f 1976//1976 1994//1994 1995//1995
f 1977//1977 1996//1996 1978//1978
f 1978//1978 1996//1996 1997//1997
f 1978//1978 1997//1997 1979//1979
f 1979//1979 1997//1997 1998//1998
f 1979//1979 1998//1998 1980//1980
f 1980//1980 1998//1998 1999//1999
f 1980//1980 1999//1999 1981//1981
f 1981//1981 1999//1999 2000//2000
f 1981//1981 2000//2000 1982//1982
f 1982//1982 2000//2000 2001//2001
f 1982//1982 2001//2001 1983//1983
f 1983//1983 2001//2001 2002//2002
f 1983//1983 2002//2002 1984//1984
f 1984//1984 2002//2002 2003//2003
f 1984//1984 2003//2003 1985//1985
f 1985//1985 2003//2003 2004//2004
f 1985//1985 2004//2004 1986//1986
f 1986//1986 2004//2004 2005//2005
f 1986//1986 2005//2005 1987//1987
f 1987//1987 2005//2005 2006//2006
f 1987//1987 2006//2006 1988//1988
f 1988//1988 2006//2006 2007//2007
f 1988//1988 2007//2007 1989//1989
f 1989//1989 2007//2007 2008//2008
f 1989//1989 2008//2008 1990//1990
f 1990//1990 2008//2008 2009//2009
f 1990//1990 2009//2009 1991//1991
f 1991//1991 2009//2009 2010//2010
f 1991//1991 2010//2010 1992//1992
f 1992//1992 2010//2010 2011//2011
f 1992//1992 2011//2011 1993//1993
f 1993//1993 2011//2011 2012//2012
f 1993//1993 2012//2012 1994//1994
f 1994//1994 2012//2012 2013//2013
f 1994//1994 2013//2013 1995//1995
f 1995//1995 2013//2013 2014//2014
f 1996//1996 2015//2015 1997//1997
f 1997//1997 2015//2015 2016//2016
f 1997//1997 2016//2016 1998//1998
f 1998//1998 2016//2016 2017//2017
f 1998//1998 2017//2017 1999//1999
f 1999//1999 2017//2017 2018//2018
f 1999//1999 2018//2018 2000//2000
f 2000//2000 2018//2018 2019//2019
f 2000//2000 2019//2019 2001//2001
f 2001//2001 2019//2019 2020//2020
f 2001//2001 2020//2020 2002//2002
f 2002//2002 2020//2020 2021//2021
f 2002//2002 2021//2021 2003//2003
f 2003//2003 2021//2021 2022//2022
f 2003//2003 2022//2022 2004//2004
f 2004//2004 2022//2022 2023//2023
f 2004//2004 2023//2023 2005//2005
f 2005//2005 2023//2023 2024//2024
f 2005//2005 2024//2024 2006//2006
f 2006//2006 2024//2024 2025//2025
f 2006//2006 2025//2025 2007//2007
f 2007//2007 2025//2025 2026//2026
f 2007//2007 2026//2026 2008//2008
f 2008//2008 2026//2026 2027//2027
f 2008//2008 2027//2027 2009//2009
f 2009//2009 2027//2027 2028//2028
f 2009//2009 2028//2028 2010//2010
f 2010//2010 2028//2028 2029//2029
f 2010//2010 2029//2029 2011//2011
f 2011//2011 2029//2029 2030//2030
f 2011//2011 2030//2030 2012//2012
f 2012//2012 2030//2030 2031//2031
f 2012//2012 2031//2031 2013//2013
f 2013//2013 2031//2031 2032//2032
f 2013//2013 2032//2032 2014//2014
f 2014//2014 2032//2032 2033//2033
f 2015//2015 2034//2034 2016//2016
f 2016//2016 2034//2034 2035//2035
f 2016//2016 2035//2035 2017//2017
f 2017//2017 2035//2035 2036//2036
f 2017//2017 2036//2036 2018//2018
f 2018//2018 2036//2036 2037//2037
f 2018//2018 2037//2037 2019//2019
f 2019//2019 2037//2037 2038//2038
f 2019//2019 2038//2038 2020//2020
f 2020//2020 2038//2038 2039//2039
f 2020//2020 2039//2039 2021//2021
f 2021//2021 2039//2039 2040//2040
f 2021//2021 2040//2040 2022//2022
f 2022//2022 2040//2040 2041//2041
f 2022//2022 2041//2041 2023//2023
f 2023//2023 2041//2041 2042//2042
f 2023//2023 2042//2042 2024//2024
f 2024//2024 2042//2042 2043//2043
f 2024//2024 2043//2043 2025//2025
f 2025//2025 2043//2043 2044//2044
f 2025//2025 2044//2044 2026//2026
f 2026//2026 2044//2044 2045//2045
f 2026//2026 2045//2045 2027//2027
f 2027//2027 2045//2045 2046//2046
f 2027//2027 2046//2046 2028//2028
f 2028//2028 2046//2046 2047//2047
f 2028//2028 2047//2047 2029//2029
f 2029//2029 2047//2047 2048//2048
f 2029//2029 2048//2048 2030//2030
f 2030//2030 2048//2048 2049//2049
f 2030//2030 2049//2049 2031//2031
f 2031//2031 2049//2049 2050//2050
f 2031//2031 2050//2050 2032//2032
f 2032//2032 2050//2050 2051//2051
f 2032//2032 2051//2051 2033//2033
f 2033//2033 2051//2051 2052//2052
f 2034//2034 2053//2053 2035//2035
f 2035//2035 2053//2053 2054//2054
f 2035//2035 2054//2054 2036//2036
f 2036//2036 2054//2054 2055//2055
f 2036//2036 2055//2055 2037//2037
f 2037//2037 2055//2055 2056//2056
f 2037//2037 2056//2056 2038//2038
f 2038//2038 2056//2056 2057//2057
f 2038//2038 2057//2057 2039//2039
f 2039//2039 2057//2057 2058//2058
f 2039//2039 2058//2058 2040//2040
f 2040//2040 2058//2058 2059//2059
f 2040//2040 2059//2059 2041//2041
f 2041//2041 2059//2059 2060//2060
f 2041//2041 2060//2060 2042//2042
f 2042//2042 2060//2060 2061//2061
f 2042//2042 2061//2061 2043//2043
f 2043//2043 2061//2061 2062//2062
f 2043//2043 2062//2062 2044//2044
f 2044//2044 2062//2062 2063//2063
f 2044//2044 2063//2063 2045//2045
f 2045//2045 2063//2063 2064//2064
f 2045//2045 2064//2064 2046//2046
f 2046//2046 2064//2064 2065//2065
f 2046//2046 2065//2065 2047//2047
f 2047//2047 2065//2065 2066//2066
f 2047//2047 2066//2066 2048//2048
f 2048//2048 2066//2066 2067//2067
f 2048//2048 2067//2067 2049//2049
f 2049//2049 2067//2067 2068//2068
f 2049//2049 2068//2068 2050//2050
f 2050//2050 2068//2068 2069//2069
f 2050//2050 2069//2069 2051//2051
f 2051//2051 2069//2069 2070//2070
f 2051//2051 2070//2070 2052//2052
f 2052//2052 2070//2070 2071//2071
f 2053//2053 2072//2072 2054//2054
f 2054//2054 2072//2072 2073//2073
f 2054//2054 2073//2073 2055//2055
f 2055//2055 2073//2073 2074//2074
f 2055//2055 2074//2074 2056//2056
f 2056//2056 2074//2074 2075//2075
f 2056//2056 2075//2075 2057//2057
f 2057//2057 2075//2075 2076//2076
f 2057//2057 2076//2076 2058//2058
f 2058//2058 2076//2076 2077//2077
f 2058//2058 2077//2077 2059//2059
f 2059//2059 2077//2077 2078//2078
f 2059//2059 2078//2078 2060//2060
f 2060//2060 2078//2078 2079//2079
f 2060//2060 2079//2079 2061//2061
f 2061//2061 2079//2079 2080//2080
f 2061//2061 2080//2080 2062//2062
f 2062//2062 2080//2080 2081//2081
f 2062//2062 2081//2081 2063//2063
f 2063//2063 2081//2081 2082//2082
f 2063//2063 2082//2082 2064//2064
f 2064//2064 2082//2082 2083//2083
f 2064//2064 2083//2083 2065//2065
f 2065//2065 2083//2083 2084//2084
f 2065//2065 2084//2084 2066//2066
f 2066//2066 2084//2084 2085//2085
f 2066//2066 2085//2085 2067//2067
f 2067//2067 2085//2085 2086//2086
f 2067//2067 2086//2086 2068//2068
f 2068//2068 2086//2086 2087//2087
f 2068//2068 2087//2087 2069//2069
f 2069//2069 2087//2087 2088//2088
f 2069//2069 2088//2088 2070//2070
f 2070//2070 2088//2088 2089//2089
f 2070//2070 2089//2089 2071//2071
f 2071//2071 2089//2089 2090//2090
f 2072//2072 2091//2091 2073//2073
f 2073//2073 2091//2091 2092//2092
f 2073//2073 2092//2092 2074//2074
f 2074//2074 2092//2092 2093//2093
f 2074//2074 2093//2093 2075//2075
f 2075//2075 2093//2093 2094//2094
f 2075//2075 2094//2094 2076//2076
f 2076//2076 2094//2094 2095//2095
f 2076//2076 2095//2095 2077//2077
f 2077//2077 2095//2095 2096//2096
f 2077//2077 2096//2096 2078//2078
f 2078//2078 2096//2096 2097//2097
f 2078//2078 2097//2097 2079//2079
f 2079//2079 2097//2097 2098//2098
f 2079//2079 2098//2098 2080//2080
f 2080//2080 2098//2098 2099//2099
f 2080//2080 2099//2099 2081//2081
f 2081//2081 2099//2099 2100//2100
f 2081//2081 2100//2100 2082//2082
f 2082//2082 2100//2100 2101//2101
f 2082//2082 2101//2101 2083//2083
f 2083//2083 2101//2101 2102//2102
f 2083//2083 2102//2102 2084//2084
f 2084//2084 2102//2102 2103//2103
f 2084//2084 2103//2103 2085//2085
f 2085//2085 2103//2103 2104//2104
f 2085//2085 2104//2104 2086//2086
f 2086//2086 2104//2104 2105//2105
f 2086//2086 2105//2105 2087//2087
f 2087//2087 2105//2105 2106//2106
f 2087//2087 2106//2106 2088//2088
f 2088//2088 2106//2106 2107//2107
f 2088//2088 2107//2107 2089//2089
f 2089//2089 2107//2107 2108//2108
f 2089//2089 2108//2108 2090//2090
f 2090//2090 2108//2108 2109//2109
f 2091//2091 2110//2110 2092//2092
f 2092//2092 2110//2110 2111//2111
f 2092//2092 2111//2111 2093//2093
f 2093//2093 2111//2111 2112//2112
f 2093//2093 2112//2112 2094//2094
f 2094//2094 2112//2112 2113//2113
f 2094//2094 2113//2113 2095//2095
f 2095//2095 2113//2113 2114//2114
f 2095//2095 2114//2114 2096//2096
f 2096//2096 2114//2114 2115//2115
f 2096//2096 2115//2115 2097//2097
f 2097//2097 2115//2115 2116//2116
f 2097//2097 2116//2116 2098//2098
f 2098//2098 2116//2116 2117//2117
f 2098//2098 2117//2117 2099//2099
f 2099//2099 2117//2117 2118//2118
f 2099//2099 2118//2118 2100//2100
f 2100//2100 2118//2118 2119//2119
f 2100//2100 2119//2119 2101//2101
f 2101//2101 2119//2119 2120//2120
f 2101//2101 2120//2120 2102//2102
f 2102//2102 2120//2120 2121//2121
f 2102//2102 2121//2121 2103//2103
f 2103//2103 2121//2121 2122//2122
f 2103//2103 2122//2122 2104//2104
f 2104//2104 2122//2122 2123//2123
f 2104//2104 2123//2123 2105//2105
f 2105//2105 2123//2123 2124//2124
f 2105//2105 2124//2124 2106//2106
f 2106//2106 2124//2124 2125//2125
f 2106//2106 2125//2125 2107//2107
f 2107//2107 2125//2125 2126//2126
f 2107//2107 2126//2126 2108//2108
f 2108//2108 2126//2126 2127//2127
f 2108//2108 2127//2127 2109//2109
f 2109//2109 2127//2127 2128//2128
f 2110//2110 2129//2129 2111//2111
f 2111//2111 2129//2129 2130//2130
f 2111//2111 2130//2130 2112//2112
f 2112//2112 2130//2130 2131//2131
f 2112//2112 2131//2131 2113//2113
f 2113//2113 2131//2131 2132//2132
f 2113//2113 2132//2132 2114//2114
f 2114//2114 2132//2132 2133//2133
f 2114//2114 2133//2133 2115//2115
f 2115//2115 2133//2133 2134//2134
f 2115//2115 2134//2134 2116//2116
f 2116//2116 2134//2134 2135//2135
f 2116//2116 2135//2135 2117//2117
f 2117//2117 2135//2135 2136//2136
f 2117//2117 2136//2136 2118//2118
f 2118//2118 2136//2136 2137//2137
f 2118//2118 2137//2137 2119//2119
f 2119//2119 2137//2137 2138//2138
f 2119//2119 2138//2138 2120//2120
f 2120//2120 2138//2138 2139//2139
f 2120//2120 2139//2139 2121//2121
f 2121//2121 2139//2139 2140//2140
f 2121//2121 2140//2140 2122//2122
f 2122//2122 2140//2140 2141//2141
f 2122//2122 2141//2141 2123//2123
f 2123//2123 2141//2141 2142//2142
f 2123//2123 2142//2142 2124//2124
f 2124//2124 2142//2142 2143//2143
f 2124//2124 2143//2143 2125//2125
f 2125//2125 2143//2143 2144//2144
f 2125//2125 2144//2144 2126//2126
f 2126//2126 2144//2144 2145//2145
f 2126//2126 2145//2145 2127//2127
f 2127//2127 2145//2145 2146//2146
f 2127//2127 2146//2146 2128//2128
f 2128//2128 2146//2146 2147//2147
f 2129//2129 2148//2148 2130//2130
f 2130//2130 2148//2148 2149//2149
f 2130//2130 2149//2149 2131//2131
f 2131//2131 2149//2149 2150//2150
f 2131//2131 2150//2150 2132//2132
f 2132//2132 2150//2150 2151//2151
f 2132//2132 2151//2151 2133//2133
f 2133//2133 2151//2151 2152//2152
f 2133//2133 2152//2152 2134//2134
f 2134//2134 2152//2152 2153//2153
f 2134//2134 2153//2153 2135//2135
f 2135//2135 2153//2153 2154//2154
f 2135//2135 2154//2154 2136//2136
f 2136//2136 2154//2154 2155//2155
f 2136//2136 2155//2155 2137//2137
f 2137//2137 2155//2155 2156//2156
f 2137//2137 2156//2156 2138//2138
f 2138//2138 2156//2156 2157//2157
f 2138//2138 2157//2157 2139//2139
f 2139//2139 2157//2157 2158//2158
f 2139//2139 2158//2158 2140//2140
f 2140//2140 2158//2158 2159//2159
f 2140//2140 2159//2159 2141//2141
f 2141//2141 2159//2159 2160//2160
f 2141//2141 2160//2160 2142//2142
f 2142//2142 2160//2160 2161//2161
f 2142//2142 2161//2161 2143//2143
f 2143//2143 2161//2161 2162//2162
f 2143//2143 2162//2162 2144//2144
f 2144//2144 2162//2162 2163//2163
f 2144//2144 2163//2163 2145//2145
f 2145//2145 2163//2163 2164//2164
f 2145//2145 2164//2164 2146//2146
f 2146//2146 2164//2164 2165//2165
f 2146//2146 2165//2165 2147//2147
f 2147//2147 2165//2165 2166//2166
f 2148//2148 2167//2167 2149//2149
f 2149//2149 2167//2167 2168//2168
f 2149//2149 2168//2168 2150//2150
f 2150//2150 2168//2168 2169//2169
f 2150//2150 2169//2169 2151//2151
f 2151//2151 2169//2169 2170//2170
f 2151//2151 2170//2170 2152//2152
f 2152//2152 2170//2170 2171//2171
f 2152//2152 2171//2171 2153//2153
f 2153//2153 2171//2171 2172//2172
f 2153//2153 2172//2172 2154//2154
f 2154//2154 2172//2172 2173//2173
f 2154//2154 2173//2173 2155//2155
f 2155//2155 2173//2173 2174//2174
f 2155//2155 2174//2174 2156//2156
f 2156//2156 2174//2174 2175//2175
f 2156//2156 2175//2175 2157//2157
f 2157//2157 2175//2175 2176//2176
f 2157//2157 2176//2176 2158//2158
f 2158//2158 2176//2176 2177//2177
f 2158//2158 2177//2177 2159//2159
f 2159//2159 2177//2177 2178//2178
f 2159//2159 2178//2178 2160//2160
f 2160//2160 2178//2178 2179//2179
f 2160//2160 2179//2179 2161//2161
f 2161//2161 2179//2179 2180//2180
f 2161//2161 2180//2180 2162//2162
f 2162//2162 2180//2180 2181//2181
f 2162//2162 2181//2181 2163//2163
f 2163//2163 2181//2181 2182//2182
f 2163//2163 2182//2182 2164//2164
f 2164//2164 2182//2182 2183//2183
f 2164//2164 2183//2183 2165//2165
f 2165//2165 2183//2183 2184//2184
f 2165//2165 2184//2184 2166//2166
f 2166//2166 2184//2184 2185//2185
f 2167//2167 2186//2186 2168//2168
f 2168//2168 2186//2186 2187//2187
f 2168//2168 2187//2187 2169//2169
f 2169//2169 2187//2187 2188//2188
f 2169//2169 2188//2188 2170//2170
f 2170//2170 2188//2188 2189//2189
f 2170//2170 2189//2189 2171//2171
f 2171//2171 2189//2189 2190//2190
f 2171//2171 2190//2190 2172//2172
f 2172//2172 2190//2190 2191//2191
f 2172//2172 2191//2191 2173//2173
f 2173//2173 2191//2191 2192//2192
f 2173//2173 2192//2192 2174//2174
f 2174//2174 2192//2192 2193//2193
f 2174//2174 2193//2193 2175//2175
f 2175//2175 2193//2193 2194//2194
f 2175//2175 2194//2194 2176//2176
f 2176//2176 2194//2194 2195//2195
f 2176//2176 2195//2195 2177//2177
f 2177//2177 2195//2195 2196//2196
f 2177//2177 2196//2196 2178//2178
f 2178//2178 2196//2196 2197//2197
f 2178//2178 2197//2197 2179//2179
f 2179//2179 2197//2197 2198//2198
f 2179//2179 2198//2198 2180//2180
f 2180//2180 2198//2198 2199//2199
f 2180//2180 2199//2199 2181//2181
f 2181//2181 2199//2199 2200//2200
f 2181//2181 2200//2200 2182//2182
f 2182//2182 2200//2200 2201//2201
f 2182//2182 2201//2201 2183//2183
f 2183//2183 2201//2201 2202//2202
f 2183//2183 2202//2202 2184//2184
f 2184//2184 2202//2202 2203//2203
f 2184//2184 2203//2203 2185//2185
f 2185//2185 2203//2203 2204//2204
f 2186//2186 2205//2205 2187//2187
f 2187//2187 2205//2205 2206//2206
f 2187//2187 2206//2206 2188//2188
f 2188//2188 2206//2206 2207//2207
f 2188//2188 2207//2207 2189//2189
f 2189//2189 2207//2207 2208//2208
f 2189//2189 2208//2208 2190//2190
f 2190//2190 2208//2208 2209//2209
f 2190//2190 2209//2209 2191//2191
f 2191//2191 2209//2209 2210//2210
f 2191//2191 2210//2210 2192//2192
f 2192//2192 2210//2210 2211//2211
f 2192//2192 2211//2211 2193//2193
f 2193//2193 2211//2211 2212//2212
f 2193//2193 2212//2212 2194//2194
f 2194//2194 2212//2212 2213//2213
f 2194//2194 2213//2213 2195//2195
f 2195//2195 2213//2213 2214//2214
f 2195//2195 2214//2214 2196//2196
f 2196//2196 2214//2214 2215//2215
f 2196//2196 2215//2215 2197//2197
f 2197//2197 2215//2215 2216//2216
f 2197//2197 2216//2216 2198//2198
f 2198//2198 2216//2216 2217//2217
f 2198//2198 2217//2217 2199//2199
f 2199//2199 2217//2217 2218//2218
f 2199//2199 2218//2218 2200//2200
f 2200//2200 2218//2218 2219//2219
f 2200//2200 2219//2219 2201//2201
f 2201//2201 2219//2219 2220//2220
f 2201//2201 2220//2220 2202//2202
f 2202//2202 2220//2220 2221//2221
f 2202//2202 2221//2221 2203//2203
f 2203//2203 2221//2221 2222//2222
f 2203//2203 2222//2222 2204//2204
f 2204//2204 2222//2222 2223//2223
f 2205//2205 2224//2224 2206//2206
f 2206//2206 2224//2224 2225//2225
f 2206//2206 2225//2225 2207//2207
f 2207//2207 2225//2225 2226//2226
f 2207//2207 2226//2226 2208//2208
f 2208//2208 2226//2226 2227//2227
f 2208//2208 2227//2227 2209//2209
f 2209//2209 2227//2227 2228//2228
f 2209//2209 2228//2228 2210//2210
f 2210//2210 2228//2228 2229//2229
f 2210//2210 2229//2229 2211//2211
f 2211//2211 2229//2229 2230//2230
f 2211//2211 2230//2230 2212//2212
f 2212//2212 2230//2230 2231//2231
f 2212//2212 2231//2231 2213//2213
f 2213//2213 2231//2231 2232//2232
f 2213//2213 2232//2232 2214//2214
f 2214//2214 2232//2232 2233//2233
f 2214//2214 2233//2233 2215//2215
f 2215//2215 2233//2233 2234//2234
f 2215//2215 2234//2234 2216//2216
f 2216//2216 2234//2234 2235//2235
f 2216//2216 2235//2235 2217//2217
f 2217//2217 2235//2235 2236//2236
f 2217//2217 2236//2236 2218//2218
f 2218//2218 2236//2236 2237//2237
f 2218//2218 2237//2237 2219//2219
f 2219//2219 2237//2237 2238//2238
f 2219//2219 2238//2238 2220//2220
f 2220//2220 2238//2238 2239//2239
f 2220//2220 2239//2239 2221//2221
f 2221//2221 2239//2239 2240//2240
f 2221//2221 2240//2240 2222//2222
f 2222//2222 2240//2240 2241//2241
f 2222//2222 2241//2241 2223//2223
f 2223//2223 2241//2241 2242//2242
f 2224//2224 2243//2243 2225//2225
f 2225//2225 2243//2243 2244//2244
f 2225//2225 2244//2244 2226//2226
f 2226//2226 2244//2244 2245//2245
f 2226//2226 2245//2245 2227//2227
f 2227//2227 2245//2245 2246//2246
f 2227//2227 2246//2246 2228//2228
f 2228//2228 2246//2246 2247//2247
f 2228//2228 2247//2247 2229//2229
f 2229//2229 2247//2247 2248//2248
f 2229//2229 2248//2248 2230//2230
f 2230//2230 2248//2248 2249//2249
f 2230//2230 2249//2249 2231//2231
f 2231//2231 2249//2249 2250//2250
f 2231//2231 2250//2250 2232//2232
f 2232//2232 2250//2250 2251//2251
f 2232//2232 2251//2251 2233//2233
f 2233//2233 2251//2251 2252//2252
f 2233//2233 2252//2252 2234//2234
f 2234//2234 2252//2252 2253//2253
f 2234//2234 2253//2253 2235//2235
f 2235//2235 2253//2253 2254//2254
f 2235//2235 2254//2254 2236//2236
f 2236//2236 2254//2254 2255//2255
f 2236//2236 2255//2255 2237//2237
f 2237//2237 2255//2255 2256//2256
f 2237//2237 2256//2256 2238//2238
f 2238//2238 2256//2256 2257//2257
f 2238//2238 2257//2257 2239//2239
f 2239//2239 2257//2257 2258//2258
f 2239//2239 2258//2258 2240//2240
f 2240//2240 2258//2258 2259//2259
f 2240//2240 2259//2259 2241//2241
f 2241//2241 2259//2259 2260//2260
f 2241//2241 2260//2260 2242//2242
f 2242//2242 2260//2260 2261//2261
f 2243//2243 2262//2262 2244//2244
f 2244//2244 2262//2262 2263//2263
f 2244//2244 2263//2263 2245//2245
f 2245//2245 2263//2263 2264//2264
f 2245//2245 2264//2264 2246//2246
f 2246//2246 2264//2264 2265//2265
f 2246//2246 2265//2265 2247//2247
f 2247//2247 2265//2265 2266//2266
f 2247//2247 2266//2266 2248//2248
f 2248//2248 2266//2266 2267//2267
f 2248//2248 2267//2267 2249//2249
f 2249//2249 2267//2267 2268//2268
f 2249//2249 2268//2268 2250//2250
f 2250//2250 2268//2268 2269//2269
f 2250//2250 2269//2269 2251//2251
f 2251//2251 2269//2269 2270//2270
f 2251//2251 2270//2270 2252//2252
f 2252//2252 2270//2270 2271//2271
f 2252//2252 2271//2271 2253//2253
f 2253//2253 2271//2271 2272//2272
f 2253//2253 2272//2272 2254//2254
f 2254//2254 2272//2272 2273//2273
f 2254//2254 2273//2273 2255//2255
f 2255//2255 2273//2273 2274//2274
f 2255//2255 2274//2274 2256//2256
f 2256//2256 2274//2274 2275//2275
f 2256//2256 2275//2275 2257//2257
f 2257//2257 2275//2275 2276//2276
f 2257//2257 2276//2276 2258//2258
f 2258//2258 2276//2276 2277//2277
f 2258//2258 2277//2277 2259//2259
f 2259//2259 2277//2277 2278//2278
f 2259//2259 2278//2278 2260//2260
f 2260//2260 2278//2278 2279//2279
f 2260//2260 2279//2279 2261//2261
f 2261//2261 2279//2279 2280//2280
f 2262//2262 2281//2281 2263//2263
f 2263//2263 2281//2281 2282//2282
f 2263//2263 2282//2282 2264//2264
f 2264//2264 2282//2282 2283//2283
f 2264//2264 2283//2283 2265//2265
f 2265//2265 2283//2283 2284//2284
f 2265//2265 2284//2284 2266//2266
f 2266//2266 2284//2284 2285//2285
f 2266//2266 2285//2285 2267//2267
f 2267//2267 2285//2285 2286//2286
f 2267//2267 2286//2286 2268//2268
f 2268//2268 2286//2286 2287//2287
f 2268//2268 2287//2287 2269//2269
f 2269//2269 2287//2287 2288//2288
f 2269//2269 2288//2288 2270//2270
f 2270//2270 2288//2288 2289//2289
f 2270//2270 2289//2289 2271//2271
f 2271//2271 2289//2289 2290//2290
f 2271//2271 2290//2290 2272//2272
f 2272//2272 2290//2290 2291//2291
f 2272//2272 2291//2291 2273//2273
f 2273//2273 2291//2291 2292//2292
f 2273//2273 2292//2292 2274//2274
f 2274//2274 2292//2292 2293//2293
f 2274//2274 2293//2293 2275//2275
f 2275//2275 2293//2293 2294//2294
f 2275//2275 2294//2294 2276//2276
f 2276//2276 2294//2294 2295//2295
f 2276//2276 2295//2295 2277//2277
f 2277//2277 2295//2295 2296//2296
f 2277//2277 2296//2296 2278//2278
f 2278//2278 2296//2296 2297//2297
f 2278//2278 2297//2297 2279//2279
f 2279//2279 2297//2297 2298//2298
f 2279//2279 2298//2298 2280//2280
f 2280//2280 2298//2298 2299//2299
f 2281//2281 2300//2300 2282//2282
f 2282//2282 2300//2300 2301//2301
f 2282//2282 2301//2301 2283//2283
f 2283//2283 2301//2301 2302//2302
f 2283//2283 2302//2302 2284//2284
f 2284//2284 2302//2302 2303//2303
f 2284//2284 2303//2303 2285//2285
f 2285//2285 2303//2303 2304//2304
f 2285//2285 2304//2304 2286//2286
f 2286//2286 2304//2304 2305//2305
f 2286//2286 2305//2305 2287//2287
f 2287//2287 2305//2305 2306//2306
f 2287//2287 2306//2306 2288//2288
f 2288//2288 2306//2306 2307//2307
f 2288//2288 2307//2307 2289//2289
f 2289//2289 2307//2307 2308//2308
f 2289//2289 2308//2308 2290//2290
f 2290//2290 2308//2308 2309//2309
f 2290//2290 2309//2309 2291//2291
f 2291//2291 2309//2309 2310//2310
f 2291//2291 2310//2310 2292//2292
f 2292//2292 2310//2310 2311//2311
f 2292//2292 2311//2311 2293//2293
f 2293//2293 2311//2311 2312//2312
f 2293//2293 2312//2312 2294//2294
f 2294//2294 2312//2312 2313//2313
f 2294//2294 2313//2313 2295//2295
f 2295//2295 2313//2313 2314//2314
f 2295//2295 2314//2314 2296//2296
f 2296//2296 2314//2314 2315//2315
f 2296//2296 2315//2315 2297//2297
f 2297//2297 2315//2315 2316//2316
f 2297//2297 2316//2316 2298//2298
f 2298//2298 2316//2316 2317//2317
f 2298//2298 2317//2317 2299//2299
f 2299//2299 2317//2317 2318//2318
f 2300//2300 2319//2319 2301//2301
f 2301//2301 2319//2319 2320//2320
f 2301//2301 2320//2320 2302//2302
f 2302//2302 2320//2320 2321//2321
f 2302//2302 2321//2321 2303//2303
f 2303//2303 2321//2321 2322//2322
f 2303//2303 2322//2322 2304//2304
f 2304//2304 2322//2322 2323//2323
f 2304//2304 2323//2323 2305//2305
f 2305//2305 2323//2323 2324//2324
f 2305//2305 2324//2324 2306//2306
f 2306//2306 2324//2324 2325//2325
f 2306//2306 2325//2325 2307//2307
f 2307//2307 2325//2325 2326//2326
f 2307//2307 2326//2326 2308//2308
f 2308//2308 2326//2326 2327//2327
f 2308//2308 2327//2327 2309//2309
f 2309//2309 2327//2327 2328//2328
f 2309//2309 2328//2328 2310//2310
f 2310//2310 2328//2328 2329//2329
f 2310//2310 2329//2329 2311//2311
f 2311//2311 2329//2329 2330//2330
f 2311//2311 2330//2330 2312//2312
f 2312//2312 2330//2330 2331//2331
f 2312//2312 2331//2331 2313//2313
f 2313//2313 2331//2331 2332//2332
f 2313//2313 2332//2332 2314//2314
f 2314//2314 2332//2332 2333//2333
f 2314//2314 2333//2333 2315//2315
f 2315//2315 2333//2333 2334//2334
f 2315//2315 2334//2334 2316//2316
f 2316//2316 2334//2334 2335//2335
f 2316//2316 2335//2335 2317//2317
f 2317//2317 2335//2335 2336//2336
f 2317//2317 2336//2336 2318//2318
f 2318//2318 2336//2336 2337//2337
f 2319//2319 2338//2338 2320//2320
f 2320//2320 2338//2338 2339//2339
f 2320//2320 2339//2339 2321//2321
f 2321//2321 2339//2339 2340//2340
f 2321//2321 2340//2340 2322//2322
f 2322//2322 2340//2340 2341//2341
f 2322//2322 2341//2341 2323//2323
f 2323//2323 2341//2341 2342//2342
f 2323//2323 2342//2342 2324//2324
f 2324//2324 2342//2342 2343//2343
f 2324//2324 2343//2343 2325//2325
f 2325//2325 2343//2343 2344//2344
f 2325//2325 2344//2344 2326//2326
f 2326//2326 2344//2344 2345//2345
f 2326//2326 2345//2345 2327//2327
f 2327//2327 2345//2345 2346//2346
f 2327//2327 2346//2346 2328//2328
f 2328//2328 2346//2346 2347//2347
f 2328//2328 2347//2347 2329//2329
f 2329//2329 2347//2347 2348//2348
f 2329//2329 2348//2348 2330//2330
f 2330//2330 2348//2348 2349//2349
f 2330//2330 2349//2349 2331//2331
f 2331//2331 2349//2349 2350//2350
f 2331//2331 2350//2350 2332//2332
f 2332//2332 2350//2350 2351//2351
f 2332//2332 2351//2351 2333//2333
f 2333//2333 2351//2351 2352//2352
f 2333//2333 2352//2352 2334//2334
f 2334//2334 2352//2352 2353//2353
f 2334//2334 2353//2353 2335//2335
f 2335//2335 2353//2353 2354//2354
f 2335//2335 2354//2354 2336//2336
f 2336//2336 2354//2354 2355//2355
f 2336//2336 2355//2355 2337//2337
f 2337//2337 2355//2355 2356//2356
f 2338//2338 2357//2357 2339//2339
f 2339//2339 2357//2357 2358//2358
f 2339//2339 2358//2358 2340//2340
f 2340//2340 2358//2358 2359//2359
f 2340//2340 2359//2359 2341//2341
f 2341//2341 2359//2359 2360//2360
f 2341//2341 2360//2360 2342//2342
f 2342//2342 2360//2360 2361//2361
f 2342//2342 2361//2361 2343//2343
f 2343//2343 2361//2361 2362//2362
f 2343//2343 2362//2362 2344//2344
f 2344//2344 2362//2362 2363//2363
f 2344//2344 2363//2363 2345//2345
f 2345//2345 2363//2363 2364//2364
f 2345//2345 2364//2364 2346//2346
f 2346//2346 2364//2364 2365//2365
f 2346//2346 2365//2365 2347//2347
f 2347//2347 2365//2365 2366//2366
f 2347//2347 2366//2366 2348//2348
f 2348//2348 2366//2366 2367//2367
f 2348//2348 2367//2367 2349//2349
f 2349//2349 2367//2367 2368//2368
f 2349//2349 2368//2368 2350//2350
f 2350//2350 2368//2368 2369//2369
f 2350//2350 2369//2369 2351//2351
f 2351//2351 2369//2369 2370//2370
f 2351//2351 2370//2370 2352//2352
f 2352//2352 2370//2370 2371//2371
f 2352//2352 2371//2371 2353//2353
f 2353//2353 2371//2371 2372//2372
f 2353//2353 2372//2372 2354//2354
f 2354//2354 2372//2372 2373//2373
f 2354//2354 2373//2373 2355//2355
f 2355//2355 2373//2373 2374//2374
f 2355//2355 2374//2374 2356//2356
f 2356//2356 2374//2374 2375//2375
f 2357//2357 2376//2376 2358//2358
f 2358//2358 2376//2376 2377//2377
f 2358//2358 2377//2377 2359//2359
f 2359//2359 2377//2377 2378//2378
f 2359//2359 2378//2378 2360//2360
f 2360//2360 2378//2378 2379//2379
f 2360//2360 2379//2379 2361//2361
f 2361//2361 2379//2379 2380//2380
f 2361//2361 2380//2380 2362//2362
f 2362//2362 2380//2380 2381//2381
f 2362//2362 2381//2381 2363//2363
f 2363//2363 2381//2381 2382//2382
f 2363//2363 2382//2382 2364//2364
f 2364//2364 2382//2382 2383//2383
f 2364//2364 2383//2383 2365//2365
f 2365//2365 2383//2383 2384//2384
f 2365//2365 2384//2384 2366//2366
f 2366//2366 2384//2384 2385//2385
f 2366//2366 2385//2385 2367//2367
f 2367//2367 2385//2385 2386//2386
f 2367//2367 2386//2386 2368//2368
f 2368//2368 2386//2386 2387//2387
f 2368//2368 2387//2387 2369//2369
f 2369//2369 2387//2387 2388//2388
f 2369//2369 2388//2388 2370//2370
f 2370//2370 2388//2388 2389//2389
f 2370//2370 2389//2389 2371//2371
f 2371//2371 2389//2389 2390//2390
f 2371//2371 2390//2390 2372//2372
f 2372//2372 2390//2390 2391//2391
f 2372//2372 2391//2391 2373//2373
f 2373//2373 2391//2391 2392//2392
f 2373//2373 2392//2392 2374//2374
f 2374//2374 2392//2392 2393//2393
f 2374//2374 2393//2393 2375//2375
f 2375//2375 2393//2393 2394//2394
f 2376//2376 2395//2395 2377//2377
f 2377//2377 2395//2395 2396//2396
f 2377//2377 2396//2396 2378//2378
f 2378//2378 2396//2396 2397//2397
f 2378//2378 2397//2397 2379//2379
f 2379//2379 2397//2397 2398//2398
f 2379//2379 2398//2398 2380//2380
f 2380//2380 2398//2398 2399//2399
f 2380//2380 2399//2399 2381//2381
f 2381//2381 2399//2399 2400//2400
f 2381//2381 2400//2400 2382//2382
f 2382//2382 2400//2400 2401//2401
f 2382//2382 2401//2401 2383//2383
f 2383//2383 2401//2401 2402//2402
f 2383//2383 2402//2402 2384//2384
f 2384//2384 2402//2402 2403//2403
f 2384//2384 2403//2403 2385//2385
f 2385//2385 2403//2403 2404//2404
f 2385//2385 2404//2404 2386//2386
f 2386//2386 2404//2404 2405//2405
f 2386//2386 2405//2405 2387//2387
f 2387//2387 2405//2405 2406//2406
f 2387//2387 2406//2406 2388//2388
f 2388//2388 2406//2406 2407//2407
f 2388//2388 2407//2407 2389//2389
f 2389//2389 2407//2407 2408//2408
f 2389//2389 2408//2408 2390//2390
f 2390//2390 2408//2408 2409//2409
f 2390//2390 2409//2409 2391//2391
f 2391//2391 2409//2409 2410//2410
f 2391//2391 2410//2410 2392//2392
f 2392//2392 2410//2410 2411//2411
f 2392//2392 2411//2411 2393//2393
f 2393//2393 2411//2411 2412//2412
f 2393//2393 2412//2412 2394//2394
f 2394//2394 2412//2412 2413//2413
f 2395//2395 2414//2414 2396//2396
f 2396//2396 2414//2414 2415//2415
f 2396//2396 2415//2415 2397//2397
f 2397//2397 2415//2415 2416//2416
f 2397//2397 2416//2416 2398//2398
f 2398//2398 2416//2416 2417//2417
f 2398//2398 2417//2417 2399//2399
f 2399//2399 2417//2417 2418//2418
f 2399//2399 2418//2418 2400//2400
f 2400//2400 2418//2418 2419//2419
f 2400//2400 2419//2419 2401//2401
f 2401//2401 2419//2419 2420//2420
f 2401//2401 2420//2420 2402//2402
f 2402//2402 2420//2420 2421//2421
f 2402//2402 2421//2421 2403//2403
f 2403//2403 2421//2421 2422//2422
f 2403//2403 2422//2422 2404//2404
f 2404//2404 2422//2422 2423//2423
f 2404//2404 2423//2423 2405//2405
f 2405//2405 2423//2423 2424//2424
f 2405//2405 2424//2424 2406//2406
f 2406//2406 2424//2424 2425//2425
f 2406//2406 2425//2425 2407//2407
f 2407//2407 2425//2425 2426//2426
f 2407//2407 2426//2426 2408//2408
f 2408//2408 2426//2426 2427//2427
f 2408//2408 2427//2427 2409//2409
f 2409//2409 2427//2427 2428//2428
f 2409//2409 2428//2428 2410//2410
f 2410//2410 2428//2428 2429//2429
f 2410//2410 2429//2429 2411//2411
f 2411//2411 2429//2429 2430//2430
f 2411//2411 2430//2430 2412//2412
f 2412//2412 2430//2430 2431//2431
f 2412//2412 2431//2431 2413//2413
f 2413//2413 2431//2431 2432//2432
f 2414//2414 2433//2433 2415//2415
f 2415//2415 2433//2433 2434//2434
f 2415//2415 2434//2434 2416//2416
f 2416//2416 2434//2434 2435//2435
f 2416//2416 2435//2435 2417//2417
f 2417//2417 2435//2435 2436//2436
f 2417//2417 2436//2436 2418//2418
f 2418//2418 2436//2436 2437//2437
f 2418//2418 2437//2437 2419//2419
f 2419//2419 2437//2437 2438//2438
f 2419//2419 2438//2438 2420//2420
f 2420//2420 2438//2438 2439//2439
f 2420//2420 2439//2439 2421//2421
f 2421//2421 2439//2439 2440//2440
f 2421//2421 2440//2440 2422//2422
f 2422//2422 2440//2440 2441//2441
f 2422//2422 2441//2441 2423//2423
f 2423//2423 2441//2441 2442//2442
f 2423//2423 2442//2442 2424//2424
f 2424//2424 2442//2442 2443//2443
f 2424//2424 2443//2443 2425//2425
f 2425//2425 2443//2443 2444//2444
f 2425//2425 2444//2444 2426//2426
f 2426//2426 2444//2444 2445//2445
f 2426//2426 2445//2445 2427//2427
f 2427//2427 2445//2445 2446//2446
f 2427//2427 2446//2446 2428//2428
f 2428//2428 2446//2446 2447//2447
f 2428//2428 2447//2447 2429//2429
f 2429//2429 2447//2447 2448//2448
f 2429//2429 2448//2448 2430//2430
f 2430//2430 2448//2448 2449//2449
f 2430//2430 2449//2449 2431//2431
f 2431//2431 2449//2449 2450//2450
f 2431//2431 2450//2450 2432//2432
f 2432//2432 2450//2450 2451//2451
f 2433//2433 2452//2452 2434//2434
f 2434//2434 2452//2452 2453//2453
f 2434//2434 2453//2453 2435//2435
f 2435//2435 2453//2453 2454//2454
f 2435//2435 2454//2454 2436//2436
f 2436//2436 2454//2454 2455//2455
f 2436//2436 2455//2455 2437//2437
f 2437//2437 2455//2455 2456//2456
f 2437//2437 2456//2456 2438//2438
f 2438//2438 2456//2456 2457//2457
f 2438//2438 2457//2457 2439//2439
f 2439//2439 2457//2457 2458//2458
f 2439//2439 2458//2458 2440//2440
f 2440//2440 2458//2458 2459//2459
f 2440//2440 2459//2459 2441//2441
f 2441//2441 2459//2459 2460//2460
f 2441//2441 2460//2460 2442//2442
f 2442//2442 2460//2460 2461//2461
f 2442//2442 2461//2461 2443//2443
f 2443//2443 2461//2461 2462//2462
f 2443//2443 2462//2462 2444//2444
f 2444//2444 2462//2462 2463//2463
f 2444//2444 2463//2463 2445//2445
f 2445//2445 2463//2463 2464//2464
f 2445//2445 2464//2464 2446//2446
f 2446//2446 2464//2464 2465//2465
f 2446//2446 2465//2465 2447//2447
f 2447//2447 2465//2465 2466//2466
f 2447//2447 2466//2466 2448//2448
f 2448//2448 2466//2466 2467//2467
f 2448//2448 2467//2467 2449//2449
f 2449//2449 2467//2467 2468//2468
f 2449//2449 2468//2468 2450//2450
f 2450//2450 2468//2468 2469//2469
f 2450//2450 2469//2469 2451//2451
f 2451//2451 2469//2469 2470//2470
f 2452//2452 2471//2471 2453//2453
f 2453//2453 2471//2471 2472//2472
f 2453//2453 2472//2472 2454//2454
f 2454//2454 2472//2472 2473//2473
f 2454//2454 2473//2473 2455//2455
f 2455//2455 2473//2473 2474//2474
f 2455//2455 2474//2474 2456//2456
f 2456//2456 2474//2474 2475//2475
f 2456//2456 2475//2475 2457//2457
f 2457//2457 2475//2475 2476//2476
f 2457//2457 2476//2476 2458//2458
f 2458//2458 2476//2476 2477//2477
f 2458//2458 2477//2477 2459//2459
f 2459//2459 2477//2477 2478//2478
f 2459//2459 2478//2478 2460//2460
f 2460//2460 2478//2478 2479//2479
f 2460//2460 2479//2479 2461//2461
f 2461//2461 2479//2479 2480//2480
f 2461//2461 2480//2480 2462//2462
f 2462//2462 2480//2480 2481//2481
f 2462//2462 2481//2481 2463//2463
f 2463//2463 2481//2481 2482//2482
f 2463//2463 2482//2482 2464//2464
f 2464//2464 2482//2482 2483//2483
f 2464//2464 2483//2483 2465//2465
f 2465//2465 2483//2483 2484//2484
f 2465//2465 2484//2484 2466//2466
f 2466//2466 2484//2484 2485//2485
f 2466//2466 2485//2485 2467//2467
f 2467//2467 2485//2485 2486//2486
f 2467//2467 2486//2486 2468//2468
f 2468//2468 2486//2486 2487//2487
f 2468//2468 2487//2487 2469//2469
f 2469//2469 2487//2487 2488//2488
f 2469//2469 2488//2488 2470//2470
f 2470//2470 2488//2488 2489//2489
f 2471//2471 2490//2490 2472//2472
f 2472//2472 2490//2490 2491//2491
f 2472//2472 2491//2491 2473//2473
f 2473//2473 2491//2491 2492//2492
f 2473//2473 2492//2492 2474//2474
f 2474//2474 2492//2492 2493//2493
f 2474//2474 2493//2493 2475//2475
f 2475//2475 2493//2493 2494//2494
f 2475//2475 2494//2494 2476//2476
f 2476//2476 2494//2494 2495//2495
f 2476//2476 2495//2495 2477//2477
f 2477//2477 2495//2495 2496//2496
f 2477//2477 2496//2496 2478//2478
f 2478//2478 2496//2496 2497//2497
f 2478//2478 2497//2497 2479//2479
f 2479//2479 2497//2497 2498//2498
f 2479//2479 2498//2498 2480//2480
f 2480//2480 2498//2498 2499//2499
f 2480//2480 2499//2499 2481//2481
f 2481//2481 2499//2499 2500//2500
f 2481//2481 2500//2500 2482//2482
f 2482//2482 2500//2500 2501//2501
f 2482//2482 2501//2501 2483//2483
f 2483//2483 2501//2501 2502//2502
f 2483//2483 2502//2502 2484//2484
f 2484//2484 2502//2502 2503//2503
f 2484//2484 2503//2503 2485//2485
f 2485//2485 2503//2503 2504//2504
f 2485//2485 2504//2504 2486//2486
f 2486//2486 2504//2504 2505//2505
f 2486//2486 2505//2505 2487//2487
f 2487//2487 2505//2505 2506//2506
f 2487//2487 2506//2506 2488//2488
f 2488//2488 2506//2506 2507//2507
f 2488//2488 2507//2507 2489//2489
f 2489//2489 2507//2507 2508//2508
f 2490//2490 2509//2509 2491//2491
f 2491//2491 2509//2509 2510//2510
f 2491//2491 2510//2510 2492//2492
f 2492//2492 2510//2510 2511//2511
f 2492//2492 2511//2511 2493//2493
f 2493//2493 2511//2511 2512//2512
f 2493//2493 2512//2512 2494//2494
f 2494//2494 2512//2512 2513//2513
f 2494//2494 2513//2513 2495//2495
f 2495//2495 2513//2513 2514//2514
f 2495//2495 2514//2514 2496//2496
f 2496//2496 2514//2514 2515//2515
f 2496//2496 2515//2515 2497//2497
f 2497//2497 2515//2515 2516//2516
f 2497//2497 2516//2516 2498//2498
f 2498//2498 2516//2516 2517//2517
f 2498//2498 2517//2517 2499//2499
f 2499//2499 2517//2517 2518//2518
f 2499//2499 2518//2518 2500//2500
f 2500//2500 2518//2518 2519//2519
f 2500//2500 2519//2519 2501//2501
f 2501//2501 2519//2519 2520//2520
f 2501//2501 2520//2520 2502//2502
f 2502//2502 2520//2520 2521//2521
f 2502//2502 2521//2521 2503//2503
f 2503//2503 2521//2521 2522//2522
f 2503//2503 2522//2522 2504//2504
f 2504//2504 2522//2522 2523//2523
f 2504//2504 2523//2523 2505//2505
f 2505//2505 2523//2523 2524//2524
f 2505//2505 2524//2524 2506//2506
f 2506//2506 2524//2524 2525//2525
f 2506//2506 2525//2525 2507//2507
f 2507//2507 2525//2525 2526//2526
f 2507//2507 2526//2526 2508//2508
f 2508//2508 2526//2526 2527//2527
f 2509//2509 2528//2528 2510//2510
f 2510//2510 2528//2528 2529//2529
f 2510//2510 2529//2529 2511//2511
f 2511//2511 2529//2529 2530//2530
f 2511//2511 2530//2530 2512//2512
f 2512//2512 2530//2530 2531//2531
f 2512//2512 2531//2531 2513//2513
f 2513//2513 2531//2531 2532//2532
f 2513//2513 2532//2532 2514//2514
f 2514//2514 2532//2532 2533//2533
f 2514//2514 2533//2533 2515//2515
f 2515//2515 2533//2533 2534//2534
f 2515//2515 2534//2534 2516//2516
f 2516//2516 2534//2534 2535//2535
f 2516//2516 2535//2535 2517//2517
f 2517//2517 2535//2535 2536//2536
f 2517//2517 2536//2536 2518//2518
f 2518//2518 2536//2536 2537//2537
f 2518//2518 2537//2537 2519//2519
f 2519//2519 2537//2537 2538//2538
f 2519//2519 2538//2538 2520//2520
f 2520//2520 2538//2538 2539//2539
f 2520//2520 2539//2539 2521//2521
f 2521//2521 2539//2539 2540//2540
f 2521//2521 2540//2540 2522//2522
f 2522//2522 2540//2540 2541//2541
f 2522//2522 2541//2541 2523//2523
f 2523//2523 2541//2541 2542//2542
f 2523//2523 2542//2542 2524//2524
f 2524//2524 2542//2542 2543//2543
f 2524//2524 2543//2543 2525//2525
f 2525//2525 2543//2543 2544//2544
f 2525//2525 2544//2544 2526//2526
f 2526//2526 2544//2544 2545//2545
f 2526//2526 2545//2545 2527//2527
f 2527//2527 2545//2545 2546//2546
f 2528//2528 2547//2547 2529//2529
f 2529//2529 2547//2547 2548//2548
f 2529//2529 2548//2548 2530//2530
f 2530//2530 2548//2548 2549//2549
f 2530//2530 2549//2549 2531//2531
f 2531//2531 2549//2549 2550//2550
f 2531//2531 2550//2550 2532//2532
f 2532//2532 2550//2550 2551//2551
f 2532//2532 2551//2551 2533//2533
f 2533//2533 2551//2551 2552//2552
f 2533//2533 2552//2552 2534//2534
f 2534//2534 2552//2552 2553//2553
f 2534//2534 2553//2553 2535//2535
f 2535//2535 2553//2553 2554//2554
f 2535//2535 2554//2554 2536//2536
f 2536//2536 2554//2554 2555//2555
f 2536//2536 2555//2555 2537//2537
f 2537//2537 2555//2555 2556//2556
f 2537//2537 2556//2556 2538//2538
f 2538//2538 2556//2556 2557//2557
f 2538//2538 2557//2557 2539//2539
f 2539//2539 2557//2557 2558//2558
f 2539//2539 2558//2558 2540//2540
f 2540//2540 2558//2558 2559//2559
f 2540//2540 2559//2559 2541//2541
f 2541//2541 2559//2559 2560//2560
f 2541//2541 2560//2560 2542//2542
f 2542//2542 2560//2560 2561//2561
f 2542//2542 2561//2561 2543//2543
f 2543//2543 2561//2561 2562//2562
f 2543//2543 2562//2562 2544//2544
f 2544//2544 2562//2562 2563//2563
f 2544//2544 2563//2563 2545//2545
f 2545//2545 2563//2563 2564//2564
f 2545//2545 2564//2564 2546//2546
f 2546//2546 2564//2564 2565//2565
f 2547//2547 2566//2566 2548//2548
f 2548//2548 2566//2566 2567//2567
f 2548//2548 2567//2567 2549//2549
f 2549//2549 2567//2567 2568//2568
f 2549//2549 2568//2568 2550//2550
f 2550//2550 2568//2568 2569//2569
f 2550//2550 2569//2569 2551//2551
f 2551//2551 2569//2569 2570//2570
f 2551//2551 2570//2570 2552//2552
f 2552//2552 2570//2570 2571//2571
f 2552//2552 2571//2571 2553//2553
f 2553//2553 2571//2571 2572//2572
f 2553//2553 2572//2572 2554//2554
f 2554//2554 2572//2572 2573//2573
f 2554//2554 2573//2573 2555//2555
f 2555//2555 2573//2573 2574//2574
f 2555//2555 2574//2574 2556//2556
f 2556//2556 2574//2574 2575//2575
f 2556//2556 2575//2575 2557//2557
f 2557//2557 2575//2575 2576//2576
f 2557//2557 2576//2576 2558//2558
f 2558//2558 2576//2576 2577//2577
f 2558//2558 2577//2577 2559//2559
f 2559//2559 2577//2577 2578//2578
f 2559//2559 2578//2578 2560//2560
f 2560//2560 2578//2578 2579//2579
f 2560//2560 2579//2579 2561//2561
f 2561//2561 2579//2579 2580//2580
f 2561//2561 2580//2580 2562//2562
f 2562//2562 2580//2580 2581//2581
f 2562//2562 2581//2581 2563//2563
f 2563//2563 2581//2581 2582//2582
f 2563//2563 2582//2582 2564//2564
f 2564//2564 2582//2582 2583//2583
f 2564//2564 2583//2583 2565//2565
f 2565//2565 2583//2583 2584//2584
f 2566//2566 2585//2585 2567//2567
f 2567//2567 2585//2585 2586//2586
f 2567//2567 2586//2586 2568//2568
f 2568//2568 2586//2586 2587//2587
f 2568//2568 2587//2587 2569//2569
f 2569//2569 2587//2587 2588//2588
f 2569//2569 2588//2588 2570//2570
f 2570//2570 2588//2588 2589//2589
f 2570//2570 2589//2589 2571//2571
f 2571//2571 2589//2589 2590//2590
f 2571//2571 2590//2590 2572//2572
f 2572//2572 2590//2590 2591//2591
f 2572//2572 2591//2591 2573//2573
f 2573//2573 2591//2591 2592//2592
f 2573//2573 2592//2592 2574//2574
f 2574//2574 2592//2592 2593//2593
f 2574//2574 2593//2593 2575//2575
f 2575//2575 2593//2593 2594//2594
f 2575//2575 2594//2594 2576//2576
f 2576//2576 2594//2594 2595//2595
f 2576//2576 2595//2595 2577//2577
f 2577//2577 2595//2595 2596//2596
f 2577//2577 2596//2596 2578//2578
f 2578//2578 2596//2596 2597//2597
f 2578//2578 2597//2597 2579//2579
f 2579//2579 2597//2597 2598//2598
f 2579//2579 2598//2598 2580//2580
f 2580//2580 2598//2598 2599//2599
f 2580//2580 2599//2599 2581//2581
f 2581//2581 2599//2599 2600//2600
f 2581//2581 2600//2600 2582//2582
f 2582//2582 2600//2600 2601//2601
f 2582//2582 2601//2601 2583//2583
f 2583//2583 2601//2601 2602//2602
f 2583//2583 2602//2602 2584//2584
f 2584//2584 2602//2602 2603//2603
f 2585//2585 2604//2604 2586//2586
f 2586//2586 2604//2604 2605//2605
f 2586//2586 2605//2605 2587//2587
f 2587//2587 2605//2605 2606//2606
f 2587//2587 2606//2606 2588//2588
f 2588//2588 2606//2606 2607//2607
f 2588//2588 2607//2607 2589//2589
f 2589//2589 2607//2607 2608//2608
f 2589//2589 2608//2608 2590//2590
f 2590//2590 2608//2608 2609//2609
f 2590//2590 2609//2609 2591//2591
f 2591//2591 2609//2609 2610//2610
f 2591//2591 2610//2610 2592//2592
f 2592//2592 2610//2610 2611//2611
f 2592//2592 2611//2611 2593//2593
f 2593//2593 2611//2611 2612//2612
f 2593//2593 2612//2612 2594//2594
f 2594//2594 2612//2612 2613//2613
f 2594//2594 2613//2613 2595//2595
f 2595//2595 2613//2613 2614//2614
f 2595//2595 2614//2614 2596//2596
f 2596//2596 2614//2614 2615//2615
f 2596//2596 2615//2615 2597//2597
f 2597//2597 2615//2615 2616//2616
f 2597//2597 2616//2616 2598//2598
f 2598//2598 2616//2616 2617//2617
f 2598//2598 2617//2617 2599//2599
f 2599//2599 2617//2617 2618//2618
f 2599//2599 2618//2618 2600//2600
f 2600//2600 2618//2618 2619//2619
f 2600//2600 2619//2619 2601//2601
f 2601//2601 2619//2619 2620//2620
f 2601//2601 2620//2620 2602//2602
f 2602//2602 2620//2620 2621//2621
f 2602//2602 2621//2621 2603//2603
f 2603//2603 2621//2621 2622//2622
f 2604//2604 2623//2623 2605//2605
f 2605//2605 2623//2623 2624//2624
f 2605//2605 2624//2624 2606//2606
f 2606//2606 2624//2624 2625//2625
f 2606//2606 2625//2625 2607//2607
f 2607//2607 2625//2625 2626//2626
f 2607//2607 2626//2626 2608//2608
f 2608//2608 2626//2626 2627//2627
f 2608//2608 2627//2627 2609//2609
f 2609//2609 2627//2627 2628//2628
f 2609//2609 2628//2628 2610//2610
f 2610//2610 2628//2628 2629//2629
f 2610//2610 2629//2629 2611//2611
f 2611//2611 2629//2629 2630//2630
f 2611//2611 2630//2630 2612//2612
f 2612//2612 2630//2630 2631//2631
f 2612//2612 2631//2631 2613//2613
f 2613//2613 2631//2631 2632//2632
f 2613//2613 2632//2632 2614//2614
f 2614//2614 2632//2632 2633//2633
f 2614//2614 2633//2633 2615//2615
f 2615//2615 2633//2633 2634//2634
f 2615//2615 2634//2634 2616//2616
f 2616//2616 2634//2634 2635//2635
f 2616//2616 2635//2635 2617//2617
f 2617//2617 2635//2635 2636//2636
f 2617//2617 2636//2636 2618//2618
f 2618//2618 2636//2636 2637//2637
f 2618//2618 2637//2637 2619//2619
f 2619//2619 2637//2637 2638//2638
f 2619//2619 2638//2638 2620//2620
f 2620//2620 2638//2638 2639//2639
f 2620//2620 2639//2639 2621//2621
f 2621//2621 2639//2639 2640//2640
f 2621//2621 2640//2640 2622//2622
f 2622//2622 2640//2640 2641//2641
f 2623//2623 2642//2642 2624//2624
f 2624//2624 2642//2642 2643//2643
f 2624//2624 2643//2643 2625//2625
f 2625//2625 2643//2643 2644//2644
f 2625//2625 2644//2644 2626//2626
f 2626//2626 2644//2644 2645//2645
f 2626//2626 2645//2645 2627//2627
f 2627//2627 2645//2645 2646//2646
f 2627//2627 2646//2646 2628//2628
f 2628//2628 2646//2646 2647//2647
f 2628//2628 2647//2647 2629//2629
f 2629//2629 2647//2647 2648//2648
f 2629//2629 2648//2648 2630//2630
f 2630//2630 2648//2648 2649//2649
f 2630//2630 2649//2649 2631//2631
f 2631//2631 2649//2649 2650//2650
f 2631//2631 2650//2650 2632//2632
f 2632//2632 2650//2650 2651//2651
f 2632//2632 2651//2651 2633//2633
f 2633//2633 2651//2651 2652//2652
f 2633//2633 2652//2652 2634//2634
f 2634//2634 2652//2652 2653//2653
f 2634//2634 2653//2653 2635//2635
f 2635//2635 2653//2653 2654//2654
f 2635//2635 2654//2654 2636//2636
f 2636//2636 2654//2654 2655//2655
f 2636//2636 2655//2655 2637//2637
f 2637//2637 2655//2655 2656//2656
f 2637//2637 2656//2656 2638//2638
f 2638//2638 2656//2656 2657//2657
f 2638//2638 2657//2657 2639//2639
f 2639//2639 2657//2657 2658//2658
f 2639//2639 2658//2658 2640//2640
f 2640//2640 2658//2658 2659//2659
f 2640//2640 2659//2659 2641//2641
f 2641//2641 2659//2659 2660//2660
f 2642//2642 2661//2661 2643//2643
f 2643//2643 2661//2661 2662//2662
f 2643//2643 2662//2662 2644//2644
f 2644//2644 2662//2662 2663//2663
f 2644//2644 2663//2663 2645//2645
f 2645//2645 2663//2663 2664//2664
f 2645//2645 2664//2664 2646//2646
f 2646//2646 2664//2664 2665//2665
f 2646//2646 2665//2665 2647//2647
f 2647//2647 2665//2665 2666//2666
f 2647//2647 2666//2666 2648//2648
f 2648//2648 2666//2666 2667//2667
f 2648//2648 2667//2667 2649//2649
f 2649//2649 2667//2667 2668//2668
f 2649//2649 2668//2668 2650//2650
f 2650//2650 2668//2668 2669//2669
f 2650//2650 2669//2669 2651//2651
f 2651//2651 2669//2669 2670//2670
f 2651//2651 2670//2670 2652//2652
f 2652//2652 2670//2670 2671//2671
f 2652//2652 2671//2671 2653//2653
f 2653//2653 2671//2671 2672//2672
f 2653//2653 2672//2672 2654//2654
f 2654//2654 2672//2672 2673//2673
f 2654//2654 2673//2673 2655//2655
f 2655//2655 2673//2673 2674//2674
f 2655//2655 2674//2674 2656//2656
f 2656//2656 2674//2674 2675//2675
f 2656//2656 2675//2675 2657//2657
f 2657//2657 2675//2675 2676//2676
f 2657//2657 2676//2676 2658//2658
f 2658//2658 2676//2676 2677//2677
f 2658//2658 2677//2677 2659//2659
f 2659//2659 2677//2677 2678//2678
f 2659//2659 2678//2678 2660//2660
f 2660//2660 2678//2678 2679//2679
f 2661//2661 2680//2680 2662//2662
f 2662//2662 2680//2680 2681//2681
f 2662//2662 2681//2681 2663//2663
f 2663//2663 2681//2681 2682//2682
f 2663//2663 2682//2682 2664//2664
f 2664//2664 2682//2682 2683//2683
f 2664//2664 2683//2683 2665//2665
f 2665//2665 2683//2683 2684//2684
f 2665//2665 2684//2684 2666//2666
f 2666//2666 2684//2684 2685//2685
f 2666//2666 2685//2685 2667//2667
f 2667//2667 2685//2685 2686//2686
f 2667//2667 2686//2686 2668//2668
f 2668//2668 2686//2686 2687//2687
f 2668//2668 2687//2687 2669//2669
f 2669//2669 2687//2687 2688//2688
f 2669//2669 2688//2688 2670//2670
f 2670//2670 2688//2688 2689//2689
f 2670//2670 2689//2689 2671//2671
f 2671//2671 2689//2689 2690//2690
f 2671//2671 2690//2690 2672//2672
f 2672//2672 2690//2690 2691//2691
f 2672//2672 2691//2691 2673//2673
f 2673//2673 2691//2691 2692//2692
f 2673//2673 2692//2692 2674//2674
f 2674//2674 2692//2692 2693//2693
f 2674//2674 2693//2693 2675//2675
f 2675//2675 2693//2693 2694//2694
f 2675//2675 2694//2694 2676//2676
f 2676//2676 2694//2694 2695//2695
f 2676//2676 2695//2695 2677//2677
f 2677//2677 2695//2695 2696//2696
f 2677//2677 2696//2696 2678//2678
f 2678//2678 2696//2696 2697//2697
f 2678//2678 2697//2697 2679//2679
f 2679//2679 2697//2697 2698//2698
f 2680//2680 2699//2699 2681//2681
f 2681//2681 2699//2699 2700//2700
f 2681//2681 2700//2700 2682//2682
f 2682//2682 2700//2700 2701//2701
f 2682//2682 2701//2701 2683//2683
f 2683//2683 2701//2701 2702//2702
f 2683//2683 2702//2702 2684//2684
f 2684//2684 2702//2702 2703//2703
f 2684//2684 2703//2703 2685//2685
f 2685//2685 2703//2703 2704//2704
f 2685//2685 2704//2704 2686//2686
f 2686//2686 2704//2704 2705//2705
f 2686//2686 2705//2705 2687//2687
f 2687//2687 2705//2705 2706//2706
f 2687//2687 2706//2706 2688//2688
f 2688//2688 2706//2706 2707//2707
f 2688//2688 2707//2707 2689//2689
f 2689//2689 2707//2707 2708//2708
f 2689//2689 2708//2708 2690//2690
f 2690//2690 2708//2708 2709//2709
f 2690//2690 2709//2709 2691//2691
f 2691//2691 2709//2709 2710//2710
f 2691//2691 2710//2710 2692//2692
f 2692//2692 2710//2710 2711//2711
f 2692//2692 2711//2711 2693//2693
f 2693//2693 2711//2711 2712//2712
f 2693//2693 2712//2712 2694//2694
f 2694//2694 2712//2712 2713//2713
f 2694//2694 2713//2713 2695//2695
f 2695//2695 2713//2713 2714//2714
f 2695//2695 2714//2714 2696//2696
f 2696//2696 2714//2714 2715//2715
f 2696//2696 2715//2715 2697//2697
f 2697//2697 2715//2715 2716//2716
f 2697//2697 2716//2716 2698//2698
f 2698//2698 2716//2716 2717//2717
f 2699//2699 2718//2718 2700//2700
f 2700//2700 2718//2718 2719//2719
f 2700//2700 2719//2719 2701//2701
f 2701//2701 2719//2719 2720//2720
f 2701//2701 2720//2720 2702//2702
f 2702//2702 2720//2720 2721//2721
f 2702//2702 2721//2721 2703//2703
f 2703//2703 2721//2721 2722//2722
f 2703//2703 2722//2722 2704//2704
f 2704//2704 2722//2722 2723//2723
f 2704//2704 2723//2723 2705//2705
f 2705//2705 2723//2723 2724//2724
f 2705//2705 2724//2724 2706//2706
f 2706//2706 2724//2724 2725//2725
f 2706//2706 2725//2725 2707//2707
f 2707//2707 2725//2725 2726//2726
f 2707//2707 2726//2726 2708//2708
f 2708//2708 2726//2726 2727//2727
f 2708//2708 2727//2727 2709//2709
f 2709//2709 2727//2727 2728//2728
f 2709//2709 2728//2728 2710//2710
f 2710//2710 2728//2728 2729//2729
f 2710//2710 2729//2729 2711//2711
f 2711//2711 2729//2729 2730//2730
f 2711//2711 2730//2730 2712//2712
f 2712//2712 2730//2730 2731//2731
f 2712//2712 2731//2731 2713//2713
f 2713//2713 2731//2731 2732//2732
f 2713//2713 2732//2732 2714//2714
f 2714//2714 2732//2732 2733//2733
f 2714//2714 2733//2733 2715//2715
f 2715//2715 2733//2733 2734//2734
f 2715//2715 2734//2734 2716//2716
f 2716//2716 2734//2734 2735//2735
f 2716//2716 2735//2735 2717//2717
f 2717//2717 2735//2735 2736//2736
f 2718//2718 2737//2737 2719//2719
f 2719//2719 2737//2737 2738//2738
f 2719//2719 2738//2738 2720//2720
f 2720//2720 2738//2738 2739//2739
f 2720//2720 2739//2739 2721//2721
f 2721//2721 2739//2739 2740//2740
f 2721//2721 2740//2740 2722//2722
f 2722//2722 2740//2740 2741//2741
f 2722//2722 2741//2741 2723//2723
f 2723//2723 2741//2741 2742//2742
f 2723//2723 2742//2742 2724//2724
f 2724//2724 2742//2742 2743//2743
f 2724//2724 2743//2743 2725//2725
f 2725//2725 2743//2743 2744//2744
f 2725//2725 2744//2744 2726//2726
f 2726//2726 2744//2744 2745//2745
f 2726//2726 2745//2745 2727//2727
f 2727//2727 2745//2745 2746//2746
f 2727//2727 2746//2746 2728//2728
f 2728//2728 2746//2746 2747//2747
f 2728//2728 2747//2747 2729//2729
f 2729//2729 2747//2747 2748//2748
f 2729//2729 2748//2748 2730//2730
f 2730//2730 2748//2748 2749//2749
f 2730//2730 2749//2749 2731//2731
f 2731//2731 2749//2749 2750//2750
f 2731//2731 2750//2750 2732//2732
f 2732//2732 2750//2750 2751//2751
f 2732//2732 2751//2751 2733//2733
f 2733//2733 2751//2751 2752//2752
f 2733//2733 2752//2752 2734//2734
f 2734//2734 2752//2752 2753//2753
f 2734//2734 2753//2753 2735//2735
f 2735//2735 2753//2753 2754//2754
f 2735//2735 2754//2754 2736//2736
f 2736//2736 2754//2754 2755//2755
f 2737//2737 2756//2756 2738//2738
f 2738//2738 2756//2756 2757//2757
f 2738//2738 2757//2757 2739//2739
f 2739//2739 2757//2757 2758//2758
f 2739//2739 2758//2758 2740//2740
f 2740//2740 2758//2758 2759//2759
f 2740//2740 2759//2759 2741//2741
f 2741//2741 2759//2759 2760//2760
f 2741//2741 2760//2760 2742//2742
f 2742//2742 2760//2760 2761//2761
f 2742//2742 2761//2761 2743//2743
f 2743//2743 2761//2761 2762//2762
f 2743//2743 2762//2762 2744//2744
f 2744//2744 2762//2762 2763//2763
f 2744//2744 2763//2763 2745//2745
f 2745//2745 2763//2763 2764//2764
f 2745//2745 2764//2764 2746//2746
f 2746//2746 2764//2764 2765//2765
f 2746//2746 2765//2765 2747//2747
f 2747//2747 2765//2765 2766//2766
f 2747//2747 2766//2766 2748//2748
f 2748//2748 2766//2766 2767//2767
f 2748//2748 2767//2767 2749//2749
f 2749//2749 2767//2767 2768//2768
f 2749//2749 2768//2768 2750//2750
f 2750//2750 2768//2768 2769//2769
f 2750//2750 2769//2769 2751//2751
f 2751//2751 2769//2769 2770//2770
f 2751//2751 2770//2770 2752//2752
f 2752//2752 2770//2770 2771//2771
f 2752//2752 2771//2771 2753//2753
f 2753//2753 2771//2771 2772//2772
f 2753//2753 2772//2772 2754//2754
f 2754//2754 2772//2772 2773//2773
f 2754//2754 2773//2773 2755//2755
f 2755//2755 2773//2773 2774//2774
f 2756//2756 2775//2775 2757//2757
f 2757//2757 2775//2775 2776//2776
f 2757//2757 2776//2776 2758//2758
f 2758//2758 2776//2776 2777//2777
f 2758//2758 2777//2777 2759//2759
f 2759//2759 2777//2777 2778//2778
f 2759//2759 2778//2778 2760//2760
f 2760//2760 2778//2778 2779//2779
f 2760//2760 2779//2779 2761//2761
f 2761//2761 2779//2779 2780//2780
f 2761//2761 2780//2780 2762//2762
f 2762//2762 2780//2780 2781//2781
f 2762//2762 2781//2781 2763//2763
f 2763//2763 2781//2781 2782//2782
f 2763//2763 2782//2782 2764//2764
f 2764//2764 2782//2782 2783//2783
f 2764//2764 2783//2783 2765//2765
f 2765//2765 2783//2783 2784//2784
f 2765//2765 2784//2784 2766//2766
f 2766//2766 2784//2784 2785//2785
f 2766//2766 2785//2785 2767//2767
f 2767//2767 2785//2785 2786//2786
f 2767//2767 2786//2786 2768//2768
f 2768//2768 2786//2786 2787//2787
f 2768//2768 2787//2787 2769//2769
f 2769//2769 2787//2787 2788//2788
f 2769//2769 2788//2788 2770//2770
f 2770//2770 2788//2788 2789//2789
f 2770//2770 2789//2789 2771//2771
f 2771//2771 2789//2789 2790//2790
f 2771//2771 2790//2790 2772//2772
f 2772//2772 2790//2790 2791//2791
f 2772//2772 2791//2791 2773//2773
f 2773//2773 2791//2791 2792//2792
f 2773//2773 2792//2792 2774//2774
f 2774//2774 2792//2792 2793//2793
f 2775//2775 2794//2794 2776//2776
f 2776//2776 2794//2794 2795//2795
f 2776//2776 2795//2795 2777//2777
f 2777//2777 2795//2795 2796//2796
f 2777//2777 2796//2796 2778//2778
f 2778//2778 2796//2796 2797//2797
f 2778//2778 2797//2797 2779//2779
f 2779//2779 2797//2797 2798//2798
f 2779//2779 2798//2798 2780//2780
f 2780//2780 2798//2798 2799//2799
f 2780//2780 2799//2799 2781//2781
f 2781//2781 2799//2799 2800//2800
f 2781//2781 2800//2800 2782//2782
f 2782//2782 2800//2800 2801//2801
f 2782//2782 2801//2801 2783//2783
f 2783//2783 2801//2801 2802//2802
f 2783//2783 2802//2802 2784//2784
f 2784//2784 2802//2802 2803//2803
f 2784//2784 2803//2803 2785//2785
f 2785//2785 2803//2803 2804//2804
f 2785//2785 2804//2804 2786//2786
f 2786//2786 2804//2804 2805//2805
f 2786//2786 2805//2805 2787//2787
f 2787//2787 2805//2805 2806//2806
f 2787//2787 2806//2806 2788//2788
f 2788//2788 2806//2806 2807//2807
f 2788//2788 2807//2807 2789//2789
f 2789//2789 2807//2807 2808//2808
f 2789//2789 2808//2808 2790//2790
f 2790//2790 2808//2808 2809//2809
f 2790//2790 2809//2809 2791//2791
f 2791//2791 2809//2809 2810//2810
f 2791//2791 2810//2810 2792//2792
f 2792//2792 2810//2810 2811//2811
f 2792//2792 2811//2811 2793//2793
f 2793//2793 2811//2811 2812//2812
f 2794//2794 2813//2813 2795//2795
f 2795//2795 2813//2813 2814//2814
f 2795//2795 2814//2814 2796//2796
f 2796//2796 2814//2814 2815//2815
f 2796//2796 2815//2815 2797//2797
f 2797//2797 2815//2815 2816//2816
f 2797//2797 2816//2816 2798//2798
f 2798//2798 2816//2816 2817//2817
f 2798//2798 2817//2817 2799//2799
f 2799//2799 2817//2817 2818//2818
f 2799//2799 2818//2818 2800//2800
f 2800//2800 2818//2818 2819//2819
f 2800//2800 2819//2819 2801//2801
f 2801//2801 2819//2819 2820//2820
f 2801//2801 2820//2820 2802//2802
f 2802//2802 2820//2820 2821//2821
f 2802//2802 2821//2821 2803//2803
f 2803//2803 2821//2821 2822//2822
f 2803//2803 2822//2822 2804//2804
f 2804//2804 2822//2822 2823//2823
f 2804//2804 2823//2823 2805//2805
f 2805//2805 2823//2823 2824//2824
f 2805//2805 2824//2824 2806//2806
f 2806//2806 2824//2824 2825//2825
f 2806//2806 2825//2825 2807//2807
f 2807//2807 2825//2825 2826//2826
f 2807//2807 2826//2826 2808//2808
f 2808//2808 2826//2826 2827//2827
f 2808//2808 2827//2827 2809//2809
f 2809//2809 2827//2827 2828//2828
f 2809//2809 2828//2828 2810//2810
f 2810//2810 2828//2828 2829//2829
f 2810//2810 2829//2829 2811//2811
f 2811//2811 2829//2829 2830//2830
f 2811//2811 2830//2830 2812//2812
f 2812//2812 2830//2830 2831//2831
f 2813//2813 2832//2832 2814//2814
f 2814//2814 2832//2832 2833//2833
f 2814//2814 2833//2833 2815//2815
f 2815//2815 2833//2833 2834//2834
f 2815//2815 2834//2834 2816//2816
f 2816//2816 2834//2834 2835//2835
f 2816//2816 2835//2835 2817//2817
f 2817//2817 2835//2835 2836//2836
f 2817//2817 2836//2836 2818//2818
f 2818//2818 2836//2836 2837//2837
f 2818//2818 2837//2837 2819//2819
f 2819//2819 2837//2837 2838//2838
f 2819//2819 2838//2838 2820//2820
f 2820//2820 2838//2838 2839//2839
f 2820//2820 2839//2839 2821//2821
f 2821//2821 2839//2839 2840//2840
f 2821//2821 2840//2840 2822//2822
f 2822//2822 2840//2840 2841//2841
f 2822//2822 2841//2841 2823//2823
f 2823//2823 2841//2841 2842//2842
f 2823//2823 2842//2842 2824//2824
f 2824//2824 2842//2842 2843//2843
f 2824//2824 2843//2843 2825//2825
f 2825//2825 2843//2843 2844//2844
f 2825//2825 2844//2844 2826//2826
f 2826//2826 2844//2844 2845//2845
f 2826//2826 2845//2845 2827//2827
f 2827//2827 2845//2845 2846//2846
f 2827//2827 2846//2846 2828//2828
f 2828//2828 2846//2846 2847//2847
f 2828//2828 2847//2847 2829//2829
f 2829//2829 2847//2847 2848//2848
f 2829//2829 2848//2848 2830//2830
f 2830//2830 2848//2848 2849//2849
f 2830//2830 2849//2849 2831//2831
f 2831//2831 2849//2849 2850//2850
f 2832//2832 2851//2851 2833//2833
f 2833//2833 2851//2851 2852//2852
f 2833//2833 2852//2852 2834//2834
f 2834//2834 2852//2852 2853//2853
f 2834//2834 2853//2853 2835//2835
f 2835//2835 2853//2853 2854//2854
f 2835//2835 2854//2854 2836//2836
f 2836//2836 2854//2854 2855//2855
f 2836//2836 2855//2855 2837//2837
f 2837//2837 2855//2855 2856//2856
f 2837//2837 2856//2856 2838//2838
f 2838//2838 2856//2856 2857//2857
f 2838//2838 2857//2857 2839//2839
f 2839//2839 2857//2857 2858//2858
f 2839//2839 2858//2858 2840//2840
f 2840//2840 2858//2858 2859//2859
f 2840//2840 2859//2859 2841//2841
f 2841//2841 2859//2859 2860//2860
f 2841//2841 2860//2860 2842//2842
f 2842//2842 2860//2860 2861//2861
f 2842//2842 2861//2861 2843//2843
f 2843//2843 2861//2861 2862//2862
f 2843//2843 2862//2862 2844//2844
f 2844//2844 2862//2862 2863//2863
f 2844//2844 2863//2863 2845//2845
f 2845//2845 2863//2863 2864//2864
f 2845//2845 2864//2864 2846//2846
f 2846//2846 2864//2864 2865//2865
f 2846//2846 2865//2865 2847//2847
f 2847//2847 2865//2865 2866//2866
f 2847//2847 2866//2866 2848//2848
f 2848//2848 2866//2866 2867//2867
f 2848//2848 2867//2867 2849//2849
f 2849//2849 2867//2867 2868//2868
f 2849//2849 2868//2868 2850//2850
f 2850//2850 2868//2868 2869//2869
f 2851//2851 2870//2870 2852//2852
f 2852//2852 2870//2870 2871//2871
f 2852//2852 2871//2871 2853//2853
f 2853//2853 2871//2871 2872//2872
f 2853//2853 2872//2872 2854//2854
f 2854//2854 2872//2872 2873//2873
f 2854//2854 2873//2873 2855//2855
f 2855//2855 2873//2873 2874//2874
f 2855//2855 2874//2874 2856//2856
f 2856//2856 2874//2874 2875//2875
f 2856//2856 2875//2875 2857//2857
f 2857//2857 2875//2875 2876//2876
f 2857//2857 2876//2876 2858//2858
f 2858//2858 2876//2876 2877//2877
f 2858//2858 2877//2877 2859//2859
f 2859//2859 2877//2877 2878//2878
f 2859//2859 2878//2878 2860//2860
f 2860//2860 2878//2878 2879//2879
f 2860//2860 2879//2879 2861//2861
f 2861//2861 2879//2879 2880//2880
f 2861//2861 2880//2880 2862//2862
f 2862//2862 2880//2880 2881//2881
f 2862//2862 2881//2881 2863//2863
f 2863//2863 2881//2881 2882//2882
f 2863//2863 2882//2882 2864//2864
f 2864//2864 2882//2882 2883//2883
f 2864//2864 2883//2883 2865//2865
f 2865//2865 2883//2883 2884//2884
f 2865//2865 2884//2884 2866//2866
f 2866//2866 2884//2884 2885//2885
f 2866//2866 2885//2885 2867//2867
f 2867//2867 2885//2885 2886//2886
f 2867//2867 2886//2886 2868//2868
f 2868//2868 2886//2886 2887//2887
f 2868//2868 2887//2887 2869//2869
f 2869//2869 2887//2887 2888//2888
f 2870//2870 2889//2889 2871//2871
f 2871//2871 2889//2889 2890//2890
f 2871//2871 2890//2890 2872//2872
f 2872//2872 2890//2890 2891//2891
f 2872//2872 2891//2891 2873//2873
f 2873//2873 2891//2891 2892//2892
f 2873//2873 2892//2892 2874//2874
f 2874//2874 2892//2892 2893//2893
f 2874//2874 2893//2893 2875//2875
f 2875//2875 2893//2893 2894//2894
f 2875//2875 2894//2894 2876//2876
f 2876//2876 2894//2894 2895//2895
f 2876//2876 2895//2895 2877//2877
f 2877//2877 2895//2895 2896//2896
f 2877//2877 2896//2896 2878//2878
f 2878//2878 2896//2896 2897//2897
f 2878//2878 2897//2897 2879//2879
f 2879//2879 2897//2897 2898//2898
f 2879//2879 2898//2898 2880//2880
f 2880//2880 2898//2898 2899//2899
f 2880//2880 2899//2899 2881//2881
f 2881//2881 2899//2899 2900//2900
f 2881//2881 2900//2900 2882//2882
f 2882//2882 2900//2900 2901//2901
f 2882//2882 2901//2901 2883//2883
f 2883//2883 2901//2901 2902//2902
f 2883//2883 2902//2902 2884//2884
f 2884//2884 2902//2902 2903//2903
f 2884//2884 2903//2903 2885//2885
f 2885//2885 2903//2903 2904//2904
f 2885//2885 2904//2904 2886//2886
f 2886//2886 2904//2904 2905//2905
f 2886//2886 2905//2905 2887//2887
f 2887//2887 2905//2905 2906//2906
f 2887//2887 2906//2906 2888//2888
f 2888//2888 2906//2906 2907//2907
f 2889//2889 2908//2908 2890//2890
f 2890//2890 2908//2908 2909//2909
f 2890//2890 2909//2909 2891//2891
f 2891//2891 2909//2909 2910//2910
f 2891//2891 2910//2910 2892//2892
f 2892//2892 2910//2910 2911//2911
f 2892//2892 2911//2911 2893//2893
f 2893//2893 2911//2911 2912//2912
f 2893//2893 2912//2912 2894//2894
f 2894//2894 2912//2912 2913//2913
f 2894//2894 2913//2913 2895//2895
f 2895//2895 2913//2913 2914//2914
f 2895//2895 2914//2914 2896//2896
f 2896//2896 2914//2914 2915//2915
f 2896//2896 2915//2915 2897//2897
f 2897//2897 2915//2915 2916//2916
f 2897//2897 2916//2916 2898//2898
f 2898//2898 2916//2916 2917//2917
f 2898//2898 2917//2917 2899//2899
f 2899//2899 2917//2917 2918//2918
f 2899//2899 2918//2918 2900//2900
f 2900//2900 2918//2918 2919//2919
f 2900//2900 2919//2919 2901//2901
f 2901//2901 2919//2919 2920//2920
f 2901//2901 2920//2920 2902//2902
f 2902//2902 2920//2920 2921//2921
f 2902//2902 2921//2921 2903//2903
f 2903//2903 2921//2921 2922//2922
f 2903//2903 2922//2922 2904//2904
f 2904//2904 2922//2922 2923//2923
f 2904//2904 2923//2923 2905//2905
f 2905//2905 2923//2923 2924//2924
f 2905//2905 2924//2924 2906//2906
f 2906//2906 2924//2924 2925//2925
f 2906//2906 2925//2925 2907//2907
f 2907//2907 2925//2925 2926//2926
f 2908//2908 2927//2927 2909//2909
f 2909//2909 2927//2927 2928//2928
f 2909//2909 2928//2928 2910//2910
f 2910//2910 2928//2928 2929//2929
f 2910//2910 2929//2929 2911//2911
f 2911//2911 2929//2929 2930//2930
f 2911//2911 2930//2930 2912//2912
f 2912//2912 2930//2930 2931//2931
f 2912//2912 2931//2931 2913//2913
f 2913//2913 2931//2931 2932//2932
f 2913//2913 2932//2932 2914//2914
f 2914//2914 2932//2932 2933//2933
f 2914//2914 2933//2933 2915//2915
f 2915//2915 2933//2933 2934//2934
f 2915//2915 2934//2934 2916//2916
f 2916//2916 2934//2934 2935//2935
f 2916//2916 2935//2935 2917//2917
f 2917//2917 2935//2935 2936//2936
f 2917//2917 2936//2936 2918//2918
f 2918//2918 2936//2936 2937//2937
f 2918//2918 2937//2937 2919//2919
f 2919//2919 2937//2937 2938//2938
f 2919//2919 2938//2938 2920//2920
f 2920//2920 2938//2938 2939//2939
f 2920//2920 2939//2939 2921//2921
f 2921//2921 2939//2939 2940//2940
f 2921//2921 2940//2940 2922//2922
f 2922//2922 2940//2940 2941//2941
f 2922//2922 2941//2941 2923//2923
f 2923//2923 2941//2941 2942//2942
f 2923//2923 2942//2942 2924//2924
f 2924//2924 2942//2942 2943//2943
f 2924//2924 2943//2943 2925//2925
f 2925//2925 2943//2943 2944//2944
f 2925//2925 2944//2944 2926//2926
f 2926//2926 2944//2944 2945//2945
f 2927//2927 2946//2946 2928//2928
f 2928//2928 2946//2946 2947//2947
f 2928//2928 2947//2947 2929//2929
f 2929//2929 2947//2947 2948//2948
f 2929//2929 2948//2948 2930//2930
f 2930//2930 2948//2948 2949//2949
f 2930//2930 2949//2949 2931//2931
f 2931//2931 2949//2949 2950//2950
f 2931//2931 2950//2950 2932//2932
f 2932//2932 2950//2950 2951//2951
f 2932//2932 2951//2951 2933//2933
f 2933//2933 2951//2951 2952//2952
f 2933//2933 2952//2952 2934//2934
f 2934//2934 2952//2952 2953//2953
f 2934//2934 2953//2953 2935//2935
f 2935//2935 2953//2953 2954//2954
f 2935//2935 2954//2954 2936//2936
f 2936//2936 2954//2954 2955//2955
f 2936//2936 2955//2955 2937//2937
f 2937//2937 2955//2955 2956//2956
f 2937//2937 2956//2956 2938//2938
f 2938//2938 2956//2956 2957//2957
f 2938//2938 2957//2957 2939//2939
f 2939//2939 2957//2957 2958//2958
f 2939//2939 2958//2958 2940//2940
f 2940//2940 2958//2958 2959//2959
f 2940//2940 2959//2959 2941//2941
f 2941//2941 2959//2959 2960//2960
f 2941//2941 2960//2960 2942//2942
f 2942//2942 2960//2960 2961//2961
f 2942//2942 2961//2961 2943//2943
f 2943//2943 2961//2961 2962//2962
f 2943//2943 2962//2962 2944//2944
f 2944//2944 2962//2962 2963//2963
f 2944//2944 2963//2963 2945//2945
f 2945//2945 2963//2963 2964//2964
f 2946//2946 2965//2965 2947//2947
f 2947//2947 2965//2965 2966//2966
f 2947//2947 2966//2966 2948//2948
f 2948//2948 2966//2966 2967//2967
f 2948//2948 2967//2967 2949//2949
f 2949//2949 2967//2967 2968//2968
f 2949//2949 2968//2968 2950//2950
f 2950//2950 2968//2968 2969//2969
f 2950//2950 2969//2969 2951//2951
f 2951//2951 2969//2969 2970//2970
f 2951//2951 2970//2970 2952//2952
f 2952//2952 2970//2970 2971//2971
f 2952//2952 2971//2971 2953//2953
f 2953//2953 2971//2971 2972//2972
f 2953//2953 2972//2972 2954//2954
f 2954//2954 2972//2972 2973//2973
f 2954//2954 2973//2973 2955//2955
f 2955//2955 2973//2973 2974//2974
f 2955//2955 2974//2974 2956//2956
f 2956//2956 2974//2974 2975//2975
f 2956//2956 2975//2975 2957//2957
f 2957//2957 2975//2975 2976//2976
f 2957//2957 2976//2976 2958//2958
f 2958//2958 2976//2976 2977//2977
f 2958//2958 2977//2977 2959//2959
f 2959//2959 2977//2977 2978//2978
f 2959//2959 2978//2978 2960//2960
f 2960//2960 2978//2978 2979//2979
f 2960//2960 2979//2979 2961//2961
f 2961//2961 2979//2979 2980//2980
f 2961//2961 2980//2980 2962//2962
f 2962//2962 2980//2980 2981//2981
f 2962//2962 2981//2981 2963//2963
f 2963//2963 2981//2981 2982//2982
f 2963//2963 2982//2982 2964//2964
f 2964//2964 2982//2982 2983//2983
f 2965//2965 2984//2984 2966//2966
f 2966//2966 2984//2984 2985//2985
f 2966//2966 2985//2985 2967//2967
f 2967//2967 2985//2985 2986//2986
f 2967//2967 2986//2986 2968//2968
f 2968//2968 2986//2986 2987//2987
f 2968//2968 2987//2987 2969//2969
f 2969//2969 2987//2987 2988//2988
f 2969//2969 2988//2988 2970//2970
f 2970//2970 2988//2988 2989//2989
f 2970//2970 2989//2989 2971//2971
f 2971//2971 2989//2989 2990//2990
f 2971//2971 2990//2990 2972//2972
f 2972//2972 2990//2990 2991//2991
f 2972//2972 2991//2991 2973//2973
f 2973//2973 2991//2991 2992//2992
f 2973//2973 2992//2992 2974//2974
f 2974//2974 2992//2992 2993//2993
f 2974//2974 2993//2993 2975//2975
f 2975//2975 2993//2993 2994//2994
f 2975//2975 2994//2994 2976//2976
f 2976//2976 2994//2994 2995//2995
f 2976//2976 2995//2995 2977//2977
f 2977//2977 2995//2995 2996//2996
f 2977//2977 2996//2996 2978//2978
f 2978//2978 2996//2996 2997//2997
f 2978//2978 2997//2997 2979//2979
f 2979//2979 2997//2997 2998//2998
f 2979//2979 2998//2998 2980//2980
f 2980//2980 2998//2998 2999//2999
f 2980//2980 2999//2999 2981//2981
f 2981//2981 2999//2999 3000//3000
f 2981//2981 3000//3000 2982//2982
f 2982//2982 3000//3000 3001//3001
f 2982//2982 3001//3001 2983//2983
f 2983//2983 3001//3001 3002//3002
f 2984//2984 3003//3003 2985//2985
f 2985//2985 3003//3003 3004//3004
f 2985//2985 3004//3004 2986//2986
f 2986//2986 3004//3004 3005//3005
f 2986//2986 3005//3005 2987//2987
f 2987//2987 3005//3005 3006//3006
f 2987//2987 3006//3006 2988//2988
f 2988//2988 3006//3006 3007//3007
f 2988//2988 3007//3007 2989//2989
f 2989//2989 3007//3007 3008//3008
f 2989//2989 3008//3008 2990//2990
f 2990//2990 3008//3008 3009//3009
f 2990//2990 3009//3009 2991//2991
f 2991//2991 3009//3009 3010//3010
f 2991//2991 3010//3010 2992//2992
f 2992//2992 3010//3010 3011//3011
f 2992//2992 3011//3011 2993//2993
f 2993//2993 3011//3011 3012//3012
f 2993//2993 3012//3012 2994//2994
f 2994//2994 3012//3012 3013//3013
f 2994//2994 3013//3013 2995//2995
f 2995//2995 3013//3013 3014//3014
f 2995//2995 3014//3014 2996//2996
f 2996//2996 3014//3014 3015//3015
f 2996//2996 3015//3015 2997//2997
f 2997//2997 3015//3015 3016//3016
f 2997//2997 3016//3016 2998//2998
f 2998//2998 3016//3016 3017//3017
f 2998//2998 3017//3017 2999//2999
f 2999//2999 3017//3017 3018//3018
f 2999//2999 3018//3018 3000//3000
f 3000//3000 3018//3018 3019//3019
f 3000//3000 3019//3019 3001//3001
f 3001//3001 3019//3019 3020//3020
f 3001//3001 3020//3020 3002//3002
f 3002//3002 3020//3020 3021//3021
f 3003//3003 3022//3022 3004//3004
f 3004//3004 3022//3022 3023//3023
f 3004//3004 3023//3023 3005//3005
f 3005//3005 3023//3023 3024//3024
f 3005//3005 3024//3024 3006//3006
f 3006//3006 3024//3024 3025//3025
f 3006//3006 3025//3025 3007//3007
f 3007//3007 3025//3025 3026//3026
f 3007//3007 3026//3026 3008//3008
f 3008//3008 3026//3026 3027//3027
f 3008//3008 3027//3027 3009//3009
f 3009//3009 3027//3027 3028//3028
f 3009//3009 3028//3028 3010//3010
f 3010//3010 3028//3028 3029//3029
f 3010//3010 3029//3029 3011//3011
f 3011//3011 3029//3029 3030//3030
f 3011//3011 3030//3030 3012//3012
f 3012//3012 3030//3030 3031//3031
f 3012//3012 3031//3031 3013//3013
f 3013//3013 3031//3031 3032//3032
f 3013//3013 3032//3032 3014//3014
f 3014//3014 3032//3032 3033//3033
f 3014//3014 3033//3033 3015//3015
f 3015//3015 3033//3033 3034//3034
f 3015//3015 3034//3034 3016//3016
f 3016//3016 3034//3034 3035//3035
f 3016//3016 3035//3035 3017//3017
f 3017//3017 3035//3035 3036//3036
f 3017//3017 3036//3036 3018//3018
f 3018//3018 3036//3036 3037//3037
f 3018//3018 3037//3037 3019//3019
f 3019//3019 3037//3037 3038//3038
f 3019//3019 3038//3038 3020//3020
f 3020//3020 3038//3038 3039//3039
f 3020//3020 3039//3039 3021//3021
f 3021//3021 3039//3039 3040//3040
f 3022//3022 3041//3041 3023//3023
f 3023//3023 3041//3041 3042//3042
f 3023//3023 3042//3042 3024//3024
f 3024//3024 3042//3042 3043//3043
f 3024//3024 3043//3043 3025//3025
f 3025//3025 3043//3043 3044//3044
f 3025//3025 3044//3044 3026//3026
f 3026//3026 3044//3044 3045//3045
f 3026//3026 3045//3045 3027//3027
f 3027//3027 3045//3045 3046//3046
f 3027//3027 3046//3046 3028//3028
f 3028//3028 3046//3046 3047//3047
f 3028//3028 3047//3047 3029//3029
f 3029//3029 3047//3047 3048//3048
f 3029//3029 3048//3048 3030//3030
f 3030//3030 3048//3048 3049//3049
f 3030//3030 3049//3049 3031//3031
f 3031//3031 3049//3049 3050//3050
f 3031//3031 3050//3050 3032//3032
f 3032//3032 3050//3050 3051//3051
f 3032//3032 3051//3051 3033//3033
f 3033//3033 3051//3051 3052//3052
f 3033//3033 3052//3052 3034//3034
f 3034//3034 3052//3052 3053//3053
f 3034//3034 3053//3053 3035//3035
f 3035//3035 3053//3053 3054//3054
f 3035//3035 3054//3054 3036//3036
f 3036//3036 3054//3054 3055//3055
f 3036//3036 3055//3055 3037//3037
f 3037//3037 3055//3055 3056//3056
f 3037//3037 3056//3056 3038//3038
f 3038//3038 3056//3056 3057//3057
f 3038//3038 3057//3057 3039//3039
f 3039//3039 3057//3057 3058//3058
f 3039//3039 3058//3058 3040//3040
f 3040//3040 3058//3058 3059//3059
f 3041//3041 3060//3060 3042//3042
f 3042//3042 3060//3060 3061//3061
f 3042//3042 3061//3061 3043//3043
f 3043//3043 3061//3061 3062//3062
f 3043//3043 3062//3062 3044//3044
f 3044//3044 3062//3062 3063//3063
f 3044//3044 3063//3063 3045//3045
f 3045//3045 3063//3063 3064//3064
f 3045//3045 3064//3064 3046//3046
f 3046//3046 3064//3064 3065//3065
f 3046//3046 3065//3065 3047//3047
f 3047//3047 3065//3065 3066//3066
f 3047//3047 3066//3066 3048//3048
f 3048//3048 3066//3066 3067//3067
f 3048//3048 3067//3067 3049//3049
f 3049//3049 3067//3067 3068//3068
f 3049//3049 3068//3068 3050//3050
f 3050//3050 3068//3068 3069//3069
f 3050//3050 3069//3069 3051//3051
f 3051//3051 3069//3069 3070//3070
f 3051//3051 3070//3070 3052//3052
f 3052//3052 3070//3070 3071//3071
f 3052//3052 3071//3071 3053//3053
f 3053//3053 3071//3071 3072//3072
f 3053//3053 3072//3072 3054//3054
f 3054//3054 3072//3072 3073//3073
f 3054//3054 3073//3073 3055//3055
f 3055//3055 3073//3073 3074//3074
f 3055//3055 3074//3074 3056//3056
f 3056//3056 3074//3074 3075//3075
f 3056//3056 3075//3075 3057//3057
f 3057//3057 3075//3075 3076//3076
f 3057//3057 3076//3076 3058//3058
f 3058//3058 3076//3076 3077//3077
f 3058//3058 3077//3077 3059//3059
f 3059//3059 3077//3077 3078//3078
f 3060//3060 3079//3079 3061//3061
f 3061//3061 3079//3079 3080//3080
f 3061//3061 3080//3080 3062//3062
f 3062//3062 3080//3080 3081//3081
f 3062//3062 3081//3081 3063//3063
f 3063//3063 3081//3081 3082//3082
f 3063//3063 3082//3082 3064//3064
f 3064//3064 3082//3082 3083//3083
f 3064//3064 3083//3083 3065//3065
f 3065//3065 3083//3083 3084//3084
f 3065//3065 3084//3084 3066//3066
f 3066//3066 3084//3084 3085//3085
f 3066//3066 3085//3085 3067//3067
f 3067//3067 3085//3085 3086//3086
f 3067//3067 3086//3086 3068//3068
f 3068//3068 3086//3086 3087//3087
f 3068//3068 3087//3087 3069//3069
f 3069//3069 3087//3087 3088//3088
f 3069//3069 3088//3088 3070//3070
f 3070//3070 3088//3088 3089//3089
f 3070//3070 3089//3089 3071//3071
f 3071//3071 3089//3089 3090//3090
f 3071//3071 3090//3090 3072//3072
f 3072//3072 3090//3090 3091//3091
f 3072//3072 3091//3091 3073//3073
f 3073//3073 3091//3091 3092//3092
f 3073//3073 3092//3092 3074//3074
f 3074//3074 3092//3092 3093//3093
f 3074//3074 3093//3093 3075//3075
f 3075//3075 3093//3093 3094//3094
f 3075//3075 3094//3094 3076//3076
f 3076//3076 3094//3094 3095//3095
f 3076//3076 3095//3095 3077//3077
f 3077//3077 3095//3095 3096//3096
f 3077//3077 3096//3096 3078//3078
f 3078//3078 3096//3096 3097//3097
f 3079//3079 3098//3098 3080//3080
f 3080//3080 3098//3098 3099//3099
f 3080//3080 3099//3099 3081//3081
f 3081//3081 3099//3099 3100//3100
f 3081//3081 3100//3100 3082//3082
f 3082//3082 3100//3100 3101//3101
f 3082//3082 3101//3101 3083//3083
f 3083//3083 3101//3101 3102//3102
f 3083//3083 3102//3102 3084//3084
f 3084//3084 3102//3102 3103//3103
f 3084//3084 3103//3103 3085//3085
f 3085//3085 3103//3103 3104//3104
f 3085//3085 3104//3104 3086//3086
f 3086//3086 3104//3104 3105//3105
f 3086//3086 3105//3105 3087//3087
f 3087//3087 3105//3105 3106//3106
f 3087//3087 3106//3106 3088//3088
f 3088//3088 3106//3106 3107//3107
f 3088//3088 3107//3107 3089//3089
f 3089//3089 3107//3107 3108//3108
f 3089//3089 3108//3108 3090//3090
f 3090//3090 3108//3108 3109//3109
f 3090//3090 3109//3109 3091//3091
f 3091//3091 3109//3109 3110//3110
f 3091//3091 3110//3110 3092//3092
f 3092//3092 3110//3110 3111//3111
f 3092//3092 3111//3111 3093//3093
f 3093//3093 3111//3111 3112//3112
f 3093//3093 3112//3112 3094//3094
f 3094//3094 3112//3112 3113//3113
f 3094//3094 3113//3113 3095//3095
f 3095//3095 3113//3113 3114//3114
f 3095//3095 3114//3114 3096//3096
f 3096//3096 3114//3114 3115//3115
f 3096//3096 3115//3115 3097//3097
f 3097//3097 3115//3115 3116//3116
f 3098//3098 3117//3117 3099//3099
f 3099//3099 3117//3117 3118//3118
f 3099//3099 3118//3118 3100//3100
f 3100//3100 3118//3118 3119//3119
f 3100//3100 3119//3119 3101//3101
f 3101//3101 3119//3119 3120//3120
f 3101//3101 3120//3120 3102//3102
f 3102//3102 3120//3120 3121//3121
f 3102//3102 3121//3121 3103//3103
f 3103//3103 3121//3121 3122//3122
f 3103//3103 3122//3122 3104//3104
f 3104//3104 3122//3122 3123//3123
f 3104//3104 3123//3123 3105//3105
f 3105//3105 3123//3123 3124//3124
f 3105//3105 3124//3124 3106//3106
f 3106//3106 3124//3124 3125//3125
f 3106//3106 3125//3125 3107//3107
f 3107//3107 3125//3125 3126//3126
f 3107//3107 3126//3126 3108//3108
f 3108//3108 3126//3126 3127//3127
f 3108//3108 3127//3127 3109//3109
f 3109//3109 3127//3127 3128//3128
f 3109//3109 3128//3128 3110//3110
f 3110//3110 3128//3128 3129//3129
f 3110//3110 3129//3129 3111//3111
f 3111//3111 3129//3129 3130//3130
f 3111//3111 3130//3130 3112//3112
f 3112//3112 3130//3130 3131//3131
f 3112//3112 3131//3131 3113//3113
f 3113//3113 3131//3131 3132//3132
f 3113//3113 3132//3132 3114//3114
f 3114//3114 3132//3132 3133//3133
f 3114//3114 3133//3133 3115//3115
f 3115//3115 3133//3133 3134//3134
f 3115//3115 3134//3134 3116//3116
f 3116//3116 3134//3134 3135//3135
f 3117//3117 3136//3136 3118//3118
f 3118//3118 3136//3136 3137//3137
f 3118//3118 3137//3137 3119//3119
f 3119//3119 3137//3137 3138//3138
f 3119//3119 3138//3138 3120//3120
f 3120//3120 3138//3138 3139//3139
f 3120//3120 3139//3139 3121//3121
f 3121//3121 3139//3139 3140//3140
f 3121//3121 3140//3140 3122//3122
f 3122//3122 3140//3140 3141//3141
f 3122//3122 3141//3141 3123//3123
f 3123//3123 3141//3141 3142//3142
f 3123//3123 3142//3142 3124//3124
f 3124//3124 3142//3142 3143//3143
f 3124//3124 3143//3143 3125//3125
f 3125//3125 3143//3143 3144//3144
f 3125//3125 3144//3144 3126//3126
f 3126//3126 3144//3144 3145//3145
f 3126//3126 3145//3145 3127//3127
f 3127//3127 3145//3145 3146//3146
f 3127//3127 3146//3146 3128//3128
f 3128//3128 3146//3146 3147//3147
f 3128//3128 3147//3147 3129//3129
f 3129//3129 3147//3147 3148//3148
f 3129//3129 3148//3148 3130//3130
f 3130//3130 3148//3148 3149//3149
f 3130//3130 3149//3149 3131//3131
f 3131//3131 3149//3149 3150//3150
f 3131//3131 3150//3150 3132//3132
f 3132//3132 3150//3150 3151//3151
f 3132//3132 3151//3151 3133//3133
f 3133//3133 3151//3151 3152//3152
f 3133//3133 3152//3152 3134//3134
f 3134//3134 3152//3152 3153//3153
f 3134//3134 3153//3153 3135//3135
f 3135//3135 3153//3153 3154//3154
f 3136//3136 3155//3155 3137//3137
f 3137//3137 3155//3155 3156//3156
f 3137//3137 3156//3156 3138//3138
f 3138//3138 3156//3156 3157//3157
f 3138//3138 3157//3157 3139//3139
f 3139//3139 3157//3157 3158//3158
f 3139//3139 3158//3158 3140//3140
f 3140//3140 3158//3158 3159//3159
f 3140//3140 3159//3159 3141//3141
f 3141//3141 3159//3159 3160//3160
f 3141//3141 3160//3160 3142//3142
f 3142//3142 3160//3160 3161//3161
f 3142//3142 3161//3161 3143//3143
f 3143//3143 3161//3161 3162//3162
f 3143//3143 3162//3162 3144//3144
f 3144//3144 3162//3162 3163//3163
f 3144//3144 3163//3163 3145//3145
f 3145//3145 3163//3163 3164//3164
f 3145//3145 3164//3164 3146//3146
f 3146//3146 3164//3164 3165//3165
f 3146//3146 3165//3165 3147//3147
f 3147//3147 3165//3165 3166//3166
f 3147//3147 3166//3166 3148//3148
f 3148//3148 3166//3166 3167//3167
f 3148//3148 3167//3167 3149//3149
f 3149//3149 3167//3167 3168//3168
f 3149//3149 3168//3168 3150//3150
f 3150//3150 3168//3168 3169//3169
f 3150//3150 3169//3169 3151//3151
f 3151//3151 3169//3169 3170//3170
f 3151//3151 3170//3170 3152//3152
f 3152//3152 3170//3170 3171//3171
f 3152//3152 3171//3171 3153//3153
f 3153//3153 3171//3171 3172//3172
f 3153//3153 3172//3172 3154//3154
f 3154//3154 3172//3172 3173//3173
f 3155//3155 3174//3174 3156//3156
f 3156//3156 3174//3174 3175//3175
f 3156//3156 3175//3175 3157//3157
f 3157//3157 3175//3175 3176//3176
f 3157//3157 3176//3176 3158//3158
f 3158//3158 3176//3176 3177//3177
f 3158//3158 3177//3177 3159//3159
f 3159//3159 3177//3177 3178//3178
f 3159//3159 3178//3178 3160//3160
f 3160//3160 3178//3178 3179//3179
f 3160//3160 3179//3179 3161//3161
f 3161//3161 3179//3179 3180//3180
f 3161//3161 3180//3180 3162//3162
f 3162//3162 3180//3180 3181//3181
f 3162//3162 3181//3181 3163//3163
f 3163//3163 3181//3181 3182//3182
f 3163//3163 3182//3182 3164//3164
f 3164//3164 3182//3182 3183//3183
f 3164//3164 3183//3183 3165//3165
f 3165//3165 3183//3183 3184//3184
f 3165//3165 3184//3184 3166//3166
f 3166//3166 3184//3184 3185//3185
f 3166//3166 3185//3185 3167//3167
f 3167//3167 3185//3185 3186//3186
f 3167//3167 3186//3186 3168//3168
f 3168//3168 3186//3186 3187//3187
f 3168//3168 3187//3187 3169//3169
f 3169//3169 3187//3187 3188//3188
f 3169//3169 3188//3188 3170//3170
f 3170//3170 3188//3188 3189//3189
f 3170//3170 3189//3189 3171//3171
f 3171//3171 3189//3189 3190//3190
f 3171//3171 3190//3190 3172//3172
f 3172//3172 3190//3190 3191//3191
f 3172//3172 3191//3191 3173//3173
f 3173//3173 3191//3191 3192//3192
f 3174//3174 3193//3193 3175//3175
f 3175//3175 3193//3193 3194//3194
f 3175//3175 3194//3194 3176//3176
f 3176//3176 3194//3194 3195//3195
f 3176//3176 3195//3195 3177//3177
f 3177//3177 3195//3195 3196//3196
f 3177//3177 3196//3196 3178//3178
f 3178//3178 3196//3196 3197//3197
f 3178//3178 3197//3197 3179//3179
f 3179//3179 3197//3197 3198//3198
f 3179//3179 3198//3198 3180//3180
f 3180//3180 3198//3198 3199//3199
f 3180//3180 3199//3199 3181//3181
f 3181//3181 3199//3199 3200//3200
f 3181//3181 3200//3200 3182//3182
f 3182//3182 3200//3200 3201//3201
f 3182//3182 3201//3201 3183//3183
f 3183//3183 3201//3201 3202//3202
f 3183//3183 3202//3202 3184//3184
f 3184//3184 3202//3202 3203//3203
f 3184//3184 3203//3203 3185//3185
f 3185//3185 3203//3203 3204//3204
f 3185//3185 3204//3204 3186//3186
f 3186//3186 3204//3204 3205//3205
f 3186//3186 3205//3205 3187//3187
f 3187//3187 3205//3205 3206//3206
f 3187//3187 3206//3206 3188//3188
f 3188//3188 3206//3206 3207//3207
f 3188//3188 3207//3207 3189//3189
f 3189//3189 3207//3207 3208//3208
f 3189//3189 3208//3208 3190//3190
f 3190//3190 3208//3208 3209//3209
f 3190//3190 3209//3209 3191//3191
f 3191//3191 3209//3209 3210//3210
f 3191//3191 3210//3210 3192//3192
f 3192//3192 3210//3210 3211//3211
f 3193//3193 3212//3212 3194//3194
f 3194//3194 3212//3212 3213//3213
f 3194//3194 3213//3213 3195//3195
f 3195//3195 3213//3213 3214//3214
f 3195//3195 3214//3214 3196//3196
f 3196//3196 3214//3214 3215//3215
f 3196//3196 3215//3215 3197//3197
f 3197//3197 3215//3215 3216//3216
f 3197//3197 3216//3216 3198//3198
f 3198//3198 3216//3216 3217//3217
f 3198//3198 3217//3217 3199//3199
f 3199//3199 3217//3217 3218//3218
f 3199//3199 3218//3218 3200//3200
f 3200//3200 3218//3218 3219//3219
f 3200//3200 3219//3219 3201//3201
f 3201//3201 3219//3219 3220//3220
f 3201//3201 3220//3220 3202//3202
f 3202//3202 3220//3220 3221//3221
f 3202//3202 3221//3221 3203//3203
f 3203//3203 3221//3221 3222//3222
f 3203//3203 3222//3222 3204//3204
f 3204//3204 3222//3222 3223//3223
f 3204//3204 3223//3223 3205//3205
f 3205//3205 3223//3223 3224//3224
f 3205//3205 3224//3224 3206//3206
f 3206//3206 3224//3224 3225//3225
f 3206//3206 3225//3225 3207//3207
f 3207//3207 3225//3225 3226//3226
f 3207//3207 3226//3226 3208//3208
f 3208//3208 3226//3226 3227//3227
f 3208//3208 3227//3227 3209//3209
f 3209//3209 3227//3227 3228//3228
f 3209//3209 3228//3228 3210//3210
f 3210//3210 3228//3228 3229//3229
f 3210//3210 3229//3229 3211//3211
f 3211//3211 3229//3229 3230//3230
f 3212//3212 3231//3231 3213//3213
f 3213//3213 3231//3231 3232//3232
f 3213//3213 3232//3232 3214//3214
f 3214//3214 3232//3232 3233//3233
f 3214//3214 3233//3233 3215//3215
f 3215//3215 3233//3233 3234//3234
f 3215//3215 3234//3234 3216//3216
f 3216//3216 3234//3234 3235//3235
f 3216//3216 3235//3235 3217//3217
f 3217//3217 3235//3235 3236//3236
f 3217//3217 3236//3236 3218//3218
f 3218//3218 3236//3236 3237//3237
f 3218//3218 3237//3237 3219//3219
f 3219//3219 3237//3237 3238//3238
f 3219//3219 3238//3238 3220//3220
f 3220//3220 3238//3238 3239//3239
f 3220//3220 3239//3239 3221//3221
f 3221//3221 3239//3239 3240//3240
f 3221//3221 3240//3240 3222//3222
f 3222//3222 3240//3240 3241//3241
f 3222//3222 3241//3241 3223//3223
f 3223//3223 3241//3241 3242//3242
f 3223//3223 3242//3242 3224//3224
f 3224//3224 3242//3242 3243//3243
f 3224//3224 3243//3243 3225//3225
f 3225//3225 3243//3243 3244//3244
f 3225//3225 3244//3244 3226//3226
f 3226//3226 3244//3244 3245//3245
f 3226//3226 3245//3245 3227//3227
f 3227//3227 3245//3245 3246//3246
f 3227//3227 3246//3246 3228//3228
f 3228//3228 3246//3246 3247//3247
f 3228//3228 3247//3247 3229//3229
f 3229//3229 3247//3247 3248//3248
f 3229//3229 3248//3248 3230//3230
f 3230//3230 3248//3248 3249//3249
f 3231//3231 3250//3250 3232//3232
f 3232//3232 3250//3250 3251//3251
f 3232//3232 3251//3251 3233//3233
f 3233//3233 3251//3251 3252//3252
f 3233//3233 3252//3252 3234//3234
f 3234//3234 3252//3252 3253//3253
f 3234//3234 3253//3253 3235//3235
f 3235//3235 3253//3253 3254//3254
f 3235//3235 3254//3254 3236//3236
f 3236//3236 3254//3254 3255//3255
f 3236//3236 3255//3255 3237//3237
f 3237//3237 3255//3255 3256//3256
f 3237//3237 3256//3256 3238//3238
f 3238//3238 3256//3256 3257//3257
f 3238//3238 3257//3257 3239//3239
f 3239//3239 3257//3257 3258//3258
f 3239//3239 3258//3258 3240//3240
f 3240//3240 3258//3258 3259//3259
f 3240//3240 3259//3259 3241//3241
f 3241//3241 3259//3259 3260//3260
f 3241//3241 3260//3260 3242//3242
f 3242//3242 3260//3260 3261//3261
f 3242//3242 3261//3261 3243//3243
f 3243//3243 3261//3261 3262//3262
f 3243//3243 3262//3262 3244//3244
f 3244//3244 3262//3262 3263//3263
f 3244//3244 3263//3263 3245//3245
f 3245//3245 3263//3263 3264//3264
f 3245//3245 3264//3264 3246//3246
f 3246//3246 3264//3264 3265//3265
f 3246//3246 3265//3265 3247//3247
f 3247//3247 3265//3265 3266//3266
f 3247//3247 3266//3266 3248//3248
f 3248//3248 3266//3266 3267//3267
f 3248//3248 3267//3267 3249//3249
f 3249//3249 3267//3267 3268//3268
f 3250//3250 3269//3269 3251//3251
f 3251//3251 3269//3269 3270//3270
f 3251//3251 3270//3270 3252//3252
f 3252//3252 3270//3270 3271//3271
f 3252//3252 3271//3271 3253//3253
f 3253//3253 3271//3271 3272//3272
f 3253//3253 3272//3272 3254//3254
f 3254//3254 3272//3272 3273//3273
f 3254//3254 3273//3273 3255//3255
f 3255//3255 3273//3273 3274//3274
f 3255//3255 3274//3274 3256//3256
f 3256//3256 3274//3274 3275//3275
f 3256//3256 3275//3275 3257//3257
f 3257//3257 3275//3275 3276//3276
f 3257//3257 3276//3276 3258//3258
f 3258//3258 3276//3276 3277//3277
f 3258//3258 3277//3277 3259//3259
f 3259//3259 3277//3277 3278//3278
f 3259//3259 3278//3278 3260//3260
f 3260//3260 3278//3278 3279//3279
f 3260//3260 3279//3279 3261//3261
f 3261//3261 3279//3279 3280//3280
f 3261//3261 3280//3280 3262//3262
f 3262//3262 3280//3280 3281//3281
f 3262//3262 3281//3281 3263//3263
f 3263//3263 3281//3281 3282//3282
f 3263//3263 3282//3282 3264//3264
f 3264//3264 3282//3282 3283//3283
f 3264//3264 3283//3283 3265//3265
f 3265//3265 3283//3283 3284//3284
f 3265//3265 3284//3284 3266//3266
f 3266//3266 3284//3284 3285//3285
f 3266//3266 3285//3285 3267//3267
f 3267//3267 3285//3285 3286//3286
f 3267//3267 3286//3286 3268//3268
f 3268//3268 3286//3286 3287//3287
f 3269//3269 3288//3288 3270//3270
f 3270//3270 3288//3288 3289//3289
f 3270//3270 3289//3289 3271//3271
f 3271//3271 3289//3289 3290//3290
f 3271//3271 3290//3290 3272//3272
f 3272//3272 3290//3290 3291//3291
f 3272//3272 3291//3291 3273//3273
f 3273//3273 3291//3291 3292//3292
f 3273//3273 3292//3292 3274//3274
f 3274//3274 3292//3292 3293//3293
f 3274//3274 3293//3293 3275//3275
f 3275//3275 3293//3293 3294//3294
f 3275//3275 3294//3294 3276//3276
f 3276//3276 3294//3294 3295//3295
f 3276//3276 3295//3295 3277//3277
f 3277//3277 3295//3295 3296//3296
f 3277//3277 3296//3296 3278//3278
f 3278//3278 3296//3296 3297//3297
f 3278//3278 3297//3297 3279//3279
f 3279//3279 3297//3297 3298//3298
f 3279//3279 3298//3298 3280//3280
f 3280//3280 3298//3298 3299//3299
f 3280//3280 3299//3299 3281//3281
f 3281//3281 3299//3299 3300//3300
f 3281//3281 3300//3300 3282//3282
f 3282//3282 3300//3300 3301//3301
f 3282//3282 3301//3301 3283//3283
f 3283//3283 3301//3301 3302//3302
f 3283//3283 3302//3302 3284//3284
f 3284//3284 3302//3302 3303//3303
f 3284//3284 3303//3303 3285//3285
f 3285//3285 3303//3303 3304//3304
f 3285//3285 3304//3304 3286//3286
f 3286//3286 3304//3304 3305//3305
f 3286//3286 3305//3305 3287//3287
f 3287//3287 3305//3305 3306//3306
f 3288//3288 3307//3307 3289//3289
f 3289//3289 3307//3307 3308//3308
f 3289//3289 3308//3308 3290//3290
f 3290//3290 3308//3308 3309//3309
f 3290//3290 3309//3309 3291//3291
f 3291//3291 3309//3309 3310//3310
f 3291//3291 3310//3310 3292//3292
f 3292//3292 3310//3310 3311//3311
f 3292//3292 3311//3311 3293//3293
f 3293//3293 3311//3311 3312//3312
f 3293//3293 3312//3312 3294//3294
f 3294//3294 3312//3312 3313//3313
f 3294//3294 3313//3313 3295//3295
f 3295//3295 3313//3313 3314//3314
f 3295//3295 3314//3314 3296//3296
f 3296//3296 3314//3314 3315//3315
f 3296//3296 3315//3315 3297//3297
f 3297//3297 3315//3315 3316//3316
f 3297//3297 3316//3316 3298//3298
f 3298//3298 3316//3316 3317//3317
f 3298//3298 3317//3317 3299//3299
f 3299//3299 3317//3317 3318//3318
f 3299//3299 3318//3318 3300//3300
f 3300//3300 3318//3318 3319//3319
f 3300//3300 3319//3319 3301//3301
f 3301//3301 3319//3319 3320//3320
f 3301//3301 3320//3320 3302//3302
f 3302//3302 3320//3320 3321//3321
f 3302//3302 3321//3321 3303//3303
f 3303//3303 3321//3321 3322//3322
f 3303//3303 3322//3322 3304//3304
f 3304//3304 3322//3322 3323//3323
f 3304//3304 3323//3323 3305//3305
f 3305//3305 3323//3323 3324//3324
f 3305//3305 3324//3324 3306//3306
f 3306//3306 3324//3324 3325//3325
f 3307//3307 3326//3326 3308//3308
f 3308//3308 3326//3326 3327//3327
f 3308//3308 3327//3327 3309//3309
f 3309//3309 3327//3327 3328//3328
f 3309//3309 3328//3328 3310//3310
f 3310//3310 3328//3328 3329//3329
f 3310//3310 3329//3329 3311//3311
f 3311//3311 3329//3329 3330//3330
f 3311//3311 3330//3330 3312//3312
f 3312//3312 3330//3330 3331//3331
f 3312//3312 3331//3331 3313//3313
f 3313//3313 3331//3331 3332//3332
f 3313//3313 3332//3332 3314//3314
f 3314//3314 3332//3332 3333//3333
f 3314//3314 3333//3333 3315//3315
f 3315//3315 3333//3333 3334//3334
f 3315//3315 3334//3334 3316//3316
f 3316//3316 3334//3334 3335//3335
f 3316//3316 3335//3335 3317//3317
f 3317//3317 3335//3335 3336//3336
f 3317//3317 3336//3336 3318//3318
f 3318//3318 3336//3336 3337//3337
f 3318//3318 3337//3337 3319//3319
f 3319//3319 3337//3337 3338//3338
f 3319//3319 3338//3338 3320//3320
f 3320//3320 3338//3338 3339//3339
f 3320//3320 3339//3339 3321//3321
f 3321//3321 3339//3339 3340//3340
f 3321//3321 3340//3340 3322//3322
f 3322//3322 3340//3340 3341//3341
f 3322//3322 3341//3341 3323//3323
f 3323//3323 3341//3341 3342//3342
f 3323//3323 3342//3342 3324//3324
f 3324//3324 3342//3342 3343//3343
f 3324//3324 3343//3343 3325//3325
f 3325//3325 3343//3343 3344//3344
f 3326//3326 3345//3345 3327//3327
f 3327//3327 3345//3345 3346//3346
f 3327//3327 3346//3346 3328//3328
f 3328//3328 3346//3346 3347//3347
f 3328//3328 3347//3347 3329//3329
f 3329//3329 3347//3347 3348//3348
f 3329//3329 3348//3348 3330//3330
f 3330//3330 3348//3348 3349//3349
f 3330//3330 3349//3349 3331//3331
f 3331//3331 3349//3349 3350//3350
f 3331//3331 3350//3350 3332//3332
f 3332//3332 3350//3350 3351//3351
f 3332//3332 3351//3351 3333//3333
f 3333//3333 3351//3351 3352//3352
f 3333//3333 3352//3352 3334//3334
f 3334//3334 3352//3352 3353//3353
f 3334//3334 3353//3353 3335//3335
f 3335//3335 3353//3353 3354//3354
f 3335//3335 3354//3354 3336//3336
f 3336//3336 3354//3354 3355//3355
f 3336//3336 3355//3355 3337//3337
f 3337//3337 3355//3355 3356//3356
f 3337//3337 3356//3356 3338//3338
f 3338//3338 3356//3356 3357//3357
f 3338//3338 3357//3357 3339//3339
f 3339//3339 3357//3357 3358//3358
f 3339//3339 3358//3358 3340//3340
f 3340//3340 3358//3358 3359//3359
f 3340//3340 3359//3359 3341//3341
f 3341//3341 3359//3359 3360//3360
f 3341//3341 3360//3360 3342//3342
f 3342//3342 3360//3360 3361//3361
f 3342//3342 3361//3361 3343//3343
f 3343//3343 3361//3361 3362//3362
f 3343//3343 3362//3362 3344//3344
f 3344//3344 3362//3362 3363//3363
f 3345//3345 3364//3364 3346//3346
f 3346//3346 3364//3364 3365//3365
f 3346//3346 3365//3365 3347//3347
f 3347//3347 3365//3365 3366//3366
f 3347//3347 3366//3366 3348//3348
f 3348//3348 3366//3366 3367//3367
f 3348//3348 3367//3367 3349//3349
f 3349//3349 3367//3367 3368//3368
f 3349//3349 3368//3368 3350//3350
f 3350//3350 3368//3368 3369//3369
f 3350//3350 3369//3369 3351//3351
f 3351//3351 3369//3369 3370//3370
f 3351//3351 3370//3370 3352//3352
f 3352//3352 3370//3370 3371//3371
f 3352//3352 3371//3371 3353//3353
f 3353//3353 3371//3371 3372//3372
f 3353//3353 3372//3372 3354//3354
f 3354//3354 3372//3372 3373//3373
f 3354//3354 3373//3373 3355//3355
f 3355//3355 3373//3373 3374//3374
f 3355//3355 3374//3374 3356//3356
f 3356//3356 3374//3374 3375//3375
f 3356//3356 3375//3375 3357//3357
f 3357//3357 3375//3375 3376//3376
f 3357//3357 3376//3376 3358//3358
f 3358//3358 3376//3376 3377//3377
f 3358//3358 3377//3377 3359//3359
f 3359//3359 3377//3377 3378//3378
f 3359//3359 3378//3378 3360//3360
f 3360//3360 3378//3378 3379//3379
f 3360//3360 3379//3379 3361//3361
f 3361//3361 3379//3379 3380//3380
f 3361//3361 3380//3380 3362//3362
f 3362//3362 3380//3380 3381//3381
f 3362//3362 3381//3381 3363//3363
f 3363//3363 3381//3381 3382//3382
f 3364//3364 3383//3383 3365//3365
f 3365//3365 3383//3383 3384//3384
f 3365//3365 3384//3384 3366//3366
f 3366//3366 3384//3384 3385//3385
f 3366//3366 3385//3385 3367//3367
f 3367//3367 3385//3385 3386//3386
f 3367//3367 3386//3386 3368//3368
f 3368//3368 3386//3386 3387//3387
f 3368//3368 3387//3387 3369//3369
f 3369//3369 3387//3387 3388//3388
f 3369//3369 3388//3388 3370//3370
f 3370//3370 3388//3388 3389//3389
f 3370//3370 3389//3389 3371//3371
f 3371//3371 3389//3389 3390//3390
f 3371//3371 3390//3390 3372//3372
f 3372//3372 3390//3390 3391//3391
f 3372//3372 3391//3391 3373//3373
f 3373//3373 3391//3391 3392//3392
f 3373//3373 3392//3392 3374//3374
f 3374//3374 3392//3392 3393//3393
f 3374//3374 3393//3393 3375//3375
f 3375//3375 3393//3393 3394//3394
f 3375//3375 3394//3394 3376//3376
f 3376//3376 3394//3394 3395//3395
f 3376//3376 3395//3395 3377//3377
f 3377//3377 3395//3395 3396//3396
f 3377//3377 3396//3396 3378//3378
f 3378//3378 3396//3396 3397//3397
f 3378//3378 3397//3397 3379//3379
f 3379//3379 3397//3397 3398//3398
f 3379//3379 3398//3398 3380//3380
f 3380//3380 3398//3398 3399//3399
f 3380//3380 3399//3399 3381//3381
f 3381//3381 3399//3399 3400//3400
f 3381//3381 3400//3400 3382//3382
f 3382//3382 3400//3400 3401//3401
f 3383//3383 3402//3402 3384//3384
f 3384//3384 3402//3402 3403//3403
f 3384//3384 3403//3403 3385//3385
f 3385//3385 3403//3403 3404//3404
f 3385//3385 3404//3404 3386//3386
f 3386//3386 3404//3404 3405//3405
f 3386//3386 3405//3405 3387//3387
f 3387//3387 3405//3405 3406//3406
f 3387//3387 3406//3406 3388//3388
f 3388//3388 3406//3406 3407//3407
f 3388//3388 3407//3407 3389//3389
f 3389//3389 3407//3407 3408//3408
f 3389//3389 3408//3408 3390//3390
f 3390//3390 3408//3408 3409//3409
f 3390//3390 3409//3409 3391//3391
f 3391//3391 3409//3409 3410//3410
f 3391//3391 3410//3410 3392//3392
f 3392//3392 3410//3410 3411//3411
f 3392//3392 3411//3411 3393//3393
f 3393//3393 3411//3411 3412//3412
f 3393//3393 3412//3412 3394//3394
f 3394//3394 3412//3412 3413//3413
f 3394//3394 3413//3413 3395//3395
f 3395//3395 3413//3413 3414//3414
f 3395//3395 3414//3414 3396//3396
f 3396//3396 3414//3414 3415//3415
f 3396//3396 3415//3415 3397//3397
f 3397//3397 3415//3415 3416//3416
f 3397//3397 3416//3416 3398//3398
f 3398//3398 3416//3416 3417//3417
f 3398//3398 3417//3417 3399//3399
f 3399//3399 3417//3417 3418//3418
f 3399//3399 3418//3418 3400//3400
f 3400//3400 3418//3418 3419//3419
f 3400//3400 3419//3419 3401//3401
f 3401//3401 3419//3419 3420//3420
f 3402//3402 3421//3421 3403//3403
f 3403//3403 3421//3421 3422//3422
f 3403//3403 3422//3422 3404//3404
f 3404//3404 3422//3422 3423//3423
f 3404//3404 3423//3423 3405//3405
f 3405//3405 3423//3423 3424//3424
f 3405//3405 3424//3424 3406//3406
f 3406//3406 3424//3424 3425//3425
f 3406//3406 3425//3425 3407//3407
f 3407//3407 3425//3425 3426//3426
f 3407//3407 3426//3426 3408//3408
f 3408//3408 3426//3426 3427//3427
f 3408//3408 3427//3427 3409//3409
f 3409//3409 3427//3427 3428//3428
f 3409//3409 3428//3428 3410//3410
f 3410//3410 3428//3428 3429//3429
f 3410//3410 3429//3429 3411//3411
f 3411//3411 3429//3429 3430//3430
f 3411//3411 3430//3430 3412//3412
f 3412//3412 3430//3430 3431//3431
f 3412//3412 3431//3431 3413//3413
f 3413//3413 3431//3431 3432//3432
f 3413//3413 3432//3432 3414//3414
f 3414//3414 3432//3432 3433//3433
f 3414//3414 3433//3433 3415//3415
f 3415//3415 3433//3433 3434//3434
f 3415//3415 3434//3434 3416//3416
f 3416//3416 3434//3434 3435//3435
f 3416//3416 3435//3435 3417//3417
f 3417//3417 3435//3435 3436//3436
f 3417//3417 3436//3436 3418//3418
f 3418//3418 3436//3436 3437//3437
f 3418//3418 3437//3437 3419//3419
f 3419//3419 3437//3437 3438//3438
f 3419//3419 3438//3438 3420//3420
f 3420//3420 3438//3438 3439//3439
f 3421//3421 3440//3440 3422//3422
f 3422//3422 3440//3440 3441//3441
f 3422//3422 3441//3441 3423//3423
f 3423//3423 3441//3441 3442//3442
f 3423//3423 3442//3442 3424//3424
f 3424//3424 3442//3442 3443//3443
f 3424//3424 3443//3443 3425//3425
f 3425//3425 3443//3443 3444//3444
f 3425//3425 3444//3444 3426//3426
f 3426//3426 3444//3444 3445//3445
f 3426//3426 3445//3445 3427//3427
f 3427//3427 3445//3445 3446//3446
f 3427//3427 3446//3446 3428//3428
f 3428//3428 3446//3446 3447//3447
f 3428//3428 3447//3447 3429//3429
f 3429//3429 3447//3447 3448//3448
f 3429//3429 3448//3448 3430//3430
f 3430//3430 3448//3448 3449//3449
f 3430//3430 3449//3449 3431//3431
f 3431//3431 3449//3449 3450//3450
f 3431//3431 3450//3450 3432//3432
f 3432//3432 3450//3450 3451//3451
f 3432//3432 3451//3451 3433//3433
f 3433//3433 3451//3451 3452//3452
f 3433//3433 3452//3452 3434//3434
f 3434//3434 3452//3452 3453//3453
f 3434//3434 3453//3453 3435//3435
f 3435//3435 3453//3453 3454//3454
f 3435//3435 3454//3454 3436//3436
f 3436//3436 3454//3454 3455//3455
f 3436//3436 3455//3455 3437//3437
f 3437//3437 3455//3455 3456//3456
f 3437//3437 3456//3456 3438//3438
f 3438//3438 3456//3456 3457//3457
f 3438//3438 3457//3457 3439//3439
f 3439//3439 3457//3457 3458//3458
f 3440//3440 3459//3459 3441//3441
f 3441//3441 3459//3459 3460//3460
f 3441//3441 3460//3460 3442//3442
f 3442//3442 3460//3460 3461//3461
f 3442//3442 3461//3461 3443//3443
f 3443//3443 3461//3461 3462//3462
f 3443//3443 3462//3462 3444//3444
f 3444//3444 3462//3462 3463//3463
f 3444//3444 3463//3463 3445//3445
f 3445//3445 3463//3463 3464//3464
f 3445//3445 3464//3464 3446//3446
f 3446//3446 3464//3464 3465//3465
f 3446//3446 3465//3465 3447//3447
f 3447//3447 3465//3465 3466//3466
f 3447//3447 3466//3466 3448//3448
f 3448//3448 3466//3466 3467//3467
f 3448//3448 3467//3467 3449//3449
f 3449//3449 3467//3467 3468//3468
f 3449//3449 3468//3468 3450//3450
f 3450//3450 3468//3468 3469//3469
f 3450//3450 3469//3469 3451//3451
f 3451//3451 3469//3469 3470//3470
f 3451//3451 3470//3470 3452//3452
f 3452//3452 3470//3470 3471//3471
f 3452//3452 3471//3471 3453//3453
f 3453//3453 3471//3471 3472//3472
f 3453//3453 3472//3472 3454//3454
f 3454//3454 3472//3472 3473//3473
f 3454//3454 3473//3473 3455//3455
f 3455//3455 3473//3473 3474//3474
f 3455//3455 3474//3474 3456//3456
f 3456//3456 3474//3474 3475//3475
f 3456//3456 3475//3475 3457//3457
f 3457//3457 3475//3475 3476//3476
f 3457//3457 3476//3476 3458//3458
f 3458//3458 3476//3476 3477//3477
f 3459//3459 3478//3478 3460//3460
f 3460//3460 3478//3478 3479//3479
f 3460//3460 3479//3479 3461//3461
f 3461//3461 3479//3479 3480//3480
f 3461//3461 3480//3480 3462//3462
f 3462//3462 3480//3480 3481//3481
f 3462//3462 3481//3481 3463//3463
f 3463//3463 3481//3481 3482//3482
f 3463//3463 3482//3482 3464//3464
f 3464//3464 3482//3482 3483//3483
f 3464//3464 3483//3483 3465//3465
f 3465//3465 3483//3483 3484//3484
f 3465//3465 3484//3484 3466//3466
f 3466//3466 3484//3484 3485//3485
f 3466//3466 3485//3485 3467//3467
f 3467//3467 3485//3485 3486//3486
f 3467//3467 3486//3486 3468//3468
f 3468//3468 3486//3486 3487//3487
f 3468//3468 3487//3487 3469//3469
f 3469//3469 3487//3487 3488//3488
f 3469//3469 3488//3488 3470//3470
f 3470//3470 3488//3488 3489//3489
f 3470//3470 3489//3489 3471//3471
f 3471//3471 3489//3489 3490//3490
f 3471//3471 3490//3490 3472//3472
f 3472//3472 3490//3490 3491//3491
f 3472//3472 3491//3491 3473//3473
f 3473//3473 3491//3491 3492//3492
f 3473//3473 3492//3492 3474//3474
f 3474//3474 3492//3492 3493//3493
f 3474//3474 3493//3493 3475//3475
f 3475//3475 3493//3493 3494//3494
f 3475//3475 3494//3494 3476//3476
f 3476//3476 3494//3494 3495//3495
f 3476//3476 3495//3495 3477//3477
f 3477//3477 3495//3495 3496//3496
f 3478//3478 3497//3497 3479//3479
f 3479//3479 3497//3497 3498//3498
f 3479//3479 3498//3498 3480//3480
f 3480//3480 3498//3498 3499//3499
f 3480//3480 3499//3499 3481//3481
f 3481//3481 3499//3499 3500//3500
f 3481//3481 3500//3500 3482//3482
f 3482//3482 3500//3500 3501//3501
f 3482//3482 3501//3501 3483//3483
f 3483//3483 3501//3501 3502//3502
f 3483//3483 3502//3502 3484//3484
f 3484//3484 3502//3502 3503//3503
f 3484//3484 3503//3503 3485//3485
f 3485//3485 3503//3503 3504//3504
f 3485//3485 3504//3504 3486//3486
f 3486//3486 3504//3504 3505//3505
f 3486//3486 3505//3505 3487//3487
f 3487//3487 3505//3505 3506//3506
f 3487//3487 3506//3506 3488//3488
f 3488//3488 3506//3506 3507//3507
f 3488//3488 3507//3507 3489//3489
f 3489//3489 3507//3507 3508//3508
f 3489//3489 3508//3508 3490//3490
f 3490//3490 3508//3508 3509//3509
f 3490//3490 3509//3509 3491//3491
f 3491//3491 3509//3509 3510//3510
f 3491//3491 3510//3510 3492//3492
f 3492//3492 3510//3510 3511//3511
f 3492//3492 3511//3511 3493//3493
f 3493//3493 3511//3511 3512//3512
f 3493//3493 3512//3512 3494//3494
f 3494//3494 3512//3512 3513//3513
f 3494//3494 3513//3513 3495//3495
f 3495//3495 3513//3513 3514//3514
f 3495//3495 3514//3514 3496//3496
f 3496//3496 3514//3514 3515//3515
f 3497//3497 3516//3516 3498//3498
f 3498//3498 3516//3516 3517//3517
f 3498//3498 3517//3517 3499//3499
f 3499//3499 3517//3517 3518//3518
f 3499//3499 3518//3518 3500//3500
f 3500//3500 3518//3518 3519//3519
f 3500//3500 3519//3519 3501//3501
f 3501//3501 3519//3519 3520//3520
f 3501//3501 3520//3520 3502//3502
f 3502//3502 3520//3520 3521//3521
f 3502//3502 3521//3521 3503//3503
f 3503//3503 3521//3521 3522//3522
f 3503//3503 3522//3522 3504//3504
f 3504//3504 3522//3522 3523//3523
f 3504//3504 3523//3523 3505//3505
f 3505//3505 3523//3523 3524//3524
f 3505//3505 3524//3524 3506//3506
f 3506//3506 3524//3524 3525//3525
f 3506//3506 3525//3525 3507//3507
f 3507//3507 3525//3525 3526//3526
f 3507//3507 3526//3526 3508//3508
f 3508//3508 3526//3526 3527//3527
f 3508//3508 3527//3527 3509//3509
f 3509//3509 3527//3527 3528//3528
f 3509//3509 3528//3528 3510//3510
f 3510//3510 3528//3528 3529//3529
f 3510//3510 3529//3529 3511//3511
f 3511//3511 3529//3529 3530//3530
f 3511//3511 3530//3530 3512//3512
f 3512//3512 3530//3530 3531//3531
f 3512//3512 3531//3531 3513//3513
f 3513//3513 3531//3531 3532//3532
f 3513//3513 3532//3532 3514//3514
f 3514//3514 3532//3532 3533//3533
f 3514//3514 3533//3533 3515//3515
f 3515//3515 3533//3533 3534//3534
f 3516//3516 3535//3535 3517//3517
f 3517//3517 3535//3535 3536//3536
f 3517//3517 3536//3536 3518//3518
f 3518//3518 3536//3536 3537//3537
f 3518//3518 3537//3537 3519//3519
f 3519//3519 3537//3537 3538//3538
f 3519//3519 3538//3538 3520//3520
f 3520//3520 3538//3538 3539//3539
f 3520//3520 3539//3539 3521//3521
f 3521//3521 3539//3539 3540//3540
f 3521//3521 3540//3540 3522//3522
f 3522//3522 3540//3540 3541//3541
f 3522//3522 3541//3541 3523//3523
f 3523//3523 3541//3541 3542//3542
f 3523//3523 3542//3542 3524//3524
f 3524//3524 3542//3542 3543//3543
f 3524//3524 3543//3543 3525//3525
f 3525//3525 3543//3543 3544//3544
f 3525//3525 3544//3544 3526//3526
f 3526//3526 3544//3544 3545//3545
f 3526//3526 3545//3545 3527//3527
f 3527//3527 3545//3545 3546//3546
f 3527//3527 3546//3546 3528//3528
f 3528//3528 3546//3546 3547//3547
f 3528//3528 3547//3547 3529//3529
f 3529//3529 3547//3547 3548//3548
f 3529//3529 3548//3548 3530//3530
f 3530//3530 3548//3548 3549//3549
f 3530//3530 3549//3549 3531//3531
f 3531//3531 3549//3549 3550//3550
f 3531//3531 3550//3550 3532//3532
f 3532//3532 3550//3550 3551//3551
f 3532//3532 3551//3551 3533//3533
f 3533//3533 3551//3551 3552//3552
f 3533//3533 3552//3552 3534//3534
f 3534//3534 3552//3552 3553//3553
f 3535//3535 3554//3554 3536//3536
f 3536//3536 3554//3554 3555//3555
f 3536//3536 3555//3555 3537//3537
f 3537//3537 3555//3555 3556//3556
f 3537//3537 3556//3556 3538//3538
f 3538//3538 3556//3556 3557//3557
f 3538//3538 3557//3557 3539//3539
f 3539//3539 3557//3557 3558//3558
f 3539//3539 3558//3558 3540//3540
f 3540//3540 3558//3558 3559//3559
f 3540//3540 3559//3559 3541//3541
f 3541//3541 3559//3559 3560//3560
f 3541//3541 3560//3560 3542//3542
f 3542//3542 3560//3560 3561//3561
f 3542//3542 3561//3561 3543//3543
f 3543//3543 3561//3561 3562//3562
f 3543//3543 3562//3562 3544//3544
f 3544//3544 3562//3562 3563//3563
f 3544//3544 3563//3563 3545//3545
f 3545//3545 3563//3563 3564//3564
f 3545//3545 3564//3564 3546//3546
f 3546//3546 3564//3564 3565//3565
f 3546//3546 3565//3565 3547//3547
f 3547//3547 3565//3565 3566//3566
f 3547//3547 3566//3566 3548//3548
f 3548//3548 3566//3566 3567//3567
f 3548//3548 3567//3567 3549//3549
f 3549//3549 3567//3567 3568//3568
f 3549//3549 3568//3568 3550//3550
f 3550//3550 3568//3568 3569//3569
f 3550//3550 3569//3569 3551//3551
f 3551//3551 3569//3569 3570//3570
f 3551//3551 3570//3570 3552//3552
f 3552//3552 3570//3570 3571//3571
f 3552//3552 3571//3571 3553//3553
f 3553//3553 3571//3571 3572//3572
f 3554//3554 3573//3573 3555//3555
f 3555//3555 3573//3573 3574//3574
f 3555//3555 3574//3574 3556//3556
f 3556//3556 3574//3574 3575//3575
f 3556//3556 3575//3575 3557//3557
f 3557//3557 3575//3575 3576//3576
f 3557//3557 3576//3576 3558//3558
f 3558//3558 3576//3576 3577//3577
f 3558//3558 3577//3577 3559//3559
f 3559//3559 3577//3577 3578//3578
f 3559//3559 3578//3578 3560//3560
f 3560//3560 3578//3578 3579//3579
f 3560//3560 3579//3579 3561//3561
f 3561//3561 3579//3579 3580//3580
f 3561//3561 3580//3580 3562//3562
f 3562//3562 3580//3580 3581//3581
f 3562//3562 3581//3581 3563//3563
f 3563//3563 3581//3581 3582//3582
f 3563//3563 3582//3582 3564//3564
f 3564//3564 3582//3582 3583//3583
f 3564//3564 3583//3583 3565//3565
f 3565//3565 3583//3583 3584//3584
f 3565//3565 3584//3584 3566//3566
f 3566//3566 3584//3584 3585//3585
f 3566//3566 3585//3585 3567//3567
f 3567//3567 3585//3585 3586//3586
f 3567//3567 3586//3586 3568//3568
f 3568//3568 3586//3586 3587//3587
f 3568//3568 3587//3587 3569//3569
f 3569//3569 3587//3587 3588//3588
f 3569//3569 3588//3588 3570//3570
f 3570//3570 3588//3588 3589//3589
f 3570//3570 3589//3589 3571//3571
f 3571//3571 3589//3589 3590//3590
f 3571//3571 3590//3590 3572//3572
f 3572//3572 3590//3590 3591//3591
f 3573//3573 3592//3592 3574//3574
f 3574//3574 3592//3592 3593//3593
f 3574//3574 3593//3593 3575//3575
f 3575//3575 3593//3593 3594//3594
f 3575//3575 3594//3594 3576//3576
f 3576//3576 3594//3594 3595//3595
f 3576//3576 3595//3595 3577//3577
f 3577//3577 3595//3595 3596//3596
f 3577//3577 3596//3596 3578//3578
f 3578//3578 3596//3596 3597//3597
f 3578//3578 3597//3597 3579//3579
f 3579//3579 3597//3597 3598//3598
f 3579//3579 3598//3598 3580//3580
f 3580//3580 3598//3598 3599//3599
f 3580//3580 3599//3599 3581//3581
f 3581//3581 3599//3599 3600//3600
f 3581//3581 3600//3600 3582//3582
f 3582//3582 3600//3600 3601//3601
f 3582//3582 3601//3601 3583//3583
f 3583//3583 3601//3601 3602//3602
f 3583//3583 3602//3602 3584//3584
f 3584//3584 3602//3602 3603//3603
f 3584//3584 3603//3603 3585//3585
f 3585//3585 3603//3603 3604//3604
f 3585//3585 3604//3604 3586//3586
f 3586//3586 3604//3604 3605//3605
f 3586//3586 3605//3605 3587//3587
f 3587//3587 3605//3605 3606//3606
f 3587//3587 3606//3606 3588//3588
f 3588//3588 3606//3606 3607//3607
f 3588//3588 3607//3607 3589//3589
f 3589//3589 3607//3607 3608//3608
f 3589//3589 3608//3608 3590//3590
f 3590//3590 3608//3608 3609//3609
f 3590//3590 3609//3609 3591//3591
f 3591//3591 3609//3609 3610//3610
f 3592//3592 3611//3611 3593//3593
f 3593//3593 3611//3611 3612//3612
f 3593//3593 3612//3612 3594//3594
f 3594//3594 3612//3612 3613//3613
f 3594//3594 3613//3613 3595//3595
f 3595//3595 3613//3613 3614//3614
f 3595//3595 3614//3614 3596//3596
f 3596//3596 3614//3614 3615//3615
f 3596//3596 3615//3615 3597//3597
f 3597//3597 3615//3615 3616//3616
f 3597//3597 3616//3616 3598//3598
f 3598//3598 3616//3616 3617//3617
f 3598//3598 3617//3617 3599//3599
f 3599//3599 3617//3617 3618//3618
f 3599//3599 3618//3618 3600//3600
f 3600//3600 3618//3618 3619//3619
f 3600//3600 3619//3619 3601//3601
f 3601//3601 3619//3619 3620//3620
f 3601//3601 3620//3620 3602//3602
f 3602//3602 3620//3620 3621//3621
f 3602//3602 3621//3621 3603//3603
f 3603//3603 3621//3621 3622//3622
f 3603//3603 3622//3622 3604//3604
f 3604//3604 3622//3622 3623//3623
f 3604//3604 3623//3623 3605//3605
f 3605//3605 3623//3623 3624//3624
f 3605//3605 3624//3624 3606//3606
f 3606//3606 3624//3624 3625//3625
f 3606//3606 3625//3625 3607//3607
f 3607//3607 3625//3625 3626//3626
f 3607//3607 3626//3626 3608//3608
f 3608//3608 3626//3626 3627//3627
f 3608//3608 3627//3627 3609//3609
f 3609//3609 3627//3627 3628//3628
f 3609//3609 3628//3628 3610//3610
f 3610//3610 3628//3628 3629//3629
f 3611//3611 3630//3630 3612//3612
f 3612//3612 3630//3630 3631//3631
f 3612//3612 3631//3631 3613//3613
f 3613//3613 3631//3631 3632//3632
f 3613//3613 3632//3632 3614//3614
f 3614//3614 3632//3632 3633//3633
f 3614//3614 3633//3633 3615//3615
f 3615//3615 3633//3633 3634//3634
f 3615//3615 3634//3634 3616//3616
f 3616//3616 3634//3634 3635//3635
f 3616//3616 3635//3635 3617//3617
f 3617//3617 3635//3635 3636//3636
f 3617//3617 3636//3636 3618//3618
f 3618//3618 3636//3636 3637//3637
f 3618//3618 3637//3637 3619//3619
f 3619//3619 3637//3637 3638//3638
f 3619//3619 3638//3638 3620//3620
f 3620//3620 3638//3638 3639//3639
f 3620//3620 3639//3639 3621//3621
f 3621//3621 3639//3639 3640//3640
f 3621//3621 3640//3640 3622//3622
f 3622//3622 3640//3640 3641//3641
f 3622//3622 3641//3641 3623//3623
f 3623//3623 3641//3641 3642//3642
f 3623//3623 3642//3642 3624//3624
f 3624//3624 3642//3642 3643//3643
f 3624//3624 3643//3643 3625//3625
f 3625//3625 3643//3643 3644//3644
f 3625//3625 3644//3644 3626//3626
f 3626//3626 3644//3644 3645//3645
f 3626//3626 3645//3645 3627//3627
f 3627//3627 3645//3645 3646//3646
f 3627//3627 3646//3646 3628//3628
f 3628//3628 3646//3646 3647//3647
f 3628//3628 3647//3647 3629//3629
f 3629//3629 3647//3647 3648//3648
f 3630//3630 3649//3649 3631//3631
f 3631//3631 3649//3649 3650//3650
f 3631//3631 3650//3650 3632//3632
f 3632//3632 3650//3650 3651//3651
f 3632//3632 3651//3651 3633//3633
f 3633//3633 3651//3651 3652//3652
f 3633//3633 3652//3652 3634//3634
f 3634//3634 3652//3652 3653//3653
f 3634//3634 3653//3653 3635//3635
f 3635//3635 3653//3653 3654//3654
f 3635//3635 3654//3654 3636//3636
f 3636//3636 3654//3654 3655//3655
f 3636//3636 3655//3655 3637//3637
f 3637//3637 3655//3655 3656//3656
f 3637//3637 3656//3656 3638//3638
f 3638//3638 3656//3656 3657//3657
f 3638//3638 3657//3657 3639//3639
f 3639//3639 3657//3657 3658//3658
f 3639//3639 3658//3658 3640//3640
f 3640//3640 3658//3658 3659//3659
f 3640//3640 3659//3659 3641//3641
f 3641//3641 3659//3659 3660//3660
f 3641//3641 3660//3660 3642//3642
f 3642//3642 3660//3660 3661//3661
f 3642//3642 3661//3661 3643//3643
f 3643//3643 3661//3661 3662//3662
f 3643//3643 3662//3662 3644//3644
f 3644//3644 3662//3662 3663//3663
f 3644//3644 3663//3663 3645//3645
f 3645//3645 3663//3663 3664//3664
f 3645//3645 3664//3664 3646//3646
f 3646//3646 3664//3664 3665//3665
f 3646//3646 3665//3665 3647//3647
f 3647//3647 3665//3665 3666//3666
f 3647//3647 3666//3666 3648//3648
f 3648//3648 3666//3666 3667//3667
f 3649//3649 3668//3668 3650//3650
f 3650//3650 3668//3668 3669//3669
f 3650//3650 3669//3669 3651//3651
f 3651//3651 3669//3669 3670//3670
f 3651//3651 3670//3670 3652//3652
f 3652//3652 3670//3670 3671//3671
f 3652//3652 3671//3671 3653//3653
f 3653//3653 3671//3671 3672//3672
f 3653//3653 3672//3672 3654//3654
f 3654//3654 3672//3672 3673//3673
f 3654//3654 3673//3673 3655//3655
f 3655//3655 3673//3673 3674//3674
f 3655//3655 3674//3674 3656//3656
f 3656//3656 3674//3674 3675//3675
f 3656//3656 3675//3675 3657//3657
f 3657//3657 3675//3675 3676//3676
f 3657//3657 3676//3676 3658//3658
f 3658//3658 3676//3676 3677//3677
f 3658//3658 3677//3677 3659//3659
f 3659//3659 3677//3677 3678//3678
f 3659//3659 3678//3678 3660//3660
f 3660//3660 3678//3678 3679//3679
f 3660//3660 3679//3679 3661//3661
f 3661//3661 3679//3679 3680//3680
f 3661//3661 3680//3680 3662//3662
f 3662//3662 3680//3680 3681//3681
f 3662//3662 3681//3681 3663//3663
f 3663//3663 3681//3681 3682//3682
f 3663//3663 3682//3682 3664//3664
f 3664//3664 3682//3682 3683//3683
f 3664//3664 3683//3683 3665//3665
f 3665//3665 3683//3683 3684//3684
f 3665//3665 3684//3684 3666//3666
f 3666//3666 3684//3684 3685//3685
f 3666//3666 3685//3685 3667//3667
f 3667//3667 3685//3685 3686//3686
f 3668//3668 3687//3687 3669//3669
f 3669//3669 3687//3687 3688//3688
f 3669//3669 3688//3688 3670//3670
f 3670//3670 3688//3688 3689//3689
f 3670//3670 3689//3689 3671//3671
f 3671//3671 3689//3689 3690//3690
f 3671//3671 3690//3690 3672//3672
f 3672//3672 3690//3690 3691//3691
f 3672//3672 3691//3691 3673//3673
f 3673//3673 3691//3691 3692//3692
f 3673//3673 3692//3692 3674//3674
f 3674//3674 3692//3692 3693//3693
f 3674//3674 3693//3693 3675//3675
f 3675//3675 3693//3693 3694//3694
f 3675//3675 3694//3694 3676//3676
f 3676//3676 3694//3694 3695//3695
f 3676//3676 3695//3695 3677//3677
f 3677//3677 3695//3695 3696//3696
f 3677//3677 3696//3696 3678//3678
f 3678//3678 3696//3696 3697//3697
f 3678//3678 3697//3697 3679//3679
f 3679//3679 3697//3697 3698//3698
f 3679//3679 3698//3698 3680//3680
f 3680//3680 3698//3698 3699//3699
f 3680//3680 3699//3699 3681//3681
f 3681//3681 3699//3699 3700//3700
f 3681//3681 3700//3700 3682//3682
f 3682//3682 3700//3700 3701//3701
f 3682//3682 3701//3701 3683//3683
f 3683//3683 3701//3701 3702//3702
f 3683//3683 3702//3702 3684//3684
f 3684//3684 3702//3702 3703//3703
f 3684//3684 3703//3703 3685//3685
f 3685//3685 3703//3703 3704//3704
f 3685//3685 3704//3704 3686//3686
f 3686//3686 3704//3704 3705//3705
f 3687//3687 3706//3706 3688//3688
f 3688//3688 3706//3706 3707//3707
f 3688//3688 3707//3707 3689//3689
f 3689//3689 3707//3707 3708//3708
f 3689//3689 3708//3708 3690//3690
f 3690//3690 3708//3708 3709//3709
f 3690//3690 3709//3709 3691//3691
f 3691//3691 3709//3709 3710//3710
f 3691//3691 3710//3710 3692//3692
f 3692//3692 3710//3710 3711//3711
f 3692//3692 3711//3711 3693//3693
f 3693//3693 3711//3711 3712//3712
f 3693//3693 3712//3712 3694//3694
f 3694//3694 3712//3712 3713//3713
f 3694//3694 3713//3713 3695//3695
f 3695//3695 3713//3713 3714//3714
f 3695//3695 3714//3714 3696//3696
f 3696//3696 3714//3714 3715//3715
f 3696//3696 3715//3715 3697//3697
f 3697//3697 3715//3715 3716//3716
f 3697//3697 3716//3716 3698//3698
f 3698//3698 3716//3716 3717//3717
f 3698//3698 3717//3717 3699//3699
f 3699//3699 3717//3717 3718//3718
f 3699//3699 3718//3718 3700//3700
f 3700//3700 3718//3718 3719//3719
f 3700//3700 3719//3719 3701//3701
f 3701//3701 3719//3719 3720//3720
f 3701//3701 3720//3720 3702//3702
f 3702//3702 3720//3720 3721//3721
f 3702//3702 3721//3721 3703//3703
f 3703//3703 3721//3721 3722//3722
f 3703//3703 3722//3722 3704//3704
f 3704//3704 3722//3722 3723//3723
f 3704//3704 3723//3723 3705//3705
f 3705//3705 3723//3723 3724//3724
f 3706//3706 3725//3725 3707//3707
f 3707//3707 3725//3725 3726//3726
f 3707//3707 3726//3726 3708//3708
f 3708//3708 3726//3726 3727//3727
f 3708//3708 3727//3727 3709//3709
f 3709//3709 3727//3727 3728//3728
f 3709//3709 3728//3728 3710//3710
f 3710//3710 3728//3728 3729//3729
f 3710//3710 3729//3729 3711//3711
f 3711//3711 3729//3729 3730//3730
f 3711//3711 3730//3730 3712//3712
f 3712//3712 3730//3730 3731//3731
f 3712//3712 3731//3731 3713//3713
f 3713//3713 3731//3731 3732//3732
f 3713//3713 3732//3732 3714//3714
f 3714//3714 3732//3732 3733//3733
f 3714//3714 3733//3733 3715//3715
f 3715//3715 3733//3733 3734//3734
f 3715//3715 3734//3734 3716//3716
f 3716//3716 3734//3734 3735//3735
f 3716//3716 3735//3735 3717//3717
f 3717//3717 3735//3735 3736//3736
f 3717//3717 3736//3736 3718//3718
f 3718//3718 3736//3736 3737//3737
f 3718//3718 3737//3737 3719//3719
f 3719//3719 3737//3737 3738//3738
f 3719//3719 3738//3738 3720//3720
f 3720//3720 3738//3738 3739//3739
f 3720//3720 3739//3739 3721//3721
f 3721//3721 3739//3739 3740//3740
f 3721//3721 3740//3740 3722//3722
f 3722//3722 3740//3740 3741//3741
f 3722//3722 3741//3741 3723//3723
f 3723//3723 3741//3741 3742//3742
f 3723//3723 3742//3742 3724//3724
f 3724//3724 3742//3742 3743//3743
f 3725//3725 3744//3744 3726//3726
f 3726//3726 3744//3744 3745//3745
f 3726//3726 3745//3745 3727//3727
f 3727//3727 3745//3745 3746//3746
f 3727//3727 3746//3746 3728//3728
f 3728//3728 3746//3746 3747//3747
f 3728//3728 3747//3747 3729//3729
f 3729//3729 3747//3747 3748//3748
f 3729//3729 3748//3748 3730//3730
f 3730//3730 3748//3748 3749//3749
f 3730//3730 3749//3749 3731//3731
f 3731//3731 3749//3749 3750//3750
f 3731//3731 3750//3750 3732//3732
f 3732//3732 3750//3750 3751//3751
f 3732//3732 3751//3751 3733//3733
f 3733//3733 3751//3751 3752//3752
f 3733//3733 3752//3752 3734//3734
f 3734//3734 3752//3752 3753//3753
f 3734//3734 3753//3753 3735//3735
f 3735//3735 3753//3753 3754//3754
f 3735//3735 3754//3754 3736//3736
f 3736//3736 3754//3754 3755//3755
f 3736//3736 3755//3755 3737//3737
f 3737//3737 3755//3755 3756//3756
f 3737//3737 3756//3756 3738//3738
f 3738//3738 3756//3756 3757//3757
f 3738//3738 3757//3757 3739//3739
f 3739//3739 3757//3757 3758//3758
f 3739//3739 3758//3758 3740//3740
f 3740//3740 3758//3758 3759//3759
f 3740//3740 3759//3759 3741//3741
f 3741//3741 3759//3759 3760//3760
f 3741//3741 3760//3760 3742//3742
f 3742//3742 3760//3760 3761//3761
f 3742//3742 3761//3761 3743//3743
f 3743//3743 3761//3761 3762//3762
f 3744//3744 3763//3763 3745//3745
f 3745//3745 3763//3763 3764//3764
f 3745//3745 3764//3764 3746//3746
f 3746//3746 3764//3764 3765//3765
f 3746//3746 3765//3765 3747//3747
f 3747//3747 3765//3765 3766//3766
f 3747//3747 3766//3766 3748//3748
f 3748//3748 3766//3766 3767//3767
f 3748//3748 3767//3767 3749//3749
f 3749//3749 3767//3767 3768//3768
f 3749//3749 3768//3768 3750//3750
f 3750//3750 3768//3768 3769//3769
f 3750//3750 3769//3769 3751//3751
f 3751//3751 3769//3769 3770//3770
f 3751//3751 3770//3770 3752//3752
f 3752//3752 3770//3770 3771//3771
f 3752//3752 3771//3771 3753//3753
f 3753//3753 3771//3771 3772//3772
f 3753//3753 3772//3772 3754//3754
f 3754//3754 3772//3772 3773//3773
f 3754//3754 3773//3773 3755//3755
f 3755//3755 3773//3773 3774//3774
f 3755//3755 3774//3774 3756//3756
f 3756//3756 3774//3774 3775//3775
f 3756//3756 3775//3775 3757//3757
f 3757//3757 3775//3775 3776//3776
f 3757//3757 3776//3776 3758//3758
f 3758//3758 3776//3776 3777//3777
f 3758//3758 3777//3777 3759//3759
f 3759//3759 3777//3777 3778//3778
f 3759//3759 3778//3778 3760//3760
f 3760//3760 3778//3778 3779//3779
f 3760//3760 3779//3779 3761//3761
f 3761//3761 3779//3779 3780//3780
f 3761//3761 3780//3780 3762//3762
f 3762//3762 3780//3780 3781//3781
f 3763//3763 3782//3782 3764//3764
f 3764//3764 3782//3782 3783//3783
f 3764//3764 3783//3783 3765//3765
f 3765//3765 3783//3783 3784//3784
f 3765//3765 3784//3784 3766//3766
f 3766//3766 3784//3784 3785//3785
f 3766//3766 3785//3785 3767//3767
f 3767//3767 3785//3785 3786//3786
f 3767//3767 3786//3786 3768//3768
f 3768//3768 3786//3786 3787//3787
f 3768//3768 3787//3787 3769//3769
f 3769//3769 3787//3787 3788//3788
f 3769//3769 3788//3788 3770//3770
f 3770//3770 3788//3788 3789//3789
f 3770//3770 3789//3789 3771//3771
f 3771//3771 3789//3789 3790//3790
f 3771//3771 3790//3790 3772//3772
f 3772//3772 3790//3790 3791//3791
f 3772//3772 3791//3791 3773//3773
f 3773//3773 3791//3791 3792//3792
f 3773//3773 3792//3792 3774//3774
f 3774//3774 3792//3792 3793//3793
f 3774//3774 3793//3793 3775//3775
f 3775//3775 3793//3793 3794//3794
f 3775//3775 3794//3794 3776//3776
f 3776//3776 3794//3794 3795//3795
f 3776//3776 3795//3795 3777//3777
f 3777//3777 3795//3795 3796//3796
f 3777//3777 3796//3796 3778//3778
f 3778//3778 3796//3796 3797//3797
f 3778//3778 3797//3797 3779//3779
f 3779//3779 3797//3797 3798//3798
f 3779//3779 3798//3798 3780//3780
f 3780//3780 3798//3798 3799//3799
f 3780//3780 3799//3799 3781//3781
f 3781//3781 3799//3799 3800//3800
f 3782//3782 3801//3801 3783//3783
f 3783//3783 3801//3801 3802//3802
f 3783//3783 3802//3802 3784//3784
f 3784//3784 3802//3802 3803//3803
f 3784//3784 3803//3803 3785//3785
f 3785//3785 3803//3803 3804//3804
f 3785//3785 3804//3804 3786//3786
f 3786//3786 3804//3804 3805//3805
f 3786//3786 3805//3805 3787//3787
f 3787//3787 3805//3805 3806//3806
f 3787//3787 3806//3806 3788//3788
f 3788//3788 3806//3806 3807//3807
f 3788//3788 3807//3807 3789//3789
f 3789//3789 3807//3807 3808//3808
f 3789//3789 3808//3808 3790//3790
f 3790//3790 3808//3808 3809//3809
f 3790//3790 3809//3809 3791//3791
f 3791//3791 3809//3809 3810//3810
f 3791//3791 3810//3810 3792//3792
f 3792//3792 3810//3810 3811//3811
f 3792//3792 3811//3811 3793//3793
f 3793//3793 3811//3811 3812//3812
f 3793//3793 3812//3812 3794//3794
f 3794//3794 3812//3812 3813//3813
f 3794//3794 3813//3813 3795//3795
f 3795//3795 3813//3813 3814//3814
f 3795//3795 3814//3814 3796//3796
f 3796//3796 3814//3814 3815//3815
f 3796//3796 3815//3815 3797//3797
f 3797//3797 3815//3815 3816//3816
f 3797//3797 3816//3816 3798//3798
f 3798//3798 3816//3816 3817//3817
f 3798//3798 3817//3817 3799//3799
f 3799//3799 3817//3817 3818//3818
f 3799//3799 3818//3818 3800//3800
f 3800//3800 3818//3818 3819//3819
